ISO-10303-21;
HEADER;
FILE_DESCRIPTION (( 'STEP AP214' ),
    '1' );
FILE_NAME ('bee stinger.STEP',
    '2026-05-22T17:45:27',
    ( '' ),
    ( '' ),
    'SwSTEP 2.0',
    'SolidWorks 2026',
    '' );
FILE_SCHEMA (( 'AUTOMOTIVE_DESIGN' ));
ENDSEC;

DATA;
#1 = ORIENTED_EDGE ( 'NONE', *, *, #543, .T. ) ;
#2 = ADVANCED_FACE ( 'NONE', ( #496 ), #1656, .F. ) ;
#3 = AXIS2_PLACEMENT_3D ( 'NONE', #1539, #2027, #533 ) ;
#4 = CARTESIAN_POINT ( 'NONE',  ( 18.95445179679157377, 23.59999999999984510, 4.999999999999835687 ) ) ;
#5 = ORIENTED_EDGE ( 'NONE', *, *, #1670, .F. ) ;
#6 = DIRECTION ( 'NONE',  ( -1.000000000000000000, -0.000000000000000000, -0.000000000000000000 ) ) ;
#7 = AXIS2_PLACEMENT_3D ( 'NONE', #24, #360, #536 ) ;
#8 = ORIENTED_EDGE ( 'NONE', *, *, #1423, .F. ) ;
#9 = CIRCLE ( 'NONE', #1858, 2.250000000000007105 ) ;
#10 = LINE ( 'NONE', #802, #1387 ) ;
#11 = EDGE_CURVE ( 'NONE', #903, #1106, #1140, .T. ) ;
#12 = ORIENTED_EDGE ( 'NONE', *, *, #258, .T. ) ;
#13 = EDGE_CURVE ( 'NONE', #249, #1778, #322, .T. ) ;
#14 = CYLINDRICAL_SURFACE ( 'NONE', #1515, 5.000000000000000888 ) ;
#15 = CARTESIAN_POINT ( 'NONE',  ( 0.000000000000000000, 7.499999999999871214, 19.74999999999982947 ) ) ;
#16 = CIRCLE ( 'NONE', #1973, 2.000000000000000000 ) ;
#17 = LINE ( 'NONE', #1005, #1312 ) ;
#18 = ORIENTED_EDGE ( 'NONE', *, *, #1065, .T. ) ;
#19 = ORIENTED_EDGE ( 'NONE', *, *, #441, .T. ) ;
#20 = DIRECTION ( 'NONE',  ( 1.000000000000000000, 0.000000000000000000, 0.000000000000000000 ) ) ;
#21 = AXIS2_PLACEMENT_3D ( 'NONE', #843, #1521, #875 ) ;
#22 = ORIENTED_EDGE ( 'NONE', *, *, #1788, .T. ) ;
#23 = APPLICATION_CONTEXT ( 'automotive_design' ) ;
#24 = CARTESIAN_POINT ( 'NONE',  ( 3.000000000000000000, 14.99999999999984368, 14.99999999999982947 ) ) ;
#25 = CARTESIAN_POINT ( 'NONE',  ( 0.000000000000000000, 14.99999999999983658, -15.00000000000017053 ) ) ;
#26 = EDGE_CURVE ( 'NONE', #744, #714, #389, .T. ) ;
#27 = CARTESIAN_POINT ( 'NONE',  ( 18.95445179679157377, -1.588181788591451415E-13, -39.40000000000017621 ) ) ;
#28 = ORIENTED_EDGE ( 'NONE', *, *, #53, .T. ) ;
#29 = DIRECTION ( 'NONE',  ( 0.000000000000000000, 0.000000000000000000, 1.000000000000000000 ) ) ;
#30 = VERTEX_POINT ( 'NONE', #674 ) ;
#31 = FILL_AREA_STYLE ('',( #618 ) ) ;
#32 = CARTESIAN_POINT ( 'NONE',  ( 18.95445179679157377, 5.499999999999870326, 21.74999999999983302 ) ) ;
#33 = CARTESIAN_POINT ( 'NONE',  ( 2.999999999999999112, -23.60000000000015064, -1.747491040759996142E-13 ) ) ;
#34 = CIRCLE ( 'NONE', #1242, 2.250000000000000444 ) ;
#35 = ADVANCED_FACE ( 'NONE', ( #540 ), #1007, .F. ) ;
#36 = FACE_OUTER_BOUND ( 'NONE', #640, .T. ) ;
#37 = EDGE_LOOP ( 'NONE', ( #1190, #1135, #413, #1246 ) ) ;
#38 = LINE ( 'NONE', #1367, #2081 ) ;
#39 = AXIS2_PLACEMENT_3D ( 'NONE', #2017, #1818, #2008 ) ;
#40 = ORIENTED_EDGE ( 'NONE', *, *, #810, .T. ) ;
#41 = CARTESIAN_POINT ( 'NONE',  ( 3.000000000000000000, -15.00000000000017941, -15.00000000000017053 ) ) ;
#42 = AXIS2_PLACEMENT_3D ( 'NONE', #509, #1316, #1782 ) ;
#43 = PLANE ( 'NONE',  #213 ) ;
#44 = DIRECTION ( 'NONE',  ( 1.000000000000000000, 0.000000000000000000, 0.000000000000000000 ) ) ;
#45 = DIRECTION ( 'NONE',  ( 0.000000000000000000, 0.000000000000000000, 1.000000000000000000 ) ) ;
#46 = ORIENTED_EDGE ( 'NONE', *, *, #1220, .T. ) ;
#47 = ADVANCED_FACE ( 'NONE', ( #1329 ), #191, .T. ) ;
#48 = CIRCLE ( 'NONE', #1150, 5.000000000000000888 ) ;
#49 = CARTESIAN_POINT ( 'NONE',  ( 3.000000000000000000, 14.99999999999984368, 19.74999999999982947 ) ) ;
#50 = VERTEX_POINT ( 'NONE', #2023 ) ;
#51 = CARTESIAN_POINT ( 'NONE',  ( 2.999999999999999112, 21.74999999999984723, 6.751111019676522496 ) ) ;
#52 = DIRECTION ( 'NONE',  ( -1.000000000000000000, -0.000000000000000000, -0.000000000000000000 ) ) ;
#53 = EDGE_CURVE ( 'NONE', #1178, #1735, #1204, .T. ) ;
#54 = AXIS2_PLACEMENT_3D ( 'NONE', #1591, #770, #1759 ) ;
#55 = DIRECTION ( 'NONE',  ( 0.000000000000000000, 5.209379807738163139E-17, 1.000000000000000000 ) ) ;
#56 = DIRECTION ( 'NONE',  ( 1.000000000000000000, 0.000000000000000000, 0.000000000000000000 ) ) ;
#57 = CIRCLE ( 'NONE', #1538, 2.000000000000000000 ) ;
#58 = ORIENTED_EDGE ( 'NONE', *, *, #860, .T. ) ;
#59 = FACE_OUTER_BOUND ( 'NONE', #1978, .T. ) ;
#60 = ORIENTED_EDGE ( 'NONE', *, *, #702, .F. ) ;
#61 = CIRCLE ( 'NONE', #1748, 5.000000000000000888 ) ;
#62 = DIRECTION ( 'NONE',  ( 0.000000000000000000, 0.000000000000000000, -1.000000000000000000 ) ) ;
#63 = VERTEX_POINT ( 'NONE', #1686 ) ;
#64 = ORIENTED_EDGE ( 'NONE', *, *, #1683, .F. ) ;
#65 = DIRECTION ( 'NONE',  ( -1.000000000000000000, -0.000000000000000000, -0.000000000000000000 ) ) ;
#66 = CARTESIAN_POINT ( 'NONE',  ( 3.000000000000000000, -11.00000000000017941, 12.99999999999982947 ) ) ;
#67 = CARTESIAN_POINT ( 'NONE',  ( 18.95445179679157377, -23.60000000000015064, -3.000000000000176303 ) ) ;
#68 = CARTESIAN_POINT ( 'NONE',  ( 3.000000000000000000, -13.00000000000017941, -13.00000000000017053 ) ) ;
#69 = EDGE_LOOP ( 'NONE', ( #1089, #185 ) ) ;
#70 = DIRECTION ( 'NONE',  ( -1.000000000000000000, 0.000000000000000000, 0.000000000000000000 ) ) ;
#71 = ORIENTED_EDGE ( 'NONE', *, *, #241, .F. ) ;
#72 = LINE ( 'NONE', #887, #228 ) ;
#73 = ORIENTED_EDGE ( 'NONE', *, *, #132, .T. ) ;
#74 = CIRCLE ( 'NONE', #1276, 3.500000000000013323 ) ;
#75 = VERTEX_POINT ( 'NONE', #388 ) ;
#76 = PLANE ( 'NONE',  #1092 ) ;
#77 = CARTESIAN_POINT ( 'NONE',  ( 0.000000000000000000, 23.59999999999984510, 4.999999999999835687 ) ) ;
#78 = VECTOR ( 'NONE', #393, 1000.000000000000000 ) ;
#79 = EDGE_CURVE ( 'NONE', #2005, #2024, #840, .T. ) ;
#80 = EDGE_CURVE ( 'NONE', #1213, #2014, #703, .T. ) ;
#81 = DIRECTION ( 'NONE',  ( -1.000000000000000000, -0.000000000000000000, -0.000000000000000000 ) ) ;
#82 = FACE_BOUND ( 'NONE', #1101, .T. ) ;
#83 = EDGE_LOOP ( 'NONE', ( #890, #318, #468, #706, #1181, #989, #755, #884 ) ) ;
#84 = FACE_OUTER_BOUND ( 'NONE', #1610, .T. ) ;
#85 = EDGE_LOOP ( 'NONE', ( #626, #1067, #1623, #1139 ) ) ;
#86 = DIRECTION ( 'NONE',  ( 1.000000000000000000, 0.000000000000000000, -0.000000000000000000 ) ) ;
#87 = ORIENTED_EDGE ( 'NONE', *, *, #1313, .F. ) ;
#88 = VERTEX_POINT ( 'NONE', #1500 ) ;
#89 = DIRECTION ( 'NONE',  ( -1.000000000000000000, -0.000000000000000000, -0.000000000000000000 ) ) ;
#90 = CARTESIAN_POINT ( 'NONE',  ( 0.000000000000000000, -19.75000000000016342, 14.99999999999982947 ) ) ;
#91 = AXIS2_PLACEMENT_3D ( 'NONE', #1044, #1524, #243 ) ;
#92 = LINE ( 'NONE', #745, #181 ) ;
#93 = DIRECTION ( 'NONE',  ( 0.000000000000000000, 0.000000000000000000, 1.000000000000000000 ) ) ;
#94 = CARTESIAN_POINT ( 'NONE',  ( 2.999999999999999112, -23.60000000000015064, 2.999999999999826805 ) ) ;
#95 = EDGE_LOOP ( 'NONE', ( #631, #1091, #667, #605 ) ) ;
#96 = DIRECTION ( 'NONE',  ( 0.000000000000000000, 0.000000000000000000, -1.000000000000000000 ) ) ;
#97 = ORIENTED_EDGE ( 'NONE', *, *, #1632, .F. ) ;
#98 = CIRCLE ( 'NONE', #645, 2.250000000000007105 ) ;
#99 = ORIENTED_EDGE ( 'NONE', *, *, #1065, .F. ) ;
#100 = DIRECTION ( 'NONE',  ( 0.000000000000000000, 0.000000000000000000, 1.000000000000000000 ) ) ;
#101 = ORIENTED_EDGE ( 'NONE', *, *, #1716, .F. ) ;
#102 = DIRECTION ( 'NONE',  ( -1.000000000000000000, -0.000000000000000000, -0.000000000000000000 ) ) ;
#103 = DIRECTION ( 'NONE',  ( 0.000000000000000000, 0.000000000000000000, 1.000000000000000000 ) ) ;
#104 = ADVANCED_FACE ( 'NONE', ( #683 ), #2013, .F. ) ;
#105 = CYLINDRICAL_SURFACE ( 'NONE', #606, 3.500000000000013323 ) ;
#106 = ORIENTED_EDGE ( 'NONE', *, *, #1266, .T. ) ;
#107 = EDGE_CURVE ( 'NONE', #1793, #2096, #692, .T. ) ;
#108 = CARTESIAN_POINT ( 'NONE',  ( 2.999999999999999112, -1.591855728988893469E-13, -36.40000000000016911 ) ) ;
#109 = VERTEX_POINT ( 'NONE', #522 ) ;
#110 = AXIS2_PLACEMENT_3D ( 'NONE', #1397, #2015, #878 ) ;
#111 = ORIENTED_EDGE ( 'NONE', *, *, #1095, .F. ) ;
#112 = AXIS2_PLACEMENT_3D ( 'NONE', #1832, #1148, #1017 ) ;
#113 = VECTOR ( 'NONE', #420, 1000.000000000000000 ) ;
#114 = AXIS2_PLACEMENT_3D ( 'NONE', #33, #6, #1506 ) ;
#115 = DIRECTION ( 'NONE',  ( -1.000000000000000000, 0.000000000000000000, 0.000000000000000000 ) ) ;
#116 = FACE_OUTER_BOUND ( 'NONE', #2066, .T. ) ;
#117 = CARTESIAN_POINT ( 'NONE',  ( 0.000000000000000000, 14.99999999999984368, 14.99999999999982947 ) ) ;
#118 = ORIENTED_EDGE ( 'NONE', *, *, #581, .F. ) ;
#119 = CARTESIAN_POINT ( 'NONE',  ( 2.999999999999999112, 23.59999999999984510, -1.658673198789983619E-13 ) ) ;
#120 = ORIENTED_EDGE ( 'NONE', *, *, #1173, .T. ) ;
#121 = AXIS2_PLACEMENT_3D ( 'NONE', #1601, #629, #1941 ) ;
#122 = EDGE_CURVE ( 'NONE', #449, #1967, #1494, .T. ) ;
#123 = CARTESIAN_POINT ( 'NONE',  ( 0.000000000000000000, -21.75000000000016698, 6.751111019676516278 ) ) ;
#124 = DIRECTION ( 'NONE',  ( 0.000000000000000000, 0.000000000000000000, 1.000000000000000000 ) ) ;
#125 = CIRCLE ( 'NONE', #783, 2.250000000000000444 ) ;
#126 = DIRECTION ( 'NONE',  ( -1.000000000000000000, -0.000000000000000000, -0.000000000000000000 ) ) ;
#127 = ORIENTED_EDGE ( 'NONE', *, *, #466, .F. ) ;
#128 = LINE ( 'NONE', #1277, #2117 ) ;
#129 = DIRECTION ( 'NONE',  ( 1.000000000000000000, 0.000000000000000000, 0.000000000000000000 ) ) ;
#130 = CIRCLE ( 'NONE', #1161, 5.000000000000000888 ) ;
#131 = ORIENTED_EDGE ( 'NONE', *, *, #1836, .F. ) ;
#132 = EDGE_CURVE ( 'NONE', #794, #1050, #1323, .T. ) ;
#133 = CARTESIAN_POINT ( 'NONE',  ( 3.000000000000000000, -13.00000000000017941, 10.99999999999982947 ) ) ;
#134 = EDGE_CURVE ( 'NONE', #1649, #750, #1189, .T. ) ;
#135 = CARTESIAN_POINT ( 'NONE',  ( 0.000000000000000000, -11.00000000000017941, 12.99999999999982947 ) ) ;
#136 = ORIENTED_EDGE ( 'NONE', *, *, #968, .F. ) ;
#137 = CARTESIAN_POINT ( 'NONE',  ( 3.000000000000000000, -15.00000000000017941, -15.00000000000017053 ) ) ;
#138 = EDGE_LOOP ( 'NONE', ( #1685, #120, #64, #1707 ) ) ;
#139 = CARTESIAN_POINT ( 'NONE',  ( 0.000000000000000000, -23.60000000000015064, -1.747491040759996142E-13 ) ) ;
#140 = CARTESIAN_POINT ( 'NONE',  ( 2.999999999999999112, -5.500000000000159872, 7.877103387564105526E-16 ) ) ;
#141 = ORIENTED_EDGE ( 'NONE', *, *, #678, .T. ) ;
#142 = EDGE_CURVE ( 'NONE', #109, #1840, #1699, .T. ) ;
#143 = SURFACE_SIDE_STYLE ('',( #1182 ) ) ;
#144 = EDGE_CURVE ( 'NONE', #714, #401, #999, .T. ) ;
#145 = CARTESIAN_POINT ( 'NONE',  ( 0.000000000000000000, 5.499999999999870326, 21.74999999999983302 ) ) ;
#146 = VECTOR ( 'NONE', #1388, 1000.000000000000000 ) ;
#147 = DIRECTION ( 'NONE',  ( 0.000000000000000000, 0.000000000000000000, 1.000000000000000000 ) ) ;
#148 = VERTEX_POINT ( 'NONE', #1346 ) ;
#149 = CARTESIAN_POINT ( 'NONE',  ( 3.000000000000000000, 14.99999999999984368, 17.24999999999982947 ) ) ;
#150 = AXIS2_PLACEMENT_3D ( 'NONE', #1145, #1158, #1983 ) ;
#151 = CARTESIAN_POINT ( 'NONE',  ( 3.000000000000000000, 19.74999999999984368, -6.751111019676854674 ) ) ;
#152 = VERTEX_POINT ( 'NONE', #832 ) ;
#153 = PLANE ( 'NONE',  #1172 ) ;
#154 = AXIS2_PLACEMENT_3D ( 'NONE', #1437, #1143, #313 ) ;
#155 = DIRECTION ( 'NONE',  ( 0.000000000000000000, -1.432200615920704775E-16, -1.000000000000000000 ) ) ;
#156 = DIRECTION ( 'NONE',  ( -1.000000000000000000, 0.000000000000000000, 0.000000000000000000 ) ) ;
#157 = VERTEX_POINT ( 'NONE', #715 ) ;
#158 = DIRECTION ( 'NONE',  ( -1.000000000000000000, -0.000000000000000000, -0.000000000000000000 ) ) ;
#159 = AXIS2_PLACEMENT_3D ( 'NONE', #1380, #1874, #412 ) ;
#160 = PRODUCT ( 'bee stinger', 'bee stinger', '', ( #1597 ) ) ;
#161 = EDGE_CURVE ( 'NONE', #1969, #1735, #38, .T. ) ;
#162 = CYLINDRICAL_SURFACE ( 'NONE', #868, 5.000000000000000888 ) ;
#163 = ORIENTED_EDGE ( 'NONE', *, *, #1935, .F. ) ;
#164 = CIRCLE ( 'NONE', #613, 5.000000000000000888 ) ;
#165 = AXIS2_PLACEMENT_3D ( 'NONE', #1297, #1964, #495 ) ;
#166 = CARTESIAN_POINT ( 'NONE',  ( 0.000000000000000000, -21.75000000000017408, -6.751111019676867997 ) ) ;
#167 = DIRECTION ( 'NONE',  ( 0.000000000000000000, 0.000000000000000000, -1.000000000000000000 ) ) ;
#168 = ORIENTED_EDGE ( 'NONE', *, *, #1804, .F. ) ;
#169 = ADVANCED_FACE ( 'NONE', ( #1162 ), #1842, .F. ) ;
#170 = DIRECTION ( 'NONE',  ( 0.000000000000000000, 1.000000000000000000, -5.782411586589357639E-16 ) ) ;
#171 = CYLINDRICAL_SURFACE ( 'NONE', #2068, 2.250000000000000444 ) ;
#172 = EDGE_CURVE ( 'NONE', #378, #903, #901, .T. ) ;
#173 = EDGE_CURVE ( 'NONE', #1760, #983, #1407, .T. ) ;
#174 = CARTESIAN_POINT ( 'NONE',  ( -19.42221666030940952, 4.999999999999851674, -36.40000000000016911 ) ) ;
#175 = ORIENTED_EDGE ( 'NONE', *, *, #1180, .F. ) ;
#177 = STYLED_ITEM ( 'NONE', ( #1950 ), #1339 ) ;
#176 = DIRECTION ( 'NONE',  ( 0.000000000000000000, 0.000000000000000000, -1.000000000000000000 ) ) ;
#178 = CYLINDRICAL_SURFACE ( 'NONE', #431, 2.000000000000000000 ) ;
#179 = DIRECTION ( 'NONE',  ( -1.000000000000000000, -0.000000000000000000, 0.000000000000000000 ) ) ;
#180 = ORIENTED_EDGE ( 'NONE', *, *, #80, .T. ) ;
#181 = VECTOR ( 'NONE', #1402, 1000.000000000000000 ) ;
#182 = ORIENTED_EDGE ( 'NONE', *, *, #1400, .T. ) ;
#183 = DIRECTION ( 'NONE',  ( -1.000000000000000000, 0.000000000000000000, 0.000000000000000000 ) ) ;
#184 = AXIS2_PLACEMENT_3D ( 'NONE', #2082, #758, #2072 ) ;
#185 = ORIENTED_EDGE ( 'NONE', *, *, #13, .T. ) ;
#186 = ADVANCED_FACE ( 'NONE', ( #1753, #403, #728, #1419, #1902, #1430, #2074, #1236, #1573, #603 ), #1864, .F. ) ;
#187 = DIRECTION ( 'NONE',  ( -0.000000000000000000, 2.312964634635741478E-16, 1.000000000000000000 ) ) ;
#188 = VECTOR ( 'NONE', #1872, 1000.000000000000000 ) ;
#189 = CARTESIAN_POINT ( 'NONE',  ( 0.000000000000000000, 4.999999999999851674, -36.40000000000016911 ) ) ;
#190 = ORIENTED_EDGE ( 'NONE', *, *, #520, .T. ) ;
#191 = CYLINDRICAL_SURFACE ( 'NONE', #212, 5.000000000000000888 ) ;
#192 = VECTOR ( 'NONE', #70, 1000.000000000000000 ) ;
#193 = ORIENTED_EDGE ( 'NONE', *, *, #1129, .F. ) ;
#194 = CARTESIAN_POINT ( 'NONE',  ( 2.999999999999999112, 5.499999999999866773, -7.877103387563685457E-16 ) ) ;
#195 = EDGE_CURVE ( 'NONE', #1213, #900, #72, .T. ) ;
#196 = CARTESIAN_POINT ( 'NONE',  ( 2.999999999999999112, -1.591855728988893469E-13, -36.40000000000016911 ) ) ;
#197 = CARTESIAN_POINT ( 'NONE',  ( 3.000000000000000000, 14.99999999999983658, -15.00000000000017053 ) ) ;
#198 = CARTESIAN_POINT ( 'NONE',  ( 0.000000000000000000, 14.99999999999983658, -15.00000000000017053 ) ) ;
#199 = VERTEX_POINT ( 'NONE', #1393 ) ;
#200 = DIRECTION ( 'NONE',  ( -1.000000000000000000, 0.000000000000000000, 0.000000000000000000 ) ) ;
#201 = ORIENTED_EDGE ( 'NONE', *, *, #1286, .T. ) ;
#202 = DIRECTION ( 'NONE',  ( 1.000000000000000000, 0.000000000000000000, 0.000000000000000000 ) ) ;
#203 = ORIENTED_EDGE ( 'NONE', *, *, #1309, .F. ) ;
#204 = EDGE_CURVE ( 'NONE', #523, #1586, #447, .T. ) ;
#205 = EDGE_CURVE ( 'NONE', #298, #871, #1977, .T. ) ;
#206 = CARTESIAN_POINT ( 'NONE',  ( 18.95445179679157377, -22.27857142857159189, 4.822222156911748492 ) ) ;
#207 = CYLINDRICAL_SURFACE ( 'NONE', #1155, 2.249999999999998668 ) ;
#208 = AXIS2_PLACEMENT_3D ( 'NONE', #1171, #1629, #463 ) ;
#209 = LINE ( 'NONE', #1862, #269 ) ;
#210 = ORIENTED_EDGE ( 'NONE', *, *, #823, .F. ) ;
#211 = CARTESIAN_POINT ( 'NONE',  ( 2.999999999999999112, -23.60000000000015064, -1.747491040759996142E-13 ) ) ;
#212 = AXIS2_PLACEMENT_3D ( 'NONE', #1198, #1658, #1852 ) ;
#213 = AXIS2_PLACEMENT_3D ( 'NONE', #1331, #547, #1829 ) ;
#214 = ORIENTED_EDGE ( 'NONE', *, *, #238, .T. ) ;
#215 = FACE_OUTER_BOUND ( 'NONE', #2026, .T. ) ;
#216 = AXIS2_PLACEMENT_3D ( 'NONE', #1869, #254, #1324 ) ;
#217 = CARTESIAN_POINT ( 'NONE',  ( 0.000000000000000000, 12.99999999999984190, 14.99999999999982947 ) ) ;
#218 = CARTESIAN_POINT ( 'NONE',  ( 18.95445179679157377, 23.59999999999984510, 2.999999999999835243 ) ) ;
#219 = DIRECTION ( 'NONE',  ( 0.000000000000000000, 1.000000000000000000, -2.312964634635741478E-16 ) ) ;
#220 = ORIENTED_EDGE ( 'NONE', *, *, #348, .F. ) ;
#221 = CARTESIAN_POINT ( 'NONE',  ( 18.95445179679157377, 23.59999999999984510, -1.658673198789983619E-13 ) ) ;
#222 = ORIENTED_EDGE ( 'NONE', *, *, #370, .F. ) ;
#223 = AXIS2_PLACEMENT_3D ( 'NONE', #757, #410, #1219 ) ;
#224 = DIRECTION ( 'NONE',  ( -1.000000000000000000, 0.000000000000000000, 0.000000000000000000 ) ) ;
#225 = ORIENTED_EDGE ( 'NONE', *, *, #481, .T. ) ;
#226 = EDGE_CURVE ( 'NONE', #767, #912, #125, .T. ) ;
#227 = CYLINDRICAL_SURFACE ( 'NONE', #1351, 3.500000000000013323 ) ;
#228 = VECTOR ( 'NONE', #1912, 1000.000000000000000 ) ;
#229 = DIRECTION ( 'NONE',  ( -1.000000000000000000, -0.000000000000000000, -0.000000000000000000 ) ) ;
#230 = AXIS2_PLACEMENT_3D ( 'NONE', #916, #1576, #100 ) ;
#231 = VECTOR ( 'NONE', #1848, 1000.000000000000000 ) ;
#232 = DIRECTION ( 'NONE',  ( 0.000000000000000000, 0.000000000000000000, -1.000000000000000000 ) ) ;
#233 = PLANE ( 'NONE',  #1816 ) ;
#234 = AXIS2_PLACEMENT_3D ( 'NONE', #590, #1887, #239 ) ;
#235 = VERTEX_POINT ( 'NONE', #739 ) ;
#236 = DIRECTION ( 'NONE',  ( 0.000000000000000000, 0.000000000000000000, -1.000000000000000000 ) ) ;
#237 = ORIENTED_EDGE ( 'NONE', *, *, #122, .T. ) ;
#238 = EDGE_CURVE ( 'NONE', #1866, #1916, #1982, .T. ) ;
#239 = DIRECTION ( 'NONE',  ( 0.000000000000000000, 0.000000000000000000, -1.000000000000000000 ) ) ;
#240 = ORIENTED_EDGE ( 'NONE', *, *, #1966, .T. ) ;
#241 = EDGE_CURVE ( 'NONE', #985, #995, #285, .T. ) ;
#242 = ORIENTED_EDGE ( 'NONE', *, *, #2065, .T. ) ;
#243 = DIRECTION ( 'NONE',  ( 0.000000000000000000, 0.000000000000000000, -1.000000000000000000 ) ) ;
#244 = LINE ( 'NONE', #743, #78 ) ;
#245 = FACE_OUTER_BOUND ( 'NONE', #1992, .T. ) ;
#246 = FACE_BOUND ( 'NONE', #69, .T. ) ;
#247 = ORIENTED_EDGE ( 'NONE', *, *, #172, .T. ) ;
#248 = DIRECTION ( 'NONE',  ( -1.000000000000000000, -0.000000000000000000, -0.000000000000000000 ) ) ;
#249 = VERTEX_POINT ( 'NONE', #2050 ) ;
#250 = FACE_OUTER_BOUND ( 'NONE', #1834, .T. ) ;
#251 = EDGE_LOOP ( 'NONE', ( #789, #1030, #1368, #180 ) ) ;
#252 = ORIENTED_EDGE ( 'NONE', *, *, #1695, .F. ) ;
#253 = LINE ( 'NONE', #1358, #1292 ) ;
#254 = DIRECTION ( 'NONE',  ( -0.000000000000000000, 0.000000000000000000, -1.000000000000000000 ) ) ;
#255 = PRODUCT_DEFINITION_FORMATION_WITH_SPECIFIED_SOURCE ( 'ANY', '', #160, .NOT_KNOWN. ) ;
#256 = AXIS2_PLACEMENT_3D ( 'NONE', #952, #1614, #961 ) ;
#257 = CARTESIAN_POINT ( 'NONE',  ( 2.999999999999999112, -1.427654291082565965E-13, 25.80614694161255329 ) ) ;
#258 = EDGE_CURVE ( 'NONE', #279, #786, #164, .T. ) ;
#259 = DIRECTION ( 'NONE',  ( 0.000000000000000000, 0.000000000000000000, -1.000000000000000000 ) ) ;
#260 = CARTESIAN_POINT ( 'NONE',  ( 0.000000000000000000, -15.00000000000016165, 17.24999999999983302 ) ) ;
#261 = ORIENTED_EDGE ( 'NONE', *, *, #1798, .T. ) ;
#262 = CARTESIAN_POINT ( 'NONE',  ( 0.000000000000000000, 23.59999999999984510, -1.658673198789983619E-13 ) ) ;
#263 = ORIENTED_EDGE ( 'NONE', *, *, #1523, .T. ) ;
#264 = ORIENTED_EDGE ( 'NONE', *, *, #1152, .T. ) ;
#265 = CARTESIAN_POINT ( 'NONE',  ( 18.95445179679157377, -5.500000000000159872, 7.877103387564105526E-16 ) ) ;
#266 =( NAMED_UNIT ( * ) SI_UNIT ( $, .STERADIAN. ) SOLID_ANGLE_UNIT ( ) );
#267 = ORIENTED_EDGE ( 'NONE', *, *, #1333, .F. ) ;
#268 = EDGE_CURVE ( 'NONE', #871, #298, #1809, .T. ) ;
#269 = VECTOR ( 'NONE', #1039, 1000.000000000000000 ) ;
#270 = EDGE_CURVE ( 'NONE', #682, #1111, #130, .T. ) ;
#271 = DIRECTION ( 'NONE',  ( -1.000000000000000000, 0.000000000000000000, 0.000000000000000000 ) ) ;
#272 = DIRECTION ( 'NONE',  ( 0.000000000000000000, -0.000000000000000000, -1.000000000000000000 ) ) ;
#273 = CYLINDRICAL_SURFACE ( 'NONE', #184, 4.750000000000000888 ) ;
#274 = EDGE_LOOP ( 'NONE', ( #1549, #814, #1923, #1420 ) ) ;
#275 = DIRECTION ( 'NONE',  ( -1.000000000000000000, -0.000000000000000000, -0.000000000000000000 ) ) ;
#276 = ORIENTED_EDGE ( 'NONE', *, *, #1034, .F. ) ;
#277 = AXIS2_PLACEMENT_3D ( 'NONE', #1645, #1118, #1269 ) ;
#278 = DIRECTION ( 'NONE',  ( -1.000000000000000000, -0.000000000000000000, -0.000000000000000000 ) ) ;
#279 = VERTEX_POINT ( 'NONE', #564 ) ;
#280 = DIRECTION ( 'NONE',  ( -1.000000000000000000, -0.000000000000000000, -0.000000000000000000 ) ) ;
#281 = CARTESIAN_POINT ( 'NONE',  ( 2.999999999999999112, 23.59999999999984510, 4.999999999999835687 ) ) ;
#282 = EDGE_CURVE ( 'NONE', #1888, #1958, #1066, .T. ) ;
#283 = CARTESIAN_POINT ( 'NONE',  ( 3.000000000000000000, 14.99999999999983658, -19.75000000000017764 ) ) ;
#284 = ORIENTED_EDGE ( 'NONE', *, *, #332, .F. ) ;
#285 = LINE ( 'NONE', #1090, #1915 ) ;
#286 = ORIENTED_EDGE ( 'NONE', *, *, #1598, .F. ) ;
#287 = ADVANCED_FACE ( 'NONE', ( #250 ), #751, .T. ) ;
#288 = CIRCLE ( 'NONE', #822, 3.000000000000000888 ) ;
#289 = ORIENTED_EDGE ( 'NONE', *, *, #1460, .T. ) ;
#290 = AXIS2_PLACEMENT_3D ( 'NONE', #1589, #81, #1232 ) ;
#291 = DIRECTION ( 'NONE',  ( 0.000000000000000000, 0.000000000000000000, -1.000000000000000000 ) ) ;
#292 = VECTOR ( 'NONE', #2028, 1000.000000000000000 ) ;
#293 = CARTESIAN_POINT ( 'NONE',  ( 18.95445179679157377, -1.591855728988893469E-13, -36.40000000000016911 ) ) ;
#294 = FACE_OUTER_BOUND ( 'NONE', #1199, .T. ) ;
#295 = EDGE_LOOP ( 'NONE', ( #1499, #1076, #1851, #811 ) ) ;
#296 = CARTESIAN_POINT ( 'NONE',  ( 18.95445179679157377, -23.60000000000015064, 4.999999999999826805 ) ) ;
#297 = CARTESIAN_POINT ( 'NONE',  ( 3.000000000000000000, 6.999999999999853451, -19.75000000000017408 ) ) ;
#298 = VERTEX_POINT ( 'NONE', #1077 ) ;
#299 = AXIS2_PLACEMENT_3D ( 'NONE', #976, #1626, #317 ) ;
#300 = CARTESIAN_POINT ( 'NONE',  ( 0.000000000000000000, 23.59999999999984510, -5.000000000000166978 ) ) ;
#301 = VECTOR ( 'NONE', #1334, 1000.000000000000000 ) ;
#302 = ORIENTED_EDGE ( 'NONE', *, *, #1024, .F. ) ;
#303 = DIRECTION ( 'NONE',  ( 0.000000000000000000, 0.000000000000000000, 1.000000000000000000 ) ) ;
#304 = ORIENTED_EDGE ( 'NONE', *, *, #324, .F. ) ;
#305 = CARTESIAN_POINT ( 'NONE',  ( 18.95445179679157377, 5.499999999999870326, 25.80614694161255329 ) ) ;
#306 = ADVANCED_FACE ( 'NONE', ( #424 ), #1585, .T. ) ;
#307 = PLANE ( 'NONE',  #331 ) ;
#308 = EDGE_CURVE ( 'NONE', #426, #75, #485, .T. ) ;
#309 = CARTESIAN_POINT ( 'NONE',  ( 0.000000000000000000, 10.99999999999984368, -13.00000000000017053 ) ) ;
#310 = ADVANCED_FACE ( 'NONE', ( #1287 ), #1459, .T. ) ;
#311 = ORIENTED_EDGE ( 'NONE', *, *, #997, .T. ) ;
#312 = CARTESIAN_POINT ( 'NONE',  ( 2.999999999999999112, 23.59999999999984510, -1.658673198789983619E-13 ) ) ;
#313 = DIRECTION ( 'NONE',  ( 0.000000000000000000, 0.000000000000000000, 1.000000000000000000 ) ) ;
#314 = DIRECTION ( 'NONE',  ( -0.000000000000000000, -1.000000000000000000, -0.000000000000000000 ) ) ;
#315 = ORIENTED_EDGE ( 'NONE', *, *, #810, .F. ) ;
#316 = FACE_OUTER_BOUND ( 'NONE', #691, .T. ) ;
#317 = DIRECTION ( 'NONE',  ( 0.000000000000000000, -0.000000000000000000, 1.000000000000000000 ) ) ;
#318 = ORIENTED_EDGE ( 'NONE', *, *, #26, .T. ) ;
#319 = AXIS2_PLACEMENT_3D ( 'NONE', #696, #1215, #1867 ) ;
#320 = FACE_OUTER_BOUND ( 'NONE', #138, .T. ) ;
#321 = CARTESIAN_POINT ( 'NONE',  ( 0.000000000000000000, -23.60000000000015064, -3.000000000000176303 ) ) ;
#322 = CIRCLE ( 'NONE', #2067, 3.000000000000001332 ) ;
#323 = VECTOR ( 'NONE', #55, 1000.000000000000000 ) ;
#324 = EDGE_CURVE ( 'NONE', #1038, #438, #1616, .T. ) ;
#325 = LINE ( 'NONE', #1466, #1661 ) ;
#326 = ORIENTED_EDGE ( 'NONE', *, *, #1667, .F. ) ;
#327 = PLANE ( 'NONE',  #986 ) ;
#328 = CIRCLE ( 'NONE', #1454, 4.749999999999999112 ) ;
#329 = CARTESIAN_POINT ( 'NONE',  ( 0.000000000000000000, 23.59999999999984510, -1.658673198789983619E-13 ) ) ;
#330 = ORIENTED_EDGE ( 'NONE', *, *, #173, .F. ) ;
#331 = AXIS2_PLACEMENT_3D ( 'NONE', #1955, #1648, #1308 ) ;
#332 = EDGE_CURVE ( 'NONE', #1062, #1888, #2085, .T. ) ;
#333 = DIRECTION ( 'NONE',  ( 1.000000000000000000, 0.000000000000000000, 0.000000000000000000 ) ) ;
#334 = ADVANCED_FACE ( 'NONE', ( #316 ), #327, .F. ) ;
#335 = CARTESIAN_POINT ( 'NONE',  ( 2.999999999999999112, 6.999999999999852562, -21.75000000000017764 ) ) ;
#336 = ORIENTED_EDGE ( 'NONE', *, *, #204, .F. ) ;
#337 = CARTESIAN_POINT ( 'NONE',  ( 2.999999999999999112, 5.499999999999870326, 25.80614694161255329 ) ) ;
#338 = AXIS2_PLACEMENT_3D ( 'NONE', #1016, #1498, #1675 ) ;
#339 = ORIENTED_EDGE ( 'NONE', *, *, #892, .F. ) ;
#340 = CARTESIAN_POINT ( 'NONE',  ( 18.95445179679157377, -1.427654291082565965E-13, 29.30614694161256750 ) ) ;
#341 = ORIENTED_EDGE ( 'NONE', *, *, #970, .T. ) ;
#342 = VECTOR ( 'NONE', #158, 1000.000000000000000 ) ;
#343 = CARTESIAN_POINT ( 'NONE',  ( 2.999999999999999112, -1.427654291082565965E-13, 31.30614694161256395 ) ) ;
#344 = DIRECTION ( 'NONE',  ( 0.000000000000000000, 0.000000000000000000, -1.000000000000000000 ) ) ;
#345 = ORIENTED_EDGE ( 'NONE', *, *, #1252, .F. ) ;
#346 = CARTESIAN_POINT ( 'NONE',  ( -3.000000000000000000, -11.00000000000017764, -11.00000000000017053 ) ) ;
#347 = ORIENTED_EDGE ( 'NONE', *, *, #458, .F. ) ;
#348 = EDGE_CURVE ( 'NONE', #1462, #1649, #57, .T. ) ;
#349 = CIRCLE ( 'NONE', #589, 2.000000000000000000 ) ;
#350 = DIRECTION ( 'NONE',  ( -0.000000000000000000, 0.000000000000000000, 1.000000000000000000 ) ) ;
#351 = DIRECTION ( 'NONE',  ( -0.000000000000000000, 1.000000000000000000, -0.000000000000000000 ) ) ;
#352 = VERTEX_POINT ( 'NONE', #963 ) ;
#353 = AXIS2_PLACEMENT_3D ( 'NONE', #1600, #1084, #735 ) ;
#354 = ORIENTED_EDGE ( 'NONE', *, *, #503, .F. ) ;
#355 = DIRECTION ( 'NONE',  ( 1.000000000000000000, 0.000000000000000000, 0.000000000000000000 ) ) ;
#356 = AXIS2_PLACEMENT_3D ( 'NONE', #650, #1303, #827 ) ;
#357 = EDGE_CURVE ( 'NONE', #771, #1688, #881, .T. ) ;
#358 = ORIENTED_EDGE ( 'NONE', *, *, #1917, .F. ) ;
#359 = DIRECTION ( 'NONE',  ( 0.000000000000000000, 0.000000000000000000, -1.000000000000000000 ) ) ;
#360 = DIRECTION ( 'NONE',  ( 1.000000000000000000, 0.000000000000000000, 0.000000000000000000 ) ) ;
#361 = VECTOR ( 'NONE', #1149, 1000.000000000000000 ) ;
#362 = CARTESIAN_POINT ( 'NONE',  ( 0.000000000000000000, 10.99999999999984190, 10.99999999999982947 ) ) ;
#363 = CARTESIAN_POINT ( 'NONE',  ( 0.000000000000000000, 23.59999999999984510, -3.000000000000166533 ) ) ;
#364 = ORIENTED_EDGE ( 'NONE', *, *, #954, .F. ) ;
#365 = CARTESIAN_POINT ( 'NONE',  ( 3.000000000000000000, 10.99999999999984368, -11.00000000000017053 ) ) ;
#366 = AXIS2_PLACEMENT_3D ( 'NONE', #117, #1930, #1743 ) ;
#367 = ORIENTED_EDGE ( 'NONE', *, *, #954, .T. ) ;
#368 = CARTESIAN_POINT ( 'NONE',  ( 3.000000000000000000, 4.999999999999852562, -21.75000000000018119 ) ) ;
#369 = EDGE_CURVE ( 'NONE', #727, #480, #922, .T. ) ;
#370 = EDGE_CURVE ( 'NONE', #539, #1563, #2122, .T. ) ;
#371 = EDGE_LOOP ( 'NONE', ( #97, #863, #615, #220 ) ) ;
#372 = FACE_OUTER_BOUND ( 'NONE', #251, .T. ) ;
#373 = DIRECTION ( 'NONE',  ( 0.000000000000000000, 0.000000000000000000, -1.000000000000000000 ) ) ;
#374 = DIRECTION ( 'NONE',  ( 1.000000000000000000, 0.000000000000000000, 0.000000000000000000 ) ) ;
#375 = ORIENTED_EDGE ( 'NONE', *, *, #258, .F. ) ;
#376 = DIRECTION ( 'NONE',  ( 0.000000000000000000, 0.000000000000000000, -1.000000000000000000 ) ) ;
#377 = EDGE_CURVE ( 'NONE', #759, #1511, #128, .T. ) ;
#378 = VERTEX_POINT ( 'NONE', #1469 ) ;
#379 = CARTESIAN_POINT ( 'NONE',  ( 0.000000000000000000, -1.427654291082565965E-13, 25.80614694161255329 ) ) ;
#380 = CARTESIAN_POINT ( 'NONE',  ( 0.000000000000000000, 19.74999999999984368, -6.751111019676854674 ) ) ;
#381 = LINE ( 'NONE', #32, #1556 ) ;
#382 = DIRECTION ( 'NONE',  ( -1.000000000000000000, 0.000000000000000000, -0.000000000000000000 ) ) ;
#383 = CIRCLE ( 'NONE', #3, 1.999999999999998224 ) ;
#384 = ADVANCED_FACE ( 'NONE', ( #2103 ), #652, .F. ) ;
#385 = EDGE_LOOP ( 'NONE', ( #1364, #996 ) ) ;
#386 = CARTESIAN_POINT ( 'NONE',  ( 0.000000000000000000, -15.00000000000017941, -19.75000000000017053 ) ) ;
#387 = ORIENTED_EDGE ( 'NONE', *, *, #1094, .F. ) ;
#388 = CARTESIAN_POINT ( 'NONE',  ( 0.000000000000000000, 5.499999999999870326, 25.80614694161255329 ) ) ;
#389 = CIRCLE ( 'NONE', #1417, 2.000000000000000000 ) ;
#390 = AXIS2_PLACEMENT_3D ( 'NONE', #517, #1352, #382 ) ;
#391 = ORIENTED_EDGE ( 'NONE', *, *, #1071, .F. ) ;
#392 = LINE ( 'NONE', #866, #625 ) ;
#393 = DIRECTION ( 'NONE',  ( -0.000000000000000000, -1.000000000000000000, -0.000000000000000000 ) ) ;
#394 = EDGE_CURVE ( 'NONE', #750, #109, #1470, .T. ) ;
#395 = DIRECTION ( 'NONE',  ( -1.000000000000000000, -0.000000000000000000, -0.000000000000000000 ) ) ;
#396 = LINE ( 'NONE', #68, #990 ) ;
#397 = ADVANCED_FACE ( 'NONE', ( #1925 ), #478, .T. ) ;
#398 = ORIENTED_EDGE ( 'NONE', *, *, #268, .F. ) ;
#399 = EDGE_CURVE ( 'NONE', #1586, #1986, #642, .T. ) ;
#400 = DIRECTION ( 'NONE',  ( -1.000000000000000000, 0.000000000000000000, 0.000000000000000000 ) ) ;
#401 = VERTEX_POINT ( 'NONE', #818 ) ;
#402 = AXIS2_PLACEMENT_3D ( 'NONE', #2114, #1138, #497 ) ;
#403 = FACE_OUTER_BOUND ( 'NONE', #898, .T. ) ;
#404 = ORIENTED_EDGE ( 'NONE', *, *, #534, .F. ) ;
#405 = ORIENTED_EDGE ( 'NONE', *, *, #1443, .F. ) ;
#406 = DIRECTION ( 'NONE',  ( 0.000000000000000000, 1.432200615920705022E-16, 1.000000000000000000 ) ) ;
#407 = VECTOR ( 'NONE', #514, 1000.000000000000000 ) ;
#408 = LINE ( 'NONE', #1164, #1142 ) ;
#409 = DIRECTION ( 'NONE',  ( 0.000000000000000000, 0.000000000000000000, 1.000000000000000000 ) ) ;
#410 = DIRECTION ( 'NONE',  ( -1.000000000000000000, -0.000000000000000000, -0.000000000000000000 ) ) ;
#411 = ORIENTED_EDGE ( 'NONE', *, *, #993, .T. ) ;
#412 = DIRECTION ( 'NONE',  ( 0.000000000000000000, 0.000000000000000000, 1.000000000000000000 ) ) ;
#413 = ORIENTED_EDGE ( 'NONE', *, *, #1046, .F. ) ;
#414 = CARTESIAN_POINT ( 'NONE',  ( 3.000000000000000000, -5.500000000000156319, 21.74999999999983302 ) ) ;
#415 = VERTEX_POINT ( 'NONE', #149 ) ;
#416 = ORIENTED_EDGE ( 'NONE', *, *, #534, .T. ) ;
#417 = CARTESIAN_POINT ( 'NONE',  ( 0.000000000000000000, 23.59999999999984510, 2.999999999999835243 ) ) ;
#418 = CARTESIAN_POINT ( 'NONE',  ( 3.000000000000000000, 19.74999999999984368, -15.00000000000017053 ) ) ;
#419 = EDGE_CURVE ( 'NONE', #786, #157, #61, .T. ) ;
#420 = DIRECTION ( 'NONE',  ( 1.000000000000000000, -0.000000000000000000, 0.000000000000000000 ) ) ;
#421 = FACE_OUTER_BOUND ( 'NONE', #1408, .T. ) ;
#422 = CARTESIAN_POINT ( 'NONE',  ( 2.999999999999999112, 21.74999999999984723, -6.751111019676853786 ) ) ;
#423 = VERTEX_POINT ( 'NONE', #1954 ) ;
#424 = FACE_OUTER_BOUND ( 'NONE', #1102, .T. ) ;
#425 = ORIENTED_EDGE ( 'NONE', *, *, #122, .F. ) ;
#426 = VERTEX_POINT ( 'NONE', #337 ) ;
#427 = DIRECTION ( 'NONE',  ( 0.000000000000000000, 1.000000000000000000, -1.432200615920705022E-16 ) ) ;
#428 = AXIS2_PLACEMENT_3D ( 'NONE', #1218, #271, #409 ) ;
#429 = EDGE_CURVE ( 'NONE', #1866, #1565, #984, .T. ) ;
#430 = ORIENTED_EDGE ( 'NONE', *, *, #643, .F. ) ;
#431 = AXIS2_PLACEMENT_3D ( 'NONE', #1486, #1772, #303 ) ;
#432 = CYLINDRICAL_SURFACE ( 'NONE', #1137, 2.250000000000001776 ) ;
#433 = FACE_BOUND ( 'NONE', #1587, .T. ) ;
#434 = LINE ( 'NONE', #923, #1934 ) ;
#435 = ORIENTED_EDGE ( 'NONE', *, *, #308, .F. ) ;
#436 = DIRECTION ( 'NONE',  ( 1.000000000000000000, 0.000000000000000000, 0.000000000000000000 ) ) ;
#437 = VERTEX_POINT ( 'NONE', #1838 ) ;
#438 = VERTEX_POINT ( 'NONE', #1694 ) ;
#439 = ORIENTED_EDGE ( 'NONE', *, *, #987, .F. ) ;
#440 = EDGE_CURVE ( 'NONE', #1563, #673, #699, .T. ) ;
#441 = EDGE_CURVE ( 'NONE', #1723, #1953, #663, .T. ) ;
#442 = VECTOR ( 'NONE', #2035, 1000.000000000000000 ) ;
#443 = CYLINDRICAL_SURFACE ( 'NONE', #1002, 3.000000000000000888 ) ;
#444 = DIRECTION ( 'NONE',  ( 1.000000000000000000, 0.000000000000000000, 0.000000000000000000 ) ) ;
#445 = CARTESIAN_POINT ( 'NONE',  ( 3.000000000000000000, 14.99999999999983658, -17.25000000000017764 ) ) ;
#446 = ORIENTED_EDGE ( 'NONE', *, *, #722, .F. ) ;
#447 = LINE ( 'NONE', #1548, #1704 ) ;
#448 = AXIS2_PLACEMENT_3D ( 'NONE', #1734, #1136, #1147 ) ;
#449 = VERTEX_POINT ( 'NONE', #1477 ) ;
#450 =( NAMED_UNIT ( * ) PLANE_ANGLE_UNIT ( ) SI_UNIT ( $, .RADIAN. ) );
#451 = EDGE_LOOP ( 'NONE', ( #347, #1768 ) ) ;
#452 = AXIS2_PLACEMENT_3D ( 'NONE', #1529, #1256, #103 ) ;
#453 = DIRECTION ( 'NONE',  ( 0.000000000000000000, 0.000000000000000000, 1.000000000000000000 ) ) ;
#454 = CARTESIAN_POINT ( 'NONE',  ( 3.000000000000000000, -13.00000000000017941, 10.99999999999982947 ) ) ;
#455 = DIRECTION ( 'NONE',  ( 0.000000000000000000, 0.000000000000000000, -1.000000000000000000 ) ) ;
#456 = VERTEX_POINT ( 'NONE', #189 ) ;
#457 = CARTESIAN_POINT ( 'NONE',  ( 18.95445179679157377, -5.500000000000156319, 25.80614694161255329 ) ) ;
#458 = EDGE_CURVE ( 'NONE', #2022, #725, #1841, .T. ) ;
#459 = AXIS2_PLACEMENT_3D ( 'NONE', #2116, #202, #1780 ) ;
#460 = DIRECTION ( 'NONE',  ( 0.000000000000000000, 0.000000000000000000, 1.000000000000000000 ) ) ;
#461 = ORIENTED_EDGE ( 'NONE', *, *, #823, .T. ) ;
#462 = CIRCLE ( 'NONE', #353, 2.000000000000001776 ) ;
#463 = DIRECTION ( 'NONE',  ( 0.000000000000000000, 0.000000000000000000, -1.000000000000000000 ) ) ;
#464 = AXIS2_PLACEMENT_3D ( 'NONE', #670, #1325, #483 ) ;
#465 = CARTESIAN_POINT ( 'NONE',  ( 0.000000000000000000, -1.588181788591451415E-13, -39.40000000000017621 ) ) ;
#466 = EDGE_CURVE ( 'NONE', #1953, #1050, #829, .T. ) ;
#467 = PLANE ( 'NONE',  #2031 ) ;
#468 = ORIENTED_EDGE ( 'NONE', *, *, #144, .T. ) ;
#469 = EDGE_CURVE ( 'NONE', #1038, #1558, #1646, .T. ) ;
#470 = DIRECTION ( 'NONE',  ( 1.000000000000000000, 0.000000000000000000, 0.000000000000000000 ) ) ;
#471 = CARTESIAN_POINT ( 'NONE',  ( -3.000000000000000000, 10.99999999999984368, -11.00000000000017053 ) ) ;
#472 = ORIENTED_EDGE ( 'NONE', *, *, #2004, .T. ) ;
#473 = AXIS2_PLACEMENT_3D ( 'NONE', #1473, #2094, #1637 ) ;
#474 = CYLINDRICAL_SURFACE ( 'NONE', #1349, 2.250000000000000444 ) ;
#475 = AXIS2_PLACEMENT_3D ( 'NONE', #1708, #1991, #236 ) ;
#476 = DIRECTION ( 'NONE',  ( -1.000000000000000000, -0.000000000000000000, -0.000000000000000000 ) ) ;
#477 = EDGE_LOOP ( 'NONE', ( #1508, #579, #552, #635 ) ) ;
#478 = PLANE ( 'NONE',  #165 ) ;
#479 = CARTESIAN_POINT ( 'NONE',  ( 2.999999999999999112, 23.59999999999984510, 2.999999999999835243 ) ) ;
#480 = VERTEX_POINT ( 'NONE', #1990 ) ;
#481 = EDGE_CURVE ( 'NONE', #2077, #983, #1830, .T. ) ;
#482 = CARTESIAN_POINT ( 'NONE',  ( 2.999999999999999112, -1.423368027285550361E-13, 22.30614694161253908 ) ) ;
#483 = DIRECTION ( 'NONE',  ( 0.000000000000000000, 5.204170427930421283E-15, -1.000000000000000000 ) ) ;
#484 = VERTEX_POINT ( 'NONE', #1655 ) ;
#485 = LINE ( 'NONE', #305, #1642 ) ;
#486 = CYLINDRICAL_SURFACE ( 'NONE', #1119, 2.000000000000000000 ) ;
#487 = EDGE_CURVE ( 'NONE', #152, #830, #17, .T. ) ;
#488 = ORIENTED_EDGE ( 'NONE', *, *, #357, .F. ) ;
#489 = VECTOR ( 'NONE', #2088, 1000.000000000000000 ) ;
#490 = DIRECTION ( 'NONE',  ( 0.000000000000000000, 0.000000000000000000, 1.000000000000000000 ) ) ;
#491 = CYLINDRICAL_SURFACE ( 'NONE', #154, 3.000000000000001332 ) ;
#492 = CIRCLE ( 'NONE', #7, 4.750000000000000888 ) ;
#493 = DIRECTION ( 'NONE',  ( -1.000000000000000000, 0.000000000000000000, 0.000000000000000000 ) ) ;
#494 = ORIENTED_EDGE ( 'NONE', *, *, #369, .T. ) ;
#495 = DIRECTION ( 'NONE',  ( 0.000000000000000000, -0.000000000000000000, -1.000000000000000000 ) ) ;
#496 = FACE_OUTER_BOUND ( 'NONE', #1522, .T. ) ;
#497 = DIRECTION ( 'NONE',  ( 0.000000000000000000, 0.000000000000000000, -1.000000000000000000 ) ) ;
#498 = EDGE_LOOP ( 'NONE', ( #1724, #2052 ) ) ;
#499 = CIRCLE ( 'NONE', #1321, 2.000000000000000000 ) ;
#500 = FACE_OUTER_BOUND ( 'NONE', #1409, .T. ) ;
#501 = PLANE ( 'NONE',  #390 ) ;
#502 = AXIS2_PLACEMENT_3D ( 'NONE', #346, #183, #1054 ) ;
#503 = EDGE_CURVE ( 'NONE', #1638, #1826, #9, .T. ) ;
#504 = ORIENTED_EDGE ( 'NONE', *, *, #1484, .T. ) ;
#505 = CIRCLE ( 'NONE', #510, 4.750000000000006217 ) ;
#506 = DIRECTION ( 'NONE',  ( 0.000000000000000000, -1.432200615920705022E-16, -1.000000000000000000 ) ) ;
#507 = EDGE_LOOP ( 'NONE', ( #1895, #416, #1963, #1183 ) ) ;
#508 = CARTESIAN_POINT ( 'NONE',  ( 3.000000000000000000, 10.99999999999984190, 10.99999999999982947 ) ) ;
#509 = CARTESIAN_POINT ( 'NONE',  ( 0.000000000000000000, 6.999999999999852562, -21.75000000000017764 ) ) ;
#510 = AXIS2_PLACEMENT_3D ( 'NONE', #2057, #1706, #1750 ) ;
#511 = CARTESIAN_POINT ( 'NONE',  ( 3.000000000000000000, -19.75000000000016698, 6.751111019676514502 ) ) ;
#512 = VERTEX_POINT ( 'NONE', #1166 ) ;
#513 = ADVANCED_FACE ( 'NONE', ( #1974 ), #501, .F. ) ;
#514 = DIRECTION ( 'NONE',  ( -0.000000000000000000, -0.000000000000000000, 1.000000000000000000 ) ) ;
#515 = ORIENTED_EDGE ( 'NONE', *, *, #161, .F. ) ;
#516 = DIRECTION ( 'NONE',  ( 0.000000000000000000, 0.000000000000000000, 1.000000000000000000 ) ) ;
#517 = CARTESIAN_POINT ( 'NONE',  ( 3.000000000000000000, -15.00000000000016165, 19.74999999999982947 ) ) ;
#518 = CARTESIAN_POINT ( 'NONE',  ( 0.000000000000000000, -1.427654291082565965E-13, 25.80614694161255329 ) ) ;
#519 = VERTEX_POINT ( 'NONE', #859 ) ;
#520 = EDGE_CURVE ( 'NONE', #1735, #1178, #660, .T. ) ;
#521 = EDGE_CURVE ( 'NONE', #1649, #1840, #1021, .T. ) ;
#522 = CARTESIAN_POINT ( 'NONE',  ( 2.999999999999999112, -23.60000000000015064, -5.000000000000174971 ) ) ;
#523 = VERTEX_POINT ( 'NONE', #527 ) ;
#524 = DIRECTION ( 'NONE',  ( 1.000000000000000000, -0.000000000000000000, -0.000000000000000000 ) ) ;
#525 = VERTEX_POINT ( 'NONE', #1159 ) ;
#526 = DIRECTION ( 'NONE',  ( 1.000000000000000000, 0.000000000000000000, 0.000000000000000000 ) ) ;
#527 = CARTESIAN_POINT ( 'NONE',  ( 0.000000000000000000, 10.99999999999984013, 12.99999999999982947 ) ) ;
#528 = DIRECTION ( 'NONE',  ( 0.000000000000000000, 0.000000000000000000, -1.000000000000000000 ) ) ;
#529 = DIRECTION ( 'NONE',  ( 0.000000000000000000, 0.000000000000000000, 1.000000000000000000 ) ) ;
#530 = DIRECTION ( 'NONE',  ( 1.000000000000000000, -0.000000000000000000, -0.000000000000000000 ) ) ;
#531 = VECTOR ( 'NONE', #1737, 1000.000000000000000 ) ;
#532 = ORIENTED_EDGE ( 'NONE', *, *, #308, .T. ) ;
#533 = DIRECTION ( 'NONE',  ( 0.000000000000000000, 0.000000000000000000, -1.000000000000000000 ) ) ;
#534 = EDGE_CURVE ( 'NONE', #30, #401, #1663, .T. ) ;
#535 = VECTOR ( 'NONE', #2112, 1000.000000000000000 ) ;
#536 = DIRECTION ( 'NONE',  ( 0.000000000000000000, 0.000000000000000000, -1.000000000000000000 ) ) ;
#537 = CARTESIAN_POINT ( 'NONE',  ( 0.000000000000000000, -23.60000000000015064, -1.747491040759996142E-13 ) ) ;
#538 = CARTESIAN_POINT ( 'NONE',  ( 0.000000000000000000, -22.27857142857159900, -4.822222156912100210 ) ) ;
#539 = VERTEX_POINT ( 'NONE', #1811 ) ;
#540 = FACE_OUTER_BOUND ( 'NONE', #95, .T. ) ;
#541 = ORIENTED_EDGE ( 'NONE', *, *, #702, .T. ) ;
#542 = DIRECTION ( 'NONE',  ( 0.000000000000000000, 0.000000000000000000, 1.000000000000000000 ) ) ;
#543 = EDGE_CURVE ( 'NONE', #1688, #771, #98, .T. ) ;
#544 = CARTESIAN_POINT ( 'NONE',  ( 0.000000000000000000, 14.99999999999984368, 19.74999999999982947 ) ) ;
#545 = EDGE_CURVE ( 'NONE', #75, #712, #1186, .T. ) ;
#546 = ADVANCED_FACE ( 'NONE', ( #1682 ), #207, .F. ) ;
#547 = DIRECTION ( 'NONE',  ( 0.000000000000000000, 0.000000000000000000, -1.000000000000000000 ) ) ;
#548 = DIRECTION ( 'NONE',  ( 1.000000000000000000, 0.000000000000000000, 0.000000000000000000 ) ) ;
#549 = VECTOR ( 'NONE', #1669, 1000.000000000000000 ) ;
#550 = ORIENTED_EDGE ( 'NONE', *, *, #1108, .F. ) ;
#551 = LINE ( 'NONE', #1353, #192 ) ;
#552 = ORIENTED_EDGE ( 'NONE', *, *, #1314, .F. ) ;
#553 = DIRECTION ( 'NONE',  ( 0.000000000000000000, 0.000000000000000000, 1.000000000000000000 ) ) ;
#554 = ORIENTED_EDGE ( 'NONE', *, *, #1739, .T. ) ;
#555 = AXIS2_PLACEMENT_3D ( 'NONE', #2079, #756, #291 ) ;
#556 = ORIENTED_EDGE ( 'NONE', *, *, #1846, .F. ) ;
#557 = DIRECTION ( 'NONE',  ( 0.000000000000000000, 0.000000000000000000, -1.000000000000000000 ) ) ;
#558 = DIRECTION ( 'NONE',  ( 0.000000000000000000, 0.000000000000000000, 1.000000000000000000 ) ) ;
#559 = DIRECTION ( 'NONE',  ( -1.000000000000000000, 0.000000000000000000, 0.000000000000000000 ) ) ;
#560 = FACE_BOUND ( 'NONE', #1019, .T. ) ;
#561 = ORIENTED_EDGE ( 'NONE', *, *, #1286, .F. ) ;
#562 = DIRECTION ( 'NONE',  ( -1.000000000000000000, 0.000000000000000000, 0.000000000000000000 ) ) ;
#563 = ORIENTED_EDGE ( 'NONE', *, *, #241, .T. ) ;
#564 = CARTESIAN_POINT ( 'NONE',  ( 2.999999999999999112, 22.27857142857127215, 4.822222156911754709 ) ) ;
#565 = EDGE_CURVE ( 'NONE', #1760, #2024, #1195, .T. ) ;
#566 = EDGE_LOOP ( 'NONE', ( #1545, #850, #60, #345 ) ) ;
#567 = ORIENTED_EDGE ( 'NONE', *, *, #577, .F. ) ;
#568 = LINE ( 'NONE', #1385, #1510 ) ;
#569 = AXIS2_PLACEMENT_3D ( 'NONE', #1245, #1427, #1258 ) ;
#570 = VECTOR ( 'NONE', #1382, 1000.000000000000000 ) ;
#571 = CARTESIAN_POINT ( 'NONE',  ( 0.000000000000000000, 12.99999999999984190, -11.00000000000017231 ) ) ;
#572 = EDGE_CURVE ( 'NONE', #995, #523, #1433, .T. ) ;
#573 = DIRECTION ( 'NONE',  ( -1.000000000000000000, -0.000000000000000000, -0.000000000000000000 ) ) ;
#574 = PLANE ( 'NONE',  #1087 ) ;
#575 = DIRECTION ( 'NONE',  ( -1.000000000000000000, 0.000000000000000000, 0.000000000000000000 ) ) ;
#576 = VERTEX_POINT ( 'NONE', #2019 ) ;
#577 = EDGE_CURVE ( 'NONE', #1131, #152, #505, .T. ) ;
#578 = DIRECTION ( 'NONE',  ( 0.000000000000000000, 5.209379807738162522E-17, 1.000000000000000000 ) ) ;
#579 = ORIENTED_EDGE ( 'NONE', *, *, #1784, .F. ) ;
#580 = ORIENTED_EDGE ( 'NONE', *, *, #1429, .F. ) ;
#581 = EDGE_CURVE ( 'NONE', #484, #378, #1920, .T. ) ;
#582 = DIRECTION ( 'NONE',  ( 0.000000000000000000, -1.000000000000000000, 0.000000000000000000 ) ) ;
#583 = FACE_OUTER_BOUND ( 'NONE', #1721, .T. ) ;
#584 = ORIENTED_EDGE ( 'NONE', *, *, #440, .F. ) ;
#585 = CARTESIAN_POINT ( 'NONE',  ( 3.000000000000000000, -15.00000000000016165, 14.99999999999982947 ) ) ;
#586 = DIRECTION ( 'NONE',  ( 0.000000000000000000, 0.000000000000000000, -1.000000000000000000 ) ) ;
#587 = FACE_OUTER_BOUND ( 'NONE', #2001, .T. ) ;
#588 = ORIENTED_EDGE ( 'NONE', *, *, #1394, .T. ) ;
#589 = AXIS2_PLACEMENT_3D ( 'NONE', #1070, #1230, #2006 ) ;
#590 = CARTESIAN_POINT ( 'NONE',  ( 2.999999999999999112, -1.427654291082565965E-13, 25.80614694161255329 ) ) ;
#591 = ORIENTED_EDGE ( 'NONE', *, *, #678, .F. ) ;
#592 = ADVANCED_FACE ( 'NONE', ( #1049 ), #233, .F. ) ;
#593 = EDGE_LOOP ( 'NONE', ( #1520, #1911, #111, #19 ) ) ;
#594 = EDGE_CURVE ( 'NONE', #725, #2022, #1924, .T. ) ;
#595 = AXIS2_PLACEMENT_3D ( 'NONE', #837, #526, #1837 ) ;
#596 = ORIENTED_EDGE ( 'NONE', *, *, #1120, .T. ) ;
#597 = AXIS2_PLACEMENT_3D ( 'NONE', #1609, #785, #1082 ) ;
#598 = CIRCLE ( 'NONE', #464, 2.000000000000000000 ) ;
#599 = CARTESIAN_POINT ( 'NONE',  ( 0.000000000000000000, 22.27857142857127215, -4.822222156912086000 ) ) ;
#600 = CYLINDRICAL_SURFACE ( 'NONE', #1635, 1.999999999999998224 ) ;
#601 = DIRECTION ( 'NONE',  ( 0.000000000000000000, -1.000000000000000000, 0.000000000000000000 ) ) ;
#602 = ORIENTED_EDGE ( 'NONE', *, *, #1966, .F. ) ;
#603 = FACE_BOUND ( 'NONE', #451, .T. ) ;
#604 = ORIENTED_EDGE ( 'NONE', *, *, #808, .F. ) ;
#605 = ORIENTED_EDGE ( 'NONE', *, *, #788, .F. ) ;
#606 = AXIS2_PLACEMENT_3D ( 'NONE', #1390, #1885, #1900 ) ;
#607 = CARTESIAN_POINT ( 'NONE',  ( 18.95445179679157377, 7.499999999999869438, 21.74999999999983302 ) ) ;
#608 = EDGE_CURVE ( 'NONE', #1254, #30, #396, .T. ) ;
#609 = LINE ( 'NONE', #454, #945 ) ;
#610 = CARTESIAN_POINT ( 'NONE',  ( 2.999999999999999112, -1.427654291082565965E-13, 25.80614694161255329 ) ) ;
#611 = ORIENTED_EDGE ( 'NONE', *, *, #1892, .F. ) ;
#612 = CARTESIAN_POINT ( 'NONE',  ( 3.000000000000000000, -15.00000000000017941, -19.75000000000017053 ) ) ;
#613 = AXIS2_PLACEMENT_3D ( 'NONE', #119, #935, #96 ) ;
#614 = VECTOR ( 'NONE', #219, 1000.000000000000000 ) ;
#615 = ORIENTED_EDGE ( 'NONE', *, *, #134, .F. ) ;
#616 = AXIS2_PLACEMENT_3D ( 'NONE', #1948, #129, #784 ) ;
#617 = EDGE_CURVE ( 'NONE', #401, #1723, #1651, .T. ) ;
#618 = FILL_AREA_STYLE_COLOUR ( '', #2064 ) ;
#619 = EDGE_CURVE ( 'NONE', #1304, #2096, #717, .T. ) ;
#620 = FACE_OUTER_BOUND ( 'NONE', #1744, .T. ) ;
#621 = LINE ( 'NONE', #1274, #971 ) ;
#622 = EDGE_LOOP ( 'NONE', ( #1975, #1052 ) ) ;
#623 = DIRECTION ( 'NONE',  ( 0.000000000000000000, 1.000000000000000000, -2.312964634635741478E-16 ) ) ;
#624 = DIRECTION ( 'NONE',  ( 0.000000000000000000, 0.000000000000000000, -1.000000000000000000 ) ) ;
#625 = VECTOR ( 'NONE', #1057, 1000.000000000000000 ) ;
#626 = ORIENTED_EDGE ( 'NONE', *, *, #394, .T. ) ;
#627 = DIRECTION ( 'NONE',  ( 0.000000000000000000, -0.000000000000000000, 1.000000000000000000 ) ) ;
#628 = AXIS2_PLACEMENT_3D ( 'NONE', #1457, #1653, #147 ) ;
#629 = DIRECTION ( 'NONE',  ( 0.000000000000000000, 1.000000000000000000, -5.782411586589357639E-16 ) ) ;
#630 = CARTESIAN_POINT ( 'NONE',  ( 0.000000000000000000, -1.427654291082565965E-13, 25.80614694161255329 ) ) ;
#631 = ORIENTED_EDGE ( 'NONE', *, *, #26, .F. ) ;
#632 = CARTESIAN_POINT ( 'NONE',  ( 2.999999999999999112, -23.60000000000015064, -1.747491040759996142E-13 ) ) ;
#633 = ADVANCED_FACE ( 'NONE', ( #1206 ), #1742, .T. ) ;
#634 = PLANE ( 'NONE',  #299 ) ;
#635 = ORIENTED_EDGE ( 'NONE', *, *, #619, .F. ) ;
#636 = DIRECTION ( 'NONE',  ( -1.000000000000000000, -0.000000000000000000, -0.000000000000000000 ) ) ;
#637 = CARTESIAN_POINT ( 'NONE',  ( 18.95445179679157377, 22.27857142857127215, 4.822222156911755597 ) ) ;
#638 = AXIS2_PLACEMENT_3D ( 'NONE', #1177, #713, #1210 ) ;
#639 = CYLINDRICAL_SURFACE ( 'NONE', #1379, 2.000000000000000000 ) ;
#640 = EDGE_LOOP ( 'NONE', ( #1188, #1711, #567, #554 ) ) ;
#641 = ADVANCED_FACE ( 'NONE', ( #896 ), #600, .F. ) ;
#642 = LINE ( 'NONE', #1785, #535 ) ;
#643 = EDGE_CURVE ( 'NONE', #456, #63, #1702, .T. ) ;
#644 = FACE_OUTER_BOUND ( 'NONE', #974, .T. ) ;
#645 = AXIS2_PLACEMENT_3D ( 'NONE', #197, #1176, #344 ) ;
#646 = VECTOR ( 'NONE', #44, 1000.000000000000000 ) ;
#647 = EDGE_LOOP ( 'NONE', ( #1006, #1023, #354, #1820 ) ) ;
#648 =( NAMED_UNIT ( * ) SI_UNIT ( $, .STERADIAN. ) SOLID_ANGLE_UNIT ( ) );
#649 = LINE ( 'NONE', #1465, #668 ) ;
#650 = CARTESIAN_POINT ( 'NONE',  ( 18.95445179679157377, 23.59999999999984510, -1.658673198789983619E-13 ) ) ;
#651 = ORIENTED_EDGE ( 'NONE', *, *, #1156, .F. ) ;
#652 = CYLINDRICAL_SURFACE ( 'NONE', #277, 3.000000000000001332 ) ;
#653 = ORIENTED_EDGE ( 'NONE', *, *, #1094, .T. ) ;
#654 = CARTESIAN_POINT ( 'NONE',  ( 18.95445179679157377, -23.60000000000015064, -1.747491040759996142E-13 ) ) ;
#655 = EDGE_CURVE ( 'NONE', #1953, #30, #1011, .T. ) ;
#656 = ORIENTED_EDGE ( 'NONE', *, *, #2018, .T. ) ;
#657 = CIRCLE ( 'NONE', #208, 2.250000000000007105 ) ;
#658 = EDGE_CURVE ( 'NONE', #817, #759, #1557, .T. ) ;
#659 = VECTOR ( 'NONE', #1243, 1000.000000000000000 ) ;
#660 = CIRCLE ( 'NONE', #937, 2.250000000000001776 ) ;
#661 = CARTESIAN_POINT ( 'NONE',  ( 3.000000000000000000, -19.75000000000017764, -6.751111019676867997 ) ) ;
#662 = ORIENTED_EDGE ( 'NONE', *, *, #931, .F. ) ;
#663 = LINE ( 'NONE', #1999, #646 ) ;
#664 = VERTEX_POINT ( 'NONE', #1403 ) ;
#665 = ORIENTED_EDGE ( 'NONE', *, *, #142, .F. ) ;
#666 = LINE ( 'NONE', #340, #697 ) ;
#667 = ORIENTED_EDGE ( 'NONE', *, *, #1042, .F. ) ;
#668 = VECTOR ( 'NONE', #2118, 1000.000000000000000 ) ;
#669 = PLANE ( 'NONE',  #216 ) ;
#670 = CARTESIAN_POINT ( 'NONE',  ( 2.999999999999999112, -21.75000000000017408, -6.751111019676867997 ) ) ;
#671 = CARTESIAN_POINT ( 'NONE',  ( 3.000000000000000000, 12.99999999999984368, -13.00000000000017053 ) ) ;
#672 = AXIS2_PLACEMENT_3D ( 'NONE', #2037, #436, #1877 ) ;
#673 = VERTEX_POINT ( 'NONE', #736 ) ;
#674 = CARTESIAN_POINT ( 'NONE',  ( 3.000000000000000000, -13.00000000000017941, -11.00000000000017053 ) ) ;
#675 = ORIENTED_EDGE ( 'NONE', *, *, #993, .F. ) ;
#676 = ADVANCED_FACE ( 'NONE', ( #1414, #1898, #560, #1061, #433, #1718, #246, #82, #2045, #1086 ), #574, .T. ) ;
#677 = ADVANCED_FACE ( 'NONE', ( #421 ), #1074, .F. ) ;
#678 = EDGE_CURVE ( 'NONE', #817, #1131, #1790, .T. ) ;
#679 = CARTESIAN_POINT ( 'NONE',  ( 3.000000000000000000, 4.999999999999851674, -36.40000000000016911 ) ) ;
#680 = CARTESIAN_POINT ( 'NONE',  ( 0.000000000000000000, -1.591855728988893469E-13, -36.40000000000016911 ) ) ;
#681 = DIRECTION ( 'NONE',  ( 0.000000000000000000, 0.000000000000000000, 1.000000000000000000 ) ) ;
#682 = VERTEX_POINT ( 'NONE', #300 ) ;
#683 = FACE_OUTER_BOUND ( 'NONE', #1337, .T. ) ;
#684 = EDGE_LOOP ( 'NONE', ( #339, #1122, #741, #2062 ) ) ;
#685 = CARTESIAN_POINT ( 'NONE',  ( 0.000000000000000000, 14.99999999999984368, 14.99999999999982947 ) ) ;
#686 = DIRECTION ( 'NONE',  ( -1.000000000000000000, 0.000000000000000000, 0.000000000000000000 ) ) ;
#687 = AXIS2_PLACEMENT_3D ( 'NONE', #1441, #1128, #624 ) ;
#688 = DIRECTION ( 'NONE',  ( 1.000000000000000000, 0.000000000000000000, 0.000000000000000000 ) ) ;
#689 = UNCERTAINTY_MEASURE_WITH_UNIT (LENGTH_MEASURE( 1.000000000000000082E-05 ), #2106, 'distance_accuracy_value', 'NONE');
#690 = CYLINDRICAL_SURFACE ( 'NONE', #1639, 2.000000000000000000 ) ;
#691 = EDGE_LOOP ( 'NONE', ( #1615, #656, #201, #821 ) ) ;
#692 = LINE ( 'NONE', #1833, #407 ) ;
#693 = AXIS2_PLACEMENT_3D ( 'NONE', #1603, #126, #1438 ) ;
#694 = ORIENTED_EDGE ( 'NONE', *, *, #79, .F. ) ;
#695 = ADVANCED_FACE ( 'NONE', ( #116 ), #1929, .F. ) ;
#696 = CARTESIAN_POINT ( 'NONE',  ( -19.42221666030940952, 6.999999999999852562, -21.75000000000017764 ) ) ;
#697 = VECTOR ( 'NONE', #1766, 1000.000000000000000 ) ;
#698 = DIRECTION ( 'NONE',  ( 1.000000000000000000, 0.000000000000000000, 0.000000000000000000 ) ) ;
#699 = LINE ( 'NONE', #1037, #614 ) ;
#700 = DIRECTION ( 'NONE',  ( -1.000000000000000000, 0.000000000000000000, 0.000000000000000000 ) ) ;
#701 = ORIENTED_EDGE ( 'NONE', *, *, #173, .T. ) ;
#702 = EDGE_CURVE ( 'NONE', #512, #449, #16, .T. ) ;
#703 = LINE ( 'NONE', #49, #1870 ) ;
#704 = AXIS2_PLACEMENT_3D ( 'NONE', #198, #374, #528 ) ;
#705 = ADVANCED_FACE ( 'NONE', ( #620 ), #474, .F. ) ;
#706 = ORIENTED_EDGE ( 'NONE', *, *, #617, .T. ) ;
#707 = PLANE ( 'NONE',  #1553 ) ;
#708 = DIRECTION ( 'NONE',  ( 0.000000000000000000, 0.000000000000000000, 1.000000000000000000 ) ) ;
#709 = VECTOR ( 'NONE', #782, 1000.000000000000000 ) ;
#710 = CARTESIAN_POINT ( 'NONE',  ( 18.95445179679157377, -1.427654291082565965E-13, 31.30614694161256395 ) ) ;
#711 = CARTESIAN_POINT ( 'NONE',  ( 3.000000000000000000, -7.000000000000171418, -21.75000000000017408 ) ) ;
#712 = VERTEX_POINT ( 'NONE', #145 ) ;
#713 = DIRECTION ( 'NONE',  ( -1.000000000000000000, -0.000000000000000000, -0.000000000000000000 ) ) ;
#714 = VERTEX_POINT ( 'NONE', #1114 ) ;
#715 = CARTESIAN_POINT ( 'NONE',  ( 2.999999999999999112, 23.59999999999984510, -5.000000000000166978 ) ) ;
#716 = ORIENTED_EDGE ( 'NONE', *, *, #1740, .T. ) ;
#717 = CIRCLE ( 'NONE', #1543, 1.999999999999999112 ) ;
#718 = ORIENTED_EDGE ( 'NONE', *, *, #836, .T. ) ;
#719 = DIRECTION ( 'NONE',  ( -1.000000000000000000, 0.000000000000000000, 0.000000000000000000 ) ) ;
#720 = DIRECTION ( 'NONE',  ( 0.000000000000000000, 0.000000000000000000, 1.000000000000000000 ) ) ;
#721 = LINE ( 'NONE', #1847, #858 ) ;
#722 = EDGE_CURVE ( 'NONE', #752, #2059, #499, .T. ) ;
#723 = DIRECTION ( 'NONE',  ( 0.000000000000000000, 0.000000000000000000, 1.000000000000000000 ) ) ;
#724 = CIRCLE ( 'NONE', #1202, 5.000000000000000888 ) ;
#725 = VERTEX_POINT ( 'NONE', #465 ) ;
#726 = FACE_OUTER_BOUND ( 'NONE', #1972, .T. ) ;
#727 = VERTEX_POINT ( 'NONE', #321 ) ;
#728 = FACE_BOUND ( 'NONE', #1988, .T. ) ;
#729 = ORIENTED_EDGE ( 'NONE', *, *, #521, .T. ) ;
#730 = ORIENTED_EDGE ( 'NONE', *, *, #1180, .T. ) ;
#731 = CARTESIAN_POINT ( 'NONE',  ( 3.000000000000000000, 19.74999999999984368, 14.99999999999982947 ) ) ;
#732 = AXIS2_PLACEMENT_3D ( 'NONE', #610, #1583, #455 ) ;
#733 = CARTESIAN_POINT ( 'NONE',  ( 3.000000000000000000, -15.00000000000016165, 17.24999999999983302 ) ) ;
#734 = EDGE_CURVE ( 'NONE', #1565, #378, #1631, .T. ) ;
#735 = DIRECTION ( 'NONE',  ( 0.000000000000000000, 0.000000000000000000, -1.000000000000000000 ) ) ;
#736 = CARTESIAN_POINT ( 'NONE',  ( 0.000000000000000000, -7.000000000000169642, -19.75000000000017408 ) ) ;
#737 = CARTESIAN_POINT ( 'NONE',  ( 0.000000000000000000, 19.74999999999984368, -15.00000000000017053 ) ) ;
#738 = EDGE_LOOP ( 'NONE', ( #873, #225, #330, #1250 ) ) ;
#739 = CARTESIAN_POINT ( 'NONE',  ( 2.999999999999999112, -21.75000000000017408, -4.751111019676867997 ) ) ;
#740 = VERTEX_POINT ( 'NONE', #2108 ) ;
#741 = ORIENTED_EDGE ( 'NONE', *, *, #1630, .T. ) ;
#742 = LINE ( 'NONE', #1881, #531 ) ;
#743 = CARTESIAN_POINT ( 'NONE',  ( 3.000000000000000000, -15.00000000000016165, 19.74999999999982947 ) ) ;
#744 = VERTEX_POINT ( 'NONE', #135 ) ;
#745 = CARTESIAN_POINT ( 'NONE',  ( 0.000000000000000000, -15.00000000000016165, 19.74999999999982947 ) ) ;
#746 = CARTESIAN_POINT ( 'NONE',  ( 0.000000000000000000, -11.00000000000017764, -11.00000000000017053 ) ) ;
#747 = EDGE_CURVE ( 'NONE', #449, #279, #1960, .T. ) ;
#748 = EDGE_CURVE ( 'NONE', #771, #1638, #649, .T. ) ;
#749 = DIRECTION ( 'NONE',  ( 0.000000000000000000, -1.000000000000000000, -0.000000000000000000 ) ) ;
#750 = VERTEX_POINT ( 'NONE', #1302 ) ;
#751 = PLANE ( 'NONE',  #1264 ) ;
#752 = VERTEX_POINT ( 'NONE', #941 ) ;
#753 = ORIENTED_EDGE ( 'NONE', *, *, #608, .F. ) ;
#754 = FACE_OUTER_BOUND ( 'NONE', #1395, .T. ) ;
#755 = ORIENTED_EDGE ( 'NONE', *, *, #2002, .T. ) ;
#756 = DIRECTION ( 'NONE',  ( 1.000000000000000000, 0.000000000000000000, 0.000000000000000000 ) ) ;
#757 = CARTESIAN_POINT ( 'NONE',  ( 3.000000000000000000, -11.00000000000017764, -11.00000000000017053 ) ) ;
#758 = DIRECTION ( 'NONE',  ( -1.000000000000000000, -0.000000000000000000, -0.000000000000000000 ) ) ;
#759 = VERTEX_POINT ( 'NONE', #1769 ) ;
#760 = CIRCLE ( 'NONE', #1853, 3.000000000000000888 ) ;
#761 = CARTESIAN_POINT ( 'NONE',  ( 0.000000000000000000, -15.00000000000017941, -15.00000000000017053 ) ) ;
#762 = EDGE_LOOP ( 'NONE', ( #1904, #106 ) ) ;
#763 = CLOSED_SHELL ( 'NONE', ( #1824, #1919, #695, #1650, #2046, #1193, #1533, #1495, #1823, #908, #384, #958, #2111, #546, #1222, #998, #1472, #1068, #798, #676, #186, #1758, #334, #1144, #1581, #1608, #592, #633, #513, #1957, #1503, #2, #705, #774, #306, #1692, #926, #1444, #310, #1845, #47, #397, #287, #1253, #1726, #2047, #1779, #1300, #835, #1671, #1981, #104, #1504, #641, #1421, #677, #1208, #880, #169, #35, #907 ) ) ;
#764 = AXIS2_PLACEMENT_3D ( 'NONE', #196, #1035, #1203 ) ;
#765 = APPLICATION_PROTOCOL_DEFINITION ( 'draft international standard', 'automotive_design', 1998, #1010 ) ;
#766 = EDGE_CURVE ( 'NONE', #794, #985, #1265, .T. ) ;
#767 = VERTEX_POINT ( 'NONE', #950 ) ;
#768 = LINE ( 'NONE', #1907, #1762 ) ;
#769 = CARTESIAN_POINT ( 'NONE',  ( 0.000000000000000000, -23.60000000000015064, -1.747491040759996142E-13 ) ) ;
#770 = DIRECTION ( 'NONE',  ( -1.000000000000000000, 0.000000000000000000, 0.000000000000000000 ) ) ;
#771 = VERTEX_POINT ( 'NONE', #1425 ) ;
#772 = DIRECTION ( 'NONE',  ( -1.000000000000000000, 0.000000000000000000, 0.000000000000000000 ) ) ;
#773 = AXIS2_PLACEMENT_3D ( 'NONE', #1570, #1377, #93 ) ;
#774 = ADVANCED_FACE ( 'NONE', ( #787 ), #491, .F. ) ;
#775 = EDGE_CURVE ( 'NONE', #1840, #438, #1047, .T. ) ;
#776 = EDGE_LOOP ( 'NONE', ( #1709, #71, #602, #336 ) ) ;
#777 = VECTOR ( 'NONE', #62, 1000.000000000000000 ) ;
#778 = DIRECTION ( 'NONE',  ( 0.000000000000000000, 0.000000000000000000, -1.000000000000000000 ) ) ;
#779 = PLANE ( 'NONE',  #121 ) ;
#780 = DIRECTION ( 'NONE',  ( -1.000000000000000000, 0.000000000000000000, 0.000000000000000000 ) ) ;
#781 = ORIENTED_EDGE ( 'NONE', *, *, #1468, .T. ) ;
#782 = DIRECTION ( 'NONE',  ( -1.000000000000000000, 0.000000000000000000, 0.000000000000000000 ) ) ;
#783 = AXIS2_PLACEMENT_3D ( 'NONE', #761, #1100, #2060 ) ;
#784 = DIRECTION ( 'NONE',  ( 0.000000000000000000, 0.000000000000000000, -1.000000000000000000 ) ) ;
#785 = DIRECTION ( 'NONE',  ( 0.000000000000000000, 0.000000000000000000, 1.000000000000000000 ) ) ;
#786 = VERTEX_POINT ( 'NONE', #281 ) ;
#787 = FACE_OUTER_BOUND ( 'NONE', #1501, .T. ) ;
#788 = EDGE_CURVE ( 'NONE', #714, #1254, #609, .T. ) ;
#789 = ORIENTED_EDGE ( 'NONE', *, *, #1892, .T. ) ;
#790 = DIRECTION ( 'NONE',  ( 1.000000000000000000, 0.000000000000000000, 0.000000000000000000 ) ) ;
#791 = ORIENTED_EDGE ( 'NONE', *, *, #1846, .T. ) ;
#792 = DIRECTION ( 'NONE',  ( -1.000000000000000000, 0.000000000000000000, 0.000000000000000000 ) ) ;
#793 = CARTESIAN_POINT ( 'NONE',  ( 0.000000000000000000, -15.00000000000017941, -17.25000000000017053 ) ) ;
#794 = VERTEX_POINT ( 'NONE', #2099 ) ;
#795 = DIRECTION ( 'NONE',  ( 1.000000000000000000, 0.000000000000000000, 0.000000000000000000 ) ) ;
#796 = CIRCLE ( 'NONE', #732, 5.500000000000011546 ) ;
#797 = DIRECTION ( 'NONE',  ( -1.000000000000000000, -0.000000000000000000, -0.000000000000000000 ) ) ;
#798 = ADVANCED_FACE ( 'NONE', ( #1283 ), #779, .F. ) ;
#799 = CARTESIAN_POINT ( 'NONE',  ( 0.000000000000000000, 14.99999999999983658, -17.25000000000017764 ) ) ;
#800 = EDGE_LOOP ( 'NONE', ( #1040, #1381 ) ) ;
#801 = CARTESIAN_POINT ( 'NONE',  ( 2.999999999999999112, 23.59999999999984510, -1.658673198789983619E-13 ) ) ;
#802 = CARTESIAN_POINT ( 'NONE',  ( 18.95445179679157377, 23.59999999999984510, -5.000000000000166978 ) ) ;
#803 = ORIENTED_EDGE ( 'NONE', *, *, #1798, .F. ) ;
#804 = CARTESIAN_POINT ( 'NONE',  ( 3.000000000000000000, 19.74999999999984368, -6.751111019676854674 ) ) ;
#805 = DIRECTION ( 'NONE',  ( 0.000000000000000000, 0.000000000000000000, -1.000000000000000000 ) ) ;
#806 = CARTESIAN_POINT ( 'NONE',  ( 3.000000000000000000, 19.74999999999984368, 14.99999999999982947 ) ) ;
#807 = VERTEX_POINT ( 'NONE', #482 ) ;
#808 = EDGE_CURVE ( 'NONE', #1843, #1462, #1770, .T. ) ;
#809 = DIRECTION ( 'NONE',  ( 0.000000000000000000, 0.000000000000000000, 1.000000000000000000 ) ) ;
#810 = EDGE_CURVE ( 'NONE', #415, #740, #815, .T. ) ;
#811 = ORIENTED_EDGE ( 'NONE', *, *, #836, .F. ) ;
#812 = DIRECTION ( 'NONE',  ( -1.000000000000000000, 0.000000000000000000, 0.000000000000000000 ) ) ;
#813 = VECTOR ( 'NONE', #1764, 1000.000000000000000 ) ;
#814 = ORIENTED_EDGE ( 'NONE', *, *, #205, .F. ) ;
#815 = LINE ( 'NONE', #1641, #1525 ) ;
#816 = DIRECTION ( 'NONE',  ( -1.000000000000000000, -0.000000000000000000, -0.000000000000000000 ) ) ;
#817 = VERTEX_POINT ( 'NONE', #297 ) ;
#818 = CARTESIAN_POINT ( 'NONE',  ( 0.000000000000000000, -13.00000000000017941, -11.00000000000017231 ) ) ;
#819 = ORIENTED_EDGE ( 'NONE', *, *, #2113, .F. ) ;
#820 = DIRECTION ( 'NONE',  ( -1.000000000000000000, 0.000000000000000000, 0.000000000000000000 ) ) ;
#821 = ORIENTED_EDGE ( 'NONE', *, *, #1130, .F. ) ;
#822 = AXIS2_PLACEMENT_3D ( 'NONE', #1455, #959, #1009 ) ;
#823 = EDGE_CURVE ( 'NONE', #50, #1453, #1121, .T. ) ;
#824 =( GEOMETRIC_REPRESENTATION_CONTEXT ( 3 ) GLOBAL_UNCERTAINTY_ASSIGNED_CONTEXT ( ( #689 ) ) GLOBAL_UNIT_ASSIGNED_CONTEXT ( ( #2106, #450, #266 ) ) REPRESENTATION_CONTEXT ( 'NONE', 'WORKASPACE' ) );
#825 = CIRCLE ( 'NONE', #1660, 3.500000000000013323 ) ;
#826 = CARTESIAN_POINT ( 'NONE',  ( 3.000000000000000000, -15.00000000000016165, 14.99999999999982947 ) ) ;
#827 = DIRECTION ( 'NONE',  ( 0.000000000000000000, 0.000000000000000000, 1.000000000000000000 ) ) ;
#828 = AXIS2_PLACEMENT_3D ( 'NONE', #508, #1727, #176 ) ;
#829 = LINE ( 'NONE', #671, #1359 ) ;
#830 = VERTEX_POINT ( 'NONE', #151 ) ;
#831 = ORIENTED_EDGE ( 'NONE', *, *, #1371, .F. ) ;
#832 = CARTESIAN_POINT ( 'NONE',  ( 3.000000000000000000, 19.74999999999984368, -15.00000000000017053 ) ) ;
#833 = EDGE_CURVE ( 'NONE', #456, #1478, #1298, .T. ) ;
#834 = ORIENTED_EDGE ( 'NONE', *, *, #1935, .T. ) ;
#835 = ADVANCED_FACE ( 'NONE', ( #2105 ), #634, .F. ) ;
#836 = EDGE_CURVE ( 'NONE', #1584, #148, #666, .T. ) ;
#837 = CARTESIAN_POINT ( 'NONE',  ( 0.000000000000000000, 21.74999999999984723, -6.751111019676853786 ) ) ;
#838 = CIRCLE ( 'NONE', #1392, 1.999999999999999112 ) ;
#839 = DIRECTION ( 'NONE',  ( 0.000000000000000000, 0.000000000000000000, -1.000000000000000000 ) ) ;
#840 = CIRCLE ( 'NONE', #21, 4.750000000000000888 ) ;
#841 = CYLINDRICAL_SURFACE ( 'NONE', #1225, 5.500000000000011546 ) ;
#842 = ORIENTED_EDGE ( 'NONE', *, *, #1970, .T. ) ;
#843 = CARTESIAN_POINT ( 'NONE',  ( 0.000000000000000000, -15.00000000000016165, 14.99999999999982947 ) ) ;
#844 = ORIENTED_EDGE ( 'NONE', *, *, #2002, .F. ) ;
#845 = CARTESIAN_POINT ( 'NONE',  ( 3.000000000000000000, -15.00000000000016165, 14.99999999999982947 ) ) ;
#846 = AXIS2_PLACEMENT_3D ( 'NONE', #910, #870, #2071 ) ;
#847 = CARTESIAN_POINT ( 'NONE',  ( 3.000000000000000000, -15.00000000000016165, 19.74999999999982947 ) ) ;
#848 = DIRECTION ( 'NONE',  ( 0.000000000000000000, 0.000000000000000000, 1.000000000000000000 ) ) ;
#849 = CARTESIAN_POINT ( 'NONE',  ( 2.999999999999999112, -1.427654291082565965E-13, 29.30614694161256750 ) ) ;
#850 = ORIENTED_EDGE ( 'NONE', *, *, #747, .F. ) ;
#851 = DIRECTION ( 'NONE',  ( -1.000000000000000000, -0.000000000000000000, -0.000000000000000000 ) ) ;
#852 = ORIENTED_EDGE ( 'NONE', *, *, #1788, .F. ) ;
#853 = ORIENTED_EDGE ( 'NONE', *, *, #1917, .T. ) ;
#854 = CIRCLE ( 'NONE', #2097, 4.750000000000000888 ) ;
#855 = EDGE_CURVE ( 'NONE', #298, #2022, #988, .T. ) ;
#856 = LINE ( 'NONE', #679, #323 ) ;
#857 = AXIS2_PLACEMENT_3D ( 'NONE', #1029, #355, #1666 ) ;
#858 = VECTOR ( 'NONE', #1496, 1000.000000000000000 ) ;
#859 = CARTESIAN_POINT ( 'NONE',  ( 0.000000000000000000, -22.27857142857159189, 4.822222156911749380 ) ) ;
#860 = EDGE_CURVE ( 'NONE', #1905, #1563, #2041, .T. ) ;
#861 = VECTOR ( 'NONE', #52, 1000.000000000000000 ) ;
#862 = DIRECTION ( 'NONE',  ( -1.000000000000000000, 0.000000000000000000, 0.000000000000000000 ) ) ;
#863 = ORIENTED_EDGE ( 'NONE', *, *, #1876, .F. ) ;
#864 = CARTESIAN_POINT ( 'NONE',  ( -3.000000000000000000, -11.00000000000017941, 10.99999999999982947 ) ) ;
#865 = VERTEX_POINT ( 'NONE', #1776 ) ;
#866 = CARTESIAN_POINT ( 'NONE',  ( 18.95445179679157377, 21.74999999999984723, -4.751111019676853786 ) ) ;
#867 = CARTESIAN_POINT ( 'NONE',  ( 18.95445179679157377, 23.59999999999984510, -1.658673198789983619E-13 ) ) ;
#868 = AXIS2_PLACEMENT_3D ( 'NONE', #654, #1806, #1290 ) ;
#869 = CARTESIAN_POINT ( 'NONE',  ( 3.000000000000000000, 12.99999999999984368, 10.99999999999982947 ) ) ;
#870 = DIRECTION ( 'NONE',  ( 1.000000000000000000, 0.000000000000000000, 0.000000000000000000 ) ) ;
#871 = VERTEX_POINT ( 'NONE', #946 ) ;
#872 = CARTESIAN_POINT ( 'NONE',  ( 18.95445179679157377, -21.75000000000017408, -6.751111019676867997 ) ) ;
#873 = ORIENTED_EDGE ( 'NONE', *, *, #2100, .T. ) ;
#874 = VECTOR ( 'NONE', #1677, 1000.000000000000000 ) ;
#875 = DIRECTION ( 'NONE',  ( 0.000000000000000000, 0.000000000000000000, -1.000000000000000000 ) ) ;
#876 = AXIS2_PLACEMENT_3D ( 'NONE', #1342, #400, #1027 ) ;
#877 = ORIENTED_EDGE ( 'NONE', *, *, #643, .T. ) ;
#878 = DIRECTION ( 'NONE',  ( 0.000000000000000000, 0.000000000000000000, -1.000000000000000000 ) ) ;
#879 = CARTESIAN_POINT ( 'NONE',  ( 0.000000000000000000, 23.59999999999984510, -1.658673198789983619E-13 ) ) ;
#880 = ADVANCED_FACE ( 'NONE', ( #1320 ), #486, .F. ) ;
#881 = CIRCLE ( 'NONE', #2086, 2.250000000000007105 ) ;
#882 = LINE ( 'NONE', #67, #146 ) ;
#883 = CARTESIAN_POINT ( 'NONE',  ( 3.000000000000000000, 19.74999999999984368, 14.99999999999982947 ) ) ;
#884 = ORIENTED_EDGE ( 'NONE', *, *, #572, .T. ) ;
#885 = CARTESIAN_POINT ( 'NONE',  ( 0.000000000000000000, 14.99999999999983658, -19.75000000000017764 ) ) ;
#886 = ORIENTED_EDGE ( 'NONE', *, *, #1406, .F. ) ;
#887 = CARTESIAN_POINT ( 'NONE',  ( 3.000000000000000000, -15.00000000000016165, 19.74999999999982947 ) ) ;
#888 = ORIENTED_EDGE ( 'NONE', *, *, #520, .F. ) ;
#889 = AXIS2_PLACEMENT_3D ( 'NONE', #746, #548, #920 ) ;
#890 = ORIENTED_EDGE ( 'NONE', *, *, #1683, .T. ) ;
#891 = CARTESIAN_POINT ( 'NONE',  ( 2.999999999999999112, 23.59999999999984510, -3.000000000000166533 ) ) ;
#892 = EDGE_CURVE ( 'NONE', #157, #682, #10, .T. ) ;
#893 = DIRECTION ( 'NONE',  ( 0.000000000000000000, 0.000000000000000000, 1.000000000000000000 ) ) ;
#894 = EDGE_CURVE ( 'NONE', #1967, #682, #48, .T. ) ;
#895 = DIRECTION ( 'NONE',  ( 0.000000000000000000, 0.000000000000000000, 1.000000000000000000 ) ) ;
#896 = FACE_OUTER_BOUND ( 'NONE', #1875, .T. ) ;
#897 = VECTOR ( 'NONE', #89, 1000.000000000000000 ) ;
#898 = EDGE_LOOP ( 'NONE', ( #694, #1078, #1384, #1474, #928, #1056, #2083, #596, #611, #1592, #1055, #541, #237, #1604, #915, #1738, #1514, #1335, #2110, #1322, #1719, #472, #877, #2073, #924, #584, #2075, #561, #1733, #1944, #729, #1698, #46, #1028, #1330 ) ) ;
#899 = CARTESIAN_POINT ( 'NONE',  ( -3.000000000000000000, -13.00000000000017941, -13.00000000000017053 ) ) ;
#900 = VERTEX_POINT ( 'NONE', #1452 ) ;
#901 = LINE ( 'NONE', #414, #570 ) ;
#902 = ORIENTED_EDGE ( 'NONE', *, *, #1632, .T. ) ;
#903 = VERTEX_POINT ( 'NONE', #1936 ) ;
#904 = DIRECTION ( 'NONE',  ( 0.000000000000000000, -0.000000000000000000, -1.000000000000000000 ) ) ;
#905 = CIRCLE ( 'NONE', #42, 2.000000000000001776 ) ;
#906 = LINE ( 'NONE', #991, #861 ) ;
#907 = ADVANCED_FACE ( 'NONE', ( #2124 ), #964, .F. ) ;
#908 = ADVANCED_FACE ( 'NONE', ( #1617 ), #162, .T. ) ;
#909 = LINE ( 'NONE', #1897, #1625 ) ;
#910 = CARTESIAN_POINT ( 'NONE',  ( 0.000000000000000000, -7.500000000000155431, 21.74999999999983302 ) ) ;
#911 = DIRECTION ( 'NONE',  ( 0.000000000000000000, 0.000000000000000000, -1.000000000000000000 ) ) ;
#912 = VERTEX_POINT ( 'NONE', #793 ) ;
#913 = DIRECTION ( 'NONE',  ( 0.000000000000000000, 0.000000000000000000, -1.000000000000000000 ) ) ;
#914 = ORIENTED_EDGE ( 'NONE', *, *, #1739, .F. ) ;
#915 = ORIENTED_EDGE ( 'NONE', *, *, #270, .T. ) ;
#916 = CARTESIAN_POINT ( 'NONE',  ( 3.000000000000000000, 14.99999999999984368, 14.99999999999982947 ) ) ;
#917 = CYLINDRICAL_SURFACE ( 'NONE', #1001, 2.250000000000007105 ) ;
#918 = EDGE_LOOP ( 'NONE', ( #1746, #588, #1285, #1815 ) ) ;
#919 = FACE_OUTER_BOUND ( 'NONE', #1221, .T. ) ;
#920 = DIRECTION ( 'NONE',  ( 0.000000000000000000, 0.000000000000000000, -1.000000000000000000 ) ) ;
#921 = VECTOR ( 'NONE', #179, 1000.000000000000000 ) ;
#922 = CIRCLE ( 'NONE', #1812, 3.000000000000001332 ) ;
#923 = CARTESIAN_POINT ( 'NONE',  ( 18.95445179679157377, 23.59999999999984510, -3.000000000000166533 ) ) ;
#924 = ORIENTED_EDGE ( 'NONE', *, *, #934, .T. ) ;
#925 = CARTESIAN_POINT ( 'NONE',  ( -19.42221666030940952, 4.999999999999851674, -36.40000000000016911 ) ) ;
#926 = ADVANCED_FACE ( 'NONE', ( #644 ), #307, .T. ) ;
#927 = ORIENTED_EDGE ( 'NONE', *, *, #655, .F. ) ;
#928 = ORIENTED_EDGE ( 'NONE', *, *, #1536, .T. ) ;
#929 = LINE ( 'NONE', #1103, #1205 ) ;
#930 = CARTESIAN_POINT ( 'NONE',  ( 0.000000000000000000, -5.500000000000159872, 7.877103387564105526E-16 ) ) ;
#931 = EDGE_CURVE ( 'NONE', #1866, #903, #1976, .T. ) ;
#932 = CARTESIAN_POINT ( 'NONE',  ( 0.000000000000000000, -11.00000000000017764, -13.00000000000017053 ) ) ;
#933 = ORIENTED_EDGE ( 'NONE', *, *, #1995, .T. ) ;
#934 = EDGE_CURVE ( 'NONE', #437, #673, #2078, .T. ) ;
#935 = DIRECTION ( 'NONE',  ( -1.000000000000000000, -0.000000000000000000, -0.000000000000000000 ) ) ;
#936 = AXIS2_PLACEMENT_3D ( 'NONE', #1362, #1998, #516 ) ;
#937 = AXIS2_PLACEMENT_3D ( 'NONE', #1518, #688, #373 ) ;
#938 = VERTEX_POINT ( 'NONE', #479 ) ;
#939 = AXIS2_PLACEMENT_3D ( 'NONE', #1652, #1690, #1398 ) ;
#940 = CARTESIAN_POINT ( 'NONE',  ( 3.000000000000000000, -7.500000000000155431, 19.74999999999982947 ) ) ;
#941 = CARTESIAN_POINT ( 'NONE',  ( 0.000000000000000000, 10.99999999999984368, -13.00000000000017053 ) ) ;
#942 = CARTESIAN_POINT ( 'NONE',  ( 0.000000000000000000, 4.999999999999852562, -21.75000000000017764 ) ) ;
#943 = ORIENTED_EDGE ( 'NONE', *, *, #1071, .T. ) ;
#944 = DIRECTION ( 'NONE',  ( -1.000000000000000000, 0.000000000000000000, 0.000000000000000000 ) ) ;
#945 = VECTOR ( 'NONE', #1104, 1000.000000000000000 ) ;
#946 = CARTESIAN_POINT ( 'NONE',  ( 2.999999999999999112, -1.588181788591451415E-13, -39.40000000000017621 ) ) ;
#947 = ORIENTED_EDGE ( 'NONE', *, *, #429, .F. ) ;
#948 = AXIS2_PLACEMENT_3D ( 'NONE', #1987, #1336, #1993 ) ;
#949 = CARTESIAN_POINT ( 'NONE',  ( 3.000000000000000000, 7.499999999999871214, 19.74999999999982947 ) ) ;
#950 = CARTESIAN_POINT ( 'NONE',  ( 0.000000000000000000, -15.00000000000017941, -12.75000000000017053 ) ) ;
#951 = ORIENTED_EDGE ( 'NONE', *, *, #332, .T. ) ;
#952 = CARTESIAN_POINT ( 'NONE',  ( 3.000000000000000000, 14.99999999999984368, 14.99999999999982947 ) ) ;
#953 = ORIENTED_EDGE ( 'NONE', *, *, #617, .F. ) ;
#954 = EDGE_CURVE ( 'NONE', #983, #1558, #1482, .T. ) ;
#955 = DIRECTION ( 'NONE',  ( 0.000000000000000000, 0.000000000000000000, -1.000000000000000000 ) ) ;
#956 = DIRECTION ( 'NONE',  ( -0.000000000000000000, -0.000000000000000000, -1.000000000000000000 ) ) ;
#957 = EDGE_LOOP ( 'NONE', ( #286, #965, #1890, #1281 ) ) ;
#958 = ADVANCED_FACE ( 'NONE', ( #1278 ), #171, .F. ) ;
#959 = DIRECTION ( 'NONE',  ( -1.000000000000000000, -0.000000000000000000, -0.000000000000000000 ) ) ;
#960 = DIRECTION ( 'NONE',  ( 1.000000000000000000, 0.000000000000000000, 0.000000000000000000 ) ) ;
#961 = DIRECTION ( 'NONE',  ( 0.000000000000000000, 0.000000000000000000, -1.000000000000000000 ) ) ;
#962 = ORIENTED_EDGE ( 'NONE', *, *, #1443, .T. ) ;
#963 = CARTESIAN_POINT ( 'NONE',  ( 2.999999999999999112, 22.27857142857127215, -4.822222156912086000 ) ) ;
#964 = CYLINDRICAL_SURFACE ( 'NONE', #473, 2.000000000000000000 ) ;
#965 = ORIENTED_EDGE ( 'NONE', *, *, #1345, .F. ) ;
#966 = CIRCLE ( 'NONE', #39, 2.000000000000000000 ) ;
#967 = AXIS2_PLACEMENT_3D ( 'NONE', #879, #1980, #720 ) ;
#968 = EDGE_CURVE ( 'NONE', #865, #2005, #2032, .T. ) ;
#969 = CARTESIAN_POINT ( 'NONE',  ( -3.000000000000000000, -13.00000000000017941, 12.99999999999982947 ) ) ;
#970 = EDGE_CURVE ( 'NONE', #938, #1489, #1174, .T. ) ;
#971 = VECTOR ( 'NONE', #2048, 1000.000000000000000 ) ;
#972 = DIRECTION ( 'NONE',  ( 0.000000000000000000, 0.000000000000000000, -1.000000000000000000 ) ) ;
#973 = CARTESIAN_POINT ( 'NONE',  ( 0.000000000000000000, -19.75000000000017764, -6.751111019676867997 ) ) ;
#974 = EDGE_LOOP ( 'NONE', ( #1849, #1696, #1069, #435 ) ) ;
#975 = CARTESIAN_POINT ( 'NONE',  ( 0.000000000000000000, -21.75000000000017408, -6.751111019676867997 ) ) ;
#976 = CARTESIAN_POINT ( 'NONE',  ( -3.000000000000000000, 12.99999999999984368, 12.99999999999982947 ) ) ;
#977 = AXIS2_PLACEMENT_3D ( 'NONE', #769, #1590, #1447 ) ;
#978 = ORIENTED_EDGE ( 'NONE', *, *, #399, .F. ) ;
#979 = DIRECTION ( 'NONE',  ( 0.000000000000000000, 0.000000000000000000, -1.000000000000000000 ) ) ;
#980 = CIRCLE ( 'NONE', #1493, 5.500000000000011546 ) ;
#981 = PRODUCT_DEFINITION_SHAPE ( 'NONE', 'NONE',  #1939 ) ;
#982 = CARTESIAN_POINT ( 'NONE',  ( 18.95445179679157377, -21.75000000000017408, -6.751111019676867997 ) ) ;
#983 = VERTEX_POINT ( 'NONE', #1025 ) ;
#984 = LINE ( 'NONE', #457, #813 ) ;
#985 = VERTEX_POINT ( 'NONE', #869 ) ;
#986 = AXIS2_PLACEMENT_3D ( 'NONE', #1440, #170, #1605 ) ;
#987 = EDGE_CURVE ( 'NONE', #63, #437, #1681, .T. ) ;
#988 = LINE ( 'NONE', #1461, #1426 ) ;
#989 = ORIENTED_EDGE ( 'NONE', *, *, #722, .T. ) ;
#990 = VECTOR ( 'NONE', #1544, 1000.000000000000000 ) ;
#991 = CARTESIAN_POINT ( 'NONE',  ( 3.000000000000000000, -15.00000000000016165, 12.74999999999982769 ) ) ;
#992 = FACE_OUTER_BOUND ( 'NONE', #37, .T. ) ;
#993 = EDGE_CURVE ( 'NONE', #1916, #525, #1340, .T. ) ;
#994 = DIRECTION ( 'NONE',  ( -1.000000000000000000, -0.000000000000000000, -0.000000000000000000 ) ) ;
#995 = VERTEX_POINT ( 'NONE', #1542 ) ;
#996 = ORIENTED_EDGE ( 'NONE', *, *, #1108, .T. ) ;
#997 = EDGE_CURVE ( 'NONE', #88, #1168, #1594, .T. ) ;
#998 = ADVANCED_FACE ( 'NONE', ( #1989 ), #1048, .F. ) ;
#999 = LINE ( 'NONE', #1509, #777 ) ;
#1000 = ORIENTED_EDGE ( 'NONE', *, *, #419, .F. ) ;
#1001 = AXIS2_PLACEMENT_3D ( 'NONE', #1937, #278, #460 ) ;
#1002 = AXIS2_PLACEMENT_3D ( 'NONE', #1741, #115, #1096 ) ;
#1003 = CARTESIAN_POINT ( 'NONE',  ( 3.000000000000000000, -15.00000000000017941, -15.00000000000017053 ) ) ;
#1004 = VECTOR ( 'NONE', #816, 1000.000000000000000 ) ;
#1005 = CARTESIAN_POINT ( 'NONE',  ( 3.000000000000000000, 19.74999999999984368, 14.99999999999982947 ) ) ;
#1006 = ORIENTED_EDGE ( 'NONE', *, *, #357, .T. ) ;
#1007 = CYLINDRICAL_SURFACE ( 'NONE', #1593, 2.000000000000000000 ) ;
#1008 = ORIENTED_EDGE ( 'NONE', *, *, #855, .F. ) ;
#1009 = DIRECTION ( 'NONE',  ( 0.000000000000000000, 0.000000000000000000, -1.000000000000000000 ) ) ;
#1010 = APPLICATION_CONTEXT ( 'automotive_design' ) ;
#1011 = CIRCLE ( 'NONE', #223, 2.000000000000000000 ) ;
#1012 = EDGE_CURVE ( 'NONE', #199, #712, #381, .T. ) ;
#1013 = DIRECTION ( 'NONE',  ( -1.000000000000000000, 0.000000000000000000, 0.000000000000000000 ) ) ;
#1014 = VECTOR ( 'NONE', #862, 1000.000000000000000 ) ;
#1015 = DIRECTION ( 'NONE',  ( 1.000000000000000000, -0.000000000000000000, -0.000000000000000000 ) ) ;
#1016 = CARTESIAN_POINT ( 'NONE',  ( 3.000000000000000000, -15.00000000000017941, -19.75000000000017053 ) ) ;
#1017 = DIRECTION ( 'NONE',  ( 0.000000000000000000, 0.000000000000000000, -1.000000000000000000 ) ) ;
#1018 = DIRECTION ( 'NONE',  ( 0.000000000000000000, 0.000000000000000000, -1.000000000000000000 ) ) ;
#1019 = EDGE_LOOP ( 'NONE', ( #1310, #1093 ) ) ;
#1020 = CARTESIAN_POINT ( 'NONE',  ( 0.000000000000000000, 21.74999999999984723, -4.751111019676853786 ) ) ;
#1021 = CIRCLE ( 'NONE', #1578, 5.000000000000000888 ) ;
#1022 = EDGE_CURVE ( 'NONE', #480, #727, #1795, .T. ) ;
#1023 = ORIENTED_EDGE ( 'NONE', *, *, #1429, .T. ) ;
#1024 = EDGE_CURVE ( 'NONE', #1558, #519, #1693, .T. ) ;
#1025 = CARTESIAN_POINT ( 'NONE',  ( 3.000000000000000000, -19.75000000000016698, 6.751111019676514502 ) ) ;
#1026 = CARTESIAN_POINT ( 'NONE',  ( 0.000000000000000000, 5.499999999999866773, -7.877103387563685457E-16 ) ) ;
#1027 = DIRECTION ( 'NONE',  ( 0.000000000000000000, 0.000000000000000000, 1.000000000000000000 ) ) ;
#1028 = ORIENTED_EDGE ( 'NONE', *, *, #1129, .T. ) ;
#1029 = CARTESIAN_POINT ( 'NONE',  ( 0.000000000000000000, -15.00000000000016165, 14.99999999999982947 ) ) ;
#1030 = ORIENTED_EDGE ( 'NONE', *, *, #1345, .T. ) ;
#1031 = FACE_OUTER_BOUND ( 'NONE', #2051, .T. ) ;
#1032 = LINE ( 'NONE', #418, #1483 ) ;
#1033 = CIRCLE ( 'NONE', #110, 2.250000000000001776 ) ;
#1034 = EDGE_CURVE ( 'NONE', #1478, #1271, #856, .T. ) ;
#1035 = DIRECTION ( 'NONE',  ( -1.000000000000000000, -0.000000000000000000, -0.000000000000000000 ) ) ;
#1036 = AXIS2_PLACEMENT_3D ( 'NONE', #123, #1579, #778 ) ;
#1037 = CARTESIAN_POINT ( 'NONE',  ( 0.000000000000000000, -15.00000000000017941, -19.75000000000017053 ) ) ;
#1038 = VERTEX_POINT ( 'NONE', #1350 ) ;
#1039 = DIRECTION ( 'NONE',  ( -0.000000000000000000, -0.000000000000000000, 1.000000000000000000 ) ) ;
#1040 = ORIENTED_EDGE ( 'NONE', *, *, #997, .F. ) ;
#1041 = CARTESIAN_POINT ( 'NONE',  ( 18.95445179679157377, -22.27857142857159900, -4.822222156912099322 ) ) ;
#1042 = EDGE_CURVE ( 'NONE', #1254, #1986, #966, .T. ) ;
#1043 = ORIENTED_EDGE ( 'NONE', *, *, #766, .T. ) ;
#1044 = CARTESIAN_POINT ( 'NONE',  ( 2.999999999999999112, -23.60000000000015064, -1.747491040759996142E-13 ) ) ;
#1045 = FACE_OUTER_BOUND ( 'NONE', #918, .T. ) ;
#1046 = EDGE_CURVE ( 'NONE', #1111, #1304, #1248, .T. ) ;
#1047 = CIRCLE ( 'NONE', #977, 5.000000000000000888 ) ;
#1048 = PLANE ( 'NONE',  #1691 ) ;
#1049 = FACE_OUTER_BOUND ( 'NONE', #1700, .T. ) ;
#1050 = VERTEX_POINT ( 'NONE', #1194 ) ;
#1051 = LINE ( 'NONE', #1684, #301 ) ;
#1052 = ORIENTED_EDGE ( 'NONE', *, *, #1309, .T. ) ;
#1053 = AXIS2_PLACEMENT_3D ( 'NONE', #1249, #1710, #913 ) ;
#1054 = DIRECTION ( 'NONE',  ( 0.000000000000000000, 0.000000000000000000, 1.000000000000000000 ) ) ;
#1055 = ORIENTED_EDGE ( 'NONE', *, *, #1568, .F. ) ;
#1056 = ORIENTED_EDGE ( 'NONE', *, *, #1667, .T. ) ;
#1057 = DIRECTION ( 'NONE',  ( -1.000000000000000000, 0.000000000000000000, 0.000000000000000000 ) ) ;
#1058 = CARTESIAN_POINT ( 'NONE',  ( 2.999999999999999112, -1.427654291082565965E-13, 25.80614694161255329 ) ) ;
#1059 = AXIS2_PLACEMENT_3D ( 'NONE', #1636, #944, #809 ) ;
#1060 = LINE ( 'NONE', #1883, #113 ) ;
#1061 = FACE_OUTER_BOUND ( 'NONE', #1369, .T. ) ;
#1062 = VERTEX_POINT ( 'NONE', #1165 ) ;
#1063 = DIRECTION ( 'NONE',  ( 0.000000000000000000, 0.000000000000000000, 1.000000000000000000 ) ) ;
#1064 = ORIENTED_EDGE ( 'NONE', *, *, #282, .F. ) ;
#1065 = EDGE_CURVE ( 'NONE', #1168, #912, #721, .T. ) ;
#1066 = LINE ( 'NONE', #1722, #1436 ) ;
#1067 = ORIENTED_EDGE ( 'NONE', *, *, #142, .T. ) ;
#1068 = ADVANCED_FACE ( 'NONE', ( #372 ), #43, .F. ) ;
#1069 = ORIENTED_EDGE ( 'NONE', *, *, #545, .F. ) ;
#1070 = CARTESIAN_POINT ( 'NONE',  ( 2.999999999999999112, -21.75000000000017408, -6.751111019676867997 ) ) ;
#1071 = EDGE_CURVE ( 'NONE', #1888, #1213, #492, .T. ) ;
#1072 = CARTESIAN_POINT ( 'NONE',  ( 3.000000000000000000, -19.75000000000017764, -6.751111019676867997 ) ) ;
#1073 = DIRECTION ( 'NONE',  ( -1.000000000000000000, -0.000000000000000000, -0.000000000000000000 ) ) ;
#1074 = CYLINDRICAL_SURFACE ( 'NONE', #1602, 2.000000000000001776 ) ;
#1075 = CARTESIAN_POINT ( 'NONE',  ( 0.000000000000000000, -15.00000000000016165, 12.99999999999982947 ) ) ;
#1076 = ORIENTED_EDGE ( 'NONE', *, *, #1695, .T. ) ;
#1077 = CARTESIAN_POINT ( 'NONE',  ( 2.999999999999999112, -1.591855728988893469E-13, -33.40000000000016200 ) ) ;
#1078 = ORIENTED_EDGE ( 'NONE', *, *, #1192, .F. ) ;
#1079 = VERTEX_POINT ( 'NONE', #1673 ) ;
#1080 = CYLINDRICAL_SURFACE ( 'NONE', #319, 2.000000000000001776 ) ;
#1081 = VECTOR ( 'NONE', #476, 1000.000000000000000 ) ;
#1082 = DIRECTION ( 'NONE',  ( 1.000000000000000000, 0.000000000000000000, 0.000000000000000000 ) ) ;
#1083 = ORIENTED_EDGE ( 'NONE', *, *, #1371, .T. ) ;
#1084 = DIRECTION ( 'NONE',  ( 1.000000000000000000, 0.000000000000000000, 0.000000000000000000 ) ) ;
#1085 = EDGE_CURVE ( 'NONE', #1478, #1453, #1109, .T. ) ;
#1086 = FACE_BOUND ( 'NONE', #498, .T. ) ;
#1087 = AXIS2_PLACEMENT_3D ( 'NONE', #1233, #1884, #259 ) ;
#1088 = DIRECTION ( 'NONE',  ( -1.000000000000000000, -0.000000000000000000, -0.000000000000000000 ) ) ;
#1089 = ORIENTED_EDGE ( 'NONE', *, *, #1621, .T. ) ;
#1090 = CARTESIAN_POINT ( 'NONE',  ( 0.000000000000000000, 12.99999999999984368, 10.99999999999982947 ) ) ;
#1091 = ORIENTED_EDGE ( 'NONE', *, *, #1173, .F. ) ;
#1092 = AXIS2_PLACEMENT_3D ( 'NONE', #731, #582, #904 ) ;
#1093 = ORIENTED_EDGE ( 'NONE', *, *, #1394, .F. ) ;
#1094 = EDGE_CURVE ( 'NONE', #249, #727, #882, .T. ) ;
#1095 = EDGE_CURVE ( 'NONE', #1723, #752, #1717, .T. ) ;
#1096 = DIRECTION ( 'NONE',  ( 0.000000000000000000, 0.000000000000000000, 1.000000000000000000 ) ) ;
#1097 = DIRECTION ( 'NONE',  ( 1.000000000000000000, 0.000000000000000000, 0.000000000000000000 ) ) ;
#1098 = CYLINDRICAL_SURFACE ( 'NONE', #2084, 5.000000000000011546 ) ;
#1099 = ORIENTED_EDGE ( 'NONE', *, *, #1374, .T. ) ;
#1100 = DIRECTION ( 'NONE',  ( 1.000000000000000000, 0.000000000000000000, 0.000000000000000000 ) ) ;
#1101 = EDGE_LOOP ( 'NONE', ( #1327, #1926 ) ) ;
#1102 = EDGE_LOOP ( 'NONE', ( #304, #1787, #1209, #2036 ) ) ;
#1103 = CARTESIAN_POINT ( 'NONE',  ( 3.000000000000000000, -19.75000000000018119, -15.00000000000016875 ) ) ;
#1104 = DIRECTION ( 'NONE',  ( 1.000000000000000000, 0.000000000000000000, -0.000000000000000000 ) ) ;
#1105 = FACE_OUTER_BOUND ( 'NONE', #507, .T. ) ;
#1106 = VERTEX_POINT ( 'NONE', #940 ) ;
#1107 = DIRECTION ( 'NONE',  ( -1.000000000000000000, -0.000000000000000000, -0.000000000000000000 ) ) ;
#1108 = EDGE_CURVE ( 'NONE', #912, #767, #1965, .T. ) ;
#1109 = CIRCLE ( 'NONE', #764, 5.000000000000011546 ) ;
#1110 = SHAPE_DEFINITION_REPRESENTATION ( #981, #1654 ) ;
#1111 = VERTEX_POINT ( 'NONE', #599 ) ;
#1112 = VECTOR ( 'NONE', #493, 1000.000000000000000 ) ;
#1113 = DIRECTION ( 'NONE',  ( 0.000000000000000000, -5.782411586589357639E-16, -1.000000000000000000 ) ) ;
#1114 = CARTESIAN_POINT ( 'NONE',  ( 0.000000000000000000, -13.00000000000017941, 10.99999999999982947 ) ) ;
#1115 = ORIENTED_EDGE ( 'NONE', *, *, #377, .T. ) ;
#1116 = LINE ( 'NONE', #1560, #1004 ) ;
#1117 = ORIENTED_EDGE ( 'NONE', *, *, #892, .T. ) ;
#1118 = DIRECTION ( 'NONE',  ( -1.000000000000000000, 0.000000000000000000, 0.000000000000000000 ) ) ;
#1119 = AXIS2_PLACEMENT_3D ( 'NONE', #471, #820, #1796 ) ;
#1120 = EDGE_CURVE ( 'NONE', #712, #1807, #462, .T. ) ;
#1121 = LINE ( 'NONE', #1968, #1257 ) ;
#1122 = ORIENTED_EDGE ( 'NONE', *, *, #1361, .T. ) ;
#1123 = LINE ( 'NONE', #804, #2025 ) ;
#1124 = DIRECTION ( 'NONE',  ( 0.000000000000000000, 0.000000000000000000, 1.000000000000000000 ) ) ;
#1125 = LINE ( 'NONE', #4, #1112 ) ;
#1126 = ORIENTED_EDGE ( 'NONE', *, *, #748, .T. ) ;
#1127 = CARTESIAN_POINT ( 'NONE',  ( 3.000000000000000000, 14.99999999999983658, -15.00000000000017053 ) ) ;
#1128 = DIRECTION ( 'NONE',  ( -1.000000000000000000, -0.000000000000000000, -0.000000000000000000 ) ) ;
#1129 = EDGE_CURVE ( 'NONE', #519, #2077, #1338, .T. ) ;
#1130 = EDGE_CURVE ( 'NONE', #1416, #1905, #929, .T. ) ;
#1131 = VERTEX_POINT ( 'NONE', #1728 ) ;
#1132 = DIRECTION ( 'NONE',  ( 1.000000000000000000, 0.000000000000000000, -0.000000000000000000 ) ) ;
#1133 = DIRECTION ( 'NONE',  ( 1.000000000000000000, 0.000000000000000000, 0.000000000000000000 ) ) ;
#1134 = DIRECTION ( 'NONE',  ( 1.000000000000000000, 0.000000000000000000, 0.000000000000000000 ) ) ;
#1135 = ORIENTED_EDGE ( 'NONE', *, *, #1446, .T. ) ;
#1136 = DIRECTION ( 'NONE',  ( -1.000000000000000000, 0.000000000000000000, 0.000000000000000000 ) ) ;
#1137 = AXIS2_PLACEMENT_3D ( 'NONE', #585, #280, #895 ) ;
#1138 = DIRECTION ( 'NONE',  ( 1.000000000000000000, 0.000000000000000000, 0.000000000000000000 ) ) ;
#1139 = ORIENTED_EDGE ( 'NONE', *, *, #134, .T. ) ;
#1140 = CIRCLE ( 'NONE', #112, 2.000000000000001776 ) ;
#1141 = AXIS2_PLACEMENT_3D ( 'NONE', #1516, #698, #232 ) ;
#1142 = VECTOR ( 'NONE', #1817, 1000.000000000000000 ) ;
#1143 = DIRECTION ( 'NONE',  ( -1.000000000000000000, 0.000000000000000000, 0.000000000000000000 ) ) ;
#1144 = ADVANCED_FACE ( 'NONE', ( #1424 ), #2044, .T. ) ;
#1145 = CARTESIAN_POINT ( 'NONE',  ( 3.000000000000000000, 14.99999999999984368, 14.99999999999982947 ) ) ;
#1146 = ORIENTED_EDGE ( 'NONE', *, *, #934, .F. ) ;
#1147 = DIRECTION ( 'NONE',  ( 0.000000000000000000, 0.000000000000000000, 1.000000000000000000 ) ) ;
#1148 = DIRECTION ( 'NONE',  ( -1.000000000000000000, -0.000000000000000000, -0.000000000000000000 ) ) ;
#1149 = DIRECTION ( 'NONE',  ( 1.000000000000000000, 0.000000000000000000, 0.000000000000000000 ) ) ;
#1150 = AXIS2_PLACEMENT_3D ( 'NONE', #329, #1786, #1607 ) ;
#1151 = EDGE_LOOP ( 'NONE', ( #8, #2038 ) ) ;
#1152 = EDGE_CURVE ( 'NONE', #2059, #794, #1060, .T. ) ;
#1153 = VECTOR ( 'NONE', #1260, 1000.000000000000000 ) ;
#1154 = VECTOR ( 'NONE', #1088, 1000.000000000000000 ) ;
#1155 = AXIS2_PLACEMENT_3D ( 'NONE', #2009, #994, #1984 ) ;
#1156 = EDGE_CURVE ( 'NONE', #88, #767, #768, .T. ) ;
#1157 = EDGE_CURVE ( 'NONE', #1584, #807, #825, .T. ) ;
#1158 = DIRECTION ( 'NONE',  ( 1.000000000000000000, 0.000000000000000000, 0.000000000000000000 ) ) ;
#1159 = CARTESIAN_POINT ( 'NONE',  ( 0.000000000000000000, -1.427654291082565965E-13, 31.30614694161256395 ) ) ;
#1160 = ORIENTED_EDGE ( 'NONE', *, *, #429, .T. ) ;
#1161 = AXIS2_PLACEMENT_3D ( 'NONE', #262, #772, #553 ) ;
#1162 = FACE_OUTER_BOUND ( 'NONE', #1530, .T. ) ;
#1163 = ORIENTED_EDGE ( 'NONE', *, *, #1621, .F. ) ;
#1164 = CARTESIAN_POINT ( 'NONE',  ( -19.42221666030940952, 4.999999999999852562, -21.75000000000017764 ) ) ;
#1165 = CARTESIAN_POINT ( 'NONE',  ( 3.000000000000000000, 19.74999999999984368, 6.751111019676521607 ) ) ;
#1166 = CARTESIAN_POINT ( 'NONE',  ( 0.000000000000000000, 19.74999999999984368, 6.751111019676521607 ) ) ;
#1167 = ORIENTED_EDGE ( 'NONE', *, *, #172, .F. ) ;
#1168 = VERTEX_POINT ( 'NONE', #2069 ) ;
#1169 = DIRECTION ( 'NONE',  ( -1.000000000000000000, -0.000000000000000000, -0.000000000000000000 ) ) ;
#1170 = ORIENTED_EDGE ( 'NONE', *, *, #1085, .T. ) ;
#1171 = CARTESIAN_POINT ( 'NONE',  ( 0.000000000000000000, 14.99999999999983658, -15.00000000000017053 ) ) ;
#1172 = AXIS2_PLACEMENT_3D ( 'NONE', #969, #627, #1132 ) ;
#1173 = EDGE_CURVE ( 'NONE', #1986, #744, #909, .T. ) ;
#1174 = LINE ( 'NONE', #218, #1513 ) ;
#1175 = AXIS2_PLACEMENT_3D ( 'NONE', #335, #1643, #167 ) ;
#1176 = DIRECTION ( 'NONE',  ( 1.000000000000000000, 0.000000000000000000, 0.000000000000000000 ) ) ;
#1177 = CARTESIAN_POINT ( 'NONE',  ( 2.999999999999999112, 7.499999999999869438, 21.74999999999983302 ) ) ;
#1178 = VERTEX_POINT ( 'NONE', #1435 ) ;
#1179 = DIRECTION ( 'NONE',  ( 0.000000000000000000, 0.000000000000000000, 1.000000000000000000 ) ) ;
#1180 = EDGE_CURVE ( 'NONE', #1106, #484, #1569, .T. ) ;
#1181 = ORIENTED_EDGE ( 'NONE', *, *, #1095, .T. ) ;
#1182 = SURFACE_STYLE_FILL_AREA ( #31 ) ;
#1183 = ORIENTED_EDGE ( 'NONE', *, *, #788, .T. ) ;
#1184 = DIRECTION ( 'NONE',  ( 0.000000000000000000, 0.000000000000000000, 1.000000000000000000 ) ) ;
#1185 = CIRCLE ( 'NONE', #569, 3.000000000000000888 ) ;
#1186 = LINE ( 'NONE', #1026, #1401 ) ;
#1187 = FACE_OUTER_BOUND ( 'NONE', #1878, .T. ) ;
#1188 = ORIENTED_EDGE ( 'NONE', *, *, #1582, .T. ) ;
#1189 = LINE ( 'NONE', #1041, #1431 ) ;
#1190 = ORIENTED_EDGE ( 'NONE', *, *, #1740, .F. ) ;
#1191 = DIRECTION ( 'NONE',  ( -1.000000000000000000, 0.000000000000000000, 0.000000000000000000 ) ) ;
#1192 = EDGE_CURVE ( 'NONE', #484, #2005, #92, .T. ) ;
#1193 = ADVANCED_FACE ( 'NONE', ( #919 ), #443, .F. ) ;
#1194 = CARTESIAN_POINT ( 'NONE',  ( 3.000000000000000000, 10.99999999999984368, -13.00000000000017053 ) ) ;
#1195 = LINE ( 'NONE', #1332, #231 ) ;
#1196 = CARTESIAN_POINT ( 'NONE',  ( 18.95445179679157377, -1.427654291082565965E-13, 25.80614694161255329 ) ) ;
#1197 = ORIENTED_EDGE ( 'NONE', *, *, #13, .F. ) ;
#1198 = CARTESIAN_POINT ( 'NONE',  ( 18.95445179679157377, 23.59999999999984510, -1.658673198789983619E-13 ) ) ;
#1199 = EDGE_LOOP ( 'NONE', ( #2034, #1574, #267, #1873 ) ) ;
#1200 = CARTESIAN_POINT ( 'NONE',  ( 2.999999999999999112, 4.999999999999851674, -36.40000000000016911 ) ) ;
#1201 = CARTESIAN_POINT ( 'NONE',  ( 0.000000000000000000, -1.591855728988893469E-13, -33.40000000000016200 ) ) ;
#1202 = AXIS2_PLACEMENT_3D ( 'NONE', #312, #636, #1293 ) ;
#1203 = DIRECTION ( 'NONE',  ( 0.000000000000000000, 0.000000000000000000, -1.000000000000000000 ) ) ;
#1204 = CIRCLE ( 'NONE', #857, 2.250000000000001776 ) ;
#1205 = VECTOR ( 'NONE', #573, 1000.000000000000000 ) ;
#1206 = FACE_OUTER_BOUND ( 'NONE', #2049, .T. ) ;
#1207 = VECTOR ( 'NONE', #1015, 1000.000000000000000 ) ;
#1208 = ADVANCED_FACE ( 'NONE', ( #2056 ), #1749, .F. ) ;
#1209 = ORIENTED_EDGE ( 'NONE', *, *, #1024, .T. ) ;
#1210 = DIRECTION ( 'NONE',  ( 0.000000000000000000, 0.000000000000000000, -1.000000000000000000 ) ) ;
#1211 = ORIENTED_EDGE ( 'NONE', *, *, #1564, .T. ) ;
#1212 = CARTESIAN_POINT ( 'NONE',  ( 3.000000000000000000, -19.75000000000016342, 14.99999999999982947 ) ) ;
#1213 = VERTEX_POINT ( 'NONE', #1756 ) ;
#1214 = ORIENTED_EDGE ( 'NONE', *, *, #658, .F. ) ;
#1215 = DIRECTION ( 'NONE',  ( 1.000000000000000000, 0.000000000000000000, 0.000000000000000000 ) ) ;
#1216 = DIRECTION ( 'NONE',  ( 0.000000000000000000, 0.000000000000000000, 1.000000000000000000 ) ) ;
#1217 = AXIS2_PLACEMENT_3D ( 'NONE', #166, #333, #979 ) ;
#1218 = CARTESIAN_POINT ( 'NONE',  ( 0.000000000000000000, -23.60000000000015064, -1.747491040759996142E-13 ) ) ;
#1219 = DIRECTION ( 'NONE',  ( 0.000000000000000000, 0.000000000000000000, -1.000000000000000000 ) ) ;
#1220 = EDGE_CURVE ( 'NONE', #438, #519, #1932, .T. ) ;
#1221 = EDGE_LOOP ( 'NONE', ( #203, #22, #933, #1442 ) ) ;
#1222 = ADVANCED_FACE ( 'NONE', ( #245 ), #432, .F. ) ;
#1223 = PLANE ( 'NONE',  #338 ) ;
#1224 = ORIENTED_EDGE ( 'NONE', *, *, #1314, .T. ) ;
#1225 = AXIS2_PLACEMENT_3D ( 'NONE', #1196, #700, #681 ) ;
#1226 = AXIS2_PLACEMENT_3D ( 'NONE', #365, #851, #1018 ) ;
#1227 = DIRECTION ( 'NONE',  ( -1.000000000000000000, 0.000000000000000000, -0.000000000000000000 ) ) ;
#1228 = ORIENTED_EDGE ( 'NONE', *, *, #1908, .F. ) ;
#1229 = ORIENTED_EDGE ( 'NONE', *, *, #1266, .F. ) ;
#1230 = DIRECTION ( 'NONE',  ( -1.000000000000000000, -0.000000000000000000, -0.000000000000000000 ) ) ;
#1231 = DIRECTION ( 'NONE',  ( -1.000000000000000000, -0.000000000000000000, -0.000000000000000000 ) ) ;
#1232 = DIRECTION ( 'NONE',  ( 0.000000000000000000, 0.000000000000000000, 1.000000000000000000 ) ) ;
#1233 = CARTESIAN_POINT ( 'NONE',  ( 3.000000000000000000, -15.00000000000016165, 14.99999999999982947 ) ) ;
#1234 = LINE ( 'NONE', #1404, #1463 ) ;
#1235 = ORIENTED_EDGE ( 'NONE', *, *, #2004, .F. ) ;
#1236 = FACE_BOUND ( 'NONE', #1151, .T. ) ;
#1237 = ORIENTED_EDGE ( 'NONE', *, *, #1876, .T. ) ;
#1238 = EDGE_LOOP ( 'NONE', ( #210, #1241, #439, #504 ) ) ;
#1239 = CARTESIAN_POINT ( 'NONE',  ( 18.95445179679157377, -1.427654291082565965E-13, 25.80614694161255329 ) ) ;
#1240 = DIRECTION ( 'NONE',  ( -1.000000000000000000, 0.000000000000000000, 0.000000000000000000 ) ) ;
#1241 = ORIENTED_EDGE ( 'NONE', *, *, #1804, .T. ) ;
#1242 = AXIS2_PLACEMENT_3D ( 'NONE', #41, #1370, #557 ) ;
#1243 = DIRECTION ( 'NONE',  ( 0.000000000000000000, 1.000000000000000000, 0.000000000000000000 ) ) ;
#1244 = CARTESIAN_POINT ( 'NONE',  ( 3.000000000000000000, 14.99999999999984368, 14.99999999999982947 ) ) ;
#1245 = CARTESIAN_POINT ( 'NONE',  ( 2.999999999999999112, 23.59999999999984510, -1.658673198789983619E-13 ) ) ;
#1246 = ORIENTED_EDGE ( 'NONE', *, *, #1630, .F. ) ;
#1247 = AXIS2_PLACEMENT_3D ( 'NONE', #1647, #1343, #529 ) ;
#1248 = CIRCLE ( 'NONE', #595, 1.999999999999999112 ) ;
#1249 = CARTESIAN_POINT ( 'NONE',  ( 2.999999999999999112, -1.591855728988893469E-13, -36.40000000000016911 ) ) ;
#1250 = ORIENTED_EDGE ( 'NONE', *, *, #565, .T. ) ;
#1251 = ORIENTED_EDGE ( 'NONE', *, *, #894, .F. ) ;
#1252 = EDGE_CURVE ( 'NONE', #1062, #512, #1554, .T. ) ;
#1253 = ADVANCED_FACE ( 'NONE', ( #2098 ), #1611, .F. ) ;
#1254 = VERTEX_POINT ( 'NONE', #133 ) ;
#1255 = DIRECTION ( 'NONE',  ( -1.000000000000000000, -0.000000000000000000, 0.000000000000000000 ) ) ;
#1256 = DIRECTION ( 'NONE',  ( -1.000000000000000000, 0.000000000000000000, 0.000000000000000000 ) ) ;
#1257 = VECTOR ( 'NONE', #956, 1000.000000000000000 ) ;
#1258 = DIRECTION ( 'NONE',  ( 0.000000000000000000, 0.000000000000000000, -1.000000000000000000 ) ) ;
#1259 = EDGE_LOOP ( 'NONE', ( #1680, #730, #1863, #136 ) ) ;
#1260 = DIRECTION ( 'NONE',  ( 0.000000000000000000, -5.782411586589357639E-16, -1.000000000000000000 ) ) ;
#1261 = ORIENTED_EDGE ( 'NONE', *, *, #1361, .F. ) ;
#1262 = ORIENTED_EDGE ( 'NONE', *, *, #1889, .F. ) ;
#1263 = DIRECTION ( 'NONE',  ( 0.000000000000000000, 0.000000000000000000, -1.000000000000000000 ) ) ;
#1264 = AXIS2_PLACEMENT_3D ( 'NONE', #925, #1562, #578 ) ;
#1265 = LINE ( 'NONE', #1294, #1906 ) ;
#1266 = EDGE_CURVE ( 'NONE', #1826, #1638, #657, .T. ) ;
#1267 = CARTESIAN_POINT ( 'NONE',  ( 3.000000000000000000, -19.75000000000016342, 14.99999999999982947 ) ) ;
#1268 = ORIENTED_EDGE ( 'NONE', *, *, #1889, .T. ) ;
#1269 = DIRECTION ( 'NONE',  ( 0.000000000000000000, 0.000000000000000000, 1.000000000000000000 ) ) ;
#1270 = AXIS2_PLACEMENT_3D ( 'NONE', #1244, #1580, #723 ) ;
#1271 = VERTEX_POINT ( 'NONE', #368 ) ;
#1272 = DIRECTION ( 'NONE',  ( 1.000000000000000000, 0.000000000000000000, 0.000000000000000000 ) ) ;
#1273 = CARTESIAN_POINT ( 'NONE',  ( 3.000000000000000000, -15.00000000000017941, -15.00000000000017053 ) ) ;
#1274 = CARTESIAN_POINT ( 'NONE',  ( 3.000000000000000000, -15.00000000000017941, -19.75000000000017053 ) ) ;
#1275 = VERTEX_POINT ( 'NONE', #1959 ) ;
#1276 = AXIS2_PLACEMENT_3D ( 'NONE', #379, #1566, #542 ) ;
#1277 = CARTESIAN_POINT ( 'NONE',  ( 0.000000000000000000, -15.00000000000017941, -19.75000000000017053 ) ) ;
#1278 = FACE_OUTER_BOUND ( 'NONE', #1319, .T. ) ;
#1279 = VECTOR ( 'NONE', #893, 1000.000000000000000 ) ;
#1280 = AXIS2_PLACEMENT_3D ( 'NONE', #607, #1918, #453 ) ;
#1281 = ORIENTED_EDGE ( 'NONE', *, *, #1012, .F. ) ;
#1282 = CARTESIAN_POINT ( 'NONE',  ( 18.95445179679157377, -1.591855728988893469E-13, -36.40000000000016911 ) ) ;
#1283 = FACE_OUTER_BOUND ( 'NONE', #738, .T. ) ;
#1284 = CARTESIAN_POINT ( 'NONE',  ( 0.000000000000000000, 14.99999999999984368, 14.99999999999982947 ) ) ;
#1285 = ORIENTED_EDGE ( 'NONE', *, *, #161, .T. ) ;
#1286 = EDGE_CURVE ( 'NONE', #1843, #1905, #1940, .T. ) ;
#1287 = FACE_OUTER_BOUND ( 'NONE', #1366, .T. ) ;
#1288 = EDGE_CURVE ( 'NONE', #1958, #2014, #854, .T. ) ;
#1289 = AXIS2_PLACEMENT_3D ( 'NONE', #293, #1951, #124 ) ;
#1290 = DIRECTION ( 'NONE',  ( 0.000000000000000000, 0.000000000000000000, 1.000000000000000000 ) ) ;
#1291 = ORIENTED_EDGE ( 'NONE', *, *, #469, .F. ) ;
#1292 = VECTOR ( 'NONE', #1191, 1000.000000000000000 ) ;
#1293 = DIRECTION ( 'NONE',  ( 0.000000000000000000, 0.000000000000000000, -1.000000000000000000 ) ) ;
#1294 = CARTESIAN_POINT ( 'NONE',  ( 3.000000000000000000, 12.99999999999984368, 12.99999999999982947 ) ) ;
#1295 = LINE ( 'NONE', #1622, #1081 ) ;
#1296 = ORIENTED_EDGE ( 'NONE', *, *, #1836, .T. ) ;
#1297 = CARTESIAN_POINT ( 'NONE',  ( -19.42221666030940952, -5.000000000000170530, -36.40000000000016911 ) ) ;
#1298 = LINE ( 'NONE', #174, #361 ) ;
#1299 = ORIENTED_EDGE ( 'NONE', *, *, #577, .T. ) ;
#1300 = ADVANCED_FACE ( 'NONE', ( #320 ), #153, .F. ) ;
#1301 = DIRECTION ( 'NONE',  ( -1.000000000000000000, 0.000000000000000000, 0.000000000000000000 ) ) ;
#1302 = CARTESIAN_POINT ( 'NONE',  ( 2.999999999999999112, -22.27857142857159900, -4.822222156912100210 ) ) ;
#1303 = DIRECTION ( 'NONE',  ( -1.000000000000000000, 0.000000000000000000, 0.000000000000000000 ) ) ;
#1304 = VERTEX_POINT ( 'NONE', #1020 ) ;
#1305 = DIRECTION ( 'NONE',  ( -1.000000000000000000, -0.000000000000000000, -0.000000000000000000 ) ) ;
#1306 = ORIENTED_EDGE ( 'NONE', *, *, #1288, .T. ) ;
#1307 = AXIS2_PLACEMENT_3D ( 'NONE', #845, #795, #1502 ) ;
#1308 = DIRECTION ( 'NONE',  ( 0.000000000000000000, 1.432200615920705022E-16, 1.000000000000000000 ) ) ;
#1309 = EDGE_CURVE ( 'NONE', #1396, #938, #288, .T. ) ;
#1310 = ORIENTED_EDGE ( 'NONE', *, *, #1344, .F. ) ;
#1311 = VECTOR ( 'NONE', #350, 1000.000000000000000 ) ;
#1312 = VECTOR ( 'NONE', #1487, 1000.000000000000000 ) ;
#1313 = EDGE_CURVE ( 'NONE', #426, #199, #1679, .T. ) ;
#1314 = EDGE_CURVE ( 'NONE', #2096, #830, #1123, .T. ) ;
#1315 = CIRCLE ( 'NONE', #1596, 3.500000000000013323 ) ;
#1316 = DIRECTION ( 'NONE',  ( 1.000000000000000000, 0.000000000000000000, 0.000000000000000000 ) ) ;
#1317 = ORIENTED_EDGE ( 'NONE', *, *, #11, .T. ) ;
#1318 = DIRECTION ( 'NONE',  ( 1.000000000000000000, 0.000000000000000000, 0.000000000000000000 ) ) ;
#1319 = EDGE_LOOP ( 'NONE', ( #311, #18, #1886, #651 ) ) ;
#1320 = FACE_OUTER_BOUND ( 'NONE', #1665, .T. ) ;
#1321 = AXIS2_PLACEMENT_3D ( 'NONE', #1620, #1133, #972 ) ;
#1322 = ORIENTED_EDGE ( 'NONE', *, *, #377, .F. ) ;
#1323 = CIRCLE ( 'NONE', #1226, 2.000000000000000000 ) ;
#1324 = DIRECTION ( 'NONE',  ( -1.000000000000000000, 0.000000000000000000, 0.000000000000000000 ) ) ;
#1325 = DIRECTION ( 'NONE',  ( -1.000000000000000000, -0.000000000000000000, -0.000000000000000000 ) ) ;
#1326 = CARTESIAN_POINT ( 'NONE',  ( 0.000000000000000000, -13.00000000000017941, -11.00000000000017053 ) ) ;
#1327 = ORIENTED_EDGE ( 'NONE', *, *, #1157, .T. ) ;
#1328 = ORIENTED_EDGE ( 'NONE', *, *, #1157, .F. ) ;
#1329 = FACE_OUTER_BOUND ( 'NONE', #684, .T. ) ;
#1330 = ORIENTED_EDGE ( 'NONE', *, *, #2100, .F. ) ;
#1331 = CARTESIAN_POINT ( 'NONE',  ( 3.000000000000000000, -15.00000000000016165, 19.74999999999982947 ) ) ;
#1332 = CARTESIAN_POINT ( 'NONE',  ( 3.000000000000000000, -19.75000000000016342, 14.99999999999982947 ) ) ;
#1333 = EDGE_CURVE ( 'NONE', #865, #1760, #1927, .T. ) ;
#1334 = DIRECTION ( 'NONE',  ( 1.000000000000000000, 0.000000000000000000, 0.000000000000000000 ) ) ;
#1335 = ORIENTED_EDGE ( 'NONE', *, *, #107, .F. ) ;
#1336 = DIRECTION ( 'NONE',  ( -1.000000000000000000, 0.000000000000000000, 0.000000000000000000 ) ) ;
#1337 = EDGE_LOOP ( 'NONE', ( #364, #1755, #193, #302 ) ) ;
#1338 = CIRCLE ( 'NONE', #1036, 2.000000000000000000 ) ;
#1339 = MANIFOLD_SOLID_BREP ( 'Fillet2', #763 ) ;
#1340 = LINE ( 'NONE', #710, #1857 ) ;
#1341 = DIRECTION ( 'NONE',  ( -1.000000000000000000, 0.000000000000000000, 0.000000000000000000 ) ) ;
#1342 = CARTESIAN_POINT ( 'NONE',  ( 0.000000000000000000, -1.427654291082565965E-13, 25.80614694161255329 ) ) ;
#1343 = DIRECTION ( 'NONE',  ( -1.000000000000000000, -0.000000000000000000, -0.000000000000000000 ) ) ;
#1344 = EDGE_CURVE ( 'NONE', #1969, #423, #1373, .T. ) ;
#1345 = EDGE_CURVE ( 'NONE', #1807, #900, #1619, .T. ) ;
#1346 = CARTESIAN_POINT ( 'NONE',  ( 0.000000000000000000, -1.427654291082565965E-13, 29.30614694161256750 ) ) ;
#1347 = ORIENTED_EDGE ( 'NONE', *, *, #440, .T. ) ;
#1348 = LINE ( 'NONE', #2040, #897 ) ;
#1349 = AXIS2_PLACEMENT_3D ( 'NONE', #1273, #797, #1124 ) ;
#1350 = CARTESIAN_POINT ( 'NONE',  ( 2.999999999999999112, -23.60000000000015064, 4.999999999999826805 ) ) ;
#1351 = AXIS2_PLACEMENT_3D ( 'NONE', #1239, #1891, #1410 ) ;
#1352 = DIRECTION ( 'NONE',  ( 0.000000000000000000, 0.000000000000000000, -1.000000000000000000 ) ) ;
#1353 = CARTESIAN_POINT ( 'NONE',  ( 18.95445179679157377, -21.75000000000017408, -4.751111019676867997 ) ) ;
#1354 = ORIENTED_EDGE ( 'NONE', *, *, #775, .F. ) ;
#1355 = CARTESIAN_POINT ( 'NONE',  ( 0.000000000000000000, -11.00000000000017941, 10.99999999999982947 ) ) ;
#1356 = ORIENTED_EDGE ( 'NONE', *, *, #1130, .T. ) ;
#1357 = AXIS2_PLACEMENT_3D ( 'NONE', #108, #1745, #1595 ) ;
#1358 = CARTESIAN_POINT ( 'NONE',  ( 18.95445179679157377, -23.60000000000015064, 2.999999999999826805 ) ) ;
#1359 = VECTOR ( 'NONE', #351, 1000.000000000000000 ) ;
#1360 = CARTESIAN_POINT ( 'NONE',  ( 0.000000000000000000, 4.999999999999851674, -36.40000000000016911 ) ) ;
#1361 = EDGE_CURVE ( 'NONE', #157, #352, #724, .T. ) ;
#1362 = CARTESIAN_POINT ( 'NONE',  ( 0.000000000000000000, -23.60000000000015064, -1.747491040759996142E-13 ) ) ;
#1363 = DIRECTION ( 'NONE',  ( 0.000000000000000000, -1.000000000000000000, 0.000000000000000000 ) ) ;
#1364 = ORIENTED_EDGE ( 'NONE', *, *, #226, .T. ) ;
#1365 = CYLINDRICAL_SURFACE ( 'NONE', #159, 4.750000000000006217 ) ;
#1366 = EDGE_LOOP ( 'NONE', ( #675, #2039, #532, #326 ) ) ;
#1367 = CARTESIAN_POINT ( 'NONE',  ( 3.000000000000000000, -15.00000000000016165, 17.24999999999983302 ) ) ;
#1368 = ORIENTED_EDGE ( 'NONE', *, *, #195, .F. ) ;
#1369 = EDGE_LOOP ( 'NONE', ( #2115, #701, #367, #1291, #1613, #1577, #1237, #962, #1099, #2020, #261, #1391, #461, #1450, #1532, #853, #141, #1299, #2011, #1488, #716, #1261, #1000, #375, #1644, #951, #943, #1535, #1481, #87, #2123, #1861, #1747, #1317, #842 ) ) ;
#1370 = DIRECTION ( 'NONE',  ( 1.000000000000000000, 0.000000000000000000, 0.000000000000000000 ) ) ;
#1371 = EDGE_CURVE ( 'NONE', #1489, #1547, #760, .T. ) ;
#1372 = CARTESIAN_POINT ( 'NONE',  ( 0.000000000000000000, -15.00000000000016165, 19.74999999999982947 ) ) ;
#1373 = CIRCLE ( 'NONE', #459, 2.250000000000001776 ) ;
#1374 = EDGE_CURVE ( 'NONE', #1903, #1416, #568, .T. ) ;
#1375 = EDGE_CURVE ( 'NONE', #279, #1062, #1687, .T. ) ;
#1376 = DIRECTION ( 'NONE',  ( -1.000000000000000000, -0.000000000000000000, -0.000000000000000000 ) ) ;
#1377 = DIRECTION ( 'NONE',  ( -1.000000000000000000, 0.000000000000000000, 0.000000000000000000 ) ) ;
#1378 = ORIENTED_EDGE ( 'NONE', *, *, #543, .F. ) ;
#1379 = AXIS2_PLACEMENT_3D ( 'NONE', #982, #156, #1633 ) ;
#1380 = CARTESIAN_POINT ( 'NONE',  ( 3.000000000000000000, 14.99999999999983658, -15.00000000000017053 ) ) ;
#1381 = ORIENTED_EDGE ( 'NONE', *, *, #1400, .F. ) ;
#1382 = DIRECTION ( 'NONE',  ( 1.000000000000000000, -0.000000000000000000, -0.000000000000000000 ) ) ;
#1383 = ORIENTED_EDGE ( 'NONE', *, *, #833, .F. ) ;
#1384 = ORIENTED_EDGE ( 'NONE', *, *, #581, .T. ) ;
#1385 = CARTESIAN_POINT ( 'NONE',  ( 3.000000000000000000, -19.75000000000016342, 14.99999999999982947 ) ) ;
#1386 = CYLINDRICAL_SURFACE ( 'NONE', #939, 2.000000000000000000 ) ;
#1387 = VECTOR ( 'NONE', #812, 1000.000000000000000 ) ;
#1388 = DIRECTION ( 'NONE',  ( -1.000000000000000000, 0.000000000000000000, 0.000000000000000000 ) ) ;
#1389 = DIRECTION ( 'NONE',  ( 0.000000000000000000, 0.000000000000000000, -1.000000000000000000 ) ) ;
#1390 = CARTESIAN_POINT ( 'NONE',  ( 18.95445179679157377, -1.427654291082565965E-13, 25.80614694161255329 ) ) ;
#1391 = ORIENTED_EDGE ( 'NONE', *, *, #1406, .T. ) ;
#1392 = AXIS2_PLACEMENT_3D ( 'NONE', #422, #248, #911 ) ;
#1393 = CARTESIAN_POINT ( 'NONE',  ( 2.999999999999999112, 5.499999999999870326, 21.74999999999983302 ) ) ;
#1394 = EDGE_CURVE ( 'NONE', #423, #1969, #1033, .T. ) ;
#1395 = EDGE_LOOP ( 'NONE', ( #131, #1865, #40, #1262 ) ) ;
#1396 = VERTEX_POINT ( 'NONE', #891 ) ;
#1397 = CARTESIAN_POINT ( 'NONE',  ( 3.000000000000000000, -15.00000000000016165, 14.99999999999982947 ) ) ;
#1398 = DIRECTION ( 'NONE',  ( 0.000000000000000000, 0.000000000000000000, 1.000000000000000000 ) ) ;
#1399 = EDGE_LOOP ( 'NONE', ( #127, #1561, #753, #1752, #978, #240, #1550, #73 ) ) ;
#1400 = EDGE_CURVE ( 'NONE', #1168, #88, #34, .T. ) ;
#1401 = VECTOR ( 'NONE', #1497, 1000.000000000000000 ) ;
#1402 = DIRECTION ( 'NONE',  ( -0.000000000000000000, -1.000000000000000000, -0.000000000000000000 ) ) ;
#1403 = CARTESIAN_POINT ( 'NONE',  ( 3.000000000000000000, 14.99999999999984368, 12.74999999999983125 ) ) ;
#1404 = CARTESIAN_POINT ( 'NONE',  ( 18.95445179679157377, -1.423368027285550361E-13, 22.30614694161253908 ) ) ;
#1405 = ORIENTED_EDGE ( 'NONE', *, *, #1947, .F. ) ;
#1406 = EDGE_CURVE ( 'NONE', #1079, #50, #383, .T. ) ;
#1407 = LINE ( 'NONE', #1212, #1153 ) ;
#1408 = EDGE_LOOP ( 'NONE', ( #1439, #1167, #118, #175 ) ) ;
#1409 = EDGE_LOOP ( 'NONE', ( #852, #5, #341, #1083 ) ) ;
#1410 = DIRECTION ( 'NONE',  ( 0.000000000000000000, 0.000000000000000000, 1.000000000000000000 ) ) ;
#1411 = DIRECTION ( 'NONE',  ( 0.000000000000000000, -5.782411586589357639E-16, -1.000000000000000000 ) ) ;
#1412 = ORIENTED_EDGE ( 'NONE', *, *, #1995, .F. ) ;
#1413 = CARTESIAN_POINT ( 'NONE',  ( 0.000000000000000000, -7.500000000000155431, 19.74999999999982947 ) ) ;
#1414 = FACE_BOUND ( 'NONE', #1399, .T. ) ;
#1415 = LINE ( 'NONE', #283, #1154 ) ;
#1416 = VERTEX_POINT ( 'NONE', #2053 ) ;
#1417 = AXIS2_PLACEMENT_3D ( 'NONE', #1355, #20, #1825 ) ;
#1418 = VECTOR ( 'NONE', #395, 1000.000000000000000 ) ;
#1419 = FACE_BOUND ( 'NONE', #1575, .T. ) ;
#1420 = ORIENTED_EDGE ( 'NONE', *, *, #458, .T. ) ;
#1421 = ADVANCED_FACE ( 'NONE', ( #215 ), #1080, .F. ) ;
#1422 = EDGE_LOOP ( 'NONE', ( #2107, #1467 ) ) ;
#1423 = EDGE_CURVE ( 'NONE', #148, #1835, #74, .T. ) ;
#1424 = FACE_OUTER_BOUND ( 'NONE', #1805, .T. ) ;
#1425 = CARTESIAN_POINT ( 'NONE',  ( 3.000000000000000000, 14.99999999999983658, -12.75000000000016342 ) ) ;
#1426 = VECTOR ( 'NONE', #1480, 1000.000000000000000 ) ;
#1427 = DIRECTION ( 'NONE',  ( -1.000000000000000000, -0.000000000000000000, -0.000000000000000000 ) ) ;
#1428 = ORIENTED_EDGE ( 'NONE', *, *, #282, .T. ) ;
#1429 = EDGE_CURVE ( 'NONE', #1688, #1826, #1348, .T. ) ;
#1430 = FACE_BOUND ( 'NONE', #385, .T. ) ;
#1431 = VECTOR ( 'NONE', #530, 1000.000000000000000 ) ;
#1432 = AXIS2_PLACEMENT_3D ( 'NONE', #221, #562, #1063 ) ;
#1433 = CIRCLE ( 'NONE', #1640, 2.000000000000000000 ) ;
#1434 = ORIENTED_EDGE ( 'NONE', *, *, #1423, .T. ) ;
#1435 = CARTESIAN_POINT ( 'NONE',  ( 0.000000000000000000, -15.00000000000016165, 12.74999999999982769 ) ) ;
#1436 = VECTOR ( 'NONE', #275, 1000.000000000000000 ) ;
#1437 = CARTESIAN_POINT ( 'NONE',  ( 18.95445179679157377, -23.60000000000015064, -1.747491040759996142E-13 ) ) ;
#1438 = DIRECTION ( 'NONE',  ( 0.000000000000000000, 0.000000000000000000, -1.000000000000000000 ) ) ;
#1439 = ORIENTED_EDGE ( 'NONE', *, *, #11, .F. ) ;
#1440 = CARTESIAN_POINT ( 'NONE',  ( 3.000000000000000000, -19.75000000000016342, 14.99999999999982947 ) ) ;
#1441 = CARTESIAN_POINT ( 'NONE',  ( 2.999999999999999112, -21.75000000000016698, 6.751111019676516278 ) ) ;
#1442 = ORIENTED_EDGE ( 'NONE', *, *, #970, .F. ) ;
#1443 = EDGE_CURVE ( 'NONE', #235, #1903, #349, .T. ) ;
#1444 = ADVANCED_FACE ( 'NONE', ( #1031 ), #707, .F. ) ;
#1445 = DIRECTION ( 'NONE',  ( 1.000000000000000000, -0.000000000000000000, -0.000000000000000000 ) ) ;
#1446 = EDGE_CURVE ( 'NONE', #1275, #1304, #392, .T. ) ;
#1447 = DIRECTION ( 'NONE',  ( 0.000000000000000000, 0.000000000000000000, 1.000000000000000000 ) ) ;
#1448 = ORIENTED_EDGE ( 'NONE', *, *, #1564, .F. ) ;
#1449 = DIRECTION ( 'NONE',  ( 0.000000000000000000, 0.000000000000000000, -1.000000000000000000 ) ) ;
#1450 = ORIENTED_EDGE ( 'NONE', *, *, #1085, .F. ) ;
#1451 = DIRECTION ( 'NONE',  ( 0.000000000000000000, 0.000000000000000000, -1.000000000000000000 ) ) ;
#1452 = CARTESIAN_POINT ( 'NONE',  ( 3.000000000000000000, 7.499999999999871214, 19.74999999999982947 ) ) ;
#1453 = VERTEX_POINT ( 'NONE', #1714 ) ;
#1454 = AXIS2_PLACEMENT_3D ( 'NONE', #137, #790, #1449 ) ;
#1455 = CARTESIAN_POINT ( 'NONE',  ( 2.999999999999999112, 23.59999999999984510, -1.658673198789983619E-13 ) ) ;
#1456 = CARTESIAN_POINT ( 'NONE',  ( 0.000000000000000000, 21.74999999999984723, 6.751111019676522496 ) ) ;
#1457 = CARTESIAN_POINT ( 'NONE',  ( 18.95445179679157377, -23.60000000000015064, -1.747491040759996142E-13 ) ) ;
#1458 = EDGE_LOOP ( 'NONE', ( #1197, #653, #494, #1797 ) ) ;
#1459 = CYLINDRICAL_SURFACE ( 'NONE', #1059, 5.500000000000011546 ) ;
#1460 = EDGE_CURVE ( 'NONE', #109, #1038, #1946, .T. ) ;
#1461 = CARTESIAN_POINT ( 'NONE',  ( 18.95445179679157377, -1.591855728988893469E-13, -33.40000000000016200 ) ) ;
#1462 = VERTEX_POINT ( 'NONE', #1551 ) ;
#1463 = VECTOR ( 'NONE', #575, 1000.000000000000000 ) ;
#1464 = SURFACE_STYLE_USAGE ( .BOTH. , #143 ) ;
#1465 = CARTESIAN_POINT ( 'NONE',  ( 3.000000000000000000, 14.99999999999983658, -12.75000000000016342 ) ) ;
#1466 = CARTESIAN_POINT ( 'NONE',  ( 0.000000000000000000, -15.00000000000016165, 19.74999999999982947 ) ) ;
#1467 = ORIENTED_EDGE ( 'NONE', *, *, #369, .F. ) ;
#1468 = EDGE_CURVE ( 'NONE', #1778, #480, #253, .T. ) ;
#1469 = CARTESIAN_POINT ( 'NONE',  ( 0.000000000000000000, -5.500000000000156319, 21.74999999999983302 ) ) ;
#1470 = CIRCLE ( 'NONE', #1540, 5.000000000000000888 ) ;
#1471 = ORIENTED_EDGE ( 'NONE', *, *, #1716, .T. ) ;
#1472 = ADVANCED_FACE ( 'NONE', ( #1844 ), #76, .F. ) ;
#1473 = CARTESIAN_POINT ( 'NONE',  ( -3.000000000000000000, 10.99999999999984190, 10.99999999999982947 ) ) ;
#1474 = ORIENTED_EDGE ( 'NONE', *, *, #734, .F. ) ;
#1475 = CARTESIAN_POINT ( 'NONE',  ( 0.000000000000000000, -1.423368027285550361E-13, 22.30614694161253908 ) ) ;
#1476 = EDGE_LOOP ( 'NONE', ( #834, #1296, #101, #315 ) ) ;
#1477 = CARTESIAN_POINT ( 'NONE',  ( 0.000000000000000000, 22.27857142857127215, 4.822222156911754709 ) ) ;
#1478 = VERTEX_POINT ( 'NONE', #1200 ) ;
#1479 = VECTOR ( 'NONE', #1113, 1000.000000000000000 ) ;
#1480 = DIRECTION ( 'NONE',  ( -1.000000000000000000, 0.000000000000000000, 0.000000000000000000 ) ) ;
#1481 = ORIENTED_EDGE ( 'NONE', *, *, #1598, .T. ) ;
#1482 = CIRCLE ( 'NONE', #687, 2.000000000000000000 ) ;
#1483 = VECTOR ( 'NONE', #229, 1000.000000000000000 ) ;
#1484 = EDGE_CURVE ( 'NONE', #63, #1453, #742, .T. ) ;
#1485 = FACE_OUTER_BOUND ( 'NONE', #477, .T. ) ;
#1486 = CARTESIAN_POINT ( 'NONE',  ( 18.95445179679157377, 21.74999999999984723, -6.751111019676853786 ) ) ;
#1487 = DIRECTION ( 'NONE',  ( -0.000000000000000000, -0.000000000000000000, 1.000000000000000000 ) ) ;
#1488 = ORIENTED_EDGE ( 'NONE', *, *, #1784, .T. ) ;
#1489 = VERTEX_POINT ( 'NONE', #417 ) ;
#1490 = DIRECTION ( 'NONE',  ( -1.000000000000000000, -0.000000000000000000, -0.000000000000000000 ) ) ;
#1491 = VECTOR ( 'NONE', #1921, 1000.000000000000000 ) ;
#1492 = ORIENTED_EDGE ( 'NONE', *, *, #80, .F. ) ;
#1493 = AXIS2_PLACEMENT_3D ( 'NONE', #518, #1720, #1831 ) ;
#1494 = CIRCLE ( 'NONE', #1606, 5.000000000000000888 ) ;
#1495 = ADVANCED_FACE ( 'NONE', ( #1701 ), #227, .F. ) ;
#1496 = DIRECTION ( 'NONE',  ( -1.000000000000000000, -0.000000000000000000, -0.000000000000000000 ) ) ;
#1497 = DIRECTION ( 'NONE',  ( 0.000000000000000000, -1.432200615920704775E-16, -1.000000000000000000 ) ) ;
#1498 = DIRECTION ( 'NONE',  ( -0.000000000000000000, 2.312964634635741478E-16, 1.000000000000000000 ) ) ;
#1499 = ORIENTED_EDGE ( 'NONE', *, *, #2076, .F. ) ;
#1500 = CARTESIAN_POINT ( 'NONE',  ( 3.000000000000000000, -15.00000000000017941, -12.75000000000017053 ) ) ;
#1501 = EDGE_LOOP ( 'NONE', ( #387, #1163, #781, #2102 ) ) ;
#1502 = DIRECTION ( 'NONE',  ( 0.000000000000000000, 0.000000000000000000, -1.000000000000000000 ) ) ;
#1503 = ADVANCED_FACE ( 'NONE', ( #754 ), #2063, .F. ) ;
#1504 = ADVANCED_FACE ( 'NONE', ( #1519 ), #690, .F. ) ;
#1505 = CARTESIAN_POINT ( 'NONE',  ( 0.000000000000000000, -5.000000000000170530, -36.40000000000016911 ) ) ;
#1506 = DIRECTION ( 'NONE',  ( 0.000000000000000000, 0.000000000000000000, -1.000000000000000000 ) ) ;
#1507 = CARTESIAN_POINT ( 'NONE',  ( 3.000000000000000000, 10.99999999999983480, 12.99999999999982947 ) ) ;
#1508 = ORIENTED_EDGE ( 'NONE', *, *, #1446, .F. ) ;
#1509 = CARTESIAN_POINT ( 'NONE',  ( 0.000000000000000000, -13.00000000000017941, 14.99999999999982947 ) ) ;
#1510 = VECTOR ( 'NONE', #1689, 1000.000000000000000 ) ;
#1511 = VERTEX_POINT ( 'NONE', #885 ) ;
#1512 = CARTESIAN_POINT ( 'NONE',  ( 0.000000000000000000, 23.59999999999984510, -1.658673198789983619E-13 ) ) ;
#1513 = VECTOR ( 'NONE', #1013, 1000.000000000000000 ) ;
#1514 = ORIENTED_EDGE ( 'NONE', *, *, #619, .T. ) ;
#1515 = AXIS2_PLACEMENT_3D ( 'NONE', #867, #1240, #1216 ) ;
#1516 = CARTESIAN_POINT ( 'NONE',  ( 3.000000000000000000, -15.00000000000017941, -15.00000000000017053 ) ) ;
#1517 = CIRCLE ( 'NONE', #1731, 3.500000000000013323 ) ;
#1518 = CARTESIAN_POINT ( 'NONE',  ( 0.000000000000000000, -15.00000000000016165, 14.99999999999982947 ) ) ;
#1519 = FACE_OUTER_BOUND ( 'NONE', #371, .T. ) ;
#1520 = ORIENTED_EDGE ( 'NONE', *, *, #466, .T. ) ;
#1521 = DIRECTION ( 'NONE',  ( 1.000000000000000000, 0.000000000000000000, 0.000000000000000000 ) ) ;
#1522 = EDGE_LOOP ( 'NONE', ( #580, #1, #1126, #1229 ) ) ;
#1523 = EDGE_CURVE ( 'NONE', #871, #725, #1850, .T. ) ;
#1524 = DIRECTION ( 'NONE',  ( -1.000000000000000000, -0.000000000000000000, -0.000000000000000000 ) ) ;
#1525 = VECTOR ( 'NONE', #1799, 1000.000000000000000 ) ;
#1526 = FACE_OUTER_BOUND ( 'NONE', #593, .T. ) ;
#1527 = DIRECTION ( 'NONE',  ( -1.000000000000000000, 0.000000000000000000, 0.000000000000000000 ) ) ;
#1528 = CIRCLE ( 'NONE', #366, 2.249999999999998668 ) ;
#1529 = CARTESIAN_POINT ( 'NONE',  ( 0.000000000000000000, -1.591855728988893469E-13, -36.40000000000016911 ) ) ;
#1530 = EDGE_LOOP ( 'NONE', ( #953, #404, #927, #1659 ) ) ;
#1531 = DIRECTION ( 'NONE',  ( -1.000000000000000000, 0.000000000000000000, 0.000000000000000000 ) ) ;
#1532 = ORIENTED_EDGE ( 'NONE', *, *, #1034, .T. ) ;
#1533 = ADVANCED_FACE ( 'NONE', ( #1187 ), #841, .T. ) ;
#1534 = CARTESIAN_POINT ( 'NONE',  ( 18.95445179679157377, -23.60000000000015064, -5.000000000000174971 ) ) ;
#1535 = ORIENTED_EDGE ( 'NONE', *, *, #195, .T. ) ;
#1536 = EDGE_CURVE ( 'NONE', #1565, #525, #2007, .T. ) ;
#1537 = ORIENTED_EDGE ( 'NONE', *, *, #2018, .F. ) ;
#1538 = AXIS2_PLACEMENT_3D ( 'NONE', #975, #470, #1451 ) ;
#1539 = CARTESIAN_POINT ( 'NONE',  ( 3.000000000000000000, -7.000000000000171418, -21.75000000000017408 ) ) ;
#1540 = AXIS2_PLACEMENT_3D ( 'NONE', #632, #1305, #1945 ) ;
#1541 = LINE ( 'NONE', #1360, #2070 ) ;
#1542 = CARTESIAN_POINT ( 'NONE',  ( 0.000000000000000000, 12.99999999999984190, 10.99999999999982947 ) ) ;
#1543 = AXIS2_PLACEMENT_3D ( 'NONE', #1909, #444, #586 ) ;
#1544 = DIRECTION ( 'NONE',  ( -0.000000000000000000, -0.000000000000000000, -1.000000000000000000 ) ) ;
#1545 = ORIENTED_EDGE ( 'NONE', *, *, #1375, .F. ) ;
#1546 = LINE ( 'NONE', #2021, #1014 ) ;
#1547 = VERTEX_POINT ( 'NONE', #363 ) ;
#1548 = CARTESIAN_POINT ( 'NONE',  ( 3.000000000000000000, 10.99999999999984190, 12.99999999999982947 ) ) ;
#1549 = ORIENTED_EDGE ( 'NONE', *, *, #1523, .F. ) ;
#1550 = ORIENTED_EDGE ( 'NONE', *, *, #766, .F. ) ;
#1551 = CARTESIAN_POINT ( 'NONE',  ( 0.000000000000000000, -21.75000000000017408, -4.751111019676867997 ) ) ;
#1552 = CARTESIAN_POINT ( 'NONE',  ( 0.000000000000000000, 19.74999999999984368, 14.99999999999982947 ) ) ;
#1553 = AXIS2_PLACEMENT_3D ( 'NONE', #265, #427, #406 ) ;
#1554 = LINE ( 'NONE', #1996, #549 ) ;
#1555 = VECTOR ( 'NONE', #1411, 1000.000000000000000 ) ;
#1556 = VECTOR ( 'NONE', #686, 1000.000000000000000 ) ;
#1557 = LINE ( 'NONE', #2033, #188 ) ;
#1558 = VERTEX_POINT ( 'NONE', #1839 ) ;
#1559 = CIRCLE ( 'NONE', #1899, 2.249999999999998668 ) ;
#1560 = CARTESIAN_POINT ( 'NONE',  ( -19.42221666030940952, -5.000000000000170530, -21.75000000000017408 ) ) ;
#1561 = ORIENTED_EDGE ( 'NONE', *, *, #655, .T. ) ;
#1562 = DIRECTION ( 'NONE',  ( 0.000000000000000000, 1.000000000000000000, -5.209379807738162522E-17 ) ) ;
#1563 = VERTEX_POINT ( 'NONE', #386 ) ;
#1564 = EDGE_CURVE ( 'NONE', #673, #1079, #1051, .T. ) ;
#1565 = VERTEX_POINT ( 'NONE', #2000 ) ;
#1566 = DIRECTION ( 'NONE',  ( -1.000000000000000000, 0.000000000000000000, 0.000000000000000000 ) ) ;
#1567 = LINE ( 'NONE', #90, #1555 ) ;
#1568 = EDGE_CURVE ( 'NONE', #512, #1958, #209, .T. ) ;
#1569 = LINE ( 'NONE', #1413, #2030 ) ;
#1570 = CARTESIAN_POINT ( 'NONE',  ( 0.000000000000000000, -1.591855728988893469E-13, -36.40000000000016911 ) ) ;
#1571 = CYLINDRICAL_SURFACE ( 'NONE', #54, 2.000000000000000888 ) ;
#1572 = EDGE_LOOP ( 'NONE', ( #831, #1412 ) ) ;
#1573 = FACE_BOUND ( 'NONE', #1572, .T. ) ;
#1574 = ORIENTED_EDGE ( 'NONE', *, *, #565, .F. ) ;
#1575 = EDGE_LOOP ( 'NONE', ( #1471, #1268 ) ) ;
#1576 = DIRECTION ( 'NONE',  ( -1.000000000000000000, -0.000000000000000000, -0.000000000000000000 ) ) ;
#1577 = ORIENTED_EDGE ( 'NONE', *, *, #394, .F. ) ;
#1578 = AXIS2_PLACEMENT_3D ( 'NONE', #537, #1341, #1674 ) ;
#1579 = DIRECTION ( 'NONE',  ( 1.000000000000000000, 0.000000000000000000, 0.000000000000000000 ) ) ;
#1580 = DIRECTION ( 'NONE',  ( -1.000000000000000000, -0.000000000000000000, -0.000000000000000000 ) ) ;
#1581 = ADVANCED_FACE ( 'NONE', ( #59 ), #1223, .F. ) ;
#1582 = EDGE_CURVE ( 'NONE', #1511, #1793, #2043, .T. ) ;
#1583 = DIRECTION ( 'NONE',  ( -1.000000000000000000, -0.000000000000000000, -0.000000000000000000 ) ) ;
#1584 = VERTEX_POINT ( 'NONE', #849 ) ;
#1585 = CYLINDRICAL_SURFACE ( 'NONE', #448, 5.000000000000000888 ) ;
#1586 = VERTEX_POINT ( 'NONE', #1507 ) ;
#1587 = EDGE_LOOP ( 'NONE', ( #163, #2061 ) ) ;
#1588 = MECHANICAL_DESIGN_GEOMETRIC_PRESENTATION_REPRESENTATION (  '', ( #177 ), #1822 ) ;
#1589 = CARTESIAN_POINT ( 'NONE',  ( 3.000000000000000000, -15.00000000000017941, -15.00000000000017053 ) ) ;
#1590 = DIRECTION ( 'NONE',  ( -1.000000000000000000, 0.000000000000000000, 0.000000000000000000 ) ) ;
#1591 = CARTESIAN_POINT ( 'NONE',  ( 18.95445179679157377, 21.74999999999984723, 6.751111019676522496 ) ) ;
#1592 = ORIENTED_EDGE ( 'NONE', *, *, #1288, .F. ) ;
#1593 = AXIS2_PLACEMENT_3D ( 'NONE', #864, #224, #29 ) ;
#1594 = CIRCLE ( 'NONE', #1141, 2.250000000000000444 ) ;
#1595 = DIRECTION ( 'NONE',  ( 0.000000000000000000, 0.000000000000000000, -1.000000000000000000 ) ) ;
#1596 = AXIS2_PLACEMENT_3D ( 'NONE', #1058, #2042, #1882 ) ;
#1597 = PRODUCT_CONTEXT ( 'NONE', #23, 'mechanical' ) ;
#1598 = EDGE_CURVE ( 'NONE', #900, #199, #1808, .T. ) ;
#1599 = ORIENTED_EDGE ( 'NONE', *, *, #1568, .T. ) ;
#1600 = CARTESIAN_POINT ( 'NONE',  ( 0.000000000000000000, 7.499999999999869438, 21.74999999999983302 ) ) ;
#1601 = CARTESIAN_POINT ( 'NONE',  ( 3.000000000000000000, -19.75000000000016342, 14.99999999999982947 ) ) ;
#1602 = AXIS2_PLACEMENT_3D ( 'NONE', #1730, #960, #805 ) ;
#1603 = CARTESIAN_POINT ( 'NONE',  ( 2.999999999999999112, 21.74999999999984723, -6.751111019676853786 ) ) ;
#1604 = ORIENTED_EDGE ( 'NONE', *, *, #894, .T. ) ;
#1605 = DIRECTION ( 'NONE',  ( 0.000000000000000000, 5.782411586589357639E-16, 1.000000000000000000 ) ) ;
#1606 = AXIS2_PLACEMENT_3D ( 'NONE', #1814, #200, #1179 ) ;
#1607 = DIRECTION ( 'NONE',  ( 0.000000000000000000, 0.000000000000000000, 1.000000000000000000 ) ) ;
#1608 = ADVANCED_FACE ( 'NONE', ( #36 ), #1365, .T. ) ;
#1609 = CARTESIAN_POINT ( 'NONE',  ( 0.000000000000000000, 0.000000000000000000, 0.000000000000000000 ) ) ;
#1610 = EDGE_LOOP ( 'NONE', ( #430, #1931, #1170, #1813 ) ) ;
#1611 = CYLINDRICAL_SURFACE ( 'NONE', #1893, 3.000000000000009770 ) ;
#1612 = DIRECTION ( 'NONE',  ( 1.000000000000000000, 0.000000000000000000, 0.000000000000000000 ) ) ;
#1613 = ORIENTED_EDGE ( 'NONE', *, *, #1460, .F. ) ;
#1614 = DIRECTION ( 'NONE',  ( 1.000000000000000000, 0.000000000000000000, 0.000000000000000000 ) ) ;
#1615 = ORIENTED_EDGE ( 'NONE', *, *, #1374, .F. ) ;
#1616 = LINE ( 'NONE', #296, #709 ) ;
#1617 = FACE_OUTER_BOUND ( 'NONE', #1901, .T. ) ;
#1618 = ORIENTED_EDGE ( 'NONE', *, *, #1536, .F. ) ;
#1619 = LINE ( 'NONE', #949, #1657 ) ;
#1620 = CARTESIAN_POINT ( 'NONE',  ( 0.000000000000000000, 10.99999999999984368, -11.00000000000017053 ) ) ;
#1621 = EDGE_CURVE ( 'NONE', #1778, #249, #1775, .T. ) ;
#1622 = CARTESIAN_POINT ( 'NONE',  ( 3.000000000000000000, 14.99999999999984368, 12.74999999999983125 ) ) ;
#1623 = ORIENTED_EDGE ( 'NONE', *, *, #521, .F. ) ;
#1624 = DIRECTION ( 'NONE',  ( 0.000000000000000000, 0.000000000000000000, 1.000000000000000000 ) ) ;
#1625 = VECTOR ( 'NONE', #1255, 1000.000000000000000 ) ;
#1626 = DIRECTION ( 'NONE',  ( 0.000000000000000000, 1.000000000000000000, 0.000000000000000000 ) ) ;
#1627 = ORIENTED_EDGE ( 'NONE', *, *, #747, .T. ) ;
#1628 = CIRCLE ( 'NONE', #256, 2.249999999999998668 ) ;
#1629 = DIRECTION ( 'NONE',  ( 1.000000000000000000, 0.000000000000000000, 0.000000000000000000 ) ) ;
#1630 = EDGE_CURVE ( 'NONE', #352, #1111, #1546, .T. ) ;
#1631 = LINE ( 'NONE', #930, #1868 ) ;
#1632 = EDGE_CURVE ( 'NONE', #235, #1462, #551, .T. ) ;
#1633 = DIRECTION ( 'NONE',  ( 0.000000000000000000, 0.000000000000000000, 1.000000000000000000 ) ) ;
#1634 = ORIENTED_EDGE ( 'NONE', *, *, #734, .T. ) ;
#1635 = AXIS2_PLACEMENT_3D ( 'NONE', #711, #56, #1389 ) ;
#1636 = CARTESIAN_POINT ( 'NONE',  ( 18.95445179679157377, -1.427654291082565965E-13, 25.80614694161255329 ) ) ;
#1637 = DIRECTION ( 'NONE',  ( 0.000000000000000000, 0.000000000000000000, 1.000000000000000000 ) ) ;
#1638 = VERTEX_POINT ( 'NONE', #2010 ) ;
#1639 = AXIS2_PLACEMENT_3D ( 'NONE', #872, #1531, #45 ) ;
#1640 = AXIS2_PLACEMENT_3D ( 'NONE', #362, #1097, #1860 ) ;
#1641 = CARTESIAN_POINT ( 'NONE',  ( 3.000000000000000000, 14.99999999999984368, 17.24999999999982947 ) ) ;
#1642 = VECTOR ( 'NONE', #1774, 1000.000000000000000 ) ;
#1643 = DIRECTION ( 'NONE',  ( -1.000000000000000000, -0.000000000000000000, -0.000000000000000000 ) ) ;
#1644 = ORIENTED_EDGE ( 'NONE', *, *, #1375, .T. ) ;
#1645 = CARTESIAN_POINT ( 'NONE',  ( 18.95445179679157377, -23.60000000000015064, -1.747491040759996142E-13 ) ) ;
#1646 = CIRCLE ( 'NONE', #114, 5.000000000000000888 ) ;
#1647 = CARTESIAN_POINT ( 'NONE',  ( 3.000000000000000000, 14.99999999999983658, -15.00000000000017053 ) ) ;
#1648 = DIRECTION ( 'NONE',  ( 0.000000000000000000, 1.000000000000000000, -1.432200615920705022E-16 ) ) ;
#1649 = VERTEX_POINT ( 'NONE', #538 ) ;
#1650 = ADVANCED_FACE ( 'NONE', ( #726 ), #1697, .T. ) ;
#1651 = CIRCLE ( 'NONE', #889, 2.000000000000000000 ) ;
#1652 = CARTESIAN_POINT ( 'NONE',  ( 18.95445179679157377, 21.74999999999984723, -6.751111019676853786 ) ) ;
#1653 = DIRECTION ( 'NONE',  ( -1.000000000000000000, 0.000000000000000000, 0.000000000000000000 ) ) ;
#1654 = ADVANCED_BREP_SHAPE_REPRESENTATION ( 'bee stinger', ( #1339, #597 ), #824 ) ;
#1655 = CARTESIAN_POINT ( 'NONE',  ( 0.000000000000000000, -7.500000000000155431, 19.74999999999982947 ) ) ;
#1656 = CYLINDRICAL_SURFACE ( 'NONE', #1247, 2.250000000000007105 ) ;
#1657 = VECTOR ( 'NONE', #1445, 1000.000000000000000 ) ;
#1658 = DIRECTION ( 'NONE',  ( -1.000000000000000000, 0.000000000000000000, 0.000000000000000000 ) ) ;
#1659 = ORIENTED_EDGE ( 'NONE', *, *, #441, .F. ) ;
#1660 = AXIS2_PLACEMENT_3D ( 'NONE', #257, #102, #1263 ) ;
#1661 = VECTOR ( 'NONE', #314, 1000.000000000000000 ) ;
#1662 = DIRECTION ( 'NONE',  ( -1.000000000000000000, 0.000000000000000000, 0.000000000000000000 ) ) ;
#1663 = LINE ( 'NONE', #1326, #921 ) ;
#1664 = UNCERTAINTY_MEASURE_WITH_UNIT (LENGTH_MEASURE( 1.000000000000000082E-05 ), #1928, 'distance_accuracy_value', 'NONE');
#1665 = EDGE_LOOP ( 'NONE', ( #446, #819, #1678, #1949 ) ) ;
#1666 = DIRECTION ( 'NONE',  ( 0.000000000000000000, 0.000000000000000000, -1.000000000000000000 ) ) ;
#1667 = EDGE_CURVE ( 'NONE', #525, #75, #980, .T. ) ;
#1668 = ORIENTED_EDGE ( 'NONE', *, *, #1344, .T. ) ;
#1669 = DIRECTION ( 'NONE',  ( -1.000000000000000000, 0.000000000000000000, 0.000000000000000000 ) ) ;
#1670 = EDGE_CURVE ( 'NONE', #938, #1396, #1185, .T. ) ;
#1671 = ADVANCED_FACE ( 'NONE', ( #1922 ), #1571, .F. ) ;
#1672 = VECTOR ( 'NONE', #749, 1000.000000000000000 ) ;
#1673 = CARTESIAN_POINT ( 'NONE',  ( 3.000000000000000000, -7.000000000000169642, -19.75000000000017408 ) ) ;
#1674 = DIRECTION ( 'NONE',  ( 0.000000000000000000, 0.000000000000000000, 1.000000000000000000 ) ) ;
#1675 = DIRECTION ( 'NONE',  ( 0.000000000000000000, -1.000000000000000000, 2.312964634635741478E-16 ) ) ;
#1676 = ORIENTED_EDGE ( 'NONE', *, *, #487, .F. ) ;
#1677 = DIRECTION ( 'NONE',  ( -1.000000000000000000, 0.000000000000000000, 0.000000000000000000 ) ) ;
#1678 = ORIENTED_EDGE ( 'NONE', *, *, #132, .F. ) ;
#1679 = LINE ( 'NONE', #194, #489 ) ;
#1680 = ORIENTED_EDGE ( 'NONE', *, *, #1970, .F. ) ;
#1681 = LINE ( 'NONE', #1505, #1311 ) ;
#1682 = FACE_OUTER_BOUND ( 'NONE', #1476, .T. ) ;
#1683 = EDGE_CURVE ( 'NONE', #523, #744, #2058, .T. ) ;
#1684 = CARTESIAN_POINT ( 'NONE',  ( 3.000000000000000000, -7.000000000000169642, -19.75000000000017408 ) ) ;
#1685 = ORIENTED_EDGE ( 'NONE', *, *, #399, .T. ) ;
#1686 = CARTESIAN_POINT ( 'NONE',  ( 0.000000000000000000, -5.000000000000170530, -36.40000000000016911 ) ) ;
#1687 = CIRCLE ( 'NONE', #1961, 2.000000000000000000 ) ;
#1688 = VERTEX_POINT ( 'NONE', #445 ) ;
#1689 = DIRECTION ( 'NONE',  ( 0.000000000000000000, -5.782411586589357639E-16, -1.000000000000000000 ) ) ;
#1690 = DIRECTION ( 'NONE',  ( -1.000000000000000000, 0.000000000000000000, 0.000000000000000000 ) ) ;
#1691 = AXIS2_PLACEMENT_3D ( 'NONE', #1859, #187, #1705 ) ;
#1692 = ADVANCED_FACE ( 'NONE', ( #587 ), #105, .F. ) ;
#1693 = LINE ( 'NONE', #206, #1896 ) ;
#1694 = CARTESIAN_POINT ( 'NONE',  ( 0.000000000000000000, -23.60000000000015064, 4.999999999999826805 ) ) ;
#1695 = EDGE_CURVE ( 'NONE', #807, #1835, #1234, .T. ) ;
#1696 = ORIENTED_EDGE ( 'NONE', *, *, #1012, .T. ) ;
#1697 = CYLINDRICAL_SURFACE ( 'NONE', #1432, 5.000000000000000888 ) ;
#1698 = ORIENTED_EDGE ( 'NONE', *, *, #775, .T. ) ;
#1699 = LINE ( 'NONE', #1534, #874 ) ;
#1700 = EDGE_LOOP ( 'NONE', ( #284, #2092, #1599, #1064 ) ) ;
#1701 = FACE_OUTER_BOUND ( 'NONE', #295, .T. ) ;
#1702 = CIRCLE ( 'NONE', #773, 5.000000000000011546 ) ;
#1703 = CYLINDRICAL_SURFACE ( 'NONE', #1765, 2.250000000000001776 ) ;
#1704 = VECTOR ( 'NONE', #86, 1000.000000000000000 ) ;
#1705 = DIRECTION ( 'NONE',  ( 0.000000000000000000, -1.000000000000000000, 2.312964634635741478E-16 ) ) ;
#1706 = DIRECTION ( 'NONE',  ( 1.000000000000000000, 0.000000000000000000, 0.000000000000000000 ) ) ;
#1707 = ORIENTED_EDGE ( 'NONE', *, *, #204, .T. ) ;
#1708 = CARTESIAN_POINT ( 'NONE',  ( 2.999999999999999112, -23.60000000000015064, -1.747491040759996142E-13 ) ) ;
#1709 = ORIENTED_EDGE ( 'NONE', *, *, #572, .F. ) ;
#1710 = DIRECTION ( 'NONE',  ( -1.000000000000000000, -0.000000000000000000, -0.000000000000000000 ) ) ;
#1711 = ORIENTED_EDGE ( 'NONE', *, *, #1979, .F. ) ;
#1712 = ORIENTED_EDGE ( 'NONE', *, *, #2090, .T. ) ;
#1713 = VECTOR ( 'NONE', #1933, 1000.000000000000000 ) ;
#1714 = CARTESIAN_POINT ( 'NONE',  ( 3.000000000000000000, -5.000000000000170530, -36.40000000000016911 ) ) ;
#1715 = CARTESIAN_POINT ( 'NONE',  ( 0.000000000000000000, -19.75000000000016342, 14.99999999999982947 ) ) ;
#1716 = EDGE_CURVE ( 'NONE', #740, #576, #1528, .T. ) ;
#1717 = LINE ( 'NONE', #1871, #659 ) ;
#1718 = FACE_BOUND ( 'NONE', #800, .T. ) ;
#1719 = ORIENTED_EDGE ( 'NONE', *, *, #1908, .T. ) ;
#1720 = DIRECTION ( 'NONE',  ( -1.000000000000000000, 0.000000000000000000, 0.000000000000000000 ) ) ;
#1721 = EDGE_LOOP ( 'NONE', ( #12, #791, #425, #1627 ) ) ;
#1722 = CARTESIAN_POINT ( 'NONE',  ( 3.000000000000000000, 19.74999999999984368, 14.99999999999982947 ) ) ;
#1723 = VERTEX_POINT ( 'NONE', #932 ) ;
#1724 = ORIENTED_EDGE ( 'NONE', *, *, #205, .T. ) ;
#1725 = DIRECTION ( 'NONE',  ( 0.000000000000000000, 0.000000000000000000, -1.000000000000000000 ) ) ;
#1726 = ADVANCED_FACE ( 'NONE', ( #84 ), #1098, .T. ) ;
#1727 = DIRECTION ( 'NONE',  ( -1.000000000000000000, -0.000000000000000000, -0.000000000000000000 ) ) ;
#1728 = CARTESIAN_POINT ( 'NONE',  ( 3.000000000000000000, 14.99999999999983658, -19.75000000000017764 ) ) ;
#1729 = CIRCLE ( 'NONE', #967, 3.000000000000000888 ) ;
#1730 = CARTESIAN_POINT ( 'NONE',  ( 3.000000000000000000, -7.500000000000155431, 21.74999999999983302 ) ) ;
#1731 = AXIS2_PLACEMENT_3D ( 'NONE', #630, #1943, #558 ) ;
#1732 = CARTESIAN_POINT ( 'NONE',  ( 18.95445179679157377, -1.591855728988893469E-13, -36.40000000000016911 ) ) ;
#1733 = ORIENTED_EDGE ( 'NONE', *, *, #808, .T. ) ;
#1734 = CARTESIAN_POINT ( 'NONE',  ( 18.95445179679157377, -23.60000000000015064, -1.747491040759996142E-13 ) ) ;
#1735 = VERTEX_POINT ( 'NONE', #260 ) ;
#1736 = ORIENTED_EDGE ( 'NONE', *, *, #2065, .F. ) ;
#1737 = DIRECTION ( 'NONE',  ( 1.000000000000000000, 0.000000000000000000, 0.000000000000000000 ) ) ;
#1738 = ORIENTED_EDGE ( 'NONE', *, *, #1046, .T. ) ;
#1739 = EDGE_CURVE ( 'NONE', #1131, #1511, #1415, .T. ) ;
#1740 = EDGE_CURVE ( 'NONE', #1275, #352, #838, .T. ) ;
#1741 = CARTESIAN_POINT ( 'NONE',  ( 18.95445179679157377, 23.59999999999984510, -1.658673198789983619E-13 ) ) ;
#1742 = CYLINDRICAL_SURFACE ( 'NONE', #1270, 4.750000000000000888 ) ;
#1743 = DIRECTION ( 'NONE',  ( 0.000000000000000000, 0.000000000000000000, -1.000000000000000000 ) ) ;
#1744 = EDGE_LOOP ( 'NONE', ( #99, #182, #1879, #550 ) ) ;
#1745 = DIRECTION ( 'NONE',  ( -1.000000000000000000, -0.000000000000000000, -0.000000000000000000 ) ) ;
#1746 = ORIENTED_EDGE ( 'NONE', *, *, #2090, .F. ) ;
#1747 = ORIENTED_EDGE ( 'NONE', *, *, #931, .T. ) ;
#1748 = AXIS2_PLACEMENT_3D ( 'NONE', #801, #1107, #1803 ) ;
#1749 = CYLINDRICAL_SURFACE ( 'NONE', #1280, 2.000000000000001776 ) ;
#1750 = DIRECTION ( 'NONE',  ( 0.000000000000000000, 0.000000000000000000, -1.000000000000000000 ) ) ;
#1751 = DIRECTION ( 'NONE',  ( 0.000000000000000000, 0.000000000000000000, 1.000000000000000000 ) ) ;
#1752 = ORIENTED_EDGE ( 'NONE', *, *, #1042, .T. ) ;
#1753 = FACE_BOUND ( 'NONE', #83, .T. ) ;
#1754 = ORIENTED_EDGE ( 'NONE', *, *, #324, .T. ) ;
#1755 = ORIENTED_EDGE ( 'NONE', *, *, #481, .F. ) ;
#1756 = CARTESIAN_POINT ( 'NONE',  ( 3.000000000000000000, 14.99999999999984368, 19.74999999999982947 ) ) ;
#1757 = DIRECTION ( 'NONE',  ( 0.000000000000000000, 1.000000000000000000, -2.312964634635741478E-16 ) ) ;
#1758 = ADVANCED_FACE ( 'NONE', ( #294 ), #273, .T. ) ;
#1759 = DIRECTION ( 'NONE',  ( 0.000000000000000000, 0.000000000000000000, 1.000000000000000000 ) ) ;
#1760 = VERTEX_POINT ( 'NONE', #1267 ) ;
#1761 = CIRCLE ( 'NONE', #828, 2.000000000000000000 ) ;
#1762 = VECTOR ( 'NONE', #1073, 1000.000000000000000 ) ;
#1763 = EDGE_CURVE ( 'NONE', #1916, #426, #796, .T. ) ;
#1764 = DIRECTION ( 'NONE',  ( -1.000000000000000000, 0.000000000000000000, 0.000000000000000000 ) ) ;
#1765 = AXIS2_PLACEMENT_3D ( 'NONE', #826, #1231, #708 ) ;
#1766 = DIRECTION ( 'NONE',  ( -1.000000000000000000, 0.000000000000000000, 0.000000000000000000 ) ) ;
#1767 = DIRECTION ( 'NONE',  ( -1.000000000000000000, -0.000000000000000000, -0.000000000000000000 ) ) ;
#1768 = ORIENTED_EDGE ( 'NONE', *, *, #594, .F. ) ;
#1769 = CARTESIAN_POINT ( 'NONE',  ( 0.000000000000000000, 6.999999999999853451, -19.75000000000017408 ) ) ;
#1770 = CIRCLE ( 'NONE', #1217, 2.000000000000000000 ) ;
#1771 = ORIENTED_EDGE ( 'NONE', *, *, #370, .T. ) ;
#1772 = DIRECTION ( 'NONE',  ( -1.000000000000000000, 0.000000000000000000, 0.000000000000000000 ) ) ;
#1773 = ORIENTED_EDGE ( 'NONE', *, *, #658, .T. ) ;
#1774 = DIRECTION ( 'NONE',  ( -1.000000000000000000, 0.000000000000000000, 0.000000000000000000 ) ) ;
#1775 = CIRCLE ( 'NONE', #475, 3.000000000000001332 ) ;
#1776 = CARTESIAN_POINT ( 'NONE',  ( 3.000000000000000000, -15.00000000000016165, 19.74999999999982947 ) ) ;
#1777 = FACE_OUTER_BOUND ( 'NONE', #647, .T. ) ;
#1778 = VERTEX_POINT ( 'NONE', #94 ) ;
#1779 = ADVANCED_FACE ( 'NONE', ( #1105 ), #467, .F. ) ;
#1780 = DIRECTION ( 'NONE',  ( 0.000000000000000000, 0.000000000000000000, -1.000000000000000000 ) ) ;
#1781 = DIRECTION ( 'NONE',  ( -0.000000000000000000, -0.000000000000000000, 1.000000000000000000 ) ) ;
#1782 = DIRECTION ( 'NONE',  ( 0.000000000000000000, 0.000000000000000000, -1.000000000000000000 ) ) ;
#1783 = VERTEX_POINT ( 'NONE', #942 ) ;
#1784 = EDGE_CURVE ( 'NONE', #830, #1275, #1997, .T. ) ;
#1785 = CARTESIAN_POINT ( 'NONE',  ( 3.000000000000000000, -13.00000000000017941, 12.99999999999982947 ) ) ;
#1786 = DIRECTION ( 'NONE',  ( -1.000000000000000000, 0.000000000000000000, 0.000000000000000000 ) ) ;
#1787 = ORIENTED_EDGE ( 'NONE', *, *, #469, .T. ) ;
#1788 = EDGE_CURVE ( 'NONE', #1396, #1547, #434, .T. ) ;
#1789 =( NAMED_UNIT ( * ) PLANE_ANGLE_UNIT ( ) SI_UNIT ( $, .RADIAN. ) );
#1790 = LINE ( 'NONE', #2089, #1942 ) ;
#1791 = PRESENTATION_LAYER_ASSIGNMENT (  '', '', ( #177 ) ) ;
#1792 = DIRECTION ( 'NONE',  ( 0.000000000000000000, 0.000000000000000000, -1.000000000000000000 ) ) ;
#1793 = VERTEX_POINT ( 'NONE', #737 ) ;
#1794 = CARTESIAN_POINT ( 'NONE',  ( 3.000000000000000000, 19.74999999999984368, 14.99999999999982947 ) ) ;
#1795 = CIRCLE ( 'NONE', #936, 3.000000000000001332 ) ;
#1796 = DIRECTION ( 'NONE',  ( 0.000000000000000000, 0.000000000000000000, 1.000000000000000000 ) ) ;
#1797 = ORIENTED_EDGE ( 'NONE', *, *, #1468, .F. ) ;
#1798 = EDGE_CURVE ( 'NONE', #539, #1079, #621, .T. ) ;
#1799 = DIRECTION ( 'NONE',  ( -1.000000000000000000, -0.000000000000000000, -0.000000000000000000 ) ) ;
#1800 = CARTESIAN_POINT ( 'NONE',  ( 2.999999999999999112, -5.500000000000156319, 25.80614694161255329 ) ) ;
#1801 = ORIENTED_EDGE ( 'NONE', *, *, #1979, .T. ) ;
#1802 = VECTOR ( 'NONE', #506, 1000.000000000000000 ) ;
#1803 = DIRECTION ( 'NONE',  ( 0.000000000000000000, 0.000000000000000000, -1.000000000000000000 ) ) ;
#1804 = EDGE_CURVE ( 'NONE', #50, #437, #1116, .T. ) ;
#1805 = EDGE_LOOP ( 'NONE', ( #58, #222, #1405, #1356 ) ) ;
#1806 = DIRECTION ( 'NONE',  ( -1.000000000000000000, 0.000000000000000000, 0.000000000000000000 ) ) ;
#1807 = VERTEX_POINT ( 'NONE', #15 ) ;
#1808 = CIRCLE ( 'NONE', #638, 2.000000000000001776 ) ;
#1809 = CIRCLE ( 'NONE', #1357, 3.000000000000009770 ) ;
#1810 = CARTESIAN_POINT ( 'NONE',  ( 0.000000000000000000, -19.75000000000018119, -15.00000000000016875 ) ) ;
#1811 = CARTESIAN_POINT ( 'NONE',  ( 3.000000000000000000, -15.00000000000017941, -19.75000000000017053 ) ) ;
#1812 = AXIS2_PLACEMENT_3D ( 'NONE', #139, #792, #1624 ) ;
#1813 = ORIENTED_EDGE ( 'NONE', *, *, #1484, .F. ) ;
#1814 = CARTESIAN_POINT ( 'NONE',  ( 0.000000000000000000, 23.59999999999984510, -1.658673198789983619E-13 ) ) ;
#1815 = ORIENTED_EDGE ( 'NONE', *, *, #53, .F. ) ;
#1816 = AXIS2_PLACEMENT_3D ( 'NONE', #883, #1363, #272 ) ;
#1817 = DIRECTION ( 'NONE',  ( 1.000000000000000000, 0.000000000000000000, 0.000000000000000000 ) ) ;
#1818 = DIRECTION ( 'NONE',  ( -1.000000000000000000, -0.000000000000000000, -0.000000000000000000 ) ) ;
#1819 = DIRECTION ( 'NONE',  ( -1.000000000000000000, 0.000000000000000000, 0.000000000000000000 ) ) ;
#1820 = ORIENTED_EDGE ( 'NONE', *, *, #748, .F. ) ;
#1821 = ORIENTED_EDGE ( 'NONE', *, *, #419, .T. ) ;
#1822 =( GEOMETRIC_REPRESENTATION_CONTEXT ( 3 ) GLOBAL_UNCERTAINTY_ASSIGNED_CONTEXT ( ( #1664 ) ) GLOBAL_UNIT_ASSIGNED_CONTEXT ( ( #1928, #1789, #648 ) ) REPRESENTATION_CONTEXT ( 'NONE', 'WORKASPACE' ) );
#1823 = ADVANCED_FACE ( 'NONE', ( #1952 ), #1971, .T. ) ;
#1824 = ADVANCED_FACE ( 'NONE', ( #2109 ), #639, .F. ) ;
#1825 = DIRECTION ( 'NONE',  ( 0.000000000000000000, 0.000000000000000000, -1.000000000000000000 ) ) ;
#1826 = VERTEX_POINT ( 'NONE', #799 ) ;
#1827 = CARTESIAN_POINT ( 'NONE',  ( 0.000000000000000000, -19.75000000000016342, 14.99999999999982947 ) ) ;
#1828 = CIRCLE ( 'NONE', #150, 2.249999999999998668 ) ;
#1829 = DIRECTION ( 'NONE',  ( -1.000000000000000000, 0.000000000000000000, -0.000000000000000000 ) ) ;
#1830 = LINE ( 'NONE', #511, #1207 ) ;
#1831 = DIRECTION ( 'NONE',  ( 0.000000000000000000, 0.000000000000000000, 1.000000000000000000 ) ) ;
#1832 = CARTESIAN_POINT ( 'NONE',  ( 3.000000000000000000, -7.500000000000155431, 21.74999999999983302 ) ) ;
#1833 = CARTESIAN_POINT ( 'NONE',  ( 0.000000000000000000, 19.74999999999984368, 14.99999999999982947 ) ) ;
#1834 = EDGE_LOOP ( 'NONE', ( #1235, #242, #276, #1383 ) ) ;
#1835 = VERTEX_POINT ( 'NONE', #1475 ) ;
#1836 = EDGE_CURVE ( 'NONE', #664, #576, #1295, .T. ) ;
#1837 = DIRECTION ( 'NONE',  ( 0.000000000000000000, 0.000000000000000000, -1.000000000000000000 ) ) ;
#1838 = CARTESIAN_POINT ( 'NONE',  ( 0.000000000000000000, -5.000000000000170530, -21.75000000000017408 ) ) ;
#1839 = CARTESIAN_POINT ( 'NONE',  ( 2.999999999999999112, -22.27857142857159189, 4.822222156911749380 ) ) ;
#1840 = VERTEX_POINT ( 'NONE', #1962 ) ;
#1841 = CIRCLE ( 'NONE', #2012, 3.000000000000009770 ) ;
#1842 = CYLINDRICAL_SURFACE ( 'NONE', #502, 2.000000000000000000 ) ;
#1843 = VERTEX_POINT ( 'NONE', #973 ) ;
#1844 = FACE_OUTER_BOUND ( 'NONE', #1854, .T. ) ;
#1845 = ADVANCED_FACE ( 'NONE', ( #500 ), #2120, .F. ) ;
#1846 = EDGE_CURVE ( 'NONE', #786, #1967, #1125, .T. ) ;
#1847 = CARTESIAN_POINT ( 'NONE',  ( 3.000000000000000000, -15.00000000000017941, -17.25000000000017053 ) ) ;
#1848 = DIRECTION ( 'NONE',  ( -1.000000000000000000, -0.000000000000000000, -0.000000000000000000 ) ) ;
#1849 = ORIENTED_EDGE ( 'NONE', *, *, #1313, .T. ) ;
#1850 = LINE ( 'NONE', #27, #442 ) ;
#1851 = ORIENTED_EDGE ( 'NONE', *, *, #1956, .T. ) ;
#1852 = DIRECTION ( 'NONE',  ( 0.000000000000000000, 0.000000000000000000, 1.000000000000000000 ) ) ;
#1853 = AXIS2_PLACEMENT_3D ( 'NONE', #1512, #719, #1855 ) ;
#1854 = EDGE_LOOP ( 'NONE', ( #1938, #1224, #1676, #1801 ) ) ;
#1855 = DIRECTION ( 'NONE',  ( 0.000000000000000000, 0.000000000000000000, 1.000000000000000000 ) ) ;
#1856 = DIRECTION ( 'NONE',  ( 0.000000000000000000, -5.209379807738162522E-17, -1.000000000000000000 ) ) ;
#1857 = VECTOR ( 'NONE', #1662, 1000.000000000000000 ) ;
#1858 = AXIS2_PLACEMENT_3D ( 'NONE', #25, #1318, #839 ) ;
#1859 = CARTESIAN_POINT ( 'NONE',  ( 3.000000000000000000, -15.00000000000017941, -19.75000000000017053 ) ) ;
#1860 = DIRECTION ( 'NONE',  ( 0.000000000000000000, 0.000000000000000000, -1.000000000000000000 ) ) ;
#1861 = ORIENTED_EDGE ( 'NONE', *, *, #238, .F. ) ;
#1862 = CARTESIAN_POINT ( 'NONE',  ( 0.000000000000000000, 19.74999999999984368, 14.99999999999982947 ) ) ;
#1863 = ORIENTED_EDGE ( 'NONE', *, *, #1192, .T. ) ;
#1864 = PLANE ( 'NONE',  #672 ) ;
#1865 = ORIENTED_EDGE ( 'NONE', *, *, #1880, .T. ) ;
#1866 = VERTEX_POINT ( 'NONE', #1800 ) ;
#1867 = DIRECTION ( 'NONE',  ( 0.000000000000000000, 0.000000000000000000, -1.000000000000000000 ) ) ;
#1868 = VECTOR ( 'NONE', #155, 1000.000000000000000 ) ;
#1869 = CARTESIAN_POINT ( 'NONE',  ( -3.000000000000000000, 12.99999999999984368, -13.00000000000017053 ) ) ;
#1870 = VECTOR ( 'NONE', #1169, 1000.000000000000000 ) ;
#1871 = CARTESIAN_POINT ( 'NONE',  ( 0.000000000000000000, -15.00000000000016165, -13.00000000000017053 ) ) ;
#1872 = DIRECTION ( 'NONE',  ( -1.000000000000000000, -0.000000000000000000, -0.000000000000000000 ) ) ;
#1873 = ORIENTED_EDGE ( 'NONE', *, *, #968, .T. ) ;
#1874 = DIRECTION ( 'NONE',  ( -1.000000000000000000, -0.000000000000000000, -0.000000000000000000 ) ) ;
#1875 = EDGE_LOOP ( 'NONE', ( #1146, #168, #886, #1448 ) ) ;
#1876 = EDGE_CURVE ( 'NONE', #750, #235, #598, .T. ) ;
#1877 = DIRECTION ( 'NONE',  ( 0.000000000000000000, 0.000000000000000000, -1.000000000000000000 ) ) ;
#1878 = EDGE_LOOP ( 'NONE', ( #214, #411, #1618, #947 ) ) ;
#1879 = ORIENTED_EDGE ( 'NONE', *, *, #1156, .T. ) ;
#1880 = EDGE_CURVE ( 'NONE', #664, #415, #1828, .T. ) ;
#1881 = CARTESIAN_POINT ( 'NONE',  ( -19.42221666030940952, -5.000000000000170530, -36.40000000000016911 ) ) ;
#1882 = DIRECTION ( 'NONE',  ( 0.000000000000000000, 0.000000000000000000, -1.000000000000000000 ) ) ;
#1883 = CARTESIAN_POINT ( 'NONE',  ( 3.000000000000000000, 12.99999999999984368, -11.00000000000017053 ) ) ;
#1884 = DIRECTION ( 'NONE',  ( 1.000000000000000000, 0.000000000000000000, 0.000000000000000000 ) ) ;
#1885 = DIRECTION ( 'NONE',  ( -1.000000000000000000, 0.000000000000000000, 0.000000000000000000 ) ) ;
#1886 = ORIENTED_EDGE ( 'NONE', *, *, #226, .F. ) ;
#1887 = DIRECTION ( 'NONE',  ( -1.000000000000000000, -0.000000000000000000, -0.000000000000000000 ) ) ;
#1888 = VERTEX_POINT ( 'NONE', #806 ) ;
#1889 = EDGE_CURVE ( 'NONE', #576, #740, #1559, .T. ) ;
#1890 = ORIENTED_EDGE ( 'NONE', *, *, #1120, .F. ) ;
#1891 = DIRECTION ( 'NONE',  ( -1.000000000000000000, 0.000000000000000000, 0.000000000000000000 ) ) ;
#1892 = EDGE_CURVE ( 'NONE', #2014, #1807, #325, .T. ) ;
#1893 = AXIS2_PLACEMENT_3D ( 'NONE', #1282, #1301, #490 ) ;
#1894 = CARTESIAN_POINT ( 'NONE',  ( 0.000000000000000000, -19.75000000000016698, 6.751111019676514502 ) ) ;
#1895 = ORIENTED_EDGE ( 'NONE', *, *, #608, .T. ) ;
#1896 = VECTOR ( 'NONE', #1527, 1000.000000000000000 ) ;
#1897 = CARTESIAN_POINT ( 'NONE',  ( 0.000000000000000000, -11.00000000000017941, 12.99999999999982947 ) ) ;
#1898 = FACE_BOUND ( 'NONE', #2055, .T. ) ;
#1899 = AXIS2_PLACEMENT_3D ( 'NONE', #1284, #1134, #1792 ) ;
#1900 = DIRECTION ( 'NONE',  ( 0.000000000000000000, 0.000000000000000000, 1.000000000000000000 ) ) ;
#1901 = EDGE_LOOP ( 'NONE', ( #665, #289, #1754, #1354 ) ) ;
#1902 = FACE_BOUND ( 'NONE', #762, .T. ) ;
#1903 = VERTEX_POINT ( 'NONE', #661 ) ;
#1904 = ORIENTED_EDGE ( 'NONE', *, *, #503, .T. ) ;
#1905 = VERTEX_POINT ( 'NONE', #1810 ) ;
#1906 = VECTOR ( 'NONE', #1781, 1000.000000000000000 ) ;
#1907 = CARTESIAN_POINT ( 'NONE',  ( 3.000000000000000000, -15.00000000000017941, -12.75000000000017053 ) ) ;
#1908 = EDGE_CURVE ( 'NONE', #759, #1783, #905, .T. ) ;
#1909 = CARTESIAN_POINT ( 'NONE',  ( 0.000000000000000000, 21.74999999999984723, -6.751111019676853786 ) ) ;
#1910 = DIRECTION ( 'NONE',  ( 0.000000000000000000, -0.000000000000000000, -1.000000000000000000 ) ) ;
#1911 = ORIENTED_EDGE ( 'NONE', *, *, #2113, .T. ) ;
#1912 = DIRECTION ( 'NONE',  ( -0.000000000000000000, -1.000000000000000000, -0.000000000000000000 ) ) ;
#1913 = EDGE_LOOP ( 'NONE', ( #405, #902, #604, #1537 ) ) ;
#1914 = APPLICATION_PROTOCOL_DEFINITION ( 'draft international standard', 'automotive_design', 1998, #23 ) ;
#1915 = VECTOR ( 'NONE', #1227, 1000.000000000000000 ) ;
#1916 = VERTEX_POINT ( 'NONE', #343 ) ;
#1917 = EDGE_CURVE ( 'NONE', #1271, #817, #2104, .T. ) ;
#1918 = DIRECTION ( 'NONE',  ( -1.000000000000000000, 0.000000000000000000, 0.000000000000000000 ) ) ;
#1919 = ADVANCED_FACE ( 'NONE', ( #992 ), #178, .F. ) ;
#1920 = CIRCLE ( 'NONE', #846, 2.000000000000001776 ) ;
#1921 = DIRECTION ( 'NONE',  ( 1.000000000000000000, -0.000000000000000000, -0.000000000000000000 ) ) ;
#1922 = FACE_OUTER_BOUND ( 'NONE', #566, .T. ) ;
#1923 = ORIENTED_EDGE ( 'NONE', *, *, #855, .T. ) ;
#1924 = CIRCLE ( 'NONE', #452, 3.000000000000009770 ) ;
#1925 = FACE_OUTER_BOUND ( 'NONE', #1238, .T. ) ;
#1926 = ORIENTED_EDGE ( 'NONE', *, *, #2076, .T. ) ;
#1927 = CIRCLE ( 'NONE', #1307, 4.750000000000000888 ) ;
#1928 =( LENGTH_UNIT ( ) NAMED_UNIT ( * ) SI_UNIT ( .MILLI., .METRE. ) );
#1929 = CYLINDRICAL_SURFACE ( 'NONE', #1289, 3.000000000000009770 ) ;
#1930 = DIRECTION ( 'NONE',  ( 1.000000000000000000, 0.000000000000000000, 0.000000000000000000 ) ) ;
#1931 = ORIENTED_EDGE ( 'NONE', *, *, #833, .T. ) ;
#1932 = CIRCLE ( 'NONE', #428, 5.000000000000000888 ) ;
#1933 = DIRECTION ( 'NONE',  ( -0.000000000000000000, -0.000000000000000000, 1.000000000000000000 ) ) ;
#1934 = VECTOR ( 'NONE', #2091, 1000.000000000000000 ) ;
#1935 = EDGE_CURVE ( 'NONE', #415, #664, #1628, .T. ) ;
#1936 = CARTESIAN_POINT ( 'NONE',  ( 2.999999999999999112, -5.500000000000156319, 21.74999999999983302 ) ) ;
#1937 = CARTESIAN_POINT ( 'NONE',  ( 3.000000000000000000, 14.99999999999983658, -15.00000000000017053 ) ) ;
#1938 = ORIENTED_EDGE ( 'NONE', *, *, #107, .T. ) ;
#1939 = PRODUCT_DEFINITION ( 'UNKNOWN', '', #255, #1985 ) ;
#1940 = LINE ( 'NONE', #1827, #1479 ) ;
#1941 = DIRECTION ( 'NONE',  ( 0.000000000000000000, 5.782411586589357639E-16, 1.000000000000000000 ) ) ;
#1942 = VECTOR ( 'NONE', #1757, 1000.000000000000000 ) ;
#1943 = DIRECTION ( 'NONE',  ( -1.000000000000000000, 0.000000000000000000, 0.000000000000000000 ) ) ;
#1944 = ORIENTED_EDGE ( 'NONE', *, *, #348, .T. ) ;
#1945 = DIRECTION ( 'NONE',  ( 0.000000000000000000, -6.938893903907226800E-15, -1.000000000000000000 ) ) ;
#1946 = CIRCLE ( 'NONE', #91, 5.000000000000000888 ) ;
#1947 = EDGE_CURVE ( 'NONE', #1416, #539, #328, .T. ) ;
#1948 = CARTESIAN_POINT ( 'NONE',  ( 0.000000000000000000, -7.000000000000171418, -21.75000000000017408 ) ) ;
#1949 = ORIENTED_EDGE ( 'NONE', *, *, #1152, .F. ) ;
#1950 = PRESENTATION_STYLE_ASSIGNMENT (( #1464 ) ) ;
#1951 = DIRECTION ( 'NONE',  ( -1.000000000000000000, 0.000000000000000000, 0.000000000000000000 ) ) ;
#1952 = FACE_OUTER_BOUND ( 'NONE', #85, .T. ) ;
#1953 = VERTEX_POINT ( 'NONE', #2101 ) ;
#1954 = CARTESIAN_POINT ( 'NONE',  ( 3.000000000000000000, -15.00000000000016165, 12.74999999999982769 ) ) ;
#1955 = CARTESIAN_POINT ( 'NONE',  ( 18.95445179679157377, 5.499999999999866773, -7.877103387563685457E-16 ) ) ;
#1956 = EDGE_CURVE ( 'NONE', #1835, #148, #1517, .T. ) ;
#1957 = ADVANCED_FACE ( 'NONE', ( #1045 ), #1703, .F. ) ;
#1958 = VERTEX_POINT ( 'NONE', #1552 ) ;
#1959 = CARTESIAN_POINT ( 'NONE',  ( 2.999999999999999112, 21.74999999999984723, -4.751111019676853786 ) ) ;
#1960 = LINE ( 'NONE', #637, #1491 ) ;
#1961 = AXIS2_PLACEMENT_3D ( 'NONE', #51, #65, #1725 ) ;
#1962 = CARTESIAN_POINT ( 'NONE',  ( 0.000000000000000000, -23.60000000000015064, -5.000000000000174971 ) ) ;
#1963 = ORIENTED_EDGE ( 'NONE', *, *, #144, .F. ) ;
#1964 = DIRECTION ( 'NONE',  ( 0.000000000000000000, -1.000000000000000000, 0.000000000000000000 ) ) ;
#1965 = CIRCLE ( 'NONE', #555, 2.250000000000000444 ) ;
#1966 = EDGE_CURVE ( 'NONE', #1586, #985, #1761, .T. ) ;
#1967 = VERTEX_POINT ( 'NONE', #77 ) ;
#1968 = CARTESIAN_POINT ( 'NONE',  ( 3.000000000000000000, -5.000000000000170530, -36.40000000000016911 ) ) ;
#1969 = VERTEX_POINT ( 'NONE', #733 ) ;
#1970 = EDGE_CURVE ( 'NONE', #1106, #865, #244, .T. ) ;
#1971 = CYLINDRICAL_SURFACE ( 'NONE', #628, 5.000000000000000888 ) ;
#1972 = EDGE_LOOP ( 'NONE', ( #1821, #1117, #1251, #556 ) ) ;
#1973 = AXIS2_PLACEMENT_3D ( 'NONE', #1456, #1612, #2080 ) ;
#1974 = FACE_OUTER_BOUND ( 'NONE', #1259, .T. ) ;
#1975 = ORIENTED_EDGE ( 'NONE', *, *, #1670, .T. ) ;
#1976 = LINE ( 'NONE', #140, #1802 ) ;
#1977 = CIRCLE ( 'NONE', #1053, 3.000000000000009770 ) ;
#1978 = EDGE_LOOP ( 'NONE', ( #1347, #1211, #803, #1771 ) ) ;
#1979 = EDGE_CURVE ( 'NONE', #152, #1793, #1032, .T. ) ;
#1980 = DIRECTION ( 'NONE',  ( -1.000000000000000000, 0.000000000000000000, 0.000000000000000000 ) ) ;
#1981 = ADVANCED_FACE ( 'NONE', ( #1485 ), #1386, .F. ) ;
#1982 = CIRCLE ( 'NONE', #234, 5.500000000000011546 ) ;
#1983 = DIRECTION ( 'NONE',  ( 0.000000000000000000, 0.000000000000000000, -1.000000000000000000 ) ) ;
#1984 = DIRECTION ( 'NONE',  ( 0.000000000000000000, 0.000000000000000000, 1.000000000000000000 ) ) ;
#1985 = PRODUCT_DEFINITION_CONTEXT ( 'detailed design', #1010, 'design' ) ;
#1986 = VERTEX_POINT ( 'NONE', #66 ) ;
#1987 = CARTESIAN_POINT ( 'NONE',  ( 18.95445179679157377, -21.75000000000016698, 6.751111019676516278 ) ) ;
#1988 = EDGE_LOOP ( 'NONE', ( #190, #28 ) ) ;
#1989 = FACE_OUTER_BOUND ( 'NONE', #1994, .T. ) ;
#1990 = CARTESIAN_POINT ( 'NONE',  ( 0.000000000000000000, -23.60000000000015064, 2.999999999999826805 ) ) ;
#1991 = DIRECTION ( 'NONE',  ( -1.000000000000000000, -0.000000000000000000, -0.000000000000000000 ) ) ;
#1992 = EDGE_LOOP ( 'NONE', ( #1668, #1712, #888, #515 ) ) ;
#1993 = DIRECTION ( 'NONE',  ( 0.000000000000000000, 0.000000000000000000, 1.000000000000000000 ) ) ;
#1994 = EDGE_LOOP ( 'NONE', ( #591, #1773, #1115, #914 ) ) ;
#1995 = EDGE_CURVE ( 'NONE', #1547, #1489, #1729, .T. ) ;
#1996 = CARTESIAN_POINT ( 'NONE',  ( 3.000000000000000000, 19.74999999999984368, 6.751111019676521607 ) ) ;
#1997 = CIRCLE ( 'NONE', #693, 1.999999999999999112 ) ;
#1998 = DIRECTION ( 'NONE',  ( -1.000000000000000000, 0.000000000000000000, 0.000000000000000000 ) ) ;
#1999 = CARTESIAN_POINT ( 'NONE',  ( 3.000000000000000000, -11.00000000000017764, -13.00000000000017053 ) ) ;
#2000 = CARTESIAN_POINT ( 'NONE',  ( 0.000000000000000000, -5.500000000000156319, 25.80614694161255329 ) ) ;
#2001 = EDGE_LOOP ( 'NONE', ( #252, #1328, #718, #1434 ) ) ;
#2002 = EDGE_CURVE ( 'NONE', #2059, #995, #2016, .T. ) ;
#2003 = DIRECTION ( 'NONE',  ( -1.000000000000000000, -0.000000000000000000, -0.000000000000000000 ) ) ;
#2004 = EDGE_CURVE ( 'NONE', #1783, #456, #1541, .T. ) ;
#2005 = VERTEX_POINT ( 'NONE', #1372 ) ;
#2006 = DIRECTION ( 'NONE',  ( 0.000000000000000000, 0.000000000000000000, -1.000000000000000000 ) ) ;
#2007 = CIRCLE ( 'NONE', #876, 5.500000000000011546 ) ;
#2008 = DIRECTION ( 'NONE',  ( 0.000000000000000000, 0.000000000000000000, -1.000000000000000000 ) ) ;
#2009 = CARTESIAN_POINT ( 'NONE',  ( 3.000000000000000000, 14.99999999999984368, 14.99999999999982947 ) ) ;
#2010 = CARTESIAN_POINT ( 'NONE',  ( 0.000000000000000000, 14.99999999999983658, -12.75000000000016342 ) ) ;
#2011 = ORIENTED_EDGE ( 'NONE', *, *, #487, .T. ) ;
#2012 = AXIS2_PLACEMENT_3D ( 'NONE', #680, #1819, #848 ) ;
#2013 = CYLINDRICAL_SURFACE ( 'NONE', #948, 2.000000000000000000 ) ;
#2014 = VERTEX_POINT ( 'NONE', #544 ) ;
#2015 = DIRECTION ( 'NONE',  ( 1.000000000000000000, 0.000000000000000000, 0.000000000000000000 ) ) ;
#2016 = LINE ( 'NONE', #217, #1279 ) ;
#2017 = CARTESIAN_POINT ( 'NONE',  ( 3.000000000000000000, -11.00000000000017941, 10.99999999999982947 ) ) ;
#2018 = EDGE_CURVE ( 'NONE', #1903, #1843, #2054, .T. ) ;
#2019 = CARTESIAN_POINT ( 'NONE',  ( 0.000000000000000000, 14.99999999999984368, 12.74999999999983125 ) ) ;
#2020 = ORIENTED_EDGE ( 'NONE', *, *, #1947, .T. ) ;
#2021 = CARTESIAN_POINT ( 'NONE',  ( 18.95445179679157377, 22.27857142857127215, -4.822222156912086888 ) ) ;
#2022 = VERTEX_POINT ( 'NONE', #1201 ) ;
#2023 = CARTESIAN_POINT ( 'NONE',  ( 3.000000000000000000, -5.000000000000170530, -21.75000000000017408 ) ) ;
#2024 = VERTEX_POINT ( 'NONE', #1715 ) ;
#2025 = VECTOR ( 'NONE', #524, 1000.000000000000000 ) ;
#2026 = EDGE_LOOP ( 'NONE', ( #1228, #1214, #358, #1736 ) ) ;
#2027 = DIRECTION ( 'NONE',  ( -1.000000000000000000, -0.000000000000000000, -0.000000000000000000 ) ) ;
#2028 = DIRECTION ( 'NONE',  ( -1.000000000000000000, 0.000000000000000000, 0.000000000000000000 ) ) ;
#2029 = VECTOR ( 'NONE', #1767, 1000.000000000000000 ) ;
#2030 = VECTOR ( 'NONE', #559, 1000.000000000000000 ) ;
#2031 = AXIS2_PLACEMENT_3D ( 'NONE', #899, #601, #1910 ) ;
#2032 = LINE ( 'NONE', #847, #1418 ) ;
#2033 = CARTESIAN_POINT ( 'NONE',  ( 3.000000000000000000, 6.999999999999853451, -19.75000000000017408 ) ) ;
#2034 = ORIENTED_EDGE ( 'NONE', *, *, #79, .T. ) ;
#2035 = DIRECTION ( 'NONE',  ( -1.000000000000000000, 0.000000000000000000, 0.000000000000000000 ) ) ;
#2036 = ORIENTED_EDGE ( 'NONE', *, *, #1220, .F. ) ;
#2037 = CARTESIAN_POINT ( 'NONE',  ( 0.000000000000000000, -15.00000000000016165, 14.99999999999982947 ) ) ;
#2038 = ORIENTED_EDGE ( 'NONE', *, *, #1956, .F. ) ;
#2039 = ORIENTED_EDGE ( 'NONE', *, *, #1763, .T. ) ;
#2040 = CARTESIAN_POINT ( 'NONE',  ( 3.000000000000000000, 14.99999999999983658, -17.25000000000017764 ) ) ;
#2041 = CIRCLE ( 'NONE', #402, 4.749999999999999112 ) ;
#2042 = DIRECTION ( 'NONE',  ( -1.000000000000000000, -0.000000000000000000, -0.000000000000000000 ) ) ;
#2043 = CIRCLE ( 'NONE', #704, 4.750000000000006217 ) ;
#2044 = CYLINDRICAL_SURFACE ( 'NONE', #290, 4.749999999999999112 ) ;
#2045 = FACE_BOUND ( 'NONE', #622, .T. ) ;
#2046 = ADVANCED_FACE ( 'NONE', ( #583 ), #14, .T. ) ;
#2047 = ADVANCED_FACE ( 'NONE', ( #1526 ), #669, .F. ) ;
#2048 = DIRECTION ( 'NONE',  ( 0.000000000000000000, 1.000000000000000000, -2.312964634635741478E-16 ) ) ;
#2049 = EDGE_LOOP ( 'NONE', ( #1306, #1492, #391, #1428 ) ) ;
#2050 = CARTESIAN_POINT ( 'NONE',  ( 2.999999999999999112, -23.60000000000015064, -3.000000000000176303 ) ) ;
#2051 = EDGE_LOOP ( 'NONE', ( #1634, #247, #662, #1160 ) ) ;
#2052 = ORIENTED_EDGE ( 'NONE', *, *, #268, .T. ) ;
#2053 = CARTESIAN_POINT ( 'NONE',  ( 3.000000000000000000, -19.75000000000018119, -15.00000000000016875 ) ) ;
#2054 = LINE ( 'NONE', #1072, #292 ) ;
#2055 = EDGE_LOOP ( 'NONE', ( #488, #1378 ) ) ;
#2056 = FACE_OUTER_BOUND ( 'NONE', #957, .T. ) ;
#2057 = CARTESIAN_POINT ( 'NONE',  ( 3.000000000000000000, 14.99999999999983658, -15.00000000000017053 ) ) ;
#2058 = LINE ( 'NONE', #1075, #1672 ) ;
#2059 = VERTEX_POINT ( 'NONE', #571 ) ;
#2060 = DIRECTION ( 'NONE',  ( 0.000000000000000000, 0.000000000000000000, -1.000000000000000000 ) ) ;
#2061 = ORIENTED_EDGE ( 'NONE', *, *, #1880, .F. ) ;
#2062 = ORIENTED_EDGE ( 'NONE', *, *, #270, .F. ) ;
#2063 = CYLINDRICAL_SURFACE ( 'NONE', #230, 2.249999999999998668 ) ;
#2064 = COLOUR_RGB ( '',0.7921568627450980005, 0.8196078431372548767, 0.9333333333333333481 ) ;
#2065 = EDGE_CURVE ( 'NONE', #1783, #1271, #408, .T. ) ;
#2066 = EDGE_LOOP ( 'NONE', ( #398, #263, #2087, #1008 ) ) ;
#2067 = AXIS2_PLACEMENT_3D ( 'NONE', #211, #1490, #376 ) ;
#2068 = AXIS2_PLACEMENT_3D ( 'NONE', #1003, #1376, #1184 ) ;
#2069 = CARTESIAN_POINT ( 'NONE',  ( 3.000000000000000000, -15.00000000000017941, -17.25000000000017053 ) ) ;
#2070 = VECTOR ( 'NONE', #1856, 1000.000000000000000 ) ;
#2071 = DIRECTION ( 'NONE',  ( 0.000000000000000000, 0.000000000000000000, -1.000000000000000000 ) ) ;
#2072 = DIRECTION ( 'NONE',  ( 0.000000000000000000, 0.000000000000000000, 1.000000000000000000 ) ) ;
#2073 = ORIENTED_EDGE ( 'NONE', *, *, #987, .T. ) ;
#2074 = FACE_BOUND ( 'NONE', #1422, .T. ) ;
#2075 = ORIENTED_EDGE ( 'NONE', *, *, #860, .F. ) ;
#2076 = EDGE_CURVE ( 'NONE', #807, #1584, #1315, .T. ) ;
#2077 = VERTEX_POINT ( 'NONE', #1894 ) ;
#2078 = CIRCLE ( 'NONE', #616, 1.999999999999998224 ) ;
#2079 = CARTESIAN_POINT ( 'NONE',  ( 0.000000000000000000, -15.00000000000017941, -15.00000000000017053 ) ) ;
#2080 = DIRECTION ( 'NONE',  ( 0.000000000000000000, 0.000000000000000000, -1.000000000000000000 ) ) ;
#2081 = VECTOR ( 'NONE', #2003, 1000.000000000000000 ) ;
#2082 = CARTESIAN_POINT ( 'NONE',  ( 3.000000000000000000, -15.00000000000016165, 14.99999999999982947 ) ) ;
#2083 = ORIENTED_EDGE ( 'NONE', *, *, #545, .T. ) ;
#2084 = AXIS2_PLACEMENT_3D ( 'NONE', #1732, #780, #1751 ) ;
#2085 = LINE ( 'NONE', #1794, #1713 ) ;
#2086 = AXIS2_PLACEMENT_3D ( 'NONE', #1127, #2093, #955 ) ;
#2087 = ORIENTED_EDGE ( 'NONE', *, *, #594, .T. ) ;
#2088 = DIRECTION ( 'NONE',  ( 0.000000000000000000, -1.432200615920705022E-16, -1.000000000000000000 ) ) ;
#2089 = CARTESIAN_POINT ( 'NONE',  ( 3.000000000000000000, -15.00000000000017941, -19.75000000000017053 ) ) ;
#2090 = EDGE_CURVE ( 'NONE', #423, #1178, #906, .T. ) ;
#2091 = DIRECTION ( 'NONE',  ( -1.000000000000000000, 0.000000000000000000, 0.000000000000000000 ) ) ;
#2092 = ORIENTED_EDGE ( 'NONE', *, *, #1252, .T. ) ;
#2093 = DIRECTION ( 'NONE',  ( 1.000000000000000000, 0.000000000000000000, 0.000000000000000000 ) ) ;
#2094 = DIRECTION ( 'NONE',  ( -1.000000000000000000, 0.000000000000000000, 0.000000000000000000 ) ) ;
#2095 = LINE ( 'NONE', #309, #2029 ) ;
#2096 = VERTEX_POINT ( 'NONE', #380 ) ;
#2097 = AXIS2_PLACEMENT_3D ( 'NONE', #685, #1272, #359 ) ;
#2098 = FACE_OUTER_BOUND ( 'NONE', #274, .T. ) ;
#2099 = CARTESIAN_POINT ( 'NONE',  ( 3.000000000000000000, 12.99999999999984368, -11.00000000000017053 ) ) ;
#2100 = EDGE_CURVE ( 'NONE', #2024, #2077, #1567, .T. ) ;
#2101 = CARTESIAN_POINT ( 'NONE',  ( 3.000000000000000000, -11.00000000000017053, -13.00000000000017053 ) ) ;
#2102 = ORIENTED_EDGE ( 'NONE', *, *, #1022, .T. ) ;
#2103 = FACE_OUTER_BOUND ( 'NONE', #1458, .T. ) ;
#2104 = CIRCLE ( 'NONE', #1175, 2.000000000000001776 ) ;
#2105 = FACE_OUTER_BOUND ( 'NONE', #2121, .T. ) ;
#2106 =( LENGTH_UNIT ( ) NAMED_UNIT ( * ) SI_UNIT ( .MILLI., .METRE. ) );
#2107 = ORIENTED_EDGE ( 'NONE', *, *, #1022, .F. ) ;
#2108 = CARTESIAN_POINT ( 'NONE',  ( 0.000000000000000000, 14.99999999999984368, 17.24999999999982947 ) ) ;
#2109 = FACE_OUTER_BOUND ( 'NONE', #1913, .T. ) ;
#2110 = ORIENTED_EDGE ( 'NONE', *, *, #1582, .F. ) ;
#2111 = ADVANCED_FACE ( 'NONE', ( #1777 ), #917, .F. ) ;
#2112 = DIRECTION ( 'NONE',  ( -0.000000000000000000, -1.000000000000000000, -0.000000000000000000 ) ) ;
#2113 = EDGE_CURVE ( 'NONE', #1050, #752, #2095, .T. ) ;
#2114 = CARTESIAN_POINT ( 'NONE',  ( 0.000000000000000000, -15.00000000000017941, -15.00000000000017053 ) ) ;
#2115 = ORIENTED_EDGE ( 'NONE', *, *, #1333, .T. ) ;
#2116 = CARTESIAN_POINT ( 'NONE',  ( 3.000000000000000000, -15.00000000000016165, 14.99999999999982947 ) ) ;
#2117 = VECTOR ( 'NONE', #623, 1000.000000000000000 ) ;
#2118 = DIRECTION ( 'NONE',  ( -1.000000000000000000, -0.000000000000000000, -0.000000000000000000 ) ) ;
#2119 = PRODUCT_RELATED_PRODUCT_CATEGORY ( 'part', '', ( #160 ) ) ;
#2120 = CYLINDRICAL_SURFACE ( 'NONE', #356, 3.000000000000000888 ) ;
#2121 = EDGE_LOOP ( 'NONE', ( #844, #264, #1043, #563 ) ) ;
#2122 = LINE ( 'NONE', #612, #342 ) ;
#2123 = ORIENTED_EDGE ( 'NONE', *, *, #1763, .F. ) ;
#2124 = FACE_OUTER_BOUND ( 'NONE', #776, .T. ) ;
ENDSEC;
END-ISO-10303-21;
