ISO-10303-21;
HEADER;
FILE_DESCRIPTION (( 'STEP AP214' ),
    '1' );
FILE_NAME ('bee stinger smol hole.STEP',
    '2026-05-29T08:12:02',
    ( '' ),
    ( '' ),
    'SwSTEP 2.0',
    'SolidWorks 2026',
    '' );
FILE_SCHEMA (( 'AUTOMOTIVE_DESIGN' ));
ENDSEC;

DATA;
#1 = ADVANCED_FACE ( 'NONE', ( #1907, #187, #1419, #667, #458, #680 ), #1034, .T. ) ;
#2 = CARTESIAN_POINT ( 'NONE',  ( 3.505176433153982085, 5.499999999999870326, 21.74999999999983302 ) ) ;
#3 = EDGE_LOOP ( 'NONE', ( #2095, #2081 ) ) ;
#4 = CARTESIAN_POINT ( 'NONE',  ( 3.000000000000000000, -23.60000000000015064, -1.747491040759996142E-13 ) ) ;
#5 = ORIENTED_EDGE ( 'NONE', *, *, #1289, .T. ) ;
#6 = CARTESIAN_POINT ( 'NONE',  ( 0.000000000000000000, 14.99999999999984368, 17.24999999999982947 ) ) ;
#7 = DIRECTION ( 'NONE',  ( 1.000000000000000000, 0.000000000000000000, 0.000000000000000000 ) ) ;
#8 = ORIENTED_EDGE ( 'NONE', *, *, #184, .F. ) ;
#9 = FACE_OUTER_BOUND ( 'NONE', #1705, .T. ) ;
#10 = CARTESIAN_POINT ( 'NONE',  ( 3.000000000000000000, -15.00000000000016165, 19.74999999999982947 ) ) ;
#11 = VECTOR ( 'NONE', #1999, 1000.000000000000000 ) ;
#12 = PLANE ( 'NONE',  #1155 ) ;
#13 = VECTOR ( 'NONE', #283, 1000.000000000000000 ) ;
#14 = ORIENTED_EDGE ( 'NONE', *, *, #1487, .T. ) ;
#15 = CARTESIAN_POINT ( 'NONE',  ( 0.000000000000000000, -15.00000000000017941, -12.75000000000017053 ) ) ;
#16 = EDGE_CURVE ( 'NONE', #570, #988, #2013, .T. ) ;
#17 = EDGE_CURVE ( 'NONE', #2076, #682, #68, .T. ) ;
#18 = ORIENTED_EDGE ( 'NONE', *, *, #2142, .F. ) ;
#19 = DIRECTION ( 'NONE',  ( 1.000000000000000000, 0.000000000000000000, 0.000000000000000000 ) ) ;
#20 = CARTESIAN_POINT ( 'NONE',  ( 18.95445179679157377, -23.60000000000015064, -1.747491040759996142E-13 ) ) ;
#21 = ORIENTED_EDGE ( 'NONE', *, *, #2246, .T. ) ;
#22 = DIRECTION ( 'NONE',  ( -1.000000000000000000, 0.000000000000000000, 0.000000000000000000 ) ) ;
#23 = CARTESIAN_POINT ( 'NONE',  ( 4.592435802786749122, 4.999999999999851674, -34.50975432864068182 ) ) ;
#24 = DIRECTION ( 'NONE',  ( 1.000000000000000000, 0.000000000000000000, 0.000000000000000000 ) ) ;
#25 = ORIENTED_EDGE ( 'NONE', *, *, #644, .F. ) ;
#26 = CARTESIAN_POINT ( 'NONE',  ( 0.000000000000000000, -15.00000000000017941, -15.00000000000017053 ) ) ;
#27 = ADVANCED_FACE ( 'NONE', ( #842 ), #309, .F. ) ;
#28 = ORIENTED_EDGE ( 'NONE', *, *, #2114, .F. ) ;
#29 = PLANE ( 'NONE',  #2217 ) ;
#30 = ADVANCED_FACE ( 'NONE', ( #282 ), #473, .F. ) ;
#31 = CARTESIAN_POINT ( 'NONE',  ( 3.420979329887150033, 20.19374730470433477, 5.481437865226721939 ) ) ;
#32 = EDGE_LOOP ( 'NONE', ( #1693, #1727, #554, #1168 ) ) ;
#33 = CARTESIAN_POINT ( 'NONE',  ( 0.000000000000000000, -23.60000000000015064, -1.747491040759996142E-13 ) ) ;
#34 = DIRECTION ( 'NONE',  ( 0.000000000000000000, 0.000000000000000000, -1.000000000000000000 ) ) ;
#35 = VECTOR ( 'NONE', #1164, 1000.000000000000000 ) ;
#36 = LINE ( 'NONE', #1015, #387 ) ;
#37 = ORIENTED_EDGE ( 'NONE', *, *, #2317, .T. ) ;
#38 = CARTESIAN_POINT ( 'NONE',  ( 6.000000000000001776, -1.420918733687255658E-13, 20.30614694161254263 ) ) ;
#39 = LINE ( 'NONE', #855, #56 ) ;
#40 = ORIENTED_EDGE ( 'NONE', *, *, #528, .T. ) ;
#41 = LINE ( 'NONE', #560, #412 ) ;
#42 = CYLINDRICAL_SURFACE ( 'NONE', #2245, 5.000000000000000888 ) ;
#43 = EDGE_CURVE ( 'NONE', #1300, #2184, #1587, .T. ) ;
#44 = VERTEX_POINT ( 'NONE', #1801 ) ;
#45 = FACE_OUTER_BOUND ( 'NONE', #869, .T. ) ;
#46 = LINE ( 'NONE', #972, #1138 ) ;
#47 = AXIS2_PLACEMENT_3D ( 'NONE', #1926, #1901, #1713 ) ;
#48 = CARTESIAN_POINT ( 'NONE',  ( 3.000000000000000000, 19.74999999999984368, 14.99999999999982947 ) ) ;
#49 = ORIENTED_EDGE ( 'NONE', *, *, #1230, .F. ) ;
#50 = CARTESIAN_POINT ( 'NONE',  ( 0.000000000000000000, 23.59999999999984510, -1.658673198789983619E-13 ) ) ;
#51 = VECTOR ( 'NONE', #1573, 1000.000000000000000 ) ;
#52 = AXIS2_PLACEMENT_3D ( 'NONE', #2351, #840, #1044 ) ;
#53 = CARTESIAN_POINT ( 'NONE',  ( 3.000000000000000000, -5.500000000000156319, 21.74999999999983302 ) ) ;
#54 = ORIENTED_EDGE ( 'NONE', *, *, #1718, .F. ) ;
#55 = CARTESIAN_POINT ( 'NONE',  ( 0.000000000000000000, -19.75000000000016342, 14.99999999999982947 ) ) ;
#56 = VECTOR ( 'NONE', #616, 1000.000000000000000 ) ;
#57 = DIRECTION ( 'NONE',  ( 1.000000000000000000, 0.000000000000000000, 0.000000000000000000 ) ) ;
#58 = VECTOR ( 'NONE', #2235, 1000.000000000000000 ) ;
#59 = ORIENTED_EDGE ( 'NONE', *, *, #1062, .F. ) ;
#60 = CARTESIAN_POINT ( 'NONE',  ( 0.000000000000000000, 23.59999999999984510, -1.658673198789983619E-13 ) ) ;
#61 = LINE ( 'NONE', #823, #545 ) ;
#62 = EDGE_CURVE ( 'NONE', #1952, #1374, #1466, .T. ) ;
#63 = CIRCLE ( 'NONE', #1467, 3.000000000000012879 ) ;
#64 = LINE ( 'NONE', #1030, #1909 ) ;
#65 = ADVANCED_FACE ( 'NONE', ( #267 ), #1208, .F. ) ;
#66 = ORIENTED_EDGE ( 'NONE', *, *, #1075, .F. ) ;
#67 = CARTESIAN_POINT ( 'NONE',  ( 6.000000000000001776, -1.427654291082565965E-13, 25.80614694161255329 ) ) ;
#68 = LINE ( 'NONE', #2365, #425 ) ;
#69 = CARTESIAN_POINT ( 'NONE',  ( -9.899494936611706208, 23.59999999999984510, 2.499999999999836575 ) ) ;
#70 = ORIENTED_EDGE ( 'NONE', *, *, #528, .F. ) ;
#71 = CARTESIAN_POINT ( 'NONE',  ( 3.008696094101626972, -19.75000000000016698, 6.751111019676514502 ) ) ;
#72 = DIRECTION ( 'NONE',  ( 0.000000000000000000, 0.000000000000000000, -1.000000000000000000 ) ) ;
#73 = CARTESIAN_POINT ( 'NONE',  ( 0.000000000000000000, 4.999999999999851674, -36.40000000000016911 ) ) ;
#74 = DIRECTION ( 'NONE',  ( 0.000000000000000000, 0.000000000000000000, -1.000000000000000000 ) ) ;
#75 = ORIENTED_EDGE ( 'NONE', *, *, #1045, .T. ) ;
#76 = CARTESIAN_POINT ( 'NONE',  ( 3.008696094101626972, 19.74999999999984368, 6.751111019676521607 ) ) ;
#77 = AXIS2_PLACEMENT_3D ( 'NONE', #1709, #2082, #1910 ) ;
#78 = EDGE_CURVE ( 'NONE', #2076, #1220, #1227, .T. ) ;
#79 = DIRECTION ( 'NONE',  ( 0.000000000000000000, 0.000000000000000000, -1.000000000000000000 ) ) ;
#80 = CARTESIAN_POINT ( 'NONE',  ( 3.000000000000000000, 10.99999999999984368, -13.00000000000017053 ) ) ;
#81 = VERTEX_POINT ( 'NONE', #1046 ) ;
#82 = CARTESIAN_POINT ( 'NONE',  ( 0.000000000000000000, 22.27857142857127215, 4.822222156911754709 ) ) ;
#83 = DIRECTION ( 'NONE',  ( 0.000000000000000000, 0.000000000000000000, 1.000000000000000000 ) ) ;
#84 = LINE ( 'NONE', #2007, #2255 ) ;
#85 = DIRECTION ( 'NONE',  ( 0.000000000000000000, 0.000000000000000000, -1.000000000000000000 ) ) ;
#86 = ORIENTED_EDGE ( 'NONE', *, *, #1499, .F. ) ;
#87 = CARTESIAN_POINT ( 'NONE',  ( 0.000000000000000000, 14.99999999999983658, -15.00000000000017053 ) ) ;
#88 = CARTESIAN_POINT ( 'NONE',  ( 3.000000000000000000, -15.00000000000017941, -15.00000000000017053 ) ) ;
#89 = CARTESIAN_POINT ( 'NONE',  ( 0.000000000000000000, 14.99999999999983658, -17.25000000000017764 ) ) ;
#90 = CIRCLE ( 'NONE', #1817, 2.249999999999998668 ) ;
#91 = ORIENTED_EDGE ( 'NONE', *, *, #2332, .T. ) ;
#92 = LINE ( 'NONE', #1436, #572 ) ;
#93 = ADVANCED_FACE ( 'NONE', ( #1234 ), #655, .F. ) ;
#94 = ADVANCED_FACE ( 'NONE', ( #1245, #854 ), #1610, .T. ) ;
#95 = CIRCLE ( 'NONE', #1496, 2.000000000000000000 ) ;
#96 = EDGE_CURVE ( 'NONE', #1471, #720, #2187, .T. ) ;
#97 = VECTOR ( 'NONE', #2038, 1000.000000000000000 ) ;
#98 = DIRECTION ( 'NONE',  ( 0.000000000000000000, 0.000000000000000000, -1.000000000000000000 ) ) ;
#99 = CARTESIAN_POINT ( 'NONE',  ( 3.918410003165715860, -20.68568942870096095, 5.051587163766273925 ) ) ;
#100 = DIRECTION ( 'NONE',  ( -1.000000000000000000, 0.000000000000000000, 0.000000000000000000 ) ) ;
#101 = CARTESIAN_POINT ( 'NONE',  ( 0.000000000000000000, 14.99999999999983658, -15.00000000000017053 ) ) ;
#102 = VERTEX_POINT ( 'NONE', #2401 ) ;
#103 =( LENGTH_UNIT ( ) NAMED_UNIT ( * ) SI_UNIT ( .MILLI., .METRE. ) );
#104 = AXIS2_PLACEMENT_3D ( 'NONE', #1216, #1175, #74 ) ;
#105 = DIRECTION ( 'NONE',  ( 0.000000000000000000, 0.000000000000000000, -1.000000000000000000 ) ) ;
#106 = EDGE_LOOP ( 'NONE', ( #1913, #2373, #2120, #2089, #1680 ) ) ;
#107 = CARTESIAN_POINT ( 'NONE',  ( 3.369359096083508476, -5.000000000000170530, -32.17471468242993637 ) ) ;
#108 = EDGE_CURVE ( 'NONE', #2138, #1714, #1058, .T. ) ;
#109 = VERTEX_POINT ( 'NONE', #1838 ) ;
#110 = CARTESIAN_POINT ( 'NONE',  ( 3.000000000000000000, -15.00000000000016165, 19.74999999999982947 ) ) ;
#111 = EDGE_CURVE ( 'NONE', #2234, #422, #2268, .T. ) ;
#112 = CARTESIAN_POINT ( 'NONE',  ( 5.661832218800361360, -22.05351052937308509, 4.760548950486362507 ) ) ;
#113 = DIRECTION ( 'NONE',  ( 1.000000000000000000, 0.000000000000000000, 0.000000000000000000 ) ) ;
#114 = CARTESIAN_POINT ( 'NONE',  ( 9.000000000000001776, -1.423980350685123911E-13, 28.80614694161256750 ) ) ;
#115 = ORIENTED_EDGE ( 'NONE', *, *, #1782, .T. ) ;
#116 = PRESENTATION_STYLE_ASSIGNMENT (( #728 ) ) ;
#117 = CARTESIAN_POINT ( 'NONE',  ( 3.000000000000000000, -1.427654291082565965E-13, 25.80614694161255329 ) ) ;
#118 = CARTESIAN_POINT ( 'NONE',  ( 3.444315227168314397, -5.500000000000107470, 21.59645433502935319 ) ) ;
#119 = AXIS2_PLACEMENT_3D ( 'NONE', #961, #164, #1731 ) ;
#120 = ORIENTED_EDGE ( 'NONE', *, *, #157, .F. ) ;
#121 = CARTESIAN_POINT ( 'NONE',  ( 9.000000000000001776, -23.60000000000015064, -1.747491040759996142E-13 ) ) ;
#122 = ORIENTED_EDGE ( 'NONE', *, *, #995, .F. ) ;
#123 = CARTESIAN_POINT ( 'NONE',  ( 3.802102686731781755, -5.500000000000156319, 22.49911001703639357 ) ) ;
#124 = EDGE_CURVE ( 'NONE', #1970, #803, #1426, .T. ) ;
#125 = ADVANCED_FACE ( 'NONE', ( #2349 ), #2168, .F. ) ;
#126 = ORIENTED_EDGE ( 'NONE', *, *, #1830, .F. ) ;
#127 = LINE ( 'NONE', #1622, #1344 ) ;
#128 = ORIENTED_EDGE ( 'NONE', *, *, #468, .T. ) ;
#129 = CARTESIAN_POINT ( 'NONE',  ( 0.000000000000000000, 14.99999999999984368, 14.99999999999982947 ) ) ;
#130 = CARTESIAN_POINT ( 'NONE',  ( 3.000000000000000000, -15.00000000000016165, 19.74999999999982947 ) ) ;
#131 = ORIENTED_EDGE ( 'NONE', *, *, #417, .T. ) ;
#132 = CARTESIAN_POINT ( 'NONE',  ( 0.000000000000000000, -13.00000000000017941, 10.99999999999982947 ) ) ;
#133 = VECTOR ( 'NONE', #1814, 1000.000000000000000 ) ;
#134 = EDGE_LOOP ( 'NONE', ( #595, #420, #1746, #584 ) ) ;
#135 = CIRCLE ( 'NONE', #1534, 2.000000000000000000 ) ;
#136 = VECTOR ( 'NONE', #629, 1000.000000000000000 ) ;
#137 = AXIS2_PLACEMENT_3D ( 'NONE', #592, #2093, #949 ) ;
#138 = PRODUCT_RELATED_PRODUCT_CATEGORY ( 'part', '', ( #1324 ) ) ;
#139 = CARTESIAN_POINT ( 'NONE',  ( 3.000000000000000000, 14.99999999999984368, 14.99999999999982947 ) ) ;
#140 = EDGE_LOOP ( 'NONE', ( #25, #2099, #1868, #1519, #1153 ) ) ;
#141 = CARTESIAN_POINT ( 'NONE',  ( 3.000000000000000000, -15.00000000000016165, 14.99999999999982947 ) ) ;
#142 = EDGE_CURVE ( 'NONE', #1309, #2234, #550, .T. ) ;
#143 = AXIS2_PLACEMENT_3D ( 'NONE', #2154, #612, #34 ) ;
#144 = DIRECTION ( 'NONE',  ( -1.000000000000000000, -0.000000000000000000, -0.000000000000000000 ) ) ;
#145 = ORIENTED_EDGE ( 'NONE', *, *, #2031, .F. ) ;
#146 = CYLINDRICAL_SURFACE ( 'NONE', #852, 2.250000000000000444 ) ;
#147 = ORIENTED_EDGE ( 'NONE', *, *, #43, .T. ) ;
#148 = AXIS2_PLACEMENT_3D ( 'NONE', #1788, #2155, #1768 ) ;
#149 = ORIENTED_EDGE ( 'NONE', *, *, #417, .F. ) ;
#150 = DIRECTION ( 'NONE',  ( 1.000000000000000000, 0.000000000000000000, 0.000000000000000000 ) ) ;
#151 = ORIENTED_EDGE ( 'NONE', *, *, #811, .F. ) ;
#152 = CARTESIAN_POINT ( 'NONE',  ( 0.000000000000000000, -21.75000000000017408, -6.751111019676867997 ) ) ;
#153 = FACE_OUTER_BOUND ( 'NONE', #2196, .T. ) ;
#154 = ORIENTED_EDGE ( 'NONE', *, *, #1105, .F. ) ;
#155 = CARTESIAN_POINT ( 'NONE',  ( 3.000000000000000000, 7.499999999999871214, 19.74999999999982947 ) ) ;
#156 = AXIS2_PLACEMENT_3D ( 'NONE', #872, #1427, #1793 ) ;
#157 = EDGE_CURVE ( 'NONE', #2074, #450, #224, .T. ) ;
#158 = ORIENTED_EDGE ( 'NONE', *, *, #167, .F. ) ;
#159 = DIRECTION ( 'NONE',  ( -0.000000000000000000, -0.000000000000000000, 1.000000000000000000 ) ) ;
#160 = AXIS2_PLACEMENT_3D ( 'NONE', #20, #1965, #1523 ) ;
#161 = DIRECTION ( 'NONE',  ( 0.000000000000000000, 0.000000000000000000, -1.000000000000000000 ) ) ;
#162 = ORIENTED_EDGE ( 'NONE', *, *, #448, .T. ) ;
#163 = PLANE ( 'NONE',  #1172 ) ;
#164 = DIRECTION ( 'NONE',  ( 1.000000000000000000, 0.000000000000000000, 0.000000000000000000 ) ) ;
#165 = ORIENTED_EDGE ( 'NONE', *, *, #17, .F. ) ;
#166 = CARTESIAN_POINT ( 'NONE',  ( 0.000000000000000000, -1.591855728988893469E-13, -36.40000000000016911 ) ) ;
#167 = EDGE_CURVE ( 'NONE', #1674, #2138, #453, .T. ) ;
#168 = ORIENTED_EDGE ( 'NONE', *, *, #1512, .F. ) ;
#169 = CARTESIAN_POINT ( 'NONE',  ( 3.000000000000000000, 19.74999999999984368, -7.012667110308484553 ) ) ;
#170 = AXIS2_PLACEMENT_3D ( 'NONE', #1320, #782, #1370 ) ;
#171 = AXIS2_PLACEMENT_3D ( 'NONE', #510, #2059, #496 ) ;
#172 = EDGE_LOOP ( 'NONE', ( #727, #1002, #1553, #1535, #1446, #1126, #1772 ) ) ;
#173 = CARTESIAN_POINT ( 'NONE',  ( 0.000000000000000000, 21.74999999999984723, -6.751111019676853786 ) ) ;
#174 = ORIENTED_EDGE ( 'NONE', *, *, #2246, .F. ) ;
#175 = CIRCLE ( 'NONE', #1978, 2.250000000000001776 ) ;
#176 = CARTESIAN_POINT ( 'NONE',  ( 0.000000000000000000, -23.60000000000015064, -1.747491040759996142E-13 ) ) ;
#177 = ORIENTED_EDGE ( 'NONE', *, *, #385, .T. ) ;
#178 = CARTESIAN_POINT ( 'NONE',  ( 3.645743503528178664, -20.42446702269610270, -5.247955724768901042 ) ) ;
#179 = VECTOR ( 'NONE', #636, 1000.000000000000000 ) ;
#180 = ORIENTED_EDGE ( 'NONE', *, *, #1564, .F. ) ;
#181 = CARTESIAN_POINT ( 'NONE',  ( 6.000000000000005329, 22.27857142857127215, 4.822222156911755597 ) ) ;
#182 = VECTOR ( 'NONE', #159, 1000.000000000000000 ) ;
#183 = ADVANCED_FACE ( 'NONE', ( #1218 ), #1969, .F. ) ;
#184 = EDGE_CURVE ( 'NONE', #2156, #570, #2472, .T. ) ;
#185 = ORIENTED_EDGE ( 'NONE', *, *, #1181, .F. ) ;
#186 = DIRECTION ( 'NONE',  ( 1.000000000000000000, -0.000000000000000000, -0.000000000000000000 ) ) ;
#187 = FACE_BOUND ( 'NONE', #928, .T. ) ;
#188 = DIRECTION ( 'NONE',  ( -1.000000000000000000, -0.000000000000000000, -0.000000000000000000 ) ) ;
#189 = EDGE_LOOP ( 'NONE', ( #2002, #1359, #1148, #1885 ) ) ;
#190 = CARTESIAN_POINT ( 'NONE',  ( 5.237252627712949860, -21.74999999998597744, -4.751111019676867997 ) ) ;
#191 = ORIENTED_EDGE ( 'NONE', *, *, #1196, .T. ) ;
#192 = CARTESIAN_POINT ( 'NONE',  ( 18.95445179679157377, 5.499999999999866773, -7.877103387563685457E-16 ) ) ;
#193 = VECTOR ( 'NONE', #22, 1000.000000000000000 ) ;
#194 = VERTEX_POINT ( 'NONE', #2333 ) ;
#195 = CARTESIAN_POINT ( 'NONE',  ( 3.000000000000000000, -5.000000000000170530, -36.40000000000016911 ) ) ;
#196 = CARTESIAN_POINT ( 'NONE',  ( 18.95445179679157377, 23.59999999999984510, -1.658673198789983619E-13 ) ) ;
#197 = EDGE_CURVE ( 'NONE', #2339, #2115, #64, .T. ) ;
#198 = ADVANCED_FACE ( 'NONE', ( #441 ), #1708, .F. ) ;
#199 = DIRECTION ( 'NONE',  ( -1.000000000000000000, -0.000000000000000000, -0.000000000000000000 ) ) ;
#200 = EDGE_CURVE ( 'NONE', #1336, #1623, #515, .T. ) ;
#201 = ORIENTED_EDGE ( 'NONE', *, *, #555, .T. ) ;
#202 = DIRECTION ( 'NONE',  ( 0.000000000000000000, 0.000000000000000000, 1.000000000000000000 ) ) ;
#203 = ORIENTED_EDGE ( 'NONE', *, *, #1347, .F. ) ;
#204 = DIRECTION ( 'NONE',  ( 1.000000000000000000, 0.000000000000000000, 0.000000000000000000 ) ) ;
#205 = CARTESIAN_POINT ( 'NONE',  ( 18.95445179679157377, 23.59999999999984510, -1.658673198789983619E-13 ) ) ;
#206 = AXIS2_PLACEMENT_3D ( 'NONE', #121, #548, #1074 ) ;
#207 = ORIENTED_EDGE ( 'NONE', *, *, #1795, .T. ) ;
#208 = LINE ( 'NONE', #1554, #2406 ) ;
#209 = CARTESIAN_POINT ( 'NONE',  ( 3.000000000000000000, 10.99999999999983480, 12.99999999999982947 ) ) ;
#210 = AXIS2_PLACEMENT_3D ( 'NONE', #2455, #1747, #768 ) ;
#211 = ADVANCED_FACE ( 'NONE', ( #813 ), #1808, .F. ) ;
#212 = DIRECTION ( 'NONE',  ( 1.000000000000000000, 0.000000000000000000, 0.000000000000000000 ) ) ;
#213 = VECTOR ( 'NONE', #1482, 1000.000000000000000 ) ;
#214 = ORIENTED_EDGE ( 'NONE', *, *, #1800, .F. ) ;
#215 = DIRECTION ( 'NONE',  ( 1.000000000000000000, 0.000000000000000000, 0.000000000000000000 ) ) ;
#216 = EDGE_CURVE ( 'NONE', #1623, #1080, #986, .T. ) ;
#217 = ORIENTED_EDGE ( 'NONE', *, *, #1763, .F. ) ;
#218 = CARTESIAN_POINT ( 'NONE',  ( 5.237252627712943642, 21.74999999998565059, -4.751111019676853786 ) ) ;
#219 = CIRCLE ( 'NONE', #582, 2.250000000000001776 ) ;
#220 = LINE ( 'NONE', #620, #2363 ) ;
#221 = EDGE_LOOP ( 'NONE', ( #684, #1798, #162, #2165 ) ) ;
#222 = CARTESIAN_POINT ( 'NONE',  ( 3.000000000000000000, 14.99999999999983658, -15.00000000000017053 ) ) ;
#223 = DIRECTION ( 'NONE',  ( -1.000000000000000000, 0.000000000000000000, 0.000000000000000000 ) ) ;
#224 = LINE ( 'NONE', #237, #2146 ) ;
#225 = ORIENTED_EDGE ( 'NONE', *, *, #1290, .F. ) ;
#226 = CARTESIAN_POINT ( 'NONE',  ( 9.000000000000001776, -1.427654291082565965E-13, 25.80614694161255329 ) ) ;
#227 = DIRECTION ( 'NONE',  ( 0.000000000000000000, -5.209379807738162522E-17, -1.000000000000000000 ) ) ;
#228 = ORIENTED_EDGE ( 'NONE', *, *, #1176, .F. ) ;
#229 = CARTESIAN_POINT ( 'NONE',  ( 0.000000000000000000, -19.75000000000016342, 14.99999999999982947 ) ) ;
#230 = EDGE_CURVE ( 'NONE', #939, #241, #63, .T. ) ;
#231 = DIRECTION ( 'NONE',  ( 0.000000000000000000, 0.000000000000000000, -1.000000000000000000 ) ) ;
#232 = VECTOR ( 'NONE', #576, 1000.000000000000000 ) ;
#233 = ORIENTED_EDGE ( 'NONE', *, *, #2229, .T. ) ;
#234 = DIRECTION ( 'NONE',  ( -1.000000000000000000, 0.000000000000000000, 0.000000000000000000 ) ) ;
#235 = CARTESIAN_POINT ( 'NONE',  ( 3.000000000000000000, 12.99999999999984368, -13.00000000000017053 ) ) ;
#236 = CIRCLE ( 'NONE', #1645, 4.750000000000000888 ) ;
#237 = CARTESIAN_POINT ( 'NONE',  ( 0.000000000000000000, 12.99999999999984190, 14.99999999999982947 ) ) ;
#238 = ORIENTED_EDGE ( 'NONE', *, *, #16, .F. ) ;
#239 = DIRECTION ( 'NONE',  ( 1.000000000000000000, 0.000000000000000000, 0.000000000000000000 ) ) ;
#240 = DIRECTION ( 'NONE',  ( 0.000000000000000000, 0.000000000000000000, 1.000000000000000000 ) ) ;
#241 = VERTEX_POINT ( 'NONE', #1416 ) ;
#242 = CARTESIAN_POINT ( 'NONE',  ( 3.000000000000000000, -19.75000000000016698, 6.925433572797801141 ) ) ;
#243 = EDGE_CURVE ( 'NONE', #1925, #1309, #36, .T. ) ;
#244 = DIRECTION ( 'NONE',  ( 0.000000000000000000, 0.000000000000000000, 1.000000000000000000 ) ) ;
#245 = ORIENTED_EDGE ( 'NONE', *, *, #568, .T. ) ;
#246 = DIRECTION ( 'NONE',  ( 0.000000000000000000, 0.000000000000000000, -1.000000000000000000 ) ) ;
#247 = LINE ( 'NONE', #2140, #1866 ) ;
#248 = AXIS2_PLACEMENT_3D ( 'NONE', #759, #2304, #2087 ) ;
#249 = EDGE_LOOP ( 'NONE', ( #1663, #158, #1330, #1565 ) ) ;
#250 = CARTESIAN_POINT ( 'NONE',  ( 3.000000000000000000, 19.74999999999984368, 14.99999999999982947 ) ) ;
#251 = CIRCLE ( 'NONE', #338, 5.500000000000011546 ) ;
#252 = AXIS2_PLACEMENT_3D ( 'NONE', #1675, #2415, #717 ) ;
#253 = DIRECTION ( 'NONE',  ( 0.000000000000000000, 0.000000000000000000, -1.000000000000000000 ) ) ;
#254 = FACE_OUTER_BOUND ( 'NONE', #2149, .T. ) ;
#255 = ORIENTED_EDGE ( 'NONE', *, *, #1730, .F. ) ;
#256 = LINE ( 'NONE', #1602, #372 ) ;
#257 = AXIS2_PLACEMENT_3D ( 'NONE', #2028, #188, #1115 ) ;
#258 = CARTESIAN_POINT ( 'NONE',  ( 3.000000000000000000, 23.59999999999984510, -1.658673198789983619E-13 ) ) ;
#259 = AXIS2_PLACEMENT_3D ( 'NONE', #2105, #1150, #1919 ) ;
#260 = DIRECTION ( 'NONE',  ( 0.000000000000000000, 0.000000000000000000, -1.000000000000000000 ) ) ;
#261 = DIRECTION ( 'NONE',  ( 1.000000000000000000, 0.000000000000000000, 0.000000000000000000 ) ) ;
#262 = EDGE_CURVE ( 'NONE', #1374, #1952, #2106, .T. ) ;
#263 = AXIS2_PLACEMENT_3D ( 'NONE', #2183, #828, #277 ) ;
#264 = DIRECTION ( 'NONE',  ( 0.000000000000000000, -0.000000000000000000, -1.000000000000000000 ) ) ;
#265 = ORIENTED_EDGE ( 'NONE', *, *, #1649, .T. ) ;
#266 = CARTESIAN_POINT ( 'NONE',  ( 3.000000000000000000, 19.74999999999984368, 14.99999999999982947 ) ) ;
#267 = FACE_OUTER_BOUND ( 'NONE', #1302, .T. ) ;
#268 = CYLINDRICAL_SURFACE ( 'NONE', #1258, 2.249999999999998668 ) ;
#269 = B_SPLINE_CURVE_WITH_KNOTS ( 'NONE', 3,
 ( #447, #2393, #1828, #1037, #2190, #670, #2202, #1248, #107, #2016, #296, #868 ),
 .UNSPECIFIED., .F., .F.,
 ( 4, 2, 2, 2, 2, 4 ),
 ( -1.414213562373819327E-05, 0.001753445866683692438, 0.003521033868991122785, 0.004404827870144829502, 0.005288621871298535351, 0.007056209873605947050 ),
 .UNSPECIFIED. ) ;
#270 = ORIENTED_EDGE ( 'NONE', *, *, #2411, .F. ) ;
#271 = CARTESIAN_POINT ( 'NONE',  ( 0.000000000000000000, -15.00000000000016165, 12.99999999999982947 ) ) ;
#272 = B_SPLINE_CURVE_WITH_KNOTS ( 'NONE', 3,
 ( #2311, #1152, #1306, #2073, #1125, #556, #546, #2 ),
 .UNSPECIFIED., .F., .F.,
 ( 4, 2, 2, 4 ),
 ( -1.483239697425301965E-05, 0.001175676440477179752, 0.002366185277928612232, 0.004747202952831476759 ),
 .UNSPECIFIED. ) ;
#273 = FACE_OUTER_BOUND ( 'NONE', #604, .T. ) ;
#274 = DIRECTION ( 'NONE',  ( 0.000000000000000000, 1.000000000000000000, -5.209379807738162522E-17 ) ) ;
#275 = EDGE_CURVE ( 'NONE', #501, #921, #1672, .T. ) ;
#276 = EDGE_CURVE ( 'NONE', #621, #1191, #2198, .T. ) ;
#277 = DIRECTION ( 'NONE',  ( 0.000000000000000000, 0.000000000000000000, -1.000000000000000000 ) ) ;
#278 = ORIENTED_EDGE ( 'NONE', *, *, #2305, .F. ) ;
#279 = DIRECTION ( 'NONE',  ( 1.000000000000000000, 0.000000000000000000, 0.000000000000000000 ) ) ;
#280 = AXIS2_PLACEMENT_3D ( 'NONE', #33, #1525, #2295 ) ;
#281 = ADVANCED_FACE ( 'NONE', ( #2036 ), #508, .F. ) ;
#282 = FACE_OUTER_BOUND ( 'NONE', #315, .T. ) ;
#283 = DIRECTION ( 'NONE',  ( -1.000000000000000000, 0.000000000000000000, 0.000000000000000000 ) ) ;
#284 = ORIENTED_EDGE ( 'NONE', *, *, #552, .F. ) ;
#285 = CARTESIAN_POINT ( 'NONE',  ( 9.000000000000001776, -1.427654291082565965E-13, 25.80614694161255329 ) ) ;
#286 = DIRECTION ( 'NONE',  ( 1.000000000000000000, 0.000000000000000000, 0.000000000000000000 ) ) ;
#287 = DIRECTION ( 'NONE',  ( 0.000000000000000000, 0.000000000000000000, -1.000000000000000000 ) ) ;
#288 = CARTESIAN_POINT ( 'NONE',  ( 3.008696094101626972, 19.74999999999984368, -6.751111019676854674 ) ) ;
#289 = ORIENTED_EDGE ( 'NONE', *, *, #1487, .F. ) ;
#290 = DIRECTION ( 'NONE',  ( 0.000000000000000000, 0.000000000000000000, -1.000000000000000000 ) ) ;
#291 = EDGE_CURVE ( 'NONE', #1547, #1022, #127, .T. ) ;
#292 = DIRECTION ( 'NONE',  ( 1.000000000000000000, 0.000000000000000000, 0.000000000000000000 ) ) ;
#293 = CARTESIAN_POINT ( 'NONE',  ( 0.000000000000000000, 21.74999999999984723, 6.751111019676522496 ) ) ;
#294 = AXIS2_PLACEMENT_3D ( 'NONE', #847, #2206, #2219 ) ;
#295 = VERTEX_POINT ( 'NONE', #1822 ) ;
#296 = CARTESIAN_POINT ( 'NONE',  ( 3.000000000000000444, -5.000000000000170530, -30.75047180867278485 ) ) ;
#297 = ADVANCED_FACE ( 'NONE', ( #480 ), #1468, .F. ) ;
#298 = CIRCLE ( 'NONE', #2218, 2.499999999999998668 ) ;
#299 = EDGE_LOOP ( 'NONE', ( #1073, #1273, #888, #2438 ) ) ;
#300 = CIRCLE ( 'NONE', #2178, 2.500000000000002220 ) ;
#301 = DIRECTION ( 'NONE',  ( 1.000000000000000000, 0.000000000000000000, 0.000000000000000000 ) ) ;
#302 = DIRECTION ( 'NONE',  ( 1.000000000000000000, 0.000000000000000000, 0.000000000000000000 ) ) ;
#303 = DIRECTION ( 'NONE',  ( 1.000000000000000000, 0.000000000000000000, 0.000000000000000000 ) ) ;
#304 = CARTESIAN_POINT ( 'NONE',  ( 3.856866577878399482, 20.62773530958979862, -5.090678702721622706 ) ) ;
#305 = ORIENTED_EDGE ( 'NONE', *, *, #1028, .F. ) ;
#306 = DIRECTION ( 'NONE',  ( -1.000000000000000000, -0.000000000000000000, -0.000000000000000000 ) ) ;
#307 = CIRCLE ( 'NONE', #619, 4.750000000000000888 ) ;
#308 = AXIS2_PLACEMENT_3D ( 'NONE', #2000, #485, #2416 ) ;
#309 = CYLINDRICAL_SURFACE ( 'NONE', #1832, 1.999999999999998224 ) ;
#310 = PLANE ( 'NONE',  #1899 ) ;
#311 = ORIENTED_EDGE ( 'NONE', *, *, #944, .F. ) ;
#312 = CARTESIAN_POINT ( 'NONE',  ( 3.000000000000000000, 6.999999999999853451, -19.75000000000017408 ) ) ;
#313 = ADVANCED_FACE ( 'NONE', ( #1281 ), #1857, .T. ) ;
#314 = ADVANCED_FACE ( 'NONE', ( #903 ), #715, .T. ) ;
#315 = EDGE_LOOP ( 'NONE', ( #1462, #1435, #21, #909 ) ) ;
#316 = DIRECTION ( 'NONE',  ( 1.000000000000000000, 0.000000000000000000, 0.000000000000000000 ) ) ;
#317 = ORIENTED_EDGE ( 'NONE', *, *, #1263, .F. ) ;
#318 = CARTESIAN_POINT ( 'NONE',  ( -3.000000000000000000, -13.00000000000017941, 12.99999999999982947 ) ) ;
#319 = ORIENTED_EDGE ( 'NONE', *, *, #464, .F. ) ;
#320 =( NAMED_UNIT ( * ) PLANE_ANGLE_UNIT ( ) SI_UNIT ( $, .RADIAN. ) );
#321 = CARTESIAN_POINT ( 'NONE',  ( 3.000000000000000000, 14.99999999999983658, -19.75000000000017764 ) ) ;
#322 = AXIS2_PLACEMENT_3D ( 'NONE', #222, #999, #1149 ) ;
#323 = ORIENTED_EDGE ( 'NONE', *, *, #2056, .T. ) ;
#324 = LINE ( 'NONE', #1841, #2054 ) ;
#325 = ORIENTED_EDGE ( 'NONE', *, *, #2364, .F. ) ;
#326 = LINE ( 'NONE', #403, #2448 ) ;
#327 = EDGE_CURVE ( 'NONE', #2436, #102, #341, .T. ) ;
#328 = EDGE_CURVE ( 'NONE', #2051, #1710, #2107, .T. ) ;
#329 = VERTEX_POINT ( 'NONE', #1053 ) ;
#330 = CARTESIAN_POINT ( 'NONE',  ( 3.546279611441754742, 20.32407902390676568, -5.341566619891408685 ) ) ;
#331 = ORIENTED_EDGE ( 'NONE', *, *, #1796, .F. ) ;
#332 = CARTESIAN_POINT ( 'NONE',  ( 0.000000000000000000, 14.99999999999983658, -19.75000000000017764 ) ) ;
#333 = DIRECTION ( 'NONE',  ( 1.000000000000000000, -0.000000000000000000, -0.000000000000000000 ) ) ;
#334 = EDGE_LOOP ( 'NONE', ( #1343, #2301, #945, #1900, #377 ) ) ;
#335 = DIRECTION ( 'NONE',  ( 0.000000000000000000, 0.000000000000000000, -1.000000000000000000 ) ) ;
#336 = CIRCLE ( 'NONE', #609, 5.000000000000000888 ) ;
#337 = ORIENTED_EDGE ( 'NONE', *, *, #371, .T. ) ;
#338 = AXIS2_PLACEMENT_3D ( 'NONE', #1957, #239, #1432 ) ;
#339 = PRESENTATION_LAYER_ASSIGNMENT (  '', '', ( #1821 ) ) ;
#340 = ORIENTED_EDGE ( 'NONE', *, *, #1332, .F. ) ;
#341 = LINE ( 'NONE', #862, #389 ) ;
#342 = ADVANCED_FACE ( 'NONE', ( #1635 ), #849, .T. ) ;
#343 = ORIENTED_EDGE ( 'NONE', *, *, #890, .T. ) ;
#344 = CARTESIAN_POINT ( 'NONE',  ( 0.000000000000000000, 10.99999999999984368, -11.00000000000017053 ) ) ;
#345 = CARTESIAN_POINT ( 'NONE',  ( 0.000000000000000000, -15.00000000000016165, -13.00000000000017053 ) ) ;
#346 = ORIENTED_EDGE ( 'NONE', *, *, #62, .T. ) ;
#347 = DIRECTION ( 'NONE',  ( 0.000000000000000000, 0.000000000000000000, -1.000000000000000000 ) ) ;
#348 = ORIENTED_EDGE ( 'NONE', *, *, #1598, .T. ) ;
#349 = AXIS2_PLACEMENT_3D ( 'NONE', #838, #1378, #1607 ) ;
#350 = LINE ( 'NONE', #492, #1065 ) ;
#351 = ORIENTED_EDGE ( 'NONE', *, *, #1873, .T. ) ;
#352 = LINE ( 'NONE', #2269, #1024 ) ;
#353 = ORIENTED_EDGE ( 'NONE', *, *, #368, .F. ) ;
#354 = CARTESIAN_POINT ( 'NONE',  ( 9.000000000000001776, -1.591855728988893469E-13, -31.40000000000015845 ) ) ;
#355 = ADVANCED_FACE ( 'NONE', ( #1291 ), #2057, .F. ) ;
#356 = FACE_OUTER_BOUND ( 'NONE', #1387, .T. ) ;
#357 = ORIENTED_EDGE ( 'NONE', *, *, #2413, .T. ) ;
#358 = FACE_OUTER_BOUND ( 'NONE', #1998, .T. ) ;
#359 = AXIS2_PLACEMENT_3D ( 'NONE', #685, #57, #1591 ) ;
#360 = ORIENTED_EDGE ( 'NONE', *, *, #540, .T. ) ;
#361 = CARTESIAN_POINT ( 'NONE',  ( 9.000000000000001776, -23.60000000000015064, 4.999999999999825917 ) ) ;
#362 = AXIS2_PLACEMENT_3D ( 'NONE', #1816, #316, #1077 ) ;
#363 = FACE_OUTER_BOUND ( 'NONE', #1987, .T. ) ;
#364 = VERTEX_POINT ( 'NONE', #889 ) ;
#365 = CARTESIAN_POINT ( 'NONE',  ( 0.000000000000000000, 14.99999999999984368, 12.74999999999983125 ) ) ;
#366 = EDGE_LOOP ( 'NONE', ( #2392, #86 ) ) ;
#367 = CARTESIAN_POINT ( 'NONE',  ( -19.42221666030940952, 4.999999999999851674, -36.40000000000016911 ) ) ;
#368 = EDGE_CURVE ( 'NONE', #1326, #899, #2101, .T. ) ;
#369 = ORIENTED_EDGE ( 'NONE', *, *, #568, .F. ) ;
#370 = CARTESIAN_POINT ( 'NONE',  ( 3.000000000000000000, 14.99999999999984368, 12.74999999999983125 ) ) ;
#371 = EDGE_CURVE ( 'NONE', #1524, #397, #2024, .T. ) ;
#372 = VECTOR ( 'NONE', #1023, 1000.000000000000000 ) ;
#373 = AXIS2_PLACEMENT_3D ( 'NONE', #87, #666, #801 ) ;
#374 = CIRCLE ( 'NONE', #1296, 5.500000000000011546 ) ;
#375 = ORIENTED_EDGE ( 'NONE', *, *, #1133, .F. ) ;
#376 = CARTESIAN_POINT ( 'NONE',  ( 0.000000000000000000, -1.591855728988893469E-13, -38.90000000000018332 ) ) ;
#377 = ORIENTED_EDGE ( 'NONE', *, *, #1890, .F. ) ;
#378 = CIRCLE ( 'NONE', #539, 8.500000000000014211 ) ;
#379 = DIRECTION ( 'NONE',  ( 0.000000000000000000, 0.000000000000000000, 1.000000000000000000 ) ) ;
#380 = ORIENTED_EDGE ( 'NONE', *, *, #1290, .T. ) ;
#381 = CYLINDRICAL_SURFACE ( 'NONE', #1095, 2.000000000000000000 ) ;
#382 = AXIS2_PLACEMENT_3D ( 'NONE', #563, #2258, #161 ) ;
#383 = VERTEX_POINT ( 'NONE', #114 ) ;
#384 = CARTESIAN_POINT ( 'NONE',  ( 0.000000000000000000, -19.75000000000018119, -15.00000000000016875 ) ) ;
#385 = EDGE_CURVE ( 'NONE', #1443, #1232, #877, .T. ) ;
#386 = EDGE_CURVE ( 'NONE', #2361, #397, #219, .T. ) ;
#387 = VECTOR ( 'NONE', #637, 1000.000000000000000 ) ;
#388 = CARTESIAN_POINT ( 'NONE',  ( 3.782837338969234242, 20.55849324054662475, 5.136408256556157070 ) ) ;
#389 = VECTOR ( 'NONE', #2398, 1000.000000000000000 ) ;
#390 = ADVANCED_FACE ( 'NONE', ( #363 ), #914, .T. ) ;
#391 = EDGE_LOOP ( 'NONE', ( #1584, #1099, #1367, #1643, #207, #2404, #2426, #1400 ) ) ;
#392 = DIRECTION ( 'NONE',  ( 1.000000000000000000, 0.000000000000000000, 0.000000000000000000 ) ) ;
#393 = LINE ( 'NONE', #553, #2470 ) ;
#394 = PLANE ( 'NONE',  #900 ) ;
#395 = ORIENTED_EDGE ( 'NONE', *, *, #276, .F. ) ;
#396 = CARTESIAN_POINT ( 'NONE',  ( -3.000000000000000000, -11.00000000000017764, -11.00000000000017053 ) ) ;
#397 = VERTEX_POINT ( 'NONE', #1729 ) ;
#398 = FACE_OUTER_BOUND ( 'NONE', #1469, .T. ) ;
#399 = TOROIDAL_SURFACE ( 'NONE', #675, 8.000000000000010658, 3.000000000000000000 ) ;
#400 = DIRECTION ( 'NONE',  ( 0.000000000000000000, 1.000000000000000000, -2.312964634635741478E-16 ) ) ;
#401 = ADVANCED_FACE ( 'NONE', ( #2474 ), #1882, .F. ) ;
#402 = ORIENTED_EDGE ( 'NONE', *, *, #645, .T. ) ;
#403 = CARTESIAN_POINT ( 'NONE',  ( 18.95445179679157377, -22.27857142857159189, 4.822222156911748492 ) ) ;
#404 = FACE_BOUND ( 'NONE', #391, .T. ) ;
#405 = ADVANCED_FACE ( 'NONE', ( #404, #1488, #946, #577, #1303, #2090, #776, #1716, #1544, #935 ), #1501, .F. ) ;
#406 = CARTESIAN_POINT ( 'NONE',  ( 3.000000000000000000, -19.75000000000016342, 14.99999999999982947 ) ) ;
#407 = ORIENTED_EDGE ( 'NONE', *, *, #624, .F. ) ;
#408 = CARTESIAN_POINT ( 'NONE',  ( 3.008696094101626972, 19.74999999999984368, -6.751111019676854674 ) ) ;
#409 = VERTEX_POINT ( 'NONE', #2450 ) ;
#410 = DIRECTION ( 'NONE',  ( -1.000000000000000000, -0.000000000000000000, -0.000000000000000000 ) ) ;
#411 = DIRECTION ( 'NONE',  ( 0.000000000000000000, 0.000000000000000000, -1.000000000000000000 ) ) ;
#412 = VECTOR ( 'NONE', #1522, 1000.000000000000000 ) ;
#413 = EDGE_LOOP ( 'NONE', ( #2263, #426 ) ) ;
#414 = CARTESIAN_POINT ( 'NONE',  ( -9.899494936611706208, -1.427654291082565965E-13, 22.80614694161253908 ) ) ;
#415 = DIRECTION ( 'NONE',  ( 0.000000000000000000, 0.000000000000000000, 1.000000000000000000 ) ) ;
#416 = AXIS2_PLACEMENT_3D ( 'NONE', #1086, #2433, #710 ) ;
#417 = EDGE_CURVE ( 'NONE', #2227, #329, #393, .T. ) ;
#418 = CARTESIAN_POINT ( 'NONE',  ( 3.000000000000000000, -7.000000000000169642, -19.75000000000017408 ) ) ;
#419 = VECTOR ( 'NONE', #2260, 1000.000000000000000 ) ;
#420 = ORIENTED_EDGE ( 'NONE', *, *, #1397, .T. ) ;
#421 = DIRECTION ( 'NONE',  ( 1.000000000000000000, 0.000000000000000000, 0.000000000000000000 ) ) ;
#422 = VERTEX_POINT ( 'NONE', #1322 ) ;
#423 = DIRECTION ( 'NONE',  ( -1.000000000000000000, 0.000000000000000000, 0.000000000000000000 ) ) ;
#424 = FACE_OUTER_BOUND ( 'NONE', #970, .T. ) ;
#425 = VECTOR ( 'NONE', #1433, 1000.000000000000000 ) ;
#426 = ORIENTED_EDGE ( 'NONE', *, *, #2162, .T. ) ;
#427 = DIRECTION ( 'NONE',  ( 0.000000000000000000, 0.000000000000000000, -1.000000000000000000 ) ) ;
#428 = CARTESIAN_POINT ( 'NONE',  ( 0.000000000000000000, 21.74999999999984723, -6.751111019676853786 ) ) ;
#429 = CARTESIAN_POINT ( 'NONE',  ( 0.000000000000000000, -1.591855728988893469E-13, -36.40000000000016911 ) ) ;
#430 = VERTEX_POINT ( 'NONE', #376 ) ;
#431 = DIRECTION ( 'NONE',  ( -0.000000000000000000, -0.000000000000000000, 1.000000000000000000 ) ) ;
#432 = EDGE_CURVE ( 'NONE', #2125, #1471, #2066, .T. ) ;
#433 = CARTESIAN_POINT ( 'NONE',  ( -3.000000000000000000, 12.99999999999984368, 12.99999999999982947 ) ) ;
#434 = EDGE_LOOP ( 'NONE', ( #509, #1897, #714, #1677, #2134 ) ) ;
#435 = CARTESIAN_POINT ( 'NONE',  ( 0.000000000000000000, 5.499999999999866773, -7.877103387563685457E-16 ) ) ;
#436 = ADVANCED_FACE ( 'NONE', ( #1123 ), #750, .T. ) ;
#437 = CARTESIAN_POINT ( 'NONE',  ( 3.022441785802028047, 19.74999999999984723, 6.543740237214279887 ) ) ;
#438 = ORIENTED_EDGE ( 'NONE', *, *, #1616, .F. ) ;
#439 = LINE ( 'NONE', #1160, #193 ) ;
#440 = CARTESIAN_POINT ( 'NONE',  ( 3.369365185710408106, 4.999999999999852562, -32.17473198725978278 ) ) ;
#441 = FACE_OUTER_BOUND ( 'NONE', #172, .T. ) ;
#442 = ORIENTED_EDGE ( 'NONE', *, *, #96, .F. ) ;
#443 = DIRECTION ( 'NONE',  ( 0.000000000000000000, 0.000000000000000000, 1.000000000000000000 ) ) ;
#444 = EDGE_CURVE ( 'NONE', #1210, #1408, #959, .T. ) ;
#445 = CARTESIAN_POINT ( 'NONE',  ( 0.000000000000000000, -7.000000000000169642, -19.75000000000017408 ) ) ;
#446 = ORIENTED_EDGE ( 'NONE', *, *, #1365, .T. ) ;
#447 = CARTESIAN_POINT ( 'NONE',  ( 6.000000000000000888, -5.000000000000170530, -36.40000000000016911 ) ) ;
#448 = EDGE_CURVE ( 'NONE', #1017, #44, #352, .T. ) ;
#449 = FACE_OUTER_BOUND ( 'NONE', #642, .T. ) ;
#450 = VERTEX_POINT ( 'NONE', #2310 ) ;
#451 = CARTESIAN_POINT ( 'NONE',  ( 3.104823004361051186, 4.999999999999849898, -31.32766660381920687 ) ) ;
#452 = CIRCLE ( 'NONE', #1574, 1.999999999999998224 ) ;
#453 = LINE ( 'NONE', #1568, #469 ) ;
#454 = ORIENTED_EDGE ( 'NONE', *, *, #738, .T. ) ;
#455 = CARTESIAN_POINT ( 'NONE',  ( 0.000000000000000000, -1.591855728988893469E-13, -36.40000000000016911 ) ) ;
#456 = VECTOR ( 'NONE', #920, 1000.000000000000000 ) ;
#457 = AXIS2_PLACEMENT_3D ( 'NONE', #1639, #144, #1850 ) ;
#458 = FACE_BOUND ( 'NONE', #767, .T. ) ;
#459 = DIRECTION ( 'NONE',  ( -1.000000000000000000, 0.000000000000000000, 0.000000000000000000 ) ) ;
#460 = EDGE_LOOP ( 'NONE', ( #954, #1748, #305, #1142, #2040 ) ) ;
#461 = CARTESIAN_POINT ( 'NONE',  ( 9.000000000000001776, 23.59999999999984510, -1.658673198789983619E-13 ) ) ;
#462 = CARTESIAN_POINT ( 'NONE',  ( 3.000000000000000000, -11.00000000000017941, 12.99999999999982947 ) ) ;
#463 = ADVANCED_FACE ( 'NONE', ( #591 ), #1354, .F. ) ;
#464 = EDGE_CURVE ( 'NONE', #1714, #1191, #740, .T. ) ;
#465 = VECTOR ( 'NONE', #1514, 1000.000000000000000 ) ;
#466 = CARTESIAN_POINT ( 'NONE',  ( 3.008696094101626972, -19.75000000000016698, 6.751111019676514502 ) ) ;
#467 = CARTESIAN_POINT ( 'NONE',  ( 6.000000000000001776, 4.999999999999851674, -36.40000000000016911 ) ) ;
#468 = EDGE_CURVE ( 'NONE', #2257, #1724, #2346, .T. ) ;
#469 = VECTOR ( 'NONE', #470, 1000.000000000000000 ) ;
#470 = DIRECTION ( 'NONE',  ( -1.000000000000000000, -0.000000000000000000, -0.000000000000000000 ) ) ;
#471 = ORIENTED_EDGE ( 'NONE', *, *, #2328, .T. ) ;
#472 = CARTESIAN_POINT ( 'NONE',  ( 0.000000000000000000, -23.60000000000015064, 4.999999999999826805 ) ) ;
#473 = PLANE ( 'NONE',  #2348 ) ;
#474 = DIRECTION ( 'NONE',  ( -1.000000000000000000, -0.000000000000000000, -0.000000000000000000 ) ) ;
#475 = EDGE_LOOP ( 'NONE', ( #454, #699, #1870, #677 ) ) ;
#476 = DIRECTION ( 'NONE',  ( 0.000000000000000000, 0.000000000000000000, -1.000000000000000000 ) ) ;
#477 = LINE ( 'NONE', #2164, #1198 ) ;
#478 = CARTESIAN_POINT ( 'NONE',  ( 3.053085507880815452, -19.78191462125740685, 6.342687824715372180 ) ) ;
#479 = CARTESIAN_POINT ( 'NONE',  ( 2.999999999999999112, 7.499999999999869438, 21.74999999999983302 ) ) ;
#480 = FACE_OUTER_BOUND ( 'NONE', #334, .T. ) ;
#481 = ADVANCED_FACE ( 'NONE', ( #1706 ), #2486, .F. ) ;
#482 = ORIENTED_EDGE ( 'NONE', *, *, #693, .T. ) ;
#483 = CARTESIAN_POINT ( 'NONE',  ( 0.000000000000000000, -22.27857142857159900, -4.822222156912100210 ) ) ;
#484 = AXIS2_PLACEMENT_3D ( 'NONE', #2299, #24, #754 ) ;
#485 = DIRECTION ( 'NONE',  ( 1.000000000000000000, 0.000000000000000000, 0.000000000000000000 ) ) ;
#486 = DIRECTION ( 'NONE',  ( 0.000000000000000000, 0.000000000000000000, -1.000000000000000000 ) ) ;
#487 = ORIENTED_EDGE ( 'NONE', *, *, #200, .T. ) ;
#488 = PLANE ( 'NONE',  #1660 ) ;
#489 = B_SPLINE_CURVE_WITH_KNOTS ( 'NONE', 3,
 ( #1386, #598, #574, #1007, #2102, #1552, #1751, #1372, #1927, #2137 ),
 .UNSPECIFIED., .F., .F.,
 ( 4, 2, 2, 2, 4 ),
 ( 0.000000000000000000, 0.0004899578660565826350, 0.0009799157321131652700, 0.001469873598169747905, 0.001959831464226330540 ),
 .UNSPECIFIED. ) ;
#490 = CARTESIAN_POINT ( 'NONE',  ( 3.008696094101626972, 19.74999999999984368, 6.751111019676521607 ) ) ;
#491 = DIRECTION ( 'NONE',  ( -1.000000000000000000, -0.000000000000000000, -0.000000000000000000 ) ) ;
#492 = CARTESIAN_POINT ( 'NONE',  ( -9.899494936611706208, -23.60000000000015064, 2.499999999999824141 ) ) ;
#493 = B_SPLINE_CURVE_WITH_KNOTS ( 'NONE', 3,
 ( #2167, #2320, #451, #440, #1954, #623, #2182, #1204, #23, #1013, #1794, #1781, #787, #467 ),
 .UNSPECIFIED., .F., .F.,
 ( 4, 2, 2, 2, 2, 2, 4 ),
 ( 3.496446946337351263E-18, 0.001759849776190041239, 0.002639774664285060232, 0.003519699552380079009, 0.005279549328570116995, 0.006159474216665135338, 0.007039399104760154548 ),
 .UNSPECIFIED. ) ;
#494 = DIRECTION ( 'NONE',  ( 1.000000000000000000, 0.000000000000000000, -0.000000000000000000 ) ) ;
#495 = ORIENTED_EDGE ( 'NONE', *, *, #2381, .T. ) ;
#496 = DIRECTION ( 'NONE',  ( 0.000000000000000000, 0.000000000000000000, 1.000000000000000000 ) ) ;
#497 = EDGE_CURVE ( 'NONE', #936, #1542, #1829, .T. ) ;
#498 = DIRECTION ( 'NONE',  ( 1.000000000000000000, 0.000000000000000000, 0.000000000000000000 ) ) ;
#499 = CARTESIAN_POINT ( 'NONE',  ( 3.000000000000000000, 7.499999999999871214, 19.74999999999982947 ) ) ;
#500 = AXIS2_PLACEMENT_3D ( 'NONE', #804, #410, #2112 ) ;
#501 = VERTEX_POINT ( 'NONE', #810 ) ;
#502 = LINE ( 'NONE', #312, #732 ) ;
#503 = ORIENTED_EDGE ( 'NONE', *, *, #1648, .F. ) ;
#504 = VECTOR ( 'NONE', #1193, 1000.000000000000000 ) ;
#505 = CARTESIAN_POINT ( 'NONE',  ( 3.505176433153982973, -5.500000000000156319, 21.74999999999983302 ) ) ;
#506 = CARTESIAN_POINT ( 'NONE',  ( 3.782828739558591558, -20.55848500353237540, 5.136414393224905339 ) ) ;
#507 = AXIS2_PLACEMENT_3D ( 'NONE', #2385, #274, #663 ) ;
#508 = CYLINDRICAL_SURFACE ( 'NONE', #2437, 2.500000000000015987 ) ;
#509 = ORIENTED_EDGE ( 'NONE', *, *, #587, .F. ) ;
#510 = CARTESIAN_POINT ( 'NONE',  ( 3.000000000000000000, -15.00000000000016165, 14.99999999999982947 ) ) ;
#511 = CARTESIAN_POINT ( 'NONE',  ( 3.259342924220724580, -5.586399939451729857, 21.14895624383329675 ) ) ;
#512 = VERTEX_POINT ( 'NONE', #1594 ) ;
#513 = CARTESIAN_POINT ( 'NONE',  ( 0.000000000000000000, -19.75000000000017764, -6.751111019676867997 ) ) ;
#514 = EDGE_CURVE ( 'NONE', #709, #1670, #602, .T. ) ;
#515 = CIRCLE ( 'NONE', #824, 1.999999999999998224 ) ;
#516 = EDGE_LOOP ( 'NONE', ( #407, #1486, #131, #1682 ) ) ;
#517 = ADVANCED_FACE ( 'NONE', ( #798 ), #2359, .F. ) ;
#518 = CARTESIAN_POINT ( 'NONE',  ( 9.000000000000001776, -23.60000000000015064, 2.499999999999824141 ) ) ;
#519 = ORIENTED_EDGE ( 'NONE', *, *, #1429, .F. ) ;
#520 = CARTESIAN_POINT ( 'NONE',  ( 0.000000000000000000, -15.00000000000016165, 14.99999999999982947 ) ) ;
#521 = ORIENTED_EDGE ( 'NONE', *, *, #2476, .F. ) ;
#522 = LINE ( 'NONE', #1283, #97 ) ;
#523 = CARTESIAN_POINT ( 'NONE',  ( 2.999999999999999556, -6.192923631480643287, 20.22717930433885059 ) ) ;
#524 = CIRCLE ( 'NONE', #1921, 2.000000000000001776 ) ;
#525 = ORIENTED_EDGE ( 'NONE', *, *, #142, .F. ) ;
#526 = DIRECTION ( 'NONE',  ( 0.000000000000000000, 0.000000000000000000, -1.000000000000000000 ) ) ;
#527 = VERTEX_POINT ( 'NONE', #1767 ) ;
#528 = EDGE_CURVE ( 'NONE', #1724, #1714, #1267, .T. ) ;
#529 = DIRECTION ( 'NONE',  ( 0.000000000000000000, 0.000000000000000000, -1.000000000000000000 ) ) ;
#530 = ORIENTED_EDGE ( 'NONE', *, *, #468, .F. ) ;
#531 = FILL_AREA_STYLE ('',( #2452 ) ) ;
#532 = LINE ( 'NONE', #1826, #2382 ) ;
#533 = ORIENTED_EDGE ( 'NONE', *, *, #108, .F. ) ;
#534 = CYLINDRICAL_SURFACE ( 'NONE', #416, 2.499999999999998668 ) ;
#535 = CIRCLE ( 'NONE', #2132, 4.750000000000000888 ) ;
#536 = ORIENTED_EDGE ( 'NONE', *, *, #1702, .F. ) ;
#537 = FACE_OUTER_BOUND ( 'NONE', #2308, .T. ) ;
#538 = VECTOR ( 'NONE', #1799, 1000.000000000000000 ) ;
#539 = AXIS2_PLACEMENT_3D ( 'NONE', #1874, #917, #729 ) ;
#540 = EDGE_CURVE ( 'NONE', #102, #1326, #1786, .T. ) ;
#541 = EDGE_CURVE ( 'NONE', #2015, #1103, #901, .T. ) ;
#542 = ORIENTED_EDGE ( 'NONE', *, *, #2445, .T. ) ;
#543 = CARTESIAN_POINT ( 'NONE',  ( 18.95445179679157377, -1.427654291082565965E-13, 25.80614694161255329 ) ) ;
#544 = VERTEX_POINT ( 'NONE', #1754 ) ;
#545 = VECTOR ( 'NONE', #837, 1000.000000000000000 ) ;
#546 = CARTESIAN_POINT ( 'NONE',  ( 3.802102686731779979, 5.499999999999872102, 22.49911001703638647 ) ) ;
#547 = ORIENTED_EDGE ( 'NONE', *, *, #871, .T. ) ;
#548 = DIRECTION ( 'NONE',  ( 1.000000000000000000, 0.000000000000000000, 0.000000000000000000 ) ) ;
#549 = EDGE_LOOP ( 'NONE', ( #733, #1255 ) ) ;
#550 = CIRCLE ( 'NONE', #1947, 2.999999999999999112 ) ;
#551 = CARTESIAN_POINT ( 'NONE',  ( 18.95445179679157377, -1.585732494993156712E-13, -41.40000000000017621 ) ) ;
#552 = EDGE_CURVE ( 'NONE', #450, #1288, #1744, .T. ) ;
#553 = CARTESIAN_POINT ( 'NONE',  ( -9.899494936611706208, -23.60000000000015064, -2.500000000000173639 ) ) ;
#554 = ORIENTED_EDGE ( 'NONE', *, *, #1499, .T. ) ;
#555 = EDGE_CURVE ( 'NONE', #1827, #936, #46, .T. ) ;
#556 = CARTESIAN_POINT ( 'NONE',  ( 4.191876480397628058, 5.499999999999871214, 23.19114590751756211 ) ) ;
#557 = ORIENTED_EDGE ( 'NONE', *, *, #1858, .T. ) ;
#558 = CARTESIAN_POINT ( 'NONE',  ( 3.000000000000000000, -13.00000000000017941, -13.00000000000017053 ) ) ;
#559 = ORIENTED_EDGE ( 'NONE', *, *, #1997, .T. ) ;
#560 = CARTESIAN_POINT ( 'NONE',  ( 18.95445179679157377, 5.499999999999870326, 25.80614694161255329 ) ) ;
#561 = AXIS2_PLACEMENT_3D ( 'NONE', #590, #1188, #2116 ) ;
#562 = ORIENTED_EDGE ( 'NONE', *, *, #1777, .T. ) ;
#563 = CARTESIAN_POINT ( 'NONE',  ( 0.000000000000000000, -15.00000000000016165, 14.99999999999982947 ) ) ;
#564 = EDGE_LOOP ( 'NONE', ( #1135, #2265, #1085, #1578, #962, #438 ) ) ;
#565 = CARTESIAN_POINT ( 'NONE',  ( 5.745219909219722254, -22.10900756260640421, -4.775756745349272414 ) ) ;
#566 = VERTEX_POINT ( 'NONE', #1555 ) ;
#567 = CARTESIAN_POINT ( 'NONE',  ( 3.042013058129765302, -19.77092880606812031, -6.419530373678083102 ) ) ;
#568 = EDGE_CURVE ( 'NONE', #1481, #1508, #1941, .T. ) ;
#569 = ADVANCED_FACE ( 'NONE', ( #1743 ), #743, .F. ) ;
#570 = VERTEX_POINT ( 'NONE', #985 ) ;
#571 = CARTESIAN_POINT ( 'NONE',  ( 0.000000000000000000, -23.60000000000015064, 2.499999999999824141 ) ) ;
#572 = VECTOR ( 'NONE', #1628, 1000.000000000000000 ) ;
#573 = VECTOR ( 'NONE', #431, 1000.000000000000000 ) ;
#574 = CARTESIAN_POINT ( 'NONE',  ( 3.380650961057785509, 5.517338025821368674, 21.44644235076685135 ) ) ;
#575 = VERTEX_POINT ( 'NONE', #1402 ) ;
#576 = DIRECTION ( 'NONE',  ( 1.000000000000000000, 0.000000000000000000, 0.000000000000000000 ) ) ;
#577 = FACE_BOUND ( 'NONE', #1484, .T. ) ;
#578 = AXIS2_PLACEMENT_3D ( 'NONE', #1325, #1895, #379 ) ;
#579 = FACE_OUTER_BOUND ( 'NONE', #1550, .T. ) ;
#580 = ORIENTED_EDGE ( 'NONE', *, *, #738, .F. ) ;
#581 = CARTESIAN_POINT ( 'NONE',  ( 3.856866577878403923, -20.62773530959012902, -5.090678702721636917 ) ) ;
#582 = AXIS2_PLACEMENT_3D ( 'NONE', #520, #2296, #763 ) ;
#583 = EDGE_CURVE ( 'NONE', #2074, #1379, #247, .T. ) ;
#584 = ORIENTED_EDGE ( 'NONE', *, *, #2328, .F. ) ;
#585 = DIRECTION ( 'NONE',  ( -1.000000000000000000, -0.000000000000000000, -0.000000000000000000 ) ) ;
#586 = AXIS2_PLACEMENT_3D ( 'NONE', #1403, #1042, #85 ) ;
#587 = EDGE_CURVE ( 'NONE', #1741, #839, #493, .T. ) ;
#588 = CARTESIAN_POINT ( 'NONE',  ( 4.360882945898928220, 21.07294018278646064, 4.864598599709089477 ) ) ;
#589 = ORIENTED_EDGE ( 'NONE', *, *, #2317, .F. ) ;
#590 = CARTESIAN_POINT ( 'NONE',  ( -3.000000000000000000, -13.00000000000017941, -13.00000000000017053 ) ) ;
#591 = FACE_OUTER_BOUND ( 'NONE', #1589, .T. ) ;
#592 = CARTESIAN_POINT ( 'NONE',  ( 3.000000000000000000, 14.99999999999983658, -15.00000000000017053 ) ) ;
#593 = VERTEX_POINT ( 'NONE', #209 ) ;
#594 = DIRECTION ( 'NONE',  ( -1.000000000000000000, -0.000000000000000000, -0.000000000000000000 ) ) ;
#595 = ORIENTED_EDGE ( 'NONE', *, *, #1930, .T. ) ;
#596 = CARTESIAN_POINT ( 'NONE',  ( 0.000000000000000000, 19.74999999999984368, 6.751111019676521607 ) ) ;
#597 = VECTOR ( 'NONE', #1726, 1000.000000000000000 ) ;
#598 = CARTESIAN_POINT ( 'NONE',  ( 3.444205799986490568, 5.499999999999871214, 21.59617826311909283 ) ) ;
#599 = EDGE_CURVE ( 'NONE', #921, #2051, #61, .T. ) ;
#600 = ORIENTED_EDGE ( 'NONE', *, *, #1129, .T. ) ;
#601 = CARTESIAN_POINT ( 'NONE',  ( 0.000000000000000000, -15.00000000000017941, -19.75000000000017053 ) ) ;
#602 = LINE ( 'NONE', #235, #661 ) ;
#603 = DIRECTION ( 'NONE',  ( 0.000000000000000000, 0.000000000000000000, 1.000000000000000000 ) ) ;
#604 = EDGE_LOOP ( 'NONE', ( #145, #983, #154, #1497, #2487, #2443 ) ) ;
#605 = CARTESIAN_POINT ( 'NONE',  ( 4.968143529823832338, -21.55502591861456807, -4.751111019678203817 ) ) ;
#606 = ORIENTED_EDGE ( 'NONE', *, *, #1533, .F. ) ;
#607 = CYLINDRICAL_SURFACE ( 'NONE', #1453, 2.000000000000000000 ) ;
#608 = FACE_OUTER_BOUND ( 'NONE', #617, .T. ) ;
#609 = AXIS2_PLACEMENT_3D ( 'NONE', #1237, #1396, #857 ) ;
#610 = VERTEX_POINT ( 'NONE', #1364 ) ;
#611 = DIRECTION ( 'NONE',  ( 0.000000000000000000, 0.000000000000000000, -1.000000000000000000 ) ) ;
#612 = DIRECTION ( 'NONE',  ( 1.000000000000000000, 0.000000000000000000, 0.000000000000000000 ) ) ;
#613 = EDGE_CURVE ( 'NONE', #1022, #988, #780, .T. ) ;
#614 = EDGE_LOOP ( 'NONE', ( #255, #1166, #2334, #2329 ) ) ;
#615 = CARTESIAN_POINT ( 'NONE',  ( 3.000000000000000000, -13.00000000000017941, 10.99999999999982947 ) ) ;
#616 = DIRECTION ( 'NONE',  ( -1.000000000000000000, 0.000000000000000000, 0.000000000000000000 ) ) ;
#617 = EDGE_LOOP ( 'NONE', ( #2053, #1280, #1923, #1477 ) ) ;
#618 = DIRECTION ( 'NONE',  ( -1.000000000000000000, 0.000000000000000000, 0.000000000000000000 ) ) ;
#619 = AXIS2_PLACEMENT_3D ( 'NONE', #1879, #1428, #931 ) ;
#620 = CARTESIAN_POINT ( 'NONE',  ( 3.000000000000000000, -15.00000000000017941, -19.75000000000017053 ) ) ;
#621 = VERTEX_POINT ( 'NONE', #2022 ) ;
#622 = DIRECTION ( 'NONE',  ( 1.000000000000000000, 0.000000000000000000, 0.000000000000000000 ) ) ;
#623 = CARTESIAN_POINT ( 'NONE',  ( 3.712315999986488979, 4.999999999999852562, -32.98842961123860817 ) ) ;
#624 = EDGE_CURVE ( 'NONE', #878, #2253, #350, .T. ) ;
#625 = DIRECTION ( 'NONE',  ( -1.000000000000000000, 0.000000000000000000, 0.000000000000000000 ) ) ;
#626 = ORIENTED_EDGE ( 'NONE', *, *, #827, .T. ) ;
#627 = LINE ( 'NONE', #1233, #2380 ) ;
#628 = ADVANCED_FACE ( 'NONE', ( #1111 ), #1835, .T. ) ;
#629 = DIRECTION ( 'NONE',  ( -1.000000000000000000, -0.000000000000000000, 0.000000000000000000 ) ) ;
#630 = ORIENTED_EDGE ( 'NONE', *, *, #78, .T. ) ;
#631 = CARTESIAN_POINT ( 'NONE',  ( 0.000000000000000000, -1.427654291082565965E-13, 22.80614694161253908 ) ) ;
#632 = CARTESIAN_POINT ( 'NONE',  ( 0.000000000000000000, -21.75000000000017408, -6.751111019676867997 ) ) ;
#633 = CIRCLE ( 'NONE', #280, 5.000000000000000888 ) ;
#634 = ORIENTED_EDGE ( 'NONE', *, *, #1393, .F. ) ;
#635 = DIRECTION ( 'NONE',  ( 0.000000000000000000, 0.000000000000000000, -1.000000000000000000 ) ) ;
#636 = DIRECTION ( 'NONE',  ( 0.000000000000000000, 1.000000000000000000, -2.312964634635741478E-16 ) ) ;
#637 = DIRECTION ( 'NONE',  ( -1.000000000000000000, 0.000000000000000000, 0.000000000000000000 ) ) ;
#638 = ORIENTED_EDGE ( 'NONE', *, *, #1045, .F. ) ;
#639 = CARTESIAN_POINT ( 'NONE',  ( 9.000000000000001776, -1.427654291082565965E-13, 22.80614694161253908 ) ) ;
#640 = DIRECTION ( 'NONE',  ( 0.000000000000000000, 1.000000000000000000, -1.432200615920705022E-16 ) ) ;
#641 = CARTESIAN_POINT ( 'NONE',  ( 0.000000000000000000, 4.999999999999851674, -36.40000000000016911 ) ) ;
#642 = EDGE_LOOP ( 'NONE', ( #1270, #2213 ) ) ;
#643 = CARTESIAN_POINT ( 'NONE',  ( 3.000000000000000000, -19.75000000000016342, 14.99999999999982947 ) ) ;
#644 = EDGE_CURVE ( 'NONE', #1761, #2468, #1586, .T. ) ;
#645 = EDGE_CURVE ( 'NONE', #1379, #109, #1995, .T. ) ;
#646 = EDGE_CURVE ( 'NONE', #610, #81, #307, .T. ) ;
#647 = DIRECTION ( 'NONE',  ( 0.000000000000000000, 0.000000000000000000, -1.000000000000000000 ) ) ;
#648 = DIRECTION ( 'NONE',  ( 0.000000000000000000, 0.000000000000000000, -1.000000000000000000 ) ) ;
#649 = DIRECTION ( 'NONE',  ( 0.000000000000000000, 0.000000000000000000, -1.000000000000000000 ) ) ;
#650 = AXIS2_PLACEMENT_3D ( 'NONE', #1061, #1308, #683 ) ;
#651 = DIRECTION ( 'NONE',  ( -1.000000000000000000, 0.000000000000000000, 0.000000000000000000 ) ) ;
#652 = ORIENTED_EDGE ( 'NONE', *, *, #1872, .T. ) ;
#653 = PLANE ( 'NONE',  #52 ) ;
#654 = CIRCLE ( 'NONE', #1696, 4.750000000000000888 ) ;
#655 = CYLINDRICAL_SURFACE ( 'NONE', #1632, 2.500000000000002220 ) ;
#656 = LINE ( 'NONE', #641, #2136 ) ;
#657 = ORIENTED_EDGE ( 'NONE', *, *, #1010, .T. ) ;
#658 = LINE ( 'NONE', #435, #1170 ) ;
#659 = DIRECTION ( 'NONE',  ( 0.000000000000000000, 0.000000000000000000, -1.000000000000000000 ) ) ;
#660 = EDGE_CURVE ( 'NONE', #2357, #1521, #1266, .T. ) ;
#661 = VECTOR ( 'NONE', #1580, 1000.000000000000000 ) ;
#662 = CARTESIAN_POINT ( 'NONE',  ( 0.000000000000000000, 23.59999999999984510, -1.658673198789983619E-13 ) ) ;
#663 = DIRECTION ( 'NONE',  ( 0.000000000000000000, 5.209379807738162522E-17, 1.000000000000000000 ) ) ;
#664 = DIRECTION ( 'NONE',  ( 0.000000000000000000, 0.000000000000000000, 1.000000000000000000 ) ) ;
#665 = ORIENTED_EDGE ( 'NONE', *, *, #1564, .T. ) ;
#666 = DIRECTION ( 'NONE',  ( 1.000000000000000000, 0.000000000000000000, 0.000000000000000000 ) ) ;
#667 = FACE_BOUND ( 'NONE', #1813, .T. ) ;
#668 = DIRECTION ( 'NONE',  ( 0.000000000000000000, 0.000000000000000000, -1.000000000000000000 ) ) ;
#669 = ORIENTED_EDGE ( 'NONE', *, *, #793, .F. ) ;
#670 = CARTESIAN_POINT ( 'NONE',  ( 3.843798482138232053, -5.000000000000170530, -33.24991575529279686 ) ) ;
#671 = CARTESIAN_POINT ( 'NONE',  ( 9.000000000000001776, -1.427654291082565965E-13, 25.80614694161255329 ) ) ;
#672 = PRODUCT_DEFINITION_FORMATION_WITH_SPECIFIED_SOURCE ( 'ANY', '', #1324, .NOT_KNOWN. ) ;
#673 = CARTESIAN_POINT ( 'NONE',  ( 2.999999999999999112, 6.327075676575163676, 20.13004675020566125 ) ) ;
#674 = EDGE_CURVE ( 'NONE', #1510, #2156, #922, .T. ) ;
#675 = AXIS2_PLACEMENT_3D ( 'NONE', #1740, #1951, #231 ) ;
#676 = DIRECTION ( 'NONE',  ( 0.000000000000000000, -1.000000000000000000, 0.000000000000000000 ) ) ;
#677 = ORIENTED_EDGE ( 'NONE', *, *, #1902, .T. ) ;
#678 = LINE ( 'NONE', #1490, #419 ) ;
#679 = CIRCLE ( 'NONE', #1200, 2.000000000000000000 ) ;
#680 = FACE_BOUND ( 'NONE', #863, .T. ) ;
#681 = CYLINDRICAL_SURFACE ( 'NONE', #257, 2.250000000000001776 ) ;
#682 = VERTEX_POINT ( 'NONE', #873 ) ;
#683 = DIRECTION ( 'NONE',  ( 0.000000000000000000, 0.000000000000000000, -1.000000000000000000 ) ) ;
#684 = ORIENTED_EDGE ( 'NONE', *, *, #1703, .F. ) ;
#685 = CARTESIAN_POINT ( 'NONE',  ( -9.899494936611706208, -1.591855728988893469E-13, -36.40000000000016911 ) ) ;
#686 = DIRECTION ( 'NONE',  ( -1.000000000000000000, 0.000000000000000000, -0.000000000000000000 ) ) ;
#687 = DIRECTION ( 'NONE',  ( 0.000000000000000000, 1.000000000000000000, -2.312964634635741478E-16 ) ) ;
#688 = EDGE_CURVE ( 'NONE', #2414, #1623, #84, .T. ) ;
#689 = CARTESIAN_POINT ( 'NONE',  ( 3.645743503528174223, 20.42446702269576875, -5.247955724768885055 ) ) ;
#690 = ORIENTED_EDGE ( 'NONE', *, *, #243, .F. ) ;
#691 = CYLINDRICAL_SURFACE ( 'NONE', #1415, 4.750000000000000888 ) ;
#692 = VECTOR ( 'NONE', #1360, 1000.000000000000000 ) ;
#693 = EDGE_CURVE ( 'NONE', #1741, #936, #1052, .T. ) ;
#694 = CARTESIAN_POINT ( 'NONE',  ( -19.42221666030940952, -5.000000000000170530, -36.40000000000016911 ) ) ;
#695 = LINE ( 'NONE', #345, #1778 ) ;
#696 = AXIS2_PLACEMENT_3D ( 'NONE', #779, #594, #1945 ) ;
#697 = ORIENTED_EDGE ( 'NONE', *, *, #2447, .F. ) ;
#698 = DIRECTION ( 'NONE',  ( 0.000000000000000000, 1.000000000000000000, -2.312964634635741478E-16 ) ) ;
#699 = ORIENTED_EDGE ( 'NONE', *, *, #1666, .T. ) ;
#700 = AXIS2_PLACEMENT_3D ( 'NONE', #2402, #1492, #486 ) ;
#701 = DIRECTION ( 'NONE',  ( 1.000000000000000000, 0.000000000000000000, 0.000000000000000000 ) ) ;
#702 = AXIS2_PLACEMENT_3D ( 'NONE', #2425, #703, #1254 ) ;
#703 = DIRECTION ( 'NONE',  ( -1.000000000000000000, 0.000000000000000000, 0.000000000000000000 ) ) ;
#704 = ORIENTED_EDGE ( 'NONE', *, *, #328, .T. ) ;
#705 = CARTESIAN_POINT ( 'NONE',  ( 0.000000000000000000, -19.75000000000016698, 6.751111019676514502 ) ) ;
#706 = AXIS2_PLACEMENT_3D ( 'NONE', #2199, #2171, #1811 ) ;
#707 = EDGE_CURVE ( 'NONE', #1321, #383, #2420, .T. ) ;
#708 = CARTESIAN_POINT ( 'NONE',  ( 3.000000000000000000, 4.999999999999851674, -30.15500200160176902 ) ) ;
#709 = VERTEX_POINT ( 'NONE', #860 ) ;
#710 = DIRECTION ( 'NONE',  ( 0.000000000000000000, 0.000000000000000000, -1.000000000000000000 ) ) ;
#711 = AXIS2_PLACEMENT_3D ( 'NONE', #101, #1673, #529 ) ;
#712 = ADVANCED_FACE ( 'NONE', ( #1229 ), #1310, .F. ) ;
#713 = VERTEX_POINT ( 'NONE', #361 ) ;
#714 = ORIENTED_EDGE ( 'NONE', *, *, #990, .F. ) ;
#715 = CYLINDRICAL_SURFACE ( 'NONE', #1792, 5.000000000000011546 ) ;
#716 = EDGE_LOOP ( 'NONE', ( #1572, #998, #1853, #1875, #238, #8 ) ) ;
#717 = DIRECTION ( 'NONE',  ( 0.000000000000000000, 0.000000000000000000, 1.000000000000000000 ) ) ;
#718 = DIRECTION ( 'NONE',  ( 0.000000000000000000, 0.000000000000000000, -1.000000000000000000 ) ) ;
#719 = AXIS2_PLACEMENT_3D ( 'NONE', #1953, #392, #1728 ) ;
#720 = VERTEX_POINT ( 'NONE', #2065 ) ;
#721 = DIRECTION ( 'NONE',  ( 1.000000000000000000, 0.000000000000000000, 0.000000000000000000 ) ) ;
#722 = ADVANCED_FACE ( 'NONE', ( #1820 ), #1451, .T. ) ;
#723 = ADVANCED_FACE ( 'NONE', ( #537 ), #1889, .F. ) ;
#724 = ORIENTED_EDGE ( 'NONE', *, *, #1795, .F. ) ;
#725 = EDGE_CURVE ( 'NONE', #1191, #2058, #1505, .T. ) ;
#726 = DIRECTION ( 'NONE',  ( 1.000000000000000000, 0.000000000000000000, 0.000000000000000000 ) ) ;
#727 = ORIENTED_EDGE ( 'NONE', *, *, #1304, .F. ) ;
#728 = SURFACE_STYLE_USAGE ( .BOTH. , #1685 ) ;
#729 = DIRECTION ( 'NONE',  ( 0.000000000000000000, 1.776356839400252042E-15, -1.000000000000000000 ) ) ;
#730 = VERTEX_POINT ( 'NONE', #1041 ) ;
#731 = CARTESIAN_POINT ( 'NONE',  ( 6.000000000000001776, -1.591855728988893469E-13, -31.40000000000015845 ) ) ;
#732 = VECTOR ( 'NONE', #1097, 1000.000000000000000 ) ;
#733 = ORIENTED_EDGE ( 'NONE', *, *, #230, .F. ) ;
#734 = CARTESIAN_POINT ( 'NONE',  ( 3.002926430263853863, 19.74999999999984368, -6.838153544030003417 ) ) ;
#735 = AXIS2_PLACEMENT_3D ( 'NONE', #1864, #1657, #2264 ) ;
#736 = EDGE_CURVE ( 'NONE', #682, #1206, #772, .T. ) ;
#737 = VECTOR ( 'NONE', #802, 1000.000000000000000 ) ;
#738 = EDGE_CURVE ( 'NONE', #593, #2184, #1807, .T. ) ;
#739 = VERTEX_POINT ( 'NONE', #384 ) ;
#740 = LINE ( 'NONE', #1892, #1226 ) ;
#741 = ORIENTED_EDGE ( 'NONE', *, *, #752, .F. ) ;
#742 = DIRECTION ( 'NONE',  ( 0.000000000000000000, 0.000000000000000000, -1.000000000000000000 ) ) ;
#743 = TOROIDAL_SURFACE ( 'NONE', #1545, 8.500000000000014211, 3.000000000000000000 ) ;
#744 = LINE ( 'NONE', #1546, #35 ) ;
#745 = ORIENTED_EDGE ( 'NONE', *, *, #1598, .F. ) ;
#746 = CARTESIAN_POINT ( 'NONE',  ( 0.000000000000000000, -13.00000000000017941, 14.99999999999982947 ) ) ;
#747 = EDGE_LOOP ( 'NONE', ( #37, #562, #975, #1179 ) ) ;
#748 = DIRECTION ( 'NONE',  ( 0.000000000000000000, 0.000000000000000000, -1.000000000000000000 ) ) ;
#749 = EDGE_LOOP ( 'NONE', ( #2010, #785 ) ) ;
#750 = CYLINDRICAL_SURFACE ( 'NONE', #1101, 5.500000000000011546 ) ;
#751 = EDGE_CURVE ( 'NONE', #764, #1779, #1894, .T. ) ;
#752 = EDGE_CURVE ( 'NONE', #913, #1443, #980, .T. ) ;
#753 = ORIENTED_EDGE ( 'NONE', *, *, #2381, .F. ) ;
#754 = DIRECTION ( 'NONE',  ( 0.000000000000000000, 0.000000000000000000, -1.000000000000000000 ) ) ;
#755 = VERTEX_POINT ( 'NONE', #2291 ) ;
#756 = CARTESIAN_POINT ( 'NONE',  ( 3.968997205408159257, -20.73123959379780956, -5.026033314642206484 ) ) ;
#757 = TOROIDAL_SURFACE ( 'NONE', #2203, 8.000000000000000000, 3.000000000000000000 ) ;
#758 = ORIENTED_EDGE ( 'NONE', *, *, #751, .T. ) ;
#759 = CARTESIAN_POINT ( 'NONE',  ( 0.000000000000000000, -21.75000000000016698, 6.751111019676516278 ) ) ;
#760 = CARTESIAN_POINT ( 'NONE',  ( 5.662822791074400897, 22.05416978523454929, 4.760729605691228272 ) ) ;
#761 = ORIENTED_EDGE ( 'NONE', *, *, #1583, .T. ) ;
#762 = CARTESIAN_POINT ( 'NONE',  ( 0.000000000000000000, -5.500000000000156319, 25.80614694161255329 ) ) ;
#763 = DIRECTION ( 'NONE',  ( 0.000000000000000000, 0.000000000000000000, -1.000000000000000000 ) ) ;
#764 = VERTEX_POINT ( 'NONE', #181 ) ;
#765 = EDGE_CURVE ( 'NONE', #899, #1443, #1412, .T. ) ;
#766 = CARTESIAN_POINT ( 'NONE',  ( 9.000000000000001776, -1.591855728988893469E-13, -38.90000000000018332 ) ) ;
#767 = EDGE_LOOP ( 'NONE', ( #1005, #2239 ) ) ;
#768 = DIRECTION ( 'NONE',  ( 0.000000000000000000, 0.000000000000000000, -1.000000000000000000 ) ) ;
#769 = EDGE_CURVE ( 'NONE', #2436, #713, #2336, .T. ) ;
#770 = VERTEX_POINT ( 'NONE', #1345 ) ;
#771 = CARTESIAN_POINT ( 'NONE',  ( 6.000000000000001776, 4.999999999999851674, -36.40000000000016911 ) ) ;
#772 = CIRCLE ( 'NONE', #2173, 2.250000000000000444 ) ;
#773 = CARTESIAN_POINT ( 'NONE',  ( 0.000000000000000000, 12.99999999999984190, -11.00000000000017231 ) ) ;
#774 = VERTEX_POINT ( 'NONE', #955 ) ;
#775 = PLANE ( 'NONE',  #561 ) ;
#776 = FACE_BOUND ( 'NONE', #1846, .T. ) ;
#777 = DIRECTION ( 'NONE',  ( 0.000000000000000000, 1.000000000000000000, -5.782411586589357639E-16 ) ) ;
#778 = EDGE_LOOP ( 'NONE', ( #525, #1596, #174, #217, #1668 ) ) ;
#779 = CARTESIAN_POINT ( 'NONE',  ( 3.000000000000000000, 10.99999999999984368, -11.00000000000017053 ) ) ;
#780 = CIRCLE ( 'NONE', #2141, 5.000000000000011546 ) ;
#781 = ORIENTED_EDGE ( 'NONE', *, *, #1537, .T. ) ;
#782 = DIRECTION ( 'NONE',  ( 1.000000000000000000, 0.000000000000000000, 0.000000000000000000 ) ) ;
#783 = EDGE_CURVE ( 'NONE', #1080, #770, #452, .T. ) ;
#784 = LINE ( 'NONE', #1776, #597 ) ;
#785 = ORIENTED_EDGE ( 'NONE', *, *, #1718, .T. ) ;
#786 = CARTESIAN_POINT ( 'NONE',  ( 5.237252627712949860, -21.74999999998597744, -4.751111019676867997 ) ) ;
#787 = CARTESIAN_POINT ( 'NONE',  ( 5.820386271448314552, 4.999999999999852562, -36.16811928705326551 ) ) ;
#788 = CARTESIAN_POINT ( 'NONE',  ( 3.008696094101627416, -19.75000000000017764, -6.751111019676867997 ) ) ;
#789 = VERTEX_POINT ( 'NONE', #596 ) ;
#790 = DIRECTION ( 'NONE',  ( 0.000000000000000000, 0.000000000000000000, -1.000000000000000000 ) ) ;
#791 = EDGE_LOOP ( 'NONE', ( #375, #1962 ) ) ;
#792 = DIRECTION ( 'NONE',  ( 0.000000000000000000, 1.000000000000000000, -1.432200615920705022E-16 ) ) ;
#793 = EDGE_CURVE ( 'NONE', #409, #527, #1914, .T. ) ;
#794 = AXIS2_PLACEMENT_3D ( 'NONE', #632, #1423, #2408 ) ;
#795 = CARTESIAN_POINT ( 'NONE',  ( 4.207120284925986553, 20.94268546966165800, 4.915523442954436995 ) ) ;
#796 = ORIENTED_EDGE ( 'NONE', *, *, #200, .F. ) ;
#797 = LINE ( 'NONE', #1337, #1603 ) ;
#798 = FACE_OUTER_BOUND ( 'NONE', #902, .T. ) ;
#799 = CARTESIAN_POINT ( 'NONE',  ( 18.95445179679157377, 21.74999999999984723, -6.751111019676853786 ) ) ;
#800 = ORIENTED_EDGE ( 'NONE', *, *, #1031, .T. ) ;
#801 = DIRECTION ( 'NONE',  ( 0.000000000000000000, 0.000000000000000000, -1.000000000000000000 ) ) ;
#802 = DIRECTION ( 'NONE',  ( -1.000000000000000000, -0.000000000000000000, -0.000000000000000000 ) ) ;
#803 = VERTEX_POINT ( 'NONE', #6 ) ;
#804 = CARTESIAN_POINT ( 'NONE',  ( 3.000000000000000000, -15.00000000000017941, -15.00000000000017053 ) ) ;
#805 = CARTESIAN_POINT ( 'NONE',  ( 3.159475393134297150, 19.90209579526458228, 5.960275966657470725 ) ) ;
#806 = ADVANCED_FACE ( 'NONE', ( #943 ), #1762, .F. ) ;
#807 = AXIS2_PLACEMENT_3D ( 'NONE', #965, #19, #1551 ) ;
#808 = ORIENTED_EDGE ( 'NONE', *, *, #1062, .T. ) ;
#809 = DIRECTION ( 'NONE',  ( -1.000000000000000000, 0.000000000000000000, 0.000000000000000000 ) ) ;
#810 = CARTESIAN_POINT ( 'NONE',  ( 3.000000000000000000, 14.99999999999983658, -17.25000000000017764 ) ) ;
#811 = EDGE_CURVE ( 'NONE', #1779, #621, #933, .T. ) ;
#812 = AXIS2_PLACEMENT_3D ( 'NONE', #1876, #1118, #2228 ) ;
#813 = FACE_OUTER_BOUND ( 'NONE', #2418, .T. ) ;
#814 = COLOUR_RGB ( '',0.7921568627450980005, 0.8196078431372548767, 0.9333333333333333481 ) ;
#815 = VERTEX_POINT ( 'NONE', #1936 ) ;
#816 = CARTESIAN_POINT ( 'NONE',  ( 18.95445179679157377, -23.60000000000015064, 4.999999999999826805 ) ) ;
#817 = DIRECTION ( 'NONE',  ( -1.000000000000000000, 0.000000000000000000, 0.000000000000000000 ) ) ;
#818 = CARTESIAN_POINT ( 'NONE',  ( 18.95445179679157377, 5.499999999999870326, 21.74999999999983302 ) ) ;
#819 = PLANE ( 'NONE',  #1758 ) ;
#820 = AXIS2_PLACEMENT_3D ( 'NONE', #1595, #1582, #2372 ) ;
#821 = ORIENTED_EDGE ( 'NONE', *, *, #587, .T. ) ;
#822 = CARTESIAN_POINT ( 'NONE',  ( 4.833117057627511315, -21.45027566146271525, 4.769901071426025929 ) ) ;
#823 = CARTESIAN_POINT ( 'NONE',  ( 3.000000000000000000, 14.99999999999983658, -12.75000000000016342 ) ) ;
#824 = AXIS2_PLACEMENT_3D ( 'NONE', #1231, #1996, #2129 ) ;
#825 = UNCERTAINTY_MEASURE_WITH_UNIT (LENGTH_MEASURE( 1.000000000000000082E-05 ), #1251, 'distance_accuracy_value', 'NONE');
#826 = ADVANCED_FACE ( 'NONE', ( #1749 ), #29, .T. ) ;
#827 = EDGE_CURVE ( 'NONE', #1521, #1970, #1562, .T. ) ;
#828 = DIRECTION ( 'NONE',  ( 1.000000000000000000, 0.000000000000000000, 0.000000000000000000 ) ) ;
#829 = ORIENTED_EDGE ( 'NONE', *, *, #1476, .F. ) ;
#830 = LINE ( 'NONE', #266, #573 ) ;
#831 = CARTESIAN_POINT ( 'NONE',  ( -9.899494936611706208, 23.59999999999984510, -1.658673198789983619E-13 ) ) ;
#832 = LINE ( 'NONE', #1420, #13 ) ;
#833 = ORIENTED_EDGE ( 'NONE', *, *, #911, .F. ) ;
#834 = CARTESIAN_POINT ( 'NONE',  ( 3.000000000000000000, -19.75000000000016698, 7.012667110308153262 ) ) ;
#835 = CARTESIAN_POINT ( 'NONE',  ( 3.000000000000000000, 19.74999999999984368, 7.012667110308151486 ) ) ;
#836 = CARTESIAN_POINT ( 'NONE',  ( 0.000000000000000000, 12.99999999999984368, 10.99999999999982947 ) ) ;
#837 = DIRECTION ( 'NONE',  ( -1.000000000000000000, -0.000000000000000000, -0.000000000000000000 ) ) ;
#838 = CARTESIAN_POINT ( 'NONE',  ( 6.000000000000000000, -23.60000000000015064, -1.747491040759996142E-13 ) ) ;
#839 = VERTEX_POINT ( 'NONE', #771 ) ;
#840 = DIRECTION ( 'NONE',  ( 0.000000000000000000, 0.000000000000000000, -1.000000000000000000 ) ) ;
#841 = ADVANCED_FACE ( 'NONE', ( #2326 ), #607, .F. ) ;
#842 = FACE_OUTER_BOUND ( 'NONE', #1939, .T. ) ;
#843 = DIRECTION ( 'NONE',  ( 0.000000000000000000, 0.000000000000000000, 1.000000000000000000 ) ) ;
#844 = ORIENTED_EDGE ( 'NONE', *, *, #752, .T. ) ;
#845 = DIRECTION ( 'NONE',  ( -1.000000000000000000, 0.000000000000000000, 0.000000000000000000 ) ) ;
#846 = CYLINDRICAL_SURFACE ( 'NONE', #362, 2.500000000000002220 ) ;
#847 = CARTESIAN_POINT ( 'NONE',  ( 3.000000000000000000, 14.99999999999983658, -15.00000000000017053 ) ) ;
#848 = VECTOR ( 'NONE', #1225, 1000.000000000000000 ) ;
#849 = PLANE ( 'NONE',  #1029 ) ;
#850 = EDGE_LOOP ( 'NONE', ( #1184, #856, #1917, #75 ) ) ;
#851 = CARTESIAN_POINT ( 'NONE',  ( 3.000000000000000000, -19.75000000000017764, -6.925433572798153747 ) ) ;
#852 = AXIS2_PLACEMENT_3D ( 'NONE', #2419, #1463, #2240 ) ;
#853 = CIRCLE ( 'NONE', #2261, 5.000000000000000888 ) ;
#854 = FACE_BOUND ( 'NONE', #366, .T. ) ;
#855 = CARTESIAN_POINT ( 'NONE',  ( 3.000000000000000000, 19.74999999999984368, 6.751111019676521607 ) ) ;
#856 = ORIENTED_EDGE ( 'NONE', *, *, #2098, .F. ) ;
#857 = DIRECTION ( 'NONE',  ( 0.000000000000000000, 0.000000000000000000, 1.000000000000000000 ) ) ;
#858 = ADVANCED_FACE ( 'NONE', ( #398 ), #1157, .F. ) ;
#859 = CARTESIAN_POINT ( 'NONE',  ( 3.000000000000000000, 19.74999999999984368, 6.925433572797802917 ) ) ;
#860 = CARTESIAN_POINT ( 'NONE',  ( 3.000000000000000000, -11.00000000000017053, -13.00000000000017053 ) ) ;
#861 = AXIS2_PLACEMENT_3D ( 'NONE', #429, #625, #603 ) ;
#862 = CARTESIAN_POINT ( 'NONE',  ( 18.95445179679157377, -23.60000000000015064, -5.000000000000174971 ) ) ;
#863 = EDGE_LOOP ( 'NONE', ( #1261, #1697 ) ) ;
#864 = DIRECTION ( 'NONE',  ( -1.000000000000000000, -0.000000000000000000, -0.000000000000000000 ) ) ;
#865 = DIRECTION ( 'NONE',  ( 0.000000000000000000, 0.000000000000000000, -1.000000000000000000 ) ) ;
#866 = FACE_OUTER_BOUND ( 'NONE', #1700, .T. ) ;
#867 = ORIENTED_EDGE ( 'NONE', *, *, #644, .T. ) ;
#868 = CARTESIAN_POINT ( 'NONE',  ( 3.000000000000000000, -5.000000000000170530, -30.15500200160176547 ) ) ;
#869 = EDGE_LOOP ( 'NONE', ( #800, #1448 ) ) ;
#870 = CARTESIAN_POINT ( 'NONE',  ( 3.000000000000000000, -15.00000000000017941, -15.00000000000017053 ) ) ;
#871 = EDGE_CURVE ( 'NONE', #1524, #194, #1974, .T. ) ;
#872 = CARTESIAN_POINT ( 'NONE',  ( 3.000000000000000000, 10.99999999999984190, 10.99999999999982947 ) ) ;
#873 = CARTESIAN_POINT ( 'NONE',  ( 0.000000000000000000, -15.00000000000017941, -17.25000000000017053 ) ) ;
#874 = EDGE_CURVE ( 'NONE', #1048, #2312, #41, .T. ) ;
#875 = AXIS2_PLACEMENT_3D ( 'NONE', #968, #1644, #2034 ) ;
#876 = ORIENTED_EDGE ( 'NONE', *, *, #2471, .F. ) ;
#877 = LINE ( 'NONE', #1470, #58 ) ;
#878 = VERTEX_POINT ( 'NONE', #571 ) ;
#879 = DIRECTION ( 'NONE',  ( 1.000000000000000000, 0.000000000000000000, 0.000000000000000000 ) ) ;
#880 = AXIS2_PLACEMENT_3D ( 'NONE', #662, #1239, #1040 ) ;
#881 = DIRECTION ( 'NONE',  ( -1.000000000000000000, -0.000000000000000000, -0.000000000000000000 ) ) ;
#882 = DIRECTION ( 'NONE',  ( -1.000000000000000000, -0.000000000000000000, -0.000000000000000000 ) ) ;
#883 = ORIENTED_EDGE ( 'NONE', *, *, #2483, .F. ) ;
#884 = DIRECTION ( 'NONE',  ( 1.000000000000000000, 0.000000000000000000, 0.000000000000000000 ) ) ;
#885 = ORIENTED_EDGE ( 'NONE', *, *, #765, .T. ) ;
#886 = CARTESIAN_POINT ( 'NONE',  ( 4.191876480397627169, -5.500000000000157208, 23.19114590751756566 ) ) ;
#887 = ADVANCED_FACE ( 'NONE', ( #1738, #2340 ), #488, .T. ) ;
#888 = ORIENTED_EDGE ( 'NONE', *, *, #1782, .F. ) ;
#889 = CARTESIAN_POINT ( 'NONE',  ( 6.000000000000005329, -5.500000000000156319, 25.80614694161255329 ) ) ;
#890 = EDGE_CURVE ( 'NONE', #912, #764, #256, .T. ) ;
#891 = ORIENTED_EDGE ( 'NONE', *, *, #1478, .T. ) ;
#892 = DIRECTION ( 'NONE',  ( 0.000000000000000000, 0.000000000000000000, -1.000000000000000000 ) ) ;
#893 = CIRCLE ( 'NONE', #2293, 2.500000000000002220 ) ;
#894 = CARTESIAN_POINT ( 'NONE',  ( 3.013475442055553177, -6.074188142536403490, 20.33816035517374488 ) ) ;
#895 = CIRCLE ( 'NONE', #1214, 2.500000000000015987 ) ;
#896 = ORIENTED_EDGE ( 'NONE', *, *, #2056, .F. ) ;
#897 = CARTESIAN_POINT ( 'NONE',  ( 3.000000000000000000, 14.99999999999984368, 14.99999999999982947 ) ) ;
#898 = CIRCLE ( 'NONE', #1217, 5.000000000000011546 ) ;
#899 = VERTEX_POINT ( 'NONE', #1590 ) ;
#900 = AXIS2_PLACEMENT_3D ( 'NONE', #938, #1922, #1884 ) ;
#901 = CIRCLE ( 'NONE', #1942, 2.000000000000001776 ) ;
#902 = EDGE_LOOP ( 'NONE', ( #284, #883, #876, #2318 ) ) ;
#903 = FACE_OUTER_BOUND ( 'NONE', #716, .T. ) ;
#904 = ORIENTED_EDGE ( 'NONE', *, *, #17, .T. ) ;
#905 = DIRECTION ( 'NONE',  ( 0.000000000000000000, -5.782411586589357639E-16, -1.000000000000000000 ) ) ;
#906 = EDGE_CURVE ( 'NONE', #512, #2015, #1773, .T. ) ;
#907 = EDGE_CURVE ( 'NONE', #44, #755, #893, .T. ) ;
#908 = CYLINDRICAL_SURFACE ( 'NONE', #1299, 2.499999999999998668 ) ;
#909 = ORIENTED_EDGE ( 'NONE', *, *, #1517, .T. ) ;
#910 = CYLINDRICAL_SURFACE ( 'NONE', #812, 3.000000000000012879 ) ;
#911 = EDGE_CURVE ( 'NONE', #720, #2257, #336, .T. ) ;
#912 = VERTEX_POINT ( 'NONE', #82 ) ;
#913 = VERTEX_POINT ( 'NONE', #55 ) ;
#914 = CYLINDRICAL_SURFACE ( 'NONE', #937, 5.000000000000000888 ) ;
#915 = EDGE_LOOP ( 'NONE', ( #1277, #2048, #331, #829 ) ) ;
#916 = CARTESIAN_POINT ( 'NONE',  ( 0.000000000000000000, 10.99999999999984368, -13.00000000000017053 ) ) ;
#917 = DIRECTION ( 'NONE',  ( -1.000000000000000000, -0.000000000000000000, -0.000000000000000000 ) ) ;
#918 = VECTOR ( 'NONE', #2327, 1000.000000000000000 ) ;
#919 = ORIENTED_EDGE ( 'NONE', *, *, #783, .F. ) ;
#920 = DIRECTION ( 'NONE',  ( 1.000000000000000000, -0.000000000000000000, -0.000000000000000000 ) ) ;
#921 = VERTEX_POINT ( 'NONE', #2003 ) ;
#922 = LINE ( 'NONE', #551, #1854 ) ;
#923 = EDGE_CURVE ( 'NONE', #2421, #913, #1006, .T. ) ;
#924 = DIRECTION ( 'NONE',  ( -1.000000000000000000, 0.000000000000000000, -0.000000000000000000 ) ) ;
#925 = ORIENTED_EDGE ( 'NONE', *, *, #497, .F. ) ;
#926 = CARTESIAN_POINT ( 'NONE',  ( 3.000000000000000000, 6.999999999999853451, -19.75000000000017408 ) ) ;
#927 = DIRECTION ( 'NONE',  ( 0.000000000000000000, 5.782411586589357639E-16, 1.000000000000000000 ) ) ;
#928 = EDGE_LOOP ( 'NONE', ( #1722, #1949, #950, #147, #580, #1356, #1202, #1156 ) ) ;
#929 = CARTESIAN_POINT ( 'NONE',  ( 3.008696094101626972, -19.75000000000016698, 6.751111019676514502 ) ) ;
#930 = ORIENTED_EDGE ( 'NONE', *, *, #1532, .F. ) ;
#931 = DIRECTION ( 'NONE',  ( 0.000000000000000000, 0.000000000000000000, -1.000000000000000000 ) ) ;
#932 = ADVANCED_FACE ( 'NONE', ( #1049 ), #1963, .T. ) ;
#933 = B_SPLINE_CURVE_WITH_KNOTS ( 'NONE', 3,
 ( #2482, #1169, #2100, #218 ),
 .UNSPECIFIED., .F., .F.,
 ( 4, 4 ),
 ( -1.095445542476269809E-05, 0.0009204100317039640849 ),
 .UNSPECIFIED. ) ;
#934 = ORIENTED_EDGE ( 'NONE', *, *, #2445, .F. ) ;
#935 = FACE_BOUND ( 'NONE', #2446, .T. ) ;
#936 = VERTEX_POINT ( 'NONE', #1992 ) ;
#937 = AXIS2_PLACEMENT_3D ( 'NONE', #196, #1526, #1683 ) ;
#938 = CARTESIAN_POINT ( 'NONE',  ( 3.000000000000000000, -15.00000000000017941, -19.75000000000017053 ) ) ;
#939 = VERTEX_POINT ( 'NONE', #631 ) ;
#940 = DIRECTION ( 'NONE',  ( 0.000000000000000000, 0.000000000000000000, -1.000000000000000000 ) ) ;
#941 = EDGE_LOOP ( 'NONE', ( #503, #323, #2378, #1823 ) ) ;
#942 = AXIS2_PLACEMENT_3D ( 'NONE', #48, #1190, #264 ) ;
#943 = FACE_OUTER_BOUND ( 'NONE', #2032, .T. ) ;
#944 = EDGE_CURVE ( 'NONE', #1069, #1300, #1384, .T. ) ;
#945 = ORIENTED_EDGE ( 'NONE', *, *, #1858, .F. ) ;
#946 = FACE_BOUND ( 'NONE', #749, .T. ) ;
#947 = ORIENTED_EDGE ( 'NONE', *, *, #1241, .F. ) ;
#948 = EDGE_CURVE ( 'NONE', #1288, #566, #2355, .T. ) ;
#949 = DIRECTION ( 'NONE',  ( 0.000000000000000000, 0.000000000000000000, 1.000000000000000000 ) ) ;
#950 = ORIENTED_EDGE ( 'NONE', *, *, #1257, .F. ) ;
#951 = DIRECTION ( 'NONE',  ( -1.000000000000000000, 0.000000000000000000, 0.000000000000000000 ) ) ;
#952 = B_SPLINE_CURVE_WITH_KNOTS ( 'NONE', 3,
 ( #1518, #1340, #565, #2108 ),
 .UNSPECIFIED., .F., .F.,
 ( 4, 4 ),
 ( 0.003987322861220796676, 0.004915985249213800957 ),
 .UNSPECIFIED. ) ;
#953 = AXIS2_PLACEMENT_3D ( 'NONE', #2153, #1174, #611 ) ;
#954 = ORIENTED_EDGE ( 'NONE', *, *, #2289, .F. ) ;
#955 = CARTESIAN_POINT ( 'NONE',  ( 3.000000000000000000, -15.00000000000017941, -19.75000000000017053 ) ) ;
#956 = CARTESIAN_POINT ( 'NONE',  ( 3.008696094101626972, 19.74999999999984368, 6.751111019676521607 ) ) ;
#957 = ORIENTED_EDGE ( 'NONE', *, *, #1616, .T. ) ;
#958 = CARTESIAN_POINT ( 'NONE',  ( 0.000000000000000000, 23.59999999999984510, -1.658673198789983619E-13 ) ) ;
#959 = LINE ( 'NONE', #1906, #465 ) ;
#960 = EDGE_CURVE ( 'NONE', #241, #939, #1008, .T. ) ;
#961 = CARTESIAN_POINT ( 'NONE',  ( 3.000000000000000000, -7.500000000000155431, 21.74999999999983302 ) ) ;
#962 = ORIENTED_EDGE ( 'NONE', *, *, #1649, .F. ) ;
#963 = FACE_OUTER_BOUND ( 'NONE', #614, .T. ) ;
#964 = ORIENTED_EDGE ( 'NONE', *, *, #978, .F. ) ;
#965 = CARTESIAN_POINT ( 'NONE',  ( 9.000000000000001776, -23.60000000000015064, -1.747491040759996142E-13 ) ) ;
#966 = CIRCLE ( 'NONE', #206, 5.000000000000000000 ) ;
#967 = AXIS2_PLACEMENT_3D ( 'NONE', #2288, #215, #790 ) ;
#968 = CARTESIAN_POINT ( 'NONE',  ( 9.000000000000001776, -1.427654291082565965E-13, 25.80614694161255329 ) ) ;
#969 = VECTOR ( 'NONE', #2250, 1000.000000000000000 ) ;
#970 = EDGE_LOOP ( 'NONE', ( #442, #1352, #1122, #2046, #343, #758, #2144, #833 ) ) ;
#971 = LINE ( 'NONE', #195, #1358 ) ;
#972 = CARTESIAN_POINT ( 'NONE',  ( -19.42221666030940952, 4.999999999999852562, -21.75000000000017764 ) ) ;
#973 = UNCERTAINTY_MEASURE_WITH_UNIT (LENGTH_MEASURE( 1.000000000000000082E-05 ), #103, 'distance_accuracy_value', 'NONE');
#974 = DIRECTION ( 'NONE',  ( 1.000000000000000000, 0.000000000000000000, 0.000000000000000000 ) ) ;
#975 = ORIENTED_EDGE ( 'NONE', *, *, #328, .F. ) ;
#976 = CARTESIAN_POINT ( 'NONE',  ( 3.008696094101627416, -19.75000000000017764, -6.751111019676867997 ) ) ;
#977 = EDGE_CURVE ( 'NONE', #81, #1421, #92, .T. ) ;
#978 = EDGE_CURVE ( 'NONE', #2312, #2015, #658, .T. ) ;
#979 = ORIENTED_EDGE ( 'NONE', *, *, #2332, .F. ) ;
#980 = LINE ( 'NONE', #229, #692 ) ;
#981 = EDGE_CURVE ( 'NONE', #1232, #1130, #1287, .T. ) ;
#982 = CARTESIAN_POINT ( 'NONE',  ( 0.000000000000000000, 5.499999999999870326, 21.74999999999983302 ) ) ;
#983 = ORIENTED_EDGE ( 'NONE', *, *, #674, .T. ) ;
#984 = LINE ( 'NONE', #1579, #1079 ) ;
#985 = CARTESIAN_POINT ( 'NONE',  ( 0.000000000000000000, -5.000000000000170530, -36.40000000000016911 ) ) ;
#986 = LINE ( 'NONE', #418, #1908 ) ;
#987 = APPLICATION_CONTEXT ( 'automotive_design' ) ;
#988 = VERTEX_POINT ( 'NONE', #2175 ) ;
#989 = DIRECTION ( 'NONE',  ( 1.000000000000000000, 0.000000000000000000, 0.000000000000000000 ) ) ;
#990 = EDGE_CURVE ( 'NONE', #988, #2037, #269, .T. ) ;
#991 = CARTESIAN_POINT ( 'NONE',  ( 0.000000000000000000, -1.427654291082565965E-13, 25.80614694161255329 ) ) ;
#992 = ORIENTED_EDGE ( 'NONE', *, *, #2413, .F. ) ;
#993 = DIRECTION ( 'NONE',  ( -0.000000000000000000, -1.000000000000000000, -0.000000000000000000 ) ) ;
#994 = CIRCLE ( 'NONE', #875, 5.500000000000015099 ) ;
#995 = EDGE_CURVE ( 'NONE', #409, #2466, #1734, .T. ) ;
#996 = CIRCLE ( 'NONE', #880, 5.000000000000000888 ) ;
#997 = CARTESIAN_POINT ( 'NONE',  ( 4.673236069501237822, 21.32612475226044424, 4.792114112805491821 ) ) ;
#998 = ORIENTED_EDGE ( 'NONE', *, *, #1735, .F. ) ;
#999 = DIRECTION ( 'NONE',  ( 1.000000000000000000, 0.000000000000000000, 0.000000000000000000 ) ) ;
#1000 = DIRECTION ( 'NONE',  ( 1.000000000000000000, 0.000000000000000000, 0.000000000000000000 ) ) ;
#1001 = DIRECTION ( 'NONE',  ( 0.000000000000000000, 0.000000000000000000, -1.000000000000000000 ) ) ;
#1002 = ORIENTED_EDGE ( 'NONE', *, *, #1275, .F. ) ;
#1003 = CARTESIAN_POINT ( 'NONE',  ( 3.000000000000000000, -19.75000000000018119, -15.00000000000016875 ) ) ;
#1004 = DIRECTION ( 'NONE',  ( -0.000000000000000000, 0.000000000000000000, -1.000000000000000000 ) ) ;
#1005 = ORIENTED_EDGE ( 'NONE', *, *, #660, .F. ) ;
#1006 = LINE ( 'NONE', #643, #848 ) ;
#1007 = CARTESIAN_POINT ( 'NONE',  ( 3.259896382764039480, 5.585969807317434643, 21.15034662365537699 ) ) ;
#1008 = CIRCLE ( 'NONE', #1328, 3.000000000000012879 ) ;
#1009 = EDGE_CURVE ( 'NONE', #1521, #2357, #90, .T. ) ;
#1010 = EDGE_CURVE ( 'NONE', #774, #1080, #324, .T. ) ;
#1011 = VECTOR ( 'NONE', #1912, 1000.000000000000000 ) ;
#1012 = ORIENTED_EDGE ( 'NONE', *, *, #230, .T. ) ;
#1013 = CARTESIAN_POINT ( 'NONE',  ( 5.106820365243967430, 4.999999999999852562, -35.22869940107435838 ) ) ;
#1014 = CIRCLE ( 'NONE', #1373, 2.000000000000001776 ) ;
#1015 = CARTESIAN_POINT ( 'NONE',  ( 18.95445179679157377, -1.420918733687255658E-13, 20.30614694161254263 ) ) ;
#1016 = CIRCLE ( 'NONE', #77, 2.500000000000015987 ) ;
#1017 = VERTEX_POINT ( 'NONE', #2052 ) ;
#1018 = DIRECTION ( 'NONE',  ( -0.000000000000000000, -0.000000000000000000, 1.000000000000000000 ) ) ;
#1019 = DIRECTION ( 'NONE',  ( 0.000000000000000000, 0.000000000000000000, -1.000000000000000000 ) ) ;
#1020 = DIRECTION ( 'NONE',  ( 1.000000000000000000, -0.000000000000000000, -0.000000000000000000 ) ) ;
#1021 = B_SPLINE_CURVE_WITH_KNOTS ( 'NONE', 3,
 ( #1633, #112, #1819, #822, #1215, #1834, #1983, #99, #506, #2021, #2205, #1066, #2396, #478, #1605, #466 ),
 .UNSPECIFIED., .F., .F.,
 ( 4, 2, 2, 2, 2, 2, 2, 4 ),
 ( -1.095445542476116327E-05, 0.001221652449911116330, 0.001837955902579055173, 0.002454259355246993582, 0.003070562807914932208, 0.003686866260582871268, 0.004303169713250809894, 0.004919473165918748954 ),
 .UNSPECIFIED. ) ;
#1022 = VERTEX_POINT ( 'NONE', #731 ) ;
#1023 = DIRECTION ( 'NONE',  ( 1.000000000000000000, -0.000000000000000000, -0.000000000000000000 ) ) ;
#1024 = VECTOR ( 'NONE', #1113, 1000.000000000000000 ) ;
#1025 = DIRECTION ( 'NONE',  ( 1.000000000000000000, 0.000000000000000000, 0.000000000000000000 ) ) ;
#1026 = CARTESIAN_POINT ( 'NONE',  ( 0.000000000000000000, -5.500000000000156319, 21.74999999999983302 ) ) ;
#1027 = CARTESIAN_POINT ( 'NONE',  ( 0.000000000000000000, 7.499999999999869438, 21.74999999999983302 ) ) ;
#1028 = EDGE_CURVE ( 'NONE', #570, #1336, #1495, .T. ) ;
#1029 = AXIS2_PLACEMENT_3D ( 'NONE', #2412, #676, #1242 ) ;
#1030 = CARTESIAN_POINT ( 'NONE',  ( 18.95445179679157377, -21.75000000000017408, -4.751111019676867997 ) ) ;
#1031 = EDGE_CURVE ( 'NONE', #713, #2436, #966, .T. ) ;
#1032 = VERTEX_POINT ( 'NONE', #513 ) ;
#1033 = CARTESIAN_POINT ( 'NONE',  ( 0.000000000000000000, -13.00000000000017941, -11.00000000000017053 ) ) ;
#1034 = PLANE ( 'NONE',  #308 ) ;
#1035 = CARTESIAN_POINT ( 'NONE',  ( 3.000000000000000000, 14.99999999999984368, 14.99999999999982947 ) ) ;
#1036 = ORIENTED_EDGE ( 'NONE', *, *, #1257, .T. ) ;
#1037 = CARTESIAN_POINT ( 'NONE',  ( 4.592412580243284026, -5.000000000000170530, -34.50971982299942908 ) ) ;
#1038 = LINE ( 'NONE', #110, #2004 ) ;
#1039 = CIRCLE ( 'NONE', #484, 2.249999999999998668 ) ;
#1040 = DIRECTION ( 'NONE',  ( 0.000000000000000000, 0.000000000000000000, 1.000000000000000000 ) ) ;
#1041 = CARTESIAN_POINT ( 'NONE',  ( 0.000000000000000000, 23.59999999999984510, 4.999999999999835687 ) ) ;
#1042 = DIRECTION ( 'NONE',  ( 1.000000000000000000, 0.000000000000000000, 0.000000000000000000 ) ) ;
#1043 = ORIENTED_EDGE ( 'NONE', *, *, #262, .F. ) ;
#1044 = DIRECTION ( 'NONE',  ( -1.000000000000000000, 0.000000000000000000, -0.000000000000000000 ) ) ;
#1045 = EDGE_CURVE ( 'NONE', #1408, #739, #2252, .T. ) ;
#1046 = CARTESIAN_POINT ( 'NONE',  ( 3.000000000000000000, 14.99999999999984368, 19.74999999999982947 ) ) ;
#1047 = FACE_OUTER_BOUND ( 'NONE', #1848, .T. ) ;
#1048 = VERTEX_POINT ( 'NONE', #1262 ) ;
#1049 = FACE_OUTER_BOUND ( 'NONE', #1837, .T. ) ;
#1050 = CARTESIAN_POINT ( 'NONE',  ( 9.000000000000001776, -1.591855728988893469E-13, -36.40000000000016911 ) ) ;
#1051 = APPLICATION_PROTOCOL_DEFINITION ( 'draft international standard', 'automotive_design', 1998, #2067 ) ;
#1052 = LINE ( 'NONE', #1067, #1253 ) ;
#1053 = CARTESIAN_POINT ( 'NONE',  ( 9.000000000000001776, -23.60000000000015064, -2.500000000000173639 ) ) ;
#1054 = ORIENTED_EDGE ( 'NONE', *, *, #660, .T. ) ;
#1055 = CARTESIAN_POINT ( 'NONE',  ( 3.000000000000000000, 14.99999999999984368, 12.74999999999983125 ) ) ;
#1056 = CIRCLE ( 'NONE', #1329, 8.000000000000000000 ) ;
#1057 = CIRCLE ( 'NONE', #700, 2.250000000000000444 ) ;
#1058 = LINE ( 'NONE', #1825, #1549 ) ;
#1059 = DIRECTION ( 'NONE',  ( 1.000000000000000000, 0.000000000000000000, 0.000000000000000000 ) ) ;
#1060 = ORIENTED_EDGE ( 'NONE', *, *, #583, .T. ) ;
#1061 = CARTESIAN_POINT ( 'NONE',  ( 0.000000000000000000, -7.500000000000155431, 21.74999999999983302 ) ) ;
#1062 = EDGE_CURVE ( 'NONE', #1542, #1481, #502, .T. ) ;
#1063 = ORIENTED_EDGE ( 'NONE', *, *, #646, .F. ) ;
#1064 = CARTESIAN_POINT ( 'NONE',  ( 0.000000000000000000, -21.75000000000017408, -4.751111019676867997 ) ) ;
#1065 = VECTOR ( 'NONE', #303, 1000.000000000000000 ) ;
#1066 = CARTESIAN_POINT ( 'NONE',  ( 3.233177767076366838, -19.98785443716142751, 5.787350122397573848 ) ) ;
#1067 = CARTESIAN_POINT ( 'NONE',  ( 3.000000000000000000, 4.999999999999851674, -36.40000000000016911 ) ) ;
#1068 = DIRECTION ( 'NONE',  ( -1.000000000000000000, 0.000000000000000000, 0.000000000000000000 ) ) ;
#1069 = VERTEX_POINT ( 'NONE', #132 ) ;
#1070 = LINE ( 'NONE', #1860, #2094 ) ;
#1071 = DIRECTION ( 'NONE',  ( -0.000000000000000000, -0.000000000000000000, 1.000000000000000000 ) ) ;
#1072 = CARTESIAN_POINT ( 'NONE',  ( 3.380111403711830054, -5.517530158541376295, 21.44515230644759640 ) ) ;
#1073 = ORIENTED_EDGE ( 'NONE', *, *, #1181, .T. ) ;
#1074 = DIRECTION ( 'NONE',  ( 0.000000000000000000, 0.000000000000000000, -1.000000000000000000 ) ) ;
#1075 = EDGE_CURVE ( 'NONE', #527, #913, #535, .T. ) ;
#1076 = EDGE_LOOP ( 'NONE', ( #2287, #2248, #2230, #964 ) ) ;
#1077 = DIRECTION ( 'NONE',  ( 0.000000000000000000, 0.000000000000000000, -1.000000000000000000 ) ) ;
#1078 = ADVANCED_FACE ( 'NONE', ( #1688 ), #1475, .F. ) ;
#1079 = VECTOR ( 'NONE', #234, 1000.000000000000000 ) ;
#1080 = VERTEX_POINT ( 'NONE', #2075 ) ;
#1081 = DIRECTION ( 'NONE',  ( 1.000000000000000000, 0.000000000000000000, 0.000000000000000000 ) ) ;
#1082 = EDGE_LOOP ( 'NONE', ( #1054, #626, #1117, #947 ) ) ;
#1083 = DIRECTION ( 'NONE',  ( 1.000000000000000000, 0.000000000000000000, 0.000000000000000000 ) ) ;
#1084 = CARTESIAN_POINT ( 'NONE',  ( 3.000000000000000000, -15.00000000000016165, 19.74999999999982947 ) ) ;
#1085 = ORIENTED_EDGE ( 'NONE', *, *, #1314, .T. ) ;
#1086 = CARTESIAN_POINT ( 'NONE',  ( -9.899494936611706208, -23.60000000000015064, -1.747491040759996142E-13 ) ) ;
#1087 = ORIENTED_EDGE ( 'NONE', *, *, #1424, .T. ) ;
#1088 = ADVANCED_FACE ( 'NONE', ( #358 ), #146, .F. ) ;
#1089 = ADVANCED_FACE ( 'NONE', ( #1678 ), #910, .F. ) ;
#1090 = ORIENTED_EDGE ( 'NONE', *, *, #124, .T. ) ;
#1091 = ORIENTED_EDGE ( 'NONE', *, *, #2163, .F. ) ;
#1092 = FACE_OUTER_BOUND ( 'NONE', #1417, .T. ) ;
#1093 = AXIS2_PLACEMENT_3D ( 'NONE', #1252, #1301, #1691 ) ;
#1094 = DIRECTION ( 'NONE',  ( 0.000000000000000000, 0.000000000000000000, -1.000000000000000000 ) ) ;
#1095 = AXIS2_PLACEMENT_3D ( 'NONE', #1154, #1924, #202 ) ;
#1096 = EDGE_LOOP ( 'NONE', ( #1312, #1249, #471, #346 ) ) ;
#1097 = DIRECTION ( 'NONE',  ( -1.000000000000000000, -0.000000000000000000, -0.000000000000000000 ) ) ;
#1098 = VECTOR ( 'NONE', #1020, 1000.000000000000000 ) ;
#1099 = ORIENTED_EDGE ( 'NONE', *, *, #2476, .T. ) ;
#1100 = APPLICATION_PROTOCOL_DEFINITION ( 'draft international standard', 'automotive_design', 1998, #987 ) ;
#1101 = AXIS2_PLACEMENT_3D ( 'NONE', #543, #1161, #2070 ) ;
#1102 = DIRECTION ( 'NONE',  ( -1.000000000000000000, 0.000000000000000000, 0.000000000000000000 ) ) ;
#1103 = VERTEX_POINT ( 'NONE', #2041 ) ;
#1104 = CARTESIAN_POINT ( 'NONE',  ( 9.000000000000001776, -1.585732494993156712E-13, -41.40000000000017621 ) ) ;
#1105 = EDGE_CURVE ( 'NONE', #2451, #2156, #1575, .T. ) ;
#1106 = DIRECTION ( 'NONE',  ( -1.000000000000000000, -0.000000000000000000, -0.000000000000000000 ) ) ;
#1107 = ORIENTED_EDGE ( 'NONE', *, *, #2147, .T. ) ;
#1108 = LINE ( 'NONE', #155, #456 ) ;
#1109 = B_SPLINE_CURVE_WITH_KNOTS ( 'NONE', 3,
 ( #835, #859, #1604, #490 ),
 .UNSPECIFIED., .F., .F.,
 ( 4, 4 ),
 ( 8.673617379884035472E-19, 0.0002617006125310492840 ),
 .UNSPECIFIED. ) ;
#1110 = EDGE_LOOP ( 'NONE', ( #690, #28, #957, #1159, #1652, #2017 ) ) ;
#1111 = FACE_OUTER_BOUND ( 'NONE', #1431, .T. ) ;
#1112 = CIRCLE ( 'NONE', #1880, 2.000000000000000000 ) ;
#1113 = DIRECTION ( 'NONE',  ( 1.000000000000000000, 0.000000000000000000, 0.000000000000000000 ) ) ;
#1114 = ORIENTED_EDGE ( 'NONE', *, *, #981, .T. ) ;
#1115 = DIRECTION ( 'NONE',  ( 0.000000000000000000, 0.000000000000000000, 1.000000000000000000 ) ) ;
#1116 = AXIS2_PLACEMENT_3D ( 'NONE', #671, #286, #647 ) ;
#1117 = ORIENTED_EDGE ( 'NONE', *, *, #1964, .F. ) ;
#1118 = DIRECTION ( 'NONE',  ( 1.000000000000000000, 0.000000000000000000, 0.000000000000000000 ) ) ;
#1119 = ADVANCED_FACE ( 'NONE', ( #2405 ), #534, .F. ) ;
#1120 = ORIENTED_EDGE ( 'NONE', *, *, #911, .T. ) ;
#1121 = CARTESIAN_POINT ( 'NONE',  ( 3.000000000000000000, 19.74999999999984368, -6.925433572798135096 ) ) ;
#1122 = ORIENTED_EDGE ( 'NONE', *, *, #2305, .T. ) ;
#1123 = FACE_OUTER_BOUND ( 'NONE', #1110, .T. ) ;
#1124 = EDGE_LOOP ( 'NONE', ( #753, #59, #925, #1636 ) ) ;
#1125 = CARTESIAN_POINT ( 'NONE',  ( 4.838103214542607944, 5.499999999999871214, 24.19135460309618679 ) ) ;
#1126 = ORIENTED_EDGE ( 'NONE', *, *, #1981, .F. ) ;
#1127 = DIRECTION ( 'NONE',  ( -0.000000000000000000, -1.000000000000000000, -0.000000000000000000 ) ) ;
#1128 = VECTOR ( 'NONE', #2123, 1000.000000000000000 ) ;
#1129 = EDGE_CURVE ( 'NONE', #1737, #1674, #2337, .T. ) ;
#1130 = VERTEX_POINT ( 'NONE', #1485 ) ;
#1131 = CARTESIAN_POINT ( 'NONE',  ( 18.95445179679157377, -21.75000000000017408, -6.751111019676867997 ) ) ;
#1132 = AXIS2_PLACEMENT_3D ( 'NONE', #1298, #721, #526 ) ;
#1133 = EDGE_CURVE ( 'NONE', #329, #2253, #298, .T. ) ;
#1134 = VECTOR ( 'NONE', #882, 1000.000000000000000 ) ;
#1135 = ORIENTED_EDGE ( 'NONE', *, *, #2162, .F. ) ;
#1136 = DIRECTION ( 'NONE',  ( 0.000000000000000000, 0.000000000000000000, -1.000000000000000000 ) ) ;
#1137 = ORIENTED_EDGE ( 'NONE', *, *, #1920, .F. ) ;
#1138 = VECTOR ( 'NONE', #2345, 1000.000000000000000 ) ;
#1139 = DIRECTION ( 'NONE',  ( 0.000000000000000000, 0.000000000000000000, -1.000000000000000000 ) ) ;
#1140 = ORIENTED_EDGE ( 'NONE', *, *, #197, .T. ) ;
#1141 = CARTESIAN_POINT ( 'NONE',  ( 3.000000000000000000, -19.75000000000017764, -7.012667110308505869 ) ) ;
#1142 = ORIENTED_EDGE ( 'NONE', *, *, #16, .T. ) ;
#1143 = AXIS2_PLACEMENT_3D ( 'NONE', #1869, #1081, #2009 ) ;
#1144 = DIRECTION ( 'NONE',  ( 0.000000000000000000, 0.000000000000000000, -1.000000000000000000 ) ) ;
#1145 = CARTESIAN_POINT ( 'NONE',  ( 6.000000000000005329, 22.27857142857127215, 4.822222156911755597 ) ) ;
#1146 = EDGE_CURVE ( 'NONE', #1103, #1761, #1108, .T. ) ;
#1147 = PRODUCT_DEFINITION_SHAPE ( 'NONE', 'NONE',  #1960 ) ;
#1148 = ORIENTED_EDGE ( 'NONE', *, *, #2270, .T. ) ;
#1149 = DIRECTION ( 'NONE',  ( 0.000000000000000000, 0.000000000000000000, -1.000000000000000000 ) ) ;
#1150 = DIRECTION ( 'NONE',  ( -1.000000000000000000, 0.000000000000000000, 0.000000000000000000 ) ) ;
#1151 = AXIS2_PLACEMENT_3D ( 'NONE', #1401, #2166, #1780 ) ;
#1152 = CARTESIAN_POINT ( 'NONE',  ( 5.764244374185894415, 5.499999999999872102, 25.48693178322092834 ) ) ;
#1153 = ORIENTED_EDGE ( 'NONE', *, *, #2045, .T. ) ;
#1154 = CARTESIAN_POINT ( 'NONE',  ( -3.000000000000000000, 10.99999999999984368, -11.00000000000017053 ) ) ;
#1155 = AXIS2_PLACEMENT_3D ( 'NONE', #406, #777, #927 ) ;
#1156 = ORIENTED_EDGE ( 'NONE', *, *, #1197, .T. ) ;
#1157 = PLANE ( 'NONE',  #47 ) ;
#1158 = CARTESIAN_POINT ( 'NONE',  ( 0.000000000000000000, -13.00000000000017941, -11.00000000000017231 ) ) ;
#1159 = ORIENTED_EDGE ( 'NONE', *, *, #1537, .F. ) ;
#1160 = CARTESIAN_POINT ( 'NONE',  ( 18.95445179679157377, 23.59999999999984510, 4.999999999999835687 ) ) ;
#1161 = DIRECTION ( 'NONE',  ( -1.000000000000000000, 0.000000000000000000, 0.000000000000000000 ) ) ;
#1162 = EDGE_CURVE ( 'NONE', #839, #1022, #2092, .T. ) ;
#1163 = EDGE_CURVE ( 'NONE', #1893, #2339, #1559, .T. ) ;
#1164 = DIRECTION ( 'NONE',  ( -1.000000000000000000, -0.000000000000000000, -0.000000000000000000 ) ) ;
#1165 = ADVANCED_FACE ( 'NONE', ( #1711 ), #1342, .F. ) ;
#1166 = ORIENTED_EDGE ( 'NONE', *, *, #2364, .T. ) ;
#1167 = CARTESIAN_POINT ( 'NONE',  ( 3.370730043082771576, -20.13964200724013409, -5.556618164870854137 ) ) ;
#1168 = ORIENTED_EDGE ( 'NONE', *, *, #448, .F. ) ;
#1169 = CARTESIAN_POINT ( 'NONE',  ( 5.744478583764448310, 22.10851418807585134, -4.775621546434849485 ) ) ;
#1170 = VECTOR ( 'NONE', #1422, 1000.000000000000000 ) ;
#1171 = CARTESIAN_POINT ( 'NONE',  ( 9.000000000000001776, -1.591855728988893469E-13, -36.40000000000016911 ) ) ;
#1172 = AXIS2_PLACEMENT_3D ( 'NONE', #433, #2188, #1973 ) ;
#1173 = ORIENTED_EDGE ( 'NONE', *, *, #2316, .F. ) ;
#1174 = DIRECTION ( 'NONE',  ( -1.000000000000000000, -0.000000000000000000, -0.000000000000000000 ) ) ;
#1175 = DIRECTION ( 'NONE',  ( -1.000000000000000000, -0.000000000000000000, -0.000000000000000000 ) ) ;
#1176 = EDGE_CURVE ( 'NONE', #1206, #682, #2133, .T. ) ;
#1177 = PRODUCT_DEFINITION_CONTEXT ( 'detailed design', #987, 'design' ) ;
#1178 = CARTESIAN_POINT ( 'NONE',  ( 5.237252627712943642, 21.74999999998565059, -4.751111019676853786 ) ) ;
#1179 = ORIENTED_EDGE ( 'NONE', *, *, #599, .F. ) ;
#1180 = CARTESIAN_POINT ( 'NONE',  ( 0.000000000000000000, -15.00000000000016165, 19.74999999999982947 ) ) ;
#1181 = EDGE_CURVE ( 'NONE', #1421, #1103, #1733, .T. ) ;
#1182 = AXIS2_PLACEMENT_3D ( 'NONE', #2117, #2461, #1311 ) ;
#1183 = LINE ( 'NONE', #53, #1098 ) ;
#1184 = ORIENTED_EDGE ( 'NONE', *, *, #1946, .T. ) ;
#1185 = DIRECTION ( 'NONE',  ( 0.000000000000000000, 0.000000000000000000, 1.000000000000000000 ) ) ;
#1186 = CARTESIAN_POINT ( 'NONE',  ( 0.000000000000000000, 14.99999999999983658, -12.75000000000016342 ) ) ;
#1187 = ORIENTED_EDGE ( 'NONE', *, *, #1393, .T. ) ;
#1188 = DIRECTION ( 'NONE',  ( 0.000000000000000000, -1.000000000000000000, 0.000000000000000000 ) ) ;
#1189 = DIRECTION ( 'NONE',  ( 1.000000000000000000, -0.000000000000000000, 0.000000000000000000 ) ) ;
#1190 = DIRECTION ( 'NONE',  ( 0.000000000000000000, -1.000000000000000000, 0.000000000000000000 ) ) ;
#1191 = VERTEX_POINT ( 'NONE', #408 ) ;
#1192 = CARTESIAN_POINT ( 'NONE',  ( 0.000000000000000000, -5.000000000000170530, -21.75000000000017408 ) ) ;
#1193 = DIRECTION ( 'NONE',  ( 1.000000000000000000, 0.000000000000000000, 0.000000000000000000 ) ) ;
#1194 = ORIENTED_EDGE ( 'NONE', *, *, #783, .T. ) ;
#1195 = CARTESIAN_POINT ( 'NONE',  ( 0.000000000000000000, -1.427654291082565965E-13, 25.80614694161255329 ) ) ;
#1196 = EDGE_CURVE ( 'NONE', #1408, #774, #2459, .T. ) ;
#1197 = EDGE_CURVE ( 'NONE', #1379, #1670, #1457, .T. ) ;
#1198 = VECTOR ( 'NONE', #1979, 1000.000000000000000 ) ;
#1199 = B_SPLINE_CURVE_WITH_KNOTS ( 'NONE', 3,
 ( #1839, #523, #894, #2212, #1667, #1473, #511, #1072, #118, #1445 ),
 .UNSPECIFIED., .F., .F.,
 ( 4, 2, 2, 2, 4 ),
 ( 8.673617379884035472E-19, 0.0004890640151358751839, 0.0009781280302717495004, 0.001467192045407623817, 0.001956256060543498133 ),
 .UNSPECIFIED. ) ;
#1200 = AXIS2_PLACEMENT_3D ( 'NONE', #1593, #491, #2370 ) ;
#1201 = CYLINDRICAL_SURFACE ( 'NONE', #160, 5.000000000000000888 ) ;
#1202 = ORIENTED_EDGE ( 'NONE', *, *, #645, .F. ) ;
#1203 = DIRECTION ( 'NONE',  ( 1.000000000000000000, 0.000000000000000000, 0.000000000000000000 ) ) ;
#1204 = CARTESIAN_POINT ( 'NONE',  ( 4.268528626248135893, 4.999999999999852562, -34.01835074055203023 ) ) ;
#1205 = DIRECTION ( 'NONE',  ( 0.000000000000000000, 0.000000000000000000, 1.000000000000000000 ) ) ;
#1206 = VERTEX_POINT ( 'NONE', #15 ) ;
#1207 = CARTESIAN_POINT ( 'NONE',  ( 0.000000000000000000, 14.99999999999984368, 19.74999999999982947 ) ) ;
#1208 = PLANE ( 'NONE',  #706 ) ;
#1209 = CARTESIAN_POINT ( 'NONE',  ( -3.000000000000000000, 12.99999999999984368, -13.00000000000017053 ) ) ;
#1210 = VERTEX_POINT ( 'NONE', #1141 ) ;
#1211 = DIRECTION ( 'NONE',  ( 0.000000000000000000, 0.000000000000000000, -1.000000000000000000 ) ) ;
#1212 = FACE_OUTER_BOUND ( 'NONE', #1752, .T. ) ;
#1213 = EDGE_CURVE ( 'NONE', #2253, #329, #2020, .T. ) ;
#1214 = AXIS2_PLACEMENT_3D ( 'NONE', #455, #1221, #1988 ) ;
#1215 = CARTESIAN_POINT ( 'NONE',  ( 4.673219477873801431, -21.32611166013970561, 4.792116976108077964 ) ) ;
#1216 = CARTESIAN_POINT ( 'NONE',  ( 2.999999999999999112, 6.999999999999852562, -21.75000000000017764 ) ) ;
#1217 = AXIS2_PLACEMENT_3D ( 'NONE', #1272, #2431, #1094 ) ;
#1218 = FACE_OUTER_BOUND ( 'NONE', #106, .T. ) ;
#1219 = AXIS2_PLACEMENT_3D ( 'NONE', #176, #199, #1315 ) ;
#1220 = VERTEX_POINT ( 'NONE', #1723 ) ;
#1221 = DIRECTION ( 'NONE',  ( -1.000000000000000000, -0.000000000000000000, -0.000000000000000000 ) ) ;
#1222 = CARTESIAN_POINT ( 'NONE',  ( 9.000000000000001776, -1.591855728988893469E-13, -36.40000000000016911 ) ) ;
#1223 = CARTESIAN_POINT ( 'NONE',  ( 18.95445179679157377, -21.75000000000017408, -6.751111019676867997 ) ) ;
#1224 = EDGE_LOOP ( 'NONE', ( #844, #177, #1114, #2122, #1236 ) ) ;
#1225 = DIRECTION ( 'NONE',  ( -1.000000000000000000, -0.000000000000000000, -0.000000000000000000 ) ) ;
#1226 = VECTOR ( 'NONE', #186, 1000.000000000000000 ) ;
#1227 = CIRCLE ( 'NONE', #1671, 2.250000000000000444 ) ;
#1228 = CYLINDRICAL_SURFACE ( 'NONE', #2078, 4.749999999999999112 ) ;
#1229 = FACE_OUTER_BOUND ( 'NONE', #941, .T. ) ;
#1230 = EDGE_CURVE ( 'NONE', #1069, #2064, #2467, .T. ) ;
#1231 = CARTESIAN_POINT ( 'NONE',  ( 0.000000000000000000, -7.000000000000171418, -21.75000000000017408 ) ) ;
#1232 = VERTEX_POINT ( 'NONE', #929 ) ;
#1233 = CARTESIAN_POINT ( 'NONE',  ( 0.000000000000000000, 19.74999999999984368, 14.99999999999982947 ) ) ;
#1234 = FACE_OUTER_BOUND ( 'NONE', #221, .T. ) ;
#1235 = LINE ( 'NONE', #1571, #136 ) ;
#1236 = ORIENTED_EDGE ( 'NONE', *, *, #923, .T. ) ;
#1237 = CARTESIAN_POINT ( 'NONE',  ( 0.000000000000000000, 23.59999999999984510, -1.658673198789983619E-13 ) ) ;
#1238 = DIRECTION ( 'NONE',  ( -1.000000000000000000, -0.000000000000000000, -0.000000000000000000 ) ) ;
#1239 = DIRECTION ( 'NONE',  ( -1.000000000000000000, 0.000000000000000000, 0.000000000000000000 ) ) ;
#1240 = DIRECTION ( 'NONE',  ( 1.000000000000000000, 0.000000000000000000, 0.000000000000000000 ) ) ;
#1241 = EDGE_CURVE ( 'NONE', #2357, #803, #1509, .T. ) ;
#1242 = DIRECTION ( 'NONE',  ( 0.000000000000000000, -0.000000000000000000, -1.000000000000000000 ) ) ;
#1243 = ORIENTED_EDGE ( 'NONE', *, *, #1763, .T. ) ;
#1244 = CARTESIAN_POINT ( 'NONE',  ( 9.000000000000001776, -1.588794111991025217E-13, -33.90000000000015490 ) ) ;
#1245 = FACE_OUTER_BOUND ( 'NONE', #2440, .T. ) ;
#1246 = CARTESIAN_POINT ( 'NONE',  ( 3.000000000000000000, 19.74999999999984368, 7.012667110308151486 ) ) ;
#1247 = ORIENTED_EDGE ( 'NONE', *, *, #827, .F. ) ;
#1248 = CARTESIAN_POINT ( 'NONE',  ( 3.475325898789729084, -5.000000000000172307, -32.45151528834656318 ) ) ;
#1249 = ORIENTED_EDGE ( 'NONE', *, *, #1425, .T. ) ;
#1250 = FACE_OUTER_BOUND ( 'NONE', #134, .T. ) ;
#1251 =( LENGTH_UNIT ( ) NAMED_UNIT ( * ) SI_UNIT ( .MILLI., .METRE. ) );
#1252 = CARTESIAN_POINT ( 'NONE',  ( 3.000000000000000000, 14.99999999999983658, -15.00000000000017053 ) ) ;
#1253 = VECTOR ( 'NONE', #1439, 1000.000000000000000 ) ;
#1254 = DIRECTION ( 'NONE',  ( 0.000000000000000000, 0.000000000000000000, 1.000000000000000000 ) ) ;
#1255 = ORIENTED_EDGE ( 'NONE', *, *, #960, .F. ) ;
#1256 = CIRCLE ( 'NONE', #1661, 3.000000000000012879 ) ;
#1257 = EDGE_CURVE ( 'NONE', #1300, #1966, #1327, .T. ) ;
#1258 = AXIS2_PLACEMENT_3D ( 'NONE', #1035, #1802, #843 ) ;
#1259 = DIRECTION ( 'NONE',  ( 0.000000000000000000, 0.000000000000000000, -1.000000000000000000 ) ) ;
#1260 = CARTESIAN_POINT ( 'NONE',  ( 0.000000000000000000, 4.999999999999852562, -21.75000000000017764 ) ) ;
#1261 = ORIENTED_EDGE ( 'NONE', *, *, #1872, .F. ) ;
#1262 = CARTESIAN_POINT ( 'NONE',  ( 6.000000000000000888, 5.499999999999870326, 25.80614694161255329 ) ) ;
#1263 = EDGE_CURVE ( 'NONE', #2451, #839, #2084, .T. ) ;
#1264 = ORIENTED_EDGE ( 'NONE', *, *, #2163, .T. ) ;
#1265 = CARTESIAN_POINT ( 'NONE',  ( 9.000000000000001776, 23.59999999999984510, 4.999999999999834799 ) ) ;
#1266 = CIRCLE ( 'NONE', #1904, 2.249999999999998668 ) ;
#1267 = CIRCLE ( 'NONE', #2306, 1.999999999999999112 ) ;
#1268 = PRODUCT_CONTEXT ( 'NONE', #2067, 'mechanical' ) ;
#1269 = CARTESIAN_POINT ( 'NONE',  ( -9.899494936611706208, -1.591855728988893469E-13, -36.40000000000016911 ) ) ;
#1270 = ORIENTED_EDGE ( 'NONE', *, *, #1735, .T. ) ;
#1271 = CARTESIAN_POINT ( 'NONE',  ( 6.000000000000000888, -22.27857142857159189, 4.822222156911749380 ) ) ;
#1272 = CARTESIAN_POINT ( 'NONE',  ( 9.000000000000001776, -1.591855728988893469E-13, -36.40000000000016911 ) ) ;
#1273 = ORIENTED_EDGE ( 'NONE', *, *, #1146, .T. ) ;
#1274 = CARTESIAN_POINT ( 'NONE',  ( 3.000000000000000000, -19.75000000000018119, -15.00000000000016875 ) ) ;
#1275 = EDGE_CURVE ( 'NONE', #1130, #1210, #1056, .T. ) ;
#1276 = ADVANCED_FACE ( 'NONE', ( #2096 ), #381, .F. ) ;
#1277 = ORIENTED_EDGE ( 'NONE', *, *, #197, .F. ) ;
#1278 = CARTESIAN_POINT ( 'NONE',  ( 5.526811378462006985, -5.500000000000157208, 25.16544962353704662 ) ) ;
#1279 = ADVANCED_FACE ( 'NONE', ( #963 ), #653, .F. ) ;
#1280 = ORIENTED_EDGE ( 'NONE', *, *, #1031, .F. ) ;
#1281 = FACE_OUTER_BOUND ( 'NONE', #1991, .T. ) ;
#1282 = ORIENTED_EDGE ( 'NONE', *, *, #736, .F. ) ;
#1283 = CARTESIAN_POINT ( 'NONE',  ( 3.000000000000000000, -19.75000000000017764, -6.751111019676867997 ) ) ;
#1284 = DIRECTION ( 'NONE',  ( 0.000000000000000000, 1.000000000000000000, 0.000000000000000000 ) ) ;
#1285 = ORIENTED_EDGE ( 'NONE', *, *, #327, .T. ) ;
#1286 = CARTESIAN_POINT ( 'NONE',  ( 9.000000000000001776, -23.60000000000015064, -1.747491040759996142E-13 ) ) ;
#1287 = B_SPLINE_CURVE_WITH_KNOTS ( 'NONE', 3,
 ( #71, #2368, #242, #834 ),
 .UNSPECIFIED., .F., .F.,
 ( 4, 4 ),
 ( 0.000000000000000000, 0.0002617006125310570902 ),
 .UNSPECIFIED. ) ;
#1288 = VERTEX_POINT ( 'NONE', #1609 ) ;
#1289 = EDGE_CURVE ( 'NONE', #1831, #610, #830, .T. ) ;
#1290 = EDGE_CURVE ( 'NONE', #789, #815, #627, .T. ) ;
#1291 = FACE_OUTER_BOUND ( 'NONE', #475, .T. ) ;
#1292 = ORIENTED_EDGE ( 'NONE', *, *, #2142, .T. ) ;
#1293 = SURFACE_STYLE_FILL_AREA ( #531 ) ;
#1294 = VECTOR ( 'NONE', #993, 1000.000000000000000 ) ;
#1295 = LINE ( 'NONE', #2453, #1621 ) ;
#1296 = AXIS2_PLACEMENT_3D ( 'NONE', #67, #279, #1597 ) ;
#1297 = ORIENTED_EDGE ( 'NONE', *, *, #1830, .T. ) ;
#1298 = CARTESIAN_POINT ( 'NONE',  ( 3.000000000000000000, 14.99999999999983658, -15.00000000000017053 ) ) ;
#1299 = AXIS2_PLACEMENT_3D ( 'NONE', #1676, #2442, #718 ) ;
#1300 = VERTEX_POINT ( 'NONE', #615 ) ;
#1301 = DIRECTION ( 'NONE',  ( -1.000000000000000000, -0.000000000000000000, -0.000000000000000000 ) ) ;
#1302 = EDGE_LOOP ( 'NONE', ( #2277, #808, #245, #1500 ) ) ;
#1303 = FACE_BOUND ( 'NONE', #2130, .T. ) ;
#1304 = EDGE_CURVE ( 'NONE', #1210, #1893, #1349, .T. ) ;
#1305 = ORIENTED_EDGE ( 'NONE', *, *, #386, .F. ) ;
#1306 = CARTESIAN_POINT ( 'NONE',  ( 5.526811378462017643, 5.499999999999871214, 25.16544962353704662 ) ) ;
#1307 = ORIENTED_EDGE ( 'NONE', *, *, #2458, .F. ) ;
#1308 = DIRECTION ( 'NONE',  ( 1.000000000000000000, 0.000000000000000000, 0.000000000000000000 ) ) ;
#1309 = VERTEX_POINT ( 'NONE', #38 ) ;
#1310 = CYLINDRICAL_SURFACE ( 'NONE', #1531, 2.000000000000000888 ) ;
#1311 = DIRECTION ( 'NONE',  ( 0.000000000000000000, 0.000000000000000000, 1.000000000000000000 ) ) ;
#1312 = ORIENTED_EDGE ( 'NONE', *, *, #1397, .F. ) ;
#1313 = AXIS2_PLACEMENT_3D ( 'NONE', #1806, #2356, #83 ) ;
#1314 = EDGE_CURVE ( 'NONE', #1309, #1048, #374, .T. ) ;
#1315 = DIRECTION ( 'NONE',  ( 0.000000000000000000, 0.000000000000000000, -1.000000000000000000 ) ) ;
#1316 = AXIS2_PLACEMENT_3D ( 'NONE', #958, #1566, #246 ) ;
#1317 = ORIENTED_EDGE ( 'NONE', *, *, #1476, .T. ) ;
#1318 = DIRECTION ( 'NONE',  ( -0.000000000000000000, -0.000000000000000000, -1.000000000000000000 ) ) ;
#1319 = ORIENTED_EDGE ( 'NONE', *, *, #1800, .T. ) ;
#1320 = CARTESIAN_POINT ( 'NONE',  ( 6.000000000000001776, 23.59999999999984510, -1.658673198789983619E-13 ) ) ;
#1321 = VERTEX_POINT ( 'NONE', #639 ) ;
#1322 = CARTESIAN_POINT ( 'NONE',  ( 3.000000000000000000, -6.327075676575449670, 20.13004675020566125 ) ) ;
#1323 = ORIENTED_EDGE ( 'NONE', *, *, #275, .T. ) ;
#1324 = PRODUCT ( 'bee stinger smol hole', 'bee stinger smol hole', '', ( #1268 ) ) ;
#1325 = CARTESIAN_POINT ( 'NONE',  ( 18.95445179679157377, 21.74999999999984723, -6.751111019676853786 ) ) ;
#1326 = VERTEX_POINT ( 'NONE', #472 ) ;
#1327 = LINE ( 'NONE', #558, #2298 ) ;
#1328 = AXIS2_PLACEMENT_3D ( 'NONE', #1195, #1409, #2379 ) ;
#1329 = AXIS2_PLACEMENT_3D ( 'NONE', #4, #1898, #940 ) ;
#1330 = ORIENTED_EDGE ( 'NONE', *, *, #1129, .F. ) ;
#1331 = DIRECTION ( 'NONE',  ( 0.000000000000000000, 0.000000000000000000, -1.000000000000000000 ) ) ;
#1332 = EDGE_CURVE ( 'NONE', #1966, #2064, #2374, .T. ) ;
#1333 = AXIS2_PLACEMENT_3D ( 'NONE', #1223, #2001, #2148 ) ;
#1334 = AXIS2_PLACEMENT_3D ( 'NONE', #293, #1059, #105 ) ;
#1335 = CARTESIAN_POINT ( 'NONE',  ( 3.918419927720392160, 20.68569859947479728, 5.051581369581517933 ) ) ;
#1336 = VERTEX_POINT ( 'NONE', #1192 ) ;
#1337 = CARTESIAN_POINT ( 'NONE',  ( 0.000000000000000000, -7.500000000000155431, 19.74999999999982947 ) ) ;
#1338 = DIRECTION ( 'NONE',  ( 0.000000000000000000, 0.000000000000000000, -1.000000000000000000 ) ) ;
#1339 = AXIS2_PLACEMENT_3D ( 'NONE', #1567, #223, #2331 ) ;
#1340 = CARTESIAN_POINT ( 'NONE',  ( 5.487958684057075764, -21.93164076729218337, -4.751111019675462899 ) ) ;
#1341 = ORIENTED_EDGE ( 'NONE', *, *, #371, .F. ) ;
#1342 = CYLINDRICAL_SURFACE ( 'NONE', #1818, 2.000000000000000000 ) ;
#1343 = ORIENTED_EDGE ( 'NONE', *, *, #1314, .F. ) ;
#1344 = VECTOR ( 'NONE', #1102, 1000.000000000000000 ) ;
#1345 = CARTESIAN_POINT ( 'NONE',  ( 3.000000000000000000, -5.000000000000170530, -21.75000000000017408 ) ) ;
#1346 = B_SPLINE_CURVE_WITH_KNOTS ( 'NONE', 3,
 ( #956, #437, #2307, #805, #1361, #31, #2151, #388, #1335, #795, #588, #997, #2113, #1563, #760, #1145 ),
 .UNSPECIFIED., .F., .F.,
 ( 4, 2, 2, 2, 2, 2, 2, 4 ),
 ( 0.000000000000000000, 0.0006144981561517272881, 0.001228996312303454576, 0.001843494468455181756, 0.002457992624606909152, 0.003072490780758636332, 0.003686988936910363512, 0.004915985249213811366 ),
 .UNSPECIFIED. ) ;
#1347 = EDGE_CURVE ( 'NONE', #713, #1326, #1810, .T. ) ;
#1348 = ADVANCED_FACE ( 'NONE', ( #1380 ), #1624, .T. ) ;
#1349 = B_SPLINE_CURVE_WITH_KNOTS ( 'NONE', 3,
 ( #1418, #851, #1785, #2185 ),
 .UNSPECIFIED., .F., .F.,
 ( 4, 4 ),
 ( 0.000000000000000000, 0.0002617006125310553555 ),
 .UNSPECIFIED. ) ;
#1350 = CARTESIAN_POINT ( 'NONE',  ( 3.000000000000000000, -19.75000000000016342, 14.99999999999982947 ) ) ;
#1351 = EDGE_CURVE ( 'NONE', #1220, #1206, #1392, .T. ) ;
#1352 = ORIENTED_EDGE ( 'NONE', *, *, #432, .F. ) ;
#1353 = CARTESIAN_POINT ( 'NONE',  ( 0.000000000000000000, -11.00000000000017764, -13.00000000000017053 ) ) ;
#1354 = CYLINDRICAL_SURFACE ( 'NONE', #1182, 2.000000000000000000 ) ;
#1355 = CYLINDRICAL_SURFACE ( 'NONE', #578, 2.000000000000000000 ) ;
#1356 = ORIENTED_EDGE ( 'NONE', *, *, #2471, .T. ) ;
#1357 = CARTESIAN_POINT ( 'NONE',  ( 9.000000000000001776, -23.60000000000015064, -1.747491040759996142E-13 ) ) ;
#1358 = VECTOR ( 'NONE', #1715, 1000.000000000000000 ) ;
#1359 = ORIENTED_EDGE ( 'NONE', *, *, #960, .T. ) ;
#1360 = DIRECTION ( 'NONE',  ( 0.000000000000000000, -5.782411586589357639E-16, -1.000000000000000000 ) ) ;
#1361 = CARTESIAN_POINT ( 'NONE',  ( 3.233180396274145441, 19.98785744138715259, 5.787344463984246623 ) ) ;
#1362 = ORIENTED_EDGE ( 'NONE', *, *, #2483, .T. ) ;
#1363 = CARTESIAN_POINT ( 'NONE',  ( 0.000000000000000000, 22.27857142857127215, -4.822222156912086000 ) ) ;
#1364 = CARTESIAN_POINT ( 'NONE',  ( 3.000000000000000000, 19.74999999999984368, 14.99999999999982947 ) ) ;
#1365 = EDGE_CURVE ( 'NONE', #1710, #2051, #1774, .T. ) ;
#1366 = CARTESIAN_POINT ( 'NONE',  ( 4.204745590814682465, 20.93993330871911596, -4.918747024906498844 ) ) ;
#1367 = ORIENTED_EDGE ( 'NONE', *, *, #1230, .T. ) ;
#1368 = DIRECTION ( 'NONE',  ( 0.000000000000000000, 0.000000000000000000, -1.000000000000000000 ) ) ;
#1369 = ORIENTED_EDGE ( 'NONE', *, *, #385, .F. ) ;
#1370 = DIRECTION ( 'NONE',  ( 0.000000000000000000, 0.000000000000000000, -1.000000000000000000 ) ) ;
#1371 = VECTOR ( 'NONE', #2275, 1000.000000000000000 ) ;
#1372 = CARTESIAN_POINT ( 'NONE',  ( 3.013687039111601518, 6.072261628718935711, 20.33994434479760827 ) ) ;
#1373 = AXIS2_PLACEMENT_3D ( 'NONE', #1653, #306, #290 ) ;
#1374 = VERTEX_POINT ( 'NONE', #1244 ) ;
#1375 = CARTESIAN_POINT ( 'NONE',  ( 3.000000000000000000, -15.00000000000016165, 14.99999999999982947 ) ) ;
#1376 = DIRECTION ( 'NONE',  ( 0.000000000000000000, 0.000000000000000000, -1.000000000000000000 ) ) ;
#1377 = EDGE_CURVE ( 'NONE', #364, #1309, #251, .T. ) ;
#1378 = DIRECTION ( 'NONE',  ( 1.000000000000000000, 0.000000000000000000, 0.000000000000000000 ) ) ;
#1379 = VERTEX_POINT ( 'NONE', #2197 ) ;
#1380 = FACE_OUTER_BOUND ( 'NONE', #564, .T. ) ;
#1381 = AXIS2_PLACEMENT_3D ( 'NONE', #479, #1634, #2193 ) ;
#1382 = CARTESIAN_POINT ( 'NONE',  ( 3.000000000000000000, 19.74999999999984368, -15.00000000000017053 ) ) ;
#1383 = VERTEX_POINT ( 'NONE', #76 ) ;
#1384 = LINE ( 'NONE', #1613, #2019 ) ;
#1385 = CLOSED_SHELL ( 'NONE', ( #1815, #2285, #2207, #2224, #297, #1689, #125, #2243, #390, #1348, #932, #1088, #1887, #1717, #1442, #65, #183, #401, #1985, #1, #405, #1458, #858, #2242, #1903, #722, #1750, #313, #1279, #1877, #211, #723, #806, #2072, #826, #30, #436, #2085, #342, #628, #314, #1614, #2428, #355, #1581, #712, #1916, #481, #841, #27, #1078, #1980, #1679, #1276, #1165, #463, #517, #2180, #94, #887, #2429, #2177, #2055, #198, #569, #281, #93, #1089, #1119 ) ) ;
#1386 = CARTESIAN_POINT ( 'NONE',  ( 3.505176433153982085, 5.499999999999870326, 21.74999999999983302 ) ) ;
#1387 = EDGE_LOOP ( 'NONE', ( #1527, #1687, #1883, #2271 ) ) ;
#1388 = CARTESIAN_POINT ( 'NONE',  ( 0.000000000000000000, -15.00000000000016165, 17.24999999999983302 ) ) ;
#1389 = DIRECTION ( 'NONE',  ( 0.000000000000000000, 0.000000000000000000, -1.000000000000000000 ) ) ;
#1390 = DIRECTION ( 'NONE',  ( -1.000000000000000000, 0.000000000000000000, 0.000000000000000000 ) ) ;
#1391 = VERTEX_POINT ( 'NONE', #483 ) ;
#1392 = LINE ( 'NONE', #2157, #538 ) ;
#1393 = EDGE_CURVE ( 'NONE', #383, #1321, #1256, .T. ) ;
#1394 = DIRECTION ( 'NONE',  ( 0.000000000000000000, 0.000000000000000000, 1.000000000000000000 ) ) ;
#1395 = ORIENTED_EDGE ( 'NONE', *, *, #1946, .F. ) ;
#1396 = DIRECTION ( 'NONE',  ( -1.000000000000000000, 0.000000000000000000, 0.000000000000000000 ) ) ;
#1397 = EDGE_CURVE ( 'NONE', #2399, #1374, #2335, .T. ) ;
#1398 = CIRCLE ( 'NONE', #322, 2.250000000000007105 ) ;
#1399 = CARTESIAN_POINT ( 'NONE',  ( 0.000000000000000000, -1.585732494993156712E-13, -41.40000000000017621 ) ) ;
#1400 = ORIENTED_EDGE ( 'NONE', *, *, #552, .T. ) ;
#1401 = CARTESIAN_POINT ( 'NONE',  ( 0.000000000000000000, 0.000000000000000000, 0.000000000000000000 ) ) ;
#1402 = CARTESIAN_POINT ( 'NONE',  ( 0.000000000000000000, 23.59999999999984510, 2.499999999999836575 ) ) ;
#1403 = CARTESIAN_POINT ( 'NONE',  ( 3.000000000000000000, 14.99999999999983658, -15.00000000000017053 ) ) ;
#1404 = ORIENTED_EDGE ( 'NONE', *, *, #2033, .T. ) ;
#1405 = DIRECTION ( 'NONE',  ( -1.000000000000000000, 0.000000000000000000, 0.000000000000000000 ) ) ;
#1406 = DIRECTION ( 'NONE',  ( 1.000000000000000000, 0.000000000000000000, 0.000000000000000000 ) ) ;
#1407 = CARTESIAN_POINT ( 'NONE',  ( 3.000000000000000000, 19.74999999999984368, 14.99999999999982947 ) ) ;
#1408 = VERTEX_POINT ( 'NONE', #1003 ) ;
#1409 = DIRECTION ( 'NONE',  ( -1.000000000000000000, -0.000000000000000000, -0.000000000000000000 ) ) ;
#1410 = EDGE_CURVE ( 'NONE', #912, #730, #1736, .T. ) ;
#1411 = CARTESIAN_POINT ( 'NONE',  ( 3.000000000000000000, -1.427654291082565965E-13, 17.30614694161253908 ) ) ;
#1412 = CIRCLE ( 'NONE', #248, 2.000000000000000000 ) ;
#1413 = VECTOR ( 'NONE', #1405, 1000.000000000000000 ) ;
#1414 = CARTESIAN_POINT ( 'NONE',  ( 0.000000000000000000, -15.00000000000017941, -19.75000000000017053 ) ) ;
#1415 = AXIS2_PLACEMENT_3D ( 'NONE', #141, #864, #2441 ) ;
#1416 = CARTESIAN_POINT ( 'NONE',  ( 0.000000000000000000, -1.423980350685123911E-13, 28.80614694161256750 ) ) ;
#1417 = EDGE_LOOP ( 'NONE', ( #2189, #2350, #992, #233 ) ) ;
#1418 = CARTESIAN_POINT ( 'NONE',  ( 3.000000000000000000, -19.75000000000017764, -7.012667110308505869 ) ) ;
#1419 = FACE_BOUND ( 'NONE', #2244, .T. ) ;
#1420 = CARTESIAN_POINT ( 'NONE',  ( 18.95445179679157377, -1.427654291082565965E-13, 31.30614694161256395 ) ) ;
#1421 = VERTEX_POINT ( 'NONE', #1207 ) ;
#1422 = DIRECTION ( 'NONE',  ( 0.000000000000000000, -1.432200615920704775E-16, -1.000000000000000000 ) ) ;
#1423 = DIRECTION ( 'NONE',  ( 1.000000000000000000, 0.000000000000000000, 0.000000000000000000 ) ) ;
#1424 = EDGE_CURVE ( 'NONE', #1674, #2058, #1971, .T. ) ;
#1425 = EDGE_CURVE ( 'NONE', #2399, #430, #895, .T. ) ;
#1426 = CIRCLE ( 'NONE', #148, 2.249999999999998668 ) ;
#1427 = DIRECTION ( 'NONE',  ( -1.000000000000000000, -0.000000000000000000, -0.000000000000000000 ) ) ;
#1428 = DIRECTION ( 'NONE',  ( 1.000000000000000000, 0.000000000000000000, 0.000000000000000000 ) ) ;
#1429 = EDGE_CURVE ( 'NONE', #815, #1421, #654, .T. ) ;
#1430 = CARTESIAN_POINT ( 'NONE',  ( 3.165332872751205340, 19.90976637393628934, -5.952838319504129672 ) ) ;
#1431 = EDGE_LOOP ( 'NONE', ( #745, #201, #2209, #821, #317 ) ) ;
#1432 = DIRECTION ( 'NONE',  ( 0.000000000000000000, 0.000000000000000000, -1.000000000000000000 ) ) ;
#1433 = DIRECTION ( 'NONE',  ( -1.000000000000000000, -0.000000000000000000, -0.000000000000000000 ) ) ;
#1434 = CARTESIAN_POINT ( 'NONE',  ( 0.000000000000000000, 21.74999999999984723, -4.751111019676853786 ) ) ;
#1435 = ORIENTED_EDGE ( 'NONE', *, *, #1615, .T. ) ;
#1436 = CARTESIAN_POINT ( 'NONE',  ( 3.000000000000000000, 14.99999999999984368, 19.74999999999982947 ) ) ;
#1437 = DIRECTION ( 'NONE',  ( 1.000000000000000000, 0.000000000000000000, 0.000000000000000000 ) ) ;
#1438 = DIRECTION ( 'NONE',  ( 1.000000000000000000, 0.000000000000000000, 0.000000000000000000 ) ) ;
#1439 = DIRECTION ( 'NONE',  ( 0.000000000000000000, 5.209379807738163139E-17, 1.000000000000000000 ) ) ;
#1440 = EDGE_CURVE ( 'NONE', #2201, #2074, #135, .T. ) ;
#1441 = DIRECTION ( 'NONE',  ( 0.000000000000000000, -0.000000000000000000, 1.000000000000000000 ) ) ;
#1442 = ADVANCED_FACE ( 'NONE', ( #2400 ), #2011, .F. ) ;
#1443 = VERTEX_POINT ( 'NONE', #705 ) ;
#1444 = CARTESIAN_POINT ( 'NONE',  ( 3.000000000000000000, -11.00000000000017941, 10.99999999999982947 ) ) ;
#1445 = CARTESIAN_POINT ( 'NONE',  ( 3.505176433153982973, -5.500000000000156319, 21.74999999999983302 ) ) ;
#1446 = ORIENTED_EDGE ( 'NONE', *, *, #1478, .F. ) ;
#1447 = DIRECTION ( 'NONE',  ( -0.000000000000000000, 0.000000000000000000, 1.000000000000000000 ) ) ;
#1448 = ORIENTED_EDGE ( 'NONE', *, *, #769, .T. ) ;
#1449 = DIRECTION ( 'NONE',  ( 0.000000000000000000, 0.000000000000000000, -1.000000000000000000 ) ) ;
#1450 =( NAMED_UNIT ( * ) PLANE_ANGLE_UNIT ( ) SI_UNIT ( $, .RADIAN. ) );
#1451 = CYLINDRICAL_SURFACE ( 'NONE', #294, 4.750000000000006217 ) ;
#1452 = AXIS2_PLACEMENT_3D ( 'NONE', #1950, #204, #1331 ) ;
#1453 = AXIS2_PLACEMENT_3D ( 'NONE', #1131, #423, #1185 ) ;
#1454 = DIRECTION ( 'NONE',  ( 0.000000000000000000, 0.000000000000000000, -1.000000000000000000 ) ) ;
#1455 = VERTEX_POINT ( 'NONE', #1271 ) ;
#1456 = DIRECTION ( 'NONE',  ( 0.000000000000000000, 0.000000000000000000, -1.000000000000000000 ) ) ;
#1457 = CIRCLE ( 'NONE', #696, 2.000000000000000000 ) ;
#1458 = ADVANCED_FACE ( 'NONE', ( #1092 ), #691, .T. ) ;
#1459 = VECTOR ( 'NONE', #333, 1000.000000000000000 ) ;
#1460 = CARTESIAN_POINT ( 'NONE',  ( 3.000000000000000000, -7.000000000000171418, -21.75000000000017408 ) ) ;
#1461 = CARTESIAN_POINT ( 'NONE',  ( 3.000000000000000000, 14.99999999999983658, -17.25000000000017764 ) ) ;
#1462 = ORIENTED_EDGE ( 'NONE', *, *, #2395, .T. ) ;
#1463 = DIRECTION ( 'NONE',  ( -1.000000000000000000, -0.000000000000000000, -0.000000000000000000 ) ) ;
#1464 = ORIENTED_EDGE ( 'NONE', *, *, #871, .F. ) ;
#1465 = CARTESIAN_POINT ( 'NONE',  ( 5.064157299958688796, -5.500000000000157208, 24.51821382788080683 ) ) ;
#1466 = CIRCLE ( 'NONE', #1787, 2.500000000000015987 ) ;
#1467 = AXIS2_PLACEMENT_3D ( 'NONE', #2360, #1755, #1955 ) ;
#1468 = TOROIDAL_SURFACE ( 'NONE', #1143, 8.500000000000014211, 3.000000000000000000 ) ;
#1469 = EDGE_LOOP ( 'NONE', ( #2484, #2062, #1932, #2174, #638 ) ) ;
#1470 = CARTESIAN_POINT ( 'NONE',  ( 3.000000000000000000, -19.75000000000016698, 6.751111019676514502 ) ) ;
#1471 = VERTEX_POINT ( 'NONE', #1664 ) ;
#1472 = DIRECTION ( 'NONE',  ( 1.000000000000000000, 0.000000000000000000, 0.000000000000000000 ) ) ;
#1473 = CARTESIAN_POINT ( 'NONE',  ( 3.201754538096610148, -5.638720994460712177, 21.00159892579435450 ) ) ;
#1474 = EDGE_LOOP ( 'NONE', ( #2109, #1891, #1369, #1690 ) ) ;
#1475 = CYLINDRICAL_SURFACE ( 'NONE', #735, 2.000000000000001776 ) ;
#1476 = EDGE_CURVE ( 'NONE', #2115, #1391, #95, .T. ) ;
#1477 = ORIENTED_EDGE ( 'NONE', *, *, #540, .F. ) ;
#1478 = EDGE_CURVE ( 'NONE', #2029, #1455, #853, .T. ) ;
#1479 = CIRCLE ( 'NONE', #1958, 5.000000000000011546 ) ;
#1480 = CARTESIAN_POINT ( 'NONE',  ( 3.968997205408154372, 20.73123959379748271, -5.026033314642191385 ) ) ;
#1481 = VERTEX_POINT ( 'NONE', #2026 ) ;
#1482 = DIRECTION ( 'NONE',  ( -1.000000000000000000, -0.000000000000000000, -0.000000000000000000 ) ) ;
#1483 = DIRECTION ( 'NONE',  ( -1.000000000000000000, 0.000000000000000000, 0.000000000000000000 ) ) ;
#1484 = EDGE_LOOP ( 'NONE', ( #1569, #1090 ) ) ;
#1485 = CARTESIAN_POINT ( 'NONE',  ( 3.000000000000000000, -19.75000000000016698, 7.012667110308153262 ) ) ;
#1486 = ORIENTED_EDGE ( 'NONE', *, *, #1920, .T. ) ;
#1487 = EDGE_CURVE ( 'NONE', #422, #2460, #1014, .T. ) ;
#1488 = FACE_OUTER_BOUND ( 'NONE', #1561, .T. ) ;
#1489 = EDGE_LOOP ( 'NONE', ( #1865, #1043 ) ) ;
#1490 = CARTESIAN_POINT ( 'NONE',  ( 18.95445179679157377, -5.500000000000156319, 25.80614694161255329 ) ) ;
#1491 = AXIS2_PLACEMENT_3D ( 'NONE', #2278, #113, #1701 ) ;
#1492 = DIRECTION ( 'NONE',  ( 1.000000000000000000, 0.000000000000000000, 0.000000000000000000 ) ) ;
#1493 = VECTOR ( 'NONE', #1368, 1000.000000000000000 ) ;
#1494 = EDGE_LOOP ( 'NONE', ( #1851, #634 ) ) ;
#1495 = LINE ( 'NONE', #1886, #2377 ) ;
#1496 = AXIS2_PLACEMENT_3D ( 'NONE', #152, #1083, #1637 ) ;
#1497 = ORIENTED_EDGE ( 'NONE', *, *, #1263, .T. ) ;
#1498 = DIRECTION ( 'NONE',  ( 1.000000000000000000, 0.000000000000000000, 0.000000000000000000 ) ) ;
#1499 = EDGE_CURVE ( 'NONE', #755, #44, #300, .T. ) ;
#1500 = ORIENTED_EDGE ( 'NONE', *, *, #1845, .F. ) ;
#1501 = PLANE ( 'NONE',  #382 ) ;
#1502 = ORIENTED_EDGE ( 'NONE', *, *, #96, .T. ) ;
#1503 = FACE_OUTER_BOUND ( 'NONE', #1684, .T. ) ;
#1504 = VECTOR ( 'NONE', #1406, 1000.000000000000000 ) ;
#1505 = B_SPLINE_CURVE_WITH_KNOTS ( 'NONE', 3,
 ( #1620, #734, #1121, #169 ),
 .UNSPECIFIED., .F., .F.,
 ( 4, 4 ),
 ( 0.000000000000000000, 0.0002617006125310484166 ),
 .UNSPECIFIED. ) ;
#1506 = VECTOR ( 'NONE', #2027, 1000.000000000000000 ) ;
#1507 = CARTESIAN_POINT ( 'NONE',  ( 3.000000000000000000, 10.99999999999984190, 12.99999999999982947 ) ) ;
#1508 = VERTEX_POINT ( 'NONE', #332 ) ;
#1509 = LINE ( 'NONE', #1548, #1371 ) ;
#1510 = VERTEX_POINT ( 'NONE', #1104 ) ;
#1511 = CARTESIAN_POINT ( 'NONE',  ( 3.000000000000000000, 14.99999999999984368, 14.99999999999982947 ) ) ;
#1512 = EDGE_CURVE ( 'NONE', #1893, #1032, #522, .T. ) ;
#1513 = ORIENTED_EDGE ( 'NONE', *, *, #1275, .T. ) ;
#1514 = DIRECTION ( 'NONE',  ( 0.000000000000000000, -5.782411586589357639E-16, -1.000000000000000000 ) ) ;
#1515 = ORIENTED_EDGE ( 'NONE', *, *, #368, .T. ) ;
#1516 = CIRCLE ( 'NONE', #1560, 4.749999999999999112 ) ;
#1517 = EDGE_CURVE ( 'NONE', #364, #2274, #678, .T. ) ;
#1518 = CARTESIAN_POINT ( 'NONE',  ( 5.237252627712949860, -21.74999999998597744, -4.751111019676867997 ) ) ;
#1519 = ORIENTED_EDGE ( 'NONE', *, *, #906, .F. ) ;
#1520 = DIRECTION ( 'NONE',  ( 0.000000000000000000, 0.000000000000000000, 1.000000000000000000 ) ) ;
#1521 = VERTEX_POINT ( 'NONE', #1055 ) ;
#1522 = DIRECTION ( 'NONE',  ( -1.000000000000000000, 0.000000000000000000, 0.000000000000000000 ) ) ;
#1523 = DIRECTION ( 'NONE',  ( 0.000000000000000000, 0.000000000000000000, 1.000000000000000000 ) ) ;
#1524 = VERTEX_POINT ( 'NONE', #1871 ) ;
#1525 = DIRECTION ( 'NONE',  ( -1.000000000000000000, 0.000000000000000000, 0.000000000000000000 ) ) ;
#1526 = DIRECTION ( 'NONE',  ( -1.000000000000000000, 0.000000000000000000, 0.000000000000000000 ) ) ;
#1527 = ORIENTED_EDGE ( 'NONE', *, *, #688, .T. ) ;
#1528 = CARTESIAN_POINT ( 'NONE',  ( 3.000000000000000000, -13.00000000000017941, -11.00000000000017053 ) ) ;
#1529 = ORIENTED_EDGE ( 'NONE', *, *, #2194, .F. ) ;
#1530 = CARTESIAN_POINT ( 'NONE',  ( 4.706446429561394140, -21.35513726408305146, -4.778568781975533142 ) ) ;
#1531 = AXIS2_PLACEMENT_3D ( 'NONE', #2077, #2397, #1647 ) ;
#1532 = EDGE_CURVE ( 'NONE', #1670, #2201, #2049, .T. ) ;
#1533 = EDGE_CURVE ( 'NONE', #1032, #739, #1070, .T. ) ;
#1534 = AXIS2_PLACEMENT_3D ( 'NONE', #344, #1849, #2427 ) ;
#1535 = ORIENTED_EDGE ( 'NONE', *, *, #2435, .F. ) ;
#1536 = CARTESIAN_POINT ( 'NONE',  ( 3.000000000000000000, -13.00000000000017941, 12.99999999999982947 ) ) ;
#1537 = EDGE_CURVE ( 'NONE', #2274, #295, #1577, .T. ) ;
#1538 = CIRCLE ( 'NONE', #457, 2.499999999999998668 ) ;
#1539 = VECTOR ( 'NONE', #2273, 1000.000000000000000 ) ;
#1540 = CARTESIAN_POINT ( 'NONE',  ( 3.000000000000000000, -5.000000000000170530, -30.15500200160176547 ) ) ;
#1541 = MANIFOLD_SOLID_BREP ( 'Boss-Extrude5', #1385 ) ;
#1542 = VERTEX_POINT ( 'NONE', #926 ) ;
#1543 = FACE_OUTER_BOUND ( 'NONE', #2236, .T. ) ;
#1544 = FACE_BOUND ( 'NONE', #2424, .T. ) ;
#1545 = AXIS2_PLACEMENT_3D ( 'NONE', #1984, #261, #1376 ) ;
#1546 = CARTESIAN_POINT ( 'NONE',  ( 3.000000000000000000, -15.00000000000016165, 17.24999999999983302 ) ) ;
#1547 = VERTEX_POINT ( 'NONE', #354 ) ;
#1548 = CARTESIAN_POINT ( 'NONE',  ( 3.000000000000000000, 14.99999999999984368, 17.24999999999982947 ) ) ;
#1549 = VECTOR ( 'NONE', #1071, 1000.000000000000000 ) ;
#1550 = EDGE_LOOP ( 'NONE', ( #289, #1243, #1612, #122, #325 ) ) ;
#1551 = DIRECTION ( 'NONE',  ( 0.000000000000000000, 0.000000000000000000, -1.000000000000000000 ) ) ;
#1552 = CARTESIAN_POINT ( 'NONE',  ( 3.106231161397904561, 5.776680919542846127, 20.72313898797697362 ) ) ;
#1553 = ORIENTED_EDGE ( 'NONE', *, *, #981, .F. ) ;
#1554 = CARTESIAN_POINT ( 'NONE',  ( 0.000000000000000000, -5.500000000000159872, 7.877103387564105526E-16 ) ) ;
#1555 = CARTESIAN_POINT ( 'NONE',  ( 0.000000000000000000, -11.00000000000017941, 12.99999999999982947 ) ) ;
#1556 = CARTESIAN_POINT ( 'NONE',  ( 4.968143529823825233, 21.55502591861423412, -4.751111019678190495 ) ) ;
#1557 = ORIENTED_EDGE ( 'NONE', *, *, #2270, .F. ) ;
#1558 = DIRECTION ( 'NONE',  ( 1.000000000000000000, 0.000000000000000000, 0.000000000000000000 ) ) ;
#1559 = B_SPLINE_CURVE_WITH_KNOTS ( 'NONE', 3,
 ( #976, #2302, #567, #2313, #2479, #1933, #1167, #2324, #178, #581, #756, #2110, #2131, #1530, #605, #190 ),
 .UNSPECIFIED., .F., .F.,
 ( 4, 2, 2, 2, 2, 2, 2, 4 ),
 ( 0.000000000000000000, 0.0004984153576525991508, 0.0009968307153051983015, 0.001495246072957797344, 0.001993661430610396603, 0.002492076788262996730, 0.002990492145915596423, 0.003987322861220796676 ),
 .UNSPECIFIED. ) ;
#1560 = AXIS2_PLACEMENT_3D ( 'NONE', #1721, #974, #1139 ) ;
#1561 = EDGE_LOOP ( 'NONE', ( #66, #669, #1719, #1790, #781, #265, #2294, #1859, #185, #519, #225, #351, #1863, #542, #1120, #128, #40, #533, #2432, #369, #495, #348, #1784, #2454, #2297, #487, #2303, #1395, #606, #1107, #1317, #91, #360, #1515, #885, #741 ) ) ;
#1562 = LINE ( 'NONE', #370, #51 ) ;
#1563 = CARTESIAN_POINT ( 'NONE',  ( 5.322084462779628211, 21.81659868794465851, 4.737240289542693716 ) ) ;
#1564 = EDGE_CURVE ( 'NONE', #1471, #2125, #2220, .T. ) ;
#1565 = ORIENTED_EDGE ( 'NONE', *, *, #1845, .T. ) ;
#1566 = DIRECTION ( 'NONE',  ( -1.000000000000000000, -0.000000000000000000, -0.000000000000000000 ) ) ;
#1567 = CARTESIAN_POINT ( 'NONE',  ( 0.000000000000000000, -23.60000000000015064, -1.747491040759996142E-13 ) ) ;
#1568 = CARTESIAN_POINT ( 'NONE',  ( 3.000000000000000000, 19.74999999999984368, -15.00000000000017053 ) ) ;
#1569 = ORIENTED_EDGE ( 'NONE', *, *, #1964, .T. ) ;
#1570 = DIRECTION ( 'NONE',  ( 0.000000000000000000, 0.000000000000000000, -1.000000000000000000 ) ) ;
#1571 = CARTESIAN_POINT ( 'NONE',  ( 0.000000000000000000, -11.00000000000017941, 12.99999999999982947 ) ) ;
#1572 = ORIENTED_EDGE ( 'NONE', *, *, #674, .F. ) ;
#1573 = DIRECTION ( 'NONE',  ( -1.000000000000000000, -0.000000000000000000, -0.000000000000000000 ) ) ;
#1574 = AXIS2_PLACEMENT_3D ( 'NONE', #2315, #585, #1144 ) ;
#1575 = CIRCLE ( 'NONE', #2423, 5.000000000000011546 ) ;
#1576 = DIRECTION ( 'NONE',  ( -1.000000000000000000, 0.000000000000000000, 0.000000000000000000 ) ) ;
#1577 = CIRCLE ( 'NONE', #252, 5.500000000000011546 ) ;
#1578 = ORIENTED_EDGE ( 'NONE', *, *, #874, .T. ) ;
#1579 = CARTESIAN_POINT ( 'NONE',  ( 18.95445179679157377, 22.27857142857127215, -4.822222156912086888 ) ) ;
#1580 = DIRECTION ( 'NONE',  ( -0.000000000000000000, 1.000000000000000000, -0.000000000000000000 ) ) ;
#1581 = ADVANCED_FACE ( 'NONE', ( #1503 ), #163, .F. ) ;
#1582 = DIRECTION ( 'NONE',  ( -1.000000000000000000, -0.000000000000000000, -0.000000000000000000 ) ) ;
#1583 = EDGE_CURVE ( 'NONE', #610, #815, #1771, .T. ) ;
#1584 = ORIENTED_EDGE ( 'NONE', *, *, #948, .T. ) ;
#1585 = DIRECTION ( 'NONE',  ( -1.000000000000000000, 0.000000000000000000, 0.000000000000000000 ) ) ;
#1586 = CIRCLE ( 'NONE', #1381, 2.000000000000001776 ) ;
#1587 = CIRCLE ( 'NONE', #2434, 2.000000000000000000 ) ;
#1588 = CARTESIAN_POINT ( 'NONE',  ( -19.42221666030940952, -5.000000000000170530, -21.75000000000017408 ) ) ;
#1589 = EDGE_LOOP ( 'NONE', ( #521, #1878, #1765, #311 ) ) ;
#1590 = CARTESIAN_POINT ( 'NONE',  ( 0.000000000000000000, -22.27857142857159189, 4.822222156911749380 ) ) ;
#1591 = DIRECTION ( 'NONE',  ( 0.000000000000000000, 0.000000000000000000, -1.000000000000000000 ) ) ;
#1592 = ORIENTED_EDGE ( 'NONE', *, *, #646, .T. ) ;
#1593 = CARTESIAN_POINT ( 'NONE',  ( 3.000000000000000000, -11.00000000000017764, -11.00000000000017053 ) ) ;
#1594 = CARTESIAN_POINT ( 'NONE',  ( 3.505176433153982085, 5.499999999999870326, 21.74999999999983302 ) ) ;
#1595 = CARTESIAN_POINT ( 'NONE',  ( 3.000000000000000000, 14.99999999999984368, 14.99999999999982947 ) ) ;
#1596 = ORIENTED_EDGE ( 'NONE', *, *, #1377, .F. ) ;
#1597 = DIRECTION ( 'NONE',  ( 0.000000000000000000, 0.000000000000000000, -1.000000000000000000 ) ) ;
#1598 = EDGE_CURVE ( 'NONE', #1827, #2451, #656, .T. ) ;
#1599 = DIRECTION ( 'NONE',  ( 1.000000000000000000, 0.000000000000000000, 0.000000000000000000 ) ) ;
#1600 = LINE ( 'NONE', #1588, #2023 ) ;
#1601 = ORIENTED_EDGE ( 'NONE', *, *, #276, .T. ) ;
#1602 = CARTESIAN_POINT ( 'NONE',  ( 18.95445179679157377, 22.27857142857127215, 4.822222156911755597 ) ) ;
#1603 = VECTOR ( 'NONE', #2485, 1000.000000000000000 ) ;
#1604 = CARTESIAN_POINT ( 'NONE',  ( 3.002926430263853419, 19.74999999999984368, 6.838153544029671238 ) ) ;
#1605 = CARTESIAN_POINT ( 'NONE',  ( 3.022441695879864554, -19.75000000000016698, 6.543741593801499334 ) ) ;
#1606 = DIRECTION ( 'NONE',  ( 1.000000000000000000, 0.000000000000000000, 0.000000000000000000 ) ) ;
#1607 = DIRECTION ( 'NONE',  ( 0.000000000000000000, 0.000000000000000000, -1.000000000000000000 ) ) ;
#1608 = ORIENTED_EDGE ( 'NONE', *, *, #124, .F. ) ;
#1609 = CARTESIAN_POINT ( 'NONE',  ( 0.000000000000000000, 10.99999999999984013, 12.99999999999982947 ) ) ;
#1610 = PLANE ( 'NONE',  #2035 ) ;
#1611 = CARTESIAN_POINT ( 'NONE',  ( 0.000000000000000000, -15.00000000000016165, 14.99999999999982947 ) ) ;
#1612 = ORIENTED_EDGE ( 'NONE', *, *, #1615, .F. ) ;
#1613 = CARTESIAN_POINT ( 'NONE',  ( 3.000000000000000000, -13.00000000000017941, 10.99999999999982947 ) ) ;
#1614 = ADVANCED_FACE ( 'NONE', ( #254 ), #2172, .F. ) ;
#1615 = EDGE_CURVE ( 'NONE', #2466, #2323, #1183, .T. ) ;
#1616 = EDGE_CURVE ( 'NONE', #544, #295, #832, .T. ) ;
#1617 = FACE_BOUND ( 'NONE', #1489, .T. ) ;
#1618 = VECTOR ( 'NONE', #2444, 1000.000000000000000 ) ;
#1619 = VECTOR ( 'NONE', #1127, 1000.000000000000000 ) ;
#1620 = CARTESIAN_POINT ( 'NONE',  ( 3.008696094101626972, 19.74999999999984368, -6.751111019676854674 ) ) ;
#1621 = VECTOR ( 'NONE', #1106, 1000.000000000000000 ) ;
#1622 = CARTESIAN_POINT ( 'NONE',  ( 18.95445179679157377, -1.591855728988893469E-13, -31.40000000000015845 ) ) ;
#1623 = VERTEX_POINT ( 'NONE', #445 ) ;
#1624 = CYLINDRICAL_SURFACE ( 'NONE', #1775, 5.500000000000011546 ) ;
#1625 = CARTESIAN_POINT ( 'NONE',  ( 9.000000000000001776, 23.59999999999984510, -1.658673198789983619E-13 ) ) ;
#1626 = FACE_OUTER_BOUND ( 'NONE', #1082, .T. ) ;
#1627 = EDGE_LOOP ( 'NONE', ( #1087, #1292, #5, #1592, #115, #867, #557, #2387, #14, #1944, #357, #1707, #1513, #2042, #191, #657, #1194, #2367, #2475, #482, #2152, #1404, #600 ) ) ;
#1628 = DIRECTION ( 'NONE',  ( -1.000000000000000000, -0.000000000000000000, -0.000000000000000000 ) ) ;
#1629 = AXIS2_PLACEMENT_3D ( 'NONE', #1968, #2371, #415 ) ;
#1630 = EDGE_CURVE ( 'NONE', #770, #1336, #1600, .T. ) ;
#1631 = DIRECTION ( 'NONE',  ( 0.000000000000000000, 0.000000000000000000, 1.000000000000000000 ) ) ;
#1632 = AXIS2_PLACEMENT_3D ( 'NONE', #831, #1599, #253 ) ;
#1633 = CARTESIAN_POINT ( 'NONE',  ( 6.000000000000000888, -22.27857142857159189, 4.822222156911749380 ) ) ;
#1634 = DIRECTION ( 'NONE',  ( -1.000000000000000000, -0.000000000000000000, -0.000000000000000000 ) ) ;
#1635 = FACE_OUTER_BOUND ( 'NONE', #460, .T. ) ;
#1636 = ORIENTED_EDGE ( 'NONE', *, *, #555, .F. ) ;
#1637 = DIRECTION ( 'NONE',  ( 0.000000000000000000, 0.000000000000000000, -1.000000000000000000 ) ) ;
#1638 = DIRECTION ( 'NONE',  ( -1.000000000000000000, -0.000000000000000000, -0.000000000000000000 ) ) ;
#1639 = CARTESIAN_POINT ( 'NONE',  ( 0.000000000000000000, -23.60000000000015064, -1.747491040759996142E-13 ) ) ;
#1640 = ORIENTED_EDGE ( 'NONE', *, *, #811, .T. ) ;
#1641 = DIRECTION ( 'NONE',  ( -1.000000000000000000, 0.000000000000000000, 0.000000000000000000 ) ) ;
#1642 = CIRCLE ( 'NONE', #156, 2.000000000000000000 ) ;
#1643 = ORIENTED_EDGE ( 'NONE', *, *, #2254, .T. ) ;
#1644 = DIRECTION ( 'NONE',  ( 1.000000000000000000, 0.000000000000000000, 0.000000000000000000 ) ) ;
#1645 = AXIS2_PLACEMENT_3D ( 'NONE', #1375, #2104, #427 ) ;
#1646 = CARTESIAN_POINT ( 'NONE',  ( 0.000000000000000000, -11.00000000000017941, 10.99999999999982947 ) ) ;
#1647 = DIRECTION ( 'NONE',  ( 0.000000000000000000, 0.000000000000000000, 1.000000000000000000 ) ) ;
#1648 = EDGE_CURVE ( 'NONE', #1383, #789, #39, .T. ) ;
#1649 = EDGE_CURVE ( 'NONE', #295, #2312, #1665, .T. ) ;
#1650 = VERTEX_POINT ( 'NONE', #2353 ) ;
#1651 = DIRECTION ( 'NONE',  ( -1.000000000000000000, -0.000000000000000000, -0.000000000000000000 ) ) ;
#1652 = ORIENTED_EDGE ( 'NONE', *, *, #1517, .F. ) ;
#1653 = CARTESIAN_POINT ( 'NONE',  ( 3.000000000000000000, -7.500000000000155431, 21.74999999999983302 ) ) ;
#1654 = DIRECTION ( 'NONE',  ( 0.000000000000000000, 0.000000000000000000, -1.000000000000000000 ) ) ;
#1655 = LINE ( 'NONE', #1084, #969 ) ;
#1656 = ORIENTED_EDGE ( 'NONE', *, *, #432, .T. ) ;
#1657 = DIRECTION ( 'NONE',  ( 1.000000000000000000, 0.000000000000000000, 0.000000000000000000 ) ) ;
#1658 = EDGE_LOOP ( 'NONE', ( #1264, #337, #1305, #2222 ) ) ;
#1659 = CARTESIAN_POINT ( 'NONE',  ( 5.764244374189374298, -5.500000000000156319, 25.48693178321835262 ) ) ;
#1660 = AXIS2_PLACEMENT_3D ( 'NONE', #285, #1976, #476 ) ;
#1661 = AXIS2_PLACEMENT_3D ( 'NONE', #226, #989, #1570 ) ;
#1662 = CARTESIAN_POINT ( 'NONE',  ( 3.370730043082767580, 20.13964200723980724, -5.556618164870838150 ) ) ;
#1663 = ORIENTED_EDGE ( 'NONE', *, *, #2012, .T. ) ;
#1664 = CARTESIAN_POINT ( 'NONE',  ( 9.000000000000001776, 23.59999999999984510, -5.000000000000166089 ) ) ;
#1665 = CIRCLE ( 'NONE', #2341, 5.500000000000011546 ) ;
#1666 = EDGE_CURVE ( 'NONE', #2184, #566, #1235, .T. ) ;
#1667 = CARTESIAN_POINT ( 'NONE',  ( 3.105658016807993693, -5.777694426736233346, 20.72134689198049173 ) ) ;
#1668 = ORIENTED_EDGE ( 'NONE', *, *, #111, .F. ) ;
#1669 = DIRECTION ( 'NONE',  ( 0.000000000000000000, 0.000000000000000000, -1.000000000000000000 ) ) ;
#1670 = VERTEX_POINT ( 'NONE', #80 ) ;
#1671 = AXIS2_PLACEMENT_3D ( 'NONE', #88, #498, #79 ) ;
#1672 = CIRCLE ( 'NONE', #586, 2.250000000000007105 ) ;
#1673 = DIRECTION ( 'NONE',  ( 1.000000000000000000, 0.000000000000000000, 0.000000000000000000 ) ) ;
#1674 = VERTEX_POINT ( 'NONE', #1382 ) ;
#1675 = CARTESIAN_POINT ( 'NONE',  ( 0.000000000000000000, -1.427654291082565965E-13, 25.80614694161255329 ) ) ;
#1676 = CARTESIAN_POINT ( 'NONE',  ( -9.899494936611706208, -23.60000000000015064, -1.747491040759996142E-13 ) ) ;
#1677 = ORIENTED_EDGE ( 'NONE', *, *, #613, .F. ) ;
#1678 = FACE_OUTER_BOUND ( 'NONE', #189, .T. ) ;
#1679 = ADVANCED_FACE ( 'NONE', ( #1961 ), #1760, .F. ) ;
#1680 = ORIENTED_EDGE ( 'NONE', *, *, #167, .T. ) ;
#1681 = AXIS2_PLACEMENT_3D ( 'NONE', #1931, #212, #411 ) ;
#1682 = ORIENTED_EDGE ( 'NONE', *, *, #1133, .T. ) ;
#1683 = DIRECTION ( 'NONE',  ( 0.000000000000000000, 0.000000000000000000, 1.000000000000000000 ) ) ;
#1684 = EDGE_LOOP ( 'NONE', ( #120, #1060, #402, #1362 ) ) ;
#1685 = SURFACE_SIDE_STYLE ('',( #1293 ) ) ;
#1686 = DIRECTION ( 'NONE',  ( 0.000000000000000000, -0.000000000000000000, -1.000000000000000000 ) ) ;
#1687 = ORIENTED_EDGE ( 'NONE', *, *, #216, .T. ) ;
#1688 = FACE_OUTER_BOUND ( 'NONE', #1124, .T. ) ;
#1689 = ADVANCED_FACE ( 'NONE', ( #1047 ), #1948, .F. ) ;
#1690 = ORIENTED_EDGE ( 'NONE', *, *, #765, .F. ) ;
#1691 = DIRECTION ( 'NONE',  ( 0.000000000000000000, 0.000000000000000000, 1.000000000000000000 ) ) ;
#1692 = CARTESIAN_POINT ( 'NONE',  ( 9.000000000000001776, 23.59999999999984510, -1.658673198789983619E-13 ) ) ;
#1693 = ORIENTED_EDGE ( 'NONE', *, *, #2458, .T. ) ;
#1694 = AXIS2_PLACEMENT_3D ( 'NONE', #2150, #845, #2161 ) ;
#1695 = LINE ( 'NONE', #1507, #1539 ) ;
#1696 = AXIS2_PLACEMENT_3D ( 'NONE', #129, #2223, #2210 ) ;
#1697 = ORIENTED_EDGE ( 'NONE', *, *, #78, .F. ) ;
#1698 = DIRECTION ( 'NONE',  ( 0.000000000000000000, 0.000000000000000000, -1.000000000000000000 ) ) ;
#1699 = VECTOR ( 'NONE', #2366, 1000.000000000000000 ) ;
#1700 = EDGE_LOOP ( 'NONE', ( #1341, #547, #559, #54 ) ) ;
#1701 = DIRECTION ( 'NONE',  ( 0.000000000000000000, 0.000000000000000000, -1.000000000000000000 ) ) ;
#1702 = EDGE_CURVE ( 'NONE', #2343, #709, #2159, .T. ) ;
#1703 = EDGE_CURVE ( 'NONE', #575, #755, #1789, .T. ) ;
#1704 = AXIS2_PLACEMENT_3D ( 'NONE', #10, #2283, #924 ) ;
#1705 = EDGE_LOOP ( 'NONE', ( #1036, #2478, #49, #1956 ) ) ;
#1706 = FACE_OUTER_BOUND ( 'NONE', #1474, .T. ) ;
#1707 = ORIENTED_EDGE ( 'NONE', *, *, #2068, .T. ) ;
#1708 = TOROIDAL_SURFACE ( 'NONE', #349, 8.000000000000000000, 3.000000000000000000 ) ;
#1709 = CARTESIAN_POINT ( 'NONE',  ( 0.000000000000000000, -1.591855728988893469E-13, -36.40000000000016911 ) ) ;
#1710 = VERTEX_POINT ( 'NONE', #89 ) ;
#1711 = FACE_OUTER_BOUND ( 'NONE', #2462, .T. ) ;
#1712 = ORIENTED_EDGE ( 'NONE', *, *, #1630, .F. ) ;
#1713 = DIRECTION ( 'NONE',  ( 0.000000000000000000, 5.782411586589357639E-16, 1.000000000000000000 ) ) ;
#1714 = VERTEX_POINT ( 'NONE', #1990 ) ;
#1715 = DIRECTION ( 'NONE',  ( -0.000000000000000000, -0.000000000000000000, -1.000000000000000000 ) ) ;
#1716 = FACE_BOUND ( 'NONE', #549, .T. ) ;
#1717 = ADVANCED_FACE ( 'NONE', ( #1626 ), #268, .F. ) ;
#1718 = EDGE_CURVE ( 'NONE', #397, #2361, #175, .T. ) ;
#1719 = ORIENTED_EDGE ( 'NONE', *, *, #995, .T. ) ;
#1720 = VECTOR ( 'NONE', #622, 1000.000000000000000 ) ;
#1721 = CARTESIAN_POINT ( 'NONE',  ( 0.000000000000000000, -15.00000000000017941, -15.00000000000017053 ) ) ;
#1722 = ORIENTED_EDGE ( 'NONE', *, *, #514, .F. ) ;
#1723 = CARTESIAN_POINT ( 'NONE',  ( 3.000000000000000000, -15.00000000000017941, -12.75000000000017053 ) ) ;
#1724 = VERTEX_POINT ( 'NONE', #1434 ) ;
#1725 = DIRECTION ( 'NONE',  ( 0.000000000000000000, 1.432200615920705022E-16, 1.000000000000000000 ) ) ;
#1726 = DIRECTION ( 'NONE',  ( -1.000000000000000000, -0.000000000000000000, -0.000000000000000000 ) ) ;
#1727 = ORIENTED_EDGE ( 'NONE', *, *, #1703, .T. ) ;
#1728 = DIRECTION ( 'NONE',  ( 0.000000000000000000, 0.000000000000000000, -1.000000000000000000 ) ) ;
#1729 = CARTESIAN_POINT ( 'NONE',  ( 0.000000000000000000, -15.00000000000016165, 12.74999999999982769 ) ) ;
#1730 = EDGE_CURVE ( 'NONE', #2460, #1650, #2200, .T. ) ;
#1731 = DIRECTION ( 'NONE',  ( 0.000000000000000000, 0.000000000000000000, -1.000000000000000000 ) ) ;
#1732 = ORIENTED_EDGE ( 'NONE', *, *, #514, .T. ) ;
#1733 = LINE ( 'NONE', #1180, #1619 ) ;
#1734 = CIRCLE ( 'NONE', #650, 2.000000000000001776 ) ;
#1735 = EDGE_CURVE ( 'NONE', #1547, #1510, #898, .T. ) ;
#1736 = CIRCLE ( 'NONE', #1977, 5.000000000000000888 ) ;
#1737 = VERTEX_POINT ( 'NONE', #321 ) ;
#1738 = FACE_OUTER_BOUND ( 'NONE', #413, .T. ) ;
#1739 = AXIS2_PLACEMENT_3D ( 'NONE', #1209, #1004, #817 ) ;
#1740 = CARTESIAN_POINT ( 'NONE',  ( 6.000000000000000000, -1.591855728988893469E-13, -36.40000000000016911 ) ) ;
#1741 = VERTEX_POINT ( 'NONE', #708 ) ;
#1742 = FACE_BOUND ( 'NONE', #791, .T. ) ;
#1743 = FACE_OUTER_BOUND ( 'NONE', #778, .T. ) ;
#1744 = CIRCLE ( 'NONE', #143, 2.000000000000000000 ) ;
#1745 = FACE_OUTER_BOUND ( 'NONE', #747, .T. ) ;
#1746 = ORIENTED_EDGE ( 'NONE', *, *, #262, .T. ) ;
#1747 = DIRECTION ( 'NONE',  ( 1.000000000000000000, 0.000000000000000000, 0.000000000000000000 ) ) ;
#1748 = ORIENTED_EDGE ( 'NONE', *, *, #1630, .T. ) ;
#1749 = FACE_OUTER_BOUND ( 'NONE', #1076, .T. ) ;
#1750 = ADVANCED_FACE ( 'NONE', ( #153 ), #310, .F. ) ;
#1751 = CARTESIAN_POINT ( 'NONE',  ( 3.067409016401689836, 5.862340143723257846, 20.59036039963436693 ) ) ;
#1752 = EDGE_LOOP ( 'NONE', ( #1529, #18, #2325, #395, #151, #1856, #896 ) ) ;
#1753 = CARTESIAN_POINT ( 'NONE',  ( 3.000000000000000000, 14.99999999999984368, 17.24999999999982947 ) ) ;
#1754 = CARTESIAN_POINT ( 'NONE',  ( 9.000000000000001776, -1.427654291082565965E-13, 31.30614694161256395 ) ) ;
#1755 = DIRECTION ( 'NONE',  ( -1.000000000000000000, -0.000000000000000000, -0.000000000000000000 ) ) ;
#1756 = ORIENTED_EDGE ( 'NONE', *, *, #1241, .T. ) ;
#1757 = DIRECTION ( 'NONE',  ( 0.000000000000000000, 0.000000000000000000, 1.000000000000000000 ) ) ;
#1758 = AXIS2_PLACEMENT_3D ( 'NONE', #1050, #301, #72 ) ;
#1759 = CIRCLE ( 'NONE', #2158, 2.000000000000000000 ) ;
#1760 = CYLINDRICAL_SURFACE ( 'NONE', #2464, 2.000000000000001776 ) ;
#1761 = VERTEX_POINT ( 'NONE', #499 ) ;
#1762 = CYLINDRICAL_SURFACE ( 'NONE', #500, 2.250000000000000444 ) ;
#1763 = EDGE_CURVE ( 'NONE', #422, #2323, #1199, .T. ) ;
#1764 = CARTESIAN_POINT ( 'NONE',  ( 3.000000000000000000, -15.00000000000017941, -17.25000000000017053 ) ) ;
#1765 = ORIENTED_EDGE ( 'NONE', *, *, #43, .F. ) ;
#1766 = CARTESIAN_POINT ( 'NONE',  ( 0.000000000000000000, -1.588794111991025217E-13, -33.90000000000015490 ) ) ;
#1767 = CARTESIAN_POINT ( 'NONE',  ( 0.000000000000000000, -15.00000000000016165, 19.74999999999982947 ) ) ;
#1768 = DIRECTION ( 'NONE',  ( 0.000000000000000000, 0.000000000000000000, -1.000000000000000000 ) ) ;
#1769 = EDGE_LOOP ( 'NONE', ( #1640, #1297, #530, #1173 ) ) ;
#1770 = DIRECTION ( 'NONE',  ( -0.000000000000000000, -0.000000000000000000, 1.000000000000000000 ) ) ;
#1771 = LINE ( 'NONE', #1407, #737 ) ;
#1772 = ORIENTED_EDGE ( 'NONE', *, *, #1163, .F. ) ;
#1773 = LINE ( 'NONE', #818, #2088 ) ;
#1774 = CIRCLE ( 'NONE', #373, 2.250000000000007105 ) ;
#1775 = AXIS2_PLACEMENT_3D ( 'NONE', #2145, #2388, #1757 ) ;
#1776 = CARTESIAN_POINT ( 'NONE',  ( 3.000000000000000000, -15.00000000000017941, -19.75000000000017053 ) ) ;
#1777 = EDGE_CURVE ( 'NONE', #501, #1710, #2014, .T. ) ;
#1778 = VECTOR ( 'NONE', #1284, 1000.000000000000000 ) ;
#1779 = VERTEX_POINT ( 'NONE', #2417 ) ;
#1780 = DIRECTION ( 'NONE',  ( 1.000000000000000000, 0.000000000000000000, 0.000000000000000000 ) ) ;
#1781 = CARTESIAN_POINT ( 'NONE',  ( 5.639179456201101281, 4.999999999999851674, -35.93418513860849117 ) ) ;
#1782 = EDGE_CURVE ( 'NONE', #81, #1761, #1655, .T. ) ;
#1783 = DIRECTION ( 'NONE',  ( 0.000000000000000000, 0.000000000000000000, 1.000000000000000000 ) ) ;
#1784 = ORIENTED_EDGE ( 'NONE', *, *, #1105, .T. ) ;
#1785 = CARTESIAN_POINT ( 'NONE',  ( 3.002926430263853419, -19.75000000000017764, -6.838153544030020292 ) ) ;
#1786 = CIRCLE ( 'NONE', #1339, 5.000000000000000888 ) ;
#1787 = AXIS2_PLACEMENT_3D ( 'NONE', #1222, #1989, #865 ) ;
#1788 = CARTESIAN_POINT ( 'NONE',  ( 0.000000000000000000, 14.99999999999984368, 14.99999999999982947 ) ) ;
#1789 = LINE ( 'NONE', #69, #504 ) ;
#1790 = ORIENTED_EDGE ( 'NONE', *, *, #2395, .F. ) ;
#1791 = DIRECTION ( 'NONE',  ( 1.000000000000000000, 0.000000000000000000, -0.000000000000000000 ) ) ;
#1792 = AXIS2_PLACEMENT_3D ( 'NONE', #2247, #1068, #2221 ) ;
#1793 = DIRECTION ( 'NONE',  ( 0.000000000000000000, 0.000000000000000000, -1.000000000000000000 ) ) ;
#1794 = CARTESIAN_POINT ( 'NONE',  ( 5.282786358687006967, 4.999999999999851674, -35.46497480745691888 ) ) ;
#1795 = EDGE_CURVE ( 'NONE', #2343, #2201, #695, .T. ) ;
#1796 = EDGE_CURVE ( 'NONE', #1391, #2029, #2050, .T. ) ;
#1797 = CARTESIAN_POINT ( 'NONE',  ( 6.000000000000000000, -1.427654291082565965E-13, 17.30614694161253908 ) ) ;
#1798 = ORIENTED_EDGE ( 'NONE', *, *, #2411, .T. ) ;
#1799 = DIRECTION ( 'NONE',  ( -1.000000000000000000, -0.000000000000000000, -0.000000000000000000 ) ) ;
#1800 = EDGE_CURVE ( 'NONE', #2227, #878, #1538, .T. ) ;
#1801 = CARTESIAN_POINT ( 'NONE',  ( 9.000000000000001776, 23.59999999999984510, -2.500000000000167866 ) ) ;
#1802 = DIRECTION ( 'NONE',  ( -1.000000000000000000, -0.000000000000000000, -0.000000000000000000 ) ) ;
#1803 = ORIENTED_EDGE ( 'NONE', *, *, #1289, .F. ) ;
#1804 = DIRECTION ( 'NONE',  ( 1.000000000000000000, 0.000000000000000000, 0.000000000000000000 ) ) ;
#1805 = AXIS2_PLACEMENT_3D ( 'NONE', #258, #2383, #659 ) ;
#1806 = CARTESIAN_POINT ( 'NONE',  ( 18.95445179679157377, -1.591855728988893469E-13, -36.40000000000016911 ) ) ;
#1807 = LINE ( 'NONE', #1536, #1294 ) ;
#1808 = CYLINDRICAL_SURFACE ( 'NONE', #820, 2.249999999999998668 ) ;
#1809 = EDGE_LOOP ( 'NONE', ( #1319, #2259, #2290, #149 ) ) ;
#1810 = LINE ( 'NONE', #816, #1413 ) ;
#1811 = DIRECTION ( 'NONE',  ( 0.000000000000000000, -1.000000000000000000, 2.312964634635741478E-16 ) ) ;
#1812 = CARTESIAN_POINT ( 'NONE',  ( 3.000000000000000000, -11.00000000000017764, -13.00000000000017053 ) ) ;
#1813 = EDGE_LOOP ( 'NONE', ( #1091, #1464 ) ) ;
#1814 = DIRECTION ( 'NONE',  ( 0.000000000000000000, -1.000000000000000000, -0.000000000000000000 ) ) ;
#1815 = ADVANCED_FACE ( 'NONE', ( #2226 ), #908, .F. ) ;
#1816 = CARTESIAN_POINT ( 'NONE',  ( -9.899494936611706208, 23.59999999999984510, -1.658673198789983619E-13 ) ) ;
#1817 = AXIS2_PLACEMENT_3D ( 'NONE', #897, #1852, #1669 ) ;
#1818 = AXIS2_PLACEMENT_3D ( 'NONE', #396, #951, #1520 ) ;
#1819 = CARTESIAN_POINT ( 'NONE',  ( 5.322062651663260979, -21.81658303494537066, 4.737239908584439441 ) ) ;
#1820 = FACE_OUTER_BOUND ( 'NONE', #249, .T. ) ;
#1821 = STYLED_ITEM ( 'NONE', ( #116 ), #1541 ) ;
#1822 = CARTESIAN_POINT ( 'NONE',  ( 0.000000000000000000, -1.427654291082565965E-13, 31.30614694161256395 ) ) ;
#1823 = ORIENTED_EDGE ( 'NONE', *, *, #1873, .F. ) ;
#1824 = CARTESIAN_POINT ( 'NONE',  ( 9.000000000000001776, 23.59999999999984510, -1.658673198789983619E-13 ) ) ;
#1825 = CARTESIAN_POINT ( 'NONE',  ( 0.000000000000000000, 19.74999999999984368, 14.99999999999982947 ) ) ;
#1826 = CARTESIAN_POINT ( 'NONE',  ( 18.95445179679157377, 21.74999999999984723, -4.751111019676853786 ) ) ;
#1827 = VERTEX_POINT ( 'NONE', #1260 ) ;
#1828 = CARTESIAN_POINT ( 'NONE',  ( 5.278250711237491899, -5.000000000000169642, -35.46830623391030457 ) ) ;
#1829 = CIRCLE ( 'NONE', #104, 2.000000000000001776 ) ;
#1830 = EDGE_CURVE ( 'NONE', #621, #1724, #532, .T. ) ;
#1831 = VERTEX_POINT ( 'NONE', #1246 ) ;
#1832 = AXIS2_PLACEMENT_3D ( 'NONE', #1460, #1972, #1259 ) ;
#1833 = CARTESIAN_POINT ( 'NONE',  ( 0.000000000000000000, 10.99999999999984368, -13.00000000000017053 ) ) ;
#1834 = CARTESIAN_POINT ( 'NONE',  ( 4.360868887071176481, -21.07292843048451303, 4.864602849230418080 ) ) ;
#1835 = PLANE ( 'NONE',  #507 ) ;
#1836 = DIRECTION ( 'NONE',  ( -1.000000000000000000, -0.000000000000000000, -0.000000000000000000 ) ) ;
#1837 = EDGE_LOOP ( 'NONE', ( #2215, #1285, #979, #2083, #891, #1888, #353, #203 ) ) ;
#1838 = CARTESIAN_POINT ( 'NONE',  ( 3.000000000000000000, 12.99999999999984368, 10.99999999999982947 ) ) ;
#1839 = CARTESIAN_POINT ( 'NONE',  ( 3.000000000000000000, -6.327075676575449670, 20.13004675020566125 ) ) ;
#1840 = ORIENTED_EDGE ( 'NONE', *, *, #2128, .T. ) ;
#1841 = CARTESIAN_POINT ( 'NONE',  ( 3.000000000000000000, -15.00000000000017941, -19.75000000000017053 ) ) ;
#1842 = ORIENTED_EDGE ( 'NONE', *, *, #1425, .F. ) ;
#1843 = CARTESIAN_POINT ( 'NONE',  ( 4.838103214542604391, -5.500000000000155431, 24.19135460309617258 ) ) ;
#1844 = CIRCLE ( 'NONE', #2403, 2.250000000000001776 ) ;
#1845 = EDGE_CURVE ( 'NONE', #1737, #1508, #1295, .T. ) ;
#1846 = EDGE_LOOP ( 'NONE', ( #1307, #270 ) ) ;
#1847 = CARTESIAN_POINT ( 'NONE',  ( 3.019845132998574488, 19.74999999999984368, -6.582913960543453236 ) ) ;
#1848 = EDGE_LOOP ( 'NONE', ( #2314, #1140, #2169, #168 ) ) ;
#1849 = DIRECTION ( 'NONE',  ( 1.000000000000000000, 0.000000000000000000, 0.000000000000000000 ) ) ;
#1850 = DIRECTION ( 'NONE',  ( 0.000000000000000000, 0.000000000000000000, -1.000000000000000000 ) ) ;
#1851 = ORIENTED_EDGE ( 'NONE', *, *, #707, .F. ) ;
#1852 = DIRECTION ( 'NONE',  ( 1.000000000000000000, 0.000000000000000000, 0.000000000000000000 ) ) ;
#1853 = ORIENTED_EDGE ( 'NONE', *, *, #291, .T. ) ;
#1854 = VECTOR ( 'NONE', #100, 1000.000000000000000 ) ;
#1855 = AXIS2_PLACEMENT_3D ( 'NONE', #26, #421, #1698 ) ;
#1856 = ORIENTED_EDGE ( 'NONE', *, *, #751, .F. ) ;
#1857 = CYLINDRICAL_SURFACE ( 'NONE', #2233, 4.750000000000000888 ) ;
#1858 = EDGE_CURVE ( 'NONE', #2468, #2234, #378, .T. ) ;
#1859 = ORIENTED_EDGE ( 'NONE', *, *, #541, .T. ) ;
#1860 = CARTESIAN_POINT ( 'NONE',  ( 0.000000000000000000, -19.75000000000016342, 14.99999999999982947 ) ) ;
#1861 = AXIS2_PLACEMENT_3D ( 'NONE', #1824, #2463, #742 ) ;
#1862 = CARTESIAN_POINT ( 'NONE',  ( 18.95445179679157377, -22.27857142857159900, -4.822222156912099322 ) ) ;
#1863 = ORIENTED_EDGE ( 'NONE', *, *, #1410, .T. ) ;
#1864 = CARTESIAN_POINT ( 'NONE',  ( -19.42221666030940952, 6.999999999999852562, -21.75000000000017764 ) ) ;
#1865 = ORIENTED_EDGE ( 'NONE', *, *, #62, .F. ) ;
#1866 = VECTOR ( 'NONE', #1189, 1000.000000000000000 ) ;
#1867 = SHAPE_DEFINITION_REPRESENTATION ( #1147, #2279 ) ;
#1868 = ORIENTED_EDGE ( 'NONE', *, *, #541, .F. ) ;
#1869 = CARTESIAN_POINT ( 'NONE',  ( 6.000000000000000000, -1.427654291082565965E-13, 25.80614694161255329 ) ) ;
#1870 = ORIENTED_EDGE ( 'NONE', *, *, #948, .F. ) ;
#1871 = CARTESIAN_POINT ( 'NONE',  ( 3.000000000000000000, -15.00000000000016165, 12.74999999999982769 ) ) ;
#1872 = EDGE_CURVE ( 'NONE', #1220, #2076, #1057, .T. ) ;
#1873 = EDGE_CURVE ( 'NONE', #789, #912, #2097, .T. ) ;
#1874 = CARTESIAN_POINT ( 'NONE',  ( 3.000000000000000000, -1.427654291082565965E-13, 25.80614694161255329 ) ) ;
#1875 = ORIENTED_EDGE ( 'NONE', *, *, #613, .T. ) ;
#1876 = CARTESIAN_POINT ( 'NONE',  ( -9.899494936611706208, -1.427654291082565965E-13, 25.80614694161255329 ) ) ;
#1877 = ADVANCED_FACE ( 'NONE', ( #866 ), #681, .F. ) ;
#1878 = ORIENTED_EDGE ( 'NONE', *, *, #1666, .F. ) ;
#1879 = CARTESIAN_POINT ( 'NONE',  ( 3.000000000000000000, 14.99999999999984368, 14.99999999999982947 ) ) ;
#1880 = AXIS2_PLACEMENT_3D ( 'NONE', #1646, #1438, #635 ) ;
#1881 = CIRCLE ( 'NONE', #1805, 8.000000000000000000 ) ;
#1882 = PLANE ( 'NONE',  #1704 ) ;
#1883 = ORIENTED_EDGE ( 'NONE', *, *, #1010, .F. ) ;
#1884 = DIRECTION ( 'NONE',  ( 0.000000000000000000, -1.000000000000000000, 2.312964634635741478E-16 ) ) ;
#1885 = ORIENTED_EDGE ( 'NONE', *, *, #707, .T. ) ;
#1886 = CARTESIAN_POINT ( 'NONE',  ( 0.000000000000000000, -5.000000000000170530, -36.40000000000016911 ) ) ;
#1887 = ADVANCED_FACE ( 'NONE', ( #1745 ), #2465, .F. ) ;
#1888 = ORIENTED_EDGE ( 'NONE', *, *, #2256, .T. ) ;
#1889 = CYLINDRICAL_SURFACE ( 'NONE', #1093, 2.250000000000007105 ) ;
#1890 = EDGE_CURVE ( 'NONE', #1048, #512, #272, .T. ) ;
#1891 = ORIENTED_EDGE ( 'NONE', *, *, #2435, .T. ) ;
#1892 = CARTESIAN_POINT ( 'NONE',  ( 3.000000000000000000, 19.74999999999984368, -6.751111019676854674 ) ) ;
#1893 = VERTEX_POINT ( 'NONE', #788 ) ;
#1894 = CIRCLE ( 'NONE', #170, 5.000000000000000888 ) ;
#1895 = DIRECTION ( 'NONE',  ( -1.000000000000000000, 0.000000000000000000, 0.000000000000000000 ) ) ;
#1896 = AXIS2_PLACEMENT_3D ( 'NONE', #1357, #1558, #2121 ) ;
#1897 = ORIENTED_EDGE ( 'NONE', *, *, #2347, .F. ) ;
#1898 = DIRECTION ( 'NONE',  ( -1.000000000000000000, -0.000000000000000000, -0.000000000000000000 ) ) ;
#1899 = AXIS2_PLACEMENT_3D ( 'NONE', #2039, #2238, #1686 ) ;
#1900 = ORIENTED_EDGE ( 'NONE', *, *, #2045, .F. ) ;
#1901 = DIRECTION ( 'NONE',  ( 0.000000000000000000, 1.000000000000000000, -5.782411586589357639E-16 ) ) ;
#1902 = EDGE_CURVE ( 'NONE', #1288, #593, #1695, .T. ) ;
#1903 = ADVANCED_FACE ( 'NONE', ( #356 ), #394, .F. ) ;
#1904 = AXIS2_PLACEMENT_3D ( 'NONE', #1511, #1240, #287 ) ;
#1905 = ORIENTED_EDGE ( 'NONE', *, *, #1351, .F. ) ;
#1906 = CARTESIAN_POINT ( 'NONE',  ( 3.000000000000000000, -19.75000000000016342, 14.99999999999982947 ) ) ;
#1907 = FACE_OUTER_BOUND ( 'NONE', #1627, .T. ) ;
#1908 = VECTOR ( 'NONE', #2143, 1000.000000000000000 ) ;
#1909 = VECTOR ( 'NONE', #1390, 1000.000000000000000 ) ;
#1910 = DIRECTION ( 'NONE',  ( 0.000000000000000000, 0.000000000000000000, -1.000000000000000000 ) ) ;
#1911 = EDGE_LOOP ( 'NONE', ( #2086, #930, #1928, #2354 ) ) ;
#1912 = DIRECTION ( 'NONE',  ( 1.000000000000000000, 0.000000000000000000, 0.000000000000000000 ) ) ;
#1913 = ORIENTED_EDGE ( 'NONE', *, *, #108, .T. ) ;
#1914 = LINE ( 'NONE', #2135, #1128 ) ;
#1915 = FACE_OUTER_BOUND ( 'NONE', #434, .T. ) ;
#1916 = ADVANCED_FACE ( 'NONE', ( #2262 ), #1355, .F. ) ;
#1917 = ORIENTED_EDGE ( 'NONE', *, *, #1196, .F. ) ;
#1918 = CARTESIAN_POINT ( 'NONE',  ( -9.899494936611706208, -1.591855728988893469E-13, -38.90000000000018332 ) ) ;
#1919 = DIRECTION ( 'NONE',  ( 0.000000000000000000, 0.000000000000000000, 1.000000000000000000 ) ) ;
#1920 = EDGE_CURVE ( 'NONE', #878, #2227, #1982, .T. ) ;
#1921 = AXIS2_PLACEMENT_3D ( 'NONE', #2319, #1203, #1967 ) ;
#1922 = DIRECTION ( 'NONE',  ( -0.000000000000000000, 2.312964634635741478E-16, 1.000000000000000000 ) ) ;
#1923 = ORIENTED_EDGE ( 'NONE', *, *, #1347, .T. ) ;
#1924 = DIRECTION ( 'NONE',  ( -1.000000000000000000, 0.000000000000000000, 0.000000000000000000 ) ) ;
#1925 = VERTEX_POINT ( 'NONE', #2286 ) ;
#1926 = CARTESIAN_POINT ( 'NONE',  ( 3.000000000000000000, -19.75000000000016342, 14.99999999999982947 ) ) ;
#1927 = CARTESIAN_POINT ( 'NONE',  ( 3.000000000000000444, 6.192538956780663462, 20.22745782738384435 ) ) ;
#1928 = ORIENTED_EDGE ( 'NONE', *, *, #1197, .F. ) ;
#1929 = LINE ( 'NONE', #1918, #1720 ) ;
#1930 = EDGE_CURVE ( 'NONE', #430, #2399, #1016, .T. ) ;
#1931 = CARTESIAN_POINT ( 'NONE',  ( 0.000000000000000000, 14.99999999999983658, -15.00000000000017053 ) ) ;
#1932 = ORIENTED_EDGE ( 'NONE', *, *, #1512, .T. ) ;
#1933 = CARTESIAN_POINT ( 'NONE',  ( 3.292764985183522786, -20.05361026641848810, -5.680615352177583510 ) ) ;
#1934 = VECTOR ( 'NONE', #2362, 1000.000000000000000 ) ;
#1935 = ORIENTED_EDGE ( 'NONE', *, *, #1648, .T. ) ;
#1936 = CARTESIAN_POINT ( 'NONE',  ( 0.000000000000000000, 19.74999999999984368, 14.99999999999982947 ) ) ;
#1937 =( GEOMETRIC_REPRESENTATION_CONTEXT ( 3 ) GLOBAL_UNCERTAINTY_ASSIGNED_CONTEXT ( ( #973 ) ) GLOBAL_UNIT_ASSIGNED_CONTEXT ( ( #103, #320, #2272 ) ) REPRESENTATION_CONTEXT ( 'NONE', 'WORKASPACE' ) );
#1938 = DIRECTION ( 'NONE',  ( 0.000000000000000000, 0.000000000000000000, -1.000000000000000000 ) ) ;
#1939 = EDGE_LOOP ( 'NONE', ( #796, #1712, #919, #2481 ) ) ;
#1940 = CYLINDRICAL_SURFACE ( 'NONE', #719, 3.000000000000012879 ) ;
#1941 = LINE ( 'NONE', #1414, #179 ) ;
#1942 = AXIS2_PLACEMENT_3D ( 'NONE', #1027, #1606, #649 ) ;
#1943 = CARTESIAN_POINT ( 'NONE',  ( 4.706446429561387035, 21.35513726408272106, -4.778568781975518931 ) ) ;
#1944 = ORIENTED_EDGE ( 'NONE', *, *, #1730, .T. ) ;
#1945 = DIRECTION ( 'NONE',  ( 0.000000000000000000, 0.000000000000000000, -1.000000000000000000 ) ) ;
#1946 = EDGE_CURVE ( 'NONE', #739, #2414, #1516, .T. ) ;
#1947 = AXIS2_PLACEMENT_3D ( 'NONE', #1797, #1986, #1001 ) ;
#1948 = CYLINDRICAL_SURFACE ( 'NONE', #1333, 2.000000000000000000 ) ;
#1949 = ORIENTED_EDGE ( 'NONE', *, *, #2447, .T. ) ;
#1950 = CARTESIAN_POINT ( 'NONE',  ( 3.000000000000000000, -15.00000000000016165, 14.99999999999982947 ) ) ;
#1951 = DIRECTION ( 'NONE',  ( 1.000000000000000000, 0.000000000000000000, 0.000000000000000000 ) ) ;
#1952 = VERTEX_POINT ( 'NONE', #766 ) ;
#1953 = CARTESIAN_POINT ( 'NONE',  ( -9.899494936611706208, -1.427654291082565965E-13, 25.80614694161255329 ) ) ;
#1954 = CARTESIAN_POINT ( 'NONE',  ( 3.475333562329737447, 4.999999999999851674, -32.45153458252283230 ) ) ;
#1955 = DIRECTION ( 'NONE',  ( 0.000000000000000000, 0.000000000000000000, -1.000000000000000000 ) ) ;
#1956 = ORIENTED_EDGE ( 'NONE', *, *, #944, .T. ) ;
#1957 = CARTESIAN_POINT ( 'NONE',  ( 6.000000000000001776, -1.427654291082565965E-13, 25.80614694161255329 ) ) ;
#1958 = AXIS2_PLACEMENT_3D ( 'NONE', #1171, #7, #1938 ) ;
#1959 = AXIS2_PLACEMENT_3D ( 'NONE', #2384, #302, #260 ) ;
#1960 = PRODUCT_DEFINITION ( 'UNKNOWN', '', #672, #1177 ) ;
#1961 = FACE_OUTER_BOUND ( 'NONE', #140, .T. ) ;
#1962 = ORIENTED_EDGE ( 'NONE', *, *, #1213, .F. ) ;
#1963 = CYLINDRICAL_SURFACE ( 'NONE', #1694, 5.000000000000000888 ) ;
#1964 = EDGE_CURVE ( 'NONE', #803, #1970, #1039, .T. ) ;
#1965 = DIRECTION ( 'NONE',  ( -1.000000000000000000, 0.000000000000000000, 0.000000000000000000 ) ) ;
#1966 = VERTEX_POINT ( 'NONE', #1528 ) ;
#1967 = DIRECTION ( 'NONE',  ( 0.000000000000000000, 0.000000000000000000, -1.000000000000000000 ) ) ;
#1968 = CARTESIAN_POINT ( 'NONE',  ( -3.000000000000000000, 10.99999999999984190, 10.99999999999982947 ) ) ;
#1969 = PLANE ( 'NONE',  #942 ) ;
#1970 = VERTEX_POINT ( 'NONE', #365 ) ;
#1971 = LINE ( 'NONE', #250, #2176 ) ;
#1972 = DIRECTION ( 'NONE',  ( 1.000000000000000000, 0.000000000000000000, 0.000000000000000000 ) ) ;
#1973 = DIRECTION ( 'NONE',  ( 0.000000000000000000, -0.000000000000000000, 1.000000000000000000 ) ) ;
#1974 = CIRCLE ( 'NONE', #1452, 2.250000000000001776 ) ;
#1975 = ORIENTED_EDGE ( 'NONE', *, *, #1777, .F. ) ;
#1976 = DIRECTION ( 'NONE',  ( 1.000000000000000000, 0.000000000000000000, 0.000000000000000000 ) ) ;
#1977 = AXIS2_PLACEMENT_3D ( 'NONE', #50, #1585, #443 ) ;
#1978 = AXIS2_PLACEMENT_3D ( 'NONE', #1611, #2391, #668 ) ;
#1979 = DIRECTION ( 'NONE',  ( 1.000000000000000000, 0.000000000000000000, 0.000000000000000000 ) ) ;
#1980 = ADVANCED_FACE ( 'NONE', ( #579 ), #2477, .F. ) ;
#1981 = EDGE_CURVE ( 'NONE', #2339, #2029, #952, .T. ) ;
#1982 = CIRCLE ( 'NONE', #1219, 2.499999999999998668 ) ;
#1983 = CARTESIAN_POINT ( 'NONE',  ( 4.207107545926016989, -20.94267446642714958, 4.915528329676335240 ) ) ;
#1984 = CARTESIAN_POINT ( 'NONE',  ( 6.000000000000000000, -1.427654291082565965E-13, 25.80614694161255329 ) ) ;
#1985 = ADVANCED_FACE ( 'NONE', ( #2119 ), #12, .F. ) ;
#1986 = DIRECTION ( 'NONE',  ( 0.000000000000000000, -1.000000000000000000, 0.000000000000000000 ) ) ;
#1987 = EDGE_LOOP ( 'NONE', ( #180, #1502, #934, #278 ) ) ;
#1988 = DIRECTION ( 'NONE',  ( 0.000000000000000000, 0.000000000000000000, -1.000000000000000000 ) ) ;
#1989 = DIRECTION ( 'NONE',  ( 1.000000000000000000, 0.000000000000000000, 0.000000000000000000 ) ) ;
#1990 = CARTESIAN_POINT ( 'NONE',  ( 0.000000000000000000, 19.74999999999984368, -6.751111019676854674 ) ) ;
#1991 = EDGE_LOOP ( 'NONE', ( #2160, #2111, #1063, #761 ) ) ;
#1992 = CARTESIAN_POINT ( 'NONE',  ( 3.000000000000000000, 4.999999999999852562, -21.75000000000018119 ) ) ;
#1993 = DIRECTION ( 'NONE',  ( -1.000000000000000000, -0.000000000000000000, -0.000000000000000000 ) ) ;
#1994 = CARTESIAN_POINT ( 'NONE',  ( 3.000000000000000000, -7.500000000000155431, 19.74999999999982947 ) ) ;
#1995 = LINE ( 'NONE', #2469, #182 ) ;
#1996 = DIRECTION ( 'NONE',  ( 1.000000000000000000, 0.000000000000000000, 0.000000000000000000 ) ) ;
#1997 = EDGE_CURVE ( 'NONE', #194, #2361, #744, .T. ) ;
#1998 = EDGE_LOOP ( 'NONE', ( #652, #904, #228, #1905 ) ) ;
#1999 = DIRECTION ( 'NONE',  ( -1.000000000000000000, -0.000000000000000000, 0.000000000000000000 ) ) ;
#2000 = CARTESIAN_POINT ( 'NONE',  ( 3.000000000000000000, -15.00000000000016165, 14.99999999999982947 ) ) ;
#2001 = DIRECTION ( 'NONE',  ( -1.000000000000000000, 0.000000000000000000, 0.000000000000000000 ) ) ;
#2002 = ORIENTED_EDGE ( 'NONE', *, *, #2128, .F. ) ;
#2003 = CARTESIAN_POINT ( 'NONE',  ( 3.000000000000000000, 14.99999999999983658, -12.75000000000016342 ) ) ;
#2004 = VECTOR ( 'NONE', #1238, 1000.000000000000000 ) ;
#2005 = CARTESIAN_POINT ( 'NONE',  ( 0.000000000000000000, 19.74999999999984368, -15.00000000000017053 ) ) ;
#2006 = CARTESIAN_POINT ( 'NONE',  ( 9.000000000000001776, -23.60000000000015064, -5.000000000000174083 ) ) ;
#2007 = CARTESIAN_POINT ( 'NONE',  ( 0.000000000000000000, -15.00000000000017941, -19.75000000000017053 ) ) ;
#2008 = B_SPLINE_CURVE_WITH_KNOTS ( 'NONE', 3,
 ( #505, #123, #886, #1843, #1465, #1278, #1659, #2232 ),
 .UNSPECIFIED., .F., .F.,
 ( 4, 2, 2, 4 ),
 ( 0.000000000000000000, 0.002381017674902861491, 0.003571526512354287683, 0.004762035349805714309 ),
 .UNSPECIFIED. ) ;
#2009 = DIRECTION ( 'NONE',  ( 0.000000000000000000, 0.000000000000000000, -1.000000000000000000 ) ) ;
#2010 = ORIENTED_EDGE ( 'NONE', *, *, #386, .T. ) ;
#2011 = CYLINDRICAL_SURFACE ( 'NONE', #171, 2.250000000000001776 ) ;
#2012 = EDGE_CURVE ( 'NONE', #1508, #2138, #2280, .T. ) ;
#2013 = LINE ( 'NONE', #694, #1504 ) ;
#2014 = LINE ( 'NONE', #1461, #1134 ) ;
#2015 = VERTEX_POINT ( 'NONE', #982 ) ;
#2016 = CARTESIAN_POINT ( 'NONE',  ( 3.104821195670127043, -5.000000000000170530, -31.32765642383614235 ) ) ;
#2017 = ORIENTED_EDGE ( 'NONE', *, *, #1377, .T. ) ;
#2018 = FACE_OUTER_BOUND ( 'NONE', #850, .T. ) ;
#2019 = VECTOR ( 'NONE', #1791, 1000.000000000000000 ) ;
#2020 = CIRCLE ( 'NONE', #1896, 2.499999999999998668 ) ;
#2021 = CARTESIAN_POINT ( 'NONE',  ( 3.532595670964285173, -20.31111779992011535, 5.352336128361033118 ) ) ;
#2022 = CARTESIAN_POINT ( 'NONE',  ( 5.237252627712943642, 21.74999999998565059, -4.751111019676853786 ) ) ;
#2023 = VECTOR ( 'NONE', #474, 1000.000000000000000 ) ;
#2024 = LINE ( 'NONE', #2195, #2186 ) ;
#2025 = ORIENTED_EDGE ( 'NONE', *, *, #1930, .F. ) ;
#2026 = CARTESIAN_POINT ( 'NONE',  ( 0.000000000000000000, 6.999999999999853451, -19.75000000000017408 ) ) ;
#2027 = DIRECTION ( 'NONE',  ( -1.000000000000000000, 0.000000000000000000, 0.000000000000000000 ) ) ;
#2028 = CARTESIAN_POINT ( 'NONE',  ( 3.000000000000000000, -15.00000000000016165, 14.99999999999982947 ) ) ;
#2029 = VERTEX_POINT ( 'NONE', #2342 ) ;
#2030 = CARTESIAN_POINT ( 'NONE',  ( 0.000000000000000000, -15.00000000000016165, 14.99999999999982947 ) ) ;
#2031 = EDGE_CURVE ( 'NONE', #1510, #1547, #1479, .T. ) ;
#2032 = EDGE_LOOP ( 'NONE', ( #165, #630, #2103, #1282 ) ) ;
#2033 = EDGE_CURVE ( 'NONE', #1542, #1737, #220, .T. ) ;
#2034 = DIRECTION ( 'NONE',  ( 0.000000000000000000, 0.000000000000000000, -1.000000000000000000 ) ) ;
#2035 = AXIS2_PLACEMENT_3D ( 'NONE', #1625, #292, #1019 ) ;
#2036 = FACE_OUTER_BOUND ( 'NONE', #1096, .T. ) ;
#2037 = VERTEX_POINT ( 'NONE', #1540 ) ;
#2038 = DIRECTION ( 'NONE',  ( -1.000000000000000000, 0.000000000000000000, 0.000000000000000000 ) ) ;
#2039 = CARTESIAN_POINT ( 'NONE',  ( 3.000000000000000000, 19.74999999999984368, 14.99999999999982947 ) ) ;
#2040 = ORIENTED_EDGE ( 'NONE', *, *, #990, .T. ) ;
#2041 = CARTESIAN_POINT ( 'NONE',  ( 0.000000000000000000, 7.499999999999871214, 19.74999999999982947 ) ) ;
#2042 = ORIENTED_EDGE ( 'NONE', *, *, #444, .T. ) ;
#2043 = DIRECTION ( 'NONE',  ( 0.000000000000000000, 0.000000000000000000, -1.000000000000000000 ) ) ;
#2044 = CIRCLE ( 'NONE', #953, 8.000000000000007105 ) ;
#2045 = EDGE_CURVE ( 'NONE', #512, #2468, #489, .T. ) ;
#2046 = ORIENTED_EDGE ( 'NONE', *, *, #1410, .F. ) ;
#2047 = CARTESIAN_POINT ( 'NONE',  ( 3.114876023532997529, 19.85093361873789775, -6.102870790276312185 ) ) ;
#2048 = ORIENTED_EDGE ( 'NONE', *, *, #1981, .T. ) ;
#2049 = LINE ( 'NONE', #916, #213 ) ;
#2050 = LINE ( 'NONE', #1862, #1459 ) ;
#2051 = VERTEX_POINT ( 'NONE', #1186 ) ;
#2052 = CARTESIAN_POINT ( 'NONE',  ( 0.000000000000000000, 23.59999999999984510, -2.500000000000167866 ) ) ;
#2053 = ORIENTED_EDGE ( 'NONE', *, *, #327, .F. ) ;
#2054 = VECTOR ( 'NONE', #698, 1000.000000000000000 ) ;
#2055 = ADVANCED_FACE ( 'NONE', ( #1915 ), #399, .F. ) ;
#2056 = EDGE_CURVE ( 'NONE', #1383, #764, #1346, .T. ) ;
#2057 = PLANE ( 'NONE',  #2430 ) ;
#2058 = VERTEX_POINT ( 'NONE', #2292 ) ;
#2059 = DIRECTION ( 'NONE',  ( -1.000000000000000000, -0.000000000000000000, -0.000000000000000000 ) ) ;
#2060 = VECTOR ( 'NONE', #2061, 1000.000000000000000 ) ;
#2061 = DIRECTION ( 'NONE',  ( -0.000000000000000000, -1.000000000000000000, -0.000000000000000000 ) ) ;
#2062 = ORIENTED_EDGE ( 'NONE', *, *, #1304, .T. ) ;
#2063 = DIRECTION ( 'NONE',  ( 1.000000000000000000, 0.000000000000000000, 0.000000000000000000 ) ) ;
#2064 = VERTEX_POINT ( 'NONE', #1158 ) ;
#2065 = CARTESIAN_POINT ( 'NONE',  ( 0.000000000000000000, 23.59999999999984510, -5.000000000000166978 ) ) ;
#2066 = CIRCLE ( 'NONE', #2267, 5.000000000000000000 ) ;
#2067 = APPLICATION_CONTEXT ( 'automotive_design' ) ;
#2068 = EDGE_CURVE ( 'NONE', #2421, #1130, #2124, .T. ) ;
#2069 = EDGE_LOOP ( 'NONE', ( #126, #1601, #319, #70 ) ) ;
#2070 = DIRECTION ( 'NONE',  ( 0.000000000000000000, 0.000000000000000000, 1.000000000000000000 ) ) ;
#2071 = ORIENTED_EDGE ( 'NONE', *, *, #2254, .F. ) ;
#2072 = ADVANCED_FACE ( 'NONE', ( #608 ), #1201, .T. ) ;
#2073 = CARTESIAN_POINT ( 'NONE',  ( 5.064157299958692349, 5.499999999999870326, 24.51821382788079973 ) ) ;
#2074 = VERTEX_POINT ( 'NONE', #773 ) ;
#2075 = CARTESIAN_POINT ( 'NONE',  ( 3.000000000000000000, -7.000000000000169642, -19.75000000000017408 ) ) ;
#2076 = VERTEX_POINT ( 'NONE', #1764 ) ;
#2077 = CARTESIAN_POINT ( 'NONE',  ( 18.95445179679157377, 21.74999999999984723, 6.751111019676522496 ) ) ;
#2078 = AXIS2_PLACEMENT_3D ( 'NONE', #870, #1993, #1631 ) ;
#2079 = CIRCLE ( 'NONE', #2241, 2.500000000000002220 ) ;
#2080 = DIRECTION ( 'NONE',  ( 1.000000000000000000, 0.000000000000000000, 0.000000000000000000 ) ) ;
#2081 = ORIENTED_EDGE ( 'NONE', *, *, #736, .T. ) ;
#2082 = DIRECTION ( 'NONE',  ( -1.000000000000000000, -0.000000000000000000, -0.000000000000000000 ) ) ;
#2083 = ORIENTED_EDGE ( 'NONE', *, *, #1796, .T. ) ;
#2084 = LINE ( 'NONE', #367, #1011 ) ;
#2085 = ADVANCED_FACE ( 'NONE', ( #424 ), #42, .T. ) ;
#2086 = ORIENTED_EDGE ( 'NONE', *, *, #1440, .F. ) ;
#2087 = DIRECTION ( 'NONE',  ( 0.000000000000000000, 0.000000000000000000, -1.000000000000000000 ) ) ;
#2088 = VECTOR ( 'NONE', #618, 1000.000000000000000 ) ;
#2089 = ORIENTED_EDGE ( 'NONE', *, *, #1424, .F. ) ;
#2090 = FACE_BOUND ( 'NONE', #3, .T. ) ;
#2091 = ORIENTED_EDGE ( 'NONE', *, *, #2194, .T. ) ;
#2092 = CIRCLE ( 'NONE', #210, 5.000000000000011546 ) ;
#2093 = DIRECTION ( 'NONE',  ( -1.000000000000000000, -0.000000000000000000, -0.000000000000000000 ) ) ;
#2094 = VECTOR ( 'NONE', #905, 1000.000000000000000 ) ;
#2095 = ORIENTED_EDGE ( 'NONE', *, *, #1176, .T. ) ;
#2096 = FACE_OUTER_BOUND ( 'NONE', #1911, .T. ) ;
#2097 = CIRCLE ( 'NONE', #1334, 2.000000000000000000 ) ;
#2098 = EDGE_CURVE ( 'NONE', #774, #2414, #784, .T. ) ;
#2099 = ORIENTED_EDGE ( 'NONE', *, *, #1146, .F. ) ;
#2100 = CARTESIAN_POINT ( 'NONE',  ( 5.487950002098750168, 21.93163447706658786, -4.751111019675448688 ) ) ;
#2101 = CIRCLE ( 'NONE', #702, 5.000000000000000888 ) ;
#2102 = CARTESIAN_POINT ( 'NONE',  ( 3.202068096238921413, 5.638453882052028909, 21.00239165211093351 ) ) ;
#2103 = ORIENTED_EDGE ( 'NONE', *, *, #1351, .T. ) ;
#2104 = DIRECTION ( 'NONE',  ( 1.000000000000000000, 0.000000000000000000, 0.000000000000000000 ) ) ;
#2105 = CARTESIAN_POINT ( 'NONE',  ( 18.95445179679157377, -21.75000000000016698, 6.751111019676516278 ) ) ;
#2106 = CIRCLE ( 'NONE', #263, 2.500000000000015987 ) ;
#2107 = CIRCLE ( 'NONE', #711, 2.250000000000007105 ) ;
#2108 = CARTESIAN_POINT ( 'NONE',  ( 6.000000000000005329, -22.27857142857159900, -4.822222156912099322 ) ) ;
#2109 = ORIENTED_EDGE ( 'NONE', *, *, #2256, .F. ) ;
#2110 = CARTESIAN_POINT ( 'NONE',  ( 4.204745590814689571, -20.93993330871945346, -4.918747024906516607 ) ) ;
#2111 = ORIENTED_EDGE ( 'NONE', *, *, #977, .F. ) ;
#2112 = DIRECTION ( 'NONE',  ( 0.000000000000000000, 0.000000000000000000, 1.000000000000000000 ) ) ;
#2113 = CARTESIAN_POINT ( 'NONE',  ( 4.833134939729561985, 21.45028940201932599, 4.769898958036073999 ) ) ;
#2114 = EDGE_CURVE ( 'NONE', #544, #1925, #994, .T. ) ;
#2115 = VERTEX_POINT ( 'NONE', #1064 ) ;
#2116 = DIRECTION ( 'NONE',  ( 0.000000000000000000, -0.000000000000000000, -1.000000000000000000 ) ) ;
#2117 = CARTESIAN_POINT ( 'NONE',  ( -3.000000000000000000, -11.00000000000017941, 10.99999999999982947 ) ) ;
#2118 = CIRCLE ( 'NONE', #794, 2.000000000000000000 ) ;
#2119 = FACE_OUTER_BOUND ( 'NONE', #1224, .T. ) ;
#2120 = ORIENTED_EDGE ( 'NONE', *, *, #725, .T. ) ;
#2121 = DIRECTION ( 'NONE',  ( 0.000000000000000000, 0.000000000000000000, -1.000000000000000000 ) ) ;
#2122 = ORIENTED_EDGE ( 'NONE', *, *, #2068, .F. ) ;
#2123 = DIRECTION ( 'NONE',  ( -0.000000000000000000, -1.000000000000000000, -0.000000000000000000 ) ) ;
#2124 = LINE ( 'NONE', #1350, #918 ) ;
#2125 = VERTEX_POINT ( 'NONE', #1265 ) ;
#2126 = LINE ( 'NONE', #414, #232 ) ;
#2127 = CARTESIAN_POINT ( 'NONE',  ( 6.000000000000001776, -1.591855728988893469E-13, -36.40000000000016911 ) ) ;
#2128 = EDGE_CURVE ( 'NONE', #241, #383, #477, .T. ) ;
#2129 = DIRECTION ( 'NONE',  ( 0.000000000000000000, 0.000000000000000000, -1.000000000000000000 ) ) ;
#2130 = EDGE_LOOP ( 'NONE', ( #704, #446 ) ) ;
#2131 = CARTESIAN_POINT ( 'NONE',  ( 4.328887609783038215, -21.04551904201554891, -4.876166635229661317 ) ) ;
#2132 = AXIS2_PLACEMENT_3D ( 'NONE', #2030, #884, #335 ) ;
#2133 = CIRCLE ( 'NONE', #1855, 2.250000000000000444 ) ;
#2134 = ORIENTED_EDGE ( 'NONE', *, *, #1162, .F. ) ;
#2135 = CARTESIAN_POINT ( 'NONE',  ( 0.000000000000000000, -15.00000000000016165, 19.74999999999982947 ) ) ;
#2136 = VECTOR ( 'NONE', #227, 1000.000000000000000 ) ;
#2137 = CARTESIAN_POINT ( 'NONE',  ( 2.999999999999999112, 6.327075676575163676, 20.13004675020566125 ) ) ;
#2138 = VERTEX_POINT ( 'NONE', #2005 ) ;
#2139 = CARTESIAN_POINT ( 'NONE',  ( 0.000000000000000000, 5.499999999999870326, 25.80614694161255329 ) ) ;
#2140 = CARTESIAN_POINT ( 'NONE',  ( 3.000000000000000000, 12.99999999999984368, -11.00000000000017053 ) ) ;
#2141 = AXIS2_PLACEMENT_3D ( 'NONE', #2127, #2410, #748 ) ;
#2142 = EDGE_CURVE ( 'NONE', #2058, #1831, #1881, .T. ) ;
#2143 = DIRECTION ( 'NONE',  ( 1.000000000000000000, 0.000000000000000000, 0.000000000000000000 ) ) ;
#2144 = ORIENTED_EDGE ( 'NONE', *, *, #2316, .T. ) ;
#2145 = CARTESIAN_POINT ( 'NONE',  ( 18.95445179679157377, -1.427654291082565965E-13, 25.80614694161255329 ) ) ;
#2146 = VECTOR ( 'NONE', #1783, 1000.000000000000000 ) ;
#2147 = EDGE_CURVE ( 'NONE', #1032, #2115, #2118, .T. ) ;
#2148 = DIRECTION ( 'NONE',  ( 0.000000000000000000, 0.000000000000000000, 1.000000000000000000 ) ) ;
#2149 = EDGE_LOOP ( 'NONE', ( #1732, #2407, #724, #2284 ) ) ;
#2150 = CARTESIAN_POINT ( 'NONE',  ( 18.95445179679157377, -23.60000000000015064, -1.747491040759996142E-13 ) ) ;
#2151 = CARTESIAN_POINT ( 'NONE',  ( 3.532601804544790003, 20.31112412714709592, 5.352329552265167045 ) ) ;
#2152 = ORIENTED_EDGE ( 'NONE', *, *, #497, .T. ) ;
#2153 = CARTESIAN_POINT ( 'NONE',  ( 3.000000000000000000, -1.591855728988893469E-13, -36.40000000000016911 ) ) ;
#2154 = CARTESIAN_POINT ( 'NONE',  ( 0.000000000000000000, 10.99999999999984190, 10.99999999999982947 ) ) ;
#2155 = DIRECTION ( 'NONE',  ( 1.000000000000000000, 0.000000000000000000, 0.000000000000000000 ) ) ;
#2156 = VERTEX_POINT ( 'NONE', #1399 ) ;
#2157 = CARTESIAN_POINT ( 'NONE',  ( 3.000000000000000000, -15.00000000000017941, -12.75000000000017053 ) ) ;
#2158 = AXIS2_PLACEMENT_3D ( 'NONE', #2422, #701, #2043 ) ;
#2159 = LINE ( 'NONE', #1812, #1699 ) ;
#2160 = ORIENTED_EDGE ( 'NONE', *, *, #1429, .T. ) ;
#2161 = DIRECTION ( 'NONE',  ( 0.000000000000000000, 0.000000000000000000, 1.000000000000000000 ) ) ;
#2162 = EDGE_CURVE ( 'NONE', #1925, #544, #2321, .T. ) ;
#2163 = EDGE_CURVE ( 'NONE', #194, #1524, #1844, .T. ) ;
#2164 = CARTESIAN_POINT ( 'NONE',  ( -9.899494936611706208, -1.423980350685123911E-13, 28.80614694161256750 ) ) ;
#2165 = ORIENTED_EDGE ( 'NONE', *, *, #907, .T. ) ;
#2166 = DIRECTION ( 'NONE',  ( 0.000000000000000000, 0.000000000000000000, 1.000000000000000000 ) ) ;
#2167 = CARTESIAN_POINT ( 'NONE',  ( 3.000000000000000000, 4.999999999999851674, -30.15500200160176902 ) ) ;
#2168 = CYLINDRICAL_SURFACE ( 'NONE', #2352, 2.000000000000000000 ) ;
#2169 = ORIENTED_EDGE ( 'NONE', *, *, #2147, .F. ) ;
#2170 = CARTESIAN_POINT ( 'NONE',  ( -9.899494936611706208, -1.588794111991025217E-13, -33.90000000000015490 ) ) ;
#2171 = DIRECTION ( 'NONE',  ( -0.000000000000000000, 2.312964634635741478E-16, 1.000000000000000000 ) ) ;
#2172 = PLANE ( 'NONE',  #1739 ) ;
#2173 = AXIS2_PLACEMENT_3D ( 'NONE', #2457, #1498, #2266 ) ;
#2174 = ORIENTED_EDGE ( 'NONE', *, *, #1533, .T. ) ;
#2175 = CARTESIAN_POINT ( 'NONE',  ( 6.000000000000000888, -5.000000000000170530, -36.40000000000016911 ) ) ;
#2176 = VECTOR ( 'NONE', #1018, 1000.000000000000000 ) ;
#2177 = ADVANCED_FACE ( 'NONE', ( #1212 ), #757, .F. ) ;
#2178 = AXIS2_PLACEMENT_3D ( 'NONE', #2237, #1472, #1456 ) ;
#2179 = CARTESIAN_POINT ( 'NONE',  ( 6.000000000000000000, 23.59999999999984510, -1.658673198789983619E-13 ) ) ;
#2180 = ADVANCED_FACE ( 'NONE', ( #449, #1617 ), #819, .T. ) ;
#2181 = PLANE ( 'NONE',  #1959 ) ;
#2182 = CARTESIAN_POINT ( 'NONE',  ( 3.843811492742583269, 4.999999999999851674, -33.24994096562145529 ) ) ;
#2183 = CARTESIAN_POINT ( 'NONE',  ( 9.000000000000001776, -1.591855728988893469E-13, -36.40000000000016911 ) ) ;
#2184 = VERTEX_POINT ( 'NONE', #462 ) ;
#2185 = CARTESIAN_POINT ( 'NONE',  ( 3.008696094101627416, -19.75000000000017764, -6.751111019676867997 ) ) ;
#2186 = VECTOR ( 'NONE', #1836, 1000.000000000000000 ) ;
#2187 = LINE ( 'NONE', #2390, #1506 ) ;
#2188 = DIRECTION ( 'NONE',  ( 0.000000000000000000, 1.000000000000000000, 0.000000000000000000 ) ) ;
#2189 = ORIENTED_EDGE ( 'NONE', *, *, #1075, .T. ) ;
#2190 = CARTESIAN_POINT ( 'NONE',  ( 4.268509732678563928, -5.000000000000170530, -34.01831989990732552 ) ) ;
#2191 = CYLINDRICAL_SURFACE ( 'NONE', #359, 2.500000000000015987 ) ;
#2192 =( NAMED_UNIT ( * ) SI_UNIT ( $, .STERADIAN. ) SOLID_ANGLE_UNIT ( ) );
#2193 = DIRECTION ( 'NONE',  ( 0.000000000000000000, 0.000000000000000000, -1.000000000000000000 ) ) ;
#2194 = EDGE_CURVE ( 'NONE', #1831, #1383, #1109, .T. ) ;
#2195 = CARTESIAN_POINT ( 'NONE',  ( 3.000000000000000000, -15.00000000000016165, 12.74999999999982769 ) ) ;
#2196 = EDGE_LOOP ( 'NONE', ( #1803, #2091, #1935, #380, #2251 ) ) ;
#2197 = CARTESIAN_POINT ( 'NONE',  ( 3.000000000000000000, 12.99999999999984368, -11.00000000000017053 ) ) ;
#2198 = B_SPLINE_CURVE_WITH_KNOTS ( 'NONE', 3,
 ( #1178, #1556, #1943, #2322, #1366, #1480, #304, #689, #330, #1662, #2386, #1430, #2047, #2208, #1847, #288 ),
 .UNSPECIFIED., .F., .F.,
 ( 4, 2, 2, 2, 2, 2, 2, 4 ),
 ( 0.0009204100317039640849, 0.001920175815257664856, 0.002420058707034514374, 0.002919941598811363892, 0.003419824490588213410, 0.003919707382365062928, 0.004419590274141912446, 0.004919473165918761964 ),
 .UNSPECIFIED. ) ;
#2199 = CARTESIAN_POINT ( 'NONE',  ( 3.000000000000000000, -15.00000000000017941, -19.75000000000017053 ) ) ;
#2200 = LINE ( 'NONE', #130, #2060 ) ;
#2201 = VERTEX_POINT ( 'NONE', #1833 ) ;
#2202 = CARTESIAN_POINT ( 'NONE',  ( 3.712304867470341829, -5.000000000000170530, -32.98840632189888566 ) ) ;
#2203 = AXIS2_PLACEMENT_3D ( 'NONE', #2179, #1025, #1449 ) ;
#2204 = CARTESIAN_POINT ( 'NONE',  ( 3.000000000000000000, -15.00000000000016165, 14.99999999999982947 ) ) ;
#2205 = CARTESIAN_POINT ( 'NONE',  ( 3.420974587794783250, -20.19374222754925441, 5.481444213997844095 ) ) ;
#2206 = DIRECTION ( 'NONE',  ( -1.000000000000000000, -0.000000000000000000, -0.000000000000000000 ) ) ;
#2207 = ADVANCED_FACE ( 'NONE', ( #2369 ), #846, .F. ) ;
#2208 = CARTESIAN_POINT ( 'NONE',  ( 3.042013058129763969, 19.77092880606778635, -6.419530373678067114 ) ) ;
#2209 = ORIENTED_EDGE ( 'NONE', *, *, #693, .F. ) ;
#2210 = DIRECTION ( 'NONE',  ( 0.000000000000000000, 0.000000000000000000, -1.000000000000000000 ) ) ;
#2211 = DIRECTION ( 'NONE',  ( 0.000000000000000000, 0.000000000000000000, -1.000000000000000000 ) ) ;
#2212 = CARTESIAN_POINT ( 'NONE',  ( 3.066301228816096458, -5.865596213660939640, 20.58597470010858643 ) ) ;
#2213 = ORIENTED_EDGE ( 'NONE', *, *, #2031, .T. ) ;
#2214 = DIRECTION ( 'NONE',  ( 0.000000000000000000, 0.000000000000000000, 1.000000000000000000 ) ) ;
#2215 = ORIENTED_EDGE ( 'NONE', *, *, #769, .F. ) ;
#2216 = CARTESIAN_POINT ( 'NONE',  ( 0.000000000000000000, -23.60000000000015064, -2.500000000000173639 ) ) ;
#2217 = AXIS2_PLACEMENT_3D ( 'NONE', #192, #792, #1725 ) ;
#2218 = AXIS2_PLACEMENT_3D ( 'NONE', #1286, #2063, #347 ) ;
#2219 = DIRECTION ( 'NONE',  ( 0.000000000000000000, 0.000000000000000000, 1.000000000000000000 ) ) ;
#2220 = CIRCLE ( 'NONE', #1861, 5.000000000000000000 ) ;
#2221 = DIRECTION ( 'NONE',  ( 0.000000000000000000, 0.000000000000000000, 1.000000000000000000 ) ) ;
#2222 = ORIENTED_EDGE ( 'NONE', *, *, #1997, .F. ) ;
#2223 = DIRECTION ( 'NONE',  ( 1.000000000000000000, 0.000000000000000000, 0.000000000000000000 ) ) ;
#2224 = ADVANCED_FACE ( 'NONE', ( #1250 ), #2191, .F. ) ;
#2225 = DIRECTION ( 'NONE',  ( 0.000000000000000000, 1.432200615920705022E-16, 1.000000000000000000 ) ) ;
#2226 = FACE_OUTER_BOUND ( 'NONE', #1809, .T. ) ;
#2227 = VERTEX_POINT ( 'NONE', #2216 ) ;
#2228 = DIRECTION ( 'NONE',  ( 0.000000000000000000, 0.000000000000000000, -1.000000000000000000 ) ) ;
#2229 = EDGE_CURVE ( 'NONE', #1650, #527, #1038, .T. ) ;
#2230 = ORIENTED_EDGE ( 'NONE', *, *, #906, .T. ) ;
#2231 = AXIS2_PLACEMENT_3D ( 'NONE', #117, #881, #1654 ) ;
#2232 = CARTESIAN_POINT ( 'NONE',  ( 6.000000000000005329, -5.500000000000156319, 25.80614694161255329 ) ) ;
#2233 = AXIS2_PLACEMENT_3D ( 'NONE', #139, #1651, #664 ) ;
#2234 = VERTEX_POINT ( 'NONE', #1411 ) ;
#2235 = DIRECTION ( 'NONE',  ( 1.000000000000000000, -0.000000000000000000, -0.000000000000000000 ) ) ;
#2236 = EDGE_LOOP ( 'NONE', ( #1012, #1840, #1187, #1557 ) ) ;
#2237 = CARTESIAN_POINT ( 'NONE',  ( 9.000000000000001776, 23.59999999999984510, -1.658673198789983619E-13 ) ) ;
#2238 = DIRECTION ( 'NONE',  ( 0.000000000000000000, -1.000000000000000000, 0.000000000000000000 ) ) ;
#2239 = ORIENTED_EDGE ( 'NONE', *, *, #1009, .F. ) ;
#2240 = DIRECTION ( 'NONE',  ( 0.000000000000000000, 0.000000000000000000, 1.000000000000000000 ) ) ;
#2241 = AXIS2_PLACEMENT_3D ( 'NONE', #60, #2358, #648 ) ;
#2242 = ADVANCED_FACE ( 'NONE', ( #2018 ), #1228, .T. ) ;
#2243 = ADVANCED_FACE ( 'NONE', ( #273 ), #2394, .T. ) ;
#2244 = EDGE_LOOP ( 'NONE', ( #589, #2456 ) ) ;
#2245 = AXIS2_PLACEMENT_3D ( 'NONE', #205, #1576, #244 ) ;
#2246 = EDGE_CURVE ( 'NONE', #2323, #364, #2008, .T. ) ;
#2247 = CARTESIAN_POINT ( 'NONE',  ( 18.95445179679157377, -1.591855728988893469E-13, -36.40000000000016911 ) ) ;
#2248 = ORIENTED_EDGE ( 'NONE', *, *, #1890, .T. ) ;
#2249 = CARTESIAN_POINT ( 'NONE',  ( 6.000000000000001776, -23.60000000000015064, -1.747491040759996142E-13 ) ) ;
#2250 = DIRECTION ( 'NONE',  ( -0.000000000000000000, -1.000000000000000000, -0.000000000000000000 ) ) ;
#2251 = ORIENTED_EDGE ( 'NONE', *, *, #1583, .F. ) ;
#2252 = LINE ( 'NONE', #1274, #1618 ) ;
#2253 = VERTEX_POINT ( 'NONE', #518 ) ;
#2254 = EDGE_CURVE ( 'NONE', #2064, #2343, #1759, .T. ) ;
#2255 = VECTOR ( 'NONE', #687, 1000.000000000000000 ) ;
#2256 = EDGE_CURVE ( 'NONE', #1455, #899, #326, .T. ) ;
#2257 = VERTEX_POINT ( 'NONE', #1363 ) ;
#2258 = DIRECTION ( 'NONE',  ( 1.000000000000000000, 0.000000000000000000, 0.000000000000000000 ) ) ;
#2259 = ORIENTED_EDGE ( 'NONE', *, *, #624, .T. ) ;
#2260 = DIRECTION ( 'NONE',  ( -1.000000000000000000, 0.000000000000000000, 0.000000000000000000 ) ) ;
#2261 = AXIS2_PLACEMENT_3D ( 'NONE', #2249, #879, #892 ) ;
#2262 = FACE_OUTER_BOUND ( 'NONE', #2069, .T. ) ;
#2263 = ORIENTED_EDGE ( 'NONE', *, *, #2114, .T. ) ;
#2264 = DIRECTION ( 'NONE',  ( 0.000000000000000000, 0.000000000000000000, -1.000000000000000000 ) ) ;
#2265 = ORIENTED_EDGE ( 'NONE', *, *, #243, .T. ) ;
#2266 = DIRECTION ( 'NONE',  ( 0.000000000000000000, 0.000000000000000000, -1.000000000000000000 ) ) ;
#2267 = AXIS2_PLACEMENT_3D ( 'NONE', #1692, #726, #1136 ) ;
#2268 = CIRCLE ( 'NONE', #2231, 8.500000000000014211 ) ;
#2269 = CARTESIAN_POINT ( 'NONE',  ( -9.899494936611706208, 23.59999999999984510, -2.500000000000167866 ) ) ;
#2270 = EDGE_CURVE ( 'NONE', #939, #1321, #2126, .T. ) ;
#2271 = ORIENTED_EDGE ( 'NONE', *, *, #2098, .T. ) ;
#2272 =( NAMED_UNIT ( * ) SI_UNIT ( $, .STERADIAN. ) SOLID_ANGLE_UNIT ( ) );
#2273 = DIRECTION ( 'NONE',  ( 1.000000000000000000, 0.000000000000000000, -0.000000000000000000 ) ) ;
#2274 = VERTEX_POINT ( 'NONE', #762 ) ;
#2275 = DIRECTION ( 'NONE',  ( -1.000000000000000000, -0.000000000000000000, -0.000000000000000000 ) ) ;
#2276 = VECTOR ( 'NONE', #686, 1000.000000000000000 ) ;
#2277 = ORIENTED_EDGE ( 'NONE', *, *, #2033, .F. ) ;
#2278 = CARTESIAN_POINT ( 'NONE',  ( 9.000000000000001776, -1.427654291082565965E-13, 25.80614694161255329 ) ) ;
#2279 = ADVANCED_BREP_SHAPE_REPRESENTATION ( 'bee stinger smol hole', ( #1541, #1151 ), #2480 ) ;
#2280 = CIRCLE ( 'NONE', #1681, 4.750000000000006217 ) ;
#2281 = CIRCLE ( 'NONE', #1316, 2.500000000000002220 ) ;
#2282 = ORIENTED_EDGE ( 'NONE', *, *, #1365, .F. ) ;
#2283 = DIRECTION ( 'NONE',  ( 0.000000000000000000, 0.000000000000000000, -1.000000000000000000 ) ) ;
#2284 = ORIENTED_EDGE ( 'NONE', *, *, #1702, .T. ) ;
#2285 = ADVANCED_FACE ( 'NONE', ( #1543 ), #1940, .F. ) ;
#2286 = CARTESIAN_POINT ( 'NONE',  ( 9.000000000000001776, -1.420918733687255658E-13, 20.30614694161253908 ) ) ;
#2287 = ORIENTED_EDGE ( 'NONE', *, *, #874, .F. ) ;
#2288 = CARTESIAN_POINT ( 'NONE',  ( 3.000000000000000000, -15.00000000000017941, -15.00000000000017053 ) ) ;
#2289 = EDGE_CURVE ( 'NONE', #770, #2037, #971, .T. ) ;
#2290 = ORIENTED_EDGE ( 'NONE', *, *, #1213, .T. ) ;
#2291 = CARTESIAN_POINT ( 'NONE',  ( 9.000000000000001776, 23.59999999999984510, 2.499999999999836575 ) ) ;
#2292 = CARTESIAN_POINT ( 'NONE',  ( 3.000000000000000000, 19.74999999999984368, -7.012667110308484553 ) ) ;
#2293 = AXIS2_PLACEMENT_3D ( 'NONE', #461, #1804, #1211 ) ;
#2294 = ORIENTED_EDGE ( 'NONE', *, *, #978, .T. ) ;
#2295 = DIRECTION ( 'NONE',  ( 0.000000000000000000, 0.000000000000000000, 1.000000000000000000 ) ) ;
#2296 = DIRECTION ( 'NONE',  ( 1.000000000000000000, 0.000000000000000000, 0.000000000000000000 ) ) ;
#2297 = ORIENTED_EDGE ( 'NONE', *, *, #1028, .T. ) ;
#2298 = VECTOR ( 'NONE', #1318, 1000.000000000000000 ) ;
#2299 = CARTESIAN_POINT ( 'NONE',  ( 0.000000000000000000, 14.99999999999984368, 14.99999999999982947 ) ) ;
#2300 = MECHANICAL_DESIGN_GEOMETRIC_PRESENTATION_REPRESENTATION (  '', ( #1821 ), #1937 ) ;
#2301 = ORIENTED_EDGE ( 'NONE', *, *, #142, .T. ) ;
#2302 = CARTESIAN_POINT ( 'NONE',  ( 3.019845132998575377, -19.75000000000017764, -6.582913960543470111 ) ) ;
#2303 = ORIENTED_EDGE ( 'NONE', *, *, #688, .F. ) ;
#2304 = DIRECTION ( 'NONE',  ( 1.000000000000000000, 0.000000000000000000, 0.000000000000000000 ) ) ;
#2305 = EDGE_CURVE ( 'NONE', #2125, #730, #439, .T. ) ;
#2306 = AXIS2_PLACEMENT_3D ( 'NONE', #428, #1000, #1389 ) ;
#2307 = CARTESIAN_POINT ( 'NONE',  ( 3.053085942772373773, 19.78191507540201144, 6.342685064902991776 ) ) ;
#2308 = EDGE_LOOP ( 'NONE', ( #1975, #1323, #2473, #2282 ) ) ;
#2309 = CARTESIAN_POINT ( 'NONE',  ( 3.000000000000000000, -19.75000000000016342, 14.99999999999982947 ) ) ;
#2310 = CARTESIAN_POINT ( 'NONE',  ( 0.000000000000000000, 12.99999999999984190, 10.99999999999982947 ) ) ;
#2311 = CARTESIAN_POINT ( 'NONE',  ( 6.000000000000000888, 5.499999999999870326, 25.80614694161255329 ) ) ;
#2312 = VERTEX_POINT ( 'NONE', #2139 ) ;
#2313 = CARTESIAN_POINT ( 'NONE',  ( 3.114876023532999305, -19.85093361873822460, -6.102870790276325508 ) ) ;
#2314 = ORIENTED_EDGE ( 'NONE', *, *, #1163, .T. ) ;
#2315 = CARTESIAN_POINT ( 'NONE',  ( 3.000000000000000000, -7.000000000000171418, -21.75000000000017408 ) ) ;
#2316 = EDGE_CURVE ( 'NONE', #1779, #2257, #984, .T. ) ;
#2317 = EDGE_CURVE ( 'NONE', #921, #501, #1398, .T. ) ;
#2318 = ORIENTED_EDGE ( 'NONE', *, *, #1902, .F. ) ;
#2319 = CARTESIAN_POINT ( 'NONE',  ( 0.000000000000000000, 6.999999999999852562, -21.75000000000017764 ) ) ;
#2320 = CARTESIAN_POINT ( 'NONE',  ( 3.000000000000000444, 4.999999999999850786, -30.75047705641990703 ) ) ;
#2321 = CIRCLE ( 'NONE', #1116, 5.500000000000015099 ) ;
#2322 = CARTESIAN_POINT ( 'NONE',  ( 4.328887609783032886, 21.04551904201521850, -4.876166635229645330 ) ) ;
#2323 = VERTEX_POINT ( 'NONE', #2344 ) ;
#2324 = CARTESIAN_POINT ( 'NONE',  ( 3.546279611441759627, -20.32407902390709609, -5.341566619891424672 ) ) ;
#2325 = ORIENTED_EDGE ( 'NONE', *, *, #725, .F. ) ;
#2326 = FACE_OUTER_BOUND ( 'NONE', #915, .T. ) ;
#2327 = DIRECTION ( 'NONE',  ( 0.000000000000000000, -5.782411586589357639E-16, -1.000000000000000000 ) ) ;
#2328 = EDGE_CURVE ( 'NONE', #430, #1952, #1929, .T. ) ;
#2329 = ORIENTED_EDGE ( 'NONE', *, *, #2229, .F. ) ;
#2330 = DIRECTION ( 'NONE',  ( 0.000000000000000000, -1.432200615920704775E-16, -1.000000000000000000 ) ) ;
#2331 = DIRECTION ( 'NONE',  ( 0.000000000000000000, 0.000000000000000000, 1.000000000000000000 ) ) ;
#2332 = EDGE_CURVE ( 'NONE', #1391, #102, #633, .T. ) ;
#2333 = CARTESIAN_POINT ( 'NONE',  ( 3.000000000000000000, -15.00000000000016165, 17.24999999999983302 ) ) ;
#2334 = ORIENTED_EDGE ( 'NONE', *, *, #793, .T. ) ;
#2335 = LINE ( 'NONE', #2170, #1934 ) ;
#2336 = CIRCLE ( 'NONE', #807, 5.000000000000000000 ) ;
#2337 = CIRCLE ( 'NONE', #1132, 4.750000000000006217 ) ;
#2338 = CARTESIAN_POINT ( 'NONE',  ( 18.95445179679157377, 7.499999999999869438, 21.74999999999983302 ) ) ;
#2339 = VERTEX_POINT ( 'NONE', #786 ) ;
#2340 = FACE_BOUND ( 'NONE', #1494, .T. ) ;
#2341 = AXIS2_PLACEMENT_3D ( 'NONE', #991, #459, #240 ) ;
#2342 = CARTESIAN_POINT ( 'NONE',  ( 6.000000000000005329, -22.27857142857159900, -4.822222156912099322 ) ) ;
#2343 = VERTEX_POINT ( 'NONE', #1353 ) ;
#2344 = CARTESIAN_POINT ( 'NONE',  ( 3.505176433153982973, -5.500000000000156319, 21.74999999999983302 ) ) ;
#2345 = DIRECTION ( 'NONE',  ( 1.000000000000000000, 0.000000000000000000, 0.000000000000000000 ) ) ;
#2346 = CIRCLE ( 'NONE', #2389, 1.999999999999999112 ) ;
#2347 = EDGE_CURVE ( 'NONE', #2037, #1741, #2044, .T. ) ;
#2348 = AXIS2_PLACEMENT_3D ( 'NONE', #2375, #640, #2225 ) ;
#2349 = FACE_OUTER_BOUND ( 'NONE', #1769, .T. ) ;
#2350 = ORIENTED_EDGE ( 'NONE', *, *, #923, .F. ) ;
#2351 = CARTESIAN_POINT ( 'NONE',  ( 3.000000000000000000, -15.00000000000016165, 19.74999999999982947 ) ) ;
#2352 = AXIS2_PLACEMENT_3D ( 'NONE', #799, #651, #1205 ) ;
#2353 = CARTESIAN_POINT ( 'NONE',  ( 3.000000000000000000, -15.00000000000016165, 19.74999999999982947 ) ) ;
#2354 = ORIENTED_EDGE ( 'NONE', *, *, #583, .F. ) ;
#2355 = LINE ( 'NONE', #271, #133 ) ;
#2356 = DIRECTION ( 'NONE',  ( -1.000000000000000000, 0.000000000000000000, 0.000000000000000000 ) ) ;
#2357 = VERTEX_POINT ( 'NONE', #1753 ) ;
#2358 = DIRECTION ( 'NONE',  ( -1.000000000000000000, -0.000000000000000000, -0.000000000000000000 ) ) ;
#2359 = CYLINDRICAL_SURFACE ( 'NONE', #1629, 2.000000000000000000 ) ;
#2360 = CARTESIAN_POINT ( 'NONE',  ( 0.000000000000000000, -1.427654291082565965E-13, 25.80614694161255329 ) ) ;
#2361 = VERTEX_POINT ( 'NONE', #1388 ) ;
#2362 = DIRECTION ( 'NONE',  ( 1.000000000000000000, 0.000000000000000000, 0.000000000000000000 ) ) ;
#2363 = VECTOR ( 'NONE', #400, 1000.000000000000000 ) ;
#2364 = EDGE_CURVE ( 'NONE', #2460, #409, #797, .T. ) ;
#2365 = CARTESIAN_POINT ( 'NONE',  ( 3.000000000000000000, -15.00000000000017941, -17.25000000000017053 ) ) ;
#2366 = DIRECTION ( 'NONE',  ( 1.000000000000000000, 0.000000000000000000, 0.000000000000000000 ) ) ;
#2367 = ORIENTED_EDGE ( 'NONE', *, *, #2289, .T. ) ;
#2368 = CARTESIAN_POINT ( 'NONE',  ( 3.002926430263853419, -19.75000000000016698, 6.838153544029667685 ) ) ;
#2369 = FACE_OUTER_BOUND ( 'NONE', #32, .T. ) ;
#2370 = DIRECTION ( 'NONE',  ( 0.000000000000000000, 0.000000000000000000, -1.000000000000000000 ) ) ;
#2371 = DIRECTION ( 'NONE',  ( -1.000000000000000000, 0.000000000000000000, 0.000000000000000000 ) ) ;
#2372 = DIRECTION ( 'NONE',  ( 0.000000000000000000, 0.000000000000000000, 1.000000000000000000 ) ) ;
#2373 = ORIENTED_EDGE ( 'NONE', *, *, #464, .T. ) ;
#2374 = LINE ( 'NONE', #1033, #11 ) ;
#2375 = CARTESIAN_POINT ( 'NONE',  ( 18.95445179679157377, -5.500000000000159872, 7.877103387564105526E-16 ) ) ;
#2376 = DIRECTION ( 'NONE',  ( -1.000000000000000000, 0.000000000000000000, 0.000000000000000000 ) ) ;
#2377 = VECTOR ( 'NONE', #1447, 1000.000000000000000 ) ;
#2378 = ORIENTED_EDGE ( 'NONE', *, *, #890, .F. ) ;
#2379 = DIRECTION ( 'NONE',  ( 0.000000000000000000, 0.000000000000000000, -1.000000000000000000 ) ) ;
#2380 = VECTOR ( 'NONE', #1770, 1000.000000000000000 ) ;
#2381 = EDGE_CURVE ( 'NONE', #1481, #1827, #524, .T. ) ;
#2382 = VECTOR ( 'NONE', #1483, 1000.000000000000000 ) ;
#2383 = DIRECTION ( 'NONE',  ( -1.000000000000000000, -0.000000000000000000, -0.000000000000000000 ) ) ;
#2384 = CARTESIAN_POINT ( 'NONE',  ( 9.000000000000001776, -23.60000000000015064, -1.747491040759996142E-13 ) ) ;
#2385 = CARTESIAN_POINT ( 'NONE',  ( -19.42221666030940952, 4.999999999999851674, -36.40000000000016911 ) ) ;
#2386 = CARTESIAN_POINT ( 'NONE',  ( 3.292764985183518345, 20.05361026641815769, -5.680615352177568411 ) ) ;
#2387 = ORIENTED_EDGE ( 'NONE', *, *, #111, .T. ) ;
#2388 = DIRECTION ( 'NONE',  ( -1.000000000000000000, 0.000000000000000000, 0.000000000000000000 ) ) ;
#2389 = AXIS2_PLACEMENT_3D ( 'NONE', #173, #150, #1338 ) ;
#2390 = CARTESIAN_POINT ( 'NONE',  ( 18.95445179679157377, 23.59999999999984510, -5.000000000000166978 ) ) ;
#2391 = DIRECTION ( 'NONE',  ( 1.000000000000000000, 0.000000000000000000, 0.000000000000000000 ) ) ;
#2392 = ORIENTED_EDGE ( 'NONE', *, *, #907, .F. ) ;
#2393 = CARTESIAN_POINT ( 'NONE',  ( 5.639192985750282716, -5.000000000000170530, -35.93419937120008711 ) ) ;
#2394 = CYLINDRICAL_SURFACE ( 'NONE', #1313, 5.000000000000011546 ) ;
#2395 = EDGE_CURVE ( 'NONE', #2274, #2466, #208, .T. ) ;
#2396 = CARTESIAN_POINT ( 'NONE',  ( 3.159473740081548687, -19.90209389080594704, 5.960280711831670963 ) ) ;
#2397 = DIRECTION ( 'NONE',  ( -1.000000000000000000, 0.000000000000000000, 0.000000000000000000 ) ) ;
#2398 = DIRECTION ( 'NONE',  ( -1.000000000000000000, 0.000000000000000000, 0.000000000000000000 ) ) ;
#2399 = VERTEX_POINT ( 'NONE', #1766 ) ;
#2400 = FACE_OUTER_BOUND ( 'NONE', #1658, .T. ) ;
#2401 = CARTESIAN_POINT ( 'NONE',  ( 0.000000000000000000, -23.60000000000015064, -5.000000000000174971 ) ) ;
#2402 = CARTESIAN_POINT ( 'NONE',  ( 3.000000000000000000, -15.00000000000017941, -15.00000000000017053 ) ) ;
#2403 = AXIS2_PLACEMENT_3D ( 'NONE', #2204, #1437, #98 ) ;
#2404 = ORIENTED_EDGE ( 'NONE', *, *, #1440, .T. ) ;
#2405 = FACE_OUTER_BOUND ( 'NONE', #516, .T. ) ;
#2406 = VECTOR ( 'NONE', #2330, 1000.000000000000000 ) ;
#2407 = ORIENTED_EDGE ( 'NONE', *, *, #1532, .T. ) ;
#2408 = DIRECTION ( 'NONE',  ( 0.000000000000000000, 0.000000000000000000, -1.000000000000000000 ) ) ;
#2409 = LINE ( 'NONE', #836, #2276 ) ;
#2410 = DIRECTION ( 'NONE',  ( 1.000000000000000000, 0.000000000000000000, 0.000000000000000000 ) ) ;
#2411 = EDGE_CURVE ( 'NONE', #575, #1017, #2281, .T. ) ;
#2412 = CARTESIAN_POINT ( 'NONE',  ( -19.42221666030940952, -5.000000000000170530, -36.40000000000016911 ) ) ;
#2413 = EDGE_CURVE ( 'NONE', #1650, #2421, #236, .T. ) ;
#2414 = VERTEX_POINT ( 'NONE', #601 ) ;
#2415 = DIRECTION ( 'NONE',  ( -1.000000000000000000, 0.000000000000000000, 0.000000000000000000 ) ) ;
#2416 = DIRECTION ( 'NONE',  ( 0.000000000000000000, 0.000000000000000000, -1.000000000000000000 ) ) ;
#2417 = CARTESIAN_POINT ( 'NONE',  ( 6.000000000000001776, 22.27857142857127215, -4.822222156912086888 ) ) ;
#2418 = EDGE_LOOP ( 'NONE', ( #1247, #2449, #1756, #1608 ) ) ;
#2419 = CARTESIAN_POINT ( 'NONE',  ( 3.000000000000000000, -15.00000000000017941, -15.00000000000017053 ) ) ;
#2420 = CIRCLE ( 'NONE', #1491, 3.000000000000012879 ) ;
#2421 = VERTEX_POINT ( 'NONE', #2309 ) ;
#2422 = CARTESIAN_POINT ( 'NONE',  ( 0.000000000000000000, -11.00000000000017764, -11.00000000000017053 ) ) ;
#2423 = AXIS2_PLACEMENT_3D ( 'NONE', #166, #1641, #2214 ) ;
#2424 = EDGE_LOOP ( 'NONE', ( #214, #1137 ) ) ;
#2425 = CARTESIAN_POINT ( 'NONE',  ( 0.000000000000000000, -23.60000000000015064, -1.747491040759996142E-13 ) ) ;
#2426 = ORIENTED_EDGE ( 'NONE', *, *, #157, .T. ) ;
#2427 = DIRECTION ( 'NONE',  ( 0.000000000000000000, 0.000000000000000000, -1.000000000000000000 ) ) ;
#2428 = ADVANCED_FACE ( 'NONE', ( #9 ), #775, .F. ) ;
#2429 = ADVANCED_FACE ( 'NONE', ( #45, #1742 ), #2181, .T. ) ;
#2430 = AXIS2_PLACEMENT_3D ( 'NONE', #318, #1441, #494 ) ;
#2431 = DIRECTION ( 'NONE',  ( 1.000000000000000000, 0.000000000000000000, 0.000000000000000000 ) ) ;
#2432 = ORIENTED_EDGE ( 'NONE', *, *, #2012, .F. ) ;
#2433 = DIRECTION ( 'NONE',  ( 1.000000000000000000, 0.000000000000000000, 0.000000000000000000 ) ) ;
#2434 = AXIS2_PLACEMENT_3D ( 'NONE', #1444, #1638, #2211 ) ;
#2435 = EDGE_CURVE ( 'NONE', #1455, #1232, #1021, .T. ) ;
#2436 = VERTEX_POINT ( 'NONE', #2006 ) ;
#2437 = AXIS2_PLACEMENT_3D ( 'NONE', #1269, #2439, #1454 ) ;
#2438 = ORIENTED_EDGE ( 'NONE', *, *, #977, .T. ) ;
#2439 = DIRECTION ( 'NONE',  ( 1.000000000000000000, 0.000000000000000000, 0.000000000000000000 ) ) ;
#2440 = EDGE_LOOP ( 'NONE', ( #1656, #665 ) ) ;
#2441 = DIRECTION ( 'NONE',  ( 0.000000000000000000, 0.000000000000000000, 1.000000000000000000 ) ) ;
#2442 = DIRECTION ( 'NONE',  ( 1.000000000000000000, 0.000000000000000000, 0.000000000000000000 ) ) ;
#2443 = ORIENTED_EDGE ( 'NONE', *, *, #291, .F. ) ;
#2444 = DIRECTION ( 'NONE',  ( -1.000000000000000000, -0.000000000000000000, -0.000000000000000000 ) ) ;
#2445 = EDGE_CURVE ( 'NONE', #730, #720, #996, .T. ) ;
#2446 = EDGE_LOOP ( 'NONE', ( #2025, #1842 ) ) ;
#2447 = EDGE_CURVE ( 'NONE', #709, #1966, #679, .T. ) ;
#2448 = VECTOR ( 'NONE', #809, 1000.000000000000000 ) ;
#2449 = ORIENTED_EDGE ( 'NONE', *, *, #1009, .T. ) ;
#2450 = CARTESIAN_POINT ( 'NONE',  ( 0.000000000000000000, -7.500000000000155431, 19.74999999999982947 ) ) ;
#2451 = VERTEX_POINT ( 'NONE', #73 ) ;
#2452 = FILL_AREA_STYLE_COLOUR ( '', #814 ) ;
#2453 = CARTESIAN_POINT ( 'NONE',  ( 3.000000000000000000, 14.99999999999983658, -19.75000000000017764 ) ) ;
#2454 = ORIENTED_EDGE ( 'NONE', *, *, #184, .T. ) ;
#2455 = CARTESIAN_POINT ( 'NONE',  ( 6.000000000000001776, -1.591855728988893469E-13, -36.40000000000016911 ) ) ;
#2456 = ORIENTED_EDGE ( 'NONE', *, *, #275, .F. ) ;
#2457 = CARTESIAN_POINT ( 'NONE',  ( 0.000000000000000000, -15.00000000000017941, -15.00000000000017053 ) ) ;
#2458 = EDGE_CURVE ( 'NONE', #1017, #575, #2079, .T. ) ;
#2459 = CIRCLE ( 'NONE', #967, 4.749999999999999112 ) ;
#2460 = VERTEX_POINT ( 'NONE', #1994 ) ;
#2461 = DIRECTION ( 'NONE',  ( -1.000000000000000000, 0.000000000000000000, 0.000000000000000000 ) ) ;
#2462 = EDGE_LOOP ( 'NONE', ( #2071, #340, #697, #536 ) ) ;
#2463 = DIRECTION ( 'NONE',  ( 1.000000000000000000, 0.000000000000000000, 0.000000000000000000 ) ) ;
#2464 = AXIS2_PLACEMENT_3D ( 'NONE', #2338, #2376, #1394 ) ;
#2465 = CYLINDRICAL_SURFACE ( 'NONE', #137, 2.250000000000007105 ) ;
#2466 = VERTEX_POINT ( 'NONE', #1026 ) ;
#2467 = LINE ( 'NONE', #746, #1493 ) ;
#2468 = VERTEX_POINT ( 'NONE', #673 ) ;
#2469 = CARTESIAN_POINT ( 'NONE',  ( 3.000000000000000000, 12.99999999999984368, 12.99999999999982947 ) ) ;
#2470 = VECTOR ( 'NONE', #2080, 1000.000000000000000 ) ;
#2471 = EDGE_CURVE ( 'NONE', #593, #109, #1642, .T. ) ;
#2472 = CIRCLE ( 'NONE', #861, 5.000000000000011546 ) ;
#2473 = ORIENTED_EDGE ( 'NONE', *, *, #599, .T. ) ;
#2474 = FACE_OUTER_BOUND ( 'NONE', #299, .T. ) ;
#2475 = ORIENTED_EDGE ( 'NONE', *, *, #2347, .T. ) ;
#2476 = EDGE_CURVE ( 'NONE', #566, #1069, #1112, .T. ) ;
#2477 = CYLINDRICAL_SURFACE ( 'NONE', #119, 2.000000000000001776 ) ;
#2478 = ORIENTED_EDGE ( 'NONE', *, *, #1332, .T. ) ;
#2479 = CARTESIAN_POINT ( 'NONE',  ( 3.165332872751207116, -19.90976637393660909, -5.952838319504142106 ) ) ;
#2480 =( GEOMETRIC_REPRESENTATION_CONTEXT ( 3 ) GLOBAL_UNCERTAINTY_ASSIGNED_CONTEXT ( ( #825 ) ) GLOBAL_UNIT_ASSIGNED_CONTEXT ( ( #1251, #1450, #2192 ) ) REPRESENTATION_CONTEXT ( 'NONE', 'WORKASPACE' ) );
#2481 = ORIENTED_EDGE ( 'NONE', *, *, #216, .F. ) ;
#2482 = CARTESIAN_POINT ( 'NONE',  ( 6.000000000000001776, 22.27857142857127215, -4.822222156912086888 ) ) ;
#2483 = EDGE_CURVE ( 'NONE', #109, #450, #2409, .T. ) ;
#2484 = ORIENTED_EDGE ( 'NONE', *, *, #444, .F. ) ;
#2485 = DIRECTION ( 'NONE',  ( -1.000000000000000000, 0.000000000000000000, 0.000000000000000000 ) ) ;
#2486 = CYLINDRICAL_SURFACE ( 'NONE', #259, 2.000000000000000000 ) ;
#2487 = ORIENTED_EDGE ( 'NONE', *, *, #1162, .T. ) ;
ENDSEC;
END-ISO-10303-21;
