ISO-10303-21;
HEADER;
FILE_DESCRIPTION (( 'STEP AP214' ),
    '1' );
FILE_NAME ('bee eyes.STEP',
    '2026-05-23T13:04:14',
    ( '' ),
    ( '' ),
    'SwSTEP 2.0',
    'SolidWorks 2026',
    '' );
FILE_SCHEMA (( 'AUTOMOTIVE_DESIGN' ));
ENDSEC;

DATA;
#1 = AXIS2_PLACEMENT_3D ( 'NONE', #1436, #199, #312 ) ;
#2 = ORIENTED_EDGE ( 'NONE', *, *, #1171, .F. ) ;
#3 = CARTESIAN_POINT ( 'NONE',  ( -1.999999999999996669, 51.77917893407387595, 12.70170374990685502 ) ) ;
#4 = EDGE_LOOP ( 'NONE', ( #1404, #146 ) ) ;
#5 = DIRECTION ( 'NONE',  ( 1.000000000000000000, 0.000000000000000000, 0.000000000000000000 ) ) ;
#6 = CARTESIAN_POINT ( 'NONE',  ( -29.03306687263482289, 40.95463239002584288, 8.699999999999999289 ) ) ;
#7 = ADVANCED_FACE ( 'NONE', ( #693 ), #1069, .F. ) ;
#8 = CARTESIAN_POINT ( 'NONE',  ( -14.75000000000000533, 49.19424441348748900, 11.00000000000000000 ) ) ;
#9 = DIRECTION ( 'NONE',  ( 0.000000000000000000, 0.000000000000000000, -1.000000000000000000 ) ) ;
#10 = DIRECTION ( 'NONE',  ( 0.000000000000000000, 0.000000000000000000, -1.000000000000000000 ) ) ;
#11 = ORIENTED_EDGE ( 'NONE', *, *, #286, .T. ) ;
#12 = ORIENTED_EDGE ( 'NONE', *, *, #722, .F. ) ;
#13 = PLANE ( 'NONE',  #1603 ) ;
#14 = LINE ( 'NONE', #551, #1007 ) ;
#15 = DIRECTION ( 'NONE',  ( -1.000000000000000000, 0.000000000000000000, 0.000000000000000000 ) ) ;
#16 = ADVANCED_FACE ( 'NONE', ( #1323 ), #585, .F. ) ;
#17 = DIRECTION ( 'NONE',  ( 0.000000000000000000, -0.3946449591379920241, 0.9188336934543555046 ) ) ;
#18 = DIRECTION ( 'NONE',  ( -0.9349415698566369004, 0.3547929665301496338, -0.002492359272567861491 ) ) ;
#19 = AXIS2_PLACEMENT_3D ( 'NONE', #904, #1139, #1518 ) ;
#20 = ORIENTED_EDGE ( 'NONE', *, *, #1274, .F. ) ;
#21 = VERTEX_POINT ( 'NONE', #1189 ) ;
#22 = PRODUCT ( 'bee eyes', 'bee eyes', '', ( #1022 ) ) ;
#23 = DIRECTION ( 'NONE',  ( 0.000000000000000000, 0.3946449591379920241, -0.9188336934543556156 ) ) ;
#24 = CARTESIAN_POINT ( 'NONE',  ( -11.25000000000000000, 49.19424441348748900, -9.748975571730957412 ) ) ;
#25 = CARTESIAN_POINT ( 'NONE',  ( -13.00000000000000355, 49.19424441348748900, -15.00000000000000000 ) ) ;
#26 = LINE ( 'NONE', #1380, #703 ) ;
#27 = EDGE_CURVE ( 'NONE', #1101, #983, #1606, .T. ) ;
#28 = ORIENTED_EDGE ( 'NONE', *, *, #1346, .T. ) ;
#29 = EDGE_LOOP ( 'NONE', ( #1099, #713, #868, #11, #751, #622, #155, #717, #12, #616 ) ) ;
#30 = LINE ( 'NONE', #36, #819 ) ;
#31 = CARTESIAN_POINT ( 'NONE',  ( -5.736626130209543817, 52.24307964770471102, 11.00000000000000000 ) ) ;
#32 =( BOUNDED_CURVE ( )  B_SPLINE_CURVE ( 3, ( #1329, #962, #430, #206 ),
 .UNSPECIFIED., .F., .T. ) 
 B_SPLINE_CURVE_WITH_KNOTS ( ( 4, 4 ),
 ( 4.712388980384689674, 7.853981633974482790 ),
 .UNSPECIFIED. ) 
 CURVE ( )  GEOMETRIC_REPRESENTATION_ITEM ( )  RATIONAL_B_SPLINE_CURVE ( ( 1.000000000000000000, 0.3333333333333333703, 0.3333333333333333703, 1.000000000000000000 ) ) 
 REPRESENTATION_ITEM ( '' )  );
#33 = DIRECTION ( 'NONE',  ( 1.000000000000000000, 0.000000000000000000, 0.000000000000000000 ) ) ;
#34 = ORIENTED_EDGE ( 'NONE', *, *, #302, .F. ) ;
#35 = EDGE_CURVE ( 'NONE', #1105, #190, #52, .T. ) ;
#36 = CARTESIAN_POINT ( 'NONE',  ( 0.000000000000000000, 37.97687999291370176, 11.00000000000000000 ) ) ;
#37 = CARTESIAN_POINT ( 'NONE',  ( -14.75000000000000533, 49.19424441348748900, -9.748975571730957412 ) ) ;
#38 = CARTESIAN_POINT ( 'NONE',  ( -2.225797637033204879, 46.81248363478852781, 13.35075164071460030 ) ) ;
#39 = CARTESIAN_POINT ( 'NONE',  ( -40.26733731601385102, 15.16889973190272656, -8.284915434763812314 ) ) ;
#40 = CIRCLE ( 'NONE', #251, 1.000000000000000888 ) ;
#41 = ORIENTED_EDGE ( 'NONE', *, *, #422, .F. ) ;
#42 = VECTOR ( 'NONE', #384, 1000.000000000000000 ) ;
#43 = LINE ( 'NONE', #898, #1395 ) ;
#44 = CARTESIAN_POINT ( 'NONE',  ( -2.225796700723889465, 46.81248327682823884, -13.35075328166020903 ) ) ;
#45 = FACE_OUTER_BOUND ( 'NONE', #99, .T. ) ;
#46 = ORIENTED_EDGE ( 'NONE', *, *, #1196, .F. ) ;
#47 = CIRCLE ( 'NONE', #105, 1.000000000000000888 ) ;
#48 = CARTESIAN_POINT ( 'NONE',  ( -25.09003493517225536, 41.58995571664326718, -3.328322064017021020 ) ) ;
#49 = CARTESIAN_POINT ( 'NONE',  ( -8.673617379884035472E-16, 41.58995571664326718, 3.328322064017021020 ) ) ;
#50 =( BOUNDED_CURVE ( )  B_SPLINE_CURVE ( 3, ( #421, #1420, #790, #520 ),
 .UNSPECIFIED., .F., .F. ) 
 B_SPLINE_CURVE_WITH_KNOTS ( ( 4, 4 ),
 ( 4.712388980384689674, 7.853981633974482790 ),
 .UNSPECIFIED. ) 
 CURVE ( )  GEOMETRIC_REPRESENTATION_ITEM ( )  RATIONAL_B_SPLINE_CURVE ( ( 1.000000000000000000, 0.3333333333333333703, 0.3333333333333333703, 1.000000000000000000 ) ) 
 REPRESENTATION_ITEM ( '' )  );
#51 = VECTOR ( 'NONE', #526, 1000.000000000000000 ) ;
#52 = LINE ( 'NONE', #331, #1238 ) ;
#53 = ADVANCED_FACE ( 'NONE', ( #1342 ), #194, .F. ) ;
#54 = VECTOR ( 'NONE', #1003, 1000.000000000000114 ) ;
#55 = ORIENTED_EDGE ( 'NONE', *, *, #1298, .F. ) ;
#56 = DIRECTION ( 'NONE',  ( -1.000000000000000000, -0.000000000000000000, -0.000000000000000000 ) ) ;
#57 = LINE ( 'NONE', #1314, #1170 ) ;
#58 = CARTESIAN_POINT ( 'NONE',  ( -1.999999999999996669, 44.41416787568381608, -14.27961459277580758 ) ) ;
#59 = DIRECTION ( 'NONE',  ( 0.000000000000000000, 0.000000000000000000, -1.000000000000000000 ) ) ;
#60 = EDGE_CURVE ( 'NONE', #203, #364, #465, .T. ) ;
#61 = ADVANCED_FACE ( 'NONE', ( #1466 ), #339, .F. ) ;
#62 = ORIENTED_EDGE ( 'NONE', *, *, #195, .T. ) ;
#63 = AXIS2_PLACEMENT_3D ( 'NONE', #511, #892, #633 ) ;
#64 = FACE_OUTER_BOUND ( 'NONE', #1027, .T. ) ;
#65 = LINE ( 'NONE', #709, #1128 ) ;
#66 = B_SPLINE_CURVE_WITH_KNOTS ( 'NONE', 3,
 ( #691, #1067, #1061, #1200, #1454, #84 ),
 .UNSPECIFIED., .F., .F.,
 ( 4, 2, 4 ),
 ( 0.000000000000000000, 0.003735344898917319304, 0.007470689797834638608 ),
 .UNSPECIFIED. ) ;
#67 = ORIENTED_EDGE ( 'NONE', *, *, #1620, .F. ) ;
#68 = ORIENTED_EDGE ( 'NONE', *, *, #466, .T. ) ;
#69 = VECTOR ( 'NONE', #218, 1000.000000000000000 ) ;
#70 = B_SPLINE_CURVE_WITH_KNOTS ( 'NONE', 3,
 ( #922, #527, #291, #164, #1418, #1280, #285, #280, #1293, #1173, #1152, #44, #273, #157 ),
 .UNSPECIFIED., .F., .F.,
 ( 4, 2, 2, 2, 2, 2, 4 ),
 ( -1.417383430072698048E-05, 0.001543044953241151738, 0.003100263740783030207, 0.003878873134553969659, 0.004657482528324909110, 0.005436091922095848995, 0.006214701315866788013 ),
 .UNSPECIFIED. ) ;
#71 = EDGE_CURVE ( 'NONE', #827, #720, #1448, .T. ) ;
#72 = ORIENTED_EDGE ( 'NONE', *, *, #552, .T. ) ;
#73 = CARTESIAN_POINT ( 'NONE',  ( 0.000000000000000000, 46.66598861651589658, -13.79717507775179897 ) ) ;
#74 = LINE ( 'NONE', #1086, #1399 ) ;
#75 = ORIENTED_EDGE ( 'NONE', *, *, #617, .T. ) ;
#76 = CARTESIAN_POINT ( 'NONE',  ( -26.00000000000000000, 52.24307964770471102, 11.00000000000000000 ) ) ;
#77 = ORIENTED_EDGE ( 'NONE', *, *, #422, .T. ) ;
#78 = VECTOR ( 'NONE', #744, 1000.000000000000000 ) ;
#79 = ORIENTED_EDGE ( 'NONE', *, *, #1196, .T. ) ;
#80 = AXIS2_PLACEMENT_3D ( 'NONE', #1107, #366, #871 ) ;
#81 = VERTEX_POINT ( 'NONE', #975 ) ;
#82 = ADVANCED_FACE ( 'NONE', ( #1514 ), #474, .F. ) ;
#83 = DIRECTION ( 'NONE',  ( -0.9349444737307787134, 0.3547940684964693836, 0.000000000000000000 ) ) ;
#84 = CARTESIAN_POINT ( 'NONE',  ( -6.676345912755201617, 44.83172803104509541, -11.00000000000000000 ) ) ;
#85 = ORIENTED_EDGE ( 'NONE', *, *, #1370, .F. ) ;
#86 = CARTESIAN_POINT ( 'NONE',  ( -1.999999999999996669, 51.47521139259595202, -12.76682703020822274 ) ) ;
#87 = DIRECTION ( 'NONE',  ( 1.000000000000000000, 0.000000000000000000, 0.000000000000000000 ) ) ;
#88 = VERTEX_POINT ( 'NONE', #1227 ) ;
#89 = VERTEX_POINT ( 'NONE', #1219 ) ;
#90 = B_SPLINE_CURVE_WITH_KNOTS ( 'NONE', 3,
 ( #86, #568, #1062, #718, #209, #1194, #1322, #726, #440, #1315, #1088, #943 ),
 .UNSPECIFIED., .F., .F.,
 ( 4, 2, 2, 2, 2, 4 ),
 ( 0.000000000000000000, 0.001086276666265386997, 0.002172553332530773994, 0.002715691665663469770, 0.003258829998796165979, 0.004345106665061555795 ),
 .UNSPECIFIED. ) ;
#91 = CARTESIAN_POINT ( 'NONE',  ( -13.00000000000000355, 49.19424441348748900, -11.00000000000000000 ) ) ;
#92 = DIRECTION ( 'NONE',  ( -0.3547940684964693836, -0.9349444737307787134, 0.000000000000000000 ) ) ;
#93 = VERTEX_POINT ( 'NONE', #1368 ) ;
#94 = DIRECTION ( 'NONE',  ( 0.000000000000000000, 0.2094902700576806442, -0.9778107315585977677 ) ) ;
#95 = CARTESIAN_POINT ( 'NONE',  ( -4.960794458855782629, 39.02028698175777066, -9.223989356359448166 ) ) ;
#96 = EDGE_CURVE ( 'NONE', #887, #344, #1617, .T. ) ;
#97 = VECTOR ( 'NONE', #18, 1000.000000000000000 ) ;
#98 = AXIS2_PLACEMENT_3D ( 'NONE', #25, #529, #1032 ) ;
#99 = EDGE_LOOP ( 'NONE', ( #968, #62, #1235, #1578 ) ) ;
#100 = CARTESIAN_POINT ( 'NONE',  ( -28.59532593841592174, 45.92669278366721386, -8.699999999999999289 ) ) ;
#101 = FACE_OUTER_BOUND ( 'NONE', #860, .T. ) ;
#102 = EDGE_LOOP ( 'NONE', ( #1394, #1587, #351, #878, #655 ) ) ;
#103 = FACE_OUTER_BOUND ( 'NONE', #121, .T. ) ;
#104 = FACE_OUTER_BOUND ( 'NONE', #925, .T. ) ;
#105 = AXIS2_PLACEMENT_3D ( 'NONE', #1611, #9, #487 ) ;
#106 = CYLINDRICAL_SURFACE ( 'NONE', #63, 0.9999999999999982236 ) ;
#107 = EDGE_CURVE ( 'NONE', #1008, #1382, #863, .T. ) ;
#108 = CARTESIAN_POINT ( 'NONE',  ( -25.09003493517225536, 41.58995571664326718, -3.328322064017021020 ) ) ;
#109 = ORIENTED_EDGE ( 'NONE', *, *, #1435, .F. ) ;
#110 = EDGE_LOOP ( 'NONE', ( #683, #806 ) ) ;
#111 = CARTESIAN_POINT ( 'NONE',  ( -25.06057938236913429, 52.40933823589795537, -9.792364114570256461 ) ) ;
#112 = VECTOR ( 'NONE', #560, 1000.000000000000227 ) ;
#113 = ORIENTED_EDGE ( 'NONE', *, *, #651, .F. ) ;
#114 = CARTESIAN_POINT ( 'NONE',  ( -26.00000000000000000, 52.82333743706326601, 9.649012497419098722 ) ) ;
#115 = CARTESIAN_POINT ( 'NONE',  ( -3.999999999999996447, 37.97687999291370176, -10.18478381521523346 ) ) ;
#116 = DIRECTION ( 'NONE',  ( 0.000000000000000000, -0.9999089513488190750, 0.01349403618289144943 ) ) ;
#117 = B_SPLINE_CURVE_WITH_KNOTS ( 'NONE', 3,
 ( #1002, #1096, #1106, #853, #374, #1011 ),
 .UNSPECIFIED., .F., .F.,
 ( 4, 2, 4 ),
 ( 0.000000000000000000, 0.003735344898917326243, 0.007470689797834652486 ),
 .UNSPECIFIED. ) ;
#118 = CARTESIAN_POINT ( 'NONE',  ( 0.000000000000000000, 45.56515138991167646, -9.699999999999999289 ) ) ;
#119 = EDGE_CURVE ( 'NONE', #786, #317, #1177, .T. ) ;
#120 = EDGE_CURVE ( 'NONE', #316, #1553, #952, .T. ) ;
#121 = EDGE_LOOP ( 'NONE', ( #41, #1080, #175, #845 ) ) ;
#122 = FACE_OUTER_BOUND ( 'NONE', #1050, .T. ) ;
#123 = EDGE_LOOP ( 'NONE', ( #217, #2, #606, #959 ) ) ;
#124 = PLANE ( 'NONE',  #1579 ) ;
#125 = DIRECTION ( 'NONE',  ( -0.000000000000000000, -0.000000000000000000, -1.000000000000000000 ) ) ;
#126 = CARTESIAN_POINT ( 'NONE',  ( 0.000000000000000000, 39.58995571664326718, 0.000000000000000000 ) ) ;
#127 = VERTEX_POINT ( 'NONE', #995 ) ;
#128 = EDGE_CURVE ( 'NONE', #1426, #1203, #1477, .T. ) ;
#129 = CARTESIAN_POINT ( 'NONE',  ( 22.07468821380698998, 39.58995571664326718, 0.000000000000000000 ) ) ;
#130 = VERTEX_POINT ( 'NONE', #745 ) ;
#131 = CARTESIAN_POINT ( 'NONE',  ( -11.25000000000000000, 49.19424441348748900, -11.00000000000000000 ) ) ;
#132 = CARTESIAN_POINT ( 'NONE',  ( -1.999999999999996669, 46.66598861651589658, -13.79717507775179897 ) ) ;
#133 = B_SPLINE_CURVE_WITH_KNOTS ( 'NONE', 3,
 ( #165, #1535, #38, #546, #1031, #180, #528, #1048, #1557, #292, #554, #298, #1294, #1054 ),
 .UNSPECIFIED., .F., .F.,
 ( 4, 2, 2, 2, 2, 2, 4 ),
 ( 0.000000000000000000, 0.0007774065129989995255, 0.001554813025997999051, 0.002332219538996998468, 0.003109626051995998102, 0.004664439077993992600, 0.006219252103991987531 ),
 .UNSPECIFIED. ) ;
#134 = DIRECTION ( 'NONE',  ( -0.000000000000000000, -0.3985875388758887139, 0.9171302927353680579 ) ) ;
#135 = DIRECTION ( 'NONE',  ( 0.000000000000000000, 0.000000000000000000, -1.000000000000000000 ) ) ;
#136 = VECTOR ( 'NONE', #1567, 1000.000000000000227 ) ;
#137 = VERTEX_POINT ( 'NONE', #753 ) ;
#138 = ORIENTED_EDGE ( 'NONE', *, *, #1110, .F. ) ;
#139 = ADVANCED_FACE ( 'NONE', ( #1116 ), #510, .F. ) ;
#140 = CARTESIAN_POINT ( 'NONE',  ( 0.000000000000000000, 45.56515138991167646, -9.699999999999999289 ) ) ;
#141 = CARTESIAN_POINT ( 'NONE',  ( -5.009456774416503499, 52.22629973427969929, 11.03860975422102442 ) ) ;
#142 = VECTOR ( 'NONE', #899, 1000.000000000000000 ) ;
#143 = LINE ( 'NONE', #495, #42 ) ;
#144 = DIRECTION ( 'NONE',  ( -0.9349444737307782693, 0.3547940684964701608, 0.000000000000000000 ) ) ;
#145 = CARTESIAN_POINT ( 'NONE',  ( 22.07468821380698998, 39.58995571664326718, 11.00000000000000000 ) ) ;
#146 = ORIENTED_EDGE ( 'NONE', *, *, #1155, .F. ) ;
#147 = ORIENTED_EDGE ( 'NONE', *, *, #700, .T. ) ;
#148 = CARTESIAN_POINT ( 'NONE',  ( -7.678144090001097766, 39.58995571664326718, 11.00000000000000000 ) ) ;
#149 = LINE ( 'NONE', #1407, #142 ) ;
#150 = APPLICATION_PROTOCOL_DEFINITION ( 'draft international standard', 'automotive_design', 1998, #1509 ) ;
#151 = CYLINDRICAL_SURFACE ( 'NONE', #98, 1.750000000000003331 ) ;
#152 = EDGE_CURVE ( 'NONE', #161, #81, #764, .T. ) ;
#153 = CARTESIAN_POINT ( 'NONE',  ( -11.25000000000000000, 49.19424441348748900, -9.748975571730957412 ) ) ;
#154 = ORIENTED_EDGE ( 'NONE', *, *, #96, .T. ) ;
#155 = ORIENTED_EDGE ( 'NONE', *, *, #376, .T. ) ;
#156 = CARTESIAN_POINT ( 'NONE',  ( -26.93494447373080902, 53.12062498639160424, 9.782902279060801121 ) ) ;
#157 = CARTESIAN_POINT ( 'NONE',  ( -1.999999999999996669, 46.66598861651589658, -13.79717507775179897 ) ) ;
#158 = DIRECTION ( 'NONE',  ( 0.000000000000000000, -1.387778780781445873E-15, -1.000000000000000000 ) ) ;
#159 = EDGE_CURVE ( 'NONE', #1242, #887, #1496, .T. ) ;
#160 =( BOUNDED_CURVE ( )  B_SPLINE_CURVE ( 3, ( #1626, #1497, #254, #1489 ),
 .UNSPECIFIED., .F., .T. ) 
 B_SPLINE_CURVE_WITH_KNOTS ( ( 4, 4 ),
 ( 0.002492308099309462500, 1.570796326794947406 ),
 .UNSPECIFIED. ) 
 CURVE ( )  GEOMETRIC_REPRESENTATION_ITEM ( )  RATIONAL_B_SPLINE_CURVE ( ( 1.000000000000000000, 0.8053249306029496291, 0.8053249306029496291, 1.000000000000000000 ) ) 
 REPRESENTATION_ITEM ( '' )  );
#161 = VERTEX_POINT ( 'NONE', #383 ) ;
#162 = AXIS2_PLACEMENT_3D ( 'NONE', #473, #1358, #1616 ) ;
#163 = DIRECTION ( 'NONE',  ( 1.000000000000000000, 0.000000000000000000, 0.000000000000000000 ) ) ;
#164 = CARTESIAN_POINT ( 'NONE',  ( -4.905787477956667253, 45.87161521075595516, -11.26969718688843791 ) ) ;
#165 = CARTESIAN_POINT ( 'NONE',  ( -1.999999999999996669, 46.66598861651589658, 13.79717507775179897 ) ) ;
#166 = LINE ( 'NONE', #1558, #600 ) ;
#167 = ORIENTED_EDGE ( 'NONE', *, *, #314, .T. ) ;
#168 = ADVANCED_FACE ( 'NONE', ( #104 ), #1352, .T. ) ;
#169 = CARTESIAN_POINT ( 'NONE',  ( -29.03306687263482289, 40.95463239002584288, -8.699999999999997513 ) ) ;
#170 = CARTESIAN_POINT ( 'NONE',  ( -5.369519824697055910, 52.24307964770471102, 10.99999999999999822 ) ) ;
#171 =( BOUNDED_CURVE ( )  B_SPLINE_CURVE ( 3, ( #674, #963, #447, #1208 ),
 .UNSPECIFIED., .F., .T. ) 
 B_SPLINE_CURVE_WITH_KNOTS ( ( 4, 4 ),
 ( 6.280692945326662446, 6.283185253425925154 ),
 .UNSPECIFIED. ) 
 CURVE ( )  GEOMETRIC_REPRESENTATION_ITEM ( )  RATIONAL_B_SPLINE_CURVE ( ( 1.000000000000000000, 0.9999994823667617272, 0.9999994823667617272, 1.000000000000000000 ) ) 
 REPRESENTATION_ITEM ( '' )  );
#172 = CARTESIAN_POINT ( 'NONE',  ( -39.27453121279102533, 14.96658118523193259, 8.914924993677677989 ) ) ;
#173 = CYLINDRICAL_SURFACE ( 'NONE', #859, 1.000000000000000888 ) ;
#174 = AXIS2_PLACEMENT_3D ( 'NONE', #1473, #732, #346 ) ;
#175 = ORIENTED_EDGE ( 'NONE', *, *, #107, .T. ) ;
#176 = PRODUCT_DEFINITION_FORMATION_WITH_SPECIFIED_SOURCE ( 'ANY', '', #22, .NOT_KNOWN. ) ;
#177 = CIRCLE ( 'NONE', #437, 4.999999999999999112 ) ;
#178 = LINE ( 'NONE', #714, #869 ) ;
#179 = CARTESIAN_POINT ( 'NONE',  ( -25.09003493517225536, 41.58995571664326718, 3.328322064017021020 ) ) ;
#180 = CARTESIAN_POINT ( 'NONE',  ( -3.053051616227573817, 46.73489172661098934, 12.35708199207411973 ) ) ;
#181 = LINE ( 'NONE', #1295, #662 ) ;
#182 = VERTEX_POINT ( 'NONE', #349 ) ;
#183 = CIRCLE ( 'NONE', #742, 1.000000000000002220 ) ;
#184 = DIRECTION ( 'NONE',  ( 1.000000000000000000, 0.000000000000000000, 0.000000000000000000 ) ) ;
#185 = DIRECTION ( 'NONE',  ( 0.000000000000000000, -0.000000000000000000, 1.000000000000000000 ) ) ;
#186 = EDGE_CURVE ( 'NONE', #1000, #356, #1609, .T. ) ;
#187 = DIRECTION ( 'NONE',  ( 0.000000000000000000, 0.000000000000000000, -1.000000000000000000 ) ) ;
#188 = VERTEX_POINT ( 'NONE', #1125 ) ;
#189 = EDGE_CURVE ( 'NONE', #786, #1101, #1488, .T. ) ;
#190 = VERTEX_POINT ( 'NONE', #6 ) ;
#191 = CARTESIAN_POINT ( 'NONE',  ( -30.48213054065174177, 40.95463239002584288, 8.699999999999999289 ) ) ;
#192 = LINE ( 'NONE', #1305, #809 ) ;
#193 = DIRECTION ( 'NONE',  ( 0.000000000000000000, -1.000000000000000000, 0.000000000000000000 ) ) ;
#194 = PLANE ( 'NONE',  #342 ) ;
#195 = EDGE_CURVE ( 'NONE', #688, #190, #562, .T. ) ;
#196 = EDGE_LOOP ( 'NONE', ( #491, #1512, #1528, #896, #109, #224, #423 ) ) ;
#197 = VERTEX_POINT ( 'NONE', #375 ) ;
#198 = CIRCLE ( 'NONE', #1411, 5.000000000000000000 ) ;
#199 = DIRECTION ( 'NONE',  ( 0.000000000000000000, 0.000000000000000000, -1.000000000000000000 ) ) ;
#200 = DIRECTION ( 'NONE',  ( 0.000000000000000000, 0.9999753268147639762, -0.007024653849540345683 ) ) ;
#201 = ORIENTED_EDGE ( 'NONE', *, *, #71, .T. ) ;
#202 = DIRECTION ( 'NONE',  ( 1.000000000000000000, 0.000000000000000000, 0.000000000000000000 ) ) ;
#203 = VERTEX_POINT ( 'NONE', #891 ) ;
#204 = EDGE_CURVE ( 'NONE', #1382, #628, #1402, .T. ) ;
#205 = ORIENTED_EDGE ( 'NONE', *, *, #1282, .F. ) ;
#206 = CARTESIAN_POINT ( 'NONE',  ( -11.25000000000000000, 49.19424441348748900, -9.748975571730957412 ) ) ;
#207 = PLANE ( 'NONE',  #1247 ) ;
#208 = ORIENTED_EDGE ( 'NONE', *, *, #1584, .F. ) ;
#209 = CARTESIAN_POINT ( 'NONE',  ( -3.310308354110625739, 51.97470928726611561, -11.61750697958267509 ) ) ;
#210 = ORIENTED_EDGE ( 'NONE', *, *, #239, .T. ) ;
#211 = APPLICATION_CONTEXT ( 'automotive_design' ) ;
#212 = ORIENTED_EDGE ( 'NONE', *, *, #27, .F. ) ;
#213 = VECTOR ( 'NONE', #1376, 1000.000000000000114 ) ;
#214 = ORIENTED_EDGE ( 'NONE', *, *, #159, .T. ) ;
#215 = DIRECTION ( 'NONE',  ( 0.000000000000000000, -0.000000000000000000, -1.000000000000000000 ) ) ;
#216 = LINE ( 'NONE', #1348, #1377 ) ;
#217 = ORIENTED_EDGE ( 'NONE', *, *, #686, .T. ) ;
#218 = DIRECTION ( 'NONE',  ( 1.000000000000000000, 0.000000000000000000, 0.000000000000000000 ) ) ;
#219 = DIRECTION ( 'NONE',  ( 1.000000000000000000, 0.000000000000000000, -0.000000000000000000 ) ) ;
#220 = ORIENTED_EDGE ( 'NONE', *, *, #119, .T. ) ;
#221 =( BOUNDED_SURFACE ( )  B_SPLINE_SURFACE ( 3, 2, ( 
 ( #58, #1188, #1307 ),
 ( #1591, #455, #1081 ),
 ( #846, #1456, #1432 ),
 ( #1438, #692, #1332 ) ),
 .UNSPECIFIED., .F., .F., .T. ) 
 B_SPLINE_SURFACE_WITH_KNOTS ( ( 4, 4 ),
 ( 3, 3 ),
 ( 0.6171924960909682678, 0.7337433845318903636 ),
 ( 0.000000000000000000, 1.000000000000000000 ),
 .UNSPECIFIED. ) 
 GEOMETRIC_REPRESENTATION_ITEM ( )  RATIONAL_B_SPLINE_SURFACE ( (
 ( 1.000000000000000000, 0.8197795683733640759, 1.000000000000000000),
 ( 1.000000000000000000, 0.8542064726496523264, 1.000000000000000000),
 ( 1.000000000000000000, 0.8853870025663898025, 1.000000000000000000),
 ( 1.000000000000000000, 0.9109564587611127529, 1.000000000000000000) ) ) 
 REPRESENTATION_ITEM ( '' )  SURFACE ( )  );
#222 = LINE ( 'NONE', #723, #1221 ) ;
#223 = CARTESIAN_POINT ( 'NONE',  ( -29.03306687263482289, 41.95463239002584288, 8.699999999999999289 ) ) ;
#224 = ORIENTED_EDGE ( 'NONE', *, *, #409, .T. ) ;
#225 = ADVANCED_FACE ( 'NONE', ( #404 ), #928, .F. ) ;
#226 = DIRECTION ( 'NONE',  ( 0.000000000000000000, 0.000000000000000000, -1.000000000000000000 ) ) ;
#227 = DIRECTION ( 'NONE',  ( 0.000000000000000000, -0.4451984283688384947, -0.8954319401148901347 ) ) ;
#228 = AXIS2_PLACEMENT_3D ( 'NONE', #172, #1281, #406 ) ;
#229 = VECTOR ( 'NONE', #547, 1000.000000000000000 ) ;
#230 = CARTESIAN_POINT ( 'NONE',  ( -25.09003493517225536, 39.58995571664326718, 3.328322064017021020 ) ) ;
#231 = FACE_OUTER_BOUND ( 'NONE', #29, .T. ) ;
#232 = ORIENTED_EDGE ( 'NONE', *, *, #288, .F. ) ;
#233 = DIRECTION ( 'NONE',  ( 0.000000000000000000, -0.9778107315585977677, 0.2094902700576799504 ) ) ;
#234 = ORIENTED_EDGE ( 'NONE', *, *, #940, .F. ) ;
#235 = DIRECTION ( 'NONE',  ( 0.000000000000000000, 0.9778107315585976567, 0.2094902700576806165 ) ) ;
#236 = DIRECTION ( 'NONE',  ( -0.000000000000000000, 1.000000000000000000, -0.000000000000000000 ) ) ;
#237 = EDGE_CURVE ( 'NONE', #759, #371, #588, .T. ) ;
#238 = CARTESIAN_POINT ( 'NONE',  ( -26.00000000000003553, 52.76583091789515123, -9.380355337730819087 ) ) ;
#239 = EDGE_CURVE ( 'NONE', #1063, #1403, #149, .T. ) ;
#240 = LINE ( 'NONE', #1137, #609 ) ;
#241 = ORIENTED_EDGE ( 'NONE', *, *, #552, .F. ) ;
#242 = DIRECTION ( 'NONE',  ( 0.1481087390254297309, 0.3902924523227679354, -0.9086999521757316289 ) ) ;
#243 = ORIENTED_EDGE ( 'NONE', *, *, #489, .T. ) ;
#244 = CARTESIAN_POINT ( 'NONE',  ( -30.03306687263482289, 41.95463239002584288, 9.699999999999999289 ) ) ;
#245 = CARTESIAN_POINT ( 'NONE',  ( 0.000000000000000000, 44.83172803104507409, 13.00000000000006750 ) ) ;
#246 = CARTESIAN_POINT ( 'NONE',  ( 0.000000000000000000, 45.56515138991168357, 4.000000000000000000 ) ) ;
#247 = EDGE_CURVE ( 'NONE', #344, #1201, #563, .T. ) ;
#248 = ORIENTED_EDGE ( 'NONE', *, *, #389, .F. ) ;
#249 = CARTESIAN_POINT ( 'NONE',  ( -1.999999999999996669, 46.66598861651589658, 13.79717507775179897 ) ) ;
#250 = ORIENTED_EDGE ( 'NONE', *, *, #1274, .T. ) ;
#251 = AXIS2_PLACEMENT_3D ( 'NONE', #223, #1130, #972 ) ;
#252 = LINE ( 'NONE', #1513, #266 ) ;
#253 = CARTESIAN_POINT ( 'NONE',  ( -26.93494447373080902, 53.12062498639160424, -9.797175077751733241 ) ) ;
#254 = CARTESIAN_POINT ( 'NONE',  ( -26.00000000000003553, 52.76583091789514413, 9.236526274173632700 ) ) ;
#255 = DIRECTION ( 'NONE',  ( 0.000000000000000000, 0.000000000000000000, -1.000000000000000000 ) ) ;
#256 = DIRECTION ( 'NONE',  ( 1.000000000000000000, 0.000000000000000000, 0.000000000000000000 ) ) ;
#257 = ADVANCED_FACE ( 'NONE', ( #1045, #649 ), #668, .T. ) ;
#258 = ORIENTED_EDGE ( 'NONE', *, *, #500, .F. ) ;
#259 = DIRECTION ( 'NONE',  ( -0.3547940684964693281, -0.9349444737307787134, -0.000000000000000000 ) ) ;
#260 = ORIENTED_EDGE ( 'NONE', *, *, #1393, .T. ) ;
#261 = FACE_OUTER_BOUND ( 'NONE', #1540, .T. ) ;
#262 = DIRECTION ( 'NONE',  ( -1.000000000000000000, 0.000000000000000000, 0.000000000000000000 ) ) ;
#263 = FACE_OUTER_BOUND ( 'NONE', #460, .T. ) ;
#264 = CARTESIAN_POINT ( 'NONE',  ( -1.999999999999996669, 51.47521139259595913, 12.76682703020822451 ) ) ;
#265 = AXIS2_PLACEMENT_3D ( 'NONE', #108, #255, #774 ) ;
#266 = VECTOR ( 'NONE', #358, 1000.000000000000000 ) ;
#267 = DIRECTION ( 'NONE',  ( 0.000000000000000000, 0.000000000000000000, -1.000000000000000000 ) ) ;
#268 = AXIS2_PLACEMENT_3D ( 'NONE', #1624, #611, #501 ) ;
#269 = ORIENTED_EDGE ( 'NONE', *, *, #152, .T. ) ;
#270 = EDGE_LOOP ( 'NONE', ( #779, #645, #205, #1198, #540, #337, #743, #1573, #1303, #449 ) ) ;
#271 = ADVANCED_FACE ( 'NONE', ( #772 ), #1265, .F. ) ;
#272 = DIRECTION ( 'NONE',  ( -5.198225933642879202E-14, 0.000000000000000000, -1.000000000000000000 ) ) ;
#273 = CARTESIAN_POINT ( 'NONE',  ( -2.100070971515722196, 46.76316575295859934, -13.57357527369310546 ) ) ;
#274 = AXIS2_PLACEMENT_3D ( 'NONE', #1543, #915, #1413 ) ;
#275 = CARTESIAN_POINT ( 'NONE',  ( 0.000000000000000000, 34.58995571664327429, -6.506639725214131253 ) ) ;
#276 = LINE ( 'NONE', #784, #1547 ) ;
#277 = ORIENTED_EDGE ( 'NONE', *, *, #570, .F. ) ;
#278 = ORIENTED_EDGE ( 'NONE', *, *, #791, .T. ) ;
#279 = DIRECTION ( 'NONE',  ( 0.000000000000000000, 1.000000000000000000, 0.000000000000000000 ) ) ;
#280 = CARTESIAN_POINT ( 'NONE',  ( -3.245161067124104903, 46.66913829927907642, -12.19282012148758199 ) ) ;
#281 = EDGE_CURVE ( 'NONE', #21, #1000, #70, .T. ) ;
#282 = VECTOR ( 'NONE', #469, 1000.000000000000000 ) ;
#283 = VERTEX_POINT ( 'NONE', #1549 ) ;
#284 = LINE ( 'NONE', #787, #613 ) ;
#285 = CARTESIAN_POINT ( 'NONE',  ( -3.640753752013604405, 46.51072387098567873, -11.90064163279246756 ) ) ;
#286 = EDGE_CURVE ( 'NONE', #897, #665, #14, .T. ) ;
#287 = CARTESIAN_POINT ( 'NONE',  ( -29.03306687263482289, 41.95463239002584288, 9.699999999999999289 ) ) ;
#288 = EDGE_CURVE ( 'NONE', #1000, #1242, #1053, .T. ) ;
#289 = ORIENTED_EDGE ( 'NONE', *, *, #570, .T. ) ;
#290 = VECTOR ( 'NONE', #590, 1000.000000000000000 ) ;
#291 = CARTESIAN_POINT ( 'NONE',  ( -5.783430827454797196, 45.36710444004458509, -11.05354546103033897 ) ) ;
#292 = CARTESIAN_POINT ( 'NONE',  ( -4.477544127155950626, 46.10809569050734069, 11.43001176613237213 ) ) ;
#293 = DIRECTION ( 'NONE',  ( 1.000000000000000000, 0.000000000000000000, 0.000000000000000000 ) ) ;
#294 = EDGE_CURVE ( 'NONE', #332, #1374, #976, .T. ) ;
#295 = EDGE_LOOP ( 'NONE', ( #212, #549, #220, #1583 ) ) ;
#296 = CARTESIAN_POINT ( 'NONE',  ( 8.673617379884035472E-16, 41.58995571664326718, -3.328322064017021020 ) ) ;
#297 = CARTESIAN_POINT ( 'NONE',  ( 0.000000000000000000, 39.58995571664326718, 6.506639725214131253 ) ) ;
#298 = CARTESIAN_POINT ( 'NONE',  ( -5.783446538511650026, 45.36709517933976343, 11.05354279454673616 ) ) ;
#299 = CARTESIAN_POINT ( 'NONE',  ( -14.75000000000000533, 49.19424441348748900, 9.674506248709548117 ) ) ;
#300 = VECTOR ( 'NONE', #1079, 1000.000000000000000 ) ;
#301 = ORIENTED_EDGE ( 'NONE', *, *, #579, .F. ) ;
#302 = EDGE_CURVE ( 'NONE', #1114, #740, #171, .T. ) ;
#303 = VECTOR ( 'NONE', #1378, 1000.000000000000000 ) ;
#304 = VECTOR ( 'NONE', #681, 1000.000000000000000 ) ;
#305 = ADVANCED_BREP_SHAPE_REPRESENTATION ( 'bee eyes', ( #1482, #888 ), #1381 ) ;
#306 = CARTESIAN_POINT ( 'NONE',  ( -7.678144090001097766, 39.58995571664326718, 6.506639725214131253 ) ) ;
#307 = CARTESIAN_POINT ( 'NONE',  ( 0.000000000000000000, 52.76583091789510149, -9.797175077751770544 ) ) ;
#308 = CARTESIAN_POINT ( 'NONE',  ( 0.000000000000000000, 34.58995571664327429, 6.506639725214131253 ) ) ;
#309 = ORIENTED_EDGE ( 'NONE', *, *, #288, .T. ) ;
#310 = VERTEX_POINT ( 'NONE', #796 ) ;
#311 = AXIS2_PLACEMENT_3D ( 'NONE', #246, #386, #350 ) ;
#312 = DIRECTION ( 'NONE',  ( -1.000000000000000000, 0.000000000000000000, 0.000000000000000000 ) ) ;
#313 = CARTESIAN_POINT ( 'NONE',  ( -26.00000000000000000, 45.56515138991166936, 9.699999999999999289 ) ) ;
#314 = EDGE_CURVE ( 'NONE', #467, #897, #815, .T. ) ;
#315 = DIRECTION ( 'NONE',  ( 1.000000000000000000, 0.000000000000000000, 0.000000000000000000 ) ) ;
#316 = VERTEX_POINT ( 'NONE', #706 ) ;
#317 = VERTEX_POINT ( 'NONE', #697 ) ;
#318 = LINE ( 'NONE', #1319, #775 ) ;
#319 = DIRECTION ( 'NONE',  ( 0.000000000000000000, -0.000000000000000000, -1.000000000000000000 ) ) ;
#320 = CARTESIAN_POINT ( 'NONE',  ( 0.000000000000000000, 51.47521139259595202, -12.76682703020822274 ) ) ;
#321 = ORIENTED_EDGE ( 'NONE', *, *, #1180, .T. ) ;
#322 = ADVANCED_FACE ( 'NONE', ( #685 ), #835, .F. ) ;
#323 = VECTOR ( 'NONE', #363, 1000.000000000000227 ) ;
#324 = ORIENTED_EDGE ( 'NONE', *, *, #701, .F. ) ;
#325 = EDGE_LOOP ( 'NONE', ( #785, #695, #1502, #329 ) ) ;
#326 = VECTOR ( 'NONE', #15, 1000.000000000000000 ) ;
#327 = CARTESIAN_POINT ( 'NONE',  ( 0.000000000000000000, 45.56515138991166936, 9.699999999999999289 ) ) ;
#328 = FACE_OUTER_BOUND ( 'NONE', #852, .T. ) ;
#329 = ORIENTED_EDGE ( 'NONE', *, *, #593, .T. ) ;
#330 = DIRECTION ( 'NONE',  ( 1.000000000000000000, 0.000000000000000000, 0.000000000000000000 ) ) ;
#331 = CARTESIAN_POINT ( 'NONE',  ( -29.03306687263482289, 40.95463239002584288, 9.699999999999999289 ) ) ;
#332 = VERTEX_POINT ( 'NONE', #1437 ) ;
#333 = AXIS2_PLACEMENT_3D ( 'NONE', #308, #1068, #574 ) ;
#334 = ORIENTED_EDGE ( 'NONE', *, *, #1228, .F. ) ;
#335 = CARTESIAN_POINT ( 'NONE',  ( -1.999999999999996669, 44.83172803104507409, 13.00000000000006750 ) ) ;
#336 = DIRECTION ( 'NONE',  ( -0.9349444737307787134, 0.3547940684964693836, 0.000000000000000000 ) ) ;
#337 = ORIENTED_EDGE ( 'NONE', *, *, #1449, .T. ) ;
#338 = DIRECTION ( 'NONE',  ( -0.1495554393804390259, -0.3941047609890098724, -0.9068156416369973494 ) ) ;
#339 = PLANE ( 'NONE',  #618 ) ;
#340 = VECTOR ( 'NONE', #654, 1000.000000000000000 ) ;
#341 = ORIENTED_EDGE ( 'NONE', *, *, #500, .T. ) ;
#342 = AXIS2_PLACEMENT_3D ( 'NONE', #1592, #838, #699 ) ;
#343 = EDGE_CURVE ( 'NONE', #720, #1213, #74, .T. ) ;
#344 = VERTEX_POINT ( 'NONE', #307 ) ;
#345 = DIRECTION ( 'NONE',  ( 0.000000000000000000, 0.000000000000000000, -1.000000000000000000 ) ) ;
#346 = DIRECTION ( 'NONE',  ( 0.000000000000000000, -0.000000000000000000, -1.000000000000000000 ) ) ;
#347 = EDGE_LOOP ( 'NONE', ( #1384, #68, #1129, #1461 ) ) ;
#348 = CARTESIAN_POINT ( 'NONE',  ( -29.03306687263481578, 40.95463239002584288, -8.699999999999997513 ) ) ;
#349 = CARTESIAN_POINT ( 'NONE',  ( -14.75000000000000533, 49.19424441348748900, -11.00000000000000000 ) ) ;
#350 = DIRECTION ( 'NONE',  ( 0.000000000000000000, 0.000000000000000000, -1.000000000000000000 ) ) ;
#351 = ORIENTED_EDGE ( 'NONE', *, *, #677, .F. ) ;
#352 = ORIENTED_EDGE ( 'NONE', *, *, #822, .T. ) ;
#353 = EDGE_CURVE ( 'NONE', #637, #21, #66, .T. ) ;
#354 = CARTESIAN_POINT ( 'NONE',  ( -29.03306687263482289, 41.95463239002584288, 8.699999999999999289 ) ) ;
#355 = CARTESIAN_POINT ( 'NONE',  ( 0.000000000000000000, 40.95463239002584288, 8.699999999999999289 ) ) ;
#356 = VERTEX_POINT ( 'NONE', #573 ) ;
#357 = ADVANCED_FACE ( 'NONE', ( #1193 ), #1300, .T. ) ;
#358 = DIRECTION ( 'NONE',  ( 3.568180000382621334E-16, 0.000000000000000000, -1.000000000000000000 ) ) ;
#359 = DIRECTION ( 'NONE',  ( -0.000000000000000000, -0.000000000000000000, -1.000000000000000000 ) ) ;
#360 = CARTESIAN_POINT ( 'NONE',  ( -26.00000000000000000, 45.56515138991167646, -9.699999999999999289 ) ) ;
#361 = CARTESIAN_POINT ( 'NONE',  ( 0.000000000000000000, 52.82333743706326601, 9.649012497419098722 ) ) ;
#362 = VERTEX_POINT ( 'NONE', #297 ) ;
#363 = DIRECTION ( 'NONE',  ( 0.9349444737307784914, -0.3547940684964696056, -0.000000000000000000 ) ) ;
#364 = VERTEX_POINT ( 'NONE', #439 ) ;
#365 = CYLINDRICAL_SURFACE ( 'NONE', #1103, 4.999999999999999112 ) ;
#366 = DIRECTION ( 'NONE',  ( 1.000000000000000000, 0.000000000000000000, 0.000000000000000000 ) ) ;
#367 = ADVANCED_FACE ( 'NONE', ( #328 ), #207, .T. ) ;
#368 = CARTESIAN_POINT ( 'NONE',  ( 22.07468821380698998, 39.58995571664326718, -11.00000000000000000 ) ) ;
#369 = PLANE ( 'NONE',  #311 ) ;
#370 = AXIS2_PLACEMENT_3D ( 'NONE', #690, #56, #1444 ) ;
#371 = VERTEX_POINT ( 'NONE', #582 ) ;
#372 = CARTESIAN_POINT ( 'NONE',  ( -3.197770491017280392, 44.50464745601313155, 10.99999999999999822 ) ) ;
#373 = ORIENTED_EDGE ( 'NONE', *, *, #1071, .T. ) ;
#374 = CARTESIAN_POINT ( 'NONE',  ( -5.965005736718160811, 51.01695311751568340, 11.00000000000000000 ) ) ;
#375 = CARTESIAN_POINT ( 'NONE',  ( -26.00000000000000000, 52.82333743706326601, 9.649012497419098722 ) ) ;
#376 = EDGE_CURVE ( 'NONE', #21, #1092, #808, .T. ) ;
#377 = PLANE ( 'NONE',  #1182 ) ;
#378 = EDGE_LOOP ( 'NONE', ( #373, #1296, #728 ) ) ;
#379 = CYLINDRICAL_SURFACE ( 'NONE', #530, 1.750000000000003331 ) ;
#380 = ORIENTED_EDGE ( 'NONE', *, *, #1046, .F. ) ;
#381 = AXIS2_PLACEMENT_3D ( 'NONE', #129, #507, #1614 ) ;
#382 = LINE ( 'NONE', #244, #424 ) ;
#383 = CARTESIAN_POINT ( 'NONE',  ( 0.000000000000000000, 37.97687999291370176, -10.18478381521523346 ) ) ;
#384 = DIRECTION ( 'NONE',  ( -0.000000000000000000, -0.000000000000000000, -1.000000000000000000 ) ) ;
#385 = COLOUR_RGB ( '',0.7921568627450980005, 0.8196078431372548767, 0.9333333333333333481 ) ;
#386 = DIRECTION ( 'NONE',  ( 1.000000000000000000, 0.000000000000000000, 0.000000000000000000 ) ) ;
#387 = VECTOR ( 'NONE', #1175, 1000.000000000000000 ) ;
#388 = DIRECTION ( 'NONE',  ( -1.000000000000000000, 0.000000000000000000, 0.000000000000000000 ) ) ;
#389 = EDGE_CURVE ( 'NONE', #1063, #1211, #1179, .T. ) ;
#390 = VERTEX_POINT ( 'NONE', #1562 ) ;
#391 = VERTEX_POINT ( 'NONE', #431 ) ;
#392 =( BOUNDED_CURVE ( )  B_SPLINE_CURVE ( 3, ( #446, #559, #1304, #452 ),
 .UNSPECIFIED., .F., .T. ) 
 B_SPLINE_CURVE_WITH_KNOTS ( ( 4, 4 ),
 ( 2.367694256801921252E-15, 1.570796326794903663 ),
 .UNSPECIFIED. ) 
 CURVE ( )  GEOMETRIC_REPRESENTATION_ITEM ( )  RATIONAL_B_SPLINE_CURVE ( ( 1.000000000000000000, 0.8047378541243639383, 0.8047378541243639383, 1.000000000000000000 ) ) 
 REPRESENTATION_ITEM ( '' )  );
#393 = FACE_OUTER_BOUND ( 'NONE', #578, .T. ) ;
#394 = CARTESIAN_POINT ( 'NONE',  ( -2.458013757715967085, 51.70165621975719006, 12.24578863746644863 ) ) ;
#395 = DIRECTION ( 'NONE',  ( 1.000000000000000000, 0.000000000000000000, 0.000000000000000000 ) ) ;
#396 = DIRECTION ( 'NONE',  ( 1.000000000000000000, 0.000000000000000000, 0.000000000000000000 ) ) ;
#397 = CIRCLE ( 'NONE', #1467, 1.000000000000002220 ) ;
#398 = CARTESIAN_POINT ( 'NONE',  ( 0.000000000000000000, 51.47521139259595913, 12.76682703020822451 ) ) ;
#399 = AXIS2_PLACEMENT_3D ( 'NONE', #1495, #623, #5 ) ;
#400 = ORIENTED_EDGE ( 'NONE', *, *, #409, .F. ) ;
#401 = EDGE_CURVE ( 'NONE', #1008, #182, #1452, .T. ) ;
#402 = ORIENTED_EDGE ( 'NONE', *, *, #1572, .T. ) ;
#403 = FACE_OUTER_BOUND ( 'NONE', #1433, .T. ) ;
#404 = FACE_OUTER_BOUND ( 'NONE', #347, .T. ) ;
#405 = VECTOR ( 'NONE', #1387, 1000.000000000000114 ) ;
#406 = DIRECTION ( 'NONE',  ( 0.9349444737307784914, -0.3547940684964698277, 0.000000000000000000 ) ) ;
#407 = CARTESIAN_POINT ( 'NONE',  ( 0.000000000000000000, 41.95463239002584288, 9.699999999999999289 ) ) ;
#408 = ORIENTED_EDGE ( 'NONE', *, *, #1228, .T. ) ;
#409 = EDGE_CURVE ( 'NONE', #197, #1213, #1429, .T. ) ;
#410 = DIRECTION ( 'NONE',  ( 0.000000000000000000, 0.000000000000000000, 1.000000000000000000 ) ) ;
#411 = CARTESIAN_POINT ( 'NONE',  ( -4.303489840164574254, 52.15900698465252106, 11.19344705630675918 ) ) ;
#412 = EDGE_CURVE ( 'NONE', #983, #317, #192, .T. ) ;
#413 = LINE ( 'NONE', #1167, #960 ) ;
#414 = CARTESIAN_POINT ( 'NONE',  ( 0.000000000000000000, 40.95463239002584288, 3.328322064017020576 ) ) ;
#415 = CIRCLE ( 'NONE', #1324, 2.000000000000067502 ) ;
#416 = VERTEX_POINT ( 'NONE', #1187 ) ;
#417 = CARTESIAN_POINT ( 'NONE',  ( -26.00000000000002842, 52.76583091789513702, 9.782902279060801121 ) ) ;
#418 = CARTESIAN_POINT ( 'NONE',  ( -3.317741998779025092, 51.97145251037158431, 11.62500066278985678 ) ) ;
#419 = AXIS2_PLACEMENT_3D ( 'NONE', #432, #202, #187 ) ;
#420 = APPLICATION_PROTOCOL_DEFINITION ( 'draft international standard', 'automotive_design', 1998, #211 ) ;
#421 = CARTESIAN_POINT ( 'NONE',  ( -11.25000000000000000, 49.19424441348748900, 9.674506248709548117 ) ) ;
#422 = EDGE_CURVE ( 'NONE', #182, #628, #57, .T. ) ;
#423 = ORIENTED_EDGE ( 'NONE', *, *, #343, .F. ) ;
#424 = VECTOR ( 'NONE', #763, 1000.000000000000000 ) ;
#425 = DIRECTION ( 'NONE',  ( 1.000000000000000000, 0.000000000000000000, 0.000000000000000000 ) ) ;
#426 = DIRECTION ( 'NONE',  ( 1.000000000000000000, 0.000000000000000000, 0.000000000000000000 ) ) ;
#427 =( NAMED_UNIT ( * ) SI_UNIT ( $, .STERADIAN. ) SOLID_ANGLE_UNIT ( ) );
#428 = EDGE_CURVE ( 'NONE', #1114, #720, #1568, .T. ) ;
#429 = ORIENTED_EDGE ( 'NONE', *, *, #1217, .T. ) ;
#430 = CARTESIAN_POINT ( 'NONE',  ( -11.25000000000000000, 45.69424441348748900, -9.701742144550999924 ) ) ;
#431 = CARTESIAN_POINT ( 'NONE',  ( -29.03306687263481578, 41.95463239002584288, -9.699999999999999289 ) ) ;
#432 = CARTESIAN_POINT ( 'NONE',  ( 0.000000000000000000, 41.95463239002584288, -8.699999999999997513 ) ) ;
#433 = ORIENTED_EDGE ( 'NONE', *, *, #1612, .T. ) ;
#434 = ORIENTED_EDGE ( 'NONE', *, *, #839, .T. ) ;
#435 = ADVANCED_FACE ( 'NONE', ( #1445 ), #1343, .F. ) ;
#436 = ADVANCED_FACE ( 'NONE', ( #1485 ), #1373, .F. ) ;
#437 = AXIS2_PLACEMENT_3D ( 'NONE', #275, #1536, #158 ) ;
#438 = DIRECTION ( 'NONE',  ( 0.9349444737307784914, -0.3547940684964696056, -0.000000000000000000 ) ) ;
#439 = CARTESIAN_POINT ( 'NONE',  ( 0.000000000000000000, 39.58995571664326718, -6.506639725214131253 ) ) ;
#440 = CARTESIAN_POINT ( 'NONE',  ( -4.474599281900333736, 52.17524746929458956, -11.15607850114331612 ) ) ;
#441 = ORIENTED_EDGE ( 'NONE', *, *, #1593, .T. ) ;
#442 =( BOUNDED_CURVE ( )  B_SPLINE_CURVE ( 3, ( #1428, #1462, #705, #684 ),
 .UNSPECIFIED., .F., .T. ) 
 B_SPLINE_CURVE_WITH_KNOTS ( ( 4, 4 ),
 ( 1.570796326794898112, 3.139100345490533073 ),
 .UNSPECIFIED. ) 
 CURVE ( )  GEOMETRIC_REPRESENTATION_ITEM ( )  RATIONAL_B_SPLINE_CURVE ( ( 1.000000000000000000, 0.8053249306029501842, 0.8053249306029501842, 1.000000000000000000 ) ) 
 REPRESENTATION_ITEM ( '' )  );
#443 = ORIENTED_EDGE ( 'NONE', *, *, #1326, .F. ) ;
#444 = EDGE_LOOP ( 'NONE', ( #957, #352, #596, #380 ) ) ;
#445 = EDGE_CURVE ( 'NONE', #190, #1403, #877, .T. ) ;
#446 = CARTESIAN_POINT ( 'NONE',  ( -27.66261965135271339, 45.56600070152892101, -9.699999999999999289 ) ) ;
#447 = CARTESIAN_POINT ( 'NONE',  ( -27.66466317628204408, 45.56529876244963617, 9.699998964733389073 ) ) ;
#448 = DIRECTION ( 'NONE',  ( -1.000000000000000000, 0.000000000000000000, 0.000000000000000000 ) ) ;
#449 = ORIENTED_EDGE ( 'NONE', *, *, #967, .T. ) ;
#450 = ORIENTED_EDGE ( 'NONE', *, *, #564, .F. ) ;
#451 = VERTEX_POINT ( 'NONE', #482 ) ;
#452 = CARTESIAN_POINT ( 'NONE',  ( -28.59532593841592174, 45.92669278366721386, -8.699999999999999289 ) ) ;
#453 = CARTESIAN_POINT ( 'NONE',  ( -26.00000000000000000, 52.82333743706326601, 9.649012497419098722 ) ) ;
#454 = ORIENTED_EDGE ( 'NONE', *, *, #908, .F. ) ;
#455 = CARTESIAN_POINT ( 'NONE',  ( -3.425432852158086572, 47.08828341644569093, -10.99999999999999822 ) ) ;
#456 = CARTESIAN_POINT ( 'NONE',  ( 0.000000000000000000, 45.56515138991166936, 9.699999999999999289 ) ) ;
#457 = ADVANCED_FACE ( 'NONE', ( #741 ), #1356, .T. ) ;
#458 = VECTOR ( 'NONE', #1104, 1000.000000000000114 ) ;
#459 = ORIENTED_EDGE ( 'NONE', *, *, #1593, .F. ) ;
#460 = EDGE_LOOP ( 'NONE', ( #1416, #1440, #907, #1206, #721 ) ) ;
#461 = LINE ( 'NONE', #580, #670 ) ;
#462 = CARTESIAN_POINT ( 'NONE',  ( -3.999999999999996447, 37.97687999291370176, -11.00000000000000000 ) ) ;
#463 = EDGE_LOOP ( 'NONE', ( #1141, #964, #1140, #1460 ) ) ;
#464 = CARTESIAN_POINT ( 'NONE',  ( -29.03306687263481578, 41.95463239002584288, 9.699999999999999289 ) ) ;
#465 = LINE ( 'NONE', #1075, #906 ) ;
#466 = EDGE_CURVE ( 'NONE', #89, #1520, #1224, .T. ) ;
#467 = VERTEX_POINT ( 'NONE', #1234 ) ;
#468 = ORIENTED_EDGE ( 'NONE', *, *, #60, .T. ) ;
#469 = DIRECTION ( 'NONE',  ( 1.000000000000000000, 0.000000000000000000, 0.000000000000000000 ) ) ;
#470 = DIRECTION ( 'NONE',  ( -0.3547658308191576348, -0.9348700625083320448, 0.01261631914863077519 ) ) ;
#471 = VECTOR ( 'NONE', #134, 1000.000000000000114 ) ;
#472 = VERTEX_POINT ( 'NONE', #111 ) ;
#473 = CARTESIAN_POINT ( 'NONE',  ( -7.678144090001097766, 34.58995571664327429, 0.000000000000000000 ) ) ;
#474 = CYLINDRICAL_SURFACE ( 'NONE', #538, 1.000000000000000888 ) ;
#475 = AXIS2_PLACEMENT_3D ( 'NONE', #327, #696, #807 ) ;
#476 = EDGE_CURVE ( 'NONE', #1374, #451, #216, .T. ) ;
#477 = EDGE_LOOP ( 'NONE', ( #1531, #450, #516, #1539 ) ) ;
#478 = AXIS2_PLACEMENT_3D ( 'NONE', #179, #953, #1330 ) ;
#479 = EDGE_CURVE ( 'NONE', #897, #533, #724, .T. ) ;
#480 = EDGE_LOOP ( 'NONE', ( #243, #992, #1328, #919 ) ) ;
#481 = SURFACE_STYLE_FILL_AREA ( #1016 ) ;
#482 = CARTESIAN_POINT ( 'NONE',  ( 8.673617379884035472E-16, 40.95463239002584288, -3.328322064017021020 ) ) ;
#483 = EDGE_LOOP ( 'NONE', ( #711, #1475, #1344, #1158, #277, #400 ) ) ;
#484 = LINE ( 'NONE', #114, #1310 ) ;
#485 = CARTESIAN_POINT ( 'NONE',  ( -3.999999999999996447, 37.97687999291370176, -11.00000000000000000 ) ) ;
#486 = LINE ( 'NONE', #1610, #303 ) ;
#487 = DIRECTION ( 'NONE',  ( -1.000000000000000000, 0.000000000000000000, 0.000000000000000000 ) ) ;
#488 = VERTEX_POINT ( 'NONE', #844 ) ;
#489 = EDGE_CURVE ( 'NONE', #832, #1083, #490, .T. ) ;
#490 = LINE ( 'NONE', #1492, #1042 ) ;
#491 = ORIENTED_EDGE ( 'NONE', *, *, #428, .F. ) ;
#492 = AXIS2_PLACEMENT_3D ( 'NONE', #360, #1013, #116 ) ;
#493 = CYLINDRICAL_SURFACE ( 'NONE', #399, 5.000000000000000000 ) ;
#494 = CARTESIAN_POINT ( 'NONE',  ( -27.66112759626105344, 45.56543449432488302, -9.700000000000001066 ) ) ;
#495 = CARTESIAN_POINT ( 'NONE',  ( -26.00000000000000000, 52.76583091789510149, 22.00000000000000355 ) ) ;
#496 = LINE ( 'NONE', #126, #900 ) ;
#497 = ORIENTED_EDGE ( 'NONE', *, *, #96, .F. ) ;
#498 = CARTESIAN_POINT ( 'NONE',  ( -6.093186252441656237, 50.38408221605008208, 11.00000000000000000 ) ) ;
#499 = ORIENTED_EDGE ( 'NONE', *, *, #1180, .F. ) ;
#500 = EDGE_CURVE ( 'NONE', #467, #137, #1253, .T. ) ;
#501 = DIRECTION ( 'NONE',  ( 1.000000000000000000, 0.000000000000000000, 0.000000000000000000 ) ) ;
#502 = DIRECTION ( 'NONE',  ( -0.000000000000000000, -0.000000000000000000, 1.000000000000000000 ) ) ;
#503 = CARTESIAN_POINT ( 'NONE',  ( 0.000000000000000000, 44.83172803104507409, -13.00000000000006750 ) ) ;
#504 = CARTESIAN_POINT ( 'NONE',  ( -5.736626130209550034, 52.24307964770469681, -11.00000000000000000 ) ) ;
#505 = CIRCLE ( 'NONE', #1499, 1.750000000000003331 ) ;
#506 = ORIENTED_EDGE ( 'NONE', *, *, #204, .F. ) ;
#507 = DIRECTION ( 'NONE',  ( 0.000000000000000000, 1.000000000000000000, 0.000000000000000000 ) ) ;
#508 = ORIENTED_EDGE ( 'NONE', *, *, #756, .F. ) ;
#509 = FACE_OUTER_BOUND ( 'NONE', #1318, .T. ) ;
#510 = PLANE ( 'NONE',  #1474 ) ;
#511 = CARTESIAN_POINT ( 'NONE',  ( -39.33239284228307753, 14.81410566340625756, -8.284915434763812314 ) ) ;
#512 = EDGE_CURVE ( 'NONE', #472, #316, #750, .T. ) ;
#513 = LINE ( 'NONE', #893, #471 ) ;
#514 = CARTESIAN_POINT ( 'NONE',  ( -26.93494447373080902, 53.12062498639160424, 9.782902279060801121 ) ) ;
#515 = ORIENTED_EDGE ( 'NONE', *, *, #389, .T. ) ;
#516 = ORIENTED_EDGE ( 'NONE', *, *, #1217, .F. ) ;
#517 = CARTESIAN_POINT ( 'NONE',  ( -24.18076315362390361, 54.74130203807749240, 8.699999999999999289 ) ) ;
#518 = CARTESIAN_POINT ( 'NONE',  ( -3.955953762730944234, 52.10763083145322128, 11.31166105405538858 ) ) ;
#519 = AXIS2_PLACEMENT_3D ( 'NONE', #335, #256, #135 ) ;
#520 = CARTESIAN_POINT ( 'NONE',  ( -14.75000000000000533, 49.19424441348748900, 9.674506248709548117 ) ) ;
#521 = AXIS2_PLACEMENT_3D ( 'NONE', #984, #226, #879 ) ;
#522 = EDGE_CURVE ( 'NONE', #1410, #688, #40, .T. ) ;
#523 = LINE ( 'NONE', #894, #1301 ) ;
#524 = VERTEX_POINT ( 'NONE', #1463 ) ;
#525 = VERTEX_POINT ( 'NONE', #1243 ) ;
#526 = DIRECTION ( 'NONE',  ( -0.000000000000000000, -0.000000000000000000, 1.000000000000000000 ) ) ;
#527 = CARTESIAN_POINT ( 'NONE',  ( -6.231331912654552774, 45.09893484812055675, -10.99999999999999822 ) ) ;
#528 = CARTESIAN_POINT ( 'NONE',  ( -3.245166499520526937, 46.66913636596827075, 12.19281563562911330 ) ) ;
#529 = DIRECTION ( 'NONE',  ( -0.000000000000000000, -0.000000000000000000, 1.000000000000000000 ) ) ;
#530 = AXIS2_PLACEMENT_3D ( 'NONE', #1511, #886, #1009 ) ;
#531 = CYLINDRICAL_SURFACE ( 'NONE', #519, 2.000000000000067502 ) ;
#532 = ADVANCED_FACE ( 'NONE', ( #122 ), #629, .T. ) ;
#533 = VERTEX_POINT ( 'NONE', #1338 ) ;
#534 = ADVANCED_FACE ( 'NONE', ( #599 ), #608, .F. ) ;
#535 = ORIENTED_EDGE ( 'NONE', *, *, #314, .F. ) ;
#536 = DIRECTION ( 'NONE',  ( 0.000000000000000000, 0.000000000000000000, -1.000000000000000000 ) ) ;
#537 = CARTESIAN_POINT ( 'NONE',  ( 0.000000000000000000, 45.56515138991167646, -9.699999999999999289 ) ) ;
#538 = AXIS2_PLACEMENT_3D ( 'NONE', #612, #632, #262 ) ;
#539 = CARTESIAN_POINT ( 'NONE',  ( 0.000000000000000000, 44.83172803104508830, 11.00000000000000000 ) ) ;
#540 = ORIENTED_EDGE ( 'NONE', *, *, #1335, .F. ) ;
#541 = PRODUCT_RELATED_PRODUCT_CATEGORY ( 'part', '', ( #22 ) ) ;
#542 = ADVANCED_FACE ( 'NONE', ( #101 ), #379, .F. ) ;
#543 = DIRECTION ( 'NONE',  ( 0.000000000000000000, 0.9999753268147639762, -0.007024653849540345683 ) ) ;
#544 = CARTESIAN_POINT ( 'NONE',  ( -2.213905183746445182, 51.59412409905066710, 12.49321475023494266 ) ) ;
#545 = VECTOR ( 'NONE', #470, 1000.000000000000114 ) ;
#546 = CARTESIAN_POINT ( 'NONE',  ( -2.524833549704548652, 46.84174135493312718, 12.92084247971528832 ) ) ;
#547 = DIRECTION ( 'NONE',  ( 0.000000000000000000, 0.000000000000000000, -1.000000000000000000 ) ) ;
#548 = AXIS2_PLACEMENT_3D ( 'NONE', #245, #1369, #1361 ) ;
#549 = ORIENTED_EDGE ( 'NONE', *, *, #189, .F. ) ;
#550 = CARTESIAN_POINT ( 'NONE',  ( -29.54718606692095051, 40.59983832152937566, -9.699999999999999289 ) ) ;
#551 = CARTESIAN_POINT ( 'NONE',  ( -27.13331887475001025, 52.59787371620120666, -11.00000000000000000 ) ) ;
#552 = EDGE_CURVE ( 'NONE', #1372, #391, #183, .T. ) ;
#553 = VECTOR ( 'NONE', #1447, 1000.000000000000000 ) ;
#554 = CARTESIAN_POINT ( 'NONE',  ( -4.905799641183735460, 45.87160844800109061, 11.26969298834988464 ) ) ;
#555 = CARTESIAN_POINT ( 'NONE',  ( -3.999999999999996447, 37.97687999291370176, -10.18478381521523346 ) ) ;
#556 = AXIS2_PLACEMENT_3D ( 'NONE', #1134, #1599, #1367 ) ;
#557 = ORIENTED_EDGE ( 'NONE', *, *, #1111, .F. ) ;
#558 = AXIS2_PLACEMENT_3D ( 'NONE', #802, #279, #425 ) ;
#559 = CARTESIAN_POINT ( 'NONE',  ( -28.21029744400702555, 45.77383425498194214, -9.699999999999850075 ) ) ;
#560 = DIRECTION ( 'NONE',  ( -0.1495554393804402193, -0.3941047609889997139, -0.9068156416370014572 ) ) ;
#561 = LINE ( 'NONE', #955, #920 ) ;
#562 = CIRCLE ( 'NONE', #646, 1.000000000000000888 ) ;
#563 = LINE ( 'NONE', #537, #1537 ) ;
#564 = EDGE_CURVE ( 'NONE', #740, #1185, #240, .T. ) ;
#565 = ORIENTED_EDGE ( 'NONE', *, *, #479, .T. ) ;
#566 = LINE ( 'NONE', #1066, #136 ) ;
#567 = CARTESIAN_POINT ( 'NONE',  ( -26.93494447373080902, 53.12062498639160424, -9.797175077751733241 ) ) ;
#568 = CARTESIAN_POINT ( 'NONE',  ( -2.213875809045008136, 51.59410776926760889, -12.49325232426138399 ) ) ;
#569 = ORIENTED_EDGE ( 'NONE', *, *, #445, .T. ) ;
#570 = EDGE_CURVE ( 'NONE', #1213, #525, #1379, .T. ) ;
#571 = ORIENTED_EDGE ( 'NONE', *, *, #186, .T. ) ;
#572 = CARTESIAN_POINT ( 'NONE',  ( -3.999999999999996447, 37.97687999291370176, -10.18478381521523346 ) ) ;
#573 = CARTESIAN_POINT ( 'NONE',  ( -1.999999999999996669, 51.47521139259595202, -12.76682703020822274 ) ) ;
#574 = DIRECTION ( 'NONE',  ( 0.000000000000000000, 0.000000000000000000, -1.000000000000000000 ) ) ;
#575 = ORIENTED_EDGE ( 'NONE', *, *, #874, .T. ) ;
#576 = ORIENTED_EDGE ( 'NONE', *, *, #239, .F. ) ;
#577 = ADVANCED_FACE ( 'NONE', ( #653 ), #369, .T. ) ;
#578 = EDGE_LOOP ( 'NONE', ( #610, #704, #334, #429, #34 ) ) ;
#579 = EDGE_CURVE ( 'NONE', #362, #1211, #496, .T. ) ;
#580 = CARTESIAN_POINT ( 'NONE',  ( 22.07468821380698998, 39.58995571664326718, -6.506639725214131253 ) ) ;
#581 = VECTOR ( 'NONE', #883, 1000.000000000000000 ) ;
#582 = CARTESIAN_POINT ( 'NONE',  ( -1.999999999999996669, 51.47521139259595913, 12.76682703020822451 ) ) ;
#583 = ORIENTED_EDGE ( 'NONE', *, *, #638, .T. ) ;
#584 = FACE_OUTER_BOUND ( 'NONE', #1309, .T. ) ;
#585 = SPHERICAL_SURFACE ( 'NONE', #1138, 1.000000000000000000 ) ;
#586 = VECTOR ( 'NONE', #359, 1000.000000000000000 ) ;
#587 = ORIENTED_EDGE ( 'NONE', *, *, #294, .F. ) ;
#588 = B_SPLINE_CURVE_WITH_KNOTS ( 'NONE', 3,
 ( #31, #170, #141, #411, #518, #1273, #418, #1534, #788, #394, #544, #910 ),
 .UNSPECIFIED., .F., .F.,
 ( 4, 2, 2, 2, 2, 4 ),
 ( 0.000000000000000000, 0.001086221741011049891, 0.002172443482022099782, 0.002715554352527624511, 0.003258665223033148373, 0.004344886964044201300 ),
 .UNSPECIFIED. ) ;
#589 = ORIENTED_EDGE ( 'NONE', *, *, #1405, .T. ) ;
#590 = DIRECTION ( 'NONE',  ( -0.000000000000000000, -1.000000000000000000, -0.000000000000000000 ) ) ;
#591 = DIRECTION ( 'NONE',  ( 0.000000000000000000, -0.000000000000000000, -1.000000000000000000 ) ) ;
#592 = ORIENTED_EDGE ( 'NONE', *, *, #712, .F. ) ;
#593 = EDGE_CURVE ( 'NONE', #371, #1426, #977, .T. ) ;
#594 = CARTESIAN_POINT ( 'NONE',  ( -27.13331887475001025, 52.59787371620122087, 11.00000000000000000 ) ) ;
#595 = CARTESIAN_POINT ( 'NONE',  ( -29.03306687263481933, 41.95463239002584288, -8.699999999999999289 ) ) ;
#596 = ORIENTED_EDGE ( 'NONE', *, *, #1190, .F. ) ;
#597 = ORIENTED_EDGE ( 'NONE', *, *, #780, .F. ) ;
#598 = FILL_AREA_STYLE_COLOUR ( '', #385 ) ;
#599 = FACE_OUTER_BOUND ( 'NONE', #1500, .T. ) ;
#600 = VECTOR ( 'NONE', #929, 1000.000000000000000 ) ;
#601 = VERTEX_POINT ( 'NONE', #997 ) ;
#602 = LINE ( 'NONE', #974, #1419 ) ;
#603 = CARTESIAN_POINT ( 'NONE',  ( -7.678144090001097766, 39.58995571664326718, -6.506639725214131253 ) ) ;
#604 = ADVANCED_FACE ( 'NONE', ( #1146 ), #1479, .F. ) ;
#605 = ORIENTED_EDGE ( 'NONE', *, *, #895, .T. ) ;
#606 = ORIENTED_EDGE ( 'NONE', *, *, #1405, .F. ) ;
#607 = SURFACE_SIDE_STYLE ('',( #481 ) ) ;
#608 = PLANE ( 'NONE',  #174 ) ;
#609 = VECTOR ( 'NONE', #1498, 1000.000000000000000 ) ;
#610 = ORIENTED_EDGE ( 'NONE', *, *, #882, .F. ) ;
#611 = DIRECTION ( 'NONE',  ( -0.000000000000000000, -0.000000000000000000, 1.000000000000000000 ) ) ;
#612 = CARTESIAN_POINT ( 'NONE',  ( -29.03306687263482289, 41.95463239002584288, 9.699999999999999289 ) ) ;
#613 = VECTOR ( 'NONE', #657, 1000.000000000000000 ) ;
#614 = DIRECTION ( 'NONE',  ( 0.3547940684964693281, 0.9349444737307787134, 0.000000000000000000 ) ) ;
#615 = CARTESIAN_POINT ( 'NONE',  ( -29.03306687263482289, 41.95463239002583578, 8.699999999999999289 ) ) ;
#616 = ORIENTED_EDGE ( 'NONE', *, *, #27, .T. ) ;
#617 = EDGE_CURVE ( 'NONE', #188, #127, #1354, .T. ) ;
#618 = AXIS2_PLACEMENT_3D ( 'NONE', #1586, #1195, #219 ) ;
#619 = ORIENTED_EDGE ( 'NONE', *, *, #1530, .F. ) ;
#620 =( BOUNDED_CURVE ( )  B_SPLINE_CURVE ( 3, ( #810, #1183, #1168, #687 ),
 .UNSPECIFIED., .F., .F. ) 
 B_SPLINE_CURVE_WITH_KNOTS ( ( 4, 4 ),
 ( 1.570796326794896780, 2.397390842883940998 ),
 .UNSPECIFIED. ) 
 CURVE ( )  GEOMETRIC_REPRESENTATION_ITEM ( )  RATIONAL_B_SPLINE_CURVE ( ( 1.000000000000000000, 0.9438676813076822825, 0.9438676813076822825, 1.000000000000000000 ) ) 
 REPRESENTATION_ITEM ( '' )  );
#621 = DIRECTION ( 'NONE',  ( -0.000000000000000000, -0.000000000000000000, 1.000000000000000000 ) ) ;
#622 = ORIENTED_EDGE ( 'NONE', *, *, #353, .T. ) ;
#623 = DIRECTION ( 'NONE',  ( 0.000000000000000000, 0.000000000000000000, 1.000000000000000000 ) ) ;
#624 = CARTESIAN_POINT ( 'NONE',  ( -27.65952811380727994, 45.56515138991171909, -9.700000000000001066 ) ) ;
#625 = CARTESIAN_POINT ( 'NONE',  ( -25.06057938236913429, 52.40933823589795537, -9.792364114570256461 ) ) ;
#626 = LINE ( 'NONE', #1006, #1030 ) ;
#627 = ADVANCED_FACE ( 'NONE', ( #231, #739 ), #1389, .T. ) ;
#628 = VERTEX_POINT ( 'NONE', #1627 ) ;
#629 = PLANE ( 'NONE',  #884 ) ;
#630 = EDGE_LOOP ( 'NONE', ( #1455, #961, #946, #761 ) ) ;
#631 = CARTESIAN_POINT ( 'NONE',  ( -1.999999999999996669, 46.66598861651589658, -13.79717507775179897 ) ) ;
#632 = DIRECTION ( 'NONE',  ( 0.000000000000000000, 0.000000000000000000, -1.000000000000000000 ) ) ;
#633 = DIRECTION ( 'NONE',  ( -0.9349444737307784914, 0.3547940684964698277, 0.000000000000000000 ) ) ;
#634 = CARTESIAN_POINT ( 'NONE',  ( -3.999999999999996447, 37.97687999291370176, 10.18478381521523346 ) ) ;
#635 = ORIENTED_EDGE ( 'NONE', *, *, #1145, .F. ) ;
#636 = CARTESIAN_POINT ( 'NONE',  ( -27.44916983341307315, 46.11498429792658271, -9.707420140749102089 ) ) ;
#637 = VERTEX_POINT ( 'NONE', #504 ) ;
#638 = EDGE_CURVE ( 'NONE', #137, #344, #626, .T. ) ;
#639 = FACE_OUTER_BOUND ( 'NONE', #102, .T. ) ;
#640 = CARTESIAN_POINT ( 'NONE',  ( -27.66261965135271339, 45.56600070152892101, -9.699999999999999289 ) ) ;
#641 =( NAMED_UNIT ( * ) SI_UNIT ( $, .STERADIAN. ) SOLID_ANGLE_UNIT ( ) );
#642 = LINE ( 'NONE', #118, #1439 ) ;
#643 = VECTOR ( 'NONE', #1575, 999.9999999999998863 ) ;
#644 = FACE_OUTER_BOUND ( 'NONE', #733, .T. ) ;
#645 = ORIENTED_EDGE ( 'NONE', *, *, #1317, .F. ) ;
#646 = AXIS2_PLACEMENT_3D ( 'NONE', #1012, #502, #1237 ) ;
#647 = ORIENTED_EDGE ( 'NONE', *, *, #247, .T. ) ;
#648 = DIRECTION ( 'NONE',  ( 0.000000000000000000, 0.000000000000000000, 1.000000000000000000 ) ) ;
#649 = FACE_BOUND ( 'NONE', #4, .T. ) ;
#650 = PRODUCT_DEFINITION ( 'UNKNOWN', '', #176, #1541 ) ;
#651 = EDGE_CURVE ( 'NONE', #283, #1410, #397, .T. ) ;
#652 = LINE ( 'NONE', #1144, #1119 ) ;
#653 = FACE_OUTER_BOUND ( 'NONE', #1026, .T. ) ;
#654 = DIRECTION ( 'NONE',  ( -0.3547864164917186591, -0.9349243093588517350, 0.006567681694393523277 ) ) ;
#655 = ORIENTED_EDGE ( 'NONE', *, *, #120, .T. ) ;
#656 = VERTEX_POINT ( 'NONE', #766 ) ;
#657 = DIRECTION ( 'NONE',  ( 1.000000000000000000, 0.000000000000000000, 0.000000000000000000 ) ) ;
#658 = DIRECTION ( 'NONE',  ( -0.000000000000000000, -0.9999089513488190750, 0.01349403618289144943 ) ) ;
#659 = DIRECTION ( 'NONE',  ( 0.3547940684964696612, 0.9349444737307786024, -0.000000000000000000 ) ) ;
#660 = EDGE_CURVE ( 'NONE', #1105, #848, #47, .T. ) ;
#661 = LINE ( 'NONE', #39, #937 ) ;
#662 = VECTOR ( 'NONE', #33, 1000.000000000000000 ) ;
#663 = ADVANCED_FACE ( 'NONE', ( #755 ), #377, .T. ) ;
#664 = CARTESIAN_POINT ( 'NONE',  ( -31.93494447373080547, 39.94474978513976282, -11.00000000000000000 ) ) ;
#665 = VERTEX_POINT ( 'NONE', #1258 ) ;
#666 = EDGE_LOOP ( 'NONE', ( #998, #85, #1450, #831, #836, #876, #258, #499, #1260 ) ) ;
#667 = DIRECTION ( 'NONE',  ( -0.3547940684964692726, -0.9349444737307787134, 0.000000000000000000 ) ) ;
#668 = PLANE ( 'NONE',  #1505 ) ;
#669 = LINE ( 'NONE', #1275, #304 ) ;
#670 = VECTOR ( 'NONE', #1313, 1000.000000000000000 ) ;
#671 = EDGE_CURVE ( 'NONE', #525, #1426, #513, .T. ) ;
#672 = EDGE_LOOP ( 'NONE', ( #1619, #1090, #535, #341 ) ) ;
#673 = DIRECTION ( 'NONE',  ( 0.9349444737307782693, -0.3547940684964701608, 0.000000000000000000 ) ) ;
#674 = CARTESIAN_POINT ( 'NONE',  ( -27.66294194934214090, 45.56515138991166936, 9.699999999999999289 ) ) ;
#675 = CARTESIAN_POINT ( 'NONE',  ( -3.999999999999996447, 37.97687999291370176, -11.00000000000000000 ) ) ;
#676 = ORIENTED_EDGE ( 'NONE', *, *, #861, .T. ) ;
#677 = EDGE_CURVE ( 'NONE', #1201, #332, #642, .T. ) ;
#678 = LINE ( 'NONE', #1020, #1057 ) ;
#679 = DIRECTION ( 'NONE',  ( 0.9349444737307784914, -0.3547940684964696056, 0.000000000000000000 ) ) ;
#680 = VECTOR ( 'NONE', #821, 1000.000000000000000 ) ;
#681 = DIRECTION ( 'NONE',  ( 1.000000000000000000, 0.000000000000000000, 0.000000000000000000 ) ) ;
#682 = AXIS2_PLACEMENT_3D ( 'NONE', #1577, #330, #698 ) ;
#683 = ORIENTED_EDGE ( 'NONE', *, *, #798, .F. ) ;
#684 = CARTESIAN_POINT ( 'NONE',  ( -27.66543989971118478, 45.56559350729693847, 9.699996894201776243 ) ) ;
#685 = FACE_OUTER_BOUND ( 'NONE', #1580, .T. ) ;
#686 = EDGE_CURVE ( 'NONE', #601, #310, #987, .T. ) ;
#687 = CARTESIAN_POINT ( 'NONE',  ( -3.999999999999996447, 37.97687999291370176, 10.18478381521523346 ) ) ;
#688 = VERTEX_POINT ( 'NONE', #1118 ) ;
#689 = VECTOR ( 'NONE', #734, 1000.000000000000000 ) ;
#690 = CARTESIAN_POINT ( 'NONE',  ( 0.000000000000000000, 41.95463239002584288, 8.699999999999999289 ) ) ;
#691 = CARTESIAN_POINT ( 'NONE',  ( -5.736626130209550034, 52.24307964770469681, -11.00000000000000000 ) ) ;
#692 = CARTESIAN_POINT ( 'NONE',  ( -3.466951944879563374, 52.06062374593623332, -11.00000000000000178 ) ) ;
#693 = FACE_OUTER_BOUND ( 'NONE', #954, .T. ) ;
#694 = EDGE_CURVE ( 'NONE', #137, #472, #1362, .T. ) ;
#695 = ORIENTED_EDGE ( 'NONE', *, *, #939, .F. ) ;
#696 = DIRECTION ( 'NONE',  ( -0.000000000000000000, 0.000000000000000000, 1.000000000000000000 ) ) ;
#697 = CARTESIAN_POINT ( 'NONE',  ( -7.678144090001097766, 39.58995571664326718, -6.506639725214131253 ) ) ;
#698 = DIRECTION ( 'NONE',  ( 0.000000000000000000, 0.000000000000000000, -1.000000000000000000 ) ) ;
#699 = DIRECTION ( 'NONE',  ( 0.000000000000000000, 0.4409978034486642939, -0.8975081823323134422 ) ) ;
#700 = EDGE_CURVE ( 'NONE', #1063, #1087, #902, .T. ) ;
#701 = EDGE_CURVE ( 'NONE', #1087, #93, #1302, .T. ) ;
#702 = ORIENTED_EDGE ( 'NONE', *, *, #1056, .F. ) ;
#703 = VECTOR ( 'NONE', #1472, 1000.000000000000227 ) ;
#704 = ORIENTED_EDGE ( 'NONE', *, *, #651, .T. ) ;
#705 = CARTESIAN_POINT ( 'NONE',  ( -28.21203602065710925, 45.77301146911349150, 9.698539818868569640 ) ) ;
#706 = CARTESIAN_POINT ( 'NONE',  ( -27.65782121315696429, 45.56515138991167646, -9.699999999999999289 ) ) ;
#707 =( BOUNDED_CURVE ( )  B_SPLINE_CURVE ( 3, ( #873, #238, #746, #625 ),
 .UNSPECIFIED., .F., .F. ) 
 B_SPLINE_CURVE_WITH_KNOTS ( ( 4, 4 ),
 ( 4.712388980384711878, 6.287972929467130712 ),
 .UNSPECIFIED. ) 
 CURVE ( )  GEOMETRIC_REPRESENTATION_ITEM ( )  RATIONAL_B_SPLINE_CURVE ( ( 1.000000000000000000, 0.8036080511554999362, 0.8036080511554999362, 1.000000000000000000 ) ) 
 REPRESENTATION_ITEM ( '' )  );
#708 = ORIENTED_EDGE ( 'NONE', *, *, #281, .T. ) ;
#709 = CARTESIAN_POINT ( 'NONE',  ( -1.999999999999996669, 52.24307964770471102, 11.00000000000000000 ) ) ;
#710 = ORIENTED_EDGE ( 'NONE', *, *, #949, .T. ) ;
#711 = ORIENTED_EDGE ( 'NONE', *, *, #1071, .F. ) ;
#712 = EDGE_CURVE ( 'NONE', #1566, #1203, #669, .T. ) ;
#713 = ORIENTED_EDGE ( 'NONE', *, *, #849, .F. ) ;
#714 = CARTESIAN_POINT ( 'NONE',  ( -31.93494447373080547, 39.94474978513976282, 11.00000000000000000 ) ) ;
#715 = CIRCLE ( 'NONE', #1470, 1.000000000000000000 ) ;
#716 = CARTESIAN_POINT ( 'NONE',  ( -1.999999999999996669, 44.83172803104509541, -11.00000000000000000 ) ) ;
#717 = ORIENTED_EDGE ( 'NONE', *, *, #1550, .F. ) ;
#718 = CARTESIAN_POINT ( 'NONE',  ( -3.004005022968587735, 51.89147393795502694, -11.80902741821678248 ) ) ;
#719 = CARTESIAN_POINT ( 'NONE',  ( -3.999999999999996447, 34.58995571664327429, -6.506639725214131253 ) ) ;
#720 = VERTEX_POINT ( 'NONE', #1055 ) ;
#721 = ORIENTED_EDGE ( 'NONE', *, *, #247, .F. ) ;
#722 = EDGE_CURVE ( 'NONE', #1101, #81, #1425, .T. ) ;
#723 = CARTESIAN_POINT ( 'NONE',  ( -26.00000000000000000, 52.24307964770469681, -11.00000000000000000 ) ) ;
#724 = LINE ( 'NONE', #1113, #458 ) ;
#725 = VERTEX_POINT ( 'NONE', #1049 ) ;
#726 = CARTESIAN_POINT ( 'NONE',  ( -4.298580907854153033, 52.15383712784982606, -11.20534264214522757 ) ) ;
#727 = DIRECTION ( 'NONE',  ( -0.000000000000000000, -0.000000000000000000, 1.000000000000000000 ) ) ;
#728 = ORIENTED_EDGE ( 'NONE', *, *, #1517, .F. ) ;
#729 = ORIENTED_EDGE ( 'NONE', *, *, #1507, .F. ) ;
#730 = CIRCLE ( 'NONE', #548, 2.000000000000067502 ) ;
#731 = DIRECTION ( 'NONE',  ( 1.000000000000000000, 0.000000000000000000, 0.000000000000000000 ) ) ;
#732 = DIRECTION ( 'NONE',  ( 0.000000000000000000, -1.000000000000000000, 0.000000000000000000 ) ) ;
#733 = EDGE_LOOP ( 'NONE', ( #729, #800, #708, #309 ) ) ;
#734 = DIRECTION ( 'NONE',  ( -1.000000000000000000, 0.000000000000000000, 0.000000000000000000 ) ) ;
#735 = CARTESIAN_POINT ( 'NONE',  ( -27.65782121315696429, 45.56515138991167646, -9.699999999999999289 ) ) ;
#736 = EDGE_CURVE ( 'NONE', #89, #1271, #1519, .T. ) ;
#737 = EDGE_CURVE ( 'NONE', #725, #488, #181, .T. ) ;
#738 = FACE_OUTER_BOUND ( 'NONE', #1486, .T. ) ;
#739 = FACE_BOUND ( 'NONE', #935, .T. ) ;
#740 = VERTEX_POINT ( 'NONE', #797 ) ;
#741 = FACE_OUTER_BOUND ( 'NONE', #1261, .T. ) ;
#742 = AXIS2_PLACEMENT_3D ( 'NONE', #1383, #259, #144 ) ;
#743 = ORIENTED_EDGE ( 'NONE', *, *, #737, .T. ) ;
#744 = DIRECTION ( 'NONE',  ( -1.000000000000000000, 0.000000000000000000, 0.000000000000000000 ) ) ;
#745 = CARTESIAN_POINT ( 'NONE',  ( -28.59921930237005228, 45.91643308815268654, 8.699999999999999289 ) ) ;
#746 = CARTESIAN_POINT ( 'NONE',  ( -25.61033216948651514, 52.61795921124884501, -9.795179509898098047 ) ) ;
#747 = EDGE_CURVE ( 'NONE', #1285, #188, #620, .T. ) ;
#748 = CARTESIAN_POINT ( 'NONE',  ( -23.61106252353122770, 51.85927350141253811, -9.784940845261520082 ) ) ;
#749 = ORIENTED_EDGE ( 'NONE', *, *, #428, .T. ) ;
#750 = LINE ( 'NONE', #636, #545 ) ;
#751 = ORIENTED_EDGE ( 'NONE', *, *, #1459, .T. ) ;
#752 = CARTESIAN_POINT ( 'NONE',  ( -3.999999999999996447, 34.58995571664327429, 6.506639725214131253 ) ) ;
#753 = CARTESIAN_POINT ( 'NONE',  ( -26.00000000000002842, 52.76583091789513702, -9.797175077751733241 ) ) ;
#754 = CARTESIAN_POINT ( 'NONE',  ( -27.66261965135271339, 45.56600070152892101, -9.699999999999999289 ) ) ;
#755 = FACE_OUTER_BOUND ( 'NONE', #483, .T. ) ;
#756 = EDGE_CURVE ( 'NONE', #364, #161, #177, .T. ) ;
#757 = VECTOR ( 'NONE', #1365, 1000.000000000000000 ) ;
#758 = EDGE_CURVE ( 'NONE', #1464, #1216, #661, .T. ) ;
#759 = VERTEX_POINT ( 'NONE', #783 ) ;
#760 = CARTESIAN_POINT ( 'NONE',  ( -14.75000000000000533, 49.19424441348748900, -15.00000000000000000 ) ) ;
#761 = ORIENTED_EDGE ( 'NONE', *, *, #1162, .T. ) ;
#762 = AXIS2_PLACEMENT_3D ( 'NONE', #1248, #659, #804 ) ;
#763 = DIRECTION ( 'NONE',  ( 0.000000000000000000, 0.000000000000000000, -1.000000000000000000 ) ) ;
#764 = LINE ( 'NONE', #1504, #1443 ) ;
#765 = DIRECTION ( 'NONE',  ( 0.000000000000000000, 0.000000000000000000, -1.000000000000000000 ) ) ;
#766 = CARTESIAN_POINT ( 'NONE',  ( -25.09003493517225536, 39.58995571664326718, -3.328322064017021020 ) ) ;
#767 = DIRECTION ( 'NONE',  ( 0.3547940684964693836, 0.9349444737307787134, -0.000000000000000000 ) ) ;
#768 = ORIENTED_EDGE ( 'NONE', *, *, #1393, .F. ) ;
#769 = ADVANCED_FACE ( 'NONE', ( #45 ), #173, .F. ) ;
#770 = EDGE_LOOP ( 'NONE', ( #208, #1225, #1244, #989, #1615 ) ) ;
#771 = PLANE ( 'NONE',  #521 ) ;
#772 = FACE_OUTER_BOUND ( 'NONE', #666, .T. ) ;
#773 = PLANE ( 'NONE',  #988 ) ;
#774 = DIRECTION ( 'NONE',  ( -1.000000000000000000, 0.000000000000000000, -0.000000000000000000 ) ) ;
#775 = VECTOR ( 'NONE', #438, 1000.000000000000227 ) ;
#776 = DIRECTION ( 'NONE',  ( 1.000000000000000000, 0.000000000000000000, -0.000000000000000000 ) ) ;
#777 = ORIENTED_EDGE ( 'NONE', *, *, #780, .T. ) ;
#778 = VECTOR ( 'NONE', #1135, 1000.000000000000114 ) ;
#779 = ORIENTED_EDGE ( 'NONE', *, *, #872, .F. ) ;
#780 = EDGE_CURVE ( 'NONE', #1087, #390, #1154, .T. ) ;
#781 = FACE_OUTER_BOUND ( 'NONE', #196, .T. ) ;
#782 = DIRECTION ( 'NONE',  ( 0.9349444737307784914, -0.3547940684964696056, -0.000000000000000000 ) ) ;
#783 = CARTESIAN_POINT ( 'NONE',  ( -5.736626130209543817, 52.24307964770471102, 11.00000000000000000 ) ) ;
#784 = CARTESIAN_POINT ( 'NONE',  ( -26.00000000000000000, 45.56515138991167646, -9.699999999999999289 ) ) ;
#785 = ORIENTED_EDGE ( 'NONE', *, *, #671, .F. ) ;
#786 = VERTEX_POINT ( 'NONE', #555 ) ;
#787 = CARTESIAN_POINT ( 'NONE',  ( -1.999999999999996669, 44.83172803104509541, 11.00000000000000000 ) ) ;
#788 = CARTESIAN_POINT ( 'NONE',  ( -2.871273715372621993, 51.84520829537798647, 11.91548238276467231 ) ) ;
#789 = MECHANICAL_DESIGN_GEOMETRIC_PRESENTATION_REPRESENTATION (  '', ( #833 ), #917 ) ;
#790 = CARTESIAN_POINT ( 'NONE',  ( -14.75000000000000533, 45.69424441348748189, 9.699093143819958129 ) ) ;
#791 = EDGE_CURVE ( 'NONE', #1211, #390, #166, .T. ) ;
#792 =( NAMED_UNIT ( * ) PLANE_ANGLE_UNIT ( ) SI_UNIT ( $, .RADIAN. ) );
#793 = ORIENTED_EDGE ( 'NONE', *, *, #677, .T. ) ;
#794 = VECTOR ( 'NONE', #448, 1000.000000000000000 ) ;
#795 = CYLINDRICAL_SURFACE ( 'NONE', #1133, 1.000000000000002220 ) ;
#796 = CARTESIAN_POINT ( 'NONE',  ( -31.00000000000002487, 39.58995571664328850, 11.00000000000000000 ) ) ;
#797 = CARTESIAN_POINT ( 'NONE',  ( -27.66543989971118478, 45.56559350729693847, 9.699996894201776243 ) ) ;
#798 = EDGE_CURVE ( 'NONE', #1271, #89, #50, .T. ) ;
#799 = VECTOR ( 'NONE', #272, 1000.000000000000000 ) ;
#800 = ORIENTED_EDGE ( 'NONE', *, *, #376, .F. ) ;
#801 = CLOSED_SHELL ( 'NONE', ( #82, #542, #225, #436, #577, #627, #168, #1559, #1565, #257, #663, #1077, #826, #1064, #1250, #534, #958, #1446, #457, #1408, #1415, #1043, #916, #435, #367, #357, #7, #1014, #1036, #993, #979, #1262, #1601, #53, #271, #139, #532, #61, #604, #322, #1623, #1121, #1527, #769, #1574, #924, #16, #1290, #1164 ) ) ;
#802 = CARTESIAN_POINT ( 'NONE',  ( -29.03306687263482289, 41.95463239002583578, 8.699999999999999289 ) ) ;
#803 = DIRECTION ( 'NONE',  ( 1.000000000000000000, 0.000000000000000000, 0.000000000000000000 ) ) ;
#804 = DIRECTION ( 'NONE',  ( -0.9349444737307784914, 0.3547940684964696056, 0.000000000000000000 ) ) ;
#805 = CARTESIAN_POINT ( 'NONE',  ( -11.25000000000000000, 52.69424441348750321, 9.649919353599139882 ) ) ;
#806 = ORIENTED_EDGE ( 'NONE', *, *, #736, .F. ) ;
#807 = DIRECTION ( 'NONE',  ( 1.000000000000000000, 0.000000000000000000, 0.000000000000000000 ) ) ;
#808 = LINE ( 'NONE', #716, #1515 ) ;
#809 = VECTOR ( 'NONE', #185, 1000.000000000000000 ) ;
#810 = CARTESIAN_POINT ( 'NONE',  ( -7.678144090001097766, 39.58995571664326718, 6.506639725214131253 ) ) ;
#811 = CIRCLE ( 'NONE', #936, 1.750000000000003331 ) ;
#812 = VECTOR ( 'NONE', #1202, 1000.000000000000227 ) ;
#813 = EDGE_LOOP ( 'NONE', ( #506, #20 ) ) ;
#814 = LINE ( 'NONE', #572, #1263 ) ;
#815 = LINE ( 'NONE', #567, #112 ) ;
#816 = CARTESIAN_POINT ( 'NONE',  ( -7.678144090001097766, 34.58995571664327429, -11.00000000000000000 ) ) ;
#817 = VECTOR ( 'NONE', #1267, 1000.000000000000000 ) ;
#818 = EDGE_LOOP ( 'NONE', ( #46, #1607, #980, #75 ) ) ;
#819 = VECTOR ( 'NONE', #536, 1000.000000000000000 ) ;
#820 = CARTESIAN_POINT ( 'NONE',  ( -27.13331887475001025, 52.59787371620122087, 11.00000000000000000 ) ) ;
#821 = DIRECTION ( 'NONE',  ( 1.000000000000000000, 0.000000000000000000, 0.000000000000000000 ) ) ;
#822 = EDGE_CURVE ( 'NONE', #656, #203, #1525, .T. ) ;
#823 = DIRECTION ( 'NONE',  ( 0.1481087390254346714, 0.3902924523227644382, -0.9086999521757325171 ) ) ;
#824 = VECTOR ( 'NONE', #1039, 1000.000000000000000 ) ;
#825 = ORIENTED_EDGE ( 'NONE', *, *, #476, .T. ) ;
#826 = ADVANCED_FACE ( 'NONE', ( #1283 ), #151, .F. ) ;
#827 = VERTEX_POINT ( 'NONE', #407 ) ;
#828 = DIRECTION ( 'NONE',  ( 0.3547940684964693836, 0.9349444737307787134, 0.000000000000000000 ) ) ;
#829 = DIRECTION ( 'NONE',  ( 0.000000000000000000, -1.000000000000000000, 0.000000000000000000 ) ) ;
#830 = LINE ( 'NONE', #1563, #812 ) ;
#831 = ORIENTED_EDGE ( 'NONE', *, *, #990, .T. ) ;
#832 = VERTEX_POINT ( 'NONE', #912 ) ;
#833 = STYLED_ITEM ( 'NONE', ( #981 ), #1482 ) ;
#834 = LINE ( 'NONE', #191, #643 ) ;
#835 = PLANE ( 'NONE',  #478 ) ;
#836 = ORIENTED_EDGE ( 'NONE', *, *, #1584, .T. ) ;
#837 = LINE ( 'NONE', #1210, #1222 ) ;
#838 = DIRECTION ( 'NONE',  ( -0.3224013530749755274, -0.8495839985661237659, -0.4174498735367178082 ) ) ;
#839 = EDGE_CURVE ( 'NONE', #88, #488, #1161, .T. ) ;
#840 = ORIENTED_EDGE ( 'NONE', *, *, #747, .F. ) ;
#841 = ORIENTED_EDGE ( 'NONE', *, *, #1284, .F. ) ;
#842 = CARTESIAN_POINT ( 'NONE',  ( -7.678144090001097766, 34.58995571664327429, 11.00000000000000000 ) ) ;
#843 = AXIS2_PLACEMENT_3D ( 'NONE', #1192, #83, #1299 ) ;
#844 = CARTESIAN_POINT ( 'NONE',  ( 0.000000000000000000, 37.97687999291370176, 11.00000000000000000 ) ) ;
#845 = ORIENTED_EDGE ( 'NONE', *, *, #204, .T. ) ;
#846 = CARTESIAN_POINT ( 'NONE',  ( -1.999999999998575362, 49.60455264456327029, -13.16760480208645667 ) ) ;
#847 = ORIENTED_EDGE ( 'NONE', *, *, #1230, .T. ) ;
#848 = VERTEX_POINT ( 'NONE', #1074 ) ;
#849 = EDGE_CURVE ( 'NONE', #533, #601, #830, .T. ) ;
#850 = CARTESIAN_POINT ( 'NONE',  ( -29.96801134636560349, 42.30942645852231720, 8.699999999999999289 ) ) ;
#851 = CARTESIAN_POINT ( 'NONE',  ( -1.999999999999996669, 44.41036995677813337, 14.28042827484282640 ) ) ;
#852 = EDGE_LOOP ( 'NONE', ( #1442, #55, #1364, #1481 ) ) ;
#853 = CARTESIAN_POINT ( 'NONE',  ( -6.148394266835710553, 49.78512195924942318, 10.99999999999999645 ) ) ;
#854 = CARTESIAN_POINT ( 'NONE',  ( 0.000000000000000000, 52.24307964770469681, -11.00000000000000000 ) ) ;
#855 = DIRECTION ( 'NONE',  ( 0.000000000000000000, 0.3985875388758907123, 0.9171302927353671697 ) ) ;
#856 = DIRECTION ( 'NONE',  ( 0.000000000000000000, 0.000000000000000000, -1.000000000000000000 ) ) ;
#857 = ORIENTED_EDGE ( 'NONE', *, *, #930, .T. ) ;
#858 = DIRECTION ( 'NONE',  ( 1.000000000000000000, -0.000000000000000000, -0.000000000000000000 ) ) ;
#859 = AXIS2_PLACEMENT_3D ( 'NONE', #287, #1288, #1040 ) ;
#860 = EDGE_LOOP ( 'NONE', ( #1469, #77, #250, #1157 ) ) ;
#861 = EDGE_CURVE ( 'NONE', #127, #362, #1051, .T. ) ;
#862 = CARTESIAN_POINT ( 'NONE',  ( -31.93494447373080547, 39.94474978513976282, 11.00000000000000000 ) ) ;
#863 = LINE ( 'NONE', #985, #1312 ) ;
#864 = CARTESIAN_POINT ( 'NONE',  ( -24.18076315362389650, 54.74130203807749950, -8.699999999999999289 ) ) ;
#865 = DIRECTION ( 'NONE',  ( 0.000000000000000000, 0.000000000000000000, 1.000000000000000000 ) ) ;
#866 = ORIENTED_EDGE ( 'NONE', *, *, #1098, .T. ) ;
#867 = CARTESIAN_POINT ( 'NONE',  ( -3.512699973345625004, 49.93754889514843853, 11.00000000000190781 ) ) ;
#868 = ORIENTED_EDGE ( 'NONE', *, *, #479, .F. ) ;
#869 = VECTOR ( 'NONE', #828, 999.9999999999998863 ) ;
#870 = DIRECTION ( 'NONE',  ( -1.000000000000000000, 0.000000000000000000, 0.000000000000000000 ) ) ;
#871 = DIRECTION ( 'NONE',  ( 0.000000000000000000, 0.000000000000000000, -1.000000000000000000 ) ) ;
#872 = EDGE_CURVE ( 'NONE', #832, #759, #1465, .T. ) ;
#873 = CARTESIAN_POINT ( 'NONE',  ( -26.00000000000002842, 52.76583091789513702, -8.792295980867631755 ) ) ;
#874 = EDGE_CURVE ( 'NONE', #827, #283, #1218, .T. ) ;
#875 = DIRECTION ( 'NONE',  ( 0.000000000000000000, 0.000000000000000000, -1.000000000000000000 ) ) ;
#876 = ORIENTED_EDGE ( 'NONE', *, *, #694, .F. ) ;
#877 = LINE ( 'NONE', #355, #1297 ) ;
#878 = ORIENTED_EDGE ( 'NONE', *, *, #1427, .F. ) ;
#879 = DIRECTION ( 'NONE',  ( -1.000000000000000000, 0.000000000000000000, -0.000000000000000000 ) ) ;
#880 = LINE ( 'NONE', #368, #326 ) ;
#881 = DIRECTION ( 'NONE',  ( 0.000000000000000000, -0.3946449591379920241, 0.9188336934543555046 ) ) ;
#882 = EDGE_CURVE ( 'NONE', #283, #1114, #934, .T. ) ;
#883 = DIRECTION ( 'NONE',  ( -1.000000000000000000, 0.000000000000000000, 0.000000000000000000 ) ) ;
#884 = AXIS2_PLACEMENT_3D ( 'NONE', #1122, #336, #92 ) ;
#885 = ORIENTED_EDGE ( 'NONE', *, *, #1241, .T. ) ;
#886 = DIRECTION ( 'NONE',  ( -0.000000000000000000, -0.000000000000000000, 1.000000000000000000 ) ) ;
#887 = VERTEX_POINT ( 'NONE', #320 ) ;
#888 = AXIS2_PLACEMENT_3D ( 'NONE', #1398, #1551, #395 ) ;
#889 = CIRCLE ( 'NONE', #682, 0.9999999999999991118 ) ;
#890 = FACE_OUTER_BOUND ( 'NONE', #463, .T. ) ;
#891 = CARTESIAN_POINT ( 'NONE',  ( 8.673617379884035472E-16, 39.58995571664326718, -3.328322064017021020 ) ) ;
#892 = DIRECTION ( 'NONE',  ( 0.3547658308191576348, 0.9348700625083321558, -0.01261631914863077693 ) ) ;
#893 = CARTESIAN_POINT ( 'NONE',  ( 0.000000000000000000, 51.47521139259595913, 12.76682703020822451 ) ) ;
#894 = CARTESIAN_POINT ( 'NONE',  ( -28.73252418454123003, 45.56515138991167646, -8.699999999999999289 ) ) ;
#895 = EDGE_CURVE ( 'NONE', #1327, #1493, #965, .T. ) ;
#896 = ORIENTED_EDGE ( 'NONE', *, *, #1370, .T. ) ;
#897 = VERTEX_POINT ( 'NONE', #1569 ) ;
#898 = CARTESIAN_POINT ( 'NONE',  ( 0.000000000000000000, 41.95463239002584288, -9.699999999999999289 ) ) ;
#899 = DIRECTION ( 'NONE',  ( -0.000000000000000000, -0.000000000000000000, 1.000000000000000000 ) ) ;
#900 = VECTOR ( 'NONE', #856, 1000.000000000000000 ) ;
#901 = SHAPE_DEFINITION_REPRESENTATION ( #1401, #305 ) ;
#902 = LINE ( 'NONE', #414, #1100 ) ;
#903 = CIRCLE ( 'NONE', #1532, 1.750000000000003331 ) ;
#904 = CARTESIAN_POINT ( 'NONE',  ( -1.999999999999996669, 51.47521139259595913, 12.76682703020822451 ) ) ;
#905 = ORIENTED_EDGE ( 'NONE', *, *, #1550, .T. ) ;
#906 = VECTOR ( 'NONE', #966, 1000.000000000000000 ) ;
#907 = ORIENTED_EDGE ( 'NONE', *, *, #512, .T. ) ;
#908 = EDGE_CURVE ( 'NONE', #137, #665, #561, .T. ) ;
#909 = CARTESIAN_POINT ( 'NONE',  ( -27.66294194934214090, 45.56515138991166936, 9.699999999999999289 ) ) ;
#910 = CARTESIAN_POINT ( 'NONE',  ( -1.999999999999996669, 51.47521139259595913, 12.76682703020822451 ) ) ;
#911 =( LENGTH_UNIT ( ) NAMED_UNIT ( * ) SI_UNIT ( .MILLI., .METRE. ) );
#912 = CARTESIAN_POINT ( 'NONE',  ( -26.19837440101922965, 52.24307964770474655, 11.00000000000000000 ) ) ;
#913 = ORIENTED_EDGE ( 'NONE', *, *, #353, .F. ) ;
#914 = DIRECTION ( 'NONE',  ( -0.000000000000000000, 0.000000000000000000, -1.000000000000000000 ) ) ;
#915 = DIRECTION ( 'NONE',  ( -1.000000000000000000, -0.000000000000000000, -0.000000000000000000 ) ) ;
#916 = ADVANCED_FACE ( 'NONE', ( #584 ), #221, .F. ) ;
#917 =( GEOMETRIC_REPRESENTATION_CONTEXT ( 3 ) GLOBAL_UNCERTAINTY_ASSIGNED_CONTEXT ( ( #1350 ) ) GLOBAL_UNIT_ASSIGNED_CONTEXT ( ( #1538, #792, #641 ) ) REPRESENTATION_CONTEXT ( 'NONE', 'WORKASPACE' ) );
#918 = DIRECTION ( 'NONE',  ( -1.000000000000000000, 0.000000000000000000, 0.000000000000000000 ) ) ;
#919 = ORIENTED_EDGE ( 'NONE', *, *, #1317, .T. ) ;
#920 = VECTOR ( 'NONE', #338, 1000.000000000000114 ) ;
#921 = CARTESIAN_POINT ( 'NONE',  ( -6.676345912755202505, 44.83172803104509541, 11.00000000000000000 ) ) ;
#922 = CARTESIAN_POINT ( 'NONE',  ( -6.676345912755201617, 44.83172803104509541, -11.00000000000000000 ) ) ;
#923 = CARTESIAN_POINT ( 'NONE',  ( -25.09003493517225536, 40.95463239002584288, 9.699999999999999289 ) ) ;
#924 = ADVANCED_FACE ( 'NONE', ( #1585 ), #1341, .F. ) ;
#925 = EDGE_LOOP ( 'NONE', ( #248, #210, #1480, #201, #1590, #289, #1148, #1598, #441, #434, #79, #676, #1169 ) ) ;
#926 = AXIS2_PLACEMENT_3D ( 'NONE', #816, #727, #944 ) ;
#927 = DIRECTION ( 'NONE',  ( 0.9349444737307784914, -0.3547940684964696056, -0.000000000000000000 ) ) ;
#928 = CYLINDRICAL_SURFACE ( 'NONE', #1289, 1.750000000000003331 ) ;
#929 = DIRECTION ( 'NONE',  ( -1.000000000000000000, 0.000000000000000000, 0.000000000000000000 ) ) ;
#930 = EDGE_CURVE ( 'NONE', #356, #637, #90, .T. ) ;
#931 = ORIENTED_EDGE ( 'NONE', *, *, #1507, .T. ) ;
#932 = DIRECTION ( 'NONE',  ( 1.000000000000000000, 0.000000000000000000, 0.000000000000000000 ) ) ;
#933 = CARTESIAN_POINT ( 'NONE',  ( -13.00000000000000355, 49.19424441348748900, -11.00000000000000000 ) ) ;
#934 = LINE ( 'NONE', #950, #553 ) ;
#935 = EDGE_LOOP ( 'NONE', ( #1471, #1163 ) ) ;
#936 = AXIS2_PLACEMENT_3D ( 'NONE', #91, #10, #388 ) ;
#937 = VECTOR ( 'NONE', #1414, 999.9999999999998863 ) ;
#938 = ORIENTED_EDGE ( 'NONE', *, *, #159, .F. ) ;
#939 = EDGE_CURVE ( 'NONE', #759, #525, #65, .T. ) ;
#940 = EDGE_CURVE ( 'NONE', #1105, #391, #889, .T. ) ;
#941 = DIRECTION ( 'NONE',  ( 0.000000000000000000, 0.000000000000000000, -1.000000000000000000 ) ) ;
#942 = DIRECTION ( 'NONE',  ( 1.000000000000000000, 0.000000000000000000, 0.000000000000000000 ) ) ;
#943 = CARTESIAN_POINT ( 'NONE',  ( -5.736626130209550034, 52.24307964770469681, -11.00000000000000000 ) ) ;
#944 = DIRECTION ( 'NONE',  ( -1.000000000000000000, 0.000000000000000000, 0.000000000000000000 ) ) ;
#945 = EDGE_LOOP ( 'NONE', ( #459, #592, #1321, #866 ) ) ;
#946 = ORIENTED_EDGE ( 'NONE', *, *, #1132, .T. ) ;
#947 = CYLINDRICAL_SURFACE ( 'NONE', #1287, 1.000000000000000000 ) ;
#948 = DIRECTION ( 'NONE',  ( -0.000000000000000000, -0.000000000000000000, 1.000000000000000000 ) ) ;
#949 = EDGE_CURVE ( 'NONE', #371, #1566, #837, .T. ) ;
#950 = CARTESIAN_POINT ( 'NONE',  ( -27.79757971081044943, 45.21035732141520214, 9.699999999999999289 ) ) ;
#951 = ORIENTED_EDGE ( 'NONE', *, *, #186, .F. ) ;
#952 =( BOUNDED_CURVE ( )  B_SPLINE_CURVE ( 3, ( #735, #624, #494, #640 ),
 .UNSPECIFIED., .F., .T. ) 
 B_SPLINE_CURVE_WITH_KNOTS ( ( 4, 4 ),
 ( 3.136805031302281055, 3.141592653589796669 ),
 .UNSPECIFIED. ) 
 CURVE ( )  GEOMETRIC_REPRESENTATION_ITEM ( )  RATIONAL_B_SPLINE_CURVE ( ( 1.000000000000000000, 0.9999980898903146898, 0.9999980898903146898, 1.000000000000000000 ) ) 
 REPRESENTATION_ITEM ( '' )  );
#953 = DIRECTION ( 'NONE',  ( -1.000000000000000000, 0.000000000000000000, 0.000000000000000000 ) ) ;
#954 = EDGE_LOOP ( 'NONE', ( #508, #1176, #1331, #1391 ) ) ;
#955 = CARTESIAN_POINT ( 'NONE',  ( -26.19393739462469384, 52.25477193620891825, -10.97309662010793652 ) ) ;
#956 = VECTOR ( 'NONE', #942, 1000.000000000000000 ) ;
#957 = ORIENTED_EDGE ( 'NONE', *, *, #1284, .T. ) ;
#958 = ADVANCED_FACE ( 'NONE', ( #639 ), #771, .F. ) ;
#959 = ORIENTED_EDGE ( 'NONE', *, *, #849, .T. ) ;
#960 = VECTOR ( 'NONE', #1544, 1000.000000000000000 ) ;
#961 = ORIENTED_EDGE ( 'NONE', *, *, #736, .T. ) ;
#962 = CARTESIAN_POINT ( 'NONE',  ( -14.75000000000000533, 45.69424441348748900, -9.701742144550999924 ) ) ;
#963 = CARTESIAN_POINT ( 'NONE',  ( -27.66383052572803791, 45.56515138991154856, 9.700000000000001066 ) ) ;
#964 = ORIENTED_EDGE ( 'NONE', *, *, #1484, .F. ) ;
#965 = LINE ( 'NONE', #594, #1625 ) ;
#966 = DIRECTION ( 'NONE',  ( 0.000000000000000000, 0.000000000000000000, -1.000000000000000000 ) ) ;
#967 = EDGE_CURVE ( 'NONE', #1089, #759, #117, .T. ) ;
#968 = ORIENTED_EDGE ( 'NONE', *, *, #1004, .F. ) ;
#969 = VECTOR ( 'NONE', #17, 1000.000000000000114 ) ;
#970 = ORIENTED_EDGE ( 'NONE', *, *, #700, .F. ) ;
#971 = DIRECTION ( 'NONE',  ( 1.000000000000000000, -1.387778780781445676E-15, 0.000000000000000000 ) ) ;
#972 = DIRECTION ( 'NONE',  ( -1.000000000000000000, -2.081668171172166620E-14, 0.000000000000000000 ) ) ;
#973 = ORIENTED_EDGE ( 'NONE', *, *, #990, .F. ) ;
#974 = CARTESIAN_POINT ( 'NONE',  ( 0.000000000000000000, 40.95463239002584288, -3.328322064017020576 ) ) ;
#975 = CARTESIAN_POINT ( 'NONE',  ( 0.000000000000000000, 37.97687999291370176, -11.00000000000000000 ) ) ;
#976 = CIRCLE ( 'NONE', #274, 0.9999999999999991118 ) ;
#977 = LINE ( 'NONE', #264, #1529 ) ;
#978 = ORIENTED_EDGE ( 'NONE', *, *, #412, .T. ) ;
#979 = ADVANCED_FACE ( 'NONE', ( #1226 ), #994, .F. ) ;
#980 = ORIENTED_EDGE ( 'NONE', *, *, #1484, .T. ) ;
#981 = PRESENTATION_STYLE_ASSIGNMENT (( #1102 ) ) ;
#982 = DIRECTION ( 'NONE',  ( -0.000000000000000000, 0.2094902700576799781, 0.9778107315585978787 ) ) ;
#983 = VERTEX_POINT ( 'NONE', #1375 ) ;
#984 = CARTESIAN_POINT ( 'NONE',  ( 0.000000000000000000, 45.56515138991167646, -9.699999999999999289 ) ) ;
#985 = CARTESIAN_POINT ( 'NONE',  ( -11.25000000000000000, 49.19424441348748900, -15.00000000000000000 ) ) ;
#986 = CYLINDRICAL_SURFACE ( 'NONE', #1458, 1.000000000000002220 ) ;
#987 = LINE ( 'NONE', #1490, #1233 ) ;
#988 = AXIS2_PLACEMENT_3D ( 'NONE', #1257, #1478, #855 ) ;
#989 = ORIENTED_EDGE ( 'NONE', *, *, #120, .F. ) ;
#990 = EDGE_CURVE ( 'NONE', #416, #1216, #252, .T. ) ;
#991 = CARTESIAN_POINT ( 'NONE',  ( -2.000000000002664091, 47.26333453641695570, 13.66919718382384730 ) ) ;
#992 = ORIENTED_EDGE ( 'NONE', *, *, #1325, .F. ) ;
#993 = ADVANCED_FACE ( 'NONE', ( #890 ), #1503, .F. ) ;
#994 = PLANE ( 'NONE',  #556 ) ;
#995 = CARTESIAN_POINT ( 'NONE',  ( 0.000000000000000000, 37.97687999291370176, 10.18478381521523346 ) ) ;
#996 = PLANE ( 'NONE',  #762 ) ;
#997 = CARTESIAN_POINT ( 'NONE',  ( -31.00000000000002487, 39.58995571664328850, -11.00000000000000000 ) ) ;
#998 = ORIENTED_EDGE ( 'NONE', *, *, #1517, .T. ) ;
#999 = CARTESIAN_POINT ( 'NONE',  ( -2.000000000000113243, 49.77011644619786068, 13.13213371918823924 ) ) ;
#1000 = VERTEX_POINT ( 'NONE', #1255 ) ;
#1001 = VECTOR ( 'NONE', #1264, 1000.000000000000000 ) ;
#1002 = CARTESIAN_POINT ( 'NONE',  ( -6.676345912755202505, 44.83172803104509541, 11.00000000000000000 ) ) ;
#1003 = DIRECTION ( 'NONE',  ( -0.000000000000000000, -0.9778107315585977677, 0.2094902700576799504 ) ) ;
#1004 = EDGE_CURVE ( 'NONE', #688, #848, #382, .T. ) ;
#1005 = DIRECTION ( 'NONE',  ( -1.000000000000000000, -0.000000000000000000, -0.000000000000000000 ) ) ;
#1006 = CARTESIAN_POINT ( 'NONE',  ( -26.00000000000000000, 52.76583091789510149, -9.797175077751770544 ) ) ;
#1007 = VECTOR ( 'NONE', #782, 1000.000000000000227 ) ;
#1008 = VERTEX_POINT ( 'NONE', #131 ) ;
#1009 = DIRECTION ( 'NONE',  ( 1.000000000000000000, 0.000000000000000000, 0.000000000000000000 ) ) ;
#1010 = ORIENTED_EDGE ( 'NONE', *, *, #195, .F. ) ;
#1011 = CARTESIAN_POINT ( 'NONE',  ( -5.736626130209543817, 52.24307964770471102, 11.00000000000000000 ) ) ;
#1012 = CARTESIAN_POINT ( 'NONE',  ( -29.03306687263482289, 41.95463239002584288, 8.699999999999999289 ) ) ;
#1013 = DIRECTION ( 'NONE',  ( -0.000000000000000000, 0.01349403618289144943, 0.9999089513488190750 ) ) ;
#1014 = ADVANCED_FACE ( 'NONE', ( #1386 ), #493, .F. ) ;
#1015 = CARTESIAN_POINT ( 'NONE',  ( -26.00000000000000000, 52.82333743706326601, 9.649012497419098722 ) ) ;
#1016 = FILL_AREA_STYLE ('',( #598 ) ) ;
#1017 = AXIS2_PLACEMENT_3D ( 'NONE', #249, #982, #233 ) ;
#1018 = ORIENTED_EDGE ( 'NONE', *, *, #1421, .F. ) ;
#1019 = EDGE_LOOP ( 'NONE', ( #67, #1571, #1522, #1622 ) ) ;
#1020 = CARTESIAN_POINT ( 'NONE',  ( -29.96801134636560349, 42.30942645852231720, -9.699999999999999289 ) ) ;
#1021 = CARTESIAN_POINT ( 'NONE',  ( -14.75000000000000533, 52.69424441348749610, -9.796208998910913124 ) ) ;
#1022 = PRODUCT_CONTEXT ( 'NONE', #1509, 'mechanical' ) ;
#1023 = CARTESIAN_POINT ( 'NONE',  ( -14.75000000000000533, 52.69424441348750321, 9.649919353599139882 ) ) ;
#1024 = PLANE ( 'NONE',  #19 ) ;
#1025 = EDGE_CURVE ( 'NONE', #362, #1285, #1608, .T. ) ;
#1026 = EDGE_LOOP ( 'NONE', ( #793, #1254, #825, #1560, #468, #1278, #269, #905, #931, #214, #154, #647 ) ) ;
#1027 = EDGE_LOOP ( 'NONE', ( #260, #1491, #973, #28, #408, #1366 ) ) ;
#1028 = DIRECTION ( 'NONE',  ( 1.000000000000000000, -0.000000000000000000, -0.000000000000000000 ) ) ;
#1029 = CARTESIAN_POINT ( 'NONE',  ( -11.25000000000000000, 52.69424441348749610, -9.796208998910913124 ) ) ;
#1030 = VECTOR ( 'NONE', #1231, 1000.000000000000000 ) ;
#1031 = CARTESIAN_POINT ( 'NONE',  ( -2.691016687485230818, 46.82138661408696123, 12.72317091922391974 ) ) ;
#1032 = DIRECTION ( 'NONE',  ( 1.000000000000000000, 0.000000000000000000, 0.000000000000000000 ) ) ;
#1033 = CARTESIAN_POINT ( 'NONE',  ( -1.999999999999996669, 44.83172803104507409, -13.00000000000006750 ) ) ;
#1034 = ORIENTED_EDGE ( 'NONE', *, *, #1025, .F. ) ;
#1035 = AXIS2_PLACEMENT_3D ( 'NONE', #1073, #829, #591 ) ;
#1036 = ADVANCED_FACE ( 'NONE', ( #509 ), #365, .F. ) ;
#1037 = VERTEX_POINT ( 'NONE', #862 ) ;
#1038 = CARTESIAN_POINT ( 'NONE',  ( 0.000000000000000000, 46.66598861651589658, 13.79717507775179897 ) ) ;
#1039 = DIRECTION ( 'NONE',  ( 1.000000000000000000, 0.000000000000000000, 0.000000000000000000 ) ) ;
#1040 = DIRECTION ( 'NONE',  ( -1.000000000000000000, 0.000000000000000000, 0.000000000000000000 ) ) ;
#1041 = EDGE_LOOP ( 'NONE', ( #1311, #301, #1291, #433, #1581, #1277, #619, #978, #885, #1209, #1112, #1191 ) ) ;
#1042 = VECTOR ( 'NONE', #242, 1000.000000000000227 ) ;
#1043 = ADVANCED_FACE ( 'NONE', ( #261 ), #124, .T. ) ;
#1044 = LINE ( 'NONE', #1554, #51 ) ;
#1045 = FACE_OUTER_BOUND ( 'NONE', #270, .T. ) ;
#1046 = EDGE_CURVE ( 'NONE', #93, #451, #602, .T. ) ;
#1047 = VECTOR ( 'NONE', #1156, 1000.000000000000000 ) ;
#1048 = CARTESIAN_POINT ( 'NONE',  ( -3.640760883791779090, 46.51072077298611873, 11.90063683896570801 ) ) ;
#1049 = CARTESIAN_POINT ( 'NONE',  ( -3.999999999999996447, 37.97687999291370176, 11.00000000000000000 ) ) ;
#1050 = EDGE_LOOP ( 'NONE', ( #589, #1058, #605, #321, #167, #565 ) ) ;
#1051 = CIRCLE ( 'NONE', #333, 5.000000000000000000 ) ;
#1052 = CARTESIAN_POINT ( 'NONE',  ( -13.00000000000000355, 49.19424441348748900, 11.00000000000000000 ) ) ;
#1053 = LINE ( 'NONE', #1160, #824 ) ;
#1054 = CARTESIAN_POINT ( 'NONE',  ( -6.676345912755202505, 44.83172803104509541, 11.00000000000000000 ) ) ;
#1055 = CARTESIAN_POINT ( 'NONE',  ( 0.000000000000000000, 45.56515138991166936, 9.699999999999999289 ) ) ;
#1056 = EDGE_CURVE ( 'NONE', #1374, #1105, #1351, .T. ) ;
#1057 = VECTOR ( 'NONE', #914, 1000.000000000000000 ) ;
#1058 = ORIENTED_EDGE ( 'NONE', *, *, #1282, .T. ) ;
#1059 = AXIS2_PLACEMENT_3D ( 'NONE', #1397, #1143, #679 ) ;
#1060 = CARTESIAN_POINT ( 'NONE',  ( 0.000000000000000000, 41.95463239002584288, 8.699999999999999289 ) ) ;
#1061 = CARTESIAN_POINT ( 'NONE',  ( -6.148394266835713218, 49.78512195924943029, -11.00000000000000178 ) ) ;
#1062 = CARTESIAN_POINT ( 'NONE',  ( -2.457237202596839865, 51.70122535036214373, -12.24678004672002096 ) ) ;
#1063 = VERTEX_POINT ( 'NONE', #1236 ) ;
#1064 = ADVANCED_FACE ( 'NONE', ( #103 ), #1124, .F. ) ;
#1065 = EDGE_LOOP ( 'NONE', ( #241, #443, #1602, #1149 ) ) ;
#1066 = CARTESIAN_POINT ( 'NONE',  ( -27.13331887475001025, 52.59787371620122087, 11.00000000000000000 ) ) ;
#1067 = CARTESIAN_POINT ( 'NONE',  ( -5.965005736717950313, 51.01695311751566209, -10.99999999999999822 ) ) ;
#1068 = DIRECTION ( 'NONE',  ( -1.000000000000000000, -0.000000000000000000, -0.000000000000000000 ) ) ;
#1069 = CYLINDRICAL_SURFACE ( 'NONE', #1339, 4.999999999999999112 ) ;
#1070 = ORIENTED_EDGE ( 'NONE', *, *, #1360, .F. ) ;
#1071 = EDGE_CURVE ( 'NONE', #1083, #197, #484, .T. ) ;
#1072 = PLANE ( 'NONE',  #843 ) ;
#1073 = CARTESIAN_POINT ( 'NONE',  ( -3.999999999999996447, 37.97687999291370176, 11.00000000000000000 ) ) ;
#1074 = CARTESIAN_POINT ( 'NONE',  ( -30.03306687263482289, 41.95463239002584288, -8.700000000000001066 ) ) ;
#1075 = CARTESIAN_POINT ( 'NONE',  ( 0.000000000000000000, 39.58995571664326718, 0.000000000000000000 ) ) ;
#1076 = EDGE_LOOP ( 'NONE', ( #515, #278, #597, #970 ) ) ;
#1077 = ADVANCED_FACE ( 'NONE', ( #781, #1523 ), #13, .T. ) ;
#1078 = CARTESIAN_POINT ( 'NONE',  ( -26.00000000000002842, 52.76583091789513702, -8.792295980867631755 ) ) ;
#1079 = DIRECTION ( 'NONE',  ( -0.000000000000000000, -1.000000000000000000, -0.000000000000000000 ) ) ;
#1080 = ORIENTED_EDGE ( 'NONE', *, *, #1468, .T. ) ;
#1081 = CARTESIAN_POINT ( 'NONE',  ( -6.463261879825167533, 47.53760578435193906, -11.00000000000000000 ) ) ;
#1082 = DIRECTION ( 'NONE',  ( 0.000000000000000000, 1.000000000000000000, 0.000000000000000000 ) ) ;
#1083 = VERTEX_POINT ( 'NONE', #417 ) ;
#1084 = ORIENTED_EDGE ( 'NONE', *, *, #71, .F. ) ;
#1085 = CARTESIAN_POINT ( 'NONE',  ( 0.000000000000000000, 52.82333743706326601, 9.649012497419098722 ) ) ;
#1086 = CARTESIAN_POINT ( 'NONE',  ( 0.000000000000000000, 45.56515138991166936, 9.699999999999999289 ) ) ;
#1087 = VERTEX_POINT ( 'NONE', #1165 ) ;
#1088 = CARTESIAN_POINT ( 'NONE',  ( -5.369453825704555427, 52.24307964770469681, -11.00000000000000000 ) ) ;
#1089 = VERTEX_POINT ( 'NONE', #921 ) ;
#1090 = ORIENTED_EDGE ( 'NONE', *, *, #286, .F. ) ;
#1091 = AXIS2_PLACEMENT_3D ( 'NONE', #1033, #1400, #267 ) ;
#1092 = VERTEX_POINT ( 'NONE', #1396 ) ;
#1093 = FACE_OUTER_BOUND ( 'NONE', #325, .T. ) ;
#1094 = CARTESIAN_POINT ( 'NONE',  ( -3.466964416238198066, 52.06004511186391426, 11.00000000000000178 ) ) ;
#1095 = ORIENTED_EDGE ( 'NONE', *, *, #930, .F. ) ;
#1096 = CARTESIAN_POINT ( 'NONE',  ( -6.577835428189172440, 46.07432127194272198, 10.99999999999999822 ) ) ;
#1097 = CARTESIAN_POINT ( 'NONE',  ( 0.000000000000000000, 46.66598861651589658, 13.79717507775179897 ) ) ;
#1098 = EDGE_CURVE ( 'NONE', #1089, #88, #284, .T. ) ;
#1099 = ORIENTED_EDGE ( 'NONE', *, *, #1530, .T. ) ;
#1100 = VECTOR ( 'NONE', #918, 1000.000000000000000 ) ;
#1101 = VERTEX_POINT ( 'NONE', #1292 ) ;
#1102 = SURFACE_STYLE_USAGE ( .BOTH. , #607 ) ;
#1103 = AXIS2_PLACEMENT_3D ( 'NONE', #752, #870, #1245 ) ;
#1104 = DIRECTION ( 'NONE',  ( -0.3547940684964694391, -0.9349444737307786024, 0.000000000000000000 ) ) ;
#1105 = VERTEX_POINT ( 'NONE', #169 ) ;
#1106 = CARTESIAN_POINT ( 'NONE',  ( -6.455104592984175937, 47.31384350180042730, 11.00000000000000178 ) ) ;
#1107 = CARTESIAN_POINT ( 'NONE',  ( 0.000000000000000000, 45.56515138991168357, 4.000000000000000000 ) ) ;
#1108 = DIRECTION ( 'NONE',  ( -0.9349444737307782693, 0.3547940684964701608, 0.000000000000000000 ) ) ;
#1109 = DIRECTION ( 'NONE',  ( 0.9349444737307782693, -0.3547940684964701608, 0.000000000000000000 ) ) ;
#1110 = EDGE_CURVE ( 'NONE', #1410, #1372, #678, .T. ) ;
#1111 = EDGE_CURVE ( 'NONE', #1553, #391, #1542, .T. ) ;
#1112 = ORIENTED_EDGE ( 'NONE', *, *, #822, .F. ) ;
#1113 = CARTESIAN_POINT ( 'NONE',  ( -27.13331887475001025, 52.59787371620120666, -11.00000000000000000 ) ) ;
#1114 = VERTEX_POINT ( 'NONE', #909 ) ;
#1115 = DIRECTION ( 'NONE',  ( -0.000000000000000000, -0.9778107315585977677, 0.2094902700576799504 ) ) ;
#1116 = FACE_OUTER_BOUND ( 'NONE', #672, .T. ) ;
#1117 = LINE ( 'NONE', #230, #1251 ) ;
#1118 = CARTESIAN_POINT ( 'NONE',  ( -30.03306687263482289, 41.95463239002584288, 8.699999999999999289 ) ) ;
#1119 = VECTOR ( 'NONE', #1126, 1000.000000000000000 ) ;
#1120 = ORIENTED_EDGE ( 'NONE', *, *, #522, .F. ) ;
#1121 = ADVANCED_FACE ( 'NONE', ( #393 ), #795, .F. ) ;
#1122 = CARTESIAN_POINT ( 'NONE',  ( -41.16519393925950965, 15.62142677829411497, 0.000000000000000000 ) ) ;
#1123 = VERTEX_POINT ( 'NONE', #1172 ) ;
#1124 = CYLINDRICAL_SURFACE ( 'NONE', #268, 1.750000000000003331 ) ;
#1125 = CARTESIAN_POINT ( 'NONE',  ( -3.999999999999996447, 37.97687999291370176, 10.18478381521523346 ) ) ;
#1126 = DIRECTION ( 'NONE',  ( 0.000000000000000000, 0.000000000000000000, -1.000000000000000000 ) ) ;
#1127 = CARTESIAN_POINT ( 'NONE',  ( -26.00000000000000000, 44.83172803104509541, -11.00000000000000000 ) ) ;
#1128 = VECTOR ( 'NONE', #315, 1000.000000000000000 ) ;
#1129 = ORIENTED_EDGE ( 'NONE', *, *, #1155, .T. ) ;
#1130 = DIRECTION ( 'NONE',  ( -0.000000000000000000, -0.000000000000000000, 1.000000000000000000 ) ) ;
#1131 = ORIENTED_EDGE ( 'NONE', *, *, #712, .T. ) ;
#1132 = EDGE_CURVE ( 'NONE', #1271, #1123, #1044, .T. ) ;
#1133 = AXIS2_PLACEMENT_3D ( 'NONE', #517, #1150, #673 ) ;
#1134 = CARTESIAN_POINT ( 'NONE',  ( -26.00000000000000000, 53.93476223185739116, 22.00000000000000355 ) ) ;
#1135 = DIRECTION ( 'NONE',  ( 0.000000000000000000, 0.9778107315585976567, 0.2094902700576805887 ) ) ;
#1136 = FACE_BOUND ( 'NONE', #813, .T. ) ;
#1137 = CARTESIAN_POINT ( 'NONE',  ( -27.45595197171505930, 46.11763086638610076, 9.696118927160361167 ) ) ;
#1138 = AXIS2_PLACEMENT_3D ( 'NONE', #595, #1082, #1316 ) ;
#1139 = DIRECTION ( 'NONE',  ( -0.000000000000000000, 0.9171302927353680579, 0.3985875388758887139 ) ) ;
#1140 = ORIENTED_EDGE ( 'NONE', *, *, #1449, .F. ) ;
#1141 = ORIENTED_EDGE ( 'NONE', *, *, #747, .T. ) ;
#1142 = LINE ( 'NONE', #1406, #1184 ) ;
#1143 = DIRECTION ( 'NONE',  ( -0.3547940684964696612, -0.9349444737307786024, -1.265969099463485003E-16 ) ) ;
#1144 = CARTESIAN_POINT ( 'NONE',  ( -3.999999999999996447, 37.97687999291370176, 11.00000000000000000 ) ) ;
#1145 = EDGE_CURVE ( 'NONE', #391, #332, #43, .T. ) ;
#1146 = FACE_OUTER_BOUND ( 'NONE', #444, .T. ) ;
#1147 = LINE ( 'NONE', #1223, #97 ) ;
#1148 = ORIENTED_EDGE ( 'NONE', *, *, #671, .T. ) ;
#1149 = ORIENTED_EDGE ( 'NONE', *, *, #940, .T. ) ;
#1150 = DIRECTION ( 'NONE',  ( -0.3547940684964693281, -0.9349444737307787134, 0.000000000000000000 ) ) ;
#1151 = VECTOR ( 'NONE', #193, 1000.000000000000000 ) ;
#1152 = CARTESIAN_POINT ( 'NONE',  ( -2.524831320195953133, 46.84174140314647872, -12.92084539011284505 ) ) ;
#1153 = CYLINDRICAL_SURFACE ( 'NONE', #228, 0.9999999999999982236 ) ;
#1154 = LINE ( 'NONE', #1552, #387 ) ;
#1155 = EDGE_CURVE ( 'NONE', #1520, #1123, #903, .T. ) ;
#1156 = DIRECTION ( 'NONE',  ( 0.000000000000000000, 0.000000000000000000, 1.000000000000000000 ) ) ;
#1157 = ORIENTED_EDGE ( 'NONE', *, *, #107, .F. ) ;
#1158 = ORIENTED_EDGE ( 'NONE', *, *, #939, .T. ) ;
#1159 = LINE ( 'NONE', #296, #1001 ) ;
#1160 = CARTESIAN_POINT ( 'NONE',  ( -1.999999999999996669, 46.66598861651589658, -13.79717507775179897 ) ) ;
#1161 = LINE ( 'NONE', #539, #1151 ) ;
#1162 = EDGE_CURVE ( 'NONE', #1123, #1520, #505, .T. ) ;
#1163 = ORIENTED_EDGE ( 'NONE', *, *, #1468, .F. ) ;
#1164 = ADVANCED_FACE ( 'NONE', ( #403 ), #1417, .F. ) ;
#1165 = CARTESIAN_POINT ( 'NONE',  ( -25.09003493517225536, 40.95463239002584288, 3.328322064017021020 ) ) ;
#1166 = CARTESIAN_POINT ( 'NONE',  ( -26.00000000000000000, 44.83172803104508830, 11.00000000000000000 ) ) ;
#1167 = CARTESIAN_POINT ( 'NONE',  ( -7.678144090001097766, 39.58995571664326718, 0.000000000000000000 ) ) ;
#1168 = CARTESIAN_POINT ( 'NONE',  ( -4.960794458855782629, 39.02028698175777066, 9.223989356359446390 ) ) ;
#1169 = ORIENTED_EDGE ( 'NONE', *, *, #579, .T. ) ;
#1170 = VECTOR ( 'NONE', #948, 1000.000000000000000 ) ;
#1171 = EDGE_CURVE ( 'NONE', #1037, #310, #1142, .T. ) ;
#1172 = CARTESIAN_POINT ( 'NONE',  ( -11.25000000000000000, 49.19424441348748900, 11.00000000000000000 ) ) ;
#1173 = CARTESIAN_POINT ( 'NONE',  ( -2.691013705234989839, 46.82138704185468470, -12.72317435852532341 ) ) ;
#1174 = FACE_OUTER_BOUND ( 'NONE', #477, .T. ) ;
#1175 = DIRECTION ( 'NONE',  ( -0.000000000000000000, -1.000000000000000000, -0.000000000000000000 ) ) ;
#1176 = ORIENTED_EDGE ( 'NONE', *, *, #1241, .F. ) ;
#1177 =( BOUNDED_CURVE ( )  B_SPLINE_CURVE ( 3, ( #115, #95, #1359, #603 ),
 .UNSPECIFIED., .F., .F. ) 
 B_SPLINE_CURVE_WITH_KNOTS ( ( 4, 4 ),
 ( 0.7442018107058522292, 1.570796326794896558 ),
 .UNSPECIFIED. ) 
 CURVE ( )  GEOMETRIC_REPRESENTATION_ITEM ( )  RATIONAL_B_SPLINE_CURVE ( ( 1.000000000000000000, 0.9438676813076822825, 0.9438676813076822825, 1.000000000000000000 ) ) 
 REPRESENTATION_ITEM ( '' )  );
#1178 = CARTESIAN_POINT ( 'NONE',  ( -11.25000000000000000, 49.19424441348748900, 9.674506248709548117 ) ) ;
#1179 = LINE ( 'NONE', #49, #300 ) ;
#1180 = EDGE_CURVE ( 'NONE', #1493, #467, #1279, .T. ) ;
#1181 =( NAMED_UNIT ( * ) PLANE_ANGLE_UNIT ( ) SI_UNIT ( $, .RADIAN. ) );
#1182 = AXIS2_PLACEMENT_3D ( 'NONE', #1015, #1618, #881 ) ;
#1183 = CARTESIAN_POINT ( 'NONE',  ( -6.259756224663610702, 39.58995571664326718, 7.925027590551619205 ) ) ;
#1184 = VECTOR ( 'NONE', #927, 1000.000000000000227 ) ;
#1185 = VERTEX_POINT ( 'NONE', #1423 ) ;
#1186 = PLANE ( 'NONE',  #475 ) ;
#1187 = CARTESIAN_POINT ( 'NONE',  ( -26.00000000000003553, 52.76583091789513702, 8.651884163997332067 ) ) ;
#1188 = CARTESIAN_POINT ( 'NONE',  ( -3.198112111176880656, 44.50852319252670242, -10.99999999999999822 ) ) ;
#1189 = CARTESIAN_POINT ( 'NONE',  ( -6.676345912755201617, 44.83172803104509541, -11.00000000000000000 ) ) ;
#1190 = EDGE_CURVE ( 'NONE', #451, #203, #1159, .T. ) ;
#1191 = ORIENTED_EDGE ( 'NONE', *, *, #1572, .F. ) ;
#1192 = CARTESIAN_POINT ( 'NONE',  ( -40.23024946552873615, 15.26663270979764597, 0.000000000000000000 ) ) ;
#1193 = FACE_OUTER_BOUND ( 'NONE', #818, .T. ) ;
#1194 = CARTESIAN_POINT ( 'NONE',  ( -3.792726649419344565, 52.07409641280072066, -11.38882209948642199 ) ) ;
#1195 = DIRECTION ( 'NONE',  ( 0.000000000000000000, -0.000000000000000000, 1.000000000000000000 ) ) ;
#1196 = EDGE_CURVE ( 'NONE', #488, #127, #30, .T. ) ;
#1197 = ORIENTED_EDGE ( 'NONE', *, *, #1421, .T. ) ;
#1198 = ORIENTED_EDGE ( 'NONE', *, *, #1171, .T. ) ;
#1199 = LINE ( 'NONE', #145, #581 ) ;
#1200 = CARTESIAN_POINT ( 'NONE',  ( -6.455104592984175049, 47.31384350180039178, -10.99999999999999645 ) ) ;
#1201 = VERTEX_POINT ( 'NONE', #140 ) ;
#1202 = DIRECTION ( 'NONE',  ( 0.9349444737307784914, -0.3547940684964696056, -0.000000000000000000 ) ) ;
#1203 = VERTEX_POINT ( 'NONE', #1038 ) ;
#1204 = ORIENTED_EDGE ( 'NONE', *, *, #1459, .F. ) ;
#1205 = CIRCLE ( 'NONE', #1, 1.000000000000000888 ) ;
#1206 = ORIENTED_EDGE ( 'NONE', *, *, #1427, .T. ) ;
#1207 = LINE ( 'NONE', #48, #290 ) ;
#1208 = CARTESIAN_POINT ( 'NONE',  ( -27.66543989971118478, 45.56559350729693847, 9.699996894201776243 ) ) ;
#1209 = ORIENTED_EDGE ( 'NONE', *, *, #60, .F. ) ;
#1210 = CARTESIAN_POINT ( 'NONE',  ( -1.999999999999996669, 46.66598861651589658, 13.79717507775179897 ) ) ;
#1211 = VERTEX_POINT ( 'NONE', #1272 ) ;
#1212 = VERTEX_POINT ( 'NONE', #148 ) ;
#1213 = VERTEX_POINT ( 'NONE', #1085 ) ;
#1214 = CARTESIAN_POINT ( 'NONE',  ( -40.20947568652179882, 15.32137525372840159, 8.914924993677677989 ) ) ;
#1215 = CARTESIAN_POINT ( 'NONE',  ( -26.93494447373080902, 53.12062498639160424, -9.797175077751733241 ) ) ;
#1216 = VERTEX_POINT ( 'NONE', #1078 ) ;
#1217 = EDGE_CURVE ( 'NONE', #130, #740, #442, .T. ) ;
#1218 = LINE ( 'NONE', #464, #794 ) ;
#1219 = CARTESIAN_POINT ( 'NONE',  ( -14.75000000000000533, 49.19424441348748900, 9.674506248709548117 ) ) ;
#1220 = EDGE_LOOP ( 'NONE', ( #1084, #575, #1252, #749 ) ) ;
#1221 = VECTOR ( 'NONE', #731, 1000.000000000000000 ) ;
#1222 = VECTOR ( 'NONE', #1115, 1000.000000000000114 ) ;
#1223 = CARTESIAN_POINT ( 'NONE',  ( -23.61133973270838382, 51.85937869714827286, 9.655784140970256502 ) ) ;
#1224 = LINE ( 'NONE', #760, #757 ) ;
#1225 = ORIENTED_EDGE ( 'NONE', *, *, #758, .F. ) ;
#1226 = FACE_OUTER_BOUND ( 'NONE', #378, .T. ) ;
#1227 = CARTESIAN_POINT ( 'NONE',  ( 0.000000000000000000, 44.83172803104509541, 11.00000000000000000 ) ) ;
#1228 = EDGE_CURVE ( 'NONE', #130, #1410, #834, .T. ) ;
#1229 = PLANE ( 'NONE',  #492 ) ;
#1230 = EDGE_CURVE ( 'NONE', #1553, #1464, #392, .T. ) ;
#1231 = DIRECTION ( 'NONE',  ( 1.000000000000000000, 0.000000000000000000, 0.000000000000000000 ) ) ;
#1232 = ORIENTED_EDGE ( 'NONE', *, *, #701, .T. ) ;
#1233 = VECTOR ( 'NONE', #865, 1000.000000000000000 ) ;
#1234 = CARTESIAN_POINT ( 'NONE',  ( -26.93494447373080902, 53.12062498639160424, -9.797175077751733241 ) ) ;
#1235 = ORIENTED_EDGE ( 'NONE', *, *, #35, .F. ) ;
#1236 = CARTESIAN_POINT ( 'NONE',  ( -8.673617379884035472E-16, 40.95463239002584288, 3.328322064017021020 ) ) ;
#1237 = DIRECTION ( 'NONE',  ( -1.000000000000000000, 0.000000000000000000, 0.000000000000000000 ) ) ;
#1238 = VECTOR ( 'NONE', #1570, 1000.000000000000000 ) ;
#1239 = FACE_OUTER_BOUND ( 'NONE', #123, .T. ) ;
#1240 = DIRECTION ( 'NONE',  ( 0.9349337569613874743, -0.3547900016814659052, 0.004787985059599370388 ) ) ;
#1241 = EDGE_CURVE ( 'NONE', #317, #364, #461, .T. ) ;
#1242 = VERTEX_POINT ( 'NONE', #73 ) ;
#1243 = CARTESIAN_POINT ( 'NONE',  ( 0.000000000000000000, 52.24307964770471102, 11.00000000000000000 ) ) ;
#1244 = ORIENTED_EDGE ( 'NONE', *, *, #1230, .F. ) ;
#1245 = DIRECTION ( 'NONE',  ( 0.000000000000000000, 0.000000000000000000, 1.000000000000000000 ) ) ;
#1246 = DIRECTION ( 'NONE',  ( -0.3217328108726283387, -0.8478222728411446418, 0.4215274511612182029 ) ) ;
#1247 = AXIS2_PLACEMENT_3D ( 'NONE', #462, #1589, #319 ) ;
#1248 = CARTESIAN_POINT ( 'NONE',  ( -31.93494447373080547, 39.94474978513976282, -11.00000000000000000 ) ) ;
#1249 = DIRECTION ( 'NONE',  ( 1.000000000000000000, 0.000000000000000000, 0.000000000000000000 ) ) ;
#1250 = ADVANCED_FACE ( 'NONE', ( #1453 ), #1186, .F. ) ;
#1251 = VECTOR ( 'NONE', #765, 1000.000000000000000 ) ;
#1252 = ORIENTED_EDGE ( 'NONE', *, *, #882, .T. ) ;
#1253 = LINE ( 'NONE', #1215, #323 ) ;
#1254 = ORIENTED_EDGE ( 'NONE', *, *, #294, .T. ) ;
#1255 = CARTESIAN_POINT ( 'NONE',  ( -1.999999999999996669, 46.66598861651589658, -13.79717507775179897 ) ) ;
#1256 = DIRECTION ( 'NONE',  ( -0.000000000000000000, -0.000000000000000000, 1.000000000000000000 ) ) ;
#1257 = CARTESIAN_POINT ( 'NONE',  ( -26.00000000000000000, 52.24307964770469681, -11.00000000000000000 ) ) ;
#1258 = CARTESIAN_POINT ( 'NONE',  ( -26.19837440101923320, 52.24307964770473234, -11.00000000000000000 ) ) ;
#1259 = CARTESIAN_POINT ( 'NONE',  ( 0.000000000000000000, 40.95463239002584288, 8.699999999999999289 ) ) ;
#1260 = ORIENTED_EDGE ( 'NONE', *, *, #1325, .T. ) ;
#1261 = EDGE_LOOP ( 'NONE', ( #1334, #1595, #710, #1131 ) ) ;
#1262 = ADVANCED_FACE ( 'NONE', ( #64 ), #1072, .F. ) ;
#1263 = VECTOR ( 'NONE', #184, 1000.000000000000000 ) ;
#1264 = DIRECTION ( 'NONE',  ( -0.000000000000000000, -1.000000000000000000, -0.000000000000000000 ) ) ;
#1265 = PLANE ( 'NONE',  #1059 ) ;
#1266 = DIRECTION ( 'NONE',  ( 0.000000000000000000, 0.000000000000000000, 1.000000000000000000 ) ) ;
#1267 = DIRECTION ( 'NONE',  ( 1.000000000000000000, 0.000000000000000000, 0.000000000000000000 ) ) ;
#1268 = VECTOR ( 'NONE', #236, 1000.000000000000000 ) ;
#1269 = CARTESIAN_POINT ( 'NONE',  ( 0.000000000000000000, 40.95463239002584288, -8.699999999999997513 ) ) ;
#1270 = ORIENTED_EDGE ( 'NONE', *, *, #1046, .T. ) ;
#1271 = VERTEX_POINT ( 'NONE', #1178 ) ;
#1272 = CARTESIAN_POINT ( 'NONE',  ( -8.673617379884035472E-16, 39.58995571664326718, 3.328322064017021020 ) ) ;
#1273 = CARTESIAN_POINT ( 'NONE',  ( -3.473344229898498448, 52.00834390561108478, 11.54011537959498845 ) ) ;
#1274 = EDGE_CURVE ( 'NONE', #628, #1382, #32, .T. ) ;
#1275 = CARTESIAN_POINT ( 'NONE',  ( -1.999999999999996669, 46.66598861651589658, 13.79717507775179897 ) ) ;
#1276 = DIRECTION ( 'NONE',  ( 1.000000000000000000, 0.000000000000000000, 0.000000000000000000 ) ) ;
#1277 = ORIENTED_EDGE ( 'NONE', *, *, #686, .F. ) ;
#1278 = ORIENTED_EDGE ( 'NONE', *, *, #756, .T. ) ;
#1279 = LINE ( 'NONE', #156, #799 ) ;
#1280 = CARTESIAN_POINT ( 'NONE',  ( -3.846904226985207842, 46.41683344483320184, -11.77079900352416786 ) ) ;
#1281 = DIRECTION ( 'NONE',  ( -0.3547864164917186591, -0.9349243093588518461, 0.006567681694393524144 ) ) ;
#1282 = EDGE_CURVE ( 'NONE', #1037, #1327, #178, .T. ) ;
#1283 = FACE_OUTER_BOUND ( 'NONE', #630, .T. ) ;
#1284 = EDGE_CURVE ( 'NONE', #93, #656, #1207, .T. ) ;
#1285 = VERTEX_POINT ( 'NONE', #306 ) ;
#1286 = DIRECTION ( 'NONE',  ( 1.000000000000000000, 0.000000000000000000, 0.000000000000000000 ) ) ;
#1287 = AXIS2_PLACEMENT_3D ( 'NONE', #1060, #932, #941 ) ;
#1288 = DIRECTION ( 'NONE',  ( 0.000000000000000000, 0.000000000000000000, -1.000000000000000000 ) ) ;
#1289 = AXIS2_PLACEMENT_3D ( 'NONE', #1555, #1524, #803 ) ;
#1290 = ADVANCED_FACE ( 'NONE', ( #1561 ), #947, .F. ) ;
#1291 = ORIENTED_EDGE ( 'NONE', *, *, #1025, .T. ) ;
#1292 = CARTESIAN_POINT ( 'NONE',  ( -3.999999999999996447, 37.97687999291370176, -11.00000000000000000 ) ) ;
#1293 = CARTESIAN_POINT ( 'NONE',  ( -3.053046932933980884, 46.73489313023607394, -12.35708630416281473 ) ) ;
#1294 = CARTESIAN_POINT ( 'NONE',  ( -6.232019418838859792, 45.09852203784289770, 11.00000000000001243 ) ) ;
#1295 = CARTESIAN_POINT ( 'NONE',  ( -3.999999999999996447, 37.97687999291370176, 11.00000000000000000 ) ) ;
#1296 = ORIENTED_EDGE ( 'NONE', *, *, #1435, .T. ) ;
#1297 = VECTOR ( 'NONE', #858, 1000.000000000000000 ) ;
#1298 = EDGE_CURVE ( 'NONE', #786, #161, #814, .T. ) ;
#1299 = DIRECTION ( 'NONE',  ( -0.3547940684964693836, -0.9349444737307787134, 0.000000000000000000 ) ) ;
#1300 = PLANE ( 'NONE',  #1035 ) ;
#1301 = VECTOR ( 'NONE', #767, 999.9999999999998863 ) ;
#1302 = LINE ( 'NONE', #923, #229 ) ;
#1303 = ORIENTED_EDGE ( 'NONE', *, *, #1098, .F. ) ;
#1304 = CARTESIAN_POINT ( 'NONE',  ( -28.59663703781928845, 45.92323780724417048, -9.285786437626750711 ) ) ;
#1305 = CARTESIAN_POINT ( 'NONE',  ( -7.678144090001097766, 39.58995571664326718, 0.000000000000000000 ) ) ;
#1306 = EDGE_CURVE ( 'NONE', #1403, #827, #1556, .T. ) ;
#1307 = CARTESIAN_POINT ( 'NONE',  ( -6.680215906482881216, 44.78275045708810609, -11.00000000000000000 ) ) ;
#1308 = AXIS2_PLACEMENT_3D ( 'NONE', #1127, #875, #1371 ) ;
#1309 = EDGE_LOOP ( 'NONE', ( #1095, #951, #1340, #913 ) ) ;
#1310 = VECTOR ( 'NONE', #23, 999.9999999999998863 ) ;
#1311 = ORIENTED_EDGE ( 'NONE', *, *, #791, .F. ) ;
#1312 = VECTOR ( 'NONE', #1256, 1000.000000000000000 ) ;
#1313 = DIRECTION ( 'NONE',  ( 1.000000000000000000, 0.000000000000000000, 0.000000000000000000 ) ) ;
#1314 = CARTESIAN_POINT ( 'NONE',  ( -14.75000000000000533, 49.19424441348748900, -15.00000000000000000 ) ) ;
#1315 = CARTESIAN_POINT ( 'NONE',  ( -5.007990917849121537, 52.22629696601750737, -11.03861612385593460 ) ) ;
#1316 = DIRECTION ( 'NONE',  ( 1.000000000000000000, 0.000000000000000000, 0.000000000000000000 ) ) ;
#1317 = EDGE_CURVE ( 'NONE', #1327, #832, #566, .T. ) ;
#1318 = EDGE_LOOP ( 'NONE', ( #1546, #1451, #840, #1034 ) ) ;
#1319 = CARTESIAN_POINT ( 'NONE',  ( -26.93494447373080902, 53.12062498639160424, 9.782902279060801121 ) ) ;
#1320 = DIRECTION ( 'NONE',  ( 1.000000000000000000, 0.000000000000000000, 0.000000000000000000 ) ) ;
#1321 = ORIENTED_EDGE ( 'NONE', *, *, #1620, .T. ) ;
#1322 = CARTESIAN_POINT ( 'NONE',  ( -3.958205345359560479, 52.10330840766516758, -11.32160673827127262 ) ) ;
#1323 = FACE_OUTER_BOUND ( 'NONE', #1065, .T. ) ;
#1324 = AXIS2_PLACEMENT_3D ( 'NONE', #503, #1005, #1266 ) ;
#1325 = EDGE_CURVE ( 'NONE', #1493, #1083, #318, .T. ) ;
#1326 = EDGE_CURVE ( 'NONE', #848, #1372, #1205, .T. ) ;
#1327 = VERTEX_POINT ( 'NONE', #820 ) ;
#1328 = ORIENTED_EDGE ( 'NONE', *, *, #895, .F. ) ;
#1329 = CARTESIAN_POINT ( 'NONE',  ( -14.75000000000000533, 49.19424441348748900, -9.748975571730957412 ) ) ;
#1330 = DIRECTION ( 'NONE',  ( 0.000000000000000000, 0.000000000000000000, 1.000000000000000000 ) ) ;
#1331 = ORIENTED_EDGE ( 'NONE', *, *, #119, .F. ) ;
#1332 = CARTESIAN_POINT ( 'NONE',  ( -5.690673323008096141, 52.48640775138207459, -11.00000000000000000 ) ) ;
#1333 = EDGE_LOOP ( 'NONE', ( #454, #583, #497, #1018, #857, #1204 ) ) ;
#1334 = ORIENTED_EDGE ( 'NONE', *, *, #128, .F. ) ;
#1335 = EDGE_CURVE ( 'NONE', #1212, #310, #1199, .T. ) ;
#1336 = ORIENTED_EDGE ( 'NONE', *, *, #1326, .T. ) ;
#1337 = LINE ( 'NONE', #1526, #282 ) ;
#1338 = CARTESIAN_POINT ( 'NONE',  ( -31.93494447373080547, 39.94474978513976282, -11.00000000000000000 ) ) ;
#1339 = AXIS2_PLACEMENT_3D ( 'NONE', #719, #87, #59 ) ;
#1340 = ORIENTED_EDGE ( 'NONE', *, *, #281, .F. ) ;
#1341 = CYLINDRICAL_SURFACE ( 'NONE', #419, 0.9999999999999991118 ) ;
#1342 = FACE_OUTER_BOUND ( 'NONE', #480, .T. ) ;
#1343 =( BOUNDED_SURFACE ( )  B_SPLINE_SURFACE ( 3, 2, ( 
 ( #3, #1094, #1621 ),
 ( #999, #867, #498 ),
 ( #991, #1605, #1501 ),
 ( #851, #372, #1597 ) ),
 .UNSPECIFIED., .F., .F., .F. ) 
 B_SPLINE_SURFACE_WITH_KNOTS ( ( 4, 4 ),
 ( 3, 3 ),
 ( 0.3029686847889134782, 0.4070182269435446698 ),
 ( 0.000000000000000000, 1.000000000000000000 ),
 .UNSPECIFIED. ) 
 GEOMETRIC_REPRESENTATION_ITEM ( )  RATIONAL_B_SPLINE_SURFACE ( (
 ( 1.000000000000000000, 0.9109498476915810494, 1.000000000000000000),
 ( 1.000000000000000000, 0.8873067675217182204, 1.000000000000000000),
 ( 1.000000000000000000, 0.8569913624569698296, 1.000000000000000000),
 ( 1.000000000000000000, 0.8197299387699080730, 1.000000000000000000) ) ) 
 REPRESENTATION_ITEM ( '' )  SURFACE ( )  );
#1344 = ORIENTED_EDGE ( 'NONE', *, *, #872, .T. ) ;
#1345 = ORIENTED_EDGE ( 'NONE', *, *, #1360, .T. ) ;
#1346 = EDGE_CURVE ( 'NONE', #416, #130, #1483, .T. ) ;
#1347 = FACE_OUTER_BOUND ( 'NONE', #945, .T. ) ;
#1348 = CARTESIAN_POINT ( 'NONE',  ( 0.000000000000000000, 40.95463239002584288, 9.699999999999999289 ) ) ;
#1349 = ORIENTED_EDGE ( 'NONE', *, *, #1004, .T. ) ;
#1350 = UNCERTAINTY_MEASURE_WITH_UNIT (LENGTH_MEASURE( 1.000000000000000082E-05 ), #1538, 'distance_accuracy_value', 'NONE');
#1351 = LINE ( 'NONE', #348, #78 ) ;
#1352 = PLANE ( 'NONE',  #80 ) ;
#1353 = CARTESIAN_POINT ( 'NONE',  ( -1.999999999999996669, 46.66598861651589658, 13.79717507775179897 ) ) ;
#1354 = LINE ( 'NONE', #634, #817 ) ;
#1355 = EDGE_LOOP ( 'NONE', ( #1594, #1349, #1336, #138 ) ) ;
#1356 = PLANE ( 'NONE',  #1017 ) ;
#1357 = ORIENTED_EDGE ( 'NONE', *, *, #1056, .T. ) ;
#1358 = DIRECTION ( 'NONE',  ( 0.000000000000000000, 0.000000000000000000, -1.000000000000000000 ) ) ;
#1359 = CARTESIAN_POINT ( 'NONE',  ( -6.259756224663610702, 39.58995571664326718, -7.925027590551619205 ) ) ;
#1360 = EDGE_CURVE ( 'NONE', #283, #190, #715, .T. ) ;
#1361 = DIRECTION ( 'NONE',  ( 0.000000000000000000, 0.000000000000000000, -1.000000000000000000 ) ) ;
#1362 = LINE ( 'NONE', #748, #1392 ) ;
#1363 = VECTOR ( 'NONE', #667, 1000.000000000000000 ) ;
#1364 = ORIENTED_EDGE ( 'NONE', *, *, #189, .T. ) ;
#1365 = DIRECTION ( 'NONE',  ( -0.000000000000000000, -0.000000000000000000, 1.000000000000000000 ) ) ;
#1366 = ORIENTED_EDGE ( 'NONE', *, *, #1110, .T. ) ;
#1367 = DIRECTION ( 'NONE',  ( -0.000000000000000000, 0.000000000000000000, -1.000000000000000000 ) ) ;
#1368 = CARTESIAN_POINT ( 'NONE',  ( -25.09003493517225536, 40.95463239002584288, -3.328322064017022353 ) ) ;
#1369 = DIRECTION ( 'NONE',  ( -1.000000000000000000, -0.000000000000000000, -0.000000000000000000 ) ) ;
#1370 = EDGE_CURVE ( 'NONE', #1185, #524, #1147, .T. ) ;
#1371 = DIRECTION ( 'NONE',  ( -1.000000000000000000, 0.000000000000000000, -0.000000000000000000 ) ) ;
#1372 = VERTEX_POINT ( 'NONE', #1604 ) ;
#1373 = PLANE ( 'NONE',  #381 ) ;
#1374 = VERTEX_POINT ( 'NONE', #1269 ) ;
#1375 = CARTESIAN_POINT ( 'NONE',  ( -7.678144090001097766, 39.58995571664326718, -11.00000000000000000 ) ) ;
#1376 = DIRECTION ( 'NONE',  ( 0.000000000000000000, 0.9778107315585976567, 0.2094902700576805887 ) ) ;
#1377 = VECTOR ( 'NONE', #621, 1000.000000000000000 ) ;
#1378 = DIRECTION ( 'NONE',  ( 0.000000000000000000, 1.000000000000000000, 0.000000000000000000 ) ) ;
#1379 = LINE ( 'NONE', #361, #969 ) ;
#1380 = CARTESIAN_POINT ( 'NONE',  ( -26.00000000000000000, 45.56515138991166936, 9.699999999999999289 ) ) ;
#1381 =( GEOMETRIC_REPRESENTATION_CONTEXT ( 3 ) GLOBAL_UNCERTAINTY_ASSIGNED_CONTEXT ( ( #1385 ) ) GLOBAL_UNIT_ASSIGNED_CONTEXT ( ( #911, #1181, #427 ) ) REPRESENTATION_CONTEXT ( 'NONE', 'WORKASPACE' ) );
#1382 = VERTEX_POINT ( 'NONE', #153 ) ;
#1383 = CARTESIAN_POINT ( 'NONE',  ( -29.03306687263481578, 41.95463239002584288, -8.699999999999999289 ) ) ;
#1384 = ORIENTED_EDGE ( 'NONE', *, *, #798, .T. ) ;
#1385 = UNCERTAINTY_MEASURE_WITH_UNIT (LENGTH_MEASURE( 1.000000000000000082E-05 ), #911, 'distance_accuracy_value', 'NONE');
#1386 = FACE_OUTER_BOUND ( 'NONE', #295, .T. ) ;
#1387 = DIRECTION ( 'NONE',  ( 0.000000000000000000, 0.3985875388758907123, 0.9171302927353671697 ) ) ;
#1388 = FACE_OUTER_BOUND ( 'NONE', #1333, .T. ) ;
#1389 = PLANE ( 'NONE',  #1308 ) ;
#1390 = LINE ( 'NONE', #664, #1047 ) ;
#1391 = ORIENTED_EDGE ( 'NONE', *, *, #1298, .T. ) ;
#1392 = VECTOR ( 'NONE', #1240, 1000.000000000000114 ) ;
#1393 = EDGE_CURVE ( 'NONE', #1372, #1464, #523, .T. ) ;
#1394 = ORIENTED_EDGE ( 'NONE', *, *, #1111, .T. ) ;
#1395 = VECTOR ( 'NONE', #1028, 1000.000000000000000 ) ;
#1396 = CARTESIAN_POINT ( 'NONE',  ( 0.000000000000000000, 44.83172803104509541, -11.00000000000000000 ) ) ;
#1397 = CARTESIAN_POINT ( 'NONE',  ( -26.93494447373081613, 53.12062498639160424, 9.649416470777657295 ) ) ;
#1398 = CARTESIAN_POINT ( 'NONE',  ( 0.000000000000000000, 0.000000000000000000, 0.000000000000000000 ) ) ;
#1399 = VECTOR ( 'NONE', #200, 1000.000000000000114 ) ;
#1400 = DIRECTION ( 'NONE',  ( 1.000000000000000000, 0.000000000000000000, 0.000000000000000000 ) ) ;
#1401 = PRODUCT_DEFINITION_SHAPE ( 'NONE', 'NONE',  #650 ) ;
#1402 =( BOUNDED_CURVE ( )  B_SPLINE_CURVE ( 3, ( #24, #1029, #1021, #37 ),
 .UNSPECIFIED., .F., .T. ) 
 B_SPLINE_CURVE_WITH_KNOTS ( ( 4, 4 ),
 ( 1.570796326794896558, 4.712388980384689674 ),
 .UNSPECIFIED. ) 
 CURVE ( )  GEOMETRIC_REPRESENTATION_ITEM ( )  RATIONAL_B_SPLINE_CURVE ( ( 1.000000000000000000, 0.3333333333333333703, 0.3333333333333333703, 1.000000000000000000 ) ) 
 REPRESENTATION_ITEM ( '' )  );
#1403 = VERTEX_POINT ( 'NONE', #1259 ) ;
#1404 = ORIENTED_EDGE ( 'NONE', *, *, #1162, .F. ) ;
#1405 = EDGE_CURVE ( 'NONE', #533, #1037, #1390, .T. ) ;
#1406 = CARTESIAN_POINT ( 'NONE',  ( -31.93494447373080547, 39.94474978513976282, 11.00000000000000000 ) ) ;
#1407 = CARTESIAN_POINT ( 'NONE',  ( 0.000000000000000000, 40.95463239002584288, 9.699999999999999289 ) ) ;
#1408 = ADVANCED_FACE ( 'NONE', ( #1093 ), #1024, .T. ) ;
#1409 = CARTESIAN_POINT ( 'NONE',  ( -11.25000000000000000, 49.19424441348748900, 9.674506248709548117 ) ) ;
#1410 = VERTEX_POINT ( 'NONE', #850 ) ;
#1411 = AXIS2_PLACEMENT_3D ( 'NONE', #842, #215, #971 ) ;
#1412 = CARTESIAN_POINT ( 'NONE',  ( -13.00000000000000355, 49.19424441348748900, 11.00000000000000000 ) ) ;
#1413 = DIRECTION ( 'NONE',  ( 0.000000000000000000, 0.000000000000000000, -1.000000000000000000 ) ) ;
#1414 = DIRECTION ( 'NONE',  ( 0.3547658308191576348, 0.9348700625083321558, -0.01261631914863077866 ) ) ;
#1415 = ADVANCED_FACE ( 'NONE', ( #644 ), #1596, .F. ) ;
#1416 = ORIENTED_EDGE ( 'NONE', *, *, #638, .F. ) ;
#1417 = SPHERICAL_SURFACE ( 'NONE', #558, 1.000000000000000000 ) ;
#1418 = CARTESIAN_POINT ( 'NONE',  ( -4.477533631049469776, 46.10810123082339373, -11.43001639972982808 ) ) ;
#1419 = VECTOR ( 'NONE', #1476, 1000.000000000000000 ) ;
#1420 = CARTESIAN_POINT ( 'NONE',  ( -11.25000000000000000, 45.69424441348748189, 9.699093143819958129 ) ) ;
#1421 = EDGE_CURVE ( 'NONE', #356, #887, #1337, .T. ) ;
#1422 = ORIENTED_EDGE ( 'NONE', *, *, #874, .F. ) ;
#1423 = CARTESIAN_POINT ( 'NONE',  ( -25.06738569354115498, 52.41192110461370390, 9.651902626051283463 ) ) ;
#1424 = DIRECTION ( 'NONE',  ( -0.000000000000000000, 0.000000000000000000, 1.000000000000000000 ) ) ;
#1425 = LINE ( 'NONE', #675, #1431 ) ;
#1426 = VERTEX_POINT ( 'NONE', #398 ) ;
#1427 = EDGE_CURVE ( 'NONE', #316, #1201, #276, .T. ) ;
#1428 = CARTESIAN_POINT ( 'NONE',  ( -28.59921930237005228, 45.91643308815268654, 8.699999999999999289 ) ) ;
#1429 = LINE ( 'NONE', #453, #956 ) ;
#1430 = PRESENTATION_LAYER_ASSIGNMENT (  '', '', ( #833 ) ) ;
#1431 = VECTOR ( 'NONE', #293, 1000.000000000000000 ) ;
#1432 = CARTESIAN_POINT ( 'NONE',  ( -6.126387125916653353, 50.21082650351736731, -11.00000000000000000 ) ) ;
#1433 = EDGE_LOOP ( 'NONE', ( #1120, #113, #1345, #1010 ) ) ;
#1434 = ORIENTED_EDGE ( 'NONE', *, *, #476, .F. ) ;
#1435 = EDGE_CURVE ( 'NONE', #197, #524, #26, .T. ) ;
#1436 = CARTESIAN_POINT ( 'NONE',  ( -29.03306687263482289, 41.95463239002584288, -8.700000000000001066 ) ) ;
#1437 = CARTESIAN_POINT ( 'NONE',  ( 0.000000000000000000, 41.95463239002584288, -9.699999999999999289 ) ) ;
#1438 = CARTESIAN_POINT ( 'NONE',  ( -1.999999999999997335, 51.77974113131070766, -12.70158330241413047 ) ) ;
#1439 = VECTOR ( 'NONE', #1516, 1000.000000000000000 ) ;
#1440 = ORIENTED_EDGE ( 'NONE', *, *, #694, .T. ) ;
#1441 = ORIENTED_EDGE ( 'NONE', *, *, #35, .T. ) ;
#1442 = ORIENTED_EDGE ( 'NONE', *, *, #152, .F. ) ;
#1443 = VECTOR ( 'NONE', #125, 1000.000000000000000 ) ;
#1444 = DIRECTION ( 'NONE',  ( 0.000000000000000000, 0.000000000000000000, -1.000000000000000000 ) ) ;
#1445 = FACE_OUTER_BOUND ( 'NONE', #1019, .T. ) ;
#1446 = ADVANCED_FACE ( 'NONE', ( #1347 ), #531, .F. ) ;
#1447 = DIRECTION ( 'NONE',  ( 0.3547940684964692726, 0.9349444737307787134, 0.000000000000000000 ) ) ;
#1448 = LINE ( 'NONE', #456, #1268 ) ;
#1449 = EDGE_CURVE ( 'NONE', #1212, #725, #198, .T. ) ;
#1450 = ORIENTED_EDGE ( 'NONE', *, *, #1494, .T. ) ;
#1451 = ORIENTED_EDGE ( 'NONE', *, *, #617, .F. ) ;
#1452 = CIRCLE ( 'NONE', #1588, 1.750000000000003331 ) ;
#1453 = FACE_OUTER_BOUND ( 'NONE', #1220, .T. ) ;
#1454 = CARTESIAN_POINT ( 'NONE',  ( -6.577835428189170663, 46.07432127194272908, -11.00000000000000000 ) ) ;
#1455 = ORIENTED_EDGE ( 'NONE', *, *, #466, .F. ) ;
#1456 = CARTESIAN_POINT ( 'NONE',  ( -3.516615317103785276, 49.75693539265692777, -10.99999999999380051 ) ) ;
#1457 = ORIENTED_EDGE ( 'NONE', *, *, #1306, .F. ) ;
#1458 = AXIS2_PLACEMENT_3D ( 'NONE', #864, #614, #1108 ) ;
#1459 = EDGE_CURVE ( 'NONE', #665, #637, #222, .T. ) ;
#1460 = ORIENTED_EDGE ( 'NONE', *, *, #1612, .F. ) ;
#1461 = ORIENTED_EDGE ( 'NONE', *, *, #1132, .F. ) ;
#1462 = CARTESIAN_POINT ( 'NONE',  ( -28.59853815049091352, 45.91822804258320190, 9.284629500933061053 ) ) ;
#1463 = CARTESIAN_POINT ( 'NONE',  ( -26.00000000000003553, 52.76583091789513702, 9.649416470777657295 ) ) ;
#1464 = VERTEX_POINT ( 'NONE', #100 ) ;
#1465 = LINE ( 'NONE', #76, #69 ) ;
#1466 = FACE_OUTER_BOUND ( 'NONE', #1076, .T. ) ;
#1467 = AXIS2_PLACEMENT_3D ( 'NONE', #615, #1508, #1109 ) ;
#1468 = EDGE_CURVE ( 'NONE', #182, #1008, #811, .T. ) ;
#1469 = ORIENTED_EDGE ( 'NONE', *, *, #401, .T. ) ;
#1470 = AXIS2_PLACEMENT_3D ( 'NONE', #354, #776, #345 ) ;
#1471 = ORIENTED_EDGE ( 'NONE', *, *, #401, .F. ) ;
#1472 = DIRECTION ( 'NONE',  ( 0.000000000000000000, -0.9999753268147639762, 0.007024653849540345683 ) ) ;
#1473 = CARTESIAN_POINT ( 'NONE',  ( 0.000000000000000000, 40.95463239002584288, 9.699999999999999289 ) ) ;
#1474 = AXIS2_PLACEMENT_3D ( 'NONE', #253, #1246, #227 ) ;
#1475 = ORIENTED_EDGE ( 'NONE', *, *, #489, .F. ) ;
#1476 = DIRECTION ( 'NONE',  ( 1.000000000000000000, 0.000000000000000000, 0.000000000000000000 ) ) ;
#1477 = LINE ( 'NONE', #1097, #54 ) ;
#1478 = DIRECTION ( 'NONE',  ( 0.000000000000000000, 0.9171302927353671697, -0.3985875388758907123 ) ) ;
#1479 = PLANE ( 'NONE',  #265 ) ;
#1480 = ORIENTED_EDGE ( 'NONE', *, *, #1306, .T. ) ;
#1481 = ORIENTED_EDGE ( 'NONE', *, *, #722, .T. ) ;
#1482 = MANIFOLD_SOLID_BREP ( 'Fillet4', #801 ) ;
#1483 = LINE ( 'NONE', #1214, #340 ) ;
#1484 = EDGE_CURVE ( 'NONE', #725, #188, #652, .T. ) ;
#1485 = FACE_OUTER_BOUND ( 'NONE', #1041, .T. ) ;
#1486 = EDGE_LOOP ( 'NONE', ( #768, #72, #557, #847 ) ) ;
#1487 = CARTESIAN_POINT ( 'NONE',  ( 22.07468821380698998, 39.58995571664326718, 6.506639725214131253 ) ) ;
#1488 = LINE ( 'NONE', #485, #586 ) ;
#1489 = CARTESIAN_POINT ( 'NONE',  ( -26.00000000000003553, 52.76583091789513702, 8.651884163997332067 ) ) ;
#1490 = CARTESIAN_POINT ( 'NONE',  ( -30.99999999999999645, 39.58995571664326718, -11.00000000000000000 ) ) ;
#1491 = ORIENTED_EDGE ( 'NONE', *, *, #758, .T. ) ;
#1492 = CARTESIAN_POINT ( 'NONE',  ( -25.97865604983153176, 52.82207596263939564, 9.651949530256450416 ) ) ;
#1493 = VERTEX_POINT ( 'NONE', #514 ) ;
#1494 = EDGE_CURVE ( 'NONE', #1185, #416, #160, .T. ) ;
#1495 = CARTESIAN_POINT ( 'NONE',  ( -7.678144090001097766, 34.58995571664327429, 0.000000000000000000 ) ) ;
#1496 = LINE ( 'NONE', #1600, #213 ) ;
#1497 = CARTESIAN_POINT ( 'NONE',  ( -25.61398011700257626, 52.61934353959908606, 9.650445519293420205 ) ) ;
#1498 = DIRECTION ( 'NONE',  ( 0.3547864164917186591, 0.9349243093588517350, -0.006567681694393523277 ) ) ;
#1499 = AXIS2_PLACEMENT_3D ( 'NONE', #1412, #648, #163 ) ;
#1500 = EDGE_LOOP ( 'NONE', ( #1434, #1357, #1441, #569, #576, #147, #1232, #1270 ) ) ;
#1501 = CARTESIAN_POINT ( 'NONE',  ( -6.445643722567240275, 47.76292857990252116, 11.00000000000000000 ) ) ;
#1502 = ORIENTED_EDGE ( 'NONE', *, *, #237, .T. ) ;
#1503 = CYLINDRICAL_SURFACE ( 'NONE', #162, 5.000000000000000888 ) ;
#1504 = CARTESIAN_POINT ( 'NONE',  ( 0.000000000000000000, 37.97687999291370176, -11.00000000000000000 ) ) ;
#1505 = AXIS2_PLACEMENT_3D ( 'NONE', #1166, #1424, #426 ) ;
#1506 = FACE_OUTER_BOUND ( 'NONE', #770, .T. ) ;
#1507 = EDGE_CURVE ( 'NONE', #1092, #1242, #415, .T. ) ;
#1508 = DIRECTION ( 'NONE',  ( -0.3547940684964693281, -0.9349444737307787134, 0.000000000000000000 ) ) ;
#1509 = APPLICATION_CONTEXT ( 'automotive_design' ) ;
#1510 = EDGE_LOOP ( 'NONE', ( #1070, #1422, #1457, #1613 ) ) ;
#1511 = CARTESIAN_POINT ( 'NONE',  ( -13.00000000000000355, 49.19424441348748900, -15.00000000000000000 ) ) ;
#1512 = ORIENTED_EDGE ( 'NONE', *, *, #302, .T. ) ;
#1513 = CARTESIAN_POINT ( 'NONE',  ( -26.00000000000003553, 52.76583091789513702, 9.649416470777657295 ) ) ;
#1514 = FACE_OUTER_BOUND ( 'NONE', #1355, .T. ) ;
#1515 = VECTOR ( 'NONE', #1320, 1000.000000000000000 ) ;
#1516 = DIRECTION ( 'NONE',  ( 0.000000000000000000, -1.000000000000000000, 0.000000000000000000 ) ) ;
#1517 = EDGE_CURVE ( 'NONE', #1083, #524, #143, .T. ) ;
#1518 = DIRECTION ( 'NONE',  ( 0.000000000000000000, -0.3985875388758887139, 0.9171302927353680579 ) ) ;
#1519 =( BOUNDED_CURVE ( )  B_SPLINE_CURVE ( 3, ( #299, #1023, #805, #1409 ),
 .UNSPECIFIED., .F., .T. ) 
 B_SPLINE_CURVE_WITH_KNOTS ( ( 4, 4 ),
 ( 1.570796326794896558, 4.712388980384689674 ),
 .UNSPECIFIED. ) 
 CURVE ( )  GEOMETRIC_REPRESENTATION_ITEM ( )  RATIONAL_B_SPLINE_CURVE ( ( 1.000000000000000000, 0.3333333333333333703, 0.3333333333333333703, 1.000000000000000000 ) ) 
 REPRESENTATION_ITEM ( '' )  );
#1520 = VERTEX_POINT ( 'NONE', #8 ) ;
#1521 = VECTOR ( 'NONE', #396, 1000.000000000000000 ) ;
#1522 = ORIENTED_EDGE ( 'NONE', *, *, #237, .F. ) ;
#1523 = FACE_BOUND ( 'NONE', #110, .T. ) ;
#1524 = DIRECTION ( 'NONE',  ( -0.000000000000000000, -0.000000000000000000, 1.000000000000000000 ) ) ;
#1525 = LINE ( 'NONE', #1545, #1521 ) ;
#1526 = CARTESIAN_POINT ( 'NONE',  ( -1.999999999999996669, 51.47521139259595202, -12.76682703020822274 ) ) ;
#1527 = ADVANCED_FACE ( 'NONE', ( #1506 ), #106, .F. ) ;
#1528 = ORIENTED_EDGE ( 'NONE', *, *, #564, .T. ) ;
#1529 = VECTOR ( 'NONE', #1249, 1000.000000000000000 ) ;
#1530 = EDGE_CURVE ( 'NONE', #983, #601, #880, .T. ) ;
#1531 = ORIENTED_EDGE ( 'NONE', *, *, #1494, .F. ) ;
#1532 = AXIS2_PLACEMENT_3D ( 'NONE', #1052, #410, #1286 ) ;
#1533 = DIRECTION ( 'NONE',  ( 0.000000000000000000, -0.007024653849540346551, -0.9999753268147640872 ) ) ;
#1534 = CARTESIAN_POINT ( 'NONE',  ( -3.017123376420171255, 51.89004174202676012, 11.81232283049848419 ) ) ;
#1535 = CARTESIAN_POINT ( 'NONE',  ( -2.100071324659178895, 46.76316609588990048, 13.57357448462506611 ) ) ;
#1536 = DIRECTION ( 'NONE',  ( -1.000000000000000000, -0.000000000000000000, -0.000000000000000000 ) ) ;
#1537 = VECTOR ( 'NONE', #658, 999.9999999999998863 ) ;
#1538 =( LENGTH_UNIT ( ) NAMED_UNIT ( * ) SI_UNIT ( .MILLI., .METRE. ) );
#1539 = ORIENTED_EDGE ( 'NONE', *, *, #1346, .F. ) ;
#1540 = EDGE_LOOP ( 'NONE', ( #938, #232, #571, #1197 ) ) ;
#1541 = PRODUCT_DEFINITION_CONTEXT ( 'detailed design', #211, 'design' ) ;
#1542 = LINE ( 'NONE', #550, #1363 ) ;
#1543 = CARTESIAN_POINT ( 'NONE',  ( 0.000000000000000000, 41.95463239002584288, -8.699999999999997513 ) ) ;
#1544 = DIRECTION ( 'NONE',  ( -0.000000000000000000, -0.000000000000000000, 1.000000000000000000 ) ) ;
#1545 = CARTESIAN_POINT ( 'NONE',  ( -25.09003493517225536, 39.58995571664326718, -3.328322064017021020 ) ) ;
#1546 = ORIENTED_EDGE ( 'NONE', *, *, #861, .F. ) ;
#1547 = VECTOR ( 'NONE', #1276, 1000.000000000000000 ) ;
#1548 = CARTESIAN_POINT ( 'NONE',  ( -26.00000000000000000, 45.56515138991166936, 9.699999999999999289 ) ) ;
#1549 = CARTESIAN_POINT ( 'NONE',  ( -29.03306687263481578, 41.95463239002584288, 9.699999999999999289 ) ) ;
#1550 = EDGE_CURVE ( 'NONE', #81, #1092, #486, .T. ) ;
#1551 = DIRECTION ( 'NONE',  ( 0.000000000000000000, 0.000000000000000000, 1.000000000000000000 ) ) ;
#1552 = CARTESIAN_POINT ( 'NONE',  ( -25.09003493517225536, 41.58995571664326718, 3.328322064017021020 ) ) ;
#1553 = VERTEX_POINT ( 'NONE', #754 ) ;
#1554 = CARTESIAN_POINT ( 'NONE',  ( -11.25000000000000000, 49.19424441348748900, -15.00000000000000000 ) ) ;
#1555 = CARTESIAN_POINT ( 'NONE',  ( -13.00000000000000355, 49.19424441348748900, -15.00000000000000000 ) ) ;
#1556 = CIRCLE ( 'NONE', #370, 1.000000000000000000 ) ;
#1557 = CARTESIAN_POINT ( 'NONE',  ( -3.846912331615579994, 46.41682967801791193, 11.77079410475087329 ) ) ;
#1558 = CARTESIAN_POINT ( 'NONE',  ( -8.673617379884035472E-16, 39.58995571664326718, 3.328322064017021020 ) ) ;
#1559 = ADVANCED_FACE ( 'NONE', ( #263, #1136 ), #1229, .T. ) ;
#1560 = ORIENTED_EDGE ( 'NONE', *, *, #1190, .T. ) ;
#1561 = FACE_OUTER_BOUND ( 'NONE', #1510, .T. ) ;
#1562 = CARTESIAN_POINT ( 'NONE',  ( -25.09003493517225536, 39.58995571664326718, 3.328322064017021020 ) ) ;
#1563 = CARTESIAN_POINT ( 'NONE',  ( -31.93494447373080547, 39.94474978513976282, -11.00000000000000000 ) ) ;
#1564 = EDGE_LOOP ( 'NONE', ( #234, #702, #587, #635 ) ) ;
#1565 = ADVANCED_FACE ( 'NONE', ( #1388 ), #773, .T. ) ;
#1566 = VERTEX_POINT ( 'NONE', #1353 ) ;
#1567 = DIRECTION ( 'NONE',  ( 0.9349444737307784914, -0.3547940684964696056, -0.000000000000000000 ) ) ;
#1568 = LINE ( 'NONE', #313, #680 ) ;
#1569 = CARTESIAN_POINT ( 'NONE',  ( -27.13331887475001025, 52.59787371620120666, -11.00000000000000000 ) ) ;
#1570 = DIRECTION ( 'NONE',  ( 0.000000000000000000, 0.000000000000000000, 1.000000000000000000 ) ) ;
#1571 = ORIENTED_EDGE ( 'NONE', *, *, #949, .F. ) ;
#1572 = EDGE_CURVE ( 'NONE', #390, #656, #1117, .T. ) ;
#1573 = ORIENTED_EDGE ( 'NONE', *, *, #839, .F. ) ;
#1574 = ADVANCED_FACE ( 'NONE', ( #738 ), #986, .F. ) ;
#1575 = DIRECTION ( 'NONE',  ( -0.3547940684964693836, -0.9349444737307787134, -0.000000000000000000 ) ) ;
#1576 = DIRECTION ( 'NONE',  ( 0.000000000000000000, 0.000000000000000000, -1.000000000000000000 ) ) ;
#1577 = CARTESIAN_POINT ( 'NONE',  ( -29.03306687263482289, 41.95463239002584288, -8.699999999999997513 ) ) ;
#1578 = ORIENTED_EDGE ( 'NONE', *, *, #660, .T. ) ;
#1579 = AXIS2_PLACEMENT_3D ( 'NONE', #631, #94, #235 ) ;
#1580 = EDGE_LOOP ( 'NONE', ( #777, #402, #841, #324 ) ) ;
#1581 = ORIENTED_EDGE ( 'NONE', *, *, #1335, .T. ) ;
#1582 = DIRECTION ( 'NONE',  ( -1.000000000000000000, 0.000000000000000000, 0.000000000000000000 ) ) ;
#1583 = ORIENTED_EDGE ( 'NONE', *, *, #412, .F. ) ;
#1584 = EDGE_CURVE ( 'NONE', #1216, #472, #707, .T. ) ;
#1585 = FACE_OUTER_BOUND ( 'NONE', #1564, .T. ) ;
#1586 = CARTESIAN_POINT ( 'NONE',  ( -8.673617379884035472E-16, 41.58995571664326718, 3.328322064017021020 ) ) ;
#1587 = ORIENTED_EDGE ( 'NONE', *, *, #1145, .T. ) ;
#1588 = AXIS2_PLACEMENT_3D ( 'NONE', #933, #1576, #1582 ) ;
#1589 = DIRECTION ( 'NONE',  ( 0.000000000000000000, -1.000000000000000000, 0.000000000000000000 ) ) ;
#1590 = ORIENTED_EDGE ( 'NONE', *, *, #343, .T. ) ;
#1591 = CARTESIAN_POINT ( 'NONE',  ( -1.999999999999819700, 47.04786307977293092, -13.71536069194744378 ) ) ;
#1592 = CARTESIAN_POINT ( 'NONE',  ( -27.13331887475001025, 52.59787371620122087, 11.00000000000000000 ) ) ;
#1593 = EDGE_CURVE ( 'NONE', #1203, #88, #730, .T. ) ;
#1594 = ORIENTED_EDGE ( 'NONE', *, *, #522, .T. ) ;
#1595 = ORIENTED_EDGE ( 'NONE', *, *, #593, .F. ) ;
#1596 = CYLINDRICAL_SURFACE ( 'NONE', #1091, 2.000000000000067502 ) ;
#1597 = CARTESIAN_POINT ( 'NONE',  ( -6.680528649615765424, 44.77877821152547710, 11.00000000000000000 ) ) ;
#1598 = ORIENTED_EDGE ( 'NONE', *, *, #128, .T. ) ;
#1599 = DIRECTION ( 'NONE',  ( 1.000000000000000000, 0.000000000000000000, -0.000000000000000000 ) ) ;
#1600 = CARTESIAN_POINT ( 'NONE',  ( 0.000000000000000000, 46.66598861651589658, -13.79717507775179897 ) ) ;
#1601 = ADVANCED_FACE ( 'NONE', ( #1239 ), #996, .F. ) ;
#1602 = ORIENTED_EDGE ( 'NONE', *, *, #660, .F. ) ;
#1603 = AXIS2_PLACEMENT_3D ( 'NONE', #1548, #1533, #543 ) ;
#1604 = CARTESIAN_POINT ( 'NONE',  ( -29.96801134636560349, 42.30942645852231720, -8.699999999999999289 ) ) ;
#1605 = CARTESIAN_POINT ( 'NONE',  ( -3.443326780249153618, 47.28969317130258787, 11.00000000000993339 ) ) ;
#1606 = CIRCLE ( 'NONE', #926, 5.000000000000000888 ) ;
#1607 = ORIENTED_EDGE ( 'NONE', *, *, #737, .F. ) ;
#1608 = LINE ( 'NONE', #1487, #689 ) ;
#1609 = LINE ( 'NONE', #132, #778 ) ;
#1610 = CARTESIAN_POINT ( 'NONE',  ( 0.000000000000000000, 44.83172803104509541, -11.00000000000000000 ) ) ;
#1611 = CARTESIAN_POINT ( 'NONE',  ( -29.03306687263482289, 41.95463239002584288, -8.700000000000001066 ) ) ;
#1612 = EDGE_CURVE ( 'NONE', #1285, #1212, #413, .T. ) ;
#1613 = ORIENTED_EDGE ( 'NONE', *, *, #445, .F. ) ;
#1614 = DIRECTION ( 'NONE',  ( 0.000000000000000000, -0.000000000000000000, 1.000000000000000000 ) ) ;
#1615 = ORIENTED_EDGE ( 'NONE', *, *, #512, .F. ) ;
#1616 = DIRECTION ( 'NONE',  ( -1.000000000000000000, 0.000000000000000000, 0.000000000000000000 ) ) ;
#1617 = LINE ( 'NONE', #854, #405 ) ;
#1618 = DIRECTION ( 'NONE',  ( -0.000000000000000000, 0.9188336934543555046, 0.3946449591379920241 ) ) ;
#1619 = ORIENTED_EDGE ( 'NONE', *, *, #908, .T. ) ;
#1620 = EDGE_CURVE ( 'NONE', #1566, #1089, #133, .T. ) ;
#1621 = CARTESIAN_POINT ( 'NONE',  ( -5.690785906191948129, 52.48581974896949021, 11.00000000000000000 ) ) ;
#1622 = ORIENTED_EDGE ( 'NONE', *, *, #967, .F. ) ;
#1623 = ADVANCED_FACE ( 'NONE', ( #1174 ), #1153, .F. ) ;
#1624 = CARTESIAN_POINT ( 'NONE',  ( -13.00000000000000355, 49.19424441348748900, -15.00000000000000000 ) ) ;
#1625 = VECTOR ( 'NONE', #823, 999.9999999999998863 ) ;
#1626 = CARTESIAN_POINT ( 'NONE',  ( -25.06738569354115498, 52.41192110461370390, 9.651902626051283463 ) ) ;
#1627 = CARTESIAN_POINT ( 'NONE',  ( -14.75000000000000533, 49.19424441348748900, -9.748975571730957412 ) ) ;
ENDSEC;
END-ISO-10303-21;
