ISO-10303-21;
HEADER;
FILE_DESCRIPTION (( 'STEP AP214' ),
    '1' );
FILE_NAME ('bumblebee 3.0.STEP',
    '2026-05-23T08:36:06',
    ( '' ),
    ( '' ),
    'SwSTEP 2.0',
    'SolidWorks 2026',
    '' );
FILE_SCHEMA (( 'AUTOMOTIVE_DESIGN' ));
ENDSEC;

DATA;
#1 = CARTESIAN_POINT ( 'NONE',  ( 3.000000000000002665, -28.96945907759636896, 34.23320178708749495 ) ) ;
#2 = CARTESIAN_POINT ( 'NONE',  ( 3.000000000000000000, 42.12145270974649947, -47.35404289052689819 ) ) ;
#3 = ORIENTED_EDGE ( 'NONE', *, *, #2113, .T. ) ;
#4 = ORIENTED_EDGE ( 'NONE', *, *, #5731, .F. ) ;
#5 = CARTESIAN_POINT ( 'NONE',  ( -14.14213562373093858, -22.96286793434729034, -14.23010763080561603 ) ) ;
#6 = CARTESIAN_POINT ( 'NONE',  ( 0.000000000000000000, -44.99747468305779563, 49.49747468305880460 ) ) ;
#7 = DIRECTION ( 'NONE',  ( -1.000000000000000000, 0.000000000000000000, 0.000000000000000000 ) ) ;
#8 = CARTESIAN_POINT ( 'NONE',  ( 2.049999999999997158, -43.32950521810298028, -48.56209539888341453 ) ) ;
#9 = DIRECTION ( 'NONE',  ( -1.000000000000000000, 0.000000000000000000, 0.000000000000000000 ) ) ;
#10 = ORIENTED_EDGE ( 'NONE', *, *, #6563, .T. ) ;
#11 = EDGE_CURVE ( 'NONE', #3019, #5036, #7421, .T. ) ;
#12 = CARTESIAN_POINT ( 'NONE',  ( 3.149999999999996803, -48.56209539888263294, -43.32950521810208500 ) ) ;
#13 = LINE ( 'NONE', #3422, #5239 ) ;
#14 = CARTESIAN_POINT ( 'NONE',  ( 3.000000000000000000, 44.99747468305814380, -49.49747468305849907 ) ) ;
#15 = DIRECTION ( 'NONE',  ( 1.000000000000000000, 0.000000000000000000, 0.000000000000000000 ) ) ;
#16 = CIRCLE ( 'NONE', #6317, 6.499999999999999112 ) ;
#17 = PLANE ( 'NONE',  #5253 ) ;
#18 = ORIENTED_EDGE ( 'NONE', *, *, #7411, .F. ) ;
#19 = CYLINDRICAL_SURFACE ( 'NONE', #3498, 4.999999999999997335 ) ;
#20 = DIRECTION ( 'NONE',  ( -1.000000000000000000, 0.000000000000000000, 0.000000000000000000 ) ) ;
#21 = ADVANCED_FACE ( 'NONE', ( #5579 ), #2156, .T. ) ;
#22 = CYLINDRICAL_SURFACE ( 'NONE', #2080, 44.22904016544200090 ) ;
#23 = ORIENTED_EDGE ( 'NONE', *, *, #6668, .T. ) ;
#24 = ORIENTED_EDGE ( 'NONE', *, *, #6702, .T. ) ;
#25 = EDGE_CURVE ( 'NONE', #5457, #3218, #3260, .T. ) ;
#26 = VERTEX_POINT ( 'NONE', #371 ) ;
#27 = CARTESIAN_POINT ( 'NONE',  ( 0.000000000000000000, -44.99747468305869802, -48.24747468305799458 ) ) ;
#28 = CARTESIAN_POINT ( 'NONE',  ( 0.000000000000000000, 8.702959901070199678, -13.62321422119828007 ) ) ;
#29 = AXIS2_PLACEMENT_3D ( 'NONE', #7118, #248, #6625 ) ;
#30 = CARTESIAN_POINT ( 'NONE',  ( 3.000000000000000000, 42.49929430624609950, 47.77712424307169670 ) ) ;
#31 = FACE_BOUND ( 'NONE', #4024, .T. ) ;
#32 = EDGE_CURVE ( 'NONE', #3930, #2571, #3329, .T. ) ;
#33 = ADVANCED_FACE ( 'NONE', ( #2799 ), #5115, .F. ) ;
#34 = ORIENTED_EDGE ( 'NONE', *, *, #4019, .T. ) ;
#35 = CARTESIAN_POINT ( 'NONE',  ( 0.000000000000000000, 9.797175077751791861, -52.76583091789510149 ) ) ;
#36 = CARTESIAN_POINT ( 'NONE',  ( 2.000000000000000000, 42.12145270974649947, -47.35404289052689819 ) ) ;
#37 = ORIENTED_EDGE ( 'NONE', *, *, #1733, .T. ) ;
#38 = VERTEX_POINT ( 'NONE', #7319 ) ;
#39 = CARTESIAN_POINT ( 'NONE',  ( 0.000000000000000000, 49.49747468305830722, 46.99747468305830012 ) ) ;
#40 = DIRECTION ( 'NONE',  ( 1.000000000000000000, 0.000000000000000000, 0.000000000000000000 ) ) ;
#41 = CARTESIAN_POINT ( 'NONE',  ( 2.999999999999999112, 3.370785039248560100, -21.96922704839735019 ) ) ;
#42 = EDGE_CURVE ( 'NONE', #2204, #5929, #3367, .T. ) ;
#43 = AXIS2_PLACEMENT_3D ( 'NONE', #4137, #6453, #4247 ) ;
#44 = VERTEX_POINT ( 'NONE', #1552 ) ;
#45 = CARTESIAN_POINT ( 'NONE',  ( 3.000000000000000888, 4.000000000000000000, -45.56515138991168357 ) ) ;
#46 = ORIENTED_EDGE ( 'NONE', *, *, #1058, .F. ) ;
#47 = VECTOR ( 'NONE', #5514, 1000.000000000000000 ) ;
#48 = LINE ( 'NONE', #6990, #5818 ) ;
#49 = VECTOR ( 'NONE', #4205, 1000.000000000000000 ) ;
#50 = CIRCLE ( 'NONE', #4283, 2.999999999999999112 ) ;
#51 = EDGE_CURVE ( 'NONE', #2942, #1891, #3900, .T. ) ;
#52 = DIRECTION ( 'NONE',  ( 0.000000000000000000, 0.000000000000000000, -1.000000000000000000 ) ) ;
#53 = CARTESIAN_POINT ( 'NONE',  ( 0.000000000000000000, -54.70878552723407040, -56.90126254826143537 ) ) ;
#54 = LINE ( 'NONE', #4673, #218 ) ;
#55 = CIRCLE ( 'NONE', #2358, 4.999999999999997335 ) ;
#56 = AXIS2_PLACEMENT_3D ( 'NONE', #3743, #1392, #4837 ) ;
#57 = CYLINDRICAL_SURFACE ( 'NONE', #6952, 3.000000000000000888 ) ;
#58 = ORIENTED_EDGE ( 'NONE', *, *, #1940, .F. ) ;
#59 = CARTESIAN_POINT ( 'NONE',  ( -7.156768276902879755, 44.99747468305814380, -49.49747468305849907 ) ) ;
#60 = DIRECTION ( 'NONE',  ( -1.000000000000000000, 0.000000000000000000, 0.000000000000000000 ) ) ;
#61 = CARTESIAN_POINT ( 'NONE',  ( 3.000000000000000000, 44.99747468305834985, 50.74747468305830722 ) ) ;
#62 = CARTESIAN_POINT ( 'NONE',  ( 0.000000000000000000, 15.00000000000000000, -17.25000000000000000 ) ) ;
#63 = EDGE_LOOP ( 'NONE', ( #4950, #1710, #2791, #3939 ) ) ;
#64 = ORIENTED_EDGE ( 'NONE', *, *, #4332, .F. ) ;
#65 = DIRECTION ( 'NONE',  ( 1.000000000000000000, 0.000000000000000000, 0.000000000000000000 ) ) ;
#66 = DIRECTION ( 'NONE',  ( -1.000000000000000000, 0.000000000000000000, 0.000000000000000000 ) ) ;
#67 = DIRECTION ( 'NONE',  ( 0.000000000000000000, 0.000000000000000000, -1.000000000000000000 ) ) ;
#68 = FACE_BOUND ( 'NONE', #6141, .T. ) ;
#69 = EDGE_LOOP ( 'NONE', ( #2821, #6930, #6772, #3401 ) ) ;
#70 = EDGE_CURVE ( 'NONE', #6189, #5234, #1488, .T. ) ;
#71 = DIRECTION ( 'NONE',  ( 1.000000000000000000, 0.000000000000000000, 0.000000000000000000 ) ) ;
#72 = AXIS2_PLACEMENT_3D ( 'NONE', #2779, #6193, #2816 ) ;
#73 = ORIENTED_EDGE ( 'NONE', *, *, #4524, .T. ) ;
#74 = ORIENTED_EDGE ( 'NONE', *, *, #1430, .T. ) ;
#75 = CARTESIAN_POINT ( 'NONE',  ( 3.000000000000000000, -49.49747468305760378, 57.03070887753398921 ) ) ;
#76 = EDGE_CURVE ( 'NONE', #7013, #2936, #1609, .T. ) ;
#77 = CIRCLE ( 'NONE', #4184, 2.249999999999998668 ) ;
#78 = CARTESIAN_POINT ( 'NONE',  ( -17.00000000000000000, 49.49747468305810116, -46.24747468305849196 ) ) ;
#79 = CARTESIAN_POINT ( 'NONE',  ( 6.938893903907229955E-15, -13.79717507775178120, -46.66598861651589658 ) ) ;
#80 = AXIS2_PLACEMENT_3D ( 'NONE', #6394, #512, #1202 ) ;
#81 = ORIENTED_EDGE ( 'NONE', *, *, #3083, .T. ) ;
#82 = CARTESIAN_POINT ( 'NONE',  ( 0.000000000000000000, 24.89402789325527721, -6.879352572115865705 ) ) ;
#83 = CIRCLE ( 'NONE', #1056, 3.000000000000002665 ) ;
#84 = ORIENTED_EDGE ( 'NONE', *, *, #3523, .T. ) ;
#85 = EDGE_CURVE ( 'NONE', #2807, #3605, #6810, .T. ) ;
#86 = DIRECTION ( 'NONE',  ( -1.000000000000000000, -0.000000000000000000, -0.000000000000000000 ) ) ;
#87 = CARTESIAN_POINT ( 'NONE',  ( 0.000000000000000000, -49.49747468305779563, 53.99747468305879750 ) ) ;
#88 = CARTESIAN_POINT ( 'NONE',  ( -7.156768276902879755, -53.99747468305779563, 49.49747468305890408 ) ) ;
#89 = CIRCLE ( 'NONE', #3238, 7.500000000000000000 ) ;
#90 = ADVANCED_FACE ( 'NONE', ( #5648 ), #6818, .F. ) ;
#91 = CARTESIAN_POINT ( 'NONE',  ( 0.9499999999999999556, 47.35404289052719662, 42.12145270974674816 ) ) ;
#92 = CIRCLE ( 'NONE', #7246, 1.250000000000001110 ) ;
#93 = ORIENTED_EDGE ( 'NONE', *, *, #3321, .F. ) ;
#94 = DIRECTION ( 'NONE',  ( 0.000000000000000000, 0.000000000000000000, 1.000000000000000000 ) ) ;
#95 = FACE_OUTER_BOUND ( 'NONE', #6301, .T. ) ;
#96 = DIRECTION ( 'NONE',  ( 0.000000000000000000, 0.000000000000000000, -1.000000000000000000 ) ) ;
#97 = CARTESIAN_POINT ( 'NONE',  ( 3.000000000000000000, 49.49747468305810116, -53.99747468305849196 ) ) ;
#98 = VERTEX_POINT ( 'NONE', #5110 ) ;
#99 = ORIENTED_EDGE ( 'NONE', *, *, #4033, .T. ) ;
#100 = CARTESIAN_POINT ( 'NONE',  ( 3.000000000000000000, -53.99747468305779563, 49.49747468305890408 ) ) ;
#101 = ADVANCED_FACE ( 'NONE', ( #5145 ), #7463, .F. ) ;
#102 = CARTESIAN_POINT ( 'NONE',  ( 0.000000000000000000, 56.90126254826144248, -54.70878552723407040 ) ) ;
#103 = CARTESIAN_POINT ( 'NONE',  ( 0.000000000000000000, 15.00000000000000000, 17.25000000000000000 ) ) ;
#104 = FACE_OUTER_BOUND ( 'NONE', #3165, .T. ) ;
#105 = VERTEX_POINT ( 'NONE', #1060 ) ;
#106 = DIRECTION ( 'NONE',  ( 0.000000000000000000, 0.000000000000000000, -1.000000000000000000 ) ) ;
#107 = AXIS2_PLACEMENT_3D ( 'NONE', #7034, #5831, #3047 ) ;
#108 = VERTEX_POINT ( 'NONE', #481 ) ;
#109 = VECTOR ( 'NONE', #3438, 1000.000000000000000 ) ;
#110 = EDGE_LOOP ( 'NONE', ( #1978, #5025, #3046, #4020 ) ) ;
#111 = DIRECTION ( 'NONE',  ( 0.000000000000000000, 0.000000000000000000, 1.000000000000000000 ) ) ;
#112 = DIRECTION ( 'NONE',  ( 0.000000000000000000, 0.000000000000000000, -1.000000000000000000 ) ) ;
#113 = ADVANCED_FACE ( 'NONE', ( #6361, #6468 ), #7038, .T. ) ;
#114 = CARTESIAN_POINT ( 'NONE',  ( 2.999999999999999112, -13.97093804329053413, 19.89295733572787839 ) ) ;
#115 = ORIENTED_EDGE ( 'NONE', *, *, #416, .T. ) ;
#116 = EDGE_CURVE ( 'NONE', #2038, #4121, #6965, .T. ) ;
#117 = CARTESIAN_POINT ( 'NONE',  ( 2.999999999999999112, -20.70741139360497485, 15.47482121282451750 ) ) ;
#118 = VERTEX_POINT ( 'NONE', #4013 ) ;
#119 = VERTEX_POINT ( 'NONE', #131 ) ;
#120 = CARTESIAN_POINT ( 'NONE',  ( -17.00000000000000000, 53.99747468305810116, -50.74747468305849907 ) ) ;
#121 = DIRECTION ( 'NONE',  ( -1.000000000000000000, 0.000000000000000000, 0.000000000000000000 ) ) ;
#122 = FACE_OUTER_BOUND ( 'NONE', #4356, .T. ) ;
#123 = ADVANCED_FACE ( 'NONE', ( #2414 ), #6397, .F. ) ;
#124 = CARTESIAN_POINT ( 'NONE',  ( 0.000000000000000000, -53.99747468305779563, 49.49747468305890408 ) ) ;
#125 = ORIENTED_EDGE ( 'NONE', *, *, #1233, .F. ) ;
#126 = DIRECTION ( 'NONE',  ( 0.000000000000000000, 0.000000000000000000, -1.000000000000000000 ) ) ;
#127 = B_SPLINE_CURVE_WITH_KNOTS ( 'NONE', 3,
 ( #3375, #7438, #2809, #2242 ),
 .UNSPECIFIED., .F., .F.,
 ( 4, 4 ),
 ( 0.000000000000000000, 0.0008716561638701864675 ),
 .UNSPECIFIED. ) ;
#128 = CARTESIAN_POINT ( 'NONE',  ( 13.59999999999999964, 23.59999999999999787, 9.108356170405180515E-15 ) ) ;
#129 = AXIS2_PLACEMENT_3D ( 'NONE', #2900, #618, #1699 ) ;
#130 = DIRECTION ( 'NONE',  ( 0.000000000000000000, 0.000000000000000000, 1.000000000000000000 ) ) ;
#131 = CARTESIAN_POINT ( 'NONE',  ( 0.000000000000000000, 13.97093804329053413, 19.89295733572787839 ) ) ;
#132 = ORIENTED_EDGE ( 'NONE', *, *, #7411, .T. ) ;
#133 = VERTEX_POINT ( 'NONE', #2909 ) ;
#134 = CIRCLE ( 'NONE', #3402, 5.999999999999998224 ) ;
#135 = LINE ( 'NONE', #821, #1797 ) ;
#136 = CARTESIAN_POINT ( 'NONE',  ( -10.50000000000000000, -23.59999999999999787, 5.000000000000000888 ) ) ;
#137 = ADVANCED_FACE ( 'NONE', ( #4683 ), #4120, .T. ) ;
#138 = CARTESIAN_POINT ( 'NONE',  ( 2.000000000000000000, 42.12145270974714606, 47.35404289052760163 ) ) ;
#139 = LINE ( 'NONE', #250, #3948 ) ;
#140 = VERTEX_POINT ( 'NONE', #7501 ) ;
#141 = EDGE_CURVE ( 'NONE', #3374, #3037, #970, .T. ) ;
#142 = CARTESIAN_POINT ( 'NONE',  ( 0.000000000000000000, 54.70878552723407040, 56.90126254826146379 ) ) ;
#143 = ORIENTED_EDGE ( 'NONE', *, *, #732, .T. ) ;
#144 = VERTEX_POINT ( 'NONE', #626 ) ;
#145 = AXIS2_PLACEMENT_3D ( 'NONE', #3457, #1084, #2330 ) ;
#146 = VERTEX_POINT ( 'NONE', #6896 ) ;
#147 = CYLINDRICAL_SURFACE ( 'NONE', #2981, 3.000000000000002665 ) ;
#148 = DIRECTION ( 'NONE',  ( 0.000000000000000000, 0.000000000000000000, -1.000000000000000000 ) ) ;
#149 = CARTESIAN_POINT ( 'NONE',  ( 0.000000000000000000, 25.44861127607896734, -9.827646531594099955 ) ) ;
#150 = ORIENTED_EDGE ( 'NONE', *, *, #2819, .F. ) ;
#151 = DIRECTION ( 'NONE',  ( 1.000000000000000000, 0.000000000000000000, 0.000000000000000000 ) ) ;
#152 = EDGE_LOOP ( 'NONE', ( #5278, #5460, #4993, #3480 ) ) ;
#153 = VERTEX_POINT ( 'NONE', #2447 ) ;
#154 = DIRECTION ( 'NONE',  ( 0.000000000000000000, 0.000000000000000000, -1.000000000000000000 ) ) ;
#155 = DIRECTION ( 'NONE',  ( 0.000000000000000000, 0.000000000000000000, -1.000000000000000000 ) ) ;
#156 = FACE_BOUND ( 'NONE', #1905, .T. ) ;
#157 = EDGE_CURVE ( 'NONE', #3292, #687, #3944, .T. ) ;
#158 = LINE ( 'NONE', #3689, #5368 ) ;
#159 = EDGE_LOOP ( 'NONE', ( #2095, #2087, #1372, #4817 ) ) ;
#160 = AXIS2_PLACEMENT_3D ( 'NONE', #570, #2327, #5165 ) ;
#161 = ORIENTED_EDGE ( 'NONE', *, *, #2025, .T. ) ;
#162 = EDGE_CURVE ( 'NONE', #1423, #6999, #3513, .T. ) ;
#163 = CYLINDRICAL_SURFACE ( 'NONE', #3988, 3.330726836203799834 ) ;
#164 = AXIS2_PLACEMENT_3D ( 'NONE', #602, #1683, #3337 ) ;
#165 = CARTESIAN_POINT ( 'NONE',  ( 0.000000000000000000, 53.99747468305810116, -49.49747468305849907 ) ) ;
#166 = CARTESIAN_POINT ( 'NONE',  ( 2.999999999999999112, -3.370785039248563209, -21.96922704839735019 ) ) ;
#168 = ADVANCED_FACE ( 'NONE', ( #1777 ), #6325, .T. ) ;
#167 = DIRECTION ( 'NONE',  ( 0.000000000000000000, 0.000000000000000000, -1.000000000000000000 ) ) ;
#169 = VERTEX_POINT ( 'NONE', #62 ) ;
#170 = LINE ( 'NONE', #1473, #7304 ) ;
#171 = CARTESIAN_POINT ( 'NONE',  ( 2.999999999999999112, 20.70741139360496064, -15.47482121282450684 ) ) ;
#172 = CARTESIAN_POINT ( 'NONE',  ( -7.823811994067520318E-16, 42.49929662229975236, 47.77712100199629930 ) ) ;
#173 = ORIENTED_EDGE ( 'NONE', *, *, #3784, .T. ) ;
#174 = DIRECTION ( 'NONE',  ( 1.000000000000000000, 0.000000000000000000, 0.000000000000000000 ) ) ;
#175 = ORIENTED_EDGE ( 'NONE', *, *, #6848, .T. ) ;
#176 = EDGE_CURVE ( 'NONE', #364, #6515, #7004, .T. ) ;
#177 = B_SPLINE_SURFACE_WITH_KNOTS ( 'NONE', 3, 1, ( 
 ( #1438, #4923 ),
 ( #826, #2570 ),
 ( #142, #3707 ),
 ( #6551, #1479 ) ),
 .UNSPECIFIED., .F., .F., .F.,
 ( 4, 4 ),
 ( 2, 2 ),
 ( 0.03007648256163745690, 1.000000000000000000 ),
 ( 0.000000000000000000, 1.000000000000000000 ),
 .UNSPECIFIED. ) ;
#178 = ORIENTED_EDGE ( 'NONE', *, *, #3973, .F. ) ;
#179 = VERTEX_POINT ( 'NONE', #6434 ) ;
#180 = VERTEX_POINT ( 'NONE', #3434 ) ;
#181 = CARTESIAN_POINT ( 'NONE',  ( 3.000000000000000000, 49.49747468305810116, -55.24747468305849907 ) ) ;
#182 = CARTESIAN_POINT ( 'NONE',  ( 1.000000000000000222, 42.30026610687168898, -47.54239527878446125 ) ) ;
#183 = DIRECTION ( 'NONE',  ( 0.000000000000000000, -0.7065304444546279816, -0.7076826485500021802 ) ) ;
#184 = ORIENTED_EDGE ( 'NONE', *, *, #3500, .F. ) ;
#185 = AXIS2_PLACEMENT_3D ( 'NONE', #4291, #6118, #3806 ) ;
#186 = CARTESIAN_POINT ( 'NONE',  ( 0.000000000000000000, -28.39217881729830140, 36.48298694768020312 ) ) ;
#187 = VERTEX_POINT ( 'NONE', #2872 ) ;
#188 = AXIS2_PLACEMENT_3D ( 'NONE', #7398, #2730, #1066 ) ;
#189 = EDGE_LOOP ( 'NONE', ( #3925, #7066 ) ) ;
#190 = DIRECTION ( 'NONE',  ( 0.000000000000000000, 0.000000000000000000, -1.000000000000000000 ) ) ;
#191 = CIRCLE ( 'NONE', #3349, 44.22904016544200090 ) ;
#192 = CARTESIAN_POINT ( 'NONE',  ( -10.50000000000000000, 23.59999999999999787, -4.999999999999991118 ) ) ;
#193 = CARTESIAN_POINT ( 'NONE',  ( 2.999999999999999112, -49.94734338944670071, -57.29768064699700147 ) ) ;
#194 = AXIS2_PLACEMENT_3D ( 'NONE', #7250, #2013, #6711 ) ;
#195 = DIRECTION ( 'NONE',  ( -1.000000000000000000, -0.000000000000000000, -0.000000000000000000 ) ) ;
#196 = ORIENTED_EDGE ( 'NONE', *, *, #2020, .F. ) ;
#197 = DIRECTION ( 'NONE',  ( 0.000000000000000000, 0.000000000000000000, -1.000000000000000000 ) ) ;
#198 = VERTEX_POINT ( 'NONE', #1240 ) ;
#199 = AXIS2_PLACEMENT_3D ( 'NONE', #4357, #1289, #3599 ) ;
#200 = CARTESIAN_POINT ( 'NONE',  ( -10.50000000000000000, -2.701750790494729805E-16, 20.30614694161270251 ) ) ;
#201 = ADVANCED_FACE ( 'NONE', ( #3545 ), #5872, .F. ) ;
#202 = CARTESIAN_POINT ( 'NONE',  ( 3.000000000000000000, -49.49747468305790221, 46.24747468305879750 ) ) ;
#203 = ORIENTED_EDGE ( 'NONE', *, *, #1671, .F. ) ;
#204 = DIRECTION ( 'NONE',  ( 0.000000000000000000, 0.000000000000000000, -1.000000000000000000 ) ) ;
#205 = ADVANCED_FACE ( 'NONE', ( #2982 ), #2310, .T. ) ;
#206 = FACE_BOUND ( 'NONE', #5559, .T. ) ;
#207 = ORIENTED_EDGE ( 'NONE', *, *, #5407, .T. ) ;
#208 = DIRECTION ( 'NONE',  ( -1.000000000000000000, 0.000000000000000000, 0.000000000000000000 ) ) ;
#209 = DIRECTION ( 'NONE',  ( 0.000000000000000000, -1.000000000000000000, 0.000000000000000000 ) ) ;
#210 = DIRECTION ( 'NONE',  ( 0.000000000000000000, 0.000000000000000000, -1.000000000000000000 ) ) ;
#211 = CIRCLE ( 'NONE', #3874, 2.500000000000002220 ) ;
#212 = EDGE_CURVE ( 'NONE', #4917, #1551, #6533, .T. ) ;
#213 = ORIENTED_EDGE ( 'NONE', *, *, #212, .T. ) ;
#214 = CARTESIAN_POINT ( 'NONE',  ( 0.000000000000000000, -49.49747468305864828, -49.49747468305795906 ) ) ;
#215 = AXIS2_PLACEMENT_3D ( 'NONE', #1717, #3027, #106 ) ;
#216 = ORIENTED_EDGE ( 'NONE', *, *, #3616, .F. ) ;
#217 = ORIENTED_EDGE ( 'NONE', *, *, #2221, .F. ) ;
#218 = VECTOR ( 'NONE', #5532, 1000.000000000000000 ) ;
#219 = ORIENTED_EDGE ( 'NONE', *, *, #2463, .T. ) ;
#220 = ORIENTED_EDGE ( 'NONE', *, *, #1635, .F. ) ;
#221 = CARTESIAN_POINT ( 'NONE',  ( 3.000000000000000000, -49.94734338944711283, -57.29768064699666041 ) ) ;
#222 = DIRECTION ( 'NONE',  ( 0.000000000000000000, 0.000000000000000000, -1.000000000000000000 ) ) ;
#223 = CYLINDRICAL_SURFACE ( 'NONE', #557, 3.330726836203799834 ) ;
#224 = AXIS2_PLACEMENT_3D ( 'NONE', #4626, #6943, #5275 ) ;
#225 = ADVANCED_FACE ( 'NONE', ( #5799 ), #2601, .F. ) ;
#226 = ORIENTED_EDGE ( 'NONE', *, *, #3391, .F. ) ;
#227 = B_SPLINE_CURVE_WITH_KNOTS ( 'NONE', 3,
 ( #2631, #2949, #4690, #2135 ),
 .UNSPECIFIED., .F., .F.,
 ( 4, 4 ),
 ( 0.000000000000000000, 1.000000000000000000 ),
 .UNSPECIFIED. ) ;
#228 = AXIS2_PLACEMENT_3D ( 'NONE', #1355, #4270, #2566 ) ;
#229 = CARTESIAN_POINT ( 'NONE',  ( 3.000000000000000000, -49.49747468305790221, 41.96424048858374789 ) ) ;
#230 = ORIENTED_EDGE ( 'NONE', *, *, #3125, .F. ) ;
#231 = VERTEX_POINT ( 'NONE', #4229 ) ;
#232 = CYLINDRICAL_SURFACE ( 'NONE', #3995, 4.000000000000000000 ) ;
#233 = CARTESIAN_POINT ( 'NONE',  ( -7.823811994067520318E-16, 42.49929662229975236, 47.77712100199629930 ) ) ;
#234 = DIRECTION ( 'NONE',  ( 0.000000000000000000, 0.000000000000000000, -1.000000000000000000 ) ) ;
#235 = EDGE_CURVE ( 'NONE', #3312, #5549, #1883, .T. ) ;
#236 = FACE_OUTER_BOUND ( 'NONE', #4739, .T. ) ;
#237 = EDGE_CURVE ( 'NONE', #5758, #5420, #1921, .T. ) ;
#238 = ORIENTED_EDGE ( 'NONE', *, *, #545, .T. ) ;
#239 = DIRECTION ( 'NONE',  ( 1.000000000000000000, 0.000000000000000000, 0.000000000000000000 ) ) ;
#240 = EDGE_LOOP ( 'NONE', ( #4341, #2640 ) ) ;
#241 = VECTOR ( 'NONE', #3759, 1000.000000000000000 ) ;
#242 = FACE_OUTER_BOUND ( 'NONE', #1906, .T. ) ;
#243 = CARTESIAN_POINT ( 'NONE',  ( -16.97056274847710000, 49.49747468305800169, -49.49747468305869802 ) ) ;
#244 = FACE_OUTER_BOUND ( 'NONE', #5956, .T. ) ;
#245 = CARTESIAN_POINT ( 'NONE',  ( 3.000000000000000888, -23.59999999999999787, 3.000000000000000000 ) ) ;
#246 = EDGE_LOOP ( 'NONE', ( #2703, #3783, #5954, #7430 ) ) ;
#247 = DIRECTION ( 'NONE',  ( 0.000000000000000000, 0.7048556957872008644, 0.7093507229264949254 ) ) ;
#248 = DIRECTION ( 'NONE',  ( 0.000000000000000000, -0.3985875388758894355, 0.9171302927353677248 ) ) ;
#249 = DIRECTION ( 'NONE',  ( 0.000000000000000000, 0.000000000000000000, -1.000000000000000000 ) ) ;
#250 = CARTESIAN_POINT ( 'NONE',  ( -10.54965975761836283, -49.49747468305760378, 57.03070887753398921 ) ) ;
#251 = FACE_OUTER_BOUND ( 'NONE', #7432, .T. ) ;
#252 = ORIENTED_EDGE ( 'NONE', *, *, #513, .T. ) ;
#253 = EDGE_CURVE ( 'NONE', #179, #418, #4794, .T. ) ;
#254 = AXIS2_PLACEMENT_3D ( 'NONE', #3623, #6052, #4227 ) ;
#255 = EDGE_LOOP ( 'NONE', ( #2386, #1517, #5317, #2450 ) ) ;
#256 = ORIENTED_EDGE ( 'NONE', *, *, #737, .T. ) ;
#257 = VERTEX_POINT ( 'NONE', #245 ) ;
#258 = DIRECTION ( 'NONE',  ( 0.000000000000000000, 0.000000000000000000, -1.000000000000000000 ) ) ;
#259 = EDGE_CURVE ( 'NONE', #6750, #1778, #2761, .T. ) ;
#260 = FACE_OUTER_BOUND ( 'NONE', #7051, .T. ) ;
#261 = EDGE_CURVE ( 'NONE', #3474, #1562, #6591, .T. ) ;
#262 = ORIENTED_EDGE ( 'NONE', *, *, #2073, .T. ) ;
#263 = CARTESIAN_POINT ( 'NONE',  ( 0.000000000000000000, -22.80945901265408438, 7.795582449327542740 ) ) ;
#264 = ORIENTED_EDGE ( 'NONE', *, *, #253, .T. ) ;
#265 = ORIENTED_EDGE ( 'NONE', *, *, #6754, .T. ) ;
#266 = CARTESIAN_POINT ( 'NONE',  ( -0.1500000000000024925, 42.12145270974714606, 47.35404289052760163 ) ) ;
#267 = EDGE_CURVE ( 'NONE', #2732, #2736, #1025, .T. ) ;
#268 = DIRECTION ( 'NONE',  ( 1.000000000000000000, 0.000000000000000000, 0.000000000000000000 ) ) ;
#269 = DIRECTION ( 'NONE',  ( 0.000000000000000000, 0.000000000000000000, -1.000000000000000000 ) ) ;
#270 = CIRCLE ( 'NONE', #6934, 3.330726836203799834 ) ;
#271 = DIRECTION ( 'NONE',  ( 0.000000000000000000, 0.000000000000000000, -1.000000000000000000 ) ) ;
#272 = DIRECTION ( 'NONE',  ( 1.000000000000000000, 0.000000000000000000, 0.000000000000000000 ) ) ;
#273 = EDGE_LOOP ( 'NONE', ( #628, #2007, #5350, #4259 ) ) ;
#274 = ADVANCED_FACE ( 'NONE', ( #819 ), #5447, .F. ) ;
#275 = DIRECTION ( 'NONE',  ( 1.000000000000000000, 0.000000000000000000, 0.000000000000000000 ) ) ;
#276 = VERTEX_POINT ( 'NONE', #3130 ) ;
#277 = ORIENTED_EDGE ( 'NONE', *, *, #2411, .T. ) ;
#278 = DIRECTION ( 'NONE',  ( 0.000000000000000000, 0.000000000000000000, -1.000000000000000000 ) ) ;
#279 = DIRECTION ( 'NONE',  ( 1.000000000000000000, 0.000000000000000000, 0.000000000000000000 ) ) ;
#280 = EDGE_LOOP ( 'NONE', ( #7395, #3355, #5987, #7364 ) ) ;
#281 = AXIS2_PLACEMENT_3D ( 'NONE', #7445, #6947, #5780 ) ;
#282 = DIRECTION ( 'NONE',  ( -1.000000000000000000, 0.000000000000000000, 0.000000000000000000 ) ) ;
#283 = DIRECTION ( 'NONE',  ( -0.000000000000000000, 1.000000000000000000, 0.000000000000000000 ) ) ;
#284 = ORIENTED_EDGE ( 'NONE', *, *, #4150, .T. ) ;
#285 = VECTOR ( 'NONE', #1179, 1000.000000000000000 ) ;
#287 = CARTESIAN_POINT ( 'NONE',  ( 0.000000000000000000, -49.49747468305869802, -53.99747468305799458 ) ) ;
#286 = VECTOR ( 'NONE', #3067, 1000.000000000000000 ) ;
#288 = DIRECTION ( 'NONE',  ( 1.000000000000000000, 0.000000000000000000, 0.000000000000000000 ) ) ;
#289 = DIRECTION ( 'NONE',  ( 0.000000000000000000, 0.000000000000000000, -1.000000000000000000 ) ) ;
#290 = VECTOR ( 'NONE', #2598, 1000.000000000000114 ) ;
#291 = DIRECTION ( 'NONE',  ( 1.000000000000000000, 0.000000000000000000, 0.000000000000000000 ) ) ;
#292 = ORIENTED_EDGE ( 'NONE', *, *, #5734, .T. ) ;
#293 = EDGE_LOOP ( 'NONE', ( #6098, #1368, #957, #2883 ) ) ;
#294 = ORIENTED_EDGE ( 'NONE', *, *, #6244, .T. ) ;
#295 = ORIENTED_EDGE ( 'NONE', *, *, #1103, .T. ) ;
#296 = CARTESIAN_POINT ( 'NONE',  ( 9.149592183883791918, -33.35394591110309648, 38.61055007664940320 ) ) ;
#297 = DIRECTION ( 'NONE',  ( -1.000000000000000000, 0.000000000000000000, 0.000000000000000000 ) ) ;
#298 = CARTESIAN_POINT ( 'NONE',  ( -7.156768276902879755, -49.49747468305860565, -44.99747468305794484 ) ) ;
#299 = EDGE_CURVE ( 'NONE', #2481, #5391, #7235, .T. ) ;
#300 = ORIENTED_EDGE ( 'NONE', *, *, #5834, .F. ) ;
#301 = CARTESIAN_POINT ( 'NONE',  ( 0.000000000000000000, 44.99747468305814380, -50.74747468305849907 ) ) ;
#302 = VECTOR ( 'NONE', #2971, 1000.000000000000000 ) ;
#303 = ADVANCED_FACE ( 'NONE', ( #6054 ), #7113, .T. ) ;
#304 = ORIENTED_EDGE ( 'NONE', *, *, #4176, .T. ) ;
#305 = EDGE_LOOP ( 'NONE', ( #929, #7271, #3305, #4474, #4906, #3780 ) ) ;
#306 = DIRECTION ( 'NONE',  ( 0.000000000000000000, 0.000000000000000000, -1.000000000000000000 ) ) ;
#307 = LINE ( 'NONE', #4979, #336 ) ;
#308 = CARTESIAN_POINT ( 'NONE',  ( 3.000000000000000000, -15.72128267389225087, -20.95387285467269933 ) ) ;
#309 = AXIS2_PLACEMENT_3D ( 'NONE', #308, #921, #4254 ) ;
#310 = DIRECTION ( 'NONE',  ( 1.000000000000000000, 0.000000000000000000, 0.000000000000000000 ) ) ;
#311 = EDGE_CURVE ( 'NONE', #2499, #2058, #3996, .T. ) ;
#312 = DIRECTION ( 'NONE',  ( 0.000000000000000000, -0.7071067811865474617, 0.7071067811865474617 ) ) ;
#313 = ORIENTED_EDGE ( 'NONE', *, *, #2865, .F. ) ;
#314 = CIRCLE ( 'NONE', #6379, 3.000000000000000888 ) ;
#315 = DIRECTION ( 'NONE',  ( 0.000000000000000000, 6.938893903907230744E-15, -1.000000000000000000 ) ) ;
#316 = ORIENTED_EDGE ( 'NONE', *, *, #4472, .F. ) ;
#317 = EDGE_LOOP ( 'NONE', ( #6671, #7466, #3877, #4376 ) ) ;
#318 = CIRCLE ( 'NONE', #4554, 5.999999999999998224 ) ;
#319 =( NAMED_UNIT ( * ) PLANE_ANGLE_UNIT ( ) SI_UNIT ( $, .RADIAN. ) );
#320 = CIRCLE ( 'NONE', #4321, 2.999999999999999112 ) ;
#321 = FACE_OUTER_BOUND ( 'NONE', #6026, .T. ) ;
#322 = EDGE_CURVE ( 'NONE', #4938, #6479, #5936, .T. ) ;
#323 = LINE ( 'NONE', #7345, #3289 ) ;
#324 = CIRCLE ( 'NONE', #5787, 1.000000000000000000 ) ;
#325 = FACE_OUTER_BOUND ( 'NONE', #4783, .T. ) ;
#326 = ORIENTED_EDGE ( 'NONE', *, *, #4763, .F. ) ;
#327 = LINE ( 'NONE', #574, #4029 ) ;
#328 = DIRECTION ( 'NONE',  ( 1.000000000000000000, 0.000000000000000000, 0.000000000000000000 ) ) ;
#329 = DIRECTION ( 'NONE',  ( -1.000000000000000000, 0.000000000000000000, 0.000000000000000000 ) ) ;
#330 = DIRECTION ( 'NONE',  ( 0.000000000000000000, 0.000000000000000000, -1.000000000000000000 ) ) ;
#331 = CIRCLE ( 'NONE', #4568, 2.000000000000001776 ) ;
#332 = ORIENTED_EDGE ( 'NONE', *, *, #645, .T. ) ;
#333 = EDGE_CURVE ( 'NONE', #1091, #4678, #855, .T. ) ;
#334 = EDGE_LOOP ( 'NONE', ( #3899, #73, #6654, #445 ) ) ;
#335 = VERTEX_POINT ( 'NONE', #6092 ) ;
#336 = VECTOR ( 'NONE', #882, 1000.000000000000000 ) ;
#337 = ORIENTED_EDGE ( 'NONE', *, *, #6985, .T. ) ;
#338 = DIRECTION ( 'NONE',  ( 0.000000000000000000, 1.000000000000000000, -1.224646799147353207E-16 ) ) ;
#339 = CARTESIAN_POINT ( 'NONE',  ( 3.000000000000000000, 44.99747468305834985, 49.49747468305830722 ) ) ;
#340 = CYLINDRICAL_SURFACE ( 'NONE', #2263, 2.999999999999999112 ) ;
#341 = ORIENTED_EDGE ( 'NONE', *, *, #4407, .F. ) ;
#342 = AXIS2_PLACEMENT_3D ( 'NONE', #2220, #2934, #6995 ) ;
#343 = CARTESIAN_POINT ( 'NONE',  ( 13.59999999999999964, 25.44861127607896734, -9.827646531594099955 ) ) ;
#344 = ORIENTED_EDGE ( 'NONE', *, *, #2476, .T. ) ;
#345 = VERTEX_POINT ( 'NONE', #896 ) ;
#346 = DIRECTION ( 'NONE',  ( 0.000000000000000000, 0.000000000000000000, -1.000000000000000000 ) ) ;
#347 = DIRECTION ( 'NONE',  ( 1.000000000000000000, 0.000000000000000000, 0.000000000000000000 ) ) ;
#348 = CYLINDRICAL_SURFACE ( 'NONE', #5526, 2.249999999999998668 ) ;
#349 = AXIS2_PLACEMENT_3D ( 'NONE', #1702, #2828, #3394 ) ;
#350 = ADVANCED_FACE ( 'NONE', ( #206, #3210, #1351, #5527, #325, #4752, #7075, #4191, #1312, #3663, #5981, #3089, #3626, #740, #3052, #5364, #5408, #7273, #2648, #938, #3819, #1506, #6696, #4957, #2076, #6130, #3252, #5569, #4382, #5306, #6444, #715 ), #1828, .F. ) ;
#351 = DIRECTION ( 'NONE',  ( 0.000000000000000000, 0.000000000000000000, 1.000000000000000000 ) ) ;
#352 = DIRECTION ( 'NONE',  ( 1.000000000000000000, 0.000000000000000000, 0.000000000000000000 ) ) ;
#353 = ORIENTED_EDGE ( 'NONE', *, *, #3503, .F. ) ;
#354 = AXIS2_PLACEMENT_3D ( 'NONE', #2551, #4900, #1373 ) ;
#355 = EDGE_CURVE ( 'NONE', #3634, #3937, #5067, .T. ) ;
#356 = CARTESIAN_POINT ( 'NONE',  ( 3.000000000000000000, 15.72128267389225087, -20.95387285467269933 ) ) ;
#357 = VERTEX_POINT ( 'NONE', #35 ) ;
#358 = AXIS2_PLACEMENT_3D ( 'NONE', #4757, #209, #4193 ) ;
#359 = LINE ( 'NONE', #2682, #6606 ) ;
#360 = EDGE_CURVE ( 'NONE', #3681, #6927, #4584, .T. ) ;
#361 = AXIS2_PLACEMENT_3D ( 'NONE', #6214, #981, #2273 ) ;
#362 = LINE ( 'NONE', #3283, #4217 ) ;
#363 = EDGE_CURVE ( 'NONE', #5549, #5414, #2757, .T. ) ;
#364 = VERTEX_POINT ( 'NONE', #5846 ) ;
#365 = FACE_OUTER_BOUND ( 'NONE', #1361, .T. ) ;
#366 = VERTEX_POINT ( 'NONE', #1249 ) ;
#367 = DIRECTION ( 'NONE',  ( 1.000000000000000000, 0.000000000000000000, 0.000000000000000000 ) ) ;
#368 = DIRECTION ( 'NONE',  ( 0.000000000000000000, 0.5383892771022009693, 0.8426962598121398029 ) ) ;
#369 = CARTESIAN_POINT ( 'NONE',  ( -14.00000000000000000, -15.00000000000000000, 15.00000000000000000 ) ) ;
#370 = ORIENTED_EDGE ( 'NONE', *, *, #259, .F. ) ;
#371 = CARTESIAN_POINT ( 'NONE',  ( 3.000000000000000888, -15.00000000000000000, -12.75000000000000000 ) ) ;
#372 = EDGE_LOOP ( 'NONE', ( #3608, #2062 ) ) ;
#373 = ADVANCED_FACE ( 'NONE', ( #2992 ), #5339, .T. ) ;
#374 = ORIENTED_EDGE ( 'NONE', *, *, #4389, .F. ) ;
#375 = FACE_OUTER_BOUND ( 'NONE', #159, .T. ) ;
#376 = DIRECTION ( 'NONE',  ( 0.000000000000000000, 0.000000000000000000, -1.000000000000000000 ) ) ;
#377 = CYLINDRICAL_SURFACE ( 'NONE', #3463, 2.000000000000001776 ) ;
#378 = EDGE_CURVE ( 'NONE', #2197, #3053, #331, .T. ) ;
#379 = ORIENTED_EDGE ( 'NONE', *, *, #7071, .F. ) ;
#380 = AXIS2_PLACEMENT_3D ( 'NONE', #1997, #3740, #2482 ) ;
#381 = CARTESIAN_POINT ( 'NONE',  ( 0.000000000000000000, -49.49747468305777431, 49.49747468305882592 ) ) ;
#382 = ORIENTED_EDGE ( 'NONE', *, *, #6961, .F. ) ;
#383 = EDGE_LOOP ( 'NONE', ( #2379, #1600, #6337, #6590 ) ) ;
#384 = CARTESIAN_POINT ( 'NONE',  ( 0.000000000000000000, 15.32146667047080157, -29.79757139416084755 ) ) ;
#385 = CARTESIAN_POINT ( 'NONE',  ( 13.59999999999999964, -2.701750790494729805E-16, 33.30614694161270251 ) ) ;
#386 = DIRECTION ( 'NONE',  ( 0.000000000000000000, 0.000000000000000000, -1.000000000000000000 ) ) ;
#387 = FACE_BOUND ( 'NONE', #1499, .T. ) ;
#388 = DIRECTION ( 'NONE',  ( 0.000000000000000000, 0.000000000000000000, -1.000000000000000000 ) ) ;
#389 = CARTESIAN_POINT ( 'NONE',  ( 20.00000000000000000, 13.00000000000000000, -37.97687999291370176 ) ) ;
#390 = ORIENTED_EDGE ( 'NONE', *, *, #1827, .T. ) ;
#391 = DIRECTION ( 'NONE',  ( 0.000000000000000000, 0.000000000000000000, -1.000000000000000000 ) ) ;
#392 = VECTOR ( 'NONE', #1509, 1000.000000000000000 ) ;
#393 = DIRECTION ( 'NONE',  ( -1.000000000000000000, 0.000000000000000000, 0.000000000000000000 ) ) ;
#394 = DIRECTION ( 'NONE',  ( 1.000000000000000000, 0.000000000000000000, 0.000000000000000000 ) ) ;
#395 = EDGE_CURVE ( 'NONE', #2118, #7084, #1304, .T. ) ;
#396 = EDGE_LOOP ( 'NONE', ( #4060, #7106, #4417, #5084 ) ) ;
#397 = DIRECTION ( 'NONE',  ( 0.000000000000000000, 0.000000000000000000, 1.000000000000000000 ) ) ;
#398 = ADVANCED_FACE ( 'NONE', ( #2281 ), #4022, .T. ) ;
#399 = ORIENTED_EDGE ( 'NONE', *, *, #5266, .T. ) ;
#400 = DIRECTION ( 'NONE',  ( 1.000000000000000000, -0.000000000000000000, -0.000000000000000000 ) ) ;
#401 = LINE ( 'NONE', #3897, #6863 ) ;
#402 = CIRCLE ( 'NONE', #281, 1.250000000000001110 ) ;
#403 = CARTESIAN_POINT ( 'NONE',  ( 0.000000000000000000, 49.49747468305830722, 43.74747468305830722 ) ) ;
#404 = EDGE_CURVE ( 'NONE', #198, #4965, #561, .T. ) ;
#405 = ORIENTED_EDGE ( 'NONE', *, *, #444, .T. ) ;
#406 = VERTEX_POINT ( 'NONE', #2881 ) ;
#407 = AXIS2_PLACEMENT_3D ( 'NONE', #609, #5927, #644 ) ;
#408 = ORIENTED_EDGE ( 'NONE', *, *, #6813, .T. ) ;
#409 = AXIS2_PLACEMENT_3D ( 'NONE', #6609, #847, #3159 ) ;
#410 = EDGE_LOOP ( 'NONE', ( #3002, #1390 ) ) ;
#411 = LINE ( 'NONE', #2088, #5054 ) ;
#412 = LINE ( 'NONE', #4541, #6655 ) ;
#413 = DIRECTION ( 'NONE',  ( 1.000000000000000000, 0.000000000000000000, 0.000000000000000000 ) ) ;
#414 = AXIS2_PLACEMENT_3D ( 'NONE', #6791, #4023, #2283 ) ;
#415 = ORIENTED_EDGE ( 'NONE', *, *, #5789, .F. ) ;
#416 = EDGE_CURVE ( 'NONE', #3646, #2732, #987, .T. ) ;
#417 = DIRECTION ( 'NONE',  ( 0.000000000000000000, 0.000000000000000000, -1.000000000000000000 ) ) ;
#418 = VERTEX_POINT ( 'NONE', #5920 ) ;
#419 = ORIENTED_EDGE ( 'NONE', *, *, #7268, .T. ) ;
#420 = FACE_OUTER_BOUND ( 'NONE', #334, .T. ) ;
#421 = DIRECTION ( 'NONE',  ( 0.000000000000000000, 0.000000000000000000, 1.000000000000000000 ) ) ;
#422 = FACE_BOUND ( 'NONE', #2395, .T. ) ;
#423 = DIRECTION ( 'NONE',  ( -1.000000000000000000, -0.000000000000000000, -0.000000000000000000 ) ) ;
#424 = CARTESIAN_POINT ( 'NONE',  ( -2.748117655021889881E-17, -42.30031392873889473, 47.54235218414199693 ) ) ;
#425 = VERTEX_POINT ( 'NONE', #6974 ) ;
#426 = LINE ( 'NONE', #6804, #6898 ) ;
#427 = VECTOR ( 'NONE', #5862, 1000.000000000000000 ) ;
#428 = CARTESIAN_POINT ( 'NONE',  ( 32.59999999999999432, 5.332174861821640022, -11.46965711278945932 ) ) ;
#429 = DIRECTION ( 'NONE',  ( 0.000000000000000000, 0.000000000000000000, -1.000000000000000000 ) ) ;
#430 = ORIENTED_EDGE ( 'NONE', *, *, #2607, .F. ) ;
#431 = CARTESIAN_POINT ( 'NONE',  ( 3.000000000000000000, 49.49747468305810116, -52.74747468305849196 ) ) ;
#432 = CIRCLE ( 'NONE', #4545, 3.033234194475112222 ) ;
#433 = AXIS2_PLACEMENT_3D ( 'NONE', #1687, #2776, #3414 ) ;
#434 = VERTEX_POINT ( 'NONE', #1 ) ;
#435 = EDGE_CURVE ( 'NONE', #4298, #6670, #7483, .T. ) ;
#436 = CARTESIAN_POINT ( 'NONE',  ( 0.000000000000000000, -49.49747468305779563, 53.99747468305879750 ) ) ;
#437 = CARTESIAN_POINT ( 'NONE',  ( 0.000000000000000000, -23.59999999999999787, 0.000000000000000000 ) ) ;
#438 = EDGE_CURVE ( 'NONE', #2944, #1692, #6938, .T. ) ;
#439 = VECTOR ( 'NONE', #566, 1000.000000000000000 ) ;
#440 = CARTESIAN_POINT ( 'NONE',  ( -17.00000000000000000, 49.49747468305810116, -44.99747468305849196 ) ) ;
#441 = ORIENTED_EDGE ( 'NONE', *, *, #1515, .T. ) ;
#442 = DIRECTION ( 'NONE',  ( 0.000000000000000000, 0.000000000000000000, -1.000000000000000000 ) ) ;
#443 = EDGE_LOOP ( 'NONE', ( #2215, #5808 ) ) ;
#444 = EDGE_CURVE ( 'NONE', #811, #2680, #3855, .T. ) ;
#445 = ORIENTED_EDGE ( 'NONE', *, *, #3684, .F. ) ;
#446 = CARTESIAN_POINT ( 'NONE',  ( 0.000000000000000000, 19.89295733572788194, 13.97093804329054656 ) ) ;
#447 = DIRECTION ( 'NONE',  ( 1.000000000000000000, -0.000000000000000000, -0.000000000000000000 ) ) ;
#448 = AXIS2_PLACEMENT_3D ( 'NONE', #7007, #1821, #1745 ) ;
#449 = CARTESIAN_POINT ( 'NONE',  ( -10.50000000000000000, 23.59999999999999787, 9.108356170405180515E-15 ) ) ;
#450 = EDGE_CURVE ( 'NONE', #4596, #811, #5552, .T. ) ;
#451 = ORIENTED_EDGE ( 'NONE', *, *, #7091, .T. ) ;
#452 = DIRECTION ( 'NONE',  ( 0.000000000000000000, 0.000000000000000000, -1.000000000000000000 ) ) ;
#453 = ORIENTED_EDGE ( 'NONE', *, *, #4891, .F. ) ;
#454 = VERTEX_POINT ( 'NONE', #3522 ) ;
#455 = CARTESIAN_POINT ( 'NONE',  ( 3.000000000000000000, 46.20717412946309821, 54.51483676556819802 ) ) ;
#456 = CARTESIAN_POINT ( 'NONE',  ( 3.000000000000000000, -47.35404289052740268, 42.12145270974695421 ) ) ;
#457 = ADVANCED_FACE ( 'NONE', ( #638 ), #2955, .T. ) ;
#458 = DIRECTION ( 'NONE',  ( 1.000000000000000000, 0.000000000000000000, 0.000000000000000000 ) ) ;
#459 = DIRECTION ( 'NONE',  ( 0.000000000000000000, 1.224646799147349509E-16, 1.000000000000000000 ) ) ;
#460 = B_SPLINE_CURVE_WITH_KNOTS ( 'NONE', 3,
 ( #5776, #7444, #2324, #5666 ),
 .UNSPECIFIED., .F., .F.,
 ( 4, 4 ),
 ( 0.000000000000000000, 1.000000000000000000 ),
 .UNSPECIFIED. ) ;
#461 = CARTESIAN_POINT ( 'NONE',  ( 0.000000000000000000, -22.96286793434729034, -14.23010763080561603 ) ) ;
#462 = DIRECTION ( 'NONE',  ( 1.000000000000000000, -0.000000000000000000, -0.000000000000000000 ) ) ;
#463 = ORIENTED_EDGE ( 'NONE', *, *, #3125, .T. ) ;
#464 = CARTESIAN_POINT ( 'NONE',  ( 3.000000000000000888, 24.93751118143355683, 9.910149536689161209 ) ) ;
#465 = AXIS2_PLACEMENT_3D ( 'NONE', #4879, #288, #2609 ) ;
#466 = EDGE_CURVE ( 'NONE', #842, #169, #4207, .T. ) ;
#467 = CARTESIAN_POINT ( 'NONE',  ( 3.000000000000000000, -44.26975353622935216, -52.44211924751579801 ) ) ;
#468 = CARTESIAN_POINT ( 'NONE',  ( -17.00000000000000000, 44.99747468305834985, 49.49747468305830722 ) ) ;
#469 = CYLINDRICAL_SURFACE ( 'NONE', #7127, 5.000000000000000888 ) ;
#470 = AXIS2_PLACEMENT_3D ( 'NONE', #339, #2662, #1937 ) ;
#471 = EDGE_CURVE ( 'NONE', #5700, #3143, #5179, .T. ) ;
#472 = ORIENTED_EDGE ( 'NONE', *, *, #2030, .T. ) ;
#473 = VECTOR ( 'NONE', #1235, 1000.000000000000000 ) ;
#474 = CARTESIAN_POINT ( 'NONE',  ( 3.000000000000002665, 20.35051772041052587, -12.75510716987534110 ) ) ;
#475 = AXIS2_PLACEMENT_3D ( 'NONE', #2277, #6145, #5615 ) ;
#476 = ORIENTED_EDGE ( 'NONE', *, *, #3601, .T. ) ;
#477 = DIRECTION ( 'NONE',  ( 0.000000000000000000, 0.000000000000000000, 1.000000000000000000 ) ) ;
#478 = DIRECTION ( 'NONE',  ( 0.000000000000000000, -1.000000000000000000, 0.000000000000000000 ) ) ;
#479 = DIRECTION ( 'NONE',  ( 0.000000000000000000, 0.000000000000000000, 1.000000000000000000 ) ) ;
#480 = ORIENTED_EDGE ( 'NONE', *, *, #3884, .T. ) ;
#481 = CARTESIAN_POINT ( 'NONE',  ( 3.000000000000000000, -53.99747468305779563, 50.74747468305890408 ) ) ;
#482 = ORIENTED_EDGE ( 'NONE', *, *, #2835, .F. ) ;
#483 = ORIENTED_EDGE ( 'NONE', *, *, #2706, .T. ) ;
#484 = CARTESIAN_POINT ( 'NONE',  ( 3.000000000000000000, -53.99747468305779563, 48.24747468305889697 ) ) ;
#485 = DIRECTION ( 'NONE',  ( 1.000000000000000000, 0.000000000000000000, 0.000000000000000000 ) ) ;
#486 = AXIS2_PLACEMENT_3D ( 'NONE', #7427, #6139, #479 ) ;
#487 = CARTESIAN_POINT ( 'NONE',  ( 0.000000000000000000, -52.78777523665379334, -44.48011260054745719 ) ) ;
#488 = EDGE_CURVE ( 'NONE', #4719, #7307, #6155, .T. ) ;
#489 = ORIENTED_EDGE ( 'NONE', *, *, #6540, .F. ) ;
#490 = CARTESIAN_POINT ( 'NONE',  ( -17.00000000000000000, 44.99747468305814380, -50.74747468305849907 ) ) ;
#491 = VERTEX_POINT ( 'NONE', #567 ) ;
#492 = EDGE_LOOP ( 'NONE', ( #1987, #6221 ) ) ;
#493 = CARTESIAN_POINT ( 'NONE',  ( 0.000000000000000000, -49.49747468305864828, -49.49747468305795906 ) ) ;
#494 = EDGE_CURVE ( 'NONE', #4645, #2467, #6758, .T. ) ;
#495 = CARTESIAN_POINT ( 'NONE',  ( 3.000000000000002665, 28.97625932060923759, 34.23203044119551919 ) ) ;
#496 = DIRECTION ( 'NONE',  ( -1.000000000000000000, 0.000000000000000000, 0.000000000000000000 ) ) ;
#497 =( BOUNDED_SURFACE ( )  B_SPLINE_SURFACE ( 3, 2, ( 
 ( #7365, #6642, #3188 ),
 ( #5505, #2167, #6035 ),
 ( #2845, #4471, #6335 ),
 ( #6223, #3989, #6302 ) ),
 .UNSPECIFIED., .F., .F., .F. ) 
 B_SPLINE_SURFACE_WITH_KNOTS ( ( 4, 4 ),
 ( 3, 3 ),
 ( 0.02363974873826450024, 0.03817236840079874655 ),
 ( 0.000000000000000000, 1.000000000000000000 ),
 .UNSPECIFIED. ) 
 GEOMETRIC_REPRESENTATION_ITEM ( )  RATIONAL_B_SPLINE_SURFACE ( (
 ( 1.000000000000000000, 0.7326428444818000596, 1.000000000000000000),
 ( 1.000000000000000000, 0.7342152080797789138, 1.000000000000000000),
 ( 1.000000000000000000, 0.7360590543758350757, 1.000000000000000000),
 ( 1.000000000000000000, 0.7384104990729150053, 1.000000000000000000) ) ) 
 REPRESENTATION_ITEM ( '' )  SURFACE ( )  );
#498 = VECTOR ( 'NONE', #5446, 1000.000000000000000 ) ;
#499 = CARTESIAN_POINT ( 'NONE',  ( 3.149999999999999911, -47.35404289052740268, 42.12145270974695421 ) ) ;
#500 = DIRECTION ( 'NONE',  ( -0.000000000000000000, 1.000000000000000000, 0.000000000000000000 ) ) ;
#501 = EDGE_CURVE ( 'NONE', #5234, #3654, #5200, .T. ) ;
#502 = ORIENTED_EDGE ( 'NONE', *, *, #964, .F. ) ;
#503 = AXIS2_PLACEMENT_3D ( 'NONE', #5537, #1592, #1012 ) ;
#504 = CARTESIAN_POINT ( 'NONE',  ( 3.000000000000000000, 49.49747468305812959, -49.49747468305847775 ) ) ;
#505 = CARTESIAN_POINT ( 'NONE',  ( 3.000000000000000000, 44.99747468305834985, 48.24747468305830012 ) ) ;
#506 = CARTESIAN_POINT ( 'NONE',  ( 0.000000000000000000, 17.06303347976199802, -30.78090503478100004 ) ) ;
#507 = CARTESIAN_POINT ( 'NONE',  ( 3.000000000000000000, 49.49747468305830722, 46.99747468305830012 ) ) ;
#508 = EDGE_CURVE ( 'NONE', #1776, #3949, #7021, .T. ) ;
#509 = CARTESIAN_POINT ( 'NONE',  ( 0.9499999999999999556, 43.54571693074285577, -50.25680310855009481 ) ) ;
#510 = ORIENTED_EDGE ( 'NONE', *, *, #3388, .F. ) ;
#511 = FACE_OUTER_BOUND ( 'NONE', #7245, .T. ) ;
#512 = DIRECTION ( 'NONE',  ( -1.000000000000000000, 0.000000000000000000, 0.000000000000000000 ) ) ;
#513 = EDGE_CURVE ( 'NONE', #2165, #1344, #2892, .T. ) ;
#514 = DIRECTION ( 'NONE',  ( 0.000000000000000000, 0.000000000000000000, -1.000000000000000000 ) ) ;
#515 = ORIENTED_EDGE ( 'NONE', *, *, #3481, .T. ) ;
#516 = DIRECTION ( 'NONE',  ( 0.000000000000000000, 0.000000000000000000, -1.000000000000000000 ) ) ;
#517 = ORIENTED_EDGE ( 'NONE', *, *, #701, .T. ) ;
#518 = ORIENTED_EDGE ( 'NONE', *, *, #6316, .F. ) ;
#519 = DIRECTION ( 'NONE',  ( 0.000000000000000000, 0.000000000000000000, -1.000000000000000000 ) ) ;
#520 = CARTESIAN_POINT ( 'NONE',  ( 3.000000000000000888, -15.00000000000000000, -17.25000000000000000 ) ) ;
#521 = DIRECTION ( 'NONE',  ( -1.000000000000000000, 0.000000000000000000, 0.000000000000000000 ) ) ;
#522 = ORIENTED_EDGE ( 'NONE', *, *, #5170, .T. ) ;
#523 = VECTOR ( 'NONE', #5709, 1000.000000000000000 ) ;
#524 = CYLINDRICAL_SURFACE ( 'NONE', #4646, 3.000000000000002665 ) ;
#525 = ORIENTED_EDGE ( 'NONE', *, *, #6754, .F. ) ;
#526 = ORIENTED_EDGE ( 'NONE', *, *, #1396, .T. ) ;
#527 = DIRECTION ( 'NONE',  ( 1.000000000000000000, 0.000000000000000000, 0.000000000000000000 ) ) ;
#528 = CARTESIAN_POINT ( 'NONE',  ( 3.000000000000000000, 57.03070887753347051, 49.49747468305820064 ) ) ;
#529 = AXIS2_PLACEMENT_3D ( 'NONE', #4586, #6907, #5118 ) ;
#530 = ADVANCED_FACE ( 'NONE', ( #6520 ), #4101, .F. ) ;
#531 = DIRECTION ( 'NONE',  ( 0.000000000000000000, 0.000000000000000000, -1.000000000000000000 ) ) ;
#532 = EDGE_CURVE ( 'NONE', #5587, #1352, #5454, .T. ) ;
#533 = FACE_OUTER_BOUND ( 'NONE', #3393, .T. ) ;
#534 = CIRCLE ( 'NONE', #5256, 1.250000000000001110 ) ;
#535 = LINE ( 'NONE', #4000, #1626 ) ;
#536 = ORIENTED_EDGE ( 'NONE', *, *, #6577, .T. ) ;
#537 = FACE_OUTER_BOUND ( 'NONE', #5086, .T. ) ;
#538 = CYLINDRICAL_SURFACE ( 'NONE', #2574, 1.250000000000001110 ) ;
#539 = CARTESIAN_POINT ( 'NONE',  ( 2.999999999999999112, 9.332174861821640022, -12.63835602176123984 ) ) ;
#540 = EDGE_CURVE ( 'NONE', #2190, #5942, #3528, .T. ) ;
#541 = CARTESIAN_POINT ( 'NONE',  ( 3.149999999999998135, 43.32950521810229105, -48.56209539888275373 ) ) ;
#542 = AXIS2_PLACEMENT_3D ( 'NONE', #2035, #393, #3281 ) ;
#543 = ORIENTED_EDGE ( 'NONE', *, *, #3448, .F. ) ;
#544 = DIRECTION ( 'NONE',  ( 0.000000000000000000, 0.000000000000000000, -1.000000000000000000 ) ) ;
#545 = EDGE_CURVE ( 'NONE', #276, #4394, #3488, .T. ) ;
#546 = DIRECTION ( 'NONE',  ( 0.000000000000000000, 0.000000000000000000, 1.000000000000000000 ) ) ;
#547 = CARTESIAN_POINT ( 'NONE',  ( 3.000000000000002665, -35.39869308601529951, 40.65196812363429757 ) ) ;
#548 = VECTOR ( 'NONE', #4511, 1000.000000000000000 ) ;
#549 = EDGE_LOOP ( 'NONE', ( #4455, #2240, #6931, #1896 ) ) ;
#550 = DIRECTION ( 'NONE',  ( 0.000000000000000000, 0.000000000000000000, 1.000000000000000000 ) ) ;
#551 = ORIENTED_EDGE ( 'NONE', *, *, #1851, .F. ) ;
#552 = ORIENTED_EDGE ( 'NONE', *, *, #3100, .F. ) ;
#553 = FACE_OUTER_BOUND ( 'NONE', #7236, .T. ) ;
#554 = VECTOR ( 'NONE', #3290, 999.9999999999998863 ) ;
#555 = FACE_OUTER_BOUND ( 'NONE', #809, .T. ) ;
#556 = CARTESIAN_POINT ( 'NONE',  ( 1.000000000000000000, 42.12145270974714606, 47.35404289052760163 ) ) ;
#557 = AXIS2_PLACEMENT_3D ( 'NONE', #7287, #2090, #5423 ) ;
#558 = CIRCLE ( 'NONE', #1417, 3.000000000000000000 ) ;
#559 = EDGE_LOOP ( 'NONE', ( #1603, #6487 ) ) ;
#560 = EDGE_CURVE ( 'NONE', #3867, #366, #6483, .T. ) ;
#561 = LINE ( 'NONE', #2351, #6881 ) ;
#562 = DIRECTION ( 'NONE',  ( 1.000000000000000000, 0.000000000000000000, 0.000000000000000000 ) ) ;
#563 = ORIENTED_EDGE ( 'NONE', *, *, #2901, .F. ) ;
#564 = ORIENTED_EDGE ( 'NONE', *, *, #3694, .T. ) ;
#565 = AXIS2_PLACEMENT_3D ( 'NONE', #3030, #5343, #3297 ) ;
#566 = DIRECTION ( 'NONE',  ( 1.000000000000000000, 0.000000000000000000, 0.000000000000000000 ) ) ;
#567 = CARTESIAN_POINT ( 'NONE',  ( 2.999999999999999112, 8.702959901070197901, -13.62321422119828007 ) ) ;
#568 = CARTESIAN_POINT ( 'NONE',  ( 0.000000000000000000, -3.370785039248560100, -21.96922704839735019 ) ) ;
#569 = CARTESIAN_POINT ( 'NONE',  ( 2.999999999999999112, -54.30119389361562554, 57.06990735657496572 ) ) ;
#570 = CARTESIAN_POINT ( 'NONE',  ( -76.30235973554010798, 23.59999999999999787, 7.000000000000000000 ) ) ;
#571 = ORIENTED_EDGE ( 'NONE', *, *, #2951, .T. ) ;
#572 = VECTOR ( 'NONE', #4056, 999.9999999999998863 ) ;
#573 = CARTESIAN_POINT ( 'NONE',  ( 0.000000000000000000, 44.26975353622900400, 52.44211924751610354 ) ) ;
#575 = EDGE_CURVE ( 'NONE', #5305, #5596, #1200, .T. ) ;
#574 = CARTESIAN_POINT ( 'NONE',  ( -7.156768276902879755, 54.51483676556799907, -46.20717412946329716 ) ) ;
#577 = DIRECTION ( 'NONE',  ( 0.000000000000000000, 0.000000000000000000, -1.000000000000000000 ) ) ;
#576 = AXIS2_PLACEMENT_3D ( 'NONE', #3963, #5673, #3387 ) ;
#578 = CARTESIAN_POINT ( 'NONE',  ( -14.14213562373093858, -15.00000000000000000, 15.00000000000000000 ) ) ;
#579 = EDGE_CURVE ( 'NONE', #1385, #1220, #6461, .T. ) ;
#580 = DIRECTION ( 'NONE',  ( 0.000000000000000000, 0.000000000000000000, -1.000000000000000000 ) ) ;
#581 = AXIS2_PLACEMENT_3D ( 'NONE', #2114, #3212, #2688 ) ;
#582 = ADVANCED_FACE ( 'NONE', ( #1184 ), #5926, .F. ) ;
#583 = ORIENTED_EDGE ( 'NONE', *, *, #7452, .T. ) ;
#584 = EDGE_CURVE ( 'NONE', #3930, #4856, #4823, .T. ) ;
#585 = CARTESIAN_POINT ( 'NONE',  ( 3.000000000000000888, -24.53625782700349589, 6.937104675682405741 ) ) ;
#586 = CIRCLE ( 'NONE', #2547, 6.999999999999999112 ) ;
#587 = DIRECTION ( 'NONE',  ( 0.000000000000000000, 0.000000000000000000, -1.000000000000000000 ) ) ;
#588 = VECTOR ( 'NONE', #6612, 1000.000000000000000 ) ;
#589 = DIRECTION ( 'NONE',  ( 1.000000000000000000, 0.000000000000000000, 0.000000000000000000 ) ) ;
#590 = ORIENTED_EDGE ( 'NONE', *, *, #2305, .T. ) ;
#592 = EDGE_CURVE ( 'NONE', #1020, #4543, #607, .T. ) ;
#591 = DIRECTION ( 'NONE',  ( 0.000000000000000000, -0.7065304444546280926, -0.7076826485500021802 ) ) ;
#593 = VERTEX_POINT ( 'NONE', #4770 ) ;
#594 = CIRCLE ( 'NONE', #7486, 1.250000000000001110 ) ;
#595 = ORIENTED_EDGE ( 'NONE', *, *, #3259, .T. ) ;
#596 = DIRECTION ( 'NONE',  ( 0.000000000000000000, 0.000000000000000000, 1.000000000000000000 ) ) ;
#597 = DIRECTION ( 'NONE',  ( 0.000000000000000000, 0.000000000000000000, -1.000000000000000000 ) ) ;
#598 = DIRECTION ( 'NONE',  ( 1.000000000000000000, 0.000000000000000000, 0.000000000000000000 ) ) ;
#599 = EDGE_LOOP ( 'NONE', ( #552, #6428, #5835, #3464 ) ) ;
#600 = DIRECTION ( 'NONE',  ( 0.000000000000000000, 0.000000000000000000, 1.000000000000000000 ) ) ;
#601 = EDGE_CURVE ( 'NONE', #108, #7159, #4479, .T. ) ;
#602 = CARTESIAN_POINT ( 'NONE',  ( -0.9999999999999991118, 23.59999999999999787, 9.108356170405180515E-15 ) ) ;
#603 = ORIENTED_EDGE ( 'NONE', *, *, #3505, .T. ) ;
#604 = AXIS2_PLACEMENT_3D ( 'NONE', #2578, #7166, #795 ) ;
#605 = VERTEX_POINT ( 'NONE', #4662 ) ;
#606 = CARTESIAN_POINT ( 'NONE',  ( 0.000000000000000000, -57.29768064699647567, 49.94734338944730467 ) ) ;
#607 = LINE ( 'NONE', #2356, #4843 ) ;
#608 = EDGE_CURVE ( 'NONE', #6650, #5724, #4204, .T. ) ;
#609 = CARTESIAN_POINT ( 'NONE',  ( -8.485281374238578422, -49.49747468305777431, 49.49747468305882592 ) ) ;
#610 = ORIENTED_EDGE ( 'NONE', *, *, #1995, .T. ) ;
#611 = CARTESIAN_POINT ( 'NONE',  ( -10.50000000000000000, 7.960204194457797252E-15, -31.40000000000000568 ) ) ;
#612 = ORIENTED_EDGE ( 'NONE', *, *, #3694, .F. ) ;
#613 = CYLINDRICAL_SURFACE ( 'NONE', #1192, 1.250000000000001110 ) ;
#614 = CARTESIAN_POINT ( 'NONE',  ( 2.595935788366305896, -28.53145885430786421, 33.79591468803912591 ) ) ;
#615 = CARTESIAN_POINT ( 'NONE',  ( -17.00000000000000000, 53.99747468305810116, -48.24747468305849907 ) ) ;
#616 = CARTESIAN_POINT ( 'NONE',  ( 3.000000000000000000, -42.12145270974760081, -47.35404289052809901 ) ) ;
#617 = AXIS2_PLACEMENT_3D ( 'NONE', #6206, #4956, #7272 ) ;
#618 = DIRECTION ( 'NONE',  ( 1.000000000000000000, 0.000000000000000000, 0.000000000000000000 ) ) ;
#619 = ORIENTED_EDGE ( 'NONE', *, *, #2439, .F. ) ;
#620 = CARTESIAN_POINT ( 'NONE',  ( 0.000000000000000000, -49.49747468305869802, -53.99747468305799458 ) ) ;
#621 = EDGE_CURVE ( 'NONE', #2048, #1764, #7206, .T. ) ;
#622 = CARTESIAN_POINT ( 'NONE',  ( 3.000000000000000000, -42.49929430624609950, -47.77712424307149774 ) ) ;
#623 = DIRECTION ( 'NONE',  ( 0.000000000000000000, 0.000000000000000000, -1.000000000000000000 ) ) ;
#624 = ADVANCED_FACE ( 'NONE', ( #5959 ), #2543, .F. ) ;
#625 = ORIENTED_EDGE ( 'NONE', *, *, #6730, .F. ) ;
#626 = CARTESIAN_POINT ( 'NONE',  ( 3.000000000000000888, -2.701750790494729805E-16, 33.30614694161270251 ) ) ;
#627 = ORIENTED_EDGE ( 'NONE', *, *, #2181, .F. ) ;
#628 = ORIENTED_EDGE ( 'NONE', *, *, #322, .F. ) ;
#629 = DIRECTION ( 'NONE',  ( 1.000000000000000000, 0.000000000000000000, 0.000000000000000000 ) ) ;
#630 = PLANE ( 'NONE',  #4467 ) ;
#631 = AXIS2_PLACEMENT_3D ( 'NONE', #3499, #5131, #3821 ) ;
#632 = B_SPLINE_CURVE_WITH_KNOTS ( 'NONE', 3,
 ( #233, #6002, #4368, #2587 ),
 .UNSPECIFIED., .F., .F.,
 ( 4, 4 ),
 ( 0.000000000000000000, 1.000000000000000000 ),
 .UNSPECIFIED. ) ;
#633 = APPLICATION_CONTEXT ( 'automotive_design' ) ;
#634 = DIRECTION ( 'NONE',  ( 1.000000000000000000, 0.000000000000000000, 0.000000000000000000 ) ) ;
#635 = FACE_BOUND ( 'NONE', #4876, .T. ) ;
#636 = EDGE_CURVE ( 'NONE', #5718, #5037, #4704, .T. ) ;
#637 = EDGE_LOOP ( 'NONE', ( #7293, #1516, #6469, #5299, #2119, #1159, #6868, #5459, #2873 ) ) ;
#638 = FACE_OUTER_BOUND ( 'NONE', #7404, .T. ) ;
#639 = CARTESIAN_POINT ( 'NONE',  ( -0.9999999999999991118, 7.347880794884119933E-15, -36.39999999999999858 ) ) ;
#640 = EDGE_LOOP ( 'NONE', ( #353, #4246, #2042, #1568 ) ) ;
#641 = ORIENTED_EDGE ( 'NONE', *, *, #935, .F. ) ;
#642 = LINE ( 'NONE', #2960, #5536 ) ;
#643 = CARTESIAN_POINT ( 'NONE',  ( 3.000000000000000888, -10.42085570350058710, 24.51938107059371674 ) ) ;
#644 = DIRECTION ( 'NONE',  ( 0.000000000000000000, 0.000000000000000000, -1.000000000000000000 ) ) ;
#645 = EDGE_CURVE ( 'NONE', #6162, #3775, #2012, .T. ) ;
#646 = ORIENTED_EDGE ( 'NONE', *, *, #2305, .F. ) ;
#647 = DIRECTION ( 'NONE',  ( 1.000000000000000000, 0.000000000000000000, 0.000000000000000000 ) ) ;
#648 = VERTEX_POINT ( 'NONE', #1366 ) ;
#649 = AXIS2_PLACEMENT_3D ( 'NONE', #4981, #1983, #271 ) ;
#650 = DIRECTION ( 'NONE',  ( -1.000000000000000000, 0.000000000000000000, 0.000000000000000000 ) ) ;
#651 =( GEOMETRIC_REPRESENTATION_CONTEXT ( 3 ) GLOBAL_UNCERTAINTY_ASSIGNED_CONTEXT ( ( #5022 ) ) GLOBAL_UNIT_ASSIGNED_CONTEXT ( ( #3994, #3449, #3380 ) ) REPRESENTATION_CONTEXT ( 'NONE', 'WORKASPACE' ) );
#652 = CIRCLE ( 'NONE', #1383, 2.999999999999999112 ) ;
#653 = DIRECTION ( 'NONE',  ( 0.000000000000000000, 0.7076826485500030683, -0.7065304444546269824 ) ) ;
#654 = LINE ( 'NONE', #4179, #427 ) ;
#655 = CIRCLE ( 'NONE', #4530, 1.250000000000001110 ) ;
#656 = DIRECTION ( 'NONE',  ( 0.000000000000000000, 0.000000000000000000, 1.000000000000000000 ) ) ;
#657 = ORIENTED_EDGE ( 'NONE', *, *, #6377, .F. ) ;
#658 = CARTESIAN_POINT ( 'NONE',  ( 0.000000000000000000, -7.000000000000000000, -50.93157033242439979 ) ) ;
#659 = CARTESIAN_POINT ( 'NONE',  ( 0.000000000000000000, 49.94734338944670782, 57.29768064699699437 ) ) ;
#660 = DIRECTION ( 'NONE',  ( 1.000000000000000000, 0.000000000000000000, 0.000000000000000000 ) ) ;
#661 = AXIS2_PLACEMENT_3D ( 'NONE', #5600, #3735, #3777 ) ;
#662 = EDGE_CURVE ( 'NONE', #2844, #4928, #3150, .T. ) ;
#663 = DIRECTION ( 'NONE',  ( 1.000000000000000000, 0.000000000000000000, 0.000000000000000000 ) ) ;
#664 = VERTEX_POINT ( 'NONE', #7131 ) ;
#665 = ORIENTED_EDGE ( 'NONE', *, *, #4766, .T. ) ;
#666 = CYLINDRICAL_SURFACE ( 'NONE', #7107, 4.000000000000000000 ) ;
#667 = FACE_OUTER_BOUND ( 'NONE', #1274, .T. ) ;
#668 = AXIS2_PLACEMENT_3D ( 'NONE', #4841, #4160, #3551 ) ;
#669 = CARTESIAN_POINT ( 'NONE',  ( 3.000000000000000000, -47.54235134132130014, -42.30031454084590337 ) ) ;
#670 = CARTESIAN_POINT ( 'NONE',  ( 3.000000000000000000, -11.00000000000000000, -49.49747468305830722 ) ) ;
#671 = EDGE_CURVE ( 'NONE', #1224, #2678, #2775, .T. ) ;
#672 = VECTOR ( 'NONE', #3056, 1000.000000000000000 ) ;
#673 = ORIENTED_EDGE ( 'NONE', *, *, #7165, .T. ) ;
#674 = CARTESIAN_POINT ( 'NONE',  ( 2.999999999999999112, 28.39513128277824805, 36.48068905670280060 ) ) ;
#675 = EDGE_CURVE ( 'NONE', #187, #2455, #1448, .T. ) ;
#676 = AXIS2_PLACEMENT_3D ( 'NONE', #3213, #7313, #2653 ) ;
#677 = ORIENTED_EDGE ( 'NONE', *, *, #4069, .T. ) ;
#678 = ORIENTED_EDGE ( 'NONE', *, *, #488, .F. ) ;
#679 = LINE ( 'NONE', #5773, #439 ) ;
#680 = B_SPLINE_CURVE_WITH_KNOTS ( 'NONE', 3,
 ( #5966, #3116, #5431, #5510 ),
 .UNSPECIFIED., .F., .F.,
 ( 4, 4 ),
 ( 0.000000000000000000, 1.000000000000000000 ),
 .UNSPECIFIED. ) ;
#681 = VECTOR ( 'NONE', #7333, 1000.000000000000000 ) ;
#682 = DIRECTION ( 'NONE',  ( 0.000000000000000000, 0.000000000000000000, -1.000000000000000000 ) ) ;
#683 = EDGE_CURVE ( 'NONE', #1593, #1918, #1329, .T. ) ;
#684 = CIRCLE ( 'NONE', #6867, 2.249999999999998668 ) ;
#685 = DIRECTION ( 'NONE',  ( 1.000000000000000000, 0.000000000000000000, 0.000000000000000000 ) ) ;
#686 = AXIS2_PLACEMENT_3D ( 'NONE', #7109, #6541, #776 ) ;
#687 = VERTEX_POINT ( 'NONE', #6558 ) ;
#688 = DIRECTION ( 'NONE',  ( 0.000000000000000000, 0.000000000000000000, -1.000000000000000000 ) ) ;
#689 = CIRCLE ( 'NONE', #1791, 2.999999999999999112 ) ;
#690 = ORIENTED_EDGE ( 'NONE', *, *, #1067, .T. ) ;
#691 = B_SPLINE_CURVE_WITH_KNOTS ( 'NONE', 3,
 ( #1144, #3675, #5378, #221 ),
 .UNSPECIFIED., .F., .F.,
 ( 4, 4 ),
 ( 0.03007648256163745690, 1.000000000000000222 ),
 .UNSPECIFIED. ) ;
#692 = CARTESIAN_POINT ( 'NONE',  ( 3.000000000000000000, 17.06303347976199802, -30.78090503478100004 ) ) ;
#693 = CARTESIAN_POINT ( 'NONE',  ( 0.000000000000000000, -49.49747468305864828, -51.99747468305795906 ) ) ;
#694 = CARTESIAN_POINT ( 'NONE',  ( 0.000000000000000000, -54.51483676556769353, 46.20717412946359559 ) ) ;
#695 = CIRCLE ( 'NONE', #3847, 1.250000000000001110 ) ;
#696 = LINE ( 'NONE', #5437, #1634 ) ;
#697 = AXIS2_PLACEMENT_3D ( 'NONE', #4404, #7297, #7334 ) ;
#698 = EDGE_CURVE ( 'NONE', #790, #2052, #3851, .T. ) ;
#699 = VERTEX_POINT ( 'NONE', #2502 ) ;
#700 = CARTESIAN_POINT ( 'NONE',  ( 0.000000000000000000, -44.99747468305779563, 49.49747468305880460 ) ) ;
#701 = EDGE_CURVE ( 'NONE', #7105, #3189, #1446, .T. ) ;
#702 = CARTESIAN_POINT ( 'NONE',  ( 2.999999999999999112, 20.41105878441630495, 10.20927782830504427 ) ) ;
#703 = AXIS2_PLACEMENT_3D ( 'NONE', #7311, #6134, #1510 ) ;
#704 = CARTESIAN_POINT ( 'NONE',  ( 76.59212285118779562, 0.000000000000000000, 0.000000000000000000 ) ) ;
#705 = DIRECTION ( 'NONE',  ( 1.000000000000000000, 0.000000000000000000, 0.000000000000000000 ) ) ;
#706 = ORIENTED_EDGE ( 'NONE', *, *, #4745, .F. ) ;
#707 = EDGE_LOOP ( 'NONE', ( #5999, #1215, #238, #2458 ) ) ;
#708 = CARTESIAN_POINT ( 'NONE',  ( 3.000000000000000000, 15.32146667047080157, -29.79757139416084755 ) ) ;
#709 = DIRECTION ( 'NONE',  ( 1.000000000000000000, 0.000000000000000000, 0.000000000000000000 ) ) ;
#710 = AXIS2_PLACEMENT_3D ( 'NONE', #1092, #6812, #3428 ) ;
#711 = FACE_OUTER_BOUND ( 'NONE', #5496, .T. ) ;
#712 = CARTESIAN_POINT ( 'NONE',  ( 0.000000000000000000, 35.39176575354740351, 40.65799922978155223 ) ) ;
#713 = VERTEX_POINT ( 'NONE', #5995 ) ;
#714 = CARTESIAN_POINT ( 'NONE',  ( 2.999999999999999112, -57.29768064699700147, 49.94734338944669361 ) ) ;
#715 = FACE_BOUND ( 'NONE', #4990, .T. ) ;
#716 = CIRCLE ( 'NONE', #2664, 3.000000000000001332 ) ;
#717 = AXIS2_PLACEMENT_3D ( 'NONE', #2486, #2041, #6662 ) ;
#718 = ORIENTED_EDGE ( 'NONE', *, *, #2020, .T. ) ;
#719 = CIRCLE ( 'NONE', #1325, 2.999999999999999112 ) ;
#720 = ORIENTED_EDGE ( 'NONE', *, *, #5668, .F. ) ;
#721 = DIRECTION ( 'NONE',  ( 1.000000000000000000, 0.000000000000000000, 0.000000000000000000 ) ) ;
#722 = CARTESIAN_POINT ( 'NONE',  ( 20.00000000000000000, 13.00000000000000000, -44.83172803104509541 ) ) ;
#723 = CARTESIAN_POINT ( 'NONE',  ( 20.00000000000000000, 11.00000000000000000, -37.45125332860914824 ) ) ;
#724 = EDGE_LOOP ( 'NONE', ( #1346, #6841, #99, #4391 ) ) ;
#725 = CARTESIAN_POINT ( 'NONE',  ( 13.59999999999999964, -24.89402789325527010, -6.879352572115877251 ) ) ;
#726 = ADVANCED_FACE ( 'NONE', ( #5379 ), #4809, .F. ) ;
#727 = ORIENTED_EDGE ( 'NONE', *, *, #4146, .F. ) ;
#728 = ORIENTED_EDGE ( 'NONE', *, *, #4861, .T. ) ;
#729 = CARTESIAN_POINT ( 'NONE',  ( 3.000000000000000000, 44.26975353622900400, 52.44211924751610354 ) ) ;
#730 = LINE ( 'NONE', #2365, #2700 ) ;
#731 = CARTESIAN_POINT ( 'NONE',  ( 20.00000000000000000, -11.00000000000000000, -47.88164918173480089 ) ) ;
#732 = EDGE_CURVE ( 'NONE', #6916, #4115, #1587, .T. ) ;
#733 = CARTESIAN_POINT ( 'NONE',  ( 3.000000000000000000, 42.12145270974649947, -47.35404289052689819 ) ) ;
#734 = EDGE_LOOP ( 'NONE', ( #7059, #3745, #4516, #230 ) ) ;
#735 = CARTESIAN_POINT ( 'NONE',  ( -17.00000000000000000, 53.99747468305830012, 48.24747468305830012 ) ) ;
#736 = CARTESIAN_POINT ( 'NONE',  ( 3.000000000000000000, 52.44211924751589748, -44.26975353622915321 ) ) ;
#737 = EDGE_CURVE ( 'NONE', #1755, #1820, #6167, .T. ) ;
#738 = CIRCLE ( 'NONE', #4614, 2.249999999999998668 ) ;
#739 = CARTESIAN_POINT ( 'NONE',  ( 3.000000000000000000, -52.44211924751610354, 44.26975353622874820 ) ) ;
#740 = FACE_BOUND ( 'NONE', #4909, .T. ) ;
#741 = EDGE_LOOP ( 'NONE', ( #125, #2234, #5272, #3491 ) ) ;
#742 = AXIS2_PLACEMENT_3D ( 'NONE', #6249, #3365, #3543 ) ;
#743 = DIRECTION ( 'NONE',  ( 1.000000000000000000, 0.000000000000000000, 0.000000000000000000 ) ) ;
#744 = LINE ( 'NONE', #3629, #1090 ) ;
#745 = DIRECTION ( 'NONE',  ( 1.000000000000000000, 0.000000000000000000, 0.000000000000000000 ) ) ;
#746 = DIRECTION ( 'NONE',  ( 1.000000000000000000, 0.000000000000000000, 0.000000000000000000 ) ) ;
#747 = EDGE_LOOP ( 'NONE', ( #7090, #4776 ) ) ;
#748 = CARTESIAN_POINT ( 'NONE',  ( 3.000000000000000000, 53.99747468305830012, 49.49747468305830722 ) ) ;
#749 = EDGE_LOOP ( 'NONE', ( #7096, #6245, #1567, #4174 ) ) ;
#750 = ORIENTED_EDGE ( 'NONE', *, *, #636, .F. ) ;
#751 = VECTOR ( 'NONE', #4959, 1000.000000000000000 ) ;
#752 = ORIENTED_EDGE ( 'NONE', *, *, #494, .F. ) ;
#753 = CARTESIAN_POINT ( 'NONE',  ( 0.000000000000000000, -13.35739020882256689, 19.72248166475297637 ) ) ;
#754 = CARTESIAN_POINT ( 'NONE',  ( -17.00000000000000000, -44.99747468305779563, 49.49747468305880460 ) ) ;
#755 = LINE ( 'NONE', #7022, #286 ) ;
#756 = ORIENTED_EDGE ( 'NONE', *, *, #3737, .F. ) ;
#757 = FACE_OUTER_BOUND ( 'NONE', #4316, .T. ) ;
#758 = ORIENTED_EDGE ( 'NONE', *, *, #4058, .F. ) ;
#759 = ORIENTED_EDGE ( 'NONE', *, *, #6176, .T. ) ;
#760 = EDGE_CURVE ( 'NONE', #2118, #593, #586, .T. ) ;
#761 = CARTESIAN_POINT ( 'NONE',  ( 0.000000000000000000, -28.53145885430780027, 33.79591468803914722 ) ) ;
#762 = DIRECTION ( 'NONE',  ( 0.000000000000000000, 0.000000000000000000, -1.000000000000000000 ) ) ;
#763 = CARTESIAN_POINT ( 'NONE',  ( 3.000000000000000000, 34.22836213027333940, -42.14796473659462350 ) ) ;
#764 = AXIS2_PLACEMENT_3D ( 'NONE', #6525, #1835, #6562 ) ;
#765 = B_SPLINE_CURVE_WITH_KNOTS ( 'NONE', 3,
 ( #1435, #4921, #4995, #3750 ),
 .UNSPECIFIED., .F., .F.,
 ( 4, 4 ),
 ( 0.000000000000000000, 1.000000000000000000 ),
 .UNSPECIFIED. ) ;
#766 = EDGE_CURVE ( 'NONE', #6601, #2019, #3146, .T. ) ;
#767 = DIRECTION ( 'NONE',  ( 1.000000000000000000, 0.000000000000000000, 0.000000000000000000 ) ) ;
#768 = ORIENTED_EDGE ( 'NONE', *, *, #1560, .T. ) ;
#769 = CIRCLE ( 'NONE', #1632, 2.999999999999999112 ) ;
#770 = CIRCLE ( 'NONE', #3319, 2.000000000000001776 ) ;
#771 = DIRECTION ( 'NONE',  ( 0.000000000000000000, -0.7071067811865475727, -0.7071067811865475727 ) ) ;
#772 = ORIENTED_EDGE ( 'NONE', *, *, #4867, .T. ) ;
#773 = CARTESIAN_POINT ( 'NONE',  ( -16.97056274847710000, -49.49747468305890408, -49.49747468305779563 ) ) ;
#774 = EDGE_CURVE ( 'NONE', #5305, #5438, #6069, .T. ) ;
#775 = VECTOR ( 'NONE', #1565, 1000.000000000000000 ) ;
#776 = DIRECTION ( 'NONE',  ( 0.000000000000000000, 0.000000000000000000, 1.000000000000000000 ) ) ;
#777 = ORIENTED_EDGE ( 'NONE', *, *, #7065, .F. ) ;
#778 = FACE_OUTER_BOUND ( 'NONE', #3495, .T. ) ;
#779 = CARTESIAN_POINT ( 'NONE',  ( 3.000000000000016431, -37.54544509046066025, -42.77803527124108030 ) ) ;
#780 = ORIENTED_EDGE ( 'NONE', *, *, #2643, .T. ) ;
#781 = EDGE_CURVE ( 'NONE', #3733, #5758, #2189, .T. ) ;
#782 = SHAPE_DEFINITION_REPRESENTATION ( #1873, #6485 ) ;
#783 = DIRECTION ( 'NONE',  ( 1.000000000000000000, -0.000000000000000000, -0.000000000000000000 ) ) ;
#784 =( BOUNDED_SURFACE ( )  B_SPLINE_SURFACE ( 3, 2, ( 
 ( #5994, #832, #3105 ),
 ( #5421, #4278, #1403 ),
 ( #3714, #3145, #296 ),
 ( #4887, #7205, #2010 ) ),
 .UNSPECIFIED., .F., .F., .F. ) 
 B_SPLINE_SURFACE_WITH_KNOTS ( ( 4, 4 ),
 ( 3, 3 ),
 ( 0.02297669542993520039, 0.03750746133523360365 ),
 ( 0.000000000000000000, 1.000000000000000000 ),
 .UNSPECIFIED. ) 
 GEOMETRIC_REPRESENTATION_ITEM ( )  RATIONAL_B_SPLINE_SURFACE ( (
 ( 1.000000000000000000, 0.7388311567879110031, 1.000000000000000000),
 ( 1.000000000000000000, 0.7364495335225260675, 1.000000000000000000),
 ( 1.000000000000000000, 0.7345816875769269894, 1.000000000000000000),
 ( 1.000000000000000000, 0.7329887591949360015, 1.000000000000000000) ) ) 
 REPRESENTATION_ITEM ( '' )  SURFACE ( )  );
#785 = CARTESIAN_POINT ( 'NONE',  ( -0.9999999999999991118, -23.59999999999999787, 0.000000000000000000 ) ) ;
#786 = ORIENTED_EDGE ( 'NONE', *, *, #4637, .T. ) ;
#787 = DIRECTION ( 'NONE',  ( 1.000000000000000000, 0.000000000000000000, 0.000000000000000000 ) ) ;
#788 = ORIENTED_EDGE ( 'NONE', *, *, #1623, .T. ) ;
#789 = EDGE_LOOP ( 'NONE', ( #5509, #1930, #4738, #3632 ) ) ;
#790 = VERTEX_POINT ( 'NONE', #3984 ) ;
#791 = EDGE_CURVE ( 'NONE', #7019, #1507, #4219, .T. ) ;
#792 = VERTEX_POINT ( 'NONE', #3264 ) ;
#793 = DIRECTION ( 'NONE',  ( 0.000000000000000000, 0.000000000000000000, 1.000000000000000000 ) ) ;
#794 = AXIS2_PLACEMENT_3D ( 'NONE', #7487, #1616, #3922 ) ;
#795 = DIRECTION ( 'NONE',  ( -1.000000000000000000, 0.000000000000000000, 0.000000000000000000 ) ) ;
#796 = DIRECTION ( 'NONE',  ( 0.000000000000000000, 0.000000000000000000, -1.000000000000000000 ) ) ;
#797 = ADVANCED_FACE ( 'NONE', ( #1677 ), #6257, .F. ) ;
#798 = ORIENTED_EDGE ( 'NONE', *, *, #1293, .F. ) ;
#799 = CIRCLE ( 'NONE', #6371, 1.250000000000001110 ) ;
#800 = DIRECTION ( 'NONE',  ( 1.000000000000000000, -0.000000000000000000, -0.000000000000000000 ) ) ;
#801 = ORIENTED_EDGE ( 'NONE', *, *, #42, .F. ) ;
#802 = VECTOR ( 'NONE', #986, 1000.000000000000000 ) ;
#803 = ORIENTED_EDGE ( 'NONE', *, *, #176, .T. ) ;
#804 = CIRCLE ( 'NONE', #6619, 1.250000000000001110 ) ;
#805 = CARTESIAN_POINT ( 'NONE',  ( 20.00000000000000000, -13.00000000000000000, -44.83172803104509541 ) ) ;
#806 = DIRECTION ( 'NONE',  ( 1.000000000000000000, 0.000000000000000000, 0.000000000000000000 ) ) ;
#807 = CIRCLE ( 'NONE', #7476, 2.500000000000002220 ) ;
#808 = LINE ( 'NONE', #5973, #4045 ) ;
#809 = EDGE_LOOP ( 'NONE', ( #5063, #3435, #6169, #5468 ) ) ;
#810 = FACE_OUTER_BOUND ( 'NONE', #3664, .T. ) ;
#811 = VERTEX_POINT ( 'NONE', #3831 ) ;
#812 = CIRCLE ( 'NONE', #4325, 2.999999999999995559 ) ;
#813 = CYLINDRICAL_SURFACE ( 'NONE', #4558, 3.000000000000000000 ) ;
#814 = EDGE_CURVE ( 'NONE', #6535, #6632, #2162, .T. ) ;
#815 = EDGE_LOOP ( 'NONE', ( #4805, #3149, #5538, #4834 ) ) ;
#816 = CARTESIAN_POINT ( 'NONE',  ( -14.00000000000000000, -15.00000000000000000, -15.00000000000000000 ) ) ;
#817 = ADVANCED_FACE ( 'NONE', ( #1520 ), #1022, .F. ) ;
#818 = ADVANCED_FACE ( 'NONE', ( #6710 ), #4429, .T. ) ;
#819 = FACE_OUTER_BOUND ( 'NONE', #280, .T. ) ;
#820 = VERTEX_POINT ( 'NONE', #520 ) ;
#821 = CARTESIAN_POINT ( 'NONE',  ( 3.000000000000000888, -7.000000000000000000, -45.56515138991167646 ) ) ;
#822 = CARTESIAN_POINT ( 'NONE',  ( 3.000000000000000000, -13.79717507775175989, -46.66598861651589658 ) ) ;
#823 = CARTESIAN_POINT ( 'NONE',  ( -1.056581599831130104E-17, -47.77712100199649825, 42.49929662229980210 ) ) ;
#824 = DIRECTION ( 'NONE',  ( 1.000000000000000000, 0.000000000000000000, 0.000000000000000000 ) ) ;
#825 = CIRCLE ( 'NONE', #3983, 1.250000000000001110 ) ;
#826 = CARTESIAN_POINT ( 'NONE',  ( 0.000000000000000000, 57.06990735657345226, 54.30119389361710347 ) ) ;
#827 = EDGE_CURVE ( 'NONE', #1779, #2194, #412, .T. ) ;
#828 = VERTEX_POINT ( 'NONE', #3333 ) ;
#829 = ORIENTED_EDGE ( 'NONE', *, *, #7489, .T. ) ;
#830 = EDGE_LOOP ( 'NONE', ( #6777, #2182, #5601, #1360 ) ) ;
#831 = ORIENTED_EDGE ( 'NONE', *, *, #3857, .T. ) ;
#832 = CARTESIAN_POINT ( 'NONE',  ( 3.620937690231797124, -27.57920200626933394, 32.84520824432727437 ) ) ;
#833 = DIRECTION ( 'NONE',  ( 0.000000000000000000, 0.000000000000000000, -1.000000000000000000 ) ) ;
#834 = CARTESIAN_POINT ( 'NONE',  ( 0.000000000000000000, -15.00000000000000000, -12.75000000000000000 ) ) ;
#835 = VECTOR ( 'NONE', #5236, 1000.000000000000000 ) ;
#836 = AXIS2_PLACEMENT_3D ( 'NONE', #436, #2754, #5068 ) ;
#837 = ORIENTED_EDGE ( 'NONE', *, *, #760, .F. ) ;
#838 = EDGE_CURVE ( 'NONE', #1385, #146, #2729, .T. ) ;
#839 = CIRCLE ( 'NONE', #358, 1.000000000000000888 ) ;
#840 = DIRECTION ( 'NONE',  ( 1.000000000000000000, 0.000000000000000000, 0.000000000000000000 ) ) ;
#841 = EDGE_LOOP ( 'NONE', ( #252, #4490 ) ) ;
#842 = VERTEX_POINT ( 'NONE', #1557 ) ;
#843 = FACE_OUTER_BOUND ( 'NONE', #255, .T. ) ;
#844 = CARTESIAN_POINT ( 'NONE',  ( 0.000000000000000000, 34.22836213027333940, -42.14796473659462350 ) ) ;
#845 = CARTESIAN_POINT ( 'NONE',  ( -14.00000000000000000, -15.00000000000000000, -15.00000000000000000 ) ) ;
#846 = FACE_OUTER_BOUND ( 'NONE', #4958, .T. ) ;
#847 = DIRECTION ( 'NONE',  ( -1.000000000000000000, 0.000000000000000000, 0.000000000000000000 ) ) ;
#848 = ORIENTED_EDGE ( 'NONE', *, *, #6839, .F. ) ;
#849 = CARTESIAN_POINT ( 'NONE',  ( 0.000000000000000000, -49.49747468305779563, 53.99747468305879750 ) ) ;
#850 = EDGE_LOOP ( 'NONE', ( #6412, #5894 ) ) ;
#851 = ORIENTED_EDGE ( 'NONE', *, *, #2859, .F. ) ;
#852 = DIRECTION ( 'NONE',  ( 0.000000000000000000, 0.000000000000000000, -1.000000000000000000 ) ) ;
#853 = ORIENTED_EDGE ( 'NONE', *, *, #5316, .F. ) ;
#854 = CARTESIAN_POINT ( 'NONE',  ( -10.50000000000000000, -23.59999999999999787, 5.000000000000000888 ) ) ;
#855 = LINE ( 'NONE', #6544, #5691 ) ;
#856 = EDGE_LOOP ( 'NONE', ( #5961, #3164 ) ) ;
#857 = ADVANCED_FACE ( 'NONE', ( #5583 ), #5694, .T. ) ;
#858 = DIRECTION ( 'NONE',  ( 0.000000000000000000, 0.000000000000000000, -1.000000000000000000 ) ) ;
#859 = CYLINDRICAL_SURFACE ( 'NONE', #3006, 3.033234194475112222 ) ;
#860 = VECTOR ( 'NONE', #3928, 1000.000000000000000 ) ;
#861 = CARTESIAN_POINT ( 'NONE',  ( 3.000000000000000000, -11.25843319070881954, -36.99354635229349952 ) ) ;
#862 = EDGE_CURVE ( 'NONE', #4928, #1876, #2237, .T. ) ;
#863 = CARTESIAN_POINT ( 'NONE',  ( -17.00000000000000000, 49.49747468305830722, 53.99747468305830012 ) ) ;
#864 = ORIENTED_EDGE ( 'NONE', *, *, #540, .F. ) ;
#865 = CIRCLE ( 'NONE', #742, 1.000000000000000000 ) ;
#866 = ORIENTED_EDGE ( 'NONE', *, *, #3572, .T. ) ;
#867 = EDGE_LOOP ( 'NONE', ( #4576, #5991, #4539, #7203 ) ) ;
#868 = ORIENTED_EDGE ( 'NONE', *, *, #5366, .F. ) ;
#869 = CARTESIAN_POINT ( 'NONE',  ( -14.00000000000000000, 15.00000000000000000, 17.25000000000000000 ) ) ;
#870 = CARTESIAN_POINT ( 'NONE',  ( -17.00000000000000000, -49.49747468305790221, 46.24747468305879750 ) ) ;
#871 = B_SPLINE_CURVE_WITH_KNOTS ( 'NONE', 3,
 ( #1886, #1395, #2001, #5531 ),
 .UNSPECIFIED., .F., .F.,
 ( 4, 4 ),
 ( 0.000000000000000000, 1.000000000000000000 ),
 .UNSPECIFIED. ) ;
#872 = FACE_OUTER_BOUND ( 'NONE', #3132, .T. ) ;
#873 = ADVANCED_FACE ( 'NONE', ( #2123 ), #3404, .T. ) ;
#874 = ORIENTED_EDGE ( 'NONE', *, *, #1195, .T. ) ;
#875 = VECTOR ( 'NONE', #4536, 1000.000000000000000 ) ;
#876 = CYLINDRICAL_SURFACE ( 'NONE', #3323, 3.000000000000000000 ) ;
#877 = ORIENTED_EDGE ( 'NONE', *, *, #85, .T. ) ;
#878 = B_SPLINE_CURVE_WITH_KNOTS ( 'NONE', 3,
 ( #5975, #3163, #5393, #2557 ),
 .UNSPECIFIED., .F., .F.,
 ( 4, 4 ),
 ( 0.03007648256163745690, 1.000000000000000222 ),
 .UNSPECIFIED. ) ;
#879 = VERTEX_POINT ( 'NONE', #6864 ) ;
#880 = DIRECTION ( 'NONE',  ( 0.000000000000000000, 0.7048556957872008644, -0.7093507229264949254 ) ) ;
#881 = EDGE_CURVE ( 'NONE', #953, #5570, #3138, .T. ) ;
#882 = DIRECTION ( 'NONE',  ( 0.000000000000000000, 0.000000000000000000, 1.000000000000000000 ) ) ;
#883 = CARTESIAN_POINT ( 'NONE',  ( -8.485281374238578422, -49.49747468305864828, -49.49747468305795906 ) ) ;
#884 = DIRECTION ( 'NONE',  ( -1.000000000000000000, 0.000000000000000000, 0.000000000000000000 ) ) ;
#885 = CARTESIAN_POINT ( 'NONE',  ( 0.000000000000000000, 18.47724704213510094, -29.36669147240789712 ) ) ;
#886 = ORIENTED_EDGE ( 'NONE', *, *, #2372, .T. ) ;
#887 = DIRECTION ( 'NONE',  ( 1.000000000000000000, 0.000000000000000000, 0.000000000000000000 ) ) ;
#888 = ORIENTED_EDGE ( 'NONE', *, *, #1320, .F. ) ;
#889 = EDGE_LOOP ( 'NONE', ( #5529, #1518, #3981, #2669 ) ) ;
#890 = FACE_OUTER_BOUND ( 'NONE', #7310, .T. ) ;
#891 = DIRECTION ( 'NONE',  ( 0.000000000000000000, 0.000000000000000000, -1.000000000000000000 ) ) ;
#892 = ADVANCED_FACE ( 'NONE', ( #7360 ), #4466, .F. ) ;
#893 = ORIENTED_EDGE ( 'NONE', *, *, #5153, .T. ) ;
#894 = AXIS2_PLACEMENT_3D ( 'NONE', #45, #9, #4515 ) ;
#895 = CYLINDRICAL_SURFACE ( 'NONE', #617, 3.033234194475112222 ) ;
#896 = CARTESIAN_POINT ( 'NONE',  ( 3.000000000000000000, 7.000000000000000000, -50.93157033242439979 ) ) ;
#897 = ORIENTED_EDGE ( 'NONE', *, *, #2552, .T. ) ;
#898 = AXIS2_PLACEMENT_3D ( 'NONE', #5466, #2060, #3876 ) ;
#900 = DIRECTION ( 'NONE',  ( 0.000000000000000000, -0.7076826485500040675, 0.7065304444546259832 ) ) ;
#899 = CIRCLE ( 'NONE', #4643, 1.250000000000001110 ) ;
#901 = CYLINDRICAL_SURFACE ( 'NONE', #1078, 2.999999999999999112 ) ;
#902 = CARTESIAN_POINT ( 'NONE',  ( 3.000000000000000000, 49.49747468305830722, 43.74747468305830722 ) ) ;
#903 = VECTOR ( 'NONE', #2851, 1000.000000000000000 ) ;
#904 = LINE ( 'NONE', #4764, #7074 ) ;
#905 = ORIENTED_EDGE ( 'NONE', *, *, #1976, .T. ) ;
#906 = ORIENTED_EDGE ( 'NONE', *, *, #4855, .T. ) ;
#907 = ORIENTED_EDGE ( 'NONE', *, *, #1440, .F. ) ;
#908 = ORIENTED_EDGE ( 'NONE', *, *, #6928, .F. ) ;
#909 = DIRECTION ( 'NONE',  ( 0.000000000000000000, 0.000000000000000000, 1.000000000000000000 ) ) ;
#910 = EDGE_CURVE ( 'NONE', #5566, #2983, #719, .T. ) ;
#911 = DIRECTION ( 'NONE',  ( 1.000000000000000000, 0.000000000000000000, 0.000000000000000000 ) ) ;
#912 = CARTESIAN_POINT ( 'NONE',  ( -17.00000000000000000, 49.49747468305830722, 44.99747468305830012 ) ) ;
#913 = EDGE_CURVE ( 'NONE', #7419, #2759, #3998, .T. ) ;
#914 = EDGE_LOOP ( 'NONE', ( #1030, #5365 ) ) ;
#915 = LINE ( 'NONE', #6679, #7064 ) ;
#916 = ORIENTED_EDGE ( 'NONE', *, *, #2731, .F. ) ;
#917 = ADVANCED_FACE ( 'NONE', ( #6822 ), #1700, .F. ) ;
#918 = ORIENTED_EDGE ( 'NONE', *, *, #5059, .T. ) ;
#919 = CARTESIAN_POINT ( 'NONE',  ( 3.149999999999996358, 43.32950521810273870, 48.56209539888318005 ) ) ;
#920 = DIRECTION ( 'NONE',  ( 1.000000000000000000, 0.000000000000000000, 0.000000000000000000 ) ) ;
#921 = DIRECTION ( 'NONE',  ( 0.000000000000000000, 0.7071067811865470176, -0.7071067811865480168 ) ) ;
#922 = VECTOR ( 'NONE', #6405, 1000.000000000000000 ) ;
#923 = DIRECTION ( 'NONE',  ( 1.000000000000000000, 0.000000000000000000, 0.000000000000000000 ) ) ;
#924 = AXIS2_PLACEMENT_3D ( 'NONE', #2200, #6823, #3372 ) ;
#925 = CYLINDRICAL_SURFACE ( 'NONE', #4639, 1.250000000000001110 ) ;
#926 = ORIENTED_EDGE ( 'NONE', *, *, #1715, .F. ) ;
#927 = CIRCLE ( 'NONE', #4187, 2.999999999999999112 ) ;
#928 = DIRECTION ( 'NONE',  ( 0.000000000000000000, 0.000000000000000000, -1.000000000000000000 ) ) ;
#929 = ORIENTED_EDGE ( 'NONE', *, *, #5530, .T. ) ;
#930 = VECTOR ( 'NONE', #6220, 1000.000000000000114 ) ;
#931 = DIRECTION ( 'NONE',  ( 1.000000000000000000, 0.000000000000000000, 0.000000000000000000 ) ) ;
#932 = AXIS2_PLACEMENT_3D ( 'NONE', #2500, #721, #4808 ) ;
#933 = CYLINDRICAL_SURFACE ( 'NONE', #5922, 1.250000000000001110 ) ;
#934 = ORIENTED_EDGE ( 'NONE', *, *, #3712, .T. ) ;
#935 = EDGE_CURVE ( 'NONE', #5904, #1071, #3383, .T. ) ;
#936 = DIRECTION ( 'NONE',  ( -1.000000000000000000, 0.000000000000000000, 0.000000000000000000 ) ) ;
#937 = AXIS2_PLACEMENT_3D ( 'NONE', #1780, #4540, #5840 ) ;
#938 = FACE_BOUND ( 'NONE', #3296, .T. ) ;
#939 = ORIENTED_EDGE ( 'NONE', *, *, #7122, .F. ) ;
#940 = EDGE_CURVE ( 'NONE', #5037, #5844, #1331, .T. ) ;
#941 = CARTESIAN_POINT ( 'NONE',  ( 0.000000000000000000, 14.76172929972859826, 19.99431948050905206 ) ) ;
#942 = CARTESIAN_POINT ( 'NONE',  ( 0.000000000000000000, -27.04060357798904946, -37.93004800826189893 ) ) ;
#943 = DIRECTION ( 'NONE',  ( 1.000000000000000000, 0.000000000000000000, 0.000000000000000000 ) ) ;
#944 = AXIS2_PLACEMENT_3D ( 'NONE', #3447, #2427, #6416 ) ;
#945 = ORIENTED_EDGE ( 'NONE', *, *, #4926, .T. ) ;
#946 = DIRECTION ( 'NONE',  ( 0.000000000000000000, 0.000000000000000000, 1.000000000000000000 ) ) ;
#947 = ORIENTED_EDGE ( 'NONE', *, *, #4861, .F. ) ;
#948 = ORIENTED_EDGE ( 'NONE', *, *, #4637, .F. ) ;
#949 = CARTESIAN_POINT ( 'NONE',  ( 3.000000000000000000, -49.49747468305830722, 49.49747468305830722 ) ) ;
#950 = AXIS2_PLACEMENT_3D ( 'NONE', #2854, #1082, #3919 ) ;
#951 = CARTESIAN_POINT ( 'NONE',  ( 3.000000000000000000, 19.99431948050905206, -14.76172929972859826 ) ) ;
#952 = DIRECTION ( 'NONE',  ( 1.000000000000000000, 0.000000000000000000, 0.000000000000000000 ) ) ;
#953 = VERTEX_POINT ( 'NONE', #28 ) ;
#954 = AXIS2_PLACEMENT_3D ( 'NONE', #1004, #394, #7184 ) ;
#955 = CARTESIAN_POINT ( 'NONE',  ( -17.00000000000000000, -53.99747468305869802, -50.74747468305790221 ) ) ;
#956 = ORIENTED_EDGE ( 'NONE', *, *, #1693, .T. ) ;
#957 = ORIENTED_EDGE ( 'NONE', *, *, #881, .F. ) ;
#958 = CARTESIAN_POINT ( 'NONE',  ( 0.000000000000000000, 9.332174861821640022, 12.63835602176123984 ) ) ;
#959 = AXIS2_PLACEMENT_3D ( 'NONE', #6219, #5078, #376 ) ;
#960 = EDGE_CURVE ( 'NONE', #5009, #4547, #1822, .T. ) ;
#961 = CARTESIAN_POINT ( 'NONE',  ( 0.000000000000000000, -15.00000000000000000, -17.25000000000000000 ) ) ;
#962 = FACE_BOUND ( 'NONE', #5578, .T. ) ;
#963 = CIRCLE ( 'NONE', #3749, 4.000000000000000000 ) ;
#964 = EDGE_CURVE ( 'NONE', #4327, #335, #5939, .T. ) ;
#965 = DIRECTION ( 'NONE',  ( 0.000000000000000000, 0.000000000000000000, -1.000000000000000000 ) ) ;
#966 = LINE ( 'NONE', #1459, #5746 ) ;
#967 = VERTEX_POINT ( 'NONE', #2987 ) ;
#968 = AXIS2_PLACEMENT_3D ( 'NONE', #6882, #4002, #2183 ) ;
#969 = DIRECTION ( 'NONE',  ( 1.000000000000000000, 0.000000000000000000, 0.000000000000000000 ) ) ;
#970 = CIRCLE ( 'NONE', #5576, 51.90408133456030271 ) ;
#971 = CARTESIAN_POINT ( 'NONE',  ( 0.000000000000000000, -49.49747468305790221, 43.74747468305885434 ) ) ;
#972 = ADVANCED_FACE ( 'NONE', ( #5913 ), #2344, .F. ) ;
#973 = VERTEX_POINT ( 'NONE', #4125 ) ;
#974 = CARTESIAN_POINT ( 'NONE',  ( -10.50000000000000000, -23.59999999999999787, 0.000000000000000000 ) ) ;
#975 = VERTEX_POINT ( 'NONE', #5190 ) ;
#976 = CARTESIAN_POINT ( 'NONE',  ( -7.156768276902879755, -49.49747468305790221, 44.99747468305884723 ) ) ;
#977 = ADVANCED_FACE ( 'NONE', ( #6440, #6933 ), #630, .T. ) ;
#978 = FACE_OUTER_BOUND ( 'NONE', #2265, .T. ) ;
#979 = CARTESIAN_POINT ( 'NONE',  ( 1.387778780781445991E-14, -9.332174861821640022, -11.46965711278945932 ) ) ;
#980 = VERTEX_POINT ( 'NONE', #2383 ) ;
#981 = DIRECTION ( 'NONE',  ( 1.000000000000000000, 0.000000000000000000, 0.000000000000000000 ) ) ;
#982 = VERTEX_POINT ( 'NONE', #7044 ) ;
#983 = VERTEX_POINT ( 'NONE', #3549 ) ;
#984 = DIRECTION ( 'NONE',  ( 1.000000000000000000, 0.000000000000000000, 0.000000000000000000 ) ) ;
#985 = CARTESIAN_POINT ( 'NONE',  ( 0.000000000000000000, 5.332174861821640022, -11.46965711278945932 ) ) ;
#986 = DIRECTION ( 'NONE',  ( 1.000000000000000000, 0.000000000000000000, 0.000000000000000000 ) ) ;
#987 =( BOUNDED_CURVE ( )  B_SPLINE_CURVE ( 3, ( #2387, #3442, #5768, #2917 ),
 .UNSPECIFIED., .F., .F. ) 
 B_SPLINE_CURVE_WITH_KNOTS ( ( 4, 4 ),
 ( 0.000000000000000000, 1.000000000000000000 ),
 .UNSPECIFIED. ) 
 CURVE ( )  GEOMETRIC_REPRESENTATION_ITEM ( )  RATIONAL_B_SPLINE_CURVE ( ( 0.9920926398447804662, 0.9920926398447804662, 0.9920926398447804662, 0.9920926398447803551 ) ) 
 REPRESENTATION_ITEM ( '' )  );
#988 = ORIENTED_EDGE ( 'NONE', *, *, #5594, .F. ) ;
#989 = CARTESIAN_POINT ( 'NONE',  ( -14.14213562373093858, 13.97093804329053413, 19.89295733572788194 ) ) ;
#990 = EDGE_LOOP ( 'NONE', ( #5001, #777, #2524, #1786 ) ) ;
#991 = ORIENTED_EDGE ( 'NONE', *, *, #1116, .T. ) ;
#992 = DIRECTION ( 'NONE',  ( 0.000000000000000000, 0.000000000000000000, -1.000000000000000000 ) ) ;
#993 = CARTESIAN_POINT ( 'NONE',  ( 3.000000000000000000, 44.99747468305814380, -50.74747468305849907 ) ) ;
#994 = LINE ( 'NONE', #3415, #6231 ) ;
#995 = FACE_OUTER_BOUND ( 'NONE', #2070, .T. ) ;
#996 = LINE ( 'NONE', #6723, #1760 ) ;
#997 = EDGE_CURVE ( 'NONE', #1439, #7135, #2412, .T. ) ;
#998 = LINE ( 'NONE', #3198, #3673 ) ;
#999 = ORIENTED_EDGE ( 'NONE', *, *, #7309, .T. ) ;
#1000 = LINE ( 'NONE', #1694, #4226 ) ;
#1001 = AXIS2_PLACEMENT_3D ( 'NONE', #7028, #3076, #6530 ) ;
#1002 = EDGE_CURVE ( 'NONE', #5414, #5540, #4017, .T. ) ;
#1003 = DIRECTION ( 'NONE',  ( 1.000000000000000000, 0.000000000000000000, 0.000000000000000000 ) ) ;
#1004 = CARTESIAN_POINT ( 'NONE',  ( -14.00000000000000000, -15.00000000000000000, 15.00000000000000000 ) ) ;
#1005 = VERTEX_POINT ( 'NONE', #3476 ) ;
#1006 = CARTESIAN_POINT ( 'NONE',  ( 0.000000000000000000, -15.00000000000000000, -15.00000000000000000 ) ) ;
#1007 = ADVANCED_FACE ( 'NONE', ( #667 ), #1212, .T. ) ;
#1008 = ORIENTED_EDGE ( 'NONE', *, *, #2256, .F. ) ;
#1009 = CARTESIAN_POINT ( 'NONE',  ( 2.999999999999999112, 9.332174861821640022, 8.638356021761239845 ) ) ;
#1010 = DIRECTION ( 'NONE',  ( 1.000000000000000000, 0.000000000000000000, 0.000000000000000000 ) ) ;
#1011 = VECTOR ( 'NONE', #3071, 1000.000000000000000 ) ;
#1012 = DIRECTION ( 'NONE',  ( 0.000000000000000000, 0.000000000000000000, -1.000000000000000000 ) ) ;
#1013 = ORIENTED_EDGE ( 'NONE', *, *, #3148, .T. ) ;
#1014 = CIRCLE ( 'NONE', #6713, 5.999999999999998224 ) ;
#1015 = EDGE_CURVE ( 'NONE', #7493, #4685, #5301, .T. ) ;
#1016 = VERTEX_POINT ( 'NONE', #1712 ) ;
#1017 = PRESENTATION_LAYER_ASSIGNMENT (  '', '', ( #1382 ) ) ;
#1018 = ORIENTED_EDGE ( 'NONE', *, *, #5704, .F. ) ;
#1019 = CIRCLE ( 'NONE', #6836, 2.999999999999999112 ) ;
#1020 = VERTEX_POINT ( 'NONE', #5805 ) ;
#1021 = DIRECTION ( 'NONE',  ( 1.000000000000000000, 0.000000000000000000, 0.000000000000000000 ) ) ;
#1022 = CYLINDRICAL_SURFACE ( 'NONE', #7387, 2.999999999999999112 ) ;
#1023 = FACE_OUTER_BOUND ( 'NONE', #7502, .T. ) ;
#1024 = CIRCLE ( 'NONE', #6234, 6.999999999999999112 ) ;
#1025 = CIRCLE ( 'NONE', #5260, 3.330726836203799834 ) ;
#1026 = ORIENTED_EDGE ( 'NONE', *, *, #1671, .T. ) ;
#1027 = EDGE_CURVE ( 'NONE', #425, #5541, #2178, .T. ) ;
#1028 = FACE_OUTER_BOUND ( 'NONE', #1884, .T. ) ;
#1029 = ORIENTED_EDGE ( 'NONE', *, *, #6560, .T. ) ;
#1030 = ORIENTED_EDGE ( 'NONE', *, *, #6393, .T. ) ;
#1031 = CARTESIAN_POINT ( 'NONE',  ( -17.00000000000000000, -53.99747468305869802, -49.49747468305790221 ) ) ;
#1032 = LINE ( 'NONE', #385, #2980 ) ;
#1033 = EDGE_CURVE ( 'NONE', #2844, #5271, #1746, .T. ) ;
#1034 = DIRECTION ( 'NONE',  ( -1.000000000000000000, -0.000000000000000000, -0.000000000000000000 ) ) ;
#1035 = DIRECTION ( 'NONE',  ( -1.000000000000000000, 0.000000000000000000, 0.000000000000000000 ) ) ;
#1036 = CARTESIAN_POINT ( 'NONE',  ( 3.150000000000000355, -48.56209539888306637, 43.32950521810258238 ) ) ;
#1037 = B_SPLINE_CURVE_WITH_KNOTS ( 'NONE', 3,
 ( #4370, #6648, #3239, #5557 ),
 .UNSPECIFIED., .F., .F.,
 ( 4, 4 ),
 ( 0.01279889791171039473, 0.01367546829245601912 ),
 .UNSPECIFIED. ) ;
#1038 = CARTESIAN_POINT ( 'NONE',  ( -10.50000000000000000, 23.59999999999999787, 9.108356170405180515E-15 ) ) ;
#1039 = ORIENTED_EDGE ( 'NONE', *, *, #683, .F. ) ;
#1040 = CARTESIAN_POINT ( 'NONE',  ( -0.9999999999999991118, 23.59999999999999787, -4.999999999999991118 ) ) ;
#1041 = B_SPLINE_CURVE_WITH_KNOTS ( 'NONE', 3,
 ( #1583, #6618, #2037, #2712 ),
 .UNSPECIFIED., .F., .F.,
 ( 4, 4 ),
 ( 0.000000000000000000, 1.000000000000000000 ),
 .UNSPECIFIED. ) ;
#1042 = AXIS2_PLACEMENT_3D ( 'NONE', #2144, #5714, #6919 ) ;
#1043 = DIRECTION ( 'NONE',  ( 1.000000000000000000, 0.000000000000000000, 0.000000000000000000 ) ) ;
#1044 = CARTESIAN_POINT ( 'NONE',  ( 0.000000000000000000, 22.80945901265407016, 7.795582449327556951 ) ) ;
#1045 = CARTESIAN_POINT ( 'NONE',  ( 3.149999999999997691, -43.32950521810253264, 48.56209539888302373 ) ) ;
#1046 = EDGE_LOOP ( 'NONE', ( #6829, #3772, #2993, #801 ) ) ;
#1047 = CARTESIAN_POINT ( 'NONE',  ( 0.000000000000000000, -26.42356509336774906, -41.17852215610570710 ) ) ;
#1048 = AXIS2_PLACEMENT_3D ( 'NONE', #3667, #2003, #210 ) ;
#1049 = AXIS2_PLACEMENT_3D ( 'NONE', #5806, #1824, #4126 ) ;
#1050 = ORIENTED_EDGE ( 'NONE', *, *, #683, .T. ) ;
#1051 = CARTESIAN_POINT ( 'NONE',  ( 3.000000000000000000, -53.99747468305779563, 49.49747468305890408 ) ) ;
#1052 = EDGE_CURVE ( 'NONE', #105, #1853, #6901, .T. ) ;
#1053 = VECTOR ( 'NONE', #2045, 1000.000000000000000 ) ;
#1054 = CARTESIAN_POINT ( 'NONE',  ( 20.00000000000000000, 29.11804763894784642, -40.00749206922064616 ) ) ;
#1055 = ADVANCED_FACE ( 'NONE', ( #555 ), #1782, .T. ) ;
#1056 = AXIS2_PLACEMENT_3D ( 'NONE', #6068, #4930, #258 ) ;
#1057 = CARTESIAN_POINT ( 'NONE',  ( 3.000000000000000000, 49.49747468305830722, 52.74747468305830012 ) ) ;
#1058 = EDGE_CURVE ( 'NONE', #2320, #6905, #871, .T. ) ;
#1059 = ORIENTED_EDGE ( 'NONE', *, *, #237, .T. ) ;
#1060 = CARTESIAN_POINT ( 'NONE',  ( 0.000000000000000000, 47.35404289052719662, 42.12145270974674816 ) ) ;
#1061 = ORIENTED_EDGE ( 'NONE', *, *, #6261, .F. ) ;
#1062 = ORIENTED_EDGE ( 'NONE', *, *, #3884, .F. ) ;
#1063 = DIRECTION ( 'NONE',  ( 0.000000000000000000, 0.000000000000000000, -1.000000000000000000 ) ) ;
#1064 = DIRECTION ( 'NONE',  ( 0.000000000000000000, 0.000000000000000000, -1.000000000000000000 ) ) ;
#1065 = CIRCLE ( 'NONE', #937, 1.250000000000001110 ) ;
#1066 = DIRECTION ( 'NONE',  ( 0.000000000000000000, 0.000000000000000000, -1.000000000000000000 ) ) ;
#1067 = EDGE_CURVE ( 'NONE', #140, #4136, #839, .T. ) ;
#1068 = VERTEX_POINT ( 'NONE', #4346 ) ;
#1069 = AXIS2_PLACEMENT_3D ( 'NONE', #805, #7174, #6156 ) ;
#1070 = CARTESIAN_POINT ( 'NONE',  ( 0.000000000000000000, 49.49747468305830722, 52.74747468305830012 ) ) ;
#1071 = VERTEX_POINT ( 'NONE', #822 ) ;
#1072 = ORIENTED_EDGE ( 'NONE', *, *, #6198, .T. ) ;
#1073 = LINE ( 'NONE', #6305, #1785 ) ;
#1074 = CARTESIAN_POINT ( 'NONE',  ( 0.000000000000000000, -57.03070887753381157, -49.49747468305820775 ) ) ;
#1075 = DIRECTION ( 'NONE',  ( 1.000000000000000000, 0.000000000000000000, 0.000000000000000000 ) ) ;
#1076 = FACE_BOUND ( 'NONE', #6149, .T. ) ;
#1077 = EDGE_CURVE ( 'NONE', #425, #1820, #744, .T. ) ;
#1078 = AXIS2_PLACEMENT_3D ( 'NONE', #5571, #6173, #2002 ) ;
#1079 = CYLINDRICAL_SURFACE ( 'NONE', #3206, 7.500000000000000000 ) ;
#1080 = FACE_OUTER_BOUND ( 'NONE', #3637, .T. ) ;
#1081 = ORIENTED_EDGE ( 'NONE', *, *, #378, .F. ) ;
#1082 = DIRECTION ( 'NONE',  ( 0.000000000000000000, -0.8426962598121399139, 0.5383892771022009693 ) ) ;
#1083 = CIRCLE ( 'NONE', #7016, 1.250000000000001110 ) ;
#1084 = DIRECTION ( 'NONE',  ( -1.000000000000000000, 0.000000000000000000, 0.000000000000000000 ) ) ;
#1085 = DIRECTION ( 'NONE',  ( 1.000000000000000000, 0.000000000000000000, 0.000000000000000000 ) ) ;
#1086 = FACE_OUTER_BOUND ( 'NONE', #4775, .T. ) ;
#1087 = ORIENTED_EDGE ( 'NONE', *, *, #1419, .F. ) ;
#1088 = AXIS2_PLACEMENT_3D ( 'NONE', #6689, #2519, #928 ) ;
#1089 = CARTESIAN_POINT ( 'NONE',  ( 2.049999999999998934, 43.32950521810229105, -48.56209539888275373 ) ) ;
#1090 = VECTOR ( 'NONE', #4878, 1000.000000000000000 ) ;
#1091 = VERTEX_POINT ( 'NONE', #3703 ) ;
#1092 = CARTESIAN_POINT ( 'NONE',  ( 0.000000000000000000, -49.49747468305790221, 44.99747468305884723 ) ) ;
#1093 = CARTESIAN_POINT ( 'NONE',  ( 2.999999999999999112, -13.35350086926485602, 22.82873173716461324 ) ) ;
#1094 = CARTESIAN_POINT ( 'NONE',  ( 0.000000000000000000, 7.347880794884119933E-15, -36.39999999999999858 ) ) ;
#1095 = ORIENTED_EDGE ( 'NONE', *, *, #5556, .T. ) ;
#1096 = ADVANCED_FACE ( 'NONE', ( #1315 ), #4918, .T. ) ;
#1097 = DIRECTION ( 'NONE',  ( 0.000000000000000000, 0.000000000000000000, -1.000000000000000000 ) ) ;
#1098 = VERTEX_POINT ( 'NONE', #1923 ) ;
#1099 = ORIENTED_EDGE ( 'NONE', *, *, #3003, .T. ) ;
#1100 = CARTESIAN_POINT ( 'NONE',  ( 0.000000000000000000, 44.99747468305814380, -49.49747468305849907 ) ) ;
#1101 = DIRECTION ( 'NONE',  ( 0.000000000000000000, 0.000000000000000000, -1.000000000000000000 ) ) ;
#1102 = CARTESIAN_POINT ( 'NONE',  ( 3.000000000000000000, -11.00000000000000000, -37.97687999291370176 ) ) ;
#1103 = EDGE_CURVE ( 'NONE', #2230, #3945, #1575, .T. ) ;
#1104 = ORIENTED_EDGE ( 'NONE', *, *, #6486, .F. ) ;
#1105 = DIRECTION ( 'NONE',  ( 1.000000000000000000, 0.000000000000000000, 0.000000000000000000 ) ) ;
#1106 = VERTEX_POINT ( 'NONE', #7154 ) ;
#1107 = ORIENTED_EDGE ( 'NONE', *, *, #6389, .T. ) ;
#1108 = CARTESIAN_POINT ( 'NONE',  ( 3.000000000000000888, -23.59999999999999787, 0.000000000000000000 ) ) ;
#1109 = CARTESIAN_POINT ( 'NONE',  ( 3.000000000000000000, 7.000000000000000000, -36.39999999999999858 ) ) ;
#1110 = EDGE_CURVE ( 'NONE', #7202, #5337, #5304, .T. ) ;
#1111 = DIRECTION ( 'NONE',  ( 1.000000000000000000, 0.000000000000000000, 0.000000000000000000 ) ) ;
#1112 = AXIS2_PLACEMENT_3D ( 'NONE', #5483, #4790, #7112 ) ;
#1113 = DIRECTION ( 'NONE',  ( 0.000000000000000000, 0.000000000000000000, -1.000000000000000000 ) ) ;
#1114 = CARTESIAN_POINT ( 'NONE',  ( 3.000000000000000888, -24.93751118143356393, 9.910149536689152328 ) ) ;
#1115 = ORIENTED_EDGE ( 'NONE', *, *, #6353, .F. ) ;
#1116 = EDGE_CURVE ( 'NONE', #3775, #982, #7194, .T. ) ;
#1117 = VECTOR ( 'NONE', #5871, 1000.000000000000000 ) ;
#1118 = CARTESIAN_POINT ( 'NONE',  ( 0.000000000000000000, -57.06990735657444702, -54.30119389361615134 ) ) ;
#1119 = CARTESIAN_POINT ( 'NONE',  ( 47.01946062897430068, 7.000000000000000000, -45.56515138991168357 ) ) ;
#1120 = DIRECTION ( 'NONE',  ( -1.000000000000000000, 0.000000000000000000, 0.000000000000000000 ) ) ;
#1121 = FACE_OUTER_BOUND ( 'NONE', #1401, .T. ) ;
#1122 = FACE_OUTER_BOUND ( 'NONE', #4314, .T. ) ;
#1123 = AXIS2_PLACEMENT_3D ( 'NONE', #87, #3568, #1340 ) ;
#1124 = EDGE_LOOP ( 'NONE', ( #6471, #1790, #1844, #5917 ) ) ;
#1125 = DIRECTION ( 'NONE',  ( 0.000000000000000000, 0.000000000000000000, -1.000000000000000000 ) ) ;
#1126 = ADVANCED_FACE ( 'NONE', ( #3134 ), #6094, .F. ) ;
#1127 = DIRECTION ( 'NONE',  ( -1.000000000000000000, 0.000000000000000000, 0.000000000000000000 ) ) ;
#1128 = FACE_OUTER_BOUND ( 'NONE', #2811, .T. ) ;
#1129 = ORIENTED_EDGE ( 'NONE', *, *, #1419, .T. ) ;
#1130 = DIRECTION ( 'NONE',  ( 1.000000000000000000, -0.000000000000000000, -0.000000000000000000 ) ) ;
#1131 = ORIENTED_EDGE ( 'NONE', *, *, #3701, .T. ) ;
#1132 = ORIENTED_EDGE ( 'NONE', *, *, #1681, .F. ) ;
#1133 = DIRECTION ( 'NONE',  ( 0.000000000000000000, 0.000000000000000000, 1.000000000000000000 ) ) ;
#1134 = CARTESIAN_POINT ( 'NONE',  ( 0.000000000000000000, 57.29768064699682384, -49.94734338944691387 ) ) ;
#1135 = VECTOR ( 'NONE', #4946, 1000.000000000000000 ) ;
#1136 = LINE ( 'NONE', #1713, #1165 ) ;
#1137 = ORIENTED_EDGE ( 'NONE', *, *, #5470, .F. ) ;
#1138 = DIRECTION ( 'NONE',  ( 0.000000000000000000, 0.000000000000000000, -1.000000000000000000 ) ) ;
#1139 = AXIS2_PLACEMENT_3D ( 'NONE', #3311, #272, #1578 ) ;
#1140 = CARTESIAN_POINT ( 'NONE',  ( -16.97056274847710000, -49.49747468305890408, -49.49747468305779563 ) ) ;
#1141 = ADVANCED_FACE ( 'NONE', ( #3785 ), #6057, .F. ) ;
#1142 = ORIENTED_EDGE ( 'NONE', *, *, #1704, .F. ) ;
#1143 = VERTEX_POINT ( 'NONE', #5367 ) ;
#1144 = CARTESIAN_POINT ( 'NONE',  ( 3.000000000000000000, -57.03070887753381157, -49.49747468305820775 ) ) ;
#1145 = DIRECTION ( 'NONE',  ( 0.000000000000000000, -0.9171302927353677248, 0.3985875388758894911 ) ) ;
#1146 = VECTOR ( 'NONE', #3276, 1000.000000000000000 ) ;
#1147 = EDGE_CURVE ( 'NONE', #1020, #6189, #1962, .T. ) ;
#1148 = CARTESIAN_POINT ( 'NONE',  ( 0.9499999999999999556, -50.25680310855020139, 43.54571693074325367 ) ) ;
#1149 = EDGE_CURVE ( 'NONE', #2499, #5167, #7078, .T. ) ;
#1150 = CARTESIAN_POINT ( 'NONE',  ( 47.01946062897430068, 34.22836213027332519, -42.14796473659463061 ) ) ;
#1151 = EDGE_CURVE ( 'NONE', #4596, #5036, #170, .T. ) ;
#1152 = ORIENTED_EDGE ( 'NONE', *, *, #6148, .T. ) ;
#1153 = CARTESIAN_POINT ( 'NONE',  ( 0.9499999999999997335, -48.56209539888263294, -43.32950521810208500 ) ) ;
#1154 = DIRECTION ( 'NONE',  ( -1.000000000000000000, 0.000000000000000000, 0.000000000000000000 ) ) ;
#1155 = LINE ( 'NONE', #3458, #5887 ) ;
#1156 = DIRECTION ( 'NONE',  ( 0.000000000000000000, 0.000000000000000000, -1.000000000000000000 ) ) ;
#1157 = DIRECTION ( 'NONE',  ( 1.000000000000000000, 0.000000000000000000, 0.000000000000000000 ) ) ;
#1158 = VECTOR ( 'NONE', #6805, 1000.000000000000000 ) ;
#1159 = ORIENTED_EDGE ( 'NONE', *, *, #1147, .T. ) ;
#1160 = CARTESIAN_POINT ( 'NONE',  ( 3.000000000000002665, 22.83626106214220641, -8.352646070663812594 ) ) ;
#1161 = DIRECTION ( 'NONE',  ( 0.000000000000000000, 0.7048556957872008644, 0.7093507229264949254 ) ) ;
#1162 = ADVANCED_FACE ( 'NONE', ( #4796 ), #4307, .F. ) ;
#1163 = AXIS2_PLACEMENT_3D ( 'NONE', #6078, #3726, #2099 ) ;
#1164 = CARTESIAN_POINT ( 'NONE',  ( 0.000000000000000000, 13.00000000000000000, -37.97687999291370176 ) ) ;
#1165 = VECTOR ( 'NONE', #1559, 1000.000000000000000 ) ;
#1166 = ORIENTED_EDGE ( 'NONE', *, *, #3844, .F. ) ;
#1167 = EDGE_CURVE ( 'NONE', #6492, #1928, #3180, .T. ) ;
#1168 = DIRECTION ( 'NONE',  ( 1.000000000000000000, 0.000000000000000000, 0.000000000000000000 ) ) ;
#1169 = ORIENTED_EDGE ( 'NONE', *, *, #3645, .T. ) ;
#1170 = ORIENTED_EDGE ( 'NONE', *, *, #7141, .F. ) ;
#1171 = DIRECTION ( 'NONE',  ( 1.000000000000000000, 0.000000000000000000, 0.000000000000000000 ) ) ;
#1172 = VECTOR ( 'NONE', #1161, 999.9999999999998863 ) ;
#1173 = DIRECTION ( 'NONE',  ( 1.000000000000000000, 0.000000000000000000, 0.000000000000000000 ) ) ;
#1174 = CARTESIAN_POINT ( 'NONE',  ( 0.000000000000000000, -53.99747468305869802, -50.74747468305790221 ) ) ;
#1175 = AXIS2_PLACEMENT_3D ( 'NONE', #4102, #4397, #2544 ) ;
#1176 = CIRCLE ( 'NONE', #2026, 1.250000000000001110 ) ;
#1177 = ORIENTED_EDGE ( 'NONE', *, *, #5619, .T. ) ;
#1178 = DIRECTION ( 'NONE',  ( 1.000000000000000000, 0.000000000000000000, 0.000000000000000000 ) ) ;
#1179 = DIRECTION ( 'NONE',  ( 1.000000000000000000, 0.000000000000000000, 0.000000000000000000 ) ) ;
#1180 = ORIENTED_EDGE ( 'NONE', *, *, #1750, .F. ) ;
#1181 = ORIENTED_EDGE ( 'NONE', *, *, #6408, .T. ) ;
#1182 = AXIS2_PLACEMENT_3D ( 'NONE', #2236, #5543, #5582 ) ;
#1183 = CARTESIAN_POINT ( 'NONE',  ( 1.499999999999997780, -19.96288625273713180, -14.24059142799416122 ) ) ;
#1184 = FACE_OUTER_BOUND ( 'NONE', #1862, .T. ) ;
#1185 = CARTESIAN_POINT ( 'NONE',  ( 0.000000000000000000, -49.49747468305777431, 46.99747468305881881 ) ) ;
#1186 = DIRECTION ( 'NONE',  ( 0.000000000000000000, 0.000000000000000000, 1.000000000000000000 ) ) ;
#1187 = LINE ( 'NONE', #1652, #5495 ) ;
#1188 = ORIENTED_EDGE ( 'NONE', *, *, #4800, .T. ) ;
#1189 = ADVANCED_FACE ( 'NONE', ( #2532 ), #7176, .F. ) ;
#1190 = CARTESIAN_POINT ( 'NONE',  ( -0.1500000000000024925, 47.35404289052780058, -42.12145270974739475 ) ) ;
#1191 = LINE ( 'NONE', #6843, #751 ) ;
#1193 = CARTESIAN_POINT ( 'NONE',  ( 0.000000000000000000, 49.49747468305830722, 44.99747468305830012 ) ) ;
#1192 = AXIS2_PLACEMENT_3D ( 'NONE', #1227, #2931, #5243 ) ;
#1194 = CARTESIAN_POINT ( 'NONE',  ( 3.000000000000000000, -42.38252081524426274, -47.63019091470632560 ) ) ;
#1195 = EDGE_CURVE ( 'NONE', #2684, #5009, #5984, .T. ) ;
#1196 = CARTESIAN_POINT ( 'NONE',  ( 0.000000000000000000, -11.00000000000000000, -37.45125332860914824 ) ) ;
#1197 = CIRCLE ( 'NONE', #2166, 3.000000000000002665 ) ;
#1198 = ORIENTED_EDGE ( 'NONE', *, *, #2439, .T. ) ;
#1199 = CARTESIAN_POINT ( 'NONE',  ( 3.000000000000000000, -49.49747468305790221, 44.99747468305884723 ) ) ;
#1200 = CIRCLE ( 'NONE', #2528, 1.250000000000001110 ) ;
#1201 = EDGE_CURVE ( 'NONE', #3397, #6356, #5209, .T. ) ;
#1202 = DIRECTION ( 'NONE',  ( 0.000000000000000000, 0.000000000000000000, 1.000000000000000000 ) ) ;
#1203 = AXIS2_PLACEMENT_3D ( 'NONE', #773, #2522, #4831 ) ;
#1204 = AXIS2_PLACEMENT_3D ( 'NONE', #4722, #3022, #4651 ) ;
#1205 = CARTESIAN_POINT ( 'NONE',  ( -7.156768276902879755, 49.49747468305810116, -44.99747468305849196 ) ) ;
#1206 = ORIENTED_EDGE ( 'NONE', *, *, #5918, .F. ) ;
#1207 = CARTESIAN_POINT ( 'NONE',  ( 0.000000000000000000, 0.000000000000000000, 0.000000000000000000 ) ) ;
#1208 = ORIENTED_EDGE ( 'NONE', *, *, #1201, .F. ) ;
#1209 = EDGE_CURVE ( 'NONE', #3646, #983, #3575, .T. ) ;
#1210 = ORIENTED_EDGE ( 'NONE', *, *, #1067, .F. ) ;
#1211 = DIRECTION ( 'NONE',  ( 1.000000000000000000, 0.000000000000000000, 0.000000000000000000 ) ) ;
#1212 = PLANE ( 'NONE',  #1204 ) ;
#1213 = DIRECTION ( 'NONE',  ( 0.000000000000000000, 0.000000000000000000, -1.000000000000000000 ) ) ;
#1214 = LINE ( 'NONE', #2385, #2374 ) ;
#1215 = ORIENTED_EDGE ( 'NONE', *, *, #5266, .F. ) ;
#1216 = DIRECTION ( 'NONE',  ( 0.000000000000000000, -2.664535259100375303E-15, 1.000000000000000000 ) ) ;
#1217 = FACE_OUTER_BOUND ( 'NONE', #2432, .T. ) ;
#1218 = ORIENTED_EDGE ( 'NONE', *, *, #2282, .F. ) ;
#1219 = VECTOR ( 'NONE', #3183, 1000.000000000000000 ) ;
#1220 = VERTEX_POINT ( 'NONE', #5747 ) ;
#1221 = LINE ( 'NONE', #1757, #4679 ) ;
#1222 = DIRECTION ( 'NONE',  ( 0.000000000000000000, 0.000000000000000000, -1.000000000000000000 ) ) ;
#1223 = DIRECTION ( 'NONE',  ( 0.000000000000000000, 0.000000000000000000, -1.000000000000000000 ) ) ;
#1224 = VERTEX_POINT ( 'NONE', #505 ) ;
#1225 = CARTESIAN_POINT ( 'NONE',  ( 3.000000000000000000, 42.30031454084590337, -47.54235134132120066 ) ) ;
#1226 = ORIENTED_EDGE ( 'NONE', *, *, #7317, .F. ) ;
#1227 = CARTESIAN_POINT ( 'NONE',  ( -17.00000000000000000, -53.99747468305779563, 49.49747468305890408 ) ) ;
#1228 = CARTESIAN_POINT ( 'NONE',  ( 0.000000000000000000, -53.99747468305869802, -48.24747468305790221 ) ) ;
#1229 = CARTESIAN_POINT ( 'NONE',  ( 3.000000000000000000, -49.49747468305869802, -52.74747468305789511 ) ) ;
#1230 = ADVANCED_FACE ( 'NONE', ( #6313 ), #1730, .F. ) ;
#1231 = AXIS2_PLACEMENT_3D ( 'NONE', #3662, #6580, #1428 ) ;
#1232 = DIRECTION ( 'NONE',  ( 1.000000000000000000, 0.000000000000000000, 0.000000000000000000 ) ) ;
#1233 = EDGE_CURVE ( 'NONE', #6319, #3546, #4506, .T. ) ;
#1234 = ORIENTED_EDGE ( 'NONE', *, *, #3840, .F. ) ;
#1235 = DIRECTION ( 'NONE',  ( -1.000000000000000000, 0.000000000000000000, 0.000000000000000000 ) ) ;
#1236 = DIRECTION ( 'NONE',  ( 1.000000000000000000, 0.000000000000000000, 0.000000000000000000 ) ) ;
#1237 = EDGE_CURVE ( 'NONE', #2801, #3909, #13, .T. ) ;
#1238 = CARTESIAN_POINT ( 'NONE',  ( 0.000000000000000000, 52.78777523665349491, 44.48011260054779825 ) ) ;
#1239 = EDGE_CURVE ( 'NONE', #6750, #119, #6330, .T. ) ;
#1240 = CARTESIAN_POINT ( 'NONE',  ( 2.382693565965004812, 28.53655644434144989, 33.79161050105770414 ) ) ;
#1241 = EDGE_LOOP ( 'NONE', ( #6572, #6254, #3359, #3597 ) ) ;
#1242 = ORIENTED_EDGE ( 'NONE', *, *, #261, .F. ) ;
#1243 = DIRECTION ( 'NONE',  ( 0.000000000000000000, -0.3985875388758894355, -0.9171302927353677248 ) ) ;
#1244 = DIRECTION ( 'NONE',  ( 0.000000000000000000, 0.000000000000000000, -1.000000000000000000 ) ) ;
#1245 = AXIS2_PLACEMENT_3D ( 'NONE', #6585, #3666, #4840 ) ;
#1246 = CARTESIAN_POINT ( 'NONE',  ( 0.000000000000000000, -15.00000000000000000, -15.00000000000000000 ) ) ;
#1247 = CARTESIAN_POINT ( 'NONE',  ( 13.59999999999999964, -23.59999999999999787, 0.000000000000000000 ) ) ;
#1248 = ORIENTED_EDGE ( 'NONE', *, *, #2372, .F. ) ;
#1249 = CARTESIAN_POINT ( 'NONE',  ( 3.000000000000002665, -20.41105878441630495, 10.20927782830504249 ) ) ;
#1250 = VERTEX_POINT ( 'NONE', #4003 ) ;
#1251 = ORIENTED_EDGE ( 'NONE', *, *, #355, .T. ) ;
#1252 = DIRECTION ( 'NONE',  ( 0.000000000000000000, 0.9171302927353677248, -0.3985875388758894911 ) ) ;
#1253 = CARTESIAN_POINT ( 'NONE',  ( 2.999999999999999112, 9.332174861821640022, 12.63835602176123984 ) ) ;
#1254 = CARTESIAN_POINT ( 'NONE',  ( 0.000000000000000000, 15.00000000000000000, 15.00000000000000000 ) ) ;
#1255 = VECTOR ( 'NONE', #462, 1000.000000000000000 ) ;
#1256 = VERTEX_POINT ( 'NONE', #4035 ) ;
#1257 = ADVANCED_FACE ( 'NONE', ( #6349 ), #538, .F. ) ;
#1258 = DIRECTION ( 'NONE',  ( 0.000000000000000000, 0.000000000000000000, -1.000000000000000000 ) ) ;
#1259 = VERTEX_POINT ( 'NONE', #6953 ) ;
#1260 = CIRCLE ( 'NONE', #7068, 1.250000000000001110 ) ;
#1261 = EDGE_CURVE ( 'NONE', #5540, #3312, #4388, .T. ) ;
#1262 = CARTESIAN_POINT ( 'NONE',  ( 0.000000000000000000, -49.49747468305777431, 49.49747468305882592 ) ) ;
#1263 = AXIS2_PLACEMENT_3D ( 'NONE', #149, #6522, #7054 ) ;
#1264 = DIRECTION ( 'NONE',  ( 1.000000000000000000, -0.000000000000000000, -0.000000000000000000 ) ) ;
#1265 = DIRECTION ( 'NONE',  ( 0.000000000000000000, 0.000000000000000000, -1.000000000000000000 ) ) ;
#1266 = AXIS2_PLACEMENT_3D ( 'NONE', #748, #787, #5338 ) ;
#1267 = VECTOR ( 'NONE', #6017, 1000.000000000000000 ) ;
#1268 = CARTESIAN_POINT ( 'NONE',  ( 2.050000000000000266, 50.25680310855020139, 43.54571693074304761 ) ) ;
#1269 = VERTEX_POINT ( 'NONE', #5785 ) ;
#1270 = DIRECTION ( 'NONE',  ( -1.000000000000000000, 0.000000000000000000, 0.000000000000000000 ) ) ;
#1271 = FACE_OUTER_BOUND ( 'NONE', #273, .T. ) ;
#1272 = CARTESIAN_POINT ( 'NONE',  ( 3.000000000000000000, -49.49747468305779563, 52.74747468305889697 ) ) ;
#1273 = CARTESIAN_POINT ( 'NONE',  ( -10.54965975761836283, 57.03070887753347051, 49.49747468305820064 ) ) ;
#1274 = EDGE_LOOP ( 'NONE', ( #4610, #3755, #5224, #5637 ) ) ;
#1275 = EDGE_CURVE ( 'NONE', #4248, #3338, #4145, .T. ) ;
#1276 = EDGE_LOOP ( 'NONE', ( #7323, #3244, #4201, #2725 ) ) ;
#1277 = FACE_OUTER_BOUND ( 'NONE', #3034, .T. ) ;
#1278 = DIRECTION ( 'NONE',  ( 1.000000000000000000, 0.000000000000000000, 0.000000000000000000 ) ) ;
#1279 = AXIS2_PLACEMENT_3D ( 'NONE', #785, #5412, #4798 ) ;
#1280 = CARTESIAN_POINT ( 'NONE',  ( -17.00000000000000000, 44.99747468305814380, -49.49747468305849907 ) ) ;
#1281 = CYLINDRICAL_SURFACE ( 'NONE', #3344, 3.000000000000000000 ) ;
#1282 = EDGE_CURVE ( 'NONE', #4123, #5587, #4073, .T. ) ;
#1283 = CIRCLE ( 'NONE', #4674, 6.000000000000000888 ) ;
#1284 = EDGE_LOOP ( 'NONE', ( #3104, #1622, #5418, #5314 ) ) ;
#1285 = DIRECTION ( 'NONE',  ( 0.000000000000000000, 0.000000000000000000, 1.000000000000000000 ) ) ;
#1286 = AXIS2_PLACEMENT_3D ( 'NONE', #6780, #1010, #289 ) ;
#1287 = ORIENTED_EDGE ( 'NONE', *, *, #532, .F. ) ;
#1288 = ORIENTED_EDGE ( 'NONE', *, *, #4012, .F. ) ;
#1289 = DIRECTION ( 'NONE',  ( -1.000000000000000000, 0.000000000000000000, 0.000000000000000000 ) ) ;
#1290 = CIRCLE ( 'NONE', #5535, 2.000000000000001776 ) ;
#1291 = DIRECTION ( 'NONE',  ( -1.000000000000000000, 0.000000000000000000, 0.000000000000000000 ) ) ;
#1292 = DIRECTION ( 'NONE',  ( 0.000000000000000000, 0.000000000000000000, 1.000000000000000000 ) ) ;
#1293 = EDGE_CURVE ( 'NONE', #2151, #6820, #1191, .T. ) ;
#1294 = ORIENTED_EDGE ( 'NONE', *, *, #6476, .T. ) ;
#1295 = CARTESIAN_POINT ( 'NONE',  ( -14.14213562373093858, 22.82873173716461324, -13.35350086926485602 ) ) ;
#1296 = VECTOR ( 'NONE', #3370, 1000.000000000000000 ) ;
#1297 = EDGE_LOOP ( 'NONE', ( #4966, #3386, #5223, #277 ) ) ;
#1298 = EDGE_CURVE ( 'NONE', #5767, #5580, #4628, .T. ) ;
#1299 = ORIENTED_EDGE ( 'NONE', *, *, #6216, .T. ) ;
#1300 = CARTESIAN_POINT ( 'NONE',  ( 3.149999999999999911, 50.25680310855029376, -43.54571693074365157 ) ) ;
#1301 = ADVANCED_FACE ( 'NONE', ( #6884 ), #3389, .T. ) ;
#1302 = CARTESIAN_POINT ( 'NONE',  ( 2.999999999999999112, -13.35739020882256689, 19.72248166475297637 ) ) ;
#1303 = DIRECTION ( 'NONE',  ( 0.000000000000000000, 0.7048556957872008644, -0.7093507229264949254 ) ) ;
#1304 = CIRCLE ( 'NONE', #2879, 3.000000000000002665 ) ;
#1305 = CARTESIAN_POINT ( 'NONE',  ( 0.000000000000000000, 54.30119389361661320, -57.06990735657394964 ) ) ;
#1306 = AXIS2_PLACEMENT_3D ( 'NONE', #3193, #3236, #2630 ) ;
#1307 = AXIS2_PLACEMENT_3D ( 'NONE', #6842, #3421, #391 ) ;
#1308 = VERTEX_POINT ( 'NONE', #6918 ) ;
#1309 = DIRECTION ( 'NONE',  ( 0.000000000000000000, 0.000000000000000000, 1.000000000000000000 ) ) ;
#1310 = CARTESIAN_POINT ( 'NONE',  ( -14.00000000000000000, 15.00000000000000000, -12.75000000000000000 ) ) ;
#1311 = PLANE ( 'NONE',  #254 ) ;
#1312 = FACE_BOUND ( 'NONE', #4795, .T. ) ;
#1313 = VERTEX_POINT ( 'NONE', #467 ) ;
#1314 = DIRECTION ( 'NONE',  ( 0.000000000000000000, -0.7071067811865475727, 0.7071067811865475727 ) ) ;
#1315 = FACE_OUTER_BOUND ( 'NONE', #2839, .T. ) ;
#1316 = CIRCLE ( 'NONE', #3136, 5.000000000000000888 ) ;
#1317 = FACE_OUTER_BOUND ( 'NONE', #4826, .T. ) ;
#1318 = DIRECTION ( 'NONE',  ( 0.000000000000000000, 0.000000000000000000, -1.000000000000000000 ) ) ;
#1319 = ORIENTED_EDGE ( 'NONE', *, *, #3616, .T. ) ;
#1320 = EDGE_CURVE ( 'NONE', #5718, #7033, #327, .T. ) ;
#1321 = FACE_OUTER_BOUND ( 'NONE', #3564, .T. ) ;
#1322 = ORIENTED_EDGE ( 'NONE', *, *, #4150, .F. ) ;
#1323 = AXIS2_PLACEMENT_3D ( 'NONE', #5745, #969, #6200 ) ;
#1324 = VERTEX_POINT ( 'NONE', #7416 ) ;
#1325 = AXIS2_PLACEMENT_3D ( 'NONE', #3941, #1598, #2766 ) ;
#1326 = ORIENTED_EDGE ( 'NONE', *, *, #4701, .T. ) ;
#1327 = CARTESIAN_POINT ( 'NONE',  ( 3.000000000000020872, -28.66191987541301955, 33.94918807451070819 ) ) ;
#1328 = EDGE_CURVE ( 'NONE', #5942, #153, #5097, .T. ) ;
#1329 = LINE ( 'NONE', #7286, #6788 ) ;
#1330 = VECTOR ( 'NONE', #4647, 1000.000000000000000 ) ;
#1331 = B_SPLINE_CURVE_WITH_KNOTS ( 'NONE', 3,
 ( #1134, #102, #4616, #2418 ),
 .UNSPECIFIED., .F., .F.,
 ( 4, 4 ),
 ( 0.03007648256163745690, 1.000000000000000222 ),
 .UNSPECIFIED. ) ;
#1332 = CARTESIAN_POINT ( 'NONE',  ( 3.000000000000000888, -2.701750790494729805E-16, 29.30614694161269895 ) ) ;
#1333 = VERTEX_POINT ( 'NONE', #5713 ) ;
#1334 = CYLINDRICAL_SURFACE ( 'NONE', #1377, 2.999999999999999112 ) ;
#1335 = EDGE_LOOP ( 'NONE', ( #2009, #2833 ) ) ;
#1336 = EDGE_CURVE ( 'NONE', #2111, #3646, #270, .T. ) ;
#1337 = ORIENTED_EDGE ( 'NONE', *, *, #5625, .F. ) ;
#1338 = CARTESIAN_POINT ( 'NONE',  ( 0.9499999999999988454, 43.32950521810273870, 48.56209539888318005 ) ) ;
#1339 = B_SPLINE_SURFACE_WITH_KNOTS ( 'NONE', 3, 1, ( 
 ( #6381, #3452 ),
 ( #5778, #569 ),
 ( #2889, #7410 ),
 ( #5204, #714 ) ),
 .UNSPECIFIED., .F., .F., .F.,
 ( 4, 4 ),
 ( 2, 2 ),
 ( 0.03007648256163745690, 1.000000000000000000 ),
 ( 0.000000000000000000, 1.000000000000000000 ),
 .UNSPECIFIED. ) ;
#1340 = DIRECTION ( 'NONE',  ( 0.000000000000000000, 0.000000000000000000, -1.000000000000000000 ) ) ;
#1341 = CARTESIAN_POINT ( 'NONE',  ( 3.000000000000000000, -49.94734338944711283, -57.29768064699666041 ) ) ;
#1342 = EDGE_CURVE ( 'NONE', #699, #6396, #2471, .T. ) ;
#1343 = CARTESIAN_POINT ( 'NONE',  ( -0.1500000000000009659, 48.56209539888296689, 43.32950521810243316 ) ) ;
#1344 = VERTEX_POINT ( 'NONE', #1228 ) ;
#1345 = DIRECTION ( 'NONE',  ( 0.000000000000000000, 0.000000000000000000, -1.000000000000000000 ) ) ;
#1346 = ORIENTED_EDGE ( 'NONE', *, *, #3279, .F. ) ;
#1347 = DIRECTION ( 'NONE',  ( -1.000000000000000000, 0.000000000000000000, 0.000000000000000000 ) ) ;
#1348 = FACE_OUTER_BOUND ( 'NONE', #3000, .T. ) ;
#1349 = CIRCLE ( 'NONE', #6553, 44.22904016544200090 ) ;
#1350 = CARTESIAN_POINT ( 'NONE',  ( 0.000000000000000000, 49.49747468305812959, -49.49747468305847775 ) ) ;
#1351 = FACE_BOUND ( 'NONE', #240, .T. ) ;
#1352 = VERTEX_POINT ( 'NONE', #3611 ) ;
#1353 = FACE_OUTER_BOUND ( 'NONE', #5120, .T. ) ;
#1354 = EDGE_CURVE ( 'NONE', #4425, #425, #6211, .T. ) ;
#1355 = CARTESIAN_POINT ( 'NONE',  ( 32.59999999999999432, 5.332174861821640022, 8.638356021761239845 ) ) ;
#1356 = DIRECTION ( 'NONE',  ( 0.000000000000000000, -0.4916668203100939549, -0.8707834046455878996 ) ) ;
#1357 = CARTESIAN_POINT ( 'NONE',  ( -10.54965975761836283, 49.94734338944670782, 57.29768064699699437 ) ) ;
#1358 = ORIENTED_EDGE ( 'NONE', *, *, #781, .T. ) ;
#1359 = DIRECTION ( 'NONE',  ( 0.000000000000000000, -1.000000000000000000, 0.000000000000000000 ) ) ;
#1360 = ORIENTED_EDGE ( 'NONE', *, *, #5170, .F. ) ;
#1361 = EDGE_LOOP ( 'NONE', ( #6555, #5342, #5082, #5157 ) ) ;
#1362 = VERTEX_POINT ( 'NONE', #2401 ) ;
#1363 = VECTOR ( 'NONE', #1656, 1000.000000000000000 ) ;
#1364 = ORIENTED_EDGE ( 'NONE', *, *, #3804, .F. ) ;
#1365 = FACE_OUTER_BOUND ( 'NONE', #4700, .T. ) ;
#1366 = CARTESIAN_POINT ( 'NONE',  ( 0.000000000000000000, -13.00000000000000000, -46.83172803104510251 ) ) ;
#1367 = CARTESIAN_POINT ( 'NONE',  ( 3.000000000000000000, -26.42356509336774906, -41.17852215610570710 ) ) ;
#1368 = ORIENTED_EDGE ( 'NONE', *, *, #5644, .F. ) ;
#1369 = ADVANCED_FACE ( 'NONE', ( #1871 ), #5284, .F. ) ;
#1370 = CARTESIAN_POINT ( 'NONE',  ( 3.000000000000000000, -42.24282625719477835, 47.47856531120685020 ) ) ;
#1371 = VERTEX_POINT ( 'NONE', #693 ) ;
#1372 = ORIENTED_EDGE ( 'NONE', *, *, #3083, .F. ) ;
#1373 = DIRECTION ( 'NONE',  ( 0.000000000000000000, 0.000000000000000000, 1.000000000000000000 ) ) ;
#1374 = EDGE_CURVE ( 'NONE', #3990, #1645, #1735, .T. ) ;
#1375 = CARTESIAN_POINT ( 'NONE',  ( 0.000000000000000000, -42.12145270974760081, -47.35404289052809901 ) ) ;
#1376 = DIRECTION ( 'NONE',  ( 0.000000000000000000, 0.000000000000000000, -1.000000000000000000 ) ) ;
#1377 = AXIS2_PLACEMENT_3D ( 'NONE', #1295, #151, #2466 ) ;
#1378 = ADVANCED_FACE ( 'NONE', ( #3535 ), #4708, .F. ) ;
#1379 = ADVANCED_FACE ( 'NONE', ( #5387 ), #3650, .T. ) ;
#1380 = DIRECTION ( 'NONE',  ( 1.000000000000000000, -0.000000000000000000, 0.000000000000000000 ) ) ;
#1381 = ORIENTED_EDGE ( 'NONE', *, *, #6403, .T. ) ;
#1382 = STYLED_ITEM ( 'NONE', ( #1688 ), #1627 ) ;
#1383 = AXIS2_PLACEMENT_3D ( 'NONE', #7376, #2636, #4371 ) ;
#1384 = CARTESIAN_POINT ( 'NONE',  ( 20.00000000000000000, -16.61578321113874779, -27.50522764141160081 ) ) ;
#1385 = VERTEX_POINT ( 'NONE', #6567 ) ;
#1386 = FACE_OUTER_BOUND ( 'NONE', #5912, .T. ) ;
#1387 = AXIS2_PLACEMENT_3D ( 'NONE', #2203, #4507, #6370 ) ;
#1388 = DIRECTION ( 'NONE',  ( 0.000000000000000000, -0.7065304444546279816, -0.7076826485500021802 ) ) ;
#1389 = EDGE_CURVE ( 'NONE', #5933, #1737, #5211, .T. ) ;
#1390 = ORIENTED_EDGE ( 'NONE', *, *, #7116, .F. ) ;
#1391 = CARTESIAN_POINT ( 'NONE',  ( 3.000000000000000000, -47.54235134132130014, -42.30031454084590337 ) ) ;
#1392 = DIRECTION ( 'NONE',  ( 1.000000000000000000, 0.000000000000000000, 0.000000000000000000 ) ) ;
#1393 = ORIENTED_EDGE ( 'NONE', *, *, #4176, .F. ) ;
#1394 = DIRECTION ( 'NONE',  ( 0.000000000000000000, 0.7071067811865474617, -0.7071067811865474617 ) ) ;
#1395 = CARTESIAN_POINT ( 'NONE',  ( 1.000000000000000000, -42.12145270974695421, 47.35404289052740268 ) ) ;
#1396 = EDGE_CURVE ( 'NONE', #3473, #4747, #3907, .T. ) ;
#1397 = DIRECTION ( 'NONE',  ( -1.000000000000000000, 0.000000000000000000, 0.000000000000000000 ) ) ;
#1398 = DIRECTION ( 'NONE',  ( 0.000000000000000000, 0.000000000000000000, -1.000000000000000000 ) ) ;
#1399 = ORIENTED_EDGE ( 'NONE', *, *, #2768, .T. ) ;
#1400 = ORIENTED_EDGE ( 'NONE', *, *, #2907, .F. ) ;
#1401 = EDGE_LOOP ( 'NONE', ( #4983, #3936, #1554, #7208 ) ) ;
#1402 = ORIENTED_EDGE ( 'NONE', *, *, #5603, .F. ) ;
#1403 = CARTESIAN_POINT ( 'NONE',  ( 5.735937487590669903, -30.92220079133394961, 36.18276417036614845 ) ) ;
#1404 =( GEOMETRIC_REPRESENTATION_CONTEXT ( 3 ) GLOBAL_UNCERTAINTY_ASSIGNED_CONTEXT ( ( #3657 ) ) GLOBAL_UNIT_ASSIGNED_CONTEXT ( ( #4377, #319, #3166 ) ) REPRESENTATION_CONTEXT ( 'NONE', 'WORKASPACE' ) );
#1405 = CARTESIAN_POINT ( 'NONE',  ( 0.000000000000000000, 53.99747468305810116, -49.49747468305849907 ) ) ;
#1406 = CARTESIAN_POINT ( 'NONE',  ( 3.000000000000000000, -13.00000000000000000, -37.97687999291370176 ) ) ;
#1407 = ORIENTED_EDGE ( 'NONE', *, *, #3986, .T. ) ;
#1408 = CIRCLE ( 'NONE', #5392, 4.000000000000000000 ) ;
#1409 = DIRECTION ( 'NONE',  ( -1.000000000000000000, 0.000000000000000000, 0.000000000000000000 ) ) ;
#1410 = ORIENTED_EDGE ( 'NONE', *, *, #4855, .F. ) ;
#1411 = VECTOR ( 'NONE', #5151, 1000.000000000000000 ) ;
#1412 = ORIENTED_EDGE ( 'NONE', *, *, #5178, .F. ) ;
#1413 = FACE_OUTER_BOUND ( 'NONE', #2033, .T. ) ;
#1414 = AXIS2_PLACEMENT_3D ( 'NONE', #7080, #1888, #4195 ) ;
#1415 = DIRECTION ( 'NONE',  ( -1.000000000000000000, 0.000000000000000000, 0.000000000000000000 ) ) ;
#1416 = CARTESIAN_POINT ( 'NONE',  ( 0.000000000000000000, -11.25843319070881954, -36.99354635229349952 ) ) ;
#1417 = AXIS2_PLACEMENT_3D ( 'NONE', #1907, #6875, #5551 ) ;
#1418 = CARTESIAN_POINT ( 'NONE',  ( -0.9999999999999991118, 7.960204194457797252E-15, -31.40000000000000568 ) ) ;
#1419 = EDGE_CURVE ( 'NONE', #118, #3761, #3538, .T. ) ;
#1420 = ORIENTED_EDGE ( 'NONE', *, *, #5449, .F. ) ;
#1421 = DIRECTION ( 'NONE',  ( -1.000000000000000000, -0.000000000000000000, -0.000000000000000000 ) ) ;
#1422 = ORIENTED_EDGE ( 'NONE', *, *, #1584, .F. ) ;
#1423 = VERTEX_POINT ( 'NONE', #1302 ) ;
#1424 = AXIS2_PLACEMENT_3D ( 'NONE', #2276, #2985, #1133 ) ;
#1425 = EDGE_CURVE ( 'NONE', #2058, #5233, #5353, .T. ) ;
#1426 = CARTESIAN_POINT ( 'NONE',  ( 20.00000000000000000, -13.00000000000000000, -44.83172803104509541 ) ) ;
#1427 = CARTESIAN_POINT ( 'NONE',  ( 2.999999999999999112, 13.97093804329053413, 19.89295733572787839 ) ) ;
#1428 = DIRECTION ( 'NONE',  ( -1.000000000000000000, 0.000000000000000000, 0.000000000000000000 ) ) ;
#1429 = DIRECTION ( 'NONE',  ( 1.000000000000000000, -0.000000000000000000, -0.000000000000000000 ) ) ;
#1430 = EDGE_CURVE ( 'NONE', #2678, #1224, #2333, .T. ) ;
#1431 = ORIENTED_EDGE ( 'NONE', *, *, #2786, .T. ) ;
#1432 = CYLINDRICAL_SURFACE ( 'NONE', #2515, 3.000000000000000000 ) ;
#1433 = CARTESIAN_POINT ( 'NONE',  ( -0.9999999999999991118, -2.701750790494729805E-16, 25.80614694161269895 ) ) ;
#1434 = CYLINDRICAL_SURFACE ( 'NONE', #4579, 3.033234194475119327 ) ;
#1435 = CARTESIAN_POINT ( 'NONE',  ( -2.083766882108870344E-17, 47.54235218414229536, 42.30031392873910079 ) ) ;
#1436 = VECTOR ( 'NONE', #5024, 1000.000000000000000 ) ;
#1437 = EDGE_CURVE ( 'NONE', #7303, #7500, #730, .T. ) ;
#1438 = CARTESIAN_POINT ( 'NONE',  ( 0.000000000000000000, 57.03070887753347051, 49.49747468305820064 ) ) ;
#1439 = VERTEX_POINT ( 'NONE', #3042 ) ;
#1440 = EDGE_CURVE ( 'NONE', #4070, #7179, #5435, .T. ) ;
#1441 = ORIENTED_EDGE ( 'NONE', *, *, #7370, .T. ) ;
#1442 = CIRCLE ( 'NONE', #7008, 5.999999999999998224 ) ;
#1443 = ORIENTED_EDGE ( 'NONE', *, *, #1976, .F. ) ;
#1444 = VERTEX_POINT ( 'NONE', #4778 ) ;
#1445 = CARTESIAN_POINT ( 'NONE',  ( 3.000000000000002665, -28.96945907759636896, 34.23320178708749495 ) ) ;
#1446 = LINE ( 'NONE', #2619, #3866 ) ;
#1447 = CYLINDRICAL_SURFACE ( 'NONE', #6496, 5.499999999999998224 ) ;
#1448 = CIRCLE ( 'NONE', #5686, 5.999999999999998224 ) ;
#1449 = ORIENTED_EDGE ( 'NONE', *, *, #1389, .F. ) ;
#1450 = B_SPLINE_CURVE_WITH_KNOTS ( 'NONE', 3,
 ( #5335, #138, #556, #4759 ),
 .UNSPECIFIED., .F., .F.,
 ( 4, 4 ),
 ( 0.000000000000000000, 1.000000000000000000 ),
 .UNSPECIFIED. ) ;
#1451 = AXIS2_PLACEMENT_3D ( 'NONE', #985, #3298, #5729 ) ;
#1452 = LINE ( 'NONE', #955, #6102 ) ;
#1453 = ORIENTED_EDGE ( 'NONE', *, *, #6300, .T. ) ;
#1454 = ORIENTED_EDGE ( 'NONE', *, *, #5356, .T. ) ;
#1455 = CARTESIAN_POINT ( 'NONE',  ( -14.00000000000000000, 15.00000000000000000, -17.25000000000000000 ) ) ;
#1456 = CARTESIAN_POINT ( 'NONE',  ( 3.000000000000000000, 44.99747468305814380, -49.49747468305849907 ) ) ;
#1457 = CARTESIAN_POINT ( 'NONE',  ( -10.50000000000000000, -2.701750790494729805E-16, 25.80614694161269895 ) ) ;
#1458 = LINE ( 'NONE', #3848, #5018 ) ;
#1459 = CARTESIAN_POINT ( 'NONE',  ( 0.000000000000000000, 15.72128267389225087, -20.95387285467269933 ) ) ;
#1460 = ORIENTED_EDGE ( 'NONE', *, *, #6353, .T. ) ;
#1461 = LINE ( 'NONE', #6537, #2050 ) ;
#1462 = ORIENTED_EDGE ( 'NONE', *, *, #6712, .T. ) ;
#1463 = ORIENTED_EDGE ( 'NONE', *, *, #7363, .F. ) ;
#1464 = CIRCLE ( 'NONE', #4021, 2.000000000000001776 ) ;
#1465 = CARTESIAN_POINT ( 'NONE',  ( 0.000000000000000000, -44.99747468305869802, -49.49747468305800169 ) ) ;
#1466 = EDGE_CURVE ( 'NONE', #3011, #257, #5854, .T. ) ;
#1467 = CARTESIAN_POINT ( 'NONE',  ( 0.000000000000000000, 49.49747468305830722, 44.99747468305830012 ) ) ;
#1468 = ORIENTED_EDGE ( 'NONE', *, *, #6844, .T. ) ;
#1469 = DIRECTION ( 'NONE',  ( 0.000000000000000000, 0.000000000000000000, -1.000000000000000000 ) ) ;
#1470 = EDGE_CURVE ( 'NONE', #6716, #4183, #1947, .T. ) ;
#1471 = CARTESIAN_POINT ( 'NONE',  ( 0.000000000000000000, 44.99747468305834985, 49.49747468305830722 ) ) ;
#1472 = ORIENTED_EDGE ( 'NONE', *, *, #2357, .T. ) ;
#1473 = CARTESIAN_POINT ( 'NONE',  ( 76.59212285118779562, 35.39176575354740351, 40.65799922978155223 ) ) ;
#1474 = DIRECTION ( 'NONE',  ( 0.000000000000000000, 0.000000000000000000, -1.000000000000000000 ) ) ;
#1475 = EDGE_CURVE ( 'NONE', #4938, #2148, #632, .T. ) ;
#1476 = AXIS2_PLACEMENT_3D ( 'NONE', #4489, #5679, #2792 ) ;
#1477 = LINE ( 'NONE', #861, #1053 ) ;
#1478 = ADVANCED_FACE ( 'NONE', ( #4329 ), #4863, .F. ) ;
#1479 = CARTESIAN_POINT ( 'NONE',  ( 2.999999999999999112, 49.94734338944670782, 57.29768064699699437 ) ) ;
#1480 = ORIENTED_EDGE ( 'NONE', *, *, #5293, .T. ) ;
#1481 = ORIENTED_EDGE ( 'NONE', *, *, #1239, .T. ) ;
#1482 = ORIENTED_EDGE ( 'NONE', *, *, #997, .T. ) ;
#1483 = ORIENTED_EDGE ( 'NONE', *, *, #2030, .F. ) ;
#1484 = DIRECTION ( 'NONE',  ( 0.000000000000000000, 0.000000000000000000, -1.000000000000000000 ) ) ;
#1485 = CARTESIAN_POINT ( 'NONE',  ( -2.507990869631660107E-17, 42.30031392873874552, -47.54235218414189745 ) ) ;
#1486 = DIRECTION ( 'NONE',  ( 0.000000000000000000, 0.000000000000000000, -1.000000000000000000 ) ) ;
#1487 = ORIENTED_EDGE ( 'NONE', *, *, #6240, .T. ) ;
#1488 = CIRCLE ( 'NONE', #2569, 2.000000000000001776 ) ;
#1489 = DIRECTION ( 'NONE',  ( 1.000000000000000000, 0.000000000000000000, 0.000000000000000000 ) ) ;
#1490 = VERTEX_POINT ( 'NONE', #961 ) ;
#1491 = ORIENTED_EDGE ( 'NONE', *, *, #6107, .F. ) ;
#1492 = DIRECTION ( 'NONE',  ( 1.000000000000000000, 0.000000000000000000, 0.000000000000000000 ) ) ;
#1493 = PLANE ( 'NONE',  #5302 ) ;
#1494 = CARTESIAN_POINT ( 'NONE',  ( 3.000000000000000000, 49.49747468305830722, 44.99747468305830012 ) ) ;
#1495 = EDGE_CURVE ( 'NONE', #5580, #3605, #6604, .T. ) ;
#1496 = DIRECTION ( 'NONE',  ( 0.000000000000000000, 0.000000000000000000, -1.000000000000000000 ) ) ;
#1497 = CARTESIAN_POINT ( 'NONE',  ( 0.000000000000000000, -7.000000000000000000, -45.56515138991167646 ) ) ;
#1498 = ADVANCED_FACE ( 'NONE', ( #5512 ), #1493, .T. ) ;
#1499 = EDGE_LOOP ( 'NONE', ( #4546, #4277 ) ) ;
#1500 = CARTESIAN_POINT ( 'NONE',  ( 13.59999999999999964, -8.702959901070199678, -13.62321422119828007 ) ) ;
#1501 = ORIENTED_EDGE ( 'NONE', *, *, #4481, .F. ) ;
#1502 = CARTESIAN_POINT ( 'NONE',  ( 2.999999999999999556, -42.30031454084609521, 47.54235134132139962 ) ) ;
#1503 = ORIENTED_EDGE ( 'NONE', *, *, #2476, .F. ) ;
#1504 = AXIS2_PLACEMENT_3D ( 'NONE', #3277, #2139, #5595 ) ;
#1505 = CARTESIAN_POINT ( 'NONE',  ( 3.000000000000000888, 24.53625782700348879, 6.937104675682415511 ) ) ;
#1506 = FACE_BOUND ( 'NONE', #6574, .T. ) ;
#1507 = VERTEX_POINT ( 'NONE', #2707 ) ;
#1508 = AXIS2_PLACEMENT_3D ( 'NONE', #1140, #4057, #6871 ) ;
#1509 = DIRECTION ( 'NONE',  ( 1.000000000000000000, -0.000000000000000000, -0.000000000000000000 ) ) ;
#1510 = DIRECTION ( 'NONE',  ( 0.000000000000000000, 0.000000000000000000, -1.000000000000000000 ) ) ;
#1511 = CYLINDRICAL_SURFACE ( 'NONE', #7099, 2.500000000000002220 ) ;
#1512 = CIRCLE ( 'NONE', #5753, 2.999999999999999112 ) ;
#1513 = FACE_OUTER_BOUND ( 'NONE', #5657, .T. ) ;
#1514 = ORIENTED_EDGE ( 'NONE', *, *, #1167, .F. ) ;
#1515 = EDGE_CURVE ( 'NONE', #1527, #975, #92, .T. ) ;
#1516 = ORIENTED_EDGE ( 'NONE', *, *, #4661, .T. ) ;
#1517 = ORIENTED_EDGE ( 'NONE', *, *, #3523, .F. ) ;
#1518 = ORIENTED_EDGE ( 'NONE', *, *, #3977, .T. ) ;
#1519 = DIRECTION ( 'NONE',  ( 0.000000000000000000, 0.7071067811865474617, -0.7071067811865474617 ) ) ;
#1520 = FACE_OUTER_BOUND ( 'NONE', #6706, .T. ) ;
#1521 = CARTESIAN_POINT ( 'NONE',  ( -14.14213562373093858, 15.00000000000000000, 15.00000000000000000 ) ) ;
#1522 = ADVANCED_FACE ( 'NONE', ( #6077 ), #6117, .F. ) ;
#1523 = ORIENTED_EDGE ( 'NONE', *, *, #4197, .F. ) ;
#1524 = DIRECTION ( 'NONE',  ( 1.000000000000000000, 0.000000000000000000, 0.000000000000000000 ) ) ;
#1525 = AXIS2_PLACEMENT_3D ( 'NONE', #468, #1085, #2219 ) ;
#1526 = ORIENTED_EDGE ( 'NONE', *, *, #1275, .T. ) ;
#1527 = VERTEX_POINT ( 'NONE', #5013 ) ;
#1528 = DIRECTION ( 'NONE',  ( 0.000000000000000000, 0.000000000000000000, 1.000000000000000000 ) ) ;
#1529 = EDGE_CURVE ( 'NONE', #1098, #2416, #3975, .T. ) ;
#1530 = FACE_OUTER_BOUND ( 'NONE', #749, .T. ) ;
#1531 = CARTESIAN_POINT ( 'NONE',  ( -17.00000000000000000, 49.49747468305810116, -53.99747468305849196 ) ) ;
#1532 = CARTESIAN_POINT ( 'NONE',  ( 3.000000000000000000, 49.49747468305849907, 49.49747468305820064 ) ) ;
#1533 = AXIS2_PLACEMENT_3D ( 'NONE', #2914, #5228, #67 ) ;
#1534 = EDGE_CURVE ( 'NONE', #4543, #6908, #307, .T. ) ;
#1535 = CARTESIAN_POINT ( 'NONE',  ( 0.000000000000000000, -37.54544509046066025, -42.77803527124108030 ) ) ;
#1536 = ORIENTED_EDGE ( 'NONE', *, *, #6339, .T. ) ;
#1537 = EDGE_CURVE ( 'NONE', #1324, #6083, #6277, .T. ) ;
#1538 = CIRCLE ( 'NONE', #1414, 2.999999999999999112 ) ;
#1539 = DIRECTION ( 'NONE',  ( 1.000000000000000000, 0.000000000000000000, 0.000000000000000000 ) ) ;
#1540 = SURFACE_STYLE_FILL_AREA ( #6692 ) ;
#1541 = AXIS2_PLACEMENT_3D ( 'NONE', #2171, #4403, #5011 ) ;
#1542 = DIRECTION ( 'NONE',  ( 0.000000000000000000, 0.000000000000000000, -1.000000000000000000 ) ) ;
#1543 = ORIENTED_EDGE ( 'NONE', *, *, #1664, .T. ) ;
#1544 = DIRECTION ( 'NONE',  ( -1.000000000000000000, 0.000000000000000000, 0.000000000000000000 ) ) ;
#1545 = B_SPLINE_CURVE_WITH_KNOTS ( 'NONE', 3,
 ( #528, #5738, #3379, #5664 ),
 .UNSPECIFIED., .F., .F.,
 ( 4, 4 ),
 ( 0.03007648256163745690, 1.000000000000000222 ),
 .UNSPECIFIED. ) ;
#1546 = AXIS2_PLACEMENT_3D ( 'NONE', #5651, #4465, #7359 ) ;
#1547 = ORIENTED_EDGE ( 'NONE', *, *, #3861, .F. ) ;
#1548 = CYLINDRICAL_SURFACE ( 'NONE', #4458, 5.499999999999998224 ) ;
#1549 = FACE_OUTER_BOUND ( 'NONE', #4422, .T. ) ;
#1550 = CARTESIAN_POINT ( 'NONE',  ( 0.000000000000000000, -2.701750790494729805E-16, 33.30614694161270251 ) ) ;
#1551 = VERTEX_POINT ( 'NONE', #5591 ) ;
#1552 = CARTESIAN_POINT ( 'NONE',  ( 2.999999999999999112, -8.702959901070197901, -13.62321422119828007 ) ) ;
#1553 = ORIENTED_EDGE ( 'NONE', *, *, #501, .T. ) ;
#1554 = ORIENTED_EDGE ( 'NONE', *, *, #4353, .F. ) ;
#1555 = CARTESIAN_POINT ( 'NONE',  ( -7.156768276902879755, 49.49747468305830722, 41.66674784685449850 ) ) ;
#1556 = CIRCLE ( 'NONE', #4833, 2.999999999999999112 ) ;
#1557 = CARTESIAN_POINT ( 'NONE',  ( 0.000000000000000000, 15.00000000000000000, -12.75000000000000000 ) ) ;
#1558 = B_SPLINE_CURVE_WITH_KNOTS ( 'NONE', 3,
 ( #6474, #1783, #7045, #669 ),
 .UNSPECIFIED., .F., .F.,
 ( 4, 4 ),
 ( 0.000000000000000000, 1.000000000000000000 ),
 .UNSPECIFIED. ) ;
#1559 = DIRECTION ( 'NONE',  ( 1.000000000000000000, 0.000000000000000000, 0.000000000000000000 ) ) ;
#1560 = EDGE_CURVE ( 'NONE', #1876, #5271, #4571, .T. ) ;
#1561 = AXIS2_PLACEMENT_3D ( 'NONE', #6409, #5883, #3556 ) ;
#1562 = VERTEX_POINT ( 'NONE', #844 ) ;
#1563 = VECTOR ( 'NONE', #2718, 1000.000000000000114 ) ;
#1564 = APPLICATION_CONTEXT ( 'automotive_design' ) ;
#1565 = DIRECTION ( 'NONE',  ( 1.000000000000000000, 0.000000000000000000, 0.000000000000000000 ) ) ;
#1566 = EDGE_CURVE ( 'NONE', #4007, #2455, #6683, .T. ) ;
#1567 = ORIENTED_EDGE ( 'NONE', *, *, #6284, .T. ) ;
#1568 = ORIENTED_EDGE ( 'NONE', *, *, #5085, .T. ) ;
#1569 = DIRECTION ( 'NONE',  ( 0.000000000000000000, 0.000000000000000000, -1.000000000000000000 ) ) ;
#1570 = AXIS2_PLACEMENT_3D ( 'NONE', #1971, #7249, #4279 ) ;
#1571 = CARTESIAN_POINT ( 'NONE',  ( 3.000000000000000000, 53.99747468305830012, 49.49747468305830722 ) ) ;
#1572 = DIRECTION ( 'NONE',  ( -1.000000000000000000, 0.000000000000000000, 0.000000000000000000 ) ) ;
#1573 = DIRECTION ( 'NONE',  ( 0.000000000000000000, 0.000000000000000000, -1.000000000000000000 ) ) ;
#1574 = AXIS2_PLACEMENT_3D ( 'NONE', #2225, #6357, #5793 ) ;
#1575 = CIRCLE ( 'NONE', #5322, 3.330726836203799834 ) ;
#1576 = CYLINDRICAL_SURFACE ( 'NONE', #6588, 1.250000000000001110 ) ;
#1577 = EDGE_CURVE ( 'NONE', #3011, #2911, #6721, .T. ) ;
#1578 = DIRECTION ( 'NONE',  ( 0.000000000000000000, 0.000000000000000000, -1.000000000000000000 ) ) ;
#1579 = ORIENTED_EDGE ( 'NONE', *, *, #5032, .T. ) ;
#1580 = AXIS2_PLACEMENT_3D ( 'NONE', #3004, #6421, #4598 ) ;
#1581 = DIRECTION ( 'NONE',  ( 1.000000000000000000, 0.000000000000000000, 0.000000000000000000 ) ) ;
#1582 = CARTESIAN_POINT ( 'NONE',  ( -7.156768276902879755, 46.20717412946309821, 54.51483676556819802 ) ) ;
#1583 = CARTESIAN_POINT ( 'NONE',  ( -2.748117655021889881E-17, -42.30031392873889473, 47.54235218414199693 ) ) ;
#1584 = EDGE_CURVE ( 'NONE', #5762, #6705, #5914, .T. ) ;
#1585 = ORIENTED_EDGE ( 'NONE', *, *, #5101, .T. ) ;
#1586 = LINE ( 'NONE', #5026, #4729 ) ;
#1587 = CIRCLE ( 'NONE', #5826, 3.000000000000002665 ) ;
#1588 = ORIENTED_EDGE ( 'NONE', *, *, #5962, .T. ) ;
#1589 = CARTESIAN_POINT ( 'NONE',  ( 0.000000000000000000, 4.068511838161424699, 4.075146734136284365 ) ) ;
#1590 = CARTESIAN_POINT ( 'NONE',  ( 0.000000000000000000, -4.019620276176789631, 4.013075784866234841 ) ) ;
#1591 = EDGE_CURVE ( 'NONE', #5844, #1551, #4941, .T. ) ;
#1592 = DIRECTION ( 'NONE',  ( 1.000000000000000000, 0.000000000000000000, 0.000000000000000000 ) ) ;
#1593 = VERTEX_POINT ( 'NONE', #2023 ) ;
#1594 = ADVANCED_FACE ( 'NONE', ( #1530 ), #5553, .F. ) ;
#1595 = EDGE_LOOP ( 'NONE', ( #6967, #3018 ) ) ;
#1596 = ORIENTED_EDGE ( 'NONE', *, *, #3718, .T. ) ;
#1597 = CARTESIAN_POINT ( 'NONE',  ( 0.000000000000000000, 53.99747468305810116, -48.24747468305849907 ) ) ;
#1598 = DIRECTION ( 'NONE',  ( -1.000000000000000000, 0.000000000000000000, 0.000000000000000000 ) ) ;
#1599 = LINE ( 'NONE', #3905, #930 ) ;
#1600 = ORIENTED_EDGE ( 'NONE', *, *, #584, .F. ) ;
#1601 = AXIS2_PLACEMENT_3D ( 'NONE', #3209, #5568, #2646 ) ;
#1602 = DIRECTION ( 'NONE',  ( -1.000000000000000000, 0.000000000000000000, 0.000000000000000000 ) ) ;
#1603 = ORIENTED_EDGE ( 'NONE', *, *, #4791, .F. ) ;
#1604 = ORIENTED_EDGE ( 'NONE', *, *, #450, .T. ) ;
#1605 = DIRECTION ( 'NONE',  ( 1.000000000000000000, 0.000000000000000000, 0.000000000000000000 ) ) ;
#1606 = CARTESIAN_POINT ( 'NONE',  ( 3.000000000000000888, -4.000000000000000000, -45.56515138991167646 ) ) ;
#1607 = SURFACE_SIDE_STYLE ('',( #2815 ) ) ;
#1608 = DIRECTION ( 'NONE',  ( 0.000000000000000000, -0.7071067811865480168, 0.7071067811865470176 ) ) ;
#1609 = CIRCLE ( 'NONE', #5849, 1.250000000000001110 ) ;
#1610 = CARTESIAN_POINT ( 'NONE',  ( -7.156768276902879755, 49.49747468305830722, 44.99747468305830012 ) ) ;
#1611 = CARTESIAN_POINT ( 'NONE',  ( 0.000000000000000000, 53.99747468305830012, 49.49747468305830722 ) ) ;
#1612 = ORIENTED_EDGE ( 'NONE', *, *, #1515, .F. ) ;
#1613 = EDGE_CURVE ( 'NONE', #2699, #1068, #2134, .T. ) ;
#1614 = DIRECTION ( 'NONE',  ( -1.000000000000000000, 0.000000000000000000, 0.000000000000000000 ) ) ;
#1615 = AXIS2_PLACEMENT_3D ( 'NONE', #5861, #4216, #52 ) ;
#1616 = DIRECTION ( 'NONE',  ( 1.000000000000000000, 0.000000000000000000, 0.000000000000000000 ) ) ;
#1617 = ADVANCED_FACE ( 'NONE', ( #3686 ), #3882, .F. ) ;
#1618 = CYLINDRICAL_SURFACE ( 'NONE', #2765, 1.250000000000001110 ) ;
#1619 = EDGE_CURVE ( 'NONE', #2190, #491, #2350, .T. ) ;
#1620 = ORIENTED_EDGE ( 'NONE', *, *, #7157, .T. ) ;
#1621 = DIRECTION ( 'NONE',  ( -1.000000000000000000, 0.000000000000000000, 0.000000000000000000 ) ) ;
#1622 = ORIENTED_EDGE ( 'NONE', *, *, #698, .T. ) ;
#1623 = EDGE_CURVE ( 'NONE', #4115, #6188, #2888, .T. ) ;
#1624 = CARTESIAN_POINT ( 'NONE',  ( 20.00000000000000000, 13.00000000000000000, -44.83172803104509541 ) ) ;
#1625 = DIRECTION ( 'NONE',  ( 1.000000000000000000, 0.000000000000000000, 0.000000000000000000 ) ) ;
#1626 = VECTOR ( 'NONE', #4555, 1000.000000000000000 ) ;
#1627 = MANIFOLD_SOLID_BREP ( 'Fillet6[1]', #3174 ) ;
#1628 = DIRECTION ( 'NONE',  ( 0.000000000000000000, 0.000000000000000000, -1.000000000000000000 ) ) ;
#1629 = EDGE_LOOP ( 'NONE', ( #1665, #3512, #6205, #1422 ) ) ;
#1630 = AXIS2_PLACEMENT_3D ( 'NONE', #5593, #884, #388 ) ;
#1631 = CARTESIAN_POINT ( 'NONE',  ( 20.00000000000000000, 25.62639001561595009, -39.34426157063499829 ) ) ;
#1632 = AXIS2_PLACEMENT_3D ( 'NONE', #5161, #1111, #531 ) ;
#1633 = ORIENTED_EDGE ( 'NONE', *, *, #6936, .T. ) ;
#1634 = VECTOR ( 'NONE', #5941, 1000.000000000000000 ) ;
#1635 = EDGE_CURVE ( 'NONE', #7179, #7202, #460, .T. ) ;
#1636 = ORIENTED_EDGE ( 'NONE', *, *, #7097, .F. ) ;
#1637 = CARTESIAN_POINT ( 'NONE',  ( -10.50000000000000000, 23.59999999999999787, -2.999999999999992450 ) ) ;
#1638 = CARTESIAN_POINT ( 'NONE',  ( -17.00000000000000000, 53.99747468305830012, 49.49747468305830722 ) ) ;
#1639 = DIRECTION ( 'NONE',  ( 0.000000000000000000, 0.000000000000000000, 1.000000000000000000 ) ) ;
#1640 = AXIS2_PLACEMENT_3D ( 'NONE', #863, #5491, #1398 ) ;
#1641 = AXIS2_PLACEMENT_3D ( 'NONE', #97, #1168, #4153 ) ;
#1642 = ORIENTED_EDGE ( 'NONE', *, *, #1151, .T. ) ;
#1643 = FACE_OUTER_BOUND ( 'NONE', #2838, .T. ) ;
#1644 = EDGE_LOOP ( 'NONE', ( #4664, #7017, #536, #5609 ) ) ;
#1645 = VERTEX_POINT ( 'NONE', #7407 ) ;
#1646 = CARTESIAN_POINT ( 'NONE',  ( 0.000000000000000000, 7.347880794884119933E-15, -36.39999999999999858 ) ) ;
#1647 = CARTESIAN_POINT ( 'NONE',  ( 76.59212285118779562, 35.39176575354740351, 40.65799922978155223 ) ) ;
#1648 = CARTESIAN_POINT ( 'NONE',  ( -7.156768276902879755, 49.49747468305830722, 44.99747468305830012 ) ) ;
#1649 = FACE_BOUND ( 'NONE', #5752, .T. ) ;
#1650 = VECTOR ( 'NONE', #5521, 999.9999999999998863 ) ;
#1651 = DIRECTION ( 'NONE',  ( 0.000000000000000000, 0.000000000000000000, -1.000000000000000000 ) ) ;
#1652 = CARTESIAN_POINT ( 'NONE',  ( -7.156768276902879755, -54.72519582988859810, -46.55283011860039721 ) ) ;
#1653 = ORIENTED_EDGE ( 'NONE', *, *, #540, .T. ) ;
#1654 = DIRECTION ( 'NONE',  ( -1.000000000000000000, 0.000000000000000000, 0.000000000000000000 ) ) ;
#1655 = AXIS2_PLACEMENT_3D ( 'NONE', #3057, #3590, #5916 ) ;
#1656 = DIRECTION ( 'NONE',  ( -1.000000000000000000, 0.000000000000000000, 0.000000000000000000 ) ) ;
#1657 = DIRECTION ( 'NONE',  ( 1.000000000000000000, 0.000000000000000000, 0.000000000000000000 ) ) ;
#1658 = CARTESIAN_POINT ( 'NONE',  ( 0.9499999999999999556, -42.12145270974695421, 47.35404289052740268 ) ) ;
#1659 = CIRCLE ( 'NONE', #2621, 1.250000000000001110 ) ;
#1660 = EDGE_CURVE ( 'NONE', #4394, #3909, #4892, .T. ) ;
#1661 = ORIENTED_EDGE ( 'NONE', *, *, #1794, .F. ) ;
#1662 = CARTESIAN_POINT ( 'NONE',  ( 3.000000000000000000, 13.00000000000000000, -46.83172803104510251 ) ) ;
#1663 = CIRCLE ( 'NONE', #2022, 7.500000000000000000 ) ;
#1664 = EDGE_CURVE ( 'NONE', #7500, #2048, #769, .T. ) ;
#1665 = ORIENTED_EDGE ( 'NONE', *, *, #4948, .F. ) ;
#1666 = AXIS2_PLACEMENT_3D ( 'NONE', #1646, #3951, #6267 ) ;
#1667 = LINE ( 'NONE', #3972, #5567 ) ;
#1668 = DIRECTION ( 'NONE',  ( -1.000000000000000000, -0.000000000000000000, -0.000000000000000000 ) ) ;
#1669 = AXIS2_PLACEMENT_3D ( 'NONE', #4052, #4016, #596 ) ;
#1670 = DIRECTION ( 'NONE',  ( -1.000000000000000000, 0.000000000000000000, 0.000000000000000000 ) ) ;
#1671 = EDGE_CURVE ( 'NONE', #6045, #6446, #994, .T. ) ;
#1672 = ORIENTED_EDGE ( 'NONE', *, *, #2241, .F. ) ;
#1673 = CARTESIAN_POINT ( 'NONE',  ( 3.000000000000000000, -26.42356509336774906, -41.17852215610570710 ) ) ;
#1674 = ORIENTED_EDGE ( 'NONE', *, *, #1015, .F. ) ;
#1675 = ORIENTED_EDGE ( 'NONE', *, *, #4891, .T. ) ;
#1676 = DIRECTION ( 'NONE',  ( 0.000000000000000000, 0.000000000000000000, -1.000000000000000000 ) ) ;
#1677 = FACE_OUTER_BOUND ( 'NONE', #7081, .T. ) ;
#1678 = VECTOR ( 'NONE', #1394, 1000.000000000000114 ) ;
#1679 = DIRECTION ( 'NONE',  ( 1.000000000000000000, 0.000000000000000000, 0.000000000000000000 ) ) ;
#1680 = VERTEX_POINT ( 'NONE', #2290 ) ;
#1681 = EDGE_CURVE ( 'NONE', #1005, #6188, #5869, .T. ) ;
#1682 = VECTOR ( 'NONE', #3117, 1000.000000000000000 ) ;
#1683 = DIRECTION ( 'NONE',  ( -1.000000000000000000, -0.000000000000000000, -0.000000000000000000 ) ) ;
#1684 = ORIENTED_EDGE ( 'NONE', *, *, #7218, .F. ) ;
#1685 = ORIENTED_EDGE ( 'NONE', *, *, #4197, .T. ) ;
#1686 = DIRECTION ( 'NONE',  ( -1.000000000000000000, -0.000000000000000000, -0.000000000000000000 ) ) ;
#1687 = CARTESIAN_POINT ( 'NONE',  ( 3.000000000000000888, 25.44861127607896734, -9.827646531594099955 ) ) ;
#1688 = PRESENTATION_STYLE_ASSIGNMENT (( #5090 ) ) ;
#1689 = VECTOR ( 'NONE', #5212, 1000.000000000000000 ) ;
#1690 = CARTESIAN_POINT ( 'NONE',  ( 0.9499999999999999556, -42.12145270974760081, -47.35404289052809901 ) ) ;
#1691 = CARTESIAN_POINT ( 'NONE',  ( -17.00000000000000000, -28.39217881729830140, 36.48298694768020312 ) ) ;
#1692 = VERTEX_POINT ( 'NONE', #4591 ) ;
#1693 = EDGE_CURVE ( 'NONE', #2750, #4425, #4627, .T. ) ;
#1694 = CARTESIAN_POINT ( 'NONE',  ( 2.999999999999999112, -32.43634977756084226, 40.52057344476229872 ) ) ;
#1695 = AXIS2_PLACEMENT_3D ( 'NONE', #4714, #1270, #1309 ) ;
#1696 = CARTESIAN_POINT ( 'NONE',  ( 0.000000000000000000, -47.47855930325286522, -42.24281976426480867 ) ) ;
#1697 = DIRECTION ( 'NONE',  ( 0.000000000000000000, 0.000000000000000000, -1.000000000000000000 ) ) ;
#1698 = DIRECTION ( 'NONE',  ( 0.000000000000000000, -0.9171302927353677248, -0.3985875388758894911 ) ) ;
#1699 = DIRECTION ( 'NONE',  ( 0.000000000000000000, 0.000000000000000000, -1.000000000000000000 ) ) ;
#1700 = TOROIDAL_SURFACE ( 'NONE', #5442, 5.999999999999997335, 1.000000000000000000 ) ;
#1701 = VERTEX_POINT ( 'NONE', #5052 ) ;
#1702 = CARTESIAN_POINT ( 'NONE',  ( -7.156768276902879755, -49.49747468305869802, -53.99747468305799458 ) ) ;
#1703 = CARTESIAN_POINT ( 'NONE',  ( -10.50000000000000000, 1.584513006521007529E-16, 22.30614694161269895 ) ) ;
#1704 = EDGE_CURVE ( 'NONE', #257, #3011, #3068, .T. ) ;
#1705 = LINE ( 'NONE', #3470, #1842 ) ;
#1706 = EDGE_LOOP ( 'NONE', ( #1636, #1132 ) ) ;
#1707 = CARTESIAN_POINT ( 'NONE',  ( -10.50000000000000000, 23.59999999999999787, 5.000000000000010658 ) ) ;
#1708 = ORIENTED_EDGE ( 'NONE', *, *, #6757, .F. ) ;
#1709 = ADVANCED_FACE ( 'NONE', ( #4477 ), #6797, .T. ) ;
#1710 = ORIENTED_EDGE ( 'NONE', *, *, #7141, .T. ) ;
#1711 = DIRECTION ( 'NONE',  ( 1.000000000000000000, 0.000000000000000000, 0.000000000000000000 ) ) ;
#1712 = CARTESIAN_POINT ( 'NONE',  ( 2.999999999999999112, 5.332174861821640022, 12.63835602176123984 ) ) ;
#1713 = CARTESIAN_POINT ( 'NONE',  ( -7.156768276902879755, -44.26975353622935216, -52.44211924751579801 ) ) ;
#1714 = ADVANCED_FACE ( 'NONE', ( #4512 ), #6833, .F. ) ;
#1715 = EDGE_CURVE ( 'NONE', #5726, #980, #755, .T. ) ;
#1716 = ORIENTED_EDGE ( 'NONE', *, *, #7231, .T. ) ;
#1717 = CARTESIAN_POINT ( 'NONE',  ( 0.000000000000000000, 49.49747468305830722, 53.99747468305830012 ) ) ;
#1718 = CARTESIAN_POINT ( 'NONE',  ( 0.000000000000000000, -35.39869308601529951, 40.65196812363429757 ) ) ;
#1719 = ORIENTED_EDGE ( 'NONE', *, *, #5257, .F. ) ;
#1720 = ORIENTED_EDGE ( 'NONE', *, *, #6408, .F. ) ;
#1721 = DIRECTION ( 'NONE',  ( 0.000000000000000000, 0.000000000000000000, -1.000000000000000000 ) ) ;
#1722 = CARTESIAN_POINT ( 'NONE',  ( 76.59212285118779562, 0.000000000000000000, 44.22904016544200090 ) ) ;
#1723 = FILL_AREA_STYLE_COLOUR ( '', #7193 ) ;
#1724 = VECTOR ( 'NONE', #7187, 1000.000000000000000 ) ;
#1725 = CARTESIAN_POINT ( 'NONE',  ( 0.000000000000000000, 20.41105878441630495, 10.20927782830504604 ) ) ;
#1726 = DIRECTION ( 'NONE',  ( 1.000000000000000000, 0.000000000000000000, 0.000000000000000000 ) ) ;
#1727 = ORIENTED_EDGE ( 'NONE', *, *, #1973, .T. ) ;
#1728 = CARTESIAN_POINT ( 'NONE',  ( 0.9499999999999999556, -47.35404289052669924, -42.12145270974625078 ) ) ;
#1729 = EDGE_CURVE ( 'NONE', #3547, #2204, #6584, .T. ) ;
#1730 = PLANE ( 'NONE',  #5482 ) ;
#1731 = FACE_OUTER_BOUND ( 'NONE', #599, .T. ) ;
#1732 = CARTESIAN_POINT ( 'NONE',  ( 3.149999999999999911, -43.54571693074325367, 50.25680310855020139 ) ) ;
#1733 = EDGE_CURVE ( 'NONE', #1071, #1143, #4699, .T. ) ;
#1734 = DIRECTION ( 'NONE',  ( 0.000000000000000000, -0.7071067811865470176, -0.7071067811865480168 ) ) ;
#1735 = CIRCLE ( 'NONE', #1123, 1.250000000000001110 ) ;
#1736 = B_SPLINE_CURVE_WITH_KNOTS ( 'NONE', 3,
 ( #3832, #3265, #7207, #2620 ),
 .UNSPECIFIED., .F., .F.,
 ( 4, 4 ),
 ( 0.000000000000000000, 1.000000000000000000 ),
 .UNSPECIFIED. ) ;
#1737 = VERTEX_POINT ( 'NONE', #5277 ) ;
#1738 = CARTESIAN_POINT ( 'NONE',  ( -0.9999999999999991118, -2.701750790494729805E-16, 25.80614694161269895 ) ) ;
#1739 = DIRECTION ( 'NONE',  ( -1.000000000000000000, 0.000000000000000000, 0.000000000000000000 ) ) ;
#1740 = DIRECTION ( 'NONE',  ( 0.000000000000000000, 0.000000000000000000, -1.000000000000000000 ) ) ;
#1741 = ORIENTED_EDGE ( 'NONE', *, *, #4212, .F. ) ;
#1742 = DIRECTION ( 'NONE',  ( -1.000000000000000000, 0.000000000000000000, 0.000000000000000000 ) ) ;
#1743 = ORIENTED_EDGE ( 'NONE', *, *, #2580, .F. ) ;
#1744 = ORIENTED_EDGE ( 'NONE', *, *, #4243, .F. ) ;
#1745 = DIRECTION ( 'NONE',  ( 0.000000000000000000, 0.000000000000000000, -1.000000000000000000 ) ) ;
#1746 = LINE ( 'NONE', #136, #109 ) ;
#1747 = VECTOR ( 'NONE', #5632, 1000.000000000000000 ) ;
#1748 = DIRECTION ( 'NONE',  ( 0.000000000000000000, -0.7076826485500021802, 0.7065304444546279816 ) ) ;
#1749 = ORIENTED_EDGE ( 'NONE', *, *, #7370, .F. ) ;
#1750 = EDGE_CURVE ( 'NONE', #6215, #7266, #6465, .T. ) ;
#1751 = AXIS2_PLACEMENT_3D ( 'NONE', #1254, #3562, #6945 ) ;
#1752 = CARTESIAN_POINT ( 'NONE',  ( 3.000000000000002665, 23.59999999999999787, 7.000000000000000000 ) ) ;
#1753 = VECTOR ( 'NONE', #2517, 1000.000000000000000 ) ;
#1754 = CYLINDRICAL_SURFACE ( 'NONE', #4048, 3.330726836203799834 ) ;
#1755 = VERTEX_POINT ( 'NONE', #41 ) ;
#1756 = ORIENTED_EDGE ( 'NONE', *, *, #3413, .F. ) ;
#1757 = CARTESIAN_POINT ( 'NONE',  ( 47.01946062897430068, -7.000000000000000000, -50.93157033242439979 ) ) ;
#1758 = EDGE_CURVE ( 'NONE', #1737, #6594, #3602, .T. ) ;
#1759 = CARTESIAN_POINT ( 'NONE',  ( 3.000000000000000000, 47.35404289052719662, 42.12145270974674816 ) ) ;
#1760 = VECTOR ( 'NONE', #7260, 1000.000000000000000 ) ;
#1761 = CARTESIAN_POINT ( 'NONE',  ( -17.00000000000000000, -44.99747468305779563, 49.49747468305880460 ) ) ;
#1762 = DIRECTION ( 'NONE',  ( 1.000000000000000000, 0.000000000000000000, 0.000000000000000000 ) ) ;
#1763 = CARTESIAN_POINT ( 'NONE',  ( 3.000000000000000888, -15.00000000000000000, 15.00000000000000000 ) ) ;
#1764 = VERTEX_POINT ( 'NONE', #114 ) ;
#1765 = CARTESIAN_POINT ( 'NONE',  ( -0.1500000000000009659, -48.56209539888263294, -43.32950521810208500 ) ) ;
#1766 = CARTESIAN_POINT ( 'NONE',  ( 0.000000000000000000, 0.000000000000000000, 0.000000000000000000 ) ) ;
#1767 = DIRECTION ( 'NONE',  ( 1.000000000000000000, 0.000000000000000000, 0.000000000000000000 ) ) ;
#1768 = CARTESIAN_POINT ( 'NONE',  ( -0.1500000000000006606, -43.32950521810253264, 48.56209539888302373 ) ) ;
#1769 = CARTESIAN_POINT ( 'NONE',  ( 3.000000000000000000, -44.99747468305779563, 50.74747468305880460 ) ) ;
#1770 = CIRCLE ( 'NONE', #7210, 2.250000000000000444 ) ;
#1771 = ORIENTED_EDGE ( 'NONE', *, *, #5313, .T. ) ;
#1772 = CARTESIAN_POINT ( 'NONE',  ( 3.000000000000000000, 49.49747468305812959, -46.99747468305847775 ) ) ;
#1773 = CYLINDRICAL_SURFACE ( 'NONE', #80, 2.999999999999999112 ) ;
#1774 = AXIS2_PLACEMENT_3D ( 'NONE', #1531, #3846, #6157 ) ;
#1775 = LINE ( 'NONE', #2413, #5106 ) ;
#1776 = VERTEX_POINT ( 'NONE', #2359 ) ;
#1777 = FACE_OUTER_BOUND ( 'NONE', #5588, .T. ) ;
#1778 = VERTEX_POINT ( 'NONE', #5853 ) ;
#1779 = VERTEX_POINT ( 'NONE', #1185 ) ;
#1780 = CARTESIAN_POINT ( 'NONE',  ( 3.000000000000000000, -44.99747468305779563, 49.49747468305880460 ) ) ;
#1781 = CIRCLE ( 'NONE', #676, 3.000000000000000000 ) ;
#1782 = CYLINDRICAL_SURFACE ( 'NONE', #3622, 3.033234194475119327 ) ;
#1783 = CARTESIAN_POINT ( 'NONE',  ( 3.000000000000000000, -47.41579582760846989, -42.18320564682799301 ) ) ;
#1784 = FACE_BOUND ( 'NONE', #410, .T. ) ;
#1785 = VECTOR ( 'NONE', #5121, 1000.000000000000000 ) ;
#1786 = ORIENTED_EDGE ( 'NONE', *, *, #3317, .F. ) ;
#1787 = DIRECTION ( 'NONE',  ( 0.000000000000000000, 0.7065304444546269824, 0.7076826485500030683 ) ) ;
#1788 = LINE ( 'NONE', #2957, #5750 ) ;
#1789 = VERTEX_POINT ( 'NONE', #1332 ) ;
#1790 = ORIENTED_EDGE ( 'NONE', *, *, #235, .F. ) ;
#1791 = AXIS2_PLACEMENT_3D ( 'NONE', #2617, #7248, #2053 ) ;
#1792 = CARTESIAN_POINT ( 'NONE',  ( 0.000000000000000000, -49.49747468305760378, 57.03070887753398921 ) ) ;
#1793 = DIRECTION ( 'NONE',  ( 0.000000000000000000, 0.000000000000000000, -1.000000000000000000 ) ) ;
#1794 = EDGE_CURVE ( 'NONE', #7105, #1918, #5015, .T. ) ;
#1795 = DIRECTION ( 'NONE',  ( -1.000000000000000000, 0.000000000000000000, 0.000000000000000000 ) ) ;
#1796 = ORIENTED_EDGE ( 'NONE', *, *, #3295, .T. ) ;
#1797 = VECTOR ( 'NONE', #6507, 1000.000000000000000 ) ;
#1798 = EDGE_CURVE ( 'NONE', #4239, #98, #899, .T. ) ;
#1799 = LINE ( 'NONE', #2928, #1255 ) ;
#1800 = ORIENTED_EDGE ( 'NONE', *, *, #6429, .F. ) ;
#1801 = CARTESIAN_POINT ( 'NONE',  ( 0.000000000000000000, 49.49747468305810116, -52.74747468305849196 ) ) ;
#1802 = ADVANCED_FACE ( 'NONE', ( #6982 ), #3529, .F. ) ;
#1803 = CARTESIAN_POINT ( 'NONE',  ( -17.00000000000000000, 49.49747468305830722, 46.24747468305830012 ) ) ;
#1805 = CARTESIAN_POINT ( 'NONE',  ( -14.14213562373093858, -19.89295733572788194, 13.97093804329054656 ) ) ;
#1804 = CIRCLE ( 'NONE', #3739, 5.999999999999998224 ) ;
#1806 = CARTESIAN_POINT ( 'NONE',  ( 3.000000000000000888, -2.701750790494729805E-16, 25.80614694161269895 ) ) ;
#1807 = ADVANCED_FACE ( 'NONE', ( #2462 ), #4134, .F. ) ;
#1808 = DIRECTION ( 'NONE',  ( 0.000000000000000000, -0.7071067811865480168, 0.7071067811865470176 ) ) ;
#1809 = CIRCLE ( 'NONE', #6040, 6.000000000000000888 ) ;
#1810 = EDGE_LOOP ( 'NONE', ( #1472, #874, #5198, #344 ) ) ;
#1811 = CARTESIAN_POINT ( 'NONE',  ( 0.000000000000000000, 8.292803534721096881, 22.40481398323212048 ) ) ;
#1812 = AXIS2_PLACEMENT_3D ( 'NONE', #3031, #5344, #148 ) ;
#1813 = EDGE_CURVE ( 'NONE', #144, #5325, #3200, .T. ) ;
#1814 = CARTESIAN_POINT ( 'NONE',  ( 3.000000000000000888, 4.000000000000000000, -42.56515138991168357 ) ) ;
#1815 = CIRCLE ( 'NONE', #6046, 1.000000000000000000 ) ;
#1816 = VECTOR ( 'NONE', #6402, 1000.000000000000000 ) ;
#1817 = CARTESIAN_POINT ( 'NONE',  ( 3.000000000000000000, 49.49747468305800169, -49.49747468305869802 ) ) ;
#1818 = DIRECTION ( 'NONE',  ( -1.000000000000000000, 0.000000000000000000, 0.000000000000000000 ) ) ;
#1819 = VERTEX_POINT ( 'NONE', #4169 ) ;
#1820 = VERTEX_POINT ( 'NONE', #5960 ) ;
#1821 = DIRECTION ( 'NONE',  ( 1.000000000000000000, 0.000000000000000000, 0.000000000000000000 ) ) ;
#1822 = LINE ( 'NONE', #2314, #1816 ) ;
#1823 = EDGE_CURVE ( 'NONE', #2061, #1362, #6450, .T. ) ;
#1824 = DIRECTION ( 'NONE',  ( -1.000000000000000000, 0.000000000000000000, 0.000000000000000000 ) ) ;
#1825 = FACE_BOUND ( 'NONE', #637, .T. ) ;
#1826 = ORIENTED_EDGE ( 'NONE', *, *, #701, .F. ) ;
#1827 = EDGE_CURVE ( 'NONE', #1068, #366, #6347, .T. ) ;
#1828 = PLANE ( 'NONE',  #1561 ) ;
#1829 = ORIENTED_EDGE ( 'NONE', *, *, #25, .T. ) ;
#1830 = ORIENTED_EDGE ( 'NONE', *, *, #1261, .T. ) ;
#1831 = DIRECTION ( 'NONE',  ( 0.000000000000000000, -0.4916668203100939549, 0.8707834046455878996 ) ) ;
#1832 = DIRECTION ( 'NONE',  ( 0.000000000000000000, 0.000000000000000000, -1.000000000000000000 ) ) ;
#1833 = CARTESIAN_POINT ( 'NONE',  ( 76.59212285118779562, -28.53145885430780027, 33.79591468803914722 ) ) ;
#1834 = EDGE_LOOP ( 'NONE', ( #5814, #2328, #5112, #3322 ) ) ;
#1835 = DIRECTION ( 'NONE',  ( 1.000000000000000000, 0.000000000000000000, 0.000000000000000000 ) ) ;
#1836 = ORIENTED_EDGE ( 'NONE', *, *, #1027, .F. ) ;
#1837 = CYLINDRICAL_SURFACE ( 'NONE', #3485, 4.000000000000000000 ) ;
#1838 = CIRCLE ( 'NONE', #6438, 2.500000000000002220 ) ;
#1839 = CARTESIAN_POINT ( 'NONE',  ( 13.59999999999999964, 7.347880794884119933E-15, -36.39999999999999858 ) ) ;
#1840 = LINE ( 'NONE', #6495, #5770 ) ;
#1841 = EDGE_CURVE ( 'NONE', #4678, #5904, #6951, .T. ) ;
#1842 = VECTOR ( 'NONE', #3511, 1000.000000000000114 ) ;
#1843 = CARTESIAN_POINT ( 'NONE',  ( 2.999999999999999112, 57.29768064699699437, -49.94734338944670071 ) ) ;
#1844 = ORIENTED_EDGE ( 'NONE', *, *, #1261, .F. ) ;
#1845 = ADVANCED_FACE ( 'NONE', ( #5817 ), #3489, .F. ) ;
#1846 = CARTESIAN_POINT ( 'NONE',  ( 13.59999999999999964, 7.347880794884119933E-15, -36.39999999999999858 ) ) ;
#1847 = CARTESIAN_POINT ( 'NONE',  ( 0.000000000000000000, 13.00000000000000000, -44.83172803104509541 ) ) ;
#1848 = AXIS2_PLACEMENT_3D ( 'NONE', #5073, #4999, #4498 ) ;
#1849 = DIRECTION ( 'NONE',  ( 0.000000000000000000, 0.4916668203100927337, 0.8707834046455885657 ) ) ;
#1851 = EDGE_CURVE ( 'NONE', #5036, #4965, #5345, .T. ) ;
#1850 = CARTESIAN_POINT ( 'NONE',  ( -14.14213562373093858, -13.35739020882256689, 19.72248166475297637 ) ) ;
#1852 = ORIENTED_EDGE ( 'NONE', *, *, #2577, .T. ) ;
#1853 = VERTEX_POINT ( 'NONE', #2923 ) ;
#1854 = DIRECTION ( 'NONE',  ( 0.000000000000000000, 0.000000000000000000, -1.000000000000000000 ) ) ;
#1855 = CARTESIAN_POINT ( 'NONE',  ( -10.54965975761836283, -49.94734338944711283, -57.29768064699666041 ) ) ;
#1856 = DIRECTION ( 'NONE',  ( 0.000000000000000000, 0.000000000000000000, -1.000000000000000000 ) ) ;
#1857 = FACE_OUTER_BOUND ( 'NONE', #2406, .T. ) ;
#1858 = EDGE_LOOP ( 'NONE', ( #7348, #5957, #625, #6100 ) ) ;
#1859 = DIRECTION ( 'NONE',  ( -1.000000000000000000, 0.000000000000000000, 0.000000000000000000 ) ) ;
#1860 = ADVANCED_FACE ( 'NONE', ( #5237 ), #4663, .F. ) ;
#1861 = ORIENTED_EDGE ( 'NONE', *, *, #5962, .F. ) ;
#1862 = EDGE_LOOP ( 'NONE', ( #3584, #265, #1081, #988 ) ) ;
#1863 = LINE ( 'NONE', #6374, #3716 ) ;
#1864 = DIRECTION ( 'NONE',  ( -1.000000000000000000, 0.000000000000000000, 0.000000000000000000 ) ) ;
#1865 = DIRECTION ( 'NONE',  ( 0.000000000000000000, 0.000000000000000000, 1.000000000000000000 ) ) ;
#1866 = ORIENTED_EDGE ( 'NONE', *, *, #2325, .F. ) ;
#1867 = LINE ( 'NONE', #4857, #6707 ) ;
#1868 = ORIENTED_EDGE ( 'NONE', *, *, #2125, .F. ) ;
#1869 = CIRCLE ( 'NONE', #5135, 2.999999999999999112 ) ;
#1870 = VERTEX_POINT ( 'NONE', #3185 ) ;
#1871 = FACE_OUTER_BOUND ( 'NONE', #2284, .T. ) ;
#1872 = CARTESIAN_POINT ( 'NONE',  ( 3.000000000000000888, 15.00000000000000000, 15.00000000000000000 ) ) ;
#1873 = PRODUCT_DEFINITION_SHAPE ( 'NONE', 'NONE',  #7375 ) ;
#1874 = CIRCLE ( 'NONE', #2611, 1.250000000000001110 ) ;
#1875 = DIRECTION ( 'NONE',  ( 1.000000000000000000, -0.000000000000000000, -0.000000000000000000 ) ) ;
#1876 = VERTEX_POINT ( 'NONE', #5996 ) ;
#1877 = LINE ( 'NONE', #735, #6410 ) ;
#1878 = EDGE_CURVE ( 'NONE', #44, #792, #3839, .T. ) ;
#1879 = DIRECTION ( 'NONE',  ( 0.000000000000000000, 0.000000000000000000, -1.000000000000000000 ) ) ;
#1880 = DIRECTION ( 'NONE',  ( 1.000000000000000000, 0.000000000000000000, 0.000000000000000000 ) ) ;
#1881 = AXIS2_PLACEMENT_3D ( 'NONE', #506, #1003, #1697 ) ;
#1882 = ADVANCED_FACE ( 'NONE', ( #872 ), #1447, .T. ) ;
#1883 = LINE ( 'NONE', #779, #3933 ) ;
#1884 = EDGE_LOOP ( 'NONE', ( #6582, #4267, #2763, #3072 ) ) ;
#1885 = CARTESIAN_POINT ( 'NONE',  ( 0.000000000000000000, 15.00000000000000000, -15.00000000000000000 ) ) ;
#1886 = CARTESIAN_POINT ( 'NONE',  ( 0.000000000000000000, -42.12145270974695421, 47.35404289052740268 ) ) ;
#1887 = DIRECTION ( 'NONE',  ( 0.000000000000000000, 0.000000000000000000, 1.000000000000000000 ) ) ;
#1888 = DIRECTION ( 'NONE',  ( 1.000000000000000000, 0.000000000000000000, 0.000000000000000000 ) ) ;
#1889 = AXIS2_PLACEMENT_3D ( 'NONE', #5050, #5624, #421 ) ;
#1890 = ADVANCED_FACE ( 'NONE', ( #3109 ), #223, .T. ) ;
#1891 = VERTEX_POINT ( 'NONE', #1367 ) ;
#1892 = FACE_OUTER_BOUND ( 'NONE', #4166, .T. ) ;
#1893 = VERTEX_POINT ( 'NONE', #834 ) ;
#1894 = CIRCLE ( 'NONE', #7350, 1.000000000000000888 ) ;
#1895 = ORIENTED_EDGE ( 'NONE', *, *, #862, .F. ) ;
#1896 = ORIENTED_EDGE ( 'NONE', *, *, #814, .F. ) ;
#1897 = FACE_OUTER_BOUND ( 'NONE', #889, .T. ) ;
#1898 = AXIS2_PLACEMENT_3D ( 'NONE', #1406, #2579, #1639 ) ;
#1899 = DIRECTION ( 'NONE',  ( 0.000000000000000000, 0.000000000000000000, -1.000000000000000000 ) ) ;
#1900 = VECTOR ( 'NONE', #1936, 1000.000000000000000 ) ;
#1901 = CARTESIAN_POINT ( 'NONE',  ( 0.000000000000000000, 35.39176575354740351, 40.65799922978155223 ) ) ;
#1902 = EDGE_CURVE ( 'NONE', #4684, #2509, #3106, .T. ) ;
#1903 = EDGE_LOOP ( 'NONE', ( #1226, #786, #480, #2564 ) ) ;
#1904 = DIRECTION ( 'NONE',  ( 1.000000000000000000, -0.000000000000000000, -0.000000000000000000 ) ) ;
#1905 = EDGE_LOOP ( 'NONE', ( #3484, #482, #1536, #3792 ) ) ;
#1906 = EDGE_LOOP ( 'NONE', ( #2338, #4364, #2096, #3258 ) ) ;
#1907 = CARTESIAN_POINT ( 'NONE',  ( 3.000000000000000888, -25.44861127607895668, -9.827646531594108836 ) ) ;
#1908 = DIRECTION ( 'NONE',  ( 0.000000000000000000, 0.000000000000000000, -1.000000000000000000 ) ) ;
#1909 = LINE ( 'NONE', #2366, #7217 ) ;
#1910 = AXIS2_PLACEMENT_3D ( 'NONE', #4728, #4129, #6906 ) ;
#1911 = CARTESIAN_POINT ( 'NONE',  ( 0.000000000000000000, 15.00000000000000000, 12.75000000000000000 ) ) ;
#1912 = ADVANCED_FACE ( 'NONE', ( #3760 ), #4889, .T. ) ;
#1913 = ORIENTED_EDGE ( 'NONE', *, *, #575, .T. ) ;
#1914 = AXIS2_PLACEMENT_3D ( 'NONE', #504, #1581, #6237 ) ;
#1915 = ORIENTED_EDGE ( 'NONE', *, *, #3040, .F. ) ;
#1916 = LINE ( 'NONE', #4116, #473 ) ;
#1917 = CYLINDRICAL_SURFACE ( 'NONE', #686, 2.999999999999999112 ) ;
#1918 = VERTEX_POINT ( 'NONE', #4972 ) ;
#1919 = VECTOR ( 'NONE', #3316, 1000.000000000000000 ) ;
#1920 = LINE ( 'NONE', #6809, #5225 ) ;
#1921 = LINE ( 'NONE', #1998, #1267 ) ;
#1922 = ORIENTED_EDGE ( 'NONE', *, *, #6577, .F. ) ;
#1923 = CARTESIAN_POINT ( 'NONE',  ( 3.000000000000000000, 44.99747468305814380, -48.24747468305849907 ) ) ;
#1924 = VECTOR ( 'NONE', #887, 1000.000000000000000 ) ;
#1925 = LINE ( 'NONE', #4233, #672 ) ;
#1926 = LINE ( 'NONE', #1357, #4310 ) ;
#1927 = EDGE_CURVE ( 'NONE', #790, #7226, #1736, .T. ) ;
#1928 = VERTEX_POINT ( 'NONE', #4322 ) ;
#1929 = LINE ( 'NONE', #4845, #4771 ) ;
#1930 = ORIENTED_EDGE ( 'NONE', *, *, #3186, .F. ) ;
#1931 = CIRCLE ( 'NONE', #2298, 2.500000000000002220 ) ;
#1932 = ADVANCED_FACE ( 'NONE', ( #5500 ), #6106, .T. ) ;
#1933 = ORIENTED_EDGE ( 'NONE', *, *, #5742, .T. ) ;
#1934 = ORIENTED_EDGE ( 'NONE', *, *, #2584, .T. ) ;
#1935 = ORIENTED_EDGE ( 'NONE', *, *, #3279, .T. ) ;
#1936 = DIRECTION ( 'NONE',  ( -1.000000000000000000, 0.000000000000000000, 0.000000000000000000 ) ) ;
#1937 = DIRECTION ( 'NONE',  ( 0.000000000000000000, 0.000000000000000000, -1.000000000000000000 ) ) ;
#1938 = EDGE_CURVE ( 'NONE', #6479, #3634, #6866, .T. ) ;
#1939 = DIRECTION ( 'NONE',  ( 1.000000000000000000, 0.000000000000000000, 0.000000000000000000 ) ) ;
#1940 = EDGE_CURVE ( 'NONE', #3369, #4645, #318, .T. ) ;
#1941 = ORIENTED_EDGE ( 'NONE', *, *, #7073, .F. ) ;
#1942 = CARTESIAN_POINT ( 'NONE',  ( 3.000000000000000000, -42.18320564682839802, 47.41579582760886780 ) ) ;
#1943 = ORIENTED_EDGE ( 'NONE', *, *, #2926, .T. ) ;
#1944 = ORIENTED_EDGE ( 'NONE', *, *, #1529, .F. ) ;
#1945 = CARTESIAN_POINT ( 'NONE',  ( 0.000000000000000000, -49.49747468305860565, -46.24747468305799458 ) ) ;
#1946 = ADVANCED_FACE ( 'NONE', ( #3147 ), #3796, .F. ) ;
#1947 = LINE ( 'NONE', #4253, #3604 ) ;
#1948 = CARTESIAN_POINT ( 'NONE',  ( -17.00000000000000000, 0.000000000000000000, 0.000000000000000000 ) ) ;
#1949 = DIRECTION ( 'NONE',  ( 0.000000000000000000, 0.000000000000000000, -1.000000000000000000 ) ) ;
#1950 = ORIENTED_EDGE ( 'NONE', *, *, #141, .T. ) ;
#1951 = ADVANCED_FACE ( 'NONE', ( #5546 ), #340, .F. ) ;
#1952 = DIRECTION ( 'NONE',  ( -0.000000000000000000, 0.8707834046455880106, 0.4916668203100940104 ) ) ;
#1953 = ORIENTED_EDGE ( 'NONE', *, *, #2363, .F. ) ;
#1954 = LINE ( 'NONE', #6575, #5520 ) ;
#1955 = ADVANCED_FACE ( 'NONE', ( #260 ), #377, .T. ) ;
#1956 = DIRECTION ( 'NONE',  ( 1.000000000000000000, 0.000000000000000000, 0.000000000000000000 ) ) ;
#1957 = CIRCLE ( 'NONE', #6432, 7.000000000000000000 ) ;
#1958 = FACE_OUTER_BOUND ( 'NONE', #2425, .T. ) ;
#1959 = DIRECTION ( 'NONE',  ( 1.000000000000000000, 0.000000000000000000, 0.000000000000000000 ) ) ;
#1960 = ORIENTED_EDGE ( 'NONE', *, *, #3784, .F. ) ;
#1961 =( NAMED_UNIT ( * ) PLANE_ANGLE_UNIT ( ) SI_UNIT ( $, .RADIAN. ) );
#1962 = LINE ( 'NONE', #4232, #4263 ) ;
#1963 = CARTESIAN_POINT ( 'NONE',  ( 3.000000018655151202, 28.49879045605962702, 33.82344204856754999 ) ) ;
#1964 = ORIENTED_EDGE ( 'NONE', *, *, #2901, .T. ) ;
#1965 = DIRECTION ( 'NONE',  ( 1.000000000000000000, 0.000000000000000000, 0.000000000000000000 ) ) ;
#1966 = ORIENTED_EDGE ( 'NONE', *, *, #7492, .F. ) ;
#1967 = EDGE_LOOP ( 'NONE', ( #1514, #3828, #1453, #2581 ) ) ;
#1968 = ORIENTED_EDGE ( 'NONE', *, *, #2716, .T. ) ;
#1969 = AXIS2_PLACEMENT_3D ( 'NONE', #4384, #1154, #7485 ) ;
#1970 = ORIENTED_EDGE ( 'NONE', *, *, #3336, .T. ) ;
#1971 = CARTESIAN_POINT ( 'NONE',  ( 2.999999999999999112, 0.000000000000000000, -19.81566993998855253 ) ) ;
#1972 = DIRECTION ( 'NONE',  ( 0.000000000000000000, -5.782411586589358822E-15, -1.000000000000000000 ) ) ;
#1973 = EDGE_CURVE ( 'NONE', #2753, #3261, #1290, .T. ) ;
#1974 = ORIENTED_EDGE ( 'NONE', *, *, #1328, .T. ) ;
#1975 = LINE ( 'NONE', #2966, #1011 ) ;
#1976 = EDGE_CURVE ( 'NONE', #3285, #2061, #3231, .T. ) ;
#1977 = ORIENTED_EDGE ( 'NONE', *, *, #5381, .T. ) ;
#1978 = ORIENTED_EDGE ( 'NONE', *, *, #1798, .F. ) ;
#1979 = DIRECTION ( 'NONE',  ( 0.000000000000000000, 0.000000000000000000, -1.000000000000000000 ) ) ;
#1980 = DIRECTION ( 'NONE',  ( -0.000000000000000000, 0.7071067811865475727, 0.7071067811865475727 ) ) ;
#1981 = DIRECTION ( 'NONE',  ( 1.000000000000000000, 0.000000000000000000, 0.000000000000000000 ) ) ;
#1982 = AXIS2_PLACEMENT_3D ( 'NONE', #2180, #3241, #4409 ) ;
#1983 = DIRECTION ( 'NONE',  ( 1.000000000000000000, 0.000000000000000000, 0.000000000000000000 ) ) ;
#1984 = ADVANCED_FACE ( 'NONE', ( #1023 ), #5696, .F. ) ;
#1985 = TOROIDAL_SURFACE ( 'NONE', #5501, 5.999999999999997335, 1.000000000000000000 ) ;
#1986 = CARTESIAN_POINT ( 'NONE',  ( 0.000000000000000000, 56.90126254826144248, -54.70878552723407040 ) ) ;
#1987 = ORIENTED_EDGE ( 'NONE', *, *, #791, .T. ) ;
#1988 = VECTOR ( 'NONE', #4746, 1000.000000000000000 ) ;
#1989 = CARTESIAN_POINT ( 'NONE',  ( 0.000000000000000000, -47.35404289052669924, -42.12145270974630051 ) ) ;
#1990 = ORIENTED_EDGE ( 'NONE', *, *, #3360, .F. ) ;
#1991 = ORIENTED_EDGE ( 'NONE', *, *, #4338, .F. ) ;
#1992 = DIRECTION ( 'NONE',  ( -1.000000000000000000, 0.000000000000000000, 0.000000000000000000 ) ) ;
#1993 = CIRCLE ( 'NONE', #1266, 3.033234194475112222 ) ;
#1994 = CARTESIAN_POINT ( 'NONE',  ( 0.000000000000000000, -49.49747468305777431, 51.99747468305882592 ) ) ;
#1995 = EDGE_CURVE ( 'NONE', #364, #699, #7102, .T. ) ;
#1996 = EDGE_LOOP ( 'NONE', ( #4437, #5732, #3979, #132 ) ) ;
#1997 = CARTESIAN_POINT ( 'NONE',  ( 3.000000000000000000, 0.000000000000000000, 0.000000000000000000 ) ) ;
#1998 = CARTESIAN_POINT ( 'NONE',  ( -7.156768276902879755, 52.44211924751589748, -44.26975353622920295 ) ) ;
#1999 = EDGE_LOOP ( 'NONE', ( #5047, #1741 ) ) ;
#2000 = DIRECTION ( 'NONE',  ( -1.000000000000000000, -0.000000000000000000, -0.000000000000000000 ) ) ;
#2001 = CARTESIAN_POINT ( 'NONE',  ( 2.000000000000000000, -42.12145270974695421, 47.35404289052740268 ) ) ;
#2002 = DIRECTION ( 'NONE',  ( 0.000000000000000000, 0.000000000000000000, 1.000000000000000000 ) ) ;
#2003 = DIRECTION ( 'NONE',  ( 1.000000000000000000, 0.000000000000000000, 0.000000000000000000 ) ) ;
#2004 = CIRCLE ( 'NONE', #542, 5.000000000000000888 ) ;
#2005 = DIRECTION ( 'NONE',  ( 0.000000000000000000, 0.4916668203100939549, -0.8707834046455878996 ) ) ;
#2006 = ORIENTED_EDGE ( 'NONE', *, *, #6208, .T. ) ;
#2007 = ORIENTED_EDGE ( 'NONE', *, *, #1475, .T. ) ;
#2008 = VERTEX_POINT ( 'NONE', #4542 ) ;
#2009 = ORIENTED_EDGE ( 'NONE', *, *, #3040, .T. ) ;
#2010 = CARTESIAN_POINT ( 'NONE',  ( 12.56495315152610104, -35.78448174215125022, 41.03712866309894736 ) ) ;
#2011 = VECTOR ( 'NONE', #1657, 1000.000000000000000 ) ;
#2012 = LINE ( 'NONE', #2054, #2173 ) ;
#2013 = DIRECTION ( 'NONE',  ( 1.000000000000000000, 0.000000000000000000, 0.000000000000000000 ) ) ;
#2014 = EDGE_LOOP ( 'NONE', ( #5138, #1935 ) ) ;
#2015 = AXIS2_PLACEMENT_3D ( 'NONE', #5453, #5370, #5986 ) ;
#2016 = CARTESIAN_POINT ( 'NONE',  ( 3.000000000000000000, 37.54544509046066025, -42.77803527124111582 ) ) ;
#2017 = ORIENTED_EDGE ( 'NONE', *, *, #4243, .T. ) ;
#2018 = AXIS2_PLACEMENT_3D ( 'NONE', #1647, #3953, #6306 ) ;
#2019 = VERTEX_POINT ( 'NONE', #2278 ) ;
#2020 = EDGE_CURVE ( 'NONE', #406, #4859, #1599, .T. ) ;
#2021 = LINE ( 'NONE', #4328, #2285 ) ;
#2022 = AXIS2_PLACEMENT_3D ( 'NONE', #6814, #1625, #3934 ) ;
#2023 = CARTESIAN_POINT ( 'NONE',  ( 2.999999999999999112, 19.71194434574736931, 13.32740307229165566 ) ) ;
#2024 = DIRECTION ( 'NONE',  ( 1.000000000000000000, 0.000000000000000000, 0.000000000000000000 ) ) ;
#2025 = EDGE_CURVE ( 'NONE', #2944, #1593, #5164, .T. ) ;
#2026 = AXIS2_PLACEMENT_3D ( 'NONE', #7086, #3638, #5958 ) ;
#2027 = CARTESIAN_POINT ( 'NONE',  ( 3.149999999999999911, -43.54571693074385763, -50.25680310855029376 ) ) ;
#2028 = DIRECTION ( 'NONE',  ( 0.000000000000000000, 0.000000000000000000, -1.000000000000000000 ) ) ;
#2029 = ORIENTED_EDGE ( 'NONE', *, *, #3581, .F. ) ;
#2030 = EDGE_CURVE ( 'NONE', #4099, #1870, #5779, .T. ) ;
#2031 = DIRECTION ( 'NONE',  ( 0.000000000000000000, 0.000000000000000000, -1.000000000000000000 ) ) ;
#2032 = ORIENTED_EDGE ( 'NONE', *, *, #25, .F. ) ;
#2033 = EDGE_LOOP ( 'NONE', ( #5882, #2762, #3114, #3661 ) ) ;
#2034 = CIRCLE ( 'NONE', #1546, 6.499999999999999112 ) ;
#2035 = CARTESIAN_POINT ( 'NONE',  ( 0.000000000000000000, -15.00000000000000000, 15.00000000000000000 ) ) ;
#2036 = EDGE_CURVE ( 'NONE', #2252, #4938, #4260, .T. ) ;
#2037 = CARTESIAN_POINT ( 'NONE',  ( 0.000000000000000000, -42.18319935793441289, 47.41578953871486846 ) ) ;
#2038 = VERTEX_POINT ( 'NONE', #4018 ) ;
#2039 = AXIS2_PLACEMENT_3D ( 'NONE', #2553, #1415, #6039 ) ;
#2040 = DIRECTION ( 'NONE',  ( -1.000000000000000000, 0.000000000000000000, 0.000000000000000000 ) ) ;
#2041 = DIRECTION ( 'NONE',  ( 1.000000000000000000, 0.000000000000000000, 0.000000000000000000 ) ) ;
#2042 = ORIENTED_EDGE ( 'NONE', *, *, #4264, .T. ) ;
#2043 = DIRECTION ( 'NONE',  ( 0.000000000000000000, 0.7071067811865474617, 0.7071067811865474617 ) ) ;
#2044 = CARTESIAN_POINT ( 'NONE',  ( -14.00000000000000000, 15.00000000000000000, -15.00000000000000000 ) ) ;
#2045 = DIRECTION ( 'NONE',  ( 1.000000000000000000, 0.000000000000000000, 0.000000000000000000 ) ) ;
#2046 = DIRECTION ( 'NONE',  ( 1.000000000000000000, -0.000000000000000000, -0.000000000000000000 ) ) ;
#2047 = EDGE_LOOP ( 'NONE', ( #6074, #6360, #5585, #476 ) ) ;
#2048 = VERTEX_POINT ( 'NONE', #5080 ) ;
#2049 = EDGE_LOOP ( 'NONE', ( #4816, #7156, #6065, #2870 ) ) ;
#2050 = VECTOR ( 'NONE', #7264, 1000.000000000000000 ) ;
#2051 = EDGE_CURVE ( 'NONE', #7212, #1352, #7435, .T. ) ;
#2052 = VERTEX_POINT ( 'NONE', #2238 ) ;
#2053 = DIRECTION ( 'NONE',  ( 0.000000000000000000, 0.000000000000000000, -1.000000000000000000 ) ) ;
#2054 = CARTESIAN_POINT ( 'NONE',  ( 2.999999999999999112, 15.47482121282450684, 20.70741139360496064 ) ) ;
#2055 = CARTESIAN_POINT ( 'NONE',  ( 0.000000000000000000, 49.49747468305849907, 49.49747468305820064 ) ) ;
#2056 = EDGE_CURVE ( 'NONE', #4327, #5010, #3943, .T. ) ;
#2057 = AXIS2_PLACEMENT_3D ( 'NONE', #7484, #5712, #4484 ) ;
#2058 = VERTEX_POINT ( 'NONE', #6299 ) ;
#2059 = AXIS2_PLACEMENT_3D ( 'NONE', #6508, #5451, #900 ) ;
#2060 = DIRECTION ( 'NONE',  ( -1.000000000000000000, 0.000000000000000000, 0.000000000000000000 ) ) ;
#2061 = VERTEX_POINT ( 'NONE', #1102 ) ;
#2062 = ORIENTED_EDGE ( 'NONE', *, *, #5125, .T. ) ;
#2063 = CARTESIAN_POINT ( 'NONE',  ( -10.50000000000000000, -2.701750790494729805E-16, 29.30614694161269895 ) ) ;
#2064 = CARTESIAN_POINT ( 'NONE',  ( -7.156768276902879755, 49.49747468305810116, -57.03070887753359841 ) ) ;
#2065 = CARTESIAN_POINT ( 'NONE',  ( -17.00000000000000000, -44.99747468305869802, -50.74747468305800169 ) ) ;
#2066 = CARTESIAN_POINT ( 'NONE',  ( 0.000000000000000000, -46.55283011860019826, 54.72519582988880416 ) ) ;
#2067 = DIRECTION ( 'NONE',  ( 1.000000000000000000, 0.000000000000000000, 0.000000000000000000 ) ) ;
#2068 = ORIENTED_EDGE ( 'NONE', *, *, #4058, .T. ) ;
#2069 = LINE ( 'NONE', #6008, #3382 ) ;
#2070 = EDGE_LOOP ( 'NONE', ( #3096, #7354, #2120, #5465, #4337, #2334, #2431, #1922, #2602, #2984, #6009, #3539, #2958, #1684, #2616, #3627, #7400, #3028, #6708, #2773, #3950, #4496, #7233, #3120, #3643, #1468, #6742, #2798, #877, #6407, #3869, #6909, #5516, #1547, #390, #3226, #6676, #3618, #5240, #6140, #6103, #526, #916, #4899, #5267, #6940, #6978, #5478, #2660, #4287, #6093, #4693, #5678, #3668, #4426, #1633, #1727, #1407, #7189, #7254, #4648, #2666, #4934, #2745, #6697, #1756, #728, #2940, #430, #4969, #2558, #2077, #213, #1072, #4284, #3892, #7181, #2875, #2521, #2235, #4500, #1008, #3713, #3978, #6186, #3558, #161, #6132, #304, #6477, #5621, #5005, #1852, #4976, #1685 ) ) ;
#2071 = CARTESIAN_POINT ( 'NONE',  ( 3.000000000000002665, -35.39869308601529951, 40.65196812363429757 ) ) ;
#2072 = CYLINDRICAL_SURFACE ( 'NONE', #4098, 2.999999999999999112 ) ;
#2073 = EDGE_CURVE ( 'NONE', #6753, #2194, #3576, .T. ) ;
#2074 = DIRECTION ( 'NONE',  ( 1.000000000000000000, 0.000000000000000000, 0.000000000000000000 ) ) ;
#2075 = EDGE_CURVE ( 'NONE', #3436, #6750, #4076, .T. ) ;
#2076 = FACE_BOUND ( 'NONE', #4658, .T. ) ;
#2077 = ORIENTED_EDGE ( 'NONE', *, *, #3282, .T. ) ;
#2078 = DIRECTION ( 'NONE',  ( 1.000000000000000000, 0.000000000000000000, 0.000000000000000000 ) ) ;
#2079 = DIRECTION ( 'NONE',  ( 0.000000000000000000, 0.000000000000000000, -1.000000000000000000 ) ) ;
#2080 = AXIS2_PLACEMENT_3D ( 'NONE', #2337, #4644, #6963 ) ;
#2081 = CARTESIAN_POINT ( 'NONE',  ( -17.00000000000000000, -44.99747468305779563, 48.24747468305880460 ) ) ;
#2082 = DIRECTION ( 'NONE',  ( 1.000000000000000000, 0.000000000000000000, 0.000000000000000000 ) ) ;
#2083 = EDGE_CURVE ( 'NONE', #6197, #1313, #1136, .T. ) ;
#2084 = ORIENTED_EDGE ( 'NONE', *, *, #6685, .F. ) ;
#2085 = ORIENTED_EDGE ( 'NONE', *, *, #1374, .F. ) ;
#2086 = ORIENTED_EDGE ( 'NONE', *, *, #935, .T. ) ;
#2087 = ORIENTED_EDGE ( 'NONE', *, *, #51, .F. ) ;
#2088 = CARTESIAN_POINT ( 'NONE',  ( 0.000000000000000000, -14.76172929972859826, 19.99431948050905206 ) ) ;
#2089 = CARTESIAN_POINT ( 'NONE',  ( 1.999999999999999112, 42.30026610687168898, -47.54239527878446125 ) ) ;
#2090 = DIRECTION ( 'NONE',  ( 1.000000000000000000, 0.000000000000000000, 0.000000000000000000 ) ) ;
#2091 = ORIENTED_EDGE ( 'NONE', *, *, #1425, .T. ) ;
#2092 = EDGE_CURVE ( 'NONE', #3526, #3178, #1283, .T. ) ;
#2093 = VECTOR ( 'NONE', #5937, 1000.000000000000000 ) ;
#2094 = FACE_OUTER_BOUND ( 'NONE', #1810, .T. ) ;
#2095 = ORIENTED_EDGE ( 'NONE', *, *, #6560, .F. ) ;
#2096 = ORIENTED_EDGE ( 'NONE', *, *, #5360, .T. ) ;
#2097 = DIRECTION ( 'NONE',  ( -1.000000000000000000, 0.000000000000000000, 0.000000000000000000 ) ) ;
#2098 = CARTESIAN_POINT ( 'NONE',  ( 13.59999999999999964, -23.59999999999999787, -3.000000000000000000 ) ) ;
#2099 = DIRECTION ( 'NONE',  ( 0.000000000000000000, 0.000000000000000000, -1.000000000000000000 ) ) ;
#2100 = DIRECTION ( 'NONE',  ( -1.000000000000000000, 0.000000000000000000, 0.000000000000000000 ) ) ;
#2101 = DIRECTION ( 'NONE',  ( 0.000000000000000000, 0.000000000000000000, 1.000000000000000000 ) ) ;
#2102 = ORIENTED_EDGE ( 'NONE', *, *, #2308, .T. ) ;
#2103 = CARTESIAN_POINT ( 'NONE',  ( 0.000000000000000000, -44.26975353622935216, -52.44211924751579801 ) ) ;
#2104 = ORIENTED_EDGE ( 'NONE', *, *, #1293, .T. ) ;
#2105 = AXIS2_PLACEMENT_3D ( 'NONE', #1763, #5093, #7412 ) ;
#2106 = CARTESIAN_POINT ( 'NONE',  ( 3.000000000000000000, 49.49747468305810116, -46.24747468305849196 ) ) ;
#2107 = DIRECTION ( 'NONE',  ( 1.000000000000000000, 0.000000000000000000, 0.000000000000000000 ) ) ;
#2108 = ORIENTED_EDGE ( 'NONE', *, *, #4566, .T. ) ;
#2109 = VECTOR ( 'NONE', #1157, 1000.000000000000000 ) ;
#2110 = CARTESIAN_POINT ( 'NONE',  ( 0.000000000000000000, 49.49747468305810116, -53.99747468305849196 ) ) ;
#2111 = VERTEX_POINT ( 'NONE', #487 ) ;
#2112 = VECTOR ( 'NONE', #2127, 1000.000000000000000 ) ;
#2113 = EDGE_CURVE ( 'NONE', #7083, #3733, #4435, .T. ) ;
#2114 = CARTESIAN_POINT ( 'NONE',  ( 0.000000000000000000, -49.49747468305860565, -44.99747468305794484 ) ) ;
#2115 = CARTESIAN_POINT ( 'NONE',  ( -1.056581599831130104E-17, -47.77712100199649825, 42.49929662229980210 ) ) ;
#2116 = EDGE_CURVE ( 'NONE', #811, #3019, #6748, .T. ) ;
#2117 = CARTESIAN_POINT ( 'NONE',  ( 0.000000000000000000, -8.702959901070199678, -13.62321422119828007 ) ) ;
#2118 = VERTEX_POINT ( 'NONE', #3439 ) ;
#2119 = ORIENTED_EDGE ( 'NONE', *, *, #6354, .T. ) ;
#2120 = ORIENTED_EDGE ( 'NONE', *, *, #3997, .T. ) ;
#2121 = EDGE_LOOP ( 'NONE', ( #6593, #7474 ) ) ;
#2122 = CARTESIAN_POINT ( 'NONE',  ( 3.000000000000002665, -10.24377216533662249, 20.44140357624315385 ) ) ;
#2123 = FACE_OUTER_BOUND ( 'NONE', #3906, .T. ) ;
#2124 = CARTESIAN_POINT ( 'NONE',  ( 3.000000000000002665, -7.153153898236729979, 23.55173142797270103 ) ) ;
#2125 = EDGE_CURVE ( 'NONE', #6492, #2936, #5766, .T. ) ;
#2126 = EDGE_LOOP ( 'NONE', ( #313, #5374, #6067, #1960 ) ) ;
#2127 = DIRECTION ( 'NONE',  ( 1.000000000000000000, 0.000000000000000000, 0.000000000000000000 ) ) ;
#2128 = AXIS2_PLACEMENT_3D ( 'NONE', #4485, #2896, #3965 ) ;
#2129 = ORIENTED_EDGE ( 'NONE', *, *, #4292, .T. ) ;
#2130 = EDGE_LOOP ( 'NONE', ( #1326, #6527, #4032, #463 ) ) ;
#2131 = DIRECTION ( 'NONE',  ( -1.000000000000000000, -0.000000000000000000, -0.000000000000000000 ) ) ;
#2132 = CARTESIAN_POINT ( 'NONE',  ( 3.000000000000000000, -54.72519582988859810, -46.55283011860039721 ) ) ;
#2133 = EDGE_CURVE ( 'NONE', #6743, #1224, #3299, .T. ) ;
#2134 = LINE ( 'NONE', #4442, #6633 ) ;
#2135 = CARTESIAN_POINT ( 'NONE',  ( 3.000000000000000000, 42.12145270974714606, 47.35404289052760163 ) ) ;
#2136 = CIRCLE ( 'NONE', #4072, 3.033234194475112222 ) ;
#2137 = DIRECTION ( 'NONE',  ( 0.000000000000000000, 0.000000000000000000, -1.000000000000000000 ) ) ;
#2138 = CIRCLE ( 'NONE', #3224, 3.000000000000002665 ) ;
#2139 = DIRECTION ( 'NONE',  ( -1.000000000000000000, -0.000000000000000000, -0.000000000000000000 ) ) ;
#2140 = ORIENTED_EDGE ( 'NONE', *, *, #6661, .F. ) ;
#2141 = VECTOR ( 'NONE', #4605, 1000.000000000000000 ) ;
#2142 = CARTESIAN_POINT ( 'NONE',  ( 0.000000000000000000, -24.53625782700349589, 6.937104675682405741 ) ) ;
#2143 = EDGE_CURVE ( 'NONE', #1778, #2622, #3095, .T. ) ;
#2144 = CARTESIAN_POINT ( 'NONE',  ( -17.00000000000000000, 53.99747468305810116, -49.49747468305849907 ) ) ;
#2145 = AXIS2_PLACEMENT_3D ( 'NONE', #4940, #4777, #7256 ) ;
#2146 = CARTESIAN_POINT ( 'NONE',  ( 0.000000000000000000, 3.370785039248560100, -21.96922704839735019 ) ) ;
#2147 = EDGE_CURVE ( 'NONE', #2370, #2732, #1558, .T. ) ;
#2148 = VERTEX_POINT ( 'NONE', #30 ) ;
#2149 = FACE_OUTER_BOUND ( 'NONE', #4221, .T. ) ;
#2150 = CIRCLE ( 'NONE', #1424, 2.999999999999999112 ) ;
#2151 = VERTEX_POINT ( 'NONE', #4652 ) ;
#2152 = DIRECTION ( 'NONE',  ( 0.000000000000000000, -2.312964634635743450E-15, -1.000000000000000000 ) ) ;
#2153 = CARTESIAN_POINT ( 'NONE',  ( 3.000000000000000000, -49.49747468305869802, -53.99747468305799458 ) ) ;
#2154 = CYLINDRICAL_SURFACE ( 'NONE', #503, 5.000000000000000888 ) ;
#2155 = VERTEX_POINT ( 'NONE', #5842 ) ;
#2156 = CYLINDRICAL_SURFACE ( 'NONE', #6085, 3.330726836203799834 ) ;
#2157 = VERTEX_POINT ( 'NONE', #2419 ) ;
#2158 = VERTEX_POINT ( 'NONE', #103 ) ;
#2159 = CARTESIAN_POINT ( 'NONE',  ( -10.50000000000000000, -23.59999999999999787, 0.000000000000000000 ) ) ;
#2160 = EDGE_CURVE ( 'NONE', #6782, #2399, #3346, .T. ) ;
#2161 = AXIS2_PLACEMENT_3D ( 'NONE', #3648, #4365, #306 ) ;
#2162 = LINE ( 'NONE', #6297, #6776 ) ;
#2163 = CARTESIAN_POINT ( 'NONE',  ( -7.786710655447439490E-16, 47.77712100199629930, -42.49929662229975236 ) ) ;
#2164 = ADVANCED_FACE ( 'NONE', ( #6935 ), #2988, .F. ) ;
#2165 = VERTEX_POINT ( 'NONE', #1174 ) ;
#2166 = AXIS2_PLACEMENT_3D ( 'NONE', #7230, #3167, #1542 ) ;
#2167 = CARTESIAN_POINT ( 'NONE',  ( 10.46663528149589162, 32.43539072949806723, 37.69680297334156194 ) ) ;
#2168 = EDGE_LOOP ( 'NONE', ( #1970, #610 ) ) ;
#2169 = EDGE_CURVE ( 'NONE', #357, #4547, #4312, .T. ) ;
#2170 = ORIENTED_EDGE ( 'NONE', *, *, #579, .F. ) ;
#2171 = CARTESIAN_POINT ( 'NONE',  ( -7.156768276902879755, 49.49747468305810116, -53.99747468305849196 ) ) ;
#2172 = ADVANCED_FACE ( 'NONE', ( #6971 ), #5303, .F. ) ;
#2173 = VECTOR ( 'NONE', #5544, 1000.000000000000000 ) ;
#2174 = DIRECTION ( 'NONE',  ( 0.000000000000000000, 0.000000000000000000, 1.000000000000000000 ) ) ;
#2175 = DIRECTION ( 'NONE',  ( 0.000000000000000000, 0.000000000000000000, -1.000000000000000000 ) ) ;
#2176 = FACE_BOUND ( 'NONE', #189, .T. ) ;
#2177 = CIRCLE ( 'NONE', #4222, 5.999999999999998224 ) ;
#2178 = CIRCLE ( 'NONE', #6413, 4.000000000000000000 ) ;
#2179 = CARTESIAN_POINT ( 'NONE',  ( 3.000000000000000888, 7.347880794884119933E-15, -33.39999999999999858 ) ) ;
#2180 = CARTESIAN_POINT ( 'NONE',  ( 2.999999999999999112, -12.37182433411610738, 22.55597066360476077 ) ) ;
#2181 = EDGE_CURVE ( 'NONE', #6594, #3820, #4194, .T. ) ;
#2182 = ORIENTED_EDGE ( 'NONE', *, *, #6123, .T. ) ;
#2183 = DIRECTION ( 'NONE',  ( 0.000000000000000000, 0.000000000000000000, 1.000000000000000000 ) ) ;
#2184 = CARTESIAN_POINT ( 'NONE',  ( 0.000000000000000000, 7.000000000000000000, -50.93157033242439979 ) ) ;
#2185 = CARTESIAN_POINT ( 'NONE',  ( 0.000000000000000000, 25.62639001561595009, -39.34426157063499829 ) ) ;
#2186 = ORIENTED_EDGE ( 'NONE', *, *, #6745, .T. ) ;
#2187 = EDGE_CURVE ( 'NONE', #1893, #1490, #77, .T. ) ;
#2188 = CYLINDRICAL_SURFACE ( 'NONE', #2802, 2.000000000000001776 ) ;
#2189 = CIRCLE ( 'NONE', #7495, 3.033234194475119327 ) ;
#2190 = VERTEX_POINT ( 'NONE', #6367 ) ;
#2191 = DIRECTION ( 'NONE',  ( 1.000000000000000000, 0.000000000000000000, 0.000000000000000000 ) ) ;
#2192 = DIRECTION ( 'NONE',  ( -1.000000000000000000, 0.000000000000000000, 0.000000000000000000 ) ) ;
#2193 = CARTESIAN_POINT ( 'NONE',  ( 3.000000000000000000, 49.49747468305830722, 44.99747468305830012 ) ) ;
#2194 = VERTEX_POINT ( 'NONE', #4159 ) ;
#2195 = CARTESIAN_POINT ( 'NONE',  ( 3.000000000000000000, 49.49747468305810116, -53.99747468305849196 ) ) ;
#2196 = ORIENTED_EDGE ( 'NONE', *, *, #1237, .T. ) ;
#2197 = VERTEX_POINT ( 'NONE', #6509 ) ;
#2198 = DIRECTION ( 'NONE',  ( 0.000000000000000000, 0.000000000000000000, -1.000000000000000000 ) ) ;
#2199 = CARTESIAN_POINT ( 'NONE',  ( 3.000000000000000000, -49.49747468305779563, 53.99747468305879750 ) ) ;
#2200 = CARTESIAN_POINT ( 'NONE',  ( 0.000000000000000000, 12.37182433411610916, 22.55597066360476433 ) ) ;
#2201 = ORIENTED_EDGE ( 'NONE', *, *, #4912, .F. ) ;
#2202 = CIRCLE ( 'NONE', #4492, 2.000000000000001776 ) ;
#2203 = CARTESIAN_POINT ( 'NONE',  ( -17.00000000000000000, -49.49747468305869802, -53.99747468305799458 ) ) ;
#2204 = VERTEX_POINT ( 'NONE', #5915 ) ;
#2205 = B_SPLINE_CURVE_WITH_KNOTS ( 'NONE', 3,
 ( #4737, #4210, #4702, #5963 ),
 .UNSPECIFIED., .F., .F.,
 ( 4, 4 ),
 ( 0.000000000000000000, 1.000000000000000000 ),
 .UNSPECIFIED. ) ;
#2206 = VERTEX_POINT ( 'NONE', #2384 ) ;
#2207 = CYLINDRICAL_SURFACE ( 'NONE', #4922, 1.250000000000001110 ) ;
#2208 = CARTESIAN_POINT ( 'NONE',  ( -17.00000000000000000, 28.39513128277824805, 36.48068905670280060 ) ) ;
#2209 = ADVANCED_FACE ( 'NONE', ( #711 ), #4617, .F. ) ;
#2210 = DIRECTION ( 'NONE',  ( -1.000000000000000000, -0.000000000000000000, -0.000000000000000000 ) ) ;
#2211 = LINE ( 'NONE', #6834, #2974 ) ;
#2212 = EDGE_CURVE ( 'NONE', #982, #2252, #1450, .T. ) ;
#2213 = DIRECTION ( 'NONE',  ( -1.000000000000000000, 0.000000000000000000, 0.000000000000000000 ) ) ;
#2214 = CARTESIAN_POINT ( 'NONE',  ( 3.000000000000002665, -22.80945901265407727, 7.795582449327547181 ) ) ;
#2215 = ORIENTED_EDGE ( 'NONE', *, *, #7492, .T. ) ;
#2216 = CARTESIAN_POINT ( 'NONE',  ( 0.000000000000000000, -57.03070887753381157, -49.49747468305820775 ) ) ;
#2217 = AXIS2_PLACEMENT_3D ( 'NONE', #5675, #2295, #2788 ) ;
#2218 = CARTESIAN_POINT ( 'NONE',  ( 0.000000000000000000, 9.332174861821640022, 8.638356021761239845 ) ) ;
#2219 = DIRECTION ( 'NONE',  ( 0.000000000000000000, 0.000000000000000000, -1.000000000000000000 ) ) ;
#2220 = CARTESIAN_POINT ( 'NONE',  ( 0.000000000000000000, -5.332174861821640022, 8.638356021761239845 ) ) ;
#2221 = EDGE_CURVE ( 'NONE', #879, #5457, #5397, .T. ) ;
#2222 = ORIENTED_EDGE ( 'NONE', *, *, #6928, .T. ) ;
#2223 = CARTESIAN_POINT ( 'NONE',  ( 3.000000000000000000, -7.000000000000000000, -45.56515138991167646 ) ) ;
#2224 = ORIENTED_EDGE ( 'NONE', *, *, #6288, .T. ) ;
#2225 = CARTESIAN_POINT ( 'NONE',  ( 0.000000000000000000, -53.99747468305869802, -49.49747468305790221 ) ) ;
#2226 = ADVANCED_FACE ( 'NONE', ( #1317 ), #2878, .T. ) ;
#2227 = DIRECTION ( 'NONE',  ( 1.000000000000000000, 0.000000000000000000, 0.000000000000000000 ) ) ;
#2228 = AXIS2_PLACEMENT_3D ( 'NONE', #2430, #3036, #2397 ) ;
#2229 = DIRECTION ( 'NONE',  ( -1.000000000000000000, 0.000000000000000000, 0.000000000000000000 ) ) ;
#2230 = VERTEX_POINT ( 'NONE', #2315 ) ;
#2231 = CIRCLE ( 'NONE', #164, 5.000000000000000888 ) ;
#2232 = DIRECTION ( 'NONE',  ( -1.000000000000000000, 0.000000000000000000, 0.000000000000000000 ) ) ;
#2233 = AXIS2_PLACEMENT_3D ( 'NONE', #5626, #7, #5739 ) ;
#2234 = ORIENTED_EDGE ( 'NONE', *, *, #5059, .F. ) ;
#2235 = ORIENTED_EDGE ( 'NONE', *, *, #2325, .T. ) ;
#2236 = CARTESIAN_POINT ( 'NONE',  ( 3.000000000000000000, 49.49747468305849907, 49.49747468305820064 ) ) ;
#2237 = LINE ( 'NONE', #5149, #6298 ) ;
#2238 = CARTESIAN_POINT ( 'NONE',  ( 3.000000000000000000, 42.30031454084590337, -47.54235134132120066 ) ) ;
#2239 = VECTOR ( 'NONE', #2046, 1000.000000000000000 ) ;
#2240 = ORIENTED_EDGE ( 'NONE', *, *, #2831, .T. ) ;
#2241 = EDGE_CURVE ( 'NONE', #2416, #1098, #5286, .T. ) ;
#2242 = CARTESIAN_POINT ( 'NONE',  ( 3.000000000000002665, -28.96945907759636896, 34.23320178708749495 ) ) ;
#2243 = ORIENTED_EDGE ( 'NONE', *, *, #4033, .F. ) ;
#2244 = ORIENTED_EDGE ( 'NONE', *, *, #3652, .F. ) ;
#2245 = DIRECTION ( 'NONE',  ( 1.000000000000000000, 0.000000000000000000, 0.000000000000000000 ) ) ;
#2246 = DIRECTION ( 'NONE',  ( 1.000000000000000000, 0.000000000000000000, 0.000000000000000000 ) ) ;
#2247 = DIRECTION ( 'NONE',  ( 0.000000000000000000, 0.000000000000000000, -1.000000000000000000 ) ) ;
#2248 = AXIS2_PLACEMENT_3D ( 'NONE', #88, #3536, #4141 ) ;
#2249 = CARTESIAN_POINT ( 'NONE',  ( 2.050000000000000266, -50.25680310855020139, 43.54571693074325367 ) ) ;
#2250 = EDGE_CURVE ( 'NONE', #5758, #5718, #7095, .T. ) ;
#2251 = DIRECTION ( 'NONE',  ( 0.000000000000000000, 0.000000000000000000, -1.000000000000000000 ) ) ;
#2252 = VERTEX_POINT ( 'NONE', #4689 ) ;
#2253 = CARTESIAN_POINT ( 'NONE',  ( 0.000000000000000000, -49.94734338944643781, -57.29768064699739938 ) ) ;
#2254 = VECTOR ( 'NONE', #746, 1000.000000000000000 ) ;
#2256 = EDGE_CURVE ( 'NONE', #5929, #2983, #7010, .T. ) ;
#2255 = DIRECTION ( 'NONE',  ( 0.000000000000000000, -0.7071067811865480168, 0.7071067811865470176 ) ) ;
#2257 = DIRECTION ( 'NONE',  ( -1.000000000000000000, 0.000000000000000000, 0.000000000000000000 ) ) ;
#2258 = CARTESIAN_POINT ( 'NONE',  ( 1.000000000000000444, 47.54239527878493021, 42.30026610687210109 ) ) ;
#2259 = CIRCLE ( 'NONE', #4716, 2.250000000000000444 ) ;
#2260 = EDGE_CURVE ( 'NONE', #2759, #7419, #6259, .T. ) ;
#2261 = CARTESIAN_POINT ( 'NONE',  ( 3.000000000000000000, -19.99431948050905206, 14.76172929972859826 ) ) ;
#2262 = VECTOR ( 'NONE', #6925, 1000.000000000000000 ) ;
#2263 = AXIS2_PLACEMENT_3D ( 'NONE', #2663, #952, #5584 ) ;
#2264 = EDGE_CURVE ( 'NONE', #1371, #6236, #1925, .T. ) ;
#2265 = EDGE_LOOP ( 'NONE', ( #5384, #5197, #262, #2286 ) ) ;
#2266 = CIRCLE ( 'NONE', #3842, 2.999999999999999112 ) ;
#2267 = FACE_OUTER_BOUND ( 'NONE', #2717, .T. ) ;
#2268 = VECTOR ( 'NONE', #1388, 1000.000000000000114 ) ;
#2269 = CARTESIAN_POINT ( 'NONE',  ( -0.9999999999999991118, -23.59999999999999787, 5.000000000000000888 ) ) ;
#2270 = CIRCLE ( 'NONE', #6271, 3.000000000000000888 ) ;
#2271 = CARTESIAN_POINT ( 'NONE',  ( 0.000000000000000000, -2.701750790494729805E-16, 25.80614694161269895 ) ) ;
#2272 = ORIENTED_EDGE ( 'NONE', *, *, #267, .F. ) ;
#2273 = DIRECTION ( 'NONE',  ( 0.000000000000000000, 0.000000000000000000, -1.000000000000000000 ) ) ;
#2274 = ORIENTED_EDGE ( 'NONE', *, *, #6870, .F. ) ;
#2275 = ORIENTED_EDGE ( 'NONE', *, *, #4618, .T. ) ;
#2276 = CARTESIAN_POINT ( 'NONE',  ( 2.999999999999999112, 13.35350086926485602, 22.82873173716461324 ) ) ;
#2277 = CARTESIAN_POINT ( 'NONE',  ( 13.59999999999999964, -4.000000000000000000, -45.56515138991167646 ) ) ;
#2278 = CARTESIAN_POINT ( 'NONE',  ( 3.000000000000000000, -49.49747468305860565, -46.24747468305799458 ) ) ;
#2279 = AXIS2_PLACEMENT_3D ( 'NONE', #5268, #71, #6449 ) ;
#2280 = VERTEX_POINT ( 'NONE', #6548 ) ;
#2281 = FACE_OUTER_BOUND ( 'NONE', #317, .T. ) ;
#2282 = EDGE_CURVE ( 'NONE', #4398, #1444, #5369, .T. ) ;
#2283 = DIRECTION ( 'NONE',  ( 0.000000000000000000, 0.000000000000000000, -1.000000000000000000 ) ) ;
#2284 = EDGE_LOOP ( 'NONE', ( #1206, #1915, #4208, #6718 ) ) ;
#2285 = VECTOR ( 'NONE', #880, 999.9999999999998863 ) ;
#2286 = ORIENTED_EDGE ( 'NONE', *, *, #827, .F. ) ;
#2287 = CARTESIAN_POINT ( 'NONE',  ( 0.000000000000000000, 11.00000000000000000, -37.97687999291370176 ) ) ;
#2288 = DIRECTION ( 'NONE',  ( 1.000000000000000000, 0.000000000000000000, 0.000000000000000000 ) ) ;
#2289 = EDGE_CURVE ( 'NONE', #3064, #6264, #2138, .T. ) ;
#2290 = CARTESIAN_POINT ( 'NONE',  ( 3.000000000000000000, -47.77712424307180328, 42.49929430624614923 ) ) ;
#2291 = FACE_OUTER_BOUND ( 'NONE', #3566, .T. ) ;
#2292 = CARTESIAN_POINT ( 'NONE',  ( 0.000000000000000000, 23.59999999999999787, 7.000000000000000000 ) ) ;
#2293 = VERTEX_POINT ( 'NONE', #1074 ) ;
#2294 = DIRECTION ( 'NONE',  ( 0.000000000000000000, 0.000000000000000000, 1.000000000000000000 ) ) ;
#2295 = DIRECTION ( 'NONE',  ( 1.000000000000000000, 0.000000000000000000, 0.000000000000000000 ) ) ;
#2296 = CARTESIAN_POINT ( 'NONE',  ( -17.00000000000000000, -53.99747468305869802, -48.24747468305790221 ) ) ;
#2297 = LINE ( 'NONE', #5636, #3122 ) ;
#2298 = AXIS2_PLACEMENT_3D ( 'NONE', #3534, #4669, #2893 ) ;
#2299 =( BOUNDED_SURFACE ( )  B_SPLINE_SURFACE ( 2, 3, ( 
 ( #3026, #1148, #2249, #4480 ),
 ( #6837, #6800, #5741, #1036 ),
 ( #7374, #5670, #3999, #499 ) ),
 .UNSPECIFIED., .F., .F., .F. ) 
 B_SPLINE_SURFACE_WITH_KNOTS ( ( 3, 3 ),
 ( 4, 4 ),
 ( 0.000000000000000000, 1.000000000000000000 ),
 ( 0.01682056274847710045, 0.02012056274847710130 ),
 .UNSPECIFIED. ) 
 GEOMETRIC_REPRESENTATION_ITEM ( )  RATIONAL_B_SPLINE_SURFACE ( (
 ( 1.000000000000000000, 1.000000000000000000, 1.000000000000000000, 1.000000000000000000),
 ( 0.9462846006643760299, 0.9462846006643760299, 0.9462846006643760299, 0.9462846006643760299),
 ( 1.000000000000000000, 1.000000000000000000, 1.000000000000000000, 1.000000000000000000) ) ) 
 REPRESENTATION_ITEM ( '' )  SURFACE ( )  );
#2300 = LINE ( 'NONE', #1196, #4374 ) ;
#2301 = AXIS2_PLACEMENT_3D ( 'NONE', #3872, #6184, #2804 ) ;
#2302 = ORIENTED_EDGE ( 'NONE', *, *, #1437, .F. ) ;
#2303 = AXIS2_PLACEMENT_3D ( 'NONE', #4718, #663, #5185 ) ;
#2304 = CARTESIAN_POINT ( 'NONE',  ( 13.59999999999999964, 1.584513006521006543E-16, 22.30614694161269895 ) ) ;
#2305 = EDGE_CURVE ( 'NONE', #3025, #4967, #3617, .T. ) ;
#2306 = CARTESIAN_POINT ( 'NONE',  ( 0.000000000000000000, 49.49747468305810116, -44.99747468305849196 ) ) ;
#2307 = DIRECTION ( 'NONE',  ( 1.000000000000000000, 0.000000000000000000, 0.000000000000000000 ) ) ;
#2308 = EDGE_CURVE ( 'NONE', #973, #4306, #2860, .T. ) ;
#2309 = ORIENTED_EDGE ( 'NONE', *, *, #5625, .T. ) ;
#2310 = CYLINDRICAL_SURFACE ( 'NONE', #3270, 4.999999999999997335 ) ;
#2311 = ORIENTED_EDGE ( 'NONE', *, *, #2584, .F. ) ;
#2312 = ORIENTED_EDGE ( 'NONE', *, *, #5416, .F. ) ;
#2313 = CARTESIAN_POINT ( 'NONE',  ( 3.000000000000000000, 49.49747468305830722, 44.99747468305830012 ) ) ;
#2314 = CARTESIAN_POINT ( 'NONE',  ( 0.000000000000000000, 7.000000000000000000, -36.39999999999999858 ) ) ;
#2315 = CARTESIAN_POINT ( 'NONE',  ( 0.000000000000000000, -46.20717412946349612, -54.51483676556789959 ) ) ;
#2316 = ADVANCED_FACE ( 'NONE', ( #4476 ), #4441, .T. ) ;
#2317 = VERTEX_POINT ( 'NONE', #456 ) ;
#2318 = CARTESIAN_POINT ( 'NONE',  ( 0.000000000000000000, 53.99747468305830012, 49.49747468305830722 ) ) ;
#2319 = FACE_OUTER_BOUND ( 'NONE', #5000, .T. ) ;
#2320 = VERTEX_POINT ( 'NONE', #2814 ) ;
#2321 = ORIENTED_EDGE ( 'NONE', *, *, #3282, .F. ) ;
#2322 = FACE_OUTER_BOUND ( 'NONE', #5735, .T. ) ;
#2323 = CARTESIAN_POINT ( 'NONE',  ( 0.000000000000000000, -53.99747468305869802, -49.49747468305790221 ) ) ;
#2324 = CARTESIAN_POINT ( 'NONE',  ( 0.000000000000000000, -42.38253758752719591, -47.63020583461304369 ) ) ;
#2325 = EDGE_CURVE ( 'NONE', #1444, #5566, #6980, .T. ) ;
#2326 = CARTESIAN_POINT ( 'NONE',  ( 2.050000000000000266, -42.12145270974760081, -47.35404289052809901 ) ) ;
#2327 = DIRECTION ( 'NONE',  ( -0.000000000000000000, 0.7093507229264949254, 0.7048556957872008644 ) ) ;
#2328 = ORIENTED_EDGE ( 'NONE', *, *, #2530, .F. ) ;
#2329 = CARTESIAN_POINT ( 'NONE',  ( -0.1499999999999999944, -50.25680310855009481, -43.54571693074265681 ) ) ;
#2330 = DIRECTION ( 'NONE',  ( 0.000000000000000000, 0.000000000000000000, -1.000000000000000000 ) ) ;
#2331 = DIRECTION ( 'NONE',  ( 0.000000000000000000, 0.000000000000000000, -1.000000000000000000 ) ) ;
#2332 = DIRECTION ( 'NONE',  ( 0.000000000000000000, 0.000000000000000000, -1.000000000000000000 ) ) ;
#2333 = CIRCLE ( 'NONE', #1615, 1.250000000000001110 ) ;
#2334 = ORIENTED_EDGE ( 'NONE', *, *, #1116, .F. ) ;
#2335 = DIRECTION ( 'NONE',  ( 1.000000000000000000, -0.000000000000000000, -0.000000000000000000 ) ) ;
#2336 = FACE_OUTER_BOUND ( 'NONE', #5604, .T. ) ;
#2337 = CARTESIAN_POINT ( 'NONE',  ( 76.59212285118779562, 0.000000000000000000, 0.000000000000000000 ) ) ;
#2338 = ORIENTED_EDGE ( 'NONE', *, *, #7157, .F. ) ;
#2339 = EDGE_CURVE ( 'NONE', #144, #2538, #1032, .T. ) ;
#2340 = CARTESIAN_POINT ( 'NONE',  ( 0.000000000000000000, 0.000000000000000000, 0.000000000000000000 ) ) ;
#2341 = ORIENTED_EDGE ( 'NONE', *, *, #4748, .F. ) ;
#2342 = EDGE_LOOP ( 'NONE', ( #2583, #2196, #6622, #3161 ) ) ;
#2343 = DIRECTION ( 'NONE',  ( 0.000000000000000000, 0.000000000000000000, -1.000000000000000000 ) ) ;
#2344 = CYLINDRICAL_SURFACE ( 'NONE', #2781, 1.250000000000001110 ) ;
#2345 = AXIS2_PLACEMENT_3D ( 'NONE', #7169, #6489, #1258 ) ;
#2346 = DIRECTION ( 'NONE',  ( 0.000000000000000000, 0.000000000000000000, -1.000000000000000000 ) ) ;
#2347 = CARTESIAN_POINT ( 'NONE',  ( 3.000000000000000000, 35.42412474690099344, -44.89935561480072579 ) ) ;
#2348 = EDGE_CURVE ( 'NONE', #5929, #5117, #3833, .T. ) ;
#2349 = ORIENTED_EDGE ( 'NONE', *, *, #608, .T. ) ;
#2350 = CIRCLE ( 'NONE', #2954, 4.000000000000000000 ) ;
#2351 = CARTESIAN_POINT ( 'NONE',  ( 76.59212285118779562, 28.53655644434144989, 33.79161050105770414 ) ) ;
#2352 = DIRECTION ( 'NONE',  ( 0.000000000000000000, 0.000000000000000000, -1.000000000000000000 ) ) ;
#2353 = ORIENTED_EDGE ( 'NONE', *, *, #5881, .F. ) ;
#2354 = ORIENTED_EDGE ( 'NONE', *, *, #6749, .F. ) ;
#2355 = CARTESIAN_POINT ( 'NONE',  ( 0.000000000000000000, -54.30119389361562554, 57.06990735657496572 ) ) ;
#2356 = CARTESIAN_POINT ( 'NONE',  ( 6.938893903907229955E-15, 11.00000000000000000, -44.83172803104509541 ) ) ;
#2357 = EDGE_CURVE ( 'NONE', #345, #2684, #5590, .T. ) ;
#2358 = AXIS2_PLACEMENT_3D ( 'NONE', #3158, #423, #1496 ) ;
#2359 = CARTESIAN_POINT ( 'NONE',  ( 3.000000000000000000, -15.32146667047080157, -29.79757139416080136 ) ) ;
#2360 = ORIENTED_EDGE ( 'NONE', *, *, #7055, .F. ) ;
#2361 = CARTESIAN_POINT ( 'NONE',  ( 2.999999999999999112, -19.96288625273713535, -14.24059142799416122 ) ) ;
#2362 = EDGE_LOOP ( 'NONE', ( #4703, #6436, #3441, #7428, #6672 ) ) ;
#2363 = EDGE_CURVE ( 'NONE', #146, #1853, #6759, .T. ) ;
#2364 = DIRECTION ( 'NONE',  ( 1.000000000000000000, 0.000000000000000000, 0.000000000000000000 ) ) ;
#2365 = CARTESIAN_POINT ( 'NONE',  ( 0.000000000000000000, -15.47482121282450684, 20.70741139360496064 ) ) ;
#2366 = CARTESIAN_POINT ( 'NONE',  ( 0.000000000000000000, 7.000000000000000000, -36.39999999999999858 ) ) ;
#2367 = DIRECTION ( 'NONE',  ( 0.000000000000000000, 0.000000000000000000, -1.000000000000000000 ) ) ;
#2368 = DIRECTION ( 'NONE',  ( 0.000000000000000000, 0.000000000000000000, -1.000000000000000000 ) ) ;
#2369 = EDGE_CURVE ( 'NONE', #4121, #5762, #1545, .T. ) ;
#2370 = VERTEX_POINT ( 'NONE', #2849 ) ;
#2371 = DIRECTION ( 'NONE',  ( 1.000000000000000000, 0.000000000000000000, 0.000000000000000000 ) ) ;
#2372 = EDGE_CURVE ( 'NONE', #6319, #3681, #3993, .T. ) ;
#2373 = DIRECTION ( 'NONE',  ( 1.000000000000000000, -0.000000000000000000, -0.000000000000000000 ) ) ;
#2374 = VECTOR ( 'NONE', #4127, 1000.000000000000000 ) ;
#2375 = B_SPLINE_CURVE_WITH_KNOTS ( 'NONE', 3,
 ( #3001, #3644, #7093, #3532 ),
 .UNSPECIFIED., .F., .F.,
 ( 4, 4 ),
 ( 0.000000000000000000, 1.000000000000000000 ),
 .UNSPECIFIED. ) ;
#2376 = CYLINDRICAL_SURFACE ( 'NONE', #5346, 3.000000000000002665 ) ;
#2377 = VECTOR ( 'NONE', #3985, 999.9999999999998863 ) ;
#2378 = DIRECTION ( 'NONE',  ( 0.000000000000000000, 0.000000000000000000, 1.000000000000000000 ) ) ;
#2379 = ORIENTED_EDGE ( 'NONE', *, *, #5134, .F. ) ;
#2380 = ORIENTED_EDGE ( 'NONE', *, *, #5195, .F. ) ;
#2381 = PLANE ( 'NONE',  #4085 ) ;
#2382 = AXIS2_PLACEMENT_3D ( 'NONE', #2867, #5794, #6286 ) ;
#2383 = CARTESIAN_POINT ( 'NONE',  ( 0.000000000000000000, 10.24377216533661539, 20.44140357624316451 ) ) ;
#2384 = CARTESIAN_POINT ( 'NONE',  ( 0.000000000000000000, -49.49747468305869802, -52.74747468305789511 ) ) ;
#2385 = CARTESIAN_POINT ( 'NONE',  ( -17.00000000000000000, -53.99747468305779563, 50.74747468305890408 ) ) ;
#2386 = ORIENTED_EDGE ( 'NONE', *, *, #6521, .F. ) ;
#2387 = CARTESIAN_POINT ( 'NONE',  ( -3.094967456141230570E-17, -47.54235218414199693, -42.30031392873874552 ) ) ;
#2388 = EDGE_LOOP ( 'NONE', ( #10, #6755 ) ) ;
#2389 = VERTEX_POINT ( 'NONE', #2132 ) ;
#2390 = CIRCLE ( 'NONE', #5905, 2.250000000000000444 ) ;
#2391 = CARTESIAN_POINT ( 'NONE',  ( 3.000000000000000000, -57.29768064699647567, 49.94734338944730467 ) ) ;
#2392 = CARTESIAN_POINT ( 'NONE',  ( 3.000000000000002665, -7.153153898236729979, 23.55173142797270103 ) ) ;
#2393 = DIRECTION ( 'NONE',  ( 1.000000000000000000, 0.000000000000000000, 0.000000000000000000 ) ) ;
#2394 = ADVANCED_FACE ( 'NONE', ( #6268 ), #7442, .F. ) ;
#2395 = EDGE_LOOP ( 'NONE', ( #6565, #326 ) ) ;
#2396 = EDGE_CURVE ( 'NONE', #6499, #2148, #7347, .T. ) ;
#2397 = DIRECTION ( 'NONE',  ( 0.000000000000000000, 0.000000000000000000, -1.000000000000000000 ) ) ;
#2398 = EDGE_CURVE ( 'NONE', #4537, #3377, #6876, .T. ) ;
#2399 = VERTEX_POINT ( 'NONE', #6911 ) ;
#2400 = DIRECTION ( 'NONE',  ( 0.000000000000000000, 0.000000000000000000, -1.000000000000000000 ) ) ;
#2401 = CARTESIAN_POINT ( 'NONE',  ( 0.000000000000000000, -11.00000000000000000, -37.97687999291370176 ) ) ;
#2403 = DIRECTION ( 'NONE',  ( 1.000000000000000000, 0.000000000000000000, 0.000000000000000000 ) ) ;
#2402 = AXIS2_PLACEMENT_3D ( 'NONE', #4301, #4340, #852 ) ;
#2404 = EDGE_CURVE ( 'NONE', #1250, #5540, #4590, .T. ) ;
#2405 = DIRECTION ( 'NONE',  ( 0.000000000000000000, 0.4916668203100939549, -0.8707834046455878996 ) ) ;
#2406 = EDGE_LOOP ( 'NONE', ( #4897, #2108, #6731, #1977 ) ) ;
#2407 = CARTESIAN_POINT ( 'NONE',  ( 13.59999999999999964, 24.93751118143355683, 9.910149536689161209 ) ) ;
#2408 = B_SPLINE_CURVE_WITH_KNOTS ( 'NONE', 3,
 ( #75, #5158, #6415, #2391 ),
 .UNSPECIFIED., .F., .F.,
 ( 4, 4 ),
 ( 0.03007648256163745690, 1.000000000000000222 ),
 .UNSPECIFIED. ) ;
#2409 = CYLINDRICAL_SURFACE ( 'NONE', #4925, 1.250000000000001110 ) ;
#2410 = CIRCLE ( 'NONE', #6651, 2.000000000000001776 ) ;
#2411 = EDGE_CURVE ( 'NONE', #2280, #6324, #1659, .T. ) ;
#2412 = CIRCLE ( 'NONE', #5575, 3.000000000000001332 ) ;
#2413 = CARTESIAN_POINT ( 'NONE',  ( -17.00000000000000000, 44.99747468305814380, -48.24747468305849907 ) ) ;
#2414 = FACE_OUTER_BOUND ( 'NONE', #5761, .T. ) ;
#2415 = ORIENTED_EDGE ( 'NONE', *, *, #4675, .F. ) ;
#2416 = VERTEX_POINT ( 'NONE', #993 ) ;
#2417 = DIRECTION ( 'NONE',  ( 1.000000000000000000, 0.000000000000000000, 0.000000000000000000 ) ) ;
#2418 = CARTESIAN_POINT ( 'NONE',  ( 0.000000000000000000, 49.49747468305800169, -57.03070887753364104 ) ) ;
#2419 = CARTESIAN_POINT ( 'NONE',  ( 3.000000000000000888, 15.00000000000000000, 17.24999999999999645 ) ) ;
#2420 = CARTESIAN_POINT ( 'NONE',  ( -10.50000000000000000, -23.59999999999999787, -5.000000000000000888 ) ) ;
#2421 = EDGE_LOOP ( 'NONE', ( #1800, #3719, #718, #5617 ) ) ;
#2422 = DIRECTION ( 'NONE',  ( 0.000000000000000000, 0.000000000000000000, 1.000000000000000000 ) ) ;
#2423 = ORIENTED_EDGE ( 'NONE', *, *, #3927, .F. ) ;
#2424 = VECTOR ( 'NONE', #5071, 1000.000000000000000 ) ;
#2425 = EDGE_LOOP ( 'NONE', ( #7357, #4731, #3432, #2487 ) ) ;
#2426 = CYLINDRICAL_SURFACE ( 'NONE', #2503, 3.000000000000000000 ) ;
#2427 = DIRECTION ( 'NONE',  ( 1.000000000000000000, 0.000000000000000000, 0.000000000000000000 ) ) ;
#2428 = DIRECTION ( 'NONE',  ( 0.000000000000000000, -0.8707834046455890098, 0.4916668203100920120 ) ) ;
#2429 = ORIENTED_EDGE ( 'NONE', *, *, #2212, .F. ) ;
#2430 = CARTESIAN_POINT ( 'NONE',  ( 3.000000000000000000, -49.49747468305890408, -49.49747468305779563 ) ) ;
#2431 = ORIENTED_EDGE ( 'NONE', *, *, #7281, .T. ) ;
#2432 = EDGE_LOOP ( 'NONE', ( #453, #2827, #690, #2243 ) ) ;
#2433 = EDGE_CURVE ( 'NONE', #2622, #5726, #6857, .T. ) ;
#2434 = CARTESIAN_POINT ( 'NONE',  ( 0.9499999999999992895, 48.56209539888330795, -43.32950521810283107 ) ) ;
#2435 = CIRCLE ( 'NONE', #129, 1.250000000000001110 ) ;
#2436 = DIRECTION ( 'NONE',  ( -1.000000000000000000, 0.000000000000000000, 0.000000000000000000 ) ) ;
#2437 = B_SPLINE_CURVE_WITH_KNOTS ( 'NONE', 3,
 ( #6015, #3051, #3128, #4874 ),
 .UNSPECIFIED., .F., .F.,
 ( 4, 4 ),
 ( 0.000000000000000000, 1.000000000000000000 ),
 .UNSPECIFIED. ) ;
#2438 = CARTESIAN_POINT ( 'NONE',  ( 0.000000000000000000, -49.49747468305869802, -53.99747468305799458 ) ) ;
#2439 = EDGE_CURVE ( 'NONE', #792, #5976, #5577, .T. ) ;
#2440 = AXIS2_PLACEMENT_3D ( 'NONE', #3396, #5296, #514 ) ;
#2441 = CARTESIAN_POINT ( 'NONE',  ( 3.150000000000000355, 48.56209539888296689, 43.32950521810243316 ) ) ;
#2442 = ORIENTED_EDGE ( 'NONE', *, *, #2871, .T. ) ;
#2443 = FACE_OUTER_BOUND ( 'NONE', #4567, .T. ) ;
#2444 = EDGE_CURVE ( 'NONE', #2157, #5792, #2259, .T. ) ;
#2445 = CARTESIAN_POINT ( 'NONE',  ( 13.59999999999999964, -23.59999999999999787, 3.000000000000000000 ) ) ;
#2446 = PLANE ( 'NONE',  #1231 ) ;
#2447 = CARTESIAN_POINT ( 'NONE',  ( 0.000000000000000000, 9.332174861821640022, 8.638356021761239845 ) ) ;
#2448 = ORIENTED_EDGE ( 'NONE', *, *, #116, .F. ) ;
#2449 = ADVANCED_FACE ( 'NONE', ( #3257 ), #4495, .F. ) ;
#2450 = ORIENTED_EDGE ( 'NONE', *, *, #4619, .F. ) ;
#2451 = FACE_OUTER_BOUND ( 'NONE', #7094, .T. ) ;
#2452 = CARTESIAN_POINT ( 'NONE',  ( 3.000000000000000000, -42.49929430624609950, -47.77712424307149774 ) ) ;
#2453 = DIRECTION ( 'NONE',  ( 0.000000000000000000, 0.000000000000000000, -1.000000000000000000 ) ) ;
#2454 = DIRECTION ( 'NONE',  ( -1.000000000000000000, 0.000000000000000000, 0.000000000000000000 ) ) ;
#2455 = VERTEX_POINT ( 'NONE', #7353 ) ;
#2456 = CARTESIAN_POINT ( 'NONE',  ( -17.00000000000000000, 0.000000000000000000, 0.000000000000000000 ) ) ;
#2457 = EDGE_LOOP ( 'NONE', ( #3082, #1829, #4460, #4090 ) ) ;
#2458 = ORIENTED_EDGE ( 'NONE', *, *, #1660, .T. ) ;
#2459 = ORIENTED_EDGE ( 'NONE', *, *, #6079, .T. ) ;
#2460 = CARTESIAN_POINT ( 'NONE',  ( 2.999999999999999112, -28.82042091785585924, 34.08440628184583687 ) ) ;
#2461 = DIRECTION ( 'NONE',  ( -1.000000000000000000, 0.000000000000000000, 0.000000000000000000 ) ) ;
#2462 = FACE_OUTER_BOUND ( 'NONE', #4402, .T. ) ;
#2463 = EDGE_CURVE ( 'NONE', #3875, #1776, #1464, .T. ) ;
#2464 = VECTOR ( 'NONE', #2784, 1000.000000000000000 ) ;
#2465 = VERTEX_POINT ( 'NONE', #4459 ) ;
#2466 = DIRECTION ( 'NONE',  ( 0.000000000000000000, 0.000000000000000000, -1.000000000000000000 ) ) ;
#2467 = VERTEX_POINT ( 'NONE', #4534 ) ;
#2468 = VECTOR ( 'NONE', #2100, 1000.000000000000000 ) ;
#2469 = ORIENTED_EDGE ( 'NONE', *, *, #3762, .F. ) ;
#2470 = CARTESIAN_POINT ( 'NONE',  ( 0.000000000000000000, -5.332174861821640022, 12.63835602176123984 ) ) ;
#2471 = LINE ( 'NONE', #192, #5607 ) ;
#2472 = CARTESIAN_POINT ( 'NONE',  ( 3.000000000000000000, -49.49747468305830722, 49.49747468305830722 ) ) ;
#2473 = AXIS2_PLACEMENT_3D ( 'NONE', #2456, #3060, #3098 ) ;
#2474 = CARTESIAN_POINT ( 'NONE',  ( 0.9499999999999995115, 48.56209539888296689, 43.32950521810243316 ) ) ;
#2475 = ORIENTED_EDGE ( 'NONE', *, *, #5400, .F. ) ;
#2476 = EDGE_CURVE ( 'NONE', #4547, #345, #5685, .T. ) ;
#2477 = ORIENTED_EDGE ( 'NONE', *, *, #1320, .T. ) ;
#2478 = DIRECTION ( 'NONE',  ( 0.000000000000000000, 0.000000000000000000, 1.000000000000000000 ) ) ;
#2479 = CARTESIAN_POINT ( 'NONE',  ( 3.000000000000000000, -34.22836213027336782, -42.14796473659461640 ) ) ;
#2480 = EDGE_CURVE ( 'NONE', #5037, #967, #6177, .T. ) ;
#2481 = VERTEX_POINT ( 'NONE', #6856 ) ;
#2482 = DIRECTION ( 'NONE',  ( 0.000000000000000000, 0.000000000000000000, -1.000000000000000000 ) ) ;
#2483 = TOROIDAL_SURFACE ( 'NONE', #661, 6.000000000000000888, 1.000000000000000000 ) ;
#2484 = EDGE_CURVE ( 'NONE', #2571, #6643, #3763, .T. ) ;
#2485 = ADVANCED_FACE ( 'NONE', ( #3215 ), #6703, .F. ) ;
#2486 = CARTESIAN_POINT ( 'NONE',  ( 0.000000000000000000, 49.49747468305830722, 44.99747468305830012 ) ) ;
#2487 = ORIENTED_EDGE ( 'NONE', *, *, #6961, .T. ) ;
#2488 = PRODUCT_CONTEXT ( 'NONE', #1564, 'mechanical' ) ;
#2489 = DIRECTION ( 'NONE',  ( -1.000000000000000000, 0.000000000000000000, 0.000000000000000000 ) ) ;
#2490 = AXIS2_PLACEMENT_3D ( 'NONE', #1457, #3077, #4942 ) ;
#2491 = DIRECTION ( 'NONE',  ( 0.000000000000000000, 0.000000000000000000, -1.000000000000000000 ) ) ;
#2492 = DIRECTION ( 'NONE',  ( 0.000000000000000000, 0.000000000000000000, 1.000000000000000000 ) ) ;
#2493 = ORIENTED_EDGE ( 'NONE', *, *, #1566, .T. ) ;
#2494 = DIRECTION ( 'NONE',  ( 0.000000000000000000, 0.000000000000000000, -1.000000000000000000 ) ) ;
#2495 = EDGE_LOOP ( 'NONE', ( #4001, #3887, #1588, #627, #4470 ) ) ;
#2496 = AXIS2_PLACEMENT_3D ( 'NONE', #437, #4419, #6136 ) ;
#2497 = ORIENTED_EDGE ( 'NONE', *, *, #4487, .F. ) ;
#2498 = ORIENTED_EDGE ( 'NONE', *, *, #7261, .T. ) ;
#2499 = VERTEX_POINT ( 'NONE', #403 ) ;
#2500 = CARTESIAN_POINT ( 'NONE',  ( -16.97056274847710000, 49.49747468305849907, 49.49747468305820064 ) ) ;
#2501 = AXIS2_PLACEMENT_3D ( 'NONE', #6258, #4504, #2842 ) ;
#2502 = CARTESIAN_POINT ( 'NONE',  ( -10.50000000000000000, 23.59999999999999787, -4.999999999999991118 ) ) ;
#2503 = AXIS2_PLACEMENT_3D ( 'NONE', #2995, #5310, #111 ) ;
#2504 = DIRECTION ( 'NONE',  ( 0.000000000000000000, 0.000000000000000000, -1.000000000000000000 ) ) ;
#2505 = ORIENTED_EDGE ( 'NONE', *, *, #913, .F. ) ;
#2506 = ADVANCED_FACE ( 'NONE', ( #3976 ), #2154, .T. ) ;
#2507 = CARTESIAN_POINT ( 'NONE',  ( 13.59999999999999964, 24.89402789325527721, -6.879352572115865705 ) ) ;
#2508 = AXIS2_PLACEMENT_3D ( 'NONE', #2803, #5113, #7433 ) ;
#2509 = VERTEX_POINT ( 'NONE', #6739 ) ;
#2510 = ORIENTED_EDGE ( 'NONE', *, *, #7363, .T. ) ;
#2511 = ADVANCED_FACE ( 'NONE', ( #1513 ), #5608, .F. ) ;
#2512 = CARTESIAN_POINT ( 'NONE',  ( -0.1499999999999999944, 43.54571693074345262, 50.25680310855029376 ) ) ;
#2513 = CARTESIAN_POINT ( 'NONE',  ( 2.386224572680244904, -28.53145885430780027, 33.79591468803914722 ) ) ;
#2514 = DIRECTION ( 'NONE',  ( 1.000000000000000000, 0.000000000000000000, 0.000000000000000000 ) ) ;
#2515 = AXIS2_PLACEMENT_3D ( 'NONE', #3702, #208, #3091 ) ;
#2516 = AXIS2_PLACEMENT_3D ( 'NONE', #4168, #40, #5775 ) ;
#2517 = DIRECTION ( 'NONE',  ( 1.000000000000000000, 0.000000000000000000, 0.000000000000000000 ) ) ;
#2518 = ORIENTED_EDGE ( 'NONE', *, *, #5556, .F. ) ;
#2519 = DIRECTION ( 'NONE',  ( 1.000000000000000000, 0.000000000000000000, 0.000000000000000000 ) ) ;
#2520 = AXIS2_PLACEMENT_3D ( 'NONE', #2711, #1539, #7341 ) ;
#2521 = ORIENTED_EDGE ( 'NONE', *, *, #7336, .F. ) ;
#2522 = DIRECTION ( 'NONE',  ( 1.000000000000000000, 0.000000000000000000, 0.000000000000000000 ) ) ;
#2523 = LINE ( 'NONE', #5868, #2268 ) ;
#2524 = ORIENTED_EDGE ( 'NONE', *, *, #162, .F. ) ;
#2525 = AXIS2_PLACEMENT_3D ( 'NONE', #5481, #279, #4414 ) ;
#2526 = CARTESIAN_POINT ( 'NONE',  ( 2.999999999999999112, -9.332174861821640022, 12.63835602176123984 ) ) ;
#2527 = CARTESIAN_POINT ( 'NONE',  ( 13.59999999999999964, -9.332174861821640022, 8.638356021761239845 ) ) ;
#2528 = AXIS2_PLACEMENT_3D ( 'NONE', #5888, #5311, #1793 ) ;
#2529 = ORIENTED_EDGE ( 'NONE', *, *, #6774, .F. ) ;
#2530 = EDGE_CURVE ( 'NONE', #2455, #6066, #7414, .T. ) ;
#2531 = DIRECTION ( 'NONE',  ( 0.000000000000000000, 0.000000000000000000, -1.000000000000000000 ) ) ;
#2532 = FACE_OUTER_BOUND ( 'NONE', #5187, .T. ) ;
#2533 = AXIS2_PLACEMENT_3D ( 'NONE', #2407, #7108, #2478 ) ;
#2534 = PLANE ( 'NONE',  #668 ) ;
#2535 = EDGE_CURVE ( 'NONE', #4136, #4097, #7295, .T. ) ;
#2536 = ORIENTED_EDGE ( 'NONE', *, *, #2160, .F. ) ;
#2537 = CARTESIAN_POINT ( 'NONE',  ( 0.000000000000000000, -53.99747468305779563, 50.74747468305890408 ) ) ;
#2538 = VERTEX_POINT ( 'NONE', #1550 ) ;
#2539 = ORIENTED_EDGE ( 'NONE', *, *, #2951, .F. ) ;
#2540 = VERTEX_POINT ( 'NONE', #2117 ) ;
#2541 = EDGE_LOOP ( 'NONE', ( #6048, #2724, #6019, #34 ) ) ;
#2542 = DIRECTION ( 'NONE',  ( 0.000000000000000000, 0.000000000000000000, 1.000000000000000000 ) ) ;
#2543 = CYLINDRICAL_SURFACE ( 'NONE', #5436, 1.250000000000001110 ) ;
#2544 = DIRECTION ( 'NONE',  ( 0.000000000000000000, 0.000000000000000000, -1.000000000000000000 ) ) ;
#2545 = EDGE_CURVE ( 'NONE', #4047, #7135, #4421, .T. ) ;
#2546 = ORIENTED_EDGE ( 'NONE', *, *, #3021, .F. ) ;
#2547 = AXIS2_PLACEMENT_3D ( 'NONE', #6596, #3715, #833 ) ;
#2548 = CYLINDRICAL_SURFACE ( 'NONE', #2345, 1.250000000000001110 ) ;
#2549 = ORIENTED_EDGE ( 'NONE', *, *, #494, .T. ) ;
#2550 = EDGE_LOOP ( 'NONE', ( #3335, #150, #5661, #2140 ) ) ;
#2551 = CARTESIAN_POINT ( 'NONE',  ( 3.000000000000000000, -25.62639001561595009, -39.34426157063499829 ) ) ;
#2552 = EDGE_CURVE ( 'NONE', #133, #1308, #3865, .T. ) ;
#2553 = CARTESIAN_POINT ( 'NONE',  ( 13.59999999999999964, 4.000000000000000000, -45.56515138991168357 ) ) ;
#2554 = CARTESIAN_POINT ( 'NONE',  ( 0.000000000000000000, -49.94734338944670071, -57.29768064699700147 ) ) ;
#2555 = CARTESIAN_POINT ( 'NONE',  ( 3.000000000000000888, 23.59999999999999787, 9.108356170405180515E-15 ) ) ;
#2556 = ORIENTED_EDGE ( 'NONE', *, *, #4800, .F. ) ;
#2557 = CARTESIAN_POINT ( 'NONE',  ( 3.000000000000000000, 57.29768064699682384, -49.94734338944691387 ) ) ;
#2558 = ORIENTED_EDGE ( 'NONE', *, *, #4612, .T. ) ;
#2559 = CARTESIAN_POINT ( 'NONE',  ( 0.000000000000000000, -12.37182433411610738, 19.55597066360476077 ) ) ;
#2560 = CARTESIAN_POINT ( 'NONE',  ( 1.000000000000000000, -42.30026610687181687, 47.54239527878462468 ) ) ;
#2561 = CIRCLE ( 'NONE', #380, 46.22904016544200090 ) ;
#2562 = DIRECTION ( 'NONE',  ( 0.000000000000000000, 0.000000000000000000, 1.000000000000000000 ) ) ;
#2563 = CARTESIAN_POINT ( 'NONE',  ( -8.485281374238578422, 49.49747468305812959, -51.99747468305847775 ) ) ;
#2564 = ORIENTED_EDGE ( 'NONE', *, *, #6467, .F. ) ;
#2565 = CARTESIAN_POINT ( 'NONE',  ( 0.000000000000000000, 15.00000000000000000, 15.00000000000000000 ) ) ;
#2566 = DIRECTION ( 'NONE',  ( 0.000000000000000000, 0.000000000000000000, -1.000000000000000000 ) ) ;
#2567 = FACE_OUTER_BOUND ( 'NONE', #5622, .T. ) ;
#2568 = CARTESIAN_POINT ( 'NONE',  ( 2.999999999999999112, -12.37182433411610738, 19.55597066360476077 ) ) ;
#2569 = AXIS2_PLACEMENT_3D ( 'NONE', #7393, #2232, #6180 ) ;
#2570 = CARTESIAN_POINT ( 'NONE',  ( 2.999999999999999112, 57.06990735657345226, 54.30119389361710347 ) ) ;
#2571 = VERTEX_POINT ( 'NONE', #1057 ) ;
#2572 = ORIENTED_EDGE ( 'NONE', *, *, #5028, .F. ) ;
#2573 = EDGE_LOOP ( 'NONE', ( #5850, #5020, #4051, #370 ) ) ;
#2574 = AXIS2_PLACEMENT_3D ( 'NONE', #4634, #2856, #6699 ) ;
#2575 = ORIENTED_EDGE ( 'NONE', *, *, #2463, .F. ) ;
#2576 = CARTESIAN_POINT ( 'NONE',  ( 3.000000000000000000, 54.51483676556799907, -46.20717412946329716 ) ) ;
#2577 = EDGE_CURVE ( 'NONE', #231, #3585, #4135, .T. ) ;
#2578 = CARTESIAN_POINT ( 'NONE',  ( 20.00000000000000000, -29.11804763894784642, -40.00749206922064616 ) ) ;
#2579 = DIRECTION ( 'NONE',  ( -1.000000000000000000, 0.000000000000000000, 0.000000000000000000 ) ) ;
#2580 = EDGE_CURVE ( 'NONE', #2399, #1876, #865, .T. ) ;
#2581 = ORIENTED_EDGE ( 'NONE', *, *, #7452, .F. ) ;
#2582 = DIRECTION ( 'NONE',  ( -1.000000000000000000, -0.000000000000000000, -0.000000000000000000 ) ) ;
#2583 = ORIENTED_EDGE ( 'NONE', *, *, #4564, .F. ) ;
#2584 = EDGE_CURVE ( 'NONE', #2465, #1106, #6395, .T. ) ;
#2585 = ORIENTED_EDGE ( 'NONE', *, *, #2480, .T. ) ;
#2586 = CARTESIAN_POINT ( 'NONE',  ( 2.050000000000000266, 42.12145270974714606, 47.35404289052760163 ) ) ;
#2587 = CARTESIAN_POINT ( 'NONE',  ( 3.000000000000000000, 42.49929430624609950, 47.77712424307169670 ) ) ;
#2588 = DIRECTION ( 'NONE',  ( -1.000000000000000000, 0.000000000000000000, 0.000000000000000000 ) ) ;
#2589 = CARTESIAN_POINT ( 'NONE',  ( -0.1499999999999999944, -43.54571693074385763, -50.25680310855029376 ) ) ;
#2590 = AXIS2_PLACEMENT_3D ( 'NONE', #5017, #7337, #2137 ) ;
#2591 = CARTESIAN_POINT ( 'NONE',  ( 3.000000000000000000, -7.000000000000000000, -50.93157033242439979 ) ) ;
#2592 = ORIENTED_EDGE ( 'NONE', *, *, #5734, .F. ) ;
#2593 = AXIS2_PLACEMENT_3D ( 'NONE', #3955, #6269, #5705 ) ;
#2594 = AXIS2_PLACEMENT_3D ( 'NONE', #6849, #3392, #5213 ) ;
#2595 = CARTESIAN_POINT ( 'NONE',  ( 2.000000000000000000, -47.35404289052669924, -42.12145270974625078 ) ) ;
#2596 = ORIENTED_EDGE ( 'NONE', *, *, #1103, .F. ) ;
#2597 = ORIENTED_EDGE ( 'NONE', *, *, #5594, .T. ) ;
#2598 = DIRECTION ( 'NONE',  ( -0.000000000000000000, -0.7076826485500021802, 0.7065304444546279816 ) ) ;
#2599 = AXIS2_PLACEMENT_3D ( 'NONE', #7480, #1762, #1113 ) ;
#2600 = CARTESIAN_POINT ( 'NONE',  ( 0.000000000000000000, 0.000000000000000000, 0.000000000000000000 ) ) ;
#2601 = TOROIDAL_SURFACE ( 'NONE', #5511, 6.000000000000000888, 1.000000000000000000 ) ;
#2602 = ORIENTED_EDGE ( 'NONE', *, *, #2143, .T. ) ;
#2603 = EDGE_CURVE ( 'NONE', #118, #1098, #1775, .T. ) ;
#2604 = CARTESIAN_POINT ( 'NONE',  ( 3.000000000000000000, -9.797175077751770544, -52.76583091789510149 ) ) ;
#2605 = CARTESIAN_POINT ( 'NONE',  ( 32.59999999999999432, -9.332174861821640022, 12.63835602176123984 ) ) ;
#2606 = ORIENTED_EDGE ( 'NONE', *, *, #3481, .F. ) ;
#2607 = EDGE_CURVE ( 'NONE', #3141, #3757, #1705, .T. ) ;
#2608 = CARTESIAN_POINT ( 'NONE',  ( 3.000000000000000000, 14.76172929972859826, 19.99431948050905206 ) ) ;
#2609 = DIRECTION ( 'NONE',  ( 0.000000000000000000, 0.000000000000000000, -1.000000000000000000 ) ) ;
#2610 = CARTESIAN_POINT ( 'NONE',  ( -8.485281374238578422, 49.49747468305812959, -49.49747468305847775 ) ) ;
#2611 = AXIS2_PLACEMENT_3D ( 'NONE', #1465, #6012, #5480 ) ;
#2612 = CARTESIAN_POINT ( 'NONE',  ( 0.000000000000000000, -44.48011260054730087, 52.78777523665389992 ) ) ;
#2613 = ORIENTED_EDGE ( 'NONE', *, *, #5201, .T. ) ;
#2614 = ORIENTED_EDGE ( 'NONE', *, *, #3591, .T. ) ;
#2615 = ORIENTED_EDGE ( 'NONE', *, *, #2256, .T. ) ;
#2616 = ORIENTED_EDGE ( 'NONE', *, *, #532, .T. ) ;
#2617 = CARTESIAN_POINT ( 'NONE',  ( 0.000000000000000000, -12.37182433411610738, 22.55597066360476077 ) ) ;
#2618 = CIRCLE ( 'NONE', #6248, 1.250000000000001110 ) ;
#2619 = CARTESIAN_POINT ( 'NONE',  ( -14.14213562373093858, 19.89295733572788194, 13.97093804329054656 ) ) ;
#2620 = CARTESIAN_POINT ( 'NONE',  ( 0.000000000000000000, 42.12145270974649947, -47.35404289052689819 ) ) ;
#2621 = AXIS2_PLACEMENT_3D ( 'NONE', #1571, #3880, #6191 ) ;
#2622 = VERTEX_POINT ( 'NONE', #4086 ) ;
#2623 = VECTOR ( 'NONE', #2373, 1000.000000000000000 ) ;
#2624 = CARTESIAN_POINT ( 'NONE',  ( 0.000000000000000000, 19.99431948050905206, -14.76172929972859826 ) ) ;
#2625 = VERTEX_POINT ( 'NONE', #1238 ) ;
#2626 = AXIS2_PLACEMENT_3D ( 'NONE', #1521, #6033, #6559 ) ;
#2627 = VERTEX_POINT ( 'NONE', #6893 ) ;
#2628 = CARTESIAN_POINT ( 'NONE',  ( 2.049999999999996270, 43.32950521810273870, 48.56209539888318005 ) ) ;
#2629 = EDGE_CURVE ( 'NONE', #1324, #6819, #4682, .T. ) ;
#2630 = DIRECTION ( 'NONE',  ( 0.000000000000000000, 0.000000000000000000, -1.000000000000000000 ) ) ;
#2631 = CARTESIAN_POINT ( 'NONE',  ( 3.000000000000000000, 42.49929430624609950, 47.77712424307169670 ) ) ;
#2632 =( BOUNDED_SURFACE ( )  B_SPLINE_SURFACE ( 2, 3, ( 
 ( #4006, #3504, #2935, #6282 ),
 ( #2973, #5247, #1089, #541 ),
 ( #6888, #509, #2826, #4638 ) ),
 .UNSPECIFIED., .F., .F., .F. ) 
 B_SPLINE_SURFACE_WITH_KNOTS ( ( 3, 3 ),
 ( 4, 4 ),
 ( 0.000000000000000000, 1.000000000000000000 ),
 ( 0.01682056274847710045, 0.02012056274847710130 ),
 .UNSPECIFIED. ) 
 GEOMETRIC_REPRESENTATION_ITEM ( )  RATIONAL_B_SPLINE_SURFACE ( (
 ( 1.000000000000000000, 1.000000000000000000, 1.000000000000000000, 1.000000000000000000),
 ( 0.9462846006643640395, 0.9462846006643640395, 0.9462846006643640395, 0.9462846006643640395),
 ( 1.000000000000000000, 1.000000000000000000, 1.000000000000000000, 1.000000000000000000) ) ) 
 REPRESENTATION_ITEM ( '' )  SURFACE ( )  );
#2633 = CIRCLE ( 'NONE', #5295, 3.330726836203799834 ) ;
#2634 = ADVANCED_FACE ( 'NONE', ( #1128 ), #2376, .F. ) ;
#2635 = CARTESIAN_POINT ( 'NONE',  ( -17.00000000000000000, -49.49747468305779563, 53.99747468305879750 ) ) ;
#2636 = DIRECTION ( 'NONE',  ( 1.000000000000000000, 0.000000000000000000, 0.000000000000000000 ) ) ;
#2637 = ORIENTED_EDGE ( 'NONE', *, *, #444, .F. ) ;
#2638 = CARTESIAN_POINT ( 'NONE',  ( 2.999999999999999112, 5.332174861821640022, 8.638356021761239845 ) ) ;
#2639 = ORIENTED_EDGE ( 'NONE', *, *, #7165, .F. ) ;
#2640 = ORIENTED_EDGE ( 'NONE', *, *, #2160, .T. ) ;
#2641 =( GEOMETRIC_REPRESENTATION_CONTEXT ( 3 ) GLOBAL_UNCERTAINTY_ASSIGNED_CONTEXT ( ( #5396 ) ) GLOBAL_UNIT_ASSIGNED_CONTEXT ( ( #5410, #1961, #6624 ) ) REPRESENTATION_CONTEXT ( 'NONE', 'WORKASPACE' ) );
#2642 = CARTESIAN_POINT ( 'NONE',  ( -17.00000000000000000, -53.99747468305869802, -49.49747468305790221 ) ) ;
#2643 = EDGE_CURVE ( 'NONE', #4115, #6916, #5720, .T. ) ;
#2644 = AXIS2_PLACEMENT_3D ( 'NONE', #6369, #1178, #600 ) ;
#2645 = AXIS2_PLACEMENT_3D ( 'NONE', #4901, #3273, #7215 ) ;
#2646 = DIRECTION ( 'NONE',  ( 0.000000000000000000, 0.000000000000000000, 1.000000000000000000 ) ) ;
#2647 = AXIS2_PLACEMENT_3D ( 'NONE', #3685, #6115, #5386 ) ;
#2648 = FACE_BOUND ( 'NONE', #4947, .T. ) ;
#2649 = ORIENTED_EDGE ( 'NONE', *, *, #2681, .F. ) ;
#2650 = CARTESIAN_POINT ( 'NONE',  ( 0.000000000000000000, -19.99431948050905206, 14.76172929972859826 ) ) ;
#2651 = DIRECTION ( 'NONE',  ( 0.000000000000000000, 0.000000000000000000, -1.000000000000000000 ) ) ;
#2652 = EDGE_CURVE ( 'NONE', #3949, #4859, #2793, .T. ) ;
#2653 = DIRECTION ( 'NONE',  ( 0.000000000000000000, 0.000000000000000000, -1.000000000000000000 ) ) ;
#2654 = VECTOR ( 'NONE', #1698, 999.9999999999998863 ) ;
#2655 = CARTESIAN_POINT ( 'NONE',  ( -10.54965975761836283, 57.29768064699682384, -49.94734338944691387 ) ) ;
#2656 = EDGE_LOOP ( 'NONE', ( #4848, #1062 ) ) ;
#2657 = ORIENTED_EDGE ( 'NONE', *, *, #3184, .T. ) ;
#2658 = ORIENTED_EDGE ( 'NONE', *, *, #7035, .T. ) ;
#2659 = CIRCLE ( 'NONE', #5439, 1.250000000000001110 ) ;
#2660 = ORIENTED_EDGE ( 'NONE', *, *, #4748, .T. ) ;
#2661 = DIRECTION ( 'NONE',  ( -1.000000000000000000, 0.000000000000000000, 0.000000000000000000 ) ) ;
#2662 = DIRECTION ( 'NONE',  ( 1.000000000000000000, 0.000000000000000000, 0.000000000000000000 ) ) ;
#2663 = CARTESIAN_POINT ( 'NONE',  ( -14.14213562373093858, 13.35350086926485602, 22.82873173716461324 ) ) ;
#2664 = AXIS2_PLACEMENT_3D ( 'NONE', #7415, #1614, #3888 ) ;
#2665 = AXIS2_PLACEMENT_3D ( 'NONE', #1471, #3169, #3782 ) ;
#2666 = ORIENTED_EDGE ( 'NONE', *, *, #2221, .T. ) ;
#2667 = VECTOR ( 'NONE', #5877, 1000.000000000000000 ) ;
#2668 = DIRECTION ( 'NONE',  ( 0.000000000000000000, 0.000000000000000000, 1.000000000000000000 ) ) ;
#2669 = ORIENTED_EDGE ( 'NONE', *, *, #3129, .F. ) ;
#2670 = AXIS2_PLACEMENT_3D ( 'NONE', #3472, #1742, #2941 ) ;
#2671 = EDGE_LOOP ( 'NONE', ( #780, #143 ) ) ;
#2672 = LINE ( 'NONE', #958, #5048 ) ;
#2673 = CARTESIAN_POINT ( 'NONE',  ( -7.156768276902879755, -49.49747468305790221, 41.96424048858374789 ) ) ;
#2674 = LINE ( 'NONE', #4980, #3093 ) ;
#2675 = CARTESIAN_POINT ( 'NONE',  ( 3.000000000000000000, 21.57911930178820370, -18.71474083026134849 ) ) ;
#2676 = ADVANCED_FACE ( 'NONE', ( #7003 ), #2939, .T. ) ;
#2677 = DIRECTION ( 'NONE',  ( 1.000000000000000000, 0.000000000000000000, 0.000000000000000000 ) ) ;
#2678 = VERTEX_POINT ( 'NONE', #61 ) ;
#2679 = CARTESIAN_POINT ( 'NONE',  ( 0.000000000000000000, 49.49747468305849907, 49.49747468305820064 ) ) ;
#2680 = VERTEX_POINT ( 'NONE', #547 ) ;
#2681 = EDGE_CURVE ( 'NONE', #7033, #5420, #134, .T. ) ;
#2682 = CARTESIAN_POINT ( 'NONE',  ( 0.000000000000000000, -20.41105878441630495, 10.20927782830504071 ) ) ;
#2683 = FACE_OUTER_BOUND ( 'NONE', #5547, .T. ) ;
#2684 = VERTEX_POINT ( 'NONE', #3431 ) ;
#2685 = DIRECTION ( 'NONE',  ( -1.000000000000000000, 0.000000000000000000, 0.000000000000000000 ) ) ;
#2686 = EDGE_CURVE ( 'NONE', #3654, #6908, #2202, .T. ) ;
#2687 = ORIENTED_EDGE ( 'NONE', *, *, #7378, .T. ) ;
#2688 = DIRECTION ( 'NONE',  ( 0.000000000000000000, 0.000000000000000000, -1.000000000000000000 ) ) ;
#2689 = DIRECTION ( 'NONE',  ( -1.000000000000000000, -0.000000000000000000, -0.000000000000000000 ) ) ;
#2690 = DIRECTION ( 'NONE',  ( 0.000000000000000000, 0.000000000000000000, -1.000000000000000000 ) ) ;
#2691 = ORIENTED_EDGE ( 'NONE', *, *, #2133, .F. ) ;
#2692 = EDGE_CURVE ( 'NONE', #5885, #6125, #16, .T. ) ;
#2693 = CARTESIAN_POINT ( 'NONE',  ( -17.00000000000000000, 49.49747468305830722, 52.74747468305830012 ) ) ;
#2694 = VERTEX_POINT ( 'NONE', #4717 ) ;
#2695 = ORIENTED_EDGE ( 'NONE', *, *, #6059, .F. ) ;
#2696 = FACE_OUTER_BOUND ( 'NONE', #7128, .T. ) ;
#2697 = DIRECTION ( 'NONE',  ( 1.000000000000000000, 0.000000000000000000, 0.000000000000000000 ) ) ;
#2698 = CARTESIAN_POINT ( 'NONE',  ( 20.00000000000000000, 17.06303347976199802, -30.78090503478100004 ) ) ;
#2699 = VERTEX_POINT ( 'NONE', #7037 ) ;
#2700 = VECTOR ( 'NONE', #4819, 1000.000000000000000 ) ;
#2701 = LINE ( 'NONE', #7253, #3197 ) ;
#2702 = ORIENTED_EDGE ( 'NONE', *, *, #1151, .F. ) ;
#2703 = ORIENTED_EDGE ( 'NONE', *, *, #3451, .F. ) ;
#2704 = FACE_OUTER_BOUND ( 'NONE', #7265, .T. ) ;
#2705 = CARTESIAN_POINT ( 'NONE',  ( 0.000000000000000000, 20.70741139360497485, 15.47482121282451750 ) ) ;
#2706 = EDGE_CURVE ( 'NONE', #3654, #6681, #2869, .T. ) ;
#2707 = CARTESIAN_POINT ( 'NONE',  ( 3.000000000000000888, 15.00000000000000000, -17.25000000000000000 ) ) ;
#2708 = CARTESIAN_POINT ( 'NONE',  ( 3.000000000000000000, 46.55283011860050379, -54.72519582988839915 ) ) ;
#2709 = DIRECTION ( 'NONE',  ( 1.000000000000000000, 0.000000000000000000, 0.000000000000000000 ) ) ;
#2710 = VERTEX_POINT ( 'NONE', #4607 ) ;
#2711 = CARTESIAN_POINT ( 'NONE',  ( 3.000000000000000000, 49.49747468305830722, 44.99747468305830012 ) ) ;
#2712 = CARTESIAN_POINT ( 'NONE',  ( 0.000000000000000000, -42.12145270974695421, 47.35404289052740268 ) ) ;
#2713 = ORIENTED_EDGE ( 'NONE', *, *, #4302, .T. ) ;
#2714 = AXIS2_PLACEMENT_3D ( 'NONE', #4256, #1875, #4181 ) ;
#2715 = FACE_OUTER_BOUND ( 'NONE', #7507, .T. ) ;
#2716 = EDGE_CURVE ( 'NONE', #140, #3802, #2924, .T. ) ;
#2717 = EDGE_LOOP ( 'NONE', ( #525, #3754, #3696, #5072 ) ) ;
#2718 = DIRECTION ( 'NONE',  ( 0.000000000000000000, -0.7076826485500040675, 0.7065304444546260942 ) ) ;
#2719 = EDGE_CURVE ( 'NONE', #6927, #5982, #7409, .T. ) ;
#2720 = CARTESIAN_POINT ( 'NONE',  ( -14.00000000000000000, -15.00000000000000000, -12.75000000000000000 ) ) ;
#2721 = EDGE_CURVE ( 'NONE', #2111, #2736, #4046, .T. ) ;
#2722 = CARTESIAN_POINT ( 'NONE',  ( 0.000000000000000000, 16.61578321113874779, -27.50522764141160081 ) ) ;
#2723 = ADVANCED_FACE ( 'NONE', ( #5219 ), #22, .F. ) ;
#2724 = ORIENTED_EDGE ( 'NONE', *, *, #592, .T. ) ;
#2725 = ORIENTED_EDGE ( 'NONE', *, *, #5400, .T. ) ;
#2726 = ORIENTED_EDGE ( 'NONE', *, *, #261, .T. ) ;
#2727 = ORIENTED_EDGE ( 'NONE', *, *, #51, .T. ) ;
#2728 = CARTESIAN_POINT ( 'NONE',  ( 13.59999999999999964, -4.000000000000000000, -42.56515138991167646 ) ) ;
#2729 = LINE ( 'NONE', #5040, #5813 ) ;
#2730 = DIRECTION ( 'NONE',  ( 1.000000000000000000, 0.000000000000000000, 0.000000000000000000 ) ) ;
#2731 = EDGE_CURVE ( 'NONE', #2370, #4747, #3087, .T. ) ;
#2732 = VERTEX_POINT ( 'NONE', #1391 ) ;
#2733 = FACE_OUTER_BOUND ( 'NONE', #6959, .T. ) ;
#2734 = AXIS2_PLACEMENT_3D ( 'NONE', #2472, #5321, #6457 ) ;
#2735 = ORIENTED_EDGE ( 'NONE', *, *, #6877, .F. ) ;
#2736 = VERTEX_POINT ( 'NONE', #7072 ) ;
#2737 = FACE_OUTER_BOUND ( 'NONE', #5409, .T. ) ;
#2738 = CARTESIAN_POINT ( 'NONE',  ( 47.01946062897430068, -35.42412474690101476, -44.89935561480072579 ) ) ;
#2739 = FACE_BOUND ( 'NONE', #3331, .T. ) ;
#2740 = ADVANCED_FACE ( 'NONE', ( #1958 ), #3016, .F. ) ;
#2741 = AXIS2_PLACEMENT_3D ( 'NONE', #1948, #1981, #3237 ) ;
#2742 = LINE ( 'NONE', #2675, #2952 ) ;
#2743 = AXIS2_PLACEMENT_3D ( 'NONE', #7079, #4054, #1887 ) ;
#2744 = CARTESIAN_POINT ( 'NONE',  ( -10.50000000000000000, 7.347880794884119933E-15, -36.39999999999999858 ) ) ;
#2745 = ORIENTED_EDGE ( 'NONE', *, *, #2357, .F. ) ;
#2746 = VECTOR ( 'NONE', #5030, 1000.000000000000000 ) ;
#2747 = DIRECTION ( 'NONE',  ( 0.000000000000000000, 0.000000000000000000, -1.000000000000000000 ) ) ;
#2748 = AXIS2_PLACEMENT_3D ( 'NONE', #3911, #3306, #6226 ) ;
#2749 = CARTESIAN_POINT ( 'NONE',  ( 3.000000000000000000, 49.49747468305830722, 49.49747468305830722 ) ) ;
#2750 = VERTEX_POINT ( 'NONE', #166 ) ;
#2751 = CARTESIAN_POINT ( 'NONE',  ( 3.000000000000000000, -27.04060357798904946, -37.93004800826189893 ) ) ;
#2752 = AXIS2_PLACEMENT_3D ( 'NONE', #6104, #4427, #1063 ) ;
#2753 = VERTEX_POINT ( 'NONE', #2604 ) ;
#2754 = DIRECTION ( 'NONE',  ( 1.000000000000000000, 0.000000000000000000, 0.000000000000000000 ) ) ;
#2755 = DIRECTION ( 'NONE',  ( 1.000000000000000000, 0.000000000000000000, 0.000000000000000000 ) ) ;
#2756 = AXIS2_PLACEMENT_3D ( 'NONE', #5486, #7117, #2417 ) ;
#2757 = CIRCLE ( 'NONE', #6505, 3.000000000000002665 ) ;
#2758 = CARTESIAN_POINT ( 'NONE',  ( 13.59999999999999964, 23.59999999999999787, -2.999999999999991118 ) ) ;
#2759 = VERTEX_POINT ( 'NONE', #1272 ) ;
#2760 = EDGE_CURVE ( 'NONE', #3636, #6860, #1838, .T. ) ;
#2761 = LINE ( 'NONE', #6504, #7201 ) ;
#2762 = ORIENTED_EDGE ( 'NONE', *, *, #6216, .F. ) ;
#2763 = ORIENTED_EDGE ( 'NONE', *, *, #3552, .T. ) ;
#2764 = DIRECTION ( 'NONE',  ( 1.000000000000000000, -0.000000000000000000, -0.000000000000000000 ) ) ;
#2765 = AXIS2_PLACEMENT_3D ( 'NONE', #4005, #5749, #2332 ) ;
#2766 = DIRECTION ( 'NONE',  ( 0.000000000000000000, 0.000000000000000000, 1.000000000000000000 ) ) ;
#2767 = CARTESIAN_POINT ( 'NONE',  ( 0.000000000000000000, 42.25658961667608082, 47.48917979745649376 ) ) ;
#2768 = EDGE_CURVE ( 'NONE', #1819, #2481, #7160, .T. ) ;
#2769 = ORIENTED_EDGE ( 'NONE', *, *, #5276, .F. ) ;
#2770 = VECTOR ( 'NONE', #6320, 1000.000000000000000 ) ;
#2771 = CYLINDRICAL_SURFACE ( 'NONE', #1387, 1.250000000000001110 ) ;
#2772 = ORIENTED_EDGE ( 'NONE', *, *, #2721, .T. ) ;
#2773 = ORIENTED_EDGE ( 'NONE', *, *, #5323, .T. ) ;
#2774 = CYLINDRICAL_SURFACE ( 'NONE', #6987, 5.000000000000000888 ) ;
#2775 = CIRCLE ( 'NONE', #470, 1.250000000000001110 ) ;
#2776 = DIRECTION ( 'NONE',  ( -1.000000000000000000, 0.000000000000000000, 0.000000000000000000 ) ) ;
#2777 = EDGE_CURVE ( 'NONE', #6264, #2915, #5102, .T. ) ;
#2778 = DIRECTION ( 'NONE',  ( -1.000000000000000000, 0.000000000000000000, 0.000000000000000000 ) ) ;
#2779 = CARTESIAN_POINT ( 'NONE',  ( 3.000000000000000000, 0.000000000000000000, 0.000000000000000000 ) ) ;
#2780 = VECTOR ( 'NONE', #2371, 1000.000000000000000 ) ;
#2781 = AXIS2_PLACEMENT_3D ( 'NONE', #5841, #6969, #2877 ) ;
#2782 = CARTESIAN_POINT ( 'NONE',  ( 2.999999999999999112, 22.82873173716461324, 13.35350086926487556 ) ) ;
#2783 = ADVANCED_FACE ( 'NONE', ( #3579 ), #6466, .F. ) ;
#2784 = DIRECTION ( 'NONE',  ( 1.000000000000000000, -0.000000000000000000, -0.000000000000000000 ) ) ;
#2785 = EDGE_LOOP ( 'NONE', ( #4336, #5147, #1099, #5819 ) ) ;
#2786 = EDGE_CURVE ( 'NONE', #983, #4099, #6503, .T. ) ;
#2787 = LINE ( 'NONE', #6311, #3606 ) ;
#2788 = DIRECTION ( 'NONE',  ( 0.000000000000000000, 0.000000000000000000, -1.000000000000000000 ) ) ;
#2789 = FACE_OUTER_BOUND ( 'NONE', #5214, .T. ) ;
#2790 = FACE_OUTER_BOUND ( 'NONE', #4720, .T. ) ;
#2791 = ORIENTED_EDGE ( 'NONE', *, *, #6427, .F. ) ;
#2792 = DIRECTION ( 'NONE',  ( 0.000000000000000000, 0.000000000000000000, 1.000000000000000000 ) ) ;
#2793 = CIRCLE ( 'NONE', #2440, 2.000000000000001776 ) ;
#2794 = ORIENTED_EDGE ( 'NONE', *, *, #6685, .T. ) ;
#2795 = CYLINDRICAL_SURFACE ( 'NONE', #7385, 5.000000000000000888 ) ;
#2796 = DIRECTION ( 'NONE',  ( 0.000000000000000000, 0.000000000000000000, -1.000000000000000000 ) ) ;
#2797 = DIRECTION ( 'NONE',  ( -1.000000000000000000, -0.000000000000000000, -0.000000000000000000 ) ) ;
#2798 = ORIENTED_EDGE ( 'NONE', *, *, #7177, .T. ) ;
#2799 = FACE_OUTER_BOUND ( 'NONE', #830, .T. ) ;
#2800 = ORIENTED_EDGE ( 'NONE', *, *, #1938, .T. ) ;
#2801 = VERTEX_POINT ( 'NONE', #3697 ) ;
#2802 = AXIS2_PLACEMENT_3D ( 'NONE', #4380, #936, #4453 ) ;
#2803 = CARTESIAN_POINT ( 'NONE',  ( 3.000000000000000888, -2.701750790494729805E-16, 25.80614694161269895 ) ) ;
#2804 = DIRECTION ( 'NONE',  ( -1.000000000000000000, 0.000000000000000000, 0.000000000000000000 ) ) ;
#2805 = CARTESIAN_POINT ( 'NONE',  ( -14.14213562373093858, -12.37182433411610738, 19.55597066360476077 ) ) ;
#2806 = ADVANCED_FACE ( 'NONE', ( #244 ), #6543, .F. ) ;
#2807 = VERTEX_POINT ( 'NONE', #739 ) ;
#2808 = AXIS2_PLACEMENT_3D ( 'NONE', #440, #2082, #330 ) ;
#2809 = CARTESIAN_POINT ( 'NONE',  ( 2.795396438699462749, -28.82346724913955072, 34.08744765328519577 ) ) ;
#2810 = ADVANCED_FACE ( 'NONE', ( #5403 ), #2446, .T. ) ;
#2811 = EDGE_LOOP ( 'NONE', ( #5506, #3294, #3420, #3609 ) ) ;
#2812 = ORIENTED_EDGE ( 'NONE', *, *, #4926, .F. ) ;
#2813 = CARTESIAN_POINT ( 'NONE',  ( 3.000000000000000000, 49.49747468305810116, -44.99747468305849196 ) ) ;
#2814 = CARTESIAN_POINT ( 'NONE',  ( 0.000000000000000000, -42.12145270974695421, 47.35404289052740268 ) ) ;
#2815 = SURFACE_STYLE_FILL_AREA ( #3342 ) ;
#2816 = DIRECTION ( 'NONE',  ( 0.000000000000000000, 0.000000000000000000, 1.000000000000000000 ) ) ;
#2817 = ADVANCED_FACE ( 'NONE', ( #778, #4751 ), #1311, .T. ) ;
#2818 = DIRECTION ( 'NONE',  ( 1.000000000000000000, 0.000000000000000000, 0.000000000000000000 ) ) ;
#2819 = EDGE_CURVE ( 'NONE', #6356, #5767, #2437, .T. ) ;
#2820 = CARTESIAN_POINT ( 'NONE',  ( 0.000000000000000000, 12.37182433411610916, 19.55597066360476433 ) ) ;
#2821 = ORIENTED_EDGE ( 'NONE', *, *, #7281, .F. ) ;
#2822 = FACE_OUTER_BOUND ( 'NONE', #6790, .T. ) ;
#2823 = CARTESIAN_POINT ( 'NONE',  ( 0.000000000000000000, -47.41578953871443503, -42.18319935793397235 ) ) ;
#2824 = DIRECTION ( 'NONE',  ( 1.000000000000000000, 0.000000000000000000, 0.000000000000000000 ) ) ;
#2825 = CARTESIAN_POINT ( 'NONE',  ( 2.593560111265205581, 28.53655644434148186, 33.79161050105771835 ) ) ;
#2826 = CARTESIAN_POINT ( 'NONE',  ( 2.050000000000000266, 43.54571693074285577, -50.25680310855009481 ) ) ;
#2827 = ORIENTED_EDGE ( 'NONE', *, *, #2716, .F. ) ;
#2828 = DIRECTION ( 'NONE',  ( 1.000000000000000000, 0.000000000000000000, 0.000000000000000000 ) ) ;
#2829 = DIRECTION ( 'NONE',  ( 0.000000000000000000, 0.000000000000000000, -1.000000000000000000 ) ) ;
#2830 = AXIS2_PLACEMENT_3D ( 'NONE', #389, #3809, #5056 ) ;
#2831 = EDGE_CURVE ( 'NONE', #1016, #1269, #5363, .T. ) ;
#2832 = DIRECTION ( 'NONE',  ( 0.000000000000000000, 0.000000000000000000, -1.000000000000000000 ) ) ;
#2833 = ORIENTED_EDGE ( 'NONE', *, *, #5756, .T. ) ;
#2834 = CIRCLE ( 'NONE', #414, 5.000000000000000888 ) ;
#2835 = EDGE_CURVE ( 'NONE', #7440, #3681, #2561, .T. ) ;
#2836 = DIRECTION ( 'NONE',  ( 1.000000000000000000, 0.000000000000000000, 0.000000000000000000 ) ) ;
#2837 = AXIS2_PLACEMENT_3D ( 'NONE', #5889, #6378, #5380 ) ;
#2838 = EDGE_LOOP ( 'NONE', ( #3506, #603, #2029, #4789 ) ) ;
#2839 = EDGE_LOOP ( 'NONE', ( #6592, #803, #831, #6600 ) ) ;
#2840 = DIRECTION ( 'NONE',  ( 1.000000000000000000, 0.000000000000000000, 0.000000000000000000 ) ) ;
#2841 = DIRECTION ( 'NONE',  ( 1.000000000000000000, 0.000000000000000000, 0.000000000000000000 ) ) ;
#2842 = DIRECTION ( 'NONE',  ( 0.000000000000000000, 0.000000000000000000, -1.000000000000000000 ) ) ;
#2843 = CIRCLE ( 'NONE', #3931, 2.500000000000002220 ) ;
#2844 = VERTEX_POINT ( 'NONE', #854 ) ;
#2845 = CARTESIAN_POINT ( 'NONE',  ( 7.147430504453200051, 28.63407740877389784, 36.48353425709915143 ) ) ;
#2846 = VERTEX_POINT ( 'NONE', #3168 ) ;
#2847 = ORIENTED_EDGE ( 'NONE', *, *, #4077, .T. ) ;
#2848 = LINE ( 'NONE', #1183, #4556 ) ;
#2849 = CARTESIAN_POINT ( 'NONE',  ( 3.000000000000000000, -47.35404289052669924, -42.12145270974625078 ) ) ;
#2850 = AXIS2_PLACEMENT_3D ( 'NONE', #6314, #5132, #2747 ) ;
#2851 = DIRECTION ( 'NONE',  ( 1.000000000000000000, -0.000000000000000000, -0.000000000000000000 ) ) ;
#2852 = LINE ( 'NONE', #4031, #4406 ) ;
#2853 = ORIENTED_EDGE ( 'NONE', *, *, #6300, .F. ) ;
#2854 = CARTESIAN_POINT ( 'NONE',  ( 32.59999999999999432, 9.332174861821640022, -12.63835602176123984 ) ) ;
#2855 = VECTOR ( 'NONE', #4369, 1000.000000000000000 ) ;
#2856 = DIRECTION ( 'NONE',  ( 1.000000000000000000, 0.000000000000000000, 0.000000000000000000 ) ) ;
#2857 = CARTESIAN_POINT ( 'NONE',  ( 0.000000000000000000, 11.00000000000000000, -44.83172803104509541 ) ) ;
#2858 = CARTESIAN_POINT ( 'NONE',  ( 0.9499999999999999556, -43.54571693074325367, 50.25680310855020139 ) ) ;
#2859 = EDGE_CURVE ( 'NONE', #6152, #1250, #5955, .T. ) ;
#2860 = CIRCLE ( 'NONE', #5528, 5.999999999999998224 ) ;
#2861 = FACE_OUTER_BOUND ( 'NONE', #4087, .T. ) ;
#2862 = AXIS2_PLACEMENT_3D ( 'NONE', #5004, #521, #7326 ) ;
#2863 = ORIENTED_EDGE ( 'NONE', *, *, #1878, .T. ) ;
#2864 = CIRCLE ( 'NONE', #7229, 2.500000000000002220 ) ;
#2865 = EDGE_CURVE ( 'NONE', #2983, #1701, #1920, .T. ) ;
#2866 = CARTESIAN_POINT ( 'NONE',  ( 0.000000000000000000, -23.59999999999999787, 0.000000000000000000 ) ) ;
#2867 = CARTESIAN_POINT ( 'NONE',  ( 2.999999999999999112, 15.00000000000000000, 15.00000000000000000 ) ) ;
#2868 = CIRCLE ( 'NONE', #3966, 1.250000000000001110 ) ;
#2869 = LINE ( 'NONE', #2906, #3162 ) ;
#2870 = ORIENTED_EDGE ( 'NONE', *, *, #5759, .F. ) ;
#2871 = EDGE_CURVE ( 'NONE', #6446, #3738, #5716, .T. ) ;
#2872 = CARTESIAN_POINT ( 'NONE',  ( 3.000000000000000000, -44.48011260054730087, 52.78777523665389992 ) ) ;
#2873 = ORIENTED_EDGE ( 'NONE', *, *, #6486, .T. ) ;
#2874 = EDGE_CURVE ( 'NONE', #3547, #5417, #1957, .T. ) ;
#2875 = ORIENTED_EDGE ( 'NONE', *, *, #157, .T. ) ;
#2876 = DIRECTION ( 'NONE',  ( 1.000000000000000000, 0.000000000000000000, 0.000000000000000000 ) ) ;
#2877 = DIRECTION ( 'NONE',  ( 0.000000000000000000, 0.000000000000000000, -1.000000000000000000 ) ) ;
#2878 = PLANE ( 'NONE',  #6491 ) ;
#2879 = AXIS2_PLACEMENT_3D ( 'NONE', #3594, #4656, #7048 ) ;
#2880 = ORIENTED_EDGE ( 'NONE', *, *, #4668, .T. ) ;
#2881 = CARTESIAN_POINT ( 'NONE',  ( 0.000000000000000000, -27.04060357798904946, -37.93004800826189893 ) ) ;
#2882 = CARTESIAN_POINT ( 'NONE',  ( 3.000000000000002665, -22.80945901265407727, 7.795582449327546293 ) ) ;
#2883 = ORIENTED_EDGE ( 'NONE', *, *, #4469, .F. ) ;
#2884 = CIRCLE ( 'NONE', #1323, 2.999999999999999112 ) ;
#2885 = ORIENTED_EDGE ( 'NONE', *, *, #471, .T. ) ;
#2886 = CARTESIAN_POINT ( 'NONE',  ( 0.000000000000000000, -13.00000000000000000, -44.83172803104509541 ) ) ;
#2887 = CARTESIAN_POINT ( 'NONE',  ( 0.000000000000000000, -53.99747468305779563, 49.49747468305890408 ) ) ;
#2888 = LINE ( 'NONE', #6307, #3811 ) ;
#2889 = CARTESIAN_POINT ( 'NONE',  ( 0.000000000000000000, -56.90126254826141405, 54.70878552723405619 ) ) ;
#2890 = LINE ( 'NONE', #1150, #6222 ) ;
#2891 = ORIENTED_EDGE ( 'NONE', *, *, #3946, .T. ) ;
#2892 = CIRCLE ( 'NONE', #5807, 1.250000000000001110 ) ;
#2893 = DIRECTION ( 'NONE',  ( 0.000000000000000000, 0.000000000000000000, -1.000000000000000000 ) ) ;
#2894 = CIRCLE ( 'NONE', #1574, 1.250000000000001110 ) ;
#2895 = CARTESIAN_POINT ( 'NONE',  ( 20.00000000000000000, 11.00000000000000000, -47.88164918173480089 ) ) ;
#2896 = DIRECTION ( 'NONE',  ( 1.000000000000000000, 0.000000000000000000, 0.000000000000000000 ) ) ;
#2897 = CARTESIAN_POINT ( 'NONE',  ( -0.1499999999999999944, -43.54571693074325367, 50.25680310855020139 ) ) ;
#2898 = EDGE_CURVE ( 'NONE', #1490, #1893, #738, .T. ) ;
#2899 = AXIS2_PLACEMENT_3D ( 'NONE', #7448, #5168, #4559 ) ;
#2900 = CARTESIAN_POINT ( 'NONE',  ( 3.000000000000000000, -44.99747468305779563, 49.49747468305880460 ) ) ;
#2901 = EDGE_CURVE ( 'NONE', #4645, #5044, #1586, .T. ) ;
#2902 = EDGE_LOOP ( 'NONE', ( #798, #3330, #4667, #5990 ) ) ;
#2903 = AXIS2_PLACEMENT_3D ( 'NONE', #3293, #5725, #442 ) ;
#2904 = DIRECTION ( 'NONE',  ( 0.000000000000000000, 0.000000000000000000, -1.000000000000000000 ) ) ;
#2905 = DIRECTION ( 'NONE',  ( 0.000000000000000000, -3.469446951953615372E-15, -1.000000000000000000 ) ) ;
#2906 = CARTESIAN_POINT ( 'NONE',  ( 0.000000000000000000, 11.00000000000000000, -37.45125332860914824 ) ) ;
#2907 = EDGE_CURVE ( 'NONE', #2540, #4425, #3818, .T. ) ;
#2908 = ORIENTED_EDGE ( 'NONE', *, *, #1033, .F. ) ;
#2909 = CARTESIAN_POINT ( 'NONE',  ( 0.000000000000000000, 18.47724704213510094, -29.36669147240789712 ) ) ;
#2910 = EDGE_LOOP ( 'NONE', ( #7222, #1501, #1836, #7247 ) ) ;
#2911 = VERTEX_POINT ( 'NONE', #6091 ) ;
#2912 = DIRECTION ( 'NONE',  ( 1.000000000000000000, -0.000000000000000000, -0.000000000000000000 ) ) ;
#2913 = DIRECTION ( 'NONE',  ( 0.000000000000000000, 0.000000000000000000, 1.000000000000000000 ) ) ;
#2914 = CARTESIAN_POINT ( 'NONE',  ( 0.000000000000000000, 49.49747468305800169, -49.49747468305869802 ) ) ;
#2915 = VERTEX_POINT ( 'NONE', #5525 ) ;
#2916 = EDGE_CURVE ( 'NONE', #5933, #4537, #1349, .T. ) ;
#2917 = CARTESIAN_POINT ( 'NONE',  ( 3.000000000000000000, -47.54235134132130014, -42.30031454084590337 ) ) ;
#2918 = CARTESIAN_POINT ( 'NONE',  ( -14.00000000000000000, -15.00000000000000000, 12.75000000000000000 ) ) ;
#2919 = VERTEX_POINT ( 'NONE', #2751 ) ;
#2920 = ORIENTED_EDGE ( 'NONE', *, *, #575, .F. ) ;
#2921 = DIRECTION ( 'NONE',  ( -1.000000000000000000, 0.000000000000000000, 0.000000000000000000 ) ) ;
#2922 = DIRECTION ( 'NONE',  ( 1.000000000000000000, 0.000000000000000000, 0.000000000000000000 ) ) ;
#2923 = CARTESIAN_POINT ( 'NONE',  ( 0.000000000000000000, 20.70741139360497485, 15.47482121282451750 ) ) ;
#2924 = CIRCLE ( 'NONE', #3041, 5.999999999999998224 ) ;
#2925 = VERTEX_POINT ( 'NONE', #6171 ) ;
#2926 = EDGE_CURVE ( 'NONE', #2625, #3585, #323, .T. ) ;
#2927 = B_SPLINE_CURVE_WITH_KNOTS ( 'NONE', 3,
 ( #3607, #7024, #3565, #1225 ),
 .UNSPECIFIED., .F., .F.,
 ( 4, 4 ),
 ( 0.000000000000000000, 1.000000000000000000 ),
 .UNSPECIFIED. ) ;
#2928 = CARTESIAN_POINT ( 'NONE',  ( 3.000000000000002665, -10.24377216533662072, 20.44140357624315385 ) ) ;
#2929 = EDGE_LOOP ( 'NONE', ( #1170, #5639, #1943, #3400 ) ) ;
#2930 = EDGE_CURVE ( 'NONE', #5844, #973, #6199, .T. ) ;
#2931 = DIRECTION ( 'NONE',  ( 1.000000000000000000, 0.000000000000000000, 0.000000000000000000 ) ) ;
#2932 = CARTESIAN_POINT ( 'NONE',  ( 0.000000000000000000, 44.99747468305814380, -49.49747468305849907 ) ) ;
#2933 = CARTESIAN_POINT ( 'NONE',  ( 0.000000000000000000, -57.06990735657444702, -54.30119389361615134 ) ) ;
#2934 = DIRECTION ( 'NONE',  ( 1.000000000000000000, 0.000000000000000000, 0.000000000000000000 ) ) ;
#2935 = CARTESIAN_POINT ( 'NONE',  ( 2.050000000000000266, 42.12145270974649947, -47.35404289052689819 ) ) ;
#2936 = VERTEX_POINT ( 'NONE', #431 ) ;
#2937 = DIRECTION ( 'NONE',  ( 1.000000000000000000, 0.000000000000000000, 0.000000000000000000 ) ) ;
#2938 = PLANE ( 'NONE',  #5288 ) ;
#2939 = CYLINDRICAL_SURFACE ( 'NONE', #3649, 3.033234194475119327 ) ;
#2940 = ORIENTED_EDGE ( 'NONE', *, *, #7296, .T. ) ;
#2941 = DIRECTION ( 'NONE',  ( 0.000000000000000000, 0.000000000000000000, 1.000000000000000000 ) ) ;
#2942 = VERTEX_POINT ( 'NONE', #1047 ) ;
#2943 = ADVANCED_FACE ( 'NONE', ( #3781 ), #895, .T. ) ;
#2944 = VERTEX_POINT ( 'NONE', #3320 ) ;
#2945 = DIRECTION ( 'NONE',  ( 0.000000000000000000, 0.000000000000000000, -1.000000000000000000 ) ) ;
#2946 = DIRECTION ( 'NONE',  ( 1.000000000000000000, 0.000000000000000000, 0.000000000000000000 ) ) ;
#2947 = AXIS2_PLACEMENT_3D ( 'NONE', #1114, #4595, #5743 ) ;
#2948 = DIRECTION ( 'NONE',  ( -0.000000000000000000, 0.8426962598121399139, 0.5383892771022009693 ) ) ;
#2949 = CARTESIAN_POINT ( 'NONE',  ( 3.000000000000000000, 42.38252081524409931, 47.63019091470624033 ) ) ;
#2950 = ADVANCED_FACE ( 'NONE', ( #2149 ), #5064, .T. ) ;
#2951 = EDGE_CURVE ( 'NONE', #2911, #5613, #6803, .T. ) ;
#2952 = VECTOR ( 'NONE', #5055, 1000.000000000000114 ) ;
#2953 = ORIENTED_EDGE ( 'NONE', *, *, #4389, .T. ) ;
#2954 = AXIS2_PLACEMENT_3D ( 'NONE', #3308, #1034, #6192 ) ;
#2955 = CYLINDRICAL_SURFACE ( 'NONE', #2279, 3.330726836203799834 ) ;
#2956 = AXIS2_PLACEMENT_3D ( 'NONE', #4781, #3614, #1949 ) ;
#2957 = CARTESIAN_POINT ( 'NONE',  ( -10.50000000000000000, -2.701750790494729805E-16, 20.30614694161270251 ) ) ;
#2958 = ORIENTED_EDGE ( 'NONE', *, *, #1813, .F. ) ;
#2959 = ORIENTED_EDGE ( 'NONE', *, *, #5656, .F. ) ;
#2960 = CARTESIAN_POINT ( 'NONE',  ( -17.00000000000000000, -53.99747468305779563, 48.24747468305889697 ) ) ;
#2961 = DIRECTION ( 'NONE',  ( -1.000000000000000000, 0.000000000000000000, 0.000000000000000000 ) ) ;
#2962 = AXIS2_PLACEMENT_3D ( 'NONE', #1610, #4553, #1651 ) ;
#2963 = DIRECTION ( 'NONE',  ( 0.000000000000000000, 0.000000000000000000, -1.000000000000000000 ) ) ;
#2964 = EDGE_CURVE ( 'NONE', #105, #1385, #3799, .T. ) ;
#2965 = ORIENTED_EDGE ( 'NONE', *, *, #6429, .T. ) ;
#2966 = CARTESIAN_POINT ( 'NONE',  ( -7.156768276902879755, 46.55283011860050379, -54.72519582988839915 ) ) ;
#2967 = VERTEX_POINT ( 'NONE', #3357 ) ;
#2968 = CARTESIAN_POINT ( 'NONE',  ( 0.9499999999999999556, 50.25680310855029376, -43.54571693074365157 ) ) ;
#2969 = ADVANCED_FACE ( 'NONE', ( #2715 ), #2188, .T. ) ;
#2970 = CARTESIAN_POINT ( 'NONE',  ( 2.000000000000000000, -42.12145270974760081, -47.35404289052809901 ) ) ;
#2971 = DIRECTION ( 'NONE',  ( -1.000000000000000000, -0.000000000000000000, -0.000000000000000000 ) ) ;
#2972 = VECTOR ( 'NONE', #5676, 1000.000000000000000 ) ;
#2973 = CARTESIAN_POINT ( 'NONE',  ( -0.1500000000000008271, 43.32950521810229105, -48.56209539888275373 ) ) ;
#2974 = VECTOR ( 'NONE', #1608, 1000.000000000000000 ) ;
#2975 = VERTEX_POINT ( 'NONE', #1505 ) ;
#2976 = DIRECTION ( 'NONE',  ( 1.000000000000000000, 0.000000000000000000, 0.000000000000000000 ) ) ;
#2977 = FACE_OUTER_BOUND ( 'NONE', #3968, .T. ) ;
#2978 = CIRCLE ( 'NONE', #4670, 3.000000000000002665 ) ;
#2979 = DIRECTION ( 'NONE',  ( -1.000000000000000000, -0.000000000000000000, -0.000000000000000000 ) ) ;
#2980 = VECTOR ( 'NONE', #5122, 1000.000000000000000 ) ;
#2981 = AXIS2_PLACEMENT_3D ( 'NONE', #3065, #3758, #2542 ) ;
#2982 = FACE_OUTER_BOUND ( 'NONE', #724, .T. ) ;
#2983 = VERTEX_POINT ( 'NONE', #474 ) ;
#2984 = ORIENTED_EDGE ( 'NONE', *, *, #2433, .T. ) ;
#2985 = DIRECTION ( 'NONE',  ( -1.000000000000000000, 0.000000000000000000, 0.000000000000000000 ) ) ;
#2986 = AXIS2_PLACEMENT_3D ( 'NONE', #5142, #3468, #2829 ) ;
#2987 = CARTESIAN_POINT ( 'NONE',  ( 3.000000000000000000, 57.29768064699682384, -49.94734338944691387 ) ) ;
#2988 = CYLINDRICAL_SURFACE ( 'NONE', #3952, 2.250000000000000444 ) ;
#2989 = CARTESIAN_POINT ( 'NONE',  ( -10.50000000000000000, 7.347880794884119933E-15, -36.39999999999999858 ) ) ;
#2990 = ORIENTED_EDGE ( 'NONE', *, *, #7192, .F. ) ;
#2991 = ADVANCED_FACE ( 'NONE', ( #6775 ), #3250, .T. ) ;
#2992 = FACE_OUTER_BOUND ( 'NONE', #4620, .T. ) ;
#2993 = ORIENTED_EDGE ( 'NONE', *, *, #2348, .F. ) ;
#2994 = EDGE_LOOP ( 'NONE', ( #3262, #772, #646, #1420, #1604, #405, #64, #5290 ) ) ;
#2995 = CARTESIAN_POINT ( 'NONE',  ( 13.59999999999999964, -25.44861127607895668, -9.827646531594108836 ) ) ;
#2996 = ADVANCED_FACE ( 'NONE', ( #365 ), #5751, .F. ) ;
#2997 = CARTESIAN_POINT ( 'NONE',  ( 0.000000000000000000, -15.32146667047080157, -29.79757139416084755 ) ) ;
#2998 = CARTESIAN_POINT ( 'NONE',  ( 0.000000000000000000, -53.99747468305779563, 49.49747468305890408 ) ) ;
#2999 = VECTOR ( 'NONE', #347, 1000.000000000000000 ) ;
#3000 = EDGE_LOOP ( 'NONE', ( #5493, #1642, #7200, #6101 ) ) ;
#3001 = CARTESIAN_POINT ( 'NONE',  ( -7.786710655447439490E-16, 47.77712100199629930, -42.49929662229975236 ) ) ;
#3002 = ORIENTED_EDGE ( 'NONE', *, *, #2411, .F. ) ;
#3003 = EDGE_CURVE ( 'NONE', #3090, #1256, #2435, .T. ) ;
#3004 = CARTESIAN_POINT ( 'NONE',  ( -8.485281374238578422, 49.49747468305812959, -49.49747468305847775 ) ) ;
#3005 = DIRECTION ( 'NONE',  ( 1.000000000000000000, 0.000000000000000000, 0.000000000000000000 ) ) ;
#3007 = DIRECTION ( 'NONE',  ( 0.000000000000000000, 0.000000000000000000, -1.000000000000000000 ) ) ;
#3006 = AXIS2_PLACEMENT_3D ( 'NONE', #7349, #4385, #3822 ) ;
#3008 = EDGE_CURVE ( 'NONE', #1362, #1091, #2300, .T. ) ;
#3009 = CARTESIAN_POINT ( 'NONE',  ( 2.049999999999996270, 48.56209539888296689, 43.32950521810243316 ) ) ;
#3010 = AXIS2_PLACEMENT_3D ( 'NONE', #356, #771, #3812 ) ;
#3011 = VERTEX_POINT ( 'NONE', #4602 ) ;
#3012 = CARTESIAN_POINT ( 'NONE',  ( 4.336808689942017736E-16, -2.701750790494729805E-16, 19.30614694161270251 ) ) ;
#3013 = CARTESIAN_POINT ( 'NONE',  ( 0.000000000000000000, 53.99747468305810116, -50.74747468305849907 ) ) ;
#3014 = VECTOR ( 'NONE', #2364, 1000.000000000000000 ) ;
#3015 = AXIS2_PLACEMENT_3D ( 'NONE', #2605, #167, #5946 ) ;
#3016 = CYLINDRICAL_SURFACE ( 'NONE', #5340, 2.250000000000000444 ) ;
#3017 = CARTESIAN_POINT ( 'NONE',  ( 3.000000000000000000, 47.77712424307149774, -42.49929430624599291 ) ) ;
#3018 = ORIENTED_EDGE ( 'NONE', *, *, #2187, .T. ) ;
#3019 = VERTEX_POINT ( 'NONE', #3969 ) ;
#3020 = CARTESIAN_POINT ( 'NONE',  ( 3.000000000000000000, 9.555277784863578816, -20.44472221513640164 ) ) ;
#3021 = EDGE_CURVE ( 'NONE', #345, #7025, #4893, .T. ) ;
#3022 = DIRECTION ( 'NONE',  ( 0.000000000000000000, -0.7093507229264949254, 0.7048556957872008644 ) ) ;
#3023 = CARTESIAN_POINT ( 'NONE',  ( -14.14213562373093858, 22.82873173716461324, 13.35350086926487556 ) ) ;
#3024 = DIRECTION ( 'NONE',  ( 1.000000000000000000, -0.000000000000000000, -0.000000000000000000 ) ) ;
#3025 = VERTEX_POINT ( 'NONE', #5863 ) ;
#3026 = CARTESIAN_POINT ( 'NONE',  ( -0.1499999999999999944, -50.25680310855020139, 43.54571693074325367 ) ) ;
#3027 = DIRECTION ( 'NONE',  ( -1.000000000000000000, 0.000000000000000000, 0.000000000000000000 ) ) ;
#3028 = ORIENTED_EDGE ( 'NONE', *, *, #3317, .T. ) ;
#3029 = ORIENTED_EDGE ( 'NONE', *, *, #4531, .F. ) ;
#3030 = CARTESIAN_POINT ( 'NONE',  ( 0.000000000000000000, 0.000000000000000000, 0.000000000000000000 ) ) ;
#3031 = CARTESIAN_POINT ( 'NONE',  ( 0.000000000000000000, 49.49747468305830722, 53.99747468305830012 ) ) ;
#3032 = ADVANCED_FACE ( 'NONE', ( #1122 ), #17, .T. ) ;
#3033 = DIRECTION ( 'NONE',  ( -1.000000000000000000, 0.000000000000000000, 0.000000000000000000 ) ) ;
#3034 = EDGE_LOOP ( 'NONE', ( #300, #332, #991, #5504 ) ) ;
#3035 = EDGE_CURVE ( 'NONE', #6861, #5325, #1019, .T. ) ;
#3036 = DIRECTION ( 'NONE',  ( 1.000000000000000000, 0.000000000000000000, 0.000000000000000000 ) ) ;
#3037 = VERTEX_POINT ( 'NONE', #6922 ) ;
#3038 = ORIENTED_EDGE ( 'NONE', *, *, #1342, .T. ) ;
#3039 = CYLINDRICAL_SURFACE ( 'NONE', #1580, 2.500000000000002220 ) ;
#3040 = EDGE_CURVE ( 'NONE', #1789, #713, #5629, .T. ) ;
#3041 = AXIS2_PLACEMENT_3D ( 'NONE', #1094, #5796, #5183 ) ;
#3042 = CARTESIAN_POINT ( 'NONE',  ( -10.50000000000000000, 23.59999999999999787, 3.000000000000010658 ) ) ;
#3043 = DIRECTION ( 'NONE',  ( -1.000000000000000000, 0.000000000000000000, 0.000000000000000000 ) ) ;
#3044 = ADVANCED_FACE ( 'NONE', ( #2861 ), #3426, .F. ) ;
#3045 = DIRECTION ( 'NONE',  ( 0.000000000000000000, 0.000000000000000000, -1.000000000000000000 ) ) ;
#3046 = ORIENTED_EDGE ( 'NONE', *, *, #601, .T. ) ;
#3047 = DIRECTION ( 'NONE',  ( 0.000000000000000000, 1.224646799147352468E-16, 1.000000000000000000 ) ) ;
#3048 = CYLINDRICAL_SURFACE ( 'NONE', #5162, 2.500000000000002220 ) ;
#3049 = ORIENTED_EDGE ( 'NONE', *, *, #157, .F. ) ;
#3050 = AXIS2_PLACEMENT_3D ( 'NONE', #1433, #6021, #858 ) ;
#3051 = CARTESIAN_POINT ( 'NONE',  ( 0.000000000000000000, -47.48917979745652929, 42.25658961667604530 ) ) ;
#3052 = FACE_BOUND ( 'NONE', #6714, .T. ) ;
#3053 = VERTEX_POINT ( 'NONE', #1662 ) ;
#3054 = DIRECTION ( 'NONE',  ( 0.000000000000000000, 0.000000000000000000, 1.000000000000000000 ) ) ;
#3055 = ADVANCED_FACE ( 'NONE', ( #5828 ), #2632, .T. ) ;
#3056 = DIRECTION ( 'NONE',  ( 1.000000000000000000, 0.000000000000000000, 0.000000000000000000 ) ) ;
#3057 = CARTESIAN_POINT ( 'NONE',  ( 3.000000000000000000, 53.99747468305810116, -49.49747468305849907 ) ) ;
#3058 = EDGE_LOOP ( 'NONE', ( #7455, #2658, #4392, #4846, #196, #81, #5046, #6923, #294 ) ) ;
#3059 = EDGE_CURVE ( 'NONE', #4248, #187, #3537, .T. ) ;
#3060 = DIRECTION ( 'NONE',  ( 1.000000000000000000, 0.000000000000000000, 0.000000000000000000 ) ) ;
#3061 = VERTEX_POINT ( 'NONE', #5287 ) ;
#3062 = ORIENTED_EDGE ( 'NONE', *, *, #471, .F. ) ;
#3063 = ORIENTED_EDGE ( 'NONE', *, *, #404, .T. ) ;
#3064 = VERTEX_POINT ( 'NONE', #2223 ) ;
#3065 = CARTESIAN_POINT ( 'NONE',  ( 3.000000000000000000, 35.42412474690099344, -44.89935561480072579 ) ) ;
#3066 = DIRECTION ( 'NONE',  ( 1.000000000000000000, 0.000000000000000000, 0.000000000000000000 ) ) ;
#3067 = DIRECTION ( 'NONE',  ( -1.000000000000000000, 0.000000000000000000, 0.000000000000000000 ) ) ;
#3068 = CIRCLE ( 'NONE', #3555, 3.000000000000000000 ) ;
#3069 = CIRCLE ( 'NONE', #5870, 3.000000000000000000 ) ;
#3070 = ORIENTED_EDGE ( 'NONE', *, *, #2250, .F. ) ;
#3071 = DIRECTION ( 'NONE',  ( 1.000000000000000000, 0.000000000000000000, 0.000000000000000000 ) ) ;
#3072 = ORIENTED_EDGE ( 'NONE', *, *, #4264, .F. ) ;
#3073 = VECTOR ( 'NONE', #5769, 1000.000000000000000 ) ;
#3074 = ORIENTED_EDGE ( 'NONE', *, *, #3552, .F. ) ;
#3075 = CARTESIAN_POINT ( 'NONE',  ( 3.000000000000000000, -20.70741139360497485, 15.47482121282451750 ) ) ;
#3076 = DIRECTION ( 'NONE',  ( -1.000000000000000000, 0.000000000000000000, 0.000000000000000000 ) ) ;
#3077 = DIRECTION ( 'NONE',  ( -1.000000000000000000, 0.000000000000000000, 0.000000000000000000 ) ) ;
#3078 = ADVANCED_FACE ( 'NONE', ( #6957 ), #57, .F. ) ;
#3079 = DIRECTION ( 'NONE',  ( 0.000000000000000000, 0.000000000000000000, -1.000000000000000000 ) ) ;
#3080 = ORIENTED_EDGE ( 'NONE', *, *, #1560, .F. ) ;
#3081 = CARTESIAN_POINT ( 'NONE',  ( 3.000000000000000888, -24.89402789325527010, -6.879352572115876363 ) ) ;
#3082 = ORIENTED_EDGE ( 'NONE', *, *, #3460, .F. ) ;
#3083 = EDGE_CURVE ( 'NONE', #406, #2942, #770, .T. ) ;
#3084 = FACE_OUTER_BOUND ( 'NONE', #5494, .T. ) ;
#3085 = CARTESIAN_POINT ( 'NONE',  ( 76.59212285118779562, 0.000000000000000000, 0.000000000000000000 ) ) ;
#3086 = ORIENTED_EDGE ( 'NONE', *, *, #7489, .F. ) ;
#3087 = LINE ( 'NONE', #5945, #6921 ) ;
#3088 = CIRCLE ( 'NONE', #794, 1.250000000000001110 ) ;
#3089 = FACE_BOUND ( 'NONE', #747, .T. ) ;
#3090 = VERTEX_POINT ( 'NONE', #1769 ) ;
#3091 = DIRECTION ( 'NONE',  ( 0.000000000000000000, 0.000000000000000000, 1.000000000000000000 ) ) ;
#3092 = CARTESIAN_POINT ( 'NONE',  ( -10.50000000000000000, 23.59999999999999787, 9.108356170405180515E-15 ) ) ;
#3093 = VECTOR ( 'NONE', #2514, 1000.000000000000000 ) ;
#3094 = FACE_OUTER_BOUND ( 'NONE', #6506, .T. ) ;
#3095 = CIRCLE ( 'NONE', #5042, 2.999999999999999112 ) ;
#3096 = ORIENTED_EDGE ( 'NONE', *, *, #2369, .T. ) ;
#3097 = PRODUCT_RELATED_PRODUCT_CATEGORY ( 'part', '', ( #3624 ) ) ;
#3098 = DIRECTION ( 'NONE',  ( 0.000000000000000000, 0.000000000000000000, -1.000000000000000000 ) ) ;
#3099 = EDGE_LOOP ( 'NONE', ( #4326, #226, #3267, #5911 ) ) ;
#3100 = EDGE_CURVE ( 'NONE', #2008, #2678, #5175, .T. ) ;
#3101 = AXIS2_PLACEMENT_3D ( 'NONE', #4642, #1739, #2905 ) ;
#3102 = ORIENTED_EDGE ( 'NONE', *, *, #4522, .T. ) ;
#3103 = ORIENTED_EDGE ( 'NONE', *, *, #3157, .T. ) ;
#3104 = ORIENTED_EDGE ( 'NONE', *, *, #1927, .F. ) ;
#3105 = CARTESIAN_POINT ( 'NONE',  ( 2.325565410541210021, -28.48816598672080147, 33.75269230715889535 ) ) ;
#3106 = CIRCLE ( 'NONE', #194, 1.250000000000001110 ) ;
#3107 = CARTESIAN_POINT ( 'NONE',  ( 3.000000000000000888, 7.347880794884119933E-15, -36.39999999999999858 ) ) ;
#3108 = AXIS2_PLACEMENT_3D ( 'NONE', #6756, #1605, #1569 ) ;
#3109 = FACE_OUTER_BOUND ( 'NONE', #1629, .T. ) ;
#3110 =( BOUNDED_SURFACE ( )  B_SPLINE_SURFACE ( 2, 3, ( 
 ( #2512, #3154, #6528, #6682 ),
 ( #4251, #1338, #2628, #919 ),
 ( #266, #6566, #2586, #3767 ) ),
 .UNSPECIFIED., .F., .F., .F. ) 
 B_SPLINE_SURFACE_WITH_KNOTS ( ( 3, 3 ),
 ( 4, 4 ),
 ( 0.000000000000000000, 1.000000000000000000 ),
 ( 0.01682056274847710045, 0.02012056274847710130 ),
 .UNSPECIFIED. ) 
 GEOMETRIC_REPRESENTATION_ITEM ( )  RATIONAL_B_SPLINE_SURFACE ( (
 ( 1.000000000000000000, 1.000000000000000000, 1.000000000000000000, 1.000000000000000000),
 ( 0.9462846006643820251, 0.9462846006643820251, 0.9462846006643820251, 0.9462846006643820251),
 ( 1.000000000000000000, 1.000000000000000000, 1.000000000000000000, 1.000000000000000000) ) ) 
 REPRESENTATION_ITEM ( '' )  SURFACE ( )  );
#3111 = VERTEX_POINT ( 'NONE', #1911 ) ;
#3112 = FACE_OUTER_BOUND ( 'NONE', #4198, .T. ) ;
#3113 = VECTOR ( 'NONE', #5188, 1000.000000000000114 ) ;
#3114 = ORIENTED_EDGE ( 'NONE', *, *, #5789, .T. ) ;
#3115 = ORIENTED_EDGE ( 'NONE', *, *, #2480, .F. ) ;
#3116 = CARTESIAN_POINT ( 'NONE',  ( 3.000000000000000000, -47.63019091470629007, 42.38252081524409220 ) ) ;
#3117 = DIRECTION ( 'NONE',  ( -1.000000000000000000, 0.000000000000000000, 0.000000000000000000 ) ) ;
#3118 = DIRECTION ( 'NONE',  ( 1.000000000000000000, 0.000000000000000000, 0.000000000000000000 ) ) ;
#3119 = CARTESIAN_POINT ( 'NONE',  ( 0.000000000000000000, 49.49747468305820775, -57.03070887753347051 ) ) ;
#3120 = ORIENTED_EDGE ( 'NONE', *, *, #675, .T. ) ;
#3121 = CARTESIAN_POINT ( 'NONE',  ( 3.000000000000000888, -4.000000000000000000, -42.56515138991167646 ) ) ;
#3122 = VECTOR ( 'NONE', #6806, 1000.000000000000000 ) ;
#3123 = ORIENTED_EDGE ( 'NONE', *, *, #1529, .T. ) ;
#3124 = DIRECTION ( 'NONE',  ( 0.000000000000000000, 0.000000000000000000, -1.000000000000000000 ) ) ;
#3125 = EDGE_CURVE ( 'NONE', #6086, #6861, #158, .T. ) ;
#3126 = DIRECTION ( 'NONE',  ( 0.000000000000000000, 0.000000000000000000, 1.000000000000000000 ) ) ;
#3127 = CIRCLE ( 'NONE', #703, 2.999999999999999112 ) ;
#3128 = CARTESIAN_POINT ( 'NONE',  ( 0.000000000000000000, -47.63020583461290158, 42.38253758752699696 ) ) ;
#3129 = EDGE_CURVE ( 'NONE', #3757, #1333, #696, .T. ) ;
#3130 = CARTESIAN_POINT ( 'NONE',  ( 0.000000000000000000, 49.49747468305810116, -46.24747468305849196 ) ) ;
#3131 = VECTOR ( 'NONE', #2961, 1000.000000000000000 ) ;
#3132 = EDGE_LOOP ( 'NONE', ( #7482, #7251, #7126, #5993 ) ) ;
#3133 = LINE ( 'NONE', #6546, #4936 ) ;
#3134 = FACE_OUTER_BOUND ( 'NONE', #789, .T. ) ;
#3135 = LINE ( 'NONE', #941, #5308 ) ;
#3136 = AXIS2_PLACEMENT_3D ( 'NONE', #3324, #4008, #477 ) ;
#3137 = FACE_OUTER_BOUND ( 'NONE', #1276, .T. ) ;
#3138 = CIRCLE ( 'NONE', #1451, 4.000000000000000000 ) ;
#3139 = ADVANCED_FACE ( 'NONE', ( #6005 ), #4373, .T. ) ;
#3140 = CARTESIAN_POINT ( 'NONE',  ( -76.30235973554010798, -23.59999999999999787, -7.000000000000000000 ) ) ;
#3141 = VERTEX_POINT ( 'NONE', #733 ) ;
#3142 = ORIENTED_EDGE ( 'NONE', *, *, #7214, .T. ) ;
#3143 = VERTEX_POINT ( 'NONE', #6044 ) ;
#3144 = ORIENTED_EDGE ( 'NONE', *, *, #3927, .T. ) ;
#3145 = CARTESIAN_POINT ( 'NONE',  ( 10.46740864877509303, -32.43768222939312551, 37.69577819737560276 ) ) ;
#3146 = LINE ( 'NONE', #5462, #241 ) ;
#3147 = FACE_OUTER_BOUND ( 'NONE', #1996, .T. ) ;
#3148 = EDGE_CURVE ( 'NONE', #3949, #4844, #808, .T. ) ;
#3149 = ORIENTED_EDGE ( 'NONE', *, *, #513, .F. ) ;
#3150 = CIRCLE ( 'NONE', #7133, 5.000000000000000888 ) ;
#3151 = LINE ( 'NONE', #2624, #3433 ) ;
#3152 = ORIENTED_EDGE ( 'NONE', *, *, #6194, .F. ) ;
#3153 = ORIENTED_EDGE ( 'NONE', *, *, #2629, .F. ) ;
#3154 = CARTESIAN_POINT ( 'NONE',  ( 0.9499999999999999556, 43.54571693074345262, 50.25680310855029376 ) ) ;
#3155 = DIRECTION ( 'NONE',  ( 0.000000000000000000, 0.000000000000000000, -1.000000000000000000 ) ) ;
#3156 = PLANE ( 'NONE',  #309 ) ;
#3157 = EDGE_CURVE ( 'NONE', #98, #4239, #6348, .T. ) ;
#3158 = CARTESIAN_POINT ( 'NONE',  ( -0.9999999999999991118, 7.347880794884119933E-15, -36.39999999999999858 ) ) ;
#3159 = DIRECTION ( 'NONE',  ( 0.000000000000000000, 0.000000000000000000, -1.000000000000000000 ) ) ;
#3160 = EDGE_CURVE ( 'NONE', #4047, #2967, #3069, .T. ) ;
#3161 = ORIENTED_EDGE ( 'NONE', *, *, #545, .F. ) ;
#3162 = VECTOR ( 'NONE', #1849, 1000.000000000000114 ) ;
#3163 = CARTESIAN_POINT ( 'NONE',  ( 3.000000000000000000, 54.30119389361661320, -57.06990735657394964 ) ) ;
#3164 = ORIENTED_EDGE ( 'NONE', *, *, #1374, .T. ) ;
#3165 = EDGE_LOOP ( 'NONE', ( #6460, #1142, #7041, #1460 ) ) ;
#3166 =( NAMED_UNIT ( * ) SI_UNIT ( $, .STERADIAN. ) SOLID_ANGLE_UNIT ( ) );
#3167 = DIRECTION ( 'NONE',  ( 1.000000000000000000, 0.000000000000000000, 0.000000000000000000 ) ) ;
#3168 = CARTESIAN_POINT ( 'NONE',  ( 3.000000000000000000, 18.47724704213510094, -29.36669147240789712 ) ) ;
#3169 = DIRECTION ( 'NONE',  ( -1.000000000000000000, 0.000000000000000000, 0.000000000000000000 ) ) ;
#3170 = ORIENTED_EDGE ( 'NONE', *, *, #7274, .F. ) ;
#3171 = CARTESIAN_POINT ( 'NONE',  ( -4.040819706224295618E-17, -42.49929662229980210, -47.77712100199629930 ) ) ;
#3172 = DIRECTION ( 'NONE',  ( -1.000000000000000000, 0.000000000000000000, 0.000000000000000000 ) ) ;
#3173 = CARTESIAN_POINT ( 'NONE',  ( 3.000000000000000000, -47.77712424307180328, 42.49929430624614923 ) ) ;
#3174 = CLOSED_SHELL ( 'NONE', ( #7040, #3817, #1141, #137, #5430, #2316, #2723, #2806, #2950, #1378, #4842, #4215, #113, #4606 ) ) ;
#3175 = LINE ( 'NONE', #6629, #2239 ) ;
#3176 = ORIENTED_EDGE ( 'NONE', *, *, #5756, .F. ) ;
#3177 = EDGE_CURVE ( 'NONE', #3605, #1680, #7322, .T. ) ;
#3178 = VERTEX_POINT ( 'NONE', #3729 ) ;
#3179 = ORIENTED_EDGE ( 'NONE', *, *, #76, .T. ) ;
#3180 = CIRCLE ( 'NONE', #1245, 1.250000000000001110 ) ;
#3181 = ORIENTED_EDGE ( 'NONE', *, *, #3477, .F. ) ;
#3182 = DIRECTION ( 'NONE',  ( 1.000000000000000000, 0.000000000000000000, 0.000000000000000000 ) ) ;
#3183 = DIRECTION ( 'NONE',  ( 1.000000000000000000, 0.000000000000000000, 0.000000000000000000 ) ) ;
#3184 = EDGE_CURVE ( 'NONE', #2975, #5117, #7196, .T. ) ;
#3185 = CARTESIAN_POINT ( 'NONE',  ( 0.000000000000000000, -19.96288625273713535, -14.24059142799416122 ) ) ;
#3186 = EDGE_CURVE ( 'NONE', #6535, #1016, #6571, .T. ) ;
#3187 = EDGE_LOOP ( 'NONE', ( #1177, #4415 ) ) ;
#3188 = CARTESIAN_POINT ( 'NONE',  ( 12.56364841950973954, 35.77800186948369543, 41.04486521643050878 ) ) ;
#3189 = VERTEX_POINT ( 'NONE', #4824 ) ;
#3190 = EDGE_LOOP ( 'NONE', ( #3176, #6811, #6895, #1719 ) ) ;
#3191 = DIRECTION ( 'NONE',  ( -1.000000000000000000, -0.000000000000000000, -0.000000000000000000 ) ) ;
#3192 = ADVANCED_FACE ( 'NONE', ( #7144 ), #4712, .T. ) ;
#3193 = CARTESIAN_POINT ( 'NONE',  ( 3.000000000000000000, 49.49747468305830722, 53.99747468305830012 ) ) ;
#3194 = FACE_OUTER_BOUND ( 'NONE', #4473, .T. ) ;
#3195 = CIRCLE ( 'NONE', #1982, 2.999999999999999112 ) ;
#3196 = CARTESIAN_POINT ( 'NONE',  ( -0.1500000000000007438, -43.32950521810298028, -48.56209539888341453 ) ) ;
#3197 = VECTOR ( 'NONE', #1489, 1000.000000000000000 ) ;
#3198 = CARTESIAN_POINT ( 'NONE',  ( -17.00000000000000000, -44.99747468305869802, -48.24747468305799458 ) ) ;
#3199 = EDGE_LOOP ( 'NONE', ( #2032, #217, #4383, #3647 ) ) ;
#3200 = CIRCLE ( 'NONE', #2837, 7.500000000000000000 ) ;
#3201 = ADVANCED_FACE ( 'NONE', ( #236 ), #3635, .T. ) ;
#3202 = CARTESIAN_POINT ( 'NONE',  ( 3.000000000000000000, -49.49747468305864828, -51.99747468305795906 ) ) ;
#3203 = ORIENTED_EDGE ( 'NONE', *, *, #6988, .F. ) ;
#3204 = ORIENTED_EDGE ( 'NONE', *, *, #1973, .F. ) ;
#3205 = DIRECTION ( 'NONE',  ( 0.000000000000000000, 0.000000000000000000, -1.000000000000000000 ) ) ;
#3206 = AXIS2_PLACEMENT_3D ( 'NONE', #4030, #6914, #1186 ) ;
#3207 = CARTESIAN_POINT ( 'NONE',  ( 0.000000000000000000, -49.49747468305790221, 41.96424048858374789 ) ) ;
#3208 = EDGE_LOOP ( 'NONE', ( #4089, #2505 ) ) ;
#3209 = CARTESIAN_POINT ( 'NONE',  ( 76.59212285118779562, 0.000000000000000000, 0.000000000000000000 ) ) ;
#3210 = FACE_BOUND ( 'NONE', #6443, .T. ) ;
#3211 = ORIENTED_EDGE ( 'NONE', *, *, #2241, .T. ) ;
#3212 = DIRECTION ( 'NONE',  ( 1.000000000000000000, 0.000000000000000000, 0.000000000000000000 ) ) ;
#3213 = CARTESIAN_POINT ( 'NONE',  ( 0.000000000000000000, 24.93751118143355683, 9.910149536689161209 ) ) ;
#3214 = CIRCLE ( 'NONE', #7454, 1.250000000000001110 ) ;
#3215 = FACE_OUTER_BOUND ( 'NONE', #4886, .T. ) ;
#3216 = ORIENTED_EDGE ( 'NONE', *, *, #2116, .T. ) ;
#3217 = ORIENTED_EDGE ( 'NONE', *, *, #7116, .T. ) ;
#3218 = VERTEX_POINT ( 'NONE', #4144 ) ;
#3219 = ORIENTED_EDGE ( 'NONE', *, *, #1396, .F. ) ;
#3220 = DIRECTION ( 'NONE',  ( 1.000000000000000000, 0.000000000000000000, 0.000000000000000000 ) ) ;
#3221 = CIRCLE ( 'NONE', #7092, 3.000000000000002665 ) ;
#3222 = DIRECTION ( 'NONE',  ( 0.000000000000000000, 0.000000000000000000, -1.000000000000000000 ) ) ;
#3223 = DIRECTION ( 'NONE',  ( 1.000000000000000000, 0.000000000000000000, 0.000000000000000000 ) ) ;
#3224 = AXIS2_PLACEMENT_3D ( 'NONE', #1606, #7369, #5703 ) ;
#3225 = EDGE_CURVE ( 'NONE', #4306, #790, #3678, .T. ) ;
#3226 = ORIENTED_EDGE ( 'NONE', *, *, #560, .F. ) ;
#3227 = VECTOR ( 'NONE', #4186, 1000.000000000000000 ) ;
#3228 = DIRECTION ( 'NONE',  ( 1.000000000000000000, 0.000000000000000000, 0.000000000000000000 ) ) ;
#3229 = ADVANCED_FACE ( 'NONE', ( #3571 ), #6458, .T. ) ;
#3230 = ORIENTED_EDGE ( 'NONE', *, *, #3762, .T. ) ;
#3231 = CIRCLE ( 'NONE', #1898, 2.000000000000001776 ) ;
#3232 = B_SPLINE_CURVE_WITH_KNOTS ( 'NONE', 3,
 ( #5827, #1194, #3502, #616 ),
 .UNSPECIFIED., .F., .F.,
 ( 4, 4 ),
 ( 0.000000000000000000, 1.000000000000000000 ),
 .UNSPECIFIED. ) ;
#3233 = ORIENTED_EDGE ( 'NONE', *, *, #7031, .F. ) ;
#3234 = AXIS2_PLACEMENT_3D ( 'NONE', #6595, #4203, #793 ) ;
#3235 = CARTESIAN_POINT ( 'NONE',  ( 3.000000000000002665, -20.35051772041052587, -12.75510716987533399 ) ) ;
#3236 = DIRECTION ( 'NONE',  ( 1.000000000000000000, 0.000000000000000000, 0.000000000000000000 ) ) ;
#3237 = DIRECTION ( 'NONE',  ( 0.000000000000000000, 0.000000000000000000, -1.000000000000000000 ) ) ;
#3238 = AXIS2_PLACEMENT_3D ( 'NONE', #5300, #629, #519 ) ;
#3239 = CARTESIAN_POINT ( 'NONE',  ( 2.588450683991649015, 28.68313226237571811, 33.93842535374241720 ) ) ;
#3240 = EDGE_CURVE ( 'NONE', #980, #3436, #652, .T. ) ;
#3241 = DIRECTION ( 'NONE',  ( -1.000000000000000000, 0.000000000000000000, 0.000000000000000000 ) ) ;
#3242 = EDGE_LOOP ( 'NONE', ( #7058, #4640 ) ) ;
#3243 = DIRECTION ( 'NONE',  ( -1.000000000000000000, 0.000000000000000000, 0.000000000000000000 ) ) ;
#3244 = ORIENTED_EDGE ( 'NONE', *, *, #6617, .F. ) ;
#3245 = CARTESIAN_POINT ( 'NONE',  ( 0.000000000000000000, 20.70741139360496064, -15.47482121282450862 ) ) ;
#3246 = DIRECTION ( 'NONE',  ( 0.000000000000000000, 0.000000000000000000, -1.000000000000000000 ) ) ;
#3247 = AXIS2_PLACEMENT_3D ( 'NONE', #5809, #6334, #1138 ) ;
#3248 = EDGE_CURVE ( 'NONE', #6373, #4398, #50, .T. ) ;
#3249 = ORIENTED_EDGE ( 'NONE', *, *, #3797, .T. ) ;
#3250 = CYLINDRICAL_SURFACE ( 'NONE', #1476, 7.500000000000000000 ) ;
#3251 = CIRCLE ( 'NONE', #2057, 2.500000000000002220 ) ;
#3252 = FACE_BOUND ( 'NONE', #6036, .T. ) ;
#3253 = ORIENTED_EDGE ( 'NONE', *, *, #7071, .T. ) ;
#3254 = FACE_OUTER_BOUND ( 'NONE', #734, .T. ) ;
#3255 = DIRECTION ( 'NONE',  ( 0.000000000000000000, -1.000000000000000000, 0.000000000000000000 ) ) ;
#3256 = CIRCLE ( 'NONE', #7491, 44.22904016544200090 ) ;
#3257 = FACE_OUTER_BOUND ( 'NONE', #707, .T. ) ;
#3258 = ORIENTED_EDGE ( 'NONE', *, *, #3857, .F. ) ;
#3259 = EDGE_CURVE ( 'NONE', #6670, #4298, #6579, .T. ) ;
#3260 = LINE ( 'NONE', #6291, #875 ) ;
#3261 = VERTEX_POINT ( 'NONE', #2591 ) ;
#3262 = ORIENTED_EDGE ( 'NONE', *, *, #2916, .T. ) ;
#3263 = CARTESIAN_POINT ( 'NONE',  ( 0.000000000000000000, -47.35404289052740268, 42.12145270974695421 ) ) ;
#3264 = CARTESIAN_POINT ( 'NONE',  ( 2.999999999999999112, -9.332174861821640022, -11.46965711278945932 ) ) ;
#3265 = CARTESIAN_POINT ( 'NONE',  ( 0.000000000000000000, 42.24281976426491525, -47.47855930325296470 ) ) ;
#3266 = CIRCLE ( 'NONE', #6885, 5.000000000000000888 ) ;
#3267 = ORIENTED_EDGE ( 'NONE', *, *, #5845, .T. ) ;
#3268 = LINE ( 'NONE', #989, #6956 ) ;
#3269 = ORIENTED_EDGE ( 'NONE', *, *, #4723, .T. ) ;
#3270 = AXIS2_PLACEMENT_3D ( 'NONE', #4609, #6929, #4049 ) ;
#3271 = ORIENTED_EDGE ( 'NONE', *, *, #5062, .F. ) ;
#3272 = CARTESIAN_POINT ( 'NONE',  ( -10.50000000000000000, 7.347880794884119933E-15, -41.39999999999999858 ) ) ;
#3273 = DIRECTION ( 'NONE',  ( -1.000000000000000000, 0.000000000000000000, 0.000000000000000000 ) ) ;
#3274 = DIRECTION ( 'NONE',  ( 0.000000000000000000, 0.000000000000000000, 1.000000000000000000 ) ) ;
#3275 = ADVANCED_FACE ( 'NONE', ( #3917 ), #6081, .F. ) ;
#3276 = DIRECTION ( 'NONE',  ( 1.000000000000000000, 0.000000000000000000, 0.000000000000000000 ) ) ;
#3277 = CARTESIAN_POINT ( 'NONE',  ( 0.000000000000000000, 49.49747468305812959, -49.49747468305847775 ) ) ;
#3278 = VERTEX_POINT ( 'NONE', #1497 ) ;
#3279 = EDGE_CURVE ( 'NONE', #4162, #6734, #6825, .T. ) ;
#3280 = CARTESIAN_POINT ( 'NONE',  ( -10.50000000000000000, -2.701750790494729805E-16, 25.80614694161269895 ) ) ;
#3281 = DIRECTION ( 'NONE',  ( 0.000000000000000000, 1.040834085586084059E-15, -1.000000000000000000 ) ) ;
#3282 = EDGE_CURVE ( 'NONE', #6327, #4917, #4399, .T. ) ;
#3283 = CARTESIAN_POINT ( 'NONE',  ( 0.000000000000000000, -8.292803534721100434, 22.40481398323211337 ) ) ;
#3284 = EDGE_CURVE ( 'NONE', #2846, #133, #3886, .T. ) ;
#3285 = VERTEX_POINT ( 'NONE', #6764 ) ;
#3286 = DIRECTION ( 'NONE',  ( -1.000000000000000000, 0.000000000000000000, 0.000000000000000000 ) ) ;
#3287 = ORIENTED_EDGE ( 'NONE', *, *, #4212, .T. ) ;
#3288 = CARTESIAN_POINT ( 'NONE',  ( 3.000000000000000888, 15.00000000000000000, 12.75000000000000000 ) ) ;
#3289 = VECTOR ( 'NONE', #6660, 1000.000000000000000 ) ;
#3290 = DIRECTION ( 'NONE',  ( 0.000000000000000000, -0.7065304444546269824, -0.7076826485500030683 ) ) ;
#3291 = DIRECTION ( 'NONE',  ( 0.000000000000000000, 0.000000000000000000, -1.000000000000000000 ) ) ;
#3292 = VERTEX_POINT ( 'NONE', #5558 ) ;
#3293 = CARTESIAN_POINT ( 'NONE',  ( -17.00000000000000000, 53.99747468305810116, -49.49747468305849907 ) ) ;
#3294 = ORIENTED_EDGE ( 'NONE', *, *, #7192, .T. ) ;
#3295 = EDGE_CURVE ( 'NONE', #2230, #4804, #6121, .T. ) ;
#3296 = EDGE_LOOP ( 'NONE', ( #4055, #595 ) ) ;
#3297 = DIRECTION ( 'NONE',  ( 0.000000000000000000, 0.000000000000000000, 1.000000000000000000 ) ) ;
#3298 = DIRECTION ( 'NONE',  ( 1.000000000000000000, 0.000000000000000000, 0.000000000000000000 ) ) ;
#3299 = LINE ( 'NONE', #5616, #6615 ) ;
#3300 = ADVANCED_FACE ( 'NONE', ( #7338 ), #925, .F. ) ;
#3301 = ORIENTED_EDGE ( 'NONE', *, *, #1940, .T. ) ;
#3302 = AXIS2_PLACEMENT_3D ( 'NONE', #2932, #4109, #1908 ) ;
#3303 = CARTESIAN_POINT ( 'NONE',  ( 3.000000000000000000, 15.47482121282450862, 20.70741139360496064 ) ) ;
#3304 = VERTEX_POINT ( 'NONE', #7300 ) ;
#3305 = ORIENTED_EDGE ( 'NONE', *, *, #2181, .T. ) ;
#3306 = DIRECTION ( 'NONE',  ( -1.000000000000000000, -0.000000000000000000, -0.000000000000000000 ) ) ;
#3307 = CARTESIAN_POINT ( 'NONE',  ( 3.000000018655151202, 28.49879045605962702, 33.82344204856754999 ) ) ;
#3308 = CARTESIAN_POINT ( 'NONE',  ( 2.999999999999999112, 5.332174861821640022, -11.46965711278945932 ) ) ;
#3309 = FACE_BOUND ( 'NONE', #1335, .T. ) ;
#3310 = CARTESIAN_POINT ( 'NONE',  ( 3.000000000000000000, 27.04060357798904946, -37.93004800826189893 ) ) ;
#3311 = CARTESIAN_POINT ( 'NONE',  ( 3.000000000000000000, 49.49747468305800169, -49.49747468305869802 ) ) ;
#3312 = VERTEX_POINT ( 'NONE', #1535 ) ;
#3313 = FACE_OUTER_BOUND ( 'NONE', #6766, .T. ) ;
#3314 = CIRCLE ( 'NONE', #2105, 2.250000000000000444 ) ;
#3315 = CARTESIAN_POINT ( 'NONE',  ( 0.000000000000000000, 15.00000000000000000, 15.00000000000000000 ) ) ;
#3316 = DIRECTION ( 'NONE',  ( 1.000000000000000000, 0.000000000000000000, 0.000000000000000000 ) ) ;
#3317 = EDGE_CURVE ( 'NONE', #5010, #1423, #3195, .T. ) ;
#3318 = ORIENTED_EDGE ( 'NONE', *, *, #1470, .T. ) ;
#3319 = AXIS2_PLACEMENT_3D ( 'NONE', #7453, #4565, #2368 ) ;
#3320 = CARTESIAN_POINT ( 'NONE',  ( 3.000000000000002665, 20.41105878441630495, 10.20927782830504427 ) ) ;
#3321 = EDGE_CURVE ( 'NONE', #7266, #1527, #998, .T. ) ;
#3322 = ORIENTED_EDGE ( 'NONE', *, *, #6288, .F. ) ;
#3323 = AXIS2_PLACEMENT_3D ( 'NONE', #343, #1409, #2668 ) ;
#3324 = CARTESIAN_POINT ( 'NONE',  ( -10.50000000000000000, -23.59999999999999787, 0.000000000000000000 ) ) ;
#3325 = LINE ( 'NONE', #5642, #5777 ) ;
#3326 = DIRECTION ( 'NONE',  ( 0.000000000000000000, 0.000000000000000000, -1.000000000000000000 ) ) ;
#3327 = ADVANCED_FACE ( 'NONE', ( #3849 ), #7221, .T. ) ;
#3328 = EDGE_LOOP ( 'NONE', ( #3766, #6859 ) ) ;
#3329 = LINE ( 'NONE', #2693, #4503 ) ;
#3330 = ORIENTED_EDGE ( 'NONE', *, *, #5829, .F. ) ;
#3331 = EDGE_LOOP ( 'NONE', ( #5318, #1612 ) ) ;
#3332 = LINE ( 'NONE', #1555, #5172 ) ;
#3333 = CARTESIAN_POINT ( 'NONE',  ( 3.000000000000000000, 27.04060357798904946, -37.93004800826189893 ) ) ;
#3334 = CARTESIAN_POINT ( 'NONE',  ( 0.000000000000000000, 42.38253758752695433, 47.63020583461273105 ) ) ;
#3335 = ORIENTED_EDGE ( 'NONE', *, *, #5174, .F. ) ;
#3336 = EDGE_CURVE ( 'NONE', #699, #364, #5248, .T. ) ;
#3337 = DIRECTION ( 'NONE',  ( 0.000000000000000000, 0.000000000000000000, -1.000000000000000000 ) ) ;
#3338 = VERTEX_POINT ( 'NONE', #424 ) ;
#3339 = ORIENTED_EDGE ( 'NONE', *, *, #2874, .F. ) ;
#3340 = CYLINDRICAL_SURFACE ( 'NONE', #3108, 1.250000000000001110 ) ;
#3341 = DIRECTION ( 'NONE',  ( 0.000000000000000000, 0.000000000000000000, 1.000000000000000000 ) ) ;
#3342 = FILL_AREA_STYLE ('',( #1723 ) ) ;
#3343 = FACE_BOUND ( 'NONE', #2656, .T. ) ;
#3344 = AXIS2_PLACEMENT_3D ( 'NONE', #1247, #1397, #2492 ) ;
#3345 = DIRECTION ( 'NONE',  ( 0.000000000000000000, 0.000000000000000000, -1.000000000000000000 ) ) ;
#3346 = CIRCLE ( 'NONE', #4432, 6.000000000000000888 ) ;
#3347 = CARTESIAN_POINT ( 'NONE',  ( 32.59999999999999432, -9.332174861821640022, 12.63835602176123984 ) ) ;
#3348 = ORIENTED_EDGE ( 'NONE', *, *, #1033, .T. ) ;
#3349 = AXIS2_PLACEMENT_3D ( 'NONE', #4009, #2227, #7458 ) ;
#3350 = PLANE ( 'NONE',  #950 ) ;
#3351 = DIRECTION ( 'NONE',  ( 1.000000000000000000, 0.000000000000000000, 0.000000000000000000 ) ) ;
#3352 = DIRECTION ( 'NONE',  ( 1.000000000000000000, 0.000000000000000000, 0.000000000000000000 ) ) ;
#3353 = AXIS2_PLACEMENT_3D ( 'NONE', #4589, #6910, #1721 ) ;
#3354 = CARTESIAN_POINT ( 'NONE',  ( 2.050000000000000266, -42.12145270974695421, 47.35404289052740268 ) ) ;
#3355 = ORIENTED_EDGE ( 'NONE', *, *, #333, .T. ) ;
#3356 =( BOUNDED_SURFACE ( )  B_SPLINE_SURFACE ( 2, 3, ( 
 ( #5788, #1658, #3354, #5677 ),
 ( #1768, #4601, #6239, #1045 ),
 ( #2897, #2858, #6920, #1732 ) ),
 .UNSPECIFIED., .F., .F., .F. ) 
 B_SPLINE_SURFACE_WITH_KNOTS ( ( 3, 3 ),
 ( 4, 4 ),
 ( 0.000000000000000000, 1.000000000000000000 ),
 ( 0.01682056274847710045, 0.02012056274847710130 ),
 .UNSPECIFIED. ) 
 GEOMETRIC_REPRESENTATION_ITEM ( )  RATIONAL_B_SPLINE_SURFACE ( (
 ( 1.000000000000000000, 1.000000000000000000, 1.000000000000000000, 1.000000000000000000),
 ( 0.9462846006643770291, 0.9462846006643770291, 0.9462846006643770291, 0.9462846006643770291),
 ( 1.000000000000000000, 1.000000000000000000, 1.000000000000000000, 1.000000000000000000) ) ) 
 REPRESENTATION_ITEM ( '' )  SURFACE ( )  );
#3357 = CARTESIAN_POINT ( 'NONE',  ( 3.000000000000000888, 23.59999999999999787, 3.000000000000009326 ) ) ;
#3358 = CIRCLE ( 'NONE', #1669, 3.000000000000002665 ) ;
#3359 = ORIENTED_EDGE ( 'NONE', *, *, #7355, .T. ) ;
#3360 = EDGE_CURVE ( 'NONE', #7226, #1333, #966, .T. ) ;
#3361 = CARTESIAN_POINT ( 'NONE',  ( 2.999999999999999112, -32.43634977756084226, 40.52057344476229872 ) ) ;
#3362 = CARTESIAN_POINT ( 'NONE',  ( -0.9999999999999991118, 23.59999999999999787, -5.999999999999991118 ) ) ;
#3363 = AXIS2_PLACEMENT_3D ( 'NONE', #6646, #3845, #386 ) ;
#3364 = EDGE_CURVE ( 'NONE', #2481, #1819, #4885, .T. ) ;
#3365 = DIRECTION ( 'NONE',  ( 0.000000000000000000, -1.000000000000000000, 0.000000000000000000 ) ) ;
#3366 = ORIENTED_EDGE ( 'NONE', *, *, #6749, .T. ) ;
#3367 = LINE ( 'NONE', #4424, #7050 ) ;
#3368 = ORIENTED_EDGE ( 'NONE', *, *, #766, .F. ) ;
#3369 = VERTEX_POINT ( 'NONE', #7262 ) ;
#3370 = DIRECTION ( 'NONE',  ( -1.000000000000000000, 0.000000000000000000, 0.000000000000000000 ) ) ;
#3371 = VECTOR ( 'NONE', #5444, 1000.000000000000000 ) ;
#3372 = DIRECTION ( 'NONE',  ( 0.000000000000000000, 0.000000000000000000, -1.000000000000000000 ) ) ;
#3373 = ADVANCED_FACE ( 'NONE', ( #5019 ), #6196, .T. ) ;
#3374 = VERTEX_POINT ( 'NONE', #3453 ) ;
#3375 = CARTESIAN_POINT ( 'NONE',  ( 2.386224572680244904, -28.53145885430780027, 33.79591468803914722 ) ) ;
#3376 = ORIENTED_EDGE ( 'NONE', *, *, #1577, .T. ) ;
#3377 = VERTEX_POINT ( 'NONE', #5671 ) ;
#3378 = CARTESIAN_POINT ( 'NONE',  ( 0.000000000000000000, 26.42356509336774906, -41.17852215610570710 ) ) ;
#3379 = CARTESIAN_POINT ( 'NONE',  ( 3.000000000000000000, 54.70878552723407040, 56.90126254826146379 ) ) ;
#3380 =( NAMED_UNIT ( * ) SI_UNIT ( $, .STERADIAN. ) SOLID_ANGLE_UNIT ( ) );
#3381 = FACE_BOUND ( 'NONE', #3798, .T. ) ;
#3382 = VECTOR ( 'NONE', #6047, 1000.000000000000000 ) ;
#3383 = CIRCLE ( 'NONE', #7267, 2.000000000000001776 ) ;
#3384 = DIRECTION ( 'NONE',  ( 1.000000000000000000, 0.000000000000000000, 0.000000000000000000 ) ) ;
#3385 = CYLINDRICAL_SURFACE ( 'NONE', #7314, 2.500000000000002220 ) ;
#3386 = ORIENTED_EDGE ( 'NONE', *, *, #435, .F. ) ;
#3387 = DIRECTION ( 'NONE',  ( 0.000000000000000000, 0.000000000000000000, -1.000000000000000000 ) ) ;
#3388 = EDGE_CURVE ( 'NONE', #335, #7212, #1799, .T. ) ;
#3389 = PLANE ( 'NONE',  #6569 ) ;
#3390 = LINE ( 'NONE', #2296, #6727 ) ;
#3391 = EDGE_CURVE ( 'NONE', #3546, #7440, #6986, .T. ) ;
#3392 = DIRECTION ( 'NONE',  ( 1.000000000000000000, 0.000000000000000000, 0.000000000000000000 ) ) ;
#3393 = EDGE_LOOP ( 'NONE', ( #2274, #906, #5331, #5692 ) ) ;
#3394 = DIRECTION ( 'NONE',  ( 0.000000000000000000, 0.000000000000000000, -1.000000000000000000 ) ) ;
#3395 = CARTESIAN_POINT ( 'NONE',  ( 3.000000000000000000, -49.49747468305869802, -53.99747468305799458 ) ) ;
#3396 = CARTESIAN_POINT ( 'NONE',  ( 0.000000000000000000, -17.06303347976199802, -30.78090503478100004 ) ) ;
#3397 = VERTEX_POINT ( 'NONE', #5821 ) ;
#3398 = B_SPLINE_CURVE_WITH_KNOTS ( 'NONE', 3,
 ( #5924, #1327, #2460, #1445 ),
 .UNSPECIFIED., .F., .F.,
 ( 4, 4 ),
 ( 0.0007479576474364248335, 0.001370002162250007422 ),
 .UNSPECIFIED. ) ;
#3399 = DIRECTION ( 'NONE',  ( 1.000000000000000000, 0.000000000000000000, 0.000000000000000000 ) ) ;
#3400 = ORIENTED_EDGE ( 'NONE', *, *, #2577, .F. ) ;
#3401 = ORIENTED_EDGE ( 'NONE', *, *, #3753, .F. ) ;
#3402 = AXIS2_PLACEMENT_3D ( 'NONE', #1817, #4119, #2832 ) ;
#3403 = CARTESIAN_POINT ( 'NONE',  ( 32.59999999999999432, 0.000000000000000000, -19.81566993998855253 ) ) ;
#3404 = PLANE ( 'NONE',  #2301 ) ;
#3405 = CARTESIAN_POINT ( 'NONE',  ( 0.000000000000000000, 47.48917979745667139, -42.25658961667627267 ) ) ;
#3406 = EDGE_CURVE ( 'NONE', #648, #5904, #535, .T. ) ;
#3407 = ORIENTED_EDGE ( 'NONE', *, *, #6983, .T. ) ;
#3408 = AXIS2_PLACEMENT_3D ( 'NONE', #2193, #6816, #1628 ) ;
#3409 = DIRECTION ( 'NONE',  ( 0.000000000000000000, 0.000000000000000000, -1.000000000000000000 ) ) ;
#3410 = EDGE_LOOP ( 'NONE', ( #6028, #5100, #3038, #4273 ) ) ;
#3411 = ORIENTED_EDGE ( 'NONE', *, *, #5356, .F. ) ;
#3412 = CYLINDRICAL_SURFACE ( 'NONE', #3353, 2.999999999999999112 ) ;
#3413 = EDGE_CURVE ( 'NONE', #4608, #7025, #4630, .T. ) ;
#3414 = DIRECTION ( 'NONE',  ( 0.000000000000000000, 0.000000000000000000, 1.000000000000000000 ) ) ;
#3415 = CARTESIAN_POINT ( 'NONE',  ( 13.59999999999999964, -24.53625782700349589, 6.937104675682406629 ) ) ;
#3416 = VECTOR ( 'NONE', #5949, 1000.000000000000000 ) ;
#3417 = CARTESIAN_POINT ( 'NONE',  ( -0.1499999999999999944, -42.12145270974760081, -47.35404289052809901 ) ) ;
#3418 = DIRECTION ( 'NONE',  ( 0.000000000000000000, -0.9171302927353677248, -0.3985875388758894911 ) ) ;
#3419 = ADVANCED_FACE ( 'NONE', ( #3959 ), #6419, .T. ) ;
#3420 = ORIENTED_EDGE ( 'NONE', *, *, #395, .F. ) ;
#3421 = DIRECTION ( 'NONE',  ( 1.000000000000000000, 0.000000000000000000, 0.000000000000000000 ) ) ;
#3422 = CARTESIAN_POINT ( 'NONE',  ( -17.00000000000000000, 49.49747468305810116, -43.74747468305849907 ) ) ;
#3423 = CARTESIAN_POINT ( 'NONE',  ( -17.00000000000000000, -49.49747468305779563, 55.24747468305880460 ) ) ;
#3424 = CARTESIAN_POINT ( 'NONE',  ( 13.59999999999999964, 9.332174861821640022, -11.46965711278945932 ) ) ;
#3425 = EDGE_CURVE ( 'NONE', #4162, #4097, #6309, .T. ) ;
#3426 = CYLINDRICAL_SURFACE ( 'NONE', #6232, 2.000000000000001776 ) ;
#3427 = ORIENTED_EDGE ( 'NONE', *, *, #1354, .F. ) ;
#3428 = DIRECTION ( 'NONE',  ( 0.000000000000000000, 0.000000000000000000, -1.000000000000000000 ) ) ;
#3429 = CARTESIAN_POINT ( 'NONE',  ( 3.000000000000000000, 49.49747468305830722, 46.24747468305830012 ) ) ;
#3430 = CIRCLE ( 'NONE', #2228, 5.999999999999998224 ) ;
#3431 = CARTESIAN_POINT ( 'NONE',  ( 3.000000000000000000, 7.000000000000000000, -45.56515138991168357 ) ) ;
#3432 = ORIENTED_EDGE ( 'NONE', *, *, #4538, .F. ) ;
#3433 = VECTOR ( 'NONE', #3800, 1000.000000000000114 ) ;
#3434 = CARTESIAN_POINT ( 'NONE',  ( 0.000000000000000000, -15.00000000000000000, 12.75000000000000000 ) ) ;
#3435 = ORIENTED_EDGE ( 'NONE', *, *, #1298, .F. ) ;
#3436 = VERTEX_POINT ( 'NONE', #2820 ) ;
#3437 = LINE ( 'NONE', #5262, #7361 ) ;
#3438 = DIRECTION ( 'NONE',  ( 1.000000000000000000, -0.000000000000000000, -0.000000000000000000 ) ) ;
#3439 = CARTESIAN_POINT ( 'NONE',  ( 0.000000000000000000, -2.799999999999998490, -42.81560597293817239 ) ) ;
#3440 = AXIS2_PLACEMENT_3D ( 'NONE', #6063, #174, #2494 ) ;
#3441 = ORIENTED_EDGE ( 'NONE', *, *, #1758, .T. ) ;
#3442 = CARTESIAN_POINT ( 'NONE',  ( 1.000000000000000444, -47.54239527878453941, -42.30026610687169608 ) ) ;
#3443 = LINE ( 'NONE', #2918, #3073 ) ;
#3444 = ORIENTED_EDGE ( 'NONE', *, *, #1823, .F. ) ;
#3445 = ORIENTED_EDGE ( 'NONE', *, *, #6765, .T. ) ;
#3446 = CARTESIAN_POINT ( 'NONE',  ( 0.000000000000000000, -56.90126254826141405, 54.70878552723405619 ) ) ;
#3447 = CARTESIAN_POINT ( 'NONE',  ( 0.000000000000000000, 15.00000000000000000, -15.00000000000000000 ) ) ;
#3448 = EDGE_CURVE ( 'NONE', #3867, #6045, #7185, .T. ) ;
#3449 =( NAMED_UNIT ( * ) PLANE_ANGLE_UNIT ( ) SI_UNIT ( $, .RADIAN. ) );
#3450 = PRESENTATION_LAYER_ASSIGNMENT (  '', '', ( #7087 ) ) ;
#3451 = EDGE_CURVE ( 'NONE', #3312, #7179, #2852, .T. ) ;
#3452 = CARTESIAN_POINT ( 'NONE',  ( 2.999999999999999112, -49.49747468305821485, 57.03070887753346341 ) ) ;
#3453 = CARTESIAN_POINT ( 'NONE',  ( 0.000000000000000000, -32.43634977756084226, 40.52057344476229872 ) ) ;
#3454 = ORIENTED_EDGE ( 'NONE', *, *, #5088, .F. ) ;
#3455 = CARTESIAN_POINT ( 'NONE',  ( 2.049999999999995826, -48.56209539888263294, -43.32950521810208500 ) ) ;
#3456 = CIRCLE ( 'NONE', #6855, 3.330726836203799834 ) ;
#3457 = CARTESIAN_POINT ( 'NONE',  ( 0.000000000000000000, 15.00000000000000000, 15.00000000000000000 ) ) ;
#3458 = CARTESIAN_POINT ( 'NONE',  ( 13.59999999999999964, 3.370785039248560100, -21.96922704839735019 ) ) ;
#3459 = CARTESIAN_POINT ( 'NONE',  ( 2.000000000000000000, 47.54239527878493021, 42.30026610687210109 ) ) ;
#3460 = EDGE_CURVE ( 'NONE', #5457, #2684, #6459, .T. ) ;
#3461 = DIRECTION ( 'NONE',  ( -1.000000000000000000, 0.000000000000000000, 0.000000000000000000 ) ) ;
#3462 = VECTOR ( 'NONE', #4387, 1000.000000000000000 ) ;
#3463 = AXIS2_PLACEMENT_3D ( 'NONE', #4810, #4245, #4854 ) ;
#3464 = ORIENTED_EDGE ( 'NONE', *, *, #671, .T. ) ;
#3465 = VECTOR ( 'NONE', #1252, 999.9999999999998863 ) ;
#3466 = DIRECTION ( 'NONE',  ( 1.000000000000000000, 0.000000000000000000, 0.000000000000000000 ) ) ;
#3467 = EDGE_CURVE ( 'NONE', #4147, #5952, #7481, .T. ) ;
#3468 = DIRECTION ( 'NONE',  ( 1.000000000000000000, 0.000000000000000000, 0.000000000000000000 ) ) ;
#3469 = CIRCLE ( 'NONE', #199, 5.499999999999998224 ) ;
#3470 = CARTESIAN_POINT ( 'NONE',  ( 3.000000000000000000, 15.72128267389225087, -20.95387285467269933 ) ) ;
#3471 = ORIENTED_EDGE ( 'NONE', *, *, #997, .F. ) ;
#3472 = CARTESIAN_POINT ( 'NONE',  ( 13.59999999999999964, -23.59999999999999787, 0.000000000000000000 ) ) ;
#3473 = VERTEX_POINT ( 'NONE', #2361 ) ;
#3474 = VERTEX_POINT ( 'NONE', #4105 ) ;
#3475 = DIRECTION ( 'NONE',  ( 0.000000000000000000, 0.000000000000000000, -1.000000000000000000 ) ) ;
#3476 = CARTESIAN_POINT ( 'NONE',  ( -10.50000000000000000, 7.715274834628326955E-15, -39.39999999999999858 ) ) ;
#3477 = EDGE_CURVE ( 'NONE', #4535, #5438, #402, .T. ) ;
#3478 = AXIS2_PLACEMENT_3D ( 'NONE', #3628, #2000, #6056 ) ;
#3479 = CARTESIAN_POINT ( 'NONE',  ( 3.000000000000000000, 44.99747468305814380, -49.49747468305849907 ) ) ;
#3480 = ORIENTED_EDGE ( 'NONE', *, *, #6799, .F. ) ;
#3481 = EDGE_CURVE ( 'NONE', #6513, #1106, #3314, .T. ) ;
#3482 = DIRECTION ( 'NONE',  ( -1.000000000000000000, 0.000000000000000000, 0.000000000000000000 ) ) ;
#3483 = FACE_OUTER_BOUND ( 'NONE', #867, .T. ) ;
#3484 = ORIENTED_EDGE ( 'NONE', *, *, #360, .F. ) ;
#3485 = AXIS2_PLACEMENT_3D ( 'NONE', #5860, #6455, #4108 ) ;
#3486 = ORIENTED_EDGE ( 'NONE', *, *, #2075, .T. ) ;
#3487 = DIRECTION ( 'NONE',  ( 0.000000000000000000, 0.000000000000000000, -1.000000000000000000 ) ) ;
#3488 = LINE ( 'NONE', #78, #3510 ) ;
#3489 = CYLINDRICAL_SURFACE ( 'NONE', #407, 2.500000000000002220 ) ;
#3490 = CIRCLE ( 'NONE', #7380, 3.499999999999999556 ) ;
#3491 = ORIENTED_EDGE ( 'NONE', *, *, #5845, .F. ) ;
#3492 = FACE_OUTER_BOUND ( 'NONE', #2550, .T. ) ;
#3493 = B_SPLINE_CURVE_WITH_KNOTS ( 'NONE', 3,
 ( #3923, #2825, #3967, #4563 ),
 .UNSPECIFIED., .F., .F.,
 ( 4, 4 ),
 ( 0.000000000000000000, 0.1754960267527648221 ),
 .UNSPECIFIED. ) ;
#3494 = CARTESIAN_POINT ( 'NONE',  ( -8.485281374238578422, -49.49747468305864828, -49.49747468305795906 ) ) ;
#3495 = EDGE_LOOP ( 'NONE', ( #7172, #6828 ) ) ;
#3496 = AXIS2_PLACEMENT_3D ( 'NONE', #2887, #4697, #1832 ) ;
#3497 = CARTESIAN_POINT ( 'NONE',  ( 3.000000000000000888, -15.00000000000000000, 12.75000000000000000 ) ) ;
#3498 = AXIS2_PLACEMENT_3D ( 'NONE', #6853, #2335, #6960 ) ;
#3500 = EDGE_CURVE ( 'NONE', #3738, #3867, #4068, .T. ) ;
#3499 = CARTESIAN_POINT ( 'NONE',  ( 0.000000000000000000, -49.49747468305790221, 44.99747468305884723 ) ) ;
#3501 = CARTESIAN_POINT ( 'NONE',  ( 2.999999999999999112, -57.03070887753346341, -49.49747468305820775 ) ) ;
#3502 = CARTESIAN_POINT ( 'NONE',  ( 3.000000000000000000, -42.25657361641142984, -47.48916379719183567 ) ) ;
#3503 = EDGE_CURVE ( 'NONE', #2206, #4603, #6840, .T. ) ;
#3504 = CARTESIAN_POINT ( 'NONE',  ( 0.9499999999999999556, 42.12145270974649947, -47.35404289052689819 ) ) ;
#3505 = EDGE_CURVE ( 'NONE', #2925, #2389, #1187, .T. ) ;
#3506 = ORIENTED_EDGE ( 'NONE', *, *, #5925, .F. ) ;
#3507 = ADVANCED_FACE ( 'NONE', ( #1080 ), #3385, .F. ) ;
#3508 = CARTESIAN_POINT ( 'NONE',  ( 32.59999999999999432, 0.000000000000000000, -19.81566993998855253 ) ) ;
#3509 = CARTESIAN_POINT ( 'NONE',  ( 0.000000000000000000, 54.72519582988829967, 46.55283011860069564 ) ) ;
#3510 = VECTOR ( 'NONE', #6376, 1000.000000000000000 ) ;
#3511 = DIRECTION ( 'NONE',  ( 0.000000000000000000, -0.7071067811865474617, 0.7071067811865474617 ) ) ;
#3512 = ORIENTED_EDGE ( 'NONE', *, *, #355, .F. ) ;
#3514 = EDGE_CURVE ( 'NONE', #1562, #4608, #2890, .T. ) ;
#3513 = LINE ( 'NONE', #1850, #1330 ) ;
#3515 = ORIENTED_EDGE ( 'NONE', *, *, #6894, .F. ) ;
#3516 = ORIENTED_EDGE ( 'NONE', *, *, #2907, .T. ) ;
#3517 = DIRECTION ( 'NONE',  ( 0.000000000000000000, 0.000000000000000000, -1.000000000000000000 ) ) ;
#3518 = DIRECTION ( 'NONE',  ( 0.000000000000000000, 0.000000000000000000, -1.000000000000000000 ) ) ;
#3519 = DIRECTION ( 'NONE',  ( 0.000000000000000000, 0.000000000000000000, 1.000000000000000000 ) ) ;
#3520 = CARTESIAN_POINT ( 'NONE',  ( 0.000000000000000000, -18.47724704213510094, -29.36669147240789712 ) ) ;
#3521 = ORIENTED_EDGE ( 'NONE', *, *, #3406, .F. ) ;
#3522 = CARTESIAN_POINT ( 'NONE',  ( 0.000000000000000000, 7.443468359643278021, 24.88702846231342392 ) ) ;
#3523 = EDGE_CURVE ( 'NONE', #3397, #6659, #5315, .T. ) ;
#3524 = DIRECTION ( 'NONE',  ( 1.000000000000000000, -0.000000000000000000, -0.000000000000000000 ) ) ;
#3525 = ORIENTED_EDGE ( 'NONE', *, *, #2930, .T. ) ;
#3526 = VERTEX_POINT ( 'NONE', #3680 ) ;
#3527 = CARTESIAN_POINT ( 'NONE',  ( 3.000000000000000000, -42.12145270974695421, 47.35404289052740268 ) ) ;
#3528 = LINE ( 'NONE', #1253, #835 ) ;
#3529 = CYLINDRICAL_SURFACE ( 'NONE', #5136, 1.250000000000001110 ) ;
#3530 = AXIS2_PLACEMENT_3D ( 'NONE', #974, #3286, #397 ) ;
#3531 = EDGE_LOOP ( 'NONE', ( #6368, #3454, #5681, #564 ) ) ;
#3532 = CARTESIAN_POINT ( 'NONE',  ( 3.000000000000000000, 47.77712424307149774, -42.49929430624599291 ) ) ;
#3533 = EDGE_LOOP ( 'NONE', ( #6253, #2853 ) ) ;
#3534 = CARTESIAN_POINT ( 'NONE',  ( 0.000000000000000000, 49.49747468305830722, 49.49747468305830722 ) ) ;
#3535 = FACE_OUTER_BOUND ( 'NONE', #4352, .T. ) ;
#3536 = DIRECTION ( 'NONE',  ( 1.000000000000000000, 0.000000000000000000, 0.000000000000000000 ) ) ;
#3537 = LINE ( 'NONE', #6355, #2109 ) ;
#3538 = CIRCLE ( 'NONE', #3302, 1.250000000000001110 ) ;
#3539 = ORIENTED_EDGE ( 'NONE', *, *, #3035, .T. ) ;
#3540 = CYLINDRICAL_SURFACE ( 'NONE', #2533, 2.999999999999999112 ) ;
#3541 = EDGE_CURVE ( 'NONE', #3141, #2052, #2927, .T. ) ;
#3542 = CYLINDRICAL_SURFACE ( 'NONE', #3587, 5.999999999999998224 ) ;
#3543 = DIRECTION ( 'NONE',  ( 0.000000000000000000, 0.000000000000000000, -1.000000000000000000 ) ) ;
#3544 = ADVANCED_FACE ( 'NONE', ( #3112 ), #5998, .F. ) ;
#3545 = FACE_OUTER_BOUND ( 'NONE', #110, .T. ) ;
#3546 = VERTEX_POINT ( 'NONE', #186 ) ;
#3547 = VERTEX_POINT ( 'NONE', #82 ) ;
#3548 = DIRECTION ( 'NONE',  ( 0.000000000000000000, -0.9171302927353677248, 0.3985875388758894355 ) ) ;
#3549 = CARTESIAN_POINT ( 'NONE',  ( 0.000000000000000000, -47.35404289052669924, -42.12145270974630051 ) ) ;
#3550 = DIRECTION ( 'NONE',  ( 1.000000000000000000, 0.000000000000000000, 0.000000000000000000 ) ) ;
#3551 = DIRECTION ( 'NONE',  ( 1.000000000000000000, 0.000000000000000000, 0.000000000000000000 ) ) ;
#3552 = EDGE_CURVE ( 'NONE', #4603, #6029, #3807, .T. ) ;
#3553 = AXIS2_PLACEMENT_3D ( 'NONE', #6715, #3764, #1524 ) ;
#3554 = ORIENTED_EDGE ( 'NONE', *, *, #4146, .T. ) ;
#3555 = AXIS2_PLACEMENT_3D ( 'NONE', #7371, #2210, #2175 ) ;
#3556 = DIRECTION ( 'NONE',  ( 0.000000000000000000, 1.000000000000000000, 0.000000000000000000 ) ) ;
#3557 = AXIS2_PLACEMENT_3D ( 'NONE', #4528, #5790, #5717 ) ;
#3558 = ORIENTED_EDGE ( 'NONE', *, *, #438, .F. ) ;
#3559 = ORIENTED_EDGE ( 'NONE', *, *, #6870, .T. ) ;
#3560 = CARTESIAN_POINT ( 'NONE',  ( 3.000000000000002665, 8.292803534721098657, 22.40481398323211693 ) ) ;
#3561 = DIRECTION ( 'NONE',  ( -0.000000000000000000, 0.7048556957872008644, 0.7093507229264949254 ) ) ;
#3562 = DIRECTION ( 'NONE',  ( -1.000000000000000000, 0.000000000000000000, 0.000000000000000000 ) ) ;
#3563 = EDGE_CURVE ( 'NONE', #3733, #3292, #2375, .T. ) ;
#3564 = EDGE_LOOP ( 'NONE', ( #7039, #1523, #415, #6345 ) ) ;
#3565 = CARTESIAN_POINT ( 'NONE',  ( 3.000000000000000000, 42.24282625719446571, -47.47856531120653045 ) ) ;
#3566 = EDGE_LOOP ( 'NONE', ( #1454, #6631, #7129, #7076 ) ) ;
#3567 = DIRECTION ( 'NONE',  ( -1.000000000000000000, 0.000000000000000000, 0.000000000000000000 ) ) ;
#3568 = DIRECTION ( 'NONE',  ( 1.000000000000000000, 0.000000000000000000, 0.000000000000000000 ) ) ;
#3569 = DIRECTION ( 'NONE',  ( 0.000000000000000000, 0.000000000000000000, -1.000000000000000000 ) ) ;
#3570 = CIRCLE ( 'NONE', #1881, 2.000000000000001776 ) ;
#3571 = FACE_OUTER_BOUND ( 'NONE', #5385, .T. ) ;
#3572 = EDGE_CURVE ( 'NONE', #4202, #6292, #4285, .T. ) ;
#3573 = CIRCLE ( 'NONE', #5155, 3.330726836203799834 ) ;
#3574 = ORIENTED_EDGE ( 'NONE', *, *, #4367, .T. ) ;
#3575 = B_SPLINE_CURVE_WITH_KNOTS ( 'NONE', 3,
 ( #3964, #1696, #2823, #6133 ),
 .UNSPECIFIED., .F., .F.,
 ( 4, 4 ),
 ( 0.000000000000000000, 1.000000000000000000 ),
 .UNSPECIFIED. ) ;
#3576 = CIRCLE ( 'NONE', #188, 2.500000000000002220 ) ;
#3577 = CARTESIAN_POINT ( 'NONE',  ( 3.000000000000000000, -49.49747468305760378, 57.03070887753398921 ) ) ;
#3578 = DIRECTION ( 'NONE',  ( 0.000000000000000000, 0.000000000000000000, -1.000000000000000000 ) ) ;
#3579 = FACE_OUTER_BOUND ( 'NONE', #6948, .T. ) ;
#3580 = AXIS2_PLACEMENT_3D ( 'NONE', #2055, #4359, #1972 ) ;
#3581 = EDGE_CURVE ( 'NONE', #2736, #2389, #3430, .T. ) ;
#3582 = AXIS2_PLACEMENT_3D ( 'NONE', #1108, #2131, #4440 ) ;
#3583 = DIRECTION ( 'NONE',  ( 0.000000000000000000, -0.7076826485500020691, 0.7065304444546279816 ) ) ;
#3584 = ORIENTED_EDGE ( 'NONE', *, *, #4968, .F. ) ;
#3585 = VERTEX_POINT ( 'NONE', #5383 ) ;
#3586 = DIRECTION ( 'NONE',  ( -1.000000000000000000, 0.000000000000000000, 0.000000000000000000 ) ) ;
#3587 = AXIS2_PLACEMENT_3D ( 'NONE', #5361, #5327, #4832 ) ;
#3588 = CARTESIAN_POINT ( 'NONE',  ( 0.000000000000000000, 0.000000000000000000, -19.81566993998855253 ) ) ;
#3589 = CARTESIAN_POINT ( 'NONE',  ( -14.00000000000000000, 15.00000000000000000, 15.00000000000000000 ) ) ;
#3590 = DIRECTION ( 'NONE',  ( 1.000000000000000000, 0.000000000000000000, 0.000000000000000000 ) ) ;
#3591 = EDGE_CURVE ( 'NONE', #5117, #3547, #5857, .T. ) ;
#3592 = AXIS2_PLACEMENT_3D ( 'NONE', #6183, #4970, #6709 ) ;
#3593 = ORIENTED_EDGE ( 'NONE', *, *, #1902, .F. ) ;
#3594 = CARTESIAN_POINT ( 'NONE',  ( 0.000000000000000000, -4.000000000000000000, -45.56515138991167646 ) ) ;
#3595 = ADVANCED_FACE ( 'NONE', ( #4815 ), #1334, .F. ) ;
#3596 = ORIENTED_EDGE ( 'NONE', *, *, #5881, .T. ) ;
#3597 = ORIENTED_EDGE ( 'NONE', *, *, #2339, .F. ) ;
#3598 = AXIS2_PLACEMENT_3D ( 'NONE', #3746, #1314, #3586 ) ;
#3599 = DIRECTION ( 'NONE',  ( 0.000000000000000000, 0.000000000000000000, 1.000000000000000000 ) ) ;
#3600 = CARTESIAN_POINT ( 'NONE',  ( 3.000000000000000000, 47.41579582760884648, 42.18320564682839091 ) ) ;
#3601 = EDGE_CURVE ( 'NONE', #687, #7083, #2205, .T. ) ;
#3602 = LINE ( 'NONE', #1833, #5252 ) ;
#3603 = AXIS2_PLACEMENT_3D ( 'NONE', #4096, #7015, #1216 ) ;
#3604 = VECTOR ( 'NONE', #6992, 999.9999999999998863 ) ;
#3605 = VERTEX_POINT ( 'NONE', #229 ) ;
#3606 = VECTOR ( 'NONE', #4449, 1000.000000000000114 ) ;
#3607 = CARTESIAN_POINT ( 'NONE',  ( 3.000000000000000000, 42.12145270974649947, -47.35404289052689819 ) ) ;
#3608 = ORIENTED_EDGE ( 'NONE', *, *, #4655, .T. ) ;
#3609 = ORIENTED_EDGE ( 'NONE', *, *, #5565, .F. ) ;
#3610 = CARTESIAN_POINT ( 'NONE',  ( 0.9499999999999999556, 47.35404289052780058, -42.12145270974739475 ) ) ;
#3611 = CARTESIAN_POINT ( 'NONE',  ( 3.000000000000002665, -8.292803534721100434, 22.40481398323211337 ) ) ;
#3613 = DIRECTION ( 'NONE',  ( 0.000000000000000000, -0.3985875388758894355, -0.9171302927353677248 ) ) ;
#3612 = CIRCLE ( 'NONE', #5189, 1.250000000000001110 ) ;
#3614 = DIRECTION ( 'NONE',  ( 1.000000000000000000, 0.000000000000000000, 0.000000000000000000 ) ) ;
#3615 = CIRCLE ( 'NONE', #4706, 1.250000000000001110 ) ;
#3616 = EDGE_CURVE ( 'NONE', #2293, #2155, #1867, .T. ) ;
#3617 = B_SPLINE_CURVE_WITH_KNOTS ( 'NONE', 3,
 ( #495, #3912, #5160, #3307 ),
 .UNSPECIFIED., .F., .F.,
 ( 4, 4 ),
 ( 0.000000000000000000, 0.0006254059913582087332 ),
 .UNSPECIFIED. ) ;
#3618 = ORIENTED_EDGE ( 'NONE', *, *, #6765, .F. ) ;
#3619 = CYLINDRICAL_SURFACE ( 'NONE', #6287, 3.000000000000002665 ) ;
#3620 = CARTESIAN_POINT ( 'NONE',  ( -8.485281374238578422, 49.49747468305830722, 49.49747468305830722 ) ) ;
#3621 = AXIS2_PLACEMENT_3D ( 'NONE', #4740, #650, #2294 ) ;
#3622 = AXIS2_PLACEMENT_3D ( 'NONE', #6365, #1173, #4092 ) ;
#3623 = CARTESIAN_POINT ( 'NONE',  ( -10.50000000000000000, -23.59999999999999787, 0.000000000000000000 ) ) ;
#3624 = PRODUCT ( 'bumblebee 3.0', 'bumblebee 3.0', '', ( #2488 ) ) ;
#3625 = AXIS2_PLACEMENT_3D ( 'NONE', #5297, #705, #5836 ) ;
#3626 = FACE_BOUND ( 'NONE', #841, .T. ) ;
#3627 = ORIENTED_EDGE ( 'NONE', *, *, #2051, .F. ) ;
#3628 = CARTESIAN_POINT ( 'NONE',  ( 3.000000000000000888, 15.00000000000000000, -15.00000000000000000 ) ) ;
#3629 = CARTESIAN_POINT ( 'NONE',  ( 32.59999999999999432, 0.000000000000000000, -23.81566993998854898 ) ) ;
#3630 = CARTESIAN_POINT ( 'NONE',  ( 32.59999999999999432, -9.332174861821640022, -12.63835602176123984 ) ) ;
#3631 = LINE ( 'NONE', #1590, #554 ) ;
#3632 = ORIENTED_EDGE ( 'NONE', *, *, #1328, .F. ) ;
#3633 = CARTESIAN_POINT ( 'NONE',  ( 0.000000000000000000, -24.89402789325527010, -6.879352572115876363 ) ) ;
#3634 = VERTEX_POINT ( 'NONE', #4774 ) ;
#3635 = B_SPLINE_SURFACE_WITH_KNOTS ( 'NONE', 3, 1, ( 
 ( #3119, #6497 ),
 ( #1305, #7178 ),
 ( #1986, #4295 ),
 ( #7032, #1843 ) ),
 .UNSPECIFIED., .F., .F., .F.,
 ( 4, 4 ),
 ( 2, 2 ),
 ( 0.03007648256163745690, 1.000000000000000000 ),
 ( 0.000000000000000000, 1.000000000000000000 ),
 .UNSPECIFIED. ) ;
#3636 = VERTEX_POINT ( 'NONE', #5280 ) ;
#3637 = EDGE_LOOP ( 'NONE', ( #1166, #24, #5095, #1716 ) ) ;
#3638 = DIRECTION ( 'NONE',  ( 1.000000000000000000, 0.000000000000000000, 0.000000000000000000 ) ) ;
#3639 = DIRECTION ( 'NONE',  ( 1.000000000000000000, 0.000000000000000000, 0.000000000000000000 ) ) ;
#3640 = DIRECTION ( 'NONE',  ( 1.000000000000000000, 0.000000000000000000, 0.000000000000000000 ) ) ;
#3641 = ADVANCED_FACE ( 'NONE', ( #757 ), #2548, .F. ) ;
#3642 =( BOUNDED_SURFACE ( )  B_SPLINE_SURFACE ( 2, 3, ( 
 ( #7379, #2968, #4705, #1300 ),
 ( #6493, #2434, #5784, #4177 ),
 ( #1190, #3610, #5282, #5934 ) ),
 .UNSPECIFIED., .F., .F., .F. ) 
 B_SPLINE_SURFACE_WITH_KNOTS ( ( 3, 3 ),
 ( 4, 4 ),
 ( 0.000000000000000000, 1.000000000000000000 ),
 ( 0.01682056274847710045, 0.02012056274847710130 ),
 .UNSPECIFIED. ) 
 GEOMETRIC_REPRESENTATION_ITEM ( )  RATIONAL_B_SPLINE_SURFACE ( (
 ( 1.000000000000000000, 1.000000000000000000, 1.000000000000000000, 1.000000000000000000),
 ( 0.9462846006643880203, 0.9462846006643880203, 0.9462846006643880203, 0.9462846006643880203),
 ( 1.000000000000000000, 1.000000000000000000, 1.000000000000000000, 1.000000000000000000) ) ) 
 REPRESENTATION_ITEM ( '' )  SURFACE ( )  );
#3643 = ORIENTED_EDGE ( 'NONE', *, *, #2530, .T. ) ;
#3644 = CARTESIAN_POINT ( 'NONE',  ( 0.9999999999999995559, 47.77712216394957778, -42.49929596876845039 ) ) ;
#3645 = EDGE_CURVE ( 'NONE', #6743, #2008, #5130, .T. ) ;
#3646 = VERTEX_POINT ( 'NONE', #5893 ) ;
#3647 = ORIENTED_EDGE ( 'NONE', *, *, #6985, .F. ) ;
#3648 = CARTESIAN_POINT ( 'NONE',  ( 3.000000000000000888, 23.59999999999999787, 9.108356170405180515E-15 ) ) ;
#3649 = AXIS2_PLACEMENT_3D ( 'NONE', #1205, #6323, #5254 ) ;
#3650 = CYLINDRICAL_SURFACE ( 'NONE', #5355, 6.999999999999999112 ) ;
#3651 = FACE_OUTER_BOUND ( 'NONE', #2994, .T. ) ;
#3652 = EDGE_CURVE ( 'NONE', #973, #4917, #1975, .T. ) ;
#3653 = CARTESIAN_POINT ( 'NONE',  ( 3.149999999999999911, 50.25680310855020139, 43.54571693074304761 ) ) ;
#3654 = VERTEX_POINT ( 'NONE', #7057 ) ;
#3655 = LINE ( 'NONE', #1500, #588 ) ;
#3656 = ORIENTED_EDGE ( 'NONE', *, *, #5731, .T. ) ;
#3657 = UNCERTAINTY_MEASURE_WITH_UNIT (LENGTH_MEASURE( 1.000000000000000082E-05 ), #4377, 'distance_accuracy_value', 'NONE');
#3658 = FACE_OUTER_BOUND ( 'NONE', #4998, .T. ) ;
#3659 = CYLINDRICAL_SURFACE ( 'NONE', #6869, 53.90408133456029560 ) ;
#3660 = EDGE_CURVE ( 'NONE', #6905, #605, #4454, .T. ) ;
#3661 = ORIENTED_EDGE ( 'NONE', *, *, #7219, .F. ) ;
#3662 = CARTESIAN_POINT ( 'NONE',  ( -76.30235973554010798, 7.000000000000000000, -36.39999999999999858 ) ) ;
#3663 = FACE_BOUND ( 'NONE', #1595, .T. ) ;
#3664 = EDGE_LOOP ( 'NONE', ( #1013, #6542, #5701, #3700 ) ) ;
#3665 = LINE ( 'NONE', #4268, #7111 ) ;
#3666 = DIRECTION ( 'NONE',  ( 1.000000000000000000, 0.000000000000000000, 0.000000000000000000 ) ) ;
#3667 = CARTESIAN_POINT ( 'NONE',  ( -14.00000000000000000, 15.00000000000000000, -15.00000000000000000 ) ) ;
#3668 = ORIENTED_EDGE ( 'NONE', *, *, #5665, .F. ) ;
#3669 = DIRECTION ( 'NONE',  ( -1.000000000000000000, -0.000000000000000000, -0.000000000000000000 ) ) ;
#3670 = EDGE_LOOP ( 'NONE', ( #5921, #7147, #5428, #6304 ) ) ;
#3671 = ORIENTED_EDGE ( 'NONE', *, *, #1015, .T. ) ;
#3672 = ORIENTED_EDGE ( 'NONE', *, *, #501, .F. ) ;
#3673 = VECTOR ( 'NONE', #4482, 1000.000000000000000 ) ;
#3674 = EDGE_LOOP ( 'NONE', ( #2615, #4951, #2415, #4803 ) ) ;
#3675 = CARTESIAN_POINT ( 'NONE',  ( 3.000000000000000000, -57.06990735657444702, -54.30119389361615134 ) ) ;
#3676 = CARTESIAN_POINT ( 'NONE',  ( 2.999999999999999556, 42.30031454084590337, -47.54235134132120066 ) ) ;
#3677 = DIRECTION ( 'NONE',  ( -1.000000000000000000, 0.000000000000000000, 0.000000000000000000 ) ) ;
#3678 = CIRCLE ( 'NONE', #409, 3.330726836203799834 ) ;
#3679 = ORIENTED_EDGE ( 'NONE', *, *, #7035, .F. ) ;
#3680 = CARTESIAN_POINT ( 'NONE',  ( 4.336808689942017736E-16, 23.59999999999999787, -5.999999999999991118 ) ) ;
#3681 = VERTEX_POINT ( 'NONE', #4173 ) ;
#3682 = AXIS2_PLACEMENT_3D ( 'NONE', #6939, #1602, #452 ) ;
#3683 = ORIENTED_EDGE ( 'NONE', *, *, #6202, .T. ) ;
#3684 = EDGE_CURVE ( 'NONE', #2165, #4684, #1452, .T. ) ;
#3685 = CARTESIAN_POINT ( 'NONE',  ( 3.000000000000000000, 49.49747468305810116, -44.99747468305849196 ) ) ;
#3686 = FACE_OUTER_BOUND ( 'NONE', #6680, .T. ) ;
#3687 = CARTESIAN_POINT ( 'NONE',  ( 0.000000000000000000, -44.99747468305779563, 48.24747468305880460 ) ) ;
#3688 = EDGE_CURVE ( 'NONE', #6479, #6499, #915, .T. ) ;
#3689 = CARTESIAN_POINT ( 'NONE',  ( 3.000000000000000888, 8.292803534721100434, 22.40481398323211693 ) ) ;
#3690 = ORIENTED_EDGE ( 'NONE', *, *, #3295, .F. ) ;
#3691 = CARTESIAN_POINT ( 'NONE',  ( 3.000000000000000000, 49.49747468305810116, -53.99747468305849196 ) ) ;
#3692 = ORIENTED_EDGE ( 'NONE', *, *, #3741, .T. ) ;
#3693 = DIRECTION ( 'NONE',  ( 1.000000000000000000, 0.000000000000000000, 0.000000000000000000 ) ) ;
#3694 = EDGE_CURVE ( 'NONE', #1490, #820, #4895, .T. ) ;
#3695 = CARTESIAN_POINT ( 'NONE',  ( 0.000000000000000000, 54.70878552723407040, 56.90126254826146379 ) ) ;
#3696 = ORIENTED_EDGE ( 'NONE', *, *, #592, .F. ) ;
#3697 = CARTESIAN_POINT ( 'NONE',  ( 0.000000000000000000, 49.49747468305810116, -43.74747468305849907 ) ) ;
#3698 = VECTOR ( 'NONE', #1120, 1000.000000000000000 ) ;
#3699 = DIRECTION ( 'NONE',  ( 1.000000000000000000, 0.000000000000000000, 0.000000000000000000 ) ) ;
#3700 = ORIENTED_EDGE ( 'NONE', *, *, #508, .T. ) ;
#3701 = EDGE_CURVE ( 'NONE', #119, #6162, #5371, .T. ) ;
#3702 = CARTESIAN_POINT ( 'NONE',  ( 13.59999999999999964, -23.59999999999999787, 0.000000000000000000 ) ) ;
#3703 = CARTESIAN_POINT ( 'NONE',  ( 0.000000000000000000, -11.00000000000000000, -44.83172803104509541 ) ) ;
#3704 = AXIS2_PLACEMENT_3D ( 'NONE', #5706, #496, #4094 ) ;
#3705 = FACE_BOUND ( 'NONE', #1706, .T. ) ;
#3706 = AXIS2_PLACEMENT_3D ( 'NONE', #3479, #598, #5264 ) ;
#3707 = CARTESIAN_POINT ( 'NONE',  ( 2.999999999999999112, 54.70878552723407040, 56.90126254826146379 ) ) ;
#3708 = EDGE_LOOP ( 'NONE', ( #2908, #5672, #6873, #768 ) ) ;
#3709 = CIRCLE ( 'NONE', #5533, 5.499999999999998224 ) ;
#3710 = ORIENTED_EDGE ( 'NONE', *, *, #5834, .T. ) ;
#3711 = ORIENTED_EDGE ( 'NONE', *, *, #3248, .F. ) ;
#3712 = EDGE_CURVE ( 'NONE', #6670, #6324, #2701, .T. ) ;
#3713 = ORIENTED_EDGE ( 'NONE', *, *, #2348, .T. ) ;
#3714 = CARTESIAN_POINT ( 'NONE',  ( 10.56380869349026064, -31.05827216360870224, 38.92089316124744869 ) ) ;
#3715 = DIRECTION ( 'NONE',  ( 1.000000000000000000, 0.000000000000000000, 0.000000000000000000 ) ) ;
#3716 = VECTOR ( 'NONE', #2921, 1000.000000000000000 ) ;
#3717 = CARTESIAN_POINT ( 'NONE',  ( 2.999999999999999112, -5.332174861821640022, -11.46965711278945932 ) ) ;
#3718 = EDGE_CURVE ( 'NONE', #4398, #7083, #3151, .T. ) ;
#3719 = ORIENTED_EDGE ( 'NONE', *, *, #5141, .T. ) ;
#3720 = DIRECTION ( 'NONE',  ( -1.000000000000000000, -0.000000000000000000, -0.000000000000000000 ) ) ;
#3721 = CIRCLE ( 'NONE', #6874, 5.999999999999998224 ) ;
#3722 = ORIENTED_EDGE ( 'NONE', *, *, #1052, .F. ) ;
#3723 = ORIENTED_EDGE ( 'NONE', *, *, #7499, .T. ) ;
#3724 = DIRECTION ( 'NONE',  ( 1.000000000000000000, 0.000000000000000000, 0.000000000000000000 ) ) ;
#3725 = CARTESIAN_POINT ( 'NONE',  ( 3.000000000000000000, -44.99747468305869802, -49.49747468305800169 ) ) ;
#3726 = DIRECTION ( 'NONE',  ( -1.000000000000000000, -0.000000000000000000, -0.000000000000000000 ) ) ;
#3727 = PRODUCT_DEFINITION_FORMATION_WITH_SPECIFIED_SOURCE ( 'ANY', '', #3624, .NOT_KNOWN. ) ;
#3728 = CARTESIAN_POINT ( 'NONE',  ( 20.00000000000000000, -13.00000000000000000, -37.97687999291370176 ) ) ;
#3729 = CARTESIAN_POINT ( 'NONE',  ( 4.336808689942017736E-16, 23.59999999999999787, 6.000000000000010658 ) ) ;
#3730 = ORIENTED_EDGE ( 'NONE', *, *, #1733, .F. ) ;
#3731 = CARTESIAN_POINT ( 'NONE',  ( 1.000000000000000000, -47.35404289052669924, -42.12145270974625078 ) ) ;
#3732 = VECTOR ( 'NONE', #367, 1000.000000000000000 ) ;
#3733 = VERTEX_POINT ( 'NONE', #6111 ) ;
#3734 = EDGE_LOOP ( 'NONE', ( #2349, #4015, #908, #284 ) ) ;
#3735 = DIRECTION ( 'NONE',  ( 1.000000000000000000, 0.000000000000000000, 0.000000000000000000 ) ) ;
#3736 = LINE ( 'NONE', #6166, #3371 ) ;
#3737 = EDGE_CURVE ( 'NONE', #1250, #2753, #4935, .T. ) ;
#3738 = VERTEX_POINT ( 'NONE', #263 ) ;
#3739 = AXIS2_PLACEMENT_3D ( 'NONE', #6700, #3172, #2152 ) ;
#3740 = DIRECTION ( 'NONE',  ( -1.000000000000000000, 0.000000000000000000, 0.000000000000000000 ) ) ;
#3741 = EDGE_CURVE ( 'NONE', #7202, #6197, #4161, .T. ) ;
#3742 = ADVANCED_FACE ( 'NONE', ( #6187 ), #876, .F. ) ;
#3743 = CARTESIAN_POINT ( 'NONE',  ( 0.000000000000000000, 35.42412474690099344, -44.89935561480072579 ) ) ;
#3744 = AXIS2_PLACEMENT_3D ( 'NONE', #1405, #6637, #3795 ) ;
#3745 = ORIENTED_EDGE ( 'NONE', *, *, #6204, .F. ) ;
#3746 = CARTESIAN_POINT ( 'NONE',  ( 3.000000000000000000, 14.76172929972859826, 19.99431948050905206 ) ) ;
#3747 = DIRECTION ( 'NONE',  ( -1.000000000000000000, 0.000000000000000000, 0.000000000000000000 ) ) ;
#3748 = CARTESIAN_POINT ( 'NONE',  ( 3.000000000000000000, 49.94734338944670782, 57.29768064699699437 ) ) ;
#3749 = AXIS2_PLACEMENT_3D ( 'NONE', #2638, #1421, #3774 ) ;
#3750 = CARTESIAN_POINT ( 'NONE',  ( 0.000000000000000000, 47.35404289052719662, 42.12145270974674816 ) ) ;
#3751 = VECTOR ( 'NONE', #2043, 1000.000000000000114 ) ;
#3752 = CARTESIAN_POINT ( 'NONE',  ( -10.50000000000000000, -2.701750790494729805E-16, 25.80614694161269895 ) ) ;
#3753 = EDGE_CURVE ( 'NONE', #5581, #119, #3268, .T. ) ;
#3754 = ORIENTED_EDGE ( 'NONE', *, *, #5490, .F. ) ;
#3755 = ORIENTED_EDGE ( 'NONE', *, *, #4407, .T. ) ;
#3756 = ORIENTED_EDGE ( 'NONE', *, *, #584, .T. ) ;
#3757 = VERTEX_POINT ( 'NONE', #2016 ) ;
#3758 = DIRECTION ( 'NONE',  ( -1.000000000000000000, 0.000000000000000000, 0.000000000000000000 ) ) ;
#3759 = DIRECTION ( 'NONE',  ( 1.000000000000000000, 0.000000000000000000, 0.000000000000000000 ) ) ;
#3760 = FACE_OUTER_BOUND ( 'NONE', #1644, .T. ) ;
#3761 = VERTEX_POINT ( 'NONE', #301 ) ;
#3762 = EDGE_CURVE ( 'NONE', #1819, #6055, #4975, .T. ) ;
#3763 = CIRCLE ( 'NONE', #4735, 1.250000000000001110 ) ;
#3764 = DIRECTION ( 'NONE',  ( -0.000000000000000000, 1.000000000000000000, 0.000000000000000000 ) ) ;
#3765 = ORIENTED_EDGE ( 'NONE', *, *, #5599, .T. ) ;
#3766 = ORIENTED_EDGE ( 'NONE', *, *, #5656, .T. ) ;
#3767 = CARTESIAN_POINT ( 'NONE',  ( 3.149999999999999911, 42.12145270974714606, 47.35404289052760163 ) ) ;
#3768 = DIRECTION ( 'NONE',  ( 0.000000000000000000, 0.000000000000000000, -1.000000000000000000 ) ) ;
#3769 = CYLINDRICAL_SURFACE ( 'NONE', #1774, 1.250000000000001110 ) ;
#3770 = FACE_OUTER_BOUND ( 'NONE', #6740, .T. ) ;
#3771 = DIRECTION ( 'NONE',  ( 0.000000000000000000, 0.000000000000000000, -1.000000000000000000 ) ) ;
#3772 = ORIENTED_EDGE ( 'NONE', *, *, #3591, .F. ) ;
#3773 = AXIS2_PLACEMENT_3D ( 'NONE', #1350, #4303, #6620 ) ;
#3774 = DIRECTION ( 'NONE',  ( 0.000000000000000000, 0.000000000000000000, -1.000000000000000000 ) ) ;
#3775 = VERTEX_POINT ( 'NONE', #3303 ) ;
#3776 = ORIENTED_EDGE ( 'NONE', *, *, #6344, .F. ) ;
#3777 = DIRECTION ( 'NONE',  ( 0.000000000000000000, 0.000000000000000000, -1.000000000000000000 ) ) ;
#3778 = DIRECTION ( 'NONE',  ( 1.000000000000000000, 0.000000000000000000, 0.000000000000000000 ) ) ;
#3779 = VECTOR ( 'NONE', #6433, 1000.000000000000000 ) ;
#3780 = ORIENTED_EDGE ( 'NONE', *, *, #1851, .T. ) ;
#3781 = FACE_OUTER_BOUND ( 'NONE', #1834, .T. ) ;
#3782 = DIRECTION ( 'NONE',  ( 0.000000000000000000, 0.000000000000000000, -1.000000000000000000 ) ) ;
#3783 = ORIENTED_EDGE ( 'NONE', *, *, #235, .T. ) ;
#3784 = EDGE_CURVE ( 'NONE', #1701, #6373, #1869, .T. ) ;
#3785 = FACE_OUTER_BOUND ( 'NONE', #3099, .T. ) ;
#3786 = CARTESIAN_POINT ( 'NONE',  ( 3.000000000000000000, -13.00000000000000000, -46.83172803104510251 ) ) ;
#3787 = CARTESIAN_POINT ( 'NONE',  ( -8.485281374238578422, -49.49747468305777431, 49.49747468305882592 ) ) ;
#3788 = ADVANCED_FACE ( 'NONE', ( #2094 ), #4400, .F. ) ;
#3789 = PLANE ( 'NONE',  #5508 ) ;
#3790 = ORIENTED_EDGE ( 'NONE', *, *, #1209, .F. ) ;
#3791 = EDGE_LOOP ( 'NONE', ( #6490, #4509, #6006, #619 ) ) ;
#3792 = ORIENTED_EDGE ( 'NONE', *, *, #2719, .F. ) ;
#3793 = ORIENTED_EDGE ( 'NONE', *, *, #5062, .T. ) ;
#3794 = CARTESIAN_POINT ( 'NONE',  ( 1.000000000000000000, -47.35404289052740268, 42.12145270974695421 ) ) ;
#3795 = DIRECTION ( 'NONE',  ( 0.000000000000000000, 0.000000000000000000, -1.000000000000000000 ) ) ;
#3796 = CYLINDRICAL_SURFACE ( 'NONE', #5404, 1.250000000000001110 ) ;
#3797 = EDGE_CURVE ( 'NONE', #1764, #1423, #4525, .T. ) ;
#3798 = EDGE_LOOP ( 'NONE', ( #3593, #1708 ) ) ;
#3799 = B_SPLINE_CURVE_WITH_KNOTS ( 'NONE', 3,
 ( #6128, #7386, #6695, #5602 ),
 .UNSPECIFIED., .F., .F.,
 ( 4, 4 ),
 ( 0.000000000000000000, 1.000000000000000000 ),
 .UNSPECIFIED. ) ;
#3800 = DIRECTION ( 'NONE',  ( 0.000000000000000000, 0.7071067811865474617, -0.7071067811865474617 ) ) ;
#3801 = EDGE_LOOP ( 'NONE', ( #5441, #2769, #1322, #727 ) ) ;
#3802 = VERTEX_POINT ( 'NONE', #5586 ) ;
#3803 = CARTESIAN_POINT ( 'NONE',  ( 32.59999999999999432, -5.332174861821640022, 8.638356021761239845 ) ) ;
#3804 = EDGE_CURVE ( 'NONE', #1779, #5611, #4281, .T. ) ;
#3805 = DIRECTION ( 'NONE',  ( 1.000000000000000000, 0.000000000000000000, 0.000000000000000000 ) ) ;
#3806 = DIRECTION ( 'NONE',  ( 0.000000000000000000, 0.000000000000000000, 1.000000000000000000 ) ) ;
#3807 = CIRCLE ( 'NONE', #5007, 1.250000000000001110 ) ;
#3808 = CARTESIAN_POINT ( 'NONE',  ( -8.485281374238578422, -49.49747468305777431, 51.99747468305882592 ) ) ;
#3809 = DIRECTION ( 'NONE',  ( 1.000000000000000000, 0.000000000000000000, 0.000000000000000000 ) ) ;
#3810 = ORIENTED_EDGE ( 'NONE', *, *, #5759, .T. ) ;
#3811 = VECTOR ( 'NONE', #6912, 1000.000000000000000 ) ;
#3812 = DIRECTION ( 'NONE',  ( 0.000000000000000000, 0.7071067811865475727, -0.7071067811865475727 ) ) ;
#3813 = ORIENTED_EDGE ( 'NONE', *, *, #3916, .T. ) ;
#3814 = FILL_AREA_STYLE_COLOUR ( '', #4665 ) ;
#3815 = CIRCLE ( 'NONE', #4898, 3.499999999999999556 ) ;
#3816 = CYLINDRICAL_SURFACE ( 'NONE', #954, 2.250000000000000444 ) ;
#3817 = ADVANCED_FACE ( 'NONE', ( #2733 ), #497, .T. ) ;
#3818 = LINE ( 'NONE', #5103, #860 ) ;
#3819 = FACE_BOUND ( 'NONE', #6550, .T. ) ;
#3820 = VERTEX_POINT ( 'NONE', #1718 ) ;
#3821 = DIRECTION ( 'NONE',  ( 0.000000000000000000, 0.000000000000000000, -1.000000000000000000 ) ) ;
#3822 = DIRECTION ( 'NONE',  ( 0.000000000000000000, 0.000000000000000000, -1.000000000000000000 ) ) ;
#3823 = DIRECTION ( 'NONE',  ( 1.000000000000000000, 0.000000000000000000, 0.000000000000000000 ) ) ;
#3824 = CARTESIAN_POINT ( 'NONE',  ( 3.000000000000000000, -49.49747468305779563, 53.99747468305879750 ) ) ;
#3825 = ORIENTED_EDGE ( 'NONE', *, *, #5646, .F. ) ;
#3826 = CARTESIAN_POINT ( 'NONE',  ( 0.000000000000000000, 0.000000000000000000, 0.000000000000000000 ) ) ;
#3827 = EDGE_LOOP ( 'NONE', ( #2201, #5419, #4334, #5650 ) ) ;
#3828 = ORIENTED_EDGE ( 'NONE', *, *, #2125, .T. ) ;
#3829 = CYLINDRICAL_SURFACE ( 'NONE', #6747, 5.000000000000000888 ) ;
#3830 = ADVANCED_FACE ( 'NONE', ( #1643 ), #5659, .T. ) ;
#3831 = CARTESIAN_POINT ( 'NONE',  ( 3.000000000000000000, 0.000000000000000000, 53.90408133456029560 ) ) ;
#3832 = CARTESIAN_POINT ( 'NONE',  ( -2.507990869631660107E-17, 42.30031392873874552, -47.54235218414189745 ) ) ;
#3833 = CIRCLE ( 'NONE', #433, 3.000000000000000000 ) ;
#3834 = EDGE_CURVE ( 'NONE', #7163, #4240, #7443, .T. ) ;
#3835 = ORIENTED_EDGE ( 'NONE', *, *, #5646, .T. ) ;
#3836 = CIRCLE ( 'NONE', #5903, 1.250000000000001110 ) ;
#3837 = CARTESIAN_POINT ( 'NONE',  ( 2.999999999999999112, -15.00000000000000000, 15.00000000000000000 ) ) ;
#3838 = ORIENTED_EDGE ( 'NONE', *, *, #1704, .T. ) ;
#3839 = CIRCLE ( 'NONE', #6137, 4.000000000000000000 ) ;
#3840 = EDGE_CURVE ( 'NONE', #180, #6513, #3443, .T. ) ;
#3841 = ORIENTED_EDGE ( 'NONE', *, *, #2545, .F. ) ;
#3842 = AXIS2_PLACEMENT_3D ( 'NONE', #4510, #3992, #6830 ) ;
#3843 = DIRECTION ( 'NONE',  ( 1.000000000000000000, 0.000000000000000000, 0.000000000000000000 ) ) ;
#3844 = EDGE_CURVE ( 'NONE', #3061, #3860, #5154, .T. ) ;
#3845 = DIRECTION ( 'NONE',  ( 1.000000000000000000, 0.000000000000000000, 0.000000000000000000 ) ) ;
#3846 = DIRECTION ( 'NONE',  ( 1.000000000000000000, 0.000000000000000000, 0.000000000000000000 ) ) ;
#3847 = AXIS2_PLACEMENT_3D ( 'NONE', #2313, #3982, #6900 ) ;
#3848 = CARTESIAN_POINT ( 'NONE',  ( 3.000000000000000000, -7.000000000000000000, -36.39999999999999858 ) ) ;
#3849 = FACE_OUTER_BOUND ( 'NONE', #5837, .T. ) ;
#3850 = ORIENTED_EDGE ( 'NONE', *, *, #6312, .T. ) ;
#3851 =( BOUNDED_CURVE ( )  B_SPLINE_CURVE ( 3, ( #1485, #182, #2089, #3676 ),
 .UNSPECIFIED., .F., .F. ) 
 B_SPLINE_CURVE_WITH_KNOTS ( ( 4, 4 ),
 ( 0.000000000000000000, 1.000000000000000000 ),
 .UNSPECIFIED. ) 
 CURVE ( )  GEOMETRIC_REPRESENTATION_ITEM ( )  RATIONAL_B_SPLINE_CURVE ( ( 0.9920926398447906802, 0.9920926398447906802, 0.9920926398447906802, 0.9920926398447906802 ) ) 
 REPRESENTATION_ITEM ( '' )  );
#3852 = PLANE ( 'NONE',  #6762 ) ;
#3853 = CARTESIAN_POINT ( 'NONE',  ( 0.000000000000000000, 44.48011260054759930, -52.78777523665359439 ) ) ;
#3854 = CARTESIAN_POINT ( 'NONE',  ( 0.000000000000000000, 9.332174861821640022, -11.46965711278948064 ) ) ;
#3855 = CIRCLE ( 'NONE', #2644, 53.90408133456029560 ) ;
#3856 = ORIENTED_EDGE ( 'NONE', *, *, #1298, .T. ) ;
#3857 = EDGE_CURVE ( 'NONE', #6515, #6396, #2231, .T. ) ;
#3858 = DIRECTION ( 'NONE',  ( 0.000000000000000000, 0.000000000000000000, -1.000000000000000000 ) ) ;
#3859 = AXIS2_PLACEMENT_3D ( 'NONE', #692, #3567, #7027 ) ;
#3860 = VERTEX_POINT ( 'NONE', #3908 ) ;
#3861 = EDGE_CURVE ( 'NONE', #1068, #6000, #2834, .T. ) ;
#3862 = CARTESIAN_POINT ( 'NONE',  ( -10.50000000000000000, -2.701750790494729805E-16, 25.80614694161269895 ) ) ;
#3863 = CARTESIAN_POINT ( 'NONE',  ( 2.999999999999999112, -12.37182433411610738, 22.55597066360476077 ) ) ;
#3864 = CIRCLE ( 'NONE', #5680, 2.000000000000001776 ) ;
#3865 = LINE ( 'NONE', #2722, #6061 ) ;
#3866 = VECTOR ( 'NONE', #3066, 1000.000000000000000 ) ;
#3867 = VERTEX_POINT ( 'NONE', #2882 ) ;
#3868 = DIRECTION ( 'NONE',  ( 1.000000000000000000, 0.000000000000000000, 0.000000000000000000 ) ) ;
#3869 = ORIENTED_EDGE ( 'NONE', *, *, #6661, .T. ) ;
#3870 = EDGE_LOOP ( 'NONE', ( #897, #2068, #7292, #4557 ) ) ;
#3871 = CARTESIAN_POINT ( 'NONE',  ( 20.00000000000000000, -25.62639001561595009, -39.34426157063499829 ) ) ;
#3872 = CARTESIAN_POINT ( 'NONE',  ( -76.30235973554010798, -7.153153898236729979, 23.55173142797270103 ) ) ;
#3873 = DIRECTION ( 'NONE',  ( 1.000000000000000000, 0.000000000000000000, 0.000000000000000000 ) ) ;
#3874 = AXIS2_PLACEMENT_3D ( 'NONE', #1262, #86, #2400 ) ;
#3875 = VERTEX_POINT ( 'NONE', #5083 ) ;
#3876 = DIRECTION ( 'NONE',  ( 0.000000000000000000, 0.000000000000000000, -1.000000000000000000 ) ) ;
#3877 = ORIENTED_EDGE ( 'NONE', *, *, #6435, .F. ) ;
#3878 = ORIENTED_EDGE ( 'NONE', *, *, #4019, .F. ) ;
#3879 = CARTESIAN_POINT ( 'NONE',  ( 4.336808689942017736E-16, -23.59999999999999787, 6.000000000000000888 ) ) ;
#3880 = DIRECTION ( 'NONE',  ( 1.000000000000000000, 0.000000000000000000, 0.000000000000000000 ) ) ;
#3881 = EDGE_CURVE ( 'NONE', #7226, #3141, #4361, .T. ) ;
#3882 = CYLINDRICAL_SURFACE ( 'NONE', #6109, 2.999999999999999112 ) ;
#3883 = CARTESIAN_POINT ( 'NONE',  ( -10.54965975761836283, -57.29768064699647567, 49.94734338944730467 ) ) ;
#3884 = EDGE_CURVE ( 'NONE', #5111, #5445, #1260, .T. ) ;
#3885 = DIRECTION ( 'NONE',  ( 0.000000000000000000, 0.000000000000000000, -1.000000000000000000 ) ) ;
#3886 = LINE ( 'NONE', #885, #1747 ) ;
#3887 = ORIENTED_EDGE ( 'NONE', *, *, #4332, .T. ) ;
#3888 = DIRECTION ( 'NONE',  ( 0.000000000000000000, 0.000000000000000000, 1.000000000000000000 ) ) ;
#3889 = CARTESIAN_POINT ( 'NONE',  ( 0.000000000000000000, -49.49747468305869802, -55.24747468305799458 ) ) ;
#3890 = CARTESIAN_POINT ( 'NONE',  ( 13.59999999999999964, -2.799999999999997602, -42.81560597293817239 ) ) ;
#3891 = ADVANCED_FACE ( 'NONE', ( #2319 ), #1754, .T. ) ;
#3892 = ORIENTED_EDGE ( 'NONE', *, *, #2681, .T. ) ;
#3893 = DIRECTION ( 'NONE',  ( 1.000000000000000000, 0.000000000000000000, 0.000000000000000000 ) ) ;
#3894 = ORIENTED_EDGE ( 'NONE', *, *, #3388, .T. ) ;
#3895 = FACE_OUTER_BOUND ( 'NONE', #640, .T. ) ;
#3896 = ADVANCED_FACE ( 'NONE', ( #1028 ), #2771, .F. ) ;
#3897 = CARTESIAN_POINT ( 'NONE',  ( 2.999999999999999112, -9.332174861821640022, -12.63835602176123984 ) ) ;
#3898 = DIRECTION ( 'NONE',  ( 1.000000000000000000, 0.000000000000000000, 0.000000000000000000 ) ) ;
#3899 = ORIENTED_EDGE ( 'NONE', *, *, #6018, .F. ) ;
#3900 = LINE ( 'NONE', #1673, #4743 ) ;
#3901 = ORIENTED_EDGE ( 'NONE', *, *, #4067, .F. ) ;
#3902 = ORIENTED_EDGE ( 'NONE', *, *, #488, .T. ) ;
#3903 = CARTESIAN_POINT ( 'NONE',  ( -10.50000000000000000, 7.347880794884119933E-15, -36.39999999999999858 ) ) ;
#3904 = DIRECTION ( 'NONE',  ( -1.000000000000000000, 0.000000000000000000, 0.000000000000000000 ) ) ;
#3905 = CARTESIAN_POINT ( 'NONE',  ( 0.000000000000000000, -29.11804763894784642, -40.00749206922064616 ) ) ;
#3906 = EDGE_LOOP ( 'NONE', ( #3086, #3894, #4165, #3765 ) ) ;
#3907 = CIRCLE ( 'NONE', #4873, 2.999999999999999112 ) ;
#3908 = CARTESIAN_POINT ( 'NONE',  ( 3.000000000000000000, -49.49747468305864828, -46.99747468305795195 ) ) ;
#3909 = VERTEX_POINT ( 'NONE', #4622 ) ;
#3910 = ORIENTED_EDGE ( 'NONE', *, *, #5220, .F. ) ;
#3911 = CARTESIAN_POINT ( 'NONE',  ( -0.9999999999999991118, -23.59999999999999787, 0.000000000000000000 ) ) ;
#3912 = CARTESIAN_POINT ( 'NONE',  ( 2.999999999999363620, 28.82663105212715848, 34.08215816015147936 ) ) ;
#3913 = DIRECTION ( 'NONE',  ( 1.000000000000000000, 0.000000000000000000, 0.000000000000000000 ) ) ;
#3914 = FACE_BOUND ( 'NONE', #4588, .T. ) ;
#3915 = LINE ( 'NONE', #6272, #903 ) ;
#3916 = EDGE_CURVE ( 'NONE', #3761, #2416, #5733, .T. ) ;
#3917 = FACE_OUTER_BOUND ( 'NONE', #5822, .T. ) ;
#3918 = EDGE_LOOP ( 'NONE', ( #4393, #1294, #6941, #6653 ) ) ;
#3919 = DIRECTION ( 'NONE',  ( -1.000000000000000000, 0.000000000000000000, 0.000000000000000000 ) ) ;
#3920 = VECTOR ( 'NONE', #1904, 1000.000000000000000 ) ;
#3921 = ADVANCED_FACE ( 'NONE', ( #3483 ), #524, .F. ) ;
#3922 = DIRECTION ( 'NONE',  ( 0.000000000000000000, 0.000000000000000000, -1.000000000000000000 ) ) ;
#3923 = CARTESIAN_POINT ( 'NONE',  ( 2.382693565965004812, 28.53655644434144989, 33.79161050105770414 ) ) ;
#3924 = CIRCLE ( 'NONE', #649, 3.000000000000000888 ) ;
#3925 = ORIENTED_EDGE ( 'NONE', *, *, #1660, .F. ) ;
#3926 = AXIS2_PLACEMENT_3D ( 'NONE', #7063, #195, #3079 ) ;
#3927 = EDGE_CURVE ( 'NONE', #1820, #2750, #5631, .T. ) ;
#3928 = DIRECTION ( 'NONE',  ( 0.000000000000000000, 0.5383892771022009693, -0.8426962598121398029 ) ) ;
#3929 = EDGE_CURVE ( 'NONE', #1737, #434, #127, .T. ) ;
#3930 = VERTEX_POINT ( 'NONE', #1070 ) ;
#3931 = AXIS2_PLACEMENT_3D ( 'NONE', #214, #3669, #7124 ) ;
#3932 = FACE_OUTER_BOUND ( 'NONE', #4130, .T. ) ;
#3933 = VECTOR ( 'NONE', #1429, 1000.000000000000000 ) ;
#3934 = DIRECTION ( 'NONE',  ( 0.000000000000000000, 0.000000000000000000, -1.000000000000000000 ) ) ;
#3935 = DIRECTION ( 'NONE',  ( 0.000000000000000000, 0.000000000000000000, 1.000000000000000000 ) ) ;
#3936 = ORIENTED_EDGE ( 'NONE', *, *, #4619, .T. ) ;
#3937 = VERTEX_POINT ( 'NONE', #4657 ) ;
#3938 = EDGE_LOOP ( 'NONE', ( #948, #6142, #4299, #5931 ) ) ;
#3939 = ORIENTED_EDGE ( 'NONE', *, *, #5697, .F. ) ;
#3940 = CARTESIAN_POINT ( 'NONE',  ( -4.040819706224295618E-17, -42.49929662229980210, -47.77712100199629930 ) ) ;
#3941 = CARTESIAN_POINT ( 'NONE',  ( 2.999999999999999112, 22.96286793434729034, -14.23010763080562491 ) ) ;
#3942 = AXIS2_PLACEMENT_3D ( 'NONE', #14, #5900, #4779 ) ;
#3943 = LINE ( 'NONE', #2805, #4549 ) ;
#3944 = B_SPLINE_CURVE_WITH_KNOTS ( 'NONE', 3,
 ( #3017, #5222, #5330, #4088 ),
 .UNSPECIFIED., .F., .F.,
 ( 4, 4 ),
 ( 0.000000000000000000, 1.000000000000000000 ),
 .UNSPECIFIED. ) ;
#3945 = VERTEX_POINT ( 'NONE', #5847 ) ;
#3946 = EDGE_CURVE ( 'NONE', #6083, #6295, #1788, .T. ) ;
#3947 = CARTESIAN_POINT ( 'NONE',  ( 3.000000000000000000, 53.99747468305810116, -49.49747468305849907 ) ) ;
#3948 = VECTOR ( 'NONE', #7046, 1000.000000000000000 ) ;
#3949 = VERTEX_POINT ( 'NONE', #6411 ) ;
#3950 = ORIENTED_EDGE ( 'NONE', *, *, #4302, .F. ) ;
#3951 = DIRECTION ( 'NONE',  ( 1.000000000000000000, 0.000000000000000000, 0.000000000000000000 ) ) ;
#3952 = AXIS2_PLACEMENT_3D ( 'NONE', #3589, #4724, #5191 ) ;
#3953 = DIRECTION ( 'NONE',  ( 0.000000000000000000, 0.7076826485500021802, -0.7065304444546280926 ) ) ;
#3954 = ADVANCED_FACE ( 'NONE', ( #1217 ), #1985, .F. ) ;
#3955 = CARTESIAN_POINT ( 'NONE',  ( 20.00000000000000000, 16.61578321113874779, -27.50522764141160081 ) ) ;
#3956 = FACE_BOUND ( 'NONE', #5475, .T. ) ;
#3957 = CARTESIAN_POINT ( 'NONE',  ( -0.9999999999999991118, 7.347880794884119933E-15, -41.39999999999999858 ) ) ;
#3958 = AXIS2_PLACEMENT_3D ( 'NONE', #4027, #2288, #5012 ) ;
#3959 = FACE_OUTER_BOUND ( 'NONE', #7439, .T. ) ;
#3960 = AXIS2_PLACEMENT_3D ( 'NONE', #2813, #5049, #5702 ) ;
#3961 = ORIENTED_EDGE ( 'NONE', *, *, #5801, .T. ) ;
#3962 = CIRCLE ( 'NONE', #7223, 1.250000000000001110 ) ;
#3963 = CARTESIAN_POINT ( 'NONE',  ( 3.000000000000000888, -15.00000000000000000, -15.00000000000000000 ) ) ;
#3964 = CARTESIAN_POINT ( 'NONE',  ( -3.094967456141230570E-17, -47.54235218414199693, -42.30031392873874552 ) ) ;
#3965 = DIRECTION ( 'NONE',  ( 0.000000000000000000, 0.000000000000000000, -1.000000000000000000 ) ) ;
#3966 = AXIS2_PLACEMENT_3D ( 'NONE', #1100, #1211, #3517 ) ;
#3967 = CARTESIAN_POINT ( 'NONE',  ( 2.799332278314909495, 28.52399939490331704, 33.80222676114742342 ) ) ;
#3968 = EDGE_LOOP ( 'NONE', ( #1337, #2091, #4401, #4128 ) ) ;
#3969 = CARTESIAN_POINT ( 'NONE',  ( 0.000000000000000000, 0.000000000000000000, 53.90408133456029560 ) ) ;
#3970 = AXIS2_PLACEMENT_3D ( 'NONE', #949, #3220, #2198 ) ;
#3971 = ORIENTED_EDGE ( 'NONE', *, *, #3100, .T. ) ;
#3972 = CARTESIAN_POINT ( 'NONE',  ( -14.14213562373093858, 12.37182433411610916, 19.55597066360476433 ) ) ;
#3973 = EDGE_CURVE ( 'NONE', #3025, #198, #1037, .T. ) ;
#3974 = CARTESIAN_POINT ( 'NONE',  ( 0.000000000000000000, -49.49747468305790221, 46.24747468305879750 ) ) ;
#3975 = CIRCLE ( 'NONE', #5674, 1.250000000000001110 ) ;
#3976 = FACE_OUTER_BOUND ( 'NONE', #4755, .T. ) ;
#3977 = EDGE_CURVE ( 'NONE', #2710, #3474, #6975, .T. ) ;
#3978 = ORIENTED_EDGE ( 'NONE', *, *, #3184, .F. ) ;
#3979 = ORIENTED_EDGE ( 'NONE', *, *, #1149, .T. ) ;
#3980 = ORIENTED_EDGE ( 'NONE', *, *, #1664, .F. ) ;
#3981 = ORIENTED_EDGE ( 'NONE', *, *, #5932, .F. ) ;
#3982 = DIRECTION ( 'NONE',  ( 1.000000000000000000, 0.000000000000000000, 0.000000000000000000 ) ) ;
#3983 = AXIS2_PLACEMENT_3D ( 'NONE', #7451, #6955, #1156 ) ;
#3984 = CARTESIAN_POINT ( 'NONE',  ( -2.507990869631660107E-17, 42.30031392873874552, -47.54235218414189745 ) ) ;
#3985 = DIRECTION ( 'NONE',  ( -0.000000000000000000, 0.7048556957872008644, 0.7093507229264949254 ) ) ;
#3986 = EDGE_CURVE ( 'NONE', #3261, #3064, #1458, .T. ) ;
#3987 = ORIENTED_EDGE ( 'NONE', *, *, #4469, .T. ) ;
#3988 = AXIS2_PLACEMENT_3D ( 'NONE', #59, #2976, #7067 ) ;
#3989 = CARTESIAN_POINT ( 'NONE',  ( 3.618868395545084216, 27.58460601644021182, 32.83810764015058936 ) ) ;
#3990 = VERTEX_POINT ( 'NONE', #6159 ) ;
#3991 = EDGE_LOOP ( 'NONE', ( #3516, #5146, #7446, #4577, #5221, #1462, #2880, #4354, #1933, #2017, #4782 ) ) ;
#3992 = DIRECTION ( 'NONE',  ( 1.000000000000000000, 0.000000000000000000, 0.000000000000000000 ) ) ;
#3993 = LINE ( 'NONE', #2208, #548 ) ;
#3994 =( LENGTH_UNIT ( ) NAMED_UNIT ( * ) SI_UNIT ( .MILLI., .METRE. ) );
#3995 = AXIS2_PLACEMENT_3D ( 'NONE', #3803, #1492, #154 ) ;
#3996 = CIRCLE ( 'NONE', #717, 1.250000000000001110 ) ;
#3997 = EDGE_CURVE ( 'NONE', #6705, #6499, #1014, .T. ) ;
#3998 = CIRCLE ( 'NONE', #4111, 1.250000000000001110 ) ;
#3999 = CARTESIAN_POINT ( 'NONE',  ( 2.050000000000000266, -47.35404289052740268, 42.12145270974695421 ) ) ;
#4000 = CARTESIAN_POINT ( 'NONE',  ( 20.00000000000000000, -13.00000000000000000, -46.83172803104510251 ) ) ;
#4001 = ORIENTED_EDGE ( 'NONE', *, *, #3929, .T. ) ;
#4002 = DIRECTION ( 'NONE',  ( -1.000000000000000000, 0.000000000000000000, 0.000000000000000000 ) ) ;
#4003 = CARTESIAN_POINT ( 'NONE',  ( 0.000000000000000000, -9.797175077751781203, -52.76583091789510149 ) ) ;
#4004 = DIRECTION ( 'NONE',  ( 0.000000000000000000, 0.000000000000000000, 1.000000000000000000 ) ) ;
#4005 = CARTESIAN_POINT ( 'NONE',  ( -17.00000000000000000, 44.99747468305814380, -49.49747468305849907 ) ) ;
#4006 = CARTESIAN_POINT ( 'NONE',  ( -0.1499999999999999944, 42.12145270974649947, -47.35404289052689819 ) ) ;
#4007 = VERTEX_POINT ( 'NONE', #2066 ) ;
#4008 = DIRECTION ( 'NONE',  ( -1.000000000000000000, 0.000000000000000000, 0.000000000000000000 ) ) ;
#4009 = CARTESIAN_POINT ( 'NONE',  ( 0.000000000000000000, 0.000000000000000000, 0.000000000000000000 ) ) ;
#4010 = CARTESIAN_POINT ( 'NONE',  ( -10.50000000000000000, 4.033806604815711232E-16, 31.30614694161269895 ) ) ;
#4011 = ORIENTED_EDGE ( 'NONE', *, *, #6712, .F. ) ;
#4012 = EDGE_CURVE ( 'NONE', #3636, #3143, #4408, .T. ) ;
#4013 = CARTESIAN_POINT ( 'NONE',  ( 0.000000000000000000, 44.99747468305814380, -48.24747468305849907 ) ) ;
#4014 = ORIENTED_EDGE ( 'NONE', *, *, #1077, .F. ) ;
#4015 = ORIENTED_EDGE ( 'NONE', *, *, #5220, .T. ) ;
#4016 = DIRECTION ( 'NONE',  ( -1.000000000000000000, 0.000000000000000000, 0.000000000000000000 ) ) ;
#4017 = LINE ( 'NONE', #5334, #2667 ) ;
#4018 = CARTESIAN_POINT ( 'NONE',  ( 0.000000000000000000, 57.03070887753347051, 49.49747468305820064 ) ) ;
#4019 = EDGE_CURVE ( 'NONE', #6908, #6189, #996, .T. ) ;
#4020 = ORIENTED_EDGE ( 'NONE', *, *, #6913, .F. ) ;
#4021 = AXIS2_PLACEMENT_3D ( 'NONE', #6289, #2229, #3935 ) ;
#4022 = CYLINDRICAL_SURFACE ( 'NONE', #3247, 3.033234194475119327 ) ;
#4023 = DIRECTION ( 'NONE',  ( -1.000000000000000000, -0.000000000000000000, -0.000000000000000000 ) ) ;
#4024 = EDGE_LOOP ( 'NONE', ( #4286, #3074 ) ) ;
#4025 = EDGE_LOOP ( 'NONE', ( #4736, #6793, #1990, #7049 ) ) ;
#4026 = LINE ( 'NONE', #869, #4439 ) ;
#4027 = CARTESIAN_POINT ( 'NONE',  ( 3.000000000000000000, 44.99747468305834985, 49.49747468305830722 ) ) ;
#4028 = ADVANCED_FACE ( 'NONE', ( #6686 ), #1576, .F. ) ;
#4029 = VECTOR ( 'NONE', #2078, 1000.000000000000000 ) ;
#4030 = CARTESIAN_POINT ( 'NONE',  ( 13.59999999999999964, -2.701750790494729805E-16, 25.80614694161269895 ) ) ;
#4031 = CARTESIAN_POINT ( 'NONE',  ( 0.000000000000000000, -15.72128267389225087, -20.95387285467269933 ) ) ;
#4032 = ORIENTED_EDGE ( 'NONE', *, *, #6658, .F. ) ;
#4033 = EDGE_CURVE ( 'NONE', #4097, #4136, #55, .T. ) ;
#4034 = CARTESIAN_POINT ( 'NONE',  ( 2.050000000000000266, -47.35404289052669924, -42.12145270974625078 ) ) ;
#4035 = CARTESIAN_POINT ( 'NONE',  ( 3.000000000000000000, -44.99747468305779563, 48.24747468305880460 ) ) ;
#4036 = LINE ( 'NONE', #6769, #2011 ) ;
#4037 = CARTESIAN_POINT ( 'NONE',  ( 0.000000000000000000, 54.51483676556799907, -46.20717412946329716 ) ) ;
#4038 = DIRECTION ( 'NONE',  ( 0.000000000000000000, 0.000000000000000000, -1.000000000000000000 ) ) ;
#4039 = VECTOR ( 'NONE', #800, 1000.000000000000000 ) ;
#4040 = ORIENTED_EDGE ( 'NONE', *, *, #4812, .F. ) ;
#4041 = DIRECTION ( 'NONE',  ( -1.000000000000000000, -0.000000000000000000, -0.000000000000000000 ) ) ;
#4042 = EDGE_CURVE ( 'NONE', #5611, #6753, #5630, .T. ) ;
#4043 = FACE_OUTER_BOUND ( 'NONE', #2573, .T. ) ;
#4044 = AXIS2_PLACEMENT_3D ( 'NONE', #6484, #3033, #1292 ) ;
#4045 = VECTOR ( 'NONE', #2405, 1000.000000000000114 ) ;
#4046 = LINE ( 'NONE', #6359, #5839 ) ;
#4047 = VERTEX_POINT ( 'NONE', #6119 ) ;
#4048 = AXIS2_PLACEMENT_3D ( 'NONE', #5699, #5232, #3409 ) ;
#4049 = DIRECTION ( 'NONE',  ( 0.000000000000000000, 0.000000000000000000, -1.000000000000000000 ) ) ;
#4050 = ORIENTED_EDGE ( 'NONE', *, *, #2056, .T. ) ;
#4051 = ORIENTED_EDGE ( 'NONE', *, *, #2143, .F. ) ;
#4052 = CARTESIAN_POINT ( 'NONE',  ( 3.000000000000000000, 35.42412474690099344, -44.89935561480072579 ) ) ;
#4053 = CARTESIAN_POINT ( 'NONE',  ( 0.000000000000000000, 19.99431948050905206, 14.76172929972859826 ) ) ;
#4054 = DIRECTION ( 'NONE',  ( -1.000000000000000000, 0.000000000000000000, 0.000000000000000000 ) ) ;
#4055 = ORIENTED_EDGE ( 'NONE', *, *, #435, .T. ) ;
#4056 = DIRECTION ( 'NONE',  ( 0.000000000000000000, 0.7048556957872008644, -0.7093507229264949254 ) ) ;
#4057 = DIRECTION ( 'NONE',  ( 1.000000000000000000, 0.000000000000000000, 0.000000000000000000 ) ) ;
#4058 = EDGE_CURVE ( 'NONE', #1308, #828, #4331, .T. ) ;
#4059 = ORIENTED_EDGE ( 'NONE', *, *, #6425, .F. ) ;
#4060 = ORIENTED_EDGE ( 'NONE', *, *, #6244, .F. ) ;
#4061 = CARTESIAN_POINT ( 'NONE',  ( -17.00000000000000000, 49.49747468305810116, -53.99747468305849196 ) ) ;
#4062 = CARTESIAN_POINT ( 'NONE',  ( 3.000000000000000000, 47.54235134132159857, 42.30031454084629416 ) ) ;
#4063 = DIRECTION ( 'NONE',  ( -1.000000000000000000, 0.000000000000000000, 0.000000000000000000 ) ) ;
#4064 = ADVANCED_FACE ( 'NONE', ( #3770 ), #4945, .F. ) ;
#4065 = AXIS2_PLACEMENT_3D ( 'NONE', #6165, #2257, #4004 ) ;
#4066 = CARTESIAN_POINT ( 'NONE',  ( -10.50000000000000000, 7.960204194457797252E-15, -31.40000000000000568 ) ) ;
#4067 = EDGE_CURVE ( 'NONE', #5234, #7436, #2742, .T. ) ;
#4068 = LINE ( 'NONE', #2214, #523 ) ;
#4069 = EDGE_CURVE ( 'NONE', #1918, #4147, #3924, .T. ) ;
#4070 = VERTEX_POINT ( 'NONE', #4294 ) ;
#4071 = CARTESIAN_POINT ( 'NONE',  ( 0.000000000000000000, 5.332174861821640022, 12.63835602176123984 ) ) ;
#4072 = AXIS2_PLACEMENT_3D ( 'NONE', #4864, #2588, #7143 ) ;
#4073 = LINE ( 'NONE', #6385, #392 ) ;
#4074 = DIRECTION ( 'NONE',  ( 0.000000000000000000, 2.083297203626533862E-15, -1.000000000000000000 ) ) ;
#4075 = CARTESIAN_POINT ( 'NONE',  ( 3.000000000000002665, -22.83626106214219220, -8.352646070663826805 ) ) ;
#4076 = CIRCLE ( 'NONE', #924, 2.999999999999999112 ) ;
#4077 = EDGE_CURVE ( 'NONE', #5580, #3369, #4890, .T. ) ;
#4078 = CARTESIAN_POINT ( 'NONE',  ( 13.59999999999999964, 23.59999999999999787, 9.108356170405180515E-15 ) ) ;
#4079 = CIRCLE ( 'NONE', #5045, 2.999999999999999112 ) ;
#4080 = ORIENTED_EDGE ( 'NONE', *, *, #4661, .F. ) ;
#4081 = CIRCLE ( 'NONE', #7352, 2.000000000000001776 ) ;
#4082 = CARTESIAN_POINT ( 'NONE',  ( 3.000000000000000000, 11.00000000000000000, -37.97687999291370176 ) ) ;
#4083 = DIRECTION ( 'NONE',  ( 1.000000000000000000, 0.000000000000000000, 0.000000000000000000 ) ) ;
#4084 = ADVANCED_FACE ( 'NONE', ( #6608 ), #5867, .F. ) ;
#4085 = AXIS2_PLACEMENT_3D ( 'NONE', #4686, #1243, #3548 ) ;
#4086 = CARTESIAN_POINT ( 'NONE',  ( 2.999999999999999112, 12.37182433411610916, 19.55597066360476433 ) ) ;
#4087 = EDGE_LOOP ( 'NONE', ( #2575, #4040, #7255, #6966 ) ) ;
#4088 = CARTESIAN_POINT ( 'NONE',  ( 3.000000000000000000, 47.35404289052780058, -42.12145270974734501 ) ) ;
#4089 = ORIENTED_EDGE ( 'NONE', *, *, #2260, .F. ) ;
#4090 = ORIENTED_EDGE ( 'NONE', *, *, #1195, .F. ) ;
#4091 = LINE ( 'NONE', #6968, #5545 ) ;
#4092 = DIRECTION ( 'NONE',  ( 0.000000000000000000, 0.000000000000000000, -1.000000000000000000 ) ) ;
#4093 = DIRECTION ( 'NONE',  ( 1.000000000000000000, 0.000000000000000000, 0.000000000000000000 ) ) ;
#4094 = DIRECTION ( 'NONE',  ( 0.000000000000000000, 0.000000000000000000, 1.000000000000000000 ) ) ;
#4095 = ORIENTED_EDGE ( 'NONE', *, *, #3248, .T. ) ;
#4096 = CARTESIAN_POINT ( 'NONE',  ( 3.000000000000000000, 0.000000000000000000, 0.000000000000000000 ) ) ;
#4097 = VERTEX_POINT ( 'NONE', #1418 ) ;
#4098 = AXIS2_PLACEMENT_3D ( 'NONE', #6051, #2107, #4953 ) ;
#4099 = VERTEX_POINT ( 'NONE', #6042 ) ;
#4100 = FACE_OUTER_BOUND ( 'NONE', #4767, .T. ) ;
#4101 = CYLINDRICAL_SURFACE ( 'NONE', #224, 2.999999999999999112 ) ;
#4102 = CARTESIAN_POINT ( 'NONE',  ( -17.00000000000000000, -49.49747468305860565, -44.99747468305794484 ) ) ;
#4103 = CIRCLE ( 'NONE', #5070, 3.000000000000002665 ) ;
#4104 = ORIENTED_EDGE ( 'NONE', *, *, #671, .F. ) ;
#4105 = CARTESIAN_POINT ( 'NONE',  ( 0.000000000000000000, 35.42412474690099344, -41.89935561480072579 ) ) ;
#4106 = ORIENTED_EDGE ( 'NONE', *, *, #6148, .F. ) ;
#4107 = ADVANCED_FACE ( 'NONE', ( #846 ), #4611, .T. ) ;
#4108 = DIRECTION ( 'NONE',  ( 0.000000000000000000, 0.000000000000000000, -1.000000000000000000 ) ) ;
#4109 = DIRECTION ( 'NONE',  ( 1.000000000000000000, 0.000000000000000000, 0.000000000000000000 ) ) ;
#4110 = CYLINDRICAL_SURFACE ( 'NONE', #2248, 3.330726836203799834 ) ;
#4111 = AXIS2_PLACEMENT_3D ( 'NONE', #2199, #4502, #1064 ) ;
#4112 = DIRECTION ( 'NONE',  ( -1.000000000000000000, -0.000000000000000000, -0.000000000000000000 ) ) ;
#4113 = ADVANCED_FACE ( 'NONE', ( #4593 ), #6342, .F. ) ;
#4114 = CARTESIAN_POINT ( 'NONE',  ( 3.000000000000000888, 10.42085570350058710, 24.51938107059371674 ) ) ;
#4115 = VERTEX_POINT ( 'NONE', #2179 ) ;
#4116 = CARTESIAN_POINT ( 'NONE',  ( 13.59999999999999964, 7.715274834628326955E-15, -39.40000000000000568 ) ) ;
#4117 = ADVANCED_FACE ( 'NONE', ( #3492 ), #2299, .T. ) ;
#4118 = LINE ( 'NONE', #2445, #5539 ) ;
#4119 = DIRECTION ( 'NONE',  ( 1.000000000000000000, 0.000000000000000000, 0.000000000000000000 ) ) ;
#4120 = PLANE ( 'NONE',  #5205 ) ;
#4121 = VERTEX_POINT ( 'NONE', #6308 ) ;
#4122 = ADVANCED_FACE ( 'NONE', ( #4629 ), #4514, .T. ) ;
#4123 = VERTEX_POINT ( 'NONE', #5163 ) ;
#4124 = CARTESIAN_POINT ( 'NONE',  ( 0.000000000000000000, -15.00000000000000000, 15.00000000000000000 ) ) ;
#4125 = CARTESIAN_POINT ( 'NONE',  ( 0.000000000000000000, 46.55283011860050379, -54.72519582988839915 ) ) ;
#4126 = DIRECTION ( 'NONE',  ( 0.000000000000000000, 6.938893903907222067E-15, -1.000000000000000000 ) ) ;
#4127 = DIRECTION ( 'NONE',  ( 1.000000000000000000, 0.000000000000000000, 0.000000000000000000 ) ) ;
#4128 = ORIENTED_EDGE ( 'NONE', *, *, #1149, .F. ) ;
#4129 = DIRECTION ( 'NONE',  ( 0.000000000000000000, -0.7071067811865470176, 0.7071067811865480168 ) ) ;
#4130 = EDGE_LOOP ( 'NONE', ( #1674, #3152, #3835, #2341 ) ) ;
#4131 = ORIENTED_EDGE ( 'NONE', *, *, #3059, .F. ) ;
#4132 = LINE ( 'NONE', #6448, #3465 ) ;
#4133 = DIRECTION ( 'NONE',  ( 0.000000000000000000, 0.000000000000000000, 1.000000000000000000 ) ) ;
#4134 = PLANE ( 'NONE',  #5628 ) ;
#4135 = CIRCLE ( 'NONE', #3408, 3.330726836203799834 ) ;
#4136 = VERTEX_POINT ( 'NONE', #3957 ) ;
#4137 = CARTESIAN_POINT ( 'NONE',  ( 0.000000000000000000, 44.99747468305834985, 49.49747468305830722 ) ) ;
#4138 = ORIENTED_EDGE ( 'NONE', *, *, #698, .F. ) ;
#4139 = FACE_OUTER_BOUND ( 'NONE', #6336, .T. ) ;
#4140 = CARTESIAN_POINT ( 'NONE',  ( -17.00000000000000000, 28.39513128277824805, 36.48068905670280060 ) ) ;
#4141 = DIRECTION ( 'NONE',  ( 0.000000000000000000, 0.000000000000000000, -1.000000000000000000 ) ) ;
#4142 = AXIS2_PLACEMENT_3D ( 'NONE', #3826, #5035, #946 ) ;
#4143 = ADVANCED_FACE ( 'NONE', ( #533 ), #1339, .T. ) ;
#4144 = CARTESIAN_POINT ( 'NONE',  ( 0.000000000000000000, 4.000000000000000000, -42.56515138991168357 ) ) ;
#4145 = CIRCLE ( 'NONE', #1969, 3.330726836203799834 ) ;
#4146 = EDGE_CURVE ( 'NONE', #1870, #4154, #6838, .T. ) ;
#4147 = VERTEX_POINT ( 'NONE', #1725 ) ;
#4148 = DIRECTION ( 'NONE',  ( 1.000000000000000000, 0.000000000000000000, 0.000000000000000000 ) ) ;
#4149 = DIRECTION ( 'NONE',  ( 1.000000000000000000, 0.000000000000000000, 0.000000000000000000 ) ) ;
#4150 = EDGE_CURVE ( 'NONE', #4154, #6650, #3915, .T. ) ;
#4151 = DIRECTION ( 'NONE',  ( 1.000000000000000000, 0.000000000000000000, 0.000000000000000000 ) ) ;
#4152 = ADVANCED_FACE ( 'NONE', ( #2291 ), #1079, .T. ) ;
#4153 = DIRECTION ( 'NONE',  ( 0.000000000000000000, 0.000000000000000000, -1.000000000000000000 ) ) ;
#4154 = VERTEX_POINT ( 'NONE', #5708 ) ;
#4155 = ORIENTED_EDGE ( 'NONE', *, *, #1470, .F. ) ;
#4156 = CARTESIAN_POINT ( 'NONE',  ( 2.999999999999999112, -28.39217881729829429, 36.48298694768021022 ) ) ;
#4157 = DIRECTION ( 'NONE',  ( 0.000000000000000000, 0.000000000000000000, 1.000000000000000000 ) ) ;
#4158 = VECTOR ( 'NONE', #3418, 999.9999999999998863 ) ;
#4159 = CARTESIAN_POINT ( 'NONE',  ( 3.000000000000000000, -49.49747468305777431, 46.99747468305881881 ) ) ;
#4160 = DIRECTION ( 'NONE',  ( -0.000000000000000000, 0.7093507229264949254, 0.7048556957872008644 ) ) ;
#4161 = CIRCLE ( 'NONE', #898, 3.033234194475119327 ) ;
#4162 = VERTEX_POINT ( 'NONE', #4066 ) ;
#4163 = AXIS2_PLACEMENT_3D ( 'NONE', #4551, #458, #2247 ) ;
#4164 = DIRECTION ( 'NONE',  ( -1.000000000000000000, 0.000000000000000000, 0.000000000000000000 ) ) ;
#4165 = ORIENTED_EDGE ( 'NONE', *, *, #2051, .T. ) ;
#4166 = EDGE_LOOP ( 'NONE', ( #7047, #7150, #4829, #1248 ) ) ;
#4167 = CARTESIAN_POINT ( 'NONE',  ( 3.000000000000000888, 7.715274834628326955E-15, -39.40000000000000568 ) ) ;
#4168 = CARTESIAN_POINT ( 'NONE',  ( 3.000000000000000000, 49.49747468305830722, 49.49747468305830722 ) ) ;
#4169 = CARTESIAN_POINT ( 'NONE',  ( 0.000000000000000000, 49.49747468305812959, -46.99747468305847775 ) ) ;
#4170 =( BOUNDED_CURVE ( )  B_SPLINE_CURVE ( 3, ( #6315, #2258, #3459, #6846 ),
 .UNSPECIFIED., .F., .F. ) 
 B_SPLINE_CURVE_WITH_KNOTS ( ( 4, 4 ),
 ( 0.000000000000000000, 1.000000000000000000 ),
 .UNSPECIFIED. ) 
 CURVE ( )  GEOMETRIC_REPRESENTATION_ITEM ( )  RATIONAL_B_SPLINE_CURVE ( ( 0.9920926398447853511, 0.9920926398447853511, 0.9920926398447853511, 0.9920926398447853511 ) ) 
 REPRESENTATION_ITEM ( '' )  );
#4171 = ORIENTED_EDGE ( 'NONE', *, *, #1841, .T. ) ;
#4172 = EDGE_CURVE ( 'NONE', #5445, #5111, #534, .T. ) ;
#4173 = CARTESIAN_POINT ( 'NONE',  ( 3.000000000000000444, 28.39248246523228048, 36.48308452370017818 ) ) ;
#4174 = ORIENTED_EDGE ( 'NONE', *, *, #3477, .T. ) ;
#4175 = ORIENTED_EDGE ( 'NONE', *, *, #5874, .T. ) ;
#4176 = EDGE_CURVE ( 'NONE', #3189, #146, #1512, .T. ) ;
#4177 = CARTESIAN_POINT ( 'NONE',  ( 3.149999999999997691, 48.56209539888330795, -43.32950521810283107 ) ) ;
#4178 = CARTESIAN_POINT ( 'NONE',  ( 2.800531239174989473, -28.51904142539017073, 33.80640956196372571 ) ) ;
#4179 = CARTESIAN_POINT ( 'NONE',  ( 2.999999999999999112, -9.332174861821640022, 12.63835602176123984 ) ) ;
#4180 = CIRCLE ( 'NONE', #7346, 2.000000000000001776 ) ;
#4181 = DIRECTION ( 'NONE',  ( 0.000000000000000000, 0.000000000000000000, -1.000000000000000000 ) ) ;
#4182 = VECTOR ( 'NONE', #3024, 1000.000000000000000 ) ;
#4183 = VERTEX_POINT ( 'NONE', #7242 ) ;
#4184 = AXIS2_PLACEMENT_3D ( 'NONE', #1246, #6404, #1213 ) ;
#4185 = DIRECTION ( 'NONE',  ( 1.000000000000000000, 0.000000000000000000, 0.000000000000000000 ) ) ;
#4186 = DIRECTION ( 'NONE',  ( 1.000000000000000000, 0.000000000000000000, 0.000000000000000000 ) ) ;
#4187 = AXIS2_PLACEMENT_3D ( 'NONE', #3863, #329, #6210 ) ;
#4188 = DIRECTION ( 'NONE',  ( 0.000000000000000000, 0.000000000000000000, -1.000000000000000000 ) ) ;
#4189 = AXIS2_PLACEMENT_3D ( 'NONE', #2698, #1679, #5654 ) ;
#4190 = VECTOR ( 'NONE', #1831, 1000.000000000000114 ) ;
#4191 = FACE_BOUND ( 'NONE', #3187, .T. ) ;
#4192 = ORIENTED_EDGE ( 'NONE', *, *, #3977, .F. ) ;
#4193 = DIRECTION ( 'NONE',  ( 0.000000000000000000, 0.000000000000000000, -1.000000000000000000 ) ) ;
#4194 = LINE ( 'NONE', #5878, #5895 ) ;
#4195 = DIRECTION ( 'NONE',  ( 0.000000000000000000, 0.000000000000000000, -1.000000000000000000 ) ) ;
#4196 = AXIS2_PLACEMENT_3D ( 'NONE', #3871, #984, #5728 ) ;
#4197 = EDGE_CURVE ( 'NONE', #3304, #4121, #1993, .T. ) ;
#4198 = EDGE_LOOP ( 'NONE', ( #2085, #3102, #5255, #2497 ) ) ;
#4199 = DIRECTION ( 'NONE',  ( 0.000000000000000000, 0.7071067811865474617, -0.7071067811865474617 ) ) ;
#4200 = ORIENTED_EDGE ( 'NONE', *, *, #7097, .T. ) ;
#4201 = ORIENTED_EDGE ( 'NONE', *, *, #466, .F. ) ;
#4202 = VERTEX_POINT ( 'NONE', #3633 ) ;
#4203 = DIRECTION ( 'NONE',  ( -1.000000000000000000, 0.000000000000000000, 0.000000000000000000 ) ) ;
#4204 = LINE ( 'NONE', #4244, #6043 ) ;
#4205 = DIRECTION ( 'NONE',  ( -1.000000000000000000, 0.000000000000000000, 0.000000000000000000 ) ) ;
#4206 = EDGE_CURVE ( 'NONE', #1371, #3061, #2843, .T. ) ;
#4207 = CIRCLE ( 'NONE', #944, 2.249999999999998668 ) ;
#4208 = ORIENTED_EDGE ( 'NONE', *, *, #5257, .T. ) ;
#4209 = AXIS2_PLACEMENT_3D ( 'NONE', #5440, #239, #4868 ) ;
#4210 = CARTESIAN_POINT ( 'NONE',  ( 2.000000000000000000, 47.35404289052780058, -42.12145270974739475 ) ) ;
#4211 = ORIENTED_EDGE ( 'NONE', *, *, #5668, .T. ) ;
#4212 = EDGE_CURVE ( 'NONE', #6643, #2571, #655, .T. ) ;
#4213 = ORIENTED_EDGE ( 'NONE', *, *, #7355, .F. ) ;
#4214 = FACE_OUTER_BOUND ( 'NONE', #4924, .T. ) ;
#4215 = ADVANCED_FACE ( 'NONE', ( #1892 ), #6514, .T. ) ;
#4216 = DIRECTION ( 'NONE',  ( 1.000000000000000000, 0.000000000000000000, 0.000000000000000000 ) ) ;
#4218 = DIRECTION ( 'NONE',  ( 0.000000000000000000, -0.9171302927353677248, 0.3985875388758894355 ) ) ;
#4217 = VECTOR ( 'NONE', #4379, 1000.000000000000000 ) ;
#4219 = CIRCLE ( 'NONE', #959, 2.249999999999998668 ) ;
#4220 = CARTESIAN_POINT ( 'NONE',  ( -0.1499999999999999944, 47.35404289052719662, 42.12145270974674816 ) ) ;
#4221 = EDGE_LOOP ( 'NONE', ( #1861, #2637, #3216, #1941 ) ) ;
#4222 = AXIS2_PLACEMENT_3D ( 'NONE', #2679, #4375, #315 ) ;
#4223 = ORIENTED_EDGE ( 'NONE', *, *, #5503, .F. ) ;
#4224 = CYLINDRICAL_SURFACE ( 'NONE', #5075, 4.000000000000000000 ) ;
#4225 = DIRECTION ( 'NONE',  ( 1.000000000000000000, 0.000000000000000000, 0.000000000000000000 ) ) ;
#4226 = VECTOR ( 'NONE', #4518, 1000.000000000000114 ) ;
#4227 = DIRECTION ( 'NONE',  ( 0.000000000000000000, 0.000000000000000000, 1.000000000000000000 ) ) ;
#4228 = AXIS2_PLACEMENT_3D ( 'NONE', #1631, #4575, #5689 ) ;
#4229 = CARTESIAN_POINT ( 'NONE',  ( 3.000000000000000000, 49.49747468305830722, 41.66674784685449850 ) ) ;
#4230 = EDGE_LOOP ( 'NONE', ( #4104, #4695 ) ) ;
#4231 = APPLICATION_PROTOCOL_DEFINITION ( 'draft international standard', 'automotive_design', 1998, #633 ) ;
#4232 = CARTESIAN_POINT ( 'NONE',  ( 3.000000000000000000, 11.00000000000000000, -15.00000000000000000 ) ) ;
#4233 = CARTESIAN_POINT ( 'NONE',  ( -8.485281374238578422, -49.49747468305864828, -51.99747468305795906 ) ) ;
#4234 = LINE ( 'NONE', #6549, #2254 ) ;
#4235 = ORIENTED_EDGE ( 'NONE', *, *, #3916, .F. ) ;
#4236 = EDGE_CURVE ( 'NONE', #5259, #6644, #3815, .T. ) ;
#4237 = LINE ( 'NONE', #7158, #6717 ) ;
#4238 = ORIENTED_EDGE ( 'NONE', *, *, #360, .T. ) ;
#4239 = VERTEX_POINT ( 'NONE', #2537 ) ;
#4240 = VERTEX_POINT ( 'NONE', #5373 ) ;
#4241 = ORIENTED_EDGE ( 'NONE', *, *, #6702, .F. ) ;
#4242 = LINE ( 'NONE', #7130, #1900 ) ;
#4243 = EDGE_CURVE ( 'NONE', #179, #5976, #1929, .T. ) ;
#4244 = CARTESIAN_POINT ( 'NONE',  ( 3.000000000000002665, -23.59999999999999787, -7.000000000000000000 ) ) ;
#4245 = DIRECTION ( 'NONE',  ( -1.000000000000000000, 0.000000000000000000, 0.000000000000000000 ) ) ;
#4246 = ORIENTED_EDGE ( 'NONE', *, *, #4655, .F. ) ;
#4247 = DIRECTION ( 'NONE',  ( 0.000000000000000000, 0.000000000000000000, -1.000000000000000000 ) ) ;
#4248 = VERTEX_POINT ( 'NONE', #2612 ) ;
#4249 = ADVANCED_FACE ( 'NONE', ( #251 ), #177, .T. ) ;
#4250 = ORIENTED_EDGE ( 'NONE', *, *, #7055, .T. ) ;
#4251 = CARTESIAN_POINT ( 'NONE',  ( -0.1500000000000017708, 43.32950521810273870, 48.56209539888318005 ) ) ;
#4252 = AXIS2_PLACEMENT_3D ( 'NONE', #7498, #2307, #1740 ) ;
#4253 = CARTESIAN_POINT ( 'NONE',  ( 0.000000000000000000, 29.11804763894784642, -40.00749206922064616 ) ) ;
#4254 = DIRECTION ( 'NONE',  ( -1.000000000000000000, 0.000000000000000000, 0.000000000000000000 ) ) ;
#4255 = ADVANCED_FACE ( 'NONE', ( #5989 ), #4881, .T. ) ;
#4256 = CARTESIAN_POINT ( 'NONE',  ( -10.50000000000000000, -23.59999999999999787, 0.000000000000000000 ) ) ;
#4257 = ORIENTED_EDGE ( 'NONE', *, *, #6027, .F. ) ;
#4258 = DIRECTION ( 'NONE',  ( 1.000000000000000000, 0.000000000000000000, 0.000000000000000000 ) ) ;
#4259 = ORIENTED_EDGE ( 'NONE', *, *, #3688, .F. ) ;
#4260 = B_SPLINE_CURVE_WITH_KNOTS ( 'NONE', 3,
 ( #4581, #2767, #3334, #6903 ),
 .UNSPECIFIED., .F., .F.,
 ( 4, 4 ),
 ( 0.000000000000000000, 1.000000000000000000 ),
 .UNSPECIFIED. ) ;
#4261 = DIRECTION ( 'NONE',  ( -1.000000000000000000, -0.000000000000000000, -0.000000000000000000 ) ) ;
#4262 = CARTESIAN_POINT ( 'NONE',  ( 3.000000000000000000, 49.49747468305812959, -51.99747468305847775 ) ) ;
#4263 = VECTOR ( 'NONE', #3054, 1000.000000000000000 ) ;
#4264 = EDGE_CURVE ( 'NONE', #4508, #6029, #4237, .T. ) ;
#4265 = CARTESIAN_POINT ( 'NONE',  ( 3.000000000000000888, -4.000000000000000000, -45.56515138991167646 ) ) ;
#4266 = DIRECTION ( 'NONE',  ( 1.000000000000000000, 0.000000000000000000, 0.000000000000000000 ) ) ;
#4267 = ORIENTED_EDGE ( 'NONE', *, *, #3503, .T. ) ;
#4268 = CARTESIAN_POINT ( 'NONE',  ( 0.000000000000000000, -7.153153898236729979, 23.55173142797270103 ) ) ;
#4269 = ADVANCED_FACE ( 'NONE', ( #1321 ), #4272, .T. ) ;
#4270 = DIRECTION ( 'NONE',  ( 1.000000000000000000, 0.000000000000000000, 0.000000000000000000 ) ) ;
#4271 = CARTESIAN_POINT ( 'NONE',  ( 0.000000000000000000, 7.000000000000000000, -45.56515138991168357 ) ) ;
#4272 = CYLINDRICAL_SURFACE ( 'NONE', #3440, 3.033234194475112222 ) ;
#4273 = ORIENTED_EDGE ( 'NONE', *, *, #4597, .T. ) ;
#4274 = ORIENTED_EDGE ( 'NONE', *, *, #838, .T. ) ;
#4275 = ORIENTED_EDGE ( 'NONE', *, *, #621, .T. ) ;
#4276 = AXIS2_PLACEMENT_3D ( 'NONE', #1038, #5474, #6649 ) ;
#4277 = ORIENTED_EDGE ( 'NONE', *, *, #3003, .F. ) ;
#4278 = CARTESIAN_POINT ( 'NONE',  ( 7.050733056611468541, -30.01402246177314481, 35.27606447931875522 ) ) ;
#4279 = DIRECTION ( 'NONE',  ( 0.000000000000000000, 1.776356839400250465E-15, -1.000000000000000000 ) ) ;
#4280 = DIRECTION ( 'NONE',  ( 1.000000000000000000, 0.000000000000000000, 0.000000000000000000 ) ) ;
#4281 = CIRCLE ( 'NONE', #6352, 2.500000000000002220 ) ;
#4282 = AXIS2_PLACEMENT_3D ( 'NONE', #1648, #3913, #6229 ) ;
#4283 = AXIS2_PLACEMENT_3D ( 'NONE', #5515, #2709, #4446 ) ;
#4284 = ORIENTED_EDGE ( 'NONE', *, *, #5028, .T. ) ;
#4285 = LINE ( 'NONE', #725, #3920 ) ;
#4286 = ORIENTED_EDGE ( 'NONE', *, *, #5085, .F. ) ;
#4287 = ORIENTED_EDGE ( 'NONE', *, *, #5238, .T. ) ;
#4288 = CARTESIAN_POINT ( 'NONE',  ( -14.14213562373093858, -22.82873173716461324, 13.35350086926487556 ) ) ;
#4289 = ADVANCED_FACE ( 'NONE', ( #4802 ), #3789, .T. ) ;
#4290 = DIRECTION ( 'NONE',  ( 1.000000000000000000, 0.000000000000000000, 0.000000000000000000 ) ) ;
#4291 = CARTESIAN_POINT ( 'NONE',  ( -10.50000000000000000, 7.347880794884119933E-15, -36.39999999999999858 ) ) ;
#4292 = EDGE_CURVE ( 'NONE', #593, #879, #3175, .T. ) ;
#4293 = ADVANCED_FACE ( 'NONE', ( #6667 ), #6025, .F. ) ;
#4294 = CARTESIAN_POINT ( 'NONE',  ( 3.000000000000000000, -42.12145270974760081, -47.35404289052809901 ) ) ;
#4295 = CARTESIAN_POINT ( 'NONE',  ( 2.999999999999999112, 56.90126254826144248, -54.70878552723407040 ) ) ;
#4296 = EDGE_LOOP ( 'NONE', ( #4806, #6554, #2170, #6630 ) ) ;
#4297 = PLANE ( 'NONE',  #5182 ) ;
#4298 = VERTEX_POINT ( 'NONE', #6097 ) ;
#4299 = ORIENTED_EDGE ( 'NONE', *, *, #6467, .T. ) ;
#4300 = FACE_OUTER_BOUND ( 'NONE', #2457, .T. ) ;
#4301 = CARTESIAN_POINT ( 'NONE',  ( 0.000000000000000000, -15.00000000000000000, 15.00000000000000000 ) ) ;
#4302 = EDGE_CURVE ( 'NONE', #6905, #7303, #904, .T. ) ;
#4303 = DIRECTION ( 'NONE',  ( -1.000000000000000000, -0.000000000000000000, -0.000000000000000000 ) ) ;
#4304 = AXIS2_PLACEMENT_3D ( 'NONE', #4910, #3693, #3124 ) ;
#4305 = CARTESIAN_POINT ( 'NONE',  ( 20.00000000000000000, -11.00000000000000000, -37.45125332860914824 ) ) ;
#4306 = VERTEX_POINT ( 'NONE', #3853 ) ;
#4307 = PLANE ( 'NONE',  #29 ) ;
#4308 = CYLINDRICAL_SURFACE ( 'NONE', #4820, 5.999999999999998224 ) ;
#4309 = EDGE_CURVE ( 'NONE', #879, #2915, #1024, .T. ) ;
#4310 = VECTOR ( 'NONE', #824, 1000.000000000000000 ) ;
#4311 = CYLINDRICAL_SURFACE ( 'NONE', #5898, 2.500000000000002220 ) ;
#4312 = CIRCLE ( 'NONE', #1049, 2.000000000000001776 ) ;
#4313 = DIRECTION ( 'NONE',  ( 0.000000000000000000, 0.000000000000000000, -1.000000000000000000 ) ) ;
#4314 = EDGE_LOOP ( 'NONE', ( #1208, #84, #5057, #3142 ) ) ;
#4315 = VECTOR ( 'NONE', #7390, 1000.000000000000000 ) ;
#4316 = EDGE_LOOP ( 'NONE', ( #1991, #6847, #441, #4360 ) ) ;
#4317 = EDGE_LOOP ( 'NONE', ( #4274, #7211, #3722, #4499 ) ) ;
#4318 = ORIENTED_EDGE ( 'NONE', *, *, #7309, .F. ) ;
#4319 = CARTESIAN_POINT ( 'NONE',  ( 3.000000000000000000, 49.49747468305812959, -49.49747468305847775 ) ) ;
#4320 = CARTESIAN_POINT ( 'NONE',  ( 3.000000000000000000, -49.49747468305830722, 49.49747468305830722 ) ) ;
#4321 = AXIS2_PLACEMENT_3D ( 'NONE', #7368, #6154, #7405 ) ;
#4322 = CARTESIAN_POINT ( 'NONE',  ( 0.000000000000000000, 49.49747468305810116, -55.24747468305849907 ) ) ;
#4323 = ORIENTED_EDGE ( 'NONE', *, *, #5123, .F. ) ;
#4324 = DIRECTION ( 'NONE',  ( -1.000000000000000000, -0.000000000000000000, -0.000000000000000000 ) ) ;
#4325 = AXIS2_PLACEMENT_3D ( 'NONE', #3903, #2661, #5038 ) ;
#4326 = ORIENTED_EDGE ( 'NONE', *, *, #6339, .F. ) ;
#4327 = VERTEX_POINT ( 'NONE', #2559 ) ;
#4328 = CARTESIAN_POINT ( 'NONE',  ( 0.000000000000000000, 23.59999999999999787, 7.000000000000000000 ) ) ;
#4329 = FACE_OUTER_BOUND ( 'NONE', #396, .T. ) ;
#4330 = FACE_OUTER_BOUND ( 'NONE', #3531, .T. ) ;
#4331 = LINE ( 'NONE', #3310, #6228 ) ;
#4332 = EDGE_CURVE ( 'NONE', #434, #2680, #7269, .T. ) ;
#4333 = DIRECTION ( 'NONE',  ( 0.000000000000000000, 0.000000000000000000, -1.000000000000000000 ) ) ;
#4334 = ORIENTED_EDGE ( 'NONE', *, *, #6913, .T. ) ;
#4335 = CARTESIAN_POINT ( 'NONE',  ( 3.000000000000000000, 53.99747468305830012, 50.74747468305830722 ) ) ;
#4336 = ORIENTED_EDGE ( 'NONE', *, *, #6062, .F. ) ;
#4337 = ORIENTED_EDGE ( 'NONE', *, *, #4847, .T. ) ;
#4338 = EDGE_CURVE ( 'NONE', #7266, #6215, #1874, .T. ) ;
#4339 = SURFACE_STYLE_USAGE ( .BOTH. , #5023 ) ;
#4340 = DIRECTION ( 'NONE',  ( 1.000000000000000000, 0.000000000000000000, 0.000000000000000000 ) ) ;
#4341 = ORIENTED_EDGE ( 'NONE', *, *, #5940, .T. ) ;
#4342 = CARTESIAN_POINT ( 'NONE',  ( 0.000000000000000000, -24.93751118143356393, 9.910149536689152328 ) ) ;
#4343 = CARTESIAN_POINT ( 'NONE',  ( 3.000000000000000000, -49.49747468305860565, -44.99747468305794484 ) ) ;
#4344 = ADVANCED_FACE ( 'NONE', ( #242 ), #2483, .F. ) ;
#4345 = ORIENTED_EDGE ( 'NONE', *, *, #2404, .T. ) ;
#4346 = CARTESIAN_POINT ( 'NONE',  ( 2.999999999999999112, -19.71194434574736931, 13.32740307229165388 ) ) ;
#4347 = DIRECTION ( 'NONE',  ( 1.000000000000000000, 0.000000000000000000, 0.000000000000000000 ) ) ;
#4348 = CIRCLE ( 'NONE', #1088, 3.033234194475112222 ) ;
#4349 = VECTOR ( 'NONE', #4875, 1000.000000000000000 ) ;
#4350 = LINE ( 'NONE', #6666, #6736 ) ;
#4351 = DIRECTION ( 'NONE',  ( -1.000000000000000000, 0.000000000000000000, 0.000000000000000000 ) ) ;
#4352 = EDGE_LOOP ( 'NONE', ( #918, #886, #4238, #6663 ) ) ;
#4353 = EDGE_CURVE ( 'NONE', #2699, #7413, #2004, .T. ) ;
#4354 = ORIENTED_EDGE ( 'NONE', *, *, #814, .T. ) ;
#4355 = ORIENTED_EDGE ( 'NONE', *, *, #2535, .T. ) ;
#4356 = EDGE_LOOP ( 'NONE', ( #1410, #752, #1964, #5974 ) ) ;
#4357 = CARTESIAN_POINT ( 'NONE',  ( -10.50000000000000000, -2.701750790494729805E-16, 25.80614694161269895 ) ) ;
#4358 = DIRECTION ( 'NONE',  ( 0.000000000000000000, 0.000000000000000000, 1.000000000000000000 ) ) ;
#4359 = DIRECTION ( 'NONE',  ( -1.000000000000000000, 0.000000000000000000, 0.000000000000000000 ) ) ;
#4360 = ORIENTED_EDGE ( 'NONE', *, *, #4766, .F. ) ;
#4361 = B_SPLINE_CURVE_WITH_KNOTS ( 'NONE', 3,
 ( #7473, #5196, #36, #2 ),
 .UNSPECIFIED., .F., .F.,
 ( 4, 4 ),
 ( 0.000000000000000000, 1.000000000000000000 ),
 .UNSPECIFIED. ) ;
#4362 = CARTESIAN_POINT ( 'NONE',  ( 0.000000000000000000, 22.96286793434729034, -14.23010763080562491 ) ) ;
#4363 = ORIENTED_EDGE ( 'NONE', *, *, #4786, .T. ) ;
#4364 = ORIENTED_EDGE ( 'NONE', *, *, #2092, .F. ) ;
#4365 = DIRECTION ( 'NONE',  ( -1.000000000000000000, -0.000000000000000000, -0.000000000000000000 ) ) ;
#4366 = MANIFOLD_SOLID_BREP ( 'Fillet5[1]', #5477 ) ;
#4367 = EDGE_CURVE ( 'NONE', #1071, #1891, #1954, .T. ) ;
#4368 = CARTESIAN_POINT ( 'NONE',  ( 1.999999999999999556, 42.49929521576885350, 47.77712325740478860 ) ) ;
#4369 = DIRECTION ( 'NONE',  ( 1.000000000000000000, 0.000000000000000000, 0.000000000000000000 ) ) ;
#4370 = CARTESIAN_POINT ( 'NONE',  ( 3.000000000000002665, 28.97625932060923759, 34.23203044119551919 ) ) ;
#4371 = DIRECTION ( 'NONE',  ( 0.000000000000000000, 0.000000000000000000, -1.000000000000000000 ) ) ;
#4372 = EDGE_LOOP ( 'NONE', ( #4080, #758, #2592, #3233 ) ) ;
#4373 =( BOUNDED_SURFACE ( )  B_SPLINE_SURFACE ( 2, 3, ( 
 ( #4220, #91, #5902, #7104 ),
 ( #1343, #2474, #3009, #2441 ),
 ( #5324, #6534, #1268, #3653 ) ),
 .UNSPECIFIED., .F., .F., .F. ) 
 B_SPLINE_SURFACE_WITH_KNOTS ( ( 3, 3 ),
 ( 4, 4 ),
 ( 0.000000000000000000, 1.000000000000000000 ),
 ( 0.01682056274847710045, 0.02012056274847710130 ),
 .UNSPECIFIED. ) 
 GEOMETRIC_REPRESENTATION_ITEM ( )  RATIONAL_B_SPLINE_SURFACE ( (
 ( 1.000000000000000000, 1.000000000000000000, 1.000000000000000000, 1.000000000000000000),
 ( 0.9462846006643700347, 0.9462846006643700347, 0.9462846006643700347, 0.9462846006643700347),
 ( 1.000000000000000000, 1.000000000000000000, 1.000000000000000000, 1.000000000000000000) ) ) 
 REPRESENTATION_ITEM ( '' )  SURFACE ( )  );
#4374 = VECTOR ( 'NONE', #6997, 1000.000000000000000 ) ;
#4375 = DIRECTION ( 'NONE',  ( -1.000000000000000000, 0.000000000000000000, 0.000000000000000000 ) ) ;
#4376 = ORIENTED_EDGE ( 'NONE', *, *, #2083, .F. ) ;
#4377 =( LENGTH_UNIT ( ) NAMED_UNIT ( * ) SI_UNIT ( .MILLI., .METRE. ) );
#4378 = ADVANCED_FACE ( 'NONE', ( #1386 ), #6088, .F. ) ;
#4379 = DIRECTION ( 'NONE',  ( -1.000000000000000000, -0.000000000000000000, 0.000000000000000000 ) ) ;
#4380 = CARTESIAN_POINT ( 'NONE',  ( 47.01946062897430068, 9.000000000000000000, -50.93157033242439979 ) ) ;
#4381 = EDGE_CURVE ( 'NONE', #5976, #2540, #5150, .T. ) ;
#4382 = FACE_BOUND ( 'NONE', #850, .T. ) ;
#4383 = ORIENTED_EDGE ( 'NONE', *, *, #4292, .F. ) ;
#4384 = CARTESIAN_POINT ( 'NONE',  ( 0.000000000000000000, -44.99747468305779563, 49.49747468305880460 ) ) ;
#4385 = DIRECTION ( 'NONE',  ( 1.000000000000000000, 0.000000000000000000, 0.000000000000000000 ) ) ;
#4386 = ADVANCED_FACE ( 'NONE', ( #890 ), #5563, .F. ) ;
#4387 = DIRECTION ( 'NONE',  ( 1.000000000000000000, 0.000000000000000000, 0.000000000000000000 ) ) ;
#4388 = CIRCLE ( 'NONE', #2217, 3.000000000000002665 ) ;
#4389 = EDGE_CURVE ( 'NONE', #357, #1562, #5443, .T. ) ;
#4390 = DIRECTION ( 'NONE',  ( 1.000000000000000000, 0.000000000000000000, 0.000000000000000000 ) ) ;
#4391 = ORIENTED_EDGE ( 'NONE', *, *, #5032, .F. ) ;
#4392 = ORIENTED_EDGE ( 'NONE', *, *, #3148, .F. ) ;
#4393 = ORIENTED_EDGE ( 'NONE', *, *, #4042, .F. ) ;
#4394 = VERTEX_POINT ( 'NONE', #2106 ) ;
#4395 = CARTESIAN_POINT ( 'NONE',  ( 0.000000000000000000, -42.12145270974760081, -47.35404289052809901 ) ) ;
#4396 = DIRECTION ( 'NONE',  ( 0.000000000000000000, 0.000000000000000000, -1.000000000000000000 ) ) ;
#4397 = DIRECTION ( 'NONE',  ( 1.000000000000000000, 0.000000000000000000, 0.000000000000000000 ) ) ;
#4398 = VERTEX_POINT ( 'NONE', #3245 ) ;
#4399 = CIRCLE ( 'NONE', #1139, 5.999999999999998224 ) ;
#4400 = PLANE ( 'NONE',  #3553 ) ;
#4401 = ORIENTED_EDGE ( 'NONE', *, *, #4727, .T. ) ;
#4402 = EDGE_LOOP ( 'NONE', ( #3901, #1553, #483, #6251 ) ) ;
#4403 = DIRECTION ( 'NONE',  ( 1.000000000000000000, 0.000000000000000000, 0.000000000000000000 ) ) ;
#4404 = CARTESIAN_POINT ( 'NONE',  ( -0.9999999999999991118, -23.59999999999999787, 0.000000000000000000 ) ) ;
#4405 = CARTESIAN_POINT ( 'NONE',  ( 3.000000000000000000, -18.47724704213510094, -29.36669147240789712 ) ) ;
#4406 = VECTOR ( 'NONE', #5241, 1000.000000000000000 ) ;
#4407 = EDGE_CURVE ( 'NONE', #366, #2694, #359, .T. ) ;
#4408 = LINE ( 'NONE', #4445, #1146 ) ;
#4409 = DIRECTION ( 'NONE',  ( 0.000000000000000000, 0.000000000000000000, 1.000000000000000000 ) ) ;
#4410 = ADVANCED_FACE ( 'NONE', ( #4300 ), #6728, .F. ) ;
#4411 = ORIENTED_EDGE ( 'NONE', *, *, #5323, .F. ) ;
#4412 = FACE_BOUND ( 'NONE', #559, .T. ) ;
#4413 = DIRECTION ( 'NONE',  ( 0.000000000000000000, 0.000000000000000000, -1.000000000000000000 ) ) ;
#4414 = DIRECTION ( 'NONE',  ( 0.000000000000000000, 0.000000000000000000, -1.000000000000000000 ) ) ;
#4415 = ORIENTED_EDGE ( 'NONE', *, *, #7312, .T. ) ;
#4416 = DIRECTION ( 'NONE',  ( 0.000000000000000000, 0.000000000000000000, -1.000000000000000000 ) ) ;
#4417 = ORIENTED_EDGE ( 'NONE', *, *, #1841, .F. ) ;
#4418 = LINE ( 'NONE', #5605, #3732 ) ;
#4419 = DIRECTION ( 'NONE',  ( 1.000000000000000000, 0.000000000000000000, 0.000000000000000000 ) ) ;
#4420 = CIRCLE ( 'NONE', #2128, 3.330726836203799834 ) ;
#4421 = LINE ( 'NONE', #2758, #2424 ) ;
#4422 = EDGE_LOOP ( 'NONE', ( #2469, #1399, #4587, #4250 ) ) ;
#4423 = ADVANCED_FACE ( 'NONE', ( #7342 ), #4600, .F. ) ;
#4424 = CARTESIAN_POINT ( 'NONE',  ( 3.000000000000000888, 22.83626106214220286, -8.352646070663816147 ) ) ;
#4425 = VERTEX_POINT ( 'NONE', #5635 ) ;
#4426 = ORIENTED_EDGE ( 'NONE', *, *, #363, .T. ) ;
#4427 = DIRECTION ( 'NONE',  ( 1.000000000000000000, 0.000000000000000000, 0.000000000000000000 ) ) ;
#4428 = CIRCLE ( 'NONE', #6976, 1.000000000000000888 ) ;
#4429 = PLANE ( 'NONE',  #4710 ) ;
#4430 = DIRECTION ( 'NONE',  ( 0.000000000000000000, 0.000000000000000000, -1.000000000000000000 ) ) ;
#4431 = ADVANCED_FACE ( 'NONE', ( #4561 ), #4521, .F. ) ;
#4432 = AXIS2_PLACEMENT_3D ( 'NONE', #6441, #3550, #2346 ) ;
#4433 = ORIENTED_EDGE ( 'NONE', *, *, #760, .T. ) ;
#4434 = AXIS2_PLACEMENT_3D ( 'NONE', #3395, #5218, #587 ) ;
#4435 = B_SPLINE_CURVE_WITH_KNOTS ( 'NONE', 3,
 ( #6865, #3405, #5730, #2163 ),
 .UNSPECIFIED., .F., .F.,
 ( 4, 4 ),
 ( 0.000000000000000000, 1.000000000000000000 ),
 .UNSPECIFIED. ) ;
#4436 = DIRECTION ( 'NONE',  ( 1.000000000000000000, 0.000000000000000000, 0.000000000000000000 ) ) ;
#4437 = ORIENTED_EDGE ( 'NONE', *, *, #1425, .F. ) ;
#4438 = EDGE_LOOP ( 'NONE', ( #1661, #517, #1480, #1050 ) ) ;
#4439 = VECTOR ( 'NONE', #4769, 1000.000000000000000 ) ;
#4440 = DIRECTION ( 'NONE',  ( 0.000000000000000000, 0.000000000000000000, -1.000000000000000000 ) ) ;
#4441 = PLANE ( 'NONE',  #2018 ) ;
#4442 = CARTESIAN_POINT ( 'NONE',  ( -14.14213562373093858, -19.71194434574736931, 13.32740307229165388 ) ) ;
#4443 = DIRECTION ( 'NONE',  ( 1.000000000000000000, 0.000000000000000000, 0.000000000000000000 ) ) ;
#4444 = CIRCLE ( 'NONE', #1182, 5.999999999999998224 ) ;
#4445 = CARTESIAN_POINT ( 'NONE',  ( -8.485281374238578422, 49.49747468305830722, 51.99747468305830722 ) ) ;
#4446 = DIRECTION ( 'NONE',  ( 0.000000000000000000, 0.000000000000000000, -1.000000000000000000 ) ) ;
#4447 = ORIENTED_EDGE ( 'NONE', *, *, #2719, .T. ) ;
#4448 = ADVANCED_FACE ( 'NONE', ( #1731 ), #6845, .F. ) ;
#4449 = DIRECTION ( 'NONE',  ( 0.000000000000000000, 0.4916668203100939549, -0.8707834046455878996 ) ) ;
#4450 = CARTESIAN_POINT ( 'NONE',  ( 1.387778780781445991E-14, 8.702959901070199678, -13.62321422119828007 ) ) ;
#4451 = CARTESIAN_POINT ( 'NONE',  ( 3.000000000000000000, -37.54544509046066025, -42.77803527124108030 ) ) ;
#4452 = ORIENTED_EDGE ( 'NONE', *, *, #6799, .T. ) ;
#4453 = DIRECTION ( 'NONE',  ( 0.000000000000000000, 0.000000000000000000, 1.000000000000000000 ) ) ;
#4454 = B_SPLINE_CURVE_WITH_KNOTS ( 'NONE', 3,
 ( #7136, #1942, #1370, #7209 ),
 .UNSPECIFIED., .F., .F.,
 ( 4, 4 ),
 ( 0.000000000000000000, 1.000000000000000000 ),
 .UNSPECIFIED. ) ;
#4455 = ORIENTED_EDGE ( 'NONE', *, *, #3186, .T. ) ;
#4456 = CARTESIAN_POINT ( 'NONE',  ( 4.336808689942017736E-16, 5.258453403963066658E-16, 32.30614694161269540 ) ) ;
#4457 = CARTESIAN_POINT ( 'NONE',  ( 3.000000000000000000, 53.99747468305810116, -48.24747468305849907 ) ) ;
#4458 = AXIS2_PLACEMENT_3D ( 'NONE', #3862, #400, #2079 ) ;
#4459 = CARTESIAN_POINT ( 'NONE',  ( 0.000000000000000000, -15.00000000000000000, 17.25000000000000000 ) ) ;
#4460 = ORIENTED_EDGE ( 'NONE', *, *, #4853, .F. ) ;
#4461 = CARTESIAN_POINT ( 'NONE',  ( -7.156768276902879755, 53.99747468305810116, -49.49747468305849907 ) ) ;
#4462 = ORIENTED_EDGE ( 'NONE', *, *, #2308, .F. ) ;
#4463 = VECTOR ( 'NONE', #1347, 1000.000000000000000 ) ;
#4464 = EDGE_LOOP ( 'NONE', ( #7023, #5550, #5947, #7472 ) ) ;
#4465 = DIRECTION ( 'NONE',  ( 1.000000000000000000, 0.000000000000000000, 0.000000000000000000 ) ) ;
#4466 = CYLINDRICAL_SURFACE ( 'NONE', #5695, 1.250000000000001110 ) ;
#4467 = AXIS2_PLACEMENT_3D ( 'NONE', #5764, #66, #4580 ) ;
#4468 = DIRECTION ( 'NONE',  ( -1.000000000000000000, 0.000000000000000000, 0.000000000000000000 ) ) ;
#4469 = EDGE_CURVE ( 'NONE', #491, #953, #6886, .T. ) ;
#4470 = ORIENTED_EDGE ( 'NONE', *, *, #1758, .F. ) ;
#4471 = CARTESIAN_POINT ( 'NONE',  ( 7.049261516714922848, 30.01548678997402320, 35.27295267425144232 ) ) ;
#4472 = EDGE_CURVE ( 'NONE', #1106, #6513, #5279, .T. ) ;
#4473 = EDGE_LOOP ( 'NONE', ( #1950, #1771, #4447, #3170 ) ) ;
#4474 = ORIENTED_EDGE ( 'NONE', *, *, #7073, .T. ) ;
#4475 = DIRECTION ( 'NONE',  ( 0.000000000000000000, 0.000000000000000000, -1.000000000000000000 ) ) ;
#4476 = FACE_OUTER_BOUND ( 'NONE', #5802, .T. ) ;
#4477 = FACE_OUTER_BOUND ( 'NONE', #2929, .T. ) ;
#4478 = FACE_BOUND ( 'NONE', #4869, .T. ) ;
#4479 = CIRCLE ( 'NONE', #6406, 1.250000000000001110 ) ;
#4480 = CARTESIAN_POINT ( 'NONE',  ( 3.149999999999999911, -50.25680310855020139, 43.54571693074325367 ) ) ;
#4481 = EDGE_CURVE ( 'NONE', #5541, #1755, #1155, .T. ) ;
#4482 = DIRECTION ( 'NONE',  ( 1.000000000000000000, 0.000000000000000000, 0.000000000000000000 ) ) ;
#4483 = ORIENTED_EDGE ( 'NONE', *, *, #4597, .F. ) ;
#4484 = DIRECTION ( 'NONE',  ( 0.000000000000000000, 0.000000000000000000, -1.000000000000000000 ) ) ;
#4485 = CARTESIAN_POINT ( 'NONE',  ( 3.000000000000000000, -44.99747468305779563, 49.49747468305880460 ) ) ;
#4486 = DIRECTION ( 'NONE',  ( 1.000000000000000000, 0.000000000000000000, 0.000000000000000000 ) ) ;
#4487 = EDGE_CURVE ( 'NONE', #1645, #2759, #4036, .T. ) ;
#4488 = ORIENTED_EDGE ( 'NONE', *, *, #2433, .F. ) ;
#4489 = CARTESIAN_POINT ( 'NONE',  ( 13.59999999999999964, -2.701750790494729805E-16, 25.80614694161269895 ) ) ;
#4490 = ORIENTED_EDGE ( 'NONE', *, *, #6018, .T. ) ;
#4491 = CYLINDRICAL_SURFACE ( 'NONE', #6170, 2.000000000000001776 ) ;
#4492 = AXIS2_PLACEMENT_3D ( 'NONE', #1164, #660, #96 ) ;
#4493 = CARTESIAN_POINT ( 'NONE',  ( 3.000000000000000888, 7.443468359643278021, 24.88702846231342392 ) ) ;
#4494 = EDGE_CURVE ( 'NONE', #605, #187, #4420, .T. ) ;
#4495 = CYLINDRICAL_SURFACE ( 'NONE', #2808, 1.250000000000001110 ) ;
#4496 = ORIENTED_EDGE ( 'NONE', *, *, #3660, .T. ) ;
#4497 = EDGE_CURVE ( 'NONE', #3634, #6705, #6201, .T. ) ;
#4498 = DIRECTION ( 'NONE',  ( 0.000000000000000000, 0.000000000000000000, -1.000000000000000000 ) ) ;
#4499 = ORIENTED_EDGE ( 'NONE', *, *, #2964, .T. ) ;
#4500 = ORIENTED_EDGE ( 'NONE', *, *, #910, .T. ) ;
#4501 = CARTESIAN_POINT ( 'NONE',  ( 3.000000000000000000, -49.49747468305890408, -49.49747468305779563 ) ) ;
#4502 = DIRECTION ( 'NONE',  ( 1.000000000000000000, 0.000000000000000000, 0.000000000000000000 ) ) ;
#4503 = VECTOR ( 'NONE', #2836, 1000.000000000000000 ) ;
#4504 = DIRECTION ( 'NONE',  ( 1.000000000000000000, 0.000000000000000000, 0.000000000000000000 ) ) ;
#4505 = ORIENTED_EDGE ( 'NONE', *, *, #2692, .T. ) ;
#4506 = CIRCLE ( 'NONE', #6691, 46.22904016544200090 ) ;
#4507 = DIRECTION ( 'NONE',  ( 1.000000000000000000, 0.000000000000000000, 0.000000000000000000 ) ) ;
#4508 = VERTEX_POINT ( 'NONE', #3889 ) ;
#4509 = ORIENTED_EDGE ( 'NONE', *, *, #6240, .F. ) ;
#4510 = CARTESIAN_POINT ( 'NONE',  ( 0.000000000000000000, -22.82873173716461324, 13.35350086926487556 ) ) ;
#4511 = DIRECTION ( 'NONE',  ( 1.000000000000000000, 0.000000000000000000, 0.000000000000000000 ) ) ;
#4512 = FACE_OUTER_BOUND ( 'NONE', #3870, .T. ) ;
#4513 = FACE_BOUND ( 'NONE', #6824, .T. ) ;
#4514 = CYLINDRICAL_SURFACE ( 'NONE', #2962, 3.330726836203799834 ) ;
#4515 = DIRECTION ( 'NONE',  ( 0.000000000000000000, 0.000000000000000000, 1.000000000000000000 ) ) ;
#4516 = ORIENTED_EDGE ( 'NONE', *, *, #3035, .F. ) ;
#4517 = EDGE_CURVE ( 'NONE', #133, #6681, #3570, .T. ) ;
#4518 = DIRECTION ( 'NONE',  ( -0.000000000000000000, -0.7076826485500040675, 0.7065304444546260942 ) ) ;
#4519 = AXIS2_PLACEMENT_3D ( 'NONE', #1611, #2677, #4333 ) ;
#4520 = DIRECTION ( 'NONE',  ( 0.000000000000000000, -1.000000000000000000, 0.000000000000000000 ) ) ;
#4521 = CYLINDRICAL_SURFACE ( 'NONE', #1042, 1.250000000000001110 ) ;
#4522 = EDGE_CURVE ( 'NONE', #3990, #7419, #7450, .T. ) ;
#4523 = DIRECTION ( 'NONE',  ( 0.000000000000000000, 0.000000000000000000, -1.000000000000000000 ) ) ;
#4524 = EDGE_CURVE ( 'NONE', #1344, #2509, #3390, .T. ) ;
#4525 = CIRCLE ( 'NONE', #7327, 5.000000000000000888 ) ;
#4526 = EDGE_LOOP ( 'NONE', ( #5309, #934, #3217, #4768 ) ) ;
#4527 = VECTOR ( 'NONE', #1572, 1000.000000000000000 ) ;
#4528 = CARTESIAN_POINT ( 'NONE',  ( 3.000000000000000888, -2.701750790494729805E-16, 25.80614694161269895 ) ) ;
#4529 = EDGE_LOOP ( 'NONE', ( #1720, #3671, #6480, #216 ) ) ;
#4530 = AXIS2_PLACEMENT_3D ( 'NONE', #5953, #291, #5456 ) ;
#4531 = EDGE_CURVE ( 'NONE', #1755, #491, #5748, .T. ) ;
#4532 = CARTESIAN_POINT ( 'NONE',  ( 3.000000000000000000, -49.49747468305869802, -55.24747468305799458 ) ) ;
#4533 = LINE ( 'NONE', #6962, #1172 ) ;
#4534 = CARTESIAN_POINT ( 'NONE',  ( 0.000000000000000000, -57.29768064699647567, 49.94734338944730467 ) ) ;
#4535 = VERTEX_POINT ( 'NONE', #5171 ) ;
#4536 = DIRECTION ( 'NONE',  ( -1.000000000000000000, 0.000000000000000000, 0.000000000000000000 ) ) ;
#4537 = VERTEX_POINT ( 'NONE', #7417 ) ;
#4538 = EDGE_CURVE ( 'NONE', #2158, #3111, #6366, .T. ) ;
#4539 = ORIENTED_EDGE ( 'NONE', *, *, #1681, .T. ) ;
#4540 = DIRECTION ( 'NONE',  ( 1.000000000000000000, 0.000000000000000000, 0.000000000000000000 ) ) ;
#4541 = CARTESIAN_POINT ( 'NONE',  ( -8.485281374238578422, -49.49747468305777431, 46.99747468305881881 ) ) ;
#4542 = CARTESIAN_POINT ( 'NONE',  ( 0.000000000000000000, 44.99747468305834985, 50.74747468305830722 ) ) ;
#4543 = VERTEX_POINT ( 'NONE', #2857 ) ;
#4544 = CARTESIAN_POINT ( 'NONE',  ( -8.485281374238578422, -49.49747468305864828, -46.99747468305795195 ) ) ;
#4545 = AXIS2_PLACEMENT_3D ( 'NONE', #5014, #7335, #1318 ) ;
#4546 = ORIENTED_EDGE ( 'NONE', *, *, #7261, .F. ) ;
#4547 = VERTEX_POINT ( 'NONE', #2184 ) ;
#4548 = DIRECTION ( 'NONE',  ( 0.000000000000000000, 0.000000000000000000, -1.000000000000000000 ) ) ;
#4549 = VECTOR ( 'NONE', #3873, 1000.000000000000000 ) ;
#4550 = DIRECTION ( 'NONE',  ( 0.000000000000000000, 0.000000000000000000, -1.000000000000000000 ) ) ;
#4551 = CARTESIAN_POINT ( 'NONE',  ( 3.000000000000000000, 49.49747468305810116, -44.99747468305849196 ) ) ;
#4552 = CIRCLE ( 'NONE', #2496, 7.000000000000000000 ) ;
#4553 = DIRECTION ( 'NONE',  ( 1.000000000000000000, 0.000000000000000000, 0.000000000000000000 ) ) ;
#4554 = AXIS2_PLACEMENT_3D ( 'NONE', #6675, #3677, #1486 ) ;
#4555 = DIRECTION ( 'NONE',  ( 1.000000000000000000, 0.000000000000000000, 0.000000000000000000 ) ) ;
#4556 = VECTOR ( 'NONE', #7052, 1000.000000000000000 ) ;
#4557 = ORIENTED_EDGE ( 'NONE', *, *, #3284, .T. ) ;
#4558 = AXIS2_PLACEMENT_3D ( 'NONE', #128, #60, #7001 ) ;
#4559 = DIRECTION ( 'NONE',  ( 0.000000000000000000, 0.000000000000000000, -1.000000000000000000 ) ) ;
#4560 = DIRECTION ( 'NONE',  ( 1.000000000000000000, 0.000000000000000000, 0.000000000000000000 ) ) ;
#4561 = FACE_OUTER_BOUND ( 'NONE', #1903, .T. ) ;
#4562 = CIRCLE ( 'NONE', #3970, 5.999999999999998224 ) ;
#4563 = CARTESIAN_POINT ( 'NONE',  ( 3.000000018655151202, 28.49879045605962702, 33.82344204856754999 ) ) ;
#4564 = EDGE_CURVE ( 'NONE', #2801, #276, #3088, .T. ) ;
#4565 = DIRECTION ( 'NONE',  ( 1.000000000000000000, 0.000000000000000000, 0.000000000000000000 ) ) ;
#4566 = EDGE_CURVE ( 'NONE', #1692, #5952, #6238, .T. ) ;
#4567 = EDGE_LOOP ( 'NONE', ( #2423, #4014, #3427, #6610 ) ) ;
#4568 = AXIS2_PLACEMENT_3D ( 'NONE', #6478, #4164, #1285 ) ;
#4569 = CARTESIAN_POINT ( 'NONE',  ( 0.000000000000000000, -49.49747468305890408, -49.49747468305779563 ) ) ;
#4570 = DIRECTION ( 'NONE',  ( 0.000000000000000000, 0.000000000000000000, -1.000000000000000000 ) ) ;
#4571 = CIRCLE ( 'NONE', #697, 5.000000000000000888 ) ;
#4572 = DIRECTION ( 'NONE',  ( 0.000000000000000000, 0.000000000000000000, -1.000000000000000000 ) ) ;
#4573 = ADVANCED_FACE ( 'NONE', ( #2789 ), #5098, .F. ) ;
#4574 = ORIENTED_EDGE ( 'NONE', *, *, #6617, .T. ) ;
#4575 = DIRECTION ( 'NONE',  ( 1.000000000000000000, 0.000000000000000000, 0.000000000000000000 ) ) ;
#4576 = ORIENTED_EDGE ( 'NONE', *, *, #732, .F. ) ;
#4577 = ORIENTED_EDGE ( 'NONE', *, *, #5178, .T. ) ;
#4578 = LINE ( 'NONE', #4650, #3113 ) ;
#4579 = AXIS2_PLACEMENT_3D ( 'NONE', #976, #6779, #2651 ) ;
#4580 = DIRECTION ( 'NONE',  ( 0.000000000000000000, 0.000000000000000000, 1.000000000000000000 ) ) ;
#4581 = CARTESIAN_POINT ( 'NONE',  ( 0.000000000000000000, 42.12145270974714606, 47.35404289052760163 ) ) ;
#4582 = ORIENTED_EDGE ( 'NONE', *, *, #70, .F. ) ;
#4583 = EDGE_CURVE ( 'NONE', #5792, #2157, #1770, .T. ) ;
#4584 = LINE ( 'NONE', #674, #7014 ) ;
#4585 = AXIS2_PLACEMENT_3D ( 'NONE', #1738, #4041, #7423 ) ;
#4586 = CARTESIAN_POINT ( 'NONE',  ( 2.999999999999999112, 0.000000000000000000, -19.81566993998855253 ) ) ;
#4587 = ORIENTED_EDGE ( 'NONE', *, *, #299, .T. ) ;
#4588 = EDGE_LOOP ( 'NONE', ( #3181, #4106 ) ) ;
#4589 = CARTESIAN_POINT ( 'NONE',  ( -14.14213562373093858, -12.37182433411610738, 22.55597066360476077 ) ) ;
#4590 = LINE ( 'NONE', #6340, #4916 ) ;
#4591 = CARTESIAN_POINT ( 'NONE',  ( 3.000000000000002665, 22.80945901265407016, 7.795582449327556951 ) ) ;
#4592 = CIRCLE ( 'NONE', #968, 2.000000000000001776 ) ;
#4593 = FACE_OUTER_BOUND ( 'NONE', #2342, .T. ) ;
#4594 = VECTOR ( 'NONE', #1130, 1000.000000000000000 ) ;
#4595 = DIRECTION ( 'NONE',  ( -1.000000000000000000, 0.000000000000000000, 0.000000000000000000 ) ) ;
#4596 = VERTEX_POINT ( 'NONE', #4672 ) ;
#4597 = EDGE_CURVE ( 'NONE', #6396, #6515, #6126, .T. ) ;
#4598 = DIRECTION ( 'NONE',  ( 0.000000000000000000, 0.000000000000000000, -1.000000000000000000 ) ) ;
#4599 = CARTESIAN_POINT ( 'NONE',  ( 47.01946062897430068, -7.000000000000000000, -36.39999999999999858 ) ) ;
#4600 = CYLINDRICAL_SURFACE ( 'NONE', #4780, 4.000000000000000000 ) ;
#4601 = CARTESIAN_POINT ( 'NONE',  ( 0.9499999999999986233, -43.32950521810253264, 48.56209539888302373 ) ) ;
#4602 = CARTESIAN_POINT ( 'NONE',  ( 3.000000000000000888, -23.59999999999999787, -3.000000000000000000 ) ) ;
#4603 = VERTEX_POINT ( 'NONE', #1229 ) ;
#4604 = DIRECTION ( 'NONE',  ( 1.000000000000000000, 0.000000000000000000, 0.000000000000000000 ) ) ;
#4605 = DIRECTION ( 'NONE',  ( 1.000000000000000000, 0.000000000000000000, 0.000000000000000000 ) ) ;
#4606 = ADVANCED_FACE ( 'NONE', ( #156, #3651 ), #5825, .F. ) ;
#4607 = CARTESIAN_POINT ( 'NONE',  ( 3.000000000000000000, 35.42412474690099344, -41.89935561480072579 ) ) ;
#4608 = VERTEX_POINT ( 'NONE', #763 ) ;
#4609 = CARTESIAN_POINT ( 'NONE',  ( -10.50000000000000000, 7.347880794884119933E-15, -36.39999999999999858 ) ) ;
#4610 = ORIENTED_EDGE ( 'NONE', *, *, #560, .T. ) ;
#4611 =( BOUNDED_SURFACE ( )  B_SPLINE_SURFACE ( 2, 3, ( 
 ( #2589, #4903, #7220, #2027 ),
 ( #3196, #6878, #8, #5092 ),
 ( #3417, #1690, #2326, #5919 ) ),
 .UNSPECIFIED., .F., .F., .F. ) 
 B_SPLINE_SURFACE_WITH_KNOTS ( ( 3, 3 ),
 ( 4, 4 ),
 ( 0.000000000000000000, 1.000000000000000000 ),
 ( 0.01682056274847710045, 0.02012056274847710130 ),
 .UNSPECIFIED. ) 
 GEOMETRIC_REPRESENTATION_ITEM ( )  RATIONAL_B_SPLINE_SURFACE ( (
 ( 1.000000000000000000, 1.000000000000000000, 1.000000000000000000, 1.000000000000000000),
 ( 0.9462846006643940155, 0.9462846006643940155, 0.9462846006643940155, 0.9462846006643940155),
 ( 1.000000000000000000, 1.000000000000000000, 1.000000000000000000, 1.000000000000000000) ) ) 
 REPRESENTATION_ITEM ( '' )  SURFACE ( )  );
#4612 = EDGE_CURVE ( 'NONE', #2052, #6327, #6970, .T. ) ;
#4613 = ORIENTED_EDGE ( 'NONE', *, *, #3364, .T. ) ;
#4614 = AXIS2_PLACEMENT_3D ( 'NONE', #1006, #6242, #4991 ) ;
#4615 = CARTESIAN_POINT ( 'NONE',  ( 0.000000000000000000, -19.89295733572788194, 13.97093804329054656 ) ) ;
#4616 = CARTESIAN_POINT ( 'NONE',  ( 0.000000000000000000, 54.30119389361661320, -57.06990735657394964 ) ) ;
#4617 = CYLINDRICAL_SURFACE ( 'NONE', #6011, 2.999999999999999112 ) ;
#4618 = EDGE_CURVE ( 'NONE', #418, #792, #654, .T. ) ;
#4619 = EDGE_CURVE ( 'NONE', #6000, #7413, #6423, .T. ) ;
#4620 = EDGE_LOOP ( 'NONE', ( #5377, #4754, #6852, #6037 ) ) ;
#4621 = DIRECTION ( 'NONE',  ( 0.000000000000000000, 0.000000000000000000, -1.000000000000000000 ) ) ;
#4622 = CARTESIAN_POINT ( 'NONE',  ( 3.000000000000000000, 49.49747468305810116, -43.74747468305849907 ) ) ;
#4623 = EDGE_LOOP ( 'NONE', ( #4773, #7145 ) ) ;
#4624 = ORIENTED_EDGE ( 'NONE', *, *, #7186, .F. ) ;
#4625 = DIRECTION ( 'NONE',  ( 0.000000000000000000, 0.000000000000000000, -1.000000000000000000 ) ) ;
#4626 = CARTESIAN_POINT ( 'NONE',  ( -14.14213562373093858, 22.96286793434729034, -14.23010763080562491 ) ) ;
#4627 = LINE ( 'NONE', #568, #4527 ) ;
#4628 = CIRCLE ( 'NONE', #631, 3.033234194475119327 ) ;
#4629 = FACE_OUTER_BOUND ( 'NONE', #63, .T. ) ;
#4630 = LINE ( 'NONE', #6879, #4158 ) ;
#4631 = ORIENTED_EDGE ( 'NONE', *, *, #2113, .F. ) ;
#4632 = CARTESIAN_POINT ( 'NONE',  ( 2.050000000000000266, -50.25680310855009481, -43.54571693074265681 ) ) ;
#4633 = ADVANCED_FACE ( 'NONE', ( #122 ), #4110, .T. ) ;
#4634 = CARTESIAN_POINT ( 'NONE',  ( -17.00000000000000000, 44.99747468305834985, 49.49747468305830722 ) ) ;
#4635 = DIRECTION ( 'NONE',  ( 0.000000000000000000, 0.000000000000000000, 1.000000000000000000 ) ) ;
#4636 = DIRECTION ( 'NONE',  ( 0.000000000000000000, 0.000000000000000000, -1.000000000000000000 ) ) ;
#4637 = EDGE_CURVE ( 'NONE', #7085, #5111, #5285, .T. ) ;
#4638 = CARTESIAN_POINT ( 'NONE',  ( 3.149999999999999911, 43.54571693074285577, -50.25680310855009481 ) ) ;
#4639 = AXIS2_PLACEMENT_3D ( 'NONE', #6724, #352, #3771 ) ;
#4640 = ORIENTED_EDGE ( 'NONE', *, *, #4583, .T. ) ;
#4641 = DIRECTION ( 'NONE',  ( 0.000000000000000000, 0.000000000000000000, -1.000000000000000000 ) ) ;
#4642 = CARTESIAN_POINT ( 'NONE',  ( 0.000000000000000000, -49.49747468305830722, 49.49747468305830722 ) ) ;
#4643 = AXIS2_PLACEMENT_3D ( 'NONE', #2998, #2393, #1223 ) ;
#4644 = DIRECTION ( 'NONE',  ( -1.000000000000000000, 0.000000000000000000, 0.000000000000000000 ) ) ;
#4645 = VERTEX_POINT ( 'NONE', #694 ) ;
#4646 = AXIS2_PLACEMENT_3D ( 'NONE', #5811, #6263, #6827 ) ;
#4647 = DIRECTION ( 'NONE',  ( -1.000000000000000000, -0.000000000000000000, -0.000000000000000000 ) ) ;
#4648 = ORIENTED_EDGE ( 'NONE', *, *, #4309, .F. ) ;
#4649 = ORIENTED_EDGE ( 'NONE', *, *, #2036, .T. ) ;
#4650 = CARTESIAN_POINT ( 'NONE',  ( 3.000000000000000000, 19.99431948050905206, -14.76172929972859826 ) ) ;
#4651 = DIRECTION ( 'NONE',  ( -1.000000000000000000, 0.000000000000000000, 0.000000000000000000 ) ) ;
#4652 = CARTESIAN_POINT ( 'NONE',  ( 0.000000000000000000, -49.49747468305860565, -43.74747468305795195 ) ) ;
#4653 = FACE_BOUND ( 'NONE', #2388, .T. ) ;
#4654 = ORIENTED_EDGE ( 'NONE', *, *, #4012, .T. ) ;
#4655 = EDGE_CURVE ( 'NONE', #4508, #2206, #3214, .T. ) ;
#4656 = DIRECTION ( 'NONE',  ( 1.000000000000000000, 0.000000000000000000, 0.000000000000000000 ) ) ;
#4657 = CARTESIAN_POINT ( 'NONE',  ( 0.000000000000000000, 49.94734338944670782, 57.29768064699699437 ) ) ;
#4658 = EDGE_LOOP ( 'NONE', ( #1441, #1129 ) ) ;
#4659 = ORIENTED_EDGE ( 'NONE', *, *, #5644, .T. ) ;
#4660 = DIRECTION ( 'NONE',  ( 0.000000000000000000, 0.000000000000000000, -1.000000000000000000 ) ) ;
#4661 = EDGE_CURVE ( 'NONE', #828, #6518, #4180, .T. ) ;
#4662 = CARTESIAN_POINT ( 'NONE',  ( 3.000000000000000000, -42.30031454084609521, 47.54235134132139962 ) ) ;
#4663 = CYLINDRICAL_SURFACE ( 'NONE', #1175, 1.250000000000001110 ) ;
#4664 = ORIENTED_EDGE ( 'NONE', *, *, #1239, .F. ) ;
#4665 = COLOUR_RGB ( '',0.7921568627450980005, 0.8196078431372548767, 0.9333333333333333481 ) ;
#4666 = DIRECTION ( 'NONE',  ( 1.000000000000000000, 0.000000000000000000, 0.000000000000000000 ) ) ;
#4667 = ORIENTED_EDGE ( 'NONE', *, *, #766, .T. ) ;
#4668 = EDGE_CURVE ( 'NONE', #153, #6535, #1408, .T. ) ;
#4669 = DIRECTION ( 'NONE',  ( -1.000000000000000000, -0.000000000000000000, -0.000000000000000000 ) ) ;
#4670 = AXIS2_PLACEMENT_3D ( 'NONE', #2347, #1035, #3274 ) ;
#4671 = CARTESIAN_POINT ( 'NONE',  ( 1.000000000000000000, -42.12145270974760081, -47.35404289052809901 ) ) ;
#4672 = CARTESIAN_POINT ( 'NONE',  ( 3.000000000000002665, 35.39176575354740351, 40.65799922978155223 ) ) ;
#4673 = CARTESIAN_POINT ( 'NONE',  ( -7.156768276902879755, -52.44211924751559906, 44.26975353622955112 ) ) ;
#4674 = AXIS2_PLACEMENT_3D ( 'NONE', #5041, #6789, #4430 ) ;
#4675 = EDGE_CURVE ( 'NONE', #2204, #1701, #1909, .T. ) ;
#4676 = DIRECTION ( 'NONE',  ( -1.000000000000000000, 0.000000000000000000, 0.000000000000000000 ) ) ;
#4677 = CIRCLE ( 'NONE', #6135, 1.250000000000001110 ) ;
#4678 = VERTEX_POINT ( 'NONE', #6531 ) ;
#4679 = VECTOR ( 'NONE', #4732, 1000.000000000000000 ) ;
#4680 = FACE_OUTER_BOUND ( 'NONE', #7162, .T. ) ;
#4681 = FACE_OUTER_BOUND ( 'NONE', #5727, .T. ) ;
#4682 = LINE ( 'NONE', #4010, #1117 ) ;
#4683 = FACE_OUTER_BOUND ( 'NONE', #2495, .T. ) ;
#4684 = VERTEX_POINT ( 'NONE', #7029 ) ;
#4685 = VERTEX_POINT ( 'NONE', #1341 ) ;
#4686 = CARTESIAN_POINT ( 'NONE',  ( 47.01946062897430068, -7.000000000000000000, -53.98149148311399870 ) ) ;
#4687 = DIRECTION ( 'NONE',  ( -1.000000000000000000, 0.000000000000000000, 0.000000000000000000 ) ) ;
#4688 = VECTOR ( 'NONE', #7257, 1000.000000000000000 ) ;
#4689 = CARTESIAN_POINT ( 'NONE',  ( 0.000000000000000000, 42.12145270974714606, 47.35404289052760163 ) ) ;
#4690 = CARTESIAN_POINT ( 'NONE',  ( 3.000000000000000000, 42.25657361641111720, 47.48916379719155856 ) ) ;
#4691 = VERTEX_POINT ( 'NONE', #6954 ) ;
#4692 = DIRECTION ( 'NONE',  ( 1.000000000000000000, 0.000000000000000000, 0.000000000000000000 ) ) ;
#4693 = ORIENTED_EDGE ( 'NONE', *, *, #6435, .T. ) ;
#4694 = AXIS2_PLACEMENT_3D ( 'NONE', #5099, #15, #4636 ) ;
#4695 = ORIENTED_EDGE ( 'NONE', *, *, #1430, .F. ) ;
#4696 = CARTESIAN_POINT ( 'NONE',  ( 3.000000000000000000, 32.43195224725300818, 40.52409323593379753 ) ) ;
#4697 = DIRECTION ( 'NONE',  ( -1.000000000000000000, 0.000000000000000000, 0.000000000000000000 ) ) ;
#4698 = EDGE_CURVE ( 'NONE', #2625, #7163, #3456, .T. ) ;
#4699 = LINE ( 'NONE', #79, #49 ) ;
#4700 = EDGE_LOOP ( 'NONE', ( #1449, #3407, #6290 ) ) ;
#4701 = EDGE_CURVE ( 'NONE', #6861, #5726, #1840, .T. ) ;
#4702 = CARTESIAN_POINT ( 'NONE',  ( 1.000000000000000000, 47.35404289052780058, -42.12145270974739475 ) ) ;
#4703 = ORIENTED_EDGE ( 'NONE', *, *, #2916, .F. ) ;
#4704 = CIRCLE ( 'NONE', #3744, 3.330726836203799834 ) ;
#4705 = CARTESIAN_POINT ( 'NONE',  ( 2.050000000000000266, 50.25680310855029376, -43.54571693074365157 ) ) ;
#4706 = AXIS2_PLACEMENT_3D ( 'NONE', #1051, #7494, #4641 ) ;
#4707 = ADVANCED_FACE ( 'NONE', ( #5938 ), #6532, .T. ) ;
#4708 = PLANE ( 'NONE',  #5970 ) ;
#4709 = DIRECTION ( 'NONE',  ( 0.000000000000000000, -0.4916668203100939549, -0.8707834046455878996 ) ) ;
#4710 = AXIS2_PLACEMENT_3D ( 'NONE', #951, #7325, #485 ) ;
#4711 = ADVANCED_FACE ( 'NONE', ( #4330 ), #348, .F. ) ;
#4712 = CYLINDRICAL_SURFACE ( 'NONE', #2714, 5.000000000000000888 ) ;
#4713 = ORIENTED_EDGE ( 'NONE', *, *, #4867, .F. ) ;
#4714 = CARTESIAN_POINT ( 'NONE',  ( 13.59999999999999964, -2.701750790494729805E-16, 25.80614694161269895 ) ) ;
#4715 = DIRECTION ( 'NONE',  ( 0.000000000000000000, 0.000000000000000000, -1.000000000000000000 ) ) ;
#4716 = AXIS2_PLACEMENT_3D ( 'NONE', #4964, #2797, #3291 ) ;
#4717 = CARTESIAN_POINT ( 'NONE',  ( 0.000000000000000000, -20.41105878441630850, 10.20927782830503716 ) ) ;
#4718 = CARTESIAN_POINT ( 'NONE',  ( -17.00000000000000000, -53.99747468305779563, 49.49747468305890408 ) ) ;
#4719 = VERTEX_POINT ( 'NONE', #3687 ) ;
#4720 = EDGE_LOOP ( 'NONE', ( #2518, #5347, #6524, #46 ) ) ;
#4721 = APPLICATION_PROTOCOL_DEFINITION ( 'draft international standard', 'automotive_design', 1998, #1564 ) ;
#4722 = CARTESIAN_POINT ( 'NONE',  ( -76.30235973554010798, -7.153153898236729979, 23.55173142797270103 ) ) ;
#4723 = EDGE_CURVE ( 'NONE', #6373, #5566, #2674, .T. ) ;
#4724 = DIRECTION ( 'NONE',  ( 1.000000000000000000, 0.000000000000000000, 0.000000000000000000 ) ) ;
#4725 = CARTESIAN_POINT ( 'NONE',  ( 0.000000000000000000, 28.53655644434144989, 33.79161050105770414 ) ) ;
#4726 = ORIENTED_EDGE ( 'NONE', *, *, #4853, .T. ) ;
#4727 = EDGE_CURVE ( 'NONE', #5233, #5167, #2618, .T. ) ;
#4728 = CARTESIAN_POINT ( 'NONE',  ( 3.000000000000000000, -19.99431948050905206, -14.76172929972859826 ) ) ;
#4729 = VECTOR ( 'NONE', #3893, 1000.000000000000000 ) ;
#4730 = ORIENTED_EDGE ( 'NONE', *, *, #253, .F. ) ;
#4731 = ORIENTED_EDGE ( 'NONE', *, *, #6079, .F. ) ;
#4732 = DIRECTION ( 'NONE',  ( -1.000000000000000000, 0.000000000000000000, 0.000000000000000000 ) ) ;
#4733 = CARTESIAN_POINT ( 'NONE',  ( 3.000000000000000000, 47.47856531120698520, 42.24282625719489914 ) ) ;
#4734 = DIRECTION ( 'NONE',  ( -1.000000000000000000, 0.000000000000000000, 0.000000000000000000 ) ) ;
#4735 = AXIS2_PLACEMENT_3D ( 'NONE', #7391, #4390, #7279 ) ;
#4736 = ORIENTED_EDGE ( 'NONE', *, *, #2607, .T. ) ;
#4737 = CARTESIAN_POINT ( 'NONE',  ( 3.000000000000000000, 47.35404289052780058, -42.12145270974734501 ) ) ;
#4738 = ORIENTED_EDGE ( 'NONE', *, *, #4668, .F. ) ;
#4739 = EDGE_LOOP ( 'NONE', ( #7170, #2585, #6207, #5992 ) ) ;
#4740 = CARTESIAN_POINT ( 'NONE',  ( 2.999999999999999112, -22.82873173716461324, 13.35350086926487556 ) ) ;
#4741 = DIRECTION ( 'NONE',  ( -1.000000000000000000, 0.000000000000000000, 0.000000000000000000 ) ) ;
#4742 = DIRECTION ( 'NONE',  ( -1.000000000000000000, -0.000000000000000000, -0.000000000000000000 ) ) ;
#4743 = VECTOR ( 'NONE', #3868, 1000.000000000000000 ) ;
#4744 = B_SPLINE_CURVE_WITH_KNOTS ( 'NONE', 3,
 ( #606, #3446, #2355, #1792 ),
 .UNSPECIFIED., .F., .F.,
 ( 4, 4 ),
 ( 0.03007648256163745690, 1.000000000000000222 ),
 .UNSPECIFIED. ) ;
#4745 = EDGE_CURVE ( 'NONE', #6734, #4162, #6488, .T. ) ;
#4746 = DIRECTION ( 'NONE',  ( 1.000000000000000000, 0.000000000000000000, 0.000000000000000000 ) ) ;
#4747 = VERTEX_POINT ( 'NONE', #4902 ) ;
#4748 = EDGE_CURVE ( 'NONE', #4685, #38, #3573, .T. ) ;
#4749 = DIRECTION ( 'NONE',  ( 0.000000000000000000, 0.000000000000000000, -1.000000000000000000 ) ) ;
#4750 = LINE ( 'NONE', #1310, #3227 ) ;
#4751 = FACE_BOUND ( 'NONE', #6613, .T. ) ;
#4753 = ADVANCED_FACE ( 'NONE', ( #7258 ), #3156, .T. ) ;
#4752 = FACE_BOUND ( 'NONE', #3991, .T. ) ;
#4754 = ORIENTED_EDGE ( 'NONE', *, *, #6250, .T. ) ;
#4755 = EDGE_LOOP ( 'NONE', ( #5376, #4275, #3249, #5965 ) ) ;
#4756 = DIRECTION ( 'NONE',  ( 1.000000000000000000, 0.000000000000000000, 0.000000000000000000 ) ) ;
#4757 = CARTESIAN_POINT ( 'NONE',  ( -0.9999999999999991118, 7.347880794884119933E-15, -42.39999999999999858 ) ) ;
#4758 = AXIS2_PLACEMENT_3D ( 'NONE', #3347, #500, #1726 ) ;
#4759 = CARTESIAN_POINT ( 'NONE',  ( 0.000000000000000000, 42.12145270974714606, 47.35404289052760163 ) ) ;
#4760 = CARTESIAN_POINT ( 'NONE',  ( 3.000000000000000000, -54.51483676556769353, 46.20717412946359559 ) ) ;
#4761 = AXIS2_PLACEMENT_3D ( 'NONE', #7291, #7329, #6072 ) ;
#4762 = ORIENTED_EDGE ( 'NONE', *, *, #675, .F. ) ;
#4763 = EDGE_CURVE ( 'NONE', #6820, #2019, #799, .T. ) ;
#4764 = CARTESIAN_POINT ( 'NONE',  ( 3.000000000000000000, -14.76172929972859826, 19.99431948050905206 ) ) ;
#4765 = ORIENTED_EDGE ( 'NONE', *, *, #4847, .F. ) ;
#4766 = EDGE_CURVE ( 'NONE', #6215, #975, #6647, .T. ) ;
#4767 = EDGE_LOOP ( 'NONE', ( #1868, #2959, #583, #3179 ) ) ;
#4768 = ORIENTED_EDGE ( 'NONE', *, *, #6168, .F. ) ;
#4769 = DIRECTION ( 'NONE',  ( 1.000000000000000000, 0.000000000000000000, 0.000000000000000000 ) ) ;
#4770 = CARTESIAN_POINT ( 'NONE',  ( 0.000000000000000000, 2.800000000000001599, -42.81560597293817949 ) ) ;
#4771 = VECTOR ( 'NONE', #5415, 1000.000000000000000 ) ;
#4772 = CARTESIAN_POINT ( 'NONE',  ( 0.000000000000000000, -11.00000000000000000, -37.97687999291370176 ) ) ;
#4773 = ORIENTED_EDGE ( 'NONE', *, *, #2092, .T. ) ;
#4774 = CARTESIAN_POINT ( 'NONE',  ( 0.000000000000000000, 46.20717412946309821, 54.51483676556819802 ) ) ;
#4775 = EDGE_LOOP ( 'NONE', ( #5074, #4654, #3656, #5193 ) ) ;
#4776 = ORIENTED_EDGE ( 'NONE', *, *, #4338, .T. ) ;
#4777 = DIRECTION ( 'NONE',  ( 1.000000000000000000, 0.000000000000000000, 0.000000000000000000 ) ) ;
#4778 = CARTESIAN_POINT ( 'NONE',  ( 3.000000000000000000, 20.70741139360496064, -15.47482121282450862 ) ) ;
#4779 = DIRECTION ( 'NONE',  ( 0.000000000000000000, 0.000000000000000000, -1.000000000000000000 ) ) ;
#4780 = AXIS2_PLACEMENT_3D ( 'NONE', #428, #2824, #6350 ) ;
#4781 = CARTESIAN_POINT ( 'NONE',  ( 3.000000000000000000, -49.49747468305790221, 44.99747468305884723 ) ) ;
#4782 = ORIENTED_EDGE ( 'NONE', *, *, #4381, .T. ) ;
#4783 = EDGE_LOOP ( 'NONE', ( #5649, #4363, #1299, #5865, #4937, #893, #5479, #7340, #6213, #677, #4908, #6545, #3339, #5772, #7301, #173, #4095, #1596, #3, #1358, #6785, #5242, #7056, #3525, #2102, #7394, #6817, #7464, #6122, #2726, #374, #6517, #7288, #4726, #337, #837, #6181, #7275, #5109, #4894, #4345, #1830, #5402, #6437, #3692, #3596, #295, #7153, #1181, #945, #5782, #4858, #7137, #1431, #472, #3554, #2222, #2510, #4986, #2442, #6598, #1107, #7318, #2186, #6172, #5744, #3856, #2847, #3301, #2549, #3559, #2224, #7328, #1526, #1095, #673, #1543, #4175, #5066, #5518, #829, #2794, #3411, #4213, #3961, #6447, #5358, #3486, #1481, #1131, #3710, #4649, #7330, #2800, #1251 ) ) ;
#4784 = AXIS2_PLACEMENT_3D ( 'NONE', #1280, #4093, #1856 ) ;
#4785 = CARTESIAN_POINT ( 'NONE',  ( 0.000000000000000000, 15.47482121282450862, 20.70741139360496064 ) ) ;
#4786 = EDGE_CURVE ( 'NONE', #2038, #5332, #2136, .T. ) ;
#4787 = CARTESIAN_POINT ( 'NONE',  ( 0.000000000000000000, 57.06990735657345226, 54.30119389361710347 ) ) ;
#4788 = CIRCLE ( 'NONE', #1286, 1.250000000000001110 ) ;
#4789 = ORIENTED_EDGE ( 'NONE', *, *, #2721, .F. ) ;
#4790 = DIRECTION ( 'NONE',  ( -1.000000000000000000, 0.000000000000000000, 0.000000000000000000 ) ) ;
#4791 = EDGE_CURVE ( 'NONE', #6644, #5259, #5039, .T. ) ;
#4792 = AXIS2_PLACEMENT_3D ( 'NONE', #298, #1939, #6147 ) ;
#4793 = AXIS2_PLACEMENT_3D ( 'NONE', #7441, #2245, #4548 ) ;
#4794 = LINE ( 'NONE', #2527, #6470 ) ;
#4795 = EDGE_LOOP ( 'NONE', ( #3723, #6399 ) ) ;
#4796 = FACE_OUTER_BOUND ( 'NONE', #6634, .T. ) ;
#4797 = DIRECTION ( 'NONE',  ( 1.000000000000000000, -0.000000000000000000, -0.000000000000000000 ) ) ;
#4798 = DIRECTION ( 'NONE',  ( 0.000000000000000000, 0.000000000000000000, -1.000000000000000000 ) ) ;
#4799 = CIRCLE ( 'NONE', #2752, 1.250000000000001110 ) ;
#4800 = EDGE_CURVE ( 'NONE', #418, #1269, #5892, .T. ) ;
#4801 = ORIENTED_EDGE ( 'NONE', *, *, #4069, .F. ) ;
#4802 = FACE_OUTER_BOUND ( 'NONE', #7182, .T. ) ;
#4803 = ORIENTED_EDGE ( 'NONE', *, *, #42, .T. ) ;
#4804 = VERTEX_POINT ( 'NONE', #6605 ) ;
#4805 = ORIENTED_EDGE ( 'NONE', *, *, #4524, .F. ) ;
#4806 = ORIENTED_EDGE ( 'NONE', *, *, #5153, .F. ) ;
#4807 = AXIS2_PLACEMENT_3D ( 'NONE', #2565, #4756, #2531 ) ;
#4808 = DIRECTION ( 'NONE',  ( 0.000000000000000000, 0.000000000000000000, -1.000000000000000000 ) ) ;
#4809 = PLANE ( 'NONE',  #604 ) ;
#4810 = CARTESIAN_POINT ( 'NONE',  ( 47.01946062897430068, -9.000000000000000000, -50.93157033242439979 ) ) ;
#4811 = AXIS2_PLACEMENT_3D ( 'NONE', #6, #7053, #682 ) ;
#4812 = EDGE_CURVE ( 'NONE', #4859, #3875, #5513, .T. ) ;
#4813 = ORIENTED_EDGE ( 'NONE', *, *, #1619, .T. ) ;
#4814 = CIRCLE ( 'NONE', #354, 2.000000000000001776 ) ;
#4815 = FACE_OUTER_BOUND ( 'NONE', #6073, .T. ) ;
#4816 = ORIENTED_EDGE ( 'NONE', *, *, #4077, .F. ) ;
#4817 = ORIENTED_EDGE ( 'NONE', *, *, #5141, .F. ) ;
#4818 = DIRECTION ( 'NONE',  ( 1.000000000000000000, 0.000000000000000000, 0.000000000000000000 ) ) ;
#4819 = DIRECTION ( 'NONE',  ( -1.000000000000000000, 0.000000000000000000, 0.000000000000000000 ) ) ;
#4821 = CYLINDRICAL_SURFACE ( 'NONE', #2741, 51.90408133456030271 ) ;
#4820 = AXIS2_PLACEMENT_3D ( 'NONE', #4960, #328, #1474 ) ;
#4822 = ADVANCED_FACE ( 'NONE', ( #6722 ), #3769, .F. ) ;
#4823 = CIRCLE ( 'NONE', #1812, 1.250000000000001110 ) ;
#4824 = CARTESIAN_POINT ( 'NONE',  ( 2.999999999999999112, 19.89295733572788194, 13.97093804329054656 ) ) ;
#4825 = ADVANCED_FACE ( 'NONE', ( #6041 ), #5434, .F. ) ;
#4826 = EDGE_LOOP ( 'NONE', ( #1487, #3793, #956, #1400 ) ) ;
#4827 = VECTOR ( 'NONE', #5682, 1000.000000000000000 ) ;
#4828 = CARTESIAN_POINT ( 'NONE',  ( 0.000000000000000000, -44.99747468305869802, -50.74747468305800169 ) ) ;
#4829 = ORIENTED_EDGE ( 'NONE', *, *, #2835, .T. ) ;
#4830 = AXIS2_PLACEMENT_3D ( 'NONE', #3092, #783, #6664 ) ;
#4831 = DIRECTION ( 'NONE',  ( 0.000000000000000000, 0.000000000000000000, -1.000000000000000000 ) ) ;
#4832 = DIRECTION ( 'NONE',  ( 0.000000000000000000, 0.000000000000000000, -1.000000000000000000 ) ) ;
#4833 = AXIS2_PLACEMENT_3D ( 'NONE', #464, #1654, #6276 ) ;
#4834 = ORIENTED_EDGE ( 'NONE', *, *, #1902, .T. ) ;
#4835 = DIRECTION ( 'NONE',  ( 0.000000000000000000, 0.7071067811865480168, 0.7071067811865470176 ) ) ;
#4836 = AXIS2_PLACEMENT_3D ( 'NONE', #2340, #1818, #2378 ) ;
#4837 = DIRECTION ( 'NONE',  ( 0.000000000000000000, 0.000000000000000000, -1.000000000000000000 ) ) ;
#4838 = ORIENTED_EDGE ( 'NONE', *, *, #5599, .F. ) ;
#4839 = CARTESIAN_POINT ( 'NONE',  ( 0.000000000000000000, -49.94734338944643781, -57.29768064699739938 ) ) ;
#4840 = DIRECTION ( 'NONE',  ( 0.000000000000000000, 0.000000000000000000, -1.000000000000000000 ) ) ;
#4841 = CARTESIAN_POINT ( 'NONE',  ( -76.30235973554010798, 23.59999999999999787, 7.000000000000000000 ) ) ;
#4842 = ADVANCED_FACE ( 'NONE', ( #3194 ), #4821, .F. ) ;
#4843 = VECTOR ( 'NONE', #2461, 1000.000000000000000 ) ;
#4844 = VERTEX_POINT ( 'NONE', #1416 ) ;
#4845 = CARTESIAN_POINT ( 'NONE',  ( 0.000000000000000000, -9.332174861821640022, 12.63835602176123984 ) ) ;
#4846 = ORIENTED_EDGE ( 'NONE', *, *, #2652, .T. ) ;
#4847 = EDGE_CURVE ( 'NONE', #2148, #982, #227, .T. ) ;
#4848 = ORIENTED_EDGE ( 'NONE', *, *, #4172, .F. ) ;
#4849 = ORIENTED_EDGE ( 'NONE', *, *, #3601, .F. ) ;
#4850 = ORIENTED_EDGE ( 'NONE', *, *, #5006, .T. ) ;
#4851 = CARTESIAN_POINT ( 'NONE',  ( 3.000000000000000000, 9.797175077751791861, -52.76583091789510149 ) ) ;
#4852 = CARTESIAN_POINT ( 'NONE',  ( -10.50000000000000000, -23.59999999999999787, 0.000000000000000000 ) ) ;
#4853 = EDGE_CURVE ( 'NONE', #5009, #3218, #3221, .T. ) ;
#4854 = DIRECTION ( 'NONE',  ( 0.000000000000000000, 0.000000000000000000, 1.000000000000000000 ) ) ;
#4855 = EDGE_CURVE ( 'NONE', #2467, #664, #5091, .T. ) ;
#4856 = VERTEX_POINT ( 'NONE', #7408 ) ;
#4857 = CARTESIAN_POINT ( 'NONE',  ( -10.54965975761836283, -57.03070887753381868, -49.49747468305781695 ) ) ;
#4858 = ORIENTED_EDGE ( 'NONE', *, *, #1336, .T. ) ;
#4859 = VERTEX_POINT ( 'NONE', #3520 ) ;
#4860 = CYLINDRICAL_SURFACE ( 'NONE', #5203, 5.999999999999998224 ) ;
#4861 = EDGE_CURVE ( 'NONE', #4608, #2710, #2978, .T. ) ;
#4862 = AXIS2_PLACEMENT_3D ( 'NONE', #704, #282, #130 ) ;
#4863 = CYLINDRICAL_SURFACE ( 'NONE', #1069, 2.000000000000001776 ) ;
#4864 = CARTESIAN_POINT ( 'NONE',  ( 0.000000000000000000, 53.99747468305830012, 49.49747468305830722 ) ) ;
#4865 = DIRECTION ( 'NONE',  ( -1.000000000000000000, -0.000000000000000000, -0.000000000000000000 ) ) ;
#4866 = EDGE_LOOP ( 'NONE', ( #1672, #1944 ) ) ;
#4867 = EDGE_CURVE ( 'NONE', #4537, #4967, #6129, .T. ) ;
#4868 = DIRECTION ( 'NONE',  ( 0.000000000000000000, 0.000000000000000000, -1.000000000000000000 ) ) ;
#4869 = EDGE_LOOP ( 'NONE', ( #5372, #515 ) ) ;
#4870 = PRODUCT_DEFINITION_CONTEXT ( 'detailed design', #633, 'design' ) ;
#4871 = CARTESIAN_POINT ( 'NONE',  ( 0.000000000000000000, 7.000000000000000000, -53.98149148311399870 ) ) ;
#4872 = CARTESIAN_POINT ( 'NONE',  ( 1.999999999999999556, -42.30026610687183108, 47.54239527878463178 ) ) ;
#4873 = AXIS2_PLACEMENT_3D ( 'NONE', #5244, #2436, #6494 ) ;
#4874 = CARTESIAN_POINT ( 'NONE',  ( -1.056581599831130104E-17, -47.77712100199649825, 42.49929662229980210 ) ) ;
#4875 = DIRECTION ( 'NONE',  ( 1.000000000000000000, 0.000000000000000000, 0.000000000000000000 ) ) ;
#4876 = EDGE_LOOP ( 'NONE', ( #2965, #219, #1381, #905, #5519, #4171, #2086, #3574, #1029 ) ) ;
#4877 = DIRECTION ( 'NONE',  ( 0.000000000000000000, 0.000000000000000000, -1.000000000000000000 ) ) ;
#4878 = DIRECTION ( 'NONE',  ( 1.000000000000000000, 0.000000000000000000, 0.000000000000000000 ) ) ;
#4879 = CARTESIAN_POINT ( 'NONE',  ( -17.00000000000000000, -49.49747468305869802, -53.99747468305799458 ) ) ;
#4880 = CARTESIAN_POINT ( 'NONE',  ( 0.000000000000000000, 57.29768064699682384, -49.94734338944691387 ) ) ;
#4881 = PLANE ( 'NONE',  #5139 ) ;
#4882 = EDGE_LOOP ( 'NONE', ( #4883, #2475, #5429, #4574 ) ) ;
#4883 = ORIENTED_EDGE ( 'NONE', *, *, #791, .F. ) ;
#4884 = ORIENTED_EDGE ( 'NONE', *, *, #2260, .T. ) ;
#4885 = CIRCLE ( 'NONE', #1504, 2.500000000000002220 ) ;
#4886 = EDGE_LOOP ( 'NONE', ( #4192, #947, #6704, #1242 ) ) ;
#4887 = CARTESIAN_POINT ( 'NONE',  ( 13.97916671389920040, -33.48152016528995034, 41.35336850531110287 ) ) ;
#4888 = DIRECTION ( 'NONE',  ( 0.000000000000000000, -0.4916668203100939549, 0.8707834046455878996 ) ) ;
#4889 = CYLINDRICAL_SURFACE ( 'NONE', #2626, 5.000000000000000888 ) ;
#4890 = CIRCLE ( 'NONE', #1630, 3.033234194475119327 ) ;
#4891 = EDGE_CURVE ( 'NONE', #3802, #4097, #4428, .T. ) ;
#4892 = CIRCLE ( 'NONE', #4163, 1.250000000000001110 ) ;
#4893 = CIRCLE ( 'NONE', #2594, 2.000000000000001776 ) ;
#4894 = ORIENTED_EDGE ( 'NONE', *, *, #2859, .T. ) ;
#4895 = LINE ( 'NONE', #5008, #6832 ) ;
#4896 = EDGE_CURVE ( 'NONE', #6659, #2317, #2211, .T. ) ;
#4897 = ORIENTED_EDGE ( 'NONE', *, *, #438, .T. ) ;
#4898 = AXIS2_PLACEMENT_3D ( 'NONE', #3752, #4351, #7082 ) ;
#4899 = ORIENTED_EDGE ( 'NONE', *, *, #2147, .T. ) ;
#4900 = DIRECTION ( 'NONE',  ( -1.000000000000000000, 0.000000000000000000, 0.000000000000000000 ) ) ;
#4901 = CARTESIAN_POINT ( 'NONE',  ( -10.50000000000000000, -2.701750790494729805E-16, 25.80614694161269895 ) ) ;
#4902 = CARTESIAN_POINT ( 'NONE',  ( 3.000000000000000000, -20.70741139360497485, -15.47482121282451750 ) ) ;
#4903 = CARTESIAN_POINT ( 'NONE',  ( 0.9499999999999999556, -43.54571693074385763, -50.25680310855029376 ) ) ;
#4904 = ADVANCED_FACE ( 'NONE', ( #995, #6761, #3309, #5627, #4513, #68, #31, #422, #3381, #2739, #6972, #5265, #2176, #3343, #6230, #4653, #5053, #5843, #1649, #7372, #4478, #6798, #1825, #635, #962, #1784, #5592, #3956, #387, #6270, #3914, #1076 ), #5667, .F. ) ;
#4905 = CARTESIAN_POINT ( 'NONE',  ( -16.97056274847710000, -49.49747468305830722, 49.49747468305830722 ) ) ;
#4906 = ORIENTED_EDGE ( 'NONE', *, *, #11, .T. ) ;
#4907 = CARTESIAN_POINT ( 'NONE',  ( 3.000000000000000000, -47.35404289052669924, -42.12145270974625078 ) ) ;
#4908 = ORIENTED_EDGE ( 'NONE', *, *, #3467, .T. ) ;
#4909 = EDGE_LOOP ( 'NONE', ( #5156, #5923 ) ) ;
#4910 = CARTESIAN_POINT ( 'NONE',  ( 0.000000000000000000, -5.332174861821640022, -11.46965711278945932 ) ) ;
#4911 = DIRECTION ( 'NONE',  ( 1.000000000000000000, 0.000000000000000000, 0.000000000000000000 ) ) ;
#4912 = EDGE_CURVE ( 'NONE', #4239, #108, #1214, .T. ) ;
#4913 = DIRECTION ( 'NONE',  ( 1.000000000000000000, 0.000000000000000000, 0.000000000000000000 ) ) ;
#4914 = VECTOR ( 'NONE', #6475, 999.9999999999998863 ) ;
#4915 = DIRECTION ( 'NONE',  ( 0.000000000000000000, 0.000000000000000000, -1.000000000000000000 ) ) ;
#4916 = VECTOR ( 'NONE', #1145, 999.9999999999998863 ) ;
#4917 = VERTEX_POINT ( 'NONE', #2708 ) ;
#4918 = CYLINDRICAL_SURFACE ( 'NONE', #4830, 5.000000000000000888 ) ;
#4919 = FACE_OUTER_BOUND ( 'NONE', #4882, .T. ) ;
#4920 = CIRCLE ( 'NONE', #3101, 5.999999999999998224 ) ;
#4921 = CARTESIAN_POINT ( 'NONE',  ( 0.000000000000000000, 47.47855930325302865, 42.24281976426500052 ) ) ;
#4922 = AXIS2_PLACEMENT_3D ( 'NONE', #1031, #3843, #4475 ) ;
#4923 = CARTESIAN_POINT ( 'NONE',  ( 2.999999999999999112, 57.03070887753347051, 49.49747468305820064 ) ) ;
#4924 = EDGE_LOOP ( 'NONE', ( #2556, #4730, #6452, #2529 ) ) ;
#4926 = EDGE_CURVE ( 'NONE', #2293, #2925, #432, .T. ) ;
#4925 = AXIS2_PLACEMENT_3D ( 'NONE', #5294, #6431, #3578 ) ;
#4927 = ORIENTED_EDGE ( 'NONE', *, *, #4727, .F. ) ;
#4928 = VERTEX_POINT ( 'NONE', #2420 ) ;
#4929 = ORIENTED_EDGE ( 'NONE', *, *, #7317, .T. ) ;
#4930 = DIRECTION ( 'NONE',  ( 1.000000000000000000, 0.000000000000000000, 0.000000000000000000 ) ) ;
#4931 = DIRECTION ( 'NONE',  ( 0.000000000000000000, 0.000000000000000000, -1.000000000000000000 ) ) ;
#4932 = CIRCLE ( 'NONE', #448, 2.500000000000002220 ) ;
#4933 = DIRECTION ( 'NONE',  ( 0.000000000000000000, 8.673617379884035472E-16, -1.000000000000000000 ) ) ;
#4934 = ORIENTED_EDGE ( 'NONE', *, *, #3460, .T. ) ;
#4935 = LINE ( 'NONE', #5548, #775 ) ;
#4936 = VECTOR ( 'NONE', #6472, 1000.000000000000000 ) ;
#4937 = ORIENTED_EDGE ( 'NONE', *, *, #3834, .T. ) ;
#4938 = VERTEX_POINT ( 'NONE', #172 ) ;
#4939 = ADVANCED_FACE ( 'NONE', ( #104 ), #1281, .F. ) ;
#4940 = CARTESIAN_POINT ( 'NONE',  ( 0.000000000000000000, 49.49747468305830722, 53.99747468305830012 ) ) ;
#4941 = LINE ( 'NONE', #2064, #4688 ) ;
#4942 = DIRECTION ( 'NONE',  ( 0.000000000000000000, 0.000000000000000000, 1.000000000000000000 ) ) ;
#4943 = VECTOR ( 'NONE', #268, 1000.000000000000000 ) ;
#4944 = ADVANCED_FACE ( 'NONE', ( #7197, #3705 ), #5951, .T. ) ;
#4945 = CYLINDRICAL_SURFACE ( 'NONE', #7190, 2.000000000000001776 ) ;
#4946 = DIRECTION ( 'NONE',  ( 1.000000000000000000, 0.000000000000000000, 0.000000000000000000 ) ) ;
#4947 = EDGE_LOOP ( 'NONE', ( #1169, #7503 ) ) ;
#4948 = EDGE_CURVE ( 'NONE', #3937, #5762, #1926, .T. ) ;
#4949 = CARTESIAN_POINT ( 'NONE',  ( -0.9999999999999991118, -23.59999999999999787, 6.000000000000000888 ) ) ;
#4950 = ORIENTED_EDGE ( 'NONE', *, *, #3834, .F. ) ;
#4951 = ORIENTED_EDGE ( 'NONE', *, *, #2865, .T. ) ;
#4952 = ADVANCED_FACE ( 'NONE', ( #3137 ), #7120, .F. ) ;
#4953 = DIRECTION ( 'NONE',  ( 0.000000000000000000, 0.000000000000000000, -1.000000000000000000 ) ) ;
#4954 = CIRCLE ( 'NONE', #7134, 1.250000000000001110 ) ;
#4955 =( BOUNDED_SURFACE ( )  B_SPLINE_SURFACE ( 2, 3, ( 
 ( #5208, #1728, #4034, #6346 ),
 ( #1765, #1153, #3455, #12 ),
 ( #2329, #6384, #4632, #6950 ) ),
 .UNSPECIFIED., .F., .F., .F. ) 
 B_SPLINE_SURFACE_WITH_KNOTS ( ( 3, 3 ),
 ( 4, 4 ),
 ( 0.000000000000000000, 1.000000000000000000 ),
 ( 0.01682056274847710045, 0.02012056274847710130 ),
 .UNSPECIFIED. ) 
 GEOMETRIC_REPRESENTATION_ITEM ( )  RATIONAL_B_SPLINE_SURFACE ( (
 ( 1.000000000000000000, 1.000000000000000000, 1.000000000000000000, 1.000000000000000000),
 ( 0.9462846006643580443, 0.9462846006643580443, 0.9462846006643580443, 0.9462846006643580443),
 ( 1.000000000000000000, 1.000000000000000000, 1.000000000000000000, 1.000000000000000000) ) ) 
 REPRESENTATION_ITEM ( '' )  SURFACE ( )  );
#4956 = DIRECTION ( 'NONE',  ( 1.000000000000000000, 0.000000000000000000, 0.000000000000000000 ) ) ;
#4957 = FACE_BOUND ( 'NONE', #3328, .T. ) ;
#4958 = EDGE_LOOP ( 'NONE', ( #6614, #220, #907, #5873 ) ) ;
#4959 = DIRECTION ( 'NONE',  ( 1.000000000000000000, 0.000000000000000000, 0.000000000000000000 ) ) ;
#4960 = CARTESIAN_POINT ( 'NONE',  ( -16.97056274847710000, 49.49747468305800169, -49.49747468305869802 ) ) ;
#4961 = CIRCLE ( 'NONE', #2647, 1.250000000000001110 ) ;
#4962 = AXIS2_PLACEMENT_3D ( 'NONE', #4305, #283, #6621 ) ;
#4963 = DIRECTION ( 'NONE',  ( 0.000000000000000000, 0.000000000000000000, -1.000000000000000000 ) ) ;
#4964 = CARTESIAN_POINT ( 'NONE',  ( 3.000000000000000888, 15.00000000000000000, 15.00000000000000000 ) ) ;
#4965 = VERTEX_POINT ( 'NONE', #4725 ) ;
#4966 = ORIENTED_EDGE ( 'NONE', *, *, #3712, .F. ) ;
#4967 = VERTEX_POINT ( 'NONE', #1963 ) ;
#4968 = EDGE_CURVE ( 'NONE', #4691, #4183, #6611, .T. ) ;
#4969 = ORIENTED_EDGE ( 'NONE', *, *, #3541, .T. ) ;
#4970 = DIRECTION ( 'NONE',  ( 1.000000000000000000, 0.000000000000000000, 0.000000000000000000 ) ) ;
#4971 = DIRECTION ( 'NONE',  ( 1.000000000000000000, 0.000000000000000000, 0.000000000000000000 ) ) ;
#4972 = CARTESIAN_POINT ( 'NONE',  ( 0.000000000000000000, 19.71194434574736931, 13.32740307229165566 ) ) ;
#4973 = EDGE_CURVE ( 'NONE', #2627, #6066, #139, .T. ) ;
#4974 = ORIENTED_EDGE ( 'NONE', *, *, #621, .F. ) ;
#4975 = LINE ( 'NONE', #6599, #2112 ) ;
#4976 = ORIENTED_EDGE ( 'NONE', *, *, #7219, .T. ) ;
#4977 = ORIENTED_EDGE ( 'NONE', *, *, #5530, .F. ) ;
#4978 = LINE ( 'NONE', #7294, #6016 ) ;
#4979 = CARTESIAN_POINT ( 'NONE',  ( 0.000000000000000000, 11.00000000000000000, -47.88164918173480089 ) ) ;
#4980 = CARTESIAN_POINT ( 'NONE',  ( 1.499999999999997780, 19.96288625273713180, -14.24059142799413991 ) ) ;
#4981 = CARTESIAN_POINT ( 'NONE',  ( 0.000000000000000000, 22.53911095319579161, 12.32384491566664941 ) ) ;
#4982 = CARTESIAN_POINT ( 'NONE',  ( -7.156768276902879755, -46.20717412946349612, -54.51483676556789959 ) ) ;
#4983 = ORIENTED_EDGE ( 'NONE', *, *, #3861, .T. ) ;
#4984 = AXIS2_PLACEMENT_3D ( 'NONE', #816, #1880, #4188 ) ;
#4985 = PLANE ( 'NONE',  #3010 ) ;
#4986 = ORIENTED_EDGE ( 'NONE', *, *, #5101, .F. ) ;
#4987 = DIRECTION ( 'NONE',  ( 1.000000000000000000, 0.000000000000000000, 0.000000000000000000 ) ) ;
#4988 = AXIS2_PLACEMENT_3D ( 'NONE', #6926, #2979, #623 ) ;
#4989 = ADVANCED_FACE ( 'NONE', ( #3094 ), #6256, .F. ) ;
#4990 = EDGE_LOOP ( 'NONE', ( #1364, #7005 ) ) ;
#4991 = DIRECTION ( 'NONE',  ( 0.000000000000000000, 0.000000000000000000, -1.000000000000000000 ) ) ;
#4992 = ADVANCED_FACE ( 'NONE', ( #1857 ), #2534, .T. ) ;
#4993 = ORIENTED_EDGE ( 'NONE', *, *, #2580, .T. ) ;
#4994 = LINE ( 'NONE', #1589, #1563 ) ;
#4995 = CARTESIAN_POINT ( 'NONE',  ( 0.000000000000000000, 47.41578953871466240, 42.18319935793419262 ) ) ;
#4996 = CARTESIAN_POINT ( 'NONE',  ( -0.9999999999999991118, 7.347880794884119933E-15, -36.39999999999999858 ) ) ;
#4997 = EDGE_CURVE ( 'NONE', #1143, #2942, #5879, .T. ) ;
#4998 = EDGE_LOOP ( 'NONE', ( #2353, #5875, #4624, #3690 ) ) ;
#4999 = DIRECTION ( 'NONE',  ( 1.000000000000000000, 0.000000000000000000, 0.000000000000000000 ) ) ;
#5000 = EDGE_LOOP ( 'NONE', ( #3825, #2596, #1796, #5307 ) ) ;
#5001 = ORIENTED_EDGE ( 'NONE', *, *, #2056, .F. ) ;
#5002 = CARTESIAN_POINT ( 'NONE',  ( 0.000000000000000000, 49.49747468305830722, 41.66674784685449850 ) ) ;
#5003 = DIRECTION ( 'NONE',  ( 0.000000000000000000, -1.000000000000000000, 0.000000000000000000 ) ) ;
#5004 = CARTESIAN_POINT ( 'NONE',  ( 2.999999999999999112, 22.53911095319579161, 12.32384491566664941 ) ) ;
#5005 = ORIENTED_EDGE ( 'NONE', *, *, #6427, .T. ) ;
#5006 = EDGE_CURVE ( 'NONE', #4306, #6327, #4234, .T. ) ;
#5007 = AXIS2_PLACEMENT_3D ( 'NONE', #5427, #5930, #688 ) ;
#5008 = CARTESIAN_POINT ( 'NONE',  ( -14.00000000000000000, -15.00000000000000000, -17.25000000000000000 ) ) ;
#5009 = VERTEX_POINT ( 'NONE', #4271 ) ;
#5010 = VERTEX_POINT ( 'NONE', #2568 ) ;
#5011 = DIRECTION ( 'NONE',  ( 0.000000000000000000, 0.000000000000000000, -1.000000000000000000 ) ) ;
#5012 = DIRECTION ( 'NONE',  ( 0.000000000000000000, 0.000000000000000000, -1.000000000000000000 ) ) ;
#5013 = CARTESIAN_POINT ( 'NONE',  ( 3.000000000000000000, -44.99747468305869802, -48.24747468305799458 ) ) ;
#5014 = CARTESIAN_POINT ( 'NONE',  ( 0.000000000000000000, -53.99747468305869802, -49.49747468305790221 ) ) ;
#5015 = CIRCLE ( 'NONE', #1751, 5.000000000000000888 ) ;
#5016 = AXIS2_PLACEMENT_3D ( 'NONE', #124, #767, #3045 ) ;
#5017 = CARTESIAN_POINT ( 'NONE',  ( -0.9999999999999991118, 23.59999999999999787, 9.108356170405180515E-15 ) ) ;
#5018 = VECTOR ( 'NONE', #351, 1000.000000000000000 ) ;
#5019 = FACE_OUTER_BOUND ( 'NONE', #2130, .T. ) ;
#5020 = ORIENTED_EDGE ( 'NONE', *, *, #6059, .T. ) ;
#5021 = DIRECTION ( 'NONE',  ( 0.000000000000000000, 0.000000000000000000, 1.000000000000000000 ) ) ;
#5022 = UNCERTAINTY_MEASURE_WITH_UNIT (LENGTH_MEASURE( 1.000000000000000082E-05 ), #3994, 'distance_accuracy_value', 'NONE');
#5023 = SURFACE_SIDE_STYLE ('',( #1540 ) ) ;
#5024 = DIRECTION ( 'NONE',  ( -1.000000000000000000, 0.000000000000000000, 0.000000000000000000 ) ) ;
#5025 = ORIENTED_EDGE ( 'NONE', *, *, #4912, .T. ) ;
#5026 = CARTESIAN_POINT ( 'NONE',  ( -7.156768276902879755, -54.51483676556769353, 46.20717412946359559 ) ) ;
#5027 = ORIENTED_EDGE ( 'NONE', *, *, #3973, .T. ) ;
#5028 = EDGE_CURVE ( 'NONE', #967, #7033, #7459, .T. ) ;
#5029 = CARTESIAN_POINT ( 'NONE',  ( 0.000000000000000000, -15.00000000000000000, 15.00000000000000000 ) ) ;
#5030 = DIRECTION ( 'NONE',  ( 1.000000000000000000, 0.000000000000000000, 0.000000000000000000 ) ) ;
#5031 = AXIS2_PLACEMENT_3D ( 'NONE', #731, #3613, #4218 ) ;
#5032 = EDGE_CURVE ( 'NONE', #6734, #4136, #6510, .T. ) ;
#5033 = DIRECTION ( 'NONE',  ( 0.000000000000000000, 0.7071067811865474617, -0.7071067811865474617 ) ) ;
#5034 = EDGE_LOOP ( 'NONE', ( #3838, #7431 ) ) ;
#5035 = DIRECTION ( 'NONE',  ( -1.000000000000000000, 0.000000000000000000, 0.000000000000000000 ) ) ;
#5036 = VERTEX_POINT ( 'NONE', #712 ) ;
#5037 = VERTEX_POINT ( 'NONE', #4880 ) ;
#5038 = DIRECTION ( 'NONE',  ( 0.000000000000000000, 0.000000000000000000, 1.000000000000000000 ) ) ;
#5039 = CIRCLE ( 'NONE', #2490, 3.499999999999999556 ) ;
#5040 = CARTESIAN_POINT ( 'NONE',  ( 3.000000000000000000, 19.99431948050905206, 14.76172929972859826 ) ) ;
#5041 = CARTESIAN_POINT ( 'NONE',  ( 0.000000000000000000, 23.59999999999999787, 9.108356170405180515E-15 ) ) ;
#5042 = AXIS2_PLACEMENT_3D ( 'NONE', #7362, #4468, #3519 ) ;
#5043 = EDGE_CURVE ( 'NONE', #2061, #4678, #6442, .T. ) ;
#5044 = VERTEX_POINT ( 'NONE', #4760 ) ;
#5045 = AXIS2_PLACEMENT_3D ( 'NONE', #1093, #20, #6247 ) ;
#5046 = ORIENTED_EDGE ( 'NONE', *, *, #4997, .F. ) ;
#5047 = ORIENTED_EDGE ( 'NONE', *, *, #2484, .F. ) ;
#5048 = VECTOR ( 'NONE', #1528, 1000.000000000000000 ) ;
#5049 = DIRECTION ( 'NONE',  ( 1.000000000000000000, 0.000000000000000000, 0.000000000000000000 ) ) ;
#5050 = CARTESIAN_POINT ( 'NONE',  ( 2.999999999999999112, 12.37182433411610916, 22.55597066360476433 ) ) ;
#5051 = EDGE_CURVE ( 'NONE', #1853, #7105, #1538, .T. ) ;
#5052 = CARTESIAN_POINT ( 'NONE',  ( 0.000000000000000000, 20.35051772041052587, -12.75510716987534110 ) ) ;
#5053 = FACE_BOUND ( 'NONE', #3242, .T. ) ;
#5054 = VECTOR ( 'NONE', #1519, 1000.000000000000114 ) ;
#5055 = DIRECTION ( 'NONE',  ( 0.000000000000000000, 0.4916668203100927337, 0.8707834046455885657 ) ) ;
#5056 = DIRECTION ( 'NONE',  ( 0.000000000000000000, 0.000000000000000000, -1.000000000000000000 ) ) ;
#5057 = ORIENTED_EDGE ( 'NONE', *, *, #4896, .T. ) ;
#5058 = CARTESIAN_POINT ( 'NONE',  ( 3.000000000000000000, 44.48011260054759930, -52.78777523665359439 ) ) ;
#5059 = EDGE_CURVE ( 'NONE', #3037, #6319, #3631, .T. ) ;
#5060 = DIRECTION ( 'NONE',  ( 1.000000000000000000, 0.000000000000000000, 0.000000000000000000 ) ) ;
#5061 = DIRECTION ( 'NONE',  ( 1.000000000000000000, 0.000000000000000000, 0.000000000000000000 ) ) ;
#5062 = EDGE_CURVE ( 'NONE', #44, #2750, #401, .T. ) ;
#5063 = ORIENTED_EDGE ( 'NONE', *, *, #1495, .F. ) ;
#5064 = CYLINDRICAL_SURFACE ( 'NONE', #1601, 53.90408133456029560 ) ;
#5065 = CIRCLE ( 'NONE', #581, 1.250000000000001110 ) ;
#5066 = ORIENTED_EDGE ( 'NONE', *, *, #7065, .T. ) ;
#5067 = CIRCLE ( 'NONE', #215, 3.330726836203799834 ) ;
#5068 = DIRECTION ( 'NONE',  ( 0.000000000000000000, 0.000000000000000000, -1.000000000000000000 ) ) ;
#5069 = LINE ( 'NONE', #942, #4315 ) ;
#5070 = AXIS2_PLACEMENT_3D ( 'NONE', #5216, #2191, #2904 ) ;
#5071 = DIRECTION ( 'NONE',  ( -1.000000000000000000, 0.000000000000000000, 0.000000000000000000 ) ) ;
#5072 = ORIENTED_EDGE ( 'NONE', *, *, #6354, .F. ) ;
#5073 = CARTESIAN_POINT ( 'NONE',  ( -0.9999999999999991118, -2.701750790494729805E-16, 25.80614694161269895 ) ) ;
#5074 = ORIENTED_EDGE ( 'NONE', *, *, #6498, .T. ) ;
#5075 = AXIS2_PLACEMENT_3D ( 'NONE', #3508, #6539, #4749 ) ;
#5076 = ORIENTED_EDGE ( 'NONE', *, *, #4206, .T. ) ;
#5077 = CARTESIAN_POINT ( 'NONE',  ( 0.000000000000000000, -4.000000000000000000, -42.56515138991167646 ) ) ;
#5078 = DIRECTION ( 'NONE',  ( -1.000000000000000000, -0.000000000000000000, -0.000000000000000000 ) ) ;
#5079 = AXIS2_PLACEMENT_3D ( 'NONE', #5653, #6787, #3904 ) ;
#5080 = CARTESIAN_POINT ( 'NONE',  ( 0.000000000000000000, -13.97093804329053413, 19.89295733572787839 ) ) ;
#5081 = ADVANCED_FACE ( 'NONE', ( #978 ), #1511, .F. ) ;
#5082 = ORIENTED_EDGE ( 'NONE', *, *, #6988, .T. ) ;
#5083 = CARTESIAN_POINT ( 'NONE',  ( 3.000000000000000000, -18.47724704213510094, -29.36669147240789712 ) ) ;
#5084 = ORIENTED_EDGE ( 'NONE', *, *, #333, .F. ) ;
#5085 = EDGE_CURVE ( 'NONE', #6029, #4603, #804, .T. ) ;
#5086 = EDGE_LOOP ( 'NONE', ( #3253, #5698 ) ) ;
#5087 = CARTESIAN_POINT ( 'NONE',  ( -10.50000000000000000, 23.59999999999999787, 9.108356170405180515E-15 ) ) ;
#5088 = EDGE_CURVE ( 'NONE', #1893, #26, #5606, .T. ) ;
#5089 = DIRECTION ( 'NONE',  ( -1.000000000000000000, 0.000000000000000000, 0.000000000000000000 ) ) ;
#5090 = SURFACE_STYLE_USAGE ( .BOTH. , #1607 ) ;
#5091 = LINE ( 'NONE', #3883, #922 ) ;
#5092 = CARTESIAN_POINT ( 'NONE',  ( 3.149999999999994138, -43.32950521810298028, -48.56209539888341453 ) ) ;
#5093 = DIRECTION ( 'NONE',  ( -1.000000000000000000, -0.000000000000000000, -0.000000000000000000 ) ) ;
#5094 = ADVANCED_FACE ( 'NONE', ( #1549 ), #4311, .F. ) ;
#5095 = ORIENTED_EDGE ( 'NONE', *, *, #2264, .T. ) ;
#5096 = CYLINDRICAL_SURFACE ( 'NONE', #1307, 2.999999999999999112 ) ;
#5097 = LINE ( 'NONE', #2218, #1363 ) ;
#5098 = PLANE ( 'NONE',  #5031 ) ;
#5099 = CARTESIAN_POINT ( 'NONE',  ( -8.485281374238578422, 49.49747468305830722, 49.49747468305830722 ) ) ;
#5100 = ORIENTED_EDGE ( 'NONE', *, *, #3336, .F. ) ;
#5101 = EDGE_CURVE ( 'NONE', #6446, #4202, #4552, .T. ) ;
#5102 = CIRCLE ( 'NONE', #7289, 3.000000000000002665 ) ;
#5103 = CARTESIAN_POINT ( 'NONE',  ( 0.000000000000000000, -9.332174861821640022, -12.63835602176123984 ) ) ;
#5104 = ORIENTED_EDGE ( 'NONE', *, *, #5051, .F. ) ;
#5105 = DIRECTION ( 'NONE',  ( 0.000000000000000000, 0.000000000000000000, -1.000000000000000000 ) ) ;
#5106 = VECTOR ( 'NONE', #4151, 1000.000000000000000 ) ;
#5107 = CARTESIAN_POINT ( 'NONE',  ( 0.000000000000000000, -49.49747468305860565, -44.99747468305794484 ) ) ;
#5108 = DIRECTION ( 'NONE',  ( 1.000000000000000000, 0.000000000000000000, 0.000000000000000000 ) ) ;
#5109 = ORIENTED_EDGE ( 'NONE', *, *, #7339, .T. ) ;
#5110 = CARTESIAN_POINT ( 'NONE',  ( 0.000000000000000000, -53.99747468305779563, 48.24747468305889697 ) ) ;
#5111 = VERTEX_POINT ( 'NONE', #4457 ) ;
#5112 = ORIENTED_EDGE ( 'NONE', *, *, #1566, .F. ) ;
#5113 = DIRECTION ( 'NONE',  ( -1.000000000000000000, -0.000000000000000000, -0.000000000000000000 ) ) ;
#5114 = CARTESIAN_POINT ( 'NONE',  ( 3.000000000000000000, -13.00000000000000000, -44.83172803104509541 ) ) ;
#5115 = TOROIDAL_SURFACE ( 'NONE', #1848, 6.500000000000000000, 1.000000000000000000 ) ;
#5116 = CARTESIAN_POINT ( 'NONE',  ( 76.59212285118779562, 0.000000000000000000, 53.90408133456029560 ) ) ;
#5117 = VERTEX_POINT ( 'NONE', #6627 ) ;
#5118 = DIRECTION ( 'NONE',  ( 0.000000000000000000, 0.000000000000000000, -1.000000000000000000 ) ) ;
#5119 = ORIENTED_EDGE ( 'NONE', *, *, #2706, .F. ) ;
#5120 = EDGE_LOOP ( 'NONE', ( #2920, #7462, #1152, #5207 ) ) ;
#5121 = DIRECTION ( 'NONE',  ( 1.000000000000000000, 0.000000000000000000, 0.000000000000000000 ) ) ;
#5122 = DIRECTION ( 'NONE',  ( -1.000000000000000000, 0.000000000000000000, 0.000000000000000000 ) ) ;
#5123 = EDGE_CURVE ( 'NONE', #7212, #5010, #927, .T. ) ;
#5124 = DIRECTION ( 'NONE',  ( 0.000000000000000000, 1.000000000000000000, -1.224646799147353207E-16 ) ) ;
#5125 = EDGE_CURVE ( 'NONE', #2206, #4508, #4788, .T. ) ;
#5126 = DIRECTION ( 'NONE',  ( 0.000000000000000000, 0.000000000000000000, 1.000000000000000000 ) ) ;
#5127 = DIRECTION ( 'NONE',  ( 1.000000000000000000, 0.000000000000000000, 0.000000000000000000 ) ) ;
#5128 = ORIENTED_EDGE ( 'NONE', *, *, #6116, .F. ) ;
#5129 = DIRECTION ( 'NONE',  ( 0.000000000000000000, 0.7071067811865474617, 0.7071067811865474617 ) ) ;
#5130 = CIRCLE ( 'NONE', #43, 1.250000000000001110 ) ;
#5131 = DIRECTION ( 'NONE',  ( -1.000000000000000000, 0.000000000000000000, 0.000000000000000000 ) ) ;
#5132 = DIRECTION ( 'NONE',  ( -1.000000000000000000, -0.000000000000000000, -0.000000000000000000 ) ) ;
#5133 = LINE ( 'NONE', #6887, #2654 ) ;
#5134 = EDGE_CURVE ( 'NONE', #4856, #6643, #3325, .T. ) ;
#5135 = AXIS2_PLACEMENT_3D ( 'NONE', #4362, #4436, #417 ) ;
#5136 = AXIS2_PLACEMENT_3D ( 'NONE', #1761, #3640, #2504 ) ;
#5137 = CARTESIAN_POINT ( 'NONE',  ( -14.14213562373093858, 22.53911095319579161, 12.32384491566664941 ) ) ;
#5138 = ORIENTED_EDGE ( 'NONE', *, *, #4745, .T. ) ;
#5139 = AXIS2_PLACEMENT_3D ( 'NONE', #3140, #7199, #2005 ) ;
#5140 = DIRECTION ( 'NONE',  ( 1.000000000000000000, 0.000000000000000000, 0.000000000000000000 ) ) ;
#5141 = EDGE_CURVE ( 'NONE', #2919, #406, #5069, .T. ) ;
#5142 = CARTESIAN_POINT ( 'NONE',  ( -14.14213562373093858, 12.37182433411610916, 22.55597066360476433 ) ) ;
#5143 = DIRECTION ( 'NONE',  ( 1.000000000000000000, 0.000000000000000000, 0.000000000000000000 ) ) ;
#5144 = EDGE_LOOP ( 'NONE', ( #1087, #7138, #3123, #4235 ) ) ;
#5145 = FACE_OUTER_BOUND ( 'NONE', #4372, .T. ) ;
#5146 = ORIENTED_EDGE ( 'NONE', *, *, #1354, .T. ) ;
#5147 = ORIENTED_EDGE ( 'NONE', *, *, #6877, .T. ) ;
#5148 = CARTESIAN_POINT ( 'NONE',  ( 0.000000000000000000, -44.99747468305779563, 50.74747468305880460 ) ) ;
#5149 = CARTESIAN_POINT ( 'NONE',  ( -10.50000000000000000, -23.59999999999999787, -5.000000000000000888 ) ) ;
#5150 = CIRCLE ( 'NONE', #4304, 4.000000000000000000 ) ;
#5151 = DIRECTION ( 'NONE',  ( -1.000000000000000000, 0.000000000000000000, 0.000000000000000000 ) ) ;
#5152 = ORIENTED_EDGE ( 'NONE', *, *, #2686, .T. ) ;
#5153 = EDGE_CURVE ( 'NONE', #4240, #105, #765, .T. ) ;
#5154 = LINE ( 'NONE', #4544, #6108 ) ;
#5155 = AXIS2_PLACEMENT_3D ( 'NONE', #6568, #6003, #5554 ) ;
#5156 = ORIENTED_EDGE ( 'NONE', *, *, #5829, .T. ) ;
#5157 = ORIENTED_EDGE ( 'NONE', *, *, #6848, .F. ) ;
#5158 = CARTESIAN_POINT ( 'NONE',  ( 3.000000000000000000, -54.30119389361562554, 57.06990735657496572 ) ) ;
#5159 = VECTOR ( 'NONE', #4797, 1000.000000000000000 ) ;
#5160 = CARTESIAN_POINT ( 'NONE',  ( 3.000000000000020872, 28.66742342639096819, 33.94601411746577213 ) ) ;
#5161 = CARTESIAN_POINT ( 'NONE',  ( 0.000000000000000000, -13.35350086926485602, 22.82873173716461324 ) ) ;
#5162 = AXIS2_PLACEMENT_3D ( 'NONE', #3620, #4225, #1879 ) ;
#5163 = CARTESIAN_POINT ( 'NONE',  ( 0.000000000000000000, -7.443468359643278021, 24.88702846231342392 ) ) ;
#5164 = CIRCLE ( 'NONE', #2862, 3.000000000000000888 ) ;
#5165 = DIRECTION ( 'NONE',  ( 1.000000000000000000, 0.000000000000000000, 0.000000000000000000 ) ) ;
#5166 = CIRCLE ( 'NONE', #4793, 1.250000000000001110 ) ;
#5167 = VERTEX_POINT ( 'NONE', #902 ) ;
#5168 = DIRECTION ( 'NONE',  ( 1.000000000000000000, 0.000000000000000000, 0.000000000000000000 ) ) ;
#5170 = EDGE_CURVE ( 'NONE', #6125, #6295, #1894, .T. ) ;
#5169 = DIRECTION ( 'NONE',  ( -1.000000000000000000, 0.000000000000000000, 0.000000000000000000 ) ) ;
#5171 = CARTESIAN_POINT ( 'NONE',  ( 3.000000000000000000, -49.49747468305790221, 43.74747468305885434 ) ) ;
#5172 = VECTOR ( 'NONE', #6255, 1000.000000000000000 ) ;
#5173 = LINE ( 'NONE', #3424, #1689 ) ;
#5174 = EDGE_CURVE ( 'NONE', #5767, #1680, #7290, .T. ) ;
#5175 = LINE ( 'NONE', #7490, #1988 ) ;
#5176 = EDGE_CURVE ( 'NONE', #4844, #3285, #1477, .T. ) ;
#5177 = ORIENTED_EDGE ( 'NONE', *, *, #2552, .F. ) ;
#5178 = EDGE_CURVE ( 'NONE', #5541, #953, #4350, .T. ) ;
#5179 = CIRCLE ( 'NONE', #2516, 2.500000000000002220 ) ;
#5180 = CARTESIAN_POINT ( 'NONE',  ( 0.000000000000000000, 22.80945901265407016, 7.795582449327556951 ) ) ;
#5181 = LINE ( 'NONE', #7496, #2141 ) ;
#5182 = AXIS2_PLACEMENT_3D ( 'NONE', #1384, #1952, #4258 ) ;
#5183 = DIRECTION ( 'NONE',  ( 0.000000000000000000, 0.000000000000000000, -1.000000000000000000 ) ) ;
#5184 = ORIENTED_EDGE ( 'NONE', *, *, #5176, .F. ) ;
#5185 = DIRECTION ( 'NONE',  ( 0.000000000000000000, 0.000000000000000000, -1.000000000000000000 ) ) ;
#5186 = ORIENTED_EDGE ( 'NONE', *, *, #662, .F. ) ;
#5187 = EDGE_LOOP ( 'NONE', ( #6538, #6071, #522, #6899 ) ) ;
#5188 = DIRECTION ( 'NONE',  ( 0.000000000000000000, 0.7071067811865474617, -0.7071067811865474617 ) ) ;
#5189 = AXIS2_PLACEMENT_3D ( 'NONE', #1467, #3778, #891 ) ;
#5190 = CARTESIAN_POINT ( 'NONE',  ( 3.000000000000000000, -44.99747468305869802, -50.74747468305800169 ) ) ;
#5191 = DIRECTION ( 'NONE',  ( 0.000000000000000000, 0.000000000000000000, -1.000000000000000000 ) ) ;
#5192 = VECTOR ( 'NONE', #3561, 999.9999999999998863 ) ;
#5193 = ORIENTED_EDGE ( 'NONE', *, *, #7378, .F. ) ;
#5194 = CIRCLE ( 'NONE', #836, 1.250000000000001110 ) ;
#5195 = EDGE_CURVE ( 'NONE', #5952, #5417, #1781, .T. ) ;
#5196 = CARTESIAN_POINT ( 'NONE',  ( 1.000000000000000000, 42.12145270974649947, -47.35404289052689819 ) ) ;
#5197 = ORIENTED_EDGE ( 'NONE', *, *, #4042, .T. ) ;
#5198 = ORIENTED_EDGE ( 'NONE', *, *, #960, .T. ) ;
#5199 = CYLINDRICAL_SURFACE ( 'NONE', #5901, 3.000000000000000888 ) ;
#5200 = LINE ( 'NONE', #5852, #3131 ) ;
#5201 = EDGE_CURVE ( 'NONE', #4719, #1256, #7278, .T. ) ;
#5202 = CARTESIAN_POINT ( 'NONE',  ( -14.14213562373093858, 12.37182433411610916, 22.55597066360476433 ) ) ;
#5203 = AXIS2_PLACEMENT_3D ( 'NONE', #5469, #4818, #1979 ) ;
#5204 = CARTESIAN_POINT ( 'NONE',  ( 0.000000000000000000, -57.29768064699700147, 49.94734338944669361 ) ) ;
#5205 = AXIS2_PLACEMENT_3D ( 'NONE', #5910, #591, #3583 ) ;
#5206 = DIRECTION ( 'NONE',  ( 1.000000000000000000, -0.000000000000000000, -0.000000000000000000 ) ) ;
#5207 = ORIENTED_EDGE ( 'NONE', *, *, #6284, .F. ) ;
#5208 = CARTESIAN_POINT ( 'NONE',  ( -0.1499999999999999944, -47.35404289052669924, -42.12145270974625078 ) ) ;
#5209 = LINE ( 'NONE', #2650, #6451 ) ;
#5210 = CARTESIAN_POINT ( 'NONE',  ( 3.000000000000000000, 25.62639001561595009, -39.34426157063499829 ) ) ;
#5211 = B_SPLINE_CURVE_WITH_KNOTS ( 'NONE', 3,
 ( #7061, #4178, #614, #2513 ),
 .UNSPECIFIED., .F., .F.,
 ( 4, 4 ),
 ( 0.8263304361124917952, 1.000000000000000000 ),
 .UNSPECIFIED. ) ;
#5212 = DIRECTION ( 'NONE',  ( 1.000000000000000000, 0.000000000000000000, 0.000000000000000000 ) ) ;
#5213 = DIRECTION ( 'NONE',  ( 0.000000000000000000, -8.673617379884027583E-16, 1.000000000000000000 ) ) ;
#5214 = EDGE_LOOP ( 'NONE', ( #5884, #37, #6283, #2727 ) ) ;
#5215 = B_SPLINE_CURVE_WITH_KNOTS ( 'NONE', 3,
 ( #1989, #3731, #2595, #4907 ),
 .UNSPECIFIED., .F., .F.,
 ( 4, 4 ),
 ( 0.000000000000000000, 1.000000000000000000 ),
 .UNSPECIFIED. ) ;
#5216 = CARTESIAN_POINT ( 'NONE',  ( 0.000000000000000000, 35.42412474690099344, -44.89935561480072579 ) ) ;
#5217 = EDGE_CURVE ( 'NONE', #6819, #6295, #3709, .T. ) ;
#5218 = DIRECTION ( 'NONE',  ( 1.000000000000000000, 0.000000000000000000, 0.000000000000000000 ) ) ;
#5219 = FACE_OUTER_BOUND ( 'NONE', #2362, .T. ) ;
#5220 = EDGE_CURVE ( 'NONE', #5724, #1259, #6891, .T. ) ;
#5221 = ORIENTED_EDGE ( 'NONE', *, *, #881, .T. ) ;
#5222 = CARTESIAN_POINT ( 'NONE',  ( 3.000000000000000000, 47.63019091470626165, -42.38252081524410642 ) ) ;
#5223 = ORIENTED_EDGE ( 'NONE', *, *, #6168, .T. ) ;
#5224 = ORIENTED_EDGE ( 'NONE', *, *, #5289, .F. ) ;
#5225 = VECTOR ( 'NONE', #1621, 1000.000000000000000 ) ;
#5226 = CARTESIAN_POINT ( 'NONE',  ( 3.000000000000000000, -15.47482121282450862, 20.70741139360496064 ) ) ;
#5227 = CARTESIAN_POINT ( 'NONE',  ( -0.9999999999999991118, 7.347880794884119933E-15, -36.39999999999999858 ) ) ;
#5228 = DIRECTION ( 'NONE',  ( -1.000000000000000000, 0.000000000000000000, 0.000000000000000000 ) ) ;
#5229 = ADVANCED_FACE ( 'NONE', ( #4043 ), #6358, .F. ) ;
#5230 = ORIENTED_EDGE ( 'NONE', *, *, #1336, .F. ) ;
#5231 = CARTESIAN_POINT ( 'NONE',  ( 3.000000000000002665, -35.42412474690101476, -44.89935561480072579 ) ) ;
#5232 = DIRECTION ( 'NONE',  ( 1.000000000000000000, 0.000000000000000000, 0.000000000000000000 ) ) ;
#5233 = VERTEX_POINT ( 'NONE', #3429 ) ;
#5234 = VERTEX_POINT ( 'NONE', #5832 ) ;
#5235 = CYLINDRICAL_SURFACE ( 'NONE', #5781, 1.250000000000001110 ) ;
#5236 = DIRECTION ( 'NONE',  ( -0.000000000000000000, 0.000000000000000000, 1.000000000000000000 ) ) ;
#5237 = FACE_OUTER_BOUND ( 'NONE', #5424, .T. ) ;
#5238 = EDGE_CURVE ( 'NONE', #38, #4804, #7468, .T. ) ;
#5239 = VECTOR ( 'NONE', #1043, 1000.000000000000000 ) ;
#5240 = ORIENTED_EDGE ( 'NONE', *, *, #6677, .T. ) ;
#5241 = DIRECTION ( 'NONE',  ( 0.000000000000000000, -0.7071067811865480168, -0.7071067811865470176 ) ) ;
#5242 = ORIENTED_EDGE ( 'NONE', *, *, #636, .T. ) ;
#5243 = DIRECTION ( 'NONE',  ( 0.000000000000000000, 0.000000000000000000, -1.000000000000000000 ) ) ;
#5244 = CARTESIAN_POINT ( 'NONE',  ( 2.999999999999999112, -22.82873173716461324, -13.35350086926487556 ) ) ;
#5245 = CARTESIAN_POINT ( 'NONE',  ( 2.999999999999999112, -57.06990735657444702, -54.30119389361615134 ) ) ;
#5246 = CARTESIAN_POINT ( 'NONE',  ( 0.000000000000000000, 52.44211924751589748, -44.26975353622915321 ) ) ;
#5247 = CARTESIAN_POINT ( 'NONE',  ( 0.9500000000000000666, 43.32950521810229105, -48.56209539888275373 ) ) ;
#5248 = CIRCLE ( 'NONE', #4276, 5.000000000000000888 ) ;
#5249 = EDGE_LOOP ( 'NONE', ( #5230, #2772, #2272, #6114 ) ) ;
#5250 = CYLINDRICAL_SURFACE ( 'NONE', #1695, 3.499999999999999556 ) ;
#5251 = DIRECTION ( 'NONE',  ( 0.000000000000000000, 0.3985875388758894355, -0.9171302927353677248 ) ) ;
#5252 = VECTOR ( 'NONE', #6417, 1000.000000000000000 ) ;
#5253 = AXIS2_PLACEMENT_3D ( 'NONE', #2261, #1734, #1808 ) ;
#5254 = DIRECTION ( 'NONE',  ( 0.000000000000000000, 0.000000000000000000, -1.000000000000000000 ) ) ;
#5255 = ORIENTED_EDGE ( 'NONE', *, *, #913, .T. ) ;
#5256 = AXIS2_PLACEMENT_3D ( 'NONE', #6233, #3384, #3345 ) ;
#5257 = EDGE_CURVE ( 'NONE', #1789, #6644, #5722, .T. ) ;
#5258 = DIRECTION ( 'NONE',  ( -1.000000000000000000, 0.000000000000000000, 0.000000000000000000 ) ) ;
#5259 = VERTEX_POINT ( 'NONE', #1703 ) ;
#5260 = AXIS2_PLACEMENT_3D ( 'NONE', #4343, #3699, #7188 ) ;
#5261 = ORIENTED_EDGE ( 'NONE', *, *, #1466, .F. ) ;
#5262 = CARTESIAN_POINT ( 'NONE',  ( -8.485281374238578422, 49.49747468305830722, 46.99747468305830012 ) ) ;
#5263 = CARTESIAN_POINT ( 'NONE',  ( -10.50000000000000000, 23.59999999999999787, 9.108356170405180515E-15 ) ) ;
#5264 = DIRECTION ( 'NONE',  ( 0.000000000000000000, 0.000000000000000000, -1.000000000000000000 ) ) ;
#5265 = FACE_BOUND ( 'NONE', #3533, .T. ) ;
#5266 = EDGE_CURVE ( 'NONE', #276, #2801, #4677, .T. ) ;
#5267 = ORIENTED_EDGE ( 'NONE', *, *, #267, .T. ) ;
#5268 = CARTESIAN_POINT ( 'NONE',  ( -7.156768276902879755, -44.99747468305779563, 49.49747468305880460 ) ) ;
#5269 = EDGE_CURVE ( 'NONE', #3377, #6594, #191, .T. ) ;
#5270 = DIRECTION ( 'NONE',  ( 1.000000000000000000, 0.000000000000000000, 0.000000000000000000 ) ) ;
#5271 = VERTEX_POINT ( 'NONE', #2269 ) ;
#5272 = ORIENTED_EDGE ( 'NONE', *, *, #141, .F. ) ;
#5273 = DIRECTION ( 'NONE',  ( 1.000000000000000000, 0.000000000000000000, 0.000000000000000000 ) ) ;
#5274 = VECTOR ( 'NONE', #6279, 1000.000000000000000 ) ;
#5275 = DIRECTION ( 'NONE',  ( 0.000000000000000000, 0.000000000000000000, -1.000000000000000000 ) ) ;
#5276 = EDGE_CURVE ( 'NONE', #6650, #3473, #314, .T. ) ;
#5277 = CARTESIAN_POINT ( 'NONE',  ( 2.386224572680244904, -28.53145885430780027, 33.79591468803914722 ) ) ;
#5278 = ORIENTED_EDGE ( 'NONE', *, *, #6202, .F. ) ;
#5279 = CIRCLE ( 'NONE', #2850, 2.250000000000000444 ) ;
#5280 = CARTESIAN_POINT ( 'NONE',  ( 0.000000000000000000, 49.49747468305830722, 51.99747468305830722 ) ) ;
#5281 = ORIENTED_EDGE ( 'NONE', *, *, #4618, .F. ) ;
#5282 = CARTESIAN_POINT ( 'NONE',  ( 2.050000000000000266, 47.35404289052780058, -42.12145270974739475 ) ) ;
#5283 = AXIS2_PLACEMENT_3D ( 'NONE', #2989, #2454, #6022 ) ;
#5284 = CYLINDRICAL_SURFACE ( 'NONE', #1001, 3.499999999999999556 ) ;
#5285 = LINE ( 'NONE', #615, #6482 ) ;
#5286 = CIRCLE ( 'NONE', #3706, 1.250000000000001110 ) ;
#5287 = CARTESIAN_POINT ( 'NONE',  ( 0.000000000000000000, -49.49747468305864828, -46.99747468305795195 ) ) ;
#5288 = AXIS2_PLACEMENT_3D ( 'NONE', #1054, #5251, #2192 ) ;
#5289 = EDGE_CURVE ( 'NONE', #3738, #2694, #4533, .T. ) ;
#5290 = ORIENTED_EDGE ( 'NONE', *, *, #6983, .F. ) ;
#5291 = CIRCLE ( 'NONE', #3234, 3.000000000000001332 ) ;
#5292 = CARTESIAN_POINT ( 'NONE',  ( -14.00000000000000000, 15.00000000000000000, 12.75000000000000000 ) ) ;
#5293 = EDGE_CURVE ( 'NONE', #3189, #1593, #5658, .T. ) ;
#5294 = CARTESIAN_POINT ( 'NONE',  ( -17.00000000000000000, 49.49747468305830722, 44.99747468305830012 ) ) ;
#5295 = AXIS2_PLACEMENT_3D ( 'NONE', #100, #1711, #2343 ) ;
#5296 = DIRECTION ( 'NONE',  ( 1.000000000000000000, 0.000000000000000000, 0.000000000000000000 ) ) ;
#5297 = CARTESIAN_POINT ( 'NONE',  ( -14.14213562373093858, -22.53911095319579516, 12.32384491566664408 ) ) ;
#5298 = ORIENTED_EDGE ( 'NONE', *, *, #1798, .T. ) ;
#5299 = ORIENTED_EDGE ( 'NONE', *, *, #378, .T. ) ;
#5300 = CARTESIAN_POINT ( 'NONE',  ( 0.000000000000000000, -2.701750790494729805E-16, 25.80614694161269895 ) ) ;
#5301 = LINE ( 'NONE', #1855, #6902 ) ;
#5302 = AXIS2_PLACEMENT_3D ( 'NONE', #5432, #1980, #4290 ) ;
#5303 = CYLINDRICAL_SURFACE ( 'NONE', #4784, 1.250000000000001110 ) ;
#5304 = B_SPLINE_CURVE_WITH_KNOTS ( 'NONE', 3,
 ( #3171, #5487, #6547, #2452 ),
 .UNSPECIFIED., .F., .F.,
 ( 4, 4 ),
 ( 0.000000000000000000, 1.000000000000000000 ),
 .UNSPECIFIED. ) ;
#5305 = VERTEX_POINT ( 'NONE', #3974 ) ;
#5306 = FACE_BOUND ( 'NONE', #2121, .T. ) ;
#5307 = ORIENTED_EDGE ( 'NONE', *, *, #5238, .F. ) ;
#5308 = VECTOR ( 'NONE', #5452, 1000.000000000000114 ) ;
#5309 = ORIENTED_EDGE ( 'NONE', *, *, #3259, .F. ) ;
#5310 = DIRECTION ( 'NONE',  ( -1.000000000000000000, 0.000000000000000000, 0.000000000000000000 ) ) ;
#5311 = DIRECTION ( 'NONE',  ( 1.000000000000000000, 0.000000000000000000, 0.000000000000000000 ) ) ;
#5312 = CARTESIAN_POINT ( 'NONE',  ( 2.999999999999999112, -22.53911095319579516, 12.32384491566664408 ) ) ;
#5313 = EDGE_CURVE ( 'NONE', #3037, #6927, #5181, .T. ) ;
#5314 = ORIENTED_EDGE ( 'NONE', *, *, #3881, .F. ) ;
#5315 = LINE ( 'NONE', #117, #4039 ) ;
#5316 = EDGE_CURVE ( 'NONE', #4007, #4248, #4920, .T. ) ;
#5317 = ORIENTED_EDGE ( 'NONE', *, *, #6745, .F. ) ;
#5318 = ORIENTED_EDGE ( 'NONE', *, *, #6312, .F. ) ;
#5319 = CARTESIAN_POINT ( 'NONE',  ( 3.000000000000000000, 26.42356509336774906, -41.17852215610570710 ) ) ;
#5320 = DIRECTION ( 'NONE',  ( 0.000000000000000000, 0.000000000000000000, -1.000000000000000000 ) ) ;
#5321 = DIRECTION ( 'NONE',  ( -1.000000000000000000, 0.000000000000000000, 0.000000000000000000 ) ) ;
#5322 = AXIS2_PLACEMENT_3D ( 'NONE', #287, #3747, #7237 ) ;
#5323 = EDGE_CURVE ( 'NONE', #1764, #7303, #4079, .T. ) ;
#5324 = CARTESIAN_POINT ( 'NONE',  ( -0.1499999999999999944, 50.25680310855020139, 43.54571693074304761 ) ) ;
#5325 = VERTEX_POINT ( 'NONE', #4493 ) ;
#5326 = LINE ( 'NONE', #5292, #2780 ) ;
#5327 = DIRECTION ( 'NONE',  ( 1.000000000000000000, 0.000000000000000000, 0.000000000000000000 ) ) ;
#5328 = ADVANCED_FACE ( 'NONE', ( #2336 ), #1773, .F. ) ;
#5329 = DIRECTION ( 'NONE',  ( -1.000000000000000000, -0.000000000000000000, -0.000000000000000000 ) ) ;
#5330 = CARTESIAN_POINT ( 'NONE',  ( 3.000000000000000000, 47.48916379719171488, -42.25657361641121668 ) ) ;
#5331 = ORIENTED_EDGE ( 'NONE', *, *, #6844, .F. ) ;
#5332 = VERTEX_POINT ( 'NONE', #3509 ) ;
#5333 = LINE ( 'NONE', #3020, #1678 ) ;
#5334 = CARTESIAN_POINT ( 'NONE',  ( 1.387778780781445676E-14, -34.22836213027334651, -42.14796473659461640 ) ) ;
#5335 = CARTESIAN_POINT ( 'NONE',  ( 3.000000000000000000, 42.12145270974714606, 47.35404289052760163 ) ) ;
#5336 = DIRECTION ( 'NONE',  ( 0.000000000000000000, 0.000000000000000000, -1.000000000000000000 ) ) ;
#5337 = VERTEX_POINT ( 'NONE', #622 ) ;
#5338 = DIRECTION ( 'NONE',  ( 0.000000000000000000, 0.000000000000000000, -1.000000000000000000 ) ) ;
#5339 = PLANE ( 'NONE',  #1910 ) ;
#5340 = AXIS2_PLACEMENT_3D ( 'NONE', #7151, #4913, #7234 ) ;
#5341 = ORIENTED_EDGE ( 'NONE', *, *, #5967, .F. ) ;
#5342 = ORIENTED_EDGE ( 'NONE', *, *, #2545, .T. ) ;
#5343 = DIRECTION ( 'NONE',  ( -1.000000000000000000, 0.000000000000000000, 0.000000000000000000 ) ) ;
#5344 = DIRECTION ( 'NONE',  ( 1.000000000000000000, 0.000000000000000000, 0.000000000000000000 ) ) ;
#5345 = LINE ( 'NONE', #1901, #5983 ) ;
#5346 = AXIS2_PLACEMENT_3D ( 'NONE', #5833, #7460, #5723 ) ;
#5347 = ORIENTED_EDGE ( 'NONE', *, *, #5603, .T. ) ;
#5348 = DIRECTION ( 'NONE',  ( -1.000000000000000000, 0.000000000000000000, 0.000000000000000000 ) ) ;
#5349 = ORIENTED_EDGE ( 'NONE', *, *, #2036, .F. ) ;
#5350 = ORIENTED_EDGE ( 'NONE', *, *, #2396, .F. ) ;
#5351 = ADVANCED_FACE ( 'NONE', ( #7424 ), #2938, .F. ) ;
#5352 = LINE ( 'NONE', #120, #3014 ) ;
#5353 = LINE ( 'NONE', #1803, #2093 ) ;
#5354 = CARTESIAN_POINT ( 'NONE',  ( 0.000000000000000000, -57.03070887753346341, -49.49747468305820775 ) ) ;
#5355 = AXIS2_PLACEMENT_3D ( 'NONE', #1839, #5824, #6456 ) ;
#5356 = EDGE_CURVE ( 'NONE', #2538, #4123, #1663, .T. ) ;
#5357 = DIRECTION ( 'NONE',  ( 0.000000000000000000, 0.000000000000000000, -1.000000000000000000 ) ) ;
#5358 = ORIENTED_EDGE ( 'NONE', *, *, #3240, .T. ) ;
#5359 = CARTESIAN_POINT ( 'NONE',  ( 0.000000000000000000, 44.99747468305834985, 49.49747468305830722 ) ) ;
#5360 = EDGE_CURVE ( 'NONE', #3526, #6396, #6262, .T. ) ;
#5361 = CARTESIAN_POINT ( 'NONE',  ( -16.97056274847710000, -49.49747468305830722, 49.49747468305830722 ) ) ;
#5362 = VECTOR ( 'NONE', #4666, 1000.000000000000000 ) ;
#5363 = LINE ( 'NONE', #2526, #1724 ) ;
#5364 = FACE_BOUND ( 'NONE', #6977, .T. ) ;
#5365 = ORIENTED_EDGE ( 'NONE', *, *, #6796, .T. ) ;
#5366 = EDGE_CURVE ( 'NONE', #2151, #6601, #3962, .T. ) ;
#5367 = CARTESIAN_POINT ( 'NONE',  ( 0.000000000000000000, -13.79717507775178120, -46.66598861651589658 ) ) ;
#5368 = VECTOR ( 'NONE', #1380, 1000.000000000000000 ) ;
#5369 = LINE ( 'NONE', #171, #5159 ) ;
#5370 = DIRECTION ( 'NONE',  ( 1.000000000000000000, 0.000000000000000000, 0.000000000000000000 ) ) ;
#5371 = CIRCLE ( 'NONE', #4761, 2.999999999999999112 ) ;
#5372 = ORIENTED_EDGE ( 'NONE', *, *, #4472, .T. ) ;
#5373 = CARTESIAN_POINT ( 'NONE',  ( -2.083766882108870344E-17, 47.54235218414229536, 42.30031392873910079 ) ) ;
#5374 = ORIENTED_EDGE ( 'NONE', *, *, #910, .F. ) ;
#5375 = ORIENTED_EDGE ( 'NONE', *, *, #1475, .F. ) ;
#5376 = ORIENTED_EDGE ( 'NONE', *, *, #5874, .F. ) ;
#5377 = ORIENTED_EDGE ( 'NONE', *, *, #2731, .T. ) ;
#5378 = CARTESIAN_POINT ( 'NONE',  ( 3.000000000000000000, -54.70878552723407040, -56.90126254826143537 ) ) ;
#5379 = FACE_OUTER_BOUND ( 'NONE', #2421, .T. ) ;
#5380 = DIRECTION ( 'NONE',  ( 0.000000000000000000, 0.000000000000000000, -1.000000000000000000 ) ) ;
#5381 = EDGE_CURVE ( 'NONE', #4147, #2944, #7069, .T. ) ;
#5382 = VERTEX_POINT ( 'NONE', #3013 ) ;
#5383 = CARTESIAN_POINT ( 'NONE',  ( 3.000000000000000000, 52.78777523665349491, 44.48011260054779825 ) ) ;
#5384 = ORIENTED_EDGE ( 'NONE', *, *, #3804, .T. ) ;
#5385 = EDGE_LOOP ( 'NONE', ( #853, #2493, #4762, #4131 ) ) ;
#5386 = DIRECTION ( 'NONE',  ( 0.000000000000000000, 0.000000000000000000, -1.000000000000000000 ) ) ;
#5387 = FACE_OUTER_BOUND ( 'NONE', #6418, .T. ) ;
#5388 = CARTESIAN_POINT ( 'NONE',  ( 2.999999999999999112, -54.70878552723407040, -56.90126254826143537 ) ) ;
#5389 = MECHANICAL_DESIGN_GEOMETRIC_PRESENTATION_REPRESENTATION (  '', ( #7087 ), #1404 ) ;
#5390 = CARTESIAN_POINT ( 'NONE',  ( 13.59999999999999964, 5.332174861821640022, 12.63835602176123984 ) ) ;
#5391 = VERTEX_POINT ( 'NONE', #4262 ) ;
#5392 = AXIS2_PLACEMENT_3D ( 'NONE', #5969, #2403, #3007 ) ;
#5393 = CARTESIAN_POINT ( 'NONE',  ( 3.000000000000000000, 56.90126254826144248, -54.70878552723407040 ) ) ;
#5394 = ADVANCED_FACE ( 'NONE', ( #4681 ), #3048, .F. ) ;
#5395 = ORIENTED_EDGE ( 'NONE', *, *, #3737, .T. ) ;
#5396 = UNCERTAINTY_MEASURE_WITH_UNIT (LENGTH_MEASURE( 1.000000000000000082E-05 ), #5410, 'distance_accuracy_value', 'NONE');
#5397 = CIRCLE ( 'NONE', #2743, 3.000000000000002665 ) ;
#5398 = LINE ( 'NONE', #6501, #4463 ) ;
#5399 = DIRECTION ( 'NONE',  ( -1.000000000000000000, 0.000000000000000000, 0.000000000000000000 ) ) ;
#5400 = EDGE_CURVE ( 'NONE', #842, #7019, #4750, .T. ) ;
#5401 = VECTOR ( 'NONE', #1668, 1000.000000000000000 ) ;
#5402 = ORIENTED_EDGE ( 'NONE', *, *, #3451, .T. ) ;
#5403 = FACE_OUTER_BOUND ( 'NONE', #3674, .T. ) ;
#5404 = AXIS2_PLACEMENT_3D ( 'NONE', #912, #3223, #5463 ) ;
#5405 = ADVANCED_FACE ( 'NONE', ( #5978 ), #3542, .T. ) ;
#5406 = AXIS2_PLACEMENT_3D ( 'NONE', #6557, #3182, #6031 ) ;
#5407 = EDGE_CURVE ( 'NONE', #5382, #7085, #3836, .T. ) ;
#5408 = FACE_BOUND ( 'NONE', #856, .T. ) ;
#5409 = EDGE_LOOP ( 'NONE', ( #93, #1180, #665, #3850 ) ) ;
#5410 =( LENGTH_UNIT ( ) NAMED_UNIT ( * ) SI_UNIT ( .MILLI., .METRE. ) );
#5411 = CARTESIAN_POINT ( 'NONE',  ( -17.00000000000000000, 49.49747468305830722, 43.74747468305830722 ) ) ;
#5412 = DIRECTION ( 'NONE',  ( 1.000000000000000000, 0.000000000000000000, 0.000000000000000000 ) ) ;
#5413 = CIRCLE ( 'NONE', #6500, 6.000000000000000888 ) ;
#5414 = VERTEX_POINT ( 'NONE', #2479 ) ;
#5415 = DIRECTION ( 'NONE',  ( 0.000000000000000000, 0.000000000000000000, -1.000000000000000000 ) ) ;
#5416 = EDGE_CURVE ( 'NONE', #3937, #2038, #6826, .T. ) ;
#5417 = VERTEX_POINT ( 'NONE', #7149 ) ;
#5418 = ORIENTED_EDGE ( 'NONE', *, *, #3541, .F. ) ;
#5419 = ORIENTED_EDGE ( 'NONE', *, *, #3157, .F. ) ;
#5420 = VERTEX_POINT ( 'NONE', #736 ) ;
#5421 = CARTESIAN_POINT ( 'NONE',  ( 7.150154568127600641, -28.63515883727385258, 36.48621700751554897 ) ) ;
#5422 = DIRECTION ( 'NONE',  ( -1.000000000000000000, -0.000000000000000000, -0.000000000000000000 ) ) ;
#5423 = DIRECTION ( 'NONE',  ( 0.000000000000000000, 0.000000000000000000, -1.000000000000000000 ) ) ;
#5424 = EDGE_LOOP ( 'NONE', ( #868, #2104, #6182, #3368 ) ) ;
#5425 = ADVANCED_FACE ( 'NONE', ( #95 ), #1917, .F. ) ;
#5426 = CIRCLE ( 'NONE', #2161, 3.000000000000000000 ) ;
#5427 = CARTESIAN_POINT ( 'NONE',  ( 3.000000000000000000, -49.49747468305869802, -53.99747468305799458 ) ) ;
#5428 = ORIENTED_EDGE ( 'NONE', *, *, #3986, .F. ) ;
#5429 = ORIENTED_EDGE ( 'NONE', *, *, #7499, .F. ) ;
#5430 = ADVANCED_FACE ( 'NONE', ( #1348 ), #3659, .T. ) ;
#5431 = CARTESIAN_POINT ( 'NONE',  ( 3.000000000000000000, -47.48916379719150171, 42.25657361641102483 ) ) ;
#5432 = CARTESIAN_POINT ( 'NONE',  ( 3.000000000000000000, -14.76172929972859826, 19.99431948050905206 ) ) ;
#5434 = CYLINDRICAL_SURFACE ( 'NONE', #6007, 2.500000000000002220 ) ;
#5433 = CIRCLE ( 'NONE', #2402, 2.250000000000000444 ) ;
#5435 = B_SPLINE_CURVE_WITH_KNOTS ( 'NONE', 3,
 ( #6422, #2970, #4671, #1375 ),
 .UNSPECIFIED., .F., .F.,
 ( 4, 4 ),
 ( 0.000000000000000000, 1.000000000000000000 ),
 .UNSPECIFIED. ) ;
#5436 = AXIS2_PLACEMENT_3D ( 'NONE', #754, #3639, #3222 ) ;
#5437 = CARTESIAN_POINT ( 'NONE',  ( 3.000000000000000000, 37.54544509046063894, -42.77803527124108740 ) ) ;
#5438 = VERTEX_POINT ( 'NONE', #202 ) ;
#5439 = AXIS2_PLACEMENT_3D ( 'NONE', #1199, #5943, #126 ) ;
#5440 = CARTESIAN_POINT ( 'NONE',  ( 3.000000000000000000, -44.99747468305869802, -49.49747468305800169 ) ) ;
#5441 = ORIENTED_EDGE ( 'NONE', *, *, #6813, .F. ) ;
#5442 = AXIS2_PLACEMENT_3D ( 'NONE', #5227, #6473, #597 ) ;
#5443 = LINE ( 'NONE', #4871, #1650 ) ;
#5444 = DIRECTION ( 'NONE',  ( 1.000000000000000000, 0.000000000000000000, 0.000000000000000000 ) ) ;
#5445 = VERTEX_POINT ( 'NONE', #6576 ) ;
#5446 = DIRECTION ( 'NONE',  ( 0.000000000000000000, 0.7071067811865480168, 0.7071067811865470176 ) ) ;
#5447 = PLANE ( 'NONE',  #4962 ) ;
#5448 = ORIENTED_EDGE ( 'NONE', *, *, #6677, .F. ) ;
#5449 = EDGE_CURVE ( 'NONE', #4596, #3025, #2523, .T. ) ;
#5450 = PLANE ( 'NONE',  #3598 ) ;
#5451 = DIRECTION ( 'NONE',  ( 0.000000000000000000, -0.7065304444546260942, -0.7076826485500041786 ) ) ;
#5452 = DIRECTION ( 'NONE',  ( 0.000000000000000000, 0.7071067811865474617, 0.7071067811865474617 ) ) ;
#5453 = CARTESIAN_POINT ( 'NONE',  ( 0.000000000000000000, 13.00000000000000000, -44.83172803104509541 ) ) ;
#5454 = CIRCLE ( 'NONE', #6424, 2.999999999999999112 ) ;
#5455 = ADVANCED_FACE ( 'NONE', ( #6013 ), #813, .F. ) ;
#5456 = DIRECTION ( 'NONE',  ( 0.000000000000000000, 0.000000000000000000, -1.000000000000000000 ) ) ;
#5457 = VERTEX_POINT ( 'NONE', #1814 ) ;
#5458 = ORIENTED_EDGE ( 'NONE', *, *, #6010, .T. ) ;
#5459 = ORIENTED_EDGE ( 'NONE', *, *, #4067, .T. ) ;
#5460 = ORIENTED_EDGE ( 'NONE', *, *, #5940, .F. ) ;
#5461 = CYLINDRICAL_SURFACE ( 'NONE', #932, 5.999999999999998224 ) ;
#5462 = CARTESIAN_POINT ( 'NONE',  ( -17.00000000000000000, -49.49747468305860565, -46.24747468305799458 ) ) ;
#5463 = DIRECTION ( 'NONE',  ( 0.000000000000000000, 0.000000000000000000, -1.000000000000000000 ) ) ;
#5464 = ADVANCED_FACE ( 'NONE', ( #2977 ), #2409, .F. ) ;
#5465 = ORIENTED_EDGE ( 'NONE', *, *, #2396, .T. ) ;
#5466 = CARTESIAN_POINT ( 'NONE',  ( 0.000000000000000000, -44.99747468305864828, -49.49747468305800169 ) ) ;
#5467 = ORIENTED_EDGE ( 'NONE', *, *, #5360, .F. ) ;
#5468 = ORIENTED_EDGE ( 'NONE', *, *, #3177, .F. ) ;
#5469 = CARTESIAN_POINT ( 'NONE',  ( -16.97056274847710000, 49.49747468305849907, 49.49747468305820064 ) ) ;
#5470 = EDGE_CURVE ( 'NONE', #257, #5613, #4118, .T. ) ;
#5471 = AXIS2_PLACEMENT_3D ( 'NONE', #4342, #2074, #3858 ) ;
#5472 = CARTESIAN_POINT ( 'NONE',  ( -7.156768276902879755, -46.55283011860019826, 54.72519582988880416 ) ) ;
#5473 = DIRECTION ( 'NONE',  ( 1.000000000000000000, 0.000000000000000000, 0.000000000000000000 ) ) ;
#5474 = DIRECTION ( 'NONE',  ( -1.000000000000000000, 0.000000000000000000, 0.000000000000000000 ) ) ;
#5475 = EDGE_LOOP ( 'NONE', ( #3776, #5660 ) ) ;
#5476 = CARTESIAN_POINT ( 'NONE',  ( -17.00000000000000000, -49.49747468305790221, 43.74747468305885434 ) ) ;
#5477 = CLOSED_SHELL ( 'NONE', ( #4410, #2634, #5229, #7002, #6949, #4084, #4989, #917, #33, #1096, #1882, #7171, #205, #5081, #4825, #6516, #5721, #2996, #3921, #7456, #6120, #373, #818, #1498, #3032, #857, #7465, #1912, #5688, #873, #4255, #4992, #1007, #3373, #2810, #6602, #1126, #6511, #4423, #6151, #2226, #3419, #303, #4289, #6380, #5988, #2506, #4711, #5897, #2164, #5610, #3327, #1379, #168, #2991, #4152, #1369, #4939, #6082, #5455, #2511, #2740, #4952, #2783, #7402, #1984, #3275, #101, #5971, #2969, #1955, #3044, #4064, #7239, #4378, #5351, #1230, #1807, #1714, #274, #4573, #726, #6294, #3788, #1162, #7399, #1301, #5880, #3891, #21, #2943, #4633, #4269, #1890, #5498, #1709, #457, #1055, #6160, #2676, #398, #1932, #6523, #3055, #5711, #3139, #1946, #3300, #4448, #4293, #1802, #4028, #1594, #6536, #5641, #6851, #2449, #90, #5890, #972, #5524, #6778, #4753, #4904, #350, #4107, #6463, #4117, #6639, #7026, #6607, #5405, #3229, #5798, #5507, #3830, #6179, #6275, #3641, #6720, #1860, #3896, #4431, #4113, #4822, #2172, #201, #7426, #3544, #624, #4386, #1257, #892, #5464, #5856, #4122, #6698, #5972, #1478, #582, #5394, #5094, #3507, #1845, #4707, #3201, #4143, #4249, #4944, #6053, #2817, #3192, #6445, #5859, #977, #6807, #1189, #3954, #225, #4344, #817, #6333, #5425, #6623, #123, #5328, #6944, #6904, #5573, #2394, #2485, #530, #3595, #3742, #6099, #2209, #3078, #1617, #1951, #5783, #797, #1522 ) ) ;
#5478 = ORIENTED_EDGE ( 'NONE', *, *, #6958, .T. ) ;
#5479 = ORIENTED_EDGE ( 'NONE', *, *, #1052, .T. ) ;
#5480 = DIRECTION ( 'NONE',  ( 0.000000000000000000, 0.000000000000000000, -1.000000000000000000 ) ) ;
#5481 = CARTESIAN_POINT ( 'NONE',  ( -7.156768276902879755, 44.99747468305834985, 49.49747468305830722 ) ) ;
#5482 = AXIS2_PLACEMENT_3D ( 'NONE', #2895, #4520, #6278 ) ;
#5483 = CARTESIAN_POINT ( 'NONE',  ( 0.000000000000000000, -9.000000000000000000, -50.93157033242439979 ) ) ;
#5484 = DIRECTION ( 'NONE',  ( 1.000000000000000000, 0.000000000000000000, 0.000000000000000000 ) ) ;
#5485 = ORIENTED_EDGE ( 'NONE', *, *, #6425, .T. ) ;
#5486 = CARTESIAN_POINT ( 'NONE',  ( 0.000000000000000000, 0.000000000000000000, 0.000000000000000000 ) ) ;
#5487 = CARTESIAN_POINT ( 'NONE',  ( 0.9999999999999995559, -42.49929596876850724, -47.77712216394961331 ) ) ;
#5488 = CYLINDRICAL_SURFACE ( 'NONE', #465, 1.250000000000001110 ) ;
#5489 = DIRECTION ( 'NONE',  ( 1.000000000000000000, 0.000000000000000000, 0.000000000000000000 ) ) ;
#5490 = EDGE_CURVE ( 'NONE', #4543, #4691, #6641, .T. ) ;
#5491 = DIRECTION ( 'NONE',  ( 1.000000000000000000, 0.000000000000000000, 0.000000000000000000 ) ) ;
#5492 = ORIENTED_EDGE ( 'NONE', *, *, #5565, .T. ) ;
#5493 = ORIENTED_EDGE ( 'NONE', *, *, #450, .F. ) ;
#5494 = EDGE_LOOP ( 'NONE', ( #6669, #4850, #6398, #4138 ) ) ;
#5495 = VECTOR ( 'NONE', #6273, 1000.000000000000000 ) ;
#5496 = EDGE_LOOP ( 'NONE', ( #1393, #1826, #5104, #1953 ) ) ;
#5497 = DIRECTION ( 'NONE',  ( 0.000000000000000000, 0.000000000000000000, -1.000000000000000000 ) ) ;
#5498 = ADVANCED_FACE ( 'NONE', ( #1271 ), #5907, .T. ) ;
#5499 = CARTESIAN_POINT ( 'NONE',  ( 0.000000000000000000, 49.49747468305810116, -44.99747468305849196 ) ) ;
#5500 = FACE_OUTER_BOUND ( 'NONE', #5249, .T. ) ;
#5501 = AXIS2_PLACEMENT_3D ( 'NONE', #639, #5270, #2352 ) ;
#5502 = AXIS2_PLACEMENT_3D ( 'NONE', #7089, #685, #2963 ) ;
#5503 = EDGE_CURVE ( 'NONE', #7084, #3278, #1197, .T. ) ;
#5504 = ORIENTED_EDGE ( 'NONE', *, *, #2212, .T. ) ;
#5505 = CARTESIAN_POINT ( 'NONE',  ( 10.56181726914735997, 31.05343435327224810, 38.92216266319410067 ) ) ;
#5506 = ORIENTED_EDGE ( 'NONE', *, *, #2777, .F. ) ;
#5507 = ADVANCED_FACE ( 'NONE', ( #2683 ), #5522, .T. ) ;
#5508 = AXIS2_PLACEMENT_3D ( 'NONE', #6589, #1359, #4313 ) ;
#5509 = ORIENTED_EDGE ( 'NONE', *, *, #6208, .F. ) ;
#5510 = CARTESIAN_POINT ( 'NONE',  ( 3.000000000000000000, -47.35404289052740268, 42.12145270974695421 ) ) ;
#5511 = AXIS2_PLACEMENT_3D ( 'NONE', #6581, #7152, #4915 ) ;
#5512 = FACE_OUTER_BOUND ( 'NONE', #7367, .T. ) ;
#5513 = LINE ( 'NONE', #4405, #5652 ) ;
#5514 = DIRECTION ( 'NONE',  ( 1.000000000000000000, 0.000000000000000000, 0.000000000000000000 ) ) ;
#5515 = CARTESIAN_POINT ( 'NONE',  ( 0.000000000000000000, 22.82873173716461324, -13.35350086926485602 ) ) ;
#5516 = ORIENTED_EDGE ( 'NONE', *, *, #6521, .T. ) ;
#5517 = DIRECTION ( 'NONE',  ( 0.000000000000000000, 1.000000000000000000, -1.224646799147353207E-16 ) ) ;
#5518 = ORIENTED_EDGE ( 'NONE', *, *, #964, .T. ) ;
#5519 = ORIENTED_EDGE ( 'NONE', *, *, #5043, .T. ) ;
#5520 = VECTOR ( 'NONE', #7183, 999.9999999999998863 ) ;
#5521 = DIRECTION ( 'NONE',  ( 0.000000000000000000, 0.9171302927353677248, 0.3985875388758894911 ) ) ;
#5522 = CYLINDRICAL_SURFACE ( 'NONE', #6768, 5.999999999999998224 ) ;
#5523 = ORIENTED_EDGE ( 'NONE', *, *, #6176, .F. ) ;
#5524 = ADVANCED_FACE ( 'NONE', ( #6089 ), #933, .F. ) ;
#5525 = CARTESIAN_POINT ( 'NONE',  ( 3.000000000000000888, -2.799999999999998490, -42.81560597293817239 ) ) ;
#5526 = AXIS2_PLACEMENT_3D ( 'NONE', #845, #3118, #1376 ) ;
#5527 = FACE_BOUND ( 'NONE', #4623, .T. ) ;
#5528 = AXIS2_PLACEMENT_3D ( 'NONE', #7478, #6831, #6227 ) ;
#5529 = ORIENTED_EDGE ( 'NONE', *, *, #7296, .F. ) ;
#5530 = EDGE_CURVE ( 'NONE', #4965, #3377, #3256, .T. ) ;
#5531 = CARTESIAN_POINT ( 'NONE',  ( 3.000000000000000000, -42.12145270974695421, 47.35404289052740268 ) ) ;
#5532 = DIRECTION ( 'NONE',  ( 1.000000000000000000, 0.000000000000000000, 0.000000000000000000 ) ) ;
#5533 = AXIS2_PLACEMENT_3D ( 'NONE', #6701, #2689, #4570 ) ;
#5534 = DIRECTION ( 'NONE',  ( 1.000000000000000000, 0.000000000000000000, 0.000000000000000000 ) ) ;
#5535 = AXIS2_PLACEMENT_3D ( 'NONE', #7167, #4280, #6597 ) ;
#5536 = VECTOR ( 'NONE', #5273, 1000.000000000000000 ) ;
#5537 = CARTESIAN_POINT ( 'NONE',  ( -14.14213562373093858, -15.00000000000000000, 15.00000000000000000 ) ) ;
#5538 = ORIENTED_EDGE ( 'NONE', *, *, #3684, .T. ) ;
#5539 = VECTOR ( 'NONE', #7036, 1000.000000000000000 ) ;
#5540 = VERTEX_POINT ( 'NONE', #5564 ) ;
#5541 = VERTEX_POINT ( 'NONE', #2146 ) ;
#5542 = EDGE_LOOP ( 'NONE', ( #58, #3810, #6034, #563 ) ) ;
#5543 = DIRECTION ( 'NONE',  ( 1.000000000000000000, 0.000000000000000000, 0.000000000000000000 ) ) ;
#5544 = DIRECTION ( 'NONE',  ( 1.000000000000000000, -0.000000000000000000, -0.000000000000000000 ) ) ;
#5545 = VECTOR ( 'NONE', #2945, 1000.000000000000000 ) ;
#5546 = FACE_OUTER_BOUND ( 'NONE', #69, .T. ) ;
#5547 = EDGE_LOOP ( 'NONE', ( #4462, #6784, #2321, #6153 ) ) ;
#5548 = CARTESIAN_POINT ( 'NONE',  ( 47.01946062897430068, -9.797175077751770544, -52.76583091789510149 ) ) ;
#5549 = VERTEX_POINT ( 'NONE', #4451 ) ;
#5550 = ORIENTED_EDGE ( 'NONE', *, *, #3688, .T. ) ;
#5551 = DIRECTION ( 'NONE',  ( 0.000000000000000000, 0.000000000000000000, 1.000000000000000000 ) ) ;
#5552 = CIRCLE ( 'NONE', #3603, 53.90408133456029560 ) ;
#5553 = CYLINDRICAL_SURFACE ( 'NONE', #3363, 1.250000000000001110 ) ;
#5554 = DIRECTION ( 'NONE',  ( 0.000000000000000000, 0.000000000000000000, -1.000000000000000000 ) ) ;
#5555 = VECTOR ( 'NONE', #7139, 1000.000000000000000 ) ;
#5556 = EDGE_CURVE ( 'NONE', #3338, #2320, #1041, .T. ) ;
#5557 = CARTESIAN_POINT ( 'NONE',  ( 2.382693565965004812, 28.53655644434144989, 33.79161050105770414 ) ) ;
#5558 = CARTESIAN_POINT ( 'NONE',  ( 3.000000000000000000, 47.77712424307149774, -42.49929430624599291 ) ) ;
#5559 = EDGE_LOOP ( 'NONE', ( #451, #4505 ) ) ;
#5560 = CARTESIAN_POINT ( 'NONE',  ( -0.9999999999999991118, -2.701750790494729805E-16, 20.30614694161270251 ) ) ;
#5561 = AXIS2_PLACEMENT_3D ( 'NONE', #1847, #4149, #6464 ) ;
#5562 = ORIENTED_EDGE ( 'NONE', *, *, #2404, .F. ) ;
#5563 = CYLINDRICAL_SURFACE ( 'NONE', #6850, 1.250000000000001110 ) ;
#5564 = CARTESIAN_POINT ( 'NONE',  ( 0.000000000000000000, -34.22836213027336782, -42.14796473659461640 ) ) ;
#5565 = EDGE_CURVE ( 'NONE', #2915, #2118, #7306, .T. ) ;
#5566 = VERTEX_POINT ( 'NONE', #6203 ) ;
#5567 = VECTOR ( 'NONE', #6462, 1000.000000000000000 ) ;
#5568 = DIRECTION ( 'NONE',  ( -1.000000000000000000, 0.000000000000000000, 0.000000000000000000 ) ) ;
#5569 = FACE_BOUND ( 'NONE', #3058, .T. ) ;
#5570 = VERTEX_POINT ( 'NONE', #3854 ) ;
#5571 = CARTESIAN_POINT ( 'NONE',  ( 13.59999999999999964, 10.42085570350058710, 24.51938107059371674 ) ) ;
#5572 = CIRCLE ( 'NONE', #2899, 3.033234194475119327 ) ;
#5573 = ADVANCED_FACE ( 'NONE', ( #321 ), #2072, .F. ) ;
#5574 = CARTESIAN_POINT ( 'NONE',  ( 1.999999999999999556, -47.77712325740502308, 42.49929521576892455 ) ) ;
#5575 = AXIS2_PLACEMENT_3D ( 'NONE', #5263, #4687, #4157 ) ;
#5576 = AXIS2_PLACEMENT_3D ( 'NONE', #1207, #5258, #550 ) ;
#5577 = LINE ( 'NONE', #979, #7461 ) ;
#5578 = EDGE_LOOP ( 'NONE', ( #18, #4927 ) ) ;
#5579 = FACE_OUTER_BOUND ( 'NONE', #7168, .T. ) ;
#5580 = VERTEX_POINT ( 'NONE', #3207 ) ;
#5581 = VERTEX_POINT ( 'NONE', #1427 ) ;
#5582 = DIRECTION ( 'NONE',  ( 0.000000000000000000, 0.000000000000000000, -1.000000000000000000 ) ) ;
#5583 = FACE_OUTER_BOUND ( 'NONE', #4317, .T. ) ;
#5584 = DIRECTION ( 'NONE',  ( 0.000000000000000000, 0.000000000000000000, -1.000000000000000000 ) ) ;
#5585 = ORIENTED_EDGE ( 'NONE', *, *, #7336, .T. ) ;
#5586 = CARTESIAN_POINT ( 'NONE',  ( 4.336808689942017736E-16, 8.082668874372532400E-15, -30.40000000000000213 ) ) ;
#5587 = VERTEX_POINT ( 'NONE', #7343 ) ;
#5588 = EDGE_LOOP ( 'NONE', ( #3445, #1026, #1585, #866 ) ) ;
#5589 = CARTESIAN_POINT ( 'NONE',  ( 0.000000000000000000, 44.99747468305834985, 48.24747468305830012 ) ) ;
#5590 = LINE ( 'NONE', #1109, #5655 ) ;
#5591 = CARTESIAN_POINT ( 'NONE',  ( 3.000000000000000000, 49.49747468305810116, -57.03070887753359841 ) ) ;
#5592 = FACE_BOUND ( 'NONE', #1999, .T. ) ;
#5593 = CARTESIAN_POINT ( 'NONE',  ( 0.000000000000000000, -49.49747468305790221, 44.99747468305884723 ) ) ;
#5594 = EDGE_CURVE ( 'NONE', #4183, #2197, #3736, .T. ) ;
#5595 = DIRECTION ( 'NONE',  ( 0.000000000000000000, 0.000000000000000000, -1.000000000000000000 ) ) ;
#5596 = VERTEX_POINT ( 'NONE', #971 ) ;
#5597 = AXIS2_PLACEMENT_3D ( 'NONE', #2110, #2685, #1469 ) ;
#5598 = CARTESIAN_POINT ( 'NONE',  ( 0.000000000000000000, -47.35404289052740268, 42.12145270974695421 ) ) ;
#5599 = EDGE_CURVE ( 'NONE', #1352, #7284, #362, .T. ) ;
#5600 = CARTESIAN_POINT ( 'NONE',  ( -0.9999999999999991118, 23.59999999999999787, 9.108356170405180515E-15 ) ) ;
#5601 = ORIENTED_EDGE ( 'NONE', *, *, #6010, .F. ) ;
#5602 = CARTESIAN_POINT ( 'NONE',  ( 3.000000000000000000, 47.35404289052719662, 42.12145270974674816 ) ) ;
#5603 = EDGE_CURVE ( 'NONE', #3338, #605, #6991, .T. ) ;
#5604 = EDGE_LOOP ( 'NONE', ( #6688, #203, #543, #184 ) ) ;
#5605 = CARTESIAN_POINT ( 'NONE',  ( -7.156768276902879755, 54.72519582988829967, 46.55283011860069564 ) ) ;
#5606 = LINE ( 'NONE', #2720, #2746 ) ;
#5607 = VECTOR ( 'NONE', #1264, 1000.000000000000000 ) ;
#5608 = CYLINDRICAL_SURFACE ( 'NONE', #6321, 2.250000000000000444 ) ;
#5609 = ORIENTED_EDGE ( 'NONE', *, *, #3753, .T. ) ;
#5610 = ADVANCED_FACE ( 'NONE', ( #6770 ), #3816, .F. ) ;
#5611 = VERTEX_POINT ( 'NONE', #1994 ) ;
#5612 = EDGE_LOOP ( 'NONE', ( #399, #6087 ) ) ;
#5613 = VERTEX_POINT ( 'NONE', #6127 ) ;
#5614 = DIRECTION ( 'NONE',  ( 0.000000000000000000, 0.000000000000000000, -1.000000000000000000 ) ) ;
#5615 = DIRECTION ( 'NONE',  ( 0.000000000000000000, 0.000000000000000000, 1.000000000000000000 ) ) ;
#5616 = CARTESIAN_POINT ( 'NONE',  ( -17.00000000000000000, 44.99747468305834985, 48.24747468305830012 ) ) ;
#5617 = ORIENTED_EDGE ( 'NONE', *, *, #4812, .T. ) ;
#5618 = AXIS2_PLACEMENT_3D ( 'NONE', #2744, #6687, #6235 ) ;
#5619 = EDGE_CURVE ( 'NONE', #180, #2465, #5433, .T. ) ;
#5620 = DIRECTION ( 'NONE',  ( 1.000000000000000000, 0.000000000000000000, 0.000000000000000000 ) ) ;
#5621 = ORIENTED_EDGE ( 'NONE', *, *, #579, .T. ) ;
#5622 = EDGE_LOOP ( 'NONE', ( #1319, #1061, #5633, #2812 ) ) ;
#5623 = FACE_OUTER_BOUND ( 'NONE', #3410, .T. ) ;
#5624 = DIRECTION ( 'NONE',  ( -1.000000000000000000, 0.000000000000000000, 0.000000000000000000 ) ) ;
#5625 = EDGE_CURVE ( 'NONE', #2058, #2499, #3612, .T. ) ;
#5626 = CARTESIAN_POINT ( 'NONE',  ( -10.50000000000000000, 7.347880794884119933E-15, -36.39999999999999858 ) ) ;
#5627 = FACE_BOUND ( 'NONE', #4230, .T. ) ;
#5628 = AXIS2_PLACEMENT_3D ( 'NONE', #723, #2428, #4063 ) ;
#5629 = CIRCLE ( 'NONE', #3557, 3.499999999999999556 ) ;
#5630 = LINE ( 'NONE', #3808, #47 ) ;
#5631 = CIRCLE ( 'NONE', #529, 4.000000000000000000 ) ;
#5632 = DIRECTION ( 'NONE',  ( -1.000000000000000000, 0.000000000000000000, 0.000000000000000000 ) ) ;
#5633 = ORIENTED_EDGE ( 'NONE', *, *, #3505, .F. ) ;
#5634 = FACE_OUTER_BOUND ( 'NONE', #990, .T. ) ;
#5635 = CARTESIAN_POINT ( 'NONE',  ( 0.000000000000000000, -3.370785039248560100, -21.96922704839735019 ) ) ;
#5636 = CARTESIAN_POINT ( 'NONE',  ( 3.000000000000000000, -15.72128267389225087, -20.95387285467269933 ) ) ;
#5637 = ORIENTED_EDGE ( 'NONE', *, *, #3500, .T. ) ;
#5638 = DIRECTION ( 'NONE',  ( 1.000000000000000000, 0.000000000000000000, 0.000000000000000000 ) ) ;
#5639 = ORIENTED_EDGE ( 'NONE', *, *, #4698, .F. ) ;
#5640 = CARTESIAN_POINT ( 'NONE',  ( -14.14213562373093858, 15.00000000000000000, 15.00000000000000000 ) ) ;
#5641 = ADVANCED_FACE ( 'NONE', ( #5715 ), #1618, .F. ) ;
#5642 = CARTESIAN_POINT ( 'NONE',  ( -17.00000000000000000, 49.49747468305830722, 55.24747468305830012 ) ) ;
#5643 = AXIS2_PLACEMENT_3D ( 'NONE', #1426, #931, #278 ) ;
#5644 = EDGE_CURVE ( 'NONE', #5570, #2190, #5173, .T. ) ;
#5645 = DIRECTION ( 'NONE',  ( -1.000000000000000000, -0.000000000000000000, -0.000000000000000000 ) ) ;
#5646 = EDGE_CURVE ( 'NONE', #3945, #38, #6280, .T. ) ;
#5647 = EDGE_LOOP ( 'NONE', ( #2735, #678, #2613, #2498 ) ) ;
#5648 = FACE_OUTER_BOUND ( 'NONE', #3938, .T. ) ;
#5649 = ORIENTED_EDGE ( 'NONE', *, *, #5416, .T. ) ;
#5650 = ORIENTED_EDGE ( 'NONE', *, *, #5967, .T. ) ;
#5651 = CARTESIAN_POINT ( 'NONE',  ( 0.000000000000000000, -2.701750790494729805E-16, 25.80614694161269895 ) ) ;
#5652 = VECTOR ( 'NONE', #806, 1000.000000000000000 ) ;
#5653 = CARTESIAN_POINT ( 'NONE',  ( 3.000000000000000000, 19.99431948050905206, 14.76172929972859826 ) ) ;
#5654 = DIRECTION ( 'NONE',  ( 0.000000000000000000, 0.000000000000000000, -1.000000000000000000 ) ) ;
#5655 = VECTOR ( 'NONE', #3341, 1000.000000000000000 ) ;
#5656 = EDGE_CURVE ( 'NONE', #1928, #6492, #825, .T. ) ;
#5657 = EDGE_LOOP ( 'NONE', ( #2606, #1234, #5997, #1934 ) ) ;
#5658 = CIRCLE ( 'NONE', #2382, 5.000000000000000888 ) ;
#5659 = CYLINDRICAL_SURFACE ( 'NONE', #1508, 5.999999999999998224 ) ;
#5660 = ORIENTED_EDGE ( 'NONE', *, *, #2073, .F. ) ;
#5661 = ORIENTED_EDGE ( 'NONE', *, *, #7214, .F. ) ;
#5662 = CIRCLE ( 'NONE', #1666, 5.999999999999998224 ) ;
#5663 = CARTESIAN_POINT ( 'NONE',  ( 3.000000000000000888, -15.00000000000000000, -15.00000000000000000 ) ) ;
#5664 = CARTESIAN_POINT ( 'NONE',  ( 3.000000000000000000, 49.94734338944670782, 57.29768064699699437 ) ) ;
#5665 = EDGE_CURVE ( 'NONE', #5549, #4070, #2297, .T. ) ;
#5666 = CARTESIAN_POINT ( 'NONE',  ( -4.040819706224295618E-17, -42.49929662229980210, -47.77712100199629930 ) ) ;
#5667 = PLANE ( 'NONE',  #3704 ) ;
#5668 = EDGE_CURVE ( 'NONE', #198, #4967, #3493, .T. ) ;
#5669 = VECTOR ( 'NONE', #2840, 1000.000000000000000 ) ;
#5670 = CARTESIAN_POINT ( 'NONE',  ( 0.9499999999999999556, -47.35404289052740268, 42.12145270974695421 ) ) ;
#5671 = CARTESIAN_POINT ( 'NONE',  ( 0.000000000000000000, 0.000000000000000000, 44.22904016544200090 ) ) ;
#5672 = ORIENTED_EDGE ( 'NONE', *, *, #5985, .F. ) ;
#5673 = DIRECTION ( 'NONE',  ( -1.000000000000000000, -0.000000000000000000, -0.000000000000000000 ) ) ;
#5674 = AXIS2_PLACEMENT_3D ( 'NONE', #1456, #920, #3155 ) ;
#5675 = CARTESIAN_POINT ( 'NONE',  ( 0.000000000000000000, -35.42412474690101476, -44.89935561480072579 ) ) ;
#5676 = DIRECTION ( 'NONE',  ( -1.000000000000000000, 0.000000000000000000, -0.000000000000000000 ) ) ;
#5677 = CARTESIAN_POINT ( 'NONE',  ( 3.149999999999999911, -42.12145270974695421, 47.35404289052740268 ) ) ;
#5678 = ORIENTED_EDGE ( 'NONE', *, *, #5740, .T. ) ;
#5679 = DIRECTION ( 'NONE',  ( -1.000000000000000000, 0.000000000000000000, 0.000000000000000000 ) ) ;
#5680 = AXIS2_PLACEMENT_3D ( 'NONE', #2185, #7418, #4523 ) ;
#5681 = ORIENTED_EDGE ( 'NONE', *, *, #2898, .F. ) ;
#5682 = DIRECTION ( 'NONE',  ( -1.000000000000000000, 0.000000000000000000, 0.000000000000000000 ) ) ;
#5683 = CARTESIAN_POINT ( 'NONE',  ( 13.59999999999999964, -2.701750790494729805E-16, 29.30614694161269895 ) ) ;
#5684 = AXIS2_PLACEMENT_3D ( 'NONE', #2044, #4347, #6665 ) ;
#5685 = LINE ( 'NONE', #6781, #7030 ) ;
#5686 = AXIS2_PLACEMENT_3D ( 'NONE', #4320, #4971, #4396 ) ;
#5687 = ORIENTED_EDGE ( 'NONE', *, *, #5134, .T. ) ;
#5688 = ADVANCED_FACE ( 'NONE', ( #1121 ), #469, .T. ) ;
#5689 = DIRECTION ( 'NONE',  ( 0.000000000000000000, 0.000000000000000000, -1.000000000000000000 ) ) ;
#5690 = ORIENTED_EDGE ( 'NONE', *, *, #32, .F. ) ;
#5691 = VECTOR ( 'NONE', #5484, 1000.000000000000000 ) ;
#5692 = ORIENTED_EDGE ( 'NONE', *, *, #4973, .F. ) ;
#5693 = CARTESIAN_POINT ( 'NONE',  ( 3.000000000000000000, -47.35404289052740268, 42.12145270974695421 ) ) ;
#5694 = PLANE ( 'NONE',  #5079 ) ;
#5695 = AXIS2_PLACEMENT_3D ( 'NONE', #1638, #2841, #7469 ) ;
#5696 = CYLINDRICAL_SURFACE ( 'NONE', #4189, 2.000000000000001776 ) ;
#5697 = EDGE_CURVE ( 'NONE', #4240, #1220, #4170, .T. ) ;
#5698 = ORIENTED_EDGE ( 'NONE', *, *, #1537, .T. ) ;
#5699 = CARTESIAN_POINT ( 'NONE',  ( -7.156768276902879755, -49.49747468305869802, -53.99747468305799458 ) ) ;
#5700 = VERTEX_POINT ( 'NONE', #507 ) ;
#5701 = ORIENTED_EDGE ( 'NONE', *, *, #6403, .F. ) ;
#5702 = DIRECTION ( 'NONE',  ( 0.000000000000000000, 0.000000000000000000, -1.000000000000000000 ) ) ;
#5703 = DIRECTION ( 'NONE',  ( 0.000000000000000000, 0.000000000000000000, 1.000000000000000000 ) ) ;
#5704 = EDGE_CURVE ( 'NONE', #6518, #2197, #5133, .T. ) ;
#5705 = DIRECTION ( 'NONE',  ( 1.000000000000000000, 0.000000000000000000, 0.000000000000000000 ) ) ;
#5706 = CARTESIAN_POINT ( 'NONE',  ( 3.000000000000000000, 49.49747468305830722, 49.49747468305830722 ) ) ;
#5707 = AXIS2_PLACEMENT_3D ( 'NONE', #4996, #5645, #7316 ) ;
#5708 = CARTESIAN_POINT ( 'NONE',  ( 0.000000000000000000, -20.35051772041052587, -12.75510716987533399 ) ) ;
#5709 = DIRECTION ( 'NONE',  ( 1.000000000000000000, 0.000000000000000000, -0.000000000000000000 ) ) ;
#5710 = ORIENTED_EDGE ( 'NONE', *, *, #4487, .T. ) ;
#5711 = ADVANCED_FACE ( 'NONE', ( #2790 ), #3356, .T. ) ;
#5712 = DIRECTION ( 'NONE',  ( 1.000000000000000000, 0.000000000000000000, 0.000000000000000000 ) ) ;
#5713 = CARTESIAN_POINT ( 'NONE',  ( 0.000000000000000000, 37.54544509046066025, -42.77803527124111582 ) ) ;
#5714 = DIRECTION ( 'NONE',  ( 1.000000000000000000, 0.000000000000000000, 0.000000000000000000 ) ) ;
#5715 = FACE_OUTER_BOUND ( 'NONE', #7358, .T. ) ;
#5716 = CIRCLE ( 'NONE', #5471, 3.000000000000000000 ) ;
#5717 = DIRECTION ( 'NONE',  ( 0.000000000000000000, 0.000000000000000000, -1.000000000000000000 ) ) ;
#5718 = VERTEX_POINT ( 'NONE', #4037 ) ;
#5719 = FACE_OUTER_BOUND ( 'NONE', #4438, .T. ) ;
#5720 = CIRCLE ( 'NONE', #4988, 3.000000000000002665 ) ;
#5721 = ADVANCED_FACE ( 'NONE', ( #1086 ), #6351, .F. ) ;
#5722 = LINE ( 'NONE', #5683, #2262 ) ;
#5723 = DIRECTION ( 'NONE',  ( 0.000000000000000000, 0.000000000000000000, 1.000000000000000000 ) ) ;
#5724 = VERTEX_POINT ( 'NONE', #4075 ) ;
#5725 = DIRECTION ( 'NONE',  ( 1.000000000000000000, 0.000000000000000000, 0.000000000000000000 ) ) ;
#5726 = VERTEX_POINT ( 'NONE', #6388 ) ;
#5727 = EDGE_LOOP ( 'NONE', ( #1288, #6802, #2687, #2885 ) ) ;
#5728 = DIRECTION ( 'NONE',  ( 0.000000000000000000, 0.000000000000000000, -1.000000000000000000 ) ) ;
#5729 = DIRECTION ( 'NONE',  ( 0.000000000000000000, 0.000000000000000000, -1.000000000000000000 ) ) ;
#5730 = CARTESIAN_POINT ( 'NONE',  ( 0.000000000000000000, 47.63020583461283053, -42.38253758752706801 ) ) ;
#5731 = EDGE_CURVE ( 'NONE', #3143, #5700, #6401, .T. ) ;
#5732 = ORIENTED_EDGE ( 'NONE', *, *, #311, .F. ) ;
#5733 = LINE ( 'NONE', #490, #285 ) ;
#5734 = EDGE_CURVE ( 'NONE', #6716, #1308, #3864, .T. ) ;
#5735 = EDGE_LOOP ( 'NONE', ( #1463, #3910, #5448, #6872 ) ) ;
#5736 = ORIENTED_EDGE ( 'NONE', *, *, #4494, .F. ) ;
#5737 = CARTESIAN_POINT ( 'NONE',  ( 3.000000000000000000, -49.49747468305860565, -43.74747468305795195 ) ) ;
#5738 = CARTESIAN_POINT ( 'NONE',  ( 3.000000000000000000, 57.06990735657345226, 54.30119389361710347 ) ) ;
#5739 = DIRECTION ( 'NONE',  ( 0.000000000000000000, 0.000000000000000000, 1.000000000000000000 ) ) ;
#5740 = EDGE_CURVE ( 'NONE', #5337, #4070, #3232, .T. ) ;
#5741 = CARTESIAN_POINT ( 'NONE',  ( 2.049999999999998934, -48.56209539888306637, 43.32950521810258238 ) ) ;
#5742 = EDGE_CURVE ( 'NONE', #6632, #179, #6164, .T. ) ;
#5743 = DIRECTION ( 'NONE',  ( 0.000000000000000000, 0.000000000000000000, 1.000000000000000000 ) ) ;
#5744 = ORIENTED_EDGE ( 'NONE', *, *, #2819, .T. ) ;
#5745 = CARTESIAN_POINT ( 'NONE',  ( 0.000000000000000000, -22.53911095319579516, 12.32384491566664408 ) ) ;
#5746 = VECTOR ( 'NONE', #312, 1000.000000000000114 ) ;
#5747 = CARTESIAN_POINT ( 'NONE',  ( 3.000000000000000000, 47.54235134132159857, 42.30031454084629416 ) ) ;
#5748 = LINE ( 'NONE', #539, #1158 ) ;
#5749 = DIRECTION ( 'NONE',  ( 1.000000000000000000, 0.000000000000000000, 0.000000000000000000 ) ) ;
#5750 = VECTOR ( 'NONE', #3524, 1000.000000000000000 ) ;
#5751 = CYLINDRICAL_SURFACE ( 'NONE', #6678, 3.000000000000000000 ) ;
#5752 = EDGE_LOOP ( 'NONE', ( #1188, #6690, #2006, #864, #4813, #3029, #256, #3144, #3271, #2863, #5281 ) ) ;
#5753 = AXIS2_PLACEMENT_3D ( 'NONE', #2782, #2213, #5126 ) ;
#5754 = CYLINDRICAL_SURFACE ( 'NONE', #349, 3.330726836203799834 ) ;
#5755 = DIRECTION ( 'NONE',  ( 0.000000000000000000, 0.000000000000000000, -1.000000000000000000 ) ) ;
#5756 = EDGE_CURVE ( 'NONE', #713, #1789, #3490, .T. ) ;
#5757 = CARTESIAN_POINT ( 'NONE',  ( -14.00000000000000000, -15.00000000000000000, 17.25000000000000000 ) ) ;
#5758 = VERTEX_POINT ( 'NONE', #5246 ) ;
#5759 = EDGE_CURVE ( 'NONE', #3369, #2807, #54, .T. ) ;
#5760 = DIRECTION ( 'NONE',  ( 1.000000000000000000, 0.000000000000000000, 0.000000000000000000 ) ) ;
#5761 = EDGE_LOOP ( 'NONE', ( #7263, #341, #5771, #6090 ) ) ;
#5762 = VERTEX_POINT ( 'NONE', #3748 ) ;
#5763 = CARTESIAN_POINT ( 'NONE',  ( -17.00000000000000000, -32.43634977756084226, 40.52057344476229872 ) ) ;
#5764 = CARTESIAN_POINT ( 'NONE',  ( -10.50000000000000000, 23.59999999999999787, 9.108356170405180515E-15 ) ) ;
#5765 = VECTOR ( 'NONE', #5786, 1000.000000000000000 ) ;
#5766 = LINE ( 'NONE', #6185, #802 ) ;
#5767 = VERTEX_POINT ( 'NONE', #823 ) ;
#5768 = CARTESIAN_POINT ( 'NONE',  ( 1.999999999999999556, -47.54239527878453941, -42.30026610687168187 ) ) ;
#5769 = DIRECTION ( 'NONE',  ( 1.000000000000000000, 0.000000000000000000, 0.000000000000000000 ) ) ;
#5770 = VECTOR ( 'NONE', #1303, 999.9999999999998863 ) ;
#5771 = ORIENTED_EDGE ( 'NONE', *, *, #1827, .F. ) ;
#5772 = ORIENTED_EDGE ( 'NONE', *, *, #1729, .T. ) ;
#5773 = CARTESIAN_POINT ( 'NONE',  ( -17.00000000000000000, -44.99747468305779563, 50.74747468305880460 ) ) ;
#5774 = AXIS2_PLACEMENT_3D ( 'NONE', #7119, #745, #2491 ) ;
#5775 = DIRECTION ( 'NONE',  ( 0.000000000000000000, 0.000000000000000000, -1.000000000000000000 ) ) ;
#5776 = CARTESIAN_POINT ( 'NONE',  ( 0.000000000000000000, -42.12145270974760081, -47.35404289052809901 ) ) ;
#5777 = VECTOR ( 'NONE', #2755, 1000.000000000000000 ) ;
#5778 = CARTESIAN_POINT ( 'NONE',  ( 0.000000000000000000, -54.30119389361562554, 57.06990735657496572 ) ) ;
#5779 = CIRCLE ( 'NONE', #2501, 2.999999999999999112 ) ;
#5780 = DIRECTION ( 'NONE',  ( 0.000000000000000000, 0.000000000000000000, -1.000000000000000000 ) ) ;
#5781 = AXIS2_PLACEMENT_3D ( 'NONE', #4061, #6979, #5815 ) ;
#5782 = ORIENTED_EDGE ( 'NONE', *, *, #5925, .T. ) ;
#5783 = ADVANCED_FACE ( 'NONE', ( #3254 ), #901, .F. ) ;
#5784 = CARTESIAN_POINT ( 'NONE',  ( 2.049999999999994049, 48.56209539888330795, -43.32950521810283107 ) ) ;
#5785 = CARTESIAN_POINT ( 'NONE',  ( 2.999999999999999112, -5.332174861821640022, 12.63835602176123984 ) ) ;
#5786 = DIRECTION ( 'NONE',  ( 1.000000000000000000, 0.000000000000000000, 0.000000000000000000 ) ) ;
#5787 = AXIS2_PLACEMENT_3D ( 'NONE', #7285, #338, #909 ) ;
#5788 = CARTESIAN_POINT ( 'NONE',  ( -0.1499999999999999944, -42.12145270974695421, 47.35404289052740268 ) ) ;
#5789 = EDGE_CURVE ( 'NONE', #5332, #3304, #4418, .T. ) ;
#5790 = DIRECTION ( 'NONE',  ( -1.000000000000000000, -0.000000000000000000, -0.000000000000000000 ) ) ;
#5791 = AXIS2_PLACEMENT_3D ( 'NONE', #6583, #7077, #1854 ) ;
#5792 = VERTEX_POINT ( 'NONE', #3288 ) ;
#5793 = DIRECTION ( 'NONE',  ( 0.000000000000000000, 0.000000000000000000, -1.000000000000000000 ) ) ;
#5794 = DIRECTION ( 'NONE',  ( -1.000000000000000000, -0.000000000000000000, -0.000000000000000000 ) ) ;
#5795 = CIRCLE ( 'NONE', #576, 2.249999999999998668 ) ;
#5796 = DIRECTION ( 'NONE',  ( 1.000000000000000000, 0.000000000000000000, 0.000000000000000000 ) ) ;
#5797 = ORIENTED_EDGE ( 'NONE', *, *, #4948, .T. ) ;
#5798 = ADVANCED_FACE ( 'NONE', ( #7277 ), #4308, .T. ) ;
#5799 = FACE_OUTER_BOUND ( 'NONE', #152, .T. ) ;
#5800 = ORIENTED_EDGE ( 'NONE', *, *, #4531, .T. ) ;
#5801 = EDGE_CURVE ( 'NONE', #454, #6086, #3127, .T. ) ;
#5802 = EDGE_LOOP ( 'NONE', ( #2702, #6030, #5027, #3063, #551 ) ) ;
#5803 = LINE ( 'NONE', #5763, #5669 ) ;
#5804 = CIRCLE ( 'NONE', #7373, 5.000000000000000888 ) ;
#5805 = CARTESIAN_POINT ( 'NONE',  ( 3.000000000000000000, 11.00000000000000000, -44.83172803104509541 ) ) ;
#5806 = CARTESIAN_POINT ( 'NONE',  ( 0.000000000000000000, 9.000000000000000000, -50.93157033242439979 ) ) ;
#5807 = AXIS2_PLACEMENT_3D ( 'NONE', #2323, #2922, #1222 ) ;
#5808 = ORIENTED_EDGE ( 'NONE', *, *, #4538, .T. ) ;
#5809 = CARTESIAN_POINT ( 'NONE',  ( -7.156768276902879755, -44.99747468305864828, -49.49747468305800169 ) ) ;
#5810 = CIRCLE ( 'NONE', #710, 1.250000000000001110 ) ;
#5811 = CARTESIAN_POINT ( 'NONE',  ( 13.59999999999999964, 7.347880794884119933E-15, -36.39999999999999858 ) ) ;
#5812 = EDGE_LOOP ( 'NONE', ( #3070, #1059, #2649, #888 ) ) ;
#5813 = VECTOR ( 'NONE', #6746, 1000.000000000000000 ) ;
#5814 = ORIENTED_EDGE ( 'NONE', *, *, #4973, .T. ) ;
#5815 = DIRECTION ( 'NONE',  ( 0.000000000000000000, 0.000000000000000000, -1.000000000000000000 ) ) ;
#5816 = DIRECTION ( 'NONE',  ( 1.000000000000000000, 0.000000000000000000, 0.000000000000000000 ) ) ;
#5817 = FACE_OUTER_BOUND ( 'NONE', #3918, .T. ) ;
#5818 = VECTOR ( 'NONE', #6645, 1000.000000000000000 ) ;
#5819 = ORIENTED_EDGE ( 'NONE', *, *, #5201, .F. ) ;
#5820 = VECTOR ( 'NONE', #5760, 1000.000000000000000 ) ;
#5821 = CARTESIAN_POINT ( 'NONE',  ( 0.000000000000000000, -20.70741139360497485, 15.47482121282451750 ) ) ;
#5822 = EDGE_LOOP ( 'NONE', ( #4582, #3878, #5891, #3672 ) ) ;
#5823 = FACE_OUTER_BOUND ( 'NONE', #3827, .T. ) ;
#5824 = DIRECTION ( 'NONE',  ( -1.000000000000000000, 0.000000000000000000, 0.000000000000000000 ) ) ;
#5825 = PLANE ( 'NONE',  #2734 ) ;
#5826 = AXIS2_PLACEMENT_3D ( 'NONE', #3107, #5422, #222 ) ;
#5827 = CARTESIAN_POINT ( 'NONE',  ( 3.000000000000000000, -42.49929430624609950, -47.77712424307149774 ) ) ;
#5828 = FACE_OUTER_BOUND ( 'NONE', #1284, .T. ) ;
#5829 = EDGE_CURVE ( 'NONE', #6601, #2151, #5065, .T. ) ;
#5830 = ORIENTED_EDGE ( 'NONE', *, *, #2398, .T. ) ;
#5831 = DIRECTION ( 'NONE',  ( 0.000000000000000000, 1.000000000000000000, -1.224646799147353207E-16 ) ) ;
#5832 = CARTESIAN_POINT ( 'NONE',  ( 3.000000000000000000, 11.25843319070881954, -36.99354635229354926 ) ) ;
#5833 = CARTESIAN_POINT ( 'NONE',  ( 13.59999999999999964, -4.000000000000000000, -45.56515138991167646 ) ) ;
#5834 = EDGE_CURVE ( 'NONE', #6162, #2252, #3135, .T. ) ;
#5835 = ORIENTED_EDGE ( 'NONE', *, *, #2133, .T. ) ;
#5836 = DIRECTION ( 'NONE',  ( 0.000000000000000000, 0.000000000000000000, -1.000000000000000000 ) ) ;
#5837 = EDGE_LOOP ( 'NONE', ( #2657, #2614, #6880, #999 ) ) ;
#5838 = ORIENTED_EDGE ( 'NONE', *, *, #2930, .F. ) ;
#5839 = VECTOR ( 'NONE', #589, 1000.000000000000000 ) ;
#5840 = DIRECTION ( 'NONE',  ( 0.000000000000000000, 0.000000000000000000, -1.000000000000000000 ) ) ;
#5841 = CARTESIAN_POINT ( 'NONE',  ( -17.00000000000000000, -49.49747468305860565, -44.99747468305794484 ) ) ;
#5842 = CARTESIAN_POINT ( 'NONE',  ( 3.000000000000000000, -57.03070887753381157, -49.49747468305820775 ) ) ;
#5843 = FACE_BOUND ( 'NONE', #914, .T. ) ;
#5844 = VERTEX_POINT ( 'NONE', #6626 ) ;
#5845 = EDGE_CURVE ( 'NONE', #3546, #3374, #4994, .T. ) ;
#5846 = CARTESIAN_POINT ( 'NONE',  ( -10.50000000000000000, 23.59999999999999787, 5.000000000000010658 ) ) ;
#5847 = CARTESIAN_POINT ( 'NONE',  ( 0.000000000000000000, -49.49747468305869802, -57.32820151926180330 ) ) ;
#5848 = EDGE_LOOP ( 'NONE', ( #3790, #115, #6265, #518 ) ) ;
#5849 = AXIS2_PLACEMENT_3D ( 'NONE', #2195, #6252, #516 ) ;
#5850 = ORIENTED_EDGE ( 'NONE', *, *, #2075, .F. ) ;
#5851 = DIRECTION ( 'NONE',  ( 1.000000000000000000, 0.000000000000000000, 0.000000000000000000 ) ) ;
#5852 = CARTESIAN_POINT ( 'NONE',  ( 6.938893903907229955E-15, 11.25843319070881954, -36.99354635229354926 ) ) ;
#5853 = CARTESIAN_POINT ( 'NONE',  ( 2.999999999999999112, 13.35739020882256867, 19.72248166475297637 ) ) ;
#5854 = CIRCLE ( 'NONE', #6883, 3.000000000000000000 ) ;
#5855 = EDGE_LOOP ( 'NONE', ( #6362, #382, #1966, #2459 ) ) ;
#5856 = ADVANCED_FACE ( 'NONE', ( #6735 ), #1434, .T. ) ;
#5857 = LINE ( 'NONE', #2507, #5979 ) ;
#5858 = ORIENTED_EDGE ( 'NONE', *, *, #4517, .T. ) ;
#5859 = ADVANCED_FACE ( 'NONE', ( #7195 ), #1548, .T. ) ;
#5860 = CARTESIAN_POINT ( 'NONE',  ( 32.59999999999999432, -5.332174861821640022, -11.46965711278945932 ) ) ;
#5861 = CARTESIAN_POINT ( 'NONE',  ( 3.000000000000000000, 44.99747468305834985, 49.49747468305830722 ) ) ;
#5862 = DIRECTION ( 'NONE',  ( 0.000000000000000000, 0.000000000000000000, -1.000000000000000000 ) ) ;
#5863 = CARTESIAN_POINT ( 'NONE',  ( 3.000000000000002665, 28.97625932060923759, 34.23203044119551919 ) ) ;
#5864 = VECTOR ( 'NONE', #6915, 999.9999999999998863 ) ;
#5865 = ORIENTED_EDGE ( 'NONE', *, *, #4698, .T. ) ;
#5866 = FACE_OUTER_BOUND ( 'NONE', #3190, .T. ) ;
#5867 = TOROIDAL_SURFACE ( 'NONE', #2590, 6.000000000000000888, 1.000000000000000000 ) ;
#5868 = CARTESIAN_POINT ( 'NONE',  ( 3.000000000000002665, 35.39176575354740351, 40.65799922978155223 ) ) ;
#5869 = CIRCLE ( 'NONE', #2233, 2.999999999999995559 ) ;
#5870 = AXIS2_PLACEMENT_3D ( 'NONE', #2555, #4865, #5357 ) ;
#5871 = DIRECTION ( 'NONE',  ( 1.000000000000000000, -0.000000000000000000, -0.000000000000000000 ) ) ;
#5872 = CYLINDRICAL_SURFACE ( 'NONE', #2303, 1.250000000000001110 ) ;
#5873 = ORIENTED_EDGE ( 'NONE', *, *, #5740, .F. ) ;
#5874 = EDGE_CURVE ( 'NONE', #2048, #6999, #5804, .T. ) ;
#5875 = ORIENTED_EDGE ( 'NONE', *, *, #2083, .T. ) ;
#5876 = CARTESIAN_POINT ( 'NONE',  ( 0.000000000000000000, -8.292803534721102210, 22.40481398323211337 ) ) ;
#5877 = DIRECTION ( 'NONE',  ( -1.000000000000000000, 0.000000000000000000, 0.000000000000000000 ) ) ;
#5878 = CARTESIAN_POINT ( 'NONE',  ( 0.000000000000000000, -35.39869308601529951, 40.65196812363429757 ) ) ;
#5879 = LINE ( 'NONE', #7155, #4914 ) ;
#5880 = ADVANCED_FACE ( 'NONE', ( #2567 ), #859, .T. ) ;
#5881 = EDGE_CURVE ( 'NONE', #6197, #2230, #1804, .T. ) ;
#5882 = ORIENTED_EDGE ( 'NONE', *, *, #2926, .F. ) ;
#5883 = DIRECTION ( 'NONE',  ( 1.000000000000000000, 0.000000000000000000, 0.000000000000000000 ) ) ;
#5884 = ORIENTED_EDGE ( 'NONE', *, *, #4367, .F. ) ;
#5885 = VERTEX_POINT ( 'NONE', #4456 ) ;
#5886 = CARTESIAN_POINT ( 'NONE',  ( -0.9999999999999991118, 4.033806604815713204E-16, 31.30614694161269895 ) ) ;
#5887 = VECTOR ( 'NONE', #5060, 1000.000000000000000 ) ;
#5888 = CARTESIAN_POINT ( 'NONE',  ( 0.000000000000000000, -49.49747468305790221, 44.99747468305884723 ) ) ;
#5889 = CARTESIAN_POINT ( 'NONE',  ( 3.000000000000000888, -2.701750790494729805E-16, 25.80614694161269895 ) ) ;
#5890 = ADVANCED_FACE ( 'NONE', ( #3895 ), #5488, .F. ) ;
#5891 = ORIENTED_EDGE ( 'NONE', *, *, #2686, .F. ) ;
#5892 = CIRCLE ( 'NONE', #1163, 4.000000000000000000 ) ;
#5893 = CARTESIAN_POINT ( 'NONE',  ( -3.094967456141230570E-17, -47.54235218414199693, -42.30031392873874552 ) ) ;
#5894 = ORIENTED_EDGE ( 'NONE', *, *, #2760, .F. ) ;
#5895 = VECTOR ( 'NONE', #1748, 1000.000000000000114 ) ;
#5896 = CARTESIAN_POINT ( 'NONE',  ( -0.9999999999999991118, 23.59999999999999787, 5.000000000000010658 ) ) ;
#5897 = ADVANCED_FACE ( 'NONE', ( #4919 ), #7238, .F. ) ;
#5898 = AXIS2_PLACEMENT_3D ( 'NONE', #2610, #3823, #4963 ) ;
#5899 = CARTESIAN_POINT ( 'NONE',  ( 0.000000000000000000, 0.000000000000000000, -19.81566993998855253 ) ) ;
#5900 = DIRECTION ( 'NONE',  ( 1.000000000000000000, 0.000000000000000000, 0.000000000000000000 ) ) ;
#5901 = AXIS2_PLACEMENT_3D ( 'NONE', #5, #5851, #4625 ) ;
#5902 = CARTESIAN_POINT ( 'NONE',  ( 2.050000000000000266, 47.35404289052719662, 42.12145270974674816 ) ) ;
#5903 = AXIS2_PLACEMENT_3D ( 'NONE', #165, #1956, #5944 ) ;
#5904 = VERTEX_POINT ( 'NONE', #3786 ) ;
#5905 = AXIS2_PLACEMENT_3D ( 'NONE', #4124, #6932, #6364 ) ;
#5906 = FACE_OUTER_BOUND ( 'NONE', #6414, .T. ) ;
#5907 = CYLINDRICAL_SURFACE ( 'NONE', #2525, 3.033234194475119327 ) ;
#5908 = CIRCLE ( 'NONE', #4807, 2.250000000000000444 ) ;
#5909 = CARTESIAN_POINT ( 'NONE',  ( 0.000000000000000000, -19.99431948050905206, -14.76172929972859826 ) ) ;
#5910 = CARTESIAN_POINT ( 'NONE',  ( 76.59212285118779562, -35.39869308601529951, 40.65196812363429757 ) ) ;
#5911 = ORIENTED_EDGE ( 'NONE', *, *, #7274, .T. ) ;
#5912 = EDGE_LOOP ( 'NONE', ( #3521, #848, #3730, #641 ) ) ;
#5913 = FACE_OUTER_BOUND ( 'NONE', #2902, .T. ) ;
#5914 = CIRCLE ( 'NONE', #1306, 3.330726836203799834 ) ;
#5915 = CARTESIAN_POINT ( 'NONE',  ( 0.000000000000000000, 22.83626106214220641, -8.352646070663812594 ) ) ;
#5916 = DIRECTION ( 'NONE',  ( 0.000000000000000000, 0.000000000000000000, -1.000000000000000000 ) ) ;
#5917 = ORIENTED_EDGE ( 'NONE', *, *, #1002, .F. ) ;
#5918 = EDGE_CURVE ( 'NONE', #713, #5259, #6095, .T. ) ;
#5919 = CARTESIAN_POINT ( 'NONE',  ( 3.149999999999999911, -42.12145270974760081, -47.35404289052809901 ) ) ;
#5920 = CARTESIAN_POINT ( 'NONE',  ( 2.999999999999999112, -9.332174861821640022, 8.638356021761239845 ) ) ;
#5921 = ORIENTED_EDGE ( 'NONE', *, *, #7339, .F. ) ;
#5922 = AXIS2_PLACEMENT_3D ( 'NONE', #2642, #4911, #6657 ) ;
#5923 = ORIENTED_EDGE ( 'NONE', *, *, #5366, .T. ) ;
#5924 = CARTESIAN_POINT ( 'NONE',  ( 3.000000023419479245, -28.49411002171713037, 33.82738869685254457 ) ) ;
#5925 = EDGE_CURVE ( 'NONE', #2925, #2111, #1442, .T. ) ;
#5926 = CYLINDRICAL_SURFACE ( 'NONE', #6771, 2.000000000000001776 ) ;
#5927 = DIRECTION ( 'NONE',  ( 1.000000000000000000, 0.000000000000000000, 0.000000000000000000 ) ) ;
#5928 = CIRCLE ( 'NONE', #107, 1.000000000000000888 ) ;
#5929 = VERTEX_POINT ( 'NONE', #1160 ) ;
#5930 = DIRECTION ( 'NONE',  ( 1.000000000000000000, 0.000000000000000000, 0.000000000000000000 ) ) ;
#5931 = ORIENTED_EDGE ( 'NONE', *, *, #4172, .T. ) ;
#5932 = EDGE_CURVE ( 'NONE', #1333, #3474, #4103, .T. ) ;
#5933 = VERTEX_POINT ( 'NONE', #6285 ) ;
#5934 = CARTESIAN_POINT ( 'NONE',  ( 3.149999999999999911, 47.35404289052780058, -42.12145270974739475 ) ) ;
#5935 = AXIS2_PLACEMENT_3D ( 'NONE', #4288, #3724, #190 ) ;
#5936 = CIRCLE ( 'NONE', #2665, 3.033234194475119327 ) ;
#5937 = DIRECTION ( 'NONE',  ( 1.000000000000000000, 0.000000000000000000, 0.000000000000000000 ) ) ;
#5938 = FACE_OUTER_BOUND ( 'NONE', #4529, .T. ) ;
#5939 = CIRCLE ( 'NONE', #6050, 2.999999999999999112 ) ;
#5940 = EDGE_CURVE ( 'NONE', #2399, #6782, #1809, .T. ) ;
#5941 = DIRECTION ( 'NONE',  ( -1.000000000000000000, 0.000000000000000000, 0.000000000000000000 ) ) ;
#5942 = VERTEX_POINT ( 'NONE', #1009 ) ;
#5943 = DIRECTION ( 'NONE',  ( 1.000000000000000000, 0.000000000000000000, 0.000000000000000000 ) ) ;
#5944 = DIRECTION ( 'NONE',  ( 0.000000000000000000, 0.000000000000000000, -1.000000000000000000 ) ) ;
#5945 = CARTESIAN_POINT ( 'NONE',  ( 3.000000000000000000, -19.99431948050905206, -14.76172929972859826 ) ) ;
#5946 = DIRECTION ( 'NONE',  ( 0.000000000000000000, -1.000000000000000000, 0.000000000000000000 ) ) ;
#5947 = ORIENTED_EDGE ( 'NONE', *, *, #3997, .F. ) ;
#5948 = EDGE_CURVE ( 'NONE', #5596, #5305, #5810, .T. ) ;
#5949 = DIRECTION ( 'NONE',  ( 1.000000000000000000, 0.000000000000000000, 0.000000000000000000 ) ) ;
#5950 = CARTESIAN_POINT ( 'NONE',  ( 3.000000000000002665, 7.000000000000000000, -36.39999999999999858 ) ) ;
#5951 = PLANE ( 'NONE',  #5283 ) ;
#5952 = VERTEX_POINT ( 'NONE', #5180 ) ;
#5953 = CARTESIAN_POINT ( 'NONE',  ( 3.000000000000000000, 49.49747468305830722, 53.99747468305830012 ) ) ;
#5954 = ORIENTED_EDGE ( 'NONE', *, *, #5665, .T. ) ;
#5955 = CIRCLE ( 'NONE', #1112, 2.000000000000001776 ) ;
#5956 = EDGE_LOOP ( 'NONE', ( #4211, #4713, #5830, #4977, #7006 ) ) ;
#5957 = ORIENTED_EDGE ( 'NONE', *, *, #3563, .T. ) ;
#5958 = DIRECTION ( 'NONE',  ( 0.000000000000000000, 0.000000000000000000, -1.000000000000000000 ) ) ;
#5959 = FACE_OUTER_BOUND ( 'NONE', #2785, .T. ) ;
#5960 = CARTESIAN_POINT ( 'NONE',  ( 2.999999999999999112, 0.000000000000000000, -23.81566993998855253 ) ) ;
#5961 = ORIENTED_EDGE ( 'NONE', *, *, #6027, .T. ) ;
#5962 = EDGE_CURVE ( 'NONE', #2680, #3820, #6890, .T. ) ;
#5963 = CARTESIAN_POINT ( 'NONE',  ( 0.000000000000000000, 47.35404289052780058, -42.12145270974734501 ) ) ;
#5964 = ORIENTED_EDGE ( 'NONE', *, *, #2187, .F. ) ;
#5965 = ORIENTED_EDGE ( 'NONE', *, *, #162, .T. ) ;
#5966 = CARTESIAN_POINT ( 'NONE',  ( 3.000000000000000000, -47.77712424307180328, 42.49929430624614923 ) ) ;
#5967 = EDGE_CURVE ( 'NONE', #7159, #108, #3615, .T. ) ;
#5968 = DIRECTION ( 'NONE',  ( -1.000000000000000000, -0.000000000000000000, -0.000000000000000000 ) ) ;
#5969 = CARTESIAN_POINT ( 'NONE',  ( 0.000000000000000000, 5.332174861821640022, 8.638356021761239845 ) ) ;
#5970 = AXIS2_PLACEMENT_3D ( 'NONE', #4140, #653, #121 ) ;
#5971 = ADVANCED_FACE ( 'NONE', ( #2267 ), #4491, .F. ) ;
#5972 = ADVANCED_FACE ( 'NONE', ( #3932 ), #5754, .T. ) ;
#5973 = CARTESIAN_POINT ( 'NONE',  ( 0.000000000000000000, -16.61578321113874779, -27.50522764141160081 ) ) ;
#5974 = ORIENTED_EDGE ( 'NONE', *, *, #7315, .F. ) ;
#5975 = CARTESIAN_POINT ( 'NONE',  ( 3.000000000000000000, 49.49747468305810116, -57.03070887753359841 ) ) ;
#5976 = VERTEX_POINT ( 'NONE', #6246 ) ;
#5977 = CYLINDRICAL_SURFACE ( 'NONE', #1203, 5.999999999999998224 ) ;
#5978 = FACE_OUTER_BOUND ( 'NONE', #5542, .T. ) ;
#5979 = VECTOR ( 'NONE', #5348, 1000.000000000000000 ) ;
#5980 = CARTESIAN_POINT ( 'NONE',  ( 0.000000000000000000, 49.49747468305830722, 49.49747468305830722 ) ) ;
#5981 = FACE_BOUND ( 'NONE', #6564, .T. ) ;
#5982 = VERTEX_POINT ( 'NONE', #3361 ) ;
#5984 = LINE ( 'NONE', #1119, #7425 ) ;
#5983 = VECTOR ( 'NONE', #183, 1000.000000000000114 ) ;
#5985 = EDGE_CURVE ( 'NONE', #4928, #2844, #1316, .T. ) ;
#5986 = DIRECTION ( 'NONE',  ( 0.000000000000000000, 0.000000000000000000, -1.000000000000000000 ) ) ;
#5987 = ORIENTED_EDGE ( 'NONE', *, *, #5043, .F. ) ;
#5988 = ADVANCED_FACE ( 'NONE', ( #5719 ), #2795, .T. ) ;
#5989 = FACE_OUTER_BOUND ( 'NONE', #3734, .T. ) ;
#5990 = ORIENTED_EDGE ( 'NONE', *, *, #6996, .T. ) ;
#5991 = ORIENTED_EDGE ( 'NONE', *, *, #6107, .T. ) ;
#5992 = ORIENTED_EDGE ( 'NONE', *, *, #1591, .F. ) ;
#5993 = ORIENTED_EDGE ( 'NONE', *, *, #3946, .F. ) ;
#5994 = CARTESIAN_POINT ( 'NONE',  ( 3.739778972914309829, -26.21238845809500262, 34.04746847368684826 ) ) ;
#5995 = CARTESIAN_POINT ( 'NONE',  ( 3.000000000000000888, 1.584513006521007529E-16, 22.30614694161269895 ) ) ;
#5996 = CARTESIAN_POINT ( 'NONE',  ( -0.9999999999999991118, -23.59999999999999787, -5.000000000000000888 ) ) ;
#5997 = ORIENTED_EDGE ( 'NONE', *, *, #7312, .F. ) ;
#5998 = CYLINDRICAL_SURFACE ( 'NONE', #764, 1.250000000000001110 ) ;
#5999 = ORIENTED_EDGE ( 'NONE', *, *, #1237, .F. ) ;
#6000 = VERTEX_POINT ( 'NONE', #6924 ) ;
#6001 = CARTESIAN_POINT ( 'NONE',  ( 2.999999999999999112, 15.00000000000000000, 15.00000000000000000 ) ) ;
#6002 = CARTESIAN_POINT ( 'NONE',  ( 0.9999999999999995559, 42.49929596876841487, 47.77712216394962041 ) ) ;
#6003 = DIRECTION ( 'NONE',  ( 1.000000000000000000, 0.000000000000000000, 0.000000000000000000 ) ) ;
#6004 = AXIS2_PLACEMENT_3D ( 'NONE', #6993, #4742, #3569 ) ;
#6005 = FACE_OUTER_BOUND ( 'NONE', #4296, .T. ) ;
#6006 = ORIENTED_EDGE ( 'NONE', *, *, #4381, .F. ) ;
#6007 = AXIS2_PLACEMENT_3D ( 'NONE', #883, #5473, #269 ) ;
#6008 = CARTESIAN_POINT ( 'NONE',  ( 0.000000000000000000, -20.70741139360497485, -15.47482121282451750 ) ) ;
#6009 = ORIENTED_EDGE ( 'NONE', *, *, #4701, .F. ) ;
#6010 = EDGE_CURVE ( 'NONE', #6295, #6819, #6773, .T. ) ;
#6011 = AXIS2_PLACEMENT_3D ( 'NONE', #3023, #634, #2453 ) ;
#6012 = DIRECTION ( 'NONE',  ( 1.000000000000000000, 0.000000000000000000, 0.000000000000000000 ) ) ;
#6013 = FACE_OUTER_BOUND ( 'NONE', #7125, .T. ) ;
#6014 = VECTOR ( 'NONE', #5336, 1000.000000000000000 ) ;
#6015 = CARTESIAN_POINT ( 'NONE',  ( 0.000000000000000000, -47.35404289052740268, 42.12145270974695421 ) ) ;
#6016 = VECTOR ( 'NONE', #2097, 1000.000000000000000 ) ;
#6017 = DIRECTION ( 'NONE',  ( 1.000000000000000000, 0.000000000000000000, 0.000000000000000000 ) ) ;
#6018 = EDGE_CURVE ( 'NONE', #1344, #2165, #2894, .T. ) ;
#6019 = ORIENTED_EDGE ( 'NONE', *, *, #1534, .T. ) ;
#6020 = CARTESIAN_POINT ( 'NONE',  ( 3.000000000000000000, -49.49747468305779563, 55.24747468305880460 ) ) ;
#6021 = DIRECTION ( 'NONE',  ( 1.000000000000000000, 0.000000000000000000, 0.000000000000000000 ) ) ;
#6022 = DIRECTION ( 'NONE',  ( 0.000000000000000000, 0.000000000000000000, 1.000000000000000000 ) ) ;
#6023 = CIRCLE ( 'NONE', #2508, 7.500000000000000000 ) ;
#6024 = B_SPLINE_CURVE_WITH_KNOTS ( 'NONE', 3,
 ( #5693, #6144, #3794, #3263 ),
 .UNSPECIFIED., .F., .F.,
 ( 4, 4 ),
 ( 0.000000000000000000, 1.000000000000000000 ),
 .UNSPECIFIED. ) ;
#6025 = CYLINDRICAL_SURFACE ( 'NONE', #1640, 1.250000000000001110 ) ;
#6026 = EDGE_LOOP ( 'NONE', ( #3219, #408, #1483, #6783 ) ) ;
#6027 = EDGE_CURVE ( 'NONE', #1645, #3990, #5194, .T. ) ;
#6028 = ORIENTED_EDGE ( 'NONE', *, *, #176, .F. ) ;
#6029 = VERTEX_POINT ( 'NONE', #4532 ) ;
#6030 = ORIENTED_EDGE ( 'NONE', *, *, #5449, .T. ) ;
#6031 = DIRECTION ( 'NONE',  ( 0.000000000000000000, 0.000000000000000000, -1.000000000000000000 ) ) ;
#6032 = DIRECTION ( 'NONE',  ( -1.000000000000000000, -0.000000000000000000, -0.000000000000000000 ) ) ;
#6033 = DIRECTION ( 'NONE',  ( 1.000000000000000000, 0.000000000000000000, 0.000000000000000000 ) ) ;
#6034 = ORIENTED_EDGE ( 'NONE', *, *, #7177, .F. ) ;
#6035 = CARTESIAN_POINT ( 'NONE',  ( 9.147600836280359360, 33.35130387159895093, 38.61420977921194719 ) ) ;
#6036 = EDGE_LOOP ( 'NONE', ( #4155, #292, #5177, #5858, #5119, #5152, #6391, #6064, #6552 ) ) ;
#6037 = ORIENTED_EDGE ( 'NONE', *, *, #6316, .T. ) ;
#6038 = FACE_OUTER_BOUND ( 'NONE', #6112, .T. ) ;
#6039 = DIRECTION ( 'NONE',  ( 0.000000000000000000, 0.000000000000000000, 1.000000000000000000 ) ) ;
#6041 = FACE_OUTER_BOUND ( 'NONE', #6556, .T. ) ;
#6040 = AXIS2_PLACEMENT_3D ( 'NONE', #2866, #5140, #7457 ) ;
#6042 = CARTESIAN_POINT ( 'NONE',  ( 0.000000000000000000, -20.70741139360497485, -15.47482121282451750 ) ) ;
#6043 = VECTOR ( 'NONE', #4888, 1000.000000000000114 ) ;
#6044 = CARTESIAN_POINT ( 'NONE',  ( 3.000000000000000000, 49.49747468305830722, 51.99747468305830722 ) ) ;
#6045 = VERTEX_POINT ( 'NONE', #585 ) ;
#6046 = AXIS2_PLACEMENT_3D ( 'NONE', #4949, #5517, #6652 ) ;
#6047 = DIRECTION ( 'NONE',  ( -1.000000000000000000, 0.000000000000000000, 0.000000000000000000 ) ) ;
#6048 = ORIENTED_EDGE ( 'NONE', *, *, #1147, .F. ) ;
#6049 = ORIENTED_EDGE ( 'NONE', *, *, #2264, .F. ) ;
#6050 = AXIS2_PLACEMENT_3D ( 'NONE', #7009, #2946, #1244 ) ;
#6051 = CARTESIAN_POINT ( 'NONE',  ( -14.14213562373093858, -22.82873173716461324, -13.35350086926487556 ) ) ;
#6052 = DIRECTION ( 'NONE',  ( -1.000000000000000000, 0.000000000000000000, 0.000000000000000000 ) ) ;
#6053 = ADVANCED_FACE ( 'NONE', ( #511 ), #19, .T. ) ;
#6054 = FACE_OUTER_BOUND ( 'NONE', #549, .T. ) ;
#6055 = VERTEX_POINT ( 'NONE', #1772 ) ;
#6056 = DIRECTION ( 'NONE',  ( 0.000000000000000000, 0.000000000000000000, -1.000000000000000000 ) ) ;
#6057 = PLANE ( 'NONE',  #2059 ) ;
#6058 = DIRECTION ( 'NONE',  ( -1.000000000000000000, 0.000000000000000000, 0.000000000000000000 ) ) ;
#6059 = EDGE_CURVE ( 'NONE', #3436, #2622, #1667, .T. ) ;
#6060 = CARTESIAN_POINT ( 'NONE',  ( -0.9999999999999991118, -2.701750790494729805E-16, 19.30614694161270251 ) ) ;
#6061 = VECTOR ( 'NONE', #5033, 1000.000000000000114 ) ;
#6062 = EDGE_CURVE ( 'NONE', #7307, #4719, #4954, .T. ) ;
#6063 = CARTESIAN_POINT ( 'NONE',  ( -7.156768276902879755, 53.99747468305830012, 49.49747468305830722 ) ) ;
#6064 = ORIENTED_EDGE ( 'NONE', *, *, #5490, .T. ) ;
#6065 = ORIENTED_EDGE ( 'NONE', *, *, #85, .F. ) ;
#6066 = VERTEX_POINT ( 'NONE', #3577 ) ;
#6067 = ORIENTED_EDGE ( 'NONE', *, *, #4723, .F. ) ;
#6068 = CARTESIAN_POINT ( 'NONE',  ( 0.000000000000000000, 4.000000000000000000, -45.56515138991168357 ) ) ;
#6069 = LINE ( 'NONE', #870, #1219 ) ;
#6070 = DIRECTION ( 'NONE',  ( 1.000000000000000000, -0.000000000000000000, -0.000000000000000000 ) ) ;
#6071 = ORIENTED_EDGE ( 'NONE', *, *, #7091, .F. ) ;
#6072 = DIRECTION ( 'NONE',  ( 0.000000000000000000, 0.000000000000000000, -1.000000000000000000 ) ) ;
#6073 = EDGE_LOOP ( 'NONE', ( #1866, #1218, #3711, #3269 ) ) ;
#6074 = ORIENTED_EDGE ( 'NONE', *, *, #3718, .F. ) ;
#6075 = DIRECTION ( 'NONE',  ( 0.000000000000000000, 0.000000000000000000, -1.000000000000000000 ) ) ;
#6076 = VECTOR ( 'NONE', #5108, 1000.000000000000000 ) ;
#6077 = FACE_OUTER_BOUND ( 'NONE', #3199, .T. ) ;
#6078 = CARTESIAN_POINT ( 'NONE',  ( 2.999999999999999112, -5.332174861821640022, 8.638356021761239845 ) ) ;
#6079 = EDGE_CURVE ( 'NONE', #3111, #5792, #5326, .T. ) ;
#6080 = DIRECTION ( 'NONE',  ( 1.000000000000000000, 0.000000000000000000, 0.000000000000000000 ) ) ;
#6081 = CYLINDRICAL_SURFACE ( 'NONE', #2830, 2.000000000000001776 ) ;
#6082 = ADVANCED_FACE ( 'NONE', ( #4680 ), #3619, .F. ) ;
#6083 = VERTEX_POINT ( 'NONE', #200 ) ;
#6084 = FACE_OUTER_BOUND ( 'NONE', #4025, .T. ) ;
#6085 = AXIS2_PLACEMENT_3D ( 'NONE', #4461, #3399, #1097 ) ;
#6086 = VERTEX_POINT ( 'NONE', #1811 ) ;
#6087 = ORIENTED_EDGE ( 'NONE', *, *, #4564, .T. ) ;
#6088 = CYLINDRICAL_SURFACE ( 'NONE', #5643, 2.000000000000001776 ) ;
#6089 = FACE_OUTER_BOUND ( 'NONE', #815, .T. ) ;
#6090 = ORIENTED_EDGE ( 'NONE', *, *, #1613, .F. ) ;
#6091 = CARTESIAN_POINT ( 'NONE',  ( -10.50000000000000000, -23.59999999999999787, -3.000000000000001332 ) ) ;
#6092 = CARTESIAN_POINT ( 'NONE',  ( 0.000000000000000000, -10.24377216533662249, 20.44140357624315385 ) ) ;
#6093 = ORIENTED_EDGE ( 'NONE', *, *, #7186, .T. ) ;
#6094 = CYLINDRICAL_SURFACE ( 'NONE', #228, 4.000000000000000000 ) ;
#6095 = LINE ( 'NONE', #2304, #2770 ) ;
#6096 = CARTESIAN_POINT ( 'NONE',  ( 0.9999999999999995559, -47.77712216394985489, 42.49929596876847171 ) ) ;
#6097 = CARTESIAN_POINT ( 'NONE',  ( 0.000000000000000000, 53.99747468305830012, 48.24747468305830012 ) ) ;
#6098 = ORIENTED_EDGE ( 'NONE', *, *, #1619, .F. ) ;
#6099 = ADVANCED_FACE ( 'NONE', ( #5906 ), #3540, .F. ) ;
#6100 = ORIENTED_EDGE ( 'NONE', *, *, #237, .F. ) ;
#6101 = ORIENTED_EDGE ( 'NONE', *, *, #2116, .F. ) ;
#6102 = VECTOR ( 'NONE', #5620, 1000.000000000000000 ) ;
#6103 = ORIENTED_EDGE ( 'NONE', *, *, #5276, .T. ) ;
#6104 = CARTESIAN_POINT ( 'NONE',  ( 3.000000000000000000, 53.99747468305830012, 49.49747468305830722 ) ) ;
#6105 = DIRECTION ( 'NONE',  ( -1.000000000000000000, 0.000000000000000000, 0.000000000000000000 ) ) ;
#6106 = CYLINDRICAL_SURFACE ( 'NONE', #4792, 3.330726836203799834 ) ;
#6107 = EDGE_CURVE ( 'NONE', #6916, #1005, #1916, .T. ) ;
#6108 = VECTOR ( 'NONE', #562, 1000.000000000000000 ) ;
#6109 = AXIS2_PLACEMENT_3D ( 'NONE', #5202, #1075, #7479 ) ;
#6110 = ORIENTED_EDGE ( 'NONE', *, *, #1002, .T. ) ;
#6111 = CARTESIAN_POINT ( 'NONE',  ( -7.786710655447439490E-16, 47.77712100199629930, -42.49929662229975236 ) ) ;
#6112 = EDGE_LOOP ( 'NONE', ( #5375, #5349, #2429, #4765 ) ) ;
#6113 = B_SPLINE_CURVE_WITH_KNOTS ( 'NONE', 3,
 ( #2253, #6726, #1118, #2216 ),
 .UNSPECIFIED., .F., .F.,
 ( 4, 4 ),
 ( 0.03007648256163745690, 1.000000000000000222 ),
 .UNSPECIFIED. ) ;
#6114 = ORIENTED_EDGE ( 'NONE', *, *, #416, .F. ) ;
#6115 = DIRECTION ( 'NONE',  ( 1.000000000000000000, 0.000000000000000000, 0.000000000000000000 ) ) ;
#6116 = EDGE_CURVE ( 'NONE', #2008, #6743, #1083, .T. ) ;
#6117 = CYLINDRICAL_SURFACE ( 'NONE', #2039, 3.000000000000002665 ) ;
#6118 = DIRECTION ( 'NONE',  ( -1.000000000000000000, 0.000000000000000000, 0.000000000000000000 ) ) ;
#6119 = CARTESIAN_POINT ( 'NONE',  ( 3.000000000000000888, 23.59999999999999787, -2.999999999999991118 ) ) ;
#6120 = ADVANCED_FACE ( 'NONE', ( #5866 ), #5250, .F. ) ;
#6121 = LINE ( 'NONE', #4982, #1135 ) ;
#6122 = ORIENTED_EDGE ( 'NONE', *, *, #5932, .T. ) ;
#6123 = EDGE_CURVE ( 'NONE', #5885, #6819, #5928, .T. ) ;
#6124 = LINE ( 'NONE', #5476, #1924 ) ;
#6125 = VERTEX_POINT ( 'NONE', #3012 ) ;
#6126 = CIRCLE ( 'NONE', #6004, 5.000000000000000888 ) ;
#6127 = CARTESIAN_POINT ( 'NONE',  ( -10.50000000000000000, -23.59999999999999787, 3.000000000000001332 ) ) ;
#6128 = CARTESIAN_POINT ( 'NONE',  ( 0.000000000000000000, 47.35404289052719662, 42.12145270974674816 ) ) ;
#6129 = CIRCLE ( 'NONE', #72, 44.22904016544200090 ) ;
#6130 = FACE_BOUND ( 'NONE', #372, .T. ) ;
#6131 = VECTOR ( 'NONE', #1356, 1000.000000000000114 ) ;
#6132 = ORIENTED_EDGE ( 'NONE', *, *, #5293, .F. ) ;
#6133 = CARTESIAN_POINT ( 'NONE',  ( 0.000000000000000000, -47.35404289052669924, -42.12145270974630051 ) ) ;
#6134 = DIRECTION ( 'NONE',  ( 1.000000000000000000, 0.000000000000000000, 0.000000000000000000 ) ) ;
#6135 = AXIS2_PLACEMENT_3D ( 'NONE', #2306, #4083, #5755 ) ;
#6136 = DIRECTION ( 'NONE',  ( 0.000000000000000000, 0.000000000000000000, -1.000000000000000000 ) ) ;
#6137 = AXIS2_PLACEMENT_3D ( 'NONE', #3717, #6638, #4933 ) ;
#6138 = CIRCLE ( 'NONE', #5406, 2.000000000000001776 ) ;
#6139 = DIRECTION ( 'NONE',  ( -1.000000000000000000, 0.000000000000000000, 0.000000000000000000 ) ) ;
#6140 = ORIENTED_EDGE ( 'NONE', *, *, #608, .F. ) ;
#6141 = EDGE_LOOP ( 'NONE', ( #2360, #4059 ) ) ;
#6142 = ORIENTED_EDGE ( 'NONE', *, *, #5407, .F. ) ;
#6143 = ORIENTED_EDGE ( 'NONE', *, *, #7031, .T. ) ;
#6144 = CARTESIAN_POINT ( 'NONE',  ( 2.000000000000000000, -47.35404289052740268, 42.12145270974695421 ) ) ;
#6145 = DIRECTION ( 'NONE',  ( -1.000000000000000000, 0.000000000000000000, 0.000000000000000000 ) ) ;
#6146 = CIRCLE ( 'NONE', #6628, 1.250000000000001110 ) ;
#6147 = DIRECTION ( 'NONE',  ( 0.000000000000000000, 0.000000000000000000, -1.000000000000000000 ) ) ;
#6148 = EDGE_CURVE ( 'NONE', #5438, #4535, #2659, .T. ) ;
#6149 = EDGE_LOOP ( 'NONE', ( #5341, #6217 ) ) ;
#6150 = DIRECTION ( 'NONE',  ( 0.000000000000000000, 0.000000000000000000, -1.000000000000000000 ) ) ;
#6151 = ADVANCED_FACE ( 'NONE', ( #2443 ), #4224, .F. ) ;
#6152 = VERTEX_POINT ( 'NONE', #658 ) ;
#6153 = ORIENTED_EDGE ( 'NONE', *, *, #5006, .F. ) ;
#6154 = DIRECTION ( 'NONE',  ( 1.000000000000000000, 0.000000000000000000, 0.000000000000000000 ) ) ;
#6155 = CIRCLE ( 'NONE', #4811, 1.250000000000001110 ) ;
#6156 = DIRECTION ( 'NONE',  ( 0.000000000000000000, 0.000000000000000000, -1.000000000000000000 ) ) ;
#6157 = DIRECTION ( 'NONE',  ( 0.000000000000000000, 0.000000000000000000, -1.000000000000000000 ) ) ;
#6158 = CIRCLE ( 'NONE', #2520, 3.330726836203799834 ) ;
#6159 = CARTESIAN_POINT ( 'NONE',  ( 0.000000000000000000, -49.49747468305779563, 55.24747468305880460 ) ) ;
#6160 = ADVANCED_FACE ( 'NONE', ( #3084 ), #163, .T. ) ;
#6161 = DIRECTION ( 'NONE',  ( -1.000000000000000000, 0.000000000000000000, 0.000000000000000000 ) ) ;
#6162 = VERTEX_POINT ( 'NONE', #4785 ) ;
#6163 = CARTESIAN_POINT ( 'NONE',  ( 0.000000000000000000, 19.96288625273713535, -14.24059142799413991 ) ) ;
#6164 = CIRCLE ( 'NONE', #342, 4.000000000000000000 ) ;
#6165 = CARTESIAN_POINT ( 'NONE',  ( 13.59999999999999964, 4.000000000000000000, -45.56515138991168357 ) ) ;
#6166 = CARTESIAN_POINT ( 'NONE',  ( 3.000000000000000000, 13.79717507775179897, -46.66598861651589658 ) ) ;
#6167 = CIRCLE ( 'NONE', #1570, 4.000000000000000000 ) ;
#6168 = EDGE_CURVE ( 'NONE', #4298, #2280, #1877, .T. ) ;
#6169 = ORIENTED_EDGE ( 'NONE', *, *, #5174, .T. ) ;
#6170 = AXIS2_PLACEMENT_3D ( 'NONE', #1624, #3466, #1125 ) ;
#6171 = CARTESIAN_POINT ( 'NONE',  ( 0.000000000000000000, -54.72519582988859810, -46.55283011860039721 ) ) ;
#6172 = ORIENTED_EDGE ( 'NONE', *, *, #1201, .T. ) ;
#6173 = DIRECTION ( 'NONE',  ( -1.000000000000000000, 0.000000000000000000, 0.000000000000000000 ) ) ;
#6174 = CIRCLE ( 'NONE', #4209, 1.250000000000001110 ) ;
#6175 = DIRECTION ( 'NONE',  ( 0.000000000000000000, 0.000000000000000000, -1.000000000000000000 ) ) ;
#6176 = EDGE_CURVE ( 'NONE', #7025, #357, #5398, .T. ) ;
#6177 = LINE ( 'NONE', #2655, #6076 ) ;
#6178 = ORIENTED_EDGE ( 'NONE', *, *, #7429, .F. ) ;
#6179 = ADVANCED_FACE ( 'NONE', ( #3658 ), #5977, .T. ) ;
#6180 = DIRECTION ( 'NONE',  ( 0.000000000000000000, 0.000000000000000000, 1.000000000000000000 ) ) ;
#6181 = ORIENTED_EDGE ( 'NONE', *, *, #395, .T. ) ;
#6182 = ORIENTED_EDGE ( 'NONE', *, *, #4763, .T. ) ;
#6183 = CARTESIAN_POINT ( 'NONE',  ( 3.000000000000000000, -49.49747468305864828, -49.49747468305795906 ) ) ;
#6184 = DIRECTION ( 'NONE',  ( 0.000000000000000000, -0.7093507229264949254, 0.7048556957872008644 ) ) ;
#6185 = CARTESIAN_POINT ( 'NONE',  ( -17.00000000000000000, 49.49747468305810116, -52.74747468305849196 ) ) ;
#6186 = ORIENTED_EDGE ( 'NONE', *, *, #6377, .T. ) ;
#6187 = FACE_OUTER_BOUND ( 'NONE', #1046, .T. ) ;
#6188 = VERTEX_POINT ( 'NONE', #7148 ) ;
#6189 = VERTEX_POINT ( 'NONE', #4082 ) ;
#6190 = DIRECTION ( 'NONE',  ( -1.000000000000000000, -0.000000000000000000, -0.000000000000000000 ) ) ;
#6191 = DIRECTION ( 'NONE',  ( 0.000000000000000000, 0.000000000000000000, -1.000000000000000000 ) ) ;
#6192 = DIRECTION ( 'NONE',  ( 0.000000000000000000, -2.602085213965210642E-15, -1.000000000000000000 ) ) ;
#6193 = DIRECTION ( 'NONE',  ( -1.000000000000000000, 0.000000000000000000, 0.000000000000000000 ) ) ;
#6194 = EDGE_CURVE ( 'NONE', #3945, #7493, #7497, .T. ) ;
#6195 = DIRECTION ( 'NONE',  ( 0.000000000000000000, 0.000000000000000000, -1.000000000000000000 ) ) ;
#6196 = PLANE ( 'NONE',  #160 ) ;
#6197 = VERTEX_POINT ( 'NONE', #2103 ) ;
#6198 = EDGE_CURVE ( 'NONE', #1551, #967, #878, .T. ) ;
#6199 = CIRCLE ( 'NONE', #5597, 3.033234194475112222 ) ;
#6200 = DIRECTION ( 'NONE',  ( 0.000000000000000000, 0.000000000000000000, -1.000000000000000000 ) ) ;
#6201 = LINE ( 'NONE', #1582, #5274 ) ;
#6202 = EDGE_CURVE ( 'NONE', #6782, #5271, #1815, .T. ) ;
#6203 = CARTESIAN_POINT ( 'NONE',  ( 2.999999999999999112, 19.96288625273713535, -14.24059142799413991 ) ) ;
#6204 = EDGE_CURVE ( 'NONE', #5325, #454, #1461, .T. ) ;
#6205 = ORIENTED_EDGE ( 'NONE', *, *, #4497, .T. ) ;
#6206 = CARTESIAN_POINT ( 'NONE',  ( -7.156768276902879755, -49.49747468305779563, 53.99747468305879750 ) ) ;
#6207 = ORIENTED_EDGE ( 'NONE', *, *, #6198, .F. ) ;
#6208 = EDGE_CURVE ( 'NONE', #1016, #5942, #963, .T. ) ;
#6209 = DIRECTION ( 'NONE',  ( -1.000000000000000000, 0.000000000000000000, 0.000000000000000000 ) ) ;
#6210 = DIRECTION ( 'NONE',  ( 0.000000000000000000, 0.000000000000000000, 1.000000000000000000 ) ) ;
#6211 = CIRCLE ( 'NONE', #6815, 4.000000000000000000 ) ;
#6212 = DIRECTION ( 'NONE',  ( 1.000000000000000000, 0.000000000000000000, 0.000000000000000000 ) ) ;
#6213 = ORIENTED_EDGE ( 'NONE', *, *, #1794, .T. ) ;
#6214 = CARTESIAN_POINT ( 'NONE',  ( 3.000000000000000000, -49.49747468305790221, 44.99747468305884723 ) ) ;
#6215 = VERTEX_POINT ( 'NONE', #4828 ) ;
#6216 = EDGE_CURVE ( 'NONE', #5332, #2625, #2177, .T. ) ;
#6217 = ORIENTED_EDGE ( 'NONE', *, *, #601, .F. ) ;
#6218 = CARTESIAN_POINT ( 'NONE',  ( 0.000000000000000000, 23.59999999999999787, 9.108356170405180515E-15 ) ) ;
#6219 = CARTESIAN_POINT ( 'NONE',  ( 3.000000000000000888, 15.00000000000000000, -15.00000000000000000 ) ) ;
#6220 = DIRECTION ( 'NONE',  ( 0.000000000000000000, 0.7071067811865474617, 0.7071067811865474617 ) ) ;
#6221 = ORIENTED_EDGE ( 'NONE', *, *, #7508, .T. ) ;
#6222 = VECTOR ( 'NONE', #5206, 1000.000000000000000 ) ;
#6223 = CARTESIAN_POINT ( 'NONE',  ( 3.736233362396150337, 26.21509149840095176, 34.04091225352830463 ) ) ;
#6224 = ORIENTED_EDGE ( 'NONE', *, *, #4481, .T. ) ;
#6225 = EDGE_LOOP ( 'NONE', ( #2354, #1675, #7282, #1210 ) ) ;
#6226 = DIRECTION ( 'NONE',  ( 0.000000000000000000, 0.000000000000000000, -1.000000000000000000 ) ) ;
#6227 = DIRECTION ( 'NONE',  ( 0.000000000000000000, 1.156482317317871725E-15, -1.000000000000000000 ) ) ;
#6228 = VECTOR ( 'NONE', #6080, 1000.000000000000000 ) ;
#6229 = DIRECTION ( 'NONE',  ( 0.000000000000000000, 0.000000000000000000, -1.000000000000000000 ) ) ;
#6230 = FACE_BOUND ( 'NONE', #5034, .T. ) ;
#6231 = VECTOR ( 'NONE', #2778, 1000.000000000000000 ) ;
#6232 = AXIS2_PLACEMENT_3D ( 'NONE', #6426, #1232, #4038 ) ;
#6233 = CARTESIAN_POINT ( 'NONE',  ( 3.000000000000000000, 53.99747468305810116, -49.49747468305849907 ) ) ;
#6234 = AXIS2_PLACEMENT_3D ( 'NONE', #7305, #4261, #4413 ) ;
#6235 = DIRECTION ( 'NONE',  ( 0.000000000000000000, 0.000000000000000000, 1.000000000000000000 ) ) ;
#6236 = VERTEX_POINT ( 'NONE', #3202 ) ;
#6237 = DIRECTION ( 'NONE',  ( 0.000000000000000000, 0.000000000000000000, -1.000000000000000000 ) ) ;
#6238 = LINE ( 'NONE', #1044, #2972 ) ;
#6239 = CARTESIAN_POINT ( 'NONE',  ( 2.049999999999996714, -43.32950521810253264, 48.56209539888302373 ) ) ;
#6240 = EDGE_CURVE ( 'NONE', #2540, #44, #3655, .T. ) ;
#6241 = ORIENTED_EDGE ( 'NONE', *, *, #3425, .F. ) ;
#6242 = DIRECTION ( 'NONE',  ( 1.000000000000000000, 0.000000000000000000, 0.000000000000000000 ) ) ;
#6243 = AXIS2_PLACEMENT_3D ( 'NONE', #3315, #3352, #577 ) ;
#6244 = EDGE_CURVE ( 'NONE', #648, #1091, #2410, .T. ) ;
#6245 = ORIENTED_EDGE ( 'NONE', *, *, #5948, .F. ) ;
#6246 = CARTESIAN_POINT ( 'NONE',  ( 0.000000000000000000, -9.332174861821640022, -11.46965711278945932 ) ) ;
#6247 = DIRECTION ( 'NONE',  ( 0.000000000000000000, 0.000000000000000000, 1.000000000000000000 ) ) ;
#6248 = AXIS2_PLACEMENT_3D ( 'NONE', #1494, #2024, #7216 ) ;
#6249 = CARTESIAN_POINT ( 'NONE',  ( -0.9999999999999991118, -23.59999999999999787, -6.000000000000000888 ) ) ;
#6250 = EDGE_CURVE ( 'NONE', #4747, #4099, #2069, .T. ) ;
#6251 = ORIENTED_EDGE ( 'NONE', *, *, #6540, .T. ) ;
#6252 = DIRECTION ( 'NONE',  ( 1.000000000000000000, 0.000000000000000000, 0.000000000000000000 ) ) ;
#6253 = ORIENTED_EDGE ( 'NONE', *, *, #76, .F. ) ;
#6254 = ORIENTED_EDGE ( 'NONE', *, *, #6204, .T. ) ;
#6255 = DIRECTION ( 'NONE',  ( 1.000000000000000000, 0.000000000000000000, 0.000000000000000000 ) ) ;
#6256 = TOROIDAL_SURFACE ( 'NONE', #1279, 6.000000000000000888, 1.000000000000000000 ) ;
#6257 = CYLINDRICAL_SURFACE ( 'NONE', #475, 3.000000000000002665 ) ;
#6258 = CARTESIAN_POINT ( 'NONE',  ( 0.000000000000000000, -22.82873173716461324, -13.35350086926487556 ) ) ;
#6259 = CIRCLE ( 'NONE', #5774, 1.250000000000001110 ) ;
#6260 = ORIENTED_EDGE ( 'NONE', *, *, #5088, .T. ) ;
#6261 = EDGE_CURVE ( 'NONE', #2389, #2155, #4348, .T. ) ;
#6262 = CIRCLE ( 'NONE', #7232, 1.000000000000000000 ) ;
#6263 = DIRECTION ( 'NONE',  ( -1.000000000000000000, 0.000000000000000000, 0.000000000000000000 ) ) ;
#6264 = VERTEX_POINT ( 'NONE', #3121 ) ;
#6265 = ORIENTED_EDGE ( 'NONE', *, *, #2147, .F. ) ;
#6266 = CIRCLE ( 'NONE', #3582, 7.000000000000000000 ) ;
#6267 = DIRECTION ( 'NONE',  ( 0.000000000000000000, 0.000000000000000000, -1.000000000000000000 ) ) ;
#6268 = FACE_OUTER_BOUND ( 'NONE', #1124, .T. ) ;
#6269 = DIRECTION ( 'NONE',  ( -0.000000000000000000, 0.7071067811865475727, 0.7071067811865475727 ) ) ;
#6270 = FACE_BOUND ( 'NONE', #3208, .T. ) ;
#6271 = AXIS2_PLACEMENT_3D ( 'NONE', #6439, #6400, #7504 ) ;
#6272 = CARTESIAN_POINT ( 'NONE',  ( 3.000000000000002665, -20.35051772041052587, -12.75510716987533222 ) ) ;
#6273 = DIRECTION ( 'NONE',  ( 1.000000000000000000, 0.000000000000000000, 0.000000000000000000 ) ) ;
#6274 = ORIENTED_EDGE ( 'NONE', *, *, #5948, .T. ) ;
#6275 = ADVANCED_FACE ( 'NONE', ( #6084 ), #4985, .T. ) ;
#6276 = DIRECTION ( 'NONE',  ( 0.000000000000000000, 0.000000000000000000, 1.000000000000000000 ) ) ;
#6277 = CIRCLE ( 'NONE', #2645, 5.499999999999998224 ) ;
#6278 = DIRECTION ( 'NONE',  ( 0.000000000000000000, 0.000000000000000000, -1.000000000000000000 ) ) ;
#6279 = DIRECTION ( 'NONE',  ( 1.000000000000000000, 0.000000000000000000, 0.000000000000000000 ) ) ;
#6280 = LINE ( 'NONE', #7488, #1919 ) ;
#6281 = EDGE_LOOP ( 'NONE', ( #3902, #6725 ) ) ;
#6282 = CARTESIAN_POINT ( 'NONE',  ( 3.149999999999999911, 42.12145270974649947, -47.35404289052689819 ) ) ;
#6283 = ORIENTED_EDGE ( 'NONE', *, *, #4997, .T. ) ;
#6284 = EDGE_CURVE ( 'NONE', #5596, #4535, #6124, .T. ) ;
#6285 = CARTESIAN_POINT ( 'NONE',  ( 3.000000023419479245, -28.49411002171713037, 33.82738869685254457 ) ) ;
#6286 = DIRECTION ( 'NONE',  ( 0.000000000000000000, 1.595945597898662211E-14, -1.000000000000000000 ) ) ;
#6287 = AXIS2_PLACEMENT_3D ( 'NONE', #1846, #7000, #94 ) ;
#6288 = EDGE_CURVE ( 'NONE', #2627, #4007, #7259, .T. ) ;
#6289 = CARTESIAN_POINT ( 'NONE',  ( 3.000000000000000000, -17.06303347976199802, -30.78090503478100004 ) ) ;
#6290 = ORIENTED_EDGE ( 'NONE', *, *, #3929, .F. ) ;
#6291 = CARTESIAN_POINT ( 'NONE',  ( 13.59999999999999964, 4.000000000000000000, -42.56515138991168357 ) ) ;
#6292 = VERTEX_POINT ( 'NONE', #3081 ) ;
#6293 = AXIS2_PLACEMENT_3D ( 'NONE', #849, #3243, #2031 ) ;
#6294 = ADVANCED_FACE ( 'NONE', ( #810 ), #4297, .F. ) ;
#6295 = VERTEX_POINT ( 'NONE', #5560 ) ;
#6296 = CARTESIAN_POINT ( 'NONE',  ( 0.000000000000000000, 53.99747468305810116, -49.49747468305849907 ) ) ;
#6297 = CARTESIAN_POINT ( 'NONE',  ( 0.000000000000000000, -9.332174861821640022, 12.63835602176123984 ) ) ;
#6298 = VECTOR ( 'NONE', #447, 1000.000000000000000 ) ;
#6299 = CARTESIAN_POINT ( 'NONE',  ( 0.000000000000000000, 49.49747468305830722, 46.24747468305830012 ) ) ;
#6300 = EDGE_CURVE ( 'NONE', #2936, #7013, #594, .T. ) ;
#6301 = EDGE_LOOP ( 'NONE', ( #2084, #4838, #1287, #6989 ) ) ;
#6302 = CARTESIAN_POINT ( 'NONE',  ( 2.322019800023054970, 28.49333360022719930, 33.74831716948119720 ) ) ;
#6303 = ORIENTED_EDGE ( 'NONE', *, *, #4206, .F. ) ;
#6304 = ORIENTED_EDGE ( 'NONE', *, *, #6894, .T. ) ;
#6305 = CARTESIAN_POINT ( 'NONE',  ( 20.00000000000000000, 13.00000000000000000, -46.83172803104510251 ) ) ;
#6306 = DIRECTION ( 'NONE',  ( -1.000000000000000000, 0.000000000000000000, 0.000000000000000000 ) ) ;
#6307 = CARTESIAN_POINT ( 'NONE',  ( 13.59999999999999964, 7.347880794884119933E-15, -33.39999999999999858 ) ) ;
#6308 = CARTESIAN_POINT ( 'NONE',  ( 3.000000000000000000, 57.03070887753347051, 49.49747468305820064 ) ) ;
#6309 = LINE ( 'NONE', #611, #2464 ) ;
#6310 = EDGE_LOOP ( 'NONE', ( #3471, #3203 ) ) ;
#6311 = CARTESIAN_POINT ( 'NONE',  ( 3.000000000000000000, -15.14882294708240096, -30.10333798859569754 ) ) ;
#6312 = EDGE_CURVE ( 'NONE', #975, #1527, #6174, .T. ) ;
#6313 = FACE_OUTER_BOUND ( 'NONE', #2541, .T. ) ;
#6314 = CARTESIAN_POINT ( 'NONE',  ( 3.000000000000000888, -15.00000000000000000, 15.00000000000000000 ) ) ;
#6315 = CARTESIAN_POINT ( 'NONE',  ( -2.083766882108870344E-17, 47.54235218414229536, 42.30031392873910079 ) ) ;
#6316 = EDGE_CURVE ( 'NONE', #983, #2370, #5215, .T. ) ;
#6317 = AXIS2_PLACEMENT_3D ( 'NONE', #2271, #5143, #4572 ) ;
#6318 = DIRECTION ( 'NONE',  ( 1.000000000000000000, 0.000000000000000000, 0.000000000000000000 ) ) ;
#6319 = VERTEX_POINT ( 'NONE', #7180 ) ;
#6320 = DIRECTION ( 'NONE',  ( -1.000000000000000000, 0.000000000000000000, 0.000000000000000000 ) ) ;
#6321 = AXIS2_PLACEMENT_3D ( 'NONE', #369, #3898, #3326 ) ;
#6322 = CARTESIAN_POINT ( 'NONE',  ( 2.999999999999999112, -22.96286793434729034, -14.23010763080561603 ) ) ;
#6323 = DIRECTION ( 'NONE',  ( 1.000000000000000000, 0.000000000000000000, 0.000000000000000000 ) ) ;
#6324 = VERTEX_POINT ( 'NONE', #4335 ) ;
#6325 = CYLINDRICAL_SURFACE ( 'NONE', #2670, 7.000000000000000000 ) ;
#6326 = ORIENTED_EDGE ( 'NONE', *, *, #1437, .T. ) ;
#6327 = VERTEX_POINT ( 'NONE', #5058 ) ;
#6328 = LINE ( 'NONE', #7467, #6387 ) ;
#6329 = DIRECTION ( 'NONE',  ( 0.000000000000000000, -0.7071067811865480168, -0.7071067811865470176 ) ) ;
#6330 = CIRCLE ( 'NONE', #145, 5.000000000000000888 ) ;
#6331 = DIRECTION ( 'NONE',  ( -1.000000000000000000, 0.000000000000000000, 0.000000000000000000 ) ) ;
#6332 = ORIENTED_EDGE ( 'NONE', *, *, #4522, .F. ) ;
#6333 = ADVANCED_FACE ( 'NONE', ( #5634 ), #5096, .F. ) ;
#6334 = DIRECTION ( 'NONE',  ( 1.000000000000000000, 0.000000000000000000, 0.000000000000000000 ) ) ;
#6335 = CARTESIAN_POINT ( 'NONE',  ( 5.733213516800650389, 30.92343115747100057, 36.18237771003254721 ) ) ;
#6336 = EDGE_LOOP ( 'NONE', ( #4613, #3230, #5485, #6372 ) ) ;
#6337 = ORIENTED_EDGE ( 'NONE', *, *, #32, .T. ) ;
#6338 = FACE_OUTER_BOUND ( 'NONE', #3801, .T. ) ;
#6339 = EDGE_CURVE ( 'NONE', #7440, #5982, #1000, .T. ) ;
#6340 = CARTESIAN_POINT ( 'NONE',  ( 0.000000000000000000, -7.000000000000000000, -53.98149148311399870 ) ) ;
#6341 = VECTOR ( 'NONE', #6343, 1000.000000000000000 ) ;
#6342 = CYLINDRICAL_SURFACE ( 'NONE', #2599, 1.250000000000001110 ) ;
#6343 = DIRECTION ( 'NONE',  ( 1.000000000000000000, 0.000000000000000000, 0.000000000000000000 ) ) ;
#6344 = EDGE_CURVE ( 'NONE', #2194, #6753, #3251, .T. ) ;
#6345 = ORIENTED_EDGE ( 'NONE', *, *, #4786, .F. ) ;
#6346 = CARTESIAN_POINT ( 'NONE',  ( 3.149999999999999911, -47.35404289052669924, -42.12145270974625078 ) ) ;
#6347 = CIRCLE ( 'NONE', #7320, 2.999999999999999112 ) ;
#6348 = CIRCLE ( 'NONE', #5016, 1.250000000000001110 ) ;
#6349 = FACE_OUTER_BOUND ( 'NONE', #6964, .T. ) ;
#6350 = DIRECTION ( 'NONE',  ( 0.000000000000000000, 0.000000000000000000, -1.000000000000000000 ) ) ;
#6351 = CYLINDRICAL_SURFACE ( 'NONE', #4694, 2.500000000000002220 ) ;
#6352 = AXIS2_PLACEMENT_3D ( 'NONE', #381, #4324, #6751 ) ;
#6353 = EDGE_CURVE ( 'NONE', #5613, #2911, #716, .T. ) ;
#6354 = EDGE_CURVE ( 'NONE', #3053, #1020, #4592, .T. ) ;
#6355 = CARTESIAN_POINT ( 'NONE',  ( -7.156768276902879755, -44.48011260054730087, 52.78777523665389992 ) ) ;
#6356 = VERTEX_POINT ( 'NONE', #5598 ) ;
#6357 = DIRECTION ( 'NONE',  ( 1.000000000000000000, 0.000000000000000000, 0.000000000000000000 ) ) ;
#6358 = CYLINDRICAL_SURFACE ( 'NONE', #2986, 2.999999999999999112 ) ;
#6359 = CARTESIAN_POINT ( 'NONE',  ( -7.156768276902879755, -52.78777523665379334, -44.48011260054745719 ) ) ;
#6360 = ORIENTED_EDGE ( 'NONE', *, *, #2282, .T. ) ;
#6361 = FACE_BOUND ( 'NONE', #741, .T. ) ;
#6362 = ORIENTED_EDGE ( 'NONE', *, *, #2444, .F. ) ;
#6363 = ORIENTED_EDGE ( 'NONE', *, *, #5619, .F. ) ;
#6364 = DIRECTION ( 'NONE',  ( 0.000000000000000000, 0.000000000000000000, -1.000000000000000000 ) ) ;
#6365 = CARTESIAN_POINT ( 'NONE',  ( -7.156768276902879755, -49.49747468305790221, 44.99747468305884723 ) ) ;
#6366 = CIRCLE ( 'NONE', #6243, 2.250000000000000444 ) ;
#6367 = CARTESIAN_POINT ( 'NONE',  ( 2.999999999999999112, 9.332174861821640022, -11.46965711278946998 ) ) ;
#6368 = ORIENTED_EDGE ( 'NONE', *, *, #6393, .F. ) ;
#6369 = CARTESIAN_POINT ( 'NONE',  ( 3.000000000000000000, 0.000000000000000000, 0.000000000000000000 ) ) ;
#6370 = DIRECTION ( 'NONE',  ( 0.000000000000000000, 0.000000000000000000, -1.000000000000000000 ) ) ;
#6371 = AXIS2_PLACEMENT_3D ( 'NONE', #7175, #7298, #234 ) ;
#6372 = ORIENTED_EDGE ( 'NONE', *, *, #299, .F. ) ;
#6373 = VERTEX_POINT ( 'NONE', #6163 ) ;
#6374 = CARTESIAN_POINT ( 'NONE',  ( 13.59999999999999964, 23.59999999999999787, 3.000000000000009326 ) ) ;
#6375 = AXIS2_PLACEMENT_3D ( 'NONE', #7406, #6795, #2174 ) ;
#6376 = DIRECTION ( 'NONE',  ( 1.000000000000000000, 0.000000000000000000, 0.000000000000000000 ) ) ;
#6377 = EDGE_CURVE ( 'NONE', #2975, #1692, #1556, .T. ) ;
#6378 = DIRECTION ( 'NONE',  ( -1.000000000000000000, -0.000000000000000000, -0.000000000000000000 ) ) ;
#6379 = AXIS2_PLACEMENT_3D ( 'NONE', #6322, #1127, #546 ) ;
#6380 = ADVANCED_FACE ( 'NONE', ( #2822 ), #3350, .T. ) ;
#6381 = CARTESIAN_POINT ( 'NONE',  ( 0.000000000000000000, -49.49747468305821485, 57.03070887753346341 ) ) ;
#6382 = CARTESIAN_POINT ( 'NONE',  ( -17.00000000000000000, -49.49747468305869802, -52.74747468305789511 ) ) ;
#6383 = EDGE_LOOP ( 'NONE', ( #502, #4050, #4323, #510 ) ) ;
#6384 = CARTESIAN_POINT ( 'NONE',  ( 0.9499999999999999556, -50.25680310855009481, -43.54571693074265681 ) ) ;
#6385 = CARTESIAN_POINT ( 'NONE',  ( 13.59999999999999964, -7.443468359643278909, 24.88702846231342392 ) ) ;
#6386 = DIRECTION ( 'NONE',  ( -1.000000000000000000, -0.000000000000000000, -0.000000000000000000 ) ) ;
#6387 = VECTOR ( 'NONE', #2912, 1000.000000000000000 ) ;
#6388 = CARTESIAN_POINT ( 'NONE',  ( 3.000000000000002665, 10.24377216533661716, 20.44140357624316096 ) ) ;
#6389 = EDGE_CURVE ( 'NONE', #2694, #2699, #2884, .T. ) ;
#6390 = DIRECTION ( 'NONE',  ( 0.000000000000000000, 0.000000000000000000, 1.000000000000000000 ) ) ;
#6391 = ORIENTED_EDGE ( 'NONE', *, *, #1534, .F. ) ;
#6392 = DIRECTION ( 'NONE',  ( 0.000000000000000000, 0.000000000000000000, -1.000000000000000000 ) ) ;
#6393 = EDGE_CURVE ( 'NONE', #26, #820, #5795, .T. ) ;
#6394 = CARTESIAN_POINT ( 'NONE',  ( 13.59999999999999964, -24.93751118143356393, 9.910149536689152328 ) ) ;
#6395 = LINE ( 'NONE', #5757, #3779 ) ;
#6396 = VERTEX_POINT ( 'NONE', #1040 ) ;
#6397 = CYLINDRICAL_SURFACE ( 'NONE', #3625, 2.999999999999999112 ) ;
#6398 = ORIENTED_EDGE ( 'NONE', *, *, #4612, .F. ) ;
#6399 = ORIENTED_EDGE ( 'NONE', *, *, #466, .T. ) ;
#6400 = DIRECTION ( 'NONE',  ( 1.000000000000000000, 0.000000000000000000, 0.000000000000000000 ) ) ;
#6401 = CIRCLE ( 'NONE', #7252, 2.500000000000002220 ) ;
#6402 = DIRECTION ( 'NONE',  ( 0.000000000000000000, 0.000000000000000000, -1.000000000000000000 ) ) ;
#6403 = EDGE_CURVE ( 'NONE', #1776, #3285, #2787, .T. ) ;
#6404 = DIRECTION ( 'NONE',  ( 1.000000000000000000, 0.000000000000000000, 0.000000000000000000 ) ) ;
#6405 = DIRECTION ( 'NONE',  ( 1.000000000000000000, 0.000000000000000000, 0.000000000000000000 ) ) ;
#6406 = AXIS2_PLACEMENT_3D ( 'NONE', #6981, #7088, #1899 ) ;
#6407 = ORIENTED_EDGE ( 'NONE', *, *, #3177, .T. ) ;
#6408 = EDGE_CURVE ( 'NONE', #7493, #2293, #6113, .T. ) ;
#6409 = CARTESIAN_POINT ( 'NONE',  ( 0.000000000000000000, -2.701750790494729805E-16, 25.80614694161269895 ) ) ;
#6410 = VECTOR ( 'NONE', #4185, 1000.000000000000000 ) ;
#6411 = CARTESIAN_POINT ( 'NONE',  ( 0.000000000000000000, -15.32146667047080157, -29.79757139416084755 ) ) ;
#6412 = ORIENTED_EDGE ( 'NONE', *, *, #6498, .F. ) ;
#6413 = AXIS2_PLACEMENT_3D ( 'NONE', #3588, #709, #3518 ) ;
#6414 = EDGE_LOOP ( 'NONE', ( #2380, #6561, #657, #4318 ) ) ;
#6415 = CARTESIAN_POINT ( 'NONE',  ( 3.000000000000000000, -56.90126254826141405, 54.70878552723405619 ) ) ;
#6416 = DIRECTION ( 'NONE',  ( 0.000000000000000000, 0.000000000000000000, -1.000000000000000000 ) ) ;
#6417 = DIRECTION ( 'NONE',  ( -1.000000000000000000, 0.000000000000000000, 0.000000000000000000 ) ) ;
#6418 = EDGE_LOOP ( 'NONE', ( #6454, #5492, #4433, #2129 ) ) ;
#6419 = PLANE ( 'NONE',  #4758 ) ;
#6420 = ORIENTED_EDGE ( 'NONE', *, *, #6796, .F. ) ;
#6421 = DIRECTION ( 'NONE',  ( 1.000000000000000000, 0.000000000000000000, 0.000000000000000000 ) ) ;
#6422 = CARTESIAN_POINT ( 'NONE',  ( 3.000000000000000000, -42.12145270974760081, -47.35404289052809901 ) ) ;
#6423 = LINE ( 'NONE', #1805, #302 ) ;
#6424 = AXIS2_PLACEMENT_3D ( 'NONE', #643, #1291, #4133 ) ;
#6425 = EDGE_CURVE ( 'NONE', #6055, #5391, #7140, .T. ) ;
#6426 = CARTESIAN_POINT ( 'NONE',  ( 20.00000000000000000, -17.06303347976199802, -30.78090503478100004 ) ) ;
#6427 = EDGE_CURVE ( 'NONE', #1220, #231, #6158, .T. ) ;
#6428 = ORIENTED_EDGE ( 'NONE', *, *, #3645, .F. ) ;
#6429 = EDGE_CURVE ( 'NONE', #2919, #3875, #426, .T. ) ;
#6430 = DIRECTION ( 'NONE',  ( 0.000000000000000000, 0.000000000000000000, -1.000000000000000000 ) ) ;
#6431 = DIRECTION ( 'NONE',  ( 1.000000000000000000, 0.000000000000000000, 0.000000000000000000 ) ) ;
#6432 = AXIS2_PLACEMENT_3D ( 'NONE', #7420, #5638, #4416 ) ;
#6433 = DIRECTION ( 'NONE',  ( 1.000000000000000000, 0.000000000000000000, 0.000000000000000000 ) ) ;
#6435 = EDGE_CURVE ( 'NONE', #1313, #5337, #5572, .T. ) ;
#6434 = CARTESIAN_POINT ( 'NONE',  ( 0.000000000000000000, -9.332174861821640022, 8.638356021761239845 ) ) ;
#6436 = ORIENTED_EDGE ( 'NONE', *, *, #1389, .T. ) ;
#6437 = ORIENTED_EDGE ( 'NONE', *, *, #1635, .T. ) ;
#6438 = AXIS2_PLACEMENT_3D ( 'NONE', #5980, #5329, #204 ) ;
#6439 = CARTESIAN_POINT ( 'NONE',  ( 0.000000000000000000, -25.44861127607895668, -9.827646531594108836 ) ) ;
#6440 = FACE_OUTER_BOUND ( 'NONE', #2168, .T. ) ;
#6441 = CARTESIAN_POINT ( 'NONE',  ( 0.000000000000000000, -23.59999999999999787, 0.000000000000000000 ) ) ;
#6442 = LINE ( 'NONE', #670, #6014 ) ;
#6443 = EDGE_LOOP ( 'NONE', ( #1968, #3366 ) ) ;
#6444 = FACE_BOUND ( 'NONE', #7344, .T. ) ;
#6445 = ADVANCED_FACE ( 'NONE', ( #537, #4412 ), #3852, .T. ) ;
#6446 = VERTEX_POINT ( 'NONE', #2142 ) ;
#6447 = ORIENTED_EDGE ( 'NONE', *, *, #6658, .T. ) ;
#6448 = CARTESIAN_POINT ( 'NONE',  ( 3.000000000000000000, -7.000000000000000000, -53.98149148311399870 ) ) ;
#6449 = DIRECTION ( 'NONE',  ( 0.000000000000000000, 0.000000000000000000, -1.000000000000000000 ) ) ;
#6450 = LINE ( 'NONE', #4772, #7070 ) ;
#6451 = VECTOR ( 'NONE', #2255, 1000.000000000000000 ) ;
#6452 = ORIENTED_EDGE ( 'NONE', *, *, #5742, .F. ) ;
#6453 = DIRECTION ( 'NONE',  ( 1.000000000000000000, 0.000000000000000000, 0.000000000000000000 ) ) ;
#6454 = ORIENTED_EDGE ( 'NONE', *, *, #4309, .T. ) ;
#6455 = DIRECTION ( 'NONE',  ( 1.000000000000000000, 0.000000000000000000, 0.000000000000000000 ) ) ;
#6456 = DIRECTION ( 'NONE',  ( 0.000000000000000000, 0.000000000000000000, 1.000000000000000000 ) ) ;
#6457 = DIRECTION ( 'NONE',  ( 0.000000000000000000, 0.000000000000000000, 1.000000000000000000 ) ) ;
#6458 = CYLINDRICAL_SURFACE ( 'NONE', #6586, 5.999999999999998224 ) ;
#6459 = CIRCLE ( 'NONE', #894, 3.000000000000002665 ) ;
#6460 = ORIENTED_EDGE ( 'NONE', *, *, #1577, .F. ) ;
#6461 = B_SPLINE_CURVE_WITH_KNOTS ( 'NONE', 3,
 ( #1759, #3600, #4733, #4062 ),
 .UNSPECIFIED., .F., .F.,
 ( 4, 4 ),
 ( 0.000000000000000000, 1.000000000000000000 ),
 .UNSPECIFIED. ) ;
#6462 = DIRECTION ( 'NONE',  ( 1.000000000000000000, 0.000000000000000000, 0.000000000000000000 ) ) ;
#6463 = ADVANCED_FACE ( 'NONE', ( #3313 ), #3642, .T. ) ;
#6464 = DIRECTION ( 'NONE',  ( 0.000000000000000000, 0.000000000000000000, -1.000000000000000000 ) ) ;
#6465 = CIRCLE ( 'NONE', #5502, 1.250000000000001110 ) ;
#6466 = CYLINDRICAL_SURFACE ( 'NONE', #4984, 2.249999999999998668 ) ;
#6467 = EDGE_CURVE ( 'NONE', #5382, #5445, #5352, .T. ) ;
#6468 = FACE_OUTER_BOUND ( 'NONE', #305, .T. ) ;
#6469 = ORIENTED_EDGE ( 'NONE', *, *, #5704, .T. ) ;
#6470 = VECTOR ( 'NONE', #1959, 1000.000000000000000 ) ;
#6471 = ORIENTED_EDGE ( 'NONE', *, *, #363, .F. ) ;
#6472 = DIRECTION ( 'NONE',  ( 1.000000000000000000, 0.000000000000000000, 0.000000000000000000 ) ) ;
#6473 = DIRECTION ( 'NONE',  ( 1.000000000000000000, 0.000000000000000000, 0.000000000000000000 ) ) ;
#6474 = CARTESIAN_POINT ( 'NONE',  ( 3.000000000000000000, -47.35404289052669924, -42.12145270974625078 ) ) ;
#6475 = DIRECTION ( 'NONE',  ( 0.000000000000000000, -0.9171302927353677248, 0.3985875388758894911 ) ) ;
#6476 = EDGE_CURVE ( 'NONE', #5611, #1779, #211, .T. ) ;
#6477 = ORIENTED_EDGE ( 'NONE', *, *, #838, .F. ) ;
#6478 = CARTESIAN_POINT ( 'NONE',  ( 3.000000000000000000, 13.00000000000000000, -44.83172803104509541 ) ) ;
#6479 = VERTEX_POINT ( 'NONE', #573 ) ;
#6480 = ORIENTED_EDGE ( 'NONE', *, *, #6958, .F. ) ;
#6481 = FACE_OUTER_BOUND ( 'NONE', #6383, .T. ) ;
#6482 = VECTOR ( 'NONE', #1767, 1000.000000000000000 ) ;
#6483 = LINE ( 'NONE', #2392, #5192 ) ;
#6484 = CARTESIAN_POINT ( 'NONE',  ( 3.000000000000000000, -13.00000000000000000, -44.83172803104509541 ) ) ;
#6485 = ADVANCED_BREP_SHAPE_REPRESENTATION ( 'bumblebee 3.0', ( #1627, #4366, #2756 ), #2641 ) ;
#6486 = EDGE_CURVE ( 'NONE', #7436, #2846, #7121, .T. ) ;
#6487 = ORIENTED_EDGE ( 'NONE', *, *, #4236, .F. ) ;
#6488 = CIRCLE ( 'NONE', #185, 4.999999999999997335 ) ;
#6489 = DIRECTION ( 'NONE',  ( 1.000000000000000000, 0.000000000000000000, 0.000000000000000000 ) ) ;
#6490 = ORIENTED_EDGE ( 'NONE', *, *, #1878, .F. ) ;
#6491 = AXIS2_PLACEMENT_3D ( 'NONE', #3630, #2948, #7506 ) ;
#6492 = VERTEX_POINT ( 'NONE', #1801 ) ;
#6493 = CARTESIAN_POINT ( 'NONE',  ( -0.1500000000000018818, 48.56209539888330795, -43.32950521810283107 ) ) ;
#6494 = DIRECTION ( 'NONE',  ( 0.000000000000000000, 0.000000000000000000, 1.000000000000000000 ) ) ;
#6495 = CARTESIAN_POINT ( 'NONE',  ( 3.000000000000002665, 23.59999999999999787, 7.000000000000000000 ) ) ;
#6496 = AXIS2_PLACEMENT_3D ( 'NONE', #7132, #6070, #796 ) ;
#6497 = CARTESIAN_POINT ( 'NONE',  ( 2.999999999999999112, 49.49747468305820775, -57.03070887753347051 ) ) ;
#6498 = EDGE_CURVE ( 'NONE', #6860, #3636, #1931, .T. ) ;
#6499 = VERTEX_POINT ( 'NONE', #729 ) ;
#6500 = AXIS2_PLACEMENT_3D ( 'NONE', #6218, #1021, #5614 ) ;
#6501 = CARTESIAN_POINT ( 'NONE',  ( 47.01946062897430068, 9.797175077751791861, -52.76583091789510149 ) ) ;
#6502 = CARTESIAN_POINT ( 'NONE',  ( 0.000000000000000000, 57.03070887753347051, 49.49747468305820064 ) ) ;
#6503 = LINE ( 'NONE', #5909, #498 ) ;
#6504 = CARTESIAN_POINT ( 'NONE',  ( -14.14213562373093858, 13.35739020882256867, 19.72248166475297637 ) ) ;
#6505 = AXIS2_PLACEMENT_3D ( 'NONE', #5231, #3482, #2422 ) ;
#6506 = EDGE_LOOP ( 'NONE', ( #2536, #3683, #3080, #1743 ) ) ;
#6507 = DIRECTION ( 'NONE',  ( 1.000000000000000000, -0.000000000000000000, 0.000000000000000000 ) ) ;
#6508 = CARTESIAN_POINT ( 'NONE',  ( -17.00000000000000000, -32.43634977756084226, 40.52057344476229872 ) ) ;
#6509 = CARTESIAN_POINT ( 'NONE',  ( 3.000000000000000000, 13.79717507775179897, -46.66598861651589658 ) ) ;
#6510 = LINE ( 'NONE', #6587, #4182 ) ;
#6511 = ADVANCED_FACE ( 'NONE', ( #6917 ), #1837, .F. ) ;
#6512 = CIRCLE ( 'NONE', #2145, 1.250000000000001110 ) ;
#6513 = VERTEX_POINT ( 'NONE', #3497 ) ;
#6514 = CYLINDRICAL_SURFACE ( 'NONE', #2473, 46.22904016544200090 ) ;
#6515 = VERTEX_POINT ( 'NONE', #5896 ) ;
#6516 = ADVANCED_FACE ( 'NONE', ( #4139 ), #3039, .F. ) ;
#6517 = ORIENTED_EDGE ( 'NONE', *, *, #2169, .T. ) ;
#6518 = VERTEX_POINT ( 'NONE', #5319 ) ;
#6519 = FACE_OUTER_BOUND ( 'NONE', #4464, .T. ) ;
#6520 = FACE_OUTER_BOUND ( 'NONE', #2126, .T. ) ;
#6521 = EDGE_CURVE ( 'NONE', #6659, #6000, #6529, .T. ) ;
#6522 = DIRECTION ( 'NONE',  ( 1.000000000000000000, 0.000000000000000000, 0.000000000000000000 ) ) ;
#6523 = ADVANCED_FACE ( 'NONE', ( #7060 ), #4955, .T. ) ;
#6524 = ORIENTED_EDGE ( 'NONE', *, *, #3660, .F. ) ;
#6525 = CARTESIAN_POINT ( 'NONE',  ( -17.00000000000000000, -49.49747468305779563, 53.99747468305879750 ) ) ;
#6526 = EDGE_LOOP ( 'NONE', ( #6332, #4257, #5710, #4884 ) ) ;
#6527 = ORIENTED_EDGE ( 'NONE', *, *, #1715, .T. ) ;
#6528 = CARTESIAN_POINT ( 'NONE',  ( 2.050000000000000266, 43.54571693074345262, 50.25680310855029376 ) ) ;
#6529 = CIRCLE ( 'NONE', #3621, 2.999999999999999112 ) ;
#6530 = DIRECTION ( 'NONE',  ( 0.000000000000000000, 0.000000000000000000, 1.000000000000000000 ) ) ;
#6531 = CARTESIAN_POINT ( 'NONE',  ( 3.000000000000000000, -11.00000000000000000, -44.83172803104509541 ) ) ;
#6532 = B_SPLINE_SURFACE_WITH_KNOTS ( 'NONE', 3, 1, ( 
 ( #5354, #3501 ),
 ( #2933, #5245 ),
 ( #53, #5388 ),
 ( #2554, #193 ) ),
 .UNSPECIFIED., .F., .F., .F.,
 ( 4, 4 ),
 ( 2, 2 ),
 ( 0.03007648256163745690, 1.000000000000000000 ),
 ( 0.000000000000000000, 1.000000000000000000 ),
 .UNSPECIFIED. ) ;
#6533 = CIRCLE ( 'NONE', #1641, 3.033234194475112222 ) ;
#6534 = CARTESIAN_POINT ( 'NONE',  ( 0.9499999999999999556, 50.25680310855020139, 43.54571693074304761 ) ) ;
#6535 = VERTEX_POINT ( 'NONE', #4071 ) ;
#6536 = ADVANCED_FACE ( 'NONE', ( #5823 ), #613, .F. ) ;
#6537 = CARTESIAN_POINT ( 'NONE',  ( 13.59999999999999964, 7.443468359643278909, 24.88702846231342392 ) ) ;
#6538 = ORIENTED_EDGE ( 'NONE', *, *, #6123, .F. ) ;
#6539 = DIRECTION ( 'NONE',  ( 1.000000000000000000, 0.000000000000000000, 0.000000000000000000 ) ) ;
#6540 = EDGE_CURVE ( 'NONE', #6681, #7436, #48, .T. ) ;
#6541 = DIRECTION ( 'NONE',  ( -1.000000000000000000, 0.000000000000000000, 0.000000000000000000 ) ) ;
#6542 = ORIENTED_EDGE ( 'NONE', *, *, #5176, .T. ) ;
#6543 = CYLINDRICAL_SURFACE ( 'NONE', #4862, 44.22904016544200090 ) ;
#6544 = CARTESIAN_POINT ( 'NONE',  ( 3.000000000000000000, -11.00000000000000000, -44.83172803104509541 ) ) ;
#6545 = ORIENTED_EDGE ( 'NONE', *, *, #5195, .T. ) ;
#6546 = CARTESIAN_POINT ( 'NONE',  ( -17.00000000000000000, 49.49747468305810116, -55.24747468305849907 ) ) ;
#6547 = CARTESIAN_POINT ( 'NONE',  ( 1.999999999999999556, -42.49929521576896008, -47.77712325740476729 ) ) ;
#6548 = CARTESIAN_POINT ( 'NONE',  ( 3.000000000000000000, 53.99747468305830012, 48.24747468305830012 ) ) ;
#6549 = CARTESIAN_POINT ( 'NONE',  ( -7.156768276902879755, 44.48011260054759930, -52.78777523665359439 ) ) ;
#6550 = EDGE_LOOP ( 'NONE', ( #6937, #2309 ) ) ;
#6551 = CARTESIAN_POINT ( 'NONE',  ( 0.000000000000000000, 49.94734338944670782, 57.29768064699699437 ) ) ;
#6552 = ORIENTED_EDGE ( 'NONE', *, *, #4968, .T. ) ;
#6553 = AXIS2_PLACEMENT_3D ( 'NONE', #6732, #1544, #7308 ) ;
#6554 = ORIENTED_EDGE ( 'NONE', *, *, #5697, .T. ) ;
#6555 = ORIENTED_EDGE ( 'NONE', *, *, #3160, .F. ) ;
#6556 = EDGE_LOOP ( 'NONE', ( #5076, #7110, #419, #6049 ) ) ;
#6557 = CARTESIAN_POINT ( 'NONE',  ( 0.000000000000000000, -13.00000000000000000, -37.97687999291370176 ) ) ;
#6558 = CARTESIAN_POINT ( 'NONE',  ( 3.000000000000000000, 47.35404289052780058, -42.12145270974734501 ) ) ;
#6559 = DIRECTION ( 'NONE',  ( 0.000000000000000000, 0.000000000000000000, -1.000000000000000000 ) ) ;
#6560 = EDGE_CURVE ( 'NONE', #1891, #2919, #4814, .T. ) ;
#6561 = ORIENTED_EDGE ( 'NONE', *, *, #4566, .F. ) ;
#6562 = DIRECTION ( 'NONE',  ( 0.000000000000000000, 0.000000000000000000, -1.000000000000000000 ) ) ;
#6563 = EDGE_CURVE ( 'NONE', #2967, #4047, #5426, .T. ) ;
#6564 = EDGE_LOOP ( 'NONE', ( #3756, #23 ) ) ;
#6565 = ORIENTED_EDGE ( 'NONE', *, *, #6996, .F. ) ;
#6566 = CARTESIAN_POINT ( 'NONE',  ( 0.9499999999999999556, 42.12145270974714606, 47.35404289052760163 ) ) ;
#6567 = CARTESIAN_POINT ( 'NONE',  ( 3.000000000000000000, 47.35404289052719662, 42.12145270974674816 ) ) ;
#6568 = CARTESIAN_POINT ( 'NONE',  ( 3.000000000000000000, -49.49747468305869802, -53.99747468305799458 ) ) ;
#6569 = AXIS2_PLACEMENT_3D ( 'NONE', #4599, #7449, #3351 ) ;
#6570 = EDGE_CURVE ( 'NONE', #3909, #4394, #4961, .T. ) ;
#6571 = LINE ( 'NONE', #5390, #1753 ) ;
#6572 = ORIENTED_EDGE ( 'NONE', *, *, #1813, .T. ) ;
#6573 = CARTESIAN_POINT ( 'NONE',  ( 0.000000000000000000, -13.00000000000000000, -44.83172803104509541 ) ) ;
#6574 = EDGE_LOOP ( 'NONE', ( #207, #4929 ) ) ;
#6575 = CARTESIAN_POINT ( 'NONE',  ( 3.000000000000000000, -42.79062703053885031, -34.06534861049190255 ) ) ;
#6576 = CARTESIAN_POINT ( 'NONE',  ( 3.000000000000000000, 53.99747468305810116, -50.74747468305849907 ) ) ;
#6577 = EDGE_CURVE ( 'NONE', #1778, #5581, #3266, .T. ) ;
#6578 = EDGE_LOOP ( 'NONE', ( #939, #1620, #4483, #5467 ) ) ;
#6579 = CIRCLE ( 'NONE', #4519, 1.250000000000001110 ) ;
#6580 = DIRECTION ( 'NONE',  ( 0.000000000000000000, 0.8707834046455880106, -0.4916668203100940104 ) ) ;
#6581 = CARTESIAN_POINT ( 'NONE',  ( -0.9999999999999991118, -23.59999999999999787, 0.000000000000000000 ) ) ;
#6582 = ORIENTED_EDGE ( 'NONE', *, *, #5125, .F. ) ;
#6583 = CARTESIAN_POINT ( 'NONE',  ( -17.00000000000000000, -49.49747468305790221, 44.99747468305884723 ) ) ;
#6585 = CARTESIAN_POINT ( 'NONE',  ( 0.000000000000000000, 49.49747468305810116, -53.99747468305849196 ) ) ;
#6584 = CIRCLE ( 'NONE', #1263, 3.000000000000000888 ) ;
#6586 = AXIS2_PLACEMENT_3D ( 'NONE', #4905, #2067, #2028 ) ;
#6587 = CARTESIAN_POINT ( 'NONE',  ( -10.50000000000000000, 7.347880794884119933E-15, -41.39999999999999858 ) ) ;
#6588 = AXIS2_PLACEMENT_3D ( 'NONE', #2635, #310, #3885 ) ;
#6589 = CARTESIAN_POINT ( 'NONE',  ( 32.59999999999999432, 9.332174861821640022, 12.63835602176123984 ) ) ;
#6590 = ORIENTED_EDGE ( 'NONE', *, *, #2484, .T. ) ;
#6591 = CIRCLE ( 'NONE', #56, 3.000000000000002665 ) ;
#6592 = ORIENTED_EDGE ( 'NONE', *, *, #1995, .F. ) ;
#6593 = ORIENTED_EDGE ( 'NONE', *, *, #3364, .F. ) ;
#6594 = VERTEX_POINT ( 'NONE', #761 ) ;
#6595 = CARTESIAN_POINT ( 'NONE',  ( -10.50000000000000000, 23.59999999999999787, 9.108356170405180515E-15 ) ) ;
#6596 = CARTESIAN_POINT ( 'NONE',  ( 0.000000000000000000, 7.347880794884119933E-15, -36.39999999999999858 ) ) ;
#6597 = DIRECTION ( 'NONE',  ( 0.000000000000000000, 4.336808689942013792E-15, 1.000000000000000000 ) ) ;
#6598 = ORIENTED_EDGE ( 'NONE', *, *, #5289, .T. ) ;
#6599 = CARTESIAN_POINT ( 'NONE',  ( -8.485281374238578422, 49.49747468305812959, -46.99747468305847775 ) ) ;
#6600 = ORIENTED_EDGE ( 'NONE', *, *, #1342, .F. ) ;
#6601 = VERTEX_POINT ( 'NONE', #1945 ) ;
#6602 = ADVANCED_FACE ( 'NONE', ( #4214 ), #232, .F. ) ;
#6603 = CYLINDRICAL_SURFACE ( 'NONE', #5935, 2.999999999999999112 ) ;
#6604 = LINE ( 'NONE', #2673, #2999 ) ;
#6605 = CARTESIAN_POINT ( 'NONE',  ( 3.000000000000000000, -46.20717412946349612, -54.51483676556789959 ) ) ;
#6606 = VECTOR ( 'NONE', #1992, 1000.000000000000000 ) ;
#6607 = ADVANCED_FACE ( 'NONE', ( #1413 ), #4860, .T. ) ;
#6608 = FACE_OUTER_BOUND ( 'NONE', #6578, .T. ) ;
#6609 = CARTESIAN_POINT ( 'NONE',  ( 0.000000000000000000, 44.99747468305814380, -49.49747468305849907 ) ) ;
#6610 = ORIENTED_EDGE ( 'NONE', *, *, #1693, .F. ) ;
#6611 = CIRCLE ( 'NONE', #2015, 2.000000000000001776 ) ;
#6612 = DIRECTION ( 'NONE',  ( 1.000000000000000000, 0.000000000000000000, 0.000000000000000000 ) ) ;
#6613 = EDGE_LOOP ( 'NONE', ( #1115, #2539 ) ) ;
#6614 = ORIENTED_EDGE ( 'NONE', *, *, #1110, .F. ) ;
#6615 = VECTOR ( 'NONE', #413, 1000.000000000000000 ) ;
#6616 = PRESENTATION_STYLE_ASSIGNMENT (( #4339 ) ) ;
#6617 = EDGE_CURVE ( 'NONE', #169, #1507, #7173, .T. ) ;
#6618 = CARTESIAN_POINT ( 'NONE',  ( 0.000000000000000000, -42.24281976426506446, 47.47855930325308549 ) ) ;
#6619 = AXIS2_PLACEMENT_3D ( 'NONE', #2153, #5489, #6175 ) ;
#6620 = DIRECTION ( 'NONE',  ( 0.000000000000000000, 0.000000000000000000, -1.000000000000000000 ) ) ;
#6621 = DIRECTION ( 'NONE',  ( 1.000000000000000000, 0.000000000000000000, 0.000000000000000000 ) ) ;
#6622 = ORIENTED_EDGE ( 'NONE', *, *, #6570, .T. ) ;
#6623 = ADVANCED_FACE ( 'NONE', ( #843 ), #6603, .F. ) ;
#6624 =( NAMED_UNIT ( * ) SI_UNIT ( $, .STERADIAN. ) SOLID_ANGLE_UNIT ( ) );
#6625 = DIRECTION ( 'NONE',  ( -1.000000000000000000, 0.000000000000000000, 0.000000000000000000 ) ) ;
#6626 = CARTESIAN_POINT ( 'NONE',  ( 0.000000000000000000, 49.49747468305800169, -57.03070887753364104 ) ) ;
#6627 = CARTESIAN_POINT ( 'NONE',  ( 3.000000000000000888, 24.89402789325527721, -6.879352572115865705 ) ) ;
#6628 = AXIS2_PLACEMENT_3D ( 'NONE', #6296, #1171, #3475 ) ;
#6629 = CARTESIAN_POINT ( 'NONE',  ( 13.59999999999999964, 2.800000000000002043, -42.81560597293817949 ) ) ;
#6630 = ORIENTED_EDGE ( 'NONE', *, *, #2964, .F. ) ;
#6631 = ORIENTED_EDGE ( 'NONE', *, *, #1282, .T. ) ;
#6632 = VERTEX_POINT ( 'NONE', #2470 ) ;
#6633 = VECTOR ( 'NONE', #6760, 1000.000000000000000 ) ;
#6634 = EDGE_LOOP ( 'NONE', ( #2953, #7392, #6808, #759 ) ) ;
#6635 = AXIS2_PLACEMENT_3D ( 'NONE', #1885, #743, #4877 ) ;
#6636 = DIRECTION ( 'NONE',  ( 1.000000000000000000, 0.000000000000000000, 0.000000000000000000 ) ) ;
#6637 = DIRECTION ( 'NONE',  ( -1.000000000000000000, 0.000000000000000000, 0.000000000000000000 ) ) ;
#6638 = DIRECTION ( 'NONE',  ( -1.000000000000000000, -0.000000000000000000, -0.000000000000000000 ) ) ;
#6639 = ADVANCED_FACE ( 'NONE', ( #6038 ), #3110, .T. ) ;
#6640 = ORIENTED_EDGE ( 'NONE', *, *, #1591, .T. ) ;
#6641 = CIRCLE ( 'NONE', #5561, 2.000000000000001776 ) ;
#6642 = CARTESIAN_POINT ( 'NONE',  ( 13.88099599809534723, 34.85230175400390351, 40.11765547674053067 ) ) ;
#6643 = VERTEX_POINT ( 'NONE', #7213 ) ;
#6644 = VERTEX_POINT ( 'NONE', #2063 ) ;
#6645 = DIRECTION ( 'NONE',  ( 1.000000000000000000, 0.000000000000000000, 0.000000000000000000 ) ) ;
#6646 = CARTESIAN_POINT ( 'NONE',  ( -17.00000000000000000, -49.49747468305790221, 44.99747468305884723 ) ) ;
#6647 = LINE ( 'NONE', #2065, #2855 ) ;
#6648 = CARTESIAN_POINT ( 'NONE',  ( 2.794219629323109633, 28.82969979451918618, 34.08523190702377548 ) ) ;
#6649 = DIRECTION ( 'NONE',  ( 0.000000000000000000, 0.000000000000000000, 1.000000000000000000 ) ) ;
#6650 = VERTEX_POINT ( 'NONE', #3235 ) ;
#6651 = AXIS2_PLACEMENT_3D ( 'NONE', #6573, #7224, #197 ) ;
#6652 = DIRECTION ( 'NONE',  ( 0.000000000000000000, 0.000000000000000000, 1.000000000000000000 ) ) ;
#6653 = ORIENTED_EDGE ( 'NONE', *, *, #6344, .T. ) ;
#6654 = ORIENTED_EDGE ( 'NONE', *, *, #6757, .T. ) ;
#6655 = VECTOR ( 'NONE', #7434, 1000.000000000000000 ) ;
#6656 = CARTESIAN_POINT ( 'NONE',  ( -17.00000000000000000, 49.49747468305830722, 53.99747468305830012 ) ) ;
#6657 = DIRECTION ( 'NONE',  ( 0.000000000000000000, 0.000000000000000000, -1.000000000000000000 ) ) ;
#6658 = EDGE_CURVE ( 'NONE', #6086, #980, #2021, .T. ) ;
#6659 = VERTEX_POINT ( 'NONE', #3075 ) ;
#6660 = DIRECTION ( 'NONE',  ( 1.000000000000000000, 0.000000000000000000, 0.000000000000000000 ) ) ;
#6661 = EDGE_CURVE ( 'NONE', #1680, #2317, #680, .T. ) ;
#6662 = DIRECTION ( 'NONE',  ( 0.000000000000000000, 0.000000000000000000, -1.000000000000000000 ) ) ;
#6663 = ORIENTED_EDGE ( 'NONE', *, *, #5313, .F. ) ;
#6664 = DIRECTION ( 'NONE',  ( 0.000000000000000000, 0.000000000000000000, -1.000000000000000000 ) ) ;
#6665 = DIRECTION ( 'NONE',  ( 0.000000000000000000, 0.000000000000000000, -1.000000000000000000 ) ) ;
#6666 = CARTESIAN_POINT ( 'NONE',  ( 0.000000000000000000, 9.332174861821640022, -12.63835602176123984 ) ) ;
#6667 = FACE_OUTER_BOUND ( 'NONE', #383, .T. ) ;
#6668 = EDGE_CURVE ( 'NONE', #4856, #3930, #6512, .T. ) ;
#6669 = ORIENTED_EDGE ( 'NONE', *, *, #3225, .F. ) ;
#6670 = VERTEX_POINT ( 'NONE', #7098 ) ;
#6671 = ORIENTED_EDGE ( 'NONE', *, *, #3741, .F. ) ;
#6672 = ORIENTED_EDGE ( 'NONE', *, *, #2398, .F. ) ;
#6673 = CARTESIAN_POINT ( 'NONE',  ( 0.000000000000000000, 42.12145270974649947, -47.35404289052689819 ) ) ;
#6674 = CARTESIAN_POINT ( 'NONE',  ( -14.14213562373093858, -13.97093804329053413, 19.89295733572788194 ) ) ;
#6675 = CARTESIAN_POINT ( 'NONE',  ( 0.000000000000000000, -49.49747468305830722, 49.49747468305830722 ) ) ;
#6676 = ORIENTED_EDGE ( 'NONE', *, *, #3448, .T. ) ;
#6677 = EDGE_CURVE ( 'NONE', #6292, #5724, #558, .T. ) ;
#6678 = AXIS2_PLACEMENT_3D ( 'NONE', #4078, #4676, #6390 ) ;
#6679 = CARTESIAN_POINT ( 'NONE',  ( -7.156768276902879755, 44.26975353622900400, 52.44211924751610354 ) ) ;
#6680 = EDGE_LOOP ( 'NONE', ( #2695, #6984, #926, #4488 ) ) ;
#6681 = VERTEX_POINT ( 'NONE', #384 ) ;
#6682 = CARTESIAN_POINT ( 'NONE',  ( 3.149999999999999911, 43.54571693074345262, 50.25680310855029376 ) ) ;
#6683 = LINE ( 'NONE', #5472, #4943 ) ;
#6684 = CARTESIAN_POINT ( 'NONE',  ( 0.000000000000000000, 4.000000000000000000, -45.56515138991168357 ) ) ;
#6685 = EDGE_CURVE ( 'NONE', #7284, #4123, #320, .T. ) ;
#6686 = FACE_OUTER_BOUND ( 'NONE', #6526, .T. ) ;
#6687 = DIRECTION ( 'NONE',  ( -1.000000000000000000, 0.000000000000000000, 0.000000000000000000 ) ) ;
#6688 = ORIENTED_EDGE ( 'NONE', *, *, #2871, .F. ) ;
#6689 = CARTESIAN_POINT ( 'NONE',  ( 3.000000000000000000, -53.99747468305869802, -49.49747468305790221 ) ) ;
#6690 = ORIENTED_EDGE ( 'NONE', *, *, #2831, .F. ) ;
#6691 = AXIS2_PLACEMENT_3D ( 'NONE', #1766, #4560, #7276 ) ;
#6692 = FILL_AREA_STYLE ('',( #3814 ) ) ;
#6693 = CARTESIAN_POINT ( 'NONE',  ( -2.748117655021889881E-17, -42.30031392873889473, 47.54235218414199693 ) ) ;
#6694 = EDGE_LOOP ( 'NONE', ( #3318, #2597, #1018, #6143 ) ) ;
#6695 = CARTESIAN_POINT ( 'NONE',  ( 2.000000000000000000, 47.35404289052719662, 42.12145270974674816 ) ) ;
#6696 = FACE_BOUND ( 'NONE', #5612, .T. ) ;
#6697 = ORIENTED_EDGE ( 'NONE', *, *, #3021, .T. ) ;
#6698 = ADVANCED_FACE ( 'NONE', ( #2704 ), #6719, .T. ) ;
#6699 = DIRECTION ( 'NONE',  ( 0.000000000000000000, 0.000000000000000000, -1.000000000000000000 ) ) ;
#6700 = CARTESIAN_POINT ( 'NONE',  ( 0.000000000000000000, -49.49747468305890408, -49.49747468305779563 ) ) ;
#6701 = CARTESIAN_POINT ( 'NONE',  ( -0.9999999999999991118, -2.701750790494729805E-16, 25.80614694161269895 ) ) ;
#6702 = EDGE_CURVE ( 'NONE', #3061, #1371, #2864, .T. ) ;
#6703 = CYLINDRICAL_SURFACE ( 'NONE', #486, 3.000000000000002665 ) ;
#6704 = ORIENTED_EDGE ( 'NONE', *, *, #3514, .F. ) ;
#6705 = VERTEX_POINT ( 'NONE', #455 ) ;
#6706 = EDGE_LOOP ( 'NONE', ( #4411, #4974, #3980, #2302 ) ) ;
#6707 = VECTOR ( 'NONE', #647, 1000.000000000000000 ) ;
#6708 = ORIENTED_EDGE ( 'NONE', *, *, #3797, .F. ) ;
#6709 = DIRECTION ( 'NONE',  ( 0.000000000000000000, 0.000000000000000000, -1.000000000000000000 ) ) ;
#6710 = FACE_OUTER_BOUND ( 'NONE', #2047, .T. ) ;
#6711 = DIRECTION ( 'NONE',  ( 0.000000000000000000, 0.000000000000000000, -1.000000000000000000 ) ) ;
#6712 = EDGE_CURVE ( 'NONE', #5570, #153, #2672, .T. ) ;
#6713 = AXIS2_PLACEMENT_3D ( 'NONE', #1532, #7299, #965 ) ;
#6714 = EDGE_LOOP ( 'NONE', ( #3103, #5298 ) ) ;
#6715 = CARTESIAN_POINT ( 'NONE',  ( 47.01946062897430068, 7.000000000000000000, -36.39999999999999858 ) ) ;
#6716 = VERTEX_POINT ( 'NONE', #3378 ) ;
#6717 = VECTOR ( 'NONE', #1965, 1000.000000000000000 ) ;
#6718 = ORIENTED_EDGE ( 'NONE', *, *, #4791, .T. ) ;
#6719 = CYLINDRICAL_SURFACE ( 'NONE', #1541, 3.033234194475112222 ) ;
#6720 = ADVANCED_FACE ( 'NONE', ( #420 ), #2207, .F. ) ;
#6721 = LINE ( 'NONE', #2098, #1682 ) ;
#6722 = FACE_OUTER_BOUND ( 'NONE', #1967, .T. ) ;
#6723 = CARTESIAN_POINT ( 'NONE',  ( 3.000000000000000000, 11.00000000000000000, -37.97687999291370176 ) ) ;
#6724 = CARTESIAN_POINT ( 'NONE',  ( -17.00000000000000000, 53.99747468305830012, 49.49747468305830722 ) ) ;
#6725 = ORIENTED_EDGE ( 'NONE', *, *, #6062, .T. ) ;
#6726 = CARTESIAN_POINT ( 'NONE',  ( 0.000000000000000000, -54.70878552723407040, -56.90126254826143537 ) ) ;
#6727 = VECTOR ( 'NONE', #7381, 1000.000000000000000 ) ;
#6728 = CYLINDRICAL_SURFACE ( 'NONE', #4065, 3.000000000000002665 ) ;
#6729 = DIRECTION ( 'NONE',  ( 0.000000000000000000, 0.000000000000000000, 1.000000000000000000 ) ) ;
#6730 = EDGE_CURVE ( 'NONE', #5420, #3292, #7103, .T. ) ;
#6731 = ORIENTED_EDGE ( 'NONE', *, *, #3467, .F. ) ;
#6732 = CARTESIAN_POINT ( 'NONE',  ( 3.000000000000000000, 0.000000000000000000, 0.000000000000000000 ) ) ;
#6733 = AXIS2_PLACEMENT_3D ( 'NONE', #2738, #2246, #4550 ) ;
#6734 = VERTEX_POINT ( 'NONE', #3272 ) ;
#6735 = FACE_OUTER_BOUND ( 'NONE', #2049, .T. ) ;
#6736 = VECTOR ( 'NONE', #368, 1000.000000000000000 ) ;
#6737 = DIRECTION ( 'NONE',  ( 0.000000000000000000, 0.5383892771022009693, -0.8426962598121398029 ) ) ;
#6738 = CIRCLE ( 'NONE', #2748, 5.000000000000000888 ) ;
#6739 = CARTESIAN_POINT ( 'NONE',  ( 3.000000000000000000, -53.99747468305869802, -48.24747468305790221 ) ) ;
#6740 = EDGE_LOOP ( 'NONE', ( #1443, #5184, #3679, #3444 ) ) ;
#6741 = DIRECTION ( 'NONE',  ( 1.000000000000000000, 0.000000000000000000, 0.000000000000000000 ) ) ;
#6742 = ORIENTED_EDGE ( 'NONE', *, *, #7315, .T. ) ;
#6743 = VERTEX_POINT ( 'NONE', #5589 ) ;
#6744 = CYLINDRICAL_SURFACE ( 'NONE', #4196, 2.000000000000001776 ) ;
#6745 = EDGE_CURVE ( 'NONE', #7413, #3397, #2266, .T. ) ;
#6746 = DIRECTION ( 'NONE',  ( 0.000000000000000000, -0.7071067811865480168, -0.7071067811865470176 ) ) ;
#6747 = AXIS2_PLACEMENT_3D ( 'NONE', #2159, #2764, #7396 ) ;
#6748 = LINE ( 'NONE', #5116, #1411 ) ;
#6749 = EDGE_CURVE ( 'NONE', #3802, #140, #5662, .T. ) ;
#6750 = VERTEX_POINT ( 'NONE', #6794 ) ;
#6751 = DIRECTION ( 'NONE',  ( 0.000000000000000000, 0.000000000000000000, -1.000000000000000000 ) ) ;
#6752 = CIRCLE ( 'NONE', #6635, 2.249999999999998668 ) ;
#6753 = VERTEX_POINT ( 'NONE', #7332 ) ;
#6754 = EDGE_CURVE ( 'NONE', #4691, #3053, #1073, .T. ) ;
#6755 = ORIENTED_EDGE ( 'NONE', *, *, #3160, .T. ) ;
#6756 = CARTESIAN_POINT ( 'NONE',  ( -17.00000000000000000, -44.99747468305869802, -49.49747468305800169 ) ) ;
#6757 = EDGE_CURVE ( 'NONE', #2509, #4684, #5166, .T. ) ;
#6758 = CIRCLE ( 'NONE', #3496, 3.330726836203799834 ) ;
#6759 = LINE ( 'NONE', #2705, #7227 ) ;
#6760 = DIRECTION ( 'NONE',  ( 1.000000000000000000, 0.000000000000000000, 0.000000000000000000 ) ) ;
#6761 = FACE_BOUND ( 'NONE', #7283, .T. ) ;
#6762 = AXIS2_PLACEMENT_3D ( 'NONE', #3280, #6767, #5021 ) ;
#6763 = CARTESIAN_POINT ( 'NONE',  ( 3.000000000000000000, 35.42412474690099344, -41.89935561480072579 ) ) ;
#6764 = CARTESIAN_POINT ( 'NONE',  ( 3.000000000000000000, -11.25843319070880000, -36.99354635229349952 ) ) ;
#6765 = EDGE_CURVE ( 'NONE', #6292, #6045, #6266, .T. ) ;
#6766 = EDGE_LOOP ( 'NONE', ( #7331, #4631, #4849, #3049 ) ) ;
#6767 = DIRECTION ( 'NONE',  ( -1.000000000000000000, 0.000000000000000000, 0.000000000000000000 ) ) ;
#6768 = AXIS2_PLACEMENT_3D ( 'NONE', #243, #4987, #3246 ) ;
#6769 = CARTESIAN_POINT ( 'NONE',  ( -17.00000000000000000, -49.49747468305779563, 52.74747468305889697 ) ) ;
#6770 = FACE_OUTER_BOUND ( 'NONE', #7356, .T. ) ;
#6771 = AXIS2_PLACEMENT_3D ( 'NONE', #722, #5816, #112 ) ;
#6772 = ORIENTED_EDGE ( 'NONE', *, *, #3701, .F. ) ;
#6773 = CIRCLE ( 'NONE', #4585, 5.499999999999998224 ) ;
#6774 = EDGE_CURVE ( 'NONE', #1269, #6632, #4978, .T. ) ;
#6775 = FACE_OUTER_BOUND ( 'NONE', #1241, .T. ) ;
#6776 = VECTOR ( 'NONE', #5003, 1000.000000000000000 ) ;
#6777 = ORIENTED_EDGE ( 'NONE', *, *, #2692, .F. ) ;
#6778 = ADVANCED_FACE ( 'NONE', ( #2737 ), #3340, .F. ) ;
#6779 = DIRECTION ( 'NONE',  ( 1.000000000000000000, 0.000000000000000000, 0.000000000000000000 ) ) ;
#6780 = CARTESIAN_POINT ( 'NONE',  ( 0.000000000000000000, -49.49747468305869802, -53.99747468305799458 ) ) ;
#6781 = CARTESIAN_POINT ( 'NONE',  ( 47.01946062897430068, 7.000000000000000000, -50.93157033242439979 ) ) ;
#6782 = VERTEX_POINT ( 'NONE', #3879 ) ;
#6783 = ORIENTED_EDGE ( 'NONE', *, *, #6250, .F. ) ;
#6784 = ORIENTED_EDGE ( 'NONE', *, *, #3652, .T. ) ;
#6785 = ORIENTED_EDGE ( 'NONE', *, *, #2250, .T. ) ;
#6786 = DIRECTION ( 'NONE',  ( 1.000000000000000000, 0.000000000000000000, 0.000000000000000000 ) ) ;
#6787 = DIRECTION ( 'NONE',  ( 0.000000000000000000, 0.7071067811865470176, -0.7071067811865480168 ) ) ;
#6788 = VECTOR ( 'NONE', #6032, 1000.000000000000000 ) ;
#6789 = DIRECTION ( 'NONE',  ( 1.000000000000000000, 0.000000000000000000, 0.000000000000000000 ) ) ;
#6790 = EDGE_LOOP ( 'NONE', ( #6224, #5800, #3987, #1412 ) ) ;
#6791 = CARTESIAN_POINT ( 'NONE',  ( 2.999999999999999112, -15.00000000000000000, 15.00000000000000000 ) ) ;
#6792 = ORIENTED_EDGE ( 'NONE', *, *, #3059, .T. ) ;
#6793 = ORIENTED_EDGE ( 'NONE', *, *, #3129, .T. ) ;
#6794 = CARTESIAN_POINT ( 'NONE',  ( 0.000000000000000000, 13.35739020882256867, 19.72248166475297637 ) ) ;
#6795 = DIRECTION ( 'NONE',  ( -1.000000000000000000, 0.000000000000000000, 0.000000000000000000 ) ) ;
#6796 = EDGE_CURVE ( 'NONE', #820, #26, #684, .T. ) ;
#6797 = CYLINDRICAL_SURFACE ( 'NONE', #4282, 3.330726836203799834 ) ;
#6798 = FACE_BOUND ( 'NONE', #2671, .T. ) ;
#6799 = EDGE_CURVE ( 'NONE', #5271, #1876, #6738, .T. ) ;
#6800 = CARTESIAN_POINT ( 'NONE',  ( 0.9499999999999996225, -48.56209539888306637, 43.32950521810258238 ) ) ;
#6801 = CARTESIAN_POINT ( 'NONE',  ( 13.59999999999999964, 23.59999999999999787, 9.108356170405180515E-15 ) ) ;
#6802 = ORIENTED_EDGE ( 'NONE', *, *, #2760, .T. ) ;
#6803 = CIRCLE ( 'NONE', #3530, 3.000000000000001332 ) ;
#6804 = CARTESIAN_POINT ( 'NONE',  ( 3.000000000000000000, -44.05275246792189847, -54.94219689819470176 ) ) ;
#6805 = DIRECTION ( 'NONE',  ( -0.000000000000000000, 0.5383892771022009693, 0.8426962598121398029 ) ) ;
#6806 = DIRECTION ( 'NONE',  ( 0.000000000000000000, -0.7071067811865480168, -0.7071067811865470176 ) ) ;
#6807 = ADVANCED_FACE ( 'NONE', ( #5623 ), #2774, .T. ) ;
#6808 = ORIENTED_EDGE ( 'NONE', *, *, #3413, .T. ) ;
#6809 = CARTESIAN_POINT ( 'NONE',  ( 0.000000000000000000, 20.35051772041052587, -12.75510716987534110 ) ) ;
#6810 = CIRCLE ( 'NONE', #361, 3.033234194475119327 ) ;
#6811 = ORIENTED_EDGE ( 'NONE', *, *, #5918, .T. ) ;
#6812 = DIRECTION ( 'NONE',  ( 1.000000000000000000, 0.000000000000000000, 0.000000000000000000 ) ) ;
#6813 = EDGE_CURVE ( 'NONE', #3473, #1870, #2848, .T. ) ;
#6814 = CARTESIAN_POINT ( 'NONE',  ( 0.000000000000000000, -2.701750790494729805E-16, 25.80614694161269895 ) ) ;
#6815 = AXIS2_PLACEMENT_3D ( 'NONE', #5899, #3005, #5320 ) ;
#6816 = DIRECTION ( 'NONE',  ( 1.000000000000000000, 0.000000000000000000, 0.000000000000000000 ) ) ;
#6817 = ORIENTED_EDGE ( 'NONE', *, *, #1927, .T. ) ;
#6818 = CYLINDRICAL_SURFACE ( 'NONE', #2903, 1.250000000000001110 ) ;
#6819 = VERTEX_POINT ( 'NONE', #5886 ) ;
#6820 = VERTEX_POINT ( 'NONE', #5737 ) ;
#6821 = LINE ( 'NONE', #2728, #1296 ) ;
#6822 = FACE_OUTER_BOUND ( 'NONE', #6225, .T. ) ;
#6823 = DIRECTION ( 'NONE',  ( 1.000000000000000000, 0.000000000000000000, 0.000000000000000000 ) ) ;
#6824 = EDGE_LOOP ( 'NONE', ( #7161, #7280 ) ) ;
#6825 = CIRCLE ( 'NONE', #5618, 4.999999999999997335 ) ;
#6826 = B_SPLINE_CURVE_WITH_KNOTS ( 'NONE', 3,
 ( #659, #3695, #4787, #6502 ),
 .UNSPECIFIED., .F., .F.,
 ( 4, 4 ),
 ( 0.03007648256163745690, 1.000000000000000222 ),
 .UNSPECIFIED. ) ;
#6827 = DIRECTION ( 'NONE',  ( 0.000000000000000000, 0.000000000000000000, 1.000000000000000000 ) ) ;
#6828 = ORIENTED_EDGE ( 'NONE', *, *, #662, .T. ) ;
#6829 = ORIENTED_EDGE ( 'NONE', *, *, #1729, .F. ) ;
#6830 = DIRECTION ( 'NONE',  ( 0.000000000000000000, 0.000000000000000000, -1.000000000000000000 ) ) ;
#6831 = DIRECTION ( 'NONE',  ( -1.000000000000000000, 0.000000000000000000, 0.000000000000000000 ) ) ;
#6832 = VECTOR ( 'NONE', #840, 1000.000000000000000 ) ;
#6833 = PLANE ( 'NONE',  #2593 ) ;
#6834 = CARTESIAN_POINT ( 'NONE',  ( 3.000000000000000000, -19.99431948050905206, 14.76172929972859826 ) ) ;
#6835 = MECHANICAL_DESIGN_GEOMETRIC_PRESENTATION_REPRESENTATION (  '', ( #1382 ), #651 ) ;
#6836 = AXIS2_PLACEMENT_3D ( 'NONE', #4114, #3461, #656 ) ;
#6837 = CARTESIAN_POINT ( 'NONE',  ( -0.1500000000000008271, -48.56209539888306637, 43.32950521810258238 ) ) ;
#6838 = CIRCLE ( 'NONE', #7198, 3.000000000000000888 ) ;
#6839 = EDGE_CURVE ( 'NONE', #1143, #648, #4081, .T. ) ;
#6840 = LINE ( 'NONE', #6382, #6341 ) ;
#6841 = ORIENTED_EDGE ( 'NONE', *, *, #3425, .T. ) ;
#6842 = CARTESIAN_POINT ( 'NONE',  ( -14.14213562373093858, -12.37182433411610738, 22.55597066360476077 ) ) ;
#6844 = EDGE_CURVE ( 'NONE', #6066, #664, #2408, .T. ) ;
#6843 = CARTESIAN_POINT ( 'NONE',  ( -17.00000000000000000, -49.49747468305860565, -43.74747468305795195 ) ) ;
#6845 = CYLINDRICAL_SURFACE ( 'NONE', #1525, 1.250000000000001110 ) ;
#6846 = CARTESIAN_POINT ( 'NONE',  ( 2.999999999999999556, 47.54235134132159857, 42.30031454084629416 ) ) ;
#6847 = ORIENTED_EDGE ( 'NONE', *, *, #3321, .T. ) ;
#6848 = EDGE_CURVE ( 'NONE', #2967, #1439, #1863, .T. ) ;
#6849 = CARTESIAN_POINT ( 'NONE',  ( 3.000000000000000000, 9.000000000000000000, -50.93157033242439979 ) ) ;
#6850 = AXIS2_PLACEMENT_3D ( 'NONE', #6656, #7228, #3205 ) ;
#6851 = ADVANCED_FACE ( 'NONE', ( #4100 ), #5235, .F. ) ;
#6852 = ORIENTED_EDGE ( 'NONE', *, *, #2786, .F. ) ;
#6853 = CARTESIAN_POINT ( 'NONE',  ( -10.50000000000000000, 7.347880794884119933E-15, -36.39999999999999858 ) ) ;
#6854 = CARTESIAN_POINT ( 'NONE',  ( 0.000000000000000000, -22.83626106214219220, -8.352646070663826805 ) ) ;
#6855 = AXIS2_PLACEMENT_3D ( 'NONE', #1193, #7062, #4074 ) ;
#6856 = CARTESIAN_POINT ( 'NONE',  ( 0.000000000000000000, 49.49747468305812959, -51.99747468305847775 ) ) ;
#6857 = CIRCLE ( 'NONE', #1889, 2.999999999999999112 ) ;
#6858 = ORIENTED_EDGE ( 'NONE', *, *, #2289, .F. ) ;
#6859 = ORIENTED_EDGE ( 'NONE', *, *, #1167, .T. ) ;
#6860 = VERTEX_POINT ( 'NONE', #39 ) ;
#6861 = VERTEX_POINT ( 'NONE', #3560 ) ;
#6862 = FACE_OUTER_BOUND ( 'NONE', #2910, .T. ) ;
#6863 = VECTOR ( 'NONE', #6737, 1000.000000000000000 ) ;
#6864 = CARTESIAN_POINT ( 'NONE',  ( 3.000000000000000888, 2.800000000000001599, -42.81560597293817949 ) ) ;
#6865 = CARTESIAN_POINT ( 'NONE',  ( 0.000000000000000000, 47.35404289052780058, -42.12145270974734501 ) ) ;
#6866 = CIRCLE ( 'NONE', #3580, 5.999999999999998224 ) ;
#6867 = AXIS2_PLACEMENT_3D ( 'NONE', #5663, #6190, #992 ) ;
#6868 = ORIENTED_EDGE ( 'NONE', *, *, #70, .T. ) ;
#6869 = AXIS2_PLACEMENT_3D ( 'NONE', #3085, #5399, #3126 ) ;
#6870 = EDGE_CURVE ( 'NONE', #2467, #2627, #4744, .T. ) ;
#6871 = DIRECTION ( 'NONE',  ( 0.000000000000000000, 0.000000000000000000, -1.000000000000000000 ) ) ;
#6872 = ORIENTED_EDGE ( 'NONE', *, *, #3572, .F. ) ;
#6873 = ORIENTED_EDGE ( 'NONE', *, *, #862, .T. ) ;
#6874 = AXIS2_PLACEMENT_3D ( 'NONE', #4501, #6786, #1484 ) ;
#6875 = DIRECTION ( 'NONE',  ( -1.000000000000000000, 0.000000000000000000, 0.000000000000000000 ) ) ;
#6876 = LINE ( 'NONE', #1722, #681 ) ;
#6877 = EDGE_CURVE ( 'NONE', #7307, #3090, #679, .T. ) ;
#6878 = CARTESIAN_POINT ( 'NONE',  ( 0.9499999999999985123, -43.32950521810298028, -48.56209539888341453 ) ) ;
#6879 = CARTESIAN_POINT ( 'NONE',  ( 3.000000000000000000, 7.000000000000000000, -53.98149148311399870 ) ) ;
#6880 = ORIENTED_EDGE ( 'NONE', *, *, #2874, .T. ) ;
#6881 = VECTOR ( 'NONE', #1859, 1000.000000000000000 ) ;
#6882 = CARTESIAN_POINT ( 'NONE',  ( 3.000000000000000000, 13.00000000000000000, -44.83172803104509541 ) ) ;
#6883 = AXIS2_PLACEMENT_3D ( 'NONE', #7100, #5968, #762 ) ;
#6884 = FACE_OUTER_BOUND ( 'NONE', #3670, .T. ) ;
#6886 = LINE ( 'NONE', #4450, #3698 ) ;
#6885 = AXIS2_PLACEMENT_3D ( 'NONE', #6001, #3191, #6075 ) ;
#6887 = CARTESIAN_POINT ( 'NONE',  ( 3.000000000000000000, 26.38461926503635269, -41.19544812833349567 ) ) ;
#6888 = CARTESIAN_POINT ( 'NONE',  ( -0.1499999999999999944, 43.54571693074285577, -50.25680310855009481 ) ) ;
#6889 = ORIENTED_EDGE ( 'NONE', *, *, #2643, .F. ) ;
#6890 = LINE ( 'NONE', #7389, #4827 ) ;
#6891 = LINE ( 'NONE', #6854, #5401 ) ;
#6892 = AXIS2_PLACEMENT_3D ( 'NONE', #620, #7146, #1345 ) ;
#6893 = CARTESIAN_POINT ( 'NONE',  ( 0.000000000000000000, -49.49747468305760378, 57.03070887753398921 ) ) ;
#6894 = EDGE_CURVE ( 'NONE', #3261, #6152, #1221, .T. ) ;
#6895 = ORIENTED_EDGE ( 'NONE', *, *, #4236, .T. ) ;
#6896 = CARTESIAN_POINT ( 'NONE',  ( 3.000000000000000000, 20.70741139360497485, 15.47482121282451750 ) ) ;
#6897 = ORIENTED_EDGE ( 'NONE', *, *, #2369, .F. ) ;
#6898 = VECTOR ( 'NONE', #5129, 1000.000000000000114 ) ;
#6899 = ORIENTED_EDGE ( 'NONE', *, *, #5217, .F. ) ;
#6900 = DIRECTION ( 'NONE',  ( 0.000000000000000000, 0.000000000000000000, -1.000000000000000000 ) ) ;
#6901 = LINE ( 'NONE', #4053, #7018 ) ;
#6902 = VECTOR ( 'NONE', #1278, 1000.000000000000000 ) ;
#6903 = CARTESIAN_POINT ( 'NONE',  ( -7.823811994067520318E-16, 42.49929662229975236, 47.77712100199629930 ) ) ;
#6904 = ADVANCED_FACE ( 'NONE', ( #6338 ), #5199, .F. ) ;
#6905 = VERTEX_POINT ( 'NONE', #3527 ) ;
#6906 = DIRECTION ( 'NONE',  ( -1.000000000000000000, 0.000000000000000000, 0.000000000000000000 ) ) ;
#6907 = DIRECTION ( 'NONE',  ( -1.000000000000000000, -0.000000000000000000, -0.000000000000000000 ) ) ;
#6908 = VERTEX_POINT ( 'NONE', #2287 ) ;
#6909 = ORIENTED_EDGE ( 'NONE', *, *, #4896, .F. ) ;
#6910 = DIRECTION ( 'NONE',  ( 1.000000000000000000, 0.000000000000000000, 0.000000000000000000 ) ) ;
#6911 = CARTESIAN_POINT ( 'NONE',  ( 4.336808689942017736E-16, -23.59999999999999787, -6.000000000000000888 ) ) ;
#6912 = DIRECTION ( 'NONE',  ( -1.000000000000000000, 0.000000000000000000, 0.000000000000000000 ) ) ;
#6913 = EDGE_CURVE ( 'NONE', #98, #7159, #642, .T. ) ;
#6914 = DIRECTION ( 'NONE',  ( -1.000000000000000000, 0.000000000000000000, 0.000000000000000000 ) ) ;
#6915 = DIRECTION ( 'NONE',  ( 0.000000000000000000, 0.7048556957872008644, -0.7093507229264949254 ) ) ;
#6916 = VERTEX_POINT ( 'NONE', #4167 ) ;
#6917 = FACE_OUTER_BOUND ( 'NONE', #3791, .T. ) ;
#6918 = CARTESIAN_POINT ( 'NONE',  ( 0.000000000000000000, 27.04060357798904946, -37.93004800826189893 ) ) ;
#6919 = DIRECTION ( 'NONE',  ( 0.000000000000000000, 0.000000000000000000, -1.000000000000000000 ) ) ;
#6920 = CARTESIAN_POINT ( 'NONE',  ( 2.050000000000000266, -43.54571693074325367, 50.25680310855020139 ) ) ;
#6921 = VECTOR ( 'NONE', #4835, 1000.000000000000000 ) ;
#6922 = CARTESIAN_POINT ( 'NONE',  ( 0.000000000000000000, 32.43195224740300375, 40.52409323608389968 ) ) ;
#6923 = ORIENTED_EDGE ( 'NONE', *, *, #6839, .T. ) ;
#6924 = CARTESIAN_POINT ( 'NONE',  ( 2.999999999999999112, -19.89295733572788194, 13.97093804329054656 ) ) ;
#6925 = DIRECTION ( 'NONE',  ( -1.000000000000000000, 0.000000000000000000, 0.000000000000000000 ) ) ;
#6926 = CARTESIAN_POINT ( 'NONE',  ( 3.000000000000000888, 7.347880794884119933E-15, -36.39999999999999858 ) ) ;
#6927 = VERTEX_POINT ( 'NONE', #4696 ) ;
#6928 = EDGE_CURVE ( 'NONE', #4154, #1259, #7020, .T. ) ;
#6929 = DIRECTION ( 'NONE',  ( 1.000000000000000000, -0.000000000000000000, -0.000000000000000000 ) ) ;
#6930 = ORIENTED_EDGE ( 'NONE', *, *, #645, .F. ) ;
#6931 = ORIENTED_EDGE ( 'NONE', *, *, #6774, .T. ) ;
#6932 = DIRECTION ( 'NONE',  ( 1.000000000000000000, 0.000000000000000000, 0.000000000000000000 ) ) ;
#6933 = FACE_BOUND ( 'NONE', #6310, .T. ) ;
#6934 = AXIS2_PLACEMENT_3D ( 'NONE', #7142, #4741, #155 ) ;
#6935 = FACE_OUTER_BOUND ( 'NONE', #5855, .T. ) ;
#6936 = EDGE_CURVE ( 'NONE', #5414, #2753, #4132, .T. ) ;
#6937 = ORIENTED_EDGE ( 'NONE', *, *, #311, .T. ) ;
#6938 = LINE ( 'NONE', #1752, #572 ) ;
#6939 = CARTESIAN_POINT ( 'NONE',  ( 0.000000000000000000, 49.49747468305830722, 44.99747468305830012 ) ) ;
#6940 = ORIENTED_EDGE ( 'NONE', *, *, #3581, .T. ) ;
#6941 = ORIENTED_EDGE ( 'NONE', *, *, #827, .T. ) ;
#6942 = DIRECTION ( 'NONE',  ( 1.000000000000000000, -0.000000000000000000, -0.000000000000000000 ) ) ;
#6943 = DIRECTION ( 'NONE',  ( 1.000000000000000000, 0.000000000000000000, 0.000000000000000000 ) ) ;
#6944 = ADVANCED_FACE ( 'NONE', ( #2322 ), #2426, .F. ) ;
#6945 = DIRECTION ( 'NONE',  ( 0.000000000000000000, -1.734723475976806700E-15, -1.000000000000000000 ) ) ;
#6946 = DIRECTION ( 'NONE',  ( 0.000000000000000000, 0.000000000000000000, -1.000000000000000000 ) ) ;
#6947 = DIRECTION ( 'NONE',  ( 1.000000000000000000, 0.000000000000000000, 0.000000000000000000 ) ) ;
#6948 = EDGE_LOOP ( 'NONE', ( #6420, #612, #5964, #6260 ) ) ;
#6949 = ADVANCED_FACE ( 'NONE', ( #6481 ), #3412, .F. ) ;
#6950 = CARTESIAN_POINT ( 'NONE',  ( 3.149999999999999911, -50.25680310855009481, -43.54571693074265681 ) ) ;
#6951 = CIRCLE ( 'NONE', #4044, 2.000000000000001776 ) ;
#6952 = AXIS2_PLACEMENT_3D ( 'NONE', #5137, #6318, #580 ) ;
#6953 = CARTESIAN_POINT ( 'NONE',  ( 0.000000000000000000, -22.83626106214219220, -8.352646070663826805 ) ) ;
#6954 = CARTESIAN_POINT ( 'NONE',  ( 0.000000000000000000, 13.00000000000000000, -46.83172803104510251 ) ) ;
#6955 = DIRECTION ( 'NONE',  ( 1.000000000000000000, 0.000000000000000000, 0.000000000000000000 ) ) ;
#6956 = VECTOR ( 'NONE', #3720, 1000.000000000000000 ) ;
#6957 = FACE_OUTER_BOUND ( 'NONE', #7225, .T. ) ;
#6958 = EDGE_CURVE ( 'NONE', #2155, #4685, #691, .T. ) ;
#6959 = EDGE_LOOP ( 'NONE', ( #178, #590, #720 ) ) ;
#6960 = DIRECTION ( 'NONE',  ( 0.000000000000000000, 0.000000000000000000, -1.000000000000000000 ) ) ;
#6961 = EDGE_CURVE ( 'NONE', #2158, #2157, #4026, .T. ) ;
#6962 = CARTESIAN_POINT ( 'NONE',  ( 0.000000000000000000, -7.153153898236729979, 23.55173142797270103 ) ) ;
#6963 = DIRECTION ( 'NONE',  ( 0.000000000000000000, 0.000000000000000000, 1.000000000000000000 ) ) ;
#6964 = EDGE_LOOP ( 'NONE', ( #5128, #3971, #74, #2691 ) ) ;
#6965 = LINE ( 'NONE', #1273, #5820 ) ;
#6966 = ORIENTED_EDGE ( 'NONE', *, *, #508, .F. ) ;
#6967 = ORIENTED_EDGE ( 'NONE', *, *, #2898, .T. ) ;
#6968 = CARTESIAN_POINT ( 'NONE',  ( 0.000000000000000000, -7.000000000000000000, -36.39999999999999858 ) ) ;
#6969 = DIRECTION ( 'NONE',  ( 1.000000000000000000, 0.000000000000000000, 0.000000000000000000 ) ) ;
#6970 = CIRCLE ( 'NONE', #3942, 3.330726836203799834 ) ;
#6971 = FACE_OUTER_BOUND ( 'NONE', #5144, .T. ) ;
#6972 = FACE_BOUND ( 'NONE', #4866, .T. ) ;
#6973 = ORIENTED_EDGE ( 'NONE', *, *, #2603, .F. ) ;
#6974 = CARTESIAN_POINT ( 'NONE',  ( 0.000000000000000000, 0.000000000000000000, -23.81566993998854898 ) ) ;
#6975 = LINE ( 'NONE', #6763, #2468 ) ;
#6976 = AXIS2_PLACEMENT_3D ( 'NONE', #7011, #5124, #459 ) ;
#6977 = EDGE_LOOP ( 'NONE', ( #6274, #1913 ) ) ;
#6978 = ORIENTED_EDGE ( 'NONE', *, *, #6261, .T. ) ;
#6979 = DIRECTION ( 'NONE',  ( 1.000000000000000000, 0.000000000000000000, 0.000000000000000000 ) ) ;
#6980 = CIRCLE ( 'NONE', #6375, 2.999999999999999112 ) ;
#6981 = CARTESIAN_POINT ( 'NONE',  ( 3.000000000000000000, -53.99747468305779563, 49.49747468305890408 ) ) ;
#6982 = FACE_OUTER_BOUND ( 'NONE', #5647, .T. ) ;
#6983 = EDGE_CURVE ( 'NONE', #5933, #434, #3398, .T. ) ;
#6984 = ORIENTED_EDGE ( 'NONE', *, *, #3240, .F. ) ;
#6985 = EDGE_CURVE ( 'NONE', #3218, #593, #83, .T. ) ;
#6986 = LINE ( 'NONE', #1691, #5362 ) ;
#6987 = AXIS2_PLACEMENT_3D ( 'NONE', #5087, #6942, #3487 ) ;
#6988 = EDGE_CURVE ( 'NONE', #7135, #1439, #5291, .T. ) ;
#6989 = ORIENTED_EDGE ( 'NONE', *, *, #1282, .F. ) ;
#6990 = CARTESIAN_POINT ( 'NONE',  ( 3.000000000000000000, 15.32146667047080157, -29.79757139416084755 ) ) ;
#6991 =( BOUNDED_CURVE ( )  B_SPLINE_CURVE ( 3, ( #6693, #2560, #4872, #1502 ),
 .UNSPECIFIED., .F., .F. ) 
 B_SPLINE_CURVE_WITH_KNOTS ( ( 4, 4 ),
 ( 0.000000000000000000, 1.000000000000000000 ),
 .UNSPECIFIED. ) 
 CURVE ( )  GEOMETRIC_REPRESENTATION_ITEM ( )  RATIONAL_B_SPLINE_CURVE ( ( 0.9920926398448043360, 0.9920926398448042249, 0.9920926398448041139, 0.9920926398448040029 ) ) 
 REPRESENTATION_ITEM ( '' )  );
#6992 = DIRECTION ( 'NONE',  ( 0.000000000000000000, -0.9171302927353677248, -0.3985875388758894911 ) ) ;
#6993 = CARTESIAN_POINT ( 'NONE',  ( -0.9999999999999991118, 23.59999999999999787, 9.108356170405180515E-15 ) ) ;
#6994 = CIRCLE ( 'NONE', #3592, 2.500000000000002220 ) ;
#6995 = DIRECTION ( 'NONE',  ( 0.000000000000000000, 0.000000000000000000, -1.000000000000000000 ) ) ;
#6996 = EDGE_CURVE ( 'NONE', #2019, #6820, #1176, .T. ) ;
#6997 = DIRECTION ( 'NONE',  ( 0.000000000000000000, 0.000000000000000000, -1.000000000000000000 ) ) ;
#6998 = CIRCLE ( 'NONE', #3478, 2.249999999999998668 ) ;
#6999 = VERTEX_POINT ( 'NONE', #753 ) ;
#7000 = DIRECTION ( 'NONE',  ( -1.000000000000000000, 0.000000000000000000, 0.000000000000000000 ) ) ;
#7001 = DIRECTION ( 'NONE',  ( 0.000000000000000000, 0.000000000000000000, 1.000000000000000000 ) ) ;
#7002 = ADVANCED_FACE ( 'NONE', ( #1897 ), #147, .F. ) ;
#7003 = FACE_OUTER_BOUND ( 'NONE', #1858, .T. ) ;
#7004 = LINE ( 'NONE', #1707, #4594 ) ;
#7005 = ORIENTED_EDGE ( 'NONE', *, *, #6476, .F. ) ;
#7006 = ORIENTED_EDGE ( 'NONE', *, *, #404, .F. ) ;
#7007 = CARTESIAN_POINT ( 'NONE',  ( 3.000000000000000000, -49.49747468305864828, -49.49747468305795906 ) ) ;
#7008 = AXIS2_PLACEMENT_3D ( 'NONE', #4569, #6209, #544 ) ;
#7009 = CARTESIAN_POINT ( 'NONE',  ( 0.000000000000000000, -12.37182433411610738, 22.55597066360476077 ) ) ;
#7010 = LINE ( 'NONE', #5950, #6131 ) ;
#7011 = CARTESIAN_POINT ( 'NONE',  ( -0.9999999999999991118, 8.082668874372532400E-15, -30.40000000000000213 ) ) ;
#7012 = VECTOR ( 'NONE', #1864, 1000.000000000000000 ) ;
#7013 = VERTEX_POINT ( 'NONE', #181 ) ;
#7014 = VECTOR ( 'NONE', #1787, 999.9999999999998863 ) ;
#7015 = DIRECTION ( 'NONE',  ( 1.000000000000000000, 0.000000000000000000, 0.000000000000000000 ) ) ;
#7016 = AXIS2_PLACEMENT_3D ( 'NONE', #5359, #4148, #6392 ) ;
#7017 = ORIENTED_EDGE ( 'NONE', *, *, #259, .T. ) ;
#7018 = VECTOR ( 'NONE', #6329, 1000.000000000000000 ) ;
#7019 = VERTEX_POINT ( 'NONE', #7164 ) ;
#7020 = LINE ( 'NONE', #7477, #4190 ) ;
#7021 = LINE ( 'NONE', #2997, #7012 ) ;
#7022 = CARTESIAN_POINT ( 'NONE',  ( 0.000000000000000000, 10.24377216533661894, 20.44140357624315740 ) ) ;
#7023 = ORIENTED_EDGE ( 'NONE', *, *, #1938, .F. ) ;
#7024 = CARTESIAN_POINT ( 'NONE',  ( 3.000000000000000000, 42.18320564682800011, -47.41579582760844858 ) ) ;
#7025 = VERTEX_POINT ( 'NONE', #4851 ) ;
#7026 = ADVANCED_FACE ( 'NONE', ( #6519 ), #5461, .T. ) ;
#7027 = DIRECTION ( 'NONE',  ( 0.000000000000000000, 0.000000000000000000, 1.000000000000000000 ) ) ;
#7028 = CARTESIAN_POINT ( 'NONE',  ( 13.59999999999999964, -2.701750790494729805E-16, 25.80614694161269895 ) ) ;
#7029 = CARTESIAN_POINT ( 'NONE',  ( 3.000000000000000000, -53.99747468305869802, -50.74747468305790221 ) ) ;
#7030 = VECTOR ( 'NONE', #6212, 1000.000000000000000 ) ;
#7031 = EDGE_CURVE ( 'NONE', #6518, #6716, #4242, .T. ) ;
#7032 = CARTESIAN_POINT ( 'NONE',  ( 0.000000000000000000, 57.29768064699699437, -49.94734338944670071 ) ) ;
#7033 = VERTEX_POINT ( 'NONE', #2576 ) ;
#7034 = CARTESIAN_POINT ( 'NONE',  ( -0.9999999999999991118, 5.258453403963066658E-16, 32.30614694161269540 ) ) ;
#7035 = EDGE_CURVE ( 'NONE', #1362, #4844, #6138, .T. ) ;
#7036 = DIRECTION ( 'NONE',  ( -1.000000000000000000, 0.000000000000000000, 0.000000000000000000 ) ) ;
#7037 = CARTESIAN_POINT ( 'NONE',  ( 0.000000000000000000, -19.71194434574736931, 13.32740307229165388 ) ) ;
#7038 = PLANE ( 'NONE',  #4836 ) ;
#7039 = ORIENTED_EDGE ( 'NONE', *, *, #116, .T. ) ;
#7040 = ADVANCED_FACE ( 'NONE', ( #1365 ), #784, .T. ) ;
#7041 = ORIENTED_EDGE ( 'NONE', *, *, #5470, .T. ) ;
#7042 = AXIS2_PLACEMENT_3D ( 'NONE', #3824, #943, #2690 ) ;
#7043 = CYLINDRICAL_SURFACE ( 'NONE', #5791, 1.250000000000001110 ) ;
#7044 = CARTESIAN_POINT ( 'NONE',  ( 3.000000000000000000, 42.12145270974714606, 47.35404289052760163 ) ) ;
#7045 = CARTESIAN_POINT ( 'NONE',  ( 3.000000000000000000, -47.47856531120665124, -42.24282625719455098 ) ) ;
#7046 = DIRECTION ( 'NONE',  ( 1.000000000000000000, 0.000000000000000000, 0.000000000000000000 ) ) ;
#7047 = ORIENTED_EDGE ( 'NONE', *, *, #1233, .T. ) ;
#7048 = DIRECTION ( 'NONE',  ( 0.000000000000000000, 0.000000000000000000, -1.000000000000000000 ) ) ;
#7049 = ORIENTED_EDGE ( 'NONE', *, *, #3881, .T. ) ;
#7050 = VECTOR ( 'NONE', #6741, 1000.000000000000000 ) ;
#7051 = EDGE_LOOP ( 'NONE', ( #3204, #756, #851, #3515 ) ) ;
#7052 = DIRECTION ( 'NONE',  ( -1.000000000000000000, -0.000000000000000000, -0.000000000000000000 ) ) ;
#7053 = DIRECTION ( 'NONE',  ( 1.000000000000000000, 0.000000000000000000, 0.000000000000000000 ) ) ;
#7054 = DIRECTION ( 'NONE',  ( 0.000000000000000000, 0.000000000000000000, -1.000000000000000000 ) ) ;
#7055 = EDGE_CURVE ( 'NONE', #5391, #6055, #807, .T. ) ;
#7056 = ORIENTED_EDGE ( 'NONE', *, *, #940, .T. ) ;
#7057 = CARTESIAN_POINT ( 'NONE',  ( 0.000000000000000000, 11.25843319070881954, -36.99354635229354926 ) ) ;
#7058 = ORIENTED_EDGE ( 'NONE', *, *, #2444, .T. ) ;
#7059 = ORIENTED_EDGE ( 'NONE', *, *, #5801, .F. ) ;
#7060 = FACE_OUTER_BOUND ( 'NONE', #5848, .T. ) ;
#7061 = CARTESIAN_POINT ( 'NONE',  ( 3.000000023419479245, -28.49411002171713037, 33.82738869685254457 ) ) ;
#7062 = DIRECTION ( 'NONE',  ( -1.000000000000000000, 0.000000000000000000, 0.000000000000000000 ) ) ;
#7063 = CARTESIAN_POINT ( 'NONE',  ( 3.000000000000000888, 23.59999999999999787, 9.108356170405180515E-15 ) ) ;
#7064 = VECTOR ( 'NONE', #3228, 1000.000000000000000 ) ;
#7065 = EDGE_CURVE ( 'NONE', #6999, #4327, #689, .T. ) ;
#7066 = ORIENTED_EDGE ( 'NONE', *, *, #6570, .F. ) ;
#7067 = DIRECTION ( 'NONE',  ( 0.000000000000000000, 0.000000000000000000, -1.000000000000000000 ) ) ;
#7068 = AXIS2_PLACEMENT_3D ( 'NONE', #3947, #1105, #7401 ) ;
#7069 = LINE ( 'NONE', #702, #2623 ) ;
#7070 = VECTOR ( 'NONE', #1795, 1000.000000000000000 ) ;
#7071 = EDGE_CURVE ( 'NONE', #6083, #1324, #3469, .T. ) ;
#7072 = CARTESIAN_POINT ( 'NONE',  ( 3.000000000000000000, -52.78777523665379334, -44.48011260054745719 ) ) ;
#7073 = EDGE_CURVE ( 'NONE', #3820, #3019, #7241, .T. ) ;
#7074 = VECTOR ( 'NONE', #4199, 1000.000000000000114 ) ;
#7075 = FACE_BOUND ( 'NONE', #443, .T. ) ;
#7076 = ORIENTED_EDGE ( 'NONE', *, *, #2339, .T. ) ;
#7077 = DIRECTION ( 'NONE',  ( 1.000000000000000000, 0.000000000000000000, 0.000000000000000000 ) ) ;
#7078 = LINE ( 'NONE', #5411, #3416 ) ;
#7079 = CARTESIAN_POINT ( 'NONE',  ( 3.000000000000000888, 4.000000000000000000, -45.56515138991168357 ) ) ;
#7080 = CARTESIAN_POINT ( 'NONE',  ( 0.000000000000000000, 22.82873173716461324, 13.35350086926487556 ) ) ;
#7081 = EDGE_LOOP ( 'NONE', ( #2990, #6858, #6178, #4223 ) ) ;
#7082 = DIRECTION ( 'NONE',  ( 0.000000000000000000, 0.000000000000000000, 1.000000000000000000 ) ) ;
#7083 = VERTEX_POINT ( 'NONE', #7324 ) ;
#7084 = VERTEX_POINT ( 'NONE', #5077 ) ;
#7085 = VERTEX_POINT ( 'NONE', #1597 ) ;
#7086 = CARTESIAN_POINT ( 'NONE',  ( 3.000000000000000000, -49.49747468305860565, -44.99747468305794484 ) ) ;
#7087 = STYLED_ITEM ( 'NONE', ( #6616 ), #4366 ) ;
#7088 = DIRECTION ( 'NONE',  ( 1.000000000000000000, 0.000000000000000000, 0.000000000000000000 ) ) ;
#7089 = CARTESIAN_POINT ( 'NONE',  ( 0.000000000000000000, -44.99747468305869802, -49.49747468305800169 ) ) ;
#7090 = ORIENTED_EDGE ( 'NONE', *, *, #1750, .T. ) ;
#7091 = EDGE_CURVE ( 'NONE', #6125, #5885, #2034, .T. ) ;
#7092 = AXIS2_PLACEMENT_3D ( 'NONE', #6684, #4443, #1573 ) ;
#7093 = CARTESIAN_POINT ( 'NONE',  ( 1.999999999999999556, 47.77712325740473176, -42.49929521576890323 ) ) ;
#7094 = EDGE_LOOP ( 'NONE', ( #5261, #3376, #571, #1137 ) ) ;
#7095 = CIRCLE ( 'NONE', #1533, 5.999999999999998224 ) ;
#7096 = ORIENTED_EDGE ( 'NONE', *, *, #774, .F. ) ;
#7097 = EDGE_CURVE ( 'NONE', #6188, #1005, #812, .T. ) ;
#7098 = CARTESIAN_POINT ( 'NONE',  ( 0.000000000000000000, 53.99747468305830012, 50.74747468305830722 ) ) ;
#7099 = AXIS2_PLACEMENT_3D ( 'NONE', #3787, #5534, #7351 ) ;
#7100 = CARTESIAN_POINT ( 'NONE',  ( 3.000000000000000888, -23.59999999999999787, 0.000000000000000000 ) ) ;
#7101 = DIRECTION ( 'NONE',  ( 1.000000000000000000, 0.000000000000000000, 0.000000000000000000 ) ) ;
#7102 = CIRCLE ( 'NONE', #7471, 5.000000000000000888 ) ;
#7103 = CIRCLE ( 'NONE', #3960, 3.033234194475119327 ) ;
#7104 = CARTESIAN_POINT ( 'NONE',  ( 3.149999999999999911, 47.35404289052719662, 42.12145270974674816 ) ) ;
#7105 = VERTEX_POINT ( 'NONE', #446 ) ;
#7106 = ORIENTED_EDGE ( 'NONE', *, *, #3406, .T. ) ;
#7107 = AXIS2_PLACEMENT_3D ( 'NONE', #3403, #2876, #1676 ) ;
#7108 = DIRECTION ( 'NONE',  ( -1.000000000000000000, 0.000000000000000000, 0.000000000000000000 ) ) ;
#7109 = CARTESIAN_POINT ( 'NONE',  ( 13.59999999999999964, -10.42085570350058710, 24.51938107059371674 ) ) ;
#7110 = ORIENTED_EDGE ( 'NONE', *, *, #3844, .T. ) ;
#7111 = VECTOR ( 'NONE', #247, 999.9999999999998863 ) ;
#7112 = DIRECTION ( 'NONE',  ( 0.000000000000000000, -3.469446951953611033E-15, -1.000000000000000000 ) ) ;
#7113 = PLANE ( 'NONE',  #3015 ) ;
#7114 = AXIS2_PLACEMENT_3D ( 'NONE', #2318, #4692, #4621 ) ;
#7115 = ORIENTED_EDGE ( 'NONE', *, *, #4517, .F. ) ;
#7116 = EDGE_CURVE ( 'NONE', #6324, #2280, #4799, .T. ) ;
#7117 = DIRECTION ( 'NONE',  ( 0.000000000000000000, 0.000000000000000000, 1.000000000000000000 ) ) ;
#7118 = CARTESIAN_POINT ( 'NONE',  ( 47.01946062897430068, 7.000000000000000000, -53.98149148311399870 ) ) ;
#7119 = CARTESIAN_POINT ( 'NONE',  ( 3.000000000000000000, -49.49747468305779563, 53.99747468305879750 ) ) ;
#7120 = CYLINDRICAL_SURFACE ( 'NONE', #1048, 2.249999999999998668 ) ;
#7121 = CIRCLE ( 'NONE', #3859, 2.000000000000001776 ) ;
#7122 = EDGE_CURVE ( 'NONE', #3178, #3526, #5413, .T. ) ;
#7123 = ORIENTED_EDGE ( 'NONE', *, *, #6563, .F. ) ;
#7124 = DIRECTION ( 'NONE',  ( 0.000000000000000000, 0.000000000000000000, -1.000000000000000000 ) ) ;
#7125 = EDGE_LOOP ( 'NONE', ( #3841, #7123, #175, #1482 ) ) ;
#7126 = ORIENTED_EDGE ( 'NONE', *, *, #5217, .T. ) ;
#7127 = AXIS2_PLACEMENT_3D ( 'NONE', #578, #4486, #429 ) ;
#7128 = EDGE_LOOP ( 'NONE', ( #5186, #3348, #4452, #1895 ) ) ;
#7129 = ORIENTED_EDGE ( 'NONE', *, *, #7218, .T. ) ;
#7130 = CARTESIAN_POINT ( 'NONE',  ( 0.000000000000000000, 26.42356509336774906, -41.17852215610570710 ) ) ;
#7131 = CARTESIAN_POINT ( 'NONE',  ( 3.000000000000000000, -57.29768064699647567, 49.94734338944730467 ) ) ;
#7132 = CARTESIAN_POINT ( 'NONE',  ( -10.50000000000000000, -2.701750790494729805E-16, 25.80614694161269895 ) ) ;
#7133 = AXIS2_PLACEMENT_3D ( 'NONE', #4852, #6105, #4358 ) ;
#7134 = AXIS2_PLACEMENT_3D ( 'NONE', #700, #2937, #6430 ) ;
#7135 = VERTEX_POINT ( 'NONE', #1637 ) ;
#7136 = CARTESIAN_POINT ( 'NONE',  ( 3.000000000000000000, -42.12145270974695421, 47.35404289052740268 ) ) ;
#7137 = ORIENTED_EDGE ( 'NONE', *, *, #1209, .T. ) ;
#7138 = ORIENTED_EDGE ( 'NONE', *, *, #2603, .T. ) ;
#7139 = DIRECTION ( 'NONE',  ( 1.000000000000000000, 0.000000000000000000, 0.000000000000000000 ) ) ;
#7140 = CIRCLE ( 'NONE', #1914, 2.500000000000002220 ) ;
#7141 = EDGE_CURVE ( 'NONE', #7163, #231, #3332, .T. ) ;
#7142 = CARTESIAN_POINT ( 'NONE',  ( 0.000000000000000000, -49.49747468305860565, -44.99747468305794484 ) ) ;
#7143 = DIRECTION ( 'NONE',  ( 0.000000000000000000, 0.000000000000000000, -1.000000000000000000 ) ) ;
#7144 = FACE_OUTER_BOUND ( 'NONE', #3708, .T. ) ;
#7145 = ORIENTED_EDGE ( 'NONE', *, *, #7122, .T. ) ;
#7146 = DIRECTION ( 'NONE',  ( -1.000000000000000000, 0.000000000000000000, 0.000000000000000000 ) ) ;
#7147 = ORIENTED_EDGE ( 'NONE', *, *, #7429, .T. ) ;
#7148 = CARTESIAN_POINT ( 'NONE',  ( -10.50000000000000000, 7.347880794884119933E-15, -33.40000000000000568 ) ) ;
#7149 = CARTESIAN_POINT ( 'NONE',  ( 0.000000000000000000, 24.53625782700348879, 6.937104675682415511 ) ) ;
#7150 = ORIENTED_EDGE ( 'NONE', *, *, #3391, .T. ) ;
#7151 = CARTESIAN_POINT ( 'NONE',  ( -14.00000000000000000, 15.00000000000000000, 15.00000000000000000 ) ) ;
#7152 = DIRECTION ( 'NONE',  ( 1.000000000000000000, 0.000000000000000000, 0.000000000000000000 ) ) ;
#7153 = ORIENTED_EDGE ( 'NONE', *, *, #6194, .T. ) ;
#7154 = CARTESIAN_POINT ( 'NONE',  ( 3.000000000000000888, -15.00000000000000000, 17.24999999999999645 ) ) ;
#7155 = CARTESIAN_POINT ( 'NONE',  ( 0.000000000000000000, -11.00000000000000000, -47.88164918173480089 ) ) ;
#7156 = ORIENTED_EDGE ( 'NONE', *, *, #1495, .T. ) ;
#7157 = EDGE_CURVE ( 'NONE', #3178, #6515, #324, .T. ) ;
#7158 = CARTESIAN_POINT ( 'NONE',  ( -17.00000000000000000, -49.49747468305869802, -55.24747468305799458 ) ) ;
#7159 = VERTEX_POINT ( 'NONE', #484 ) ;
#7160 = CIRCLE ( 'NONE', #3773, 2.500000000000002220 ) ;
#7161 = ORIENTED_EDGE ( 'NONE', *, *, #7231, .F. ) ;
#7162 = EDGE_LOOP ( 'NONE', ( #1491, #6889, #788, #4200 ) ) ;
#7163 = VERTEX_POINT ( 'NONE', #5002 ) ;
#7164 = CARTESIAN_POINT ( 'NONE',  ( 3.000000000000000888, 15.00000000000000000, -12.75000000000000000 ) ) ;
#7165 = EDGE_CURVE ( 'NONE', #2320, #7500, #411, .T. ) ;
#7166 = DIRECTION ( 'NONE',  ( 0.000000000000000000, -0.7071067811865475727, 0.7071067811865475727 ) ) ;
#7167 = CARTESIAN_POINT ( 'NONE',  ( 3.000000000000000000, -9.000000000000000000, -50.93157033242439979 ) ) ;
#7168 = EDGE_LOOP ( 'NONE', ( #3115, #750, #2477, #2572 ) ) ;
#7169 = CARTESIAN_POINT ( 'NONE',  ( -17.00000000000000000, -44.99747468305869802, -49.49747468305800169 ) ) ;
#7170 = ORIENTED_EDGE ( 'NONE', *, *, #940, .F. ) ;
#7171 = ADVANCED_FACE ( 'NONE', ( #2696 ), #3829, .T. ) ;
#7172 = ORIENTED_EDGE ( 'NONE', *, *, #5985, .T. ) ;
#7173 = LINE ( 'NONE', #1455, #5555 ) ;
#7174 = DIRECTION ( 'NONE',  ( 1.000000000000000000, 0.000000000000000000, 0.000000000000000000 ) ) ;
#7175 = CARTESIAN_POINT ( 'NONE',  ( 3.000000000000000000, -49.49747468305860565, -44.99747468305794484 ) ) ;
#7176 = TOROIDAL_SURFACE ( 'NONE', #3050, 6.500000000000000000, 1.000000000000000000 ) ;
#7177 = EDGE_CURVE ( 'NONE', #5044, #2807, #4562, .T. ) ;
#7178 = CARTESIAN_POINT ( 'NONE',  ( 2.999999999999999112, 54.30119389361661320, -57.06990735657394964 ) ) ;
#7179 = VERTEX_POINT ( 'NONE', #4395 ) ;
#7180 = CARTESIAN_POINT ( 'NONE',  ( 0.000000000000000000, 28.39513128277824805, 36.48068905670280060 ) ) ;
#7181 = ORIENTED_EDGE ( 'NONE', *, *, #6730, .T. ) ;
#7182 = EDGE_LOOP ( 'NONE', ( #4659, #1653, #1974, #4011 ) ) ;
#7183 = DIRECTION ( 'NONE',  ( 0.000000000000000000, -0.9171302927353677248, 0.3985875388758894911 ) ) ;
#7184 = DIRECTION ( 'NONE',  ( 0.000000000000000000, 0.000000000000000000, -1.000000000000000000 ) ) ;
#7185 = CIRCLE ( 'NONE', #2947, 2.999999999999999112 ) ;
#7186 = EDGE_CURVE ( 'NONE', #4804, #1313, #3721, .T. ) ;
#7187 = DIRECTION ( 'NONE',  ( 0.000000000000000000, -1.000000000000000000, 0.000000000000000000 ) ) ;
#7188 = DIRECTION ( 'NONE',  ( 0.000000000000000000, 0.000000000000000000, -1.000000000000000000 ) ) ;
#7189 = ORIENTED_EDGE ( 'NONE', *, *, #2289, .T. ) ;
#7190 = AXIS2_PLACEMENT_3D ( 'NONE', #3728, #923, #6195 ) ;
#7191 = CARTESIAN_POINT ( 'NONE',  ( 0.000000000000000000, -15.47482121282450862, 20.70741139360496064 ) ) ;
#7192 = EDGE_CURVE ( 'NONE', #6264, #7084, #6821, .T. ) ;
#7194 = LINE ( 'NONE', #2608, #3751 ) ;
#7193 = COLOUR_RGB ( '',0.7921568627450980005, 0.8196078431372548767, 0.9333333333333333481 ) ;
#7195 = FACE_OUTER_BOUND ( 'NONE', #7243, .T. ) ;
#7196 = CIRCLE ( 'NONE', #3926, 7.000000000000000000 ) ;
#7197 = FACE_OUTER_BOUND ( 'NONE', #2014, .T. ) ;
#7198 = AXIS2_PLACEMENT_3D ( 'NONE', #461, #2818, #6946 ) ;
#7199 = DIRECTION ( 'NONE',  ( 0.000000000000000000, -0.8707834046455880106, -0.4916668203100940104 ) ) ;
#7200 = ORIENTED_EDGE ( 'NONE', *, *, #11, .F. ) ;
#7201 = VECTOR ( 'NONE', #4266, 1000.000000000000000 ) ;
#7202 = VERTEX_POINT ( 'NONE', #3940 ) ;
#7203 = ORIENTED_EDGE ( 'NONE', *, *, #1623, .F. ) ;
#7204 = ORIENTED_EDGE ( 'NONE', *, *, #2169, .F. ) ;
#7205 = CARTESIAN_POINT ( 'NONE',  ( 13.88105764860841873, -34.85828755533952261, 40.11244244703845396 ) ) ;
#7206 = LINE ( 'NONE', #6674, #7383 ) ;
#7207 = CARTESIAN_POINT ( 'NONE',  ( 0.000000000000000000, 42.18319935793416420, -47.41578953871466240 ) ) ;
#7208 = ORIENTED_EDGE ( 'NONE', *, *, #1613, .T. ) ;
#7209 = CARTESIAN_POINT ( 'NONE',  ( 3.000000000000000000, -42.30031454084609521, 47.54235134132139962 ) ) ;
#7210 = AXIS2_PLACEMENT_3D ( 'NONE', #1872, #6386, #2331 ) ;
#7211 = ORIENTED_EDGE ( 'NONE', *, *, #2363, .T. ) ;
#7212 = VERTEX_POINT ( 'NONE', #2122 ) ;
#7213 = CARTESIAN_POINT ( 'NONE',  ( 3.000000000000000000, 49.49747468305830722, 55.24747468305830012 ) ) ;
#7214 = EDGE_CURVE ( 'NONE', #2317, #6356, #6024, .T. ) ;
#7215 = DIRECTION ( 'NONE',  ( 0.000000000000000000, 0.000000000000000000, 1.000000000000000000 ) ) ;
#7216 = DIRECTION ( 'NONE',  ( 0.000000000000000000, 0.000000000000000000, -1.000000000000000000 ) ) ;
#7217 = VECTOR ( 'NONE', #4709, 1000.000000000000114 ) ;
#7218 = EDGE_CURVE ( 'NONE', #5587, #144, #6023, .T. ) ;
#7219 = EDGE_CURVE ( 'NONE', #3585, #3304, #4444, .T. ) ;
#7220 = CARTESIAN_POINT ( 'NONE',  ( 2.050000000000000266, -43.54571693074385763, -50.25680310855029376 ) ) ;
#7221 = CYLINDRICAL_SURFACE ( 'NONE', #7437, 7.000000000000000000 ) ;
#7222 = ORIENTED_EDGE ( 'NONE', *, *, #737, .F. ) ;
#7223 = AXIS2_PLACEMENT_3D ( 'NONE', #5107, #1236, #4715 ) ;
#7224 = DIRECTION ( 'NONE',  ( 1.000000000000000000, 0.000000000000000000, 0.000000000000000000 ) ) ;
#7225 = EDGE_LOOP ( 'NONE', ( #7475, #7388, #4801, #1039 ) ) ;
#7226 = VERTEX_POINT ( 'NONE', #6673 ) ;
#7227 = VECTOR ( 'NONE', #5089, 1000.000000000000000 ) ;
#7228 = DIRECTION ( 'NONE',  ( 1.000000000000000000, 0.000000000000000000, 0.000000000000000000 ) ) ;
#7229 = AXIS2_PLACEMENT_3D ( 'NONE', #493, #1686, #346 ) ;
#7230 = CARTESIAN_POINT ( 'NONE',  ( 0.000000000000000000, -4.000000000000000000, -45.56515138991167646 ) ) ;
#7231 = EDGE_CURVE ( 'NONE', #6236, #3860, #6994, .T. ) ;
#7232 = AXIS2_PLACEMENT_3D ( 'NONE', #3362, #478, #2796 ) ;
#7233 = ORIENTED_EDGE ( 'NONE', *, *, #4494, .T. ) ;
#7234 = DIRECTION ( 'NONE',  ( 0.000000000000000000, 0.000000000000000000, -1.000000000000000000 ) ) ;
#7235 = LINE ( 'NONE', #2563, #4349 ) ;
#7236 = EDGE_LOOP ( 'NONE', ( #7321, #6110, #5562, #5395 ) ) ;
#7237 = DIRECTION ( 'NONE',  ( 0.000000000000000000, 0.000000000000000000, -1.000000000000000000 ) ) ;
#7238 = CYLINDRICAL_SURFACE ( 'NONE', #5684, 2.249999999999998668 ) ;
#7239 = ADVANCED_FACE ( 'NONE', ( #375 ), #6744, .F. ) ;
#7240 = DIRECTION ( 'NONE',  ( 0.000000000000000000, 0.000000000000000000, -1.000000000000000000 ) ) ;
#7241 = CIRCLE ( 'NONE', #565, 53.90408133456029560 ) ;
#7242 = CARTESIAN_POINT ( 'NONE',  ( 0.000000000000000000, 13.79717507775179897, -46.66598861651589658 ) ) ;
#7243 = EDGE_LOOP ( 'NONE', ( #3153, #379, #2891, #5458 ) ) ;
#7244 = ORIENTED_EDGE ( 'NONE', *, *, #3284, .F. ) ;
#7245 = EDGE_LOOP ( 'NONE', ( #6241, #706, #1579, #4355 ) ) ;
#7246 = AXIS2_PLACEMENT_3D ( 'NONE', #3725, #3805, #3768 ) ;
#7247 = ORIENTED_EDGE ( 'NONE', *, *, #1077, .T. ) ;
#7248 = DIRECTION ( 'NONE',  ( 1.000000000000000000, 0.000000000000000000, 0.000000000000000000 ) ) ;
#7249 = DIRECTION ( 'NONE',  ( -1.000000000000000000, -0.000000000000000000, -0.000000000000000000 ) ) ;
#7250 = CARTESIAN_POINT ( 'NONE',  ( 3.000000000000000000, -53.99747468305869802, -49.49747468305790221 ) ) ;
#7251 = ORIENTED_EDGE ( 'NONE', *, *, #2629, .T. ) ;
#7252 = AXIS2_PLACEMENT_3D ( 'NONE', #2749, #5061, #7382 ) ;
#7253 = CARTESIAN_POINT ( 'NONE',  ( -17.00000000000000000, 53.99747468305830012, 50.74747468305830722 ) ) ;
#7254 = ORIENTED_EDGE ( 'NONE', *, *, #2777, .T. ) ;
#7255 = ORIENTED_EDGE ( 'NONE', *, *, #2652, .F. ) ;
#7256 = DIRECTION ( 'NONE',  ( 0.000000000000000000, 0.000000000000000000, -1.000000000000000000 ) ) ;
#7257 = DIRECTION ( 'NONE',  ( 1.000000000000000000, 0.000000000000000000, 0.000000000000000000 ) ) ;
#7258 = FACE_OUTER_BOUND ( 'NONE', #246, .T. ) ;
#7259 = CIRCLE ( 'NONE', #6293, 3.033234194475112222 ) ;
#7260 = DIRECTION ( 'NONE',  ( 1.000000000000000000, 0.000000000000000000, 0.000000000000000000 ) ) ;
#7261 = EDGE_CURVE ( 'NONE', #1256, #3090, #1065, .T. ) ;
#7262 = CARTESIAN_POINT ( 'NONE',  ( 0.000000000000000000, -52.44211924751610354, 44.26975353622874820 ) ) ;
#7263 = ORIENTED_EDGE ( 'NONE', *, *, #6389, .F. ) ;
#7264 = DIRECTION ( 'NONE',  ( -1.000000000000000000, 0.000000000000000000, 0.000000000000000000 ) ) ;
#7265 = EDGE_LOOP ( 'NONE', ( #5838, #6640, #7384, #2244 ) ) ;
#7266 = VERTEX_POINT ( 'NONE', #27 ) ;
#7267 = AXIS2_PLACEMENT_3D ( 'NONE', #5114, #7505, #2913 ) ;
#7268 = EDGE_CURVE ( 'NONE', #3860, #6236, #4932, .T. ) ;
#7269 = LINE ( 'NONE', #2071, #290 ) ;
#7270 = DIRECTION ( 'NONE',  ( 1.000000000000000000, 0.000000000000000000, 0.000000000000000000 ) ) ;
#7271 = ORIENTED_EDGE ( 'NONE', *, *, #5269, .T. ) ;
#7272 = DIRECTION ( 'NONE',  ( 0.000000000000000000, 0.000000000000000000, -1.000000000000000000 ) ) ;
#7273 = FACE_BOUND ( 'NONE', #6281, .T. ) ;
#7274 = EDGE_CURVE ( 'NONE', #3374, #5982, #5803, .T. ) ;
#7275 = ORIENTED_EDGE ( 'NONE', *, *, #5503, .T. ) ;
#7276 = DIRECTION ( 'NONE',  ( 0.000000000000000000, 0.000000000000000000, 1.000000000000000000 ) ) ;
#7277 = FACE_OUTER_BOUND ( 'NONE', #5812, .T. ) ;
#7278 = LINE ( 'NONE', #2081, #3462 ) ;
#7279 = DIRECTION ( 'NONE',  ( 0.000000000000000000, 0.000000000000000000, -1.000000000000000000 ) ) ;
#7280 = ORIENTED_EDGE ( 'NONE', *, *, #7268, .F. ) ;
#7281 = EDGE_CURVE ( 'NONE', #3775, #5581, #2150, .T. ) ;
#7282 = ORIENTED_EDGE ( 'NONE', *, *, #2535, .F. ) ;
#7283 = EDGE_LOOP ( 'NONE', ( #3062, #4 ) ) ;
#7284 = VERTEX_POINT ( 'NONE', #5876 ) ;
#7285 = CARTESIAN_POINT ( 'NONE',  ( -0.9999999999999991118, 23.59999999999999787, 6.000000000000010658 ) ) ;
#7286 = CARTESIAN_POINT ( 'NONE',  ( -14.14213562373093858, 19.71194434574736931, 13.32740307229165566 ) ) ;
#7287 = CARTESIAN_POINT ( 'NONE',  ( -7.156768276902879755, 49.49747468305830722, 53.99747468305830012 ) ) ;
#7288 = ORIENTED_EDGE ( 'NONE', *, *, #960, .F. ) ;
#7289 = AXIS2_PLACEMENT_3D ( 'NONE', #4265, #2040, #2562 ) ;
#7290 = B_SPLINE_CURVE_WITH_KNOTS ( 'NONE', 3,
 ( #2115, #6096, #5574, #3173 ),
 .UNSPECIFIED., .F., .F.,
 ( 4, 4 ),
 ( 0.000000000000000000, 1.000000000000000000 ),
 .UNSPECIFIED. ) ;
#7291 = CARTESIAN_POINT ( 'NONE',  ( 0.000000000000000000, 13.35350086926485602, 22.82873173716461324 ) ) ;
#7292 = ORIENTED_EDGE ( 'NONE', *, *, #7447, .F. ) ;
#7293 = ORIENTED_EDGE ( 'NONE', *, *, #7447, .T. ) ;
#7294 = CARTESIAN_POINT ( 'NONE',  ( 0.000000000000000000, -5.332174861821640022, 12.63835602176123984 ) ) ;
#7295 = CIRCLE ( 'NONE', #5707, 4.999999999999997335 ) ;
#7296 = EDGE_CURVE ( 'NONE', #2710, #3757, #3358, .T. ) ;
#7297 = DIRECTION ( 'NONE',  ( -1.000000000000000000, -0.000000000000000000, -0.000000000000000000 ) ) ;
#7298 = DIRECTION ( 'NONE',  ( 1.000000000000000000, 0.000000000000000000, 0.000000000000000000 ) ) ;
#7299 = DIRECTION ( 'NONE',  ( 1.000000000000000000, 0.000000000000000000, 0.000000000000000000 ) ) ;
#7300 = CARTESIAN_POINT ( 'NONE',  ( 3.000000000000000000, 54.72519582988829967, 46.55283011860069564 ) ) ;
#7301 = ORIENTED_EDGE ( 'NONE', *, *, #4675, .T. ) ;
#7302 = DIRECTION ( 'NONE',  ( 0.000000000000000000, 0.000000000000000000, -1.000000000000000000 ) ) ;
#7303 = VERTEX_POINT ( 'NONE', #5226 ) ;
#7304 = VECTOR ( 'NONE', #2489, 1000.000000000000000 ) ;
#7305 = CARTESIAN_POINT ( 'NONE',  ( 3.000000000000000888, 7.347880794884119933E-15, -36.39999999999999858 ) ) ;
#7306 = LINE ( 'NONE', #3890, #1436 ) ;
#7307 = VERTEX_POINT ( 'NONE', #5148 ) ;
#7308 = DIRECTION ( 'NONE',  ( 0.000000000000000000, 0.000000000000000000, 1.000000000000000000 ) ) ;
#7309 = EDGE_CURVE ( 'NONE', #5417, #2975, #6328, .T. ) ;
#7310 = EDGE_LOOP ( 'NONE', ( #7422, #5687, #3287, #5690 ) ) ;
#7311 = CARTESIAN_POINT ( 'NONE',  ( 0.000000000000000000, 10.42085570350058710, 24.51938107059371674 ) ) ;
#7312 = EDGE_CURVE ( 'NONE', #2465, #180, #2390, .T. ) ;
#7313 = DIRECTION ( 'NONE',  ( 1.000000000000000000, 0.000000000000000000, 0.000000000000000000 ) ) ;
#7314 = AXIS2_PLACEMENT_3D ( 'NONE', #3494, #5127, #2251 ) ;
#7315 = EDGE_CURVE ( 'NONE', #664, #5044, #2633, .T. ) ;
#7316 = DIRECTION ( 'NONE',  ( 0.000000000000000000, 0.000000000000000000, -1.000000000000000000 ) ) ;
#7317 = EDGE_CURVE ( 'NONE', #7085, #5382, #6146, .T. ) ;
#7318 = ORIENTED_EDGE ( 'NONE', *, *, #4353, .T. ) ;
#7319 = CARTESIAN_POINT ( 'NONE',  ( 3.000000000000000000, -49.49747468305869802, -57.32820151926180330 ) ) ;
#7320 = AXIS2_PLACEMENT_3D ( 'NONE', #5312, #4734, #1865 ) ;
#7321 = ORIENTED_EDGE ( 'NONE', *, *, #6936, .F. ) ;
#7322 = CIRCLE ( 'NONE', #2956, 3.033234194475119327 ) ;
#7323 = ORIENTED_EDGE ( 'NONE', *, *, #7508, .F. ) ;
#7324 = CARTESIAN_POINT ( 'NONE',  ( 0.000000000000000000, 47.35404289052780058, -42.12145270974734501 ) ) ;
#7325 = DIRECTION ( 'NONE',  ( -0.000000000000000000, 0.7071067811865475727, 0.7071067811865475727 ) ) ;
#7326 = DIRECTION ( 'NONE',  ( 0.000000000000000000, 0.000000000000000000, 1.000000000000000000 ) ) ;
#7327 = AXIS2_PLACEMENT_3D ( 'NONE', #3837, #2582, #6150 ) ;
#7328 = ORIENTED_EDGE ( 'NONE', *, *, #5316, .T. ) ;
#7329 = DIRECTION ( 'NONE',  ( 1.000000000000000000, 0.000000000000000000, 0.000000000000000000 ) ) ;
#7330 = ORIENTED_EDGE ( 'NONE', *, *, #322, .T. ) ;
#7331 = ORIENTED_EDGE ( 'NONE', *, *, #3563, .F. ) ;
#7332 = CARTESIAN_POINT ( 'NONE',  ( 3.000000000000000000, -49.49747468305777431, 51.99747468305882592 ) ) ;
#7333 = DIRECTION ( 'NONE',  ( -1.000000000000000000, 0.000000000000000000, 0.000000000000000000 ) ) ;
#7334 = DIRECTION ( 'NONE',  ( 0.000000000000000000, 0.000000000000000000, -1.000000000000000000 ) ) ;
#7335 = DIRECTION ( 'NONE',  ( -1.000000000000000000, 0.000000000000000000, 0.000000000000000000 ) ) ;
#7336 = EDGE_CURVE ( 'NONE', #1444, #687, #4578, .T. ) ;
#7337 = DIRECTION ( 'NONE',  ( 1.000000000000000000, 0.000000000000000000, 0.000000000000000000 ) ) ;
#7338 = FACE_OUTER_BOUND ( 'NONE', #1297, .T. ) ;
#7339 = EDGE_CURVE ( 'NONE', #3278, #6152, #4091, .T. ) ;
#7340 = ORIENTED_EDGE ( 'NONE', *, *, #5051, .T. ) ;
#7341 = DIRECTION ( 'NONE',  ( 0.000000000000000000, 0.000000000000000000, -1.000000000000000000 ) ) ;
#7342 = FACE_OUTER_BOUND ( 'NONE', #293, .T. ) ;
#7343 = CARTESIAN_POINT ( 'NONE',  ( 3.000000000000000888, -7.443468359643278021, 24.88702846231342392 ) ) ;
#7344 = EDGE_LOOP ( 'NONE', ( #6303, #4241 ) ) ;
#7345 = CARTESIAN_POINT ( 'NONE',  ( -7.156768276902879755, 52.78777523665349491, 44.48011260054779825 ) ) ;
#7346 = AXIS2_PLACEMENT_3D ( 'NONE', #5210, #3043, #4635 ) ;
#7347 = CIRCLE ( 'NONE', #3958, 3.033234194475119327 ) ;
#7348 = ORIENTED_EDGE ( 'NONE', *, *, #781, .F. ) ;
#7349 = CARTESIAN_POINT ( 'NONE',  ( -7.156768276902879755, -53.99747468305869802, -49.49747468305790221 ) ) ;
#7350 = AXIS2_PLACEMENT_3D ( 'NONE', #6060, #3255, #7240 ) ;
#7351 = DIRECTION ( 'NONE',  ( 0.000000000000000000, 0.000000000000000000, -1.000000000000000000 ) ) ;
#7352 = AXIS2_PLACEMENT_3D ( 'NONE', #2886, #527, #4660 ) ;
#7353 = CARTESIAN_POINT ( 'NONE',  ( 3.000000000000000000, -46.55283011860059617, 54.72519582988790177 ) ) ;
#7354 = ORIENTED_EDGE ( 'NONE', *, *, #1584, .T. ) ;
#7355 = EDGE_CURVE ( 'NONE', #454, #2538, #89, .T. ) ;
#7356 = EDGE_LOOP ( 'NONE', ( #316, #2311, #6363, #7403 ) ) ;
#7357 = ORIENTED_EDGE ( 'NONE', *, *, #4583, .F. ) ;
#7358 = EDGE_LOOP ( 'NONE', ( #6973, #1749, #3813, #3211 ) ) ;
#7359 = DIRECTION ( 'NONE',  ( 0.000000000000000000, 0.000000000000000000, -1.000000000000000000 ) ) ;
#7360 = FACE_OUTER_BOUND ( 'NONE', #4526, .T. ) ;
#7361 = VECTOR ( 'NONE', #65, 1000.000000000000000 ) ;
#7362 = CARTESIAN_POINT ( 'NONE',  ( 2.999999999999999112, 12.37182433411610916, 22.55597066360476433 ) ) ;
#7363 = EDGE_CURVE ( 'NONE', #1259, #4202, #2270, .T. ) ;
#7364 = ORIENTED_EDGE ( 'NONE', *, *, #1823, .T. ) ;
#7365 = CARTESIAN_POINT ( 'NONE',  ( 13.97786198188284068, 33.47294206416744800, 41.35863375020860389 ) ) ;
#7366 = ORIENTED_EDGE ( 'NONE', *, *, #1058, .T. ) ;
#7367 = EDGE_LOOP ( 'NONE', ( #2713, #6326, #2639, #7366 ) ) ;
#7368 = CARTESIAN_POINT ( 'NONE',  ( 0.000000000000000000, -10.42085570350058710, 24.51938107059371674 ) ) ;
#7369 = DIRECTION ( 'NONE',  ( -1.000000000000000000, 0.000000000000000000, 0.000000000000000000 ) ) ;
#7370 = EDGE_CURVE ( 'NONE', #3761, #118, #2868, .T. ) ;
#7371 = CARTESIAN_POINT ( 'NONE',  ( 3.000000000000000888, -23.59999999999999787, 0.000000000000000000 ) ) ;
#7372 = FACE_BOUND ( 'NONE', #492, .T. ) ;
#7373 = AXIS2_PLACEMENT_3D ( 'NONE', #5029, #6058, #249 ) ;
#7374 = CARTESIAN_POINT ( 'NONE',  ( -0.1499999999999999944, -47.35404289052740268, 42.12145270974695421 ) ) ;
#7375 = PRODUCT_DEFINITION ( 'UNKNOWN', '', #3727, #4870 ) ;
#7376 = CARTESIAN_POINT ( 'NONE',  ( 0.000000000000000000, 12.37182433411610916, 22.55597066360476433 ) ) ;
#7377 = ORIENTED_EDGE ( 'NONE', *, *, #1275, .F. ) ;
#7378 = EDGE_CURVE ( 'NONE', #6860, #5700, #3437, .T. ) ;
#7379 = CARTESIAN_POINT ( 'NONE',  ( -0.1499999999999999944, 50.25680310855029376, -43.54571693074365157 ) ) ;
#7380 = AXIS2_PLACEMENT_3D ( 'NONE', #1806, #4112, #2367 ) ;
#7381 = DIRECTION ( 'NONE',  ( 1.000000000000000000, 0.000000000000000000, 0.000000000000000000 ) ) ;
#7382 = DIRECTION ( 'NONE',  ( 0.000000000000000000, 0.000000000000000000, -1.000000000000000000 ) ) ;
#7383 = VECTOR ( 'NONE', #911, 1000.000000000000000 ) ;
#7384 = ORIENTED_EDGE ( 'NONE', *, *, #212, .F. ) ;
#7385 = AXIS2_PLACEMENT_3D ( 'NONE', #5640, #4604, #5105 ) ;
#7386 = CARTESIAN_POINT ( 'NONE',  ( 1.000000000000000000, 47.35404289052719662, 42.12145270974674816 ) ) ;
#7387 = AXIS2_PLACEMENT_3D ( 'NONE', #7397, #2697, #1101 ) ;
#7388 = ORIENTED_EDGE ( 'NONE', *, *, #5381, .F. ) ;
#7389 = CARTESIAN_POINT ( 'NONE',  ( 76.59212285118779562, -35.39869308601529951, 40.65196812363429757 ) ) ;
#7390 = DIRECTION ( 'NONE',  ( -1.000000000000000000, 0.000000000000000000, 0.000000000000000000 ) ) ;
#7391 = CARTESIAN_POINT ( 'NONE',  ( 3.000000000000000000, 49.49747468305830722, 53.99747468305830012 ) ) ;
#7392 = ORIENTED_EDGE ( 'NONE', *, *, #3514, .T. ) ;
#7393 = CARTESIAN_POINT ( 'NONE',  ( 3.000000000000000000, 13.00000000000000000, -37.97687999291370176 ) ) ;
#7394 = ORIENTED_EDGE ( 'NONE', *, *, #3225, .T. ) ;
#7395 = ORIENTED_EDGE ( 'NONE', *, *, #3008, .T. ) ;
#7396 = DIRECTION ( 'NONE',  ( 0.000000000000000000, 0.000000000000000000, -1.000000000000000000 ) ) ;
#7397 = CARTESIAN_POINT ( 'NONE',  ( -14.14213562373093858, -13.35350086926485602, 22.82873173716461324 ) ) ;
#7398 = CARTESIAN_POINT ( 'NONE',  ( 3.000000000000000000, -49.49747468305777431, 49.49747468305882592 ) ) ;
#7399 = ADVANCED_FACE ( 'NONE', ( #553 ), #2381, .T. ) ;
#7400 = ORIENTED_EDGE ( 'NONE', *, *, #5123, .T. ) ;
#7401 = DIRECTION ( 'NONE',  ( 0.000000000000000000, 0.000000000000000000, -1.000000000000000000 ) ) ;
#7402 = ADVANCED_FACE ( 'NONE', ( #6862 ), #666, .F. ) ;
#7403 = ORIENTED_EDGE ( 'NONE', *, *, #3840, .T. ) ;
#7404 = EDGE_LOOP ( 'NONE', ( #7377, #6792, #5736, #1402 ) ) ;
#7405 = DIRECTION ( 'NONE',  ( 0.000000000000000000, 0.000000000000000000, -1.000000000000000000 ) ) ;
#7406 = CARTESIAN_POINT ( 'NONE',  ( 2.999999999999999112, 22.82873173716461324, -13.35350086926485602 ) ) ;
#7407 = CARTESIAN_POINT ( 'NONE',  ( 0.000000000000000000, -49.49747468305779563, 52.74747468305889697 ) ) ;
#7408 = CARTESIAN_POINT ( 'NONE',  ( 0.000000000000000000, 49.49747468305830722, 55.24747468305830012 ) ) ;
#7409 = CIRCLE ( 'NONE', #4252, 51.90408133456030271 ) ;
#7410 = CARTESIAN_POINT ( 'NONE',  ( 2.999999999999999112, -56.90126254826141405, 54.70878552723405619 ) ) ;
#7411 = EDGE_CURVE ( 'NONE', #5167, #5233, #695, .T. ) ;
#7412 = DIRECTION ( 'NONE',  ( 0.000000000000000000, 0.000000000000000000, -1.000000000000000000 ) ) ;
#7413 = VERTEX_POINT ( 'NONE', #4615 ) ;
#7414 = CIRCLE ( 'NONE', #7042, 3.033234194475112222 ) ;
#7415 = CARTESIAN_POINT ( 'NONE',  ( -10.50000000000000000, -23.59999999999999787, 0.000000000000000000 ) ) ;
#7416 = CARTESIAN_POINT ( 'NONE',  ( -10.50000000000000000, 4.033806604815713204E-16, 31.30614694161269895 ) ) ;
#7417 = CARTESIAN_POINT ( 'NONE',  ( 3.000000000000000000, 0.000000000000000000, 44.22904016544200090 ) ) ;
#7418 = DIRECTION ( 'NONE',  ( 1.000000000000000000, 0.000000000000000000, 0.000000000000000000 ) ) ;
#7419 = VERTEX_POINT ( 'NONE', #6020 ) ;
#7420 = CARTESIAN_POINT ( 'NONE',  ( 0.000000000000000000, 23.59999999999999787, 9.108356170405180515E-15 ) ) ;
#7421 = CIRCLE ( 'NONE', #4142, 53.90408133456029560 ) ;
#7422 = ORIENTED_EDGE ( 'NONE', *, *, #6668, .F. ) ;
#7423 = DIRECTION ( 'NONE',  ( 0.000000000000000000, 0.000000000000000000, -1.000000000000000000 ) ) ;
#7424 = FACE_OUTER_BOUND ( 'NONE', #6694, .T. ) ;
#7425 = VECTOR ( 'NONE', #5169, 1000.000000000000000 ) ;
#7426 = ADVANCED_FACE ( 'NONE', ( #1353 ), #7043, .F. ) ;
#7427 = CARTESIAN_POINT ( 'NONE',  ( 3.000000000000000000, 35.42412474690099344, -44.89935561480072579 ) ) ;
#7428 = ORIENTED_EDGE ( 'NONE', *, *, #5269, .F. ) ;
#7429 = EDGE_CURVE ( 'NONE', #3278, #3064, #135, .T. ) ;
#7430 = ORIENTED_EDGE ( 'NONE', *, *, #1440, .T. ) ;
#7431 = ORIENTED_EDGE ( 'NONE', *, *, #1466, .T. ) ;
#7432 = EDGE_LOOP ( 'NONE', ( #2312, #5797, #6897, #2448 ) ) ;
#7433 = DIRECTION ( 'NONE',  ( 0.000000000000000000, 0.000000000000000000, -1.000000000000000000 ) ) ;
#7434 = DIRECTION ( 'NONE',  ( 1.000000000000000000, 0.000000000000000000, 0.000000000000000000 ) ) ;
#7435 = LINE ( 'NONE', #2124, #2377 ) ;
#7436 = VERTEX_POINT ( 'NONE', #708 ) ;
#7437 = AXIS2_PLACEMENT_3D ( 'NONE', #6801, #6161, #2101 ) ;
#7438 = CARTESIAN_POINT ( 'NONE',  ( 2.590804494129308466, -28.67746726913292576, 33.94168538120489842 ) ) ;
#7439 = EDGE_LOOP ( 'NONE', ( #264, #2275, #1198, #1744 ) ) ;
#7440 = VERTEX_POINT ( 'NONE', #4156 ) ;
#7441 = CARTESIAN_POINT ( 'NONE',  ( 3.000000000000000000, -53.99747468305869802, -49.49747468305790221 ) ) ;
#7442 = CYLINDRICAL_SURFACE ( 'NONE', #6733, 3.000000000000002665 ) ;
#7443 = CIRCLE ( 'NONE', #3682, 3.330726836203799834 ) ;
#7444 = CARTESIAN_POINT ( 'NONE',  ( 0.000000000000000000, -42.25658961667646452, -47.48917979745697693 ) ) ;
#7445 = CARTESIAN_POINT ( 'NONE',  ( 3.000000000000000000, -49.49747468305790221, 44.99747468305884723 ) ) ;
#7446 = ORIENTED_EDGE ( 'NONE', *, *, #1027, .T. ) ;
#7447 = EDGE_CURVE ( 'NONE', #2846, #828, #5333, .T. ) ;
#7448 = CARTESIAN_POINT ( 'NONE',  ( 3.000000000000000000, -44.99747468305864828, -49.49747468305800169 ) ) ;
#7449 = DIRECTION ( 'NONE',  ( -0.000000000000000000, 1.000000000000000000, 0.000000000000000000 ) ) ;
#7450 = LINE ( 'NONE', #3423, #5765 ) ;
#7451 = CARTESIAN_POINT ( 'NONE',  ( 0.000000000000000000, 49.49747468305810116, -53.99747468305849196 ) ) ;
#7452 = EDGE_CURVE ( 'NONE', #1928, #7013, #3133, .T. ) ;
#7453 = CARTESIAN_POINT ( 'NONE',  ( 0.000000000000000000, -25.62639001561595009, -39.34426157063499829 ) ) ;
#7454 = AXIS2_PLACEMENT_3D ( 'NONE', #2438, #7101, #1265 ) ;
#7455 = ORIENTED_EDGE ( 'NONE', *, *, #3008, .F. ) ;
#7456 = ADVANCED_FACE ( 'NONE', ( #2451 ), #1432, .F. ) ;
#7457 = DIRECTION ( 'NONE',  ( 0.000000000000000000, 0.000000000000000000, -1.000000000000000000 ) ) ;
#7458 = DIRECTION ( 'NONE',  ( 0.000000000000000000, 0.000000000000000000, 1.000000000000000000 ) ) ;
#7459 = CIRCLE ( 'NONE', #1655, 3.330726836203799834 ) ;
#7460 = DIRECTION ( 'NONE',  ( -1.000000000000000000, 0.000000000000000000, 0.000000000000000000 ) ) ;
#7461 = VECTOR ( 'NONE', #1670, 1000.000000000000000 ) ;
#7462 = ORIENTED_EDGE ( 'NONE', *, *, #774, .T. ) ;
#7463 = CYLINDRICAL_SURFACE ( 'NONE', #4228, 2.000000000000001776 ) ;
#7464 = ORIENTED_EDGE ( 'NONE', *, *, #3360, .T. ) ;
#7465 = ADVANCED_FACE ( 'NONE', ( #1277 ), #5450, .T. ) ;
#7466 = ORIENTED_EDGE ( 'NONE', *, *, #1110, .T. ) ;
#7467 = CARTESIAN_POINT ( 'NONE',  ( 13.59999999999999964, 24.53625782700348879, 6.937104675682417287 ) ) ;
#7468 = CIRCLE ( 'NONE', #4434, 3.330726836203799834 ) ;
#7469 = DIRECTION ( 'NONE',  ( 0.000000000000000000, 0.000000000000000000, -1.000000000000000000 ) ) ;
#7470 = DIRECTION ( 'NONE',  ( 0.000000000000000000, 0.000000000000000000, 1.000000000000000000 ) ) ;
#7471 = AXIS2_PLACEMENT_3D ( 'NONE', #449, #6331, #7470 ) ;
#7472 = ORIENTED_EDGE ( 'NONE', *, *, #4497, .F. ) ;
#7473 = CARTESIAN_POINT ( 'NONE',  ( 0.000000000000000000, 42.12145270974649947, -47.35404289052689819 ) ) ;
#7474 = ORIENTED_EDGE ( 'NONE', *, *, #2768, .F. ) ;
#7475 = ORIENTED_EDGE ( 'NONE', *, *, #2025, .F. ) ;
#7476 = AXIS2_PLACEMENT_3D ( 'NONE', #4319, #6636, #5497 ) ;
#7477 = CARTESIAN_POINT ( 'NONE',  ( 0.000000000000000000, -23.59999999999999787, -7.000000000000000000 ) ) ;
#7478 = CARTESIAN_POINT ( 'NONE',  ( 0.000000000000000000, 49.49747468305800169, -49.49747468305869802 ) ) ;
#7479 = DIRECTION ( 'NONE',  ( 0.000000000000000000, 0.000000000000000000, -1.000000000000000000 ) ) ;
#7480 = CARTESIAN_POINT ( 'NONE',  ( -17.00000000000000000, 49.49747468305810116, -44.99747468305849196 ) ) ;
#7481 = LINE ( 'NONE', #2292, #5864 ) ;
#7482 = ORIENTED_EDGE ( 'NONE', *, *, #1537, .F. ) ;
#7483 = CIRCLE ( 'NONE', #7114, 1.250000000000001110 ) ;
#7484 = CARTESIAN_POINT ( 'NONE',  ( 3.000000000000000000, -49.49747468305777431, 49.49747468305882592 ) ) ;
#7485 = DIRECTION ( 'NONE',  ( 0.000000000000000000, 0.000000000000000000, -1.000000000000000000 ) ) ;
#7487 = CARTESIAN_POINT ( 'NONE',  ( 0.000000000000000000, 49.49747468305810116, -44.99747468305849196 ) ) ;
#7486 = AXIS2_PLACEMENT_3D ( 'NONE', #3691, #275, #7302 ) ;
#7488 = CARTESIAN_POINT ( 'NONE',  ( -7.156768276902879755, -49.49747468305869802, -57.32820151926180330 ) ) ;
#7489 = EDGE_CURVE ( 'NONE', #335, #7284, #3665, .T. ) ;
#7490 = CARTESIAN_POINT ( 'NONE',  ( -17.00000000000000000, 44.99747468305834985, 50.74747468305830722 ) ) ;
#7491 = AXIS2_PLACEMENT_3D ( 'NONE', #2600, #7270, #6729 ) ;
#7492 = EDGE_CURVE ( 'NONE', #3111, #2158, #5908, .T. ) ;
#7493 = VERTEX_POINT ( 'NONE', #4839 ) ;
#7494 = DIRECTION ( 'NONE',  ( 1.000000000000000000, 0.000000000000000000, 0.000000000000000000 ) ) ;
#7495 = AXIS2_PLACEMENT_3D ( 'NONE', #5499, #297, #4931 ) ;
#7496 = CARTESIAN_POINT ( 'NONE',  ( -17.00000000000000000, 32.43195224740300375, 40.52409323608384994 ) ) ;
#7497 = CIRCLE ( 'NONE', #6892, 3.330726836203799834 ) ;
#7498 = CARTESIAN_POINT ( 'NONE',  ( 3.000000000000000000, 0.000000000000000000, 0.000000000000000000 ) ) ;
#7499 = EDGE_CURVE ( 'NONE', #169, #842, #6752, .T. ) ;
#7500 = VERTEX_POINT ( 'NONE', #7191 ) ;
#7501 = CARTESIAN_POINT ( 'NONE',  ( 4.336808689942017736E-16, 7.347880794884119933E-15, -42.39999999999999858 ) ) ;
#7502 = EDGE_LOOP ( 'NONE', ( #1104, #489, #7115, #7244 ) ) ;
#7503 = ORIENTED_EDGE ( 'NONE', *, *, #6116, .T. ) ;
#7504 = DIRECTION ( 'NONE',  ( 0.000000000000000000, 0.000000000000000000, -1.000000000000000000 ) ) ;
#7505 = DIRECTION ( 'NONE',  ( -1.000000000000000000, 0.000000000000000000, 0.000000000000000000 ) ) ;
#7506 = DIRECTION ( 'NONE',  ( 1.000000000000000000, 0.000000000000000000, 0.000000000000000000 ) ) ;
#7507 = EDGE_LOOP ( 'NONE', ( #2546, #1503, #7204, #5523 ) ) ;
#7508 = EDGE_CURVE ( 'NONE', #1507, #7019, #6998, .T. ) ;
ENDSEC;
END-ISO-10303-21;
