ISO-10303-21;
HEADER;
FILE_DESCRIPTION (( 'STEP AP214' ),
    '1' );
FILE_NAME ('final stinger.STEP',
    '2026-05-29T09:27:24',
    ( '' ),
    ( '' ),
    'SwSTEP 2.0',
    'SolidWorks 2026',
    '' );
FILE_SCHEMA (( 'AUTOMOTIVE_DESIGN' ));
ENDSEC;

DATA;
#1 = EDGE_CURVE ( 'NONE', #748, #1800, #1809, .T. ) ;
#2 = EDGE_CURVE ( 'NONE', #96, #355, #1049, .T. ) ;
#3 = VERTEX_POINT ( 'NONE', #1343 ) ;
#4 = EDGE_LOOP ( 'NONE', ( #1685, #135 ) ) ;
#5 = CARTESIAN_POINT ( 'NONE',  ( 4.162740247998314658, -23.41767880594137097, -4.996996290373471261 ) ) ;
#6 = LINE ( 'NONE', #2270, #851 ) ;
#7 = CARTESIAN_POINT ( 'NONE',  ( 3.000000000000000000, -13.00000000000017941, -13.00000000000017053 ) ) ;
#8 = CARTESIAN_POINT ( 'NONE',  ( 4.291595083819824019, -23.43524261169745060, -2.494657652870658104 ) ) ;
#9 = CARTESIAN_POINT ( 'NONE',  ( 2.999999999999999112, -1.427654291082565965E-13, 25.80614694161255329 ) ) ;
#10 = CARTESIAN_POINT ( 'NONE',  ( 3.000000000000000000, -19.75000000000018119, -15.00000000000016875 ) ) ;
#11 = CARTESIAN_POINT ( 'NONE',  ( 3.000000000000002665, -1.427654291082565965E-13, 25.80614694161255329 ) ) ;
#12 = ORIENTED_EDGE ( 'NONE', *, *, #702, .T. ) ;
#13 = ORIENTED_EDGE ( 'NONE', *, *, #2385, .T. ) ;
#14 = DIRECTION ( 'NONE',  ( 0.000000000000000000, 1.000000000000000000, -2.312964634635741478E-16 ) ) ;
#15 = CIRCLE ( 'NONE', #1056, 1.999999999999998224 ) ;
#16 = CARTESIAN_POINT ( 'NONE',  ( -5.000000000000000000, 19.74999999999984368, 14.99999999999982947 ) ) ;
#17 = AXIS2_PLACEMENT_3D ( 'NONE', #89, #923, #720 ) ;
#18 = CARTESIAN_POINT ( 'NONE',  ( 3.262195924128851399, 22.79918082034250659, -2.370008595173738186 ) ) ;
#19 = ADVANCED_FACE ( 'NONE', ( #2652 ), #1984, .F. ) ;
#20 = PLANE ( 'NONE',  #816 ) ;
#21 = DIRECTION ( 'NONE',  ( -1.000000000000000000, 0.000000000000000000, 0.000000000000000000 ) ) ;
#22 = LINE ( 'NONE', #2580, #2291 ) ;
#23 = CARTESIAN_POINT ( 'NONE',  ( 3.000000000000000000, 12.99999999999984368, -11.00000000000017053 ) ) ;
#24 = ORIENTED_EDGE ( 'NONE', *, *, #28, .F. ) ;
#25 = ORIENTED_EDGE ( 'NONE', *, *, #2613, .F. ) ;
#26 = CARTESIAN_POINT ( 'NONE',  ( 3.073953316937366065, -22.43989376018956960, -4.866429149305408153 ) ) ;
#27 = ADVANCED_FACE ( 'NONE', ( #2626 ), #338, .F. ) ;
#28 = EDGE_CURVE ( 'NONE', #165, #2277, #2598, .T. ) ;
#29 = DIRECTION ( 'NONE',  ( -1.000000000000000000, -0.000000000000000000, -0.000000000000000000 ) ) ;
#30 =( LENGTH_UNIT ( ) NAMED_UNIT ( * ) SI_UNIT ( .MILLI., .METRE. ) );
#31 = AXIS2_PLACEMENT_3D ( 'NONE', #529, #1360, #751 ) ;
#32 = ADVANCED_FACE ( 'NONE', ( #351 ), #2647, .F. ) ;
#33 = CARTESIAN_POINT ( 'NONE',  ( 3.120806574694999558, -22.54336144540018338, -2.267901604182278152 ) ) ;
#34 = CYLINDRICAL_SURFACE ( 'NONE', #536, 2.000000000000000000 ) ;
#35 = DIRECTION ( 'NONE',  ( -1.000000000000000000, 0.000000000000000000, 0.000000000000000000 ) ) ;
#36 = CARTESIAN_POINT ( 'NONE',  ( 3.000000000000000000, -15.00000000000017941, -15.00000000000017053 ) ) ;
#37 = ORIENTED_EDGE ( 'NONE', *, *, #381, .F. ) ;
#38 = EDGE_LOOP ( 'NONE', ( #556, #489, #705, #1218 ) ) ;
#39 = CARTESIAN_POINT ( 'NONE',  ( 18.95445179679157377, 7.499999999999869438, 21.74999999999983302 ) ) ;
#40 = ORIENTED_EDGE ( 'NONE', *, *, #665, .T. ) ;
#41 = DIRECTION ( 'NONE',  ( 1.000000000000000000, -0.000000000000000000, -0.000000000000000000 ) ) ;
#42 = LINE ( 'NONE', #439, #2341 ) ;
#43 = EDGE_CURVE ( 'NONE', #1823, #2347, #242, .T. ) ;
#44 = DIRECTION ( 'NONE',  ( 0.000000000000000000, 0.000000000000000000, -1.000000000000000000 ) ) ;
#45 = CARTESIAN_POINT ( 'NONE',  ( 18.95445179679157377, -1.585732494993156712E-13, -41.40000000000017621 ) ) ;
#46 = VERTEX_POINT ( 'NONE', #1174 ) ;
#47 = VERTEX_POINT ( 'NONE', #1399 ) ;
#48 = CARTESIAN_POINT ( 'NONE',  ( -9.899494936611706208, 23.59999999999984510, -1.658673198789983619E-13 ) ) ;
#49 = CARTESIAN_POINT ( 'NONE',  ( 2.999999999999999112, -21.94617346798906254, 1.874795402708123282 ) ) ;
#50 = ORIENTED_EDGE ( 'NONE', *, *, #1851, .T. ) ;
#51 = DIRECTION ( 'NONE',  ( 0.000000000000000000, 0.000000000000000000, 1.000000000000000000 ) ) ;
#52 = AXIS2_PLACEMENT_3D ( 'NONE', #2343, #868, #2304 ) ;
#53 = CARTESIAN_POINT ( 'NONE',  ( 18.95445179679157377, -5.500000000000156319, 25.80614694161255329 ) ) ;
#54 = EDGE_CURVE ( 'NONE', #474, #246, #1165, .T. ) ;
#55 = DIRECTION ( 'NONE',  ( 1.000000000000000000, 0.000000000000000000, 0.000000000000000000 ) ) ;
#56 = EDGE_CURVE ( 'NONE', #2351, #996, #1536, .T. ) ;
#57 = EDGE_CURVE ( 'NONE', #902, #752, #160, .T. ) ;
#58 = CIRCLE ( 'NONE', #808, 2.250000000000001776 ) ;
#59 = AXIS2_PLACEMENT_3D ( 'NONE', #2240, #1611, #2646 ) ;
#60 = CARTESIAN_POINT ( 'NONE',  ( 3.000000000000000000, -7.000000000000169642, -19.75000000000017408 ) ) ;
#61 = LINE ( 'NONE', #846, #493 ) ;
#62 = CIRCLE ( 'NONE', #2555, 2.249999999999998668 ) ;
#63 = VERTEX_POINT ( 'NONE', #1042 ) ;
#64 = VERTEX_POINT ( 'NONE', #1822 ) ;
#65 = DIRECTION ( 'NONE',  ( 0.000000000000000000, 0.000000000000000000, 1.000000000000000000 ) ) ;
#66 = DIRECTION ( 'NONE',  ( -1.000000000000000000, -0.000000000000000000, -0.000000000000000000 ) ) ;
#67 = AXIS2_PLACEMENT_3D ( 'NONE', #1623, #1150, #294 ) ;
#68 = ORIENTED_EDGE ( 'NONE', *, *, #578, .F. ) ;
#69 = ORIENTED_EDGE ( 'NONE', *, *, #2700, .F. ) ;
#70 = CARTESIAN_POINT ( 'NONE',  ( 9.000000000000001776, -23.44617346798906610, -2.495262991760649474 ) ) ;
#71 = AXIS2_PLACEMENT_3D ( 'NONE', #2396, #934, #292 ) ;
#72 = LINE ( 'NONE', #1161, #675 ) ;
#73 = CARTESIAN_POINT ( 'NONE',  ( -9.899494936611706208, -23.60000000000015064, 2.499999999999824141 ) ) ;
#74 = AXIS2_PLACEMENT_3D ( 'NONE', #1591, #382, #1630 ) ;
#75 = CARTESIAN_POINT ( 'NONE',  ( 3.000000000000000000, 19.74999999999984368, 14.99999999999982947 ) ) ;
#76 = DIRECTION ( 'NONE',  ( -1.000000000000000000, -0.000000000000000000, -0.000000000000000000 ) ) ;
#77 = ORIENTED_EDGE ( 'NONE', *, *, #1955, .F. ) ;
#78 = ORIENTED_EDGE ( 'NONE', *, *, #1490, .T. ) ;
#79 = FACE_BOUND ( 'NONE', #929, .T. ) ;
#80 = CARTESIAN_POINT ( 'NONE',  ( 3.000000000000000000, -15.00000000000017941, -19.75000000000017053 ) ) ;
#81 = EDGE_CURVE ( 'NONE', #541, #1648, #1881, .T. ) ;
#82 = EDGE_CURVE ( 'NONE', #2053, #1509, #2035, .T. ) ;
#83 = VERTEX_POINT ( 'NONE', #2667 ) ;
#84 = ORIENTED_EDGE ( 'NONE', *, *, #2567, .F. ) ;
#85 = VERTEX_POINT ( 'NONE', #2262 ) ;
#86 = DIRECTION ( 'NONE',  ( 0.000000000000000000, 0.000000000000000000, -1.000000000000000000 ) ) ;
#87 = CARTESIAN_POINT ( 'NONE',  ( 2.999999999999999112, 19.74999999999984368, 6.751111019676521607 ) ) ;
#88 = CARTESIAN_POINT ( 'NONE',  ( 18.95445179679157377, -23.60000000000015064, -5.000000000000174971 ) ) ;
#89 = CARTESIAN_POINT ( 'NONE',  ( -66.20011627344371163, -23.44617346798906610, 25.44486142177823140 ) ) ;
#90 = ORIENTED_EDGE ( 'NONE', *, *, #2700, .T. ) ;
#91 = EDGE_LOOP ( 'NONE', ( #2365, #1288, #2021, #2460, #2552, #77, #2479, #1415, #2364, #283 ) ) ;
#92 = CARTESIAN_POINT ( 'NONE',  ( 3.000000000000000000, -15.00000000000017941, -15.00000000000017053 ) ) ;
#93 = CARTESIAN_POINT ( 'NONE',  ( -5.000000000000000000, -23.60000000000015064, -5.000000000000174971 ) ) ;
#94 = ADVANCED_FACE ( 'NONE', ( #2454 ), #1440, .T. ) ;
#95 = VERTEX_POINT ( 'NONE', #1667 ) ;
#96 = VERTEX_POINT ( 'NONE', #1217 ) ;
#97 = CARTESIAN_POINT ( 'NONE',  ( -5.000000000000000000, 14.99999999999983835, -19.75000000000017764 ) ) ;
#98 = DIRECTION ( 'NONE',  ( 1.000000000000000000, -0.000000000000000000, -0.000000000000000000 ) ) ;
#99 = EDGE_CURVE ( 'NONE', #2459, #1656, #763, .T. ) ;
#100 = AXIS2_PLACEMENT_3D ( 'NONE', #977, #176, #1632 ) ;
#101 = CARTESIAN_POINT ( 'NONE',  ( -5.000000000000000000, 23.59999999999984510, -1.658673198789983619E-13 ) ) ;
#102 = CIRCLE ( 'NONE', #807, 4.749999999999999112 ) ;
#103 = VERTEX_POINT ( 'NONE', #582 ) ;
#104 = EDGE_LOOP ( 'NONE', ( #386, #612 ) ) ;
#105 = DIRECTION ( 'NONE',  ( 0.000000000000000000, 0.000000000000000000, 1.000000000000000000 ) ) ;
#106 = VECTOR ( 'NONE', #2161, 1000.000000000000000 ) ;
#107 = DIRECTION ( 'NONE',  ( 0.000000000000000000, 0.000000000000000000, 1.000000000000000000 ) ) ;
#108 = ORIENTED_EDGE ( 'NONE', *, *, #797, .F. ) ;
#109 = EDGE_CURVE ( 'NONE', #2461, #324, #2289, .T. ) ;
#110 = VERTEX_POINT ( 'NONE', #378 ) ;
#111 = DIRECTION ( 'NONE',  ( 1.000000000000000000, 0.000000000000000000, 0.000000000000000000 ) ) ;
#112 = EDGE_CURVE ( 'NONE', #1686, #918, #1205, .T. ) ;
#113 = B_SPLINE_CURVE_WITH_KNOTS ( 'NONE', 3,
 ( #2342, #1255, #305, #1516 ),
 .UNSPECIFIED., .F., .F.,
 ( 4, 4 ),
 ( 0.000000000000000000, 0.0003400843327644325373 ),
 .UNSPECIFIED. ) ;
#114 = DIRECTION ( 'NONE',  ( 0.000000000000000000, 0.000000000000000000, -1.000000000000000000 ) ) ;
#115 = VECTOR ( 'NONE', #1653, 1000.000000000000000 ) ;
#116 = EDGE_CURVE ( 'NONE', #165, #2500, #374, .T. ) ;
#117 = CARTESIAN_POINT ( 'NONE',  ( -5.000000000000000000, -15.00000000000016165, -13.00000000000017053 ) ) ;
#118 = CARTESIAN_POINT ( 'NONE',  ( 9.000000000000001776, -23.60000000000015064, -1.747491040759996142E-13 ) ) ;
#119 = CIRCLE ( 'NONE', #1904, 2.000000000000000000 ) ;
#120 = AXIS2_PLACEMENT_3D ( 'NONE', #874, #678, #2134 ) ;
#121 = CARTESIAN_POINT ( 'NONE',  ( 6.000000000000000000, -1.591855728988893469E-13, -36.40000000000016911 ) ) ;
#122 = ORIENTED_EDGE ( 'NONE', *, *, #1505, .F. ) ;
#123 = FACE_BOUND ( 'NONE', #574, .T. ) ;
#124 = FACE_OUTER_BOUND ( 'NONE', #765, .T. ) ;
#125 = ORIENTED_EDGE ( 'NONE', *, *, #2657, .F. ) ;
#126 = VERTEX_POINT ( 'NONE', #419 ) ;
#127 = CARTESIAN_POINT ( 'NONE',  ( 3.000000000000000000, -15.00000000000017941, -15.00000000000017053 ) ) ;
#128 = CARTESIAN_POINT ( 'NONE',  ( 2.999999999999999112, -23.60000000000015064, -1.747491040759996142E-13 ) ) ;
#129 = FACE_OUTER_BOUND ( 'NONE', #1659, .T. ) ;
#130 = DIRECTION ( 'NONE',  ( 0.000000000000000000, 0.000000000000000000, -1.000000000000000000 ) ) ;
#131 = ORIENTED_EDGE ( 'NONE', *, *, #1674, .F. ) ;
#132 = PLANE ( 'NONE',  #987 ) ;
#133 = DIRECTION ( 'NONE',  ( -1.000000000000000000, 0.000000000000000000, 0.000000000000000000 ) ) ;
#134 = EDGE_LOOP ( 'NONE', ( #2701, #2401, #1552, #883 ) ) ;
#135 = ORIENTED_EDGE ( 'NONE', *, *, #1394, .F. ) ;
#136 = ORIENTED_EDGE ( 'NONE', *, *, #1527, .T. ) ;
#137 = LINE ( 'NONE', #1181, #539 ) ;
#138 = EDGE_CURVE ( 'NONE', #478, #2331, #1023, .T. ) ;
#139 = LINE ( 'NONE', #183, #2557 ) ;
#140 = B_SPLINE_CURVE_WITH_KNOTS ( 'NONE', 3,
 ( #877, #1280, #2707, #1472, #2112, #2086, #2321, #18, #1447, #618, #669, #252, #1081, #2285, #1051, #427 ),
 .UNSPECIFIED., .F., .F.,
 ( 4, 2, 2, 2, 2, 2, 2, 4 ),
 ( 4.358438792651350852E-18, 0.0003112569341121506294, 0.0006225138682242969219, 0.0009337708023364431602, 0.001245027736448589507, 0.001867541604672882201, 0.002178798538785027897, 0.002490055472897173376 ),
 .UNSPECIFIED. ) ;
#141 = EDGE_CURVE ( 'NONE', #324, #2461, #62, .T. ) ;
#142 = SURFACE_STYLE_FILL_AREA ( #2453 ) ;
#143 = ADVANCED_FACE ( 'NONE', ( #2049 ), #803, .F. ) ;
#144 = AXIS2_PLACEMENT_3D ( 'NONE', #11, #649, #2524 ) ;
#145 = CARTESIAN_POINT ( 'NONE',  ( 4.394870914266296502, 23.44617346798906610, 2.495262991760331950 ) ) ;
#146 = ORIENTED_EDGE ( 'NONE', *, *, #1594, .F. ) ;
#147 = DIRECTION ( 'NONE',  ( 0.000000000000000000, -0.000000000000000000, 1.000000000000000000 ) ) ;
#148 = DIRECTION ( 'NONE',  ( 1.000000000000000000, 0.000000000000000000, 0.000000000000000000 ) ) ;
#149 = CARTESIAN_POINT ( 'NONE',  ( 3.000000000000000000, -19.75000000000016342, 14.99999999999982947 ) ) ;
#150 = VECTOR ( 'NONE', #275, 1000.000000000000000 ) ;
#151 = EDGE_CURVE ( 'NONE', #3, #1957, #2156, .T. ) ;
#152 = CIRCLE ( 'NONE', #1277, 2.000000000000000000 ) ;
#153 = EDGE_LOOP ( 'NONE', ( #371, #2219, #1707, #2145 ) ) ;
#154 = VERTEX_POINT ( 'NONE', #1655 ) ;
#155 = ORIENTED_EDGE ( 'NONE', *, *, #1551, .F. ) ;
#156 = CARTESIAN_POINT ( 'NONE',  ( -9.899494936611706208, 23.59999999999984510, -2.500000000000167866 ) ) ;
#157 = CIRCLE ( 'NONE', #1808, 2.249999999999998668 ) ;
#158 = LINE ( 'NONE', #1382, #896 ) ;
#159 = CARTESIAN_POINT ( 'NONE',  ( 3.000000000000000000, 14.99999999999983658, -15.00000000000017053 ) ) ;
#160 = LINE ( 'NONE', #432, #1586 ) ;
#161 = VERTEX_POINT ( 'NONE', #1643 ) ;
#162 = DIRECTION ( 'NONE',  ( 0.000000000000000000, 0.000000000000000000, -1.000000000000000000 ) ) ;
#163 = PLANE ( 'NONE',  #801 ) ;
#164 = CIRCLE ( 'NONE', #820, 2.000000000000001776 ) ;
#165 = VERTEX_POINT ( 'NONE', #611 ) ;
#166 = ORIENTED_EDGE ( 'NONE', *, *, #1954, .T. ) ;
#167 = ORIENTED_EDGE ( 'NONE', *, *, #1916, .T. ) ;
#168 = CARTESIAN_POINT ( 'NONE',  ( 4.500000000000007105, 23.44617346798906610, -4.997633179621248978 ) ) ;
#169 = ADVANCED_FACE ( 'NONE', ( #205 ), #2499, .F. ) ;
#170 = CARTESIAN_POINT ( 'NONE',  ( 3.000000000000000000, 4.999999999999852562, -21.75000000000018119 ) ) ;
#171 = CARTESIAN_POINT ( 'NONE',  ( -5.000000000000000000, 5.499999999999870326, 25.80614694161255329 ) ) ;
#172 = CYLINDRICAL_SURFACE ( 'NONE', #208, 2.499999999999998668 ) ;
#173 = DIRECTION ( 'NONE',  ( 1.000000000000000000, 0.000000000000000000, -0.000000000000000000 ) ) ;
#174 = EDGE_LOOP ( 'NONE', ( #1635, #1454, #1539, #68 ) ) ;
#175 = DIRECTION ( 'NONE',  ( 0.000000000000000000, 1.000000000000000000, -1.432200615920705022E-16 ) ) ;
#176 = DIRECTION ( 'NONE',  ( 0.000000000000000000, 1.000000000000000000, -5.782411586589357639E-16 ) ) ;
#177 = VERTEX_POINT ( 'NONE', #1270 ) ;
#178 = EDGE_LOOP ( 'NONE', ( #1960, #444, #2619, #915, #573 ) ) ;
#179 = ORIENTED_EDGE ( 'NONE', *, *, #1182, .F. ) ;
#180 = CARTESIAN_POINT ( 'NONE',  ( 3.000000000000000000, -15.00000000000017941, -15.00000000000017053 ) ) ;
#181 = EDGE_CURVE ( 'NONE', #445, #2662, #2108, .T. ) ;
#182 = LINE ( 'NONE', #950, #2060 ) ;
#183 = CARTESIAN_POINT ( 'NONE',  ( -19.42221666030940952, -5.000000000000170530, -21.75000000000017408 ) ) ;
#184 = CARTESIAN_POINT ( 'NONE',  ( -3.000000000000000000, -13.00000000000017941, 12.99999999999982947 ) ) ;
#185 = EDGE_CURVE ( 'NONE', #2053, #2643, #441, .T. ) ;
#186 = DIRECTION ( 'NONE',  ( 0.000000000000000000, 0.000000000000000000, 1.000000000000000000 ) ) ;
#187 = ORIENTED_EDGE ( 'NONE', *, *, #1879, .T. ) ;
#188 = DIRECTION ( 'NONE',  ( -1.000000000000000000, 0.000000000000000000, 0.000000000000000000 ) ) ;
#189 = CIRCLE ( 'NONE', #1013, 4.749999999999999112 ) ;
#190 = VERTEX_POINT ( 'NONE', #2523 ) ;
#191 = ORIENTED_EDGE ( 'NONE', *, *, #43, .T. ) ;
#192 = ORIENTED_EDGE ( 'NONE', *, *, #141, .T. ) ;
#193 = CYLINDRICAL_SURFACE ( 'NONE', #1819, 2.249999999999998668 ) ;
#194 = COLOUR_RGB ( '',0.7921568627450980005, 0.8196078431372548767, 0.9333333333333333481 ) ;
#195 = VECTOR ( 'NONE', #1446, 1000.000000000000000 ) ;
#196 = CIRCLE ( 'NONE', #2242, 2.000000000000000000 ) ;
#197 = CARTESIAN_POINT ( 'NONE',  ( 3.000000000000000000, 6.999999999999853451, -19.75000000000017408 ) ) ;
#198 =( NAMED_UNIT ( * ) PLANE_ANGLE_UNIT ( ) SI_UNIT ( $, .RADIAN. ) );
#199 = VECTOR ( 'NONE', #2594, 1000.000000000000000 ) ;
#200 =( LENGTH_UNIT ( ) NAMED_UNIT ( * ) SI_UNIT ( .MILLI., .METRE. ) );
#201 = CYLINDRICAL_SURFACE ( 'NONE', #773, 5.000000000000000888 ) ;
#202 = EDGE_CURVE ( 'NONE', #1047, #2414, #2470, .T. ) ;
#203 = B_SPLINE_CURVE_WITH_KNOTS ( 'NONE', 3,
 ( #168, #1803, #2029, #1393, #331, #1160, #1421, #997, #2621, #1212 ),
 .UNSPECIFIED., .F., .F.,
 ( 4, 2, 2, 2, 4 ),
 ( 3.469446951953614189E-18, 0.0005064592986696360172, 0.001012918597339267481, 0.001519377896008898944, 0.002025837194678530191 ),
 .UNSPECIFIED. ) ;
#204 = VECTOR ( 'NONE', #2466, 1000.000000000000000 ) ;
#205 = FACE_OUTER_BOUND ( 'NONE', #330, .T. ) ;
#206 = ORIENTED_EDGE ( 'NONE', *, *, #347, .F. ) ;
#207 = LINE ( 'NONE', #1033, #361 ) ;
#208 = AXIS2_PLACEMENT_3D ( 'NONE', #1000, #1426, #2261 ) ;
#209 = ORIENTED_EDGE ( 'NONE', *, *, #2280, .F. ) ;
#210 = EDGE_LOOP ( 'NONE', ( #2092, #1857, #1621, #1315, #626 ) ) ;
#211 = CARTESIAN_POINT ( 'NONE',  ( 3.000000000000000000, 19.74999999999984368, 14.99999999999982947 ) ) ;
#212 = CIRCLE ( 'NONE', #643, 2.500000000000015987 ) ;
#213 = CARTESIAN_POINT ( 'NONE',  ( 3.000000000000000000, 14.99999999999983658, -19.75000000000017764 ) ) ;
#214 = PRODUCT_CONTEXT ( 'NONE', #796, 'mechanical' ) ;
#215 = DIRECTION ( 'NONE',  ( 0.000000000000000000, 0.000000000000000000, -1.000000000000000000 ) ) ;
#216 = CARTESIAN_POINT ( 'NONE',  ( 4.500000000000003553, -21.94617346798906254, 25.44486142177823140 ) ) ;
#217 = CARTESIAN_POINT ( 'NONE',  ( 3.263621168867850475, 22.80130314057626606, 2.370738387179893270 ) ) ;
#218 = DIRECTION ( 'NONE',  ( 0.000000000000000000, 0.000000000000000000, 1.000000000000000000 ) ) ;
#219 = VERTEX_POINT ( 'NONE', #1736 ) ;
#220 = ORIENTED_EDGE ( 'NONE', *, *, #797, .T. ) ;
#221 = DIRECTION ( 'NONE',  ( 0.000000000000000000, 0.000000000000000000, 1.000000000000000000 ) ) ;
#222 = ADVANCED_FACE ( 'NONE', ( #483 ), #1721, .T. ) ;
#223 = EDGE_CURVE ( 'NONE', #791, #640, #2064, .T. ) ;
#224 = CARTESIAN_POINT ( 'NONE',  ( 3.000000000000000000, -19.75000000000016342, 14.99999999999982947 ) ) ;
#225 = CARTESIAN_POINT ( 'NONE',  ( -19.42221666030940952, 4.999999999999852562, -21.75000000000017764 ) ) ;
#226 = CARTESIAN_POINT ( 'NONE',  ( 12.89949493661169910, -1.427654291082565965E-13, 25.80614694161255329 ) ) ;
#227 = ADVANCED_FACE ( 'NONE', ( #2534 ), #243, .F. ) ;
#228 = EDGE_CURVE ( 'NONE', #965, #1016, #2314, .T. ) ;
#229 = DIRECTION ( 'NONE',  ( 0.000000000000000000, -0.000000000000000000, -1.000000000000000000 ) ) ;
#230 = DIRECTION ( 'NONE',  ( 1.000000000000000000, -0.000000000000000000, -0.000000000000000000 ) ) ;
#231 = ORIENTED_EDGE ( 'NONE', *, *, #228, .F. ) ;
#232 = ORIENTED_EDGE ( 'NONE', *, *, #2319, .T. ) ;
#233 = CARTESIAN_POINT ( 'NONE',  ( -5.000000000000000000, 23.59999999999984510, -2.500000000000167866 ) ) ;
#234 = AXIS2_PLACEMENT_3D ( 'NONE', #822, #623, #1017 ) ;
#235 = EDGE_CURVE ( 'NONE', #2459, #47, #22, .T. ) ;
#236 = DIRECTION ( 'NONE',  ( 0.000000000000000000, 0.000000000000000000, -1.000000000000000000 ) ) ;
#237 = AXIS2_PLACEMENT_3D ( 'NONE', #1371, #335, #1531 ) ;
#238 = DIRECTION ( 'NONE',  ( 0.000000000000000000, -1.000000000000000000, 0.000000000000000000 ) ) ;
#239 = VECTOR ( 'NONE', #2518, 1000.000000000000000 ) ;
#240 = CARTESIAN_POINT ( 'NONE',  ( -5.000000000000000000, -15.00000000000016165, 12.99999999999982947 ) ) ;
#241 = PLANE ( 'NONE',  #52 ) ;
#242 = CIRCLE ( 'NONE', #1235, 2.249999999999998668 ) ;
#243 = PLANE ( 'NONE',  #893 ) ;
#244 = DIRECTION ( 'NONE',  ( 0.000000000000000000, 0.000000000000000000, -1.000000000000000000 ) ) ;
#245 = ORIENTED_EDGE ( 'NONE', *, *, #516, .T. ) ;
#246 = VERTEX_POINT ( 'NONE', #1905 ) ;
#247 = DIRECTION ( 'NONE',  ( 1.000000000000000000, 0.000000000000000000, 0.000000000000000000 ) ) ;
#248 = AXIS2_PLACEMENT_3D ( 'NONE', #2592, #494, #2139 ) ;
#249 = ADVANCED_FACE ( 'NONE', ( #2547 ), #1693, .F. ) ;
#250 = ORIENTED_EDGE ( 'NONE', *, *, #992, .T. ) ;
#251 = DIRECTION ( 'NONE',  ( -1.000000000000000000, -0.000000000000000000, -0.000000000000000000 ) ) ;
#252 = CARTESIAN_POINT ( 'NONE',  ( 3.987721794370449935, 23.35982881703684555, -2.488799036087921301 ) ) ;
#253 = AXIS2_PLACEMENT_3D ( 'NONE', #1303, #2377, #692 ) ;
#254 = CARTESIAN_POINT ( 'NONE',  ( 4.162215901336379531, -23.41763325821434094, 4.996998478855321224 ) ) ;
#255 = DIRECTION ( 'NONE',  ( 0.000000000000000000, -1.432200615920705022E-16, -1.000000000000000000 ) ) ;
#256 = CARTESIAN_POINT ( 'NONE',  ( 18.95445179679157377, 23.59999999999984510, -1.658673198789983619E-13 ) ) ;
#257 = CARTESIAN_POINT ( 'NONE',  ( 2.999999999999999112, -21.94617346798906254, 4.760755280001517598 ) ) ;
#258 = EDGE_LOOP ( 'NONE', ( #1658, #2428, #131, #1420 ) ) ;
#259 = ORIENTED_EDGE ( 'NONE', *, *, #2326, .T. ) ;
#260 = DIRECTION ( 'NONE',  ( 0.000000000000000000, 0.000000000000000000, 1.000000000000000000 ) ) ;
#261 = CARTESIAN_POINT ( 'NONE',  ( 3.034389202503036120, -22.27693668415606965, 2.123694391904493717 ) ) ;
#262 = EDGE_LOOP ( 'NONE', ( #2317, #1571, #2164, #1738 ) ) ;
#263 = CYLINDRICAL_SURFACE ( 'NONE', #1369, 1.500000000000000000 ) ;
#264 = EDGE_CURVE ( 'NONE', #2347, #1823, #157, .T. ) ;
#265 = DIRECTION ( 'NONE',  ( 0.000000000000000000, -1.000000000000000000, -0.000000000000000000 ) ) ;
#266 = DIRECTION ( 'NONE',  ( 0.000000000000000000, 0.000000000000000000, 1.000000000000000000 ) ) ;
#267 = ADVANCED_FACE ( 'NONE', ( #497 ), #1054, .F. ) ;
#268 = CARTESIAN_POINT ( 'NONE',  ( 4.328751216128423174, 23.44617346798905899, 4.997633179620917687 ) ) ;
#269 = CARTESIAN_POINT ( 'NONE',  ( 3.037293058811660451, -22.27857142857159189, 4.822222156911748492 ) ) ;
#270 = ORIENTED_EDGE ( 'NONE', *, *, #395, .F. ) ;
#271 = DIRECTION ( 'NONE',  ( 0.000000000000000000, 0.000000000000000000, 1.000000000000000000 ) ) ;
#272 = CARTESIAN_POINT ( 'NONE',  ( 0.000000000000000000, 12.99999999999984368, 10.99999999999982947 ) ) ;
#273 = EDGE_LOOP ( 'NONE', ( #24, #434, #1237, #849 ) ) ;
#274 = ORIENTED_EDGE ( 'NONE', *, *, #1385, .F. ) ;
#275 = DIRECTION ( 'NONE',  ( 0.000000000000000000, 0.000000000000000000, 1.000000000000000000 ) ) ;
#276 = VECTOR ( 'NONE', #21, 1000.000000000000000 ) ;
#277 = CARTESIAN_POINT ( 'NONE',  ( -5.000000000000000000, -23.60000000000015064, 2.499999999999824141 ) ) ;
#278 = PLANE ( 'NONE',  #2016 ) ;
#279 = VECTOR ( 'NONE', #1408, 1000.000000000000000 ) ;
#280 = EDGE_CURVE ( 'NONE', #546, #533, #1675, .T. ) ;
#281 = DIRECTION ( 'NONE',  ( -1.000000000000000000, -0.000000000000000000, -0.000000000000000000 ) ) ;
#282 = CYLINDRICAL_SURFACE ( 'NONE', #715, 4.750000000000006217 ) ;
#283 = ORIENTED_EDGE ( 'NONE', *, *, #854, .F. ) ;
#284 = ORIENTED_EDGE ( 'NONE', *, *, #223, .F. ) ;
#285 = DIRECTION ( 'NONE',  ( 0.000000000000000000, 0.000000000000000000, 1.000000000000000000 ) ) ;
#286 = LINE ( 'NONE', #1346, #1031 ) ;
#287 = AXIS2_PLACEMENT_3D ( 'NONE', #2185, #2259, #1135 ) ;
#288 = ORIENTED_EDGE ( 'NONE', *, *, #1742, .F. ) ;
#289 = ORIENTED_EDGE ( 'NONE', *, *, #1844, .T. ) ;
#290 = AXIS2_PLACEMENT_3D ( 'NONE', #128, #1718, #114 ) ;
#291 = DIRECTION ( 'NONE',  ( 0.000000000000000000, 0.000000000000000000, -1.000000000000000000 ) ) ;
#292 = DIRECTION ( 'NONE',  ( 0.000000000000000000, 0.000000000000000000, -1.000000000000000000 ) ) ;
#293 = VECTOR ( 'NONE', #901, 1000.000000000000000 ) ;
#294 = DIRECTION ( 'NONE',  ( 0.000000000000000000, 0.000000000000000000, 1.000000000000000000 ) ) ;
#295 = DIRECTION ( 'NONE',  ( 0.000000000000000000, 1.000000000000000000, -5.209379807738162522E-17 ) ) ;
#296 = ADVANCED_FACE ( 'NONE', ( #1941 ), #648, .T. ) ;
#297 = ORIENTED_EDGE ( 'NONE', *, *, #151, .T. ) ;
#298 = ORIENTED_EDGE ( 'NONE', *, *, #1065, .F. ) ;
#299 = CARTESIAN_POINT ( 'NONE',  ( -66.20011627344371163, 23.44617346798906610, 25.44486142177823140 ) ) ;
#300 = DIRECTION ( 'NONE',  ( 1.000000000000000000, -0.000000000000000000, -0.000000000000000000 ) ) ;
#301 = ORIENTED_EDGE ( 'NONE', *, *, #401, .T. ) ;
#302 = ORIENTED_EDGE ( 'NONE', *, *, #681, .F. ) ;
#303 = CARTESIAN_POINT ( 'NONE',  ( -5.000000000000000000, 6.999999999999852562, -21.75000000000017764 ) ) ;
#304 = EDGE_CURVE ( 'NONE', #1119, #1732, #657, .T. ) ;
#305 = CARTESIAN_POINT ( 'NONE',  ( 3.000000000000003553, 22.06008021376902661, -4.771982158143113217 ) ) ;
#306 = CARTESIAN_POINT ( 'NONE',  ( 3.000000000000002665, -5.500000000000156319, 25.80614694161255329 ) ) ;
#307 = DIRECTION ( 'NONE',  ( 0.000000000000000000, 0.000000000000000000, 1.000000000000000000 ) ) ;
#308 = ADVANCED_FACE ( 'NONE', ( #1123 ), #1952, .F. ) ;
#309 = ADVANCED_FACE ( 'NONE', ( #389 ), #2465, .F. ) ;
#310 = AXIS2_PLACEMENT_3D ( 'NONE', #2309, #2481, #2279 ) ;
#311 = CARTESIAN_POINT ( 'NONE',  ( 18.95445179679157377, -1.427654291082565965E-13, 31.30614694161256395 ) ) ;
#312 = VERTEX_POINT ( 'NONE', #1574 ) ;
#313 = CYLINDRICAL_SURFACE ( 'NONE', #1773, 2.000000000000001776 ) ;
#314 = CARTESIAN_POINT ( 'NONE',  ( -5.000000000000000000, -1.591855728988893469E-13, -36.40000000000016911 ) ) ;
#315 = VERTEX_POINT ( 'NONE', #1563 ) ;
#316 = VERTEX_POINT ( 'NONE', #2397 ) ;
#317 = DIRECTION ( 'NONE',  ( 0.000000000000000000, 0.000000000000000000, -1.000000000000000000 ) ) ;
#318 = DIRECTION ( 'NONE',  ( 0.000000000000000000, 0.000000000000000000, -1.000000000000000000 ) ) ;
#319 = AXIS2_PLACEMENT_3D ( 'NONE', #699, #2369, #2501 ) ;
#320 = LINE ( 'NONE', #2410, #2293 ) ;
#321 = DIRECTION ( 'NONE',  ( 0.000000000000000000, 5.209379807738162522E-17, 1.000000000000000000 ) ) ;
#322 = PRESENTATION_LAYER_ASSIGNMENT (  '', '', ( #2546 ) ) ;
#323 = AXIS2_PLACEMENT_3D ( 'NONE', #742, #1363, #782 ) ;
#324 = VERTEX_POINT ( 'NONE', #1766 ) ;
#325 = ORIENTED_EDGE ( 'NONE', *, *, #2166, .T. ) ;
#326 = FACE_OUTER_BOUND ( 'NONE', #2054, .T. ) ;
#327 = CIRCLE ( 'NONE', #1233, 2.000000000000000000 ) ;
#328 = CARTESIAN_POINT ( 'NONE',  ( 18.95445179679157377, 5.499999999999866773, -7.877103387563685457E-16 ) ) ;
#329 = ORIENTED_EDGE ( 'NONE', *, *, #2613, .T. ) ;
#330 = EDGE_LOOP ( 'NONE', ( #1469, #1752, #1961, #1006 ) ) ;
#331 = CARTESIAN_POINT ( 'NONE',  ( 3.691831535347653404, 23.22133413870458440, -4.986803155004470689 ) ) ;
#332 = EDGE_CURVE ( 'NONE', #1840, #1287, #1353, .T. ) ;
#333 = FACE_OUTER_BOUND ( 'NONE', #821, .T. ) ;
#334 = VECTOR ( 'NONE', #2302, 1000.000000000000000 ) ;
#335 = DIRECTION ( 'NONE',  ( 1.000000000000000000, 0.000000000000000000, 0.000000000000000000 ) ) ;
#336 = VECTOR ( 'NONE', #2178, 1000.000000000000000 ) ;
#337 = ADVANCED_FACE ( 'NONE', ( #922 ), #1009, .T. ) ;
#338 = CYLINDRICAL_SURFACE ( 'NONE', #373, 1.499999999999999556 ) ;
#339 = ORIENTED_EDGE ( 'NONE', *, *, #586, .T. ) ;
#340 = CARTESIAN_POINT ( 'NONE',  ( -5.000000000000000000, -19.75000000000018119, -15.00000000000017053 ) ) ;
#341 = CYLINDRICAL_SURFACE ( 'NONE', #730, 1.499999999999999556 ) ;
#342 = VERTEX_POINT ( 'NONE', #1748 ) ;
#343 = ORIENTED_EDGE ( 'NONE', *, *, #443, .F. ) ;
#344 = ORIENTED_EDGE ( 'NONE', *, *, #2180, .T. ) ;
#345 = LINE ( 'NONE', #156, #2451 ) ;
#346 = EDGE_CURVE ( 'NONE', #1937, #752, #320, .T. ) ;
#347 = EDGE_CURVE ( 'NONE', #474, #2351, #2610, .T. ) ;
#348 = ADVANCED_FACE ( 'NONE', ( #1547 ), #719, .F. ) ;
#349 = CARTESIAN_POINT ( 'NONE',  ( 3.369365185710408106, 4.999999999999852562, -32.17473198725978278 ) ) ;
#350 = FILL_AREA_STYLE_COLOUR ( '', #194 ) ;
#351 = FACE_OUTER_BOUND ( 'NONE', #178, .T. ) ;
#352 = VERTEX_POINT ( 'NONE', #1423 ) ;
#353 = CARTESIAN_POINT ( 'NONE',  ( -5.000000000000000000, -5.500000000000155431, 21.74999999999983302 ) ) ;
#354 = CARTESIAN_POINT ( 'NONE',  ( -5.000000000000000000, -15.00000000000017941, -19.75000000000017053 ) ) ;
#355 = VERTEX_POINT ( 'NONE', #2045 ) ;
#356 = EDGE_LOOP ( 'NONE', ( #520, #339, #1019, #2628 ) ) ;
#357 = ORIENTED_EDGE ( 'NONE', *, *, #1351, .T. ) ;
#358 = DIRECTION ( 'NONE',  ( 0.000000000000000000, -0.000000000000000000, -1.000000000000000000 ) ) ;
#359 = CARTESIAN_POINT ( 'NONE',  ( 5.282786358687006967, 4.999999999999851674, -35.46497480745691888 ) ) ;
#360 = CARTESIAN_POINT ( 'NONE',  ( 3.000000000000000000, 14.99999999999984368, 17.24999999999982947 ) ) ;
#361 = VECTOR ( 'NONE', #2276, 1000.000000000000000 ) ;
#362 = EDGE_CURVE ( 'NONE', #161, #898, #513, .T. ) ;
#363 = CIRCLE ( 'NONE', #2464, 2.250000000000007105 ) ;
#364 = EDGE_CURVE ( 'NONE', #85, #2459, #524, .T. ) ;
#365 = ORIENTED_EDGE ( 'NONE', *, *, #2214, .T. ) ;
#366 = CARTESIAN_POINT ( 'NONE',  ( 3.000000000000000000, 14.99999999999984368, 14.99999999999982947 ) ) ;
#367 = DIRECTION ( 'NONE',  ( -1.000000000000000000, 0.000000000000000000, 0.000000000000000000 ) ) ;
#368 = AXIS2_PLACEMENT_3D ( 'NONE', #930, #2183, #697 ) ;
#369 = VERTEX_POINT ( 'NONE', #2174 ) ;
#370 = ORIENTED_EDGE ( 'NONE', *, *, #746, .T. ) ;
#371 = ORIENTED_EDGE ( 'NONE', *, *, #734, .F. ) ;
#372 = CYLINDRICAL_SURFACE ( 'NONE', #2690, 5.000000000000000888 ) ;
#373 = AXIS2_PLACEMENT_3D ( 'NONE', #721, #2400, #2413 ) ;
#374 = CIRCLE ( 'NONE', #1634, 5.500000000000011546 ) ;
#375 = DIRECTION ( 'NONE',  ( 1.000000000000000000, 0.000000000000000000, 0.000000000000000000 ) ) ;
#376 = CARTESIAN_POINT ( 'NONE',  ( 5.106820365243967430, 4.999999999999852562, -35.22869940107435838 ) ) ;
#377 = DIRECTION ( 'NONE',  ( 0.000000000000000000, 1.184111587697480221E-16, -1.000000000000000000 ) ) ;
#378 = CARTESIAN_POINT ( 'NONE',  ( -5.000000000000000000, 23.59999999999984510, 2.499999999999836575 ) ) ;
#379 = AXIS2_PLACEMENT_3D ( 'NONE', #1177, #1607, #978 ) ;
#380 = VERTEX_POINT ( 'NONE', #306 ) ;
#381 = EDGE_CURVE ( 'NONE', #943, #464, #182, .T. ) ;
#382 = DIRECTION ( 'NONE',  ( 0.000000000000000000, 0.000000000000000000, -1.000000000000000000 ) ) ;
#383 = DIRECTION ( 'NONE',  ( 0.000000000000000000, 0.000000000000000000, -1.000000000000000000 ) ) ;
#384 = ORIENTED_EDGE ( 'NONE', *, *, #2066, .F. ) ;
#385 = ORIENTED_EDGE ( 'NONE', *, *, #1845, .F. ) ;
#386 = ORIENTED_EDGE ( 'NONE', *, *, #1594, .T. ) ;
#387 = DIRECTION ( 'NONE',  ( -1.000000000000000000, 0.000000000000000000, 0.000000000000000000 ) ) ;
#388 = EDGE_CURVE ( 'NONE', #640, #606, #2693, .T. ) ;
#389 = FACE_OUTER_BOUND ( 'NONE', #662, .T. ) ;
#390 = DIRECTION ( 'NONE',  ( 1.000000000000000000, 0.000000000000000000, 0.000000000000000000 ) ) ;
#391 = DIRECTION ( 'NONE',  ( 0.000000000000000000, 0.000000000000000000, -1.000000000000000000 ) ) ;
#392 = CARTESIAN_POINT ( 'NONE',  ( 3.000000000000000000, -13.00000000000017941, 10.99999999999982947 ) ) ;
#393 = ORIENTED_EDGE ( 'NONE', *, *, #1851, .F. ) ;
#394 = DIRECTION ( 'NONE',  ( 0.000000000000000000, 0.000000000000000000, 1.000000000000000000 ) ) ;
#395 = EDGE_CURVE ( 'NONE', #3, #1744, #1965, .T. ) ;
#396 = ORIENTED_EDGE ( 'NONE', *, *, #1365, .T. ) ;
#397 = EDGE_LOOP ( 'NONE', ( #1491, #2263, #2359, #108, #2620 ) ) ;
#398 = EDGE_LOOP ( 'NONE', ( #1608, #2249, #2358, #1909, #50 ) ) ;
#399 = DIRECTION ( 'NONE',  ( 0.000000000000000000, 5.782411586589357639E-16, 1.000000000000000000 ) ) ;
#400 = DIRECTION ( 'NONE',  ( -1.000000000000000000, 0.000000000000000000, 0.000000000000000000 ) ) ;
#401 = EDGE_CURVE ( 'NONE', #2571, #2028, #1189, .T. ) ;
#402 = CARTESIAN_POINT ( 'NONE',  ( 18.95445179679157377, 22.27857142857127215, -4.822222156912086888 ) ) ;
#403 = CARTESIAN_POINT ( 'NONE',  ( 9.000000000000001776, -1.591855728988893469E-13, -36.40000000000016911 ) ) ;
#404 = FACE_OUTER_BOUND ( 'NONE', #2685, .T. ) ;
#405 = DIRECTION ( 'NONE',  ( -1.000000000000000000, 0.000000000000000000, 0.000000000000000000 ) ) ;
#406 = ORIENTED_EDGE ( 'NONE', *, *, #332, .T. ) ;
#407 = CARTESIAN_POINT ( 'NONE',  ( 4.500000000000003553, 23.44617346798906610, 25.44486142177823140 ) ) ;
#408 = VECTOR ( 'NONE', #2329, 1000.000000000000000 ) ;
#409 = ORIENTED_EDGE ( 'NONE', *, *, #264, .F. ) ;
#410 = ORIENTED_EDGE ( 'NONE', *, *, #1818, .T. ) ;
#411 = CARTESIAN_POINT ( 'NONE',  ( 3.314906982249362866, -22.88115116849651542, -4.950207391238644838 ) ) ;
#412 = AXIS2_PLACEMENT_3D ( 'NONE', #1105, #2155, #1542 ) ;
#413 = CARTESIAN_POINT ( 'NONE',  ( 9.000000000000001776, 23.59999999999984510, -1.658673198789983619E-13 ) ) ;
#414 = AXIS2_PLACEMENT_3D ( 'NONE', #1030, #281, #894 ) ;
#415 = CARTESIAN_POINT ( 'NONE',  ( 3.136113827474510174, -22.59302841058086386, 4.899724787350787203 ) ) ;
#416 = DIRECTION ( 'NONE',  ( 0.000000000000000000, 0.000000000000000000, -1.000000000000000000 ) ) ;
#417 = VECTOR ( 'NONE', #1328, 1000.000000000000000 ) ;
#418 = VECTOR ( 'NONE', #593, 1000.000000000000000 ) ;
#419 = CARTESIAN_POINT ( 'NONE',  ( 3.000000000000000000, -15.00000000000016165, 12.74999999999982769 ) ) ;
#420 = CARTESIAN_POINT ( 'NONE',  ( 9.000000000000001776, -23.60000000000015064, -1.747491040759996142E-13 ) ) ;
#421 = EDGE_CURVE ( 'NONE', #1126, #474, #1669, .T. ) ;
#422 = VERTEX_POINT ( 'NONE', #170 ) ;
#423 = ORIENTED_EDGE ( 'NONE', *, *, #2450, .F. ) ;
#424 = LINE ( 'NONE', #1456, #1035 ) ;
#425 = AXIS2_PLACEMENT_3D ( 'NONE', #2682, #175, #1207 ) ;
#426 = LINE ( 'NONE', #631, #1149 ) ;
#427 = CARTESIAN_POINT ( 'NONE',  ( 4.500000000000003553, 23.44617346798906610, -2.495262991760662796 ) ) ;
#428 = ADVANCED_FACE ( 'NONE', ( #998 ), #1831, .F. ) ;
#429 = EDGE_CURVE ( 'NONE', #2603, #85, #327, .T. ) ;
#430 = CARTESIAN_POINT ( 'NONE',  ( 2.999999999999999112, -19.75000000000017764, -6.751111019676867997 ) ) ;
#431 = FACE_OUTER_BOUND ( 'NONE', #38, .T. ) ;
#432 = CARTESIAN_POINT ( 'NONE',  ( 3.000000000000000000, -15.00000000000016165, 19.74999999999982947 ) ) ;
#433 = LINE ( 'NONE', #689, #580 ) ;
#434 = ORIENTED_EDGE ( 'NONE', *, *, #116, .T. ) ;
#435 = ORIENTED_EDGE ( 'NONE', *, *, #634, .T. ) ;
#436 = CARTESIAN_POINT ( 'NONE',  ( 3.000000000000000000, -15.00000000000016165, 17.24999999999983302 ) ) ;
#437 = DIRECTION ( 'NONE',  ( -1.000000000000000000, 0.000000000000000000, 0.000000000000000000 ) ) ;
#438 = AXIS2_PLACEMENT_3D ( 'NONE', #982, #2257, #2448 ) ;
#439 = CARTESIAN_POINT ( 'NONE',  ( 3.000000000000000000, -15.00000000000017941, -12.75000000000017053 ) ) ;
#440 = CARTESIAN_POINT ( 'NONE',  ( -5.000000000000000000, -19.75000000000016342, 14.99999999999982947 ) ) ;
#441 = LINE ( 'NONE', #60, #549 ) ;
#442 = CARTESIAN_POINT ( 'NONE',  ( -5.000000000000000000, 14.99999999999984368, 14.99999999999982947 ) ) ;
#443 = EDGE_CURVE ( 'NONE', #490, #2189, #58, .T. ) ;
#444 = ORIENTED_EDGE ( 'NONE', *, *, #480, .F. ) ;
#445 = VERTEX_POINT ( 'NONE', #2056 ) ;
#446 = CARTESIAN_POINT ( 'NONE',  ( 18.95445179679157377, -23.60000000000015064, -1.747491040759996142E-13 ) ) ;
#447 = VECTOR ( 'NONE', #909, 1000.000000000000000 ) ;
#448 = LINE ( 'NONE', #1063, #195 ) ;
#449 = AXIS2_PLACEMENT_3D ( 'NONE', #1341, #2387, #2175 ) ;
#450 = LINE ( 'NONE', #1484, #983 ) ;
#451 = AXIS2_PLACEMENT_3D ( 'NONE', #1350, #1322, #317 ) ;
#452 = CARTESIAN_POINT ( 'NONE',  ( 3.461632152942663243, -23.03342572328074667, -2.436188208951173273 ) ) ;
#453 = CARTESIAN_POINT ( 'NONE',  ( 2.999999999999999112, -21.94617346798906254, -1.874795402708472780 ) ) ;
#454 = VECTOR ( 'NONE', #1258, 1000.000000000000000 ) ;
#455 = CARTESIAN_POINT ( 'NONE',  ( 3.692390410479058360, 23.22165259381285196, 4.986821956961303037 ) ) ;
#456 = CARTESIAN_POINT ( 'NONE',  ( 18.95445179679157377, 5.499999999999870326, 25.80614694161255329 ) ) ;
#457 = AXIS2_PLACEMENT_3D ( 'NONE', #2184, #1778, #1979 ) ;
#458 = EDGE_CURVE ( 'NONE', #1046, #788, #829, .T. ) ;
#459 = ORIENTED_EDGE ( 'NONE', *, *, #2077, .F. ) ;
#460 = ORIENTED_EDGE ( 'NONE', *, *, #480, .T. ) ;
#461 = FACE_OUTER_BOUND ( 'NONE', #1815, .T. ) ;
#462 = VECTOR ( 'NONE', #2115, 1000.000000000000000 ) ;
#463 = DIRECTION ( 'NONE',  ( 0.000000000000000000, 0.000000000000000000, 1.000000000000000000 ) ) ;
#464 = VERTEX_POINT ( 'NONE', #16 ) ;
#465 = LINE ( 'NONE', #2542, #150 ) ;
#466 = AXIS2_PLACEMENT_3D ( 'NONE', #557, #1374, #1986 ) ;
#467 = DIRECTION ( 'NONE',  ( -0.000000000000000000, -0.000000000000000000, 1.000000000000000000 ) ) ;
#468 = EDGE_CURVE ( 'NONE', #2307, #95, #1852, .T. ) ;
#469 = AXIS2_PLACEMENT_3D ( 'NONE', #446, #1660, #2688 ) ;
#470 = CARTESIAN_POINT ( 'NONE',  ( -5.000000000000000000, 4.999999999999849898, -21.75000000000017764 ) ) ;
#471 = CARTESIAN_POINT ( 'NONE',  ( 3.000000000000000000, -21.94617346798906254, 14.99999999999982947 ) ) ;
#472 = DIRECTION ( 'NONE',  ( -1.000000000000000000, 0.000000000000000000, 0.000000000000000000 ) ) ;
#473 = DIRECTION ( 'NONE',  ( -1.000000000000000000, 0.000000000000000000, 0.000000000000000000 ) ) ;
#474 = VERTEX_POINT ( 'NONE', #2111 ) ;
#475 = ORIENTED_EDGE ( 'NONE', *, *, #1713, .F. ) ;
#476 = CARTESIAN_POINT ( 'NONE',  ( 9.000000000000001776, -1.591855728988893469E-13, -31.40000000000015845 ) ) ;
#477 = CARTESIAN_POINT ( 'NONE',  ( 4.500000000000003553, 23.44617346798906610, 25.44486142177823140 ) ) ;
#478 = VERTEX_POINT ( 'NONE', #1651 ) ;
#479 = CARTESIAN_POINT ( 'NONE',  ( 4.500000000000003553, -23.44617346798906610, 2.495262991760299975 ) ) ;
#480 = EDGE_CURVE ( 'NONE', #355, #2133, #496, .T. ) ;
#481 = CARTESIAN_POINT ( 'NONE',  ( 3.000000000000000000, 19.74999999999984368, -15.00000000000017053 ) ) ;
#482 = CARTESIAN_POINT ( 'NONE',  ( -5.000000000000000000, 14.99999999999983658, -12.75000000000016342 ) ) ;
#483 = FACE_OUTER_BOUND ( 'NONE', #1616, .T. ) ;
#484 = LINE ( 'NONE', #1043, #2596 ) ;
#485 = EDGE_LOOP ( 'NONE', ( #1391, #2027, #2009, #1138 ) ) ;
#486 = VERTEX_POINT ( 'NONE', #197 ) ;
#487 = FACE_BOUND ( 'NONE', #4, .T. ) ;
#488 = DIRECTION ( 'NONE',  ( 0.000000000000000000, 0.000000000000000000, -1.000000000000000000 ) ) ;
#489 = ORIENTED_EDGE ( 'NONE', *, *, #2158, .T. ) ;
#490 = VERTEX_POINT ( 'NONE', #1024 ) ;
#491 = ORIENTED_EDGE ( 'NONE', *, *, #1141, .T. ) ;
#492 = CARTESIAN_POINT ( 'NONE',  ( 3.000000000000000000, -19.75000000000016342, 14.99999999999982947 ) ) ;
#493 = VECTOR ( 'NONE', #1882, 1000.000000000000000 ) ;
#494 = DIRECTION ( 'NONE',  ( -1.000000000000000000, -0.000000000000000000, -0.000000000000000000 ) ) ;
#495 = DIRECTION ( 'NONE',  ( 0.000000000000000000, -1.000000000000000000, 2.312964634635741478E-16 ) ) ;
#496 = CIRCLE ( 'NONE', #1933, 8.000000000000007105 ) ;
#497 = FACE_OUTER_BOUND ( 'NONE', #766, .T. ) ;
#498 = DIRECTION ( 'NONE',  ( 0.000000000000000000, 0.000000000000000000, -1.000000000000000000 ) ) ;
#499 = EDGE_CURVE ( 'NONE', #690, #355, #426, .T. ) ;
#500 = AXIS2_PLACEMENT_3D ( 'NONE', #1682, #472, #1284 ) ;
#501 = ORIENTED_EDGE ( 'NONE', *, *, #1955, .T. ) ;
#502 = ORIENTED_EDGE ( 'NONE', *, *, #1880, .F. ) ;
#503 = FACE_OUTER_BOUND ( 'NONE', #2556, .T. ) ;
#504 = CARTESIAN_POINT ( 'NONE',  ( -5.000000000000000000, -23.60000000000015064, -1.747491040759996142E-13 ) ) ;
#505 = ORIENTED_EDGE ( 'NONE', *, *, #2439, .F. ) ;
#506 = ORIENTED_EDGE ( 'NONE', *, *, #786, .T. ) ;
#507 = CIRCLE ( 'NONE', #290, 2.499999999999998668 ) ;
#508 = DIRECTION ( 'NONE',  ( 1.000000000000000000, 0.000000000000000000, 0.000000000000000000 ) ) ;
#509 = DIRECTION ( 'NONE',  ( 0.000000000000000000, 0.000000000000000000, -1.000000000000000000 ) ) ;
#510 = EDGE_CURVE ( 'NONE', #1175, #2643, #1253, .T. ) ;
#511 = EDGE_CURVE ( 'NONE', #47, #154, #670, .T. ) ;
#512 = AXIS2_PLACEMENT_3D ( 'NONE', #2179, #693, #724 ) ;
#513 = LINE ( 'NONE', #576, #199 ) ;
#514 = FACE_OUTER_BOUND ( 'NONE', #258, .T. ) ;
#515 = DIRECTION ( 'NONE',  ( -1.000000000000000000, 0.000000000000000000, 0.000000000000000000 ) ) ;
#516 = EDGE_CURVE ( 'NONE', #711, #1104, #1875, .T. ) ;
#517 = ORIENTED_EDGE ( 'NONE', *, *, #516, .F. ) ;
#518 = FACE_OUTER_BOUND ( 'NONE', #1007, .T. ) ;
#519 = CARTESIAN_POINT ( 'NONE',  ( 9.000000000000001776, -23.44617346798906610, 4.997633179620899035 ) ) ;
#520 = ORIENTED_EDGE ( 'NONE', *, *, #984, .F. ) ;
#521 = ORIENTED_EDGE ( 'NONE', *, *, #1505, .T. ) ;
#522 = CARTESIAN_POINT ( 'NONE',  ( -5.000000000000000000, 22.27857142857127215, -4.822222156912085111 ) ) ;
#523 = CARTESIAN_POINT ( 'NONE',  ( 3.012801631113311895, 22.17079765874690622, 4.792689021759042767 ) ) ;
#524 = LINE ( 'NONE', #117, #279 ) ;
#525 = CARTESIAN_POINT ( 'NONE',  ( 3.000000000000000000, 12.99999999999984368, -11.00000000000017053 ) ) ;
#526 = ORIENTED_EDGE ( 'NONE', *, *, #783, .F. ) ;
#527 = ORIENTED_EDGE ( 'NONE', *, *, #565, .T. ) ;
#528 = PLANE ( 'NONE',  #2119 ) ;
#529 = CARTESIAN_POINT ( 'NONE',  ( -5.000000000000000000, -1.591855728988893469E-13, -36.40000000000016911 ) ) ;
#530 = EDGE_CURVE ( 'NONE', #902, #1392, #448, .T. ) ;
#531 = ORIENTED_EDGE ( 'NONE', *, *, #2214, .F. ) ;
#532 = ORIENTED_EDGE ( 'NONE', *, *, #2567, .T. ) ;
#533 = VERTEX_POINT ( 'NONE', #1899 ) ;
#534 = DIRECTION ( 'NONE',  ( 1.000000000000000000, 0.000000000000000000, 0.000000000000000000 ) ) ;
#535 = CARTESIAN_POINT ( 'NONE',  ( -5.000000000000000000, -1.588794111991025217E-13, -33.90000000000015490 ) ) ;
#536 = AXIS2_PLACEMENT_3D ( 'NONE', #857, #1486, #1702 ) ;
#537 = CARTESIAN_POINT ( 'NONE',  ( 3.037293058811664004, -22.27857142857159900, -4.822222156912099322 ) ) ;
#538 = VECTOR ( 'NONE', #1279, 1000.000000000000000 ) ;
#539 = VECTOR ( 'NONE', #591, 1000.000000000000000 ) ;
#540 = CARTESIAN_POINT ( 'NONE',  ( 3.000000000000000000, -15.00000000000016165, 14.99999999999982947 ) ) ;
#541 = VERTEX_POINT ( 'NONE', #2085 ) ;
#542 = FACE_BOUND ( 'NONE', #104, .T. ) ;
#543 = LINE ( 'NONE', #2288, #2563 ) ;
#544 = EDGE_CURVE ( 'NONE', #748, #2182, #1080, .T. ) ;
#545 = EDGE_CURVE ( 'NONE', #1250, #2167, #2072, .T. ) ;
#546 = VERTEX_POINT ( 'NONE', #1699 ) ;
#547 = VERTEX_POINT ( 'NONE', #224 ) ;
#548 = FACE_OUTER_BOUND ( 'NONE', #91, .T. ) ;
#549 = VECTOR ( 'NONE', #910, 1000.000000000000000 ) ;
#550 = LINE ( 'NONE', #985, #204 ) ;
#551 = CIRCLE ( 'NONE', #595, 2.000000000000001776 ) ;
#552 = PRESENTATION_STYLE_ASSIGNMENT (( #2679 ) ) ;
#553 = VECTOR ( 'NONE', #1971, 1000.000000000000000 ) ;
#554 = VECTOR ( 'NONE', #899, 1000.000000000000000 ) ;
#555 = ORIENTED_EDGE ( 'NONE', *, *, #1963, .T. ) ;
#556 = ORIENTED_EDGE ( 'NONE', *, *, #1148, .F. ) ;
#557 = CARTESIAN_POINT ( 'NONE',  ( 9.000000000000001776, 23.59999999999984510, -1.658673198789983619E-13 ) ) ;
#558 = CARTESIAN_POINT ( 'NONE',  ( -4.999999999999997335, -11.00000000000017941, 10.99999999999982947 ) ) ;
#559 = ORIENTED_EDGE ( 'NONE', *, *, #2550, .F. ) ;
#560 = ORIENTED_EDGE ( 'NONE', *, *, #1257, .F. ) ;
#561 = VERTEX_POINT ( 'NONE', #1437 ) ;
#562 = DIRECTION ( 'NONE',  ( -0.000000000000000000, -0.000000000000000000, 1.000000000000000000 ) ) ;
#563 = CARTESIAN_POINT ( 'NONE',  ( 4.592435802786749122, 4.999999999999851674, -34.50975432864068182 ) ) ;
#564 = EDGE_CURVE ( 'NONE', #533, #2461, #6, .T. ) ;
#565 = EDGE_CURVE ( 'NONE', #1158, #1126, #718, .T. ) ;
#566 = LINE ( 'NONE', #360, #2203 ) ;
#567 = DIRECTION ( 'NONE',  ( 1.000000000000000000, 0.000000000000000000, 0.000000000000000000 ) ) ;
#568 = ORIENTED_EDGE ( 'NONE', *, *, #181, .F. ) ;
#569 = FACE_BOUND ( 'NONE', #1305, .T. ) ;
#570 = CARTESIAN_POINT ( 'NONE',  ( 6.000000000000001776, -1.591855728988893469E-13, -36.40000000000016911 ) ) ;
#571 = DIRECTION ( 'NONE',  ( 0.000000000000000000, 0.000000000000000000, 1.000000000000000000 ) ) ;
#572 = ORIENTED_EDGE ( 'NONE', *, *, #2530, .F. ) ;
#573 = ORIENTED_EDGE ( 'NONE', *, *, #2192, .F. ) ;
#574 = EDGE_LOOP ( 'NONE', ( #1871, #209 ) ) ;
#575 = CARTESIAN_POINT ( 'NONE',  ( 3.000000000000000000, -7.500000000000155431, 21.74999999999983302 ) ) ;
#576 = CARTESIAN_POINT ( 'NONE',  ( 18.95445179679157377, -23.44617346798906610, -4.997633179621248090 ) ) ;
#577 = CARTESIAN_POINT ( 'NONE',  ( -9.899494936611706208, 23.59999999999984510, 2.499999999999836575 ) ) ;
#578 = EDGE_CURVE ( 'NONE', #1047, #1130, #1050, .T. ) ;
#579 = DIRECTION ( 'NONE',  ( -1.000000000000000000, 0.000000000000000000, 0.000000000000000000 ) ) ;
#580 = VECTOR ( 'NONE', #1519, 1000.000000000000000 ) ;
#581 = AXIS2_PLACEMENT_3D ( 'NONE', #951, #498, #1164 ) ;
#582 = CARTESIAN_POINT ( 'NONE',  ( -5.000000000000000000, -5.000000000000170530, -36.40000000000016911 ) ) ;
#583 = ORIENTED_EDGE ( 'NONE', *, *, #1292, .F. ) ;
#584 = DIRECTION ( 'NONE',  ( -1.000000000000000000, -0.000000000000000000, -0.000000000000000000 ) ) ;
#585 = CARTESIAN_POINT ( 'NONE',  ( 4.500000000000003553, -23.44617346798906610, -2.495262991760649474 ) ) ;
#586 = EDGE_CURVE ( 'NONE', #2256, #315, #1661, .T. ) ;
#587 = AXIS2_PLACEMENT_3D ( 'NONE', #2310, #437, #1092 ) ;
#588 = ORIENTED_EDGE ( 'NONE', *, *, #2074, .T. ) ;
#589 = ORIENTED_EDGE ( 'NONE', *, *, #1413, .T. ) ;
#590 = ORIENTED_EDGE ( 'NONE', *, *, #2006, .F. ) ;
#591 = DIRECTION ( 'NONE',  ( -1.000000000000000000, -0.000000000000000000, -0.000000000000000000 ) ) ;
#592 = CARTESIAN_POINT ( 'NONE',  ( -9.899494936611706208, 23.44617346798906610, 2.495262991760331506 ) ) ;
#593 = DIRECTION ( 'NONE',  ( -1.000000000000000000, -0.000000000000000000, -0.000000000000000000 ) ) ;
#594 = EDGE_CURVE ( 'NONE', #793, #1037, #1762, .T. ) ;
#595 = AXIS2_PLACEMENT_3D ( 'NONE', #1266, #1701, #635 ) ;
#596 = DIRECTION ( 'NONE',  ( 1.000000000000000000, 0.000000000000000000, 0.000000000000000000 ) ) ;
#597 = EDGE_CURVE ( 'NONE', #190, #2571, #973, .T. ) ;
#598 = DIRECTION ( 'NONE',  ( 0.000000000000000000, 0.000000000000000000, 1.000000000000000000 ) ) ;
#599 = VECTOR ( 'NONE', #1578, 1000.000000000000000 ) ;
#600 = ORIENTED_EDGE ( 'NONE', *, *, #185, .T. ) ;
#601 = DIRECTION ( 'NONE',  ( 1.000000000000000000, -0.000000000000000000, -0.000000000000000000 ) ) ;
#602 = CIRCLE ( 'NONE', #1866, 2.000000000000000000 ) ;
#603 = EDGE_CURVE ( 'NONE', #1774, #1756, #1337, .T. ) ;
#604 = ORIENTED_EDGE ( 'NONE', *, *, #362, .T. ) ;
#605 = EDGE_LOOP ( 'NONE', ( #839, #1302, #1743, #848, #1118, #1908, #2222, #1480, #2432, #167, #2210, #2394, #301, #1387, #1948, #2390, #1087, #1274, #2050, #40, #2488, #740, #954, #968, #2661, #259, #2136, #2239, #2294, #2583, #2083, #810, #1348, #1400, #1455, #329 ) ) ;
#606 = VERTEX_POINT ( 'NONE', #70 ) ;
#607 = LINE ( 'NONE', #1008, #1463 ) ;
#608 = DIRECTION ( 'NONE',  ( 0.000000000000000000, 0.000000000000000000, 1.000000000000000000 ) ) ;
#609 = DIRECTION ( 'NONE',  ( 0.000000000000000000, 0.000000000000000000, 1.000000000000000000 ) ) ;
#610 = LINE ( 'NONE', #2229, #1862 ) ;
#611 = CARTESIAN_POINT ( 'NONE',  ( 3.000000000000002665, -1.427654291082565965E-13, 31.30614694161256395 ) ) ;
#612 = ORIENTED_EDGE ( 'NONE', *, *, #2519, .T. ) ;
#613 = DIRECTION ( 'NONE',  ( 0.000000000000000000, 0.000000000000000000, -1.000000000000000000 ) ) ;
#614 = VERTEX_POINT ( 'NONE', #522 ) ;
#615 = ORIENTED_EDGE ( 'NONE', *, *, #2694, .T. ) ;
#616 = DIRECTION ( 'NONE',  ( 0.000000000000000000, -1.432200615920705022E-16, -1.000000000000000000 ) ) ;
#617 = CARTESIAN_POINT ( 'NONE',  ( 3.000000000000000000, -13.00000000000017941, 12.99999999999982947 ) ) ;
#618 = CARTESIAN_POINT ( 'NONE',  ( 3.529368744431760962, 23.10780403287730067, -2.456011813835064395 ) ) ;
#619 = CARTESIAN_POINT ( 'NONE',  ( 3.073951219148735703, -22.43988452893561103, 4.866426619674044218 ) ) ;
#620 = EDGE_CURVE ( 'NONE', #2093, #1307, #2366, .T. ) ;
#621 = DIRECTION ( 'NONE',  ( -1.000000000000000000, -0.000000000000000000, -0.000000000000000000 ) ) ;
#622 = CARTESIAN_POINT ( 'NONE',  ( 3.025284514752235587, 22.27850790291823557, 2.131457136004128117 ) ) ;
#623 = DIRECTION ( 'NONE',  ( -1.000000000000000000, 0.000000000000000000, 0.000000000000000000 ) ) ;
#624 = VECTOR ( 'NONE', #2038, 1000.000000000000000 ) ;
#625 = VERTEX_POINT ( 'NONE', #1733 ) ;
#626 = ORIENTED_EDGE ( 'NONE', *, *, #913, .F. ) ;
#627 = CARTESIAN_POINT ( 'NONE',  ( 4.500000000000007105, -23.44617346798906610, -4.997633179621248090 ) ) ;
#628 = EDGE_CURVE ( 'NONE', #2331, #478, #2467, .T. ) ;
#629 = EDGE_CURVE ( 'NONE', #2662, #445, #1710, .T. ) ;
#630 = CIRCLE ( 'NONE', #1323, 2.000000000000005329 ) ;
#631 = CARTESIAN_POINT ( 'NONE',  ( 3.000000000000000000, -5.000000000000170530, -36.40000000000016911 ) ) ;
#632 = DIRECTION ( 'NONE',  ( 1.000000000000000000, -0.000000000000000000, -0.000000000000000000 ) ) ;
#633 = AXIS2_PLACEMENT_3D ( 'NONE', #1892, #2355, #1917 ) ;
#634 = EDGE_CURVE ( 'NONE', #1344, #625, #2642, .T. ) ;
#635 = DIRECTION ( 'NONE',  ( 0.000000000000000000, 0.000000000000000000, 1.000000000000000000 ) ) ;
#636 = LINE ( 'NONE', #1926, #1847 ) ;
#637 = AXIS2_PLACEMENT_3D ( 'NONE', #1791, #1226, #609 ) ;
#638 = CARTESIAN_POINT ( 'NONE',  ( 9.000000000000001776, -1.591855728988893469E-13, -36.40000000000016911 ) ) ;
#639 = DIRECTION ( 'NONE',  ( 0.000000000000000000, 0.000000000000000000, 1.000000000000000000 ) ) ;
#640 = VERTEX_POINT ( 'NONE', #2172 ) ;
#641 = ORIENTED_EDGE ( 'NONE', *, *, #381, .T. ) ;
#642 = FACE_OUTER_BOUND ( 'NONE', #356, .T. ) ;
#643 = AXIS2_PLACEMENT_3D ( 'NONE', #2234, #133, #1592 ) ;
#644 = CARTESIAN_POINT ( 'NONE',  ( 3.000000000000000000, -11.00000000000017764, -11.00000000000017053 ) ) ;
#645 = CARTESIAN_POINT ( 'NONE',  ( 3.161599079397154899, -22.63068960858784706, -2.306242515175518371 ) ) ;
#646 = EDGE_CURVE ( 'NONE', #1786, #1293, #2509, .T. ) ;
#647 = DIRECTION ( 'NONE',  ( 0.000000000000000000, 0.000000000000000000, -1.000000000000000000 ) ) ;
#648 = CYLINDRICAL_SURFACE ( 'NONE', #1239, 5.000000000000000888 ) ;
#649 = DIRECTION ( 'NONE',  ( -1.000000000000000000, -0.000000000000000000, -0.000000000000000000 ) ) ;
#650 = ORIENTED_EDGE ( 'NONE', *, *, #1977, .F. ) ;
#651 = ORIENTED_EDGE ( 'NONE', *, *, #2046, .F. ) ;
#652 = CARTESIAN_POINT ( 'NONE',  ( 3.841078976053081018, -23.30444265491156486, -4.991578788276655132 ) ) ;
#653 = CARTESIAN_POINT ( 'NONE',  ( -5.000000000000000000, -15.00000000000016165, 14.99999999999982947 ) ) ;
#654 = DIRECTION ( 'NONE',  ( 1.000000000000000000, 0.000000000000000000, 0.000000000000000000 ) ) ;
#655 = CARTESIAN_POINT ( 'NONE',  ( 3.987808551011491343, -23.35984022527914306, -2.488797855950127591 ) ) ;
#656 = CARTESIAN_POINT ( 'NONE',  ( 9.000000000000001776, -23.60000000000015064, -1.747491040759996142E-13 ) ) ;
#657 = B_SPLINE_CURVE_WITH_KNOTS ( 'NONE', 3,
 ( #1704, #1313, #2141, #1487, #2328, #455, #1085, #1503, #268, #2032 ),
 .UNSPECIFIED., .F., .F.,
 ( 4, 2, 2, 2, 4 ),
 ( 3.805534180917389138E-18, 0.0005065472092344043119, 0.001013094418468804938, 0.001519641627703205346, 0.002026188836937604671 ),
 .UNSPECIFIED. ) ;
#658 = EDGE_CURVE ( 'NONE', #1301, #2267, #630, .T. ) ;
#659 = DIRECTION ( 'NONE',  ( 1.000000000000000000, 0.000000000000000000, 0.000000000000000000 ) ) ;
#660 = DIRECTION ( 'NONE',  ( -1.000000000000000000, -0.000000000000000000, -0.000000000000000000 ) ) ;
#661 = PRODUCT_DEFINITION_CONTEXT ( 'detailed design', #2634, 'design' ) ;
#662 = EDGE_LOOP ( 'NONE', ( #78, #2375, #994, #1896 ) ) ;
#663 = FACE_OUTER_BOUND ( 'NONE', #1405, .T. ) ;
#664 = CARTESIAN_POINT ( 'NONE',  ( -5.000000000000000000, 6.999999999999852562, -19.75000000000017408 ) ) ;
#665 = EDGE_CURVE ( 'NONE', #1130, #1301, #2382, .T. ) ;
#666 = AXIS2_PLACEMENT_3D ( 'NONE', #892, #1476, #266 ) ;
#667 = ORIENTED_EDGE ( 'NONE', *, *, #1703, .F. ) ;
#668 = DIRECTION ( 'NONE',  ( 0.000000000000000000, 0.000000000000000000, -1.000000000000000000 ) ) ;
#669 = CARTESIAN_POINT ( 'NONE',  ( 3.702003264861413623, 23.23326430943187404, -2.474412312023437810 ) ) ;
#670 = CIRCLE ( 'NONE', #2148, 2.000000000000000000 ) ;
#671 = CARTESIAN_POINT ( 'NONE',  ( -5.000000000000000000, 14.99999999999984368, 17.24999999999982947 ) ) ;
#672 = CARTESIAN_POINT ( 'NONE',  ( -5.000000000000000000, -19.75000000000018119, -15.00000000000017053 ) ) ;
#673 = DIRECTION ( 'NONE',  ( 0.000000000000000000, 0.000000000000000000, 1.000000000000000000 ) ) ;
#674 = LINE ( 'NONE', #1694, #408 ) ;
#675 = VECTOR ( 'NONE', #1951, 1000.000000000000000 ) ;
#676 = ORIENTED_EDGE ( 'NONE', *, *, #2303, .T. ) ;
#677 = EDGE_LOOP ( 'NONE', ( #1698, #2474, #888, #2551 ) ) ;
#678 = DIRECTION ( 'NONE',  ( -1.000000000000000000, 0.000000000000000000, 0.000000000000000000 ) ) ;
#679 = AXIS2_PLACEMENT_3D ( 'NONE', #403, #1627, #1227 ) ;
#680 = CARTESIAN_POINT ( 'NONE',  ( 3.262195924128825197, -22.79918082034246396, 2.370008595173278110 ) ) ;
#681 = EDGE_CURVE ( 'NONE', #918, #1104, #152, .T. ) ;
#682 = EDGE_LOOP ( 'NONE', ( #753, #1060, #1513, #1196 ) ) ;
#683 = LINE ( 'NONE', #1558, #1975 ) ;
#684 = AXIS2_PLACEMENT_3D ( 'NONE', #2444, #416, #1449 ) ;
#685 = VECTOR ( 'NONE', #2704, 1000.000000000000000 ) ;
#686 = CARTESIAN_POINT ( 'NONE',  ( 2.999999999999999112, -1.427654291082565965E-13, 25.80614694161255329 ) ) ;
#687 = FACE_OUTER_BOUND ( 'NONE', #861, .T. ) ;
#688 = DIRECTION ( 'NONE',  ( 0.000000000000000000, 0.000000000000000000, -1.000000000000000000 ) ) ;
#689 = CARTESIAN_POINT ( 'NONE',  ( 3.000000000000000000, 10.99999999999984190, 12.99999999999982947 ) ) ;
#690 = VERTEX_POINT ( 'NONE', #729 ) ;
#691 = ORIENTED_EDGE ( 'NONE', *, *, #1886, .T. ) ;
#692 = DIRECTION ( 'NONE',  ( 0.000000000000000000, 0.000000000000000000, -1.000000000000000000 ) ) ;
#693 = DIRECTION ( 'NONE',  ( -1.000000000000000000, 0.000000000000000000, 0.000000000000000000 ) ) ;
#694 = ORIENTED_EDGE ( 'NONE', *, *, #2336, .T. ) ;
#695 = ORIENTED_EDGE ( 'NONE', *, *, #280, .F. ) ;
#696 = ORIENTED_EDGE ( 'NONE', *, *, #1613, .F. ) ;
#697 = DIRECTION ( 'NONE',  ( 0.000000000000000000, 0.000000000000000000, 1.000000000000000000 ) ) ;
#698 = CARTESIAN_POINT ( 'NONE',  ( 3.000000000000000000, 22.06008021376903017, 4.771982158142782815 ) ) ;
#699 = CARTESIAN_POINT ( 'NONE',  ( -5.000000000000000000, 14.99999999999983658, -15.00000000000017053 ) ) ;
#700 = EDGE_CURVE ( 'NONE', #547, #1589, #2605, .T. ) ;
#701 = DIRECTION ( 'NONE',  ( 1.000000000000000000, 0.000000000000000000, 0.000000000000000000 ) ) ;
#702 = EDGE_CURVE ( 'NONE', #1854, #1037, #1949, .T. ) ;
#703 = DIRECTION ( 'NONE',  ( 0.000000000000000000, 0.000000000000000000, 1.000000000000000000 ) ) ;
#704 = ORIENTED_EDGE ( 'NONE', *, *, #1886, .F. ) ;
#705 = ORIENTED_EDGE ( 'NONE', *, *, #993, .F. ) ;
#706 = PLANE ( 'NONE',  #120 ) ;
#707 = DIRECTION ( 'NONE',  ( 0.000000000000000000, 0.000000000000000000, 1.000000000000000000 ) ) ;
#708 = ORIENTED_EDGE ( 'NONE', *, *, #828, .F. ) ;
#709 = EDGE_CURVE ( 'NONE', #103, #1021, #465, .T. ) ;
#710 = ORIENTED_EDGE ( 'NONE', *, *, #1703, .T. ) ;
#711 = VERTEX_POINT ( 'NONE', #1498 ) ;
#712 = FACE_OUTER_BOUND ( 'NONE', #2673, .T. ) ;
#713 = EDGE_CURVE ( 'NONE', #959, #126, #1234, .T. ) ;
#714 = AXIS2_PLACEMENT_3D ( 'NONE', #1890, #1041, #1267 ) ;
#715 = AXIS2_PLACEMENT_3D ( 'NONE', #1942, #76, #703 ) ;
#716 = DIRECTION ( 'NONE',  ( -1.000000000000000000, 0.000000000000000000, 0.000000000000000000 ) ) ;
#717 = ADVANCED_FACE ( 'NONE', ( #1294 ), #263, .F. ) ;
#718 = CIRCLE ( 'NONE', #1894, 2.500000000000002220 ) ;
#719 = PLANE ( 'NONE',  #2378 ) ;
#720 = DIRECTION ( 'NONE',  ( 0.000000000000000000, 0.000000000000000000, -1.000000000000000000 ) ) ;
#721 = CARTESIAN_POINT ( 'NONE',  ( 4.500000000000003553, -21.94617346798906254, 25.44486142177823140 ) ) ;
#722 = ORIENTED_EDGE ( 'NONE', *, *, #1356, .F. ) ;
#723 = LINE ( 'NONE', #2539, #554 ) ;
#724 = DIRECTION ( 'NONE',  ( 0.000000000000000000, 0.000000000000000000, 1.000000000000000000 ) ) ;
#725 = CIRCLE ( 'NONE', #2650, 5.000000000000011546 ) ;
#726 = ORIENTED_EDGE ( 'NONE', *, *, #1561, .F. ) ;
#727 = ORIENTED_EDGE ( 'NONE', *, *, #112, .T. ) ;
#728 = CIRCLE ( 'NONE', #2071, 2.250000000000007105 ) ;
#729 = CARTESIAN_POINT ( 'NONE',  ( 3.000000000000000000, -5.000000000000170530, -21.75000000000017408 ) ) ;
#730 = AXIS2_PLACEMENT_3D ( 'NONE', #216, #2498, #2061 ) ;
#731 = CARTESIAN_POINT ( 'NONE',  ( 4.500000000000003553, 23.44617346798906610, 2.495262991760331506 ) ) ;
#732 = AXIS2_PLACEMENT_3D ( 'NONE', #92, #916, #285 ) ;
#733 = B_SPLINE_CURVE_WITH_KNOTS ( 'NONE', 3,
 ( #1040, #891, #254, #879, #1083, #1500, #2497, #415, #619, #867 ),
 .UNSPECIFIED., .F., .F.,
 ( 4, 2, 2, 2, 4 ),
 ( 3.469446951953614189E-18, 0.0005064592986695512326, 0.001012918597339098996, 0.001519377896008646759, 0.002025837194678194522 ),
 .UNSPECIFIED. ) ;
#734 = EDGE_CURVE ( 'NONE', #126, #490, #683, .T. ) ;
#735 = DIRECTION ( 'NONE',  ( -1.000000000000000000, 0.000000000000000000, 0.000000000000000000 ) ) ;
#736 = CARTESIAN_POINT ( 'NONE',  ( 9.000000000000001776, 23.44617346798906610, 25.44486142177823140 ) ) ;
#737 = ORIENTED_EDGE ( 'NONE', *, *, #1145, .F. ) ;
#738 = DIRECTION ( 'NONE',  ( -1.000000000000000000, -0.000000000000000000, -0.000000000000000000 ) ) ;
#739 = DIRECTION ( 'NONE',  ( 0.000000000000000000, 0.000000000000000000, 1.000000000000000000 ) ) ;
#740 = ORIENTED_EDGE ( 'NONE', *, *, #2160, .T. ) ;
#741 = EDGE_LOOP ( 'NONE', ( #708, #2125, #365, #1636 ) ) ;
#742 = CARTESIAN_POINT ( 'NONE',  ( -9.899494936611706208, -23.60000000000015064, -1.747491040759996142E-13 ) ) ;
#743 = DIRECTION ( 'NONE',  ( 0.000000000000000000, 0.000000000000000000, 1.000000000000000000 ) ) ;
#744 = CARTESIAN_POINT ( 'NONE',  ( 9.000000000000001776, 23.59999999999984510, -1.658673198789983619E-13 ) ) ;
#745 = CYLINDRICAL_SURFACE ( 'NONE', #1891, 5.000000000000000888 ) ;
#746 = EDGE_CURVE ( 'NONE', #2537, #1695, #196, .T. ) ;
#747 = CARTESIAN_POINT ( 'NONE',  ( 3.104821195670127043, -5.000000000000170530, -31.32765642383614235 ) ) ;
#748 = VERTEX_POINT ( 'NONE', #479 ) ;
#749 = LINE ( 'NONE', #1176, #2705 ) ;
#750 = B_SPLINE_CURVE_WITH_KNOTS ( 'NONE', 3,
 ( #1070, #1907, #1467, #257 ),
 .UNSPECIFIED., .F., .F.,
 ( 4, 4 ),
 ( 0.000000000000000000, 0.0003400843327647581232 ),
 .UNSPECIFIED. ) ;
#751 = DIRECTION ( 'NONE',  ( 0.000000000000000000, 0.000000000000000000, 1.000000000000000000 ) ) ;
#752 = VERTEX_POINT ( 'NONE', #920 ) ;
#753 = ORIENTED_EDGE ( 'NONE', *, *, #332, .F. ) ;
#754 = DIRECTION ( 'NONE',  ( 0.000000000000000000, -1.000000000000000000, 0.000000000000000000 ) ) ;
#755 = ADVANCED_FACE ( 'NONE', ( #712 ), #2395, .F. ) ;
#756 = DIRECTION ( 'NONE',  ( 0.000000000000000000, 0.000000000000000000, -1.000000000000000000 ) ) ;
#757 = VECTOR ( 'NONE', #2131, 1000.000000000000000 ) ;
#758 = CARTESIAN_POINT ( 'NONE',  ( -5.000000000000000000, 21.74999999999984723, -6.751111019676853786 ) ) ;
#759 = AXIS2_PLACEMENT_3D ( 'NONE', #1962, #111, #1976 ) ;
#760 = CARTESIAN_POINT ( 'NONE',  ( 3.797807232309615255, 23.27572944578289693, 2.479241838313107849 ) ) ;
#761 = ORIENTED_EDGE ( 'NONE', *, *, #2303, .F. ) ;
#762 = FACE_BOUND ( 'NONE', #2332, .T. ) ;
#763 = CIRCLE ( 'NONE', #1631, 2.000000000000000000 ) ;
#764 = DIRECTION ( 'NONE',  ( -1.000000000000000000, 0.000000000000000000, 0.000000000000000000 ) ) ;
#765 = EDGE_LOOP ( 'NONE', ( #2492, #1725, #2599, #583 ) ) ;
#766 = EDGE_LOOP ( 'NONE', ( #2380, #903, #897, #825 ) ) ;
#767 = ORIENTED_EDGE ( 'NONE', *, *, #2363, .T. ) ;
#768 = DIRECTION ( 'NONE',  ( 1.000000000000000000, 0.000000000000000000, 0.000000000000000000 ) ) ;
#769 = ADVANCED_FACE ( 'NONE', ( #2044 ), #372, .T. ) ;
#770 = AXIS2_PLACEMENT_3D ( 'NONE', #2676, #1214, #2691 ) ;
#771 = LINE ( 'NONE', #2635, #1981 ) ;
#772 = CARTESIAN_POINT ( 'NONE',  ( -5.000000000000000000, 4.999999999999849898, -21.75000000000017764 ) ) ;
#773 = AXIS2_PLACEMENT_3D ( 'NONE', #1029, #1867, #2630 ) ;
#774 = CARTESIAN_POINT ( 'NONE',  ( 3.708094511105130664, 23.22432742685334972, 2.472381104087301829 ) ) ;
#775 = ORIENTED_EDGE ( 'NONE', *, *, #1997, .F. ) ;
#776 = FACE_OUTER_BOUND ( 'NONE', #1731, .T. ) ;
#777 = CARTESIAN_POINT ( 'NONE',  ( -5.000000000000000000, -15.00000000000017941, -15.00000000000017053 ) ) ;
#778 = CYLINDRICAL_SURFACE ( 'NONE', #2482, 2.250000000000007105 ) ;
#779 = ORIENTED_EDGE ( 'NONE', *, *, #401, .F. ) ;
#780 = ORIENTED_EDGE ( 'NONE', *, *, #530, .T. ) ;
#781 = ORIENTED_EDGE ( 'NONE', *, *, #2494, .F. ) ;
#782 = DIRECTION ( 'NONE',  ( 0.000000000000000000, 0.000000000000000000, -1.000000000000000000 ) ) ;
#783 = EDGE_CURVE ( 'NONE', #1222, #2645, #970, .T. ) ;
#784 = CARTESIAN_POINT ( 'NONE',  ( -5.000000000000000000, -19.75000000000017053, 6.751111019676514502 ) ) ;
#785 = CARTESIAN_POINT ( 'NONE',  ( 4.500000000000007105, -23.44617346798906610, 4.997633179620899035 ) ) ;
#786 = EDGE_CURVE ( 'NONE', #533, #546, #2196, .T. ) ;
#787 = CARTESIAN_POINT ( 'NONE',  ( 3.000000000000003553, 22.10368694749806195, 2.013743882731861667 ) ) ;
#788 = VERTEX_POINT ( 'NONE', #1776 ) ;
#789 = LINE ( 'NONE', #1771, #1247 ) ;
#790 = DIRECTION ( 'NONE',  ( -1.000000000000000000, 0.000000000000000000, 0.000000000000000000 ) ) ;
#791 = VERTEX_POINT ( 'NONE', #1599 ) ;
#792 = ORIENTED_EDGE ( 'NONE', *, *, #1795, .F. ) ;
#793 = VERTEX_POINT ( 'NONE', #2664 ) ;
#794 = DIRECTION ( 'NONE',  ( 0.000000000000000000, 0.000000000000000000, 1.000000000000000000 ) ) ;
#795 = EDGE_CURVE ( 'NONE', #2063, #561, #1572, .T. ) ;
#796 = APPLICATION_CONTEXT ( 'automotive_design' ) ;
#797 = EDGE_CURVE ( 'NONE', #2575, #2653, #203, .T. ) ;
#798 = DIRECTION ( 'NONE',  ( 0.000000000000000000, -1.000000000000000000, 0.000000000000000000 ) ) ;
#799 = LINE ( 'NONE', #1624, #418 ) ;
#800 = FACE_OUTER_BOUND ( 'NONE', #2632, .T. ) ;
#801 = AXIS2_PLACEMENT_3D ( 'NONE', #1825, #2670, #790 ) ;
#802 = VECTOR ( 'NONE', #2595, 1000.000000000000000 ) ;
#803 = CYLINDRICAL_SURFACE ( 'NONE', #2067, 2.000000000000000000 ) ;
#804 = ORIENTED_EDGE ( 'NONE', *, *, #2235, .F. ) ;
#805 = LINE ( 'NONE', #477, #2163 ) ;
#806 = CARTESIAN_POINT ( 'NONE',  ( 3.000000000000000000, 14.99999999999983658, -17.25000000000017764 ) ) ;
#807 = AXIS2_PLACEMENT_3D ( 'NONE', #127, #534, #2674 ) ;
#808 = AXIS2_PLACEMENT_3D ( 'NONE', #653, #1225, #608 ) ;
#809 = ORIENTED_EDGE ( 'NONE', *, *, #81, .T. ) ;
#810 = ORIENTED_EDGE ( 'NONE', *, *, #1385, .T. ) ;
#811 = ORIENTED_EDGE ( 'NONE', *, *, #138, .F. ) ;
#812 = FACE_OUTER_BOUND ( 'NONE', #1114, .T. ) ;
#813 = DIRECTION ( 'NONE',  ( -1.000000000000000000, -0.000000000000000000, -0.000000000000000000 ) ) ;
#814 = DIRECTION ( 'NONE',  ( 0.000000000000000000, 0.000000000000000000, 1.000000000000000000 ) ) ;
#815 = CIRCLE ( 'NONE', #1241, 2.500000000000012434 ) ;
#816 = AXIS2_PLACEMENT_3D ( 'NONE', #1914, #265, #1296 ) ;
#817 =( NAMED_UNIT ( * ) PLANE_ANGLE_UNIT ( ) SI_UNIT ( $, .RADIAN. ) );
#818 = ADVANCED_FACE ( 'NONE', ( #1992 ), #1829, .T. ) ;
#819 = DIRECTION ( 'NONE',  ( 0.000000000000000000, 0.000000000000000000, -1.000000000000000000 ) ) ;
#820 = AXIS2_PLACEMENT_3D ( 'NONE', #1140, #2602, #1334 ) ;
#821 = EDGE_LOOP ( 'NONE', ( #231, #459, #2480, #1508, #1985, #1179 ) ) ;
#822 = CARTESIAN_POINT ( 'NONE',  ( -5.000000000000000000, 23.59999999999984510, -1.658673198789983619E-13 ) ) ;
#823 = AXIS2_PLACEMENT_3D ( 'NONE', #2084, #827, #221 ) ;
#824 = ORIENTED_EDGE ( 'NONE', *, *, #2192, .T. ) ;
#825 = ORIENTED_EDGE ( 'NONE', *, *, #511, .F. ) ;
#826 = ORIENTED_EDGE ( 'NONE', *, *, #1306, .F. ) ;
#827 = DIRECTION ( 'NONE',  ( 1.000000000000000000, -0.000000000000000000, -0.000000000000000000 ) ) ;
#828 = EDGE_CURVE ( 'NONE', #2662, #1823, #137, .T. ) ;
#829 = LINE ( 'NONE', #2298, #2601 ) ;
#830 = CARTESIAN_POINT ( 'NONE',  ( 3.000000000000000000, 14.99999999999984368, 12.74999999999983125 ) ) ;
#831 = CARTESIAN_POINT ( 'NONE',  ( 3.000000000000000000, 19.74999999999984368, 14.99999999999982947 ) ) ;
#832 = DIRECTION ( 'NONE',  ( 1.000000000000000000, 0.000000000000000000, 0.000000000000000000 ) ) ;
#833 = EDGE_CURVE ( 'NONE', #541, #1175, #102, .T. ) ;
#834 = ADVANCED_FACE ( 'NONE', ( #960 ), #2462, .F. ) ;
#835 = DIRECTION ( 'NONE',  ( -1.000000000000000000, 0.000000000000000000, 0.000000000000000000 ) ) ;
#836 = ORIENTED_EDGE ( 'NONE', *, *, #1880, .T. ) ;
#837 = EDGE_CURVE ( 'NONE', #2189, #490, #1494, .T. ) ;
#838 = CARTESIAN_POINT ( 'NONE',  ( -5.000000000000000000, 7.499999999999869438, 21.74999999999983302 ) ) ;
#839 = ORIENTED_EDGE ( 'NONE', *, *, #1997, .T. ) ;
#840 = ORIENTED_EDGE ( 'NONE', *, *, #681, .T. ) ;
#841 = DIRECTION ( 'NONE',  ( 0.000000000000000000, 0.000000000000000000, 1.000000000000000000 ) ) ;
#842 = DIRECTION ( 'NONE',  ( 0.000000000000000000, 0.000000000000000000, 1.000000000000000000 ) ) ;
#843 = CARTESIAN_POINT ( 'NONE',  ( 3.324486013077226243, -22.88345257209213912, -2.396367914997870940 ) ) ;
#844 = CYLINDRICAL_SURFACE ( 'NONE', #714, 2.250000000000001776 ) ;
#845 = DIRECTION ( 'NONE',  ( 0.000000000000000000, 0.000000000000000000, 1.000000000000000000 ) ) ;
#846 = CARTESIAN_POINT ( 'NONE',  ( -9.899494936611706208, -1.591855728988893469E-13, -38.90000000000018332 ) ) ;
#847 = AXIS2_PLACEMENT_3D ( 'NONE', #1606, #188, #394 ) ;
#848 = ORIENTED_EDGE ( 'NONE', *, *, #783, .T. ) ;
#849 = ORIENTED_EDGE ( 'NONE', *, *, #2591, .F. ) ;
#850 = CARTESIAN_POINT ( 'NONE',  ( -5.000000000000000000, -5.000000000000170530, -21.75000000000017408 ) ) ;
#851 = VECTOR ( 'NONE', #29, 1000.000000000000000 ) ;
#852 = ADVANCED_FACE ( 'NONE', ( #548 ), #2015, .F. ) ;
#853 = DIRECTION ( 'NONE',  ( 1.000000000000000000, 0.000000000000000000, 0.000000000000000000 ) ) ;
#854 = EDGE_CURVE ( 'NONE', #989, #1158, #345, .T. ) ;
#855 = CARTESIAN_POINT ( 'NONE',  ( -5.000000000000000000, -7.500000000000155431, 21.74999999999983302 ) ) ;
#856 = CARTESIAN_POINT ( 'NONE',  ( 4.088614462105815583, -23.39238281073443915, -2.491456783640421335 ) ) ;
#857 = CARTESIAN_POINT ( 'NONE',  ( 18.95445179679157377, -21.75000000000017408, -6.751111019676867997 ) ) ;
#858 = CIRCLE ( 'NONE', #1026, 2.250000000000007105 ) ;
#859 = CARTESIAN_POINT ( 'NONE',  ( -5.000000000000000000, 14.99999999999984368, 14.99999999999982947 ) ) ;
#860 = DIRECTION ( 'NONE',  ( -1.000000000000000000, -0.000000000000000000, -0.000000000000000000 ) ) ;
#861 = EDGE_LOOP ( 'NONE', ( #2406, #873, #2265, #1521 ) ) ;
#862 = ORIENTED_EDGE ( 'NONE', *, *, #2471, .T. ) ;
#863 = CARTESIAN_POINT ( 'NONE',  ( 4.328751216128452484, -23.44617346798906965, -4.997633179621248978 ) ) ;
#864 = AXIS2_PLACEMENT_3D ( 'NONE', #504, #941, #1495 ) ;
#865 = CARTESIAN_POINT ( 'NONE',  ( 18.95445179679157377, 21.74999999999984723, -6.751111019676853786 ) ) ;
#866 = ADVANCED_FACE ( 'NONE', ( #1172 ), #2004, .F. ) ;
#867 = CARTESIAN_POINT ( 'NONE',  ( 3.037293058811660451, -22.27857142857159189, 4.822222156911748492 ) ) ;
#868 = DIRECTION ( 'NONE',  ( 0.000000000000000000, 1.000000000000000000, 0.000000000000000000 ) ) ;
#869 = EDGE_CURVE ( 'NONE', #369, #1696, #1134, .T. ) ;
#870 = DIRECTION ( 'NONE',  ( 0.000000000000000000, 0.000000000000000000, 1.000000000000000000 ) ) ;
#871 = CARTESIAN_POINT ( 'NONE',  ( -5.000000000000000000, -21.75000000000017408, -4.751111019676868885 ) ) ;
#872 = ORIENTED_EDGE ( 'NONE', *, *, #1101, .T. ) ;
#873 = ORIENTED_EDGE ( 'NONE', *, *, #2066, .T. ) ;
#874 = CARTESIAN_POINT ( 'NONE',  ( -5.000000000000000000, -15.00000000000016165, 14.99999999999982947 ) ) ;
#875 = ORIENTED_EDGE ( 'NONE', *, *, #499, .F. ) ;
#876 = CARTESIAN_POINT ( 'NONE',  ( 4.500000000000003553, -23.44617346798906610, 25.44486142177823140 ) ) ;
#877 = CARTESIAN_POINT ( 'NONE',  ( 2.999999999999999112, 21.94617346798906610, -1.874795402708744119 ) ) ;
#878 = EDGE_CURVE ( 'NONE', #316, #2445, #2675, .T. ) ;
#879 = CARTESIAN_POINT ( 'NONE',  ( 3.839427831994028928, -23.30372141278352771, 4.991539885140545252 ) ) ;
#880 = CARTESIAN_POINT ( 'NONE',  ( 9.000000000000001776, -1.591855728988893469E-13, -36.40000000000016911 ) ) ;
#881 = CARTESIAN_POINT ( 'NONE',  ( 3.000000000000000000, -15.00000000000017941, -15.00000000000017053 ) ) ;
#882 = CARTESIAN_POINT ( 'NONE',  ( 9.000000000000001776, -23.60000000000015064, -5.000000000000174083 ) ) ;
#883 = ORIENTED_EDGE ( 'NONE', *, *, #2385, .F. ) ;
#884 = ORIENTED_EDGE ( 'NONE', *, *, #2505, .T. ) ;
#885 = PLANE ( 'NONE',  #2079 ) ;
#886 = CARTESIAN_POINT ( 'NONE',  ( -5.000000000000000000, 5.499999999999870326, 25.80614694161255329 ) ) ;
#887 = VECTOR ( 'NONE', #2490, 1000.000000000000000 ) ;
#888 = ORIENTED_EDGE ( 'NONE', *, *, #2449, .F. ) ;
#889 = DIRECTION ( 'NONE',  ( -1.000000000000000000, -0.000000000000000000, -0.000000000000000000 ) ) ;
#890 = VECTOR ( 'NONE', #579, 1000.000000000000000 ) ;
#891 = CARTESIAN_POINT ( 'NONE',  ( 4.328756437036057392, -23.44617346798906610, 4.997633179620899035 ) ) ;
#892 = CARTESIAN_POINT ( 'NONE',  ( -5.000000000000000000, 23.59999999999984510, -1.658673198789983619E-13 ) ) ;
#893 = AXIS2_PLACEMENT_3D ( 'NONE', #75, #2372, #229 ) ;
#894 = DIRECTION ( 'NONE',  ( 0.000000000000000000, 0.000000000000000000, 1.000000000000000000 ) ) ;
#895 = LINE ( 'NONE', #1504, #1967 ) ;
#896 = VECTOR ( 'NONE', #756, 1000.000000000000000 ) ;
#897 = ORIENTED_EDGE ( 'NONE', *, *, #2590, .F. ) ;
#898 = VERTEX_POINT ( 'NONE', #627 ) ;
#899 = DIRECTION ( 'NONE',  ( 1.000000000000000000, 0.000000000000000000, 0.000000000000000000 ) ) ;
#900 = VECTOR ( 'NONE', #1325, 1000.000000000000000 ) ;
#901 = DIRECTION ( 'NONE',  ( -1.000000000000000000, 0.000000000000000000, -0.000000000000000000 ) ) ;
#902 = VERTEX_POINT ( 'NONE', #1061 ) ;
#903 = ORIENTED_EDGE ( 'NONE', *, *, #99, .T. ) ;
#904 = CARTESIAN_POINT ( 'NONE',  ( 3.000000000000000000, 21.94617346798906610, 14.99999999999982947 ) ) ;
#905 = AXIS2_PLACEMENT_3D ( 'NONE', #880, #2354, #1312 ) ;
#906 = CIRCLE ( 'NONE', #1162, 2.499999999999998668 ) ;
#907 = EDGE_CURVE ( 'NONE', #103, #96, #1048, .T. ) ;
#908 = CARTESIAN_POINT ( 'NONE',  ( -5.000000000000000000, -21.75000000000017408, -6.751111019676867997 ) ) ;
#909 = DIRECTION ( 'NONE',  ( 1.000000000000000000, 0.000000000000000000, 0.000000000000000000 ) ) ;
#910 = DIRECTION ( 'NONE',  ( 1.000000000000000000, 0.000000000000000000, 0.000000000000000000 ) ) ;
#911 = CARTESIAN_POINT ( 'NONE',  ( -5.000000000000000000, 14.99999999999983658, -15.00000000000017053 ) ) ;
#912 = EDGE_CURVE ( 'NONE', #1937, #1392, #607, .T. ) ;
#913 = EDGE_CURVE ( 'NONE', #63, #898, #2301, .T. ) ;
#914 = ORIENTED_EDGE ( 'NONE', *, *, #56, .F. ) ;
#915 = ORIENTED_EDGE ( 'NONE', *, *, #1761, .F. ) ;
#916 = DIRECTION ( 'NONE',  ( -1.000000000000000000, -0.000000000000000000, -0.000000000000000000 ) ) ;
#917 = LINE ( 'NONE', #886, #553 ) ;
#918 = VERTEX_POINT ( 'NONE', #1038 ) ;
#919 = ORIENTED_EDGE ( 'NONE', *, *, #2522, .F. ) ;
#920 = CARTESIAN_POINT ( 'NONE',  ( 3.000000000000000000, 7.499999999999871214, 19.74999999999982947 ) ) ;
#921 = CARTESIAN_POINT ( 'NONE',  ( -5.000000000000000000, -15.00000000000017941, -17.25000000000017053 ) ) ;
#922 = FACE_OUTER_BOUND ( 'NONE', #1567, .T. ) ;
#923 = DIRECTION ( 'NONE',  ( 0.000000000000000000, -1.000000000000000000, -0.000000000000000000 ) ) ;
#924 = ORIENTED_EDGE ( 'NONE', *, *, #1027, .F. ) ;
#925 = ORIENTED_EDGE ( 'NONE', *, *, #2530, .T. ) ;
#926 = CARTESIAN_POINT ( 'NONE',  ( -5.000000000000000000, -22.27857142857159189, 4.822222156911748492 ) ) ;
#927 = CYLINDRICAL_SURFACE ( 'NONE', #512, 5.000000000000011546 ) ;
#928 = EDGE_LOOP ( 'NONE', ( #270, #2362, #1775, #220, #532, #1540 ) ) ;
#929 = EDGE_LOOP ( 'NONE', ( #781, #288 ) ) ;
#930 = CARTESIAN_POINT ( 'NONE',  ( -5.000000000000000000, 21.74999999999984723, 6.751111019676522496 ) ) ;
#931 = AXIS2_PLACEMENT_3D ( 'NONE', #442, #2346, #1271 ) ;
#932 = ADVANCED_FACE ( 'NONE', ( #642 ), #2268, .F. ) ;
#933 = AXIS2_PLACEMENT_3D ( 'NONE', #1587, #2636, #1793 ) ;
#934 = DIRECTION ( 'NONE',  ( -1.000000000000000000, -0.000000000000000000, -0.000000000000000000 ) ) ;
#935 = DIRECTION ( 'NONE',  ( -1.000000000000000000, 0.000000000000000000, 0.000000000000000000 ) ) ;
#936 = DIRECTION ( 'NONE',  ( 0.000000000000000000, 0.000000000000000000, 1.000000000000000000 ) ) ;
#937 = AXIS2_PLACEMENT_3D ( 'NONE', #2062, #1853, #819 ) ;
#938 = CARTESIAN_POINT ( 'NONE',  ( 4.268509732678563928, -5.000000000000170530, -34.01831989990732552 ) ) ;
#939 = ORIENTED_EDGE ( 'NONE', *, *, #2127, .F. ) ;
#940 = DIRECTION ( 'NONE',  ( 1.000000000000000000, 0.000000000000000000, 0.000000000000000000 ) ) ;
#941 = DIRECTION ( 'NONE',  ( -1.000000000000000000, 0.000000000000000000, 0.000000000000000000 ) ) ;
#942 = ORIENTED_EDGE ( 'NONE', *, *, #578, .T. ) ;
#943 = VERTEX_POINT ( 'NONE', #211 ) ;
#944 = CIRCLE ( 'NONE', #2426, 2.250000000000001776 ) ;
#945 = CARTESIAN_POINT ( 'NONE',  ( 18.95445179679157377, -22.27857142857159189, 4.822222156911748492 ) ) ;
#946 = CIRCLE ( 'NONE', #379, 2.500000000000012434 ) ;
#947 = EDGE_CURVE ( 'NONE', #380, #369, #2504, .T. ) ;
#948 = LINE ( 'NONE', #2561, #2025 ) ;
#949 = CIRCLE ( 'NONE', #1600, 2.500000000000002220 ) ;
#950 = CARTESIAN_POINT ( 'NONE',  ( 3.000000000000000000, 19.74999999999984368, 14.99999999999982947 ) ) ;
#951 = CARTESIAN_POINT ( 'NONE',  ( 4.500000000000003553, 21.94617346798906254, 25.44486142177823140 ) ) ;
#952 = ADVANCED_FACE ( 'NONE', ( #812 ), #193, .F. ) ;
#953 = CARTESIAN_POINT ( 'NONE',  ( 4.592412580243284026, -5.000000000000170530, -34.50971982299942908 ) ) ;
#954 = ORIENTED_EDGE ( 'NONE', *, *, #2439, .T. ) ;
#955 = LINE ( 'NONE', #2669, #336 ) ;
#956 = FACE_OUTER_BOUND ( 'NONE', #1159, .T. ) ;
#957 = PRODUCT ( 'final stinger', 'final stinger', '', ( #214 ) ) ;
#958 = ORIENTED_EDGE ( 'NONE', *, *, #2408, .T. ) ;
#959 = VERTEX_POINT ( 'NONE', #436 ) ;
#960 = FACE_OUTER_BOUND ( 'NONE', #2541, .T. ) ;
#961 = LINE ( 'NONE', #577, #1376 ) ;
#962 = CARTESIAN_POINT ( 'NONE',  ( 18.95445179679157377, 23.59999999999984510, -1.658673198789983619E-13 ) ) ;
#963 = CARTESIAN_POINT ( 'NONE',  ( 3.000000000000000444, -5.000000000000170530, -30.75047180867278485 ) ) ;
#964 = ADVANCED_FACE ( 'NONE', ( #2070 ), #1687, .T. ) ;
#965 = VERTEX_POINT ( 'NONE', #1650 ) ;
#966 = FACE_OUTER_BOUND ( 'NONE', #2013, .T. ) ;
#967 = DIRECTION ( 'NONE',  ( -1.000000000000000000, -0.000000000000000000, -0.000000000000000000 ) ) ;
#968 = ORIENTED_EDGE ( 'NONE', *, *, #1342, .T. ) ;
#969 = ORIENTED_EDGE ( 'NONE', *, *, #1355, .F. ) ;
#970 = LINE ( 'NONE', #2633, #2597 ) ;
#971 = CARTESIAN_POINT ( 'NONE',  ( -5.000000000000000000, 22.27857142857126860, 4.822222156911753821 ) ) ;
#972 = AXIS2_PLACEMENT_3D ( 'NONE', #2120, #660, #244 ) ;
#973 = CIRCLE ( 'NONE', #368, 2.000000000000000888 ) ;
#974 = DIRECTION ( 'NONE',  ( 0.000000000000000000, 0.000000000000000000, 1.000000000000000000 ) ) ;
#975 = ORIENTED_EDGE ( 'NONE', *, *, #2281, .T. ) ;
#976 = DIRECTION ( 'NONE',  ( -1.000000000000000000, -0.000000000000000000, -0.000000000000000000 ) ) ;
#977 = CARTESIAN_POINT ( 'NONE',  ( 3.000000000000000000, -19.75000000000016342, 14.99999999999982947 ) ) ;
#978 = DIRECTION ( 'NONE',  ( 0.000000000000000000, 0.000000000000000000, 1.000000000000000000 ) ) ;
#979 = ORIENTED_EDGE ( 'NONE', *, *, #634, .F. ) ;
#980 = ORIENTED_EDGE ( 'NONE', *, *, #1792, .F. ) ;
#981 = ORIENTED_EDGE ( 'NONE', *, *, #795, .F. ) ;
#982 = CARTESIAN_POINT ( 'NONE',  ( 3.000000000000000000, -15.00000000000017941, -19.75000000000017053 ) ) ;
#983 = VECTOR ( 'NONE', #467, 1000.000000000000000 ) ;
#984 = EDGE_CURVE ( 'NONE', #2256, #541, #424, .T. ) ;
#985 = CARTESIAN_POINT ( 'NONE',  ( 18.95445179679157377, -22.27857142857159900, -4.822222156912099322 ) ) ;
#986 = LINE ( 'NONE', #831, #115 ) ;
#987 = AXIS2_PLACEMENT_3D ( 'NONE', #2220, #1798, #162 ) ;
#988 = DIRECTION ( 'NONE',  ( 0.000000000000000000, 0.000000000000000000, -1.000000000000000000 ) ) ;
#989 = VERTEX_POINT ( 'NONE', #233 ) ;
#990 = CARTESIAN_POINT ( 'NONE',  ( -5.000000000000000000, 14.99999999999983835, -19.75000000000017764 ) ) ;
#991 = CARTESIAN_POINT ( 'NONE',  ( 4.500000000000007105, 23.44617346798906610, 4.997633179620917687 ) ) ;
#992 = EDGE_CURVE ( 'NONE', #2575, #2063, #2318, .T. ) ;
#993 = EDGE_CURVE ( 'NONE', #315, #1943, #1512, .T. ) ;
#994 = ORIENTED_EDGE ( 'NONE', *, *, #138, .T. ) ;
#995 = EDGE_LOOP ( 'NONE', ( #385, #2193, #2389, #969 ) ) ;
#996 = VERTEX_POINT ( 'NONE', #2493 ) ;
#997 = CARTESIAN_POINT ( 'NONE',  ( 3.136113827474388938, 22.59302841058062938, -4.899724787351141586 ) ) ;
#998 = FACE_OUTER_BOUND ( 'NONE', #2639, .T. ) ;
#999 = CARTESIAN_POINT ( 'NONE',  ( 0.000000000000000000, -13.00000000000017941, -11.00000000000017053 ) ) ;
#1000 = CARTESIAN_POINT ( 'NONE',  ( -9.899494936611706208, -23.60000000000015064, -1.747491040759996142E-13 ) ) ;
#1001 = DIRECTION ( 'NONE',  ( 1.000000000000000000, 0.000000000000000000, 0.000000000000000000 ) ) ;
#1002 = ORIENTED_EDGE ( 'NONE', *, *, #833, .F. ) ;
#1003 = LINE ( 'NONE', #1416, #1864 ) ;
#1004 = CARTESIAN_POINT ( 'NONE',  ( 9.000000000000001776, -23.44617346798906610, 2.495262991760299975 ) ) ;
#1005 = ORIENTED_EDGE ( 'NONE', *, *, #1213, .T. ) ;
#1006 = ORIENTED_EDGE ( 'NONE', *, *, #2319, .F. ) ;
#1007 = EDGE_LOOP ( 'NONE', ( #2644, #506, #232, #192 ) ) ;
#1008 = CARTESIAN_POINT ( 'NONE',  ( -5.000000000000000000, 7.499999999999871214, 19.74999999999982947 ) ) ;
#1009 = CYLINDRICAL_SURFACE ( 'NONE', #287, 5.000000000000000888 ) ;
#1010 = CARTESIAN_POINT ( 'NONE',  ( 2.999999999999999112, -1.424592674084697713E-13, 23.30614694161254263 ) ) ;
#1011 = EDGE_CURVE ( 'NONE', #486, #1047, #2527, .T. ) ;
#1012 = DIRECTION ( 'NONE',  ( 0.000000000000000000, -0.000000000000000000, 1.000000000000000000 ) ) ;
#1013 = AXIS2_PLACEMENT_3D ( 'NONE', #777, #2443, #2264 ) ;
#1014 = CIRCLE ( 'NONE', #237, 5.000000000000011546 ) ;
#1015 = CARTESIAN_POINT ( 'NONE',  ( 18.95445179679157377, -1.427654291082565965E-13, 25.80614694161255329 ) ) ;
#1016 = VERTEX_POINT ( 'NONE', #1262 ) ;
#1017 = DIRECTION ( 'NONE',  ( 0.000000000000000000, 0.000000000000000000, 1.000000000000000000 ) ) ;
#1018 = VECTOR ( 'NONE', #2706, 1000.000000000000000 ) ;
#1019 = ORIENTED_EDGE ( 'NONE', *, *, #1224, .F. ) ;
#1020 = ORIENTED_EDGE ( 'NONE', *, *, #2008, .F. ) ;
#1021 = VERTEX_POINT ( 'NONE', #850 ) ;
#1022 = CARTESIAN_POINT ( 'NONE',  ( 18.95445179679157377, 23.44617346798906610, -4.997633179621248978 ) ) ;
#1023 = CIRCLE ( 'NONE', #1588, 2.500000000000015987 ) ;
#1024 = CARTESIAN_POINT ( 'NONE',  ( -5.000000000000000000, -15.00000000000016165, 12.74999999999982769 ) ) ;
#1025 = ADVANCED_FACE ( 'NONE', ( #1672, #1470, #1275, #2107, #1709, #2553, #1554, #1099, #79, #487 ), #706, .T. ) ;
#1026 = AXIS2_PLACEMENT_3D ( 'NONE', #2578, #1352, #743 ) ;
#1027 = EDGE_CURVE ( 'NONE', #1220, #352, #723, .T. ) ;
#1028 = AXIS2_PLACEMENT_3D ( 'NONE', #1902, #2287, #215 ) ;
#1029 = CARTESIAN_POINT ( 'NONE',  ( 18.95445179679157377, -23.60000000000015064, -1.747491040759996142E-13 ) ) ;
#1030 = CARTESIAN_POINT ( 'NONE',  ( 3.000000000000000000, -15.00000000000017941, -15.00000000000017053 ) ) ;
#1031 = VECTOR ( 'NONE', #2379, 1000.000000000000000 ) ;
#1032 = ORIENTED_EDGE ( 'NONE', *, *, #1595, .F. ) ;
#1033 = CARTESIAN_POINT ( 'NONE',  ( 18.95445179679157377, 23.59999999999984510, 4.999999999999835687 ) ) ;
#1034 = ADVANCED_FACE ( 'NONE', ( #663 ), #1317, .T. ) ;
#1035 = VECTOR ( 'NONE', #1252, 1000.000000000000000 ) ;
#1036 = EDGE_LOOP ( 'NONE', ( #1797, #1178, #2153, #2538 ) ) ;
#1037 = VERTEX_POINT ( 'NONE', #926 ) ;
#1038 = CARTESIAN_POINT ( 'NONE',  ( 3.000000000000000000, -13.00000000000017941, 10.99999999999982947 ) ) ;
#1039 = DIRECTION ( 'NONE',  ( -1.000000000000000000, -0.000000000000000000, -0.000000000000000000 ) ) ;
#1040 = CARTESIAN_POINT ( 'NONE',  ( 4.500000000000007105, -23.44617346798906610, 4.997633179620899035 ) ) ;
#1041 = DIRECTION ( 'NONE',  ( -1.000000000000000000, -0.000000000000000000, -0.000000000000000000 ) ) ;
#1042 = CARTESIAN_POINT ( 'NONE',  ( 3.037293058811664004, -22.27857142857159900, -4.822222156912099322 ) ) ;
#1043 = CARTESIAN_POINT ( 'NONE',  ( 18.95445179679157377, -23.60000000000015064, 4.999999999999826805 ) ) ;
#1044 = ADVANCED_FACE ( 'NONE', ( #503 ), #1510, .F. ) ;
#1045 = ADVANCED_FACE ( 'NONE', ( #1075 ), #1535, .F. ) ;
#1046 = VERTEX_POINT ( 'NONE', #476 ) ;
#1047 = VERTEX_POINT ( 'NONE', #1932 ) ;
#1048 = LINE ( 'NONE', #2516, #2658 ) ;
#1049 = B_SPLINE_CURVE_WITH_KNOTS ( 'NONE', 3,
 ( #1386, #2204, #1137, #953, #938, #1751, #1968, #2218, #2440, #747, #963, #1782 ),
 .UNSPECIFIED., .F., .F.,
 ( 4, 2, 2, 2, 2, 4 ),
 ( -1.414213562373819327E-05, 0.001753445866683692438, 0.003521033868991122785, 0.004404827870144829502, 0.005288621871298535351, 0.007056209873605947050 ),
 .UNSPECIFIED. ) ;
#1050 = LINE ( 'NONE', #213, #1370 ) ;
#1051 = CARTESIAN_POINT ( 'NONE',  ( 4.394777338362078289, 23.44617346798905899, -2.495262991760662352 ) ) ;
#1052 = CARTESIAN_POINT ( 'NONE',  ( -4.999999999999997335, 10.99999999999984190, 12.99999999999982947 ) ) ;
#1053 = DIRECTION ( 'NONE',  ( 0.000000000000000000, 0.000000000000000000, 1.000000000000000000 ) ) ;
#1054 = CYLINDRICAL_SURFACE ( 'NONE', #500, 2.000000000000000000 ) ;
#1055 = DIRECTION ( 'NONE',  ( -1.000000000000000000, 0.000000000000000000, 0.000000000000000000 ) ) ;
#1056 = AXIS2_PLACEMENT_3D ( 'NONE', #2476, #601, #2712 ) ;
#1057 = CIRCLE ( 'NONE', #449, 4.750000000000000888 ) ;
#1058 = ADVANCED_FACE ( 'NONE', ( #461 ), #885, .F. ) ;
#1059 = ORIENTED_EDGE ( 'NONE', *, *, #1263, .T. ) ;
#1060 = ORIENTED_EDGE ( 'NONE', *, *, #2114, .F. ) ;
#1061 = CARTESIAN_POINT ( 'NONE',  ( 3.000000000000000000, 14.99999999999984368, 19.74999999999982947 ) ) ;
#1062 = VECTOR ( 'NONE', #1144, 1000.000000000000000 ) ;
#1063 = CARTESIAN_POINT ( 'NONE',  ( 3.000000000000000000, 14.99999999999984368, 19.74999999999982947 ) ) ;
#1064 = LINE ( 'NONE', #1900, #2159 ) ;
#1065 = EDGE_CURVE ( 'NONE', #943, #902, #1291, .T. ) ;
#1066 = DIRECTION ( 'NONE',  ( 1.000000000000000000, 0.000000000000000000, -0.000000000000000000 ) ) ;
#1067 = FACE_OUTER_BOUND ( 'NONE', #1637, .T. ) ;
#1068 = AXIS2_PLACEMENT_3D ( 'NONE', #184, #1012, #1066 ) ;
#1069 = DIRECTION ( 'NONE',  ( 0.000000000000000000, 0.000000000000000000, -1.000000000000000000 ) ) ;
#1070 = CARTESIAN_POINT ( 'NONE',  ( 3.037293058811660451, -22.27857142857159189, 4.822222156911748492 ) ) ;
#1071 = CIRCLE ( 'NONE', #1425, 5.000000000000011546 ) ;
#1072 = UNCERTAINTY_MEASURE_WITH_UNIT (LENGTH_MEASURE( 1.000000000000000082E-05 ), #200, 'distance_accuracy_value', 'NONE');
#1073 = ORIENTED_EDGE ( 'NONE', *, *, #1765, .F. ) ;
#1074 = ORIENTED_EDGE ( 'NONE', *, *, #1188, .F. ) ;
#1075 = FACE_OUTER_BOUND ( 'NONE', #1418, .T. ) ;
#1076 = EDGE_CURVE ( 'NONE', #2445, #316, #906, .T. ) ;
#1077 = EDGE_CURVE ( 'NONE', #1287, #793, #1559, .T. ) ;
#1078 = AXIS2_PLACEMENT_3D ( 'NONE', #1727, #1493, #2333 ) ;
#1079 = ORIENTED_EDGE ( 'NONE', *, *, #1679, .T. ) ;
#1080 = LINE ( 'NONE', #876, #2549 ) ;
#1081 = CARTESIAN_POINT ( 'NONE',  ( 4.088493587094889747, 23.39234808931719201, -2.491453958007324498 ) ) ;
#1082 = ADVANCED_FACE ( 'NONE', ( #518 ), #1958, .F. ) ;
#1083 = CARTESIAN_POINT ( 'NONE',  ( 3.691831535347779969, -23.22133413870466256, 4.986803155004113641 ) ) ;
#1084 = FACE_OUTER_BOUND ( 'NONE', #1036, .T. ) ;
#1085 = CARTESIAN_POINT ( 'NONE',  ( 3.841078976052989979, 23.30444265491152578, 4.991578788276330059 ) ) ;
#1086 = CARTESIAN_POINT ( 'NONE',  ( 3.000000000000000000, -5.500000000000156319, 21.74999999999983302 ) ) ;
#1087 = ORIENTED_EDGE ( 'NONE', *, *, #1292, .T. ) ;
#1088 = EDGE_LOOP ( 'NONE', ( #924, #2069, #2478, #1858, #2026 ) ) ;
#1089 = DIRECTION ( 'NONE',  ( 0.000000000000000000, -0.000000000000000000, 1.000000000000000000 ) ) ;
#1090 = LINE ( 'NONE', #2573, #2117 ) ;
#1091 = ORIENTED_EDGE ( 'NONE', *, *, #565, .F. ) ;
#1092 = DIRECTION ( 'NONE',  ( 0.000000000000000000, 0.000000000000000000, 1.000000000000000000 ) ) ;
#1093 = CARTESIAN_POINT ( 'NONE',  ( -5.000000000000000000, -1.427654291082565965E-13, 31.30614694161256395 ) ) ;
#1094 = CARTESIAN_POINT ( 'NONE',  ( -5.000000000000000000, -1.427654291082565965E-13, 28.30614694161256750 ) ) ;
#1095 = CARTESIAN_POINT ( 'NONE',  ( 3.000000000000000000, 14.99999999999984368, 14.99999999999982947 ) ) ;
#1096 = CARTESIAN_POINT ( 'NONE',  ( -5.000000000000000000, 7.499999999999871214, 19.74999999999982947 ) ) ;
#1097 = ORIENTED_EDGE ( 'NONE', *, *, #202, .T. ) ;
#1098 = ORIENTED_EDGE ( 'NONE', *, *, #1327, .F. ) ;
#1099 = FACE_BOUND ( 'NONE', #2404, .T. ) ;
#1100 = CARTESIAN_POINT ( 'NONE',  ( 2.999999999999999112, 21.74999999999984723, -6.751111019676853786 ) ) ;
#1101 = EDGE_CURVE ( 'NONE', #2133, #422, #1945, .T. ) ;
#1102 = AXIS2_PLACEMENT_3D ( 'NONE', #9, #1665, #44 ) ;
#1103 = VERTEX_POINT ( 'NONE', #1910 ) ;
#1104 = VERTEX_POINT ( 'NONE', #1289 ) ;
#1105 = CARTESIAN_POINT ( 'NONE',  ( 9.000000000000001776, -1.591855728988893469E-13, -36.40000000000016911 ) ) ;
#1106 = VECTOR ( 'NONE', #1132, 1000.000000000000000 ) ;
#1107 = LINE ( 'NONE', #1545, #2609 ) ;
#1108 = ADVANCED_FACE ( 'NONE', ( #1753 ), #2600, .T. ) ;
#1109 = CARTESIAN_POINT ( 'NONE',  ( 3.000000000000000000, -7.500000000000155431, 19.74999999999982947 ) ) ;
#1110 = ADVANCED_FACE ( 'NONE', ( #1921 ), #2585, .F. ) ;
#1111 = DIRECTION ( 'NONE',  ( -1.000000000000000000, 0.000000000000000000, 0.000000000000000000 ) ) ;
#1112 = PLANE ( 'NONE',  #1972 ) ;
#1113 = VECTOR ( 'NONE', #2340, 1000.000000000000000 ) ;
#1114 = EDGE_LOOP ( 'NONE', ( #1211, #1142, #191, #531 ) ) ;
#1115 = ORIENTED_EDGE ( 'NONE', *, *, #223, .T. ) ;
#1116 = CARTESIAN_POINT ( 'NONE',  ( -5.000000000000000000, -23.60000000000015064, -1.747491040759996142E-13 ) ) ;
#1117 = DIRECTION ( 'NONE',  ( -1.000000000000000000, 0.000000000000000000, 0.000000000000000000 ) ) ;
#1118 = ORIENTED_EDGE ( 'NONE', *, *, #1977, .T. ) ;
#1119 = VERTEX_POINT ( 'NONE', #1617 ) ;
#1120 = DIRECTION ( 'NONE',  ( 1.000000000000000000, -0.000000000000000000, -0.000000000000000000 ) ) ;
#1121 = AXIS2_PLACEMENT_3D ( 'NONE', #2140, #1719, #1297 ) ;
#1122 = LINE ( 'NONE', #1560, #1768 ) ;
#1123 = FACE_OUTER_BOUND ( 'NONE', #1533, .T. ) ;
#1124 = LINE ( 'NONE', #525, #1755 ) ;
#1125 = ORIENTED_EDGE ( 'NONE', *, *, #629, .F. ) ;
#1126 = VERTEX_POINT ( 'NONE', #1970 ) ;
#1127 = DIRECTION ( 'NONE',  ( -1.000000000000000000, 0.000000000000000000, 0.000000000000000000 ) ) ;
#1128 = DIRECTION ( 'NONE',  ( -1.000000000000000000, 0.000000000000000000, 0.000000000000000000 ) ) ;
#1129 = ADVANCED_FACE ( 'NONE', ( #1568 ), #2206, .F. ) ;
#1130 = VERTEX_POINT ( 'NONE', #990 ) ;
#1131 = ORIENTED_EDGE ( 'NONE', *, *, #700, .F. ) ;
#1132 = DIRECTION ( 'NONE',  ( -1.000000000000000000, 0.000000000000000000, 0.000000000000000000 ) ) ;
#1133 = CARTESIAN_POINT ( 'NONE',  ( 18.95445179679157377, -1.591855728988893469E-13, -36.40000000000016911 ) ) ;
#1134 = CIRCLE ( 'NONE', #2227, 2.000000000000001776 ) ;
#1135 = DIRECTION ( 'NONE',  ( 0.000000000000000000, 0.000000000000000000, 1.000000000000000000 ) ) ;
#1136 = DIRECTION ( 'NONE',  ( 0.000000000000000000, 0.000000000000000000, 1.000000000000000000 ) ) ;
#1137 = CARTESIAN_POINT ( 'NONE',  ( 5.278250711237491899, -5.000000000000169642, -35.46830623391030457 ) ) ;
#1138 = ORIENTED_EDGE ( 'NONE', *, *, #2253, .F. ) ;
#1139 = FACE_BOUND ( 'NONE', #1841, .T. ) ;
#1140 = CARTESIAN_POINT ( 'NONE',  ( 2.999999999999999112, 7.499999999999869438, 21.74999999999983302 ) ) ;
#1141 = EDGE_CURVE ( 'NONE', #2167, #2132, #2212, .T. ) ;
#1142 = ORIENTED_EDGE ( 'NONE', *, *, #828, .T. ) ;
#1143 = ORIENTED_EDGE ( 'NONE', *, *, #2282, .T. ) ;
#1144 = DIRECTION ( 'NONE',  ( -1.000000000000000000, -0.000000000000000000, -0.000000000000000000 ) ) ;
#1145 = EDGE_CURVE ( 'NONE', #1786, #312, #749, .T. ) ;
#1146 = AXIS2_PLACEMENT_3D ( 'NONE', #2611, #1749, #1575 ) ;
#1147 = CARTESIAN_POINT ( 'NONE',  ( -5.000000000000000000, -1.424592674084697713E-13, 23.30614694161254263 ) ) ;
#1148 = EDGE_CURVE ( 'NONE', #1695, #2256, #602, .T. ) ;
#1149 = VECTOR ( 'NONE', #1863, 1000.000000000000000 ) ;
#1150 = DIRECTION ( 'NONE',  ( -1.000000000000000000, 0.000000000000000000, 0.000000000000000000 ) ) ;
#1151 = CARTESIAN_POINT ( 'NONE',  ( -5.000000000000000000, 12.99999999999984190, 14.99999999999982947 ) ) ;
#1152 = ORIENTED_EDGE ( 'NONE', *, *, #116, .F. ) ;
#1153 = ORIENTED_EDGE ( 'NONE', *, *, #2327, .F. ) ;
#1154 = PLANE ( 'NONE',  #466 ) ;
#1155 = DIRECTION ( 'NONE',  ( 0.000000000000000000, 0.000000000000000000, 1.000000000000000000 ) ) ;
#1156 =( GEOMETRIC_REPRESENTATION_CONTEXT ( 3 ) GLOBAL_UNCERTAINTY_ASSIGNED_CONTEXT ( ( #2582 ) ) GLOBAL_UNIT_ASSIGNED_CONTEXT ( ( #30, #198, #1254 ) ) REPRESENTATION_CONTEXT ( 'NONE', 'WORKASPACE' ) );
#1157 = ORIENTED_EDGE ( 'NONE', *, *, #907, .T. ) ;
#1158 = VERTEX_POINT ( 'NONE', #2010 ) ;
#1159 = EDGE_LOOP ( 'NONE', ( #2052, #836, #696, #1361 ) ) ;
#1160 = CARTESIAN_POINT ( 'NONE',  ( 3.425847180240213508, 23.00700650065739339, -4.965878799468488758 ) ) ;
#1161 = CARTESIAN_POINT ( 'NONE',  ( 3.000000000000000000, 6.999999999999853451, -19.75000000000017408 ) ) ;
#1162 = AXIS2_PLACEMENT_3D ( 'NONE', #1116, #1522, #2147 ) ;
#1163 = ADVANCED_FACE ( 'NONE', ( #776 ), #528, .F. ) ;
#1164 = DIRECTION ( 'NONE',  ( -1.000000000000000000, 0.000000000000000000, 0.000000000000000000 ) ) ;
#1165 = LINE ( 'NONE', #736, #2151 ) ;
#1166 = EDGE_LOOP ( 'NONE', ( #2137, #2604, #1273, #384, #2574, #1153, #122, #1251 ) ) ;
#1167 = FACE_BOUND ( 'NONE', #1429, .T. ) ;
#1168 = DIRECTION ( 'NONE',  ( 0.000000000000000000, -5.782411586589357639E-16, -1.000000000000000000 ) ) ;
#1169 = EDGE_LOOP ( 'NONE', ( #2224, #2686 ) ) ;
#1170 = VERTEX_POINT ( 'NONE', #2429 ) ;
#1171 = EDGE_LOOP ( 'NONE', ( #1609, #1991, #600, #1221 ) ) ;
#1172 = FACE_OUTER_BOUND ( 'NONE', #174, .T. ) ;
#1173 = CARTESIAN_POINT ( 'NONE',  ( 5.820386271448314552, 4.999999999999852562, -36.16811928705326551 ) ) ;
#1174 = CARTESIAN_POINT ( 'NONE',  ( 4.500000000000003553, 23.44617346798906610, -2.495262991760662796 ) ) ;
#1175 = VERTEX_POINT ( 'NONE', #1811 ) ;
#1176 = CARTESIAN_POINT ( 'NONE',  ( 3.000000000000000000, 14.99999999999983658, -17.25000000000017764 ) ) ;
#1177 = CARTESIAN_POINT ( 'NONE',  ( -5.000000000000000000, -1.427654291082565965E-13, 25.80614694161255329 ) ) ;
#1178 = ORIENTED_EDGE ( 'NONE', *, *, #1544, .T. ) ;
#1179 = ORIENTED_EDGE ( 'NONE', *, *, #1342, .F. ) ;
#1180 = EDGE_LOOP ( 'NONE', ( #919, #2668, #2427, #527 ) ) ;
#1181 = CARTESIAN_POINT ( 'NONE',  ( 3.000000000000000000, 14.99999999999984368, 12.74999999999983125 ) ) ;
#1182 = EDGE_CURVE ( 'NONE', #561, #1158, #949, .T. ) ;
#1183 = AXIS2_PLACEMENT_3D ( 'NONE', #420, #148, #383 ) ;
#1184 = DIRECTION ( 'NONE',  ( 0.000000000000000000, 0.000000000000000000, -1.000000000000000000 ) ) ;
#1185 = AXIS2_PLACEMENT_3D ( 'NONE', #570, #2251, #613 ) ;
#1186 = ADVANCED_FACE ( 'NONE', ( #2456 ), #313, .F. ) ;
#1187 = DIRECTION ( 'NONE',  ( 1.000000000000000000, 0.000000000000000000, 0.000000000000000000 ) ) ;
#1188 = EDGE_CURVE ( 'NONE', #2414, #1576, #789, .T. ) ;
#1189 = CIRCLE ( 'NONE', #2286, 5.000000000000000000 ) ;
#1190 = ORIENTED_EDGE ( 'NONE', *, *, #54, .F. ) ;
#1191 = ORIENTED_EDGE ( 'NONE', *, *, #2550, .T. ) ;
#1192 = DIRECTION ( 'NONE',  ( 0.000000000000000000, 0.000000000000000000, -1.000000000000000000 ) ) ;
#1193 = CARTESIAN_POINT ( 'NONE',  ( -5.000000000000000000, 21.74999999999984723, -4.751111019676852898 ) ) ;
#1194 = ADVANCED_FACE ( 'NONE', ( #326 ), #1154, .T. ) ;
#1195 = EDGE_LOOP ( 'NONE', ( #1443, #1788, #1191, #767 ) ) ;
#1196 = ORIENTED_EDGE ( 'NONE', *, *, #1077, .F. ) ;
#1197 = ORIENTED_EDGE ( 'NONE', *, *, #913, .T. ) ;
#1198 = DIRECTION ( 'NONE',  ( 0.000000000000000000, -2.138388353464189260E-16, 1.000000000000000000 ) ) ;
#1199 = PRODUCT_DEFINITION_FORMATION_WITH_SPECIFIED_SOURCE ( 'ANY', '', #957, .NOT_KNOWN. ) ;
#1200 = DIRECTION ( 'NONE',  ( 0.000000000000000000, 0.000000000000000000, -1.000000000000000000 ) ) ;
#1201 = DIRECTION ( 'NONE',  ( -1.000000000000000000, -0.000000000000000000, 0.000000000000000000 ) ) ;
#1202 = VECTOR ( 'NONE', #832, 1000.000000000000000 ) ;
#1203 = CARTESIAN_POINT ( 'NONE',  ( 6.000000000000001776, -1.591855728988893469E-13, -36.40000000000016911 ) ) ;
#1204 = CIRCLE ( 'NONE', #1642, 1.999999999999999112 ) ;
#1205 = LINE ( 'NONE', #392, #1546 ) ;
#1206 = EDGE_LOOP ( 'NONE', ( #2417, #975, #526, #691 ) ) ;
#1207 = DIRECTION ( 'NONE',  ( 0.000000000000000000, 1.432200615920705022E-16, 1.000000000000000000 ) ) ;
#1208 = CARTESIAN_POINT ( 'NONE',  ( 12.89949493661169910, -1.424592674084697713E-13, 23.30614694161254263 ) ) ;
#1209 = ORIENTED_EDGE ( 'NONE', *, *, #1730, .F. ) ;
#1210 = ORIENTED_EDGE ( 'NONE', *, *, #1, .T. ) ;
#1211 = ORIENTED_EDGE ( 'NONE', *, *, #181, .T. ) ;
#1212 = CARTESIAN_POINT ( 'NONE',  ( 3.037293058811591173, 22.27857142857127215, -4.822222156912086888 ) ) ;
#1213 = EDGE_CURVE ( 'NONE', #1802, #1170, #955, .T. ) ;
#1214 = DIRECTION ( 'NONE',  ( 1.000000000000000000, 0.000000000000000000, 0.000000000000000000 ) ) ;
#1215 = CYLINDRICAL_SURFACE ( 'NONE', #637, 2.000000000000000000 ) ;
#1216 = FACE_OUTER_BOUND ( 'NONE', #2255, .T. ) ;
#1217 = CARTESIAN_POINT ( 'NONE',  ( 6.000000000000000888, -5.000000000000170530, -36.40000000000016911 ) ) ;
#1218 = ORIENTED_EDGE ( 'NONE', *, *, #586, .F. ) ;
#1219 = LINE ( 'NONE', #1208, #624 ) ;
#1220 = VERTEX_POINT ( 'NONE', #1605 ) ;
#1221 = ORIENTED_EDGE ( 'NONE', *, *, #510, .F. ) ;
#1222 = VERTEX_POINT ( 'NONE', #353 ) ;
#1223 = DIRECTION ( 'NONE',  ( 0.000000000000000000, 1.000000000000000000, 0.000000000000000000 ) ) ;
#1224 = EDGE_CURVE ( 'NONE', #1648, #315, #2654, .T. ) ;
#1225 = DIRECTION ( 'NONE',  ( -1.000000000000000000, 0.000000000000000000, 0.000000000000000000 ) ) ;
#1226 = DIRECTION ( 'NONE',  ( -1.000000000000000000, 0.000000000000000000, 0.000000000000000000 ) ) ;
#1227 = DIRECTION ( 'NONE',  ( 0.000000000000000000, 0.000000000000000000, -1.000000000000000000 ) ) ;
#1228 = ADVANCED_FACE ( 'NONE', ( #2415, #123, #762, #542, #1139, #569, #1167 ), #132, .T. ) ;
#1229 = FACE_OUTER_BOUND ( 'NONE', #995, .T. ) ;
#1230 = DIRECTION ( 'NONE',  ( 0.000000000000000000, 0.000000000000000000, -1.000000000000000000 ) ) ;
#1231 = EDGE_LOOP ( 'NONE', ( #187, #1598, #1590, #2433 ) ) ;
#1232 = DIRECTION ( 'NONE',  ( -1.000000000000000000, 0.000000000000000000, 0.000000000000000000 ) ) ;
#1233 = AXIS2_PLACEMENT_3D ( 'NONE', #1688, #400, #1887 ) ;
#1234 = CIRCLE ( 'NONE', #451, 2.250000000000001776 ) ;
#1235 = AXIS2_PLACEMENT_3D ( 'NONE', #1769, #2176, #2615 ) ;
#1236 = ORIENTED_EDGE ( 'NONE', *, *, #2077, .T. ) ;
#1237 = ORIENTED_EDGE ( 'NONE', *, *, #1845, .T. ) ;
#1238 = CARTESIAN_POINT ( 'NONE',  ( 3.000000000000000000, -19.75000000000016342, 14.99999999999982947 ) ) ;
#1239 = AXIS2_PLACEMENT_3D ( 'NONE', #256, #35, #870 ) ;
#1240 = DIRECTION ( 'NONE',  ( 0.000000000000000000, 0.000000000000000000, -1.000000000000000000 ) ) ;
#1241 = AXIS2_PLACEMENT_3D ( 'NONE', #686, #2228, #2058 ) ;
#1242 = FACE_OUTER_BOUND ( 'NONE', #1195, .T. ) ;
#1243 = ADVANCED_FACE ( 'NONE', ( #966 ), #2640, .F. ) ;
#1244 = DIRECTION ( 'NONE',  ( -0.000000000000000000, -0.000000000000000000, 1.000000000000000000 ) ) ;
#1245 = ADVANCED_FACE ( 'NONE', ( #2250 ), #2037, .F. ) ;
#1246 = DIRECTION ( 'NONE',  ( -1.000000000000000000, -0.000000000000000000, -0.000000000000000000 ) ) ;
#1247 = VECTOR ( 'NONE', #976, 1000.000000000000000 ) ;
#1248 = LINE ( 'NONE', #1402, #2236 ) ;
#1249 = B_SPLINE_CURVE_WITH_KNOTS ( 'NONE', 3,
 ( #1584, #2423, #2271, #349, #2213, #1848, #2452, #2692, #563, #376, #359, #2244, #1173, #2005 ),
 .UNSPECIFIED., .F., .F.,
 ( 4, 2, 2, 2, 2, 2, 4 ),
 ( 3.496446946337351263E-18, 0.001759849776190041239, 0.002639774664285060232, 0.003519699552380079009, 0.005279549328570116995, 0.006159474216665135338, 0.007039399104760154548 ),
 .UNSPECIFIED. ) ;
#1250 = VERTEX_POINT ( 'NONE', #2475 ) ;
#1251 = ORIENTED_EDGE ( 'NONE', *, *, #2356, .F. ) ;
#1252 = DIRECTION ( 'NONE',  ( 0.000000000000000000, -5.782411586589357639E-16, -1.000000000000000000 ) ) ;
#1253 = LINE ( 'NONE', #2320, #1018 ) ;
#1254 =( NAMED_UNIT ( * ) SI_UNIT ( $, .STERADIAN. ) SOLID_ANGLE_UNIT ( ) );
#1255 = CARTESIAN_POINT ( 'NONE',  ( 3.012801631113311451, 22.17079765874690978, -4.792689021759375834 ) ) ;
#1256 = CARTESIAN_POINT ( 'NONE',  ( 3.000000000000000000, 12.99999999999984368, 10.99999999999982947 ) ) ;
#1257 = EDGE_CURVE ( 'NONE', #2447, #1557, #1003, .T. ) ;
#1258 = DIRECTION ( 'NONE',  ( 0.000000000000000000, -1.000000000000000000, 4.336808689942011820E-16 ) ) ;
#1259 = DIRECTION ( 'NONE',  ( -1.000000000000000000, 0.000000000000000000, 0.000000000000000000 ) ) ;
#1260 = ORIENTED_EDGE ( 'NONE', *, *, #2657, .T. ) ;
#1261 = ORIENTED_EDGE ( 'NONE', *, *, #54, .T. ) ;
#1262 = CARTESIAN_POINT ( 'NONE',  ( -5.000000000000000000, -1.585732494993156712E-13, -41.40000000000017621 ) ) ;
#1263 = EDGE_CURVE ( 'NONE', #46, #2575, #805, .T. ) ;
#1264 = DIRECTION ( 'NONE',  ( 0.000000000000000000, 0.000000000000000000, 1.000000000000000000 ) ) ;
#1265 = CARTESIAN_POINT ( 'NONE',  ( -5.000000000000000000, -5.500000000000156319, 25.80614694161255329 ) ) ;
#1266 = CARTESIAN_POINT ( 'NONE',  ( -5.000000000000000000, -7.000000000000171418, -21.75000000000017408 ) ) ;
#1267 = DIRECTION ( 'NONE',  ( 0.000000000000000000, 0.000000000000000000, 1.000000000000000000 ) ) ;
#1268 = EDGE_CURVE ( 'NONE', #1629, #95, #1946, .T. ) ;
#1269 = EDGE_CURVE ( 'NONE', #2526, #2393, #1090, .T. ) ;
#1270 = CARTESIAN_POINT ( 'NONE',  ( 2.999999999999999112, 21.94617346798906254, 4.760755280001554901 ) ) ;
#1271 = DIRECTION ( 'NONE',  ( 0.000000000000000000, 0.000000000000000000, 1.000000000000000000 ) ) ;
#1272 = AXIS2_PLACEMENT_3D ( 'NONE', #2357, #2513, #639 ) ;
#1273 = ORIENTED_EDGE ( 'NONE', *, *, #429, .F. ) ;
#1274 = ORIENTED_EDGE ( 'NONE', *, *, #2150, .T. ) ;
#1275 = FACE_BOUND ( 'NONE', #2616, .T. ) ;
#1276 = AXIS2_PLACEMENT_3D ( 'NONE', #180, #768, #2407 ) ;
#1277 = AXIS2_PLACEMENT_3D ( 'NONE', #2339, #889, #1760 ) ;
#1278 = ORIENTED_EDGE ( 'NONE', *, *, #499, .T. ) ;
#1279 = DIRECTION ( 'NONE',  ( -0.000000000000000000, -1.000000000000000000, -0.000000000000000000 ) ) ;
#1280 = CARTESIAN_POINT ( 'NONE',  ( 3.000000000000000444, 22.02492942387656427, -1.944268951242329457 ) ) ;
#1281 = DIRECTION ( 'NONE',  ( 0.000000000000000000, 0.000000000000000000, -1.000000000000000000 ) ) ;
#1282 = DIRECTION ( 'NONE',  ( 0.000000000000000000, 1.000000000000000000, 0.000000000000000000 ) ) ;
#1283 = CIRCLE ( 'NONE', #71, 2.000000000000000000 ) ;
#1284 = DIRECTION ( 'NONE',  ( 0.000000000000000000, 0.000000000000000000, 1.000000000000000000 ) ) ;
#1285 = DIRECTION ( 'NONE',  ( -1.000000000000000000, 0.000000000000000000, 0.000000000000000000 ) ) ;
#1286 = AXIS2_PLACEMENT_3D ( 'NONE', #2207, #764, #1654 ) ;
#1287 = VERTEX_POINT ( 'NONE', #93 ) ;
#1288 = ORIENTED_EDGE ( 'NONE', *, *, #2522, .T. ) ;
#1289 = CARTESIAN_POINT ( 'NONE',  ( 3.000000000000000000, -11.00000000000017941, 12.99999999999982947 ) ) ;
#1290 = CARTESIAN_POINT ( 'NONE',  ( -5.000000000000000000, 21.74999999999984723, -6.751111019676853786 ) ) ;
#1291 = CIRCLE ( 'NONE', #253, 4.750000000000000888 ) ;
#1292 = EDGE_CURVE ( 'NONE', #1756, #2526, #2612, .T. ) ;
#1293 = VERTEX_POINT ( 'NONE', #1728 ) ;
#1294 = FACE_OUTER_BOUND ( 'NONE', #1610, .T. ) ;
#1295 = LINE ( 'NONE', #7, #1113 ) ;
#1296 = DIRECTION ( 'NONE',  ( 0.000000000000000000, 0.000000000000000000, -1.000000000000000000 ) ) ;
#1297 = DIRECTION ( 'NONE',  ( 0.000000000000000000, 0.000000000000000000, -1.000000000000000000 ) ) ;
#1298 = CARTESIAN_POINT ( 'NONE',  ( 18.95445179679157377, -1.427654291082565965E-13, 25.80614694161255329 ) ) ;
#1299 = ADVANCED_FACE ( 'NONE', ( #2124 ), #927, .T. ) ;
#1300 = CARTESIAN_POINT ( 'NONE',  ( 3.000000000000000000, -21.94617346798906254, 14.99999999999982947 ) ) ;
#1301 = VERTEX_POINT ( 'NONE', #664 ) ;
#1302 = ORIENTED_EDGE ( 'NONE', *, *, #1613, .T. ) ;
#1303 = CARTESIAN_POINT ( 'NONE',  ( 3.000000000000000000, 14.99999999999984368, 14.99999999999982947 ) ) ;
#1304 = CARTESIAN_POINT ( 'NONE',  ( 4.088493587094871984, -23.39234808931718845, 2.491453958006954572 ) ) ;
#1305 = EDGE_LOOP ( 'NONE', ( #568, #1125 ) ) ;
#1306 = EDGE_CURVE ( 'NONE', #1774, #2093, #2208, .T. ) ;
#1307 = VERTEX_POINT ( 'NONE', #1922 ) ;
#1308 = DIRECTION ( 'NONE',  ( 1.000000000000000000, 0.000000000000000000, 0.000000000000000000 ) ) ;
#1309 = EDGE_CURVE ( 'NONE', #1175, #1509, #1934, .T. ) ;
#1310 = EDGE_CURVE ( 'NONE', #1744, #614, #2660, .T. ) ;
#1311 = DIRECTION ( 'NONE',  ( 0.000000000000000000, 0.000000000000000000, 1.000000000000000000 ) ) ;
#1312 = DIRECTION ( 'NONE',  ( 0.000000000000000000, 0.000000000000000000, -1.000000000000000000 ) ) ;
#1313 = CARTESIAN_POINT ( 'NONE',  ( 3.073953316937263036, 22.43989376018926407, 4.866429149305075086 ) ) ;
#1314 = DIRECTION ( 'NONE',  ( 1.000000000000000000, -0.000000000000000000, 0.000000000000000000 ) ) ;
#1315 = ORIENTED_EDGE ( 'NONE', *, *, #1527, .F. ) ;
#1316 = ORIENTED_EDGE ( 'NONE', *, *, #2008, .T. ) ;
#1317 = CYLINDRICAL_SURFACE ( 'NONE', #2565, 4.750000000000000888 ) ;
#1318 = DIRECTION ( 'NONE',  ( 1.000000000000000000, -0.000000000000000000, -0.000000000000000000 ) ) ;
#1319 = CIRCLE ( 'NONE', #1102, 2.500000000000012434 ) ;
#1320 = ORIENTED_EDGE ( 'NONE', *, *, #795, .T. ) ;
#1321 = ORIENTED_EDGE ( 'NONE', *, *, #1792, .T. ) ;
#1322 = DIRECTION ( 'NONE',  ( 1.000000000000000000, 0.000000000000000000, 0.000000000000000000 ) ) ;
#1323 = AXIS2_PLACEMENT_3D ( 'NONE', #303, #1120, #51 ) ;
#1324 = VECTOR ( 'NONE', #1246, 1000.000000000000000 ) ;
#1325 = DIRECTION ( 'NONE',  ( 0.000000000000000000, 0.000000000000000000, 1.000000000000000000 ) ) ;
#1326 = FACE_OUTER_BOUND ( 'NONE', #1171, .T. ) ;
#1327 = EDGE_CURVE ( 'NONE', #752, #2687, #164, .T. ) ;
#1328 = DIRECTION ( 'NONE',  ( -1.000000000000000000, 0.000000000000000000, 0.000000000000000000 ) ) ;
#1329 = CARTESIAN_POINT ( 'NONE',  ( 2.999999999999999112, 21.94617346798906254, -4.760755280001886192 ) ) ;
#1330 = AXIS2_PLACEMENT_3D ( 'NONE', #2485, #238, #2543 ) ;
#1331 = ORIENTED_EDGE ( 'NONE', *, *, #362, .F. ) ;
#1332 = ORIENTED_EDGE ( 'NONE', *, *, #1879, .F. ) ;
#1333 = DIRECTION ( 'NONE',  ( -1.000000000000000000, 0.000000000000000000, 0.000000000000000000 ) ) ;
#1334 = DIRECTION ( 'NONE',  ( 0.000000000000000000, 0.000000000000000000, -1.000000000000000000 ) ) ;
#1335 = ORIENTED_EDGE ( 'NONE', *, *, #1394, .T. ) ;
#1336 = ORIENTED_EDGE ( 'NONE', *, *, #1188, .T. ) ;
#1337 = LINE ( 'NONE', #2138, #1106 ) ;
#1338 = AXIS2_PLACEMENT_3D ( 'NONE', #1100, #2334, #2586 ) ;
#1339 = DIRECTION ( 'NONE',  ( -1.000000000000000000, -0.000000000000000000, 0.000000000000000000 ) ) ;
#1340 = CARTESIAN_POINT ( 'NONE',  ( -3.000000000000000000, -13.00000000000017941, -13.00000000000017053 ) ) ;
#1341 = CARTESIAN_POINT ( 'NONE',  ( 3.000000000000000000, -15.00000000000016165, 14.99999999999982947 ) ) ;
#1342 = EDGE_CURVE ( 'NONE', #1016, #103, #1071, .T. ) ;
#1343 = CARTESIAN_POINT ( 'NONE',  ( 9.000000000000001776, 23.59999999999984510, -5.000000000000166089 ) ) ;
#1344 = VERTEX_POINT ( 'NONE', #519 ) ;
#1345 = DIRECTION ( 'NONE',  ( -1.000000000000000000, -0.000000000000000000, -0.000000000000000000 ) ) ;
#1346 = CARTESIAN_POINT ( 'NONE',  ( 18.95445179679157377, 22.27857142857127215, 4.822222156911755597 ) ) ;
#1347 = B_SPLINE_CURVE_WITH_KNOTS ( 'NONE', 3,
 ( #2198, #698, #523, #2622 ),
 .UNSPECIFIED., .F., .F.,
 ( 4, 4 ),
 ( 0.000000000000000000, 0.0003400843327644328625 ),
 .UNSPECIFIED. ) ;
#1348 = ORIENTED_EDGE ( 'NONE', *, *, #1077, .T. ) ;
#1349 = ORIENTED_EDGE ( 'NONE', *, *, #869, .T. ) ;
#1350 = CARTESIAN_POINT ( 'NONE',  ( 3.000000000000000000, -15.00000000000016165, 14.99999999999982947 ) ) ;
#1351 = EDGE_CURVE ( 'NONE', #606, #1739, #2169, .T. ) ;
#1352 = DIRECTION ( 'NONE',  ( -1.000000000000000000, 0.000000000000000000, 0.000000000000000000 ) ) ;
#1353 = LINE ( 'NONE', #88, #417 ) ;
#1354 = FACE_OUTER_BOUND ( 'NONE', #1088, .T. ) ;
#1355 = EDGE_CURVE ( 'NONE', #2570, #1715, #917, .T. ) ;
#1356 = EDGE_CURVE ( 'NONE', #1814, #748, #2165, .T. ) ;
#1357 = ORIENTED_EDGE ( 'NONE', *, *, #786, .F. ) ;
#1358 = ORIENTED_EDGE ( 'NONE', *, *, #2560, .T. ) ;
#1359 = DIRECTION ( 'NONE',  ( 0.000000000000000000, 0.000000000000000000, -1.000000000000000000 ) ) ;
#1360 = DIRECTION ( 'NONE',  ( -1.000000000000000000, 0.000000000000000000, 0.000000000000000000 ) ) ;
#1361 = ORIENTED_EDGE ( 'NONE', *, *, #1213, .F. ) ;
#1362 = ORIENTED_EDGE ( 'NONE', *, *, #1507, .T. ) ;
#1363 = DIRECTION ( 'NONE',  ( 1.000000000000000000, 0.000000000000000000, 0.000000000000000000 ) ) ;
#1364 = CIRCLE ( 'NONE', #2593, 2.000000000000001776 ) ;
#1365 = EDGE_CURVE ( 'NONE', #2571, #1119, #286, .T. ) ;
#1366 =( GEOMETRIC_REPRESENTATION_CONTEXT ( 3 ) GLOBAL_UNCERTAINTY_ASSIGNED_CONTEXT ( ( #1072 ) ) GLOBAL_UNIT_ASSIGNED_CONTEXT ( ( #200, #817, #2708 ) ) REPRESENTATION_CONTEXT ( 'NONE', 'WORKASPACE' ) );
#1367 = CARTESIAN_POINT ( 'NONE',  ( -5.000000000000000000, -13.00000000000017941, 14.99999999999982947 ) ) ;
#1368 = AXIS2_PLACEMENT_3D ( 'NONE', #744, #375, #1200 ) ;
#1369 = AXIS2_PLACEMENT_3D ( 'NONE', #1716, #86, #1938 ) ;
#1370 = VECTOR ( 'NONE', #1039, 1000.000000000000000 ) ;
#1371 = CARTESIAN_POINT ( 'NONE',  ( 9.000000000000001776, -1.591855728988893469E-13, -36.40000000000016911 ) ) ;
#1372 = DIRECTION ( 'NONE',  ( 1.000000000000000000, 0.000000000000000000, 0.000000000000000000 ) ) ;
#1373 = ORIENTED_EDGE ( 'NONE', *, *, #833, .T. ) ;
#1374 = DIRECTION ( 'NONE',  ( 1.000000000000000000, 0.000000000000000000, 0.000000000000000000 ) ) ;
#1375 = CARTESIAN_POINT ( 'NONE',  ( 3.000000000000000000, 14.99999999999983658, -15.00000000000017053 ) ) ;
#1376 = VECTOR ( 'NONE', #390, 1000.000000000000000 ) ;
#1377 = ORIENTED_EDGE ( 'NONE', *, *, #1436, .F. ) ;
#1378 = ORIENTED_EDGE ( 'NONE', *, *, #2505, .F. ) ;
#1379 = DIRECTION ( 'NONE',  ( 1.000000000000000000, 0.000000000000000000, 0.000000000000000000 ) ) ;
#1380 = AXIS2_PLACEMENT_3D ( 'NONE', #1238, #2055, #399 ) ;
#1381 = VECTOR ( 'NONE', #2641, 1000.000000000000000 ) ;
#1382 = CARTESIAN_POINT ( 'NONE',  ( -5.000000000000000000, 19.74999999999984368, 14.99999999999982947 ) ) ;
#1383 = AXIS2_PLACEMENT_3D ( 'NONE', #39, #1333, #65 ) ;
#1384 = LINE ( 'NONE', #1865, #2059 ) ;
#1385 = EDGE_CURVE ( 'NONE', #342, #1287, #2031, .T. ) ;
#1386 = CARTESIAN_POINT ( 'NONE',  ( 6.000000000000000888, -5.000000000000170530, -36.40000000000016911 ) ) ;
#1387 = ORIENTED_EDGE ( 'NONE', *, *, #1674, .T. ) ;
#1388 = CARTESIAN_POINT ( 'NONE',  ( 2.999999999999999112, -21.75000000000017408, -6.751111019676867997 ) ) ;
#1389 = DIRECTION ( 'NONE',  ( -1.000000000000000000, 0.000000000000000000, 0.000000000000000000 ) ) ;
#1390 = ORIENTED_EDGE ( 'NONE', *, *, #646, .F. ) ;
#1391 = ORIENTED_EDGE ( 'NONE', *, *, #2039, .F. ) ;
#1392 = VERTEX_POINT ( 'NONE', #1799 ) ;
#1393 = CARTESIAN_POINT ( 'NONE',  ( 3.839427831993926343, 23.30372141278347797, -4.991539885140898747 ) ) ;
#1394 = EDGE_CURVE ( 'NONE', #2446, #1557, #946, .T. ) ;
#1395 = EDGE_CURVE ( 'NONE', #547, #2167, #2011, .T. ) ;
#1396 = FACE_OUTER_BOUND ( 'NONE', #485, .T. ) ;
#1397 = SURFACE_SIDE_STYLE ('',( #142 ) ) ;
#1398 = ADVANCED_FACE ( 'NONE', ( #1229 ), #2001, .T. ) ;
#1399 = CARTESIAN_POINT ( 'NONE',  ( 3.000000000000000000, -11.00000000000017053, -13.00000000000017053 ) ) ;
#1400 = ORIENTED_EDGE ( 'NONE', *, *, #594, .T. ) ;
#1401 = DIRECTION ( 'NONE',  ( 0.000000000000000000, 1.000000000000000000, 0.000000000000000000 ) ) ;
#1402 = CARTESIAN_POINT ( 'NONE',  ( 3.000000000000000000, 19.74999999999984368, 6.751111019676521607 ) ) ;
#1403 = DIRECTION ( 'NONE',  ( 0.000000000000000000, 1.000000000000000000, -1.432200615920705022E-16 ) ) ;
#1404 = ORIENTED_EDGE ( 'NONE', *, *, #1834, .F. ) ;
#1405 = EDGE_LOOP ( 'NONE', ( #1005, #775, #1131, #939 ) ) ;
#1406 = EDGE_LOOP ( 'NONE', ( #1990, #343 ) ) ;
#1407 = DIRECTION ( 'NONE',  ( -1.000000000000000000, -0.000000000000000000, -0.000000000000000000 ) ) ;
#1408 = DIRECTION ( 'NONE',  ( 0.000000000000000000, -1.000000000000000000, 0.000000000000000000 ) ) ;
#1409 = CIRCLE ( 'NONE', #972, 1.999999999999998224 ) ;
#1410 = PLANE ( 'NONE',  #1330 ) ;
#1411 = AXIS2_PLACEMENT_3D ( 'NONE', #2090, #1055, #1893 ) ;
#1412 = CARTESIAN_POINT ( 'NONE',  ( -5.000000000000000000, -15.00000000000016165, 17.24999999999983302 ) ) ;
#1413 = EDGE_CURVE ( 'NONE', #316, #640, #2709, .T. ) ;
#1414 = CARTESIAN_POINT ( 'NONE',  ( 3.161599079397173551, 22.63068960858788259, 2.306242515175326524 ) ) ;
#1415 = ORIENTED_EDGE ( 'NONE', *, *, #1950, .T. ) ;
#1416 = CARTESIAN_POINT ( 'NONE',  ( 12.89949493661169910, -1.427654291082565965E-13, 28.30614694161256750 ) ) ;
#1417 = CYLINDRICAL_SURFACE ( 'NONE', #847, 2.000000000000000000 ) ;
#1418 = EDGE_LOOP ( 'NONE', ( #1758, #521, #2503, #302 ) ) ;
#1419 = ORIENTED_EDGE ( 'NONE', *, *, #1561, .T. ) ;
#1420 = ORIENTED_EDGE ( 'NONE', *, *, #1818, .F. ) ;
#1421 = CARTESIAN_POINT ( 'NONE',  ( 3.314403126902584429, 22.88050042514235471, -4.950112638663948239 ) ) ;
#1422 = AXIS2_PLACEMENT_3D ( 'NONE', #1133, #2353, #1311 ) ;
#1423 = CARTESIAN_POINT ( 'NONE',  ( 6.000000000000001776, 4.999999999999851674, -36.40000000000016911 ) ) ;
#1424 = FACE_OUTER_BOUND ( 'NONE', #2275, .T. ) ;
#1425 = AXIS2_PLACEMENT_3D ( 'NONE', #314, #1128, #107 ) ;
#1426 = DIRECTION ( 'NONE',  ( 1.000000000000000000, 0.000000000000000000, 0.000000000000000000 ) ) ;
#1427 = AXIS2_PLACEMENT_3D ( 'NONE', #366, #2232, #105 ) ;
#1428 = CARTESIAN_POINT ( 'NONE',  ( 3.539460559118791316, 23.10296032321084425, 2.450867145677207315 ) ) ;
#1429 = EDGE_LOOP ( 'NONE', ( #804, #1390 ) ) ;
#1430 = ADVANCED_FACE ( 'NONE', ( #956 ), #1812, .F. ) ;
#1431 = DIRECTION ( 'NONE',  ( 0.000000000000000000, 0.000000000000000000, -1.000000000000000000 ) ) ;
#1432 = ORIENTED_EDGE ( 'NONE', *, *, #1844, .F. ) ;
#1433 = ORIENTED_EDGE ( 'NONE', *, *, #2281, .F. ) ;
#1434 = ORIENTED_EDGE ( 'NONE', *, *, #1257, .T. ) ;
#1435 = CARTESIAN_POINT ( 'NONE',  ( 4.500000000000007105, -23.44617346798906610, -4.997633179621248090 ) ) ;
#1436 = EDGE_CURVE ( 'NONE', #2003, #1629, #543, .T. ) ;
#1437 = CARTESIAN_POINT ( 'NONE',  ( 9.000000000000001776, 23.44617346798906610, -2.495262991760662796 ) ) ;
#1438 = DIRECTION ( 'NONE',  ( 1.000000000000000000, -0.000000000000000000, -0.000000000000000000 ) ) ;
#1439 = DIRECTION ( 'NONE',  ( -0.000000000000000000, -0.000000000000000000, 1.000000000000000000 ) ) ;
#1440 = CYLINDRICAL_SURFACE ( 'NONE', #1978, 5.500000000000011546 ) ;
#1441 = ORIENTED_EDGE ( 'NONE', *, *, #2508, .T. ) ;
#1442 = PLANE ( 'NONE',  #1183 ) ;
#1443 = ORIENTED_EDGE ( 'NONE', *, *, #1, .F. ) ;
#1444 = ORIENTED_EDGE ( 'NONE', *, *, #228, .T. ) ;
#1445 = CARTESIAN_POINT ( 'NONE',  ( 3.426691651852900478, -23.00781815398156738, -4.965970262843825367 ) ) ;
#1446 = DIRECTION ( 'NONE',  ( -1.000000000000000000, -0.000000000000000000, -0.000000000000000000 ) ) ;
#1447 = CARTESIAN_POINT ( 'NONE',  ( 3.323358092888999860, 22.88206420590792689, -2.395961377088430044 ) ) ;
#1448 = CARTESIAN_POINT ( 'NONE',  ( 4.500000000000003553, -23.44617346798906610, -2.495262991760649474 ) ) ;
#1449 = DIRECTION ( 'NONE',  ( -1.000000000000000000, 0.000000000000000000, -0.000000000000000000 ) ) ;
#1450 = CIRCLE ( 'NONE', #666, 5.000000000000000000 ) ;
#1451 = DIRECTION ( 'NONE',  ( -1.000000000000000000, 0.000000000000000000, 0.000000000000000000 ) ) ;
#1452 = PLANE ( 'NONE',  #100 ) ;
#1453 = AXIS2_PLACEMENT_3D ( 'NONE', #1924, #508, #668 ) ;
#1454 = ORIENTED_EDGE ( 'NONE', *, *, #2449, .T. ) ;
#1455 = ORIENTED_EDGE ( 'NONE', *, *, #1830, .T. ) ;
#1456 = CARTESIAN_POINT ( 'NONE',  ( 3.000000000000000000, -19.75000000000016342, 14.99999999999982947 ) ) ;
#1457 = AXIS2_PLACEMENT_3D ( 'NONE', #1095, #701, #1069 ) ;
#1458 = VECTOR ( 'NONE', #1980, 1000.000000000000000 ) ;
#1459 = CARTESIAN_POINT ( 'NONE',  ( -4.999999999999997335, 10.99999999999984190, 10.99999999999982947 ) ) ;
#1460 = CARTESIAN_POINT ( 'NONE',  ( 3.037293058811591173, 22.27857142857127215, -4.822222156912086888 ) ) ;
#1461 = DIRECTION ( 'NONE',  ( 0.000000000000000000, 1.000000000000000000, -0.000000000000000000 ) ) ;
#1462 = FACE_OUTER_BOUND ( 'NONE', #153, .T. ) ;
#1463 = VECTOR ( 'NONE', #1223, 1000.000000000000000 ) ;
#1464 = ADVANCED_FACE ( 'NONE', ( #2656 ), #341, .F. ) ;
#1465 = CARTESIAN_POINT ( 'NONE',  ( 18.95445179679157377, -21.75000000000016698, 6.751111019676516278 ) ) ;
#1466 = VECTOR ( 'NONE', #1523, 1000.000000000000000 ) ;
#1467 = CARTESIAN_POINT ( 'NONE',  ( 3.000000000000003553, -22.06008021376914030, 4.771982158142736630 ) ) ;
#1468 = EDGE_LOOP ( 'NONE', ( #2697, #1647, #1936, #1432 ) ) ;
#1469 = ORIENTED_EDGE ( 'NONE', *, *, #280, .T. ) ;
#1470 = FACE_BOUND ( 'NONE', #1406, .T. ) ;
#1471 = DIRECTION ( 'NONE',  ( -1.000000000000000000, -0.000000000000000000, -0.000000000000000000 ) ) ;
#1472 = CARTESIAN_POINT ( 'NONE',  ( 3.034389202503041894, 22.27693668415609807, -2.123694391905047940 ) ) ;
#1473 = EDGE_CURVE ( 'NONE', #1293, #1581, #1569, .T. ) ;
#1474 = ADVANCED_FACE ( 'NONE', ( #1785 ), #778, .F. ) ;
#1475 = CARTESIAN_POINT ( 'NONE',  ( 3.025284514752230258, -22.27850790291821426, -2.131457136004253350 ) ) ;
#1476 = DIRECTION ( 'NONE',  ( -1.000000000000000000, 0.000000000000000000, 0.000000000000000000 ) ) ;
#1477 = CARTESIAN_POINT ( 'NONE',  ( 3.000000000000000000, 14.99999999999983658, -15.00000000000017053 ) ) ;
#1478 = DIRECTION ( 'NONE',  ( 1.000000000000000000, -0.000000000000000000, -0.000000000000000000 ) ) ;
#1479 = ADVANCED_FACE ( 'NONE', ( #124 ), #2403, .F. ) ;
#1480 = ORIENTED_EDGE ( 'NONE', *, *, #1834, .T. ) ;
#1481 = ORIENTED_EDGE ( 'NONE', *, *, #1729, .F. ) ;
#1482 = CARTESIAN_POINT ( 'NONE',  ( 3.000000000000000000, -15.00000000000017941, -19.75000000000017053 ) ) ;
#1483 = DIRECTION ( 'NONE',  ( -1.000000000000000000, 0.000000000000000000, 0.000000000000000000 ) ) ;
#1484 = CARTESIAN_POINT ( 'NONE',  ( 3.000000000000000000, 19.74999999999984368, 14.99999999999982947 ) ) ;
#1485 = CARTESIAN_POINT ( 'NONE',  ( 3.797807232309590830, -23.27572944578288627, -2.479241838313402280 ) ) ;
#1486 = DIRECTION ( 'NONE',  ( -1.000000000000000000, 0.000000000000000000, 0.000000000000000000 ) ) ;
#1487 = CARTESIAN_POINT ( 'NONE',  ( 3.314906982249222533, 22.88115116849634845, 4.950207391238325094 ) ) ;
#1488 = FACE_OUTER_BOUND ( 'NONE', #2144, .T. ) ;
#1489 = AXIS2_PLACEMENT_3D ( 'NONE', #1681, #1517, #2533 ) ;
#1490 = EDGE_CURVE ( 'NONE', #1103, #2515, #212, .T. ) ;
#1491 = ORIENTED_EDGE ( 'NONE', *, *, #2659, .F. ) ;
#1492 = EDGE_LOOP ( 'NONE', ( #942, #475, #1074, #2012 ) ) ;
#1493 = DIRECTION ( 'NONE',  ( -1.000000000000000000, 0.000000000000000000, 0.000000000000000000 ) ) ;
#1494 = CIRCLE ( 'NONE', #1849, 2.250000000000001776 ) ;
#1495 = DIRECTION ( 'NONE',  ( 0.000000000000000000, 0.000000000000000000, 1.000000000000000000 ) ) ;
#1496 = AXIS2_PLACEMENT_3D ( 'NONE', #2243, #1846, #1640 ) ;
#1497 = ORIENTED_EDGE ( 'NONE', *, *, #597, .F. ) ;
#1498 = CARTESIAN_POINT ( 'NONE',  ( 3.000000000000000000, 10.99999999999983480, 12.99999999999982947 ) ) ;
#1499 = DIRECTION ( 'NONE',  ( -0.000000000000000000, -1.000000000000000000, -0.000000000000000000 ) ) ;
#1500 = CARTESIAN_POINT ( 'NONE',  ( 3.425847180240354284, -23.00700650065753905, 4.965878799468131710 ) ) ;
#1501 = CARTESIAN_POINT ( 'NONE',  ( -4.999999999999997335, -13.00000000000017941, 10.99999999999982947 ) ) ;
#1502 = AXIS2_PLACEMENT_3D ( 'NONE', #2019, #596, #391 ) ;
#1503 = CARTESIAN_POINT ( 'NONE',  ( 4.162740247998260479, 23.41767880594135320, 4.996996290373141747 ) ) ;
#1504 = CARTESIAN_POINT ( 'NONE',  ( 0.000000000000000000, -7.500000000000155431, 19.74999999999982947 ) ) ;
#1505 = EDGE_CURVE ( 'NONE', #1686, #64, #119, .T. ) ;
#1506 = VECTOR ( 'NONE', #739, 1000.000000000000000 ) ;
#1507 = EDGE_CURVE ( 'NONE', #2393, #1774, #1204, .T. ) ;
#1508 = ORIENTED_EDGE ( 'NONE', *, *, #1761, .T. ) ;
#1509 = VERTEX_POINT ( 'NONE', #354 ) ;
#1510 = CYLINDRICAL_SURFACE ( 'NONE', #1383, 2.000000000000001776 ) ;
#1511 = CARTESIAN_POINT ( 'NONE',  ( 3.529368744431731653, -23.10780403287728646, 2.456011813834655388 ) ) ;
#1512 = CIRCLE ( 'NONE', #823, 1.999999999999999112 ) ;
#1513 = ORIENTED_EDGE ( 'NONE', *, *, #1994, .T. ) ;
#1514 = CARTESIAN_POINT ( 'NONE',  ( 2.999999999999999112, -21.75000000000017408, -6.751111019676867997 ) ) ;
#1515 = ADVANCED_FACE ( 'NONE', ( #404 ), #201, .T. ) ;
#1516 = CARTESIAN_POINT ( 'NONE',  ( 2.999999999999999112, 21.94617346798906254, -4.760755280001886192 ) ) ;
#1517 = DIRECTION ( 'NONE',  ( -1.000000000000000000, 0.000000000000000000, 0.000000000000000000 ) ) ;
#1518 = DIRECTION ( 'NONE',  ( 0.000000000000000000, 0.000000000000000000, 1.000000000000000000 ) ) ;
#1519 = DIRECTION ( 'NONE',  ( 1.000000000000000000, 0.000000000000000000, -0.000000000000000000 ) ) ;
#1520 = EDGE_LOOP ( 'NONE', ( #2681, #2672 ) ) ;
#1521 = ORIENTED_EDGE ( 'NONE', *, *, #1436, .T. ) ;
#1522 = DIRECTION ( 'NONE',  ( -1.000000000000000000, 0.000000000000000000, 0.000000000000000000 ) ) ;
#1523 = DIRECTION ( 'NONE',  ( -1.000000000000000000, -0.000000000000000000, -0.000000000000000000 ) ) ;
#1524 = ORIENTED_EDGE ( 'NONE', *, *, #2127, .T. ) ;
#1525 = ORIENTED_EDGE ( 'NONE', *, *, #1076, .T. ) ;
#1526 = DIRECTION ( 'NONE',  ( -0.000000000000000000, -0.000000000000000000, 1.000000000000000000 ) ) ;
#1527 = EDGE_CURVE ( 'NONE', #898, #1739, #2080, .T. ) ;
#1528 = CYLINDRICAL_SURFACE ( 'NONE', #1422, 5.000000000000011546 ) ;
#1529 = CARTESIAN_POINT ( 'NONE',  ( 3.000000000000000000, -15.00000000000017941, -19.75000000000017053 ) ) ;
#1530 = CARTESIAN_POINT ( 'NONE',  ( 9.000000000000001776, -23.60000000000015064, -1.747491040759996142E-13 ) ) ;
#1531 = DIRECTION ( 'NONE',  ( 0.000000000000000000, 0.000000000000000000, -1.000000000000000000 ) ) ;
#1532 = AXIS2_PLACEMENT_3D ( 'NONE', #226, #2521, #1053 ) ;
#1533 = EDGE_LOOP ( 'NONE', ( #2223, #862, #1534, #1497, #1073 ) ) ;
#1534 = ORIENTED_EDGE ( 'NONE', *, *, #1365, .F. ) ;
#1535 = CYLINDRICAL_SURFACE ( 'NONE', #1078, 2.000000000000000000 ) ;
#1536 = B_SPLINE_CURVE_WITH_KNOTS ( 'NONE', 3,
 ( #1796, #145, #1565, #2230, #2020, #760, #774, #1428, #2487, #1868, #217, #1414, #1615, #622, #787, #2473 ),
 .UNSPECIFIED., .F., .F.,
 ( 4, 2, 2, 2, 2, 2, 2, 4 ),
 ( 0.000000000000000000, 0.0003109608022093685855, 0.0006219216044187371711, 0.0009328824066281033714, 0.001243843208837469572, 0.001554804011046835880, 0.001865764813256202189, 0.002487686417674935240 ),
 .UNSPECIFIED. ) ;
#1537 = CARTESIAN_POINT ( 'NONE',  ( 3.702003264861386533, -23.23326430943186338, 2.474412312023046123 ) ) ;
#1538 = CIRCLE ( 'NONE', #1706, 2.000000000000000888 ) ;
#1539 = ORIENTED_EDGE ( 'NONE', *, *, #665, .F. ) ;
#1540 = ORIENTED_EDGE ( 'NONE', *, *, #1310, .F. ) ;
#1541 = EDGE_LOOP ( 'NONE', ( #1969, #704, #2502, #502 ) ) ;
#1542 = DIRECTION ( 'NONE',  ( 0.000000000000000000, 0.000000000000000000, -1.000000000000000000 ) ) ;
#1543 = AXIS2_PLACEMENT_3D ( 'NONE', #865, #2528, #1264 ) ;
#1544 = EDGE_CURVE ( 'NONE', #2515, #1103, #2258, .T. ) ;
#1545 = CARTESIAN_POINT ( 'NONE',  ( 9.000000000000001776, -23.44617346798906610, 25.44486142177823140 ) ) ;
#1546 = VECTOR ( 'NONE', #173, 1000.000000000000000 ) ;
#1547 = FACE_OUTER_BOUND ( 'NONE', #1973, .T. ) ;
#1548 = VECTOR ( 'NONE', #1499, 1000.000000000000000 ) ;
#1549 = DIRECTION ( 'NONE',  ( 0.000000000000000000, 0.000000000000000000, -1.000000000000000000 ) ) ;
#1550 = CIRCLE ( 'NONE', #2201, 1.999999999999999112 ) ;
#1551 = EDGE_CURVE ( 'NONE', #2500, #2687, #1579, .T. ) ;
#1552 = ORIENTED_EDGE ( 'NONE', *, *, #1268, .F. ) ;
#1553 = ORIENTED_EDGE ( 'NONE', *, *, #1395, .F. ) ;
#1554 = FACE_BOUND ( 'NONE', #2121, .T. ) ;
#1555 = CARTESIAN_POINT ( 'NONE',  ( 3.160918328936316080, -22.62928455092766455, 2.305637355837826252 ) ) ;
#1556 = ORIENTED_EDGE ( 'NONE', *, *, #878, .T. ) ;
#1557 = VERTEX_POINT ( 'NONE', #1094 ) ;
#1558 = CARTESIAN_POINT ( 'NONE',  ( 3.000000000000000000, -15.00000000000016165, 12.74999999999982769 ) ) ;
#1559 = CIRCLE ( 'NONE', #2436, 5.000000000000000888 ) ;
#1560 = CARTESIAN_POINT ( 'NONE',  ( 0.000000000000000000, -11.00000000000017941, 12.99999999999982947 ) ) ;
#1561 = EDGE_CURVE ( 'NONE', #965, #1046, #2431, .T. ) ;
#1562 = ADVANCED_FACE ( 'NONE', ( #1084 ), #2312, .F. ) ;
#1563 = CARTESIAN_POINT ( 'NONE',  ( -5.000000000000000000, -19.75000000000017764, -6.751111019676867997 ) ) ;
#1564 = DIRECTION ( 'NONE',  ( 1.000000000000000000, 0.000000000000000000, 0.000000000000000000 ) ) ;
#1565 = CARTESIAN_POINT ( 'NONE',  ( 4.291595083819831125, 23.43524261169745060, 2.494657652870342357 ) ) ;
#1566 = ADVANCED_FACE ( 'NONE', ( #1462 ), #844, .F. ) ;
#1567 = EDGE_LOOP ( 'NONE', ( #1872, #979, #559, #676, #12, #2170 ) ) ;
#1568 = FACE_OUTER_BOUND ( 'NONE', #741, .T. ) ;
#1569 = LINE ( 'NONE', #1987, #1381 ) ;
#1570 = ORIENTED_EDGE ( 'NONE', *, *, #544, .F. ) ;
#1571 = ORIENTED_EDGE ( 'NONE', *, *, #1145, .T. ) ;
#1572 = LINE ( 'NONE', #2197, #1759 ) ;
#1573 = DIRECTION ( 'NONE',  ( 0.000000000000000000, 0.000000000000000000, -1.000000000000000000 ) ) ;
#1574 = CARTESIAN_POINT ( 'NONE',  ( -5.000000000000000000, 14.99999999999983658, -17.25000000000017764 ) ) ;
#1575 = DIRECTION ( 'NONE',  ( 0.000000000000000000, 0.000000000000000000, -1.000000000000000000 ) ) ;
#1576 = VERTEX_POINT ( 'NONE', #1878 ) ;
#1577 = ORIENTED_EDGE ( 'NONE', *, *, #984, .T. ) ;
#1578 = DIRECTION ( 'NONE',  ( 0.000000000000000000, 4.205956656986835157E-16, 1.000000000000000000 ) ) ;
#1579 = LINE ( 'NONE', #2416, #2076 ) ;
#1580 = ORIENTED_EDGE ( 'NONE', *, *, #1664, .F. ) ;
#1581 = VERTEX_POINT ( 'NONE', #482 ) ;
#1582 = DIRECTION ( 'NONE',  ( -1.000000000000000000, 0.000000000000000000, 0.000000000000000000 ) ) ;
#1583 = CIRCLE ( 'NONE', #931, 4.750000000000000888 ) ;
#1584 = CARTESIAN_POINT ( 'NONE',  ( 3.000000000000000000, 4.999999999999851674, -30.15500200160176902 ) ) ;
#1585 = ADVANCED_FACE ( 'NONE', ( #1692 ), #2562, .F. ) ;
#1586 = VECTOR ( 'NONE', #2710, 1000.000000000000000 ) ;
#1587 = CARTESIAN_POINT ( 'NONE',  ( 9.000000000000001776, 23.59999999999984510, -1.658673198789983619E-13 ) ) ;
#1588 = AXIS2_PLACEMENT_3D ( 'NONE', #638, #1001, #1230 ) ;
#1589 = VERTEX_POINT ( 'NONE', #440 ) ;
#1590 = ORIENTED_EDGE ( 'NONE', *, *, #364, .T. ) ;
#1591 = CARTESIAN_POINT ( 'NONE',  ( 3.000000000000000000, -15.00000000000016165, 19.74999999999982947 ) ) ;
#1592 = DIRECTION ( 'NONE',  ( 0.000000000000000000, 0.000000000000000000, 1.000000000000000000 ) ) ;
#1593 = ADVANCED_FACE ( 'NONE', ( #687 ), #241, .F. ) ;
#1594 = EDGE_CURVE ( 'NONE', #2447, #2584, #1319, .T. ) ;
#1595 = EDGE_CURVE ( 'NONE', #246, #1732, #2511, .T. ) ;
#1596 = ORIENTED_EDGE ( 'NONE', *, *, #1027, .T. ) ;
#1597 = VERTEX_POINT ( 'NONE', #453 ) ;
#1598 = ORIENTED_EDGE ( 'NONE', *, *, #2607, .T. ) ;
#1599 = CARTESIAN_POINT ( 'NONE',  ( 9.000000000000001776, -23.60000000000015064, 2.499999999999824141 ) ) ;
#1600 = AXIS2_PLACEMENT_3D ( 'NONE', #2629, #1824, #1192 ) ;
#1601 = DIRECTION ( 'NONE',  ( -1.000000000000000000, -0.000000000000000000, -0.000000000000000000 ) ) ;
#1602 = FACE_BOUND ( 'NONE', #2254, .T. ) ;
#1603 = ORIENTED_EDGE ( 'NONE', *, *, #1765, .T. ) ;
#1604 = ORIENTED_EDGE ( 'NONE', *, *, #1306, .T. ) ;
#1605 = CARTESIAN_POINT ( 'NONE',  ( -5.000000000000000000, 4.999999999999851674, -36.40000000000016911 ) ) ;
#1606 = CARTESIAN_POINT ( 'NONE',  ( 18.95445179679157377, -21.75000000000017408, -6.751111019676867997 ) ) ;
#1607 = DIRECTION ( 'NONE',  ( -1.000000000000000000, 0.000000000000000000, 0.000000000000000000 ) ) ;
#1608 = ORIENTED_EDGE ( 'NONE', *, *, #1141, .F. ) ;
#1609 = ORIENTED_EDGE ( 'NONE', *, *, #1309, .T. ) ;
#1610 = EDGE_LOOP ( 'NONE', ( #2195, #2036, #914, #1209, #2154 ) ) ;
#1611 = DIRECTION ( 'NONE',  ( -1.000000000000000000, -0.000000000000000000, -0.000000000000000000 ) ) ;
#1612 = DIRECTION ( 'NONE',  ( 0.000000000000000000, 8.411913313973657496E-16, 1.000000000000000000 ) ) ;
#1613 = EDGE_CURVE ( 'NONE', #1170, #219, #636, .T. ) ;
#1614 = DIRECTION ( 'NONE',  ( 0.000000000000000000, 0.000000000000000000, -1.000000000000000000 ) ) ;
#1615 = CARTESIAN_POINT ( 'NONE',  ( 3.120806574695015989, 22.54336144540021891, 2.267901604182102293 ) ) ;
#1616 = EDGE_LOOP ( 'NONE', ( #2043, #1911, #650, #1433 ) ) ;
#1617 = CARTESIAN_POINT ( 'NONE',  ( 3.037293058811591173, 22.27857142857127215, 4.822222156911755597 ) ) ;
#1618 = LINE ( 'NONE', #2698, #887 ) ;
#1619 = ORIENTED_EDGE ( 'NONE', *, *, #947, .T. ) ;
#1620 = ORIENTED_EDGE ( 'NONE', *, *, #57, .F. ) ;
#1621 = ORIENTED_EDGE ( 'NONE', *, *, #2313, .F. ) ;
#1622 = DIRECTION ( 'NONE',  ( 1.000000000000000000, 0.000000000000000000, 0.000000000000000000 ) ) ;
#1623 = CARTESIAN_POINT ( 'NONE',  ( 18.95445179679157377, 21.74999999999984723, 6.751111019676522496 ) ) ;
#1624 = CARTESIAN_POINT ( 'NONE',  ( 0.000000000000000000, 10.99999999999984368, -13.00000000000017053 ) ) ;
#1625 = AXIS2_PLACEMENT_3D ( 'NONE', #118, #1564, #1549 ) ;
#1626 = ADVANCED_FACE ( 'NONE', ( #431 ), #34, .F. ) ;
#1627 = DIRECTION ( 'NONE',  ( 1.000000000000000000, 0.000000000000000000, 0.000000000000000000 ) ) ;
#1628 = DIRECTION ( 'NONE',  ( -1.000000000000000000, 0.000000000000000000, 0.000000000000000000 ) ) ;
#1629 = VERTEX_POINT ( 'NONE', #1256 ) ;
#1630 = DIRECTION ( 'NONE',  ( -1.000000000000000000, 0.000000000000000000, -0.000000000000000000 ) ) ;
#1631 = AXIS2_PLACEMENT_3D ( 'NONE', #2081, #835, #2274 ) ;
#1632 = DIRECTION ( 'NONE',  ( 0.000000000000000000, 5.782411586589357639E-16, 1.000000000000000000 ) ) ;
#1633 = EDGE_CURVE ( 'NONE', #1557, #2446, #2684, .T. ) ;
#1634 = AXIS2_PLACEMENT_3D ( 'NONE', #2290, #2512, #988 ) ;
#1635 = ORIENTED_EDGE ( 'NONE', *, *, #1011, .F. ) ;
#1636 = ORIENTED_EDGE ( 'NONE', *, *, #264, .T. ) ;
#1637 = EDGE_LOOP ( 'NONE', ( #2041, #1321, #1335, #560 ) ) ;
#1638 = CARTESIAN_POINT ( 'NONE',  ( 3.136404804926864465, -22.59365852970167055, -4.899854457428845400 ) ) ;
#1639 = CIRCLE ( 'NONE', #2559, 5.000000000000011546 ) ;
#1640 = DIRECTION ( 'NONE',  ( 0.000000000000000000, 0.000000000000000000, -1.000000000000000000 ) ) ;
#1641 = CARTESIAN_POINT ( 'NONE',  ( -4.999999999999997335, 12.99999999999984190, -11.00000000000017053 ) ) ;
#1642 = AXIS2_PLACEMENT_3D ( 'NONE', #2221, #621, #2191 ) ;
#1643 = CARTESIAN_POINT ( 'NONE',  ( 9.000000000000001776, -23.44617346798906610, -4.997633179621246313 ) ) ;
#1644 = ORIENTED_EDGE ( 'NONE', *, *, #2356, .T. ) ;
#1645 = FACE_OUTER_BOUND ( 'NONE', #2711, .T. ) ;
#1646 = PRODUCT_RELATED_PRODUCT_CATEGORY ( 'part', '', ( #957 ) ) ;
#1647 = ORIENTED_EDGE ( 'NONE', *, *, #2326, .F. ) ;
#1648 = VERTEX_POINT ( 'NONE', #672 ) ;
#1649 = ORIENTED_EDGE ( 'NONE', *, *, #2006, .T. ) ;
#1650 = CARTESIAN_POINT ( 'NONE',  ( 9.000000000000001776, -1.585732494993156712E-13, -41.40000000000017621 ) ) ;
#1651 = CARTESIAN_POINT ( 'NONE',  ( 9.000000000000001776, -1.588794111991025217E-13, -33.90000000000015490 ) ) ;
#1652 = DIRECTION ( 'NONE',  ( 1.000000000000000000, 0.000000000000000000, 0.000000000000000000 ) ) ;
#1653 = DIRECTION ( 'NONE',  ( -0.000000000000000000, -0.000000000000000000, 1.000000000000000000 ) ) ;
#1654 = DIRECTION ( 'NONE',  ( 0.000000000000000000, 0.000000000000000000, 1.000000000000000000 ) ) ;
#1655 = CARTESIAN_POINT ( 'NONE',  ( 3.000000000000000000, -13.00000000000017941, -11.00000000000017053 ) ) ;
#1656 = VERTEX_POINT ( 'NONE', #2116 ) ;
#1657 = LINE ( 'NONE', #2292, #1666 ) ;
#1658 = ORIENTED_EDGE ( 'NONE', *, *, #151, .F. ) ;
#1659 = EDGE_LOOP ( 'NONE', ( #604, #136, #1828, #1441 ) ) ;
#1660 = DIRECTION ( 'NONE',  ( -1.000000000000000000, 0.000000000000000000, 0.000000000000000000 ) ) ;
#1661 = LINE ( 'NONE', #1676, #239 ) ;
#1662 = DIRECTION ( 'NONE',  ( 0.000000000000000000, 0.000000000000000000, 1.000000000000000000 ) ) ;
#1663 = CARTESIAN_POINT ( 'NONE',  ( 3.000000000000004885, -22.10368694749804774, -2.013743882731958479 ) ) ;
#1664 = EDGE_CURVE ( 'NONE', #1840, #161, #2143, .T. ) ;
#1665 = DIRECTION ( 'NONE',  ( -1.000000000000000000, -0.000000000000000000, -0.000000000000000000 ) ) ;
#1666 = VECTOR ( 'NONE', #367, 1000.000000000000000 ) ;
#1667 = CARTESIAN_POINT ( 'NONE',  ( -4.999999999999997335, 12.99999999999984190, 10.99999999999982947 ) ) ;
#1668 = DIRECTION ( 'NONE',  ( 0.000000000000000000, 0.000000000000000000, 1.000000000000000000 ) ) ;
#1669 = CIRCLE ( 'NONE', #1368, 2.500000000000002220 ) ;
#1670 = ORIENTED_EDGE ( 'NONE', *, *, #620, .T. ) ;
#1671 = ORIENTED_EDGE ( 'NONE', *, *, #1356, .T. ) ;
#1672 = FACE_BOUND ( 'NONE', #1166, .T. ) ;
#1673 = ADVANCED_FACE ( 'NONE', ( #1067 ), #2088, .F. ) ;
#1674 = EDGE_CURVE ( 'NONE', #2028, #1744, #1450, .T. ) ;
#1675 = CIRCLE ( 'NONE', #2649, 2.250000000000000444 ) ;
#1676 = CARTESIAN_POINT ( 'NONE',  ( 3.000000000000000000, -19.75000000000017764, -6.751111019676867997 ) ) ;
#1677 = SHAPE_DEFINITION_REPRESENTATION ( #2216, #2226 ) ;
#1678 = AXIS2_PLACEMENT_3D ( 'NONE', #1689, #1662, #654 ) ;
#1679 = EDGE_CURVE ( 'NONE', #2132, #1814, #1915, .T. ) ;
#1680 = CARTESIAN_POINT ( 'NONE',  ( 3.708094511105103575, -23.22432742685333196, -2.472381104087589154 ) ) ;
#1681 = CARTESIAN_POINT ( 'NONE',  ( -5.000000000000000000, -1.427654291082565965E-13, 25.80614694161255329 ) ) ;
#1682 = CARTESIAN_POINT ( 'NONE',  ( -3.000000000000000000, -11.00000000000017764, -11.00000000000017053 ) ) ;
#1683 = LINE ( 'NONE', #1086, #2412 ) ;
#1684 = B_SPLINE_CURVE_WITH_KNOTS ( 'NONE', 3,
 ( #2373, #2411, #1982, #537 ),
 .UNSPECIFIED., .F., .F.,
 ( 4, 4 ),
 ( 0.000000000000000000, 0.0003400843327647656042 ),
 .UNSPECIFIED. ) ;
#1685 = ORIENTED_EDGE ( 'NONE', *, *, #1633, .F. ) ;
#1686 = VERTEX_POINT ( 'NONE', #1501 ) ;
#1687 = CYLINDRICAL_SURFACE ( 'NONE', #469, 5.000000000000000888 ) ;
#1688 = CARTESIAN_POINT ( 'NONE',  ( -4.999999999999997335, 10.99999999999984368, -11.00000000000017053 ) ) ;
#1689 = CARTESIAN_POINT ( 'NONE',  ( 0.000000000000000000, 0.000000000000000000, 0.000000000000000000 ) ) ;
#1690 = LINE ( 'NONE', #225, #334 ) ;
#1691 = ADVANCED_FACE ( 'NONE', ( #1326 ), #278, .F. ) ;
#1692 = FACE_OUTER_BOUND ( 'NONE', #134, .T. ) ;
#1693 = CYLINDRICAL_SURFACE ( 'NONE', #633, 2.500000000000012434 ) ;
#1694 = CARTESIAN_POINT ( 'NONE',  ( -9.899494936611706208, 23.44617346798906610, -2.495262991760662796 ) ) ;
#1695 = VERTEX_POINT ( 'NONE', #1735 ) ;
#1696 = VERTEX_POINT ( 'NONE', #1109 ) ;
#1697 = CARTESIAN_POINT ( 'NONE',  ( 3.000000000000000000, 4.999999999999851674, -36.40000000000016911 ) ) ;
#1698 = ORIENTED_EDGE ( 'NONE', *, *, #2269, .F. ) ;
#1699 = CARTESIAN_POINT ( 'NONE',  ( 3.000000000000000000, -15.00000000000017941, -12.75000000000017053 ) ) ;
#1700 = CARTESIAN_POINT ( 'NONE',  ( 2.999999999999999112, 5.499999999999869438, 21.74999999999983302 ) ) ;
#1701 = DIRECTION ( 'NONE',  ( 1.000000000000000000, -0.000000000000000000, -0.000000000000000000 ) ) ;
#1702 = DIRECTION ( 'NONE',  ( 0.000000000000000000, 0.000000000000000000, 1.000000000000000000 ) ) ;
#1703 = EDGE_CURVE ( 'NONE', #2445, #791, #1940, .T. ) ;
#1704 = CARTESIAN_POINT ( 'NONE',  ( 3.037293058811591173, 22.27857142857127215, 4.822222156911755597 ) ) ;
#1705 = LINE ( 'NONE', #456, #2507 ) ;
#1706 = AXIS2_PLACEMENT_3D ( 'NONE', #758, #2425, #1136 ) ;
#1707 = ORIENTED_EDGE ( 'NONE', *, *, #1795, .T. ) ;
#1708 = EDGE_LOOP ( 'NONE', ( #1556, #710, #1115, #1810 ) ) ;
#1709 = FACE_OUTER_BOUND ( 'NONE', #605, .T. ) ;
#1710 = CIRCLE ( 'NONE', #759, 2.249999999999998668 ) ;
#1711 = AXIS2_PLACEMENT_3D ( 'NONE', #2225, #754, #358 ) ;
#1712 = CARTESIAN_POINT ( 'NONE',  ( 3.056908089183334010, -22.36600133441594451, 2.176482564036970047 ) ) ;
#1713 = EDGE_CURVE ( 'NONE', #1576, #1130, #2374, .T. ) ;
#1714 = AXIS2_PLACEMENT_3D ( 'NONE', #121, #1372, #130 ) ;
#1715 = VERTEX_POINT ( 'NONE', #2233 ) ;
#1716 = CARTESIAN_POINT ( 'NONE',  ( 4.500000000000003553, 21.94617346798906254, 25.44486142177823140 ) ) ;
#1717 = CLOSED_SHELL ( 'NONE', ( #1673, #2246, #852, #309, #1299, #2022, #296, #1515, #964, #169, #1474, #952, #19, #1626, #428, #222, #1398, #1245, #94, #227, #1790, #932, #2623, #308, #1479, #143, #1757, #2030, #1044, #866, #1243, #1228, #1034, #1913, #1691, #2075, #1108, #1430, #1566, #1129, #755, #1082, #337, #769, #818, #2040, #2399, #1794, #348, #2247, #1593, #2367, #1186, #2536, #267, #1045, #1585, #2199, #1194, #1779, #32, #1562, #1110, #834, #2273, #2104, #1163, #1058, #2091, #717, #1464, #27, #1025, #249 ) ) ;
#1718 = DIRECTION ( 'NONE',  ( -1.000000000000000000, -0.000000000000000000, -0.000000000000000000 ) ) ;
#1719 = DIRECTION ( 'NONE',  ( 1.000000000000000000, 0.000000000000000000, 0.000000000000000000 ) ) ;
#1720 = AXIS2_PLACEMENT_3D ( 'NONE', #2128, #1877, #2087 ) ;
#1721 = CYLINDRICAL_SURFACE ( 'NONE', #2200, 5.500000000000011546 ) ;
#1722 = DIRECTION ( 'NONE',  ( 0.000000000000000000, 0.000000000000000000, -1.000000000000000000 ) ) ;
#1723 = VECTOR ( 'NONE', #616, 1000.000000000000000 ) ;
#1724 = AXIS2_PLACEMENT_3D ( 'NONE', #1290, #300, #463 ) ;
#1725 = ORIENTED_EDGE ( 'NONE', *, *, #1507, .F. ) ;
#1726 = ORIENTED_EDGE ( 'NONE', *, *, #2420, .T. ) ;
#1727 = CARTESIAN_POINT ( 'NONE',  ( -3.000000000000000000, -11.00000000000017941, 10.99999999999982947 ) ) ;
#1728 = CARTESIAN_POINT ( 'NONE',  ( 3.000000000000000000, 14.99999999999983658, -12.75000000000016342 ) ) ;
#1729 = EDGE_CURVE ( 'NONE', #2687, #1715, #1657, .T. ) ;
#1730 = EDGE_CURVE ( 'NONE', #1732, #2351, #2655, .T. ) ;
#1731 = EDGE_LOOP ( 'NONE', ( #2194, #2177, #206, #1261 ) ) ;
#1732 = VERTEX_POINT ( 'NONE', #991 ) ;
#1733 = CARTESIAN_POINT ( 'NONE',  ( 9.000000000000001776, -23.60000000000015064, 4.999999999999825917 ) ) ;
#1734 = DIRECTION ( 'NONE',  ( 1.000000000000000000, 0.000000000000000000, 0.000000000000000000 ) ) ;
#1735 = CARTESIAN_POINT ( 'NONE',  ( 2.999999999999999112, -21.75000000000017408, -4.751111019676867997 ) ) ;
#1736 = CARTESIAN_POINT ( 'NONE',  ( -5.000000000000000000, -7.500000000000155431, 19.74999999999982947 ) ) ;
#1737 = CYLINDRICAL_SURFACE ( 'NONE', #1146, 2.000000000000001776 ) ;
#1738 = ORIENTED_EDGE ( 'NONE', *, *, #1473, .F. ) ;
#1739 = VERTEX_POINT ( 'NONE', #585 ) ;
#1740 = DIRECTION ( 'NONE',  ( 0.000000000000000000, 5.209379807738163139E-17, 1.000000000000000000 ) ) ;
#1741 = CARTESIAN_POINT ( 'NONE',  ( 3.000000000000000444, -22.02492942387656427, 1.944268951241727716 ) ) ;
#1742 = EDGE_CURVE ( 'NONE', #110, #989, #2187, .T. ) ;
#1743 = ORIENTED_EDGE ( 'NONE', *, *, #2678, .T. ) ;
#1744 = VERTEX_POINT ( 'NONE', #1855 ) ;
#1745 = DIRECTION ( 'NONE',  ( -1.000000000000000000, 0.000000000000000000, 0.000000000000000000 ) ) ;
#1746 = LINE ( 'NONE', #1367, #900 ) ;
#1747 = EDGE_CURVE ( 'NONE', #1509, #1648, #189, .T. ) ;
#1748 = CARTESIAN_POINT ( 'NONE',  ( -5.000000000000000000, -22.27857142857159900, -4.822222156912100210 ) ) ;
#1749 = DIRECTION ( 'NONE',  ( 1.000000000000000000, 0.000000000000000000, 0.000000000000000000 ) ) ;
#1750 = VECTOR ( 'NONE', #2102, 1000.000000000000000 ) ;
#1751 = CARTESIAN_POINT ( 'NONE',  ( 3.843798482138232053, -5.000000000000170530, -33.24991575529279686 ) ) ;
#1752 = ORIENTED_EDGE ( 'NONE', *, *, #564, .T. ) ;
#1753 = FACE_OUTER_BOUND ( 'NONE', #1930, .T. ) ;
#1754 = CARTESIAN_POINT ( 'NONE',  ( -5.000000000000000000, 23.59999999999984510, -1.658673198789983619E-13 ) ) ;
#1755 = VECTOR ( 'NONE', #1314, 1000.000000000000000 ) ;
#1756 = VERTEX_POINT ( 'NONE', #1193 ) ;
#1757 = ADVANCED_FACE ( 'NONE', ( #2457 ), #1417, .F. ) ;
#1758 = ORIENTED_EDGE ( 'NONE', *, *, #112, .F. ) ;
#1759 = VECTOR ( 'NONE', #562, 1000.000000000000000 ) ;
#1760 = DIRECTION ( 'NONE',  ( 0.000000000000000000, 0.000000000000000000, -1.000000000000000000 ) ) ;
#1761 = EDGE_CURVE ( 'NONE', #788, #96, #1804, .T. ) ;
#1762 = CIRCLE ( 'NONE', #587, 5.000000000000000888 ) ;
#1763 = CARTESIAN_POINT ( 'NONE',  ( -4.999999999999997335, -11.00000000000017764, -13.00000000000017053 ) ) ;
#1764 = AXIS2_PLACEMENT_3D ( 'NONE', #2680, #405, #2248 ) ;
#1765 = EDGE_CURVE ( 'NONE', #2455, #190, #1248, .T. ) ;
#1766 = CARTESIAN_POINT ( 'NONE',  ( -5.000000000000000000, -15.00000000000017941, -12.75000000000017231 ) ) ;
#1767 = PLANE ( 'NONE',  #17 ) ;
#1768 = VECTOR ( 'NONE', #1339, 1000.000000000000000 ) ;
#1769 = CARTESIAN_POINT ( 'NONE',  ( -5.000000000000000000, 14.99999999999984368, 14.99999999999982947 ) ) ;
#1770 = EDGE_LOOP ( 'NONE', ( #2188, #1619, #1349, #615, #1524, #1999, #491, #1079, #884, #166, #370, #2109, #1577, #1373, #2405, #289, #1278, #460, #872, #2171, #1989, #1097, #1260, #1362, #1604, #1670, #501, #344, #958, #325, #1944, #2237, #1956, #155, #1152 ) ) ;
#1771 = CARTESIAN_POINT ( 'NONE',  ( 3.000000000000000000, 19.74999999999984368, -15.00000000000017053 ) ) ;
#1772 = CARTESIAN_POINT ( 'NONE',  ( -9.899494936611706208, -23.60000000000015064, -2.500000000000173639 ) ) ;
#1773 = AXIS2_PLACEMENT_3D ( 'NONE', #2023, #940, #1359 ) ;
#1774 = VERTEX_POINT ( 'NONE', #2051 ) ;
#1775 = ORIENTED_EDGE ( 'NONE', *, *, #992, .F. ) ;
#1776 = CARTESIAN_POINT ( 'NONE',  ( 6.000000000000001776, -1.591855728988893469E-13, -31.40000000000015845 ) ) ;
#1777 = AXIS2_PLACEMENT_3D ( 'NONE', #1784, #2190, #2000 ) ;
#1778 = DIRECTION ( 'NONE',  ( -1.000000000000000000, 0.000000000000000000, 0.000000000000000000 ) ) ;
#1779 = ADVANCED_FACE ( 'NONE', ( #1645 ), #1442, .T. ) ;
#1780 = DIRECTION ( 'NONE',  ( 1.000000000000000000, -0.000000000000000000, -0.000000000000000000 ) ) ;
#1781 = CARTESIAN_POINT ( 'NONE',  ( 2.999999999999999112, -21.94617346798906254, 4.760755280001517598 ) ) ;
#1782 = CARTESIAN_POINT ( 'NONE',  ( 3.000000000000000000, -5.000000000000170530, -30.15500200160176547 ) ) ;
#1783 = ORIENTED_EDGE ( 'NONE', *, *, #746, .F. ) ;
#1784 = CARTESIAN_POINT ( 'NONE',  ( 2.999999999999999112, -21.75000000000016698, 6.751111019676516278 ) ) ;
#1785 = FACE_OUTER_BOUND ( 'NONE', #262, .T. ) ;
#1786 = VERTEX_POINT ( 'NONE', #806 ) ;
#1787 = EDGE_LOOP ( 'NONE', ( #722, #2441, #393, #761, #1570 ) ) ;
#1788 = ORIENTED_EDGE ( 'NONE', *, *, #544, .T. ) ;
#1789 = CARTESIAN_POINT ( 'NONE',  ( -5.000000000000000000, -15.00000000000016165, 14.99999999999982947 ) ) ;
#1790 = ADVANCED_FACE ( 'NONE', ( #2065 ), #1452, .F. ) ;
#1791 = CARTESIAN_POINT ( 'NONE',  ( -3.000000000000000000, 10.99999999999984368, -11.00000000000017053 ) ) ;
#1792 = EDGE_CURVE ( 'NONE', #2584, #2446, #1219, .T. ) ;
#1793 = DIRECTION ( 'NONE',  ( 0.000000000000000000, 0.000000000000000000, -1.000000000000000000 ) ) ;
#1794 = ADVANCED_FACE ( 'NONE', ( #2024 ), #163, .F. ) ;
#1795 = EDGE_CURVE ( 'NONE', #959, #2189, #1618, .T. ) ;
#1796 = CARTESIAN_POINT ( 'NONE',  ( 4.500000000000003553, 23.44617346798906610, 2.495262991760331506 ) ) ;
#1797 = ORIENTED_EDGE ( 'NONE', *, *, #2627, .F. ) ;
#1798 = DIRECTION ( 'NONE',  ( 1.000000000000000000, 0.000000000000000000, 0.000000000000000000 ) ) ;
#1799 = CARTESIAN_POINT ( 'NONE',  ( -5.000000000000000000, 14.99999999999984368, 19.74999999999982947 ) ) ;
#1800 = VERTEX_POINT ( 'NONE', #1004 ) ;
#1801 = ORIENTED_EDGE ( 'NONE', *, *, #878, .F. ) ;
#1802 = VERTEX_POINT ( 'NONE', #1839 ) ;
#1803 = CARTESIAN_POINT ( 'NONE',  ( 4.328756437036028970, 23.44617346798907320, -4.997633179621248978 ) ) ;
#1804 = CIRCLE ( 'NONE', #1185, 5.000000000000011546 ) ;
#1805 = CARTESIAN_POINT ( 'NONE',  ( 4.500000000000007105, 23.44617346798906610, -4.997633179621248978 ) ) ;
#1806 = AXIS2_PLACEMENT_3D ( 'NONE', #2577, #1308, #2126 ) ;
#1807 = DIRECTION ( 'NONE',  ( 0.000000000000000000, 0.000000000000000000, -1.000000000000000000 ) ) ;
#1808 = AXIS2_PLACEMENT_3D ( 'NONE', #859, #2130, #673 ) ;
#1809 = LINE ( 'NONE', #2007, #2421 ) ;
#1810 = ORIENTED_EDGE ( 'NONE', *, *, #1413, .F. ) ;
#1811 = CARTESIAN_POINT ( 'NONE',  ( 3.000000000000000000, -15.00000000000017941, -19.75000000000017053 ) ) ;
#1812 = PLANE ( 'NONE',  #684 ) ;
#1813 = AXIS2_PLACEMENT_3D ( 'NONE', #1821, #2047, #1184 ) ;
#1814 = VERTEX_POINT ( 'NONE', #2683 ) ;
#1815 = EDGE_LOOP ( 'NONE', ( #2381, #1059, #250, #1320 ) ) ;
#1816 = ORIENTED_EDGE ( 'NONE', *, *, #2508, .F. ) ;
#1817 = DIRECTION ( 'NONE',  ( 0.000000000000000000, 0.000000000000000000, -1.000000000000000000 ) ) ;
#1818 = EDGE_CURVE ( 'NONE', #1957, #2028, #207, .T. ) ;
#1819 = AXIS2_PLACEMENT_3D ( 'NONE', #1885, #2296, #841 ) ;
#1820 = VECTOR ( 'NONE', #66, 1000.000000000000000 ) ;
#1821 = CARTESIAN_POINT ( 'NONE',  ( 2.999999999999999112, 6.999999999999852562, -21.75000000000017764 ) ) ;
#1822 = CARTESIAN_POINT ( 'NONE',  ( -4.999999999999997335, -11.00000000000017941, 12.99999999999982947 ) ) ;
#1823 = VERTEX_POINT ( 'NONE', #1870 ) ;
#1824 = DIRECTION ( 'NONE',  ( 1.000000000000000000, 0.000000000000000000, 0.000000000000000000 ) ) ;
#1825 = CARTESIAN_POINT ( 'NONE',  ( -3.000000000000000000, 12.99999999999984368, -13.00000000000017053 ) ) ;
#1826 = ORIENTED_EDGE ( 'NONE', *, *, #2327, .T. ) ;
#1827 = ORIENTED_EDGE ( 'NONE', *, *, #2, .T. ) ;
#1828 = ORIENTED_EDGE ( 'NONE', *, *, #1351, .F. ) ;
#1829 = PLANE ( 'NONE',  #1711 ) ;
#1830 = EDGE_CURVE ( 'NONE', #1037, #1250, #15, .T. ) ;
#1831 = CYLINDRICAL_SURFACE ( 'NONE', #1543, 2.000000000000000000 ) ;
#1832 = CARTESIAN_POINT ( 'NONE',  ( 2.999999999999999112, -21.94617346798906254, -4.760755280001869316 ) ) ;
#1833 = LINE ( 'NONE', #2217, #890 ) ;
#1834 = EDGE_CURVE ( 'NONE', #1715, #1937, #1364, .T. ) ;
#1835 = AXIS2_PLACEMENT_3D ( 'NONE', #2211, #1379, #1817 ) ;
#1836 = CARTESIAN_POINT ( 'NONE',  ( -5.000000000000000000, -15.00000000000017941, -15.00000000000017053 ) ) ;
#1837 = ORIENTED_EDGE ( 'NONE', *, *, #2114, .T. ) ;
#1838 = DIRECTION ( 'NONE',  ( -1.000000000000000000, 0.000000000000000000, 0.000000000000000000 ) ) ;
#1839 = CARTESIAN_POINT ( 'NONE',  ( 3.000000000000000000, -15.00000000000016165, 19.74999999999982947 ) ) ;
#1840 = VERTEX_POINT ( 'NONE', #882 ) ;
#1841 = EDGE_LOOP ( 'NONE', ( #695, #1357 ) ) ;
#1842 = ORIENTED_EDGE ( 'NONE', *, *, #2253, .T. ) ;
#1843 = CARTESIAN_POINT ( 'NONE',  ( 2.999999999999999112, -5.500000000000159872, 7.877103387564105526E-16 ) ) ;
#1844 = EDGE_CURVE ( 'NONE', #2643, #690, #1409, .T. ) ;
#1845 = EDGE_CURVE ( 'NONE', #2500, #2570, #1705, .T. ) ;
#1846 = DIRECTION ( 'NONE',  ( 1.000000000000000000, 0.000000000000000000, 0.000000000000000000 ) ) ;
#1847 = VECTOR ( 'NONE', #1282, 1000.000000000000000 ) ;
#1848 = CARTESIAN_POINT ( 'NONE',  ( 3.712315999986488979, 4.999999999999852562, -32.98842961123860817 ) ) ;
#1849 = AXIS2_PLACEMENT_3D ( 'NONE', #1789, #1582, #794 ) ;
#1850 = CARTESIAN_POINT ( 'NONE',  ( 3.000000000000000000, 4.999999999999851674, -30.15500200160176902 ) ) ;
#1851 = EDGE_CURVE ( 'NONE', #1854, #2132, #750, .T. ) ;
#1852 = CIRCLE ( 'NONE', #2330, 2.000000000000000000 ) ;
#1853 = DIRECTION ( 'NONE',  ( 1.000000000000000000, 0.000000000000000000, 0.000000000000000000 ) ) ;
#1854 = VERTEX_POINT ( 'NONE', #269 ) ;
#1855 = CARTESIAN_POINT ( 'NONE',  ( -5.000000000000000000, 23.59999999999984510, -5.000000000000166089 ) ) ;
#1856 = AXIS2_PLACEMENT_3D ( 'NONE', #1530, #2089, #2564 ) ;
#1857 = ORIENTED_EDGE ( 'NONE', *, *, #1954, .F. ) ;
#1858 = ORIENTED_EDGE ( 'NONE', *, *, #1101, .F. ) ;
#1859 = ORIENTED_EDGE ( 'NONE', *, *, #700, .T. ) ;
#1860 = DIRECTION ( 'NONE',  ( 0.000000000000000000, 0.000000000000000000, -1.000000000000000000 ) ) ;
#1861 = VECTOR ( 'NONE', #1612, 1000.000000000000000 ) ;
#1862 = VECTOR ( 'NONE', #1439, 1000.000000000000000 ) ;
#1863 = DIRECTION ( 'NONE',  ( -0.000000000000000000, -0.000000000000000000, -1.000000000000000000 ) ) ;
#1864 = VECTOR ( 'NONE', #1838, 1000.000000000000000 ) ;
#1865 = CARTESIAN_POINT ( 'NONE',  ( -5.000000000000000000, 19.74999999999984368, -6.751111019676853786 ) ) ;
#1866 = AXIS2_PLACEMENT_3D ( 'NONE', #1388, #584, #2402 ) ;
#1867 = DIRECTION ( 'NONE',  ( -1.000000000000000000, 0.000000000000000000, 0.000000000000000000 ) ) ;
#1868 = CARTESIAN_POINT ( 'NONE',  ( 3.324486013077253332, 22.88345257209218175, 2.396367914997635129 ) ) ;
#1869 = ORIENTED_EDGE ( 'NONE', *, *, #1473, .T. ) ;
#1870 = CARTESIAN_POINT ( 'NONE',  ( -5.000000000000000000, 14.99999999999984368, 12.74999999999983125 ) ) ;
#1871 = ORIENTED_EDGE ( 'NONE', *, *, #713, .F. ) ;
#1872 = ORIENTED_EDGE ( 'NONE', *, *, #1994, .F. ) ;
#1873 = DIRECTION ( 'NONE',  ( 1.000000000000000000, 0.000000000000000000, 0.000000000000000000 ) ) ;
#1874 = EDGE_CURVE ( 'NONE', #380, #165, #2057, .T. ) ;
#1875 = LINE ( 'NONE', #617, #538 ) ;
#1876 = APPLICATION_PROTOCOL_DEFINITION ( 'draft international standard', 'automotive_design', 1998, #2634 ) ;
#1877 = DIRECTION ( 'NONE',  ( -1.000000000000000000, -0.000000000000000000, -0.000000000000000000 ) ) ;
#1878 = CARTESIAN_POINT ( 'NONE',  ( -5.000000000000000000, 19.74999999999984368, -15.00000000000017053 ) ) ;
#1879 = EDGE_CURVE ( 'NONE', #47, #83, #2548, .T. ) ;
#1880 = EDGE_CURVE ( 'NONE', #1696, #219, #895, .T. ) ;
#1881 = LINE ( 'NONE', #10, #1324 ) ;
#1882 = DIRECTION ( 'NONE',  ( 1.000000000000000000, 0.000000000000000000, 0.000000000000000000 ) ) ;
#1883 = EDGE_LOOP ( 'NONE', ( #726, #1444, #505, #1596, #824, #2266 ) ) ;
#1884 = ORIENTED_EDGE ( 'NONE', *, *, #1664, .T. ) ;
#1885 = CARTESIAN_POINT ( 'NONE',  ( 3.000000000000000000, 14.99999999999984368, 14.99999999999982947 ) ) ;
#1886 = EDGE_CURVE ( 'NONE', #1222, #369, #1683, .T. ) ;
#1887 = DIRECTION ( 'NONE',  ( 0.000000000000000000, 0.000000000000000000, 1.000000000000000000 ) ) ;
#1888 = VECTOR ( 'NONE', #2545, 1000.000000000000000 ) ;
#1889 = LINE ( 'NONE', #53, #462 ) ;
#1890 = CARTESIAN_POINT ( 'NONE',  ( 3.000000000000000000, -15.00000000000016165, 14.99999999999982947 ) ) ;
#1891 = AXIS2_PLACEMENT_3D ( 'NONE', #962, #1996, #307 ) ;
#1892 = CARTESIAN_POINT ( 'NONE',  ( 12.89949493661169910, -1.427654291082565965E-13, 25.80614694161255329 ) ) ;
#1893 = DIRECTION ( 'NONE',  ( 0.000000000000000000, 0.000000000000000000, 1.000000000000000000 ) ) ;
#1894 = AXIS2_PLACEMENT_3D ( 'NONE', #413, #853, #1240 ) ;
#1895 = ORIENTED_EDGE ( 'NONE', *, *, #2363, .F. ) ;
#1896 = ORIENTED_EDGE ( 'NONE', *, *, #1898, .F. ) ;
#1897 = CARTESIAN_POINT ( 'NONE',  ( 3.037293058811664004, -22.27857142857159900, -4.822222156912099322 ) ) ;
#1898 = EDGE_CURVE ( 'NONE', #1103, #2331, #61, .T. ) ;
#1899 = CARTESIAN_POINT ( 'NONE',  ( 3.000000000000000000, -15.00000000000017941, -17.25000000000017053 ) ) ;
#1900 = CARTESIAN_POINT ( 'NONE',  ( -9.899494936611706208, -1.588794111991025217E-13, -33.90000000000015490 ) ) ;
#1901 = AXIS2_PLACEMENT_3D ( 'NONE', #2157, #1734, #509 ) ;
#1902 = CARTESIAN_POINT ( 'NONE',  ( 9.000000000000001776, -23.60000000000015064, -1.747491040759996142E-13 ) ) ;
#1903 = CARTESIAN_POINT ( 'NONE',  ( -3.000000000000000000, 10.99999999999984190, 10.99999999999982947 ) ) ;
#1904 = AXIS2_PLACEMENT_3D ( 'NONE', #558, #1389, #1155 ) ;
#1905 = CARTESIAN_POINT ( 'NONE',  ( 9.000000000000001776, 23.44617346798906610, 4.997633179620916799 ) ) ;
#1906 = VECTOR ( 'NONE', #1740, 1000.000000000000000 ) ;
#1907 = CARTESIAN_POINT ( 'NONE',  ( 3.012801631113336764, -22.17079765874713004, 4.792689021759010792 ) ) ;
#1908 = ORIENTED_EDGE ( 'NONE', *, *, #2591, .T. ) ;
#1909 = ORIENTED_EDGE ( 'NONE', *, *, #702, .F. ) ;
#1910 = CARTESIAN_POINT ( 'NONE',  ( -5.000000000000000000, -1.591855728988893469E-13, -38.90000000000018332 ) ) ;
#1911 = ORIENTED_EDGE ( 'NONE', *, *, #28, .T. ) ;
#1912 = CARTESIAN_POINT ( 'NONE',  ( 3.000000000000000000, -19.75000000000016698, 6.751111019676514502 ) ) ;
#1913 = ADVANCED_FACE ( 'NONE', ( #1488 ), #2315, .T. ) ;
#1914 = CARTESIAN_POINT ( 'NONE',  ( -66.20011627344371163, -23.44617346798906610, 25.44486142177823140 ) ) ;
#1915 = LINE ( 'NONE', #471, #1888 ) ;
#1916 = EDGE_CURVE ( 'NONE', #1392, #464, #1583, .T. ) ;
#1917 = DIRECTION ( 'NONE',  ( 0.000000000000000000, 0.000000000000000000, 1.000000000000000000 ) ) ;
#1918 = LINE ( 'NONE', #1300, #757 ) ;
#1919 = ORIENTED_EDGE ( 'NONE', *, *, #2568, .F. ) ;
#1920 = ORIENTED_EDGE ( 'NONE', *, *, #646, .T. ) ;
#1921 = FACE_OUTER_BOUND ( 'NONE', #1180, .T. ) ;
#1922 = CARTESIAN_POINT ( 'NONE',  ( 2.999999999999999112, 21.94617346798906610, -1.874795402708744119 ) ) ;
#1923 = ORIENTED_EDGE ( 'NONE', *, *, #2158, .F. ) ;
#1924 = CARTESIAN_POINT ( 'NONE',  ( 9.000000000000001776, -23.60000000000015064, -1.747491040759996142E-13 ) ) ;
#1925 = DIRECTION ( 'NONE',  ( 1.000000000000000000, 0.000000000000000000, 0.000000000000000000 ) ) ;
#1926 = CARTESIAN_POINT ( 'NONE',  ( -5.000000000000000000, -15.00000000000016165, 19.74999999999982947 ) ) ;
#1927 = DIRECTION ( 'NONE',  ( -1.000000000000000000, 0.000000000000000000, 0.000000000000000000 ) ) ;
#1928 = CARTESIAN_POINT ( 'NONE',  ( 2.999999999999999112, 23.59999999999984510, -1.658673198789983619E-13 ) ) ;
#1929 = VECTOR ( 'NONE', #1431, 1000.000000000000000 ) ;
#1930 = EDGE_LOOP ( 'NONE', ( #641, #2152, #2525, #298 ) ) ;
#1931 = ORIENTED_EDGE ( 'NONE', *, *, #388, .F. ) ;
#1932 = CARTESIAN_POINT ( 'NONE',  ( 3.000000000000000000, 14.99999999999983658, -19.75000000000017764 ) ) ;
#1933 = AXIS2_PLACEMENT_3D ( 'NONE', #2095, #251, #236 ) ;
#1934 = LINE ( 'NONE', #80, #1820 ) ;
#1935 = AXIS2_PLACEMENT_3D ( 'NONE', #540, #2638, #974 ) ;
#1936 = ORIENTED_EDGE ( 'NONE', *, *, #2560, .F. ) ;
#1937 = VERTEX_POINT ( 'NONE', #1096 ) ;
#1938 = DIRECTION ( 'NONE',  ( -1.000000000000000000, 0.000000000000000000, 0.000000000000000000 ) ) ;
#1939 = CARTESIAN_POINT ( 'NONE',  ( -5.000000000000000000, -1.591855728988893469E-13, -36.40000000000016911 ) ) ;
#1940 = LINE ( 'NONE', #73, #447 ) ;
#1941 = FACE_OUTER_BOUND ( 'NONE', #2514, .T. ) ;
#1942 = CARTESIAN_POINT ( 'NONE',  ( 3.000000000000000000, 14.99999999999983658, -15.00000000000017053 ) ) ;
#1943 = VERTEX_POINT ( 'NONE', #871 ) ;
#1944 = ORIENTED_EDGE ( 'NONE', *, *, #1065, .T. ) ;
#1945 = LINE ( 'NONE', #1697, #1906 ) ;
#1946 = LINE ( 'NONE', #272, #293 ) ;
#1947 = ORIENTED_EDGE ( 'NONE', *, *, #43, .F. ) ;
#1948 = ORIENTED_EDGE ( 'NONE', *, *, #1310, .T. ) ;
#1949 = LINE ( 'NONE', #945, #2463 ) ;
#1950 = EDGE_CURVE ( 'NONE', #46, #561, #674, .T. ) ;
#1951 = DIRECTION ( 'NONE',  ( -1.000000000000000000, -0.000000000000000000, -0.000000000000000000 ) ) ;
#1952 = CYLINDRICAL_SURFACE ( 'NONE', #67, 2.000000000000000888 ) ;
#1953 = FACE_OUTER_BOUND ( 'NONE', #1492, .T. ) ;
#1954 = EDGE_CURVE ( 'NONE', #1597, #2537, #1918, .T. ) ;
#1955 = EDGE_CURVE ( 'NONE', #1307, #996, #2322, .T. ) ;
#1956 = ORIENTED_EDGE ( 'NONE', *, *, #1327, .T. ) ;
#1957 = VERTEX_POINT ( 'NONE', #2566 ) ;
#1958 = CYLINDRICAL_SURFACE ( 'NONE', #732, 2.250000000000000444 ) ;
#1959 = CARTESIAN_POINT ( 'NONE',  ( 4.291461430522861775, -23.43522357737962025, 2.494656463609204344 ) ) ;
#1960 = ORIENTED_EDGE ( 'NONE', *, *, #2569, .F. ) ;
#1961 = ORIENTED_EDGE ( 'NONE', *, *, #109, .T. ) ;
#1962 = CARTESIAN_POINT ( 'NONE',  ( 3.000000000000000000, 14.99999999999984368, 14.99999999999982947 ) ) ;
#1963 = EDGE_CURVE ( 'NONE', #2307, #711, #433, .T. ) ;
#1964 = CARTESIAN_POINT ( 'NONE',  ( 2.999999999999999112, -1.427654291082565965E-13, 28.30614694161256750 ) ) ;
#1965 = LINE ( 'NONE', #2484, #106 ) ;
#1966 = CYLINDRICAL_SURFACE ( 'NONE', #581, 1.500000000000000000 ) ;
#1967 = VECTOR ( 'NONE', #473, 1000.000000000000000 ) ;
#1968 = CARTESIAN_POINT ( 'NONE',  ( 3.712304867470341829, -5.000000000000170530, -32.98840632189888566 ) ) ;
#1969 = ORIENTED_EDGE ( 'NONE', *, *, #869, .F. ) ;
#1970 = CARTESIAN_POINT ( 'NONE',  ( 9.000000000000001776, 23.59999999999984510, 2.499999999999836575 ) ) ;
#1971 = DIRECTION ( 'NONE',  ( 0.000000000000000000, 0.000000000000000000, -1.000000000000000000 ) ) ;
#1972 = AXIS2_PLACEMENT_3D ( 'NONE', #2142, #295, #321 ) ;
#1973 = EDGE_LOOP ( 'NONE', ( #90, #2082, #1644, #727 ) ) ;
#1974 = ORIENTED_EDGE ( 'NONE', *, *, #2313, .T. ) ;
#1975 = VECTOR ( 'NONE', #2589, 1000.000000000000000 ) ;
#1976 = DIRECTION ( 'NONE',  ( 0.000000000000000000, 0.000000000000000000, -1.000000000000000000 ) ) ;
#1977 = EDGE_CURVE ( 'NONE', #2645, #2277, #2458, .T. ) ;
#1978 = AXIS2_PLACEMENT_3D ( 'NONE', #1015, #1451, #845 ) ;
#1979 = DIRECTION ( 'NONE',  ( 0.000000000000000000, 0.000000000000000000, 1.000000000000000000 ) ) ;
#1980 = DIRECTION ( 'NONE',  ( -1.000000000000000000, -0.000000000000000000, -0.000000000000000000 ) ) ;
#1981 = VECTOR ( 'NONE', #1438, 1000.000000000000000 ) ;
#1982 = CARTESIAN_POINT ( 'NONE',  ( 3.012801631113337653, -22.17079765874713360, -4.792689021759360735 ) ) ;
#1983 = CIRCLE ( 'NONE', #1720, 2.000000000000000000 ) ;
#1984 = CYLINDRICAL_SURFACE ( 'NONE', #1935, 2.250000000000001776 ) ;
#1985 = ORIENTED_EDGE ( 'NONE', *, *, #907, .F. ) ;
#1986 = DIRECTION ( 'NONE',  ( 0.000000000000000000, 0.000000000000000000, -1.000000000000000000 ) ) ;
#1987 = CARTESIAN_POINT ( 'NONE',  ( 3.000000000000000000, 14.99999999999983658, -12.75000000000016342 ) ) ;
#1988 = AXIS2_PLACEMENT_3D ( 'NONE', #1754, #1117, #707 ) ;
#1989 = ORIENTED_EDGE ( 'NONE', *, *, #1011, .T. ) ;
#1990 = ORIENTED_EDGE ( 'NONE', *, *, #837, .F. ) ;
#1991 = ORIENTED_EDGE ( 'NONE', *, *, #82, .F. ) ;
#1992 = FACE_OUTER_BOUND ( 'NONE', #2014, .T. ) ;
#1993 = VECTOR ( 'NONE', #14, 1000.000000000000000 ) ;
#1994 = EDGE_CURVE ( 'NONE', #625, #793, #484, .T. ) ;
#1995 = CARTESIAN_POINT ( 'NONE',  ( 3.000000000000002665, 5.499999999999870326, 25.80614694161255329 ) ) ;
#1996 = DIRECTION ( 'NONE',  ( -1.000000000000000000, 0.000000000000000000, 0.000000000000000000 ) ) ;
#1997 = EDGE_CURVE ( 'NONE', #1589, #1170, #2325, .T. ) ;
#1998 = DIRECTION ( 'NONE',  ( -0.000000000000000000, -0.000000000000000000, 1.000000000000000000 ) ) ;
#1999 = ORIENTED_EDGE ( 'NONE', *, *, #1395, .T. ) ;
#2000 = DIRECTION ( 'NONE',  ( 0.000000000000000000, 0.000000000000000000, -1.000000000000000000 ) ) ;
#2001 = PLANE ( 'NONE',  #2388 ) ;
#2002 = ORIENTED_EDGE ( 'NONE', *, *, #2489, .F. ) ;
#2003 = VERTEX_POINT ( 'NONE', #23 ) ;
#2004 = PLANE ( 'NONE',  #438 ) ;
#2005 = CARTESIAN_POINT ( 'NONE',  ( 6.000000000000001776, 4.999999999999851674, -36.40000000000016911 ) ) ;
#2006 = EDGE_CURVE ( 'NONE', #1581, #312, #363, .T. ) ;
#2007 = CARTESIAN_POINT ( 'NONE',  ( -9.899494936611706208, -23.44617346798906610, 2.495262991760299975 ) ) ;
#2008 = EDGE_CURVE ( 'NONE', #1957, #246, #2241, .T. ) ;
#2009 = ORIENTED_EDGE ( 'NONE', *, *, #2607, .F. ) ;
#2010 = CARTESIAN_POINT ( 'NONE',  ( 9.000000000000001776, 23.59999999999984510, -2.500000000000167866 ) ) ;
#2011 = LINE ( 'NONE', #149, #2344 ) ;
#2012 = ORIENTED_EDGE ( 'NONE', *, *, #202, .F. ) ;
#2013 = EDGE_LOOP ( 'NONE', ( #780, #2703, #2631, #1620 ) ) ;
#2014 = EDGE_LOOP ( 'NONE', ( #875, #1358, #2042, #1157, #1827 ) ) ;
#2015 = CYLINDRICAL_SURFACE ( 'NONE', #1835, 2.500000000000002220 ) ;
#2016 = AXIS2_PLACEMENT_3D ( 'NONE', #1529, #2579, #495 ) ;
#2017 = LINE ( 'NONE', #999, #2424 ) ;
#2018 = VECTOR ( 'NONE', #41, 1000.000000000000000 ) ;
#2019 = CARTESIAN_POINT ( 'NONE',  ( 9.000000000000001776, 23.59999999999984510, -1.658673198789983619E-13 ) ) ;
#2020 = CARTESIAN_POINT ( 'NONE',  ( 3.987808551011511327, 23.35984022527913950, 2.488797855949820281 ) ) ;
#2021 = ORIENTED_EDGE ( 'NONE', *, *, #421, .T. ) ;
#2022 = ADVANCED_FACE ( 'NONE', ( #514 ), #745, .T. ) ;
#2023 = CARTESIAN_POINT ( 'NONE',  ( -19.42221666030940952, 6.999999999999852562, -21.75000000000017764 ) ) ;
#2024 = FACE_OUTER_BOUND ( 'NONE', #1231, .T. ) ;
#2025 = VECTOR ( 'NONE', #1573, 1000.000000000000000 ) ;
#2026 = ORIENTED_EDGE ( 'NONE', *, *, #2569, .T. ) ;
#2027 = ORIENTED_EDGE ( 'NONE', *, *, #429, .T. ) ;
#2028 = VERTEX_POINT ( 'NONE', #2398 ) ;
#2029 = CARTESIAN_POINT ( 'NONE',  ( 4.162215901336321799, 23.41763325821433028, -4.996998478855672943 ) ) ;
#2030 = ADVANCED_FACE ( 'NONE', ( #2202 ), #1737, .F. ) ;
#2031 = CIRCLE ( 'NONE', #864, 5.000000000000000888 ) ;
#2032 = CARTESIAN_POINT ( 'NONE',  ( 4.500000000000007105, 23.44617346798906610, 4.997633179620917687 ) ) ;
#2033 = DIRECTION ( 'NONE',  ( -1.000000000000000000, 0.000000000000000000, 0.000000000000000000 ) ) ;
#2034 = FACE_OUTER_BOUND ( 'NONE', #1708, .T. ) ;
#2035 = LINE ( 'NONE', #2305, #454 ) ;
#2036 = ORIENTED_EDGE ( 'NONE', *, *, #2180, .F. ) ;
#2037 = PLANE ( 'NONE',  #425 ) ;
#2038 = DIRECTION ( 'NONE',  ( -1.000000000000000000, 0.000000000000000000, 0.000000000000000000 ) ) ;
#2039 = EDGE_CURVE ( 'NONE', #2603, #2003, #1124, .T. ) ;
#2040 = ADVANCED_FACE ( 'NONE', ( #1354 ), #1112, .T. ) ;
#2041 = ORIENTED_EDGE ( 'NONE', *, *, #2519, .F. ) ;
#2042 = ORIENTED_EDGE ( 'NONE', *, *, #709, .F. ) ;
#2043 = ORIENTED_EDGE ( 'NONE', *, *, #1874, .T. ) ;
#2044 = FACE_OUTER_BOUND ( 'NONE', #928, .T. ) ;
#2045 = CARTESIAN_POINT ( 'NONE',  ( 3.000000000000000000, -5.000000000000170530, -30.15500200160176547 ) ) ;
#2046 = EDGE_CURVE ( 'NONE', #614, #1756, #1538, .T. ) ;
#2047 = DIRECTION ( 'NONE',  ( -1.000000000000000000, -0.000000000000000000, -0.000000000000000000 ) ) ;
#2048 = PLANE ( 'NONE',  #1068 ) ;
#2049 = FACE_OUTER_BOUND ( 'NONE', #398, .T. ) ;
#2050 = ORIENTED_EDGE ( 'NONE', *, *, #1713, .T. ) ;
#2051 = CARTESIAN_POINT ( 'NONE',  ( 2.999999999999999112, 21.74999999999984723, -4.751111019676853786 ) ) ;
#2052 = ORIENTED_EDGE ( 'NONE', *, *, #2694, .F. ) ;
#2053 = VERTEX_POINT ( 'NONE', #2625 ) ;
#2054 = EDGE_LOOP ( 'NONE', ( #981, #2238, #297, #1316, #1190, #2702, #1091, #179 ) ) ;
#2055 = DIRECTION ( 'NONE',  ( 0.000000000000000000, 1.000000000000000000, -5.782411586589357639E-16 ) ) ;
#2056 = CARTESIAN_POINT ( 'NONE',  ( 3.000000000000000000, 14.99999999999984368, 17.24999999999982947 ) ) ;
#2057 = CIRCLE ( 'NONE', #144, 5.500000000000011546 ) ;
#2058 = DIRECTION ( 'NONE',  ( 0.000000000000000000, 0.000000000000000000, -1.000000000000000000 ) ) ;
#2059 = VECTOR ( 'NONE', #1807, 1000.000000000000000 ) ;
#2060 = VECTOR ( 'NONE', #813, 1000.000000000000000 ) ;
#2061 = DIRECTION ( 'NONE',  ( 1.000000000000000000, 0.000000000000000000, 0.000000000000000000 ) ) ;
#2062 = CARTESIAN_POINT ( 'NONE',  ( 9.000000000000001776, 23.59999999999984510, -1.658673198789983619E-13 ) ) ;
#2063 = VERTEX_POINT ( 'NONE', #2186 ) ;
#2064 = CIRCLE ( 'NONE', #1856, 2.499999999999998668 ) ;
#2065 = FACE_OUTER_BOUND ( 'NONE', #2205, .T. ) ;
#2066 = EDGE_CURVE ( 'NONE', #95, #2603, #2581, .T. ) ;
#2067 = AXIS2_PLACEMENT_3D ( 'NONE', #1465, #1628, #186 ) ;
#2068 = ORIENTED_EDGE ( 'NONE', *, *, #545, .T. ) ;
#2069 = ORIENTED_EDGE ( 'NONE', *, *, #2160, .F. ) ;
#2070 = FACE_OUTER_BOUND ( 'NONE', #682, .T. ) ;
#2071 = AXIS2_PLACEMENT_3D ( 'NONE', #159, #2666, #1614 ) ;
#2072 = LINE ( 'NONE', #1912, #2018 ) ;
#2073 = APPLICATION_PROTOCOL_DEFINITION ( 'draft international standard', 'automotive_design', 1998, #796 ) ;
#2074 = EDGE_CURVE ( 'NONE', #2537, #63, #1684, .T. ) ;
#2075 = ADVANCED_FACE ( 'NONE', ( #1953 ), #282, .T. ) ;
#2076 = VECTOR ( 'NONE', #255, 1000.000000000000000 ) ;
#2077 = EDGE_CURVE ( 'NONE', #1046, #965, #1014, .T. ) ;
#2078 = CARTESIAN_POINT ( 'NONE',  ( 3.000000000000000000, -15.00000000000016165, 14.99999999999982947 ) ) ;
#2079 = AXIS2_PLACEMENT_3D ( 'NONE', #299, #2572, #1089 ) ;
#2080 = LINE ( 'NONE', #2618, #1506 ) ;
#2081 = CARTESIAN_POINT ( 'NONE',  ( -4.999999999999997335, -11.00000000000017764, -11.00000000000017053 ) ) ;
#2082 = ORIENTED_EDGE ( 'NONE', *, *, #2590, .T. ) ;
#2083 = ORIENTED_EDGE ( 'NONE', *, *, #2450, .T. ) ;
#2084 = CARTESIAN_POINT ( 'NONE',  ( -5.000000000000000000, -21.75000000000017408, -6.751111019676867997 ) ) ;
#2085 = CARTESIAN_POINT ( 'NONE',  ( 3.000000000000000000, -19.75000000000018119, -15.00000000000016875 ) ) ;
#2086 = CARTESIAN_POINT ( 'NONE',  ( 3.120330856017791366, 22.54222946673116823, -2.267366436456747181 ) ) ;
#2087 = DIRECTION ( 'NONE',  ( 0.000000000000000000, 0.000000000000000000, -1.000000000000000000 ) ) ;
#2088 = CYLINDRICAL_SURFACE ( 'NONE', #1532, 2.500000000000012434 ) ;
#2089 = DIRECTION ( 'NONE',  ( 1.000000000000000000, 0.000000000000000000, 0.000000000000000000 ) ) ;
#2090 = CARTESIAN_POINT ( 'NONE',  ( -5.000000000000000000, -15.00000000000016165, 14.99999999999982947 ) ) ;
#2091 = ADVANCED_FACE ( 'NONE', ( #2162 ), #1966, .F. ) ;
#2092 = ORIENTED_EDGE ( 'NONE', *, *, #2074, .F. ) ;
#2093 = VERTEX_POINT ( 'NONE', #1329 ) ;
#2094 = CARTESIAN_POINT ( 'NONE',  ( 3.692390410479173823, -23.22165259381291591, -4.986821956961625446 ) ) ;
#2095 = CARTESIAN_POINT ( 'NONE',  ( 3.000000000000000000, -1.591855728988893469E-13, -36.40000000000016911 ) ) ;
#2096 = LINE ( 'NONE', #2299, #1548 ) ;
#2097 = AXIS2_PLACEMENT_3D ( 'NONE', #36, #860, #1668 ) ;
#2098 = LINE ( 'NONE', #240, #2477 ) ;
#2099 = DIRECTION ( 'NONE',  ( 0.000000000000000000, 0.000000000000000000, 1.000000000000000000 ) ) ;
#2100 = MECHANICAL_DESIGN_GEOMETRIC_PRESENTATION_REPRESENTATION (  '', ( #2546 ), #1366 ) ;
#2101 = DIRECTION ( 'NONE',  ( 1.000000000000000000, 0.000000000000000000, 0.000000000000000000 ) ) ;
#2102 = DIRECTION ( 'NONE',  ( -0.000000000000000000, 1.000000000000000000, -0.000000000000000000 ) ) ;
#2103 = VECTOR ( 'NONE', #1526, 1000.000000000000000 ) ;
#2104 = ADVANCED_FACE ( 'NONE', ( #129 ), #1767, .F. ) ;
#2105 = ORIENTED_EDGE ( 'NONE', *, *, #1633, .T. ) ;
#2106 = EDGE_LOOP ( 'NONE', ( #980, #146, #1434, #2105 ) ) ;
#2107 = FACE_BOUND ( 'NONE', #1520, .T. ) ;
#2108 = CIRCLE ( 'NONE', #1457, 2.249999999999998668 ) ;
#2109 = ORIENTED_EDGE ( 'NONE', *, *, #1148, .T. ) ;
#2110 = CIRCLE ( 'NONE', #2297, 5.500000000000011546 ) ;
#2111 = CARTESIAN_POINT ( 'NONE',  ( 9.000000000000001776, 23.44617346798906610, 2.495262991760331506 ) ) ;
#2112 = CARTESIAN_POINT ( 'NONE',  ( 3.056908089183344668, 22.36600133441598359, -2.176482564037509615 ) ) ;
#2113 = CIRCLE ( 'NONE', #1028, 2.499999999999998668 ) ;
#2114 = EDGE_CURVE ( 'NONE', #625, #1840, #2689, .T. ) ;
#2115 = DIRECTION ( 'NONE',  ( -1.000000000000000000, 0.000000000000000000, 0.000000000000000000 ) ) ;
#2116 = CARTESIAN_POINT ( 'NONE',  ( -4.999999999999997335, -13.00000000000017941, -11.00000000000017231 ) ) ;
#2117 = VECTOR ( 'NONE', #1318, 1000.000000000000000 ) ;
#2118 = DIRECTION ( 'NONE',  ( 0.000000000000000000, 0.000000000000000000, -1.000000000000000000 ) ) ;
#2119 = AXIS2_PLACEMENT_3D ( 'NONE', #2442, #1401, #147 ) ;
#2120 = CARTESIAN_POINT ( 'NONE',  ( 3.000000000000000000, -7.000000000000171418, -21.75000000000017408 ) ) ;
#2121 = EDGE_LOOP ( 'NONE', ( #409, #1947 ) ) ;
#2122 = ORIENTED_EDGE ( 'NONE', *, *, #1076, .F. ) ;
#2123 = CARTESIAN_POINT ( 'NONE',  ( 3.000000000000000000, 14.99999999999984368, 14.99999999999982947 ) ) ;
#2124 = FACE_OUTER_BOUND ( 'NONE', #1883, .T. ) ;
#2125 = ORIENTED_EDGE ( 'NONE', *, *, #629, .T. ) ;
#2126 = DIRECTION ( 'NONE',  ( 0.000000000000000000, 0.000000000000000000, -1.000000000000000000 ) ) ;
#2127 = EDGE_CURVE ( 'NONE', #1802, #547, #1057, .T. ) ;
#2128 = CARTESIAN_POINT ( 'NONE',  ( 3.000000000000000000, 10.99999999999984368, -11.00000000000017053 ) ) ;
#2129 = DIRECTION ( 'NONE',  ( -1.000000000000000000, 0.000000000000000000, 0.000000000000000000 ) ) ;
#2130 = DIRECTION ( 'NONE',  ( -1.000000000000000000, 0.000000000000000000, 0.000000000000000000 ) ) ;
#2131 = DIRECTION ( 'NONE',  ( -0.000000000000000000, -0.000000000000000000, -1.000000000000000000 ) ) ;
#2132 = VERTEX_POINT ( 'NONE', #1781 ) ;
#2133 = VERTEX_POINT ( 'NONE', #1850 ) ;
#2134 = DIRECTION ( 'NONE',  ( 0.000000000000000000, 0.000000000000000000, 1.000000000000000000 ) ) ;
#2135 = CARTESIAN_POINT ( 'NONE',  ( 4.394777338362076513, -23.44617346798906965, 2.495262991760299975 ) ) ;
#2136 = ORIENTED_EDGE ( 'NONE', *, *, #82, .T. ) ;
#2137 = ORIENTED_EDGE ( 'NONE', *, *, #99, .F. ) ;
#2138 = CARTESIAN_POINT ( 'NONE',  ( 18.95445179679157377, 21.74999999999984723, -4.751111019676853786 ) ) ;
#2139 = DIRECTION ( 'NONE',  ( 0.000000000000000000, 0.000000000000000000, -1.000000000000000000 ) ) ;
#2140 = CARTESIAN_POINT ( 'NONE',  ( -9.899494936611706208, -1.591855728988893469E-13, -36.40000000000016911 ) ) ;
#2141 = CARTESIAN_POINT ( 'NONE',  ( 3.136404804926742340, 22.59365852970141830, 4.899854457428518550 ) ) ;
#2142 = CARTESIAN_POINT ( 'NONE',  ( -19.42221666030940952, 4.999999999999851674, -36.40000000000016911 ) ) ;
#2143 = CIRCLE ( 'NONE', #2370, 5.000000000000000000 ) ;
#2144 = EDGE_LOOP ( 'NONE', ( #809, #2418, #2278, #1002 ) ) ;
#2145 = ORIENTED_EDGE ( 'NONE', *, *, #837, .T. ) ;
#2146 = MANIFOLD_SOLID_BREP ( 'Cut-Extrude4', #1717 ) ;
#2147 = DIRECTION ( 'NONE',  ( 0.000000000000000000, 0.000000000000000000, 1.000000000000000000 ) ) ;
#2148 = AXIS2_PLACEMENT_3D ( 'NONE', #644, #1471, #2495 ) ;
#2149 = CARTESIAN_POINT ( 'NONE',  ( -9.899494936611706208, -23.44617346798906610, -2.495262991760649474 ) ) ;
#2150 = EDGE_CURVE ( 'NONE', #2526, #1576, #1384, .T. ) ;
#2151 = VECTOR ( 'NONE', #1998, 1000.000000000000000 ) ;
#2152 = ORIENTED_EDGE ( 'NONE', *, *, #1916, .F. ) ;
#2153 = ORIENTED_EDGE ( 'NONE', *, *, #1898, .T. ) ;
#2154 = ORIENTED_EDGE ( 'NONE', *, *, #304, .F. ) ;
#2155 = DIRECTION ( 'NONE',  ( 1.000000000000000000, 0.000000000000000000, 0.000000000000000000 ) ) ;
#2156 = CIRCLE ( 'NONE', #937, 5.000000000000000000 ) ;
#2157 = CARTESIAN_POINT ( 'NONE',  ( 3.000000000000000000, -7.000000000000171418, -21.75000000000017408 ) ) ;
#2158 = EDGE_CURVE ( 'NONE', #1695, #1943, #1833, .T. ) ;
#2159 = VECTOR ( 'NONE', #1652, 1000.000000000000000 ) ;
#2160 = EDGE_CURVE ( 'NONE', #2267, #1220, #2651, .T. ) ;
#2161 = DIRECTION ( 'NONE',  ( -1.000000000000000000, 0.000000000000000000, 0.000000000000000000 ) ) ;
#2162 = FACE_OUTER_BOUND ( 'NONE', #397, .T. ) ;
#2163 = VECTOR ( 'NONE', #488, 1000.000000000000000 ) ;
#2164 = ORIENTED_EDGE ( 'NONE', *, *, #2489, .T. ) ;
#2165 = B_SPLINE_CURVE_WITH_KNOTS ( 'NONE', 3,
 ( #49, #1741, #2361, #261, #1712, #2554, #1555, #680, #2540, #1511, #1537, #2350, #1304, #1959, #2135, #2392 ),
 .UNSPECIFIED., .F., .F.,
 ( 4, 2, 2, 2, 2, 2, 2, 4 ),
 ( 0.000000000000000000, 0.0003112569341121572972, 0.0006225138682243145944, 0.0009337708023364718916, 0.001245027736448629189, 0.001867541604672951589, 0.002178798538785108561, 0.002490055472897266184 ),
 .UNSPECIFIED. ) ;
#2166 = EDGE_CURVE ( 'NONE', #2455, #943, #986, .T. ) ;
#2167 = VERTEX_POINT ( 'NONE', #2486 ) ;
#2168 = CARTESIAN_POINT ( 'NONE',  ( -5.000000000000000000, -23.60000000000015064, -1.747491040759996142E-13 ) ) ;
#2169 = LINE ( 'NONE', #2149, #1466 ) ;
#2170 = ORIENTED_EDGE ( 'NONE', *, *, #594, .F. ) ;
#2171 = ORIENTED_EDGE ( 'NONE', *, *, #2531, .T. ) ;
#2172 = CARTESIAN_POINT ( 'NONE',  ( 9.000000000000001776, -23.60000000000015064, -2.500000000000173639 ) ) ;
#2173 = DIRECTION ( 'NONE',  ( 0.000000000000000000, 0.000000000000000000, 1.000000000000000000 ) ) ;
#2174 = CARTESIAN_POINT ( 'NONE',  ( 3.000000000000000000, -5.500000000000155431, 21.74999999999983302 ) ) ;
#2175 = DIRECTION ( 'NONE',  ( 0.000000000000000000, 0.000000000000000000, -1.000000000000000000 ) ) ;
#2176 = DIRECTION ( 'NONE',  ( -1.000000000000000000, 0.000000000000000000, 0.000000000000000000 ) ) ;
#2177 = ORIENTED_EDGE ( 'NONE', *, *, #1730, .T. ) ;
#2178 = DIRECTION ( 'NONE',  ( -1.000000000000000000, -0.000000000000000000, -0.000000000000000000 ) ) ;
#2179 = CARTESIAN_POINT ( 'NONE',  ( 18.95445179679157377, -1.591855728988893469E-13, -36.40000000000016911 ) ) ;
#2180 = EDGE_CURVE ( 'NONE', #996, #177, #610, .T. ) ;
#2181 = ORIENTED_EDGE ( 'NONE', *, *, #2282, .F. ) ;
#2182 = VERTEX_POINT ( 'NONE', #785 ) ;
#2183 = DIRECTION ( 'NONE',  ( 1.000000000000000000, -0.000000000000000000, -0.000000000000000000 ) ) ;
#2184 = CARTESIAN_POINT ( 'NONE',  ( -5.000000000000000000, 23.59999999999984510, -1.658673198789983619E-13 ) ) ;
#2185 = CARTESIAN_POINT ( 'NONE',  ( 18.95445179679157377, -23.60000000000015064, -1.747491040759996142E-13 ) ) ;
#2186 = CARTESIAN_POINT ( 'NONE',  ( 9.000000000000001776, 23.44617346798906610, -4.997633179621249866 ) ) ;
#2187 = CIRCLE ( 'NONE', #234, 2.500000000000002220 ) ;
#2188 = ORIENTED_EDGE ( 'NONE', *, *, #1874, .F. ) ;
#2189 = VERTEX_POINT ( 'NONE', #1412 ) ;
#2190 = DIRECTION ( 'NONE',  ( -1.000000000000000000, -0.000000000000000000, -0.000000000000000000 ) ) ;
#2191 = DIRECTION ( 'NONE',  ( 0.000000000000000000, 0.000000000000000000, -1.000000000000000000 ) ) ;
#2192 = EDGE_CURVE ( 'NONE', #352, #788, #1639, .T. ) ;
#2193 = ORIENTED_EDGE ( 'NONE', *, *, #1551, .T. ) ;
#2194 = ORIENTED_EDGE ( 'NONE', *, *, #1595, .T. ) ;
#2195 = ORIENTED_EDGE ( 'NONE', *, *, #2471, .F. ) ;
#2196 = CIRCLE ( 'NONE', #1276, 2.250000000000000444 ) ;
#2197 = CARTESIAN_POINT ( 'NONE',  ( 9.000000000000001776, 23.44617346798906610, 25.44486142177823140 ) ) ;
#2198 = CARTESIAN_POINT ( 'NONE',  ( 2.999999999999999112, 21.94617346798906254, 4.760755280001554901 ) ) ;
#2199 = ADVANCED_FACE ( 'NONE', ( #800, #1602 ), #2438, .T. ) ;
#2200 = AXIS2_PLACEMENT_3D ( 'NONE', #1298, #1927, #1518 ) ;
#2201 = AXIS2_PLACEMENT_3D ( 'NONE', #908, #98, #2368 ) ;
#2202 = FACE_OUTER_BOUND ( 'NONE', #1541, .T. ) ;
#2203 = VECTOR ( 'NONE', #2469, 1000.000000000000000 ) ;
#2204 = CARTESIAN_POINT ( 'NONE',  ( 5.639192985750282716, -5.000000000000170530, -35.93419937120008711 ) ) ;
#2205 = EDGE_LOOP ( 'NONE', ( #2068, #1553, #1859, #25 ) ) ;
#2206 = CYLINDRICAL_SURFACE ( 'NONE', #1427, 2.249999999999998668 ) ;
#2207 = CARTESIAN_POINT ( 'NONE',  ( 18.95445179679157377, 21.74999999999984723, -6.751111019676853786 ) ) ;
#2208 = CIRCLE ( 'NONE', #1338, 1.999999999999999112 ) ;
#2209 = ORIENTED_EDGE ( 'NONE', *, *, #603, .T. ) ;
#2210 = ORIENTED_EDGE ( 'NONE', *, *, #2568, .T. ) ;
#2211 = CARTESIAN_POINT ( 'NONE',  ( -9.899494936611706208, 23.59999999999984510, -1.658673198789983619E-13 ) ) ;
#2212 = CIRCLE ( 'NONE', #1777, 2.000000000000000000 ) ;
#2213 = CARTESIAN_POINT ( 'NONE',  ( 3.475333562329737447, 4.999999999999851674, -32.45153458252283230 ) ) ;
#2214 = EDGE_CURVE ( 'NONE', #445, #2347, #566, .T. ) ;
#2215 = EDGE_CURVE ( 'NONE', #2063, #3, #2699, .T. ) ;
#2216 = PRODUCT_DEFINITION_SHAPE ( 'NONE', 'NONE',  #2371 ) ;
#2217 = CARTESIAN_POINT ( 'NONE',  ( 18.95445179679157377, -21.75000000000017408, -4.751111019676867997 ) ) ;
#2218 = CARTESIAN_POINT ( 'NONE',  ( 3.475325898789729084, -5.000000000000172307, -32.45151528834656318 ) ) ;
#2219 = ORIENTED_EDGE ( 'NONE', *, *, #2280, .T. ) ;
#2220 = CARTESIAN_POINT ( 'NONE',  ( 3.000000000000000000, -15.00000000000016165, 14.99999999999982947 ) ) ;
#2221 = CARTESIAN_POINT ( 'NONE',  ( 2.999999999999999112, 21.74999999999984723, -6.751111019676853786 ) ) ;
#2222 = ORIENTED_EDGE ( 'NONE', *, *, #1355, .T. ) ;
#2223 = ORIENTED_EDGE ( 'NONE', *, *, #2408, .F. ) ;
#2224 = ORIENTED_EDGE ( 'NONE', *, *, #141, .F. ) ;
#2225 = CARTESIAN_POINT ( 'NONE',  ( -19.42221666030940952, -5.000000000000170530, -36.40000000000016911 ) ) ;
#2226 = ADVANCED_BREP_SHAPE_REPRESENTATION ( 'final stinger', ( #2146, #1678 ), #1156 ) ;
#2227 = AXIS2_PLACEMENT_3D ( 'NONE', #575, #1407, #1860 ) ;
#2228 = DIRECTION ( 'NONE',  ( -1.000000000000000000, -0.000000000000000000, -0.000000000000000000 ) ) ;
#2229 = CARTESIAN_POINT ( 'NONE',  ( 3.000000000000000000, 21.94617346798906610, 14.99999999999982947 ) ) ;
#2230 = CARTESIAN_POINT ( 'NONE',  ( 4.088614462105828018, 23.39238281073444270, 2.491456783640110917 ) ) ;
#2231 = ORIENTED_EDGE ( 'NONE', *, *, #346, .F. ) ;
#2232 = DIRECTION ( 'NONE',  ( -1.000000000000000000, -0.000000000000000000, -0.000000000000000000 ) ) ;
#2233 = CARTESIAN_POINT ( 'NONE',  ( -5.000000000000000000, 5.499999999999869438, 21.74999999999983302 ) ) ;
#2234 = CARTESIAN_POINT ( 'NONE',  ( -5.000000000000000000, -1.591855728988893469E-13, -36.40000000000016911 ) ) ;
#2235 = EDGE_CURVE ( 'NONE', #1293, #1786, #728, .T. ) ;
#2236 = VECTOR ( 'NONE', #1232, 1000.000000000000000 ) ;
#2237 = ORIENTED_EDGE ( 'NONE', *, *, #57, .T. ) ;
#2238 = ORIENTED_EDGE ( 'NONE', *, *, #2215, .T. ) ;
#2239 = ORIENTED_EDGE ( 'NONE', *, *, #1747, .T. ) ;
#2240 = CARTESIAN_POINT ( 'NONE',  ( 3.000000000000000000, 14.99999999999983658, -15.00000000000017053 ) ) ;
#2241 = CIRCLE ( 'NONE', #933, 5.000000000000000000 ) ;
#2242 = AXIS2_PLACEMENT_3D ( 'NONE', #1514, #2352, #291 ) ;
#2243 = CARTESIAN_POINT ( 'NONE',  ( 9.000000000000001776, -23.60000000000015064, -1.747491040759996142E-13 ) ) ;
#2244 = CARTESIAN_POINT ( 'NONE',  ( 5.639179456201101281, 4.999999999999851674, -35.93418513860849117 ) ) ;
#2245 = VECTOR ( 'NONE', #2558, 1000.000000000000000 ) ;
#2246 = ADVANCED_FACE ( 'NONE', ( #2034 ), #172, .F. ) ;
#2247 = ADVANCED_FACE ( 'NONE', ( #1216 ), #2048, .F. ) ;
#2248 = DIRECTION ( 'NONE',  ( 0.000000000000000000, 0.000000000000000000, 1.000000000000000000 ) ) ;
#2249 = ORIENTED_EDGE ( 'NONE', *, *, #545, .F. ) ;
#2250 = FACE_OUTER_BOUND ( 'NONE', #1206, .T. ) ;
#2251 = DIRECTION ( 'NONE',  ( 1.000000000000000000, 0.000000000000000000, 0.000000000000000000 ) ) ;
#2252 = CIRCLE ( 'NONE', #248, 2.000000000000000000 ) ;
#2253 = EDGE_CURVE ( 'NONE', #2003, #83, #1983, .T. ) ;
#2254 = EDGE_LOOP ( 'NONE', ( #2663, #811 ) ) ;
#2255 = EDGE_LOOP ( 'NONE', ( #245, #1726, #1826, #555 ) ) ;
#2256 = VERTEX_POINT ( 'NONE', #430 ) ;
#2257 = DIRECTION ( 'NONE',  ( -0.000000000000000000, 2.312964634635741478E-16, 1.000000000000000000 ) ) ;
#2258 = CIRCLE ( 'NONE', #31, 2.500000000000015987 ) ;
#2259 = DIRECTION ( 'NONE',  ( -1.000000000000000000, 0.000000000000000000, 0.000000000000000000 ) ) ;
#2260 = CARTESIAN_POINT ( 'NONE',  ( -5.000000000000000000, -1.427654291082565965E-13, 25.80614694161255329 ) ) ;
#2261 = DIRECTION ( 'NONE',  ( 0.000000000000000000, 0.000000000000000000, -1.000000000000000000 ) ) ;
#2262 = CARTESIAN_POINT ( 'NONE',  ( -5.000000000000000000, 10.99999999999984013, -13.00000000000017053 ) ) ;
#2263 = ORIENTED_EDGE ( 'NONE', *, *, #620, .F. ) ;
#2264 = DIRECTION ( 'NONE',  ( 0.000000000000000000, 0.000000000000000000, 1.000000000000000000 ) ) ;
#2265 = ORIENTED_EDGE ( 'NONE', *, *, #2039, .T. ) ;
#2266 = ORIENTED_EDGE ( 'NONE', *, *, #458, .F. ) ;
#2267 = VERTEX_POINT ( 'NONE', #470 ) ;
#2268 = PLANE ( 'NONE',  #1380 ) ;
#2269 = EDGE_CURVE ( 'NONE', #2267, #422, #1690, .T. ) ;
#2270 = CARTESIAN_POINT ( 'NONE',  ( 3.000000000000000000, -15.00000000000017941, -17.25000000000017053 ) ) ;
#2271 = CARTESIAN_POINT ( 'NONE',  ( 3.104823004361051186, 4.999999999999849898, -31.32766660381920687 ) ) ;
#2272 = DIRECTION ( 'NONE',  ( 0.000000000000000000, 0.000000000000000000, -1.000000000000000000 ) ) ;
#2273 = ADVANCED_FACE ( 'NONE', ( #1242 ), #20, .F. ) ;
#2274 = DIRECTION ( 'NONE',  ( 0.000000000000000000, 0.000000000000000000, 1.000000000000000000 ) ) ;
#2275 = EDGE_LOOP ( 'NONE', ( #2671, #1603, #1919, #37 ) ) ;
#2276 = DIRECTION ( 'NONE',  ( -1.000000000000000000, 0.000000000000000000, 0.000000000000000000 ) ) ;
#2277 = VERTEX_POINT ( 'NONE', #1093 ) ;
#2278 = ORIENTED_EDGE ( 'NONE', *, *, #1309, .F. ) ;
#2279 = DIRECTION ( 'NONE',  ( 0.000000000000000000, 0.000000000000000000, 1.000000000000000000 ) ) ;
#2280 = EDGE_CURVE ( 'NONE', #126, #959, #944, .T. ) ;
#2281 = EDGE_CURVE ( 'NONE', #380, #2645, #1889, .T. ) ;
#2282 = EDGE_CURVE ( 'NONE', #1800, #791, #2113, .T. ) ;
#2283 = DIRECTION ( 'NONE',  ( 0.000000000000000000, 0.000000000000000000, 1.000000000000000000 ) ) ;
#2284 = AXIS2_PLACEMENT_3D ( 'NONE', #1928, #2535, #1722 ) ;
#2285 = CARTESIAN_POINT ( 'NONE',  ( 4.291461430522873322, 23.43522357737962736, -2.494656463609569386 ) ) ;
#2286 = AXIS2_PLACEMENT_3D ( 'NONE', #101, #935, #2624 ) ;
#2287 = DIRECTION ( 'NONE',  ( 1.000000000000000000, 0.000000000000000000, 0.000000000000000000 ) ) ;
#2288 = CARTESIAN_POINT ( 'NONE',  ( 3.000000000000000000, 12.99999999999984368, 12.99999999999982947 ) ) ;
#2289 = CIRCLE ( 'NONE', #1764, 2.249999999999998668 ) ;
#2290 = CARTESIAN_POINT ( 'NONE',  ( 3.000000000000002665, -1.427654291082565965E-13, 25.80614694161255329 ) ) ;
#2291 = VECTOR ( 'NONE', #659, 1000.000000000000000 ) ;
#2292 = CARTESIAN_POINT ( 'NONE',  ( 18.95445179679157377, 5.499999999999870326, 21.74999999999983302 ) ) ;
#2293 = VECTOR ( 'NONE', #1780, 1000.000000000000000 ) ;
#2294 = ORIENTED_EDGE ( 'NONE', *, *, #1224, .T. ) ;
#2295 = ORIENTED_EDGE ( 'NONE', *, *, #713, .T. ) ;
#2296 = DIRECTION ( 'NONE',  ( -1.000000000000000000, -0.000000000000000000, -0.000000000000000000 ) ) ;
#2297 = AXIS2_PLACEMENT_3D ( 'NONE', #2260, #2677, #814 ) ;
#2298 = CARTESIAN_POINT ( 'NONE',  ( 18.95445179679157377, -1.591855728988893469E-13, -31.40000000000015845 ) ) ;
#2299 = CARTESIAN_POINT ( 'NONE',  ( 3.000000000000000000, -15.00000000000016165, 19.74999999999982947 ) ) ;
#2300 = VECTOR ( 'NONE', #377, 1000.000000000000000 ) ;
#2301 = B_SPLINE_CURVE_WITH_KNOTS ( 'NONE', 3,
 ( #1897, #26, #1638, #411, #1445, #2094, #652, #5, #863, #1435 ),
 .UNSPECIFIED., .F., .F.,
 ( 4, 2, 2, 2, 4 ),
 ( 3.679904200040097469E-18, 0.0005065472092343180095, 0.001013094418468632333, 0.001519641627702946656, 0.002026188836937260762 ),
 .UNSPECIFIED. ) ;
#2302 = DIRECTION ( 'NONE',  ( 1.000000000000000000, 0.000000000000000000, 0.000000000000000000 ) ) ;
#2303 = EDGE_CURVE ( 'NONE', #2182, #1854, #733, .T. ) ;
#2304 = DIRECTION ( 'NONE',  ( 0.000000000000000000, -0.000000000000000000, 1.000000000000000000 ) ) ;
#2305 = CARTESIAN_POINT ( 'NONE',  ( -5.000000000000000000, -7.000000000000169642, -19.75000000000017408 ) ) ;
#2306 = CARTESIAN_POINT ( 'NONE',  ( 3.000000000000000000, 12.99999999999984368, -13.00000000000017053 ) ) ;
#2307 = VERTEX_POINT ( 'NONE', #1052 ) ;
#2308 = EDGE_LOOP ( 'NONE', ( #2337, #125, #1336, #2588 ) ) ;
#2309 = CARTESIAN_POINT ( 'NONE',  ( -5.000000000000000000, -23.60000000000015064, -1.747491040759996142E-13 ) ) ;
#2310 = CARTESIAN_POINT ( 'NONE',  ( -5.000000000000000000, -23.60000000000015064, -1.747491040759996142E-13 ) ) ;
#2311 = CARTESIAN_POINT ( 'NONE',  ( 2.999999999999999112, -21.94617346798906254, -1.874795402708472780 ) ) ;
#2312 = CYLINDRICAL_SURFACE ( 'NONE', #1121, 2.500000000000015987 ) ;
#2313 = EDGE_CURVE ( 'NONE', #1739, #1597, #2695, .T. ) ;
#2314 = LINE ( 'NONE', #45, #2422 ) ;
#2315 = CYLINDRICAL_SURFACE ( 'NONE', #2097, 4.749999999999999112 ) ;
#2316 = ORIENTED_EDGE ( 'NONE', *, *, #304, .T. ) ;
#2317 = ORIENTED_EDGE ( 'NONE', *, *, #2235, .T. ) ;
#2318 = LINE ( 'NONE', #1022, #685 ) ;
#2319 = EDGE_CURVE ( 'NONE', #546, #324, #42, .T. ) ;
#2320 = CARTESIAN_POINT ( 'NONE',  ( 3.000000000000000000, -15.00000000000017941, -19.75000000000017053 ) ) ;
#2321 = CARTESIAN_POINT ( 'NONE',  ( 3.160918328936336952, 22.62928455092770363, -2.305637355838317415 ) ) ;
#2322 = CIRCLE ( 'NONE', #2284, 2.500000000000002220 ) ;
#2323 = CARTESIAN_POINT ( 'NONE',  ( 3.263621168867823830, -22.80130314057622343, -2.370738387180113094 ) ) ;
#2324 = CARTESIAN_POINT ( 'NONE',  ( 18.95445179679157377, 23.44617346798906610, 4.997633179620917687 ) ) ;
#2325 = CIRCLE ( 'NONE', #1411, 4.750000000000000888 ) ;
#2326 = EDGE_CURVE ( 'NONE', #1021, #2053, #551, .T. ) ;
#2327 = EDGE_CURVE ( 'NONE', #64, #2307, #2098, .T. ) ;
#2328 = CARTESIAN_POINT ( 'NONE',  ( 3.426691651852766363, 23.00781815398143237, 4.965970262843507399 ) ) ;
#2329 = DIRECTION ( 'NONE',  ( 1.000000000000000000, 0.000000000000000000, 0.000000000000000000 ) ) ;
#2330 = AXIS2_PLACEMENT_3D ( 'NONE', #1459, #1483, #842 ) ;
#2331 = VERTEX_POINT ( 'NONE', #2544 ) ;
#2332 = EDGE_LOOP ( 'NONE', ( #840, #517, #13, #1377, #1842, #1332, #2587, #69 ) ) ;
#2333 = DIRECTION ( 'NONE',  ( 0.000000000000000000, 0.000000000000000000, 1.000000000000000000 ) ) ;
#2334 = DIRECTION ( 'NONE',  ( -1.000000000000000000, -0.000000000000000000, -0.000000000000000000 ) ) ;
#2335 = AXIS2_PLACEMENT_3D ( 'NONE', #1477, #2101, #688 ) ;
#2336 = EDGE_CURVE ( 'NONE', #2653, #2093, #113, .T. ) ;
#2337 = ORIENTED_EDGE ( 'NONE', *, *, #1269, .T. ) ;
#2338 = VECTOR ( 'NONE', #2033, 1000.000000000000000 ) ;
#2339 = CARTESIAN_POINT ( 'NONE',  ( 3.000000000000000000, -11.00000000000017941, 10.99999999999982947 ) ) ;
#2340 = DIRECTION ( 'NONE',  ( -0.000000000000000000, -0.000000000000000000, -1.000000000000000000 ) ) ;
#2341 = VECTOR ( 'NONE', #2510, 1000.000000000000000 ) ;
#2342 = CARTESIAN_POINT ( 'NONE',  ( 3.037293058811591173, 22.27857142857127215, -4.822222156912086888 ) ) ;
#2343 = CARTESIAN_POINT ( 'NONE',  ( -3.000000000000000000, 12.99999999999984368, 12.99999999999982947 ) ) ;
#2344 = VECTOR ( 'NONE', #1168, 1000.000000000000000 ) ;
#2345 = DIRECTION ( 'NONE',  ( 1.000000000000000000, 0.000000000000000000, 0.000000000000000000 ) ) ;
#2346 = DIRECTION ( 'NONE',  ( -1.000000000000000000, 0.000000000000000000, 0.000000000000000000 ) ) ;
#2347 = VERTEX_POINT ( 'NONE', #671 ) ;
#2348 = ORIENTED_EDGE ( 'NONE', *, *, #443, .T. ) ;
#2349 = CARTESIAN_POINT ( 'NONE',  ( 3.000000000000000000, -15.00000000000016165, 14.99999999999982947 ) ) ;
#2350 = CARTESIAN_POINT ( 'NONE',  ( 3.987721794370430839, -23.35982881703684910, 2.488799036087548266 ) ) ;
#2351 = VERTEX_POINT ( 'NONE', #731 ) ;
#2352 = DIRECTION ( 'NONE',  ( -1.000000000000000000, -0.000000000000000000, -0.000000000000000000 ) ) ;
#2353 = DIRECTION ( 'NONE',  ( -1.000000000000000000, 0.000000000000000000, 0.000000000000000000 ) ) ;
#2354 = DIRECTION ( 'NONE',  ( 1.000000000000000000, 0.000000000000000000, 0.000000000000000000 ) ) ;
#2355 = DIRECTION ( 'NONE',  ( -1.000000000000000000, 0.000000000000000000, 0.000000000000000000 ) ) ;
#2356 = EDGE_CURVE ( 'NONE', #1656, #1686, #1746, .T. ) ;
#2357 = CARTESIAN_POINT ( 'NONE',  ( -5.000000000000000000, -1.427654291082565965E-13, 25.80614694161255329 ) ) ;
#2358 = ORIENTED_EDGE ( 'NONE', *, *, #1830, .F. ) ;
#2359 = ORIENTED_EDGE ( 'NONE', *, *, #2336, .F. ) ;
#2360 = DIRECTION ( 'NONE',  ( 0.000000000000000000, 0.000000000000000000, 1.000000000000000000 ) ) ;
#2361 = CARTESIAN_POINT ( 'NONE',  ( 3.006160661143376434, -22.10699431425358341, 2.007861656157460484 ) ) ;
#2362 = ORIENTED_EDGE ( 'NONE', *, *, #2215, .F. ) ;
#2363 = EDGE_CURVE ( 'NONE', #1344, #1800, #1107, .T. ) ;
#2364 = ORIENTED_EDGE ( 'NONE', *, *, #1182, .T. ) ;
#2365 = ORIENTED_EDGE ( 'NONE', *, *, #2494, .T. ) ;
#2366 = LINE ( 'NONE', #904, #2103 ) ;
#2367 = ADVANCED_FACE ( 'NONE', ( #2409 ), #2383, .F. ) ;
#2368 = DIRECTION ( 'NONE',  ( 0.000000000000000000, 0.000000000000000000, 1.000000000000000000 ) ) ;
#2369 = DIRECTION ( 'NONE',  ( -1.000000000000000000, 0.000000000000000000, 0.000000000000000000 ) ) ;
#2370 = AXIS2_PLACEMENT_3D ( 'NONE', #656, #55, #647 ) ;
#2371 = PRODUCT_DEFINITION ( 'UNKNOWN', '', #1199, #661 ) ;
#2372 = DIRECTION ( 'NONE',  ( 0.000000000000000000, -1.000000000000000000, 0.000000000000000000 ) ) ;
#2373 = CARTESIAN_POINT ( 'NONE',  ( 2.999999999999999112, -21.94617346798906254, -4.760755280001869316 ) ) ;
#2374 = CIRCLE ( 'NONE', #319, 4.750000000000006217 ) ;
#2375 = ORIENTED_EDGE ( 'NONE', *, *, #2627, .T. ) ;
#2376 = ORIENTED_EDGE ( 'NONE', *, *, #734, .T. ) ;
#2377 = DIRECTION ( 'NONE',  ( 1.000000000000000000, 0.000000000000000000, 0.000000000000000000 ) ) ;
#2378 = AXIS2_PLACEMENT_3D ( 'NONE', #1340, #798, #2386 ) ;
#2379 = DIRECTION ( 'NONE',  ( 1.000000000000000000, -0.000000000000000000, -0.000000000000000000 ) ) ;
#2380 = ORIENTED_EDGE ( 'NONE', *, *, #235, .F. ) ;
#2381 = ORIENTED_EDGE ( 'NONE', *, *, #1950, .F. ) ;
#2382 = LINE ( 'NONE', #97, #2245 ) ;
#2383 = CYLINDRICAL_SURFACE ( 'NONE', #1901, 1.999999999999998224 ) ;
#2384 = CIRCLE ( 'NONE', #1813, 2.000000000000001776 ) ;
#2385 = EDGE_CURVE ( 'NONE', #711, #1629, #1283, .T. ) ;
#2386 = DIRECTION ( 'NONE',  ( 0.000000000000000000, -0.000000000000000000, -1.000000000000000000 ) ) ;
#2387 = DIRECTION ( 'NONE',  ( 1.000000000000000000, 0.000000000000000000, 0.000000000000000000 ) ) ;
#2388 = AXIS2_PLACEMENT_3D ( 'NONE', #328, #1403, #2430 ) ;
#2389 = ORIENTED_EDGE ( 'NONE', *, *, #1729, .T. ) ;
#2390 = ORIENTED_EDGE ( 'NONE', *, *, #2046, .T. ) ;
#2391 = DIRECTION ( 'NONE',  ( -1.000000000000000000, -0.000000000000000000, -0.000000000000000000 ) ) ;
#2392 = CARTESIAN_POINT ( 'NONE',  ( 4.500000000000003553, -23.44617346798906610, 2.495262991760299975 ) ) ;
#2393 = VERTEX_POINT ( 'NONE', #2608 ) ;
#2394 = ORIENTED_EDGE ( 'NONE', *, *, #597, .T. ) ;
#2395 = CYLINDRICAL_SURFACE ( 'NONE', #59, 2.250000000000007105 ) ;
#2396 = CARTESIAN_POINT ( 'NONE',  ( 3.000000000000000000, 10.99999999999984190, 10.99999999999982947 ) ) ;
#2397 = CARTESIAN_POINT ( 'NONE',  ( -5.000000000000000000, -23.60000000000015064, -2.500000000000173639 ) ) ;
#2398 = CARTESIAN_POINT ( 'NONE',  ( -5.000000000000000000, 23.59999999999984510, 4.999999999999834799 ) ) ;
#2399 = ADVANCED_FACE ( 'NONE', ( #333 ), #1528, .T. ) ;
#2400 = DIRECTION ( 'NONE',  ( 0.000000000000000000, 0.000000000000000000, 1.000000000000000000 ) ) ;
#2401 = ORIENTED_EDGE ( 'NONE', *, *, #468, .T. ) ;
#2402 = DIRECTION ( 'NONE',  ( 0.000000000000000000, 0.000000000000000000, -1.000000000000000000 ) ) ;
#2403 = CYLINDRICAL_SURFACE ( 'NONE', #1286, 2.000000000000000000 ) ;
#2404 = EDGE_LOOP ( 'NONE', ( #1801, #2122 ) ) ;
#2405 = ORIENTED_EDGE ( 'NONE', *, *, #510, .T. ) ;
#2406 = ORIENTED_EDGE ( 'NONE', *, *, #1268, .T. ) ;
#2407 = DIRECTION ( 'NONE',  ( 0.000000000000000000, 0.000000000000000000, -1.000000000000000000 ) ) ;
#2408 = EDGE_CURVE ( 'NONE', #177, #2455, #2252, .T. ) ;
#2409 = FACE_OUTER_BOUND ( 'NONE', #1468, .T. ) ;
#2410 = CARTESIAN_POINT ( 'NONE',  ( 3.000000000000000000, 7.499999999999871214, 19.74999999999982947 ) ) ;
#2411 = CARTESIAN_POINT ( 'NONE',  ( 3.000000000000000000, -22.06008021376914741, -4.771982158143088348 ) ) ;
#2412 = VECTOR ( 'NONE', #1478, 1000.000000000000000 ) ;
#2413 = DIRECTION ( 'NONE',  ( 1.000000000000000000, 0.000000000000000000, 0.000000000000000000 ) ) ;
#2414 = VERTEX_POINT ( 'NONE', #481 ) ;
#2415 = FACE_OUTER_BOUND ( 'NONE', #1770, .T. ) ;
#2416 = CARTESIAN_POINT ( 'NONE',  ( 2.999999999999999112, 5.499999999999866773, -7.877103387563685457E-16 ) ) ;
#2417 = ORIENTED_EDGE ( 'NONE', *, *, #947, .F. ) ;
#2418 = ORIENTED_EDGE ( 'NONE', *, *, #1747, .F. ) ;
#2419 = CARTESIAN_POINT ( 'NONE',  ( 18.95445179679157377, 23.59999999999984510, -1.658673198789983619E-13 ) ) ;
#2420 = EDGE_CURVE ( 'NONE', #1104, #64, #1122, .T. ) ;
#2421 = VECTOR ( 'NONE', #567, 1000.000000000000000 ) ;
#2422 = VECTOR ( 'NONE', #1111, 1000.000000000000000 ) ;
#2423 = CARTESIAN_POINT ( 'NONE',  ( 3.000000000000000444, 4.999999999999850786, -30.75047705641990703 ) ) ;
#2424 = VECTOR ( 'NONE', #1201, 1000.000000000000000 ) ;
#2425 = DIRECTION ( 'NONE',  ( 1.000000000000000000, -0.000000000000000000, -0.000000000000000000 ) ) ;
#2426 = AXIS2_PLACEMENT_3D ( 'NONE', #2078, #1925, #1281 ) ;
#2427 = ORIENTED_EDGE ( 'NONE', *, *, #854, .T. ) ;
#2428 = ORIENTED_EDGE ( 'NONE', *, *, #395, .T. ) ;
#2429 = CARTESIAN_POINT ( 'NONE',  ( -5.000000000000000000, -15.00000000000016165, 19.74999999999982947 ) ) ;
#2430 = DIRECTION ( 'NONE',  ( 0.000000000000000000, 1.432200615920705022E-16, 1.000000000000000000 ) ) ;
#2431 = CIRCLE ( 'NONE', #905, 5.000000000000011546 ) ;
#2432 = ORIENTED_EDGE ( 'NONE', *, *, #912, .T. ) ;
#2433 = ORIENTED_EDGE ( 'NONE', *, *, #235, .T. ) ;
#2434 = ORIENTED_EDGE ( 'NONE', *, *, #388, .T. ) ;
#2435 = DIRECTION ( 'NONE',  ( 0.000000000000000000, 0.000000000000000000, 1.000000000000000000 ) ) ;
#2436 = AXIS2_PLACEMENT_3D ( 'NONE', #2168, #1127, #2360 ) ;
#2437 = CARTESIAN_POINT ( 'NONE',  ( -5.000000000000000000, 19.74999999999984368, -6.751111019676853786 ) ) ;
#2438 = PLANE ( 'NONE',  #679 ) ;
#2439 = EDGE_CURVE ( 'NONE', #1220, #1016, #725, .T. ) ;
#2440 = CARTESIAN_POINT ( 'NONE',  ( 3.369359096083508476, -5.000000000000170530, -32.17471468242993637 ) ) ;
#2441 = ORIENTED_EDGE ( 'NONE', *, *, #1679, .F. ) ;
#2442 = CARTESIAN_POINT ( 'NONE',  ( -66.20011627344371163, 23.44617346798906610, 25.44486142177823140 ) ) ;
#2443 = DIRECTION ( 'NONE',  ( -1.000000000000000000, 0.000000000000000000, 0.000000000000000000 ) ) ;
#2444 = CARTESIAN_POINT ( 'NONE',  ( 3.000000000000000000, -15.00000000000016165, 19.74999999999982947 ) ) ;
#2445 = VERTEX_POINT ( 'NONE', #277 ) ;
#2446 = VERTEX_POINT ( 'NONE', #1147 ) ;
#2447 = VERTEX_POINT ( 'NONE', #1964 ) ;
#2448 = DIRECTION ( 'NONE',  ( 0.000000000000000000, -1.000000000000000000, 2.312964634635741478E-16 ) ) ;
#2449 = EDGE_CURVE ( 'NONE', #486, #1301, #72, .T. ) ;
#2450 = EDGE_CURVE ( 'NONE', #1943, #342, #1550, .T. ) ;
#2451 = VECTOR ( 'NONE', #1622, 1000.000000000000000 ) ;
#2452 = CARTESIAN_POINT ( 'NONE',  ( 3.843811492742583269, 4.999999999999851674, -33.24994096562145529 ) ) ;
#2453 = FILL_AREA_STYLE ('',( #350 ) ) ;
#2454 = FACE_OUTER_BOUND ( 'NONE', #273, .T. ) ;
#2455 = VERTEX_POINT ( 'NONE', #87 ) ;
#2456 = FACE_OUTER_BOUND ( 'NONE', #677, .T. ) ;
#2457 = FACE_OUTER_BOUND ( 'NONE', #2491, .T. ) ;
#2458 = CIRCLE ( 'NONE', #1272, 5.500000000000011546 ) ;
#2459 = VERTEX_POINT ( 'NONE', #1763 ) ;
#2460 = ORIENTED_EDGE ( 'NONE', *, *, #347, .T. ) ;
#2461 = VERTEX_POINT ( 'NONE', #921 ) ;
#2462 = CYLINDRICAL_SURFACE ( 'NONE', #323, 2.499999999999998668 ) ;
#2463 = VECTOR ( 'NONE', #1745, 1000.000000000000000 ) ;
#2464 = AXIS2_PLACEMENT_3D ( 'NONE', #911, #735, #936 ) ;
#2465 = CYLINDRICAL_SURFACE ( 'NONE', #770, 2.500000000000015987 ) ;
#2466 = DIRECTION ( 'NONE',  ( 1.000000000000000000, -0.000000000000000000, -0.000000000000000000 ) ) ;
#2467 = CIRCLE ( 'NONE', #412, 2.500000000000015987 ) ;
#2468 = VECTOR ( 'NONE', #515, 1000.000000000000000 ) ;
#2469 = DIRECTION ( 'NONE',  ( -1.000000000000000000, -0.000000000000000000, -0.000000000000000000 ) ) ;
#2470 = CIRCLE ( 'NONE', #2335, 4.750000000000006217 ) ;
#2471 = EDGE_CURVE ( 'NONE', #177, #1119, #1347, .T. ) ;
#2472 = CIRCLE ( 'NONE', #2517, 2.000000000000001776 ) ;
#2473 = CARTESIAN_POINT ( 'NONE',  ( 2.999999999999999112, 21.94617346798906610, 1.874795402708412162 ) ) ;
#2474 = ORIENTED_EDGE ( 'NONE', *, *, #658, .F. ) ;
#2475 = CARTESIAN_POINT ( 'NONE',  ( -5.000000000000000000, -19.75000000000017053, 6.751111019676514502 ) ) ;
#2476 = CARTESIAN_POINT ( 'NONE',  ( -5.000000000000000000, -21.75000000000016698, 6.751111019676516278 ) ) ;
#2477 = VECTOR ( 'NONE', #1461, 1000.000000000000000 ) ;
#2478 = ORIENTED_EDGE ( 'NONE', *, *, #2269, .T. ) ;
#2479 = ORIENTED_EDGE ( 'NONE', *, *, #2659, .T. ) ;
#2480 = ORIENTED_EDGE ( 'NONE', *, *, #458, .T. ) ;
#2481 = DIRECTION ( 'NONE',  ( -1.000000000000000000, 0.000000000000000000, 0.000000000000000000 ) ) ;
#2482 = AXIS2_PLACEMENT_3D ( 'NONE', #1375, #967, #571 ) ;
#2483 = AXIS2_PLACEMENT_3D ( 'NONE', #48, #247, #2617 ) ;
#2484 = CARTESIAN_POINT ( 'NONE',  ( 18.95445179679157377, 23.59999999999984510, -5.000000000000166978 ) ) ;
#2485 = CARTESIAN_POINT ( 'NONE',  ( 3.000000000000000000, 19.74999999999984368, 14.99999999999982947 ) ) ;
#2486 = CARTESIAN_POINT ( 'NONE',  ( 2.999999999999999112, -19.75000000000017053, 6.751111019676514502 ) ) ;
#2487 = CARTESIAN_POINT ( 'NONE',  ( 3.461632152942693441, 23.03342572328078575, 2.436188208950914813 ) ) ;
#2488 = ORIENTED_EDGE ( 'NONE', *, *, #658, .T. ) ;
#2489 = EDGE_CURVE ( 'NONE', #312, #1581, #858, .T. ) ;
#2490 = DIRECTION ( 'NONE',  ( -1.000000000000000000, -0.000000000000000000, -0.000000000000000000 ) ) ;
#2491 = EDGE_LOOP ( 'NONE', ( #1923, #1783, #588, #572, #423 ) ) ;
#2492 = ORIENTED_EDGE ( 'NONE', *, *, #603, .F. ) ;
#2493 = CARTESIAN_POINT ( 'NONE',  ( 2.999999999999999112, 21.94617346798906610, 1.874795402708412162 ) ) ;
#2494 = EDGE_CURVE ( 'NONE', #989, #110, #2606, .T. ) ;
#2495 = DIRECTION ( 'NONE',  ( 0.000000000000000000, 0.000000000000000000, -1.000000000000000000 ) ) ;
#2496 = DIRECTION ( 'NONE',  ( 0.000000000000000000, 0.000000000000000000, 1.000000000000000000 ) ) ;
#2497 = CARTESIAN_POINT ( 'NONE',  ( 3.314403126902730978, -22.88050042514253235, 4.950112638663588527 ) ) ;
#2498 = DIRECTION ( 'NONE',  ( 0.000000000000000000, 0.000000000000000000, 1.000000000000000000 ) ) ;
#2499 = CYLINDRICAL_SURFACE ( 'NONE', #414, 2.250000000000000444 ) ;
#2500 = VERTEX_POINT ( 'NONE', #1995 ) ;
#2501 = DIRECTION ( 'NONE',  ( 0.000000000000000000, 0.000000000000000000, 1.000000000000000000 ) ) ;
#2502 = ORIENTED_EDGE ( 'NONE', *, *, #2678, .F. ) ;
#2503 = ORIENTED_EDGE ( 'NONE', *, *, #2420, .F. ) ;
#2504 = LINE ( 'NONE', #1843, #1723 ) ;
#2505 = EDGE_CURVE ( 'NONE', #1814, #1597, #507, .T. ) ;
#2506 = DIRECTION ( 'NONE',  ( -1.000000000000000000, 0.000000000000000000, 0.000000000000000000 ) ) ;
#2507 = VECTOR ( 'NONE', #1285, 1000.000000000000000 ) ;
#2508 = EDGE_CURVE ( 'NONE', #606, #161, #948, .T. ) ;
#2509 = CIRCLE ( 'NONE', #1806, 2.250000000000007105 ) ;
#2510 = DIRECTION ( 'NONE',  ( -1.000000000000000000, -0.000000000000000000, -0.000000000000000000 ) ) ;
#2511 = LINE ( 'NONE', #2324, #276 ) ;
#2512 = DIRECTION ( 'NONE',  ( -1.000000000000000000, -0.000000000000000000, -0.000000000000000000 ) ) ;
#2513 = DIRECTION ( 'NONE',  ( -1.000000000000000000, 0.000000000000000000, 0.000000000000000000 ) ) ;
#2514 = EDGE_LOOP ( 'NONE', ( #1020, #410, #779, #396, #2316, #1032 ) ) ;
#2515 = VERTEX_POINT ( 'NONE', #535 ) ;
#2516 = CARTESIAN_POINT ( 'NONE',  ( -19.42221666030940952, -5.000000000000170530, -36.40000000000016911 ) ) ;
#2517 = AXIS2_PLACEMENT_3D ( 'NONE', #855, #632, #2496 ) ;
#2518 = DIRECTION ( 'NONE',  ( -1.000000000000000000, 0.000000000000000000, 0.000000000000000000 ) ) ;
#2519 = EDGE_CURVE ( 'NONE', #2584, #2447, #815, .T. ) ;
#2520 = CARTESIAN_POINT ( 'NONE',  ( 3.539460559118760674, -23.10296032321081228, -2.450867145677475989 ) ) ;
#2521 = DIRECTION ( 'NONE',  ( -1.000000000000000000, 0.000000000000000000, 0.000000000000000000 ) ) ;
#2522 = EDGE_CURVE ( 'NONE', #110, #1126, #961, .T. ) ;
#2523 = CARTESIAN_POINT ( 'NONE',  ( -5.000000000000000000, 19.74999999999984368, 6.751111019676522496 ) ) ;
#2524 = DIRECTION ( 'NONE',  ( 0.000000000000000000, 0.000000000000000000, -1.000000000000000000 ) ) ;
#2525 = ORIENTED_EDGE ( 'NONE', *, *, #530, .F. ) ;
#2526 = VERTEX_POINT ( 'NONE', #2437 ) ;
#2527 = LINE ( 'NONE', #1482, #1993 ) ;
#2528 = DIRECTION ( 'NONE',  ( -1.000000000000000000, 0.000000000000000000, 0.000000000000000000 ) ) ;
#2529 = CARTESIAN_POINT ( 'NONE',  ( 3.000000000000000000, -7.000000000000169642, -19.75000000000017408 ) ) ;
#2530 = EDGE_CURVE ( 'NONE', #342, #63, #550, .T. ) ;
#2531 = EDGE_CURVE ( 'NONE', #422, #486, #2384, .T. ) ;
#2532 = CARTESIAN_POINT ( 'NONE',  ( 4.394870914266293838, -23.44617346798907320, -2.495262991760650362 ) ) ;
#2533 = DIRECTION ( 'NONE',  ( 0.000000000000000000, 0.000000000000000000, 1.000000000000000000 ) ) ;
#2534 = FACE_OUTER_BOUND ( 'NONE', #2308, .T. ) ;
#2535 = DIRECTION ( 'NONE',  ( -1.000000000000000000, -0.000000000000000000, -0.000000000000000000 ) ) ;
#2536 = ADVANCED_FACE ( 'NONE', ( #1396 ), #1215, .F. ) ;
#2537 = VERTEX_POINT ( 'NONE', #1832 ) ;
#2538 = ORIENTED_EDGE ( 'NONE', *, *, #628, .T. ) ;
#2539 = CARTESIAN_POINT ( 'NONE',  ( -19.42221666030940952, 4.999999999999851674, -36.40000000000016911 ) ) ;
#2540 = CARTESIAN_POINT ( 'NONE',  ( 3.323358092888971882, -22.88206420590789136, 2.395961377087982402 ) ) ;
#2541 = EDGE_LOOP ( 'NONE', ( #667, #1525, #589, #2434, #357, #1974, #1378, #1671, #1210, #1143 ) ) ;
#2542 = CARTESIAN_POINT ( 'NONE',  ( -5.000000000000000000, -5.000000000000170530, -36.40000000000016911 ) ) ;
#2543 = DIRECTION ( 'NONE',  ( 0.000000000000000000, -0.000000000000000000, -1.000000000000000000 ) ) ;
#2544 = CARTESIAN_POINT ( 'NONE',  ( 9.000000000000001776, -1.591855728988893469E-13, -38.90000000000018332 ) ) ;
#2545 = DIRECTION ( 'NONE',  ( -0.000000000000000000, -0.000000000000000000, -1.000000000000000000 ) ) ;
#2546 = STYLED_ITEM ( 'NONE', ( #552 ), #2146 ) ;
#2547 = FACE_OUTER_BOUND ( 'NONE', #2106, .T. ) ;
#2548 = LINE ( 'NONE', #2306, #1750 ) ;
#2549 = VECTOR ( 'NONE', #2283, 1000.000000000000000 ) ;
#2550 = EDGE_CURVE ( 'NONE', #2182, #1344, #771, .T. ) ;
#2551 = ORIENTED_EDGE ( 'NONE', *, *, #2531, .F. ) ;
#2552 = ORIENTED_EDGE ( 'NONE', *, *, #56, .T. ) ;
#2553 = FACE_BOUND ( 'NONE', #1169, .T. ) ;
#2554 = CARTESIAN_POINT ( 'NONE',  ( 3.120330856017773602, -22.54222946673112205, 2.267366436456240031 ) ) ;
#2555 = AXIS2_PLACEMENT_3D ( 'NONE', #1836, #2696, #598 ) ;
#2556 = EDGE_LOOP ( 'NONE', ( #1481, #1098, #2231, #1404 ) ) ;
#2557 = VECTOR ( 'NONE', #1601, 1000.000000000000000 ) ;
#2558 = DIRECTION ( 'NONE',  ( 0.000000000000000000, -1.000000000000000000, 4.336808689942026118E-16 ) ) ;
#2559 = AXIS2_PLACEMENT_3D ( 'NONE', #1203, #1187, #2272 ) ;
#2560 = EDGE_CURVE ( 'NONE', #690, #1021, #139, .T. ) ;
#2561 = CARTESIAN_POINT ( 'NONE',  ( 9.000000000000001776, -23.44617346798906610, 25.44486142177823140 ) ) ;
#2562 = CYLINDRICAL_SURFACE ( 'NONE', #2637, 2.000000000000000000 ) ;
#2563 = VECTOR ( 'NONE', #1244, 1000.000000000000000 ) ;
#2564 = DIRECTION ( 'NONE',  ( 0.000000000000000000, 0.000000000000000000, -1.000000000000000000 ) ) ;
#2565 = AXIS2_PLACEMENT_3D ( 'NONE', #2349, #2391, #271 ) ;
#2566 = CARTESIAN_POINT ( 'NONE',  ( 9.000000000000001776, 23.59999999999984510, 4.999999999999834799 ) ) ;
#2567 = EDGE_CURVE ( 'NONE', #2653, #614, #2665, .T. ) ;
#2568 = EDGE_CURVE ( 'NONE', #464, #190, #158, .T. ) ;
#2569 = EDGE_CURVE ( 'NONE', #2133, #352, #1249, .T. ) ;
#2570 = VERTEX_POINT ( 'NONE', #171 ) ;
#2571 = VERTEX_POINT ( 'NONE', #971 ) ;
#2572 = DIRECTION ( 'NONE',  ( 0.000000000000000000, 1.000000000000000000, 0.000000000000000000 ) ) ;
#2573 = CARTESIAN_POINT ( 'NONE',  ( 3.000000000000000000, 19.74999999999984368, -6.751111019676854674 ) ) ;
#2574 = ORIENTED_EDGE ( 'NONE', *, *, #468, .F. ) ;
#2575 = VERTEX_POINT ( 'NONE', #1805 ) ;
#2576 = EDGE_LOOP ( 'NONE', ( #2295, #2376, #2348, #792 ) ) ;
#2577 = CARTESIAN_POINT ( 'NONE',  ( 3.000000000000000000, 14.99999999999983658, -15.00000000000017053 ) ) ;
#2578 = CARTESIAN_POINT ( 'NONE',  ( -5.000000000000000000, 14.99999999999983658, -15.00000000000017053 ) ) ;
#2579 = DIRECTION ( 'NONE',  ( -0.000000000000000000, 2.312964634635741478E-16, 1.000000000000000000 ) ) ;
#2580 = CARTESIAN_POINT ( 'NONE',  ( 3.000000000000000000, -11.00000000000017764, -13.00000000000017053 ) ) ;
#2581 = LINE ( 'NONE', #1151, #802 ) ;
#2582 = UNCERTAINTY_MEASURE_WITH_UNIT (LENGTH_MEASURE( 1.000000000000000082E-05 ), #30, 'distance_accuracy_value', 'NONE');
#2583 = ORIENTED_EDGE ( 'NONE', *, *, #993, .T. ) ;
#2584 = VERTEX_POINT ( 'NONE', #1010 ) ;
#2585 = CYLINDRICAL_SURFACE ( 'NONE', #2483, 2.500000000000002220 ) ;
#2586 = DIRECTION ( 'NONE',  ( 0.000000000000000000, 0.000000000000000000, -1.000000000000000000 ) ) ;
#2587 = ORIENTED_EDGE ( 'NONE', *, *, #511, .T. ) ;
#2588 = ORIENTED_EDGE ( 'NONE', *, *, #2150, .F. ) ;
#2589 = DIRECTION ( 'NONE',  ( -1.000000000000000000, -0.000000000000000000, -0.000000000000000000 ) ) ;
#2590 = EDGE_CURVE ( 'NONE', #154, #1656, #2017, .T. ) ;
#2591 = EDGE_CURVE ( 'NONE', #2277, #2570, #2110, .T. ) ;
#2592 = CARTESIAN_POINT ( 'NONE',  ( 2.999999999999999112, 21.74999999999984723, 6.751111019676522496 ) ) ;
#2593 = AXIS2_PLACEMENT_3D ( 'NONE', #838, #230, #218 ) ;
#2594 = DIRECTION ( 'NONE',  ( -1.000000000000000000, 0.000000000000000000, 0.000000000000000000 ) ) ;
#2595 = DIRECTION ( 'NONE',  ( 0.000000000000000000, 0.000000000000000000, -1.000000000000000000 ) ) ;
#2596 = VECTOR ( 'NONE', #1259, 1000.000000000000000 ) ;
#2597 = VECTOR ( 'NONE', #1198, 1000.000000000000000 ) ;
#2598 = LINE ( 'NONE', #311, #2468 ) ;
#2599 = ORIENTED_EDGE ( 'NONE', *, *, #1269, .F. ) ;
#2600 = CYLINDRICAL_SURFACE ( 'NONE', #2614, 4.750000000000000888 ) ;
#2601 = VECTOR ( 'NONE', #2506, 1000.000000000000000 ) ;
#2602 = DIRECTION ( 'NONE',  ( -1.000000000000000000, -0.000000000000000000, -0.000000000000000000 ) ) ;
#2603 = VERTEX_POINT ( 'NONE', #1641 ) ;
#2604 = ORIENTED_EDGE ( 'NONE', *, *, #364, .F. ) ;
#2605 = LINE ( 'NONE', #492, #1062 ) ;
#2606 = CIRCLE ( 'NONE', #457, 2.500000000000002220 ) ;
#2607 = EDGE_CURVE ( 'NONE', #83, #85, #799, .T. ) ;
#2608 = CARTESIAN_POINT ( 'NONE',  ( 2.999999999999999112, 19.74999999999984368, -6.751111019676854674 ) ) ;
#2609 = VECTOR ( 'NONE', #318, 1000.000000000000000 ) ;
#2610 = LINE ( 'NONE', #592, #1458 ) ;
#2611 = CARTESIAN_POINT ( 'NONE',  ( 3.000000000000000000, -7.500000000000155431, 21.74999999999983302 ) ) ;
#2612 = CIRCLE ( 'NONE', #1724, 2.000000000000000888 ) ;
#2613 = EDGE_CURVE ( 'NONE', #1250, #1589, #2648, .T. ) ;
#2614 = AXIS2_PLACEMENT_3D ( 'NONE', #2123, #1345, #260 ) ;
#2615 = DIRECTION ( 'NONE',  ( 0.000000000000000000, 0.000000000000000000, 1.000000000000000000 ) ) ;
#2616 = EDGE_LOOP ( 'NONE', ( #590, #2002 ) ) ;
#2617 = DIRECTION ( 'NONE',  ( 0.000000000000000000, 0.000000000000000000, -1.000000000000000000 ) ) ;
#2618 = CARTESIAN_POINT ( 'NONE',  ( 4.500000000000003553, -23.44617346798906610, 25.44486142177823140 ) ) ;
#2619 = ORIENTED_EDGE ( 'NONE', *, *, #2, .F. ) ;
#2620 = ORIENTED_EDGE ( 'NONE', *, *, #1263, .F. ) ;
#2621 = CARTESIAN_POINT ( 'NONE',  ( 3.073951219148634451, 22.43988452893531260, -4.866426619674392384 ) ) ;
#2622 = CARTESIAN_POINT ( 'NONE',  ( 3.037293058811591173, 22.27857142857127215, 4.822222156911755597 ) ) ;
#2623 = ADVANCED_FACE ( 'NONE', ( #1424 ), #1410, .F. ) ;
#2624 = DIRECTION ( 'NONE',  ( 0.000000000000000000, 0.000000000000000000, 1.000000000000000000 ) ) ;
#2625 = CARTESIAN_POINT ( 'NONE',  ( -5.000000000000000000, -7.000000000000169642, -19.75000000000017408 ) ) ;
#2626 = FACE_OUTER_BOUND ( 'NONE', #1787, .T. ) ;
#2627 = EDGE_CURVE ( 'NONE', #2515, #478, #1064, .T. ) ;
#2628 = ORIENTED_EDGE ( 'NONE', *, *, #81, .F. ) ;
#2629 = CARTESIAN_POINT ( 'NONE',  ( 9.000000000000001776, 23.59999999999984510, -1.658673198789983619E-13 ) ) ;
#2630 = DIRECTION ( 'NONE',  ( 0.000000000000000000, 0.000000000000000000, 1.000000000000000000 ) ) ;
#2631 = ORIENTED_EDGE ( 'NONE', *, *, #346, .T. ) ;
#2632 = EDGE_LOOP ( 'NONE', ( #1236, #1419 ) ) ;
#2633 = CARTESIAN_POINT ( 'NONE',  ( -5.000000000000000000, -5.500000000000155431, 21.74999999999983302 ) ) ;
#2634 = APPLICATION_CONTEXT ( 'automotive_design' ) ;
#2635 = CARTESIAN_POINT ( 'NONE',  ( 18.95445179679157377, -23.44617346798906610, 4.997633179620899035 ) ) ;
#2636 = DIRECTION ( 'NONE',  ( 1.000000000000000000, 0.000000000000000000, 0.000000000000000000 ) ) ;
#2637 = AXIS2_PLACEMENT_3D ( 'NONE', #1903, #2129, #2099 ) ;
#2638 = DIRECTION ( 'NONE',  ( -1.000000000000000000, -0.000000000000000000, -0.000000000000000000 ) ) ;
#2639 = EDGE_LOOP ( 'NONE', ( #826, #2209, #651, #84, #694 ) ) ;
#2640 = PLANE ( 'NONE',  #74 ) ;
#2641 = DIRECTION ( 'NONE',  ( -1.000000000000000000, -0.000000000000000000, -0.000000000000000000 ) ) ;
#2642 = CIRCLE ( 'NONE', #1453, 5.000000000000000000 ) ;
#2643 = VERTEX_POINT ( 'NONE', #2529 ) ;
#2644 = ORIENTED_EDGE ( 'NONE', *, *, #564, .F. ) ;
#2645 = VERTEX_POINT ( 'NONE', #1265 ) ;
#2646 = DIRECTION ( 'NONE',  ( 0.000000000000000000, 0.000000000000000000, 1.000000000000000000 ) ) ;
#2647 = TOROIDAL_SURFACE ( 'NONE', #1714, 8.000000000000010658, 3.000000000000000000 ) ;
#2648 = LINE ( 'NONE', #784, #1861 ) ;
#2649 = AXIS2_PLACEMENT_3D ( 'NONE', #881, #2345, #2118 ) ;
#2650 = AXIS2_PLACEMENT_3D ( 'NONE', #1939, #716, #2173 ) ;
#2651 = LINE ( 'NONE', #772, #2300 ) ;
#2652 = FACE_OUTER_BOUND ( 'NONE', #2576, .T. ) ;
#2653 = VERTEX_POINT ( 'NONE', #1460 ) ;
#2654 = LINE ( 'NONE', #340, #599 ) ;
#2655 = LINE ( 'NONE', #407, #1929 ) ;
#2656 = FACE_OUTER_BOUND ( 'NONE', #210, .T. ) ;
#2657 = EDGE_CURVE ( 'NONE', #2414, #2393, #450, .T. ) ;
#2658 = VECTOR ( 'NONE', #1873, 1000.000000000000000 ) ;
#2659 = EDGE_CURVE ( 'NONE', #1307, #46, #140, .T. ) ;
#2660 = CIRCLE ( 'NONE', #1988, 5.000000000000000000 ) ;
#2661 = ORIENTED_EDGE ( 'NONE', *, *, #709, .T. ) ;
#2662 = VERTEX_POINT ( 'NONE', #830 ) ;
#2663 = ORIENTED_EDGE ( 'NONE', *, *, #628, .F. ) ;
#2664 = CARTESIAN_POINT ( 'NONE',  ( -5.000000000000000000, -23.60000000000015064, 4.999999999999826805 ) ) ;
#2665 = LINE ( 'NONE', #402, #2338 ) ;
#2666 = DIRECTION ( 'NONE',  ( 1.000000000000000000, 0.000000000000000000, 0.000000000000000000 ) ) ;
#2667 = CARTESIAN_POINT ( 'NONE',  ( 3.000000000000000000, 10.99999999999984368, -13.00000000000017053 ) ) ;
#2668 = ORIENTED_EDGE ( 'NONE', *, *, #1742, .T. ) ;
#2669 = CARTESIAN_POINT ( 'NONE',  ( 3.000000000000000000, -15.00000000000016165, 19.74999999999982947 ) ) ;
#2670 = DIRECTION ( 'NONE',  ( -0.000000000000000000, 0.000000000000000000, -1.000000000000000000 ) ) ;
#2671 = ORIENTED_EDGE ( 'NONE', *, *, #2166, .F. ) ;
#2672 = ORIENTED_EDGE ( 'NONE', *, *, #1544, .F. ) ;
#2673 = EDGE_LOOP ( 'NONE', ( #737, #1920, #1869, #1649 ) ) ;
#2674 = DIRECTION ( 'NONE',  ( 0.000000000000000000, 0.000000000000000000, -1.000000000000000000 ) ) ;
#2675 = CIRCLE ( 'NONE', #310, 2.499999999999998668 ) ;
#2676 = CARTESIAN_POINT ( 'NONE',  ( -9.899494936611706208, -1.591855728988893469E-13, -36.40000000000016911 ) ) ;
#2677 = DIRECTION ( 'NONE',  ( -1.000000000000000000, 0.000000000000000000, 0.000000000000000000 ) ) ;
#2678 = EDGE_CURVE ( 'NONE', #219, #1222, #2472, .T. ) ;
#2679 = SURFACE_STYLE_USAGE ( .BOTH. , #1397 ) ;
#2680 = CARTESIAN_POINT ( 'NONE',  ( -5.000000000000000000, -15.00000000000017941, -15.00000000000017053 ) ) ;
#2681 = ORIENTED_EDGE ( 'NONE', *, *, #1490, .F. ) ;
#2682 = CARTESIAN_POINT ( 'NONE',  ( 18.95445179679157377, -5.500000000000159872, 7.877103387564105526E-16 ) ) ;
#2683 = CARTESIAN_POINT ( 'NONE',  ( 2.999999999999999112, -21.94617346798906254, 1.874795402708123282 ) ) ;
#2684 = CIRCLE ( 'NONE', #1489, 2.500000000000012434 ) ;
#2685 = EDGE_LOOP ( 'NONE', ( #1580, #406, #274, #925, #1197, #1331 ) ) ;
#2686 = ORIENTED_EDGE ( 'NONE', *, *, #109, .F. ) ;
#2687 = VERTEX_POINT ( 'NONE', #1700 ) ;
#2688 = DIRECTION ( 'NONE',  ( 0.000000000000000000, 0.000000000000000000, 1.000000000000000000 ) ) ;
#2689 = CIRCLE ( 'NONE', #1625, 5.000000000000000000 ) ;
#2690 = AXIS2_PLACEMENT_3D ( 'NONE', #2419, #387, #2435 ) ;
#2691 = DIRECTION ( 'NONE',  ( 0.000000000000000000, 0.000000000000000000, -1.000000000000000000 ) ) ;
#2692 = CARTESIAN_POINT ( 'NONE',  ( 4.268528626248135893, 4.999999999999852562, -34.01835074055203023 ) ) ;
#2693 = CIRCLE ( 'NONE', #1496, 2.499999999999998668 ) ;
#2694 = EDGE_CURVE ( 'NONE', #1696, #1802, #2096, .T. ) ;
#2695 = B_SPLINE_CURVE_WITH_KNOTS ( 'NONE', 3,
 ( #1448, #2532, #8, #856, #655, #1485, #1680, #2520, #452, #843, #2323, #645, #33, #1475, #1663, #2311 ),
 .UNSPECIFIED., .F., .F.,
 ( 4, 2, 2, 2, 2, 2, 2, 4 ),
 ( 0.000000000000000000, 0.0003109608022093803491, 0.0006219216044187606983, 0.0009328824066281411016, 0.001243843208837521397, 0.001554804011046901583, 0.001865764813256282203, 0.002487686417675033252 ),
 .UNSPECIFIED. ) ;
#2696 = DIRECTION ( 'NONE',  ( -1.000000000000000000, 0.000000000000000000, 0.000000000000000000 ) ) ;
#2697 = ORIENTED_EDGE ( 'NONE', *, *, #185, .F. ) ;
#2698 = CARTESIAN_POINT ( 'NONE',  ( 3.000000000000000000, -15.00000000000016165, 17.24999999999983302 ) ) ;
#2699 = CIRCLE ( 'NONE', #1502, 5.000000000000000000 ) ;
#2700 = EDGE_CURVE ( 'NONE', #918, #154, #1295, .T. ) ;
#2701 = ORIENTED_EDGE ( 'NONE', *, *, #1963, .F. ) ;
#2702 = ORIENTED_EDGE ( 'NONE', *, *, #421, .F. ) ;
#2703 = ORIENTED_EDGE ( 'NONE', *, *, #912, .F. ) ;
#2704 = DIRECTION ( 'NONE',  ( 1.000000000000000000, -0.000000000000000000, -0.000000000000000000 ) ) ;
#2705 = VECTOR ( 'NONE', #738, 1000.000000000000000 ) ;
#2706 = DIRECTION ( 'NONE',  ( 0.000000000000000000, 1.000000000000000000, -2.312964634635741478E-16 ) ) ;
#2707 = CARTESIAN_POINT ( 'NONE',  ( 3.006160661143378210, 22.10699431425360117, -2.007861656158048458 ) ) ;
#2708 =( NAMED_UNIT ( * ) SI_UNIT ( $, .STERADIAN. ) SOLID_ANGLE_UNIT ( ) );
#2709 = LINE ( 'NONE', #1772, #1202 ) ;
#2710 = DIRECTION ( 'NONE',  ( -0.000000000000000000, -1.000000000000000000, -0.000000000000000000 ) ) ;
#2711 = EDGE_LOOP ( 'NONE', ( #1895, #435, #1837, #1884, #1816, #1931, #284, #2181 ) ) ;
#2712 = DIRECTION ( 'NONE',  ( 0.000000000000000000, 0.000000000000000000, 1.000000000000000000 ) ) ;
ENDSEC;
END-ISO-10303-21;
