ISO-10303-21;
HEADER;
FILE_DESCRIPTION (( 'STEP AP214' ),
    '1' );
FILE_NAME ('final stinger filnalll.STEP',
    '2026-05-29T11:43:56',
    ( '' ),
    ( '' ),
    'SwSTEP 2.0',
    'SolidWorks 2026',
    '' );
FILE_SCHEMA (( 'AUTOMOTIVE_DESIGN' ));
ENDSEC;

DATA;
#1 = CARTESIAN_POINT ( 'NONE',  ( -5.000000000000000000, 7.499999999999869438, 19.75000000000000000 ) ) ;
#2 = ORIENTED_EDGE ( 'NONE', *, *, #1171, .F. ) ;
#3 = AXIS2_PLACEMENT_3D ( 'NONE', #2282, #1231, #2517 ) ;
#4 = PRODUCT ( 'final stinger filnalll', 'final stinger filnalll', '', ( #803 ) ) ;
#5 = DIRECTION ( 'NONE',  ( 1.000000000000000000, 0.000000000000000000, 0.000000000000000000 ) ) ;
#6 = DIRECTION ( 'NONE',  ( 0.000000000000000000, 0.000000000000000000, 1.000000000000000000 ) ) ;
#7 = DIRECTION ( 'NONE',  ( 0.000000000000000000, 1.184111587697479975E-16, -1.000000000000000000 ) ) ;
#8 = ADVANCED_FACE ( 'NONE', ( #2558 ), #661, .F. ) ;
#9 = AXIS2_PLACEMENT_3D ( 'NONE', #1423, #2443, #310 ) ;
#10 = FACE_BOUND ( 'NONE', #2070, .T. ) ;
#11 = ORIENTED_EDGE ( 'NONE', *, *, #67, .T. ) ;
#12 = ADVANCED_FACE ( 'NONE', ( #2611 ), #563, .F. ) ;
#13 = DIRECTION ( 'NONE',  ( 0.000000000000000000, -1.000000000000000000, 0.000000000000000000 ) ) ;
#14 = CARTESIAN_POINT ( 'NONE',  ( 5.162746514222660288, -5.000000000000170530, -35.30123697071469024 ) ) ;
#15 = VERTEX_POINT ( 'NONE', #1554 ) ;
#16 = CARTESIAN_POINT ( 'NONE',  ( 3.000000000000000000, -7.500000000000158984, 21.75000000000000000 ) ) ;
#17 = VERTEX_POINT ( 'NONE', #973 ) ;
#18 = CARTESIAN_POINT ( 'NONE',  ( -5.000000000000000000, -7.000000000000170530, -19.75000000000000000 ) ) ;
#19 = VECTOR ( 'NONE', #2290, 1000.000000000000000 ) ;
#20 = EDGE_CURVE ( 'NONE', #2156, #2672, #1978, .T. ) ;
#21 = CYLINDRICAL_SURFACE ( 'NONE', #444, 2.250000000000000444 ) ;
#22 = CARTESIAN_POINT ( 'NONE',  ( 3.000000000000000000, 21.94617346798904833, -4.760755280001889744 ) ) ;
#23 = CARTESIAN_POINT ( 'NONE',  ( 9.000000000000000000, 23.59999999999999787, 4.999999999999840128 ) ) ;
#24 = ORIENTED_EDGE ( 'NONE', *, *, #2027, .T. ) ;
#25 = CARTESIAN_POINT ( 'NONE',  ( 3.000000000000000000, 19.75000000000000000, -15.00000000000000000 ) ) ;
#26 = CIRCLE ( 'NONE', #593, 2.000000000000001776 ) ;
#27 = CARTESIAN_POINT ( 'NONE',  ( 3.000000000000000000, 21.94617346798904833, 4.760755280001549572 ) ) ;
#28 = EDGE_LOOP ( 'NONE', ( #1418, #752, #1139, #971, #2387, #98, #365, #2490, #1010, #154, #1484, #238, #1662, #419, #2191, #2532, #1957, #903, #2458, #635, #1356, #438, #1776, #786, #700, #538, #1624, #777, #1576, #2032, #198, #527, #354, #2442, #1864, #41 ) ) ;
#29 = CIRCLE ( 'NONE', #1788, 8.000000000000000000 ) ;
#30 = ORIENTED_EDGE ( 'NONE', *, *, #349, .F. ) ;
#31 = ORIENTED_EDGE ( 'NONE', *, *, #128, .T. ) ;
#32 = PLANE ( 'NONE',  #657 ) ;
#33 = DIRECTION ( 'NONE',  ( 0.000000000000000000, 0.000000000000000000, 1.000000000000000000 ) ) ;
#34 = CARTESIAN_POINT ( 'NONE',  ( 9.000000000000000000, 23.44617346798904833, 25.44486142177824917 ) ) ;
#35 = DIRECTION ( 'NONE',  ( 1.000000000000000000, 0.000000000000000000, 0.000000000000000000 ) ) ;
#36 = ORIENTED_EDGE ( 'NONE', *, *, #1676, .T. ) ;
#37 = DIRECTION ( 'NONE',  ( 0.000000000000000000, 0.000000000000000000, -1.000000000000000000 ) ) ;
#38 = ADVANCED_FACE ( 'NONE', ( #1995 ), #1968, .T. ) ;
#39 = AXIS2_PLACEMENT_3D ( 'NONE', #192, #414, #2116 ) ;
#40 = DIRECTION ( 'NONE',  ( 0.000000000000000000, 0.000000000000000000, -1.000000000000000000 ) ) ;
#41 = ORIENTED_EDGE ( 'NONE', *, *, #1519, .T. ) ;
#42 = EDGE_CURVE ( 'NONE', #1543, #2495, #2640, .T. ) ;
#43 = DIRECTION ( 'NONE',  ( -1.000000000000000000, 0.000000000000000000, 0.000000000000000000 ) ) ;
#44 = ORIENTED_EDGE ( 'NONE', *, *, #241, .F. ) ;
#45 = ORIENTED_EDGE ( 'NONE', *, *, #1391, .T. ) ;
#46 = CARTESIAN_POINT ( 'NONE',  ( 3.000000000000000000, 4.999999999999849898, -36.39999999999999858 ) ) ;
#47 = CARTESIAN_POINT ( 'NONE',  ( 18.95445179679159864, -1.591855728988894984E-13, -36.39999999999999858 ) ) ;
#48 = AXIS2_PLACEMENT_3D ( 'NONE', #1247, #1439, #2294 ) ;
#49 = CARTESIAN_POINT ( 'NONE',  ( -5.000000000000000000, -23.59999999999999787, -1.747491040759994628E-13 ) ) ;
#50 = VERTEX_POINT ( 'NONE', #1149 ) ;
#51 = AXIS2_PLACEMENT_3D ( 'NONE', #587, #2041, #389 ) ;
#52 = AXIS2_PLACEMENT_3D ( 'NONE', #144, #791, #2267 ) ;
#53 = CARTESIAN_POINT ( 'NONE',  ( 2.999999999999999112, 21.94617346798904833, 2.502969796464955543 ) ) ;
#54 = CARTESIAN_POINT ( 'NONE',  ( 18.95445179679159864, -22.27857142857159900, -4.822222156912100210 ) ) ;
#55 = ADVANCED_FACE ( 'NONE', ( #1587 ), #1136, .F. ) ;
#56 = EDGE_LOOP ( 'NONE', ( #890, #536, #1396, #2483 ) ) ;
#57 = CIRCLE ( 'NONE', #898, 2.999999999999995559 ) ;
#58 = PLANE ( 'NONE',  #1862 ) ;
#59 = ORIENTED_EDGE ( 'NONE', *, *, #2609, .F. ) ;
#60 = ORIENTED_EDGE ( 'NONE', *, *, #1234, .F. ) ;
#61 = CARTESIAN_POINT ( 'NONE',  ( 3.037293058811590285, 22.27857142857124728, 4.822222156911760926 ) ) ;
#62 = CARTESIAN_POINT ( 'NONE',  ( 9.000000000000000000, -23.59999999999999787, 4.999999999999830358 ) ) ;
#63 = DIRECTION ( 'NONE',  ( 1.000000000000000000, 0.000000000000000000, 0.000000000000000000 ) ) ;
#64 = ORIENTED_EDGE ( 'NONE', *, *, #1397, .T. ) ;
#65 = CARTESIAN_POINT ( 'NONE',  ( 4.500000000000000000, -23.44617346798904833, 25.44486142177824917 ) ) ;
#66 = CIRCLE ( 'NONE', #2225, 2.000000000000000000 ) ;
#67 = EDGE_CURVE ( 'NONE', #1254, #2471, #139, .T. ) ;
#68 = DIRECTION ( 'NONE',  ( -1.000000000000000000, -0.000000000000000000, -0.000000000000000000 ) ) ;
#69 = ORIENTED_EDGE ( 'NONE', *, *, #1153, .T. ) ;
#70 = CARTESIAN_POINT ( 'NONE',  ( 4.397062130944713765, -23.44617346798905899, 2.996053637378420120 ) ) ;
#71 = EDGE_CURVE ( 'NONE', #1709, #89, #397, .T. ) ;
#72 = VERTEX_POINT ( 'NONE', #2452 ) ;
#73 = ORIENTED_EDGE ( 'NONE', *, *, #241, .T. ) ;
#74 = LINE ( 'NONE', #2359, #577 ) ;
#75 = CARTESIAN_POINT ( 'NONE',  ( 3.000000000000000000, 21.75000000000000000, -6.751111019676849345 ) ) ;
#76 = CARTESIAN_POINT ( 'NONE',  ( 8.999999999999998224, -23.59999999999999787, -1.747491040759994628E-13 ) ) ;
#77 = CYLINDRICAL_SURFACE ( 'NONE', #1616, 2.999999999999995559 ) ;
#78 = ORIENTED_EDGE ( 'NONE', *, *, #434, .F. ) ;
#79 = CARTESIAN_POINT ( 'NONE',  ( 3.000000000000000000, -15.00000000000000000, -12.75000000000015810 ) ) ;
#80 = DIRECTION ( 'NONE',  ( 0.000000000000000000, 0.000000000000000000, 1.000000000000000000 ) ) ;
#81 = CARTESIAN_POINT ( 'NONE',  ( -5.000000000000000000, 14.99999999999984013, -15.00000000000000000 ) ) ;
#82 = CARTESIAN_POINT ( 'NONE',  ( 4.295904306951484841, -23.43568903694168881, 2.995567688986821242 ) ) ;
#83 = ORIENTED_EDGE ( 'NONE', *, *, #1793, .T. ) ;
#84 = ORIENTED_EDGE ( 'NONE', *, *, #673, .F. ) ;
#85 = EDGE_CURVE ( 'NONE', #254, #1180, #302, .T. ) ;
#86 = FACE_OUTER_BOUND ( 'NONE', #1381, .T. ) ;
#87 = DIRECTION ( 'NONE',  ( 0.000000000000000000, 0.000000000000000000, 1.000000000000000000 ) ) ;
#88 = FACE_OUTER_BOUND ( 'NONE', #1666, .T. ) ;
#89 = VERTEX_POINT ( 'NONE', #291 ) ;
#90 = CARTESIAN_POINT ( 'NONE',  ( 3.000000000000000000, -5.500000000000158984, 7.877103387564109470E-16 ) ) ;
#91 = DIRECTION ( 'NONE',  ( 1.000000000000000000, 0.000000000000000000, 0.000000000000000000 ) ) ;
#92 = EDGE_CURVE ( 'NONE', #1651, #1205, #2348, .T. ) ;
#93 = VECTOR ( 'NONE', #2214, 1000.000000000000000 ) ;
#94 = AXIS2_PLACEMENT_3D ( 'NONE', #398, #2118, #1889 ) ;
#95 = DIRECTION ( 'NONE',  ( -1.000000000000000000, 0.000000000000000000, 0.000000000000000000 ) ) ;
#96 = CARTESIAN_POINT ( 'NONE',  ( 3.000000000000000000, 14.99999999999984013, 19.75000000000000000 ) ) ;
#97 = ORIENTED_EDGE ( 'NONE', *, *, #1034, .T. ) ;
#98 = ORIENTED_EDGE ( 'NONE', *, *, #488, .T. ) ;
#99 = CARTESIAN_POINT ( 'NONE',  ( 3.000000000000000000, -7.500000000000158984, 19.75000000000000000 ) ) ;
#100 = DIRECTION ( 'NONE',  ( 1.000000000000000000, 0.000000000000000000, 0.000000000000000000 ) ) ;
#101 = CARTESIAN_POINT ( 'NONE',  ( 3.000000000000000000, 7.499999999999869438, 19.75000000000000000 ) ) ;
#102 = VERTEX_POINT ( 'NONE', #927 ) ;
#103 = EDGE_CURVE ( 'NONE', #446, #2471, #1718, .T. ) ;
#104 = DIRECTION ( 'NONE',  ( -1.000000000000000000, 0.000000000000000000, 0.000000000000000000 ) ) ;
#105 = FACE_OUTER_BOUND ( 'NONE', #878, .T. ) ;
#106 = VECTOR ( 'NONE', #1387, 1000.000000000000000 ) ;
#107 = DIRECTION ( 'NONE',  ( -1.000000000000000000, 0.000000000000000000, 0.000000000000000000 ) ) ;
#108 = AXIS2_PLACEMENT_3D ( 'NONE', #1443, #2681, #1648 ) ;
#109 = DIRECTION ( 'NONE',  ( 0.000000000000000000, 0.000000000000000000, 1.000000000000000000 ) ) ;
#110 = DIRECTION ( 'NONE',  ( 0.000000000000000000, 0.000000000000000000, -1.000000000000000000 ) ) ;
#111 = ORIENTED_EDGE ( 'NONE', *, *, #1553, .F. ) ;
#112 = ORIENTED_EDGE ( 'NONE', *, *, #1838, .F. ) ;
#113 = AXIS2_PLACEMENT_3D ( 'NONE', #49, #921, #2361 ) ;
#114 = DIRECTION ( 'NONE',  ( 0.000000000000000000, 0.000000000000000000, 1.000000000000000000 ) ) ;
#115 = DIRECTION ( 'NONE',  ( -1.000000000000000000, 0.000000000000000000, 0.000000000000000000 ) ) ;
#116 = CARTESIAN_POINT ( 'NONE',  ( -5.000000000000000000, 23.59999999999999787, -3.000000000000168310 ) ) ;
#117 = CARTESIAN_POINT ( 'NONE',  ( 18.95445179679159864, -1.585732494993154692E-13, -41.39999999999999858 ) ) ;
#118 = VERTEX_POINT ( 'NONE', #1770 ) ;
#119 = DIRECTION ( 'NONE',  ( 1.000000000000000000, 0.000000000000000000, 0.000000000000000000 ) ) ;
#120 = VECTOR ( 'NONE', #644, 1000.000000000000000 ) ;
#121 = CARTESIAN_POINT ( 'NONE',  ( 3.000000000000000000, 19.75000000000000000, -6.751111019676860003 ) ) ;
#122 = CARTESIAN_POINT ( 'NONE',  ( 18.95445179679159864, 23.59999999999999787, -1.658673198789984881E-13 ) ) ;
#123 = ORIENTED_EDGE ( 'NONE', *, *, #168, .T. ) ;
#124 = EDGE_CURVE ( 'NONE', #203, #510, #1020, .T. ) ;
#125 = DIRECTION ( 'NONE',  ( -1.000000000000000000, 0.000000000000000000, 0.000000000000000000 ) ) ;
#126 = EDGE_CURVE ( 'NONE', #1079, #2328, #2669, .T. ) ;
#127 = CARTESIAN_POINT ( 'NONE',  ( 3.000000000000000000, -15.00000000000000000, 12.74999999999982059 ) ) ;
#128 = EDGE_CURVE ( 'NONE', #1448, #172, #2423, .T. ) ;
#129 = EDGE_LOOP ( 'NONE', ( #975, #480, #677, #794 ) ) ;
#130 = EDGE_LOOP ( 'NONE', ( #1825, #309 ) ) ;
#131 = CARTESIAN_POINT ( 'NONE',  ( 3.717262699706904261, -23.24181350017167347, -2.979646122399778108 ) ) ;
#132 = CARTESIAN_POINT ( 'NONE',  ( 8.999999999999998224, -23.44617346798904833, 2.996053637378418344 ) ) ;
#133 = ORIENTED_EDGE ( 'NONE', *, *, #986, .F. ) ;
#134 = DIRECTION ( 'NONE',  ( 0.000000000000000000, 0.000000000000000000, 1.000000000000000000 ) ) ;
#135 = CARTESIAN_POINT ( 'NONE',  ( 30.00000000000001066, 23.59999999999999787, -1.658673198789984881E-13 ) ) ;
#136 = CARTESIAN_POINT ( 'NONE',  ( 3.012431019603899252, -22.16916679426629244, 4.792242117644943455 ) ) ;
#137 = ORIENTED_EDGE ( 'NONE', *, *, #916, .F. ) ;
#138 = AXIS2_PLACEMENT_3D ( 'NONE', #542, #1181, #2019 ) ;
#139 = LINE ( 'NONE', #1353, #1461 ) ;
#140 = EDGE_CURVE ( 'NONE', #203, #663, #774, .T. ) ;
#141 = LINE ( 'NONE', #186, #1690 ) ;
#142 = ORIENTED_EDGE ( 'NONE', *, *, #1309, .T. ) ;
#143 = ORIENTED_EDGE ( 'NONE', *, *, #1533, .F. ) ;
#144 = CARTESIAN_POINT ( 'NONE',  ( 3.000000000000000000, -15.00000000000000000, -15.00000000000000000 ) ) ;
#145 = LINE ( 'NONE', #990, #1458 ) ;
#146 = ORIENTED_EDGE ( 'NONE', *, *, #488, .F. ) ;
#147 = CARTESIAN_POINT ( 'NONE',  ( 4.328527080974158281, 23.44611785051261421, -4.997631467722188248 ) ) ;
#148 = FACE_OUTER_BOUND ( 'NONE', #2396, .T. ) ;
#149 = CARTESIAN_POINT ( 'NONE',  ( 30.00000000000001066, 23.59999999999999787, -1.658673198789984881E-13 ) ) ;
#150 = VERTEX_POINT ( 'NONE', #2466 ) ;
#151 = LINE ( 'NONE', #2720, #664 ) ;
#152 = VECTOR ( 'NONE', #1942, 1000.000000000000000 ) ;
#153 = EDGE_CURVE ( 'NONE', #2467, #1118, #1938, .T. ) ;
#154 = ORIENTED_EDGE ( 'NONE', *, *, #557, .T. ) ;
#155 = FACE_OUTER_BOUND ( 'NONE', #1723, .T. ) ;
#156 = AXIS2_PLACEMENT_3D ( 'NONE', #1830, #1584, #572 ) ;
#157 = ADVANCED_FACE ( 'NONE', ( #743 ), #323, .T. ) ;
#158 = ORIENTED_EDGE ( 'NONE', *, *, #2050, .F. ) ;
#159 = CYLINDRICAL_SURFACE ( 'NONE', #243, 4.999999999999997335 ) ;
#160 = CARTESIAN_POINT ( 'NONE',  ( 3.478351714570650621, 23.04902648955906486, -2.949911835020145201 ) ) ;
#161 = CARTESIAN_POINT ( 'NONE',  ( 3.425844184649698310, -23.00701126261568064, 4.965879264368081358 ) ) ;
#162 = EDGE_CURVE ( 'NONE', #2441, #1745, #2697, .T. ) ;
#163 = CARTESIAN_POINT ( 'NONE',  ( 4.323973636384505603, 4.999999999999849898, -34.08923779897443040 ) ) ;
#164 = VERTEX_POINT ( 'NONE', #2292 ) ;
#165 = DIRECTION ( 'NONE',  ( 1.000000000000000000, 0.000000000000000000, 0.000000000000000000 ) ) ;
#166 = VERTEX_POINT ( 'NONE', #1227 ) ;
#167 = CARTESIAN_POINT ( 'NONE',  ( 3.136874735140432691, 22.59426576524142760, -4.899941669828403512 ) ) ;
#168 = EDGE_CURVE ( 'NONE', #1984, #246, #151, .T. ) ;
#169 = CIRCLE ( 'NONE', #1230, 2.000000000000001776 ) ;
#170 = CARTESIAN_POINT ( 'NONE',  ( 3.165249966773555634, 22.65660735756049249, -2.854271366447223013 ) ) ;
#171 = FACE_OUTER_BOUND ( 'NONE', #799, .T. ) ;
#172 = VERTEX_POINT ( 'NONE', #200 ) ;
#173 = DIRECTION ( 'NONE',  ( 1.000000000000000000, 0.000000000000000000, 0.000000000000000000 ) ) ;
#174 = ORIENTED_EDGE ( 'NONE', *, *, #906, .T. ) ;
#175 = AXIS2_PLACEMENT_3D ( 'NONE', #338, #1365, #1162 ) ;
#176 = VECTOR ( 'NONE', #2148, 1000.000000000000000 ) ;
#177 = CARTESIAN_POINT ( 'NONE',  ( 3.000000000000000000, 21.94617346798904833, -4.760755280001889744 ) ) ;
#178 = ORIENTED_EDGE ( 'NONE', *, *, #761, .F. ) ;
#179 = DIRECTION ( 'NONE',  ( -1.000000000000000000, 0.000000000000000000, 0.000000000000000000 ) ) ;
#180 = CARTESIAN_POINT ( 'NONE',  ( 18.95445179679159864, -23.44617346798904833, 4.997633179620899924 ) ) ;
#181 = FACE_OUTER_BOUND ( 'NONE', #2451, .T. ) ;
#182 = EDGE_CURVE ( 'NONE', #340, #1151, #1047, .T. ) ;
#183 = FACE_OUTER_BOUND ( 'NONE', #1618, .T. ) ;
#184 = EDGE_LOOP ( 'NONE', ( #1675, #2011, #314, #2518 ) ) ;
#185 = AXIS2_PLACEMENT_3D ( 'NONE', #2664, #1197, #1263 ) ;
#186 = CARTESIAN_POINT ( 'NONE',  ( 3.000000000000000000, -13.00000000000017941, -13.00000000000015987 ) ) ;
#187 = CARTESIAN_POINT ( 'NONE',  ( 18.95445179679159864, -23.59999999999999787, -1.747491040759994628E-13 ) ) ;
#188 = ORIENTED_EDGE ( 'NONE', *, *, #1051, .F. ) ;
#189 = VECTOR ( 'NONE', #940, 1000.000000000000000 ) ;
#190 = CARTESIAN_POINT ( 'NONE',  ( 3.000000000000000000, -5.500000000000158984, 21.75000000000000000 ) ) ;
#191 = ORIENTED_EDGE ( 'NONE', *, *, #2108, .T. ) ;
#192 = CARTESIAN_POINT ( 'NONE',  ( 18.95445179679159864, -21.75000000000000000, 6.751111019676519831 ) ) ;
#193 = VECTOR ( 'NONE', #68, 1000.000000000000000 ) ;
#194 = APPLICATION_CONTEXT ( 'automotive_design' ) ;
#195 = DIRECTION ( 'NONE',  ( -1.000000000000000000, 0.000000000000000000, 0.000000000000000000 ) ) ;
#196 = CARTESIAN_POINT ( 'NONE',  ( 3.000000000000000000, -15.00000000000000000, -15.00000000000000000 ) ) ;
#197 = FACE_OUTER_BOUND ( 'NONE', #28, .T. ) ;
#198 = ORIENTED_EDGE ( 'NONE', *, *, #1171, .T. ) ;
#199 = CARTESIAN_POINT ( 'NONE',  ( 3.000000000000000000, -15.00000000000000000, 19.75000000000000000 ) ) ;
#200 = CARTESIAN_POINT ( 'NONE',  ( -5.000000000000000000, 14.99999999999984013, 19.75000000000000000 ) ) ;
#201 = EDGE_CURVE ( 'NONE', #1145, #2060, #891, .T. ) ;
#202 = CARTESIAN_POINT ( 'NONE',  ( 8.999999999999998224, 23.59999999999999787, -1.658673198789984881E-13 ) ) ;
#203 = VERTEX_POINT ( 'NONE', #829 ) ;
#204 = EDGE_CURVE ( 'NONE', #849, #2712, #2437, .T. ) ;
#205 = EDGE_CURVE ( 'NONE', #870, #1152, #1605, .T. ) ;
#206 = FACE_OUTER_BOUND ( 'NONE', #184, .T. ) ;
#207 = ORIENTED_EDGE ( 'NONE', *, *, #2440, .T. ) ;
#208 = LINE ( 'NONE', #1888, #2690 ) ;
#209 = CARTESIAN_POINT ( 'NONE',  ( 3.000000000000000000, -21.75000000000000000, -4.751111019676869773 ) ) ;
#210 = DIRECTION ( 'NONE',  ( -1.000000000000000000, 0.000000000000000000, 0.000000000000000000 ) ) ;
#211 = CARTESIAN_POINT ( 'NONE',  ( 3.000000000000000000, -11.00000000000017941, -13.00000000000015987 ) ) ;
#212 = EDGE_LOOP ( 'NONE', ( #902, #2245, #1591, #896, #2378, #2151 ) ) ;
#213 = CIRCLE ( 'NONE', #836, 2.000000000000000000 ) ;
#214 = CARTESIAN_POINT ( 'NONE',  ( 3.717262699706906037, 23.24181350017167347, 2.979646122399437935 ) ) ;
#215 = CARTESIAN_POINT ( 'NONE',  ( 4.942502810278294412, -5.000000000000170530, -34.99902775884176265 ) ) ;
#216 = EDGE_CURVE ( 'NONE', #2638, #1715, #1679, .T. ) ;
#217 = ORIENTED_EDGE ( 'NONE', *, *, #765, .F. ) ;
#218 = FACE_OUTER_BOUND ( 'NONE', #2708, .T. ) ;
#219 = ORIENTED_EDGE ( 'NONE', *, *, #1424, .T. ) ;
#220 = VECTOR ( 'NONE', #1900, 1000.000000000000000 ) ;
#221 = LINE ( 'NONE', #1070, #1025 ) ;
#222 = DIRECTION ( 'NONE',  ( -1.000000000000000000, 0.000000000000000000, 0.000000000000000000 ) ) ;
#223 = DIRECTION ( 'NONE',  ( 0.000000000000000000, 0.000000000000000000, -1.000000000000000000 ) ) ;
#224 = AXIS2_PLACEMENT_3D ( 'NONE', #1986, #1305, #2384 ) ;
#225 = FACE_BOUND ( 'NONE', #1329, .T. ) ;
#226 = VERTEX_POINT ( 'NONE', #997 ) ;
#227 = CARTESIAN_POINT ( 'NONE',  ( 18.95445179679159864, 5.499999999999869438, 21.75000000000000000 ) ) ;
#228 = CARTESIAN_POINT ( 'NONE',  ( 3.000000000000000000, 10.99999999999984013, 10.99999999999982059 ) ) ;
#229 = ORIENTED_EDGE ( 'NONE', *, *, #1541, .F. ) ;
#230 = ORIENTED_EDGE ( 'NONE', *, *, #1505, .F. ) ;
#231 = ORIENTED_EDGE ( 'NONE', *, *, #817, .F. ) ;
#232 = CARTESIAN_POINT ( 'NONE',  ( 2.999999999999999112, -21.94617346798904833, 2.502969796464946217 ) ) ;
#233 = VECTOR ( 'NONE', #509, 1000.000000000000000 ) ;
#234 = CARTESIAN_POINT ( 'NONE',  ( 9.000000000000000000, 23.59999999999999787, -1.658673198789984881E-13 ) ) ;
#235 = AXIS2_PLACEMENT_3D ( 'NONE', #924, #2234, #2219 ) ;
#236 = LINE ( 'NONE', #1905, #1913 ) ;
#237 = DIRECTION ( 'NONE',  ( -1.000000000000000000, 0.000000000000000000, 0.000000000000000000 ) ) ;
#238 = ORIENTED_EDGE ( 'NONE', *, *, #71, .T. ) ;
#239 = AXIS2_PLACEMENT_3D ( 'NONE', #202, #1729, #489 ) ;
#240 = DIRECTION ( 'NONE',  ( 1.000000000000000000, 0.000000000000000000, 0.000000000000000000 ) ) ;
#241 = EDGE_CURVE ( 'NONE', #889, #2368, #29, .T. ) ;
#242 = ORIENTED_EDGE ( 'NONE', *, *, #906, .F. ) ;
#243 = AXIS2_PLACEMENT_3D ( 'NONE', #1015, #1005, #1221 ) ;
#244 = CARTESIAN_POINT ( 'NONE',  ( 3.000000000000000000, -19.75000000000000000, 14.99999999999982059 ) ) ;
#245 = ORIENTED_EDGE ( 'NONE', *, *, #2264, .T. ) ;
#246 = VERTEX_POINT ( 'NONE', #1832 ) ;
#247 = LINE ( 'NONE', #498, #711 ) ;
#248 = FACE_OUTER_BOUND ( 'NONE', #437, .T. ) ;
#249 = FACE_OUTER_BOUND ( 'NONE', #987, .T. ) ;
#250 = VERTEX_POINT ( 'NONE', #375 ) ;
#251 = ADVANCED_FACE ( 'NONE', ( #2096 ), #2514, .F. ) ;
#252 = CARTESIAN_POINT ( 'NONE',  ( 3.000000000000000000, 4.999999999999849898, -21.75000000000000000 ) ) ;
#253 = DIRECTION ( 'NONE',  ( 0.000000000000000000, 0.000000000000000000, -1.000000000000000000 ) ) ;
#254 = VERTEX_POINT ( 'NONE', #1854 ) ;
#255 = DIRECTION ( 'NONE',  ( 0.000000000000000000, 0.000000000000000000, -1.000000000000000000 ) ) ;
#256 = EDGE_LOOP ( 'NONE', ( #2341, #2633 ) ) ;
#257 = ORIENTED_EDGE ( 'NONE', *, *, #1539, .T. ) ;
#258 = DIRECTION ( 'NONE',  ( 0.000000000000000000, 0.000000000000000000, 1.000000000000000000 ) ) ;
#259 = DIRECTION ( 'NONE',  ( 0.000000000000000000, 0.000000000000000000, 1.000000000000000000 ) ) ;
#260 =( GEOMETRIC_REPRESENTATION_CONTEXT ( 3 ) GLOBAL_UNCERTAINTY_ASSIGNED_CONTEXT ( ( #1507 ) ) GLOBAL_UNIT_ASSIGNED_CONTEXT ( ( #751, #2470, #1003 ) ) REPRESENTATION_CONTEXT ( 'NONE', 'WORKASPACE' ) );
#261 = ORIENTED_EDGE ( 'NONE', *, *, #67, .F. ) ;
#262 = CARTESIAN_POINT ( 'NONE',  ( 3.037293058811660451, -22.27857142857159900, 4.822222156911750268 ) ) ;
#263 = EDGE_CURVE ( 'NONE', #2704, #1179, #1311, .T. ) ;
#264 = EDGE_CURVE ( 'NONE', #2368, #502, #2632, .T. ) ;
#265 = ORIENTED_EDGE ( 'NONE', *, *, #1272, .T. ) ;
#266 = CARTESIAN_POINT ( 'NONE',  ( 2.999999999999999112, -1.427654291082565713E-13, 25.80614694161254974 ) ) ;
#267 = EDGE_LOOP ( 'NONE', ( #2515, #2270, #1322, #2685, #387 ) ) ;
#268 = ORIENTED_EDGE ( 'NONE', *, *, #1223, .T. ) ;
#269 = FACE_OUTER_BOUND ( 'NONE', #1795, .T. ) ;
#270 = CARTESIAN_POINT ( 'NONE',  ( 8.999999999999998224, 23.59999999999999787, -3.000000000000168310 ) ) ;
#271 = CARTESIAN_POINT ( 'NONE',  ( 3.037293058811664892, -22.27857142857159900, -4.822222156912100210 ) ) ;
#272 = ORIENTED_EDGE ( 'NONE', *, *, #1397, .F. ) ;
#273 = CARTESIAN_POINT ( 'NONE',  ( 4.219754051239855919, -5.000000000000169642, -33.91288705082750710 ) ) ;
#274 = CARTESIAN_POINT ( 'NONE',  ( 4.096097849186605799, 23.39436196749358388, 2.993015460199737632 ) ) ;
#275 = CIRCLE ( 'NONE', #1911, 2.000000000000000000 ) ;
#276 = AXIS2_PLACEMENT_3D ( 'NONE', #234, #1071, #2727 ) ;
#277 = DIRECTION ( 'NONE',  ( 0.000000000000000000, 0.000000000000000000, 1.000000000000000000 ) ) ;
#278 = EDGE_CURVE ( 'NONE', #340, #2369, #2335, .T. ) ;
#279 = DIRECTION ( 'NONE',  ( 1.000000000000000000, 0.000000000000000000, 0.000000000000000000 ) ) ;
#280 = VERTEX_POINT ( 'NONE', #2176 ) ;
#281 = VERTEX_POINT ( 'NONE', #79 ) ;
#282 = EDGE_CURVE ( 'NONE', #1151, #889, #2405, .T. ) ;
#283 = EDGE_CURVE ( 'NONE', #1546, #2319, #2420, .T. ) ;
#284 = DIRECTION ( 'NONE',  ( 0.000000000000000000, -1.000000000000000000, 0.000000000000000000 ) ) ;
#285 = DIRECTION ( 'NONE',  ( 0.000000000000000000, 0.000000000000000000, 1.000000000000000000 ) ) ;
#286 = LINE ( 'NONE', #1562, #1277 ) ;
#287 = DIRECTION ( 'NONE',  ( -1.000000000000000000, -0.000000000000000000, -0.000000000000000000 ) ) ;
#288 = ORIENTED_EDGE ( 'NONE', *, *, #2115, .F. ) ;
#289 = DIRECTION ( 'NONE',  ( -1.000000000000000000, 0.000000000000000000, 0.000000000000000000 ) ) ;
#290 = LINE ( 'NONE', #121, #723 ) ;
#291 = CARTESIAN_POINT ( 'NONE',  ( -5.000000000000000000, 22.27857142857124728, 4.822222156911750268 ) ) ;
#292 = CARTESIAN_POINT ( 'NONE',  ( 2.999999999999999112, -21.94617346798904833, 2.502969796464946217 ) ) ;
#293 = EDGE_CURVE ( 'NONE', #2000, #2574, #2402, .T. ) ;
#294 = ORIENTED_EDGE ( 'NONE', *, *, #1034, .F. ) ;
#295 = VERTEX_POINT ( 'NONE', #27 ) ;
#296 = DIRECTION ( 'NONE',  ( -1.000000000000000000, 0.000000000000000000, 0.000000000000000000 ) ) ;
#297 = LINE ( 'NONE', #718, #93 ) ;
#298 = CARTESIAN_POINT ( 'NONE',  ( 8.999999999999998224, 23.59999999999999787, 2.999999999999837019 ) ) ;
#299 = EDGE_LOOP ( 'NONE', ( #2560, #217 ) ) ;
#300 = CARTESIAN_POINT ( 'NONE',  ( 4.947921766397291421, -5.000000000000170530, -35.00658729975921801 ) ) ;
#301 = CARTESIAN_POINT ( 'NONE',  ( -5.000000000000000000, -1.427654291082565713E-13, 25.80614694161254974 ) ) ;
#302 = CIRCLE ( 'NONE', #2207, 2.000000000000000000 ) ;
#303 = CARTESIAN_POINT ( 'NONE',  ( 4.500000000000000000, 21.94617346798904833, 25.44486142177824917 ) ) ;
#304 = AXIS2_PLACEMENT_3D ( 'NONE', #2415, #512, #1593 ) ;
#305 = DIRECTION ( 'NONE',  ( -1.000000000000000000, -0.000000000000000000, -0.000000000000000000 ) ) ;
#306 = DIRECTION ( 'NONE',  ( 0.000000000000000000, 0.000000000000000000, -1.000000000000000000 ) ) ;
#307 = ORIENTED_EDGE ( 'NONE', *, *, #2723, .F. ) ;
#308 = AXIS2_PLACEMENT_3D ( 'NONE', #1848, #1859, #2533 ) ;
#309 = ORIENTED_EDGE ( 'NONE', *, *, #1818, .F. ) ;
#310 = DIRECTION ( 'NONE',  ( 0.000000000000000000, 0.000000000000000000, 1.000000000000000000 ) ) ;
#311 = DIRECTION ( 'NONE',  ( 0.000000000000000000, 0.000000000000000000, 1.000000000000000000 ) ) ;
#312 = DIRECTION ( 'NONE',  ( 0.000000000000000000, -1.000000000000000000, 0.000000000000000000 ) ) ;
#313 = FACE_OUTER_BOUND ( 'NONE', #2083, .T. ) ;
#314 = ORIENTED_EDGE ( 'NONE', *, *, #1754, .F. ) ;
#315 = CARTESIAN_POINT ( 'NONE',  ( 2.999999999999999112, 21.94617346798904833, 2.502969796464955543 ) ) ;
#316 = EDGE_CURVE ( 'NONE', #1811, #2369, #2605, .T. ) ;
#317 = CARTESIAN_POINT ( 'NONE',  ( 4.295697061226785074, 23.43568586697655576, 2.995568295181484597 ) ) ;
#318 = CYLINDRICAL_SURFACE ( 'NONE', #2140, 3.000000000000002665 ) ;
#319 = EDGE_CURVE ( 'NONE', #716, #2500, #601, .T. ) ;
#320 = CIRCLE ( 'NONE', #2045, 2.250000000000000444 ) ;
#321 = EDGE_CURVE ( 'NONE', #521, #687, #2619, .T. ) ;
#322 = AXIS2_PLACEMENT_3D ( 'NONE', #2193, #80, #1174 ) ;
#323 = CYLINDRICAL_SURFACE ( 'NONE', #2302, 5.000000000000000000 ) ;
#324 = VECTOR ( 'NONE', #2360, 1000.000000000000000 ) ;
#325 = CARTESIAN_POINT ( 'NONE',  ( 3.000000000000000000, 14.99999999999984013, 12.74999999999982059 ) ) ;
#326 = ORIENTED_EDGE ( 'NONE', *, *, #1596, .F. ) ;
#327 = VERTEX_POINT ( 'NONE', #1077 ) ;
#328 = VECTOR ( 'NONE', #445, 1000.000000000000000 ) ;
#329 = CARTESIAN_POINT ( 'NONE',  ( 2.999999999999999556, -22.03194090740588607, -2.559640263320519527 ) ) ;
#330 = LINE ( 'NONE', #541, #106 ) ;
#331 = B_SPLINE_CURVE_WITH_KNOTS ( 'NONE', 3,
 ( #1166, #329, #1777, #2243, #2213, #2660, #2469, #343, #1386, #735, #131, #2428, #1577, #779, #523, #2001 ),
 .UNSPECIFIED., .F., .F.,
 ( 4, 2, 2, 2, 2, 2, 2, 4 ),
 ( 4.336808689942017255E-19, 0.0003045433628076585917, 0.0006090867256153167496, 0.0009136300884229749076, 0.001218173451230633066, 0.001827260176845949815, 0.002131803539653607648, 0.002436346902461265698 ),
 .UNSPECIFIED. ) ;
#332 = SURFACE_STYLE_FILL_AREA ( #766 ) ;
#333 = EDGE_LOOP ( 'NONE', ( #511, #1349 ) ) ;
#334 = CARTESIAN_POINT ( 'NONE',  ( -5.000000000000000000, -7.000000000000170530, -21.75000000000000000 ) ) ;
#335 = DIRECTION ( 'NONE',  ( -1.000000000000000000, 0.000000000000000000, 0.000000000000000000 ) ) ;
#336 = EDGE_CURVE ( 'NONE', #1179, #2704, #2012, .T. ) ;
#337 = DIRECTION ( 'NONE',  ( -1.000000000000000000, 0.000000000000000000, 0.000000000000000000 ) ) ;
#338 = CARTESIAN_POINT ( 'NONE',  ( 3.000000000000000000, -21.75000000000000000, -6.751111019676869773 ) ) ;
#339 = DIRECTION ( 'NONE',  ( -1.000000000000000000, -0.000000000000000000, -0.000000000000000000 ) ) ;
#340 = VERTEX_POINT ( 'NONE', #1283 ) ;
#341 = VERTEX_POINT ( 'NONE', #2324 ) ;
#342 = AXIS2_PLACEMENT_3D ( 'NONE', #793, #1360, #2662 ) ;
#343 = CARTESIAN_POINT ( 'NONE',  ( 3.277780323249315231, -22.82133129531434435, -2.898503579646199313 ) ) ;
#344 = ORIENTED_EDGE ( 'NONE', *, *, #1717, .T. ) ;
#345 = DIRECTION ( 'NONE',  ( 0.000000000000000000, 0.000000000000000000, -1.000000000000000000 ) ) ;
#346 = CARTESIAN_POINT ( 'NONE',  ( 3.063855129770240993, 22.38952028750526679, -2.746625664960868907 ) ) ;
#347 = LINE ( 'NONE', #2236, #2626 ) ;
#348 = EDGE_LOOP ( 'NONE', ( #1941, #2202, #1633, #641 ) ) ;
#349 = EDGE_CURVE ( 'NONE', #619, #1513, #1965, .T. ) ;
#350 = VECTOR ( 'NONE', #1068, 1000.000000000000000 ) ;
#351 = CARTESIAN_POINT ( 'NONE',  ( 4.923439192402784492, 4.999999999999849898, -34.97237461499700828 ) ) ;
#352 = EDGE_CURVE ( 'NONE', #2418, #827, #1919, .T. ) ;
#353 = ORIENTED_EDGE ( 'NONE', *, *, #153, .T. ) ;
#354 = ORIENTED_EDGE ( 'NONE', *, *, #986, .T. ) ;
#355 = EDGE_CURVE ( 'NONE', #1516, #102, #2635, .T. ) ;
#356 = DIRECTION ( 'NONE',  ( 1.000000000000000000, 0.000000000000000000, 0.000000000000000000 ) ) ;
#357 = EDGE_LOOP ( 'NONE', ( #2288, #950 ) ) ;
#358 = DIRECTION ( 'NONE',  ( 1.000000000000000000, 0.000000000000000000, 0.000000000000000000 ) ) ;
#359 = CARTESIAN_POINT ( 'NONE',  ( 3.722755812570601730, 23.23312391808795851, -2.978066229185166947 ) ) ;
#360 = CARTESIAN_POINT ( 'NONE',  ( 3.313642219245113374, -22.87926307051943908, 4.949895756192933760 ) ) ;
#361 = DIRECTION ( 'NONE',  ( 0.000000000000000000, 0.000000000000000000, 1.000000000000000000 ) ) ;
#362 = VECTOR ( 'NONE', #2425, 1000.000000000000000 ) ;
#363 = VECTOR ( 'NONE', #2205, 1000.000000000000000 ) ;
#364 = ADVANCED_FACE ( 'NONE', ( #2203 ), #159, .T. ) ;
#365 = ORIENTED_EDGE ( 'NONE', *, *, #421, .T. ) ;
#366 = AXIS2_PLACEMENT_3D ( 'NONE', #1313, #674, #1967 ) ;
#367 = FACE_OUTER_BOUND ( 'NONE', #2559, .T. ) ;
#368 = CARTESIAN_POINT ( 'NONE',  ( 0.000000000000000000, 12.99999999999984013, 10.99999999999982059 ) ) ;
#369 = ORIENTED_EDGE ( 'NONE', *, *, #1541, .T. ) ;
#370 = CARTESIAN_POINT ( 'NONE',  ( 18.95445179679159864, 23.44617346798904833, -4.997633179621249866 ) ) ;
#371 = FACE_OUTER_BOUND ( 'NONE', #1693, .T. ) ;
#372 = CARTESIAN_POINT ( 'NONE',  ( -5.000000000000000000, 14.99999999999984013, 17.25000000000000000 ) ) ;
#373 = AXIS2_PLACEMENT_3D ( 'NONE', #1487, #2124, #1474 ) ;
#374 = ORIENTED_EDGE ( 'NONE', *, *, #2323, .F. ) ;
#375 = CARTESIAN_POINT ( 'NONE',  ( 4.500000000000000000, -23.44617346798904833, 4.997633179620899924 ) ) ;
#376 = VERTEX_POINT ( 'NONE', #2680 ) ;
#377 = EDGE_CURVE ( 'NONE', #1152, #1212, #1404, .T. ) ;
#378 = SHAPE_DEFINITION_REPRESENTATION ( #2297, #1774 ) ;
#379 = CARTESIAN_POINT ( 'NONE',  ( 4.500000000000000000, 23.44617346798904833, -4.997633179621249866 ) ) ;
#380 = ORIENTED_EDGE ( 'NONE', *, *, #2117, .F. ) ;
#381 = CARTESIAN_POINT ( 'NONE',  ( 4.500000000000000000, -21.94617346798904833, 25.44486142177824917 ) ) ;
#382 = CIRCLE ( 'NONE', #1011, 4.999999999999997335 ) ;
#383 = LINE ( 'NONE', #625, #911 ) ;
#384 = CARTESIAN_POINT ( 'NONE',  ( 3.000000000000000000, -19.75000000000000000, -15.00000000000000000 ) ) ;
#385 = EDGE_CURVE ( 'NONE', #2000, #1244, #873, .T. ) ;
#386 = DIRECTION ( 'NONE',  ( 0.000000000000000000, 0.000000000000000000, 1.000000000000000000 ) ) ;
#387 = ORIENTED_EDGE ( 'NONE', *, *, #698, .F. ) ;
#388 = CARTESIAN_POINT ( 'NONE',  ( 4.500000000000000000, 23.44617346798904833, 4.997633179620920352 ) ) ;
#389 = DIRECTION ( 'NONE',  ( 0.000000000000000000, 0.000000000000000000, -1.000000000000000000 ) ) ;
#390 = CIRCLE ( 'NONE', #1758, 2.999999999999995559 ) ;
#391 = ORIENTED_EDGE ( 'NONE', *, *, #407, .T. ) ;
#392 = VECTOR ( 'NONE', #2707, 1000.000000000000000 ) ;
#393 = APPLICATION_PROTOCOL_DEFINITION ( 'draft international standard', 'automotive_design', 1998, #1573 ) ;
#394 = PLANE ( 'NONE',  #754 ) ;
#395 = ORIENTED_EDGE ( 'NONE', *, *, #1570, .F. ) ;
#396 = DIRECTION ( 'NONE',  ( -1.000000000000000000, 0.000000000000000000, 0.000000000000000000 ) ) ;
#397 = CIRCLE ( 'NONE', #1943, 2.000000000000000000 ) ;
#398 = CARTESIAN_POINT ( 'NONE',  ( 9.000000000000000000, 23.59999999999999787, -1.658673198789984881E-13 ) ) ;
#399 = FACE_OUTER_BOUND ( 'NONE', #622, .T. ) ;
#400 = LINE ( 'NONE', #1253, #463 ) ;
#401 = ORIENTED_EDGE ( 'NONE', *, *, #2325, .T. ) ;
#402 = EDGE_CURVE ( 'NONE', #1543, #1079, #57, .T. ) ;
#403 = AXIS2_PLACEMENT_3D ( 'NONE', #979, #768, #2006 ) ;
#404 = DIRECTION ( 'NONE',  ( 0.000000000000000000, 0.000000000000000000, 1.000000000000000000 ) ) ;
#405 = ADVANCED_FACE ( 'NONE', ( #2484 ), #583, .F. ) ;
#406 = CARTESIAN_POINT ( 'NONE',  ( 3.949739084569347192, 4.999999999999850786, -33.44113445624140013 ) ) ;
#407 = EDGE_CURVE ( 'NONE', #89, #2573, #1414, .T. ) ;
#408 = DIRECTION ( 'NONE',  ( 1.000000000000000000, 0.000000000000000000, 0.000000000000000000 ) ) ;
#409 = AXIS2_PLACEMENT_3D ( 'NONE', #1574, #1805, #985 ) ;
#410 = ORIENTED_EDGE ( 'NONE', *, *, #441, .F. ) ;
#411 = CIRCLE ( 'NONE', #1299, 5.000000000000000000 ) ;
#412 = DIRECTION ( 'NONE',  ( 0.000000000000000000, 0.000000000000000000, 1.000000000000000000 ) ) ;
#413 = ORIENTED_EDGE ( 'NONE', *, *, #126, .F. ) ;
#414 = DIRECTION ( 'NONE',  ( -1.000000000000000000, 0.000000000000000000, 0.000000000000000000 ) ) ;
#415 = AXIS2_PLACEMENT_3D ( 'NONE', #1405, #2023, #2485 ) ;
#416 = DIRECTION ( 'NONE',  ( 1.000000000000000000, 0.000000000000000000, 0.000000000000000000 ) ) ;
#417 = DIRECTION ( 'NONE',  ( 0.000000000000000000, 0.000000000000000000, 1.000000000000000000 ) ) ;
#418 = DIRECTION ( 'NONE',  ( -1.000000000000000000, -0.000000000000000000, -0.000000000000000000 ) ) ;
#419 = ORIENTED_EDGE ( 'NONE', *, *, #1754, .T. ) ;
#420 = CARTESIAN_POINT ( 'NONE',  ( 3.546478101214877832, 23.12138878285552579, 2.965341291601260032 ) ) ;
#421 = EDGE_CURVE ( 'NONE', #2679, #861, #1636, .T. ) ;
#422 = CARTESIAN_POINT ( 'NONE',  ( 4.744480852291585116, -5.000000000000170530, -34.72227609502173351 ) ) ;
#423 = ORIENTED_EDGE ( 'NONE', *, *, #931, .F. ) ;
#424 = CARTESIAN_POINT ( 'NONE',  ( 9.000000000000000000, 23.44617346798904833, -4.997633179621249866 ) ) ;
#425 = ORIENTED_EDGE ( 'NONE', *, *, #1959, .F. ) ;
#426 = DIRECTION ( 'NONE',  ( 0.000000000000000000, 0.000000000000000000, 1.000000000000000000 ) ) ;
#427 = PLANE ( 'NONE',  #2699 ) ;
#428 = CARTESIAN_POINT ( 'NONE',  ( 8.999999999999998224, 23.44617346798904833, -2.996053637378758960 ) ) ;
#429 = FACE_BOUND ( 'NONE', #2167, .T. ) ;
#430 = VERTEX_POINT ( 'NONE', #558 ) ;
#431 = AXIS2_PLACEMENT_3D ( 'NONE', #2201, #312, #526 ) ;
#432 = CARTESIAN_POINT ( 'NONE',  ( -5.000000000000000000, 19.75000000000000000, 6.751111019676519831 ) ) ;
#433 = CARTESIAN_POINT ( 'NONE',  ( 3.999184234369160595, -5.000000000000170530, -33.53097591728561611 ) ) ;
#434 = EDGE_CURVE ( 'NONE', #1715, #430, #2246, .T. ) ;
#435 = ORIENTED_EDGE ( 'NONE', *, *, #1106, .T. ) ;
#436 = ADVANCED_FACE ( 'NONE', ( #1208 ), #2649, .T. ) ;
#437 = EDGE_LOOP ( 'NONE', ( #1488, #143, #268, #1074, #2017, #1761 ) ) ;
#438 = ORIENTED_EDGE ( 'NONE', *, *, #2204, .T. ) ;
#439 = CIRCLE ( 'NONE', #840, 3.000000000000002665 ) ;
#440 = LINE ( 'NONE', #2713, #1585 ) ;
#441 = EDGE_CURVE ( 'NONE', #2369, #2547, #1246, .T. ) ;
#442 = DIRECTION ( 'NONE',  ( 0.000000000000000000, -1.000000000000000000, 0.000000000000000000 ) ) ;
#443 = CYLINDRICAL_SURFACE ( 'NONE', #2138, 2.000000000000000000 ) ;
#444 = AXIS2_PLACEMENT_3D ( 'NONE', #2315, #222, #6 ) ;
#445 = DIRECTION ( 'NONE',  ( 0.000000000000000000, -1.000000000000000000, 0.000000000000000000 ) ) ;
#446 = VERTEX_POINT ( 'NONE', #315 ) ;
#447 = DIRECTION ( 'NONE',  ( 0.000000000000000000, 1.000000000000000000, 0.000000000000000000 ) ) ;
#448 = VECTOR ( 'NONE', #2260, 1000.000000000000000 ) ;
#449 = CARTESIAN_POINT ( 'NONE',  ( 2.999999999999998224, -5.000000000000170530, -31.20065086732559223 ) ) ;
#450 = ORIENTED_EDGE ( 'NONE', *, *, #1793, .F. ) ;
#451 = DIRECTION ( 'NONE',  ( 1.000000000000000000, 0.000000000000000000, 0.000000000000000000 ) ) ;
#452 = EDGE_CURVE ( 'NONE', #2467, #2668, #2037, .T. ) ;
#453 = ORIENTED_EDGE ( 'NONE', *, *, #2388, .F. ) ;
#454 = EDGE_LOOP ( 'NONE', ( #1361, #2250, #2593, #84 ) ) ;
#455 = FACE_OUTER_BOUND ( 'NONE', #1565, .T. ) ;
#456 = AXIS2_PLACEMENT_3D ( 'NONE', #2364, #462, #37 ) ;
#457 = DIRECTION ( 'NONE',  ( -1.000000000000000000, 0.000000000000000000, 0.000000000000000000 ) ) ;
#458 = CIRCLE ( 'NONE', #1258, 5.000000000000000000 ) ;
#459 = LINE ( 'NONE', #667, #1734 ) ;
#460 = FACE_OUTER_BOUND ( 'NONE', #2100, .T. ) ;
#461 = ORIENTED_EDGE ( 'NONE', *, *, #1868, .F. ) ;
#462 = DIRECTION ( 'NONE',  ( 1.000000000000000000, 0.000000000000000000, 0.000000000000000000 ) ) ;
#463 = VECTOR ( 'NONE', #655, 1000.000000000000000 ) ;
#464 = ORIENTED_EDGE ( 'NONE', *, *, #1450, .T. ) ;
#465 = VECTOR ( 'NONE', #1183, 1000.000000000000000 ) ;
#466 = CARTESIAN_POINT ( 'NONE',  ( 3.000000000000000000, -15.00000000000000000, 19.75000000000000000 ) ) ;
#467 = ORIENTED_EDGE ( 'NONE', *, *, #2325, .F. ) ;
#468 = ORIENTED_EDGE ( 'NONE', *, *, #352, .T. ) ;
#469 = EDGE_CURVE ( 'NONE', #1152, #1736, #693, .T. ) ;
#470 = DIRECTION ( 'NONE',  ( 0.000000000000000000, -5.782411586589360597E-16, -1.000000000000000000 ) ) ;
#471 = CYLINDRICAL_SURFACE ( 'NONE', #2622, 2.000000000000001776 ) ;
#472 = LINE ( 'NONE', #719, #2024 ) ;
#473 = EDGE_LOOP ( 'NONE', ( #2526, #2627, #1344, #2657 ) ) ;
#474 = CARTESIAN_POINT ( 'NONE',  ( 3.038852252255142883, 22.29716410176692776, 2.704197274436773490 ) ) ;
#475 = CIRCLE ( 'NONE', #1188, 2.250000000000000444 ) ;
#476 = ORIENTED_EDGE ( 'NONE', *, *, #1823, .F. ) ;
#477 = FACE_OUTER_BOUND ( 'NONE', #670, .T. ) ;
#478 = B_SPLINE_CURVE_WITH_KNOTS ( 'NONE', 3,
 ( #1467, #2331, #1932, #22 ),
 .UNSPECIFIED., .F., .F.,
 ( 4, 4 ),
 ( 0.000000000000000000, 1.000000000000000000 ),
 .UNSPECIFIED. ) ;
#479 = ORIENTED_EDGE ( 'NONE', *, *, #2009, .T. ) ;
#480 = ORIENTED_EDGE ( 'NONE', *, *, #1304, .T. ) ;
#481 = LINE ( 'NONE', #1509, #1985 ) ;
#482 = DIRECTION ( 'NONE',  ( -1.000000000000000000, 0.000000000000000000, 0.000000000000000000 ) ) ;
#483 = VECTOR ( 'NONE', #1948, 1000.000000000000000 ) ;
#484 = CARTESIAN_POINT ( 'NONE',  ( -5.000000000000000000, -21.75000000000000000, 6.751111019676519831 ) ) ;
#485 = ORIENTED_EDGE ( 'NONE', *, *, #2095, .T. ) ;
#486 = VECTOR ( 'NONE', #2615, 1000.000000000000000 ) ;
#487 = CARTESIAN_POINT ( 'NONE',  ( 3.000000000000000000, -11.00000000000017941, -11.00000000000015810 ) ) ;
#488 = EDGE_CURVE ( 'NONE', #2033, #2679, #1604, .T. ) ;
#489 = DIRECTION ( 'NONE',  ( 0.000000000000000000, 0.000000000000000000, -1.000000000000000000 ) ) ;
#490 = EDGE_CURVE ( 'NONE', #17, #687, #2571, .T. ) ;
#491 = CARTESIAN_POINT ( 'NONE',  ( 3.692634830362982790, -23.22185652473532258, -4.986841842931448276 ) ) ;
#492 = EDGE_LOOP ( 'NONE', ( #715, #36, #2580, #1385 ) ) ;
#493 = B_SPLINE_CURVE_WITH_KNOTS ( 'NONE', 3,
 ( #1620, #746, #519, #535, #2078, #1163, #1880, #551, #730, #388 ),
 .UNSPECIFIED., .F., .F.,
 ( 4, 2, 2, 2, 4 ),
 ( 0.000000000000000000, 0.2500000000000000000, 0.5000000000000000000, 0.7500000000000000000, 1.000000000000000000 ),
 .UNSPECIFIED. ) ;
#494 = EDGE_CURVE ( 'NONE', #2139, #1907, #2233, .T. ) ;
#495 = LINE ( 'NONE', #2183, #1821 ) ;
#496 = VERTEX_POINT ( 'NONE', #2459 ) ;
#497 = ORIENTED_EDGE ( 'NONE', *, *, #1436, .F. ) ;
#498 = CARTESIAN_POINT ( 'NONE',  ( 3.000000000000000000, -15.00000000000000000, -17.25000000000000000 ) ) ;
#499 = DIRECTION ( 'NONE',  ( -1.000000000000000000, 0.000000000000000000, 0.000000000000000000 ) ) ;
#500 = CARTESIAN_POINT ( 'NONE',  ( 18.95445179679159864, 23.59999999999999787, -5.000000000000170530 ) ) ;
#501 = VECTOR ( 'NONE', #2453, 1000.000000000000000 ) ;
#502 = VERTEX_POINT ( 'NONE', #1812 ) ;
#503 = DIRECTION ( 'NONE',  ( -1.000000000000000000, -0.000000000000000000, -0.000000000000000000 ) ) ;
#504 = CARTESIAN_POINT ( 'NONE',  ( 4.500000000000004441, 23.44617346798905189, 2.996053637378426782 ) ) ;
#505 = VECTOR ( 'NONE', #40, 1000.000000000000000 ) ;
#506 = EDGE_CURVE ( 'NONE', #2319, #340, #537, .T. ) ;
#507 = CIRCLE ( 'NONE', #1215, 2.250000000000000444 ) ;
#508 = CARTESIAN_POINT ( 'NONE',  ( -5.000000000000000000, -11.00000000000017941, -11.00000000000015810 ) ) ;
#509 = DIRECTION ( 'NONE',  ( -1.000000000000000000, 0.000000000000000000, 0.000000000000000000 ) ) ;
#510 = VERTEX_POINT ( 'NONE', #232 ) ;
#511 = ORIENTED_EDGE ( 'NONE', *, *, #1629, .F. ) ;
#512 = DIRECTION ( 'NONE',  ( -1.000000000000000000, 0.000000000000000000, 0.000000000000000000 ) ) ;
#513 = LINE ( 'NONE', #965, #2122 ) ;
#514 = CARTESIAN_POINT ( 'NONE',  ( 18.95445179679159864, -1.427654291082565713E-13, 25.80614694161254974 ) ) ;
#515 = ORIENTED_EDGE ( 'NONE', *, *, #539, .F. ) ;
#516 = DIRECTION ( 'NONE',  ( -1.000000000000000000, 0.000000000000000000, 0.000000000000000000 ) ) ;
#517 = PLANE ( 'NONE',  #322 ) ;
#518 = DIRECTION ( 'NONE',  ( -1.000000000000000000, 0.000000000000000000, 0.000000000000000000 ) ) ;
#519 = CARTESIAN_POINT ( 'NONE',  ( 3.136208285373300431, 22.59333142823343010, 4.899797167201388248 ) ) ;
#520 = ORIENTED_EDGE ( 'NONE', *, *, #278, .F. ) ;
#521 = VERTEX_POINT ( 'NONE', #1028 ) ;
#522 = EDGE_CURVE ( 'NONE', #1696, #496, #221, .T. ) ;
#523 = CARTESIAN_POINT ( 'NONE',  ( 4.397049685411088760, -23.44617346798905544, -2.996053637378768730 ) ) ;
#524 = CARTESIAN_POINT ( 'NONE',  ( -5.000000000000000000, 23.59999999999999787, -1.658673198789984881E-13 ) ) ;
#525 = ADVANCED_FACE ( 'NONE', ( #1697 ), #1276, .F. ) ;
#526 = DIRECTION ( 'NONE',  ( 0.000000000000000000, 0.000000000000000000, -1.000000000000000000 ) ) ;
#527 = ORIENTED_EDGE ( 'NONE', *, *, #1273, .T. ) ;
#528 = DIRECTION ( 'NONE',  ( 0.000000000000000000, 0.000000000000000000, -1.000000000000000000 ) ) ;
#529 = EDGE_CURVE ( 'NONE', #1696, #1558, #1991, .T. ) ;
#530 = DIRECTION ( 'NONE',  ( 0.000000000000000000, 1.000000000000000000, 0.000000000000000000 ) ) ;
#531 = CARTESIAN_POINT ( 'NONE',  ( -5.000000000000000000, -15.00000000000000000, 14.99999999999982059 ) ) ;
#532 = ORIENTED_EDGE ( 'NONE', *, *, #1970, .F. ) ;
#533 = AXIS2_PLACEMENT_3D ( 'NONE', #1653, #1867, #1447 ) ;
#534 = DIRECTION ( 'NONE',  ( 0.000000000000000000, 0.000000000000000000, -1.000000000000000000 ) ) ;
#535 = CARTESIAN_POINT ( 'NONE',  ( 3.315103501802698194, 22.88147826996461376, 4.950264681465448291 ) ) ;
#536 = ORIENTED_EDGE ( 'NONE', *, *, #336, .T. ) ;
#537 = CIRCLE ( 'NONE', #185, 4.999999999999997335 ) ;
#538 = ORIENTED_EDGE ( 'NONE', *, *, #441, .T. ) ;
#539 = EDGE_CURVE ( 'NONE', #1004, #1811, #1161, .T. ) ;
#540 = CARTESIAN_POINT ( 'NONE',  ( -5.000000000000000000, 5.499999999999869438, 25.80614694161254974 ) ) ;
#541 = CARTESIAN_POINT ( 'NONE',  ( -5.000000000000000000, -15.00000000000000000, -13.00000000000015987 ) ) ;
#542 = CARTESIAN_POINT ( 'NONE',  ( -66.20011627344369742, 23.44617346798904833, 25.44486142177824917 ) ) ;
#543 = ORIENTED_EDGE ( 'NONE', *, *, #85, .T. ) ;
#544 = CARTESIAN_POINT ( 'NONE',  ( 3.313642219236565545, 22.87926307048186203, -4.949895756186686313 ) ) ;
#545 = CARTESIAN_POINT ( 'NONE',  ( 4.397049685411088760, 23.44617346798903768, 2.996053637378426338 ) ) ;
#546 = CARTESIAN_POINT ( 'NONE',  ( 3.037293058811660451, -22.27857142857159900, 4.822222156911750268 ) ) ;
#547 = ORIENTED_EDGE ( 'NONE', *, *, #2111, .F. ) ;
#548 = CIRCLE ( 'NONE', #1827, 2.000000000000000000 ) ;
#549 = DIRECTION ( 'NONE',  ( 0.000000000000000000, 0.000000000000000000, 1.000000000000000000 ) ) ;
#550 = VECTOR ( 'NONE', #926, 1000.000000000000000 ) ;
#551 = CARTESIAN_POINT ( 'NONE',  ( 4.162859751135697728, 23.41772681351372754, 4.996998587176041617 ) ) ;
#552 = ORIENTED_EDGE ( 'NONE', *, *, #1473, .F. ) ;
#553 = ORIENTED_EDGE ( 'NONE', *, *, #1924, .F. ) ;
#554 =( NAMED_UNIT ( * ) PLANE_ANGLE_UNIT ( ) SI_UNIT ( $, .RADIAN. ) );
#555 = CARTESIAN_POINT ( 'NONE',  ( -5.000000000000000000, -1.591855728988894984E-13, -36.39999999999999858 ) ) ;
#556 = ORIENTED_EDGE ( 'NONE', *, *, #1367, .T. ) ;
#557 = EDGE_CURVE ( 'NONE', #172, #1907, #884, .T. ) ;
#558 = CARTESIAN_POINT ( 'NONE',  ( 9.000000000000000000, -23.44617346798904833, -4.997633179621249866 ) ) ;
#559 = CARTESIAN_POINT ( 'NONE',  ( 4.295904306951490170, 23.43568903694169592, -2.995567688987163191 ) ) ;
#560 = DIRECTION ( 'NONE',  ( 1.000000000000000000, 0.000000000000000000, 0.000000000000000000 ) ) ;
#561 = ADVANCED_FACE ( 'NONE', ( #807 ), #2130, .F. ) ;
#562 = EDGE_CURVE ( 'NONE', #1118, #2005, #208, .T. ) ;
#563 = CYLINDRICAL_SURFACE ( 'NONE', #792, 2.000000000000000000 ) ;
#564 = ORIENTED_EDGE ( 'NONE', *, *, #2609, .T. ) ;
#565 = ORIENTED_EDGE ( 'NONE', *, *, #2117, .T. ) ;
#566 = MECHANICAL_DESIGN_GEOMETRIC_PRESENTATION_REPRESENTATION (  '', ( #1882 ), #260 ) ;
#567 = CYLINDRICAL_SURFACE ( 'NONE', #52, 2.250000000000000444 ) ;
#568 = DIRECTION ( 'NONE',  ( -0.000000000000000000, 1.000000000000000000, 0.000000000000000000 ) ) ;
#569 = ORIENTED_EDGE ( 'NONE', *, *, #2289, .T. ) ;
#570 = CARTESIAN_POINT ( 'NONE',  ( 3.000000000000000000, 19.75000000000000000, 14.99999999999982059 ) ) ;
#571 = DIRECTION ( 'NONE',  ( 0.000000000000000000, 0.000000000000000000, 1.000000000000000000 ) ) ;
#572 = DIRECTION ( 'NONE',  ( 0.000000000000000000, 0.000000000000000000, 1.000000000000000000 ) ) ;
#573 = ORIENTED_EDGE ( 'NONE', *, *, #1609, .T. ) ;
#574 = EDGE_CURVE ( 'NONE', #1550, #1781, #440, .T. ) ;
#575 = VECTOR ( 'NONE', #1116, 1000.000000000000000 ) ;
#576 = DIRECTION ( 'NONE',  ( 0.000000000000000000, 0.000000000000000000, -1.000000000000000000 ) ) ;
#577 = VECTOR ( 'NONE', #893, 1000.000000000000000 ) ;
#578 = EDGE_CURVE ( 'NONE', #2547, #1516, #1646, .T. ) ;
#579 = ORIENTED_EDGE ( 'NONE', *, *, #557, .F. ) ;
#580 = CARTESIAN_POINT ( 'NONE',  ( 9.000000000000000000, -1.591855728988894984E-13, -31.39999999999999858 ) ) ;
#581 = DIRECTION ( 'NONE',  ( -1.000000000000000000, 0.000000000000000000, 0.000000000000000000 ) ) ;
#582 = ORIENTED_EDGE ( 'NONE', *, *, #1676, .F. ) ;
#583 = CYLINDRICAL_SURFACE ( 'NONE', #403, 1.500000000000000444 ) ;
#584 = CARTESIAN_POINT ( 'NONE',  ( -5.000000000000000000, 14.99999999999984013, -19.75000000000000000 ) ) ;
#585 = CARTESIAN_POINT ( 'NONE',  ( 3.000000000000000000, -21.94617346798904833, 4.760755280001519374 ) ) ;
#586 = ORIENTED_EDGE ( 'NONE', *, *, #140, .F. ) ;
#587 = CARTESIAN_POINT ( 'NONE',  ( 9.000000000000000000, -1.591855728988894984E-13, -36.39999999999999858 ) ) ;
#588 = CIRCLE ( 'NONE', #1515, 3.000000000000002665 ) ;
#589 = EDGE_CURVE ( 'NONE', #2353, #1151, #382, .T. ) ;
#590 = VECTOR ( 'NONE', #91, 1000.000000000000000 ) ;
#591 = ORIENTED_EDGE ( 'NONE', *, *, #2289, .F. ) ;
#592 = AXIS2_PLACEMENT_3D ( 'NONE', #303, #1364, #107 ) ;
#593 = AXIS2_PLACEMENT_3D ( 'NONE', #1786, #560, #2637 ) ;
#594 = LINE ( 'NONE', #368, #220 ) ;
#595 = ORIENTED_EDGE ( 'NONE', *, *, #1730, .T. ) ;
#596 = CARTESIAN_POINT ( 'NONE',  ( 6.000000000000000000, -1.591855728988894984E-13, -36.39999999999999858 ) ) ;
#597 = VECTOR ( 'NONE', #35, 1000.000000000000000 ) ;
#598 = FACE_OUTER_BOUND ( 'NONE', #2613, .T. ) ;
#599 = CARTESIAN_POINT ( 'NONE',  ( -5.000000000000000000, -19.75000000000000000, -6.751111019676869773 ) ) ;
#600 = DIRECTION ( 'NONE',  ( 0.000000000000000000, 0.000000000000000000, -1.000000000000000000 ) ) ;
#601 = CIRCLE ( 'NONE', #2147, 2.250000000000000444 ) ;
#602 = ORIENTED_EDGE ( 'NONE', *, *, #2608, .F. ) ;
#603 = CARTESIAN_POINT ( 'NONE',  ( 3.000000000000000000, 19.75000000000000000, 14.99999999999982059 ) ) ;
#604 = CARTESIAN_POINT ( 'NONE',  ( 4.771781328671749201, 4.999999999999849898, -34.75758297414174081 ) ) ;
#605 = ORIENTED_EDGE ( 'NONE', *, *, #1421, .T. ) ;
#606 = ADVANCED_FACE ( 'NONE', ( #864 ), #2548, .F. ) ;
#607 = DIRECTION ( 'NONE',  ( -1.000000000000000000, 0.000000000000000000, 0.000000000000000000 ) ) ;
#608 = ORIENTED_EDGE ( 'NONE', *, *, #407, .F. ) ;
#609 = FACE_OUTER_BOUND ( 'NONE', #2110, .T. ) ;
#610 = DIRECTION ( 'NONE',  ( -0.000000000000000000, 1.000000000000000000, 0.000000000000000000 ) ) ;
#611 = CYLINDRICAL_SURFACE ( 'NONE', #108, 4.749999999999999112 ) ;
#612 = ADVANCED_FACE ( 'NONE', ( #2496 ), #2071, .T. ) ;
#613 = CARTESIAN_POINT ( 'NONE',  ( -5.000000000000000000, 5.499999999999869438, 21.75000000000000000 ) ) ;
#614 = EDGE_LOOP ( 'NONE', ( #2381, #2545, #2382, #2143 ) ) ;
#615 = EDGE_CURVE ( 'NONE', #1984, #619, #2556, .T. ) ;
#616 = CARTESIAN_POINT ( 'NONE',  ( -5.000000000000000000, -23.59999999999999787, -1.747491040759994628E-13 ) ) ;
#617 = DIRECTION ( 'NONE',  ( 0.000000000000000000, -1.000000000000000000, 0.000000000000000000 ) ) ;
#618 = AXIS2_PLACEMENT_3D ( 'NONE', #1623, #568, #356 ) ;
#619 = VERTEX_POINT ( 'NONE', #2284 ) ;
#620 = VECTOR ( 'NONE', #416, 1000.000000000000000 ) ;
#621 = DIRECTION ( 'NONE',  ( -1.000000000000000000, 0.000000000000000000, 0.000000000000000000 ) ) ;
#622 = EDGE_LOOP ( 'NONE', ( #374, #1766, #1061, #1165 ) ) ;
#623 = DIRECTION ( 'NONE',  ( 0.000000000000000000, 0.000000000000000000, 1.000000000000000000 ) ) ;
#624 = ADVANCED_FACE ( 'NONE', ( #850 ), #636, .F. ) ;
#625 = CARTESIAN_POINT ( 'NONE',  ( 0.000000000000000000, -11.00000000000017941, 12.99999999999982059 ) ) ;
#626 = FACE_OUTER_BOUND ( 'NONE', #348, .T. ) ;
#627 = FACE_BOUND ( 'NONE', #2663, .T. ) ;
#628 = ORIENTED_EDGE ( 'NONE', *, *, #1354, .T. ) ;
#629 = FACE_BOUND ( 'NONE', #1526, .T. ) ;
#630 = CARTESIAN_POINT ( 'NONE',  ( 5.759230777901400700, -5.000000000000170530, -36.08916775278760980 ) ) ;
#631 = CIRCLE ( 'NONE', #1772, 2.000000000000001776 ) ;
#632 = ORIENTED_EDGE ( 'NONE', *, *, #264, .T. ) ;
#633 = AXIS2_PLACEMENT_3D ( 'NONE', #1133, #1784, #953 ) ;
#634 = DIRECTION ( 'NONE',  ( 0.000000000000000000, -1.432200615920703789E-16, -1.000000000000000000 ) ) ;
#635 = ORIENTED_EDGE ( 'NONE', *, *, #2050, .T. ) ;
#636 = CYLINDRICAL_SURFACE ( 'NONE', #1449, 1.500000000000000444 ) ;
#637 = LINE ( 'NONE', #2497, #2184 ) ;
#638 = CARTESIAN_POINT ( 'NONE',  ( 3.000000000000000000, 19.75000000000000000, 14.99999999999982059 ) ) ;
#639 = ADVANCED_FACE ( 'NONE', ( #609 ), #1453, .F. ) ;
#640 = CYLINDRICAL_SURFACE ( 'NONE', #2008, 2.999999999999995559 ) ;
#641 = ORIENTED_EDGE ( 'NONE', *, *, #352, .F. ) ;
#642 = DIRECTION ( 'NONE',  ( 0.000000000000000000, 0.000000000000000000, -1.000000000000000000 ) ) ;
#643 = EDGE_CURVE ( 'NONE', #1907, #1709, #1480, .T. ) ;
#644 = DIRECTION ( 'NONE',  ( 0.000000000000000000, -1.432200615920703789E-16, -1.000000000000000000 ) ) ;
#645 = ADVANCED_FACE ( 'NONE', ( #455 ), #32, .F. ) ;
#646 = CARTESIAN_POINT ( 'NONE',  ( 18.95445179679159864, -23.59999999999999787, -5.000000000000180300 ) ) ;
#647 = ORIENTED_EDGE ( 'NONE', *, *, #1120, .T. ) ;
#648 = EDGE_CURVE ( 'NONE', #1722, #50, #169, .T. ) ;
#649 = B_SPLINE_CURVE_WITH_KNOTS ( 'NONE', 3,
 ( #2392, #1078, #875, #1705, #1926, #491, #1297, #2153, #2557, #2584 ),
 .UNSPECIFIED., .F., .F.,
 ( 4, 2, 2, 2, 4 ),
 ( 0.000000000000000000, 0.2500000000000001665, 0.5000000000000003331, 0.7500000000000004441, 1.000000000000000000 ),
 .UNSPECIFIED. ) ;
#650 = ORIENTED_EDGE ( 'NONE', *, *, #1186, .F. ) ;
#651 = ORIENTED_EDGE ( 'NONE', *, *, #660, .F. ) ;
#652 = DIRECTION ( 'NONE',  ( 0.000000000000000000, 0.000000000000000000, 1.000000000000000000 ) ) ;
#653 = CARTESIAN_POINT ( 'NONE',  ( 3.000000000000000000, 14.99999999999984013, 17.25000000000000000 ) ) ;
#654 = CARTESIAN_POINT ( 'NONE',  ( 8.999999999999998224, -23.59999999999999787, -3.000000000000177636 ) ) ;
#655 = DIRECTION ( 'NONE',  ( 0.000000000000000000, -5.782411586589360597E-16, -1.000000000000000000 ) ) ;
#656 = ORIENTED_EDGE ( 'NONE', *, *, #1570, .T. ) ;
#657 = AXIS2_PLACEMENT_3D ( 'NONE', #1303, #1711, #2145 ) ;
#658 = DIRECTION ( 'NONE',  ( 0.000000000000000000, 0.000000000000000000, 1.000000000000000000 ) ) ;
#659 = CARTESIAN_POINT ( 'NONE',  ( -19.42221666030939886, -5.000000000000170530, -21.75000000000000000 ) ) ;
#660 = EDGE_CURVE ( 'NONE', #164, #2679, #2358, .T. ) ;
#661 = CYLINDRICAL_SURFACE ( 'NONE', #2112, 2.000000000000000000 ) ;
#662 = ORIENTED_EDGE ( 'NONE', *, *, #938, .F. ) ;
#663 = VERTEX_POINT ( 'NONE', #879 ) ;
#664 = VECTOR ( 'NONE', #2684, 1000.000000000000000 ) ;
#665 = DIRECTION ( 'NONE',  ( -1.000000000000000000, 0.000000000000000000, 0.000000000000000000 ) ) ;
#666 = CARTESIAN_POINT ( 'NONE',  ( 3.000000000000000000, -21.94617346798904833, 14.99999999999982059 ) ) ;
#667 = CARTESIAN_POINT ( 'NONE',  ( 3.000000000000000000, 10.99999999999984013, 12.99999999999982059 ) ) ;
#668 = CIRCLE ( 'NONE', #2211, 2.250000000000000444 ) ;
#669 = CARTESIAN_POINT ( 'NONE',  ( 3.000000000000000000, -15.00000000000000000, -19.75000000000000000 ) ) ;
#670 = EDGE_LOOP ( 'NONE', ( #1545, #2129, #1892, #111 ) ) ;
#671 = DIRECTION ( 'NONE',  ( 1.000000000000000000, 0.000000000000000000, 0.000000000000000000 ) ) ;
#672 = AXIS2_PLACEMENT_3D ( 'NONE', #2472, #1613, #134 ) ;
#673 = EDGE_CURVE ( 'NONE', #2700, #327, #1602, .T. ) ;
#674 = DIRECTION ( 'NONE',  ( 1.000000000000000000, 0.000000000000000000, 0.000000000000000000 ) ) ;
#675 = ORIENTED_EDGE ( 'NONE', *, *, #201, .F. ) ;
#676 = CARTESIAN_POINT ( 'NONE',  ( 3.000000000000000000, 5.499999999999869438, -7.877103387563679541E-16 ) ) ;
#677 = ORIENTED_EDGE ( 'NONE', *, *, #1953, .T. ) ;
#678 = ORIENTED_EDGE ( 'NONE', *, *, #20, .T. ) ;
#679 = CARTESIAN_POINT ( 'NONE',  ( 0.000000000000000000, -13.00000000000017941, -11.00000000000015810 ) ) ;
#680 = AXIS2_PLACEMENT_3D ( 'NONE', #1282, #240, #447 ) ;
#681 = DIRECTION ( 'NONE',  ( 0.000000000000000000, 0.000000000000000000, 1.000000000000000000 ) ) ;
#682 = CYLINDRICAL_SURFACE ( 'NONE', #822, 1.500000000000000000 ) ;
#683 = ORIENTED_EDGE ( 'NONE', *, *, #1309, .F. ) ;
#684 = DIRECTION ( 'NONE',  ( -1.000000000000000000, 0.000000000000000000, 0.000000000000000000 ) ) ;
#685 = VECTOR ( 'NONE', #2386, 1000.000000000000000 ) ;
#686 = CARTESIAN_POINT ( 'NONE',  ( -5.000000000000000000, -1.588181788591452929E-13, -39.39999999999999858 ) ) ;
#687 = VERTEX_POINT ( 'NONE', #741 ) ;
#688 = CARTESIAN_POINT ( 'NONE',  ( 4.500000000000000000, -23.44617346798905189, 2.996053637378419676 ) ) ;
#689 = ORIENTED_EDGE ( 'NONE', *, *, #1048, .F. ) ;
#690 = ORIENTED_EDGE ( 'NONE', *, *, #1791, .F. ) ;
#691 = EDGE_CURVE ( 'NONE', #1989, #430, #999, .T. ) ;
#692 = CARTESIAN_POINT ( 'NONE',  ( -5.000000000000000000, 7.499999999999869438, 19.75000000000000000 ) ) ;
#693 = B_SPLINE_CURVE_WITH_KNOTS ( 'NONE', 3,
 ( #2432, #147, #753, #1390, #739, #2689, #544, #167, #992, #1598 ),
 .UNSPECIFIED., .F., .F.,
 ( 4, 2, 2, 2, 4 ),
 ( 0.000000000000000000, 0.2500000000000000000, 0.5000000000000000000, 0.7500000000000000000, 1.000000000000000000 ),
 .UNSPECIFIED. ) ;
#694 = CARTESIAN_POINT ( 'NONE',  ( 3.000000000000000000, -15.00000000000000000, 19.75000000000000000 ) ) ;
#695 = DIRECTION ( 'NONE',  ( 0.000000000000000000, 0.000000000000000000, -1.000000000000000000 ) ) ;
#696 = ORIENTED_EDGE ( 'NONE', *, *, #2544, .T. ) ;
#697 = DIRECTION ( 'NONE',  ( -1.000000000000000000, 0.000000000000000000, 0.000000000000000000 ) ) ;
#698 = EDGE_CURVE ( 'NONE', #250, #1819, #1804, .T. ) ;
#699 = VECTOR ( 'NONE', #2481, 1000.000000000000000 ) ;
#700 = ORIENTED_EDGE ( 'NONE', *, *, #278, .T. ) ;
#701 = CARTESIAN_POINT ( 'NONE',  ( 3.000000000000000000, 7.499999999999869438, 21.75000000000000000 ) ) ;
#702 = ORIENTED_EDGE ( 'NONE', *, *, #529, .T. ) ;
#703 = ORIENTED_EDGE ( 'NONE', *, *, #814, .F. ) ;
#704 = CARTESIAN_POINT ( 'NONE',  ( -5.000000000000000000, -7.000000000000170530, -19.75000000000000000 ) ) ;
#705 = CARTESIAN_POINT ( 'NONE',  ( 18.95445179679159864, 21.75000000000000000, -6.751111019676849345 ) ) ;
#706 = AXIS2_PLACEMENT_3D ( 'NONE', #2327, #805, #1425 ) ;
#707 = DIRECTION ( 'NONE',  ( 0.000000000000000000, -1.000000000000000000, 2.312964634635739999E-16 ) ) ;
#708 = EDGE_LOOP ( 'NONE', ( #647, #1798, #2209, #2064 ) ) ;
#709 = EDGE_CURVE ( 'NONE', #1179, #1651, #347, .T. ) ;
#710 = DIRECTION ( 'NONE',  ( 0.000000000000000000, 0.000000000000000000, 1.000000000000000000 ) ) ;
#711 = VECTOR ( 'NONE', #1098, 1000.000000000000000 ) ;
#712 = CARTESIAN_POINT ( 'NONE',  ( -5.000000000000000000, 14.99999999999984013, -15.00000000000000000 ) ) ;
#713 = DIRECTION ( 'NONE',  ( -1.000000000000000000, 0.000000000000000000, 0.000000000000000000 ) ) ;
#714 = CARTESIAN_POINT ( 'NONE',  ( 3.000000000000000000, -21.75000000000000000, -6.751111019676869773 ) ) ;
#715 = ORIENTED_EDGE ( 'NONE', *, *, #385, .T. ) ;
#716 = VERTEX_POINT ( 'NONE', #372 ) ;
#717 = CYLINDRICAL_SURFACE ( 'NONE', #304, 2.000000000000000000 ) ;
#718 = CARTESIAN_POINT ( 'NONE',  ( 30.00000000000001066, 23.44617346798904833, -2.996053637378758960 ) ) ;
#719 = CARTESIAN_POINT ( 'NONE',  ( -5.000000000000000000, -19.75000000000000000, -15.00000000000000000 ) ) ;
#720 = CIRCLE ( 'NONE', #2266, 2.249999999999998668 ) ;
#721 = ORIENTED_EDGE ( 'NONE', *, *, #1654, .F. ) ;
#722 = DIRECTION ( 'NONE',  ( -1.000000000000000000, 0.000000000000000000, 0.000000000000000000 ) ) ;
#723 = VECTOR ( 'NONE', #2607, 1000.000000000000000 ) ;
#724 = CARTESIAN_POINT ( 'NONE',  ( 4.500000000000000000, 23.44617346798904833, 4.997633179620920352 ) ) ;
#725 = VECTOR ( 'NONE', #2578, 1000.000000000000000 ) ;
#726 = AXIS2_PLACEMENT_3D ( 'NONE', #785, #982, #996 ) ;
#727 = CARTESIAN_POINT ( 'NONE',  ( 30.00000000000001066, -1.588181788591452929E-13, -39.39999999999999858 ) ) ;
#728 = AXIS2_PLACEMENT_3D ( 'NONE', #1878, #1495, #2287 ) ;
#729 = EDGE_CURVE ( 'NONE', #1683, #17, #1085, .T. ) ;
#730 = CARTESIAN_POINT ( 'NONE',  ( 4.328889880460492279, 23.44611805992255782, 4.997631474167468113 ) ) ;
#731 = AXIS2_PLACEMENT_3D ( 'NONE', #228, #722, #951 ) ;
#732 = ADVANCED_FACE ( 'NONE', ( #2692 ), #2651, .T. ) ;
#733 = ORIENTED_EDGE ( 'NONE', *, *, #847, .F. ) ;
#734 = ORIENTED_EDGE ( 'NONE', *, *, #2317, .T. ) ;
#735 = CARTESIAN_POINT ( 'NONE',  ( 3.546478101214872503, -23.12138878285551868, -2.965341291601598872 ) ) ;
#736 = CARTESIAN_POINT ( 'NONE',  ( -5.000000000000000000, -1.427654291082565713E-13, 25.80614694161254974 ) ) ;
#737 = SURFACE_STYLE_USAGE ( .BOTH. , #2687 ) ;
#738 = VERTEX_POINT ( 'NONE', #1417 ) ;
#739 = CARTESIAN_POINT ( 'NONE',  ( 3.691834530904614553, 23.22132937671621988, -4.986802690101569624 ) ) ;
#740 = DIRECTION ( 'NONE',  ( -1.000000000000000000, 0.000000000000000000, 0.000000000000000000 ) ) ;
#741 = CARTESIAN_POINT ( 'NONE',  ( -5.000000000000000000, 21.75000000000000000, -4.751111019676849345 ) ) ;
#742 = ORIENTED_EDGE ( 'NONE', *, *, #205, .F. ) ;
#743 = FACE_OUTER_BOUND ( 'NONE', #1201, .T. ) ;
#744 = ADVANCED_FACE ( 'NONE', ( #2039 ), #2262, .F. ) ;
#745 = AXIS2_PLACEMENT_3D ( 'NONE', #1465, #2726, #652 ) ;
#746 = CARTESIAN_POINT ( 'NONE',  ( 3.074268930961233881, 22.44128260993672086, 4.866809734370995955 ) ) ;
#747 = ORIENTED_EDGE ( 'NONE', *, *, #615, .F. ) ;
#748 = ORIENTED_EDGE ( 'NONE', *, *, #293, .F. ) ;
#749 = FACE_OUTER_BOUND ( 'NONE', #1645, .T. ) ;
#750 = DIRECTION ( 'NONE',  ( 0.000000000000000000, 0.000000000000000000, -1.000000000000000000 ) ) ;
#751 =( LENGTH_UNIT ( ) NAMED_UNIT ( * ) SI_UNIT ( .MILLI., .METRE. ) );
#752 = ORIENTED_EDGE ( 'NONE', *, *, #1960, .T. ) ;
#753 = CARTESIAN_POINT ( 'NONE',  ( 4.162457484029730814, 23.41771261231039958, -4.997002281460814821 ) ) ;
#754 = AXIS2_PLACEMENT_3D ( 'NONE', #2113, #2531, #634 ) ;
#755 = FACE_OUTER_BOUND ( 'NONE', #2674, .T. ) ;
#756 = CARTESIAN_POINT ( 'NONE',  ( -5.000000000000000000, 10.99999999999984013, 10.99999999999982059 ) ) ;
#757 = VECTOR ( 'NONE', #1035, 1000.000000000000000 ) ;
#758 = AXIS2_PLACEMENT_3D ( 'NONE', #2181, #2194, #2013 ) ;
#759 = DIRECTION ( 'NONE',  ( 0.000000000000000000, 0.000000000000000000, 1.000000000000000000 ) ) ;
#760 = LINE ( 'NONE', #960, #501 ) ;
#761 = EDGE_CURVE ( 'NONE', #1097, #767, #2542, .T. ) ;
#762 = VERTEX_POINT ( 'NONE', #1639 ) ;
#763 = ORIENTED_EDGE ( 'NONE', *, *, #574, .F. ) ;
#764 = DIRECTION ( 'NONE',  ( -1.000000000000000000, 0.000000000000000000, 0.000000000000000000 ) ) ;
#765 = EDGE_CURVE ( 'NONE', #496, #1325, #507, .T. ) ;
#766 = FILL_AREA_STYLE ('',( #2445 ) ) ;
#767 = VERTEX_POINT ( 'NONE', #1185 ) ;
#768 = DIRECTION ( 'NONE',  ( 0.000000000000000000, 0.000000000000000000, 1.000000000000000000 ) ) ;
#769 = CARTESIAN_POINT ( 'NONE',  ( 3.271842804588624976, 22.83038494076386726, -2.903428875483622829 ) ) ;
#770 = VECTOR ( 'NONE', #915, 1000.000000000000000 ) ;
#771 = DIRECTION ( 'NONE',  ( -1.000000000000000000, 0.000000000000000000, 0.000000000000000000 ) ) ;
#772 = ORIENTED_EDGE ( 'NONE', *, *, #1473, .T. ) ;
#773 = CIRCLE ( 'NONE', #1999, 5.000000000000000000 ) ;
#774 = LINE ( 'NONE', #958, #800 ) ;
#775 = VECTOR ( 'NONE', #1228, 1000.000000000000000 ) ;
#776 = PLANE ( 'NONE',  #2135 ) ;
#777 = ORIENTED_EDGE ( 'NONE', *, *, #355, .T. ) ;
#778 = ORIENTED_EDGE ( 'NONE', *, *, #1203, .T. ) ;
#779 = CARTESIAN_POINT ( 'NONE',  ( 4.295697061226782409, -23.43568586697656286, -2.995568295181825214 ) ) ;
#780 = PLANE ( 'NONE',  #618 ) ;
#781 = ORIENTED_EDGE ( 'NONE', *, *, #1924, .T. ) ;
#782 = DIRECTION ( 'NONE',  ( 0.000000000000000000, 0.000000000000000000, -1.000000000000000000 ) ) ;
#783 = EDGE_CURVE ( 'NONE', #1819, #2435, #2308, .T. ) ;
#784 = CARTESIAN_POINT ( 'NONE',  ( 2.999999999999999112, 21.94617346798904833, -2.502969796465286834 ) ) ;
#785 = CARTESIAN_POINT ( 'NONE',  ( 9.000000000000000000, -23.59999999999999787, -1.747491040759994628E-13 ) ) ;
#786 = ORIENTED_EDGE ( 'NONE', *, *, #506, .T. ) ;
#787 = EDGE_CURVE ( 'NONE', #1736, #17, #1224, .T. ) ;
#788 = EDGE_CURVE ( 'NONE', #327, #1500, #26, .T. ) ;
#789 = DIRECTION ( 'NONE',  ( 0.000000000000000000, 0.000000000000000000, -1.000000000000000000 ) ) ;
#790 = VERTEX_POINT ( 'NONE', #2667 ) ;
#791 = DIRECTION ( 'NONE',  ( -1.000000000000000000, 0.000000000000000000, 0.000000000000000000 ) ) ;
#792 = AXIS2_PLACEMENT_3D ( 'NONE', #1382, #125, #2028 ) ;
#793 = CARTESIAN_POINT ( 'NONE',  ( 3.000000000000000000, -1.427654291082565713E-13, 25.80614694161254974 ) ) ;
#794 = ORIENTED_EDGE ( 'NONE', *, *, #2460, .T. ) ;
#795 = CARTESIAN_POINT ( 'NONE',  ( -5.000000000000000000, 21.75000000000000000, -6.751111019676849345 ) ) ;
#796 = CARTESIAN_POINT ( 'NONE',  ( 4.097013184566121957, 23.39459098675210669, -2.993030405652699066 ) ) ;
#797 = ADVANCED_FACE ( 'NONE', ( #2220 ), #318, .F. ) ;
#798 = CARTESIAN_POINT ( 'NONE',  ( 3.000000000000000000, -15.00000000000000000, -19.75000000000000000 ) ) ;
#799 = EDGE_LOOP ( 'NONE', ( #1874, #1196, #435, #2170 ) ) ;
#800 = VECTOR ( 'NONE', #1176, 1000.000000000000000 ) ;
#801 = DIRECTION ( 'NONE',  ( 0.000000000000000000, 0.000000000000000000, -1.000000000000000000 ) ) ;
#802 = EDGE_LOOP ( 'NONE', ( #1069, #702, #2231, #930 ) ) ;
#803 = PRODUCT_CONTEXT ( 'NONE', #194, 'mechanical' ) ;
#804 = AXIS2_PLACEMENT_3D ( 'NONE', #2101, #1658, #426 ) ;
#805 = DIRECTION ( 'NONE',  ( 1.000000000000000000, 0.000000000000000000, 0.000000000000000000 ) ) ;
#806 = ORIENTED_EDGE ( 'NONE', *, *, #1842, .F. ) ;
#807 = FACE_OUTER_BOUND ( 'NONE', #1437, .T. ) ;
#808 = CARTESIAN_POINT ( 'NONE',  ( 3.007308570780280466, 22.11959785211854523, -2.611233524374389159 ) ) ;
#809 = CARTESIAN_POINT ( 'NONE',  ( 3.000000000000000000, -15.00000000000000000, -15.00000000000000000 ) ) ;
#810 = EDGE_LOOP ( 'NONE', ( #2552, #877, #520, #978, #1590 ) ) ;
#811 = CARTESIAN_POINT ( 'NONE',  ( 3.482427519970381358, 4.999999999999849898, -32.48167665024884343 ) ) ;
#812 = AXIS2_PLACEMENT_3D ( 'NONE', #1749, #1331, #750 ) ;
#813 = B_SPLINE_CURVE_WITH_KNOTS ( 'NONE', 3,
 ( #1714, #2617, #1963, #271 ),
 .UNSPECIFIED., .F., .F.,
 ( 4, 4 ),
 ( 0.000000000000000000, 1.000000000000000000 ),
 .UNSPECIFIED. ) ;
#814 = EDGE_CURVE ( 'NONE', #295, #1094, #1783, .T. ) ;
#815 = CIRCLE ( 'NONE', #1775, 2.000000000000000000 ) ;
#816 = VERTEX_POINT ( 'NONE', #1617 ) ;
#817 = EDGE_CURVE ( 'NONE', #2098, #1412, #866, .T. ) ;
#818 = EDGE_CURVE ( 'NONE', #1205, #1651, #957, .T. ) ;
#819 = DIRECTION ( 'NONE',  ( 0.000000000000000000, 0.000000000000000000, 1.000000000000000000 ) ) ;
#820 = ORIENTED_EDGE ( 'NONE', *, *, #1555, .F. ) ;
#821 = DIRECTION ( 'NONE',  ( 0.000000000000000000, -1.000000000000000000, 4.336808689942010340E-16 ) ) ;
#822 = AXIS2_PLACEMENT_3D ( 'NONE', #2174, #1129, #2133 ) ;
#823 = DIRECTION ( 'NONE',  ( 0.000000000000000000, 0.000000000000000000, -1.000000000000000000 ) ) ;
#824 = CYLINDRICAL_SURFACE ( 'NONE', #415, 2.250000000000000444 ) ;
#825 = CARTESIAN_POINT ( 'NONE',  ( 3.000000000000000000, 12.99999999999984013, 10.99999999999982059 ) ) ;
#826 = AXIS2_PLACEMENT_3D ( 'NONE', #1566, #516, #1362 ) ;
#827 = VERTEX_POINT ( 'NONE', #825 ) ;
#828 = DIRECTION ( 'NONE',  ( 1.000000000000000000, 0.000000000000000000, 0.000000000000000000 ) ) ;
#829 = CARTESIAN_POINT ( 'NONE',  ( 2.999999999999999112, -21.94617346798904833, -2.502969796465295715 ) ) ;
#830 = ADVANCED_FACE ( 'NONE', ( #854, #2318, #10, #1891, #225, #1468, #1280, #1852, #627, #197 ), #2716, .T. ) ;
#831 = LINE ( 'NONE', #646, #1865 ) ;
#832 = ORIENTED_EDGE ( 'NONE', *, *, #1599, .T. ) ;
#833 = FACE_OUTER_BOUND ( 'NONE', #2293, .T. ) ;
#834 = ORIENTED_EDGE ( 'NONE', *, *, #1186, .T. ) ;
#835 = DIRECTION ( 'NONE',  ( -1.000000000000000000, 0.000000000000000000, 0.000000000000000000 ) ) ;
#836 = AXIS2_PLACEMENT_3D ( 'NONE', #2579, #2417, #2160 ) ;
#837 = CARTESIAN_POINT ( 'NONE',  ( 3.000000000000000000, 7.499999999999869438, 19.75000000000000000 ) ) ;
#838 = CYLINDRICAL_SURFACE ( 'NONE', #2227, 2.000000000000000000 ) ;
#839 = DIRECTION ( 'NONE',  ( -1.000000000000000000, 0.000000000000000000, 0.000000000000000000 ) ) ;
#840 = AXIS2_PLACEMENT_3D ( 'NONE', #2002, #482, #2398 ) ;
#841 = ORIENTED_EDGE ( 'NONE', *, *, #1234, .T. ) ;
#842 = CARTESIAN_POINT ( 'NONE',  ( 3.063548743295446908, 22.38856283157888427, 2.746210525959413840 ) ) ;
#843 = CARTESIAN_POINT ( 'NONE',  ( 4.111008381478266749, 4.999999999999850786, -33.73338530350378761 ) ) ;
#844 = AXIS2_PLACEMENT_3D ( 'NONE', #736, #1578, #311 ) ;
#845 = ORIENTED_EDGE ( 'NONE', *, *, #2029, .F. ) ;
#846 = PRODUCT_DEFINITION_FORMATION_WITH_SPECIFIED_SOURCE ( 'ANY', '', #4, .NOT_KNOWN. ) ;
#847 = EDGE_CURVE ( 'NONE', #861, #1248, #2185, .T. ) ;
#848 = DIRECTION ( 'NONE',  ( -1.000000000000000000, 0.000000000000000000, 0.000000000000000000 ) ) ;
#849 = VERTEX_POINT ( 'NONE', #2511 ) ;
#850 = FACE_OUTER_BOUND ( 'NONE', #267, .T. ) ;
#851 = ADVANCED_FACE ( 'NONE', ( #171 ), #640, .F. ) ;
#852 = DIRECTION ( 'NONE',  ( 0.000000000000000000, 0.000000000000000000, -1.000000000000000000 ) ) ;
#853 = CARTESIAN_POINT ( 'NONE',  ( -3.000000000000000000, -11.00000000000017941, 10.99999999999982059 ) ) ;
#854 = FACE_BOUND ( 'NONE', #357, .T. ) ;
#855 = ORIENTED_EDGE ( 'NONE', *, *, #931, .T. ) ;
#856 = ADVANCED_FACE ( 'NONE', ( #2075 ), #1650, .T. ) ;
#857 = DIRECTION ( 'NONE',  ( 0.000000000000000000, 0.000000000000000000, 1.000000000000000000 ) ) ;
#858 = CARTESIAN_POINT ( 'NONE',  ( 3.989304227142913106, -5.000000000000170530, -33.51316485735356565 ) ) ;
#859 = CARTESIAN_POINT ( 'NONE',  ( 3.000000000000000000, -5.000000000000170530, -36.39999999999999858 ) ) ;
#860 = AXIS2_PLACEMENT_3D ( 'NONE', #714, #1733, #2015 ) ;
#861 = VERTEX_POINT ( 'NONE', #613 ) ;
#862 = CARTESIAN_POINT ( 'NONE',  ( -5.000000000000000000, -13.00000000000017941, 10.99999999999982059 ) ) ;
#863 = EDGE_LOOP ( 'NONE', ( #2628, #1140 ) ) ;
#864 = FACE_OUTER_BOUND ( 'NONE', #1111, .T. ) ;
#865 = VECTOR ( 'NONE', #1072, 1000.000000000000000 ) ;
#866 = CIRCLE ( 'NONE', #2411, 3.000000000000002665 ) ;
#867 = LINE ( 'NONE', #1058, #2482 ) ;
#868 = CARTESIAN_POINT ( 'NONE',  ( 3.000000000000000000, 19.75000000000000000, 14.99999999999982059 ) ) ;
#869 = CARTESIAN_POINT ( 'NONE',  ( 3.000000000000000000, -13.00000000000017941, -11.00000000000015810 ) ) ;
#870 = VERTEX_POINT ( 'NONE', #1456 ) ;
#871 = EDGE_CURVE ( 'NONE', #2060, #2187, #1525, .T. ) ;
#872 = CARTESIAN_POINT ( 'NONE',  ( 2.999999999999998668, 22.03194090740588251, 2.559640263320178910 ) ) ;
#873 = CIRCLE ( 'NONE', #1218, 5.500000000000001776 ) ;
#874 = CARTESIAN_POINT ( 'NONE',  ( 6.000000000000000000, 4.999999999999849898, -36.39999999999999858 ) ) ;
#875 = CARTESIAN_POINT ( 'NONE',  ( 3.136208285373914606, -22.59333142823613727, -4.899797167202199155 ) ) ;
#876 = EDGE_LOOP ( 'NONE', ( #2362, #1897 ) ) ;
#877 = ORIENTED_EDGE ( 'NONE', *, *, #316, .T. ) ;
#878 = EDGE_LOOP ( 'NONE', ( #962, #1952, #1950, #1964 ) ) ;
#879 = CARTESIAN_POINT ( 'NONE',  ( 3.000000000000000000, -21.94617346798904833, -4.760755280001870204 ) ) ;
#880 = CARTESIAN_POINT ( 'NONE',  ( 3.000000000000000000, -13.00000000000017941, 12.99999999999982059 ) ) ;
#881 = DIRECTION ( 'NONE',  ( 1.000000000000000000, 0.000000000000000000, 0.000000000000000000 ) ) ;
#882 = DIRECTION ( 'NONE',  ( 0.000000000000000000, 0.000000000000000000, -1.000000000000000000 ) ) ;
#883 = VERTEX_POINT ( 'NONE', #23 ) ;
#884 = CIRCLE ( 'NONE', #1708, 4.749999999999999112 ) ;
#885 = DIRECTION ( 'NONE',  ( 1.000000000000000000, 0.000000000000000000, 0.000000000000000000 ) ) ;
#886 = ADVANCED_FACE ( 'NONE', ( #2332, #183, #2090, #1444, #2304, #429, #1237 ), #2120, .T. ) ;
#887 = ORIENTED_EDGE ( 'NONE', *, *, #1823, .T. ) ;
#888 = CARTESIAN_POINT ( 'NONE',  ( -5.000000000000000000, -5.500000000000158984, 21.75000000000000000 ) ) ;
#889 = VERTEX_POINT ( 'NONE', #1031 ) ;
#890 = ORIENTED_EDGE ( 'NONE', *, *, #709, .F. ) ;
#891 = CIRCLE ( 'NONE', #533, 3.000000000000002665 ) ;
#892 = VECTOR ( 'NONE', #284, 1000.000000000000000 ) ;
#893 = DIRECTION ( 'NONE',  ( -1.000000000000000000, 0.000000000000000000, 0.000000000000000000 ) ) ;
#894 = DIRECTION ( 'NONE',  ( -1.000000000000000000, 0.000000000000000000, 0.000000000000000000 ) ) ;
#895 = DIRECTION ( 'NONE',  ( -1.000000000000000000, 0.000000000000000000, 0.000000000000000000 ) ) ;
#896 = ORIENTED_EDGE ( 'NONE', *, *, #1756, .T. ) ;
#897 = DIRECTION ( 'NONE',  ( 1.000000000000000000, 0.000000000000000000, 0.000000000000000000 ) ) ;
#898 = AXIS2_PLACEMENT_3D ( 'NONE', #2447, #119, #528 ) ;
#899 = VERTEX_POINT ( 'NONE', #869 ) ;
#900 = EDGE_CURVE ( 'NONE', #1118, #2040, #400, .T. ) ;
#901 = CARTESIAN_POINT ( 'NONE',  ( 3.000000000000000000, -15.00000000000000000, 19.75000000000000000 ) ) ;
#902 = ORIENTED_EDGE ( 'NONE', *, *, #204, .F. ) ;
#903 = ORIENTED_EDGE ( 'NONE', *, *, #2115, .T. ) ;
#904 = EDGE_CURVE ( 'NONE', #2040, #1445, #1435, .T. ) ;
#905 = PRODUCT_DEFINITION_CONTEXT ( 'detailed design', #1573, 'design' ) ;
#906 = EDGE_CURVE ( 'NONE', #1448, #1125, #1044, .T. ) ;
#907 = CARTESIAN_POINT ( 'NONE',  ( 3.000000000000000000, -5.500000000000158984, 21.75000000000000000 ) ) ;
#908 = CIRCLE ( 'NONE', #2455, 2.000000000000000000 ) ;
#909 = CARTESIAN_POINT ( 'NONE',  ( 30.00000000000001066, -23.44617346798904833, 2.996053637378418344 ) ) ;
#910 = CARTESIAN_POINT ( 'NONE',  ( -5.000000000000000000, 14.99999999999984013, 14.99999999999982059 ) ) ;
#911 = VECTOR ( 'NONE', #1250, 1000.000000000000000 ) ;
#912 = ORIENTED_EDGE ( 'NONE', *, *, #153, .F. ) ;
#913 = CARTESIAN_POINT ( 'NONE',  ( 30.00000000000001066, 23.44617346798904833, 2.996053637378427670 ) ) ;
#914 = ORIENTED_EDGE ( 'NONE', *, *, #2570, .F. ) ;
#915 = DIRECTION ( 'NONE',  ( 0.000000000000000000, -1.432200615920703789E-16, -1.000000000000000000 ) ) ;
#916 = EDGE_CURVE ( 'NONE', #254, #1408, #2104, .T. ) ;
#917 = ORIENTED_EDGE ( 'NONE', *, *, #1001, .T. ) ;
#918 = ORIENTED_EDGE ( 'NONE', *, *, #1903, .T. ) ;
#919 = LINE ( 'NONE', #2577, #1287 ) ;
#920 = LINE ( 'NONE', #909, #575 ) ;
#921 = DIRECTION ( 'NONE',  ( -1.000000000000000000, 0.000000000000000000, 0.000000000000000000 ) ) ;
#922 = VERTEX_POINT ( 'NONE', #1536 ) ;
#923 = CARTESIAN_POINT ( 'NONE',  ( 5.163312310817164352, 4.999999999999850786, -35.30767208969431437 ) ) ;
#924 = CARTESIAN_POINT ( 'NONE',  ( -5.000000000000000000, -15.00000000000000000, 14.99999999999982059 ) ) ;
#925 = CIRCLE ( 'NONE', #2474, 2.000000000000000000 ) ;
#926 = DIRECTION ( 'NONE',  ( 0.000000000000000000, 0.000000000000000000, 1.000000000000000000 ) ) ;
#927 = CARTESIAN_POINT ( 'NONE',  ( -5.000000000000000000, -19.75000000000000000, -15.00000000000000000 ) ) ;
#928 = CARTESIAN_POINT ( 'NONE',  ( 8.999999999999998224, 23.44617346798904833, 2.996053637378427670 ) ) ;
#929 = ORIENTED_EDGE ( 'NONE', *, *, #938, .T. ) ;
#930 = ORIENTED_EDGE ( 'NONE', *, *, #1632, .T. ) ;
#931 = EDGE_CURVE ( 'NONE', #1124, #1550, #959, .T. ) ;
#932 = CARTESIAN_POINT ( 'NONE',  ( 3.000000000000000000, 6.999999999999849898, -19.75000000000000000 ) ) ;
#933 = CARTESIAN_POINT ( 'NONE',  ( 18.95445179679159864, -23.59999999999999787, 4.999999999999830358 ) ) ;
#934 = VECTOR ( 'NONE', #947, 1000.000000000000000 ) ;
#935 = DIRECTION ( 'NONE',  ( 0.000000000000000000, 0.000000000000000000, 1.000000000000000000 ) ) ;
#936 = ORIENTED_EDGE ( 'NONE', *, *, #1910, .F. ) ;
#937 = DIRECTION ( 'NONE',  ( -1.000000000000000000, 0.000000000000000000, 0.000000000000000000 ) ) ;
#938 = EDGE_CURVE ( 'NONE', #663, #2175, #813, .T. ) ;
#939 = VECTOR ( 'NONE', #1724, 1000.000000000000000 ) ;
#940 = DIRECTION ( 'NONE',  ( 0.000000000000000000, 0.000000000000000000, 1.000000000000000000 ) ) ;
#941 = EDGE_CURVE ( 'NONE', #2187, #1715, #2501, .T. ) ;
#942 = DIRECTION ( 'NONE',  ( 1.000000000000000000, 0.000000000000000000, 0.000000000000000000 ) ) ;
#943 = DIRECTION ( 'NONE',  ( 0.000000000000000000, 0.000000000000000000, 1.000000000000000000 ) ) ;
#944 = ORIENTED_EDGE ( 'NONE', *, *, #71, .F. ) ;
#945 = EDGE_LOOP ( 'NONE', ( #69, #734, #142, #1603 ) ) ;
#946 = CYLINDRICAL_SURFACE ( 'NONE', #9, 5.000000000000000000 ) ;
#947 = DIRECTION ( 'NONE',  ( 0.000000000000000000, 0.000000000000000000, 1.000000000000000000 ) ) ;
#948 = CARTESIAN_POINT ( 'NONE',  ( 18.95445179679159864, 21.75000000000000000, 6.751111019676519831 ) ) ;
#949 = AXIS2_PLACEMENT_3D ( 'NONE', #2240, #339, #1190 ) ;
#950 = ORIENTED_EDGE ( 'NONE', *, *, #1872, .F. ) ;
#951 = DIRECTION ( 'NONE',  ( 0.000000000000000000, 0.000000000000000000, -1.000000000000000000 ) ) ;
#952 = VECTOR ( 'NONE', #530, 1000.000000000000000 ) ;
#953 = DIRECTION ( 'NONE',  ( 0.000000000000000000, 0.000000000000000000, 1.000000000000000000 ) ) ;
#954 = ADVANCED_FACE ( 'NONE', ( #1765 ), #2150, .F. ) ;
#955 = DIRECTION ( 'NONE',  ( -1.000000000000000000, 0.000000000000000000, 0.000000000000000000 ) ) ;
#956 = ORIENTED_EDGE ( 'NONE', *, *, #1629, .T. ) ;
#957 = CIRCLE ( 'NONE', #1567, 2.250000000000000444 ) ;
#958 = CARTESIAN_POINT ( 'NONE',  ( 3.000000000000000000, -21.94617346798904833, 14.99999999999982059 ) ) ;
#959 = CIRCLE ( 'NONE', #1089, 3.000000000000002665 ) ;
#960 = CARTESIAN_POINT ( 'NONE',  ( 3.000000000000000000, -15.00000000000000000, 17.25000000000000000 ) ) ;
#961 = AXIS2_PLACEMENT_3D ( 'NONE', #1753, #289, #710 ) ;
#962 = ORIENTED_EDGE ( 'NONE', *, *, #2576, .T. ) ;
#963 = ORIENTED_EDGE ( 'NONE', *, *, #216, .F. ) ;
#964 =( LENGTH_UNIT ( ) NAMED_UNIT ( * ) SI_UNIT ( .MILLI., .METRE. ) );
#965 = CARTESIAN_POINT ( 'NONE',  ( -5.000000000000000000, -15.00000000000000000, 12.99999999999982059 ) ) ;
#966 = LINE ( 'NONE', #1797, #1885 ) ;
#967 = ORIENTED_EDGE ( 'NONE', *, *, #1134, .T. ) ;
#968 = DIRECTION ( 'NONE',  ( -1.000000000000000000, 0.000000000000000000, 0.000000000000000000 ) ) ;
#969 = CARTESIAN_POINT ( 'NONE',  ( 3.000000000000000000, -13.00000000000017941, 10.99999999999982059 ) ) ;
#970 = CARTESIAN_POINT ( 'NONE',  ( 4.500000000000000000, -23.44617346798904833, 4.997633179620899924 ) ) ;
#971 = ORIENTED_EDGE ( 'NONE', *, *, #2504, .T. ) ;
#972 = ADVANCED_FACE ( 'NONE', ( #1144 ), #682, .F. ) ;
#973 = CARTESIAN_POINT ( 'NONE',  ( -5.000000000000000000, 22.27857142857124728, -4.822222156912090441 ) ) ;
#974 = FACE_OUTER_BOUND ( 'NONE', #1976, .T. ) ;
#975 = ORIENTED_EDGE ( 'NONE', *, *, #2570, .T. ) ;
#976 = ORIENTED_EDGE ( 'NONE', *, *, #1505, .T. ) ;
#977 = PLANE ( 'NONE',  #431 ) ;
#978 = ORIENTED_EDGE ( 'NONE', *, *, #182, .T. ) ;
#979 = CARTESIAN_POINT ( 'NONE',  ( 4.500000000000000000, -21.94617346798904833, 25.44486142177824917 ) ) ;
#980 = VECTOR ( 'NONE', #100, 1000.000000000000000 ) ;
#981 = DIRECTION ( 'NONE',  ( -1.000000000000000000, 0.000000000000000000, 0.000000000000000000 ) ) ;
#982 = DIRECTION ( 'NONE',  ( 1.000000000000000000, 0.000000000000000000, 0.000000000000000000 ) ) ;
#983 = DIRECTION ( 'NONE',  ( 0.000000000000000000, 0.000000000000000000, 1.000000000000000000 ) ) ;
#984 = B_SPLINE_CURVE_WITH_KNOTS ( 'NONE', 3,
 ( #1813, #2702, #559, #796, #1828, #2301, #359, #1199, #160, #769, #170, #346, #1016, #808, #1030, #784 ),
 .UNSPECIFIED., .F., .F.,
 ( 4, 2, 2, 2, 2, 2, 2, 4 ),
 ( 0.000000000000000000, 0.0003044643842981606808, 0.0006089287685963213617, 0.0009133931528944819883, 0.001217857537192642723, 0.001826786305788971132, 0.002131250690087135337, 0.002435715074385298891 ),
 .UNSPECIFIED. ) ;
#985 = DIRECTION ( 'NONE',  ( 0.000000000000000000, 0.000000000000000000, 1.000000000000000000 ) ) ;
#986 = EDGE_CURVE ( 'NONE', #2643, #1112, #1177, .T. ) ;
#987 = EDGE_LOOP ( 'NONE', ( #703, #2648, #608, #944, #1806 ) ) ;
#988 = ORIENTED_EDGE ( 'NONE', *, *, #2465, .F. ) ;
#989 = ADVANCED_FACE ( 'NONE', ( #460 ), #1655, .F. ) ;
#990 = CARTESIAN_POINT ( 'NONE',  ( 3.000000000000000000, -19.75000000000000000, 6.751111019676519831 ) ) ;
#991 = ORIENTED_EDGE ( 'NONE', *, *, #355, .F. ) ;
#992 = CARTESIAN_POINT ( 'NONE',  ( 3.074219595681466632, 22.44106551156460938, -4.866750243128000974 ) ) ;
#993 = EDGE_CURVE ( 'NONE', #2060, #2672, #1524, .T. ) ;
#994 = CARTESIAN_POINT ( 'NONE',  ( 3.000000000000000000, -5.500000000000158984, 25.80614694161254974 ) ) ;
#995 = CIRCLE ( 'NONE', #2314, 2.999999999999999112 ) ;
#996 = DIRECTION ( 'NONE',  ( 0.000000000000000000, 0.000000000000000000, -1.000000000000000000 ) ) ;
#997 = CARTESIAN_POINT ( 'NONE',  ( -5.000000000000000000, -15.00000000000000000, -17.25000000000000000 ) ) ;
#998 = AXIS2_PLACEMENT_3D ( 'NONE', #1043, #1511, #1306 ) ;
#999 = CIRCLE ( 'NONE', #726, 5.000000000000000000 ) ;
#1000 = ORIENTED_EDGE ( 'NONE', *, *, #2371, .T. ) ;
#1001 = EDGE_CURVE ( 'NONE', #341, #2435, #213, .T. ) ;
#1002 = CARTESIAN_POINT ( 'NONE',  ( -5.000000000000000000, -15.00000000000000000, -15.00000000000000000 ) ) ;
#1003 =( NAMED_UNIT ( * ) SI_UNIT ( $, .STERADIAN. ) SOLID_ANGLE_UNIT ( ) );
#1004 = VERTEX_POINT ( 'NONE', #1750 ) ;
#1005 = DIRECTION ( 'NONE',  ( -1.000000000000000000, 0.000000000000000000, 0.000000000000000000 ) ) ;
#1006 = FACE_OUTER_BOUND ( 'NONE', #1521, .T. ) ;
#1007 = CARTESIAN_POINT ( 'NONE',  ( 3.074219595673200356, -22.44106551152766116, 4.866750243117538233 ) ) ;
#1008 = ORIENTED_EDGE ( 'NONE', *, *, #539, .T. ) ;
#1009 = CARTESIAN_POINT ( 'NONE',  ( 4.914520412788044190, 4.999999999999850786, -34.95988001768483855 ) ) ;
#1010 = ORIENTED_EDGE ( 'NONE', *, *, #2608, .T. ) ;
#1011 = AXIS2_PLACEMENT_3D ( 'NONE', #596, #1056, #1290 ) ;
#1012 = CLOSED_SHELL ( 'NONE', ( #851, #606, #1704, #2077, #830, #624, #405, #972, #2339, #1138, #1147, #1075, #251, #989, #2031, #2404, #1735, #2212, #2127, #2665, #2721, #1589, #1398, #2516, #1871, #645, #1192, #2237, #436, #38, #612, #1803, #2706, #1994, #55, #2377, #1470, #2521, #2606, #954, #856, #1993, #886, #1707, #744, #1406, #2676, #1256, #561, #8, #1067, #2163, #2656, #2539, #2412, #1052, #1936, #1226, #2165, #1419, #12, #2058, #639, #2464, #2168, #157, #2695, #732, #1285, #364, #797, #525, #2081, #2251 ) ) ;
#1013 = CARTESIAN_POINT ( 'NONE',  ( 6.000000000000000000, -5.000000000000170530, -36.39999999999999858 ) ) ;
#1014 = VERTEX_POINT ( 'NONE', #2603 ) ;
#1015 = CARTESIAN_POINT ( 'NONE',  ( 18.95445179679159864, -1.591855728988894984E-13, -36.39999999999999858 ) ) ;
#1016 = CARTESIAN_POINT ( 'NONE',  ( 3.039021682740047581, 22.29794907313099728, -2.704587662123069336 ) ) ;
#1017 = DIRECTION ( 'NONE',  ( -1.000000000000000000, 0.000000000000000000, 0.000000000000000000 ) ) ;
#1018 = ORIENTED_EDGE ( 'NONE', *, *, #1270, .T. ) ;
#1019 = EDGE_CURVE ( 'NONE', #102, #2005, #472, .T. ) ;
#1020 = CIRCLE ( 'NONE', #2566, 3.000000000000002665 ) ;
#1021 = DIRECTION ( 'NONE',  ( 0.000000000000000000, 0.000000000000000000, -1.000000000000000000 ) ) ;
#1022 = EDGE_CURVE ( 'NONE', #118, #1182, #925, .T. ) ;
#1023 =( GEOMETRIC_REPRESENTATION_CONTEXT ( 3 ) GLOBAL_UNCERTAINTY_ASSIGNED_CONTEXT ( ( #1318 ) ) GLOBAL_UNIT_ASSIGNED_CONTEXT ( ( #964, #554, #1808 ) ) REPRESENTATION_CONTEXT ( 'NONE', 'WORKASPACE' ) );
#1024 = ORIENTED_EDGE ( 'NONE', *, *, #1022, .F. ) ;
#1025 = VECTOR ( 'NONE', #396, 1000.000000000000000 ) ;
#1026 = LINE ( 'NONE', #1873, #1542 ) ;
#1027 = ORIENTED_EDGE ( 'NONE', *, *, #904, .F. ) ;
#1028 = CARTESIAN_POINT ( 'NONE',  ( 3.000000000000000000, 21.75000000000000000, -4.751111019676849345 ) ) ;
#1029 = CARTESIAN_POINT ( 'NONE',  ( -5.000000000000000000, -1.591855728988894984E-13, -33.40000000000000568 ) ) ;
#1030 = CARTESIAN_POINT ( 'NONE',  ( 3.000000000000000888, 22.03196805852048712, -2.559658203302750401 ) ) ;
#1031 = CARTESIAN_POINT ( 'NONE',  ( 3.000000000000000000, -5.000000000000170530, -30.15500200160175126 ) ) ;
#1032 = VERTEX_POINT ( 'NONE', #2190 ) ;
#1033 = CARTESIAN_POINT ( 'NONE',  ( -5.000000000000000000, -15.00000000000000000, 14.99999999999982059 ) ) ;
#1034 = EDGE_CURVE ( 'NONE', #1781, #1831, #2399, .T. ) ;
#1035 = DIRECTION ( 'NONE',  ( 1.000000000000000000, 0.000000000000000000, 0.000000000000000000 ) ) ;
#1036 = CIRCLE ( 'NONE', #2365, 4.750000000000000888 ) ;
#1037 = CIRCLE ( 'NONE', #366, 5.000000000000000000 ) ;
#1038 = VERTEX_POINT ( 'NONE', #1726 ) ;
#1039 = DIRECTION ( 'NONE',  ( 0.000000000000000000, 0.000000000000000000, -1.000000000000000000 ) ) ;
#1040 = EDGE_LOOP ( 'NONE', ( #257, #2197, #2114, #2305 ) ) ;
#1041 = CARTESIAN_POINT ( 'NONE',  ( 3.000000000000000000, 14.99999999999984013, 14.99999999999982059 ) ) ;
#1042 = CARTESIAN_POINT ( 'NONE',  ( 3.000000000000000000, -15.00000000000000000, 14.99999999999982059 ) ) ;
#1043 = CARTESIAN_POINT ( 'NONE',  ( 18.95445179679159864, -1.427654291082565713E-13, 25.80614694161254974 ) ) ;
#1044 = LINE ( 'NONE', #2345, #328 ) ;
#1045 = ORIENTED_EDGE ( 'NONE', *, *, #2524, .F. ) ;
#1046 = LINE ( 'NONE', #1446, #1429 ) ;
#1047 = LINE ( 'NONE', #1881, #757 ) ;
#1048 = EDGE_CURVE ( 'NONE', #1462, #1683, #1321, .T. ) ;
#1049 = CARTESIAN_POINT ( 'NONE',  ( 3.012431019603866389, 22.16916679426639902, 4.792242117644971877 ) ) ;
#1050 = ORIENTED_EDGE ( 'NONE', *, *, #2554, .F. ) ;
#1051 = EDGE_CURVE ( 'NONE', #50, #738, #286, .T. ) ;
#1052 = ADVANCED_FACE ( 'NONE', ( #88 ), #1949, .T. ) ;
#1053 = CYLINDRICAL_SURFACE ( 'NONE', #1415, 5.000000000000000000 ) ;
#1054 = ORIENTED_EDGE ( 'NONE', *, *, #103, .F. ) ;
#1055 = EDGE_CURVE ( 'NONE', #2500, #716, #475, .T. ) ;
#1056 = DIRECTION ( 'NONE',  ( 1.000000000000000000, 0.000000000000000000, 0.000000000000000000 ) ) ;
#1057 = PRESENTATION_LAYER_ASSIGNMENT (  '', '', ( #1882 ) ) ;
#1058 = CARTESIAN_POINT ( 'NONE',  ( 3.000000000000000000, -15.00000000000000000, -19.75000000000000000 ) ) ;
#1059 = CARTESIAN_POINT ( 'NONE',  ( 3.037293058811664892, -22.27857142857159900, -4.822222156912100210 ) ) ;
#1060 = CARTESIAN_POINT ( 'NONE',  ( 30.00000000000001066, -1.591855728988894984E-13, -36.39999999999999858 ) ) ;
#1061 = ORIENTED_EDGE ( 'NONE', *, *, #643, .F. ) ;
#1062 = CARTESIAN_POINT ( 'NONE',  ( 3.339798031181374860, 22.90221486536118789, 2.918676981800036430 ) ) ;
#1063 = CARTESIAN_POINT ( 'NONE',  ( 5.518192696008859421, 4.999999999999848121, -35.77798840849553841 ) ) ;
#1064 = AXIS2_PLACEMENT_3D ( 'NONE', #2085, #2711, #819 ) ;
#1065 = EDGE_LOOP ( 'NONE', ( #2478, #2642, #2238, #1879 ) ) ;
#1066 = AXIS2_PLACEMENT_3D ( 'NONE', #2397, #2198, #1961 ) ;
#1067 = ADVANCED_FACE ( 'NONE', ( #249 ), #2035, .F. ) ;
#1068 = DIRECTION ( 'NONE',  ( 0.000000000000000000, 1.000000000000000000, 0.000000000000000000 ) ) ;
#1069 = ORIENTED_EDGE ( 'NONE', *, *, #522, .F. ) ;
#1070 = CARTESIAN_POINT ( 'NONE',  ( 3.000000000000000000, -15.00000000000000000, 12.74999999999982059 ) ) ;
#1071 = DIRECTION ( 'NONE',  ( 1.000000000000000000, 0.000000000000000000, 0.000000000000000000 ) ) ;
#1072 = DIRECTION ( 'NONE',  ( -1.000000000000000000, 0.000000000000000000, 0.000000000000000000 ) ) ;
#1073 = DIRECTION ( 'NONE',  ( 0.000000000000000000, 0.000000000000000000, 1.000000000000000000 ) ) ;
#1074 = ORIENTED_EDGE ( 'NONE', *, *, #589, .T. ) ;
#1075 = ADVANCED_FACE ( 'NONE', ( #1206 ), #977, .F. ) ;
#1076 = DIRECTION ( 'NONE',  ( -1.000000000000000000, 0.000000000000000000, 0.000000000000000000 ) ) ;
#1077 = CARTESIAN_POINT ( 'NONE',  ( -5.000000000000000000, -7.500000000000158984, 19.75000000000000000 ) ) ;
#1078 = CARTESIAN_POINT ( 'NONE',  ( 3.074268930962033242, -22.44128260993974422, -4.866809734372163909 ) ) ;
#1079 = VERTEX_POINT ( 'NONE', #1579 ) ;
#1080 = AXIS2_PLACEMENT_3D ( 'NONE', #1497, #1076, #1295 ) ;
#1081 = ORIENTED_EDGE ( 'NONE', *, *, #1084, .F. ) ;
#1082 = ORIENTED_EDGE ( 'NONE', *, *, #2352, .T. ) ;
#1083 = CARTESIAN_POINT ( 'NONE',  ( 18.95445179679159864, 5.499999999999869438, 25.80614694161254974 ) ) ;
#1084 = EDGE_CURVE ( 'NONE', #2187, #2156, #2047, .T. ) ;
#1085 = CIRCLE ( 'NONE', #156, 5.000000000000000000 ) ;
#1086 = DIRECTION ( 'NONE',  ( 1.000000000000000000, 0.000000000000000000, 0.000000000000000000 ) ) ;
#1087 = DIRECTION ( 'NONE',  ( 0.000000000000000000, 0.000000000000000000, 1.000000000000000000 ) ) ;
#1088 = DIRECTION ( 'NONE',  ( 0.000000000000000000, 4.205956656986835157E-16, 1.000000000000000000 ) ) ;
#1089 = AXIS2_PLACEMENT_3D ( 'NONE', #1922, #2592, #1332 ) ;
#1090 = ORIENTED_EDGE ( 'NONE', *, *, #128, .F. ) ;
#1091 = DIRECTION ( 'NONE',  ( 1.000000000000000000, 0.000000000000000000, 0.000000000000000000 ) ) ;
#1092 = VECTOR ( 'NONE', #1334, 1000.000000000000000 ) ;
#1093 = CARTESIAN_POINT ( 'NONE',  ( -5.000000000000000000, 12.99999999999984013, 14.99999999999982059 ) ) ;
#1094 = VERTEX_POINT ( 'NONE', #1611 ) ;
#1095 = CARTESIAN_POINT ( 'NONE',  ( 3.000000000000000000, -15.00000000000000000, -19.75000000000000000 ) ) ;
#1096 = ORIENTED_EDGE ( 'NONE', *, *, #1903, .F. ) ;
#1097 = VERTEX_POINT ( 'NONE', #1988 ) ;
#1098 = DIRECTION ( 'NONE',  ( -1.000000000000000000, 0.000000000000000000, 0.000000000000000000 ) ) ;
#1099 = CYLINDRICAL_SURFACE ( 'NONE', #2540, 4.999999999999997335 ) ;
#1100 = DIRECTION ( 'NONE',  ( 0.000000000000000000, 2.312964634635739999E-16, 1.000000000000000000 ) ) ;
#1101 = ORIENTED_EDGE ( 'NONE', *, *, #2042, .T. ) ;
#1102 = VECTOR ( 'NONE', #1175, 1000.000000000000000 ) ;
#1103 = CARTESIAN_POINT ( 'NONE',  ( 3.000000000000000000, -5.000000000000170530, -21.75000000000000000 ) ) ;
#1104 = EDGE_CURVE ( 'NONE', #1440, #1317, #2258, .T. ) ;
#1105 = LINE ( 'NONE', #54, #2457 ) ;
#1106 = EDGE_CURVE ( 'NONE', #2328, #2495, #1537, .T. ) ;
#1107 = LINE ( 'NONE', #1940, #2093 ) ;
#1108 = ORIENTED_EDGE ( 'NONE', *, *, #2281, .T. ) ;
#1109 = EDGE_CURVE ( 'NONE', #1244, #164, #2109, .T. ) ;
#1110 = DIRECTION ( 'NONE',  ( 1.000000000000000000, 0.000000000000000000, 0.000000000000000000 ) ) ;
#1111 = EDGE_LOOP ( 'NONE', ( #2154, #1275, #2595, #1229 ) ) ;
#1112 = VERTEX_POINT ( 'NONE', #1168 ) ;
#1113 = VECTOR ( 'NONE', #1291, 1000.000000000000000 ) ;
#1114 = MANIFOLD_SOLID_BREP ( 'Cut-Extrude4[1]', #1012 ) ;
#1115 = LINE ( 'NONE', #679, #1378 ) ;
#1116 = DIRECTION ( 'NONE',  ( -1.000000000000000000, -0.000000000000000000, -0.000000000000000000 ) ) ;
#1117 = DIRECTION ( 'NONE',  ( 0.000000000000000000, 1.000000000000000000, -2.312964634635739999E-16 ) ) ;
#1118 = VERTEX_POINT ( 'NONE', #1195 ) ;
#1119 = DIRECTION ( 'NONE',  ( 0.000000000000000000, 0.000000000000000000, 1.000000000000000000 ) ) ;
#1120 = EDGE_CURVE ( 'NONE', #1182, #341, #145, .T. ) ;
#1121 = VERTEX_POINT ( 'NONE', #116 ) ;
#1122 = CARTESIAN_POINT ( 'NONE',  ( -5.000000000000000000, -1.423980350685123659E-13, 22.80614694161254974 ) ) ;
#1123 = CIRCLE ( 'NONE', #860, 2.000000000000000000 ) ;
#1124 = VERTEX_POINT ( 'NONE', #298 ) ;
#1125 = VERTEX_POINT ( 'NONE', #101 ) ;
#1126 = LINE ( 'NONE', #1534, #2166 ) ;
#1127 = AXIS2_PLACEMENT_3D ( 'NONE', #301, #335, #1148 ) ;
#1128 = FACE_OUTER_BOUND ( 'NONE', #1612, .T. ) ;
#1129 = DIRECTION ( 'NONE',  ( 0.000000000000000000, 0.000000000000000000, -1.000000000000000000 ) ) ;
#1130 = AXIS2_PLACEMENT_3D ( 'NONE', #196, #210, #1713 ) ;
#1131 = ORIENTED_EDGE ( 'NONE', *, *, #1970, .T. ) ;
#1132 = CARTESIAN_POINT ( 'NONE',  ( 4.482597413860555768, -5.000000000000170530, -34.33685307516069685 ) ) ;
#1133 = CARTESIAN_POINT ( 'NONE',  ( -5.000000000000000000, 23.59999999999999787, -1.658673198789984881E-13 ) ) ;
#1134 = EDGE_CURVE ( 'NONE', #1831, #1597, #966, .T. ) ;
#1135 = LINE ( 'NONE', #2568, #550 ) ;
#1136 = CYLINDRICAL_SURFACE ( 'NONE', #2306, 2.250000000000000444 ) ;
#1137 = CARTESIAN_POINT ( 'NONE',  ( -5.000000000000000000, 4.999999999999849898, -36.39999999999999858 ) ) ;
#1138 = ADVANCED_FACE ( 'NONE', ( #1388 ), #2647, .F. ) ;
#1139 = ORIENTED_EDGE ( 'NONE', *, *, #788, .T. ) ;
#1140 = ORIENTED_EDGE ( 'NONE', *, *, #336, .F. ) ;
#1141 = LINE ( 'NONE', #932, #176 ) ;
#1142 = LINE ( 'NONE', #933, #2223 ) ;
#1143 = PRODUCT_DEFINITION ( 'UNKNOWN', '', #846, #905 ) ;
#1144 = FACE_OUTER_BOUND ( 'NONE', #2599, .T. ) ;
#1145 = VERTEX_POINT ( 'NONE', #132 ) ;
#1146 = CARTESIAN_POINT ( 'NONE',  ( 5.445570317045004494, -5.000000000000170530, -35.67967019593513101 ) ) ;
#1147 = ADVANCED_FACE ( 'NONE', ( #2678 ), #780, .F. ) ;
#1148 = DIRECTION ( 'NONE',  ( 0.000000000000000000, 0.000000000000000000, 1.000000000000000000 ) ) ;
#1149 = CARTESIAN_POINT ( 'NONE',  ( 3.000000000000000000, 6.999999999999849898, -19.75000000000000000 ) ) ;
#1150 = CARTESIAN_POINT ( 'NONE',  ( 8.999999999999998224, -1.591855728988894984E-13, -33.40000000000000568 ) ) ;
#1151 = VERTEX_POINT ( 'NONE', #1013 ) ;
#1152 = VERTEX_POINT ( 'NONE', #379 ) ;
#1153 = EDGE_CURVE ( 'NONE', #827, #767, #594, .T. ) ;
#1154 = PLANE ( 'NONE',  #224 ) ;
#1155 = CARTESIAN_POINT ( 'NONE',  ( -5.000000000000000000, -15.00000000000000000, 17.25000000000000000 ) ) ;
#1156 = DIRECTION ( 'NONE',  ( -1.000000000000000000, 0.000000000000000000, 0.000000000000000000 ) ) ;
#1157 = ORIENTED_EDGE ( 'NONE', *, *, #402, .F. ) ;
#1158 = CARTESIAN_POINT ( 'NONE',  ( -5.000000000000000000, 14.99999999999984013, 14.99999999999982059 ) ) ;
#1159 = VECTOR ( 'NONE', #1086, 1000.000000000000000 ) ;
#1160 = LINE ( 'NONE', #65, #189 ) ;
#1161 = CIRCLE ( 'NONE', #308, 2.000000000000001776 ) ;
#1162 = DIRECTION ( 'NONE',  ( 0.000000000000000000, 0.000000000000000000, -1.000000000000000000 ) ) ;
#1163 = CARTESIAN_POINT ( 'NONE',  ( 3.692634830351449793, 23.22185652472394324, 4.986841842929992552 ) ) ;
#1164 = ORIENTED_EDGE ( 'NONE', *, *, #1609, .F. ) ;
#1165 = ORIENTED_EDGE ( 'NONE', *, *, #494, .F. ) ;
#1166 = CARTESIAN_POINT ( 'NONE',  ( 2.999999999999999112, -21.94617346798904833, -2.502969796465295715 ) ) ;
#1167 = DIRECTION ( 'NONE',  ( 0.000000000000000000, 0.000000000000000000, -1.000000000000000000 ) ) ;
#1168 = CARTESIAN_POINT ( 'NONE',  ( -5.000000000000000000, -23.59999999999999787, 4.999999999999830358 ) ) ;
#1169 = AXIS2_PLACEMENT_3D ( 'NONE', #705, #1346, #285 ) ;
#1170 = ORIENTED_EDGE ( 'NONE', *, *, #1354, .F. ) ;
#1171 = EDGE_CURVE ( 'NONE', #2668, #1760, #2479, .T. ) ;
#1172 = CARTESIAN_POINT ( 'NONE',  ( 9.000000000000000000, -23.44617346798904833, 25.44486142177824917 ) ) ;
#1173 = AXIS2_PLACEMENT_3D ( 'NONE', #1527, #1485, #1119 ) ;
#1174 = DIRECTION ( 'NONE',  ( 1.000000000000000000, 0.000000000000000000, 0.000000000000000000 ) ) ;
#1175 = DIRECTION ( 'NONE',  ( -1.000000000000000000, 0.000000000000000000, 0.000000000000000000 ) ) ;
#1176 = DIRECTION ( 'NONE',  ( 0.000000000000000000, 0.000000000000000000, -1.000000000000000000 ) ) ;
#1177 = CIRCLE ( 'NONE', #113, 5.000000000000000000 ) ;
#1178 = DIRECTION ( 'NONE',  ( 0.000000000000000000, 0.000000000000000000, -1.000000000000000000 ) ) ;
#1179 = VERTEX_POINT ( 'NONE', #1451 ) ;
#1180 = VERTEX_POINT ( 'NONE', #1274 ) ;
#1181 = DIRECTION ( 'NONE',  ( -0.000000000000000000, 1.000000000000000000, 0.000000000000000000 ) ) ;
#1182 = VERTEX_POINT ( 'NONE', #1644 ) ;
#1183 = DIRECTION ( 'NONE',  ( 1.000000000000000000, 0.000000000000000000, 0.000000000000000000 ) ) ;
#1184 = LINE ( 'NONE', #1236, #2052 ) ;
#1185 = CARTESIAN_POINT ( 'NONE',  ( -5.000000000000000000, 12.99999999999984013, 10.99999999999982059 ) ) ;
#1186 = EDGE_CURVE ( 'NONE', #1333, #1440, #1284, .T. ) ;
#1187 = DIRECTION ( 'NONE',  ( 0.000000000000000000, 0.000000000000000000, 1.000000000000000000 ) ) ;
#1188 = AXIS2_PLACEMENT_3D ( 'NONE', #910, #237, #1307 ) ;
#1189 = EDGE_CURVE ( 'NONE', #2495, #2328, #390, .T. ) ;
#1190 = DIRECTION ( 'NONE',  ( 0.000000000000000000, 0.000000000000000000, 1.000000000000000000 ) ) ;
#1191 = AXIS2_PLACEMENT_3D ( 'NONE', #75, #115, #1974 ) ;
#1192 = ADVANCED_FACE ( 'NONE', ( #1261 ), #2698, .F. ) ;
#1193 = EDGE_LOOP ( 'NONE', ( #689, #988, #1452, #2016, #1710, #2696 ) ) ;
#1194 = EDGE_LOOP ( 'NONE', ( #1870, #1971 ) ) ;
#1195 = CARTESIAN_POINT ( 'NONE',  ( 3.000000000000000000, -19.75000000000000000, -6.751111019676869773 ) ) ;
#1196 = ORIENTED_EDGE ( 'NONE', *, *, #126, .T. ) ;
#1197 = DIRECTION ( 'NONE',  ( -1.000000000000000000, 0.000000000000000000, 0.000000000000000000 ) ) ;
#1198 = CIRCLE ( 'NONE', #1893, 2.000000000000001776 ) ;
#1199 = CARTESIAN_POINT ( 'NONE',  ( 3.556102703673856613, 23.11639049140425684, -2.961350767485688706 ) ) ;
#1200 = DIRECTION ( 'NONE',  ( -1.000000000000000000, 0.000000000000000000, 0.000000000000000000 ) ) ;
#1201 = EDGE_LOOP ( 'NONE', ( #1314, #2683, #605, #133 ) ) ;
#1202 = DIRECTION ( 'NONE',  ( -1.000000000000000000, 0.000000000000000000, 0.000000000000000000 ) ) ;
#1203 = EDGE_CURVE ( 'NONE', #2574, #2700, #1198, .T. ) ;
#1204 = ORIENTED_EDGE ( 'NONE', *, *, #216, .T. ) ;
#1205 = VERTEX_POINT ( 'NONE', #1682 ) ;
#1206 = FACE_OUTER_BOUND ( 'NONE', #1479, .T. ) ;
#1207 = EDGE_LOOP ( 'NONE', ( #2693, #272, #2618, #2044 ) ) ;
#1208 = FACE_OUTER_BOUND ( 'NONE', #2326, .T. ) ;
#1209 = CYLINDRICAL_SURFACE ( 'NONE', #2493, 2.250000000000000444 ) ;
#1210 = AXIS2_PLACEMENT_3D ( 'NONE', #1866, #1817, #1178 ) ;
#1211 = DIRECTION ( 'NONE',  ( 0.000000000000000000, 2.312964634635739999E-16, 1.000000000000000000 ) ) ;
#1212 = VERTEX_POINT ( 'NONE', #424 ) ;
#1213 = CARTESIAN_POINT ( 'NONE',  ( 3.914655633773631127, 4.999999999999849898, -33.37631376112931747 ) ) ;
#1214 = CIRCLE ( 'NONE', #1956, 2.999999999999995559 ) ;
#1215 = AXIS2_PLACEMENT_3D ( 'NONE', #531, #2450, #2486 ) ;
#1216 = ORIENTED_EDGE ( 'NONE', *, *, #2524, .T. ) ;
#1217 = CARTESIAN_POINT ( 'NONE',  ( 3.000000000000000000, -7.500000000000158984, 21.75000000000000000 ) ) ;
#1218 = AXIS2_PLACEMENT_3D ( 'NONE', #2022, #1826, #782 ) ;
#1219 = DIRECTION ( 'NONE',  ( 0.000000000000000000, 0.000000000000000000, -1.000000000000000000 ) ) ;
#1220 = ORIENTED_EDGE ( 'NONE', *, *, #421, .F. ) ;
#1221 = DIRECTION ( 'NONE',  ( 0.000000000000000000, 0.000000000000000000, 1.000000000000000000 ) ) ;
#1222 = CARTESIAN_POINT ( 'NONE',  ( 30.00000000000001066, -1.427654291082565713E-13, 25.80614694161254974 ) ) ;
#1223 = EDGE_CURVE ( 'NONE', #2712, #2353, #1026, .T. ) ;
#1224 = LINE ( 'NONE', #1801, #1351 ) ;
#1225 = ORIENTED_EDGE ( 'NONE', *, *, #2317, .F. ) ;
#1226 = ADVANCED_FACE ( 'NONE', ( #833 ), #394, .T. ) ;
#1227 = CARTESIAN_POINT ( 'NONE',  ( -5.000000000000000000, 23.59999999999999787, 2.999999999999837019 ) ) ;
#1228 = DIRECTION ( 'NONE',  ( -1.000000000000000000, 0.000000000000000000, 0.000000000000000000 ) ) ;
#1229 = ORIENTED_EDGE ( 'NONE', *, *, #168, .F. ) ;
#1230 = AXIS2_PLACEMENT_3D ( 'NONE', #2561, #665, #1506 ) ;
#1231 = DIRECTION ( 'NONE',  ( 1.000000000000000000, 0.000000000000000000, 0.000000000000000000 ) ) ;
#1232 = VERTEX_POINT ( 'NONE', #1669 ) ;
#1233 = DIRECTION ( 'NONE',  ( 1.000000000000000000, 0.000000000000000000, 0.000000000000000000 ) ) ;
#1234 = EDGE_CURVE ( 'NONE', #738, #1820, #1592, .T. ) ;
#1235 = CYLINDRICAL_SURFACE ( 'NONE', #2391, 4.749999999999999112 ) ;
#1236 = CARTESIAN_POINT ( 'NONE',  ( 3.000000000000000000, 21.94617346798904833, 14.99999999999982059 ) ) ;
#1237 = FACE_BOUND ( 'NONE', #2105, .T. ) ;
#1238 = ORIENTED_EDGE ( 'NONE', *, *, #1625, .F. ) ;
#1239 = DIRECTION ( 'NONE',  ( 0.000000000000000000, 0.000000000000000000, 1.000000000000000000 ) ) ;
#1240 = VECTOR ( 'NONE', #1572, 1000.000000000000000 ) ;
#1241 = CARTESIAN_POINT ( 'NONE',  ( 4.500000000000000000, 23.44617346798904833, 25.44486142177824917 ) ) ;
#1242 = CIRCLE ( 'NONE', #1762, 5.000000000000000000 ) ;
#1243 = CARTESIAN_POINT ( 'NONE',  ( -5.000000000000000000, -5.000000000000170530, -21.75000000000000000 ) ) ;
#1244 = VERTEX_POINT ( 'NONE', #2069 ) ;
#1245 = B_SPLINE_CURVE_WITH_KNOTS ( 'NONE', 3,
 ( #1665, #2097, #1049, #1680 ),
 .UNSPECIFIED., .F., .F.,
 ( 4, 4 ),
 ( 0.000000000000000000, 1.000000000000000000 ),
 .UNSPECIFIED. ) ;
#1246 = CIRCLE ( 'NONE', #2448, 2.000000000000001776 ) ;
#1247 = CARTESIAN_POINT ( 'NONE',  ( -3.000000000000000000, 12.99999999999984013, -13.00000000000015987 ) ) ;
#1248 = VERTEX_POINT ( 'NONE', #1 ) ;
#1249 = CARTESIAN_POINT ( 'NONE',  ( -5.000000000000000000, 14.99999999999984013, 14.99999999999982059 ) ) ;
#1250 = DIRECTION ( 'NONE',  ( -1.000000000000000000, 0.000000000000000000, 0.000000000000000000 ) ) ;
#1251 = FACE_OUTER_BOUND ( 'NONE', #1833, .T. ) ;
#1252 = EDGE_CURVE ( 'NONE', #2547, #1004, #2059, .T. ) ;
#1253 = CARTESIAN_POINT ( 'NONE',  ( 3.000000000000000000, -19.75000000000000000, 14.99999999999982059 ) ) ;
#1254 = VERTEX_POINT ( 'NONE', #177 ) ;
#1255 = DIRECTION ( 'NONE',  ( -1.000000000000000000, 0.000000000000000000, 0.000000000000000000 ) ) ;
#1256 = ADVANCED_FACE ( 'NONE', ( #218 ), #1857, .F. ) ;
#1257 = CARTESIAN_POINT ( 'NONE',  ( 3.980256674840081832, 4.999999999999851674, -33.49679232103487436 ) ) ;
#1258 = AXIS2_PLACEMENT_3D ( 'NONE', #2162, #2732, #2553 ) ;
#1259 = AXIS2_PLACEMENT_3D ( 'NONE', #1042, #195, #33 ) ;
#1260 = ORIENTED_EDGE ( 'NONE', *, *, #2336, .T. ) ;
#1261 = FACE_OUTER_BOUND ( 'NONE', #2068, .T. ) ;
#1262 = EDGE_LOOP ( 'NONE', ( #2725, #591, #2057, #2375, #2357, #721 ) ) ;
#1263 = DIRECTION ( 'NONE',  ( 0.000000000000000000, 0.000000000000000000, 1.000000000000000000 ) ) ;
#1264 = CARTESIAN_POINT ( 'NONE',  ( -5.000000000000000000, -11.00000000000017941, 10.99999999999982059 ) ) ;
#1265 = DIRECTION ( 'NONE',  ( 0.000000000000000000, -1.000000000000000000, 0.000000000000000000 ) ) ;
#1266 = DIRECTION ( 'NONE',  ( 1.000000000000000000, 0.000000000000000000, 0.000000000000000000 ) ) ;
#1267 = VERTEX_POINT ( 'NONE', #862 ) ;
#1268 = FACE_OUTER_BOUND ( 'NONE', #1945, .T. ) ;
#1269 = CARTESIAN_POINT ( 'NONE',  ( 4.099004198816714073, -5.000000000000170530, -33.70732758003711638 ) ) ;
#1270 = EDGE_CURVE ( 'NONE', #1500, #2574, #1478, .T. ) ;
#1271 = ORIENTED_EDGE ( 'NONE', *, *, #2587, .T. ) ;
#1272 = EDGE_CURVE ( 'NONE', #1408, #2241, #1463, .T. ) ;
#1273 = EDGE_CURVE ( 'NONE', #1760, #2643, #2257, .T. ) ;
#1274 = CARTESIAN_POINT ( 'NONE',  ( -5.000000000000000000, -13.00000000000017941, -11.00000000000015810 ) ) ;
#1275 = ORIENTED_EDGE ( 'NONE', *, *, #349, .T. ) ;
#1276 = CYLINDRICAL_SURFACE ( 'NONE', #804, 3.000000000000002665 ) ;
#1277 = VECTOR ( 'NONE', #1117, 1000.000000000000000 ) ;
#1278 = DIRECTION ( 'NONE',  ( 1.000000000000000000, 0.000000000000000000, 0.000000000000000000 ) ) ;
#1279 = CYLINDRICAL_SURFACE ( 'NONE', #998, 5.500000000000001776 ) ;
#1280 = FACE_BOUND ( 'NONE', #876, .T. ) ;
#1281 = ORIENTED_EDGE ( 'NONE', *, *, #263, .T. ) ;
#1282 = CARTESIAN_POINT ( 'NONE',  ( 9.000000000000000000, -1.591855728988894984E-13, -36.39999999999999858 ) ) ;
#1283 = CARTESIAN_POINT ( 'NONE',  ( -5.000000000000000000, -5.000000000000170530, -36.39999999999999858 ) ) ;
#1284 = CIRCLE ( 'NONE', #2519, 4.749999999999999112 ) ;
#1285 = ADVANCED_FACE ( 'NONE', ( #206 ), #1053, .T. ) ;
#1286 = VERTEX_POINT ( 'NONE', #62 ) ;
#1287 = VECTOR ( 'NONE', #1946, 1000.000000000000000 ) ;
#1288 = ORIENTED_EDGE ( 'NONE', *, *, #1596, .T. ) ;
#1289 = VERTEX_POINT ( 'NONE', #2189 ) ;
#1290 = DIRECTION ( 'NONE',  ( 0.000000000000000000, 0.000000000000000000, -1.000000000000000000 ) ) ;
#1291 = DIRECTION ( 'NONE',  ( 0.000000000000000000, -2.138388353464189753E-16, 1.000000000000000000 ) ) ;
#1292 = CARTESIAN_POINT ( 'NONE',  ( -5.000000000000000000, -23.59999999999999787, -3.000000000000177636 ) ) ;
#1293 = DIRECTION ( 'NONE',  ( 0.000000000000000000, 0.000000000000000000, -1.000000000000000000 ) ) ;
#1294 = ORIENTED_EDGE ( 'NONE', *, *, #1312, .T. ) ;
#1295 = DIRECTION ( 'NONE',  ( 0.000000000000000000, 0.000000000000000000, -1.000000000000000000 ) ) ;
#1296 = AXIS2_PLACEMENT_3D ( 'NONE', #1355, #1502, #943 ) ;
#1297 = CARTESIAN_POINT ( 'NONE',  ( 3.840959472897345073, -23.30439464734029897, -4.991576491473755262 ) ) ;
#1298 = EDGE_LOOP ( 'NONE', ( #231, #1413, #1807, #2589, #83, #763, #423, #2196 ) ) ;
#1299 = AXIS2_PLACEMENT_3D ( 'NONE', #1909, #1091, #642 ) ;
#1300 = CARTESIAN_POINT ( 'NONE',  ( 3.000000000000000000, -15.00000000000000000, -15.00000000000000000 ) ) ;
#1301 = VERTEX_POINT ( 'NONE', #2616 ) ;
#1302 = ORIENTED_EDGE ( 'NONE', *, *, #2504, .F. ) ;
#1303 = CARTESIAN_POINT ( 'NONE',  ( -3.000000000000000000, -13.00000000000017941, -13.00000000000015987 ) ) ;
#1304 = EDGE_CURVE ( 'NONE', #1145, #922, #920, .T. ) ;
#1305 = DIRECTION ( 'NONE',  ( 0.000000000000000000, 1.000000000000000000, -5.782411586589360597E-16 ) ) ;
#1306 = DIRECTION ( 'NONE',  ( 0.000000000000000000, 0.000000000000000000, 1.000000000000000000 ) ) ;
#1307 = DIRECTION ( 'NONE',  ( 0.000000000000000000, 0.000000000000000000, 1.000000000000000000 ) ) ;
#1308 = ORIENTED_EDGE ( 'NONE', *, *, #452, .T. ) ;
#1309 = EDGE_CURVE ( 'NONE', #1608, #1014, #2430, .T. ) ;
#1310 = CARTESIAN_POINT ( 'NONE',  ( -5.000000000000000000, 23.59999999999999787, -1.658673198789984881E-13 ) ) ;
#1311 = CIRCLE ( 'NONE', #1438, 2.249999999999998668 ) ;
#1312 = EDGE_CURVE ( 'NONE', #1121, #166, #1326, .T. ) ;
#1313 = CARTESIAN_POINT ( 'NONE',  ( 9.000000000000000000, -23.59999999999999787, -1.747491040759994628E-13 ) ) ;
#1314 = ORIENTED_EDGE ( 'NONE', *, *, #2264, .F. ) ;
#1315 = DIRECTION ( 'NONE',  ( 0.000000000000000000, 0.000000000000000000, -1.000000000000000000 ) ) ;
#1316 = ORIENTED_EDGE ( 'NONE', *, *, #1475, .F. ) ;
#1317 = VERTEX_POINT ( 'NONE', #1987 ) ;
#1318 = UNCERTAINTY_MEASURE_WITH_UNIT (LENGTH_MEASURE( 1.000000000000000082E-05 ), #964, 'distance_accuracy_value', 'NONE');
#1319 = DIRECTION ( 'NONE',  ( 0.000000000000000000, 0.000000000000000000, 1.000000000000000000 ) ) ;
#1320 = CARTESIAN_POINT ( 'NONE',  ( 18.95445179679159864, 7.499999999999869438, 21.75000000000000000 ) ) ;
#1321 = LINE ( 'NONE', #500, #2380 ) ;
#1322 = ORIENTED_EDGE ( 'NONE', *, *, #2621, .F. ) ;
#1323 = EDGE_CURVE ( 'NONE', #1032, #1097, #513, .T. ) ;
#1324 = CARTESIAN_POINT ( 'NONE',  ( 8.999999999999998224, -23.44617346798904833, -2.996053637378768286 ) ) ;
#1325 = VERTEX_POINT ( 'NONE', #1155 ) ;
#1326 = CIRCLE ( 'NONE', #1677, 3.000000000000002665 ) ;
#1327 = CARTESIAN_POINT ( 'NONE',  ( 3.039021682740048025, -22.29794907313099728, 2.704587662122729608 ) ) ;
#1328 = ORIENTED_EDGE ( 'NONE', *, *, #1337, .F. ) ;
#1329 = EDGE_LOOP ( 'NONE', ( #1930, #1457 ) ) ;
#1330 = DIRECTION ( 'NONE',  ( 0.000000000000000000, 5.209379807738159441E-17, 1.000000000000000000 ) ) ;
#1331 = DIRECTION ( 'NONE',  ( 1.000000000000000000, 0.000000000000000000, 0.000000000000000000 ) ) ;
#1332 = DIRECTION ( 'NONE',  ( 0.000000000000000000, 0.000000000000000000, -1.000000000000000000 ) ) ;
#1333 = VERTEX_POINT ( 'NONE', #694 ) ;
#1334 = DIRECTION ( 'NONE',  ( -1.000000000000000000, 0.000000000000000000, 0.000000000000000000 ) ) ;
#1335 = PLANE ( 'NONE',  #2710 ) ;
#1336 = EDGE_CURVE ( 'NONE', #1014, #827, #2159, .T. ) ;
#1337 = EDGE_CURVE ( 'NONE', #2098, #870, #297, .T. ) ;
#1338 = LINE ( 'NONE', #1093, #505 ) ;
#1339 = VERTEX_POINT ( 'NONE', #1561 ) ;
#1340 = EDGE_CURVE ( 'NONE', #762, #1722, #1359, .T. ) ;
#1341 = CARTESIAN_POINT ( 'NONE',  ( 3.000000000000000000, -15.00000000000000000, 14.99999999999982059 ) ) ;
#1342 = AXIS2_PLACEMENT_3D ( 'NONE', #1341, #279, #255 ) ;
#1343 = EDGE_LOOP ( 'NONE', ( #586, #2134, #112, #2295, #662 ) ) ;
#1344 = ORIENTED_EDGE ( 'NONE', *, *, #205, .T. ) ;
#1345 = CARTESIAN_POINT ( 'NONE',  ( 3.000000000000000000, -19.75000000000000000, -15.00000000000000000 ) ) ;
#1346 = DIRECTION ( 'NONE',  ( -1.000000000000000000, 0.000000000000000000, 0.000000000000000000 ) ) ;
#1347 = DIRECTION ( 'NONE',  ( -1.000000000000000000, 0.000000000000000000, 0.000000000000000000 ) ) ;
#1348 = AXIS2_PLACEMENT_3D ( 'NONE', #1222, #2062, #417 ) ;
#1349 = ORIENTED_EDGE ( 'NONE', *, *, #20, .F. ) ;
#1350 = CARTESIAN_POINT ( 'NONE',  ( 4.938905632947752977, -5.000000000000173195, -34.99400653846905840 ) ) ;
#1351 = VECTOR ( 'NONE', #955, 1000.000000000000000 ) ;
#1352 = CARTESIAN_POINT ( 'NONE',  ( 3.997198666956810698, 23.36304714374707814, 2.990902955590530432 ) ) ;
#1353 = CARTESIAN_POINT ( 'NONE',  ( 3.000000000000000000, 21.94617346798904833, 14.99999999999982059 ) ) ;
#1354 = EDGE_CURVE ( 'NONE', #1289, #15, #1937, .T. ) ;
#1355 = CARTESIAN_POINT ( 'NONE',  ( -5.000000000000000000, -15.00000000000000000, -15.00000000000000000 ) ) ;
#1356 = ORIENTED_EDGE ( 'NONE', *, *, #1376, .T. ) ;
#1357 = ORIENTED_EDGE ( 'NONE', *, *, #2409, .F. ) ;
#1358 = PLANE ( 'NONE',  #1066 ) ;
#1359 = LINE ( 'NONE', #1778, #483 ) ;
#1360 = DIRECTION ( 'NONE',  ( -1.000000000000000000, 0.000000000000000000, 0.000000000000000000 ) ) ;
#1361 = ORIENTED_EDGE ( 'NONE', *, *, #1203, .F. ) ;
#1362 = DIRECTION ( 'NONE',  ( 0.000000000000000000, 0.000000000000000000, 1.000000000000000000 ) ) ;
#1363 = CARTESIAN_POINT ( 'NONE',  ( 4.500000000000000000, -23.44617346798904833, -4.997633179621249866 ) ) ;
#1364 = DIRECTION ( 'NONE',  ( 0.000000000000000000, 0.000000000000000000, -1.000000000000000000 ) ) ;
#1365 = DIRECTION ( 'NONE',  ( -1.000000000000000000, 0.000000000000000000, 0.000000000000000000 ) ) ;
#1366 = CARTESIAN_POINT ( 'NONE',  ( -5.000000000000000000, 12.99999999999984013, -11.00000000000015810 ) ) ;
#1367 = EDGE_CURVE ( 'NONE', #246, #1513, #2653, .T. ) ;
#1368 = EDGE_LOOP ( 'NONE', ( #188, #1216, #158, #845 ) ) ;
#1369 = VERTEX_POINT ( 'NONE', #2591 ) ;
#1370 = CARTESIAN_POINT ( 'NONE',  ( -5.000000000000000000, -21.75000000000000000, -4.751111019676869773 ) ) ;
#1371 = DIRECTION ( 'NONE',  ( 0.000000000000000000, 1.000000000000000000, 0.000000000000000000 ) ) ;
#1372 = VECTOR ( 'NONE', #518, 1000.000000000000000 ) ;
#1373 = DIRECTION ( 'NONE',  ( 0.000000000000000000, 0.000000000000000000, 1.000000000000000000 ) ) ;
#1374 = CIRCLE ( 'NONE', #1810, 2.000000000000000000 ) ;
#1375 = ORIENTED_EDGE ( 'NONE', *, *, #2735, .T. ) ;
#1376 = EDGE_CURVE ( 'NONE', #150, #762, #2390, .T. ) ;
#1377 = DIRECTION ( 'NONE',  ( 1.000000000000000000, 0.000000000000000000, 0.000000000000000000 ) ) ;
#1378 = VECTOR ( 'NONE', #457, 1000.000000000000000 ) ;
#1379 = DIRECTION ( 'NONE',  ( 0.000000000000000000, -1.432200615920703789E-16, -1.000000000000000000 ) ) ;
#1380 = CARTESIAN_POINT ( 'NONE',  ( 3.839186249283542463, -23.30364205867666882, 4.991536082534883789 ) ) ;
#1381 = EDGE_LOOP ( 'NONE', ( #137, #543, #1050, #1096 ) ) ;
#1382 = CARTESIAN_POINT ( 'NONE',  ( 18.95445179679159864, -21.75000000000000000, -6.751111019676869773 ) ) ;
#1383 = DIRECTION ( 'NONE',  ( -1.000000000000000000, 0.000000000000000000, 0.000000000000000000 ) ) ;
#1384 = EDGE_LOOP ( 'NONE', ( #2454, #1431, #1045, #1586 ) ) ;
#1385 = ORIENTED_EDGE ( 'NONE', *, *, #1599, .F. ) ;
#1386 = CARTESIAN_POINT ( 'NONE',  ( 3.339798031181370419, -22.90221486536118434, -2.918676981800374826 ) ) ;
#1387 = DIRECTION ( 'NONE',  ( 0.000000000000000000, -1.000000000000000000, 0.000000000000000000 ) ) ;
#1388 = FACE_OUTER_BOUND ( 'NONE', #473, .T. ) ;
#1389 = ORIENTED_EDGE ( 'NONE', *, *, #941, .F. ) ;
#1390 = CARTESIAN_POINT ( 'NONE',  ( 3.839186249300583942, 23.30364205868767868, -4.991536082535755092 ) ) ;
#1391 = EDGE_CURVE ( 'NONE', #166, #1121, #439, .T. ) ;
#1392 = CIRCLE ( 'NONE', #2268, 2.250000000000000444 ) ;
#1393 = LINE ( 'NONE', #1800, #363 ) ;
#1394 = VECTOR ( 'NONE', #2073, 1000.000000000000000 ) ;
#1395 = CARTESIAN_POINT ( 'NONE',  ( 3.037293058811660451, -22.27857142857159900, 4.822222156911750268 ) ) ;
#1396 = ORIENTED_EDGE ( 'NONE', *, *, #1475, .T. ) ;
#1397 = EDGE_CURVE ( 'NONE', #1339, #521, #2383, .T. ) ;
#1398 = ADVANCED_FACE ( 'NONE', ( #2646 ), #2602, .F. ) ;
#1399 = CARTESIAN_POINT ( 'NONE',  ( -5.000000000000000000, 21.75000000000000000, 6.751111019676519831 ) ) ;
#1400 = CARTESIAN_POINT ( 'NONE',  ( -5.000000000000000000, 14.99999999999984013, -17.25000000000000000 ) ) ;
#1401 = EDGE_LOOP ( 'NONE', ( #2086, #1164, #2722, #288 ) ) ;
#1402 = ORIENTED_EDGE ( 'NONE', *, *, #434, .T. ) ;
#1403 = ORIENTED_EDGE ( 'NONE', *, *, #1747, .F. ) ;
#1404 = LINE ( 'NONE', #370, #465 ) ;
#1405 = CARTESIAN_POINT ( 'NONE',  ( 3.000000000000000000, -15.00000000000000000, 14.99999999999982059 ) ) ;
#1406 = ADVANCED_FACE ( 'NONE', ( #2373 ), #471, .F. ) ;
#1407 = DIRECTION ( 'NONE',  ( 0.000000000000000000, 0.000000000000000000, -1.000000000000000000 ) ) ;
#1408 = VERTEX_POINT ( 'NONE', #2173 ) ;
#1409 = CARTESIAN_POINT ( 'NONE',  ( 4.852675818736407187, 4.999999999999850786, -34.87277411234410351 ) ) ;
#1410 = AXIS2_PLACEMENT_3D ( 'NONE', #555, #2244, #1373 ) ;
#1411 = ORIENTED_EDGE ( 'NONE', *, *, #2407, .T. ) ;
#1412 = VERTEX_POINT ( 'NONE', #270 ) ;
#1413 = ORIENTED_EDGE ( 'NONE', *, *, #2232, .F. ) ;
#1414 = LINE ( 'NONE', #1799, #1855 ) ;
#1415 = AXIS2_PLACEMENT_3D ( 'NONE', #1886, #848, #87 ) ;
#1416 = DIRECTION ( 'NONE',  ( -1.000000000000000000, 0.000000000000000000, 0.000000000000000000 ) ) ;
#1417 = CARTESIAN_POINT ( 'NONE',  ( 3.000000000000000000, 14.99999999999984013, -19.75000000000000000 ) ) ;
#1418 = ORIENTED_EDGE ( 'NONE', *, *, #1842, .T. ) ;
#1419 = ADVANCED_FACE ( 'NONE', ( #1128 ), #1962, .F. ) ;
#1420 = CARTESIAN_POINT ( 'NONE',  ( 3.123172983822224413, 4.999999999999850786, -31.48861165653121219 ) ) ;
#1421 = EDGE_CURVE ( 'NONE', #1286, #1112, #1142, .T. ) ;
#1422 = ORIENTED_EDGE ( 'NONE', *, *, #904, .T. ) ;
#1423 = CARTESIAN_POINT ( 'NONE',  ( 18.95445179679159864, -23.59999999999999787, -1.747491040759994628E-13 ) ) ;
#1424 = EDGE_CURVE ( 'NONE', #1998, #254, #330, .T. ) ;
#1425 = DIRECTION ( 'NONE',  ( 0.000000000000000000, 0.000000000000000000, 1.000000000000000000 ) ) ;
#1426 = ORIENTED_EDGE ( 'NONE', *, *, #1019, .F. ) ;
#1427 = DIRECTION ( 'NONE',  ( 1.000000000000000000, 0.000000000000000000, 0.000000000000000000 ) ) ;
#1428 = CARTESIAN_POINT ( 'NONE',  ( 3.000000000000000000, 14.99999999999984013, -19.75000000000000000 ) ) ;
#1429 = VECTOR ( 'NONE', #2030, 1000.000000000000000 ) ;
#1430 = DIRECTION ( 'NONE',  ( 0.000000000000000000, 0.000000000000000000, 1.000000000000000000 ) ) ;
#1431 = ORIENTED_EDGE ( 'NONE', *, *, #1376, .F. ) ;
#1432 = VECTOR ( 'NONE', #897, 1000.000000000000000 ) ;
#1433 = DIRECTION ( 'NONE',  ( -1.000000000000000000, 0.000000000000000000, 0.000000000000000000 ) ) ;
#1434 = AXIS2_PLACEMENT_3D ( 'NONE', #798, #1211, #2053 ) ;
#1435 = CIRCLE ( 'NONE', #728, 4.750000000000000888 ) ;
#1436 = EDGE_CURVE ( 'NONE', #2241, #1998, #2229, .T. ) ;
#1437 = EDGE_LOOP ( 'NONE', ( #2366, #2036, #1024, #936, #1621 ) ) ;
#1438 = AXIS2_PLACEMENT_3D ( 'NONE', #1844, #173, #801 ) ;
#1439 = DIRECTION ( 'NONE',  ( 0.000000000000000000, 0.000000000000000000, -1.000000000000000000 ) ) ;
#1440 = VERTEX_POINT ( 'NONE', #244 ) ;
#1441 = DIRECTION ( 'NONE',  ( 0.000000000000000000, 0.000000000000000000, 1.000000000000000000 ) ) ;
#1442 = LINE ( 'NONE', #837, #620 ) ;
#1443 = CARTESIAN_POINT ( 'NONE',  ( 3.000000000000000000, -15.00000000000000000, 14.99999999999982059 ) ) ;
#1444 = FACE_BOUND ( 'NONE', #130, .T. ) ;
#1445 = VERTEX_POINT ( 'NONE', #1095 ) ;
#1446 = CARTESIAN_POINT ( 'NONE',  ( 18.95445179679159864, -5.500000000000158984, 25.80614694161254974 ) ) ;
#1447 = DIRECTION ( 'NONE',  ( 0.000000000000000000, 0.000000000000000000, -1.000000000000000000 ) ) ;
#1448 = VERTEX_POINT ( 'NONE', #96 ) ;
#1449 = AXIS2_PLACEMENT_3D ( 'NONE', #381, #2087, #1233 ) ;
#1450 = EDGE_CURVE ( 'NONE', #164, #2730, #1928, .T. ) ;
#1451 = CARTESIAN_POINT ( 'NONE',  ( 3.000000000000000000, 14.99999999999984013, -17.25000000000000000 ) ) ;
#1452 = ORIENTED_EDGE ( 'NONE', *, *, #377, .F. ) ;
#1453 = CYLINDRICAL_SURFACE ( 'NONE', #2645, 2.250000000000000444 ) ;
#1454 = DIRECTION ( 'NONE',  ( 0.000000000000000000, 0.000000000000000000, 1.000000000000000000 ) ) ;
#1455 = LINE ( 'NONE', #1428, #1614 ) ;
#1456 = CARTESIAN_POINT ( 'NONE',  ( 4.500000000000004441, 23.44617346798905189, -2.996053637378759849 ) ) ;
#1457 = ORIENTED_EDGE ( 'NONE', *, *, #1055, .F. ) ;
#1458 = VECTOR ( 'NONE', #2003, 1000.000000000000000 ) ;
#1459 = DIRECTION ( 'NONE',  ( 1.000000000000000000, 0.000000000000000000, 0.000000000000000000 ) ) ;
#1460 = CARTESIAN_POINT ( 'NONE',  ( 2.999999999999999556, 4.999999999999849898, -30.67770212187115675 ) ) ;
#1461 = VECTOR ( 'NONE', #2206, 1000.000000000000000 ) ;
#1462 = VERTEX_POINT ( 'NONE', #1530 ) ;
#1463 = LINE ( 'NONE', #1695, #350 ) ;
#1464 = ORIENTED_EDGE ( 'NONE', *, *, #1685, .T. ) ;
#1465 = CARTESIAN_POINT ( 'NONE',  ( 30.00000000000001066, -1.427654291082565713E-13, 25.80614694161254974 ) ) ;
#1466 = CARTESIAN_POINT ( 'NONE',  ( 3.000000000000000000, 14.99999999999984013, 17.25000000000000000 ) ) ;
#1467 = CARTESIAN_POINT ( 'NONE',  ( 3.037293058811590285, 22.27857142857124728, -4.822222156912090441 ) ) ;
#1468 = FACE_BOUND ( 'NONE', #1194, .T. ) ;
#1469 = ORIENTED_EDGE ( 'NONE', *, *, #1084, .T. ) ;
#1470 = ADVANCED_FACE ( 'NONE', ( #477 ), #58, .F. ) ;
#1471 = VECTOR ( 'NONE', #1239, 1000.000000000000000 ) ;
#1472 = CARTESIAN_POINT ( 'NONE',  ( 3.173736944771576862, 22.65380929897942863, 2.848222447453660156 ) ) ;
#1473 = EDGE_CURVE ( 'NONE', #281, #1369, #2534, .T. ) ;
#1474 = DIRECTION ( 'NONE',  ( 0.000000000000000000, 0.000000000000000000, -1.000000000000000000 ) ) ;
#1475 = EDGE_CURVE ( 'NONE', #2704, #1205, #495, .T. ) ;
#1476 = VECTOR ( 'NONE', #684, 1000.000000000000000 ) ;
#1477 = ORIENTED_EDGE ( 'NONE', *, *, #787, .F. ) ;
#1478 = LINE ( 'NONE', #190, #1981 ) ;
#1479 = EDGE_LOOP ( 'NONE', ( #1929, #1204, #1402, #696 ) ) ;
#1480 = LINE ( 'NONE', #1671, #1843 ) ;
#1481 = LINE ( 'NONE', #2343, #1113 ) ;
#1482 = CARTESIAN_POINT ( 'NONE',  ( -3.000000000000000000, 10.99999999999984013, 10.99999999999982059 ) ) ;
#1483 = CARTESIAN_POINT ( 'NONE',  ( 8.999999999999998224, -23.59999999999999787, -1.747491040759994628E-13 ) ) ;
#1484 = ORIENTED_EDGE ( 'NONE', *, *, #643, .T. ) ;
#1485 = DIRECTION ( 'NONE',  ( -1.000000000000000000, 0.000000000000000000, 0.000000000000000000 ) ) ;
#1486 = EDGE_CURVE ( 'NONE', #280, #226, #1557, .T. ) ;
#1487 = CARTESIAN_POINT ( 'NONE',  ( 3.000000000000000000, 14.99999999999984013, -15.00000000000000000 ) ) ;
#1488 = ORIENTED_EDGE ( 'NONE', *, *, #2253, .F. ) ;
#1489 = DIRECTION ( 'NONE',  ( 0.000000000000000000, 0.000000000000000000, 1.000000000000000000 ) ) ;
#1490 = ORIENTED_EDGE ( 'NONE', *, *, #691, .F. ) ;
#1491 = ORIENTED_EDGE ( 'NONE', *, *, #293, .T. ) ;
#1492 = CARTESIAN_POINT ( 'NONE',  ( 18.95445179679159864, 23.59999999999999787, -1.658673198789984881E-13 ) ) ;
#1493 = DIRECTION ( 'NONE',  ( -1.000000000000000000, 0.000000000000000000, 0.000000000000000000 ) ) ;
#1494 = CARTESIAN_POINT ( 'NONE',  ( -5.000000000000000000, 4.999999999999849898, -21.75000000000000000 ) ) ;
#1495 = DIRECTION ( 'NONE',  ( 1.000000000000000000, 0.000000000000000000, 0.000000000000000000 ) ) ;
#1496 = ORIENTED_EDGE ( 'NONE', *, *, #1625, .T. ) ;
#1497 = CARTESIAN_POINT ( 'NONE',  ( 3.000000000000000000, 21.75000000000000000, -6.751111019676849345 ) ) ;
#1498 = CARTESIAN_POINT ( 'NONE',  ( 4.041297229826955828, -5.000000000000170530, -33.60615372998597650 ) ) ;
#1499 = AXIS2_PLACEMENT_3D ( 'NONE', #2488, #2278, #789 ) ;
#1500 = VERTEX_POINT ( 'NONE', #888 ) ;
#1501 = VECTOR ( 'NONE', #1973, 1000.000000000000000 ) ;
#1502 = DIRECTION ( 'NONE',  ( -1.000000000000000000, 0.000000000000000000, 0.000000000000000000 ) ) ;
#1503 = ORIENTED_EDGE ( 'NONE', *, *, #2544, .F. ) ;
#1504 = EDGE_LOOP ( 'NONE', ( #2283, #579, #1090, #2186 ) ) ;
#1505 = EDGE_CURVE ( 'NONE', #1125, #2730, #631, .T. ) ;
#1506 = DIRECTION ( 'NONE',  ( 0.000000000000000000, 0.000000000000000000, -1.000000000000000000 ) ) ;
#1507 = UNCERTAINTY_MEASURE_WITH_UNIT (LENGTH_MEASURE( 1.000000000000000082E-05 ), #751, 'distance_accuracy_value', 'NONE');
#1508 = EDGE_CURVE ( 'NONE', #922, #510, #2346, .T. ) ;
#1509 = CARTESIAN_POINT ( 'NONE',  ( 3.000000000000000000, 19.75000000000000000, 6.751111019676519831 ) ) ;
#1510 = VECTOR ( 'NONE', #968, 1000.000000000000000 ) ;
#1511 = DIRECTION ( 'NONE',  ( -1.000000000000000000, 0.000000000000000000, 0.000000000000000000 ) ) ;
#1512 = CARTESIAN_POINT ( 'NONE',  ( 18.95445179679159864, 23.44617346798904833, 4.997633179620920352 ) ) ;
#1513 = VERTEX_POINT ( 'NONE', #1122 ) ;
#1514 = FACE_OUTER_BOUND ( 'NONE', #1262, .T. ) ;
#1515 = AXIS2_PLACEMENT_3D ( 'NONE', #616, #1383, #404 ) ;
#1516 = VERTEX_POINT ( 'NONE', #2624 ) ;
#1517 = CIRCLE ( 'NONE', #1127, 2.999999999999999112 ) ;
#1518 = CARTESIAN_POINT ( 'NONE',  ( 3.998189032166703516, -23.36341089853682007, 2.990931958737001573 ) ) ;
#1519 = EDGE_CURVE ( 'NONE', #1182, #1317, #2169, .T. ) ;
#1520 = ORIENTED_EDGE ( 'NONE', *, *, #1486, .T. ) ;
#1521 = EDGE_LOOP ( 'NONE', ( #675, #914, #569, #595, #1858, #78, #1389, #1787 ) ) ;
#1522 = LINE ( 'NONE', #666, #486 ) ;
#1523 = DIRECTION ( 'NONE',  ( 1.000000000000000000, 0.000000000000000000, 0.000000000000000000 ) ) ;
#1524 = LINE ( 'NONE', #1975, #685 ) ;
#1525 = CIRCLE ( 'NONE', #2235, 3.000000000000002665 ) ;
#1526 = EDGE_LOOP ( 'NONE', ( #1157, #2512 ) ) ;
#1527 = CARTESIAN_POINT ( 'NONE',  ( 18.95445179679159864, -23.59999999999999787, -1.747491040759994628E-13 ) ) ;
#1528 = LINE ( 'NONE', #859, #2675 ) ;
#1529 = CARTESIAN_POINT ( 'NONE',  ( 18.95445179679159864, 21.75000000000000000, -6.751111019676849345 ) ) ;
#1530 = CARTESIAN_POINT ( 'NONE',  ( 9.000000000000000000, 23.59999999999999787, -5.000000000000170530 ) ) ;
#1531 = ORIENTED_EDGE ( 'NONE', *, *, #1109, .T. ) ;
#1532 = ORIENTED_EDGE ( 'NONE', *, *, #85, .F. ) ;
#1533 = EDGE_CURVE ( 'NONE', #2712, #849, #2363, .T. ) ;
#1534 = CARTESIAN_POINT ( 'NONE',  ( 3.000000000000000000, -15.00000000000000000, -19.75000000000000000 ) ) ;
#1535 = CARTESIAN_POINT ( 'NONE',  ( 3.000000000000000000, -11.00000000000017941, 10.99999999999982059 ) ) ;
#1536 = CARTESIAN_POINT ( 'NONE',  ( 4.500000000000000000, -23.44617346798905189, 2.996053637378419676 ) ) ;
#1537 = CIRCLE ( 'NONE', #1410, 2.999999999999995559 ) ;
#1538 = ORIENTED_EDGE ( 'NONE', *, *, #1273, .F. ) ;
#1539 = EDGE_CURVE ( 'NONE', #1558, #1696, #1997, .T. ) ;
#1540 = DIRECTION ( 'NONE',  ( -1.000000000000000000, -0.000000000000000000, -0.000000000000000000 ) ) ;
#1541 = EDGE_CURVE ( 'NONE', #619, #1984, #995, .T. ) ;
#1542 = VECTOR ( 'NONE', #607, 1000.000000000000000 ) ;
#1543 = VERTEX_POINT ( 'NONE', #1150 ) ;
#1544 = CARTESIAN_POINT ( 'NONE',  ( 3.271842804588624087, -22.83038494076386016, 2.903428875483281324 ) ) ;
#1545 = ORIENTED_EDGE ( 'NONE', *, *, #2179, .F. ) ;
#1546 = VERTEX_POINT ( 'NONE', #1137 ) ;
#1547 = LINE ( 'NONE', #692, #939 ) ;
#1548 = DIRECTION ( 'NONE',  ( -1.000000000000000000, 0.000000000000000000, 0.000000000000000000 ) ) ;
#1549 = DIRECTION ( 'NONE',  ( 0.000000000000000000, 0.000000000000000000, 1.000000000000000000 ) ) ;
#1550 = VERTEX_POINT ( 'NONE', #928 ) ;
#1551 = CARTESIAN_POINT ( 'NONE',  ( 30.00000000000001066, -1.423980350685123659E-13, 22.80614694161254974 ) ) ;
#1552 = DIRECTION ( 'NONE',  ( -1.000000000000000000, 0.000000000000000000, 0.000000000000000000 ) ) ;
#1553 = EDGE_CURVE ( 'NONE', #1333, #376, #1982, .T. ) ;
#1554 = CARTESIAN_POINT ( 'NONE',  ( 3.000000000000000000, -11.00000000000017941, 12.99999999999982059 ) ) ;
#1555 = EDGE_CURVE ( 'NONE', #663, #2467, #1123, .T. ) ;
#1556 = CARTESIAN_POINT ( 'NONE',  ( 3.063855129770240548, -22.38952028750527390, 2.746625664960528734 ) ) ;
#1557 = CIRCLE ( 'NONE', #1296, 2.250000000000000444 ) ;
#1558 = VERTEX_POINT ( 'NONE', #2208 ) ;
#1559 = ORIENTED_EDGE ( 'NONE', *, *, #1767, .T. ) ;
#1560 = CYLINDRICAL_SURFACE ( 'NONE', #2439, 4.750000000000000888 ) ;
#1561 = CARTESIAN_POINT ( 'NONE',  ( 3.000000000000000000, 19.75000000000000000, -6.751111019676860003 ) ) ;
#1562 = CARTESIAN_POINT ( 'NONE',  ( 3.000000000000000000, -15.00000000000000000, -19.75000000000000000 ) ) ;
#1563 = VECTOR ( 'NONE', #7, 1000.000000000000000 ) ;
#1564 = CARTESIAN_POINT ( 'NONE',  ( 3.000000000000000000, 10.99999999999984013, -13.00000000000015987 ) ) ;
#1565 = EDGE_LOOP ( 'NONE', ( #1496, #1958, #401, #781 ) ) ;
#1566 = CARTESIAN_POINT ( 'NONE',  ( -5.000000000000000000, -15.00000000000000000, -15.00000000000000000 ) ) ;
#1567 = AXIS2_PLACEMENT_3D ( 'NONE', #2525, #1017, #1863 ) ;
#1568 = CARTESIAN_POINT ( 'NONE',  ( 18.95445179679159864, -22.27857142857159900, 4.822222156911750268 ) ) ;
#1569 = FACE_OUTER_BOUND ( 'NONE', #2144, .T. ) ;
#1570 = EDGE_CURVE ( 'NONE', #1369, #281, #720, .T. ) ;
#1571 = VECTOR ( 'NONE', #104, 1000.000000000000000 ) ;
#1572 = DIRECTION ( 'NONE',  ( -1.000000000000000000, -0.000000000000000000, -0.000000000000000000 ) ) ;
#1573 = APPLICATION_CONTEXT ( 'automotive_design' ) ;
#1574 = CARTESIAN_POINT ( 'NONE',  ( -5.000000000000000000, -23.59999999999999787, -1.747491040759994628E-13 ) ) ;
#1575 = ORIENTED_EDGE ( 'NONE', *, *, #574, .T. ) ;
#1576 = ORIENTED_EDGE ( 'NONE', *, *, #1019, .T. ) ;
#1577 = CARTESIAN_POINT ( 'NONE',  ( 4.096097849186600470, -23.39436196749359098, -2.993015460200078692 ) ) ;
#1578 = DIRECTION ( 'NONE',  ( -1.000000000000000000, 0.000000000000000000, 0.000000000000000000 ) ) ;
#1579 = CARTESIAN_POINT ( 'NONE',  ( 8.999999999999998224, -1.588181788591452929E-13, -39.39999999999999858 ) ) ;
#1580 = DIRECTION ( 'NONE',  ( 0.000000000000000000, 0.000000000000000000, 1.000000000000000000 ) ) ;
#1581 = ORIENTED_EDGE ( 'NONE', *, *, #916, .T. ) ;
#1582 = DIRECTION ( 'NONE',  ( 0.000000000000000000, 0.000000000000000000, 1.000000000000000000 ) ) ;
#1583 = DIRECTION ( 'NONE',  ( 0.000000000000000000, 0.000000000000000000, -1.000000000000000000 ) ) ;
#1584 = DIRECTION ( 'NONE',  ( -1.000000000000000000, 0.000000000000000000, 0.000000000000000000 ) ) ;
#1585 = VECTOR ( 'NONE', #623, 1000.000000000000000 ) ;
#1586 = ORIENTED_EDGE ( 'NONE', *, *, #648, .F. ) ;
#1587 = FACE_OUTER_BOUND ( 'NONE', #1065, .T. ) ;
#1588 = DIRECTION ( 'NONE',  ( 0.000000000000000000, 0.000000000000000000, 1.000000000000000000 ) ) ;
#1589 = ADVANCED_FACE ( 'NONE', ( #2641 ), #2307, .F. ) ;
#1590 = ORIENTED_EDGE ( 'NONE', *, *, #282, .T. ) ;
#1591 = ORIENTED_EDGE ( 'NONE', *, *, #283, .F. ) ;
#1592 = CIRCLE ( 'NONE', #3, 4.750000000000000888 ) ;
#1593 = DIRECTION ( 'NONE',  ( 0.000000000000000000, 0.000000000000000000, 1.000000000000000000 ) ) ;
#1594 = CARTESIAN_POINT ( 'NONE',  ( 0.000000000000000000, 10.99999999999984013, -13.00000000000015987 ) ) ;
#1595 = VECTOR ( 'NONE', #576, 1000.000000000000000 ) ;
#1596 = EDGE_CURVE ( 'NONE', #2573, #1831, #493, .T. ) ;
#1597 = VERTEX_POINT ( 'NONE', #2513 ) ;
#1598 = CARTESIAN_POINT ( 'NONE',  ( 3.037293058811590285, 22.27857142857124728, -4.822222156912090441 ) ) ;
#1599 = EDGE_CURVE ( 'NONE', #2000, #72, #1046, .T. ) ;
#1600 = DIRECTION ( 'NONE',  ( 1.000000000000000000, 0.000000000000000000, 0.000000000000000000 ) ) ;
#1601 = AXIS2_PLACEMENT_3D ( 'NONE', #1802, #1790, #277 ) ;
#1602 = LINE ( 'NONE', #2682, #1102 ) ;
#1603 = ORIENTED_EDGE ( 'NONE', *, *, #1336, .T. ) ;
#1604 = CIRCLE ( 'NONE', #672, 5.500000000000001776 ) ;
#1605 = LINE ( 'NONE', #1241, #1595 ) ;
#1606 = CARTESIAN_POINT ( 'NONE',  ( 3.000000000000000000, -15.00000000000000000, -15.00000000000000000 ) ) ;
#1607 = ORIENTED_EDGE ( 'NONE', *, *, #817, .T. ) ;
#1608 = VERTEX_POINT ( 'NONE', #1366 ) ;
#1609 = EDGE_CURVE ( 'NONE', #1820, #1339, #1996, .T. ) ;
#1610 = CYLINDRICAL_SURFACE ( 'NONE', #2303, 2.000000000000000000 ) ;
#1611 = CARTESIAN_POINT ( 'NONE',  ( 3.000000000000000000, 19.75000000000000000, 6.751111019676519831 ) ) ;
#1612 = EDGE_LOOP ( 'NONE', ( #690, #2224, #2021, #1477, #565 ) ) ;
#1613 = DIRECTION ( 'NONE',  ( -1.000000000000000000, 0.000000000000000000, 0.000000000000000000 ) ) ;
#1614 = VECTOR ( 'NONE', #2261, 1000.000000000000000 ) ;
#1615 = CARTESIAN_POINT ( 'NONE',  ( -5.000000000000000000, 10.99999999999984013, -13.00000000000015987 ) ) ;
#1616 = AXIS2_PLACEMENT_3D ( 'NONE', #2400, #287, #1580 ) ;
#1617 = CARTESIAN_POINT ( 'NONE',  ( -5.000000000000000000, 14.99999999999984013, -19.75000000000000000 ) ) ;
#1618 = EDGE_LOOP ( 'NONE', ( #1927, #2126, #2128, #353, #1944, #1422, #2604, #1008, #1260, #73, #564, #2413, #1752, #841, #573, #64, #2048, #11, #1054, #1101, #2259, #2463, #344, #174, #976, #2280, #2091, #2161, #1491, #778, #2717, #834, #1727, #917, #1836 ) ) ;
#1619 = CARTESIAN_POINT ( 'NONE',  ( 3.000000000000000000, 14.99999999999984013, 19.75000000000000000 ) ) ;
#1620 = CARTESIAN_POINT ( 'NONE',  ( 3.037293058811590285, 22.27857142857124728, 4.822222156911760926 ) ) ;
#1621 = ORIENTED_EDGE ( 'NONE', *, *, #783, .T. ) ;
#1622 = ORIENTED_EDGE ( 'NONE', *, *, #1756, .F. ) ;
#1623 = CARTESIAN_POINT ( 'NONE',  ( -66.20011627344369742, 23.44617346798904833, 25.44486142177824917 ) ) ;
#1624 = ORIENTED_EDGE ( 'NONE', *, *, #578, .T. ) ;
#1625 = EDGE_CURVE ( 'NONE', #1289, #899, #141, .T. ) ;
#1626 = DIRECTION ( 'NONE',  ( 0.000000000000000000, 1.000000000000000000, -5.209379807738159441E-17 ) ) ;
#1627 = LINE ( 'NONE', #584, #1394 ) ;
#1628 = CARTESIAN_POINT ( 'NONE',  ( 4.328527080958799900, -23.44611785051159814, 4.997631467721818765 ) ) ;
#1629 = EDGE_CURVE ( 'NONE', #2672, #2156, #588, .T. ) ;
#1630 = CARTESIAN_POINT ( 'NONE',  ( -66.20011627344369742, -23.44617346798904833, 25.44486142177824917 ) ) ;
#1631 = AXIS2_PLACEMENT_3D ( 'NONE', #514, #1740, #935 ) ;
#1632 = EDGE_CURVE ( 'NONE', #1325, #496, #320, .T. ) ;
#1633 = ORIENTED_EDGE ( 'NONE', *, *, #1153, .F. ) ;
#1634 = CARTESIAN_POINT ( 'NONE',  ( 3.000000000000000000, 14.99999999999984013, -12.75000000000015810 ) ) ;
#1635 = EDGE_LOOP ( 'NONE', ( #31, #602, #2395, #242 ) ) ;
#1636 = LINE ( 'NONE', #2049, #2082 ) ;
#1637 = AXIS2_PLACEMENT_3D ( 'NONE', #2385, #2200, #1796 ) ;
#1638 = DIRECTION ( 'NONE',  ( 0.000000000000000000, 0.000000000000000000, 1.000000000000000000 ) ) ;
#1639 = CARTESIAN_POINT ( 'NONE',  ( -5.000000000000000000, 4.999999999999849898, -21.75000000000000000 ) ) ;
#1640 = CIRCLE ( 'NONE', #94, 5.000000000000000000 ) ;
#1641 = EDGE_CURVE ( 'NONE', #1558, #1325, #760, .T. ) ;
#1642 = CARTESIAN_POINT ( 'NONE',  ( 4.933577957968709349, 4.999999999999850786, -34.98656181667365672 ) ) ;
#1643 = CARTESIAN_POINT ( 'NONE',  ( 6.000000000000000000, -1.591855728988894984E-13, -31.39999999999999858 ) ) ;
#1644 = CARTESIAN_POINT ( 'NONE',  ( -5.000000000000000000, -19.75000000000000000, 6.751111019676519831 ) ) ;
#1645 = EDGE_LOOP ( 'NONE', ( #683, #479, #497, #2338 ) ) ;
#1646 = LINE ( 'NONE', #18, #2199 ) ;
#1647 = DIRECTION ( 'NONE',  ( -1.000000000000000000, 0.000000000000000000, 0.000000000000000000 ) ) ;
#1648 = DIRECTION ( 'NONE',  ( 0.000000000000000000, 0.000000000000000000, 1.000000000000000000 ) ) ;
#1649 = CIRCLE ( 'NONE', #456, 4.749999999999999112 ) ;
#1650 = CYLINDRICAL_SURFACE ( 'NONE', #2629, 4.750000000000000888 ) ;
#1651 = VERTEX_POINT ( 'NONE', #1400 ) ;
#1652 = CIRCLE ( 'NONE', #235, 4.749999999999999112 ) ;
#1653 = CARTESIAN_POINT ( 'NONE',  ( 8.999999999999998224, -23.59999999999999787, -1.747491040759994628E-13 ) ) ;
#1654 = EDGE_CURVE ( 'NONE', #1112, #118, #2406, .T. ) ;
#1655 = TOROIDAL_SURFACE ( 'NONE', #2718, 8.000000000000000000, 3.000000000000000000 ) ;
#1656 = DIRECTION ( 'NONE',  ( 1.000000000000000000, 0.000000000000000000, 0.000000000000000000 ) ) ;
#1657 = ORIENTED_EDGE ( 'NONE', *, *, #124, .T. ) ;
#1658 = DIRECTION ( 'NONE',  ( -1.000000000000000000, -0.000000000000000000, -0.000000000000000000 ) ) ;
#1659 = CARTESIAN_POINT ( 'NONE',  ( 3.000000000000000000, 14.99999999999984013, 14.99999999999982059 ) ) ;
#1660 = CYLINDRICAL_SURFACE ( 'NONE', #2583, 3.000000000000002665 ) ;
#1661 = DIRECTION ( 'NONE',  ( 1.000000000000000000, 0.000000000000000000, 0.000000000000000000 ) ) ;
#1662 = ORIENTED_EDGE ( 'NONE', *, *, #1829, .T. ) ;
#1663 = CARTESIAN_POINT ( 'NONE',  ( -5.000000000000000000, 23.59999999999999787, -5.000000000000170530 ) ) ;
#1664 = CARTESIAN_POINT ( 'NONE',  ( 3.000000000000000000, -1.591855728988894984E-13, -36.39999999999999858 ) ) ;
#1665 = CARTESIAN_POINT ( 'NONE',  ( 3.000000000000000000, 21.94617346798904833, 4.760755280001549572 ) ) ;
#1666 = EDGE_LOOP ( 'NONE', ( #582, #1531, #1743, #146 ) ) ;
#1667 = B_SPLINE_CURVE_WITH_KNOTS ( 'NONE', 3,
 ( #53, #872, #2376, #474, #842, #1702, #1472, #2322, #1062, #420, #214, #1352, #274, #317, #545, #504 ),
 .UNSPECIFIED., .F., .F.,
 ( 4, 2, 2, 2, 2, 2, 2, 4 ),
 ( 0.000000000000000000, 0.0003045433628076570196, 0.0006090867256153140391, 0.0009136300884229712213, 0.001218173451230628078, 0.001827260176845948948, 0.002131803539653610250, 0.002436346902461270902 ),
 .UNSPECIFIED. ) ;
#1668 = EDGE_CURVE ( 'NONE', #502, #2353, #1908, .T. ) ;
#1669 = CARTESIAN_POINT ( 'NONE',  ( -5.000000000000000000, 19.75000000000000000, -6.751111019676849345 ) ) ;
#1670 = ORIENTED_EDGE ( 'NONE', *, *, #92, .T. ) ;
#1671 = CARTESIAN_POINT ( 'NONE',  ( -5.000000000000000000, 19.75000000000000000, 14.99999999999982059 ) ) ;
#1672 = PLANE ( 'NONE',  #2351 ) ;
#1673 = CARTESIAN_POINT ( 'NONE',  ( 3.000000000000000000, -15.00000000000000000, -12.75000000000015810 ) ) ;
#1674 = DIRECTION ( 'NONE',  ( 1.000000000000000000, 0.000000000000000000, 0.000000000000000000 ) ) ;
#1675 = ORIENTED_EDGE ( 'NONE', *, *, #2424, .F. ) ;
#1676 = EDGE_CURVE ( 'NONE', #1244, #2033, #1792, .T. ) ;
#1677 = AXIS2_PLACEMENT_3D ( 'NONE', #524, #499, #1739 ) ;
#1678 = CARTESIAN_POINT ( 'NONE',  ( -19.42221666030939886, 4.999999999999849898, -36.39999999999999858 ) ) ;
#1679 = LINE ( 'NONE', #2080, #392 ) ;
#1680 = CARTESIAN_POINT ( 'NONE',  ( 3.037293058811590285, 22.27857142857124728, 4.822222156911760926 ) ) ;
#1681 = ORIENTED_EDGE ( 'NONE', *, *, #42, .T. ) ;
#1682 = CARTESIAN_POINT ( 'NONE',  ( -5.000000000000000000, 14.99999999999984013, -12.75000000000015810 ) ) ;
#1683 = VERTEX_POINT ( 'NONE', #1663 ) ;
#1684 = CARTESIAN_POINT ( 'NONE',  ( 3.000000000000000000, -15.00000000000000000, 14.99999999999982059 ) ) ;
#1685 = EDGE_CURVE ( 'NONE', #1745, #2500, #2094, .T. ) ;
#1686 = CARTESIAN_POINT ( 'NONE',  ( 2.999999999999999112, 21.94617346798904833, -2.502969796465286834 ) ) ;
#1687 = CARTESIAN_POINT ( 'NONE',  ( 3.000000000000000000, 19.75000000000000000, -15.00000000000000000 ) ) ;
#1688 = CARTESIAN_POINT ( 'NONE',  ( -5.000000000000000000, 7.499999999999869438, 21.75000000000000000 ) ) ;
#1689 = ORIENTED_EDGE ( 'NONE', *, *, #2492, .F. ) ;
#1690 = VECTOR ( 'NONE', #110, 1000.000000000000000 ) ;
#1691 = LINE ( 'NONE', #1678, #1432 ) ;
#1692 = CARTESIAN_POINT ( 'NONE',  ( 3.328456299661685325, -5.000000000000170530, -32.31766702351311693 ) ) ;
#1693 = EDGE_LOOP ( 'NONE', ( #1607, #1108, #1294, #532, #855, #425, #476, #2588, #2585, #1328 ) ) ;
#1694 = AXIS2_PLACEMENT_3D ( 'NONE', #122, #337, #1430 ) ;
#1695 = CARTESIAN_POINT ( 'NONE',  ( 3.000000000000000000, 12.99999999999984013, -13.00000000000015987 ) ) ;
#1696 = VERTEX_POINT ( 'NONE', #127 ) ;
#1697 = FACE_OUTER_BOUND ( 'NONE', #1706, .T. ) ;
#1698 = DIRECTION ( 'NONE',  ( 0.000000000000000000, 1.000000000000000000, -2.312964634635739999E-16 ) ) ;
#1699 = FACE_OUTER_BOUND ( 'NONE', #2312, .T. ) ;
#1700 = CARTESIAN_POINT ( 'NONE',  ( -5.000000000000000000, -15.00000000000000000, 14.99999999999982059 ) ) ;
#1701 = ORIENTED_EDGE ( 'NONE', *, *, #1189, .T. ) ;
#1702 = CARTESIAN_POINT ( 'NONE',  ( 3.131165344923744431, 22.56697315304678852, 2.818174550909916753 ) ) ;
#1703 = CARTESIAN_POINT ( 'NONE',  ( 4.960728328203959592, -5.000000000000168754, -35.02442020107528720 ) ) ;
#1704 = ADVANCED_FACE ( 'NONE', ( #974 ), #2655, .F. ) ;
#1705 = CARTESIAN_POINT ( 'NONE',  ( 3.315103501802382446, -22.88147826996173606, -4.950264681465288419 ) ) ;
#1706 = EDGE_LOOP ( 'NONE', ( #1081, #2393, #963, #307, #1657, #2688, #1773, #2256, #2333, #956 ) ) ;
#1707 = ADVANCED_FACE ( 'NONE', ( #2671 ), #776, .F. ) ;
#1708 = AXIS2_PLACEMENT_3D ( 'NONE', #1249, #179, #1902 ) ;
#1709 = VERTEX_POINT ( 'NONE', #432 ) ;
#1710 = ORIENTED_EDGE ( 'NONE', *, *, #787, .T. ) ;
#1711 = DIRECTION ( 'NONE',  ( 0.000000000000000000, -1.000000000000000000, 0.000000000000000000 ) ) ;
#1712 = CARTESIAN_POINT ( 'NONE',  ( 3.000000000000000000, 14.99999999999984013, -15.00000000000000000 ) ) ;
#1713 = DIRECTION ( 'NONE',  ( 0.000000000000000000, 0.000000000000000000, 1.000000000000000000 ) ) ;
#1714 = CARTESIAN_POINT ( 'NONE',  ( 3.000000000000000000, -21.94617346798904833, -4.760755280001870204 ) ) ;
#1715 = VERTEX_POINT ( 'NONE', #1324 ) ;
#1716 = DIRECTION ( 'NONE',  ( 0.000000000000000000, 0.000000000000000000, 1.000000000000000000 ) ) ;
#1717 = EDGE_CURVE ( 'NONE', #2139, #1448, #1649, .T. ) ;
#1718 = CIRCLE ( 'NONE', #2074, 3.000000000000002665 ) ;
#1719 = VECTOR ( 'NONE', #470, 1000.000000000000000 ) ;
#1720 = ORIENTED_EDGE ( 'NONE', *, *, #2029, .T. ) ;
#1721 = CARTESIAN_POINT ( 'NONE',  ( 3.811193287963859699, -23.28255720608128243, 2.983434004182864197 ) ) ;
#1722 = VERTEX_POINT ( 'NONE', #252 ) ;
#1723 = EDGE_LOOP ( 'NONE', ( #1490, #245, #1538, #1082, #2255, #1503 ) ) ;
#1724 = DIRECTION ( 'NONE',  ( 0.000000000000000000, 1.000000000000000000, 0.000000000000000000 ) ) ;
#1725 = PLANE ( 'NONE',  #2321 ) ;
#1726 = CARTESIAN_POINT ( 'NONE',  ( -5.000000000000000000, 19.75000000000000000, -15.00000000000000000 ) ) ;
#1727 = ORIENTED_EDGE ( 'NONE', *, *, #2600, .T. ) ;
#1728 = DIRECTION ( 'NONE',  ( -1.000000000000000000, 0.000000000000000000, 0.000000000000000000 ) ) ;
#1729 = DIRECTION ( 'NONE',  ( 1.000000000000000000, 0.000000000000000000, 0.000000000000000000 ) ) ;
#1730 = EDGE_CURVE ( 'NONE', #1286, #1989, #458, .T. ) ;
#1731 = DIRECTION ( 'NONE',  ( 0.000000000000000000, 0.000000000000000000, 1.000000000000000000 ) ) ;
#1732 = ORIENTED_EDGE ( 'NONE', *, *, #589, .F. ) ;
#1733 = DIRECTION ( 'NONE',  ( -1.000000000000000000, 0.000000000000000000, 0.000000000000000000 ) ) ;
#1734 = VECTOR ( 'NONE', #881, 1000.000000000000000 ) ;
#1735 = ADVANCED_FACE ( 'NONE', ( #629, #1268 ), #2106, .T. ) ;
#1736 = VERTEX_POINT ( 'NONE', #2123 ) ;
#1737 = EDGE_LOOP ( 'NONE', ( #747, #229 ) ) ;
#1738 = LINE ( 'NONE', #880, #892 ) ;
#1739 = DIRECTION ( 'NONE',  ( 0.000000000000000000, 0.000000000000000000, 1.000000000000000000 ) ) ;
#1740 = DIRECTION ( 'NONE',  ( -1.000000000000000000, 0.000000000000000000, 0.000000000000000000 ) ) ;
#1741 = ORIENTED_EDGE ( 'NONE', *, *, #1323, .F. ) ;
#1742 = LINE ( 'NONE', #2594, #2582 ) ;
#1743 = ORIENTED_EDGE ( 'NONE', *, *, #660, .T. ) ;
#1744 = DIRECTION ( 'NONE',  ( 1.000000000000000000, 0.000000000000000000, 0.000000000000000000 ) ) ;
#1745 = VERTEX_POINT ( 'NONE', #2567 ) ;
#1746 = ORIENTED_EDGE ( 'NONE', *, *, #2204, .F. ) ;
#1747 = EDGE_CURVE ( 'NONE', #2005, #2668, #548, .T. ) ;
#1748 = LINE ( 'NONE', #1345, #1501 ) ;
#1749 = CARTESIAN_POINT ( 'NONE',  ( 3.000000000000000000, -7.000000000000170530, -21.75000000000000000 ) ) ;
#1750 = CARTESIAN_POINT ( 'NONE',  ( 3.000000000000000000, -7.000000000000170530, -19.75000000000000000 ) ) ;
#1751 = VECTOR ( 'NONE', #895, 1000.000000000000000 ) ;
#1752 = ORIENTED_EDGE ( 'NONE', *, *, #1051, .T. ) ;
#1753 = CARTESIAN_POINT ( 'NONE',  ( -5.000000000000000000, -1.591855728988894984E-13, -36.39999999999999858 ) ) ;
#1754 = EDGE_CURVE ( 'NONE', #1301, #1683, #773, .T. ) ;
#1755 = CARTESIAN_POINT ( 'NONE',  ( -5.000000000000000000, -1.427654291082565713E-13, 25.80614694161254974 ) ) ;
#1756 = EDGE_CURVE ( 'NONE', #1546, #502, #1691, .T. ) ;
#1757 = CARTESIAN_POINT ( 'NONE',  ( 2.999999999999999112, 23.59999999999999787, -1.658673198789984881E-13 ) ) ;
#1758 = AXIS2_PLACEMENT_3D ( 'NONE', #2311, #2494, #412 ) ;
#1759 = CARTESIAN_POINT ( 'NONE',  ( 4.097013184566118404, -23.39459098675210669, 2.993030405652359782 ) ) ;
#1760 = VERTEX_POINT ( 'NONE', #2334 ) ;
#1761 = ORIENTED_EDGE ( 'NONE', *, *, #506, .F. ) ;
#1762 = AXIS2_PLACEMENT_3D ( 'NONE', #2102, #1278, #852 ) ;
#1763 = FACE_OUTER_BOUND ( 'NONE', #2347, .T. ) ;
#1764 = DIRECTION ( 'NONE',  ( -1.000000000000000000, 0.000000000000000000, 0.000000000000000000 ) ) ;
#1765 = FACE_OUTER_BOUND ( 'NONE', #614, .T. ) ;
#1766 = ORIENTED_EDGE ( 'NONE', *, *, #2575, .T. ) ;
#1767 = EDGE_CURVE ( 'NONE', #2730, #861, #2581, .T. ) ;
#1768 = CARTESIAN_POINT ( 'NONE',  ( 4.986990775266578524, -5.000000000000170530, -35.06086189374214257 ) ) ;
#1769 = DIRECTION ( 'NONE',  ( -1.000000000000000000, 0.000000000000000000, 0.000000000000000000 ) ) ;
#1770 = CARTESIAN_POINT ( 'NONE',  ( -5.000000000000000000, -22.27857142857159900, 4.822222156911750268 ) ) ;
#1771 = DIRECTION ( 'NONE',  ( 0.000000000000000000, 0.000000000000000000, -1.000000000000000000 ) ) ;
#1772 = AXIS2_PLACEMENT_3D ( 'NONE', #701, #2195, #1969 ) ;
#1773 = ORIENTED_EDGE ( 'NONE', *, *, #1304, .F. ) ;
#1774 = ADVANCED_BREP_SHAPE_REPRESENTATION ( 'final stinger filnalll', ( #1114, #1939 ), #1023 ) ;
#1775 = AXIS2_PLACEMENT_3D ( 'NONE', #1925, #885, #658 ) ;
#1776 = ORIENTED_EDGE ( 'NONE', *, *, #283, .T. ) ;
#1777 = CARTESIAN_POINT ( 'NONE',  ( 3.007306674454108375, -22.11941838598209031, -2.611118986379203477 ) ) ;
#1778 = CARTESIAN_POINT ( 'NONE',  ( -19.42221666030939886, 4.999999999999849898, -21.75000000000000000 ) ) ;
#1779 = PRESENTATION_STYLE_ASSIGNMENT (( #737 ) ) ;
#1780 = VECTOR ( 'NONE', #2523, 1000.000000000000000 ) ;
#1781 = VERTEX_POINT ( 'NONE', #2349 ) ;
#1782 = CARTESIAN_POINT ( 'NONE',  ( 3.987934963826158974, -5.000000000000169642, -33.51069259300263781 ) ) ;
#1783 = CIRCLE ( 'NONE', #2054, 2.000000000000000000 ) ;
#1784 = DIRECTION ( 'NONE',  ( -1.000000000000000000, 0.000000000000000000, 0.000000000000000000 ) ) ;
#1785 = AXIS2_PLACEMENT_3D ( 'NONE', #2551, #1674, #1906 ) ;
#1786 = CARTESIAN_POINT ( 'NONE',  ( -5.000000000000000000, -7.500000000000158984, 21.75000000000000000 ) ) ;
#1787 = ORIENTED_EDGE ( 'NONE', *, *, #871, .F. ) ;
#1788 = AXIS2_PLACEMENT_3D ( 'NONE', #1664, #1433, #1021 ) ;
#1789 = EDGE_CURVE ( 'NONE', #687, #1232, #815, .T. ) ;
#1790 = DIRECTION ( 'NONE',  ( -1.000000000000000000, 0.000000000000000000, 0.000000000000000000 ) ) ;
#1791 = EDGE_CURVE ( 'NONE', #521, #1254, #2182, .T. ) ;
#1792 = LINE ( 'NONE', #2222, #19 ) ;
#1793 = EDGE_CURVE ( 'NONE', #883, #1781, #411, .T. ) ;
#1794 = EDGE_LOOP ( 'NONE', ( #912, #1308, #1403, #2171 ) ) ;
#1795 = EDGE_LOOP ( 'NONE', ( #2043, #2487, #1426, #1983 ) ) ;
#1796 = DIRECTION ( 'NONE',  ( 0.000000000000000000, 0.000000000000000000, 1.000000000000000000 ) ) ;
#1797 = CARTESIAN_POINT ( 'NONE',  ( 4.500000000000000000, 23.44617346798904833, 25.44486142177824917 ) ) ;
#1798 = ORIENTED_EDGE ( 'NONE', *, *, #2600, .F. ) ;
#1799 = CARTESIAN_POINT ( 'NONE',  ( 18.95445179679159864, 22.27857142857124728, 4.822222156911760926 ) ) ;
#1800 = CARTESIAN_POINT ( 'NONE',  ( 4.500000000000000000, -23.44617346798904833, 25.44486142177824917 ) ) ;
#1801 = CARTESIAN_POINT ( 'NONE',  ( 18.95445179679159864, 22.27857142857124728, -4.822222156912090441 ) ) ;
#1802 = CARTESIAN_POINT ( 'NONE',  ( -5.000000000000000000, -23.59999999999999787, -1.747491040759994628E-13 ) ) ;
#1803 = ADVANCED_FACE ( 'NONE', ( #1514 ), #2152, .T. ) ;
#1804 = B_SPLINE_CURVE_WITH_KNOTS ( 'NONE', 3,
 ( #970, #1628, #2274, #1380, #2462, #161, #360, #2476, #1007, #1395 ),
 .UNSPECIFIED., .F., .F.,
 ( 4, 2, 2, 2, 4 ),
 ( 0.000000000000000000, 0.2500000000000004441, 0.5000000000000003331, 0.7500000000000002220, 1.000000000000000000 ),
 .UNSPECIFIED. ) ;
#1805 = DIRECTION ( 'NONE',  ( -1.000000000000000000, 0.000000000000000000, 0.000000000000000000 ) ) ;
#1806 = ORIENTED_EDGE ( 'NONE', *, *, #2575, .F. ) ;
#1807 = ORIENTED_EDGE ( 'NONE', *, *, #2465, .T. ) ;
#1808 =( NAMED_UNIT ( * ) SI_UNIT ( $, .STERADIAN. ) SOLID_ANGLE_UNIT ( ) );
#1809 = DIRECTION ( 'NONE',  ( 0.000000000000000000, 0.000000000000000000, 1.000000000000000000 ) ) ;
#1810 = AXIS2_PLACEMENT_3D ( 'NONE', #1264, #1904, #1454 ) ;
#1811 = VERTEX_POINT ( 'NONE', #1103 ) ;
#1812 = CARTESIAN_POINT ( 'NONE',  ( 6.000000000000000000, 4.999999999999849898, -36.39999999999999858 ) ) ;
#1813 = CARTESIAN_POINT ( 'NONE',  ( 4.500000000000004441, 23.44617346798905189, -2.996053637378759849 ) ) ;
#1814 = CARTESIAN_POINT ( 'NONE',  ( 3.000000000000000000, 21.75000000000000000, 6.751111019676519831 ) ) ;
#1815 = ORIENTED_EDGE ( 'NONE', *, *, #204, .T. ) ;
#1816 = CARTESIAN_POINT ( 'NONE',  ( 2.999999999999999112, -23.59999999999999787, -1.747491040759994628E-13 ) ) ;
#1817 = DIRECTION ( 'NONE',  ( 1.000000000000000000, 0.000000000000000000, 0.000000000000000000 ) ) ;
#1818 = EDGE_CURVE ( 'NONE', #1745, #2441, #1392, .T. ) ;
#1819 = VERTEX_POINT ( 'NONE', #262 ) ;
#1820 = VERTEX_POINT ( 'NONE', #25 ) ;
#1821 = VECTOR ( 'NONE', #43, 1000.000000000000000 ) ;
#1822 = FACE_OUTER_BOUND ( 'NONE', #454, .T. ) ;
#1823 = EDGE_CURVE ( 'NONE', #446, #1597, #1667, .T. ) ;
#1824 = DIRECTION ( 'NONE',  ( 0.000000000000000000, 0.000000000000000000, -1.000000000000000000 ) ) ;
#1825 = ORIENTED_EDGE ( 'NONE', *, *, #162, .F. ) ;
#1826 = DIRECTION ( 'NONE',  ( -1.000000000000000000, 0.000000000000000000, 0.000000000000000000 ) ) ;
#1827 = AXIS2_PLACEMENT_3D ( 'NONE', #1894, #671, #1716 ) ;
#1828 = CARTESIAN_POINT ( 'NONE',  ( 3.998189032166707069, 23.36341089853682007, -2.990931958737342633 ) ) ;
#1829 = EDGE_CURVE ( 'NONE', #89, #1301, #2092, .T. ) ;
#1830 = CARTESIAN_POINT ( 'NONE',  ( -5.000000000000000000, 23.59999999999999787, -1.658673198789984881E-13 ) ) ;
#1831 = VERTEX_POINT ( 'NONE', #724 ) ;
#1832 = CARTESIAN_POINT ( 'NONE',  ( -5.000000000000000000, -1.427654291082565713E-13, 28.80614694161254974 ) ) ;
#1833 = EDGE_LOOP ( 'NONE', ( #553, #207, #453, #1170 ) ) ;
#1834 = DIRECTION ( 'NONE',  ( -1.000000000000000000, 0.000000000000000000, 0.000000000000000000 ) ) ;
#1835 = CARTESIAN_POINT ( 'NONE',  ( 30.00000000000001066, -23.59999999999999787, -3.000000000000177636 ) ) ;
#1836 = ORIENTED_EDGE ( 'NONE', *, *, #2621, .T. ) ;
#1837 = CARTESIAN_POINT ( 'NONE',  ( 18.95445179679159864, -21.75000000000000000, -4.751111019676869773 ) ) ;
#1838 = EDGE_CURVE ( 'NONE', #1847, #2638, #1393, .T. ) ;
#1839 = PLANE ( 'NONE',  #2273 ) ;
#1840 = DIRECTION ( 'NONE',  ( -1.000000000000000000, 0.000000000000000000, 0.000000000000000000 ) ) ;
#1841 = ORIENTED_EDGE ( 'NONE', *, *, #1104, .F. ) ;
#1842 = EDGE_CURVE ( 'NONE', #1317, #376, #1652, .T. ) ;
#1843 = VECTOR ( 'NONE', #2520, 1000.000000000000000 ) ;
#1844 = CARTESIAN_POINT ( 'NONE',  ( 3.000000000000000000, 14.99999999999984013, -15.00000000000000000 ) ) ;
#1845 = ORIENTED_EDGE ( 'NONE', *, *, #993, .F. ) ;
#1846 = DIRECTION ( 'NONE',  ( 1.000000000000000000, 0.000000000000000000, 0.000000000000000000 ) ) ;
#1847 = VERTEX_POINT ( 'NONE', #1363 ) ;
#1848 = CARTESIAN_POINT ( 'NONE',  ( 3.000000000000000000, -7.000000000000170530, -21.75000000000000000 ) ) ;
#1849 = DIRECTION ( 'NONE',  ( 0.000000000000000000, 0.000000000000000000, 1.000000000000000000 ) ) ;
#1850 = AXIS2_PLACEMENT_3D ( 'NONE', #81, #95, #549 ) ;
#1851 = EDGE_CURVE ( 'NONE', #1014, #2241, #275, .T. ) ;
#1852 = FACE_BOUND ( 'NONE', #299, .T. ) ;
#1853 = ORIENTED_EDGE ( 'NONE', *, *, #469, .F. ) ;
#1854 = CARTESIAN_POINT ( 'NONE',  ( -5.000000000000000000, -11.00000000000017941, -13.00000000000015987 ) ) ;
#1855 = VECTOR ( 'NONE', #1377, 1000.000000000000000 ) ;
#1856 = ORIENTED_EDGE ( 'NONE', *, *, #264, .F. ) ;
#1857 = CYLINDRICAL_SURFACE ( 'NONE', #1064, 2.000000000000000000 ) ;
#1858 = ORIENTED_EDGE ( 'NONE', *, *, #691, .T. ) ;
#1859 = DIRECTION ( 'NONE',  ( -1.000000000000000000, 0.000000000000000000, 0.000000000000000000 ) ) ;
#1860 = CARTESIAN_POINT ( 'NONE',  ( 3.000000000000000000, 10.99999999999984013, 12.99999999999982059 ) ) ;
#1861 = FACE_OUTER_BOUND ( 'NONE', #1040, .T. ) ;
#1862 = AXIS2_PLACEMENT_3D ( 'NONE', #466, #1771, #2586 ) ;
#1863 = DIRECTION ( 'NONE',  ( 0.000000000000000000, 0.000000000000000000, 1.000000000000000000 ) ) ;
#1864 = ORIENTED_EDGE ( 'NONE', *, *, #1022, .T. ) ;
#1865 = VECTOR ( 'NONE', #2337, 1000.000000000000000 ) ;
#1866 = CARTESIAN_POINT ( 'NONE',  ( 6.000000000000000000, -1.591855728988894984E-13, -36.39999999999999858 ) ) ;
#1867 = DIRECTION ( 'NONE',  ( 1.000000000000000000, 0.000000000000000000, 0.000000000000000000 ) ) ;
#1868 = EDGE_CURVE ( 'NONE', #1038, #816, #1036, .T. ) ;
#1869 = AXIS2_PLACEMENT_3D ( 'NONE', #669, #1100, #707 ) ;
#1870 = ORIENTED_EDGE ( 'NONE', *, *, #1486, .F. ) ;
#1871 = ADVANCED_FACE ( 'NONE', ( #105 ), #517, .F. ) ;
#1872 = EDGE_CURVE ( 'NONE', #1513, #246, #1517, .T. ) ;
#1873 = CARTESIAN_POINT ( 'NONE',  ( 18.95445179679159864, -1.591855728988894984E-13, -31.39999999999999858 ) ) ;
#1874 = ORIENTED_EDGE ( 'NONE', *, *, #402, .T. ) ;
#1875 = DIRECTION ( 'NONE',  ( 0.000000000000000000, 0.000000000000000000, 1.000000000000000000 ) ) ;
#1876 = FACE_OUTER_BOUND ( 'NONE', #1298, .T. ) ;
#1877 = CARTESIAN_POINT ( 'NONE',  ( 8.999999999999998224, -1.591855728988894984E-13, -36.39999999999999858 ) ) ;
#1878 = CARTESIAN_POINT ( 'NONE',  ( 3.000000000000000000, -15.00000000000000000, -15.00000000000000000 ) ) ;
#1879 = ORIENTED_EDGE ( 'NONE', *, *, #319, .T. ) ;
#1880 = CARTESIAN_POINT ( 'NONE',  ( 3.840959472915619788, 23.30439464733944632, 4.991576491473376898 ) ) ;
#1881 = CARTESIAN_POINT ( 'NONE',  ( -19.42221666030939886, -5.000000000000170530, -36.39999999999999858 ) ) ;
#1882 = STYLED_ITEM ( 'NONE', ( #1779 ), #1114 ) ;
#1883 = EDGE_CURVE ( 'NONE', #72, #2033, #1954, .T. ) ;
#1884 = ORIENTED_EDGE ( 'NONE', *, *, #1106, .F. ) ;
#1885 = VECTOR ( 'NONE', #1824, 1000.000000000000000 ) ;
#1886 = CARTESIAN_POINT ( 'NONE',  ( 18.95445179679159864, 23.59999999999999787, -1.658673198789984881E-13 ) ) ;
#1887 = EDGE_LOOP ( 'NONE', ( #450, #1411, #2121, #391, #1288, #294 ) ) ;
#1888 = CARTESIAN_POINT ( 'NONE',  ( 3.000000000000000000, -19.75000000000000000, -6.751111019676869773 ) ) ;
#1889 = DIRECTION ( 'NONE',  ( 0.000000000000000000, 0.000000000000000000, -1.000000000000000000 ) ) ;
#1890 = LINE ( 'NONE', #1673, #725 ) ;
#1891 = FACE_BOUND ( 'NONE', #256, .T. ) ;
#1892 = ORIENTED_EDGE ( 'NONE', *, *, #1960, .F. ) ;
#1893 = AXIS2_PLACEMENT_3D ( 'NONE', #16, #581, #1039 ) ;
#1894 = CARTESIAN_POINT ( 'NONE',  ( -5.000000000000000000, -21.75000000000000000, -6.751111019676869773 ) ) ;
#1895 = CARTESIAN_POINT ( 'NONE',  ( 4.938313689388039052, -5.000000000000171418, -34.99318079303961326 ) ) ;
#1896 = VECTOR ( 'NONE', #1493, 1000.000000000000000 ) ;
#1897 = ORIENTED_EDGE ( 'NONE', *, *, #92, .F. ) ;
#1898 = EDGE_CURVE ( 'NONE', #1232, #1339, #290, .T. ) ;
#1899 = CARTESIAN_POINT ( 'NONE',  ( 0.000000000000000000, 0.000000000000000000, 0.000000000000000000 ) ) ;
#1900 = DIRECTION ( 'NONE',  ( -1.000000000000000000, 0.000000000000000000, 0.000000000000000000 ) ) ;
#1901 = ORIENTED_EDGE ( 'NONE', *, *, #1340, .T. ) ;
#1902 = DIRECTION ( 'NONE',  ( 0.000000000000000000, 0.000000000000000000, 1.000000000000000000 ) ) ;
#1903 = EDGE_CURVE ( 'NONE', #1408, #899, #66, .T. ) ;
#1904 = DIRECTION ( 'NONE',  ( -1.000000000000000000, 0.000000000000000000, 0.000000000000000000 ) ) ;
#1905 = CARTESIAN_POINT ( 'NONE',  ( -5.000000000000000000, 19.75000000000000000, -6.751111019676849345 ) ) ;
#1906 = DIRECTION ( 'NONE',  ( 0.000000000000000000, 1.000000000000000000, 0.000000000000000000 ) ) ;
#1907 = VERTEX_POINT ( 'NONE', #2421 ) ;
#1908 = CIRCLE ( 'NONE', #1210, 4.999999999999997335 ) ;
#1909 = CARTESIAN_POINT ( 'NONE',  ( 9.000000000000000000, 23.59999999999999787, -1.658673198789984881E-13 ) ) ;
#1910 = EDGE_CURVE ( 'NONE', #1819, #118, #2433, .T. ) ;
#1911 = AXIS2_PLACEMENT_3D ( 'NONE', #2620, #740, #2403 ) ;
#1912 = CARTESIAN_POINT ( 'NONE',  ( 4.013110734637518107, -5.000000000000170530, -33.55596827629639023 ) ) ;
#1913 = VECTOR ( 'NONE', #2149, 1000.000000000000000 ) ;
#1914 = ORIENTED_EDGE ( 'NONE', *, *, #1336, .F. ) ;
#1915 = AXIS2_PLACEMENT_3D ( 'NONE', #1700, #2703, #386 ) ;
#1916 = ORIENTED_EDGE ( 'NONE', *, *, #2352, .F. ) ;
#1917 = ORIENTED_EDGE ( 'NONE', *, *, #1189, .F. ) ;
#1918 = DIRECTION ( 'NONE',  ( -1.000000000000000000, 0.000000000000000000, 0.000000000000000000 ) ) ;
#1919 = CIRCLE ( 'NONE', #731, 2.000000000000000000 ) ;
#1920 = DIRECTION ( 'NONE',  ( 1.000000000000000000, 0.000000000000000000, 0.000000000000000000 ) ) ;
#1921 = LINE ( 'NONE', #1494, #1563 ) ;
#1922 = CARTESIAN_POINT ( 'NONE',  ( 8.999999999999998224, 23.59999999999999787, -1.658673198789984881E-13 ) ) ;
#1923 = ORIENTED_EDGE ( 'NONE', *, *, #1055, .T. ) ;
#1924 = EDGE_CURVE ( 'NONE', #1267, #1289, #1979, .T. ) ;
#1925 = CARTESIAN_POINT ( 'NONE',  ( -5.000000000000000000, 21.75000000000000000, -6.751111019676849345 ) ) ;
#1926 = CARTESIAN_POINT ( 'NONE',  ( 3.426447231969115048, -23.00761422305887649, -4.965950376873998096 ) ) ;
#1927 = ORIENTED_EDGE ( 'NONE', *, *, #124, .F. ) ;
#1928 = LINE ( 'NONE', #676, #770 ) ;
#1929 = ORIENTED_EDGE ( 'NONE', *, *, #1838, .T. ) ;
#1930 = ORIENTED_EDGE ( 'NONE', *, *, #319, .F. ) ;
#1931 = LINE ( 'NONE', #2590, #1719 ) ;
#1932 = CARTESIAN_POINT ( 'NONE',  ( 2.999999999999999112, 22.05781920553069497, -4.771759308620054263 ) ) ;
#1933 = DIRECTION ( 'NONE',  ( 1.000000000000000000, 0.000000000000000000, 0.000000000000000000 ) ) ;
#1934 = ORIENTED_EDGE ( 'NONE', *, *, #2440, .F. ) ;
#1935 = CARTESIAN_POINT ( 'NONE',  ( 3.000000000000000000, 14.99999999999984013, 14.99999999999982059 ) ) ;
#1936 = ADVANCED_FACE ( 'NONE', ( #755 ), #1335, .F. ) ;
#1937 = CIRCLE ( 'NONE', #2296, 2.000000000000000000 ) ;
#1938 = CIRCLE ( 'NONE', #175, 2.000000000000000000 ) ;
#1939 = AXIS2_PLACEMENT_3D ( 'NONE', #1899, #1489, #2084 ) ;
#1940 = CARTESIAN_POINT ( 'NONE',  ( -5.000000000000000000, -13.00000000000017941, 14.99999999999982059 ) ) ;
#1941 = ORIENTED_EDGE ( 'NONE', *, *, #2146, .F. ) ;
#1942 = DIRECTION ( 'NONE',  ( -1.000000000000000000, 0.000000000000000000, 0.000000000000000000 ) ) ;
#1943 = AXIS2_PLACEMENT_3D ( 'NONE', #1399, #1980, #759 ) ;
#1944 = ORIENTED_EDGE ( 'NONE', *, *, #900, .T. ) ;
#1945 = EDGE_LOOP ( 'NONE', ( #2565, #1815 ) ) ;
#1946 = DIRECTION ( 'NONE',  ( 0.000000000000000000, 0.000000000000000000, -1.000000000000000000 ) ) ;
#1947 = AXIS2_PLACEMENT_3D ( 'NONE', #795, #1427, #1582 ) ;
#1948 = DIRECTION ( 'NONE',  ( 1.000000000000000000, 0.000000000000000000, 0.000000000000000000 ) ) ;
#1949 = CYLINDRICAL_SURFACE ( 'NONE', #1631, 5.500000000000001776 ) ;
#1950 = ORIENTED_EDGE ( 'NONE', *, *, #1323, .T. ) ;
#1951 = DIRECTION ( 'NONE',  ( 0.000000000000000000, 1.000000000000000000, -1.432200615920703789E-16 ) ) ;
#1952 = ORIENTED_EDGE ( 'NONE', *, *, #2388, .T. ) ;
#1953 = EDGE_CURVE ( 'NONE', #922, #250, #1160, .T. ) ;
#1954 = CIRCLE ( 'NONE', #2320, 5.500000000000001776 ) ;
#1955 = DIRECTION ( 'NONE',  ( 0.000000000000000000, 0.000000000000000000, -1.000000000000000000 ) ) ;
#1956 = AXIS2_PLACEMENT_3D ( 'NONE', #1877, #1523, #223 ) ;
#1957 = ORIENTED_EDGE ( 'NONE', *, *, #1789, .T. ) ;
#1958 = ORIENTED_EDGE ( 'NONE', *, *, #2554, .T. ) ;
#1959 = EDGE_CURVE ( 'NONE', #1597, #1550, #2177, .T. ) ;
#1960 = EDGE_CURVE ( 'NONE', #376, #327, #1992, .T. ) ;
#1961 = DIRECTION ( 'NONE',  ( 0.000000000000000000, -5.782411586589360597E-16, -1.000000000000000000 ) ) ;
#1962 = CYLINDRICAL_SURFACE ( 'NONE', #1169, 2.000000000000000000 ) ;
#1963 = CARTESIAN_POINT ( 'NONE',  ( 3.012431019603899252, -22.16916679426630665, -4.792242117645296950 ) ) ;
#1964 = ORIENTED_EDGE ( 'NONE', *, *, #2146, .T. ) ;
#1965 = LINE ( 'NONE', #1551, #2370 ) ;
#1966 = DIRECTION ( 'NONE',  ( 0.000000000000000000, 0.000000000000000000, 1.000000000000000000 ) ) ;
#1967 = DIRECTION ( 'NONE',  ( 0.000000000000000000, 0.000000000000000000, -1.000000000000000000 ) ) ;
#1968 = PLANE ( 'NONE',  #758 ) ;
#1969 = DIRECTION ( 'NONE',  ( 0.000000000000000000, 0.000000000000000000, -1.000000000000000000 ) ) ;
#1970 = EDGE_CURVE ( 'NONE', #1124, #166, #1742, .T. ) ;
#1971 = ORIENTED_EDGE ( 'NONE', *, *, #2735, .F. ) ;
#1972 = ORIENTED_EDGE ( 'NONE', *, *, #2587, .F. ) ;
#1973 = DIRECTION ( 'NONE',  ( -1.000000000000000000, 0.000000000000000000, 0.000000000000000000 ) ) ;
#1974 = DIRECTION ( 'NONE',  ( 0.000000000000000000, 0.000000000000000000, -1.000000000000000000 ) ) ;
#1975 = CARTESIAN_POINT ( 'NONE',  ( 30.00000000000001066, -23.59999999999999787, 2.999999999999827693 ) ) ;
#1976 = EDGE_LOOP ( 'NONE', ( #2076, #1469, #678, #1845 ) ) ;
#1977 = CARTESIAN_POINT ( 'NONE',  ( 3.993251465824086299, -5.000000000000171418, -33.52028641367400041 ) ) ;
#1978 = CIRCLE ( 'NONE', #1601, 3.000000000000002665 ) ;
#1979 = LINE ( 'NONE', #969, #590 ) ;
#1980 = DIRECTION ( 'NONE',  ( 1.000000000000000000, 0.000000000000000000, 0.000000000000000000 ) ) ;
#1981 = VECTOR ( 'NONE', #1846, 1000.000000000000000 ) ;
#1982 = LINE ( 'NONE', #901, #152 ) ;
#1983 = ORIENTED_EDGE ( 'NONE', *, *, #2661, .F. ) ;
#1984 = VERTEX_POINT ( 'NONE', #2389 ) ;
#1985 = VECTOR ( 'NONE', #296, 1000.000000000000000 ) ;
#1986 = CARTESIAN_POINT ( 'NONE',  ( 3.000000000000000000, -19.75000000000000000, 14.99999999999982059 ) ) ;
#1987 = CARTESIAN_POINT ( 'NONE',  ( -5.000000000000000000, -19.75000000000000000, 14.99999999999982059 ) ) ;
#1988 = CARTESIAN_POINT ( 'NONE',  ( -5.000000000000000000, 10.99999999999984013, 12.99999999999982059 ) ) ;
#1989 = VERTEX_POINT ( 'NONE', #2498 ) ;
#1990 = CARTESIAN_POINT ( 'NONE',  ( 18.95445179679159864, 21.75000000000000000, -4.751111019676849345 ) ) ;
#1991 = CIRCLE ( 'NONE', #2705, 2.250000000000000444 ) ;
#1992 = LINE ( 'NONE', #2449, #952 ) ;
#1993 = ADVANCED_FACE ( 'NONE', ( #181 ), #611, .T. ) ;
#1994 = ADVANCED_FACE ( 'NONE', ( #2247 ), #1209, .F. ) ;
#1995 = FACE_OUTER_BOUND ( 'NONE', #810, .T. ) ;
#1996 = LINE ( 'NONE', #603, #1471 ) ;
#1997 = CIRCLE ( 'NONE', #1342, 2.250000000000000444 ) ;
#1998 = VERTEX_POINT ( 'NONE', #1615 ) ;
#1999 = AXIS2_PLACEMENT_3D ( 'NONE', #1310, #1728, #857 ) ;
#2000 = VERTEX_POINT ( 'NONE', #994 ) ;
#2001 = CARTESIAN_POINT ( 'NONE',  ( 4.500000000000000000, -23.44617346798905189, -2.996053637378766954 ) ) ;
#2002 = CARTESIAN_POINT ( 'NONE',  ( -5.000000000000000000, 23.59999999999999787, -1.658673198789984881E-13 ) ) ;
#2003 = DIRECTION ( 'NONE',  ( 1.000000000000000000, 0.000000000000000000, 0.000000000000000000 ) ) ;
#2004 = LINE ( 'NONE', #117, #775 ) ;
#2005 = VERTEX_POINT ( 'NONE', #599 ) ;
#2006 = DIRECTION ( 'NONE',  ( 1.000000000000000000, 0.000000000000000000, 0.000000000000000000 ) ) ;
#2007 = DIRECTION ( 'NONE',  ( -1.000000000000000000, 0.000000000000000000, 0.000000000000000000 ) ) ;
#2008 = AXIS2_PLACEMENT_3D ( 'NONE', #1060, #418, #1073 ) ;
#2009 = EDGE_CURVE ( 'NONE', #1608, #1998, #908, .T. ) ;
#2010 = DIRECTION ( 'NONE',  ( -1.000000000000000000, -0.000000000000000000, -0.000000000000000000 ) ) ;
#2011 = ORIENTED_EDGE ( 'NONE', *, *, #1048, .T. ) ;
#2012 = CIRCLE ( 'NONE', #373, 2.249999999999998668 ) ;
#2013 = DIRECTION ( 'NONE',  ( 0.000000000000000000, 0.000000000000000000, -1.000000000000000000 ) ) ;
#2014 = CYLINDRICAL_SURFACE ( 'NONE', #1259, 2.250000000000000444 ) ;
#2015 = DIRECTION ( 'NONE',  ( 0.000000000000000000, 0.000000000000000000, -1.000000000000000000 ) ) ;
#2016 = ORIENTED_EDGE ( 'NONE', *, *, #469, .T. ) ;
#2017 = ORIENTED_EDGE ( 'NONE', *, *, #182, .F. ) ;
#2018 = DIRECTION ( 'NONE',  ( 1.000000000000000000, 0.000000000000000000, 0.000000000000000000 ) ) ;
#2019 = DIRECTION ( 'NONE',  ( 1.000000000000000000, 0.000000000000000000, 0.000000000000000000 ) ) ;
#2020 = LINE ( 'NONE', #2067, #193 ) ;
#2021 = ORIENTED_EDGE ( 'NONE', *, *, #490, .F. ) ;
#2022 = CARTESIAN_POINT ( 'NONE',  ( 3.000000000000000000, -1.427654291082565713E-13, 25.80614694161254974 ) ) ;
#2023 = DIRECTION ( 'NONE',  ( -1.000000000000000000, 0.000000000000000000, 0.000000000000000000 ) ) ;
#2024 = VECTOR ( 'NONE', #1088, 1000.000000000000000 ) ;
#2025 = DIRECTION ( 'NONE',  ( 0.000000000000000000, 0.000000000000000000, 1.000000000000000000 ) ) ;
#2026 = ORIENTED_EDGE ( 'NONE', *, *, #316, .F. ) ;
#2027 = EDGE_CURVE ( 'NONE', #870, #2471, #984, .T. ) ;
#2028 = DIRECTION ( 'NONE',  ( 0.000000000000000000, 0.000000000000000000, 1.000000000000000000 ) ) ;
#2029 = EDGE_CURVE ( 'NONE', #738, #816, #1455, .T. ) ;
#2030 = DIRECTION ( 'NONE',  ( -1.000000000000000000, 0.000000000000000000, 0.000000000000000000 ) ) ;
#2031 = ADVANCED_FACE ( 'NONE', ( #1006 ), #1839, .T. ) ;
#2032 = ORIENTED_EDGE ( 'NONE', *, *, #1747, .T. ) ;
#2033 = VERTEX_POINT ( 'NONE', #2272 ) ;
#2034 = AXIS2_PLACEMENT_3D ( 'NONE', #2506, #621, #2099 ) ;
#2035 = CYLINDRICAL_SURFACE ( 'NONE', #2248, 2.000000000000000000 ) ;
#2036 = ORIENTED_EDGE ( 'NONE', *, *, #1120, .F. ) ;
#2037 = LINE ( 'NONE', #1837, #1510 ) ;
#2038 = CARTESIAN_POINT ( 'NONE',  ( 8.999999999999998224, -23.59999999999999787, 2.999999999999827693 ) ) ;
#2039 = FACE_OUTER_BOUND ( 'NONE', #1368, .T. ) ;
#2040 = VERTEX_POINT ( 'NONE', #384 ) ;
#2041 = DIRECTION ( 'NONE',  ( 1.000000000000000000, 0.000000000000000000, 0.000000000000000000 ) ) ;
#2042 = EDGE_CURVE ( 'NONE', #446, #295, #1184, .T. ) ;
#2043 = ORIENTED_EDGE ( 'NONE', *, *, #900, .F. ) ;
#2044 = ORIENTED_EDGE ( 'NONE', *, *, #1789, .F. ) ;
#2045 = AXIS2_PLACEMENT_3D ( 'NONE', #1033, #1255, #1588 ) ;
#2046 = APPLICATION_PROTOCOL_DEFINITION ( 'draft international standard', 'automotive_design', 1998, #194 ) ;
#2047 = LINE ( 'NONE', #1835, #2731 ) ;
#2048 = ORIENTED_EDGE ( 'NONE', *, *, #1791, .T. ) ;
#2049 = CARTESIAN_POINT ( 'NONE',  ( -5.000000000000000000, 5.499999999999869438, 25.80614694161254974 ) ) ;
#2050 = EDGE_CURVE ( 'NONE', #816, #150, #1627, .T. ) ;
#2051 = CARTESIAN_POINT ( 'NONE',  ( -5.000000000000000000, 10.99999999999984013, -11.00000000000015810 ) ) ;
#2052 = VECTOR ( 'NONE', #1638, 1000.000000000000000 ) ;
#2053 = DIRECTION ( 'NONE',  ( 0.000000000000000000, -1.000000000000000000, 2.312964634635739999E-16 ) ) ;
#2054 = AXIS2_PLACEMENT_3D ( 'NONE', #1814, #771, #1407 ) ;
#2055 = ORIENTED_EDGE ( 'NONE', *, *, #2108, .F. ) ;
#2056 = CARTESIAN_POINT ( 'NONE',  ( 3.975144514866991052, 4.999999999999850786, -33.48751036353471022 ) ) ;
#2057 = ORIENTED_EDGE ( 'NONE', *, *, #2460, .F. ) ;
#2058 = ADVANCED_FACE ( 'NONE', ( #1861 ), #824, .F. ) ;
#2059 = LINE ( 'NONE', #2269, #2164 ) ;
#2060 = VERTEX_POINT ( 'NONE', #2038 ) ;
#2061 = CARTESIAN_POINT ( 'NONE',  ( -19.42221666030939886, 4.999999999999849898, -36.39999999999999858 ) ) ;
#2062 = DIRECTION ( 'NONE',  ( -1.000000000000000000, -0.000000000000000000, -0.000000000000000000 ) ) ;
#2063 = CARTESIAN_POINT ( 'NONE',  ( 2.999999999999999112, -22.05781920553047470, 4.771759308619685669 ) ) ;
#2064 = ORIENTED_EDGE ( 'NONE', *, *, #1519, .F. ) ;
#2065 = AXIS2_PLACEMENT_3D ( 'NONE', #2508, #5, #2342 ) ;
#2066 = DIRECTION ( 'NONE',  ( 0.000000000000000000, 0.000000000000000000, -1.000000000000000000 ) ) ;
#2067 = CARTESIAN_POINT ( 'NONE',  ( 30.00000000000001066, 23.59999999999999787, -3.000000000000168310 ) ) ;
#2068 = EDGE_LOOP ( 'NONE', ( #265, #2446, #219, #1581 ) ) ;
#2069 = CARTESIAN_POINT ( 'NONE',  ( 3.000000000000000000, -1.427654291082565713E-13, 31.30614694161254619 ) ) ;
#2070 = EDGE_LOOP ( 'NONE', ( #1917, #1884 ) ) ;
#2071 = CYLINDRICAL_SURFACE ( 'NONE', #2429, 5.000000000000000000 ) ;
#2072 = CARTESIAN_POINT ( 'NONE',  ( 3.000000000000000000, -21.94617346798904833, 4.760755280001519374 ) ) ;
#2073 = DIRECTION ( 'NONE',  ( 0.000000000000000000, -1.000000000000000000, 4.336808689942025132E-16 ) ) ;
#2074 = AXIS2_PLACEMENT_3D ( 'NONE', #1757, #942, #534 ) ;
#2075 = FACE_OUTER_BOUND ( 'NONE', #2310, .T. ) ;
#2076 = ORIENTED_EDGE ( 'NONE', *, *, #871, .T. ) ;
#2077 = ADVANCED_FACE ( 'NONE', ( #371 ), #1660, .F. ) ;
#2078 = CARTESIAN_POINT ( 'NONE',  ( 3.426447231980449537, 23.00761422307066084, 4.965950376874811667 ) ) ;
#2079 = PRODUCT_RELATED_PRODUCT_CATEGORY ( 'part', '', ( #4 ) ) ;
#2080 = CARTESIAN_POINT ( 'NONE',  ( 30.00000000000001066, -23.44617346798904833, -2.996053637378768286 ) ) ;
#2081 = ADVANCED_FACE ( 'NONE', ( #148 ), #2473, .F. ) ;
#2082 = VECTOR ( 'NONE', #2271, 1000.000000000000000 ) ;
#2083 = EDGE_LOOP ( 'NONE', ( #413, #485, #1681, #1701 ) ) ;
#2084 = DIRECTION ( 'NONE',  ( 1.000000000000000000, 0.000000000000000000, 0.000000000000000000 ) ) ;
#2085 = CARTESIAN_POINT ( 'NONE',  ( 18.95445179679159864, -21.75000000000000000, -6.751111019676869773 ) ) ;
#2086 = ORIENTED_EDGE ( 'NONE', *, *, #1898, .T. ) ;
#2087 = DIRECTION ( 'NONE',  ( 0.000000000000000000, 0.000000000000000000, 1.000000000000000000 ) ) ;
#2088 = LINE ( 'NONE', #180, #1159 ) ;
#2089 = LINE ( 'NONE', #2728, #1780 ) ;
#2090 = FACE_BOUND ( 'NONE', #863, .T. ) ;
#2091 = ORIENTED_EDGE ( 'NONE', *, *, #1109, .F. ) ;
#2092 = CIRCLE ( 'NONE', #633, 5.000000000000000000 ) ;
#2093 = VECTOR ( 'NONE', #1731, 1000.000000000000000 ) ;
#2094 = LINE ( 'NONE', #325, #362 ) ;
#2095 = EDGE_CURVE ( 'NONE', #1079, #1543, #1214, .T. ) ;
#2096 = FACE_OUTER_BOUND ( 'NONE', #129, .T. ) ;
#2097 = CARTESIAN_POINT ( 'NONE',  ( 2.999999999999999112, 22.05781920553068431, 4.771759308619722972 ) ) ;
#2098 = VERTEX_POINT ( 'NONE', #428 ) ;
#2099 = DIRECTION ( 'NONE',  ( 0.000000000000000000, 0.000000000000000000, 1.000000000000000000 ) ) ;
#2100 = EDGE_LOOP ( 'NONE', ( #1856, #44, #2505, #1732, #2456 ) ) ;
#2101 = CARTESIAN_POINT ( 'NONE',  ( 30.00000000000001066, -23.59999999999999787, -1.747491040759994628E-13 ) ) ;
#2102 = CARTESIAN_POINT ( 'NONE',  ( 9.000000000000000000, 23.59999999999999787, -1.658673198789984881E-13 ) ) ;
#2103 = CYLINDRICAL_SURFACE ( 'NONE', #1130, 2.250000000000000444 ) ;
#2104 = LINE ( 'NONE', #211, #597 ) ;
#2105 = EDGE_LOOP ( 'NONE', ( #2569, #2734 ) ) ;
#2106 = PLANE ( 'NONE',  #680 ) ;
#2107 = DIRECTION ( 'NONE',  ( 0.000000000000000000, 0.000000000000000000, 1.000000000000000000 ) ) ;
#2108 = EDGE_CURVE ( 'NONE', #281, #280, #1890, .T. ) ;
#2109 = CIRCLE ( 'NONE', #342, 5.500000000000001776 ) ;
#2110 = EDGE_LOOP ( 'NONE', ( #2226, #1464, #1923, #1689 ) ) ;
#2111 = EDGE_CURVE ( 'NONE', #1820, #1038, #2550, .T. ) ;
#2112 = AXIS2_PLACEMENT_3D ( 'NONE', #1529, #713, #1187 ) ;
#2113 = CARTESIAN_POINT ( 'NONE',  ( 18.95445179679159864, 5.499999999999869438, -7.877103387563679541E-16 ) ) ;
#2114 = ORIENTED_EDGE ( 'NONE', *, *, #765, .T. ) ;
#2115 = EDGE_CURVE ( 'NONE', #1232, #1038, #236, .T. ) ;
#2116 = DIRECTION ( 'NONE',  ( 0.000000000000000000, 0.000000000000000000, 1.000000000000000000 ) ) ;
#2117 = EDGE_CURVE ( 'NONE', #1736, #1254, #478, .T. ) ;
#2118 = DIRECTION ( 'NONE',  ( 1.000000000000000000, 0.000000000000000000, 0.000000000000000000 ) ) ;
#2119 = DIRECTION ( 'NONE',  ( 0.000000000000000000, 0.000000000000000000, -1.000000000000000000 ) ) ;
#2120 = PLANE ( 'NONE',  #1785 ) ;
#2121 = ORIENTED_EDGE ( 'NONE', *, *, #1829, .F. ) ;
#2122 = VECTOR ( 'NONE', #1371, 1000.000000000000000 ) ;
#2123 = CARTESIAN_POINT ( 'NONE',  ( 3.037293058811590285, 22.27857142857124728, -4.822222156912090441 ) ) ;
#2124 = DIRECTION ( 'NONE',  ( 1.000000000000000000, 0.000000000000000000, 0.000000000000000000 ) ) ;
#2125 = VECTOR ( 'NONE', #1330, 1000.000000000000000 ) ;
#2126 = ORIENTED_EDGE ( 'NONE', *, *, #140, .T. ) ;
#2127 = ADVANCED_FACE ( 'NONE', ( #1251 ), #443, .F. ) ;
#2128 = ORIENTED_EDGE ( 'NONE', *, *, #1555, .T. ) ;
#2129 = ORIENTED_EDGE ( 'NONE', *, *, #673, .T. ) ;
#2130 = CYLINDRICAL_SURFACE ( 'NONE', #39, 2.000000000000000000 ) ;
#2131 = CARTESIAN_POINT ( 'NONE',  ( -3.000000000000000000, 12.99999999999984013, 12.99999999999982059 ) ) ;
#2132 = FACE_OUTER_BOUND ( 'NONE', #492, .T. ) ;
#2133 = DIRECTION ( 'NONE',  ( -1.000000000000000000, 0.000000000000000000, 0.000000000000000000 ) ) ;
#2134 = ORIENTED_EDGE ( 'NONE', *, *, #2723, .T. ) ;
#2135 = AXIS2_PLACEMENT_3D ( 'NONE', #199, #2136, #13 ) ;
#2136 = DIRECTION ( 'NONE',  ( 0.000000000000000000, 0.000000000000000000, -1.000000000000000000 ) ) ;
#2137 = VECTOR ( 'NONE', #1600, 1000.000000000000000 ) ;
#2138 = AXIS2_PLACEMENT_3D ( 'NONE', #853, #2536, #1087 ) ;
#2139 = VERTEX_POINT ( 'NONE', #868 ) ;
#2140 = AXIS2_PLACEMENT_3D ( 'NONE', #149, #2010, #2025 ) ;
#2141 = CARTESIAN_POINT ( 'NONE',  ( 3.165249966773555190, -22.65660735756048894, 2.854271366446881508 ) ) ;
#2142 = AXIS2_PLACEMENT_3D ( 'NONE', #1688, #1661, #2537 ) ;
#2143 = ORIENTED_EDGE ( 'NONE', *, *, #2475, .F. ) ;
#2144 = EDGE_LOOP ( 'NONE', ( #742, #24, #261, #380, #1853 ) ) ;
#2145 = DIRECTION ( 'NONE',  ( 0.000000000000000000, 0.000000000000000000, -1.000000000000000000 ) ) ;
#2146 = EDGE_CURVE ( 'NONE', #1097, #2418, #459, .T. ) ;
#2147 = AXIS2_PLACEMENT_3D ( 'NONE', #1158, #937, #2555 ) ;
#2148 = DIRECTION ( 'NONE',  ( -1.000000000000000000, 0.000000000000000000, 0.000000000000000000 ) ) ;
#2149 = DIRECTION ( 'NONE',  ( 0.000000000000000000, 0.000000000000000000, -1.000000000000000000 ) ) ;
#2150 = PLANE ( 'NONE',  #1869 ) ;
#2151 = ORIENTED_EDGE ( 'NONE', *, *, #1223, .F. ) ;
#2152 = CYLINDRICAL_SURFACE ( 'NONE', #1173, 5.000000000000000000 ) ;
#2153 = CARTESIAN_POINT ( 'NONE',  ( 4.162859751154090127, -23.41772681351231000, -4.996998587176319617 ) ) ;
#2154 = ORIENTED_EDGE ( 'NONE', *, *, #615, .T. ) ;
#2155 = CARTESIAN_POINT ( 'NONE',  ( 9.000000000000000000, -1.591855728988894984E-13, -36.39999999999999858 ) ) ;
#2156 = VERTEX_POINT ( 'NONE', #1292 ) ;
#2157 = EDGE_LOOP ( 'NONE', ( #2242, #1000, #1131, #45 ) ) ;
#2158 = FACE_OUTER_BOUND ( 'NONE', #708, .T. ) ;
#2159 = LINE ( 'NONE', #2416, #934 ) ;
#2160 = DIRECTION ( 'NONE',  ( 0.000000000000000000, 0.000000000000000000, -1.000000000000000000 ) ) ;
#2161 = ORIENTED_EDGE ( 'NONE', *, *, #385, .F. ) ;
#2162 = CARTESIAN_POINT ( 'NONE',  ( 9.000000000000000000, -23.59999999999999787, -1.747491040759994628E-13 ) ) ;
#2163 = ADVANCED_FACE ( 'NONE', ( #399 ), #1725, .F. ) ;
#2164 = VECTOR ( 'NONE', #165, 1000.000000000000000 ) ;
#2165 = ADVANCED_FACE ( 'NONE', ( #2132 ), #1279, .T. ) ;
#2166 = VECTOR ( 'NONE', #2188, 1000.000000000000000 ) ;
#2167 = EDGE_LOOP ( 'NONE', ( #628, #2431, #468, #1914, #2652, #2340, #918, #1238 ) ) ;
#2168 = ADVANCED_FACE ( 'NONE', ( #1699 ), #2103, .F. ) ;
#2169 = LINE ( 'NONE', #2355, #2670 ) ;
#2170 = ORIENTED_EDGE ( 'NONE', *, *, #42, .F. ) ;
#2171 = ORIENTED_EDGE ( 'NONE', *, *, #562, .F. ) ;
#2172 = CARTESIAN_POINT ( 'NONE',  ( -5.000000000000000000, -23.59999999999999787, -5.000000000000180300 ) ) ;
#2173 = CARTESIAN_POINT ( 'NONE',  ( 3.000000000000000000, -11.00000000000015810, -13.00000000000015987 ) ) ;
#2174 = CARTESIAN_POINT ( 'NONE',  ( 4.500000000000000000, 21.94617346798904833, 25.44486142177824917 ) ) ;
#2175 = VERTEX_POINT ( 'NONE', #1059 ) ;
#2176 = CARTESIAN_POINT ( 'NONE',  ( -5.000000000000000000, -15.00000000000000000, -12.75000000000015810 ) ) ;
#2177 = LINE ( 'NONE', #913, #2137 ) ;
#2178 = AXIS2_PLACEMENT_3D ( 'NONE', #2155, #451, #1315 ) ;
#2179 = EDGE_CURVE ( 'NONE', #2700, #1333, #2089, .T. ) ;
#2180 = CARTESIAN_POINT ( 'NONE',  ( -5.000000000000000000, -1.585732494993154692E-13, -41.39999999999999858 ) ) ;
#2181 = CARTESIAN_POINT ( 'NONE',  ( -19.42221666030939886, -5.000000000000170530, -36.39999999999999858 ) ) ;
#2182 = CIRCLE ( 'NONE', #1080, 2.000000000000000000 ) ;
#2183 = CARTESIAN_POINT ( 'NONE',  ( 3.000000000000000000, 14.99999999999984013, -12.75000000000015810 ) ) ;
#2184 = VECTOR ( 'NONE', #1647, 1000.000000000000000 ) ;
#2185 = CIRCLE ( 'NONE', #2142, 2.000000000000001776 ) ;
#2186 = ORIENTED_EDGE ( 'NONE', *, *, #1717, .F. ) ;
#2187 = VERTEX_POINT ( 'NONE', #654 ) ;
#2188 = DIRECTION ( 'NONE',  ( -1.000000000000000000, 0.000000000000000000, 0.000000000000000000 ) ) ;
#2189 = CARTESIAN_POINT ( 'NONE',  ( 3.000000000000000000, -13.00000000000017941, 10.99999999999982059 ) ) ;
#2190 = CARTESIAN_POINT ( 'NONE',  ( -5.000000000000000000, -11.00000000000017941, 12.99999999999982059 ) ) ;
#2191 = ORIENTED_EDGE ( 'NONE', *, *, #729, .T. ) ;
#2192 = CARTESIAN_POINT ( 'NONE',  ( 6.000000000000000000, -5.000000000000170530, -36.39999999999999858 ) ) ;
#2193 = CARTESIAN_POINT ( 'NONE',  ( -3.000000000000000000, -13.00000000000017941, 12.99999999999982059 ) ) ;
#2194 = DIRECTION ( 'NONE',  ( 0.000000000000000000, -1.000000000000000000, 0.000000000000000000 ) ) ;
#2195 = DIRECTION ( 'NONE',  ( -1.000000000000000000, 0.000000000000000000, 0.000000000000000000 ) ) ;
#2196 = ORIENTED_EDGE ( 'NONE', *, *, #2371, .F. ) ;
#2197 = ORIENTED_EDGE ( 'NONE', *, *, #522, .T. ) ;
#2198 = DIRECTION ( 'NONE',  ( 0.000000000000000000, 1.000000000000000000, -5.782411586589360597E-16 ) ) ;
#2199 = VECTOR ( 'NONE', #821, 1000.000000000000000 ) ;
#2200 = DIRECTION ( 'NONE',  ( 1.000000000000000000, 0.000000000000000000, 0.000000000000000000 ) ) ;
#2201 = CARTESIAN_POINT ( 'NONE',  ( -66.20011627344369742, -23.44617346798904833, 25.44486142177824917 ) ) ;
#2202 = ORIENTED_EDGE ( 'NONE', *, *, #761, .T. ) ;
#2203 = FACE_OUTER_BOUND ( 'NONE', #212, .T. ) ;
#2204 = EDGE_CURVE ( 'NONE', #762, #1546, #1921, .T. ) ;
#2205 = DIRECTION ( 'NONE',  ( 0.000000000000000000, 0.000000000000000000, 1.000000000000000000 ) ) ;
#2206 = DIRECTION ( 'NONE',  ( 0.000000000000000000, 0.000000000000000000, 1.000000000000000000 ) ) ;
#2207 = AXIS2_PLACEMENT_3D ( 'NONE', #508, #2436, #983 ) ;
#2208 = CARTESIAN_POINT ( 'NONE',  ( 3.000000000000000000, -15.00000000000000000, 17.25000000000000000 ) ) ;
#2209 = ORIENTED_EDGE ( 'NONE', *, *, #1104, .T. ) ;
#2210 = ORIENTED_EDGE ( 'NONE', *, *, #2661, .T. ) ;
#2211 = AXIS2_PLACEMENT_3D ( 'NONE', #1002, #764, #114 ) ;
#2212 = ADVANCED_FACE ( 'NONE', ( #626 ), #838, .F. ) ;
#2213 = CARTESIAN_POINT ( 'NONE',  ( 3.063548743295446464, -22.38856283157888782, -2.746210525959754012 ) ) ;
#2214 = DIRECTION ( 'NONE',  ( -1.000000000000000000, -0.000000000000000000, -0.000000000000000000 ) ) ;
#2215 = CARTESIAN_POINT ( 'NONE',  ( 3.000000000000000000, -19.75000000000000000, 14.99999999999982059 ) ) ;
#2216 = ORIENTED_EDGE ( 'NONE', *, *, #2042, .F. ) ;
#2217 = DIRECTION ( 'NONE',  ( 0.000000000000000000, -5.209379807738159441E-17, -1.000000000000000000 ) ) ;
#2218 = VECTOR ( 'NONE', #345, 1000.000000000000000 ) ;
#2219 = DIRECTION ( 'NONE',  ( 0.000000000000000000, 0.000000000000000000, 1.000000000000000000 ) ) ;
#2220 = FACE_OUTER_BOUND ( 'NONE', #2157, .T. ) ;
#2221 = CARTESIAN_POINT ( 'NONE',  ( 3.000000000000000000, 14.99999999999984013, 14.99999999999982059 ) ) ;
#2222 = CARTESIAN_POINT ( 'NONE',  ( 18.95445179679159864, -1.427654291082565713E-13, 31.30614694161254619 ) ) ;
#2223 = VECTOR ( 'NONE', #2444, 1000.000000000000000 ) ;
#2224 = ORIENTED_EDGE ( 'NONE', *, *, #321, .T. ) ;
#2225 = AXIS2_PLACEMENT_3D ( 'NONE', #487, #1769, #1583 ) ;
#2226 = ORIENTED_EDGE ( 'NONE', *, *, #162, .T. ) ;
#2227 = AXIS2_PLACEMENT_3D ( 'NONE', #1482, #2316, #2563 ) ;
#2228 = CARTESIAN_POINT ( 'NONE',  ( 3.000000000000000000, 5.499999999999869438, 21.75000000000000000 ) ) ;
#2229 = LINE ( 'NONE', #1594, #233 ) ;
#2230 = DIRECTION ( 'NONE',  ( -1.000000000000000000, -0.000000000000000000, -0.000000000000000000 ) ) ;
#2231 = ORIENTED_EDGE ( 'NONE', *, *, #1641, .T. ) ;
#2232 = EDGE_CURVE ( 'NONE', #1212, #2098, #2344, .T. ) ;
#2233 = LINE ( 'NONE', #570, #448 ) ;
#2234 = DIRECTION ( 'NONE',  ( -1.000000000000000000, 0.000000000000000000, 0.000000000000000000 ) ) ;
#2235 = AXIS2_PLACEMENT_3D ( 'NONE', #1483, #1266, #600 ) ;
#2236 = CARTESIAN_POINT ( 'NONE',  ( 3.000000000000000000, 14.99999999999984013, -17.25000000000000000 ) ) ;
#2237 = ADVANCED_FACE ( 'NONE', ( #248 ), #1099, .T. ) ;
#2238 = ORIENTED_EDGE ( 'NONE', *, *, #2492, .T. ) ;
#2239 = DIRECTION ( 'NONE',  ( 0.000000000000000000, 0.000000000000000000, -1.000000000000000000 ) ) ;
#2240 = CARTESIAN_POINT ( 'NONE',  ( 30.00000000000001066, -23.59999999999999787, -1.747491040759994628E-13 ) ) ;
#2241 = VERTEX_POINT ( 'NONE', #1564 ) ;
#2242 = ORIENTED_EDGE ( 'NONE', *, *, #2281, .F. ) ;
#2243 = CARTESIAN_POINT ( 'NONE',  ( 3.038852252255143327, -22.29716410176693131, -2.704197274437114107 ) ) ;
#2244 = DIRECTION ( 'NONE',  ( -1.000000000000000000, 0.000000000000000000, 0.000000000000000000 ) ) ;
#2245 = ORIENTED_EDGE ( 'NONE', *, *, #2253, .T. ) ;
#2246 = LINE ( 'NONE', #1172, #2218 ) ;
#2247 = FACE_OUTER_BOUND ( 'NONE', #56, .T. ) ;
#2248 = AXIS2_PLACEMENT_3D ( 'NONE', #948, #1156, #1809 ) ;
#2249 = CARTESIAN_POINT ( 'NONE',  ( 8.999999999999998224, 23.59999999999999787, -1.658673198789984881E-13 ) ) ;
#2250 = ORIENTED_EDGE ( 'NONE', *, *, #1270, .F. ) ;
#2251 = ADVANCED_FACE ( 'NONE', ( #313 ), #77, .F. ) ;
#2252 = CARTESIAN_POINT ( 'NONE',  ( 4.893793764627676346, 4.999999999999849898, -34.93077685383897091 ) ) ;
#2253 = EDGE_CURVE ( 'NONE', #849, #2319, #2004, .T. ) ;
#2254 = EDGE_CURVE ( 'NONE', #295, #2573, #1245, .T. ) ;
#2255 = ORIENTED_EDGE ( 'NONE', *, *, #2299, .T. ) ;
#2256 = ORIENTED_EDGE ( 'NONE', *, *, #201, .T. ) ;
#2257 = CIRCLE ( 'NONE', #2034, 5.000000000000000000 ) ;
#2258 = LINE ( 'NONE', #2215, #699 ) ;
#2259 = ORIENTED_EDGE ( 'NONE', *, *, #814, .T. ) ;
#2260 = DIRECTION ( 'NONE',  ( -1.000000000000000000, 0.000000000000000000, 0.000000000000000000 ) ) ;
#2261 = DIRECTION ( 'NONE',  ( -1.000000000000000000, 0.000000000000000000, 0.000000000000000000 ) ) ;
#2262 = PLANE ( 'NONE',  #1434 ) ;
#2263 = CARTESIAN_POINT ( 'NONE',  ( 3.715942968466676710, 4.999999999999849898, -32.98996011459452404 ) ) ;
#2264 = EDGE_CURVE ( 'NONE', #1989, #2643, #831, .T. ) ;
#2265 = EDGE_LOOP ( 'NONE', ( #967, #2507, #1575, #97 ) ) ;
#2266 = AXIS2_PLACEMENT_3D ( 'NONE', #1606, #1459, #2438 ) ;
#2267 = DIRECTION ( 'NONE',  ( 0.000000000000000000, 0.000000000000000000, 1.000000000000000000 ) ) ;
#2268 = AXIS2_PLACEMENT_3D ( 'NONE', #1935, #2541, #2527 ) ;
#2269 = CARTESIAN_POINT ( 'NONE',  ( 3.000000000000000000, -7.000000000000170530, -19.75000000000000000 ) ) ;
#2270 = ORIENTED_EDGE ( 'NONE', *, *, #1508, .T. ) ;
#2271 = DIRECTION ( 'NONE',  ( 0.000000000000000000, 0.000000000000000000, -1.000000000000000000 ) ) ;
#2272 = CARTESIAN_POINT ( 'NONE',  ( -5.000000000000000000, -1.427654291082565713E-13, 31.30614694161254619 ) ) ;
#2273 = AXIS2_PLACEMENT_3D ( 'NONE', #2691, #2461, #2286 ) ;
#2274 = CARTESIAN_POINT ( 'NONE',  ( 4.162457484046933054, -23.41771261232089074, 4.997002281460980910 ) ) ;
#2275 = AXIS2_PLACEMENT_3D ( 'NONE', #756, #1840, #2434 ) ;
#2276 = EDGE_LOOP ( 'NONE', ( #2401, #410, #2026, #515 ) ) ;
#2277 = AXIS2_PLACEMENT_3D ( 'NONE', #76, #2564, #882 ) ;
#2278 = DIRECTION ( 'NONE',  ( 1.000000000000000000, 0.000000000000000000, 0.000000000000000000 ) ) ;
#2279 = VECTOR ( 'NONE', #2107, 1000.000000000000000 ) ;
#2280 = ORIENTED_EDGE ( 'NONE', *, *, #1450, .F. ) ;
#2281 = EDGE_CURVE ( 'NONE', #1412, #1121, #2020, .T. ) ;
#2282 = CARTESIAN_POINT ( 'NONE',  ( 3.000000000000000000, 14.99999999999984013, -15.00000000000000000 ) ) ;
#2283 = ORIENTED_EDGE ( 'NONE', *, *, #494, .T. ) ;
#2284 = CARTESIAN_POINT ( 'NONE',  ( 2.999999999999999112, -1.423980350685123659E-13, 22.80614694161254974 ) ) ;
#2285 = FACE_OUTER_BOUND ( 'NONE', #1504, .T. ) ;
#2286 = DIRECTION ( 'NONE',  ( 0.000000000000000000, 1.000000000000000000, 0.000000000000000000 ) ) ;
#2287 = DIRECTION ( 'NONE',  ( 0.000000000000000000, 0.000000000000000000, -1.000000000000000000 ) ) ;
#2288 = ORIENTED_EDGE ( 'NONE', *, *, #1367, .F. ) ;
#2289 = EDGE_CURVE ( 'NONE', #790, #1286, #1037, .T. ) ;
#2290 = DIRECTION ( 'NONE',  ( -1.000000000000000000, 0.000000000000000000, 0.000000000000000000 ) ) ;
#2291 = VECTOR ( 'NONE', #1918, 1000.000000000000000 ) ;
#2292 = CARTESIAN_POINT ( 'NONE',  ( 3.000000000000000000, 5.499999999999869438, 25.80614694161254974 ) ) ;
#2293 = EDGE_LOOP ( 'NONE', ( #651, #464, #1559, #1220 ) ) ;
#2294 = DIRECTION ( 'NONE',  ( 0.000000000000000000, -1.000000000000000000, 0.000000000000000000 ) ) ;
#2295 = ORIENTED_EDGE ( 'NONE', *, *, #2299, .F. ) ;
#2296 = AXIS2_PLACEMENT_3D ( 'NONE', #1535, #1548, #1167 ) ;
#2297 = PRODUCT_DEFINITION_SHAPE ( 'NONE', 'NONE',  #1143 ) ;
#2298 = DIRECTION ( 'NONE',  ( 0.000000000000000000, 0.000000000000000000, -1.000000000000000000 ) ) ;
#2299 = EDGE_CURVE ( 'NONE', #2175, #1847, #649, .T. ) ;
#2300 = DIRECTION ( 'NONE',  ( -1.000000000000000000, 0.000000000000000000, 0.000000000000000000 ) ) ;
#2301 = CARTESIAN_POINT ( 'NONE',  ( 3.811193287963865028, 23.28255720608128598, -2.983434004183206589 ) ) ;
#2302 = AXIS2_PLACEMENT_3D ( 'NONE', #187, #1202, #361 ) ;
#2303 = AXIS2_PLACEMENT_3D ( 'NONE', #2677, #1834, #2480 ) ;
#2304 = FACE_BOUND ( 'NONE', #2468, .T. ) ;
#2305 = ORIENTED_EDGE ( 'NONE', *, *, #1641, .F. ) ;
#2306 = AXIS2_PLACEMENT_3D ( 'NONE', #2221, #2408, #109 ) ;
#2307 = CYLINDRICAL_SURFACE ( 'NONE', #2709, 2.000000000000001776 ) ;
#2308 = B_SPLINE_CURVE_WITH_KNOTS ( 'NONE', 3,
 ( #546, #136, #2063, #585 ),
 .UNSPECIFIED., .F., .F.,
 ( 4, 4 ),
 ( 0.000000000000000000, 1.000000000000000000 ),
 .UNSPECIFIED. ) ;
#2309 = CARTESIAN_POINT ( 'NONE',  ( 3.846172737820392484, 4.999999999999849898, -33.24703958863910458 ) ) ;
#2310 = EDGE_LOOP ( 'NONE', ( #2210, #991, #2427, #1027 ) ) ;
#2311 = CARTESIAN_POINT ( 'NONE',  ( -5.000000000000000000, -1.591855728988894984E-13, -36.39999999999999858 ) ) ;
#2312 = EDGE_LOOP ( 'NONE', ( #772, #1271, #1375, #2055 ) ) ;
#2313 = DIRECTION ( 'NONE',  ( -1.000000000000000000, 0.000000000000000000, 0.000000000000000000 ) ) ;
#2314 = AXIS2_PLACEMENT_3D ( 'NONE', #266, #1110, #1955 ) ;
#2315 = CARTESIAN_POINT ( 'NONE',  ( 3.000000000000000000, 14.99999999999984013, -15.00000000000000000 ) ) ;
#2316 = DIRECTION ( 'NONE',  ( -1.000000000000000000, 0.000000000000000000, 0.000000000000000000 ) ) ;
#2317 = EDGE_CURVE ( 'NONE', #767, #1608, #1338, .T. ) ;
#2318 = FACE_BOUND ( 'NONE', #333, .T. ) ;
#2319 = VERTEX_POINT ( 'NONE', #2180 ) ;
#2320 = AXIS2_PLACEMENT_3D ( 'NONE', #1755, #697, #2636 ) ;
#2321 = AXIS2_PLACEMENT_3D ( 'NONE', #638, #1265, #2119 ) ;
#2322 = CARTESIAN_POINT ( 'NONE',  ( 3.277780323249318339, 22.82133129531434790, 2.898503579645860029 ) ) ;
#2323 = EDGE_CURVE ( 'NONE', #1094, #2139, #1135, .T. ) ;
#2324 = CARTESIAN_POINT ( 'NONE',  ( 3.000000000000000000, -19.75000000000000000, 6.751111019676519831 ) ) ;
#2325 = EDGE_CURVE ( 'NONE', #1180, #1267, #1107, .T. ) ;
#2326 = EDGE_LOOP ( 'NONE', ( #1622, #1746, #1901, #59, #632 ) ) ;
#2327 = CARTESIAN_POINT ( 'NONE',  ( -5.000000000000000000, -21.75000000000000000, -6.751111019676869773 ) ) ;
#2328 = VERTEX_POINT ( 'NONE', #686 ) ;
#2329 = DIRECTION ( 'NONE',  ( -1.000000000000000000, 0.000000000000000000, 0.000000000000000000 ) ) ;
#2330 = FACE_OUTER_BOUND ( 'NONE', #945, .T. ) ;
#2331 = CARTESIAN_POINT ( 'NONE',  ( 3.012431019603866389, 22.16916679426640968, -4.792242117645303168 ) ) ;
#2332 = FACE_BOUND ( 'NONE', #1737, .T. ) ;
#2333 = ORIENTED_EDGE ( 'NONE', *, *, #993, .T. ) ;
#2334 = CARTESIAN_POINT ( 'NONE',  ( -5.000000000000000000, -22.27857142857159900, -4.822222156912100210 ) ) ;
#2335 = LINE ( 'NONE', #2350, #2279 ) ;
#2336 = EDGE_CURVE ( 'NONE', #1811, #889, #1528, .T. ) ;
#2337 = DIRECTION ( 'NONE',  ( -1.000000000000000000, 0.000000000000000000, 0.000000000000000000 ) ) ;
#2338 = ORIENTED_EDGE ( 'NONE', *, *, #1851, .F. ) ;
#2339 = ADVANCED_FACE ( 'NONE', ( #1569 ), #2422, .F. ) ;
#2340 = ORIENTED_EDGE ( 'NONE', *, *, #1272, .F. ) ;
#2341 = ORIENTED_EDGE ( 'NONE', *, *, #1391, .F. ) ;
#2342 = DIRECTION ( 'NONE',  ( 0.000000000000000000, 0.000000000000000000, -1.000000000000000000 ) ) ;
#2343 = CARTESIAN_POINT ( 'NONE',  ( -5.000000000000000000, -5.500000000000158984, 21.75000000000000000 ) ) ;
#2344 = LINE ( 'NONE', #34, #324 ) ;
#2345 = CARTESIAN_POINT ( 'NONE',  ( 3.000000000000000000, -15.00000000000000000, 19.75000000000000000 ) ) ;
#2346 = B_SPLINE_CURVE_WITH_KNOTS ( 'NONE', 3,
 ( #688, #70, #82, #1759, #1518, #1721, #2410, #2379, #2572, #1544, #2141, #1556, #1327, #2612, #2367, #292 ),
 .UNSPECIFIED., .F., .F.,
 ( 4, 2, 2, 2, 2, 2, 2, 4 ),
 ( 0.000000000000000000, 0.0003044643842981638250, 0.0006089287685963276501, 0.0009133931528944914209, 0.001217857537192655300, 0.001826786305788975686, 0.002131250690087135771, 0.002435715074385295421 ),
 .UNSPECIFIED. ) ;
#2347 = EDGE_LOOP ( 'NONE', ( #1720, #461, #547, #60 ) ) ;
#2348 = CIRCLE ( 'NONE', #1850, 2.250000000000000444 ) ;
#2349 = CARTESIAN_POINT ( 'NONE',  ( 9.000000000000000000, 23.44617346798904833, 4.997633179620920352 ) ) ;
#2350 = CARTESIAN_POINT ( 'NONE',  ( -5.000000000000000000, -5.000000000000170530, -36.39999999999999858 ) ) ;
#2351 = AXIS2_PLACEMENT_3D ( 'NONE', #2522, #442, #823 ) ;
#2352 = EDGE_CURVE ( 'NONE', #1760, #2175, #1105, .T. ) ;
#2353 = VERTEX_POINT ( 'NONE', #1643 ) ;
#2354 = AXIS2_PLACEMENT_3D ( 'NONE', #2061, #1626, #2217 ) ;
#2355 = CARTESIAN_POINT ( 'NONE',  ( -5.000000000000000000, -19.75000000000000000, 6.751111019676519831 ) ) ;
#2356 = ORIENTED_EDGE ( 'NONE', *, *, #1424, .F. ) ;
#2357 = ORIENTED_EDGE ( 'NONE', *, *, #1910, .T. ) ;
#2358 = LINE ( 'NONE', #1083, #2291 ) ;
#2359 = CARTESIAN_POINT ( 'NONE',  ( 18.95445179679159864, -23.44617346798904833, -4.997633179621249866 ) ) ;
#2360 = DIRECTION ( 'NONE',  ( 0.000000000000000000, 0.000000000000000000, 1.000000000000000000 ) ) ;
#2361 = DIRECTION ( 'NONE',  ( 0.000000000000000000, 0.000000000000000000, 1.000000000000000000 ) ) ;
#2362 = ORIENTED_EDGE ( 'NONE', *, *, #818, .F. ) ;
#2363 = CIRCLE ( 'NONE', #2178, 4.999999999999997335 ) ;
#2364 = CARTESIAN_POINT ( 'NONE',  ( 3.000000000000000000, 14.99999999999984013, 14.99999999999982059 ) ) ;
#2365 = AXIS2_PLACEMENT_3D ( 'NONE', #712, #2007, #1966 ) ;
#2366 = ORIENTED_EDGE ( 'NONE', *, *, #1001, .F. ) ;
#2367 = CARTESIAN_POINT ( 'NONE',  ( 2.999999999999999112, -22.03196805852048001, 2.559658203302408452 ) ) ;
#2368 = VERTEX_POINT ( 'NONE', #2489 ) ;
#2369 = VERTEX_POINT ( 'NONE', #1243 ) ;
#2370 = VECTOR ( 'NONE', #503, 1000.000000000000000 ) ;
#2371 = EDGE_CURVE ( 'NONE', #1412, #1124, #2625, .T. ) ;
#2372 = CARTESIAN_POINT ( 'NONE',  ( 4.500000000000000000, -23.44617346798905189, -2.996053637378766954 ) ) ;
#2373 = FACE_OUTER_BOUND ( 'NONE', #2546, .T. ) ;
#2374 = CARTESIAN_POINT ( 'NONE',  ( 6.000000000000000000, -1.591855728988894984E-13, -36.39999999999999858 ) ) ;
#2375 = ORIENTED_EDGE ( 'NONE', *, *, #698, .T. ) ;
#2376 = CARTESIAN_POINT ( 'NONE',  ( 3.007306674454107931, 22.11941838598208676, 2.611118986378862861 ) ) ;
#2377 = ADVANCED_FACE ( 'NONE', ( #2528 ), #2014, .F. ) ;
#2378 = ORIENTED_EDGE ( 'NONE', *, *, #1668, .T. ) ;
#2379 = CARTESIAN_POINT ( 'NONE',  ( 3.556102703673852172, -23.11639049140425684, 2.961350767485347202 ) ) ;
#2380 = VECTOR ( 'NONE', #1347, 1000.000000000000000 ) ;
#2381 = ORIENTED_EDGE ( 'NONE', *, *, #2639, .T. ) ;
#2382 = ORIENTED_EDGE ( 'NONE', *, *, #1252, .T. ) ;
#2383 = CIRCLE ( 'NONE', #1191, 2.000000000000000000 ) ;
#2384 = DIRECTION ( 'NONE',  ( 0.000000000000000000, -5.782411586589360597E-16, -1.000000000000000000 ) ) ;
#2385 = CARTESIAN_POINT ( 'NONE',  ( -5.000000000000000000, 6.999999999999849898, -21.75000000000000000 ) ) ;
#2386 = DIRECTION ( 'NONE',  ( -1.000000000000000000, -0.000000000000000000, -0.000000000000000000 ) ) ;
#2387 = ORIENTED_EDGE ( 'NONE', *, *, #1883, .T. ) ;
#2388 = EDGE_CURVE ( 'NONE', #15, #1032, #383, .T. ) ;
#2389 = CARTESIAN_POINT ( 'NONE',  ( 2.999999999999999112, -1.427654291082565713E-13, 28.80614694161254974 ) ) ;
#2390 = CIRCLE ( 'NONE', #1637, 2.000000000000001776 ) ;
#2391 = AXIS2_PLACEMENT_3D ( 'NONE', #1659, #2300, #258 ) ;
#2392 = CARTESIAN_POINT ( 'NONE',  ( 3.037293058811664892, -22.27857142857159900, -4.822222156912100210 ) ) ;
#2393 = ORIENTED_EDGE ( 'NONE', *, *, #941, .T. ) ;
#2394 = DIRECTION ( 'NONE',  ( 0.000000000000000000, 8.411913313973660454E-16, 1.000000000000000000 ) ) ;
#2395 = ORIENTED_EDGE ( 'NONE', *, *, #2409, .T. ) ;
#2396 = EDGE_LOOP ( 'NONE', ( #30, #369, #123, #556 ) ) ;
#2397 = CARTESIAN_POINT ( 'NONE',  ( 3.000000000000000000, -19.75000000000000000, 14.99999999999982059 ) ) ;
#2398 = DIRECTION ( 'NONE',  ( 0.000000000000000000, 0.000000000000000000, 1.000000000000000000 ) ) ;
#2399 = LINE ( 'NONE', #1512, #1751 ) ;
#2400 = CARTESIAN_POINT ( 'NONE',  ( 30.00000000000001066, -1.591855728988894984E-13, -36.39999999999999858 ) ) ;
#2401 = ORIENTED_EDGE ( 'NONE', *, *, #1252, .F. ) ;
#2402 = LINE ( 'NONE', #90, #120 ) ;
#2403 = DIRECTION ( 'NONE',  ( 0.000000000000000000, 0.000000000000000000, -1.000000000000000000 ) ) ;
#2404 = ADVANCED_FACE ( 'NONE', ( #1876 ), #2549, .T. ) ;
#2405 = B_SPLINE_CURVE_WITH_KNOTS ( 'NONE', 3,
 ( #2192, #630, #1146, #14, #2543, #1768, #1703, #300, #215, #1350, #1895, #422, #1132, #273, #1269, #1498, #1912, #433, #1977, #858, #1782, #1692, #449, #2419 ),
 .UNSPECIFIED., .F., .F.,
 ( 4, 1, 1, 1, 1, 1, 1, 2, 2, 1, 1, 1, 1, 1, 1, 2, 2, 4 ),
 ( 0.000000000000000000, 0.1250000000001138811, 0.1875000000001695311, 0.2187500000001973699, 0.2343750000002114420, 0.2421875000002167988, 0.2460937500002194633, 0.2480468750002207956, 0.2500000000002221001, 0.3750000000002149392, 0.4375000000002112754, 0.4687500000002082223, 0.4843750000002081113, 0.4921875000002067235, 0.4960937500002060019, 0.4980468750002055578, 0.5000000000002050582, 1.000000000000000000 ),
 .UNSPECIFIED. ) ;
#2406 = CIRCLE ( 'NONE', #409, 5.000000000000000000 ) ;
#2407 = EDGE_CURVE ( 'NONE', #883, #1301, #637, .T. ) ;
#2408 = DIRECTION ( 'NONE',  ( -1.000000000000000000, 0.000000000000000000, 0.000000000000000000 ) ) ;
#2409 = EDGE_CURVE ( 'NONE', #1248, #1125, #1442, .T. ) ;
#2410 = CARTESIAN_POINT ( 'NONE',  ( 3.722755812570596845, -23.23312391808795851, 2.978066229184825442 ) ) ;
#2411 = AXIS2_PLACEMENT_3D ( 'NONE', #2249, #2729, #1293 ) ;
#2412 = ADVANCED_FACE ( 'NONE', ( #2714 ), #1672, .F. ) ;
#2413 = ORIENTED_EDGE ( 'NONE', *, *, #648, .T. ) ;
#2414 = ORIENTED_EDGE ( 'NONE', *, *, #2009, .F. ) ;
#2415 = CARTESIAN_POINT ( 'NONE',  ( -3.000000000000000000, -11.00000000000017941, -11.00000000000015810 ) ) ;
#2416 = CARTESIAN_POINT ( 'NONE',  ( 3.000000000000000000, 12.99999999999984013, 12.99999999999982059 ) ) ;
#2417 = DIRECTION ( 'NONE',  ( -1.000000000000000000, 0.000000000000000000, 0.000000000000000000 ) ) ;
#2418 = VERTEX_POINT ( 'NONE', #1860 ) ;
#2419 = CARTESIAN_POINT ( 'NONE',  ( 3.000000000000000000, -5.000000000000170530, -30.15500200160175126 ) ) ;
#2420 = CIRCLE ( 'NONE', #961, 4.999999999999997335 ) ;
#2421 = CARTESIAN_POINT ( 'NONE',  ( -5.000000000000000000, 19.75000000000000000, 14.99999999999982059 ) ) ;
#2422 = CYLINDRICAL_SURFACE ( 'NONE', #592, 1.500000000000000000 ) ;
#2423 = LINE ( 'NONE', #1619, #1372 ) ;
#2424 = EDGE_CURVE ( 'NONE', #1462, #883, #1640, .T. ) ;
#2425 = DIRECTION ( 'NONE',  ( -1.000000000000000000, 0.000000000000000000, 0.000000000000000000 ) ) ;
#2426 = ORIENTED_EDGE ( 'NONE', *, *, #1767, .F. ) ;
#2427 = ORIENTED_EDGE ( 'NONE', *, *, #2639, .F. ) ;
#2428 = CARTESIAN_POINT ( 'NONE',  ( 3.997198666956808033, -23.36304714374708169, -2.990902955590870604 ) ) ;
#2429 = AXIS2_PLACEMENT_3D ( 'NONE', #1492, #835, #1441 ) ;
#2430 = LINE ( 'NONE', #2631, #980 ) ;
#2431 = ORIENTED_EDGE ( 'NONE', *, *, #2576, .F. ) ;
#2432 = CARTESIAN_POINT ( 'NONE',  ( 4.500000000000000000, 23.44617346798904833, -4.997633179621249866 ) ) ;
#2433 = LINE ( 'NONE', #1568, #2673 ) ;
#2434 = DIRECTION ( 'NONE',  ( 0.000000000000000000, 0.000000000000000000, 1.000000000000000000 ) ) ;
#2435 = VERTEX_POINT ( 'NONE', #2072 ) ;
#2436 = DIRECTION ( 'NONE',  ( -1.000000000000000000, 0.000000000000000000, 0.000000000000000000 ) ) ;
#2437 = CIRCLE ( 'NONE', #51, 4.999999999999997335 ) ;
#2438 = DIRECTION ( 'NONE',  ( 0.000000000000000000, 0.000000000000000000, -1.000000000000000000 ) ) ;
#2439 = AXIS2_PLACEMENT_3D ( 'NONE', #1712, #2601, #1319 ) ;
#2440 = EDGE_CURVE ( 'NONE', #1267, #1032, #1374, .T. ) ;
#2441 = VERTEX_POINT ( 'NONE', #1466 ) ;
#2442 = ORIENTED_EDGE ( 'NONE', *, *, #1654, .T. ) ;
#2443 = DIRECTION ( 'NONE',  ( -1.000000000000000000, 0.000000000000000000, 0.000000000000000000 ) ) ;
#2444 = DIRECTION ( 'NONE',  ( -1.000000000000000000, 0.000000000000000000, 0.000000000000000000 ) ) ;
#2445 = FILL_AREA_STYLE_COLOUR ( '', #2597 ) ;
#2446 = ORIENTED_EDGE ( 'NONE', *, *, #1436, .T. ) ;
#2447 = CARTESIAN_POINT ( 'NONE',  ( 8.999999999999998224, -1.591855728988894984E-13, -36.39999999999999858 ) ) ;
#2448 = AXIS2_PLACEMENT_3D ( 'NONE', #334, #358, #2634 ) ;
#2449 = CARTESIAN_POINT ( 'NONE',  ( -5.000000000000000000, -15.00000000000000000, 19.75000000000000000 ) ) ;
#2450 = DIRECTION ( 'NONE',  ( -1.000000000000000000, 0.000000000000000000, 0.000000000000000000 ) ) ;
#2451 = EDGE_LOOP ( 'NONE', ( #2614, #806, #1841, #650 ) ) ;
#2452 = CARTESIAN_POINT ( 'NONE',  ( -5.000000000000000000, -5.500000000000158984, 25.80614694161254974 ) ) ;
#2453 = DIRECTION ( 'NONE',  ( -1.000000000000000000, 0.000000000000000000, 0.000000000000000000 ) ) ;
#2454 = ORIENTED_EDGE ( 'NONE', *, *, #1340, .F. ) ;
#2455 = AXIS2_PLACEMENT_3D ( 'NONE', #2051, #1416, #2715 ) ;
#2456 = ORIENTED_EDGE ( 'NONE', *, *, #1668, .F. ) ;
#2457 = VECTOR ( 'NONE', #408, 1000.000000000000000 ) ;
#2458 = ORIENTED_EDGE ( 'NONE', *, *, #1868, .T. ) ;
#2459 = CARTESIAN_POINT ( 'NONE',  ( -5.000000000000000000, -15.00000000000000000, 12.74999999999982059 ) ) ;
#2460 = EDGE_CURVE ( 'NONE', #250, #790, #2088, .T. ) ;
#2461 = DIRECTION ( 'NONE',  ( 1.000000000000000000, 0.000000000000000000, 0.000000000000000000 ) ) ;
#2462 = CARTESIAN_POINT ( 'NONE',  ( 3.691834530938495895, -23.22132937674619413, 4.986802690104157776 ) ) ;
#2463 = ORIENTED_EDGE ( 'NONE', *, *, #2323, .T. ) ;
#2464 = ADVANCED_FACE ( 'NONE', ( #598 ), #21, .F. ) ;
#2465 = EDGE_CURVE ( 'NONE', #1212, #1462, #1242, .T. ) ;
#2466 = CARTESIAN_POINT ( 'NONE',  ( -5.000000000000000000, 6.999999999999849898, -19.75000000000000000 ) ) ;
#2467 = VERTEX_POINT ( 'NONE', #209 ) ;
#2468 = EDGE_LOOP ( 'NONE', ( #552, #395 ) ) ;
#2469 = CARTESIAN_POINT ( 'NONE',  ( 3.173736944771576862, -22.65380929897942863, -2.848222447454000772 ) ) ;
#2470 =( NAMED_UNIT ( * ) PLANE_ANGLE_UNIT ( ) SI_UNIT ( $, .RADIAN. ) );
#2471 = VERTEX_POINT ( 'NONE', #1686 ) ;
#2472 = CARTESIAN_POINT ( 'NONE',  ( -5.000000000000000000, -1.427654291082565713E-13, 25.80614694161254974 ) ) ;
#2473 = CYLINDRICAL_SURFACE ( 'NONE', #1348, 2.999999999999999112 ) ;
#2474 = AXIS2_PLACEMENT_3D ( 'NONE', #484, #1933, #1549 ) ;
#2475 = EDGE_CURVE ( 'NONE', #1445, #1004, #867, .T. ) ;
#2476 = CARTESIAN_POINT ( 'NONE',  ( 3.136874735132184622, -22.59426576520366226, 4.899941669821440193 ) ) ;
#2477 = CARTESIAN_POINT ( 'NONE',  ( 3.000000000000000000, 4.999999999999849898, -30.15500200160175126 ) ) ;
#2478 = ORIENTED_EDGE ( 'NONE', *, *, #1685, .F. ) ;
#2479 = CIRCLE ( 'NONE', #706, 2.000000000000000000 ) ;
#2480 = DIRECTION ( 'NONE',  ( 0.000000000000000000, 0.000000000000000000, 1.000000000000000000 ) ) ;
#2481 = DIRECTION ( 'NONE',  ( -1.000000000000000000, 0.000000000000000000, 0.000000000000000000 ) ) ;
#2482 = VECTOR ( 'NONE', #1698, 1000.000000000000000 ) ;
#2483 = ORIENTED_EDGE ( 'NONE', *, *, #818, .T. ) ;
#2484 = FACE_OUTER_BOUND ( 'NONE', #1343, .T. ) ;
#2485 = DIRECTION ( 'NONE',  ( 0.000000000000000000, 0.000000000000000000, 1.000000000000000000 ) ) ;
#2486 = DIRECTION ( 'NONE',  ( 0.000000000000000000, 0.000000000000000000, 1.000000000000000000 ) ) ;
#2487 = ORIENTED_EDGE ( 'NONE', *, *, #562, .T. ) ;
#2488 = CARTESIAN_POINT ( 'NONE',  ( 3.000000000000000000, 14.99999999999984013, 14.99999999999982059 ) ) ;
#2489 = CARTESIAN_POINT ( 'NONE',  ( 3.000000000000000000, 4.999999999999849898, -30.15500200160175126 ) ) ;
#2490 = ORIENTED_EDGE ( 'NONE', *, *, #847, .T. ) ;
#2491 = AXIS2_PLACEMENT_3D ( 'NONE', #1300, #1744, #2596 ) ;
#2492 = EDGE_CURVE ( 'NONE', #2441, #716, #2535, .T. ) ;
#2493 = AXIS2_PLACEMENT_3D ( 'NONE', #2666, #981, #1849 ) ;
#2494 = DIRECTION ( 'NONE',  ( -1.000000000000000000, 0.000000000000000000, 0.000000000000000000 ) ) ;
#2495 = VERTEX_POINT ( 'NONE', #1029 ) ;
#2496 = FACE_OUTER_BOUND ( 'NONE', #1193, .T. ) ;
#2497 = CARTESIAN_POINT ( 'NONE',  ( 18.95445179679159864, 23.59999999999999787, 4.999999999999840128 ) ) ;
#2498 = CARTESIAN_POINT ( 'NONE',  ( 9.000000000000000000, -23.59999999999999787, -5.000000000000170530 ) ) ;
#2499 = DIRECTION ( 'NONE',  ( 0.000000000000000000, 0.000000000000000000, 1.000000000000000000 ) ) ;
#2500 = VERTEX_POINT ( 'NONE', #2509 ) ;
#2501 = CIRCLE ( 'NONE', #2277, 3.000000000000002665 ) ;
#2502 = CARTESIAN_POINT ( 'NONE',  ( 3.983420987594980200, 4.999999999999849898, -33.50252587372983015 ) ) ;
#2503 = AXIS2_PLACEMENT_3D ( 'NONE', #1630, #617, #2066 ) ;
#2504 = EDGE_CURVE ( 'NONE', #1500, #72, #1481, .T. ) ;
#2505 = ORIENTED_EDGE ( 'NONE', *, *, #282, .F. ) ;
#2506 = CARTESIAN_POINT ( 'NONE',  ( -5.000000000000000000, -23.59999999999999787, -1.747491040759994628E-13 ) ) ;
#2507 = ORIENTED_EDGE ( 'NONE', *, *, #1959, .T. ) ;
#2508 = CARTESIAN_POINT ( 'NONE',  ( 2.999999999999999112, -1.427654291082565713E-13, 25.80614694161254974 ) ) ;
#2509 = CARTESIAN_POINT ( 'NONE',  ( -5.000000000000000000, 14.99999999999984013, 12.74999999999982059 ) ) ;
#2510 = DIRECTION ( 'NONE',  ( -1.000000000000000000, -0.000000000000000000, -0.000000000000000000 ) ) ;
#2511 = CARTESIAN_POINT ( 'NONE',  ( 9.000000000000000000, -1.585732494993154692E-13, -41.39999999999999858 ) ) ;
#2512 = ORIENTED_EDGE ( 'NONE', *, *, #2095, .F. ) ;
#2513 = CARTESIAN_POINT ( 'NONE',  ( 4.500000000000004441, 23.44617346798905189, 2.996053637378426782 ) ) ;
#2514 = PLANE ( 'NONE',  #2503 ) ;
#2515 = ORIENTED_EDGE ( 'NONE', *, *, #1953, .F. ) ;
#2516 = ADVANCED_FACE ( 'NONE', ( #2330 ), #427, .F. ) ;
#2517 = DIRECTION ( 'NONE',  ( 0.000000000000000000, 0.000000000000000000, -1.000000000000000000 ) ) ;
#2518 = ORIENTED_EDGE ( 'NONE', *, *, #2407, .F. ) ;
#2519 = AXIS2_PLACEMENT_3D ( 'NONE', #2724, #1656, #1219 ) ;
#2520 = DIRECTION ( 'NONE',  ( 0.000000000000000000, 0.000000000000000000, -1.000000000000000000 ) ) ;
#2521 = ADVANCED_FACE ( 'NONE', ( #2285 ), #1235, .T. ) ;
#2522 = CARTESIAN_POINT ( 'NONE',  ( 3.000000000000000000, 19.75000000000000000, 14.99999999999982059 ) ) ;
#2523 = DIRECTION ( 'NONE',  ( 0.000000000000000000, -1.000000000000000000, 0.000000000000000000 ) ) ;
#2524 = EDGE_CURVE ( 'NONE', #50, #150, #1141, .T. ) ;
#2525 = CARTESIAN_POINT ( 'NONE',  ( -5.000000000000000000, 14.99999999999984013, -15.00000000000000000 ) ) ;
#2526 = ORIENTED_EDGE ( 'NONE', *, *, #2232, .T. ) ;
#2527 = DIRECTION ( 'NONE',  ( 0.000000000000000000, 0.000000000000000000, -1.000000000000000000 ) ) ;
#2528 = FACE_OUTER_BOUND ( 'NONE', #802, .T. ) ;
#2529 = CARTESIAN_POINT ( 'NONE',  ( 4.615357955413966984, 4.999999999999849010, -34.53045807688658186 ) ) ;
#2530 = ORIENTED_EDGE ( 'NONE', *, *, #452, .F. ) ;
#2531 = DIRECTION ( 'NONE',  ( 0.000000000000000000, 1.000000000000000000, -1.432200615920703789E-16 ) ) ;
#2532 = ORIENTED_EDGE ( 'NONE', *, *, #490, .T. ) ;
#2533 = DIRECTION ( 'NONE',  ( 0.000000000000000000, 0.000000000000000000, -1.000000000000000000 ) ) ;
#2534 = CIRCLE ( 'NONE', #2491, 2.249999999999998668 ) ;
#2535 = LINE ( 'NONE', #653, #1896 ) ;
#2536 = DIRECTION ( 'NONE',  ( -1.000000000000000000, 0.000000000000000000, 0.000000000000000000 ) ) ;
#2537 = DIRECTION ( 'NONE',  ( 0.000000000000000000, 0.000000000000000000, 1.000000000000000000 ) ) ;
#2538 = ORIENTED_EDGE ( 'NONE', *, *, #2254, .F. ) ;
#2539 = ADVANCED_FACE ( 'NONE', ( #2158 ), #1154, .F. ) ;
#2540 = AXIS2_PLACEMENT_3D ( 'NONE', #47, #894, #681 ) ;
#2541 = DIRECTION ( 'NONE',  ( 1.000000000000000000, 0.000000000000000000, 0.000000000000000000 ) ) ;
#2542 = CIRCLE ( 'NONE', #2275, 2.000000000000000000 ) ;
#2543 = CARTESIAN_POINT ( 'NONE',  ( 5.042112963189019581, -5.000000000000170530, -35.13684883921463609 ) ) ;
#2544 = EDGE_CURVE ( 'NONE', #430, #1847, #74, .T. ) ;
#2545 = ORIENTED_EDGE ( 'NONE', *, *, #578, .F. ) ;
#2546 = EDGE_LOOP ( 'NONE', ( #2426, #230, #1357, #733 ) ) ;
#2547 = VERTEX_POINT ( 'NONE', #704 ) ;
#2548 = CYLINDRICAL_SURFACE ( 'NONE', #745, 2.999999999999999112 ) ;
#2549 = PLANE ( 'NONE',  #276 ) ;
#2550 = LINE ( 'NONE', #1687, #865 ) ;
#2551 = CARTESIAN_POINT ( 'NONE',  ( 3.000000000000000000, -15.00000000000000000, 14.99999999999982059 ) ) ;
#2552 = ORIENTED_EDGE ( 'NONE', *, *, #2336, .F. ) ;
#2553 = DIRECTION ( 'NONE',  ( 0.000000000000000000, 0.000000000000000000, -1.000000000000000000 ) ) ;
#2554 = EDGE_CURVE ( 'NONE', #899, #1180, #1115, .T. ) ;
#2555 = DIRECTION ( 'NONE',  ( 0.000000000000000000, 0.000000000000000000, 1.000000000000000000 ) ) ;
#2556 = CIRCLE ( 'NONE', #2065, 2.999999999999999112 ) ;
#2557 = CARTESIAN_POINT ( 'NONE',  ( 4.328889880478865138, -23.44611805992112608, -4.997631474167765653 ) ) ;
#2558 = FACE_OUTER_BOUND ( 'NONE', #1207, .T. ) ;
#2559 = EDGE_LOOP ( 'NONE', ( #1972, #656, #191, #1520 ) ) ;
#2560 = ORIENTED_EDGE ( 'NONE', *, *, #1632, .F. ) ;
#2561 = CARTESIAN_POINT ( 'NONE',  ( 3.000000000000000000, 6.999999999999849898, -21.75000000000000000 ) ) ;
#2562 = LINE ( 'NONE', #46, #2125 ) ;
#2563 = DIRECTION ( 'NONE',  ( 0.000000000000000000, 0.000000000000000000, 1.000000000000000000 ) ) ;
#2564 = DIRECTION ( 'NONE',  ( 1.000000000000000000, 0.000000000000000000, 0.000000000000000000 ) ) ;
#2565 = ORIENTED_EDGE ( 'NONE', *, *, #1533, .T. ) ;
#2566 = AXIS2_PLACEMENT_3D ( 'NONE', #1816, #2623, #2239 ) ;
#2567 = CARTESIAN_POINT ( 'NONE',  ( 3.000000000000000000, 14.99999999999984013, 12.74999999999982059 ) ) ;
#2568 = CARTESIAN_POINT ( 'NONE',  ( 3.000000000000000000, 19.75000000000000000, 14.99999999999982059 ) ) ;
#2569 = ORIENTED_EDGE ( 'NONE', *, *, #1539, .F. ) ;
#2570 = EDGE_CURVE ( 'NONE', #790, #1145, #919, .T. ) ;
#2571 = CIRCLE ( 'NONE', #1947, 2.000000000000000000 ) ;
#2572 = CARTESIAN_POINT ( 'NONE',  ( 3.478351714570646624, -23.04902648955906486, 2.949911835019805029 ) ) ;
#2573 = VERTEX_POINT ( 'NONE', #61 ) ;
#2574 = VERTEX_POINT ( 'NONE', #907 ) ;
#2575 = EDGE_CURVE ( 'NONE', #1094, #1709, #481, .T. ) ;
#2576 = EDGE_CURVE ( 'NONE', #2418, #15, #1738, .T. ) ;
#2577 = CARTESIAN_POINT ( 'NONE',  ( 9.000000000000000000, -23.44617346798904833, 25.44486142177824917 ) ) ;
#2578 = DIRECTION ( 'NONE',  ( -1.000000000000000000, 0.000000000000000000, 0.000000000000000000 ) ) ;
#2579 = CARTESIAN_POINT ( 'NONE',  ( 3.000000000000000000, -21.75000000000000000, 6.751111019676519831 ) ) ;
#2580 = ORIENTED_EDGE ( 'NONE', *, *, #1883, .F. ) ;
#2581 = LINE ( 'NONE', #227, #1476 ) ;
#2582 = VECTOR ( 'NONE', #1540, 1000.000000000000000 ) ;
#2583 = AXIS2_PLACEMENT_3D ( 'NONE', #135, #2510, #571 ) ;
#2584 = CARTESIAN_POINT ( 'NONE',  ( 4.500000000000000000, -23.44617346798904833, -4.997633179621249866 ) ) ;
#2585 = ORIENTED_EDGE ( 'NONE', *, *, #2027, .F. ) ;
#2586 = DIRECTION ( 'NONE',  ( 0.000000000000000000, -1.000000000000000000, 0.000000000000000000 ) ) ;
#2587 = EDGE_CURVE ( 'NONE', #1369, #226, #247, .T. ) ;
#2588 = ORIENTED_EDGE ( 'NONE', *, *, #103, .T. ) ;
#2589 = ORIENTED_EDGE ( 'NONE', *, *, #2424, .T. ) ;
#2590 = CARTESIAN_POINT ( 'NONE',  ( 3.000000000000000000, -19.75000000000000000, 14.99999999999982059 ) ) ;
#2591 = CARTESIAN_POINT ( 'NONE',  ( 3.000000000000000000, -15.00000000000000000, -17.25000000000000000 ) ) ;
#2592 = DIRECTION ( 'NONE',  ( 1.000000000000000000, 0.000000000000000000, 0.000000000000000000 ) ) ;
#2593 = ORIENTED_EDGE ( 'NONE', *, *, #788, .F. ) ;
#2594 = CARTESIAN_POINT ( 'NONE',  ( 30.00000000000001066, 23.59999999999999787, 2.999999999999837019 ) ) ;
#2595 = ORIENTED_EDGE ( 'NONE', *, *, #1872, .T. ) ;
#2596 = DIRECTION ( 'NONE',  ( 0.000000000000000000, 0.000000000000000000, -1.000000000000000000 ) ) ;
#2597 = COLOUR_RGB ( '',0.7921568627450980005, 0.8196078431372548767, 0.9333333333333333481 ) ;
#2598 = ORIENTED_EDGE ( 'NONE', *, *, #709, .T. ) ;
#2599 = EDGE_LOOP ( 'NONE', ( #2216, #887, #2658, #326, #2538 ) ) ;
#2600 = EDGE_CURVE ( 'NONE', #1440, #341, #1931, .T. ) ;
#2601 = DIRECTION ( 'NONE',  ( -1.000000000000000000, 0.000000000000000000, 0.000000000000000000 ) ) ;
#2602 = CYLINDRICAL_SURFACE ( 'NONE', #812, 2.000000000000001776 ) ;
#2603 = CARTESIAN_POINT ( 'NONE',  ( 3.000000000000000000, 12.99999999999984013, -11.00000000000015810 ) ) ;
#2604 = ORIENTED_EDGE ( 'NONE', *, *, #2475, .T. ) ;
#2605 = LINE ( 'NONE', #659, #1092 ) ;
#2606 = ADVANCED_FACE ( 'NONE', ( #1763 ), #1560, .T. ) ;
#2607 = DIRECTION ( 'NONE',  ( 1.000000000000000000, 0.000000000000000000, 0.000000000000000000 ) ) ;
#2608 = EDGE_CURVE ( 'NONE', #1248, #172, #1547, .T. ) ;
#2609 = EDGE_CURVE ( 'NONE', #2368, #1722, #2562, .T. ) ;
#2610 = AXIS2_PLACEMENT_3D ( 'NONE', #1217, #2018, #2686 ) ;
#2611 = FACE_OUTER_BOUND ( 'NONE', #1794, .T. ) ;
#2612 = CARTESIAN_POINT ( 'NONE',  ( 3.007308570780279133, -22.11959785211853102, 2.611233524374046322 ) ) ;
#2613 = EDGE_LOOP ( 'NONE', ( #1281, #2598, #1670, #1316 ) ) ;
#2614 = ORIENTED_EDGE ( 'NONE', *, *, #1553, .T. ) ;
#2615 = DIRECTION ( 'NONE',  ( 0.000000000000000000, 0.000000000000000000, -1.000000000000000000 ) ) ;
#2616 = CARTESIAN_POINT ( 'NONE',  ( -5.000000000000000000, 23.59999999999999787, 4.999999999999840128 ) ) ;
#2617 = CARTESIAN_POINT ( 'NONE',  ( 2.999999999999999112, -22.05781920553048892, -4.771759308620036499 ) ) ;
#2618 = ORIENTED_EDGE ( 'NONE', *, *, #1898, .F. ) ;
#2619 = LINE ( 'NONE', #1990, #1571 ) ;
#2620 = CARTESIAN_POINT ( 'NONE',  ( 3.000000000000000000, 10.99999999999984013, -11.00000000000015810 ) ) ;
#2621 = EDGE_CURVE ( 'NONE', #2435, #510, #1522, .T. ) ;
#2622 = AXIS2_PLACEMENT_3D ( 'NONE', #1320, #1764, #259 ) ;
#2623 = DIRECTION ( 'NONE',  ( 1.000000000000000000, 0.000000000000000000, 0.000000000000000000 ) ) ;
#2624 = CARTESIAN_POINT ( 'NONE',  ( -5.000000000000000000, -15.00000000000000000, -19.75000000000000000 ) ) ;
#2625 = CIRCLE ( 'NONE', #239, 3.000000000000002665 ) ;
#2626 = VECTOR ( 'NONE', #1200, 1000.000000000000000 ) ;
#2627 = ORIENTED_EDGE ( 'NONE', *, *, #1337, .T. ) ;
#2628 = ORIENTED_EDGE ( 'NONE', *, *, #263, .F. ) ;
#2629 = AXIS2_PLACEMENT_3D ( 'NONE', #809, #839, #2499 ) ;
#2630 = CARTESIAN_POINT ( 'NONE',  ( -5.000000000000000000, -23.59999999999999787, 2.999999999999827693 ) ) ;
#2631 = CARTESIAN_POINT ( 'NONE',  ( 3.000000000000000000, 12.99999999999984013, -11.00000000000015810 ) ) ;
#2632 = B_SPLINE_CURVE_WITH_KNOTS ( 'NONE', 3,
 ( #2477, #1460, #1420, #811, #2263, #2309, #1213, #406, #2733, #2056, #1257, #2502, #843, #163, #2529, #604, #1409, #2252, #1009, #351, #2694, #1642, #923, #1063, #874 ),
 .UNSPECIFIED., .F., .F.,
 ( 4, 1, 1, 1, 1, 1, 1, 1, 2, 2, 1, 1, 1, 1, 1, 1, 2, 2, 4 ),
 ( 0.000000000000000000, 0.2499999999999590883, 0.3749999999999372169, 0.4374999999999248934, 0.4687499999999175659, 0.4843749999999127365, 0.4921874999999114597, 0.4960937499999108491, 0.4980468749999105160, 0.4999999999999101830, 0.6249999999999101830, 0.6874999999999115152, 0.7187499999999111822, 0.7343749999999097389, 0.7421874999999100719, 0.7460937499999102940, 0.7480468749999114042, 0.7499999999999125144, 1.000000000000000000 ),
 .UNSPECIFIED. ) ;
#2633 = ORIENTED_EDGE ( 'NONE', *, *, #1312, .F. ) ;
#2634 = DIRECTION ( 'NONE',  ( 0.000000000000000000, 0.000000000000000000, 1.000000000000000000 ) ) ;
#2635 = CIRCLE ( 'NONE', #826, 4.750000000000000888 ) ;
#2636 = DIRECTION ( 'NONE',  ( 0.000000000000000000, 0.000000000000000000, 1.000000000000000000 ) ) ;
#2637 = DIRECTION ( 'NONE',  ( 0.000000000000000000, 0.000000000000000000, 1.000000000000000000 ) ) ;
#2638 = VERTEX_POINT ( 'NONE', #2372 ) ;
#2639 = EDGE_CURVE ( 'NONE', #1445, #1516, #1126, .T. ) ;
#2640 = LINE ( 'NONE', #2654, #2659 ) ;
#2641 = FACE_OUTER_BOUND ( 'NONE', #1384, .T. ) ;
#2642 = ORIENTED_EDGE ( 'NONE', *, *, #1818, .T. ) ;
#2643 = VERTEX_POINT ( 'NONE', #2172 ) ;
#2644 = CYLINDRICAL_SURFACE ( 'NONE', #2610, 2.000000000000001776 ) ;
#2645 = AXIS2_PLACEMENT_3D ( 'NONE', #1041, #2313, #1875 ) ;
#2646 = FACE_OUTER_BOUND ( 'NONE', #2276, .T. ) ;
#2647 = PLANE ( 'NONE',  #138 ) ;
#2648 = ORIENTED_EDGE ( 'NONE', *, *, #2254, .T. ) ;
#2649 = PLANE ( 'NONE',  #2354 ) ;
#2650 = CARTESIAN_POINT ( 'NONE',  ( 18.95445179679159864, -5.500000000000158984, 7.877103387564109470E-16 ) ) ;
#2651 = CYLINDRICAL_SURFACE ( 'NONE', #1694, 5.000000000000000000 ) ;
#2652 = ORIENTED_EDGE ( 'NONE', *, *, #1851, .T. ) ;
#2653 = CIRCLE ( 'NONE', #844, 2.999999999999999112 ) ;
#2654 = CARTESIAN_POINT ( 'NONE',  ( 30.00000000000001066, -1.591855728988894984E-13, -33.40000000000000568 ) ) ;
#2655 = CYLINDRICAL_SURFACE ( 'NONE', #949, 3.000000000000002665 ) ;
#2656 = ADVANCED_FACE ( 'NONE', ( #269 ), #1358, .F. ) ;
#2657 = ORIENTED_EDGE ( 'NONE', *, *, #377, .T. ) ;
#2658 = ORIENTED_EDGE ( 'NONE', *, *, #1134, .F. ) ;
#2659 = VECTOR ( 'NONE', #305, 1000.000000000000000 ) ;
#2660 = CARTESIAN_POINT ( 'NONE',  ( 3.131165344923742655, -22.56697315304677787, -2.818174550910256038 ) ) ;
#2661 = EDGE_CURVE ( 'NONE', #2040, #102, #1748, .T. ) ;
#2662 = DIRECTION ( 'NONE',  ( 0.000000000000000000, 0.000000000000000000, -1.000000000000000000 ) ) ;
#2663 = EDGE_LOOP ( 'NONE', ( #1532, #2356, #2414, #1225, #178, #1741, #1934, #467 ) ) ;
#2664 = CARTESIAN_POINT ( 'NONE',  ( -5.000000000000000000, -1.591855728988894984E-13, -36.39999999999999858 ) ) ;
#2665 = ADVANCED_FACE ( 'NONE', ( #86 ), #717, .F. ) ;
#2666 = CARTESIAN_POINT ( 'NONE',  ( 3.000000000000000000, 14.99999999999984013, -15.00000000000000000 ) ) ;
#2667 = CARTESIAN_POINT ( 'NONE',  ( 9.000000000000000000, -23.44617346798904833, 4.997633179620899924 ) ) ;
#2668 = VERTEX_POINT ( 'NONE', #1370 ) ;
#2669 = LINE ( 'NONE', #727, #1240 ) ;
#2670 = VECTOR ( 'NONE', #2394, 1000.000000000000000 ) ;
#2671 = FACE_OUTER_BOUND ( 'NONE', #1635, .T. ) ;
#2672 = VERTEX_POINT ( 'NONE', #2630 ) ;
#2673 = VECTOR ( 'NONE', #1552, 1000.000000000000000 ) ;
#2674 = EDGE_LOOP ( 'NONE', ( #748, #832, #1302, #1018 ) ) ;
#2675 = VECTOR ( 'NONE', #253, 1000.000000000000000 ) ;
#2676 = ADVANCED_FACE ( 'NONE', ( #1822 ), #2644, .F. ) ;
#2677 = CARTESIAN_POINT ( 'NONE',  ( -3.000000000000000000, 10.99999999999984013, -11.00000000000015810 ) ) ;
#2678 = FACE_OUTER_BOUND ( 'NONE', #2265, .T. ) ;
#2679 = VERTEX_POINT ( 'NONE', #540 ) ;
#2680 = CARTESIAN_POINT ( 'NONE',  ( -5.000000000000000000, -15.00000000000000000, 19.75000000000000000 ) ) ;
#2681 = DIRECTION ( 'NONE',  ( -1.000000000000000000, 0.000000000000000000, 0.000000000000000000 ) ) ;
#2682 = CARTESIAN_POINT ( 'NONE',  ( 0.000000000000000000, -7.500000000000158984, 19.75000000000000000 ) ) ;
#2683 = ORIENTED_EDGE ( 'NONE', *, *, #1730, .F. ) ;
#2684 = DIRECTION ( 'NONE',  ( -1.000000000000000000, -0.000000000000000000, -0.000000000000000000 ) ) ;
#2685 = ORIENTED_EDGE ( 'NONE', *, *, #783, .F. ) ;
#2686 = DIRECTION ( 'NONE',  ( 0.000000000000000000, 0.000000000000000000, -1.000000000000000000 ) ) ;
#2687 = SURFACE_SIDE_STYLE ('',( #332 ) ) ;
#2688 = ORIENTED_EDGE ( 'NONE', *, *, #1508, .F. ) ;
#2689 = CARTESIAN_POINT ( 'NONE',  ( 3.425844184683283000, 23.00701126264609542, -4.965879264371394264 ) ) ;
#2690 = VECTOR ( 'NONE', #2329, 1000.000000000000000 ) ;
#2691 = CARTESIAN_POINT ( 'NONE',  ( 9.000000000000000000, -23.59999999999999787, -1.747491040759994628E-13 ) ) ;
#2692 = FACE_OUTER_BOUND ( 'NONE', #1887, .T. ) ;
#2693 = ORIENTED_EDGE ( 'NONE', *, *, #321, .F. ) ;
#2694 = CARTESIAN_POINT ( 'NONE',  ( 4.929393030013313748, 4.999999999999849898, -34.98070919382885080 ) ) ;
#2695 = ADVANCED_FACE ( 'NONE', ( #155 ), #946, .T. ) ;
#2696 = ORIENTED_EDGE ( 'NONE', *, *, #729, .F. ) ;
#2697 = CIRCLE ( 'NONE', #1499, 2.250000000000000444 ) ;
#2698 = PLANE ( 'NONE',  #48 ) ;
#2699 = AXIS2_PLACEMENT_3D ( 'NONE', #2131, #610, #1920 ) ;
#2700 = VERTEX_POINT ( 'NONE', #99 ) ;
#2701 = DIRECTION ( 'NONE',  ( 1.000000000000000000, 0.000000000000000000, 0.000000000000000000 ) ) ;
#2702 = CARTESIAN_POINT ( 'NONE',  ( 4.397062130944719094, 23.44617346798905899, -2.996053637378760293 ) ) ;
#2703 = DIRECTION ( 'NONE',  ( -1.000000000000000000, 0.000000000000000000, 0.000000000000000000 ) ) ;
#2704 = VERTEX_POINT ( 'NONE', #1634 ) ;
#2705 = AXIS2_PLACEMENT_3D ( 'NONE', #1684, #2701, #2298 ) ;
#2706 = ADVANCED_FACE ( 'NONE', ( #367 ), #567, .F. ) ;
#2707 = DIRECTION ( 'NONE',  ( 1.000000000000000000, 0.000000000000000000, 0.000000000000000000 ) ) ;
#2708 = EDGE_LOOP ( 'NONE', ( #2530, #820, #929, #1916, #2 ) ) ;
#2709 = AXIS2_PLACEMENT_3D ( 'NONE', #2719, #828, #306 ) ;
#2710 = AXIS2_PLACEMENT_3D ( 'NONE', #2650, #1951, #1379 ) ;
#2711 = DIRECTION ( 'NONE',  ( -1.000000000000000000, 0.000000000000000000, 0.000000000000000000 ) ) ;
#2712 = VERTEX_POINT ( 'NONE', #580 ) ;
#2713 = CARTESIAN_POINT ( 'NONE',  ( 9.000000000000000000, 23.44617346798904833, 25.44486142177824917 ) ) ;
#2714 = FACE_OUTER_BOUND ( 'NONE', #1401, .T. ) ;
#2715 = DIRECTION ( 'NONE',  ( 0.000000000000000000, 0.000000000000000000, 1.000000000000000000 ) ) ;
#2716 = PLANE ( 'NONE',  #1915 ) ;
#2717 = ORIENTED_EDGE ( 'NONE', *, *, #2179, .T. ) ;
#2718 = AXIS2_PLACEMENT_3D ( 'NONE', #2374, #63, #695 ) ;
#2719 = CARTESIAN_POINT ( 'NONE',  ( -19.42221666030939886, 6.999999999999849898, -21.75000000000000000 ) ) ;
#2720 = CARTESIAN_POINT ( 'NONE',  ( 30.00000000000001066, -1.427654291082565713E-13, 28.80614694161254974 ) ) ;
#2721 = ADVANCED_FACE ( 'NONE', ( #749 ), #1610, .F. ) ;
#2722 = ORIENTED_EDGE ( 'NONE', *, *, #2111, .T. ) ;
#2723 = EDGE_CURVE ( 'NONE', #203, #2638, #331, .T. ) ;
#2724 = CARTESIAN_POINT ( 'NONE',  ( 3.000000000000000000, -15.00000000000000000, 14.99999999999982059 ) ) ;
#2725 = ORIENTED_EDGE ( 'NONE', *, *, #1421, .F. ) ;
#2726 = DIRECTION ( 'NONE',  ( -1.000000000000000000, -0.000000000000000000, -0.000000000000000000 ) ) ;
#2727 = DIRECTION ( 'NONE',  ( 0.000000000000000000, 1.000000000000000000, 0.000000000000000000 ) ) ;
#2728 = CARTESIAN_POINT ( 'NONE',  ( 3.000000000000000000, -15.00000000000000000, 19.75000000000000000 ) ) ;
#2729 = DIRECTION ( 'NONE',  ( 1.000000000000000000, 0.000000000000000000, 0.000000000000000000 ) ) ;
#2730 = VERTEX_POINT ( 'NONE', #2228 ) ;
#2731 = VECTOR ( 'NONE', #2230, 1000.000000000000000 ) ;
#2732 = DIRECTION ( 'NONE',  ( 1.000000000000000000, 0.000000000000000000, 0.000000000000000000 ) ) ;
#2733 = CARTESIAN_POINT ( 'NONE',  ( 3.967491310671982241, 4.999999999999850786, -33.47359070601418551 ) ) ;
#2734 = ORIENTED_EDGE ( 'NONE', *, *, #529, .F. ) ;
#2735 = EDGE_CURVE ( 'NONE', #226, #280, #668, .T. ) ;
ENDSEC;
END-ISO-10303-21;
