ISO-10303-21;
HEADER;
FILE_DESCRIPTION (( 'STEP AP214' ),
    '1' );
FILE_NAME ('left.STEP',
    '2026-06-09T23:08:13',
    ( '' ),
    ( '' ),
    'SwSTEP 2.0',
    'SolidWorks 2026',
    '' );
FILE_SCHEMA (( 'AUTOMOTIVE_DESIGN' ));
ENDSEC;

DATA;
#1 = CARTESIAN_POINT ( 'NONE',  ( 1.474514954580286030E-14, -2.805019246127276045, 29.34895110454343126 ) ) ;
#2 = CARTESIAN_POINT ( 'NONE',  ( 1.000000000000000000, 199.0897272061521335, 33.54539103327172000 ) ) ;
#3 = PLANE ( 'NONE',  #677 ) ;
#4 = CARTESIAN_POINT ( 'NONE',  ( 7.000000000000000000, 60.07232568664231565, 42.16630034424759543 ) ) ;
#5 = CARTESIAN_POINT ( 'NONE',  ( 1.474514954580286030E-14, 20.02954572892118179, 45.05003678396214184 ) ) ;
#6 = CARTESIAN_POINT ( 'NONE',  ( 7.000000000000000000, 190.7748954912443935, 34.86485386114823370 ) ) ;
#7 = CARTESIAN_POINT ( 'NONE',  ( 1.000000000000000888, 90.50778573398788751, 42.90947056260161929 ) ) ;
#8 = CARTESIAN_POINT ( 'NONE',  ( 1.474514954580286030E-14, 0.04278915863435870520, 29.49764430698670026 ) ) ;
#9 = DIRECTION ( 'NONE',  ( 0.000000000000000000, -0.9914602155052801846, 0.1304095129590761293 ) ) ;
#10 = CARTESIAN_POINT ( 'NONE',  ( 7.000000000000000888, 136.0666348804983272, 36.94674739450726975 ) ) ;
#11 = CARTESIAN_POINT ( 'NONE',  ( 7.000000000000000000, 51.67542028639194029, 49.00509020648446779 ) ) ;
#12 = PRODUCT_RELATED_PRODUCT_CATEGORY ( 'part', '', ( #1129 ) ) ;
#13 = CARTESIAN_POINT ( 'NONE',  ( 7.000000000000000000, 20.02954572892118179, 45.05003678396214184 ) ) ;
#14 = CARTESIAN_POINT ( 'NONE',  ( 0.000000000000000000, 30.00276687579296819, 46.60705136438575380 ) ) ;
#15 = LINE ( 'NONE', #683, #295 ) ;
#16 = DIRECTION ( 'NONE',  ( 0.000000000000000000, -1.415505911028644118E-14, -1.000000000000000000 ) ) ;
#17 = CARTESIAN_POINT ( 'NONE',  ( 7.000000000000000000, 0.5824080007677897575, 29.69055635213166866 ) ) ;
#18 = DIRECTION ( 'NONE',  ( -1.000000000000000000, 0.000000000000000000, -0.000000000000000000 ) ) ;
#19 = CARTESIAN_POINT ( 'NONE',  ( 1.000000000000017319, 9.231410543447477579, 34.87808915355469708 ) ) ;
#20 = CARTESIAN_POINT ( 'NONE',  ( 7.000000000000000000, 95.05079797641468531, 46.35952324748114961 ) ) ;
#21 = CARTESIAN_POINT ( 'NONE',  ( 7.000000000000000000, -2.114083119404336131, 37.65212782620123733 ) ) ;
#22 = DIRECTION ( 'NONE',  ( -1.000000000000000000, -0.000000000000000000, -0.000000000000000000 ) ) ;
#23 = CARTESIAN_POINT ( 'NONE',  ( 7.000000000000000000, -4.896032891998263636, 30.80298897163152105 ) ) ;
#24 = APPLICATION_PROTOCOL_DEFINITION ( 'draft international standard', 'automotive_design', 1998, #141 ) ;
#25 = FACE_OUTER_BOUND ( 'NONE', #269, .T. ) ;
#26 = CARTESIAN_POINT ( 'NONE',  ( 7.000000000000000000, 42.64564384191827884, 48.12767099062932630 ) ) ;
#27 = CARTESIAN_POINT ( 'NONE',  ( 1.000000000000017319, 6.030523936677397501, 34.12060297208723370 ) ) ;
#28 = CARTESIAN_POINT ( 'NONE',  ( 1.474514954580286030E-14, 10.98862762563185314, 43.41945211413631966 ) ) ;
#29 = DIRECTION ( 'NONE',  ( -1.000000000000000000, 0.000000000000000000, 0.000000000000000000 ) ) ;
#30 = AXIS2_PLACEMENT_3D ( 'NONE', #879, #898, #1108 ) ;
#31 = CARTESIAN_POINT ( 'NONE',  ( 1.000000000000017319, -3.052439998467408433, 35.04261201723907249 ) ) ;
#32 = CARTESIAN_POINT ( 'NONE',  ( 1.000000000000000888, -2.114083119404336131, 37.65212782620123733 ) ) ;
#33 = CARTESIAN_POINT ( 'NONE',  ( 7.000000000000000000, 136.0666348804983272, 36.94674739450726975 ) ) ;
#34 = FACE_OUTER_BOUND ( 'NONE', #724, .T. ) ;
#35 = CARTESIAN_POINT ( 'NONE',  ( 7.000000000000000000, 95.05079797641468531, 46.35952324748114961 ) ) ;
#36 = CARTESIAN_POINT ( 'NONE',  ( 1.000000000000017319, 9.767582790781149882, 34.99287541126301448 ) ) ;
#37 = CARTESIAN_POINT ( 'NONE',  ( 1.000000000000017319, 190.7748954912443935, 34.86485386114823370 ) ) ;
#38 = EDGE_LOOP ( 'NONE', ( #65, #746, #1373, #840 ) ) ;
#39 = CARTESIAN_POINT ( 'NONE',  ( 1.000000000000017319, 0.06073204726668538639, 38.18829562554184065 ) ) ;
#40 = CARTESIAN_POINT ( 'NONE',  ( 7.000000000000000000, 4.219118242501721738, 42.12209757933960930 ) ) ;
#41 = CARTESIAN_POINT ( 'NONE',  ( 1.000000000000000888, -0.7524789738495040181, 38.15187002378050352 ) ) ;
#42 = CARTESIAN_POINT ( 'NONE',  ( 0.000000000000000000, 35.43637472127275601, 47.31371295491271667 ) ) ;
#43 = ADVANCED_FACE ( 'NONE', ( #194 ), #415, .T. ) ;
#44 = VECTOR ( 'NONE', #907, 1000.000000000000000 ) ;
#45 = CARTESIAN_POINT ( 'NONE',  ( 7.000000000000000000, 8.388131077601977736, 31.60718689419314487 ) ) ;
#46 = CARTESIAN_POINT ( 'NONE',  ( 7.000000000000000000, 8.161871798992049065, 34.63667078312990100 ) ) ;
#47 = FACE_OUTER_BOUND ( 'NONE', #173, .T. ) ;
#48 = CARTESIAN_POINT ( 'NONE',  ( 7.000000000000000000, 44.90992780481049351, 45.32546804318322842 ) ) ;
#49 = EDGE_LOOP ( 'NONE', ( #379, #629, #1030, #924 ) ) ;
#50 = CARTESIAN_POINT ( 'NONE',  ( 1.000000000000000888, -1.907355495500515197, 32.22016580801045649 ) ) ;
#51 = CARTESIAN_POINT ( 'NONE',  ( 0.000000000000000000, 12.48083609354849877, 32.48975361016913155 ) ) ;
#52 = CARTESIAN_POINT ( 'NONE',  ( 7.000000000000000000, -6.071411779105638118, 34.61685991188772960 ) ) ;
#53 = CARTESIAN_POINT ( 'NONE',  ( 7.000000000000000000, -6.071411779105638118, 34.61685991188772960 ) ) ;
#54 = UNCERTAINTY_MEASURE_WITH_UNIT (LENGTH_MEASURE( 1.000000000000000082E-05 ), #1003, 'distance_accuracy_value', 'NONE');
#55 = CARTESIAN_POINT ( 'NONE',  ( 1.000000000000000888, -1.542238009990950731, 38.00065650680324580 ) ) ;
#56 = CARTESIAN_POINT ( 'NONE',  ( 7.000000000000000000, -2.890028804129094908, 33.43730159756663767 ) ) ;
#57 = CARTESIAN_POINT ( 'NONE',  ( 7.000000000000000000, 43.60244812123830371, 37.74098419608938570 ) ) ;
#58 = CARTESIAN_POINT ( 'NONE',  ( 7.000000000000000000, 0.5824080007677897575, 29.69055635213166866 ) ) ;
#59 = EDGE_CURVE ( 'NONE', #873, #294, #1061, .T. ) ;
#60 = EDGE_LOOP ( 'NONE', ( #1251, #1398, #876, #1243 ) ) ;
#61 = CARTESIAN_POINT ( 'NONE',  ( 1.000000000000000888, -2.471019030991516097, 32.59086682571132343 ) ) ;
#62 = CARTESIAN_POINT ( 'NONE',  ( 1.000000000000000000, 199.0897272061520198, 31.68298522458125177 ) ) ;
#63 = CARTESIAN_POINT ( 'NONE',  ( 7.000000000000000000, 145.0309436172414337, 41.68205322587908057 ) ) ;
#64 = CARTESIAN_POINT ( 'NONE',  ( 7.000000000000000000, 137.9706324690595807, 45.74895212371850306 ) ) ;
#65 = ORIENTED_EDGE ( 'NONE', *, *, #426, .F. ) ;
#66 = CARTESIAN_POINT ( 'NONE',  ( 7.000000000000000000, 16.61176849847475978, 41.40626604724763382 ) ) ;
#67 = CARTESIAN_POINT ( 'NONE',  ( 0.000000000000000000, -5.864532730278066097, 32.97452499126725201 ) ) ;
#68 = ORIENTED_EDGE ( 'NONE', *, *, #1365, .F. ) ;
#69 = CARTESIAN_POINT ( 'NONE',  ( 7.000000000000000000, 1.402557451041550385, 38.32582367538761758 ) ) ;
#70 = CARTESIAN_POINT ( 'NONE',  ( 7.000000000000000000, -1.770561626012169043, 32.20374788293499080 ) ) ;
#71 = CARTESIAN_POINT ( 'NONE',  ( 0.000000000000000000, 0.4812530486891582471, 41.21907481971641118 ) ) ;
#72 = ORIENTED_EDGE ( 'NONE', *, *, #76, .F. ) ;
#73 = CARTESIAN_POINT ( 'NONE',  ( 7.000000000000000000, 9.294450235276054073, 20.17637155285937567 ) ) ;
#74 = CARTESIAN_POINT ( 'NONE',  ( 7.000000000000000000, 3.230367829430953464, 38.80655561645089335 ) ) ;
#75 = CARTESIAN_POINT ( 'NONE',  ( 0.000000000000000000, 0.05927421264489435987, 41.18852962897791059 ) ) ;
#76 = EDGE_CURVE ( 'NONE', #511, #1166, #313, .T. ) ;
#77 = CARTESIAN_POINT ( 'NONE',  ( 0.000000000000000000, 39.68277688165156292, 37.26425256906450301 ) ) ;
#78 = ORIENTED_EDGE ( 'NONE', *, *, #576, .T. ) ;
#79 = CARTESIAN_POINT ( 'NONE',  ( 7.000000000000000000, 90.50778573398788751, 42.90947056260161929 ) ) ;
#80 = VECTOR ( 'NONE', #1154, 1000.000000000000000 ) ;
#81 = CARTESIAN_POINT ( 'NONE',  ( 7.000000000000000000, 3.230367829430953464, 38.80655561645089335 ) ) ;
#82 = LINE ( 'NONE', #1012, #251 ) ;
#83 = AXIS2_PLACEMENT_3D ( 'NONE', #999, #1420, #218 ) ;
#84 = CARTESIAN_POINT ( 'NONE',  ( 7.000000000000000000, 35.98083609354849699, 33.54405169795538200 ) ) ;
#85 = CARTESIAN_POINT ( 'NONE',  ( 0.000000000000000000, 35.98083609354849699, 20.17637155285937567 ) ) ;
#86 = ORIENTED_EDGE ( 'NONE', *, *, #95, .F. ) ;
#87 = CARTESIAN_POINT ( 'NONE',  ( 7.000000000000000000, 129.6965513510872086, 40.54938272830612078 ) ) ;
#88 = CARTESIAN_POINT ( 'NONE',  ( 7.000000000000000000, 12.45260275079002987, 35.54652460039267226 ) ) ;
#89 = CARTESIAN_POINT ( 'NONE',  ( 7.000000000000000000, 19.75928672020315346, 41.95823093518891511 ) ) ;
#90 = CARTESIAN_POINT ( 'NONE',  ( 0.000000000000000000, -1.874163005747357058, 41.01803528961257683 ) ) ;
#91 = AXIS2_PLACEMENT_3D ( 'NONE', #14, #29, #1326 ) ;
#92 = CARTESIAN_POINT ( 'NONE',  ( 1.000000000000000000, 199.0897272061521335, 33.54539103327172000 ) ) ;
#93 = ORIENTED_EDGE ( 'NONE', *, *, #1100, .T. ) ;
#94 = CARTESIAN_POINT ( 'NONE',  ( 7.000000000000000000, 25.35579354239050431, 38.12381954719482025 ) ) ;
#95 = EDGE_CURVE ( 'NONE', #849, #1166, #298, .T. ) ;
#96 = FACE_OUTER_BOUND ( 'NONE', #1058, .T. ) ;
#97 = CARTESIAN_POINT ( 'NONE',  ( 7.000000000000000000, 2.969432009424953112, 38.73685766013636567 ) ) ;
#98 = CARTESIAN_POINT ( 'NONE',  ( 0.000000000000000000, 136.0666348804983272, 36.94674739450726975 ) ) ;
#99 = DIRECTION ( 'NONE',  ( -1.000000000000000000, 0.000000000000000000, 0.000000000000000000 ) ) ;
#100 = CARTESIAN_POINT ( 'NONE',  ( 1.000000000000000888, 178.3010308473610053, 36.78658366523945489 ) ) ;
#101 = CARTESIAN_POINT ( 'NONE',  ( 7.000000000000000000, 0.05927421264489435987, 41.18852962897791059 ) ) ;
#102 = CARTESIAN_POINT ( 'NONE',  ( 1.000000000000017319, 64.41796361332872323, 42.40557705744818406 ) ) ;
#103 = CARTESIAN_POINT ( 'NONE',  ( 7.000000000000000000, 103.5649104783364862, 42.44990636563244379 ) ) ;
#104 = B_SPLINE_CURVE_WITH_KNOTS ( 'NONE', 3,
 ( #484, #920, #168, #288, #174, #1248, #728, #63, #830, #952, #271, #702, #1123, #144, #1025, #35, #813, #1132, #1035, #598, #163, #723, #612, #1260, #48, #1377, #729, #1143, #1150, #1044, #154, #601, #1037, #513, #1380, #66, #190, #638, #726, #1062, #834, #292, #165, #842, #177, #74, #1054, #526, #846, #69, #948, #416, #405, #1370, #1395, #389, #627, #517, #1167, #743, #942, #521, #738, #397, #826, #954, #958, #747, #1255, #1386, #1262, #851, #277, #614, #1047, #1282, #56, #506, #1269, #285, #1276, #1159, #731, #409, #1392, #1153, #183, #171, #621, #673, #1427, #861, #1074, #332, #660, #666, #303, #1096, #778, #1200, #222, #1309, #1081, #968, #88, #420, #446, #114, #1192, #427, #866, #750, #645, #963, #771, #432, #1399, #315, #215, #1405, #884, #323, #1088, #855, #1068, #79, #1288, #1171, #103, #539, #1295, #195, #1417, #991, #533, #1301, #308, #1318, #758 ),
 .UNSPECIFIED., .F., .F.,
 ( 4, 2, 2, 2, 2, 2, 2, 2, 2, 2, 2, 2, 2, 2, 2, 2, 2, 2, 2, 2, 2, 2, 2, 2, 2, 2, 2, 2, 2, 2, 2, 2, 2, 2, 2, 2, 2, 2, 2, 2, 2, 2, 2, 2, 2, 2, 2, 1, 2, 2, 2, 2, 2, 2, 2, 2, 2, 2, 2, 2, 2, 2, 2, 2, 2, 2, 2, 2, 2, 4 ),
 ( 0.000000000000000000, 0.03124999999999870937, 0.06249999999999741873, 0.1249999999999946293, 0.1562499999999932554, 0.1874999999999918399, 0.2187499999999904521, 0.2499999999999890088, 0.2812499999999876765, 0.3124999999999862887, 0.3437499999999848455, 0.3749999999999834022, 0.3906249999999826250, 0.4062499999999819034, 0.4218749999999811817, 0.4296874999999807376, 0.4374999999999804046, 0.4531249999999796274, 0.4609374999999791833, 0.4687499999999788503, 0.4765624999999784617, 0.4843749999999781286, 0.4882812499999779066, 0.4902343749999778511, 0.4921874999999777400, 0.4960937499999775180, 0.4970703124999774625, 0.4980468749999774070, 0.4999999999999772959, 0.5009765624999773515, 0.5019531249999772404, 0.5024414062499772404, 0.5029296874999772404, 0.5039062499999772404, 0.5058593749999772404, 0.5078124999999772404, 0.5097656249999772404, 0.5117187499999773515, 0.5136718749999773515, 0.5146484374999774625, 0.5156249999999774625, 0.5166015624999775735, 0.5175781249999775735, 0.5185546874999776845, 0.5195312499999777955, 0.5234374999999779066, 0.5273437499999781286, 0.5292968749999782396, 0.5312499999999783507, 0.5390624999999786837, 0.5429687499999789058, 0.5468749999999791278, 0.5507812499999792388, 0.5546874999999794609, 0.5624999999999797939, 0.5703124999999801270, 0.5781249999999804601, 0.5937499999999811262, 0.6093749999999819034, 0.6249999999999824585, 0.6562499999999839018, 0.6874999999999852340, 0.7187499999999866773, 0.7499999999999880096, 0.7656249999999886757, 0.7812499999999893419, 0.7968749999999900080, 0.8124999999999907851, 0.8437499999999923395, 0.8493959144589365851 ),
 .UNSPECIFIED. ) ;
#105 = CARTESIAN_POINT ( 'NONE',  ( 1.000000000000017319, 1.402557451041550385, 38.32582367538761758 ) ) ;
#106 = CARTESIAN_POINT ( 'NONE',  ( 1.000000000000000888, 60.07232568664231565, 42.16630034424759543 ) ) ;
#107 = VECTOR ( 'NONE', #1139, 1000.000000000000000 ) ;
#108 = CARTESIAN_POINT ( 'NONE',  ( 0.000000000000000000, 202.0897272061520482, 28.26254687935834653 ) ) ;
#109 = CARTESIAN_POINT ( 'NONE',  ( 1.474514954580286030E-14, -3.721511468961445246, 29.75649767808463508 ) ) ;
#110 = AXIS2_PLACEMENT_3D ( 'NONE', #236, #687, #18 ) ;
#111 = CARTESIAN_POINT ( 'NONE',  ( 0.000000000000000000, 136.0666348804983272, 36.94674739450726975 ) ) ;
#112 = DIRECTION ( 'NONE',  ( -1.000000000000000000, 0.000000000000000000, -0.000000000000000000 ) ) ;
#113 = CARTESIAN_POINT ( 'NONE',  ( 7.000000000000000000, 38.35860636928598666, 40.12694521329083841 ) ) ;
#114 = CARTESIAN_POINT ( 'NONE',  ( 7.000000000000000000, 15.67180255750978723, 36.22591233625160356 ) ) ;
#115 = CARTESIAN_POINT ( 'NONE',  ( 7.000000000000000000, -2.211051339994434706, 37.55869174729115656 ) ) ;
#116 = CARTESIAN_POINT ( 'NONE',  ( 0.000000000000000000, 12.48083609354849699, 32.48975361016913155 ) ) ;
#117 = FACE_BOUND ( 'NONE', #181, .T. ) ;
#118 = CARTESIAN_POINT ( 'NONE',  ( 1.474514954580286030E-14, 0.5824080007677897575, 29.69055635213166866 ) ) ;
#119 = EDGE_CURVE ( 'NONE', #832, #188, #104, .T. ) ;
#120 = CARTESIAN_POINT ( 'NONE',  ( 7.000000000000000888, 132.3584713970657560, 37.30122939084757405 ) ) ;
#121 = CARTESIAN_POINT ( 'NONE',  ( 7.000000000000000000, 125.3400460996715537, 40.91144069384210269 ) ) ;
#122 = CARTESIAN_POINT ( 'NONE',  ( 7.000000000000000000, 9.294450235276054073, 31.81681296540682524 ) ) ;
#123 = CARTESIAN_POINT ( 'NONE',  ( 1.474514954580286030E-14, -0.7867189651391626182, 41.15598455514042087 ) ) ;
#124 = LINE ( 'NONE', #334, #607 ) ;
#125 = FACE_OUTER_BOUND ( 'NONE', #60, .T. ) ;
#126 = CARTESIAN_POINT ( 'NONE',  ( 1.474514954580286030E-14, 3.189748159573845498, 30.44766863736499829 ) ) ;
#127 = CARTESIAN_POINT ( 'NONE',  ( 0.000000000000000000, 40.14169304286613027, 37.32279980310332945 ) ) ;
#128 = CARTESIAN_POINT ( 'NONE',  ( 7.000000000000000000, 35.43637472127275601, 47.31371295491271667 ) ) ;
#129 = CARTESIAN_POINT ( 'NONE',  ( 7.000000000000000000, 16.43371446573924288, 44.42198794158660746 ) ) ;
#130 = CARTESIAN_POINT ( 'NONE',  ( 7.000000000000000000, -2.061967140626721928, 37.69425858223642933 ) ) ;
#131 = CARTESIAN_POINT ( 'NONE',  ( 7.000000000000000000, -4.674354163073511259, 39.29396481249542461 ) ) ;
#132 = CARTESIAN_POINT ( 'NONE',  ( 0.000000000000000000, 39.68277688165156292, 37.26425256906450301 ) ) ;
#133 = CARTESIAN_POINT ( 'NONE',  ( 1.474514954580286030E-14, 1.684925970767294556, 30.13579185108373082 ) ) ;
#134 = CARTESIAN_POINT ( 'NONE',  ( 0.000000000000000000, 202.0897272061521335, 36.10584174640952426 ) ) ;
#135 = CARTESIAN_POINT ( 'NONE',  ( 7.000000000000000000, 62.56079299654682302, 49.61365369549719873 ) ) ;
#136 = CARTESIAN_POINT ( 'NONE',  ( 7.000000000000000000, 2.545841083749560418, 33.38383798764628807 ) ) ;
#137 =( NAMED_UNIT ( * ) SI_UNIT ( $, .STERADIAN. ) SOLID_ANGLE_UNIT ( ) );
#138 = CARTESIAN_POINT ( 'NONE',  ( 1.000000000000017319, -2.114083119404336131, 37.65212782620123733 ) ) ;
#139 = CARTESIAN_POINT ( 'NONE',  ( 1.474514954580286030E-14, 0.4812530486891582471, 41.21907481971641118 ) ) ;
#140 = CARTESIAN_POINT ( 'NONE',  ( 1.000000000000000888, -3.052439998467408433, 35.04261201723907249 ) ) ;
#141 = APPLICATION_CONTEXT ( 'automotive_design' ) ;
#142 = CARTESIAN_POINT ( 'NONE',  ( 1.474514954580286030E-14, -5.221299293883270742, 31.30856750991522475 ) ) ;
#143 = CARTESIAN_POINT ( 'NONE',  ( 7.000000000000000000, 35.98083609354849699, 20.17637155285937567 ) ) ;
#144 = CARTESIAN_POINT ( 'NONE',  ( 7.000000000000000000, 107.5602038903987676, 45.70079206443454467 ) ) ;
#145 = CARTESIAN_POINT ( 'NONE',  ( 7.000000000000000000, 6.030523936677397501, 34.12060297208723370 ) ) ;
#146 = VECTOR ( 'NONE', #419, 1000.000000000000000 ) ;
#147 = CARTESIAN_POINT ( 'NONE',  ( 7.000000000000000000, 2.746671659584214442, 41.79299116710734552 ) ) ;
#148 = CARTESIAN_POINT ( 'NONE',  ( 1.000000000000000888, -2.890028804129094908, 33.43730159756663767 ) ) ;
#149 = EDGE_CURVE ( 'NONE', #859, #652, #1177, .T. ) ;
#150 = CARTESIAN_POINT ( 'NONE',  ( 7.000000000000000000, 136.0666348804983272, 36.94674739450726975 ) ) ;
#151 = LINE ( 'NONE', #1014, #632 ) ;
#152 = CARTESIAN_POINT ( 'NONE',  ( 7.000000000000000000, -3.646386578960737701, 40.25625002730345869 ) ) ;
#153 = CARTESIAN_POINT ( 'NONE',  ( 1.000000000000017319, 3.087208085490763310, 33.47010377065920750 ) ) ;
#154 = CARTESIAN_POINT ( 'NONE',  ( 7.000000000000000000, 28.14949182795604443, 43.31724557751685722 ) ) ;
#155 = ORIENTED_EDGE ( 'NONE', *, *, #787, .F. ) ;
#156 = CARTESIAN_POINT ( 'NONE',  ( 1.000000000000000888, 3.087208085490763310, 33.47010377065920750 ) ) ;
#157 = CARTESIAN_POINT ( 'NONE',  ( 7.000000000000000000, 199.0897272061521335, 33.54539103327172000 ) ) ;
#158 = ORIENTED_EDGE ( 'NONE', *, *, #119, .T. ) ;
#159 = CARTESIAN_POINT ( 'NONE',  ( 7.000000000000000000, -5.871250955343244371, 36.68677497220446071 ) ) ;
#160 = CARTESIAN_POINT ( 'NONE',  ( 7.000000000000000000, -4.884695842921570552, 39.00297129952845410 ) ) ;
#161 = CARTESIAN_POINT ( 'NONE',  ( 7.000000000000000000, 3.087208085490763310, 33.47010377065920750 ) ) ;
#162 = CARTESIAN_POINT ( 'NONE',  ( 1.474514954580286030E-14, 35.43637472127275601, 47.31371295491271667 ) ) ;
#163 = CARTESIAN_POINT ( 'NONE',  ( 7.000000000000000000, 65.82730621774713597, 46.65713553914280709 ) ) ;
#164 = CARTESIAN_POINT ( 'NONE',  ( 1.000000000000000888, 0.06073204726668538639, 38.18829562554184065 ) ) ;
#165 = CARTESIAN_POINT ( 'NONE',  ( 7.000000000000000000, 6.116654249068225191, 39.44602782603987379 ) ) ;
#166 = DIRECTION ( 'NONE',  ( 1.000000000000000000, 0.000000000000000000, 0.000000000000000000 ) ) ;
#167 = ADVANCED_FACE ( 'NONE', ( #201 ), #654, .T. ) ;
#168 = CARTESIAN_POINT ( 'NONE',  ( 7.000000000000000000, 190.7748954912443935, 34.86485386114823370 ) ) ;
#169 = CARTESIAN_POINT ( 'NONE',  ( 1.474514954580286030E-14, 180.7257739545706272, 39.47194446994408423 ) ) ;
#170 = CARTESIAN_POINT ( 'NONE',  ( 1.000000000000000888, -2.655655823421757322, 36.88223346693070681 ) ) ;
#171 = CARTESIAN_POINT ( 'NONE',  ( 7.000000000000000000, -1.100439516812057317, 32.28660560277881331 ) ) ;
#172 = CARTESIAN_POINT ( 'NONE',  ( 0.000000000000000000, 13.71523690856360567, 43.93879063317830003 ) ) ;
#173 = EDGE_LOOP ( 'NONE', ( #263, #86, #1151, #207 ) ) ;
#174 = CARTESIAN_POINT ( 'NONE',  ( 7.000000000000000000, 178.3010308473610053, 36.78658366523945489 ) ) ;
#175 = EDGE_LOOP ( 'NONE', ( #1307, #93, #953, #1155 ) ) ;
#176 = CARTESIAN_POINT ( 'NONE',  ( 7.000000000000000000, 21.04250840629757136, 37.32967168587297380 ) ) ;
#177 = CARTESIAN_POINT ( 'NONE',  ( 7.000000000000000000, 4.015211597059070492, 39.00408486290420029 ) ) ;
#178 = CARTESIAN_POINT ( 'NONE',  ( 0.000000000000000000, -5.491006233794235136, 31.82593266871046467 ) ) ;
#179 = ORIENTED_EDGE ( 'NONE', *, *, #1021, .F. ) ;
#180 = CARTESIAN_POINT ( 'NONE',  ( 7.000000000000000000, 12.48083609354849877, 20.17637155285937567 ) ) ;
#181 = EDGE_LOOP ( 'NONE', ( #302, #940, #1378 ) ) ;
#182 = UNCERTAINTY_MEASURE_WITH_UNIT (LENGTH_MEASURE( 1.000000000000000082E-05 ), #375, 'distance_accuracy_value', 'NONE');
#183 = CARTESIAN_POINT ( 'NONE',  ( 7.000000000000000000, -1.364303576981520383, 32.22782649924861431 ) ) ;
#184 = VECTOR ( 'NONE', #1215, 1000.000000000000000 ) ;
#185 = VECTOR ( 'NONE', #1015, 1000.000000000000000 ) ;
#186 = CARTESIAN_POINT ( 'NONE',  ( 7.000000000000000000, -2.162733208877757995, 32.32220045584868728 ) ) ;
#187 = CARTESIAN_POINT ( 'NONE',  ( 0.000000000000000000, -6.071411779105638118, 34.61685991188772960 ) ) ;
#188 = VERTEX_POINT ( 'NONE', #209 ) ;
#189 = ORIENTED_EDGE ( 'NONE', *, *, #149, .F. ) ;
#190 = CARTESIAN_POINT ( 'NONE',  ( 7.000000000000000000, 15.56256568664753814, 41.22120913586391566 ) ) ;
#191 = ADVANCED_FACE ( 'NONE', ( #96 ), #546, .T. ) ;
#192 = CARTESIAN_POINT ( 'NONE',  ( 7.000000000000000888, 12.48083609354849877, 32.48975361016913155 ) ) ;
#193 = CARTESIAN_POINT ( 'NONE',  ( 1.000000000000000888, 194.9323584858436504, 34.20679751817296932 ) ) ;
#194 = FACE_OUTER_BOUND ( 'NONE', #844, .T. ) ;
#195 = CARTESIAN_POINT ( 'NONE',  ( 7.000000000000000000, 112.2738403947977019, 41.90001831837493285 ) ) ;
#196 = CARTESIAN_POINT ( 'NONE',  ( 7.000000000000000000, 47.00363409386130087, 45.52858577640502347 ) ) ;
#197 = CARTESIAN_POINT ( 'NONE',  ( 0.000000000000000000, -5.305701172550826961, 38.28470654803033568 ) ) ;
#198 = CARTESIAN_POINT ( 'NONE',  ( 1.000000000000000888, 32.34189676252902501, 43.90088999196224506 ) ) ;
#199 = CARTESIAN_POINT ( 'NONE',  ( -35.20255523217979743, 9.294450235276054073, 31.81681296540682524 ) ) ;
#200 = CARTESIAN_POINT ( 'NONE',  ( 7.000000000000000000, 116.6289733771746171, 41.58615839567028161 ) ) ;
#201 = FACE_OUTER_BOUND ( 'NONE', #38, .T. ) ;
#202 = CARTESIAN_POINT ( 'NONE',  ( 7.000000000000000000, 15.56256568664753814, 41.22120913586391566 ) ) ;
#203 = CARTESIAN_POINT ( 'NONE',  ( 0.000000000000000000, -4.674354163073511259, 39.29396481249542461 ) ) ;
#204 = MANIFOLD_SOLID_BREP ( 'Boss-Extrude4', #710 ) ;
#205 = EDGE_CURVE ( 'NONE', #1166, #873, #578, .T. ) ;
#206 = CARTESIAN_POINT ( 'NONE',  ( 1.000000000000000888, 95.05079797641468531, 46.35952324748114961 ) ) ;
#207 = ORIENTED_EDGE ( 'NONE', *, *, #939, .T. ) ;
#208 = CARTESIAN_POINT ( 'NONE',  ( 7.000000000000000000, 97.03540232752870054, 42.73478501422152931 ) ) ;
#209 = CARTESIAN_POINT ( 'NONE',  ( 7.000000000000000000, 136.4051620249825305, 39.92806000164802782 ) ) ;
#210 = CARTESIAN_POINT ( 'NONE',  ( 1.000000000000017319, 21.85745850859535722, 42.32003516145092448 ) ) ;
#211 = LINE ( 'NONE', #116, #1205 ) ;
#212 = CARTESIAN_POINT ( 'NONE',  ( 1.000000000000000888, 57.46655281474442489, 46.34472003020559328 ) ) ;
#213 = CARTESIAN_POINT ( 'NONE',  ( 7.000000000000000000, 2.746671659584214442, 41.79299116710734552 ) ) ;
#214 = CARTESIAN_POINT ( 'NONE',  ( 1.000000000000017319, 27.51810294747369667, 38.49077749630112777 ) ) ;
#215 = CARTESIAN_POINT ( 'NONE',  ( 7.000000000000000000, 47.04058472926008960, 41.14712623921387546 ) ) ;
#216 = CARTESIAN_POINT ( 'NONE',  ( 1.000000000000017319, 19.75928672020315346, 41.95823093518891511 ) ) ;
#217 = LINE ( 'NONE', #554, #630 ) ;
#218 = DIRECTION ( 'NONE',  ( 0.000000000000000000, 0.000000000000000000, 1.000000000000000000 ) ) ;
#219 = CARTESIAN_POINT ( 'NONE',  ( 1.474514954580286030E-14, 6.183393154864762487, 31.06576845651384033 ) ) ;
#220 = CARTESIAN_POINT ( 'NONE',  ( 0.000000000000000000, 49.36262168109011839, 38.35825314659745544 ) ) ;
#221 = CARTESIAN_POINT ( 'NONE',  ( 7.000000000000000000, 134.8335153498665591, 40.07690921905588510 ) ) ;
#222 = CARTESIAN_POINT ( 'NONE',  ( 7.000000000000000000, 9.231410543447477579, 34.87808915355469708 ) ) ;
#223 = CARTESIAN_POINT ( 'NONE',  ( 1.000000000000017319, 57.46655281474442489, 46.34472003020559328 ) ) ;
#224 = DIRECTION ( 'NONE',  ( 0.000000000000000000, 0.9914602155052801846, -0.1304095129590761293 ) ) ;
#225 = DIRECTION ( 'NONE',  ( 0.000000000000000000, -0.000000000000000000, 1.000000000000000000 ) ) ;
#226 = CARTESIAN_POINT ( 'NONE',  ( 7.000000000000000000, 136.4051620249825305, 39.92806000164802782 ) ) ;
#227 = CARTESIAN_POINT ( 'NONE',  ( 0.000000000000000000, 113.7776548161528751, 38.80193182863925472 ) ) ;
#228 = CARTESIAN_POINT ( 'NONE',  ( 7.000000000000000000, 0.4812530486891582471, 41.21907481971641118 ) ) ;
#229 = CARTESIAN_POINT ( 'NONE',  ( 7.000000000000000000, 64.41796361332872323, 42.40557705744818406 ) ) ;
#230 = CARTESIAN_POINT ( 'NONE',  ( 7.000000000000000000, 199.0897272061521335, 33.54539103327172000 ) ) ;
#231 = CARTESIAN_POINT ( 'NONE',  ( 1.000000000000000888, 97.03540232752870054, 42.73478501422152931 ) ) ;
#232 = PLANE ( 'NONE',  #1360 ) ;
#233 = ADVANCED_FACE ( 'NONE', ( #461 ), #487, .T. ) ;
#234 = CARTESIAN_POINT ( 'NONE',  ( 1.474514954580286030E-14, 8.388131077601977736, 31.60718689419314487 ) ) ;
#235 = PLANE ( 'NONE',  #556 ) ;
#236 = CARTESIAN_POINT ( 'NONE',  ( -35.20255523217979743, 9.294450235276054073, 20.17637155285937567 ) ) ;
#237 = CARTESIAN_POINT ( 'NONE',  ( 1.000000000000017319, 8.161871798992049065, 34.63667078312990100 ) ) ;
#238 = CARTESIAN_POINT ( 'NONE',  ( 1.000000000000017319, 82.53161870309817516, 46.67094722049179722 ) ) ;
#239 = CARTESIAN_POINT ( 'NONE',  ( 7.000000000000000000, -0.7524789738495040181, 38.15187002378050352 ) ) ;
#240 = CARTESIAN_POINT ( 'NONE',  ( 1.474514954580286030E-14, 6.983798063139631473, 42.65053014975095635 ) ) ;
#241 = CARTESIAN_POINT ( 'NONE',  ( 1.000000000000000000, 136.4051620249825305, 39.92806000164802782 ) ) ;
#242 = CARTESIAN_POINT ( 'NONE',  ( 7.000000000000000000, -0.3664323118713419536, 29.37759921316741085 ) ) ;
#243 = DIRECTION ( 'NONE',  ( -1.000000000000000000, -0.000000000000000000, -0.000000000000000000 ) ) ;
#244 = CARTESIAN_POINT ( 'NONE',  ( 7.000000000000000000, 24.54883436390396056, 45.81686971965542199 ) ) ;
#245 = CARTESIAN_POINT ( 'NONE',  ( 7.000000000000000000, 12.98944595963266657, 35.65810890829114754 ) ) ;
#246 = CARTESIAN_POINT ( 'NONE',  ( 7.000000000000000000, 182.4591672843404524, 36.15245884737186799 ) ) ;
#247 = CARTESIAN_POINT ( 'NONE',  ( 1.000000000000017319, -3.035863697853585563, 35.31447006202884609 ) ) ;
#248 = CARTESIAN_POINT ( 'NONE',  ( 1.474514954580286030E-14, -4.884695842921570552, 39.00297129952845410 ) ) ;
#249 = CARTESIAN_POINT ( 'NONE',  ( 1.000000000000000888, 9.767582790781149882, 34.99287541126301448 ) ) ;
#250 = CARTESIAN_POINT ( 'NONE',  ( 1.474514954580286030E-14, 1.440207314158033602, 30.04589478851163165 ) ) ;
#251 = VECTOR ( 'NONE', #1202, 1000.000000000000000 ) ;
#252 = CARTESIAN_POINT ( 'NONE',  ( 7.000000000000000888, 39.68277688165156292, 37.26425256906450301 ) ) ;
#253 = CARTESIAN_POINT ( 'NONE',  ( 7.000000000000000000, 0.04278915863435870520, 29.49764430698670026 ) ) ;
#254 = ADVANCED_FACE ( 'NONE', ( #593 ), #400, .T. ) ;
#255 = CARTESIAN_POINT ( 'NONE',  ( 7.000000000000000000, 11.37841963073455709, 35.32599567218873915 ) ) ;
#256 = FILL_AREA_STYLE ('',( #1225 ) ) ;
#257 = CARTESIAN_POINT ( 'NONE',  ( 1.000000000000017319, -2.456771960743778571, 37.23421698133032010 ) ) ;
#258 = CARTESIAN_POINT ( 'NONE',  ( 1.000000000000000888, 6.030523936677397501, 34.12060297208723370 ) ) ;
#259 = LINE ( 'NONE', #1161, #696 ) ;
#260 = CARTESIAN_POINT ( 'NONE',  ( 7.000000000000000000, -5.305701172550826961, 38.28470654803033568 ) ) ;
#261 = CARTESIAN_POINT ( 'NONE',  ( 1.474514954580286030E-14, 62.56079299654682302, 49.61365369549719873 ) ) ;
#262 = CARTESIAN_POINT ( 'NONE',  ( 7.000000000000000000, 194.9323584858436504, 34.20679751817296932 ) ) ;
#263 = ORIENTED_EDGE ( 'NONE', *, *, #76, .T. ) ;
#264 = STYLED_ITEM ( 'NONE', ( #370 ), #204 ) ;
#265 = CARTESIAN_POINT ( 'NONE',  ( 7.000000000000000000, -1.542238009990950731, 38.00065650680324580 ) ) ;
#266 = CARTESIAN_POINT ( 'NONE',  ( 7.000000000000000000, 0.2319562085075380364, 41.19493631393376631 ) ) ;
#267 = CARTESIAN_POINT ( 'NONE',  ( 1.000000000000000888, -3.035863697853585563, 35.31447006202884609 ) ) ;
#268 = CARTESIAN_POINT ( 'NONE',  ( 7.000000000000000000, 40.14169304286613027, 37.32279980310332945 ) ) ;
#269 = EDGE_LOOP ( 'NONE', ( #1300, #1175, #395, #1357 ) ) ;
#270 = CARTESIAN_POINT ( 'NONE',  ( 1.474514954580286030E-14, -5.871250955343244371, 36.68677497220446071 ) ) ;
#271 = CARTESIAN_POINT ( 'NONE',  ( 7.000000000000000000, 128.3864812221034128, 43.79508116490900704 ) ) ;
#272 = CARTESIAN_POINT ( 'NONE',  ( 7.000000000000000000, -0.9699683353410389897, 32.32627015642692214 ) ) ;
#273 = CARTESIAN_POINT ( 'NONE',  ( 7.000000000000000000, 180.7257739545706272, 39.47194446994408423 ) ) ;
#274 = VERTEX_POINT ( 'NONE', #1389 ) ;
#275 = CARTESIAN_POINT ( 'NONE',  ( 7.000000000000000000, 0.05927421264489435987, 41.18852962897791059 ) ) ;
#276 = CARTESIAN_POINT ( 'NONE',  ( 1.000000000000000888, -0.3467560873071580119, 38.17509543350870871 ) ) ;
#277 = CARTESIAN_POINT ( 'NONE',  ( 7.000000000000000000, -3.052439998467408433, 35.04261201723907249 ) ) ;
#278 = PRODUCT_DEFINITION ( 'UNKNOWN', '', #1291, #1286 ) ;
#279 = CARTESIAN_POINT ( 'NONE',  ( 7.000000000000000000, -2.690878283120346826, 32.93654274456103792 ) ) ;
#280 = CARTESIAN_POINT ( 'NONE',  ( 7.000000000000000000, 132.3584713970657560, 37.30122939084757405 ) ) ;
#281 = EDGE_LOOP ( 'NONE', ( #606, #845, #769, #1266 ) ) ;
#282 = CARTESIAN_POINT ( 'NONE',  ( 7.000000000000000000, -4.389276960964076046, 30.21462083197488013 ) ) ;
#283 = CARTESIAN_POINT ( 'NONE',  ( 1.474514954580286030E-14, 84.14073549601545210, 49.66296887905257762 ) ) ;
#284 = CARTESIAN_POINT ( 'NONE',  ( 1.000000000000000888, -2.456771960743778571, 37.23421698133032010 ) ) ;
#285 = CARTESIAN_POINT ( 'NONE',  ( 7.000000000000000000, -2.552011225032941422, 32.70146310007406498 ) ) ;
#286 = CARTESIAN_POINT ( 'NONE',  ( 0.000000000000000000, 16.43371446573924288, 44.42198794158660746 ) ) ;
#287 = ORIENTED_EDGE ( 'NONE', *, *, #767, .F. ) ;
#288 = CARTESIAN_POINT ( 'NONE',  ( 7.000000000000000000, 182.4591672843404524, 36.15245884737186799 ) ) ;
#289 = CARTESIAN_POINT ( 'NONE',  ( 1.000000000000000888, 115.8939563757322873, 45.05369988873982123 ) ) ;
#290 = CARTESIAN_POINT ( 'NONE',  ( 7.000000000000000000, 41.05954679718065847, 37.43740742883801431 ) ) ;
#291 = ORIENTED_EDGE ( 'NONE', *, *, #1059, .T. ) ;
#292 = CARTESIAN_POINT ( 'NONE',  ( 7.000000000000000000, 7.165882161353812840, 39.63197671016316548 ) ) ;
#293 = CARTESIAN_POINT ( 'NONE',  ( 0.000000000000000000, -4.099303641229094630, 39.90329491049718769 ) ) ;
#294 = VERTEX_POINT ( 'NONE', #180 ) ;
#295 = VECTOR ( 'NONE', #1098, 1000.000000000000000 ) ;
#296 = EDGE_CURVE ( 'NONE', #742, #960, #631, .T. ) ;
#297 = DIRECTION ( 'NONE',  ( 0.000000000000000000, -1.408811541705554283E-16, 1.000000000000000000 ) ) ;
#298 = B_SPLINE_CURVE_WITH_KNOTS ( 'NONE', 3,
 ( #1285, #538, #749, #644, #1067, #1410, #431, #1223, #688, #337, #135, #11, #26, #128, #911, #244, #1093, #1323, #476, #575, #1008, #1425, #367, #1190, #213, #1086, #891, #228, #901, #101, #1316, #695, #330, #784, #777, #1207, #1259, #152, #1043, #1241, #1050, #806, #160, #617, #260, #734, #591, #1354, #53, #1390, #501, #624, #1056, #838, #515, #282, #1375, #1232, #946, #929, #938, #711, #1264, #509, #253, #58, #401, #493, #1148, #1156, #1364, #394, #720, #384, #1383, #376, #45, #610, #1140, #823 ),
 .UNSPECIFIED., .F., .F.,
 ( 4, 1, 1, 1, 1, 1, 1, 1, 1, 1, 1, 1, 1, 1, 1, 1, 1, 1, 1, 1, 1, 1, 1, 1, 1, 1, 1, 1, 1, 1, 1, 1, 1, 1, 1, 1, 1, 1, 1, 1, 1, 1, 1, 1, 1, 1, 1, 1, 1, 1, 1, 1, 1, 1, 1, 1, 1, 1, 1, 1, 1, 1, 1, 1, 1, 1, 1, 1, 1, 1, 1, 1, 1, 1, 1, 1, 1, 4 ),
 ( -0.006335763418599682159, 0.04713952595901726994, 0.1006148153366342168, 0.1540901047142511637, 0.2075653940918681106, 0.2343030387806765980, 0.2610406834694850575, 0.2877783281582935171, 0.3145159728471020322, 0.3412536175359105473, 0.3679912622247190068, 0.3947289069135274664, 0.4080977292579316962, 0.4214665516023359260, 0.4348353739467401557, 0.4482041962911443855, 0.4548886074633465282, 0.4615730186355486708, 0.4682574298077508135, 0.4749418409799528451, 0.4782840465660538887, 0.4816262521521549878, 0.4849684577382560313, 0.4883106633243570749, 0.4916528689104580629, 0.4933239717035086680, 0.4949950744965591620, 0.4958306258930844090, 0.4966661772896096561, 0.4975017286861349031, 0.4983372800826602611, 0.4991728314791855081, 0.5000083828757108106, 0.5004261585739734342, 0.5008439342722360577, 0.5012617099704986812, 0.5016794856687613047, 0.5020972613670240392, 0.5023061492161553510, 0.5025150370652866627, 0.5029328127635492862, 0.5033505884618119097, 0.5037683641600745332, 0.5041861398583371567, 0.5050216912548624038, 0.5066927940479128978, 0.5083638968409633918, 0.5100349996340138858, 0.5117061024270644909, 0.5125416538235898489, 0.5133772052201150959, 0.5142127566166403430, 0.5146305323149029665, 0.5150483080131655900, 0.5158838594096908370, 0.5163016351079534605, 0.5165105229570847722, 0.5167194108062160840, 0.5171371865044787075, 0.5175549622027413310, 0.5179727379010039545, 0.5183905135992665780, 0.5188082892975292015, 0.5192260649957918250, 0.5200616163923170721, 0.5217327191853676771, 0.5225682705818930351, 0.5234038219784182822, 0.5250749247714687762, 0.5267460275645192702, 0.5284171303575697642, 0.5300882331506202583, 0.5317593359436707523, 0.5351015415297718514, 0.5384437471158729505, 0.5411385239579660222, 0.5419740753544912693, 0.5428096267492704685 ),
 .UNSPECIFIED. ) ;
#299 = VECTOR ( 'NONE', #839, 1000.000000000000000 ) ;
#300 = CARTESIAN_POINT ( 'NONE',  ( 1.000000000000017319, -3.033555832678165309, 34.23696973741184735 ) ) ;
#301 = CARTESIAN_POINT ( 'NONE',  ( 0.000000000000000000, 6.183393154864762487, 31.06576845651384033 ) ) ;
#302 = ORIENTED_EDGE ( 'NONE', *, *, #119, .F. ) ;
#303 = CARTESIAN_POINT ( 'NONE',  ( 7.000000000000000000, 4.967108813971025327, 33.85060602638663596 ) ) ;
#304 = CARTESIAN_POINT ( 'NONE',  ( 7.000000000000000000, 38.62714512131501721, 44.65698927650647931 ) ) ;
#305 = CARTESIAN_POINT ( 'NONE',  ( 0.000000000000000000, -6.033253525910379444, 35.62637006405736173 ) ) ;
#306 = CARTESIAN_POINT ( 'NONE',  ( 1.000000000000000888, 190.7748954912443935, 34.86485386114823370 ) ) ;
#307 = ORIENTED_EDGE ( 'NONE', *, *, #1221, .T. ) ;
#308 = CARTESIAN_POINT ( 'NONE',  ( 7.000000000000000000, 134.8335153498665591, 40.07690921905588510 ) ) ;
#309 = CARTESIAN_POINT ( 'NONE',  ( 1.000000000000017319, 13.46377674345596631, 40.83747362638155209 ) ) ;
#310 = CARTESIAN_POINT ( 'NONE',  ( 0.000000000000000000, 6.983798063139631473, 42.65053014975095635 ) ) ;
#311 = EDGE_CURVE ( 'NONE', #594, #274, #648, .T. ) ;
#312 = CARTESIAN_POINT ( 'NONE',  ( 1.000000000000000888, 21.85745850859535722, 42.32003516145092448 ) ) ;
#313 = LINE ( 'NONE', #199, #146 ) ;
#314 = CARTESIAN_POINT ( 'NONE',  ( 7.000000000000000000, 77.45937211158918956, 42.86156636260351149 ) ) ;
#315 = CARTESIAN_POINT ( 'NONE',  ( 7.000000000000000000, 40.52874336677092515, 40.40282210295535492 ) ) ;
#316 = CARTESIAN_POINT ( 'NONE',  ( 7.000000000000000000, 13.46377674345596631, 40.83747362638155209 ) ) ;
#317 = CARTESIAN_POINT ( 'NONE',  ( 0.000000000000000000, 4.219118242501721738, 42.12209757933960930 ) ) ;
#318 = DIRECTION ( 'NONE',  ( 0.000000000000000000, -1.000000000000000000, 1.415505911028644118E-14 ) ) ;
#319 = VECTOR ( 'NONE', #466, 1000.000000000000000 ) ;
#320 = CARTESIAN_POINT ( 'NONE',  ( 1.000000000000000888, 165.8263827271446758, 38.68047176515962349 ) ) ;
#321 = ORIENTED_EDGE ( 'NONE', *, *, #961, .T. ) ;
#322 = CARTESIAN_POINT ( 'NONE',  ( 1.000000000000017319, 103.5649104783364862, 42.44990636563244379 ) ) ;
#323 = CARTESIAN_POINT ( 'NONE',  ( 7.000000000000000000, 64.41796361332872323, 42.40557705744818406 ) ) ;
#324 = CARTESIAN_POINT ( 'NONE',  ( 7.000000000000000000, 40.72164953525831521, 44.88846926678216676 ) ) ;
#325 = CARTESIAN_POINT ( 'NONE',  ( 1.000000000000000888, 51.38363549767369420, 41.53711844795868302 ) ) ;
#326 = DIRECTION ( 'NONE',  ( 0.000000000000000000, 0.9989951386902530261, 0.04481866657144209509 ) ) ;
#327 = CARTESIAN_POINT ( 'NONE',  ( 1.474514954580286030E-14, 2.032724725345800287, 30.23447594548850148 ) ) ;
#328 = CARTESIAN_POINT ( 'NONE',  ( 0.000000000000000000, 43.60244812123830371, 37.74098419608938570 ) ) ;
#329 = CARTESIAN_POINT ( 'NONE',  ( 7.000000000000000888, 80.52265093222071357, 39.93669370054978174 ) ) ;
#330 = CARTESIAN_POINT ( 'NONE',  ( 7.000000000000000000, -1.295129027702632829, 41.11712360988800441 ) ) ;
#331 = CARTESIAN_POINT ( 'NONE',  ( 1.000000000000017319, 116.6289733771746171, 41.58615839567028161 ) ) ;
#332 = CARTESIAN_POINT ( 'NONE',  ( 7.000000000000000000, 2.545841083749560418, 33.38383798764628807 ) ) ;
#333 = CARTESIAN_POINT ( 'NONE',  ( 1.000000000000017319, 78.35696071658088613, 46.71796037283152003 ) ) ;
#334 = CARTESIAN_POINT ( 'NONE',  ( 7.000000000000000000, 202.0897272061520482, 28.26254687935834653 ) ) ;
#335 = CARTESIAN_POINT ( 'NONE',  ( 7.000000000000000000, -0.6995746967717433318, 29.30019674060362789 ) ) ;
#336 = CARTESIAN_POINT ( 'NONE',  ( 7.000000000000000888, 102.6578481316482225, 39.54689827585541906 ) ) ;
#337 = CARTESIAN_POINT ( 'NONE',  ( 7.000000000000000000, 73.37176221790892328, 49.74856308425114548 ) ) ;
#338 = CARTESIAN_POINT ( 'NONE',  ( 7.000000000000000000, 73.11149861051296739, 42.75252354560661416 ) ) ;
#339 = EDGE_CURVE ( 'NONE', #1136, #832, #1414, .T. ) ;
#340 = CARTESIAN_POINT ( 'NONE',  ( 1.000000000000017319, 128.3864812221034128, 43.79508116490900704 ) ) ;
#341 = CARTESIAN_POINT ( 'NONE',  ( 7.000000000000000000, -0.3467560873071580119, 38.17509543350870871 ) ) ;
#342 = CARTESIAN_POINT ( 'NONE',  ( 1.000000000000000888, 27.51810294747369667, 38.49077749630112777 ) ) ;
#343 = FACE_OUTER_BOUND ( 'NONE', #175, .T. ) ;
#344 = CARTESIAN_POINT ( 'NONE',  ( 7.000000000000000000, -2.805019246127276045, 29.34895110454343126 ) ) ;
#345 = VECTOR ( 'NONE', #1048, 1000.000000000000000 ) ;
#346 =( NAMED_UNIT ( * ) SI_UNIT ( $, .STERADIAN. ) SOLID_ANGLE_UNIT ( ) );
#347 = CARTESIAN_POINT ( 'NONE',  ( 7.000000000000000888, 69.43965669975554533, 39.65085326244597042 ) ) ;
#348 = CARTESIAN_POINT ( 'NONE',  ( 1.000000000000017319, 0.1663334794769787683, 32.78751141905293309 ) ) ;
#349 = CARTESIAN_POINT ( 'NONE',  ( 1.000000000000017319, 95.05079797641468531, 46.35952324748114961 ) ) ;
#350 = CARTESIAN_POINT ( 'NONE',  ( 7.000000000000000000, -1.023133427996178790, 38.12976005284600944 ) ) ;
#351 = CARTESIAN_POINT ( 'NONE',  ( 7.000000000000000000, -3.850709024106746980, 40.10617851126102096 ) ) ;
#352 = CARTESIAN_POINT ( 'NONE',  ( 1.000000000000000888, 17.81725788270787092, 36.68244003222852001 ) ) ;
#353 = CARTESIAN_POINT ( 'NONE',  ( 1.474514954580286030E-14, -3.304844687053915653, 29.54538260915341041 ) ) ;
#354 = CARTESIAN_POINT ( 'NONE',  ( 0.000000000000000000, 12.48083609354849877, 20.17637155285937567 ) ) ;
#355 = CARTESIAN_POINT ( 'NONE',  ( 7.000000000000000888, 41.05954679718065847, 37.43740742883801431 ) ) ;
#356 = PRESENTATION_LAYER_ASSIGNMENT (  '', '', ( #264 ) ) ;
#357 = CARTESIAN_POINT ( 'NONE',  ( 7.000000000000000000, -0.3259233334848535280, 32.54461966081078117 ) ) ;
#358 = CARTESIAN_POINT ( 'NONE',  ( 1.474514954580286030E-14, 8.744613954739573813, 42.97975621753752762 ) ) ;
#359 = CARTESIAN_POINT ( 'NONE',  ( 1.000000000000017319, 157.5093986561984707, 39.92344822378920810 ) ) ;
#360 = CARTESIAN_POINT ( 'NONE',  ( 7.000000000000000000, -2.909395576519592463, 36.11116413519204116 ) ) ;
#361 = CARTESIAN_POINT ( 'NONE',  ( 7.000000000000000000, -4.884695842921570552, 39.00297129952845410 ) ) ;
#362 = LINE ( 'NONE', #780, #44 ) ;
#363 = CARTESIAN_POINT ( 'NONE',  ( 1.474514954580286030E-14, 8.964976357823744024, 31.74163537451448747 ) ) ;
#364 = ADVANCED_FACE ( 'NONE', ( #125 ), #869, .F. ) ;
#365 = APPLICATION_PROTOCOL_DEFINITION ( 'draft international standard', 'automotive_design', 1998, #1029 ) ;
#366 = CARTESIAN_POINT ( 'NONE',  ( 7.000000000000000000, 199.0897272061520198, 31.68298522458125177 ) ) ;
#367 = CARTESIAN_POINT ( 'NONE',  ( 7.000000000000000000, 5.616535259945114156, 42.39913828042006116 ) ) ;
#368 = CARTESIAN_POINT ( 'NONE',  ( 7.000000000000000000, 17.81725788270787092, 36.68244003222852001 ) ) ;
#369 = LINE ( 'NONE', #1348, #299 ) ;
#370 = PRESENTATION_STYLE_ASSIGNMENT (( #1028 ) ) ;
#371 = CARTESIAN_POINT ( 'NONE',  ( 1.000000000000017319, -2.382688737947760593, 37.34697075960096413 ) ) ;
#372 = CARTESIAN_POINT ( 'NONE',  ( 7.000000000000000000, -2.717947589671245279, 40.76897937448613618 ) ) ;
#373 = CARTESIAN_POINT ( 'NONE',  ( 1.000000000000000888, 2.447910701638555953, 38.59547213654821007 ) ) ;
#374 = LINE ( 'NONE', #812, #1304 ) ;
#375 =( LENGTH_UNIT ( ) NAMED_UNIT ( * ) SI_UNIT ( .MILLI., .METRE. ) );
#376 = CARTESIAN_POINT ( 'NONE',  ( 7.000000000000000000, 7.477229373883561792, 31.38610606488888877 ) ) ;
#377 = CARTESIAN_POINT ( 'NONE',  ( 1.000000000000017319, -1.364303576981520383, 32.22782649924861431 ) ) ;
#378 = CARTESIAN_POINT ( 'NONE',  ( 7.000000000000000000, 145.0309436172414337, 41.68205322587908057 ) ) ;
#379 = ORIENTED_EDGE ( 'NONE', *, *, #1274, .T. ) ;
#380 = CARTESIAN_POINT ( 'NONE',  ( 1.000000000000017319, -2.756059878853764467, 36.62676096355476574 ) ) ;
#381 = CARTESIAN_POINT ( 'NONE',  ( 7.000000000000000000, 0.4812530486891582471, 41.21907481971641118 ) ) ;
#382 = CARTESIAN_POINT ( 'NONE',  ( 1.000000000000000888, -2.382688737947760593, 37.34697075960096413 ) ) ;
#383 = LINE ( 'NONE', #391, #107 ) ;
#384 = CARTESIAN_POINT ( 'NONE',  ( 7.000000000000000000, 4.977847845730808629, 30.78783391147796067 ) ) ;
#385 = CARTESIAN_POINT ( 'NONE',  ( 7.000000000000000000, 42.64564384191827884, 48.12767099062932630 ) ) ;
#386 = ADVANCED_FACE ( 'NONE', ( #766 ), #781, .T. ) ;
#387 = ORIENTED_EDGE ( 'NONE', *, *, #974, .T. ) ;
#388 = CARTESIAN_POINT ( 'NONE',  ( 1.000000000000000888, -1.413994755556277516, 38.03772020561468992 ) ) ;
#389 = CARTESIAN_POINT ( 'NONE',  ( 7.000000000000000000, -0.7524789738495040181, 38.15187002378050352 ) ) ;
#390 = CARTESIAN_POINT ( 'NONE',  ( 7.000000000000000000, -2.274921041476986705, 32.39909077861550912 ) ) ;
#391 = CARTESIAN_POINT ( 'NONE',  ( 7.000000000000000000, 39.68277694100778064, 20.17637155285937567 ) ) ;
#392 = VERTEX_POINT ( 'NONE', #108 ) ;
#393 = CARTESIAN_POINT ( 'NONE',  ( 7.000000000000000000, -5.999519505787128004, 33.70822590936989371 ) ) ;
#394 = CARTESIAN_POINT ( 'NONE',  ( 7.000000000000000000, 3.189748159573845498, 30.44766863736499829 ) ) ;
#395 = ORIENTED_EDGE ( 'NONE', *, *, #557, .T. ) ;
#396 = CARTESIAN_POINT ( 'NONE',  ( 1.000000000000000888, 4.541474874361657754, 39.11957472445448758 ) ) ;
#397 = CARTESIAN_POINT ( 'NONE',  ( 7.000000000000000000, -2.211051339994434706, 37.55869174729115656 ) ) ;
#398 = CARTESIAN_POINT ( 'NONE',  ( 0.000000000000000000, 30.00784804239524206, 46.62793137793659781 ) ) ;
#399 = ORIENTED_EDGE ( 'NONE', *, *, #1021, .T. ) ;
#400 = B_SPLINE_SURFACE_WITH_KNOTS ( 'NONE', 3, 1, ( 
 ( #230, #1135 ),
 ( #262, #478 ),
 ( #6, #37 ),
 ( #246, #681 ),
 ( #586, #1242 ),
 ( #809, #1010 ),
 ( #923, #359 ),
 ( #378, #913 ),
 ( #1356, #454 ),
 ( #570, #816 ),
 ( #893, #340 ),
 ( #1349, #1234 ),
 ( #896, #1210 ),
 ( #713, #1106 ),
 ( #1333, #904 ),
 ( #20, #349 ),
 ( #800, #791 ),
 ( #1217, #238 ),
 ( #469, #333 ),
 ( #779, #428 ),
 ( #433, #1201 ),
 ( #1428, #223 ),
 ( #1406, #867 ),
 ( #196, #1319 ),
 ( #1412, #527 ),
 ( #324, #969 ),
 ( #304, #1069 ),
 ( #1097, #764 ),
 ( #674, #553 ),
 ( #862, #964 ),
 ( #992, #856 ),
 ( #447, #1186 ),
 ( #1296, #1193 ),
 ( #1089, #210 ),
 ( #89, #216 ),
 ( #1178, #1302 ),
 ( #202, #1082 ),
 ( #316, #309 ),
 ( #759, #1400 ),
 ( #885, #421 ),
 ( #1418, #1289 ),
 ( #646, #1310 ),
 ( #753, #655 ),
 ( #439, #667 ),
 ( #1172, #976 ),
 ( #81, #534 ),
 ( #97, #1075 ),
 ( #540, #547 ),
 ( #982, #877 ),
 ( #772, #105 ),
 ( #1031, #801 ),
 ( #595, #1113 ),
 ( #479, #39 ),
 ( #1334, #470 ),
 ( #341, #587 ),
 ( #239, #707 ),
 ( #350, #1342 ),
 ( #563, #792 ),
 ( #265, #689 ),
 ( #997, #715 ),
 ( #1211, #1011 ),
 ( #130, #1018 ),
 ( #21, #138 ),
 ( #115, #1126 ),
 ( #905, #914 ),
 ( #489, #371 ),
 ( #1350, #257 ),
 ( #579, #1358 ),
 ( #925, #380 ),
 ( #360, #1226 ),
 ( #1327, #682 ),
 ( #818, #247 ),
 ( #697, #31 ),
 ( #1119, #1235 ),
 ( #1244, #300 ),
 ( #1168, #406 ),
 ( #1160, #955 ),
 ( #1270, #739 ),
 ( #279, #1063 ),
 ( #640, #1371 ),
 ( #410, #847 ),
 ( #390, #827 ),
 ( #186, #1277 ),
 ( #744, #634 ),
 ( #70, #523 ),
 ( #1396, #1249 ),
 ( #1133, #377 ),
 ( #1141, #494 ),
 ( #272, #1233 ),
 ( #357, #1009 ),
 ( #712, #348 ),
 ( #721, #592 ),
 ( #815, #1124 ),
 ( #136, #459 ),
 ( #161, #153 ),
 ( #912, #790 ),
 ( #1332, #599 ),
 ( #145, #27 ),
 ( #807, #1036 ),
 ( #46, #237 ),
 ( #1111, #19 ),
 ( #467, #36 ),
 ( #902, #930 ),
 ( #255, #1339 ),
 ( #703, #1224 ),
 ( #245, #1118 ),
 ( #1026, #1347 ),
 ( #584, #1016 ),
 ( #368, #485 ),
 ( #921, #477 ),
 ( #176, #850 ),
 ( #1281, #1324 ),
 ( #94, #883 ),
 ( #568, #214 ),
 ( #874, #664 ),
 ( #1079, #1105 ),
 ( #113, #545 ),
 ( #437, #1404 ),
 ( #425, #1087 ),
 ( #1208, #1198 ),
 ( #4, #653 ),
 ( #229, #102 ),
 ( #338, #860 ),
 ( #314, #453 ),
 ( #1294, #1183 ),
 ( #1317, #671 ),
 ( #208, #1176 ),
 ( #892, #445 ),
 ( #785, #322 ),
 ( #973, #551 ),
 ( #988, #680 ),
 ( #1094, #980 ),
 ( #200, #331 ),
 ( #1073, #1308 ),
 ( #121, #561 ),
 ( #87, #770 ),
 ( #221, #659 ),
 ( #1191, #1426 ),
 ( #623, #951 ) ),
 .UNSPECIFIED., .F., .F., .F.,
 ( 4, 2, 2, 2, 2, 2, 2, 2, 2, 2, 2, 2, 2, 2, 2, 2, 2, 2, 2, 2, 2, 2, 2, 2, 2, 2, 2, 2, 2, 2, 2, 2, 2, 2, 2, 2, 2, 2, 2, 2, 2, 2, 2, 2, 2, 2, 2, 1, 2, 2, 2, 2, 2, 2, 2, 2, 2, 2, 2, 2, 2, 2, 2, 2, 2, 2, 2, 2, 2, 4 ),
 ( 2, 2 ),
 ( 0.000000000000000000, 0.03124999999999870937, 0.06249999999999741873, 0.1249999999999946293, 0.1562499999999932554, 0.1874999999999918399, 0.2187499999999904521, 0.2499999999999890365, 0.2812499999999876765, 0.3124999999999862887, 0.3437499999999848455, 0.3749999999999834022, 0.3906249999999826250, 0.4062499999999819034, 0.4218749999999811262, 0.4296874999999807376, 0.4374999999999804046, 0.4531249999999796274, 0.4609374999999792388, 0.4687499999999788503, 0.4765624999999784617, 0.4843749999999781286, 0.4882812499999779066, 0.4902343749999777955, 0.4921874999999777400, 0.4960937499999775180, 0.4970703124999774625, 0.4980468749999774070, 0.4999999999999773515, 0.5009765624999773515, 0.5019531249999772404, 0.5024414062499772404, 0.5029296874999772404, 0.5039062499999772404, 0.5058593749999772404, 0.5078124999999772404, 0.5097656249999772404, 0.5117187499999773515, 0.5136718749999773515, 0.5146484374999774625, 0.5156249999999774625, 0.5166015624999775735, 0.5175781249999775735, 0.5185546874999776845, 0.5195312499999777955, 0.5234374999999779066, 0.5273437499999781286, 0.5292968749999782396, 0.5312499999999783507, 0.5390624999999786837, 0.5429687499999789058, 0.5468749999999791278, 0.5507812499999792388, 0.5546874999999794609, 0.5624999999999797939, 0.5703124999999801270, 0.5781249999999804601, 0.5937499999999811262, 0.6093749999999817923, 0.6249999999999824585, 0.6562499999999839018, 0.6874999999999852340, 0.7187499999999866773, 0.7499999999999880096, 0.7656249999999886757, 0.7812499999999893419, 0.7968749999999901190, 0.8124999999999907851, 0.8437499999999923395, 0.8493959144589365851 ),
 ( 0.000000000000000000, 1.000000000000000000 ),
 .UNSPECIFIED. ) ;
#401 = CARTESIAN_POINT ( 'NONE',  ( 7.000000000000000000, 1.079525197265185588, 29.90016138598954853 ) ) ;
#402 = ORIENTED_EDGE ( 'NONE', *, *, #853, .T. ) ;
#403 = VECTOR ( 'NONE', #1203, 1000.000000000000000 ) ;
#404 = CARTESIAN_POINT ( 'NONE',  ( 1.000000000000000888, 82.53161870309817516, 46.67094722049179722 ) ) ;
#405 = CARTESIAN_POINT ( 'NONE',  ( 7.000000000000000000, 0.06073204726668538639, 38.18829562554184065 ) ) ;
#406 = CARTESIAN_POINT ( 'NONE',  ( 1.000000000000017319, -2.951883731983890424, 33.70446422215513849 ) ) ;
#407 = CARTESIAN_POINT ( 'NONE',  ( 7.000000000000000000, 136.0666348804983272, 36.94674739450726975 ) ) ;
#408 = ORIENTED_EDGE ( 'NONE', *, *, #1221, .F. ) ;
#409 = CARTESIAN_POINT ( 'NONE',  ( 7.000000000000000000, -1.907355495500515197, 32.22016580801045649 ) ) ;
#410 = CARTESIAN_POINT ( 'NONE',  ( 7.000000000000000000, -2.471019030991516097, 32.59086682571132343 ) ) ;
#411 = CARTESIAN_POINT ( 'NONE',  ( 0.000000000000000000, -0.3664323118713419536, 29.37759921316741085 ) ) ;
#412 = ORIENTED_EDGE ( 'NONE', *, *, #296, .T. ) ;
#413 = EDGE_CURVE ( 'NONE', #817, #873, #555, .T. ) ;
#414 = DIRECTION ( 'NONE',  ( 1.000000000000000000, 0.000000000000000000, 0.000000000000000000 ) ) ;
#415 = PLANE ( 'NONE',  #1374 ) ;
#416 = CARTESIAN_POINT ( 'NONE',  ( 7.000000000000000000, 0.1969437493854754584, 38.19052439093439943 ) ) ;
#417 = CARTESIAN_POINT ( 'NONE',  ( 0.000000000000000000, 8.388131077601977736, 31.60718689419314487 ) ) ;
#418 = VECTOR ( 'NONE', #224, 1000.000000000000114 ) ;
#419 = DIRECTION ( 'NONE',  ( 1.000000000000000000, 0.000000000000000000, 0.000000000000000000 ) ) ;
#420 = CARTESIAN_POINT ( 'NONE',  ( 7.000000000000000000, 12.98944595963266657, 35.65810890829114754 ) ) ;
#421 = CARTESIAN_POINT ( 'NONE',  ( 1.000000000000017319, 10.31472649702484468, 40.23106653416466116 ) ) ;
#422 = CARTESIAN_POINT ( 'NONE',  ( 0.000000000000000000, -2.717947589671245279, 40.76897937448613618 ) ) ;
#423 = CARTESIAN_POINT ( 'NONE',  ( 0.000000000000000000, 80.52265093222071357, 39.93669370054978174 ) ) ;
#424 = ORIENTED_EDGE ( 'NONE', *, *, #339, .T. ) ;
#425 = CARTESIAN_POINT ( 'NONE',  ( 7.000000000000000000, 47.04058472926008960, 41.14712623921387546 ) ) ;
#426 = EDGE_CURVE ( 'NONE', #496, #594, #1213, .T. ) ;
#427 = CARTESIAN_POINT ( 'NONE',  ( 7.000000000000000000, 18.89097110700377158, 36.90546618629826980 ) ) ;
#428 = CARTESIAN_POINT ( 'NONE',  ( 1.000000000000017319, 70.00473773709352088, 46.70868296521359753 ) ) ;
#429 = CARTESIAN_POINT ( 'NONE',  ( 0.000000000000000000, -1.295129027702632829, 41.11712360988800441 ) ) ;
#430 = CARTESIAN_POINT ( 'NONE',  ( 1.000000000000000888, 53.28290484409785677, 46.07226408292206088 ) ) ;
#431 = CARTESIAN_POINT ( 'NONE',  ( 7.000000000000000000, 105.6952786953121404, 48.85609050469867753 ) ) ;
#432 = CARTESIAN_POINT ( 'NONE',  ( 7.000000000000000000, 34.01925827577677808, 39.52125283308586035 ) ) ;
#433 = CARTESIAN_POINT ( 'NONE',  ( 7.000000000000000000, 65.82730621774713597, 46.65713553914280709 ) ) ;
#434 = CARTESIAN_POINT ( 'NONE',  ( 0.000000000000000000, 1.519761260300199979, 41.44566897933530925 ) ) ;
#435 = CARTESIAN_POINT ( 'NONE',  ( 1.000000000000000888, 25.00391223934092366, 42.83417217662283605 ) ) ;
#436 = VERTEX_POINT ( 'NONE', #692 ) ;
#437 = CARTESIAN_POINT ( 'NONE',  ( 7.000000000000000000, 40.52874336677092515, 40.40282210295535492 ) ) ;
#438 = DIRECTION ( 'NONE',  ( 0.000000000000000000, -1.000000000000000000, 5.961230465694261130E-14 ) ) ;
#439 = CARTESIAN_POINT ( 'NONE',  ( 7.000000000000000000, 4.541474874361657754, 39.11957472445448758 ) ) ;
#440 = CARTESIAN_POINT ( 'NONE',  ( 1.000000000000000888, 110.0963773667527477, 42.05092101069669752 ) ) ;
#441 = VECTOR ( 'NONE', #668, 1000.000000000000000 ) ;
#442 = CARTESIAN_POINT ( 'NONE',  ( 7.000000000000000000, 0.04278915863435870520, 29.49764430698670026 ) ) ;
#443 = CARTESIAN_POINT ( 'NONE',  ( 1.000000000000000888, 103.3916161488528331, 45.96351813323961721 ) ) ;
#444 = FACE_OUTER_BOUND ( 'NONE', #49, .T. ) ;
#445 = CARTESIAN_POINT ( 'NONE',  ( 1.000000000000017319, 99.21164636056302299, 42.65489515440965107 ) ) ;
#446 = CARTESIAN_POINT ( 'NONE',  ( 7.000000000000000000, 14.59943176835909107, 35.99575191101558858 ) ) ;
#447 = CARTESIAN_POINT ( 'NONE',  ( 7.000000000000000000, 26.05258725531788500, 43.00047327457542679 ) ) ;
#448 = CARTESIAN_POINT ( 'NONE',  ( 1.000000000000000888, 38.35860636928598666, 40.12694521329083841 ) ) ;
#449 = CARTESIAN_POINT ( 'NONE',  ( -35.20255523217979743, 35.98083609354849699, 33.54405169795538200 ) ) ;
#450 = CARTESIAN_POINT ( 'NONE',  ( 7.000000000000000000, 8.964976357823744024, 31.74163537451448747 ) ) ;
#451 = ADVANCED_FACE ( 'NONE', ( #343 ), #232, .T. ) ;
#452 = CARTESIAN_POINT ( 'NONE',  ( 7.000000000000000000, 199.0897272061521335, 33.54539103327172000 ) ) ;
#453 = CARTESIAN_POINT ( 'NONE',  ( 1.000000000000017319, 77.45937211158918956, 42.86156636260351149 ) ) ;
#454 = CARTESIAN_POINT ( 'NONE',  ( 1.000000000000017319, 140.8709078414705118, 42.24868292419648697 ) ) ;
#455 = CARTESIAN_POINT ( 'NONE',  ( 1.000000000000000888, 134.8335153498665591, 40.07690921905588510 ) ) ;
#456 = CARTESIAN_POINT ( 'NONE',  ( 1.474514954580286030E-14, -5.491006233794235136, 31.82593266871046467 ) ) ;
#457 = B_SPLINE_CURVE_WITH_KNOTS ( 'NONE', 3,
 ( #1363, #709, #507, #1263, #949, #821, #1130, #828, #597, #943, #727, #1033, #1381, #42, #398, #1247, #836, #286, #172, #1297, #628, #310, #956, #317, #1413, #434, #868, #71, #641, #75, #1303, #1057, #429, #90, #635, #422, #857, #959, #1164, #293, #760, #203, #1173, #765, #197, #656, #535, #305, #187, #748, #67, #1076, #178, #863, #1060, #528, #1393, #965, #519, #754, #1401, #647, #1064, #411, #1290, #1179, #970, #1407, #848, #745, #1278, #524, #977, #541, #301, #1397, #417, #1070, #852, #1283 ),
 .UNSPECIFIED., .F., .F.,
 ( 4, 1, 1, 1, 1, 1, 1, 1, 1, 1, 1, 1, 1, 1, 1, 1, 1, 1, 1, 1, 1, 1, 1, 1, 1, 1, 1, 1, 1, 1, 1, 1, 1, 1, 1, 1, 1, 1, 1, 1, 1, 1, 1, 1, 1, 1, 1, 1, 1, 1, 1, 1, 1, 1, 1, 1, 1, 1, 1, 1, 1, 1, 1, 1, 1, 1, 1, 1, 1, 1, 1, 1, 1, 1, 1, 1, 1, 4 ),
 ( -0.006335763418599682159, 0.04713952595901726994, 0.1006148153366342168, 0.1540901047142511637, 0.2075653940918681106, 0.2343030387806765980, 0.2610406834694850575, 0.2877783281582935171, 0.3145159728471020322, 0.3412536175359105473, 0.3679912622247190068, 0.3947289069135274664, 0.4080977292579316962, 0.4214665516023359260, 0.4348353739467401557, 0.4482041962911443855, 0.4548886074633464727, 0.4615730186355486153, 0.4682574298077508135, 0.4749418409799528451, 0.4782840465660538887, 0.4816262521521549322, 0.4849684577382559758, 0.4883106633243570194, 0.4916528689104581185, 0.4933239717035086125, 0.4949950744965591620, 0.4958306258930844090, 0.4966661772896096561, 0.4975017286861349031, 0.4983372800826602611, 0.4991728314791855081, 0.5000083828757108106, 0.5004261585739734342, 0.5008439342722360577, 0.5012617099704986812, 0.5016794856687613047, 0.5020972613670240392, 0.5023061492161553510, 0.5025150370652866627, 0.5029328127635492862, 0.5033505884618119097, 0.5037683641600745332, 0.5041861398583371567, 0.5050216912548624038, 0.5066927940479128978, 0.5083638968409633918, 0.5100349996340138858, 0.5117061024270644909, 0.5125416538235898489, 0.5133772052201150959, 0.5142127566166403430, 0.5146305323149029665, 0.5150483080131655900, 0.5158838594096908370, 0.5163016351079534605, 0.5165105229570847722, 0.5167194108062160840, 0.5171371865044787075, 0.5175549622027413310, 0.5179727379010039545, 0.5183905135992665780, 0.5188082892975292015, 0.5192260649957918250, 0.5200616163923170721, 0.5217327191853676771, 0.5225682705818930351, 0.5234038219784182822, 0.5250749247714687762, 0.5267460275645192702, 0.5284171303575697642, 0.5300882331506202583, 0.5317593359436707523, 0.5351015415297718514, 0.5384437471158729505, 0.5411385239579660222, 0.5419740753544912693, 0.5428096267510165163 ),
 .UNSPECIFIED. ) ;
#458 = CARTESIAN_POINT ( 'NONE',  ( 0.000000000000000000, 136.0666348804983272, 36.94674739450726975 ) ) ;
#459 = CARTESIAN_POINT ( 'NONE',  ( 1.000000000000017319, 2.545841083749560418, 33.38383798764628807 ) ) ;
#460 = CARTESIAN_POINT ( 'NONE',  ( 1.474514954580286030E-14, 16.43371446573924288, 44.42198794158660746 ) ) ;
#461 = FACE_OUTER_BOUND ( 'NONE', #932, .T. ) ;
#462 = CARTESIAN_POINT ( 'NONE',  ( 7.000000000000000000, -3.646386578960737701, 40.25625002730345869 ) ) ;
#463 = CARTESIAN_POINT ( 'NONE',  ( 1.000000000000000888, 64.41796361332872323, 42.40557705744818406 ) ) ;
#464 = DIRECTION ( 'NONE',  ( 1.000000000000000000, 0.000000000000000000, 0.000000000000000000 ) ) ;
#465 = PRODUCT_CONTEXT ( 'NONE', #1029, 'mechanical' ) ;
#466 = DIRECTION ( 'NONE',  ( 1.000000000000000000, 0.000000000000000000, 0.000000000000000000 ) ) ;
#467 = CARTESIAN_POINT ( 'NONE',  ( 7.000000000000000000, 9.767582790781149882, 34.99287541126301448 ) ) ;
#468 = CARTESIAN_POINT ( 'NONE',  ( 7.000000000000000000, 24.54883436390396056, 45.81686971965542199 ) ) ;
#469 = CARTESIAN_POINT ( 'NONE',  ( 7.000000000000000000, 78.35696071658088613, 46.71796037283152003 ) ) ;
#470 = CARTESIAN_POINT ( 'NONE',  ( 1.000000000000017319, -0.2111311559914290925, 38.18065659465710837 ) ) ;
#471 = CARTESIAN_POINT ( 'NONE',  ( 1.474514954580286030E-14, -4.674354163073511259, 39.29396481249542461 ) ) ;
#472 = CARTESIAN_POINT ( 'NONE',  ( 1.000000000000000888, 125.3400460996715537, 40.91144069384210269 ) ) ;
#473 = ADVANCED_FACE ( 'NONE', ( #684, #117 ), #1188, .F. ) ;
#474 = DIRECTION ( 'NONE',  ( 0.000000000000000000, 1.000000000000000000, 0.000000000000000000 ) ) ;
#475 = DIRECTION ( 'NONE',  ( 0.000000000000000000, 1.000000000000000000, 0.000000000000000000 ) ) ;
#476 = CARTESIAN_POINT ( 'NONE',  ( 7.000000000000000000, 13.71523690856360567, 43.93879063317830003 ) ) ;
#477 = CARTESIAN_POINT ( 'NONE',  ( 1.000000000000017319, 18.89097110700377158, 36.90546618629826980 ) ) ;
#478 = CARTESIAN_POINT ( 'NONE',  ( 1.000000000000017319, 194.9323584858436504, 34.20679751817296932 ) ) ;
#479 = CARTESIAN_POINT ( 'NONE',  ( 7.000000000000000000, 0.06073204726668538639, 38.18829562554184065 ) ) ;
#480 = CARTESIAN_POINT ( 'NONE',  ( 1.474514954580286030E-14, -0.3813441070234941388, 41.17778642945059175 ) ) ;
#481 = CARTESIAN_POINT ( 'NONE',  ( 1.000000000000000888, -2.256261629016794501, 37.50711476655736476 ) ) ;
#482 = DIRECTION ( 'NONE',  ( 0.000000000000000000, -0.9914602155052801846, 0.1304095129590761015 ) ) ;
#483 = CARTESIAN_POINT ( 'NONE',  ( 0.000000000000000000, 12.48083609354849877, 20.17637155285937567 ) ) ;
#484 = CARTESIAN_POINT ( 'NONE',  ( 7.000000000000000000, 199.0897272061521335, 33.54539103327172000 ) ) ;
#485 = CARTESIAN_POINT ( 'NONE',  ( 1.000000000000017319, 17.81725788270787092, 36.68244003222852001 ) ) ;
#486 = CARTESIAN_POINT ( 'NONE',  ( 7.000000000000000000, 84.14073549601545210, 49.66296887905257762 ) ) ;
#487 = PLANE ( 'NONE',  #91 ) ;
#488 = ORIENTED_EDGE ( 'NONE', *, *, #853, .F. ) ;
#489 = CARTESIAN_POINT ( 'NONE',  ( 7.000000000000000000, -2.382688737947760593, 37.34697075960096413 ) ) ;
#490 = CARTESIAN_POINT ( 'NONE',  ( 1.474514954580286030E-14, 5.616535259945114156, 42.39913828042006116 ) ) ;
#491 = CARTESIAN_POINT ( 'NONE',  ( 1.000000000000000888, 1.402557451041550385, 38.32582367538761758 ) ) ;
#492 = LINE ( 'NONE', #1146, #345 ) ;
#493 = CARTESIAN_POINT ( 'NONE',  ( 7.000000000000000000, 1.440207314158033602, 30.04589478851163165 ) ) ;
#494 = CARTESIAN_POINT ( 'NONE',  ( 1.000000000000017319, -1.100439516812057317, 32.28660560277881331 ) ) ;
#495 = CARTESIAN_POINT ( 'NONE',  ( 1.474514954580286030E-14, 194.9719139463879003, 37.23823296909011304 ) ) ;
#496 = VERTEX_POINT ( 'NONE', #549 ) ;
#497 = CARTESIAN_POINT ( 'NONE',  ( 1.000000000000000888, -2.274921041476986705, 32.39909077861550912 ) ) ;
#498 = CARTESIAN_POINT ( 'NONE',  ( 0.000000000000000000, 9.294450235276054073, 20.17637155285937567 ) ) ;
#499 = ORIENTED_EDGE ( 'NONE', *, *, #787, .T. ) ;
#500 = CARTESIAN_POINT ( 'NONE',  ( 1.474514954580286030E-14, -6.033253525910379444, 35.62637006405736173 ) ) ;
#501 = CARTESIAN_POINT ( 'NONE',  ( 7.000000000000000000, -5.864532730278066097, 32.97452499126725201 ) ) ;
#502 = ADVANCED_FACE ( 'NONE', ( #565 ), #984, .F. ) ;
#503 = B_SPLINE_SURFACE_WITH_KNOTS ( 'NONE', 3, 1, ( 
 ( #1051, #1265 ),
 ( #625, #495 ),
 ( #273, #169 ),
 ( #831, #510 ),
 ( #64, #722 ),
 ( #1134, #1027 ),
 ( #1355, #1376 ),
 ( #808, #704 ),
 ( #486, #283 ),
 ( #1149, #922 ),
 ( #931, #261 ),
 ( #600, #1366 ),
 ( #385, #1250 ),
 ( #1142, #162 ),
 ( #585, #1112 ),
 ( #468, #569 ),
 ( #13, #5 ),
 ( #129, #460 ),
 ( #577, #1325 ),
 ( #903, #28 ),
 ( #1340, #358 ),
 ( #1127, #240 ),
 ( #1039, #490 ),
 ( #40, #933 ),
 ( #147, #1019 ),
 ( #716, #1343 ),
 ( #926, #824 ),
 ( #381, #139 ),
 ( #266, #915 ),
 ( #275, #1361 ),
 ( #603, #480 ),
 ( #1137, #123 ),
 ( #1004, #1368 ),
 ( #571, #1351 ),
 ( #819, #1245 ),
 ( #372, #810 ),
 ( #1252, #1227 ),
 ( #462, #1335 ),
 ( #351, #906 ),
 ( #690, #793 ),
 ( #1218, #1114 ),
 ( #131, #471 ),
 ( #361, #248 ),
 ( #537, #1306 ),
 ( #1240, #1147 ),
 ( #1258, #1034 ),
 ( #159, #270 ),
 ( #609, #500 ),
 ( #52, #937 ),
 ( #393, #829 ),
 ( #1268, #1184 ),
 ( #1066, #531 ),
 ( #650, #456 ),
 ( #1121, #142 ),
 ( #23, #566 ),
 ( #1338, #908 ),
 ( #693, #109 ),
 ( #1000, #353 ),
 ( #344, #1 ),
 ( #1109, #1117 ),
 ( #985, #1101 ),
 ( #1321, #1312 ),
 ( #335, #1422 ),
 ( #242, #1013 ),
 ( #442, #8 ),
 ( #17, #118 ),
 ( #1329, #1345 ),
 ( #1229, #250 ),
 ( #775, #133 ),
 ( #1214, #327 ),
 ( #803, #699 ),
 ( #797, #126 ),
 ( #895, #880 ),
 ( #1196, #1220 ),
 ( #788, #219 ),
 ( #669, #573 ),
 ( #1091, #234 ),
 ( #450, #363 ),
 ( #558, #685 ),
 ( #1006, #995 ) ),
 .UNSPECIFIED., .F., .F., .F.,
 ( 4, 1, 1, 1, 1, 1, 1, 1, 1, 1, 1, 1, 1, 1, 1, 1, 1, 1, 1, 1, 1, 1, 1, 1, 1, 1, 1, 1, 1, 1, 1, 1, 1, 1, 1, 1, 1, 1, 1, 1, 1, 1, 1, 1, 1, 1, 1, 1, 1, 1, 1, 1, 1, 1, 1, 1, 1, 1, 1, 1, 1, 1, 1, 1, 1, 1, 1, 1, 1, 1, 1, 1, 1, 1, 1, 1, 1, 4 ),
 ( 2, 2 ),
 ( -0.006335763418599682159, 0.04713952595901726994, 0.1006148153366342168, 0.1540901047142511637, 0.2075653940918681106, 0.2343030387806765980, 0.2610406834694850575, 0.2877783281582935171, 0.3145159728471020322, 0.3412536175359105473, 0.3679912622247190068, 0.3947289069135274664, 0.4080977292579316962, 0.4214665516023359260, 0.4348353739467401557, 0.4482041962911443855, 0.4548886074633464727, 0.4615730186355486153, 0.4682574298077507580, 0.4749418409799528451, 0.4782840465660538887, 0.4816262521521549322, 0.4849684577382560313, 0.4883106633243570749, 0.4916528689104581185, 0.4933239717035086680, 0.4949950744965592175, 0.4958306258930844646, 0.4966661772896097116, 0.4975017286861349586, 0.4983372800826602611, 0.4991728314791855636, 0.5000083828757108106, 0.5004261585739734342, 0.5008439342722360577, 0.5012617099704986812, 0.5016794856687613047, 0.5020972613670240392, 0.5023061492161553510, 0.5025150370652866627, 0.5029328127635492862, 0.5033505884618119097, 0.5037683641600745332, 0.5041861398583371567, 0.5050216912548624038, 0.5066927940479128978, 0.5083638968409633918, 0.5100349996340138858, 0.5117061024270644909, 0.5125416538235898489, 0.5133772052201150959, 0.5142127566166403430, 0.5146305323149029665, 0.5150483080131655900, 0.5158838594096908370, 0.5163016351079534605, 0.5165105229570847722, 0.5167194108062160840, 0.5171371865044787075, 0.5175549622027413310, 0.5179727379010039545, 0.5183905135992665780, 0.5188082892975292015, 0.5192260649957918250, 0.5200616163923170721, 0.5217327191853676771, 0.5225682705818930351, 0.5234038219784182822, 0.5250749247714687762, 0.5267460275645192702, 0.5284171303575697642, 0.5300882331506202583, 0.5317593359436707523, 0.5351015415297718514, 0.5384437471158729505, 0.5411385239579660222, 0.5419740753544912693, 0.5428096267512665385 ),
 ( 0.000000000000000000, 1.000000000000000000 ),
 .UNSPECIFIED. ) ;
#504 = ORIENTED_EDGE ( 'NONE', *, *, #1199, .T. ) ;
#505 = CARTESIAN_POINT ( 'NONE',  ( 1.000000000000000888, 0.8738543474296230906, 38.22522509239463773 ) ) ;
#506 = CARTESIAN_POINT ( 'NONE',  ( 7.000000000000000000, -2.746121138404474138, 33.05960825482424781 ) ) ;
#507 = CARTESIAN_POINT ( 'NONE',  ( 0.000000000000000000, 180.7257739545706272, 39.47194446994408423 ) ) ;
#508 = ORIENTED_EDGE ( 'NONE', *, *, #1287, .T. ) ;
#509 = CARTESIAN_POINT ( 'NONE',  ( 7.000000000000000000, -0.3664323118713419536, 29.37759921316741085 ) ) ;
#510 = CARTESIAN_POINT ( 'NONE',  ( 1.474514954580286030E-14, 159.3691082324260151, 42.68870407644187281 ) ) ;
#511 = VERTEX_POINT ( 'NONE', #888 ) ;
#512 = CARTESIAN_POINT ( 'NONE',  ( 1.000000000000000888, -2.552011225032941422, 32.70146310007406498 ) ) ;
#513 = CARTESIAN_POINT ( 'NONE',  ( 7.000000000000000000, 21.85745850859535722, 42.32003516145092448 ) ) ;
#514 = DIRECTION ( 'NONE',  ( -0.000000000000000000, 0.1304095129590761015, 0.9914602155052801846 ) ) ;
#515 = CARTESIAN_POINT ( 'NONE',  ( 7.000000000000000000, -4.896032891998263636, 30.80298897163152105 ) ) ;
#516 = ORIENTED_EDGE ( 'NONE', *, *, #1313, .F. ) ;
#517 = CARTESIAN_POINT ( 'NONE',  ( 7.000000000000000000, -1.413994755556277516, 38.03772020561468992 ) ) ;
#518 = ADVANCED_FACE ( 'NONE', ( #25 ), #3, .T. ) ;
#519 = CARTESIAN_POINT ( 'NONE',  ( 0.000000000000000000, -2.805019246127276045, 29.34895110454343126 ) ) ;
#520 = ORIENTED_EDGE ( 'NONE', *, *, #149, .T. ) ;
#521 = CARTESIAN_POINT ( 'NONE',  ( 7.000000000000000000, -2.061967140626721928, 37.69425858223642933 ) ) ;
#522 = AXIS2_PLACEMENT_3D ( 'NONE', #981, #438, #875 ) ;
#523 = CARTESIAN_POINT ( 'NONE',  ( 1.000000000000017319, -1.770561626012169043, 32.20374788293499080 ) ) ;
#524 = CARTESIAN_POINT ( 'NONE',  ( 0.000000000000000000, 3.189748159573845498, 30.44766863736499829 ) ) ;
#525 = DIRECTION ( 'NONE',  ( 0.000000000000000000, 1.000000000000000000, 0.000000000000000000 ) ) ;
#526 = CARTESIAN_POINT ( 'NONE',  ( 7.000000000000000000, 2.447910701638555953, 38.59547213654821007 ) ) ;
#527 = CARTESIAN_POINT ( 'NONE',  ( 1.000000000000017319, 44.90992780481049351, 45.32546804318322842 ) ) ;
#528 = CARTESIAN_POINT ( 'NONE',  ( 0.000000000000000000, -4.389276960964076046, 30.21462083197488013 ) ) ;
#529 = EDGE_CURVE ( 'NONE', #274, #1045, #987, .T. ) ;
#530 = CARTESIAN_POINT ( 'NONE',  ( 0.000000000000000000, 40.14169304286613027, 37.32279980310332945 ) ) ;
#531 = CARTESIAN_POINT ( 'NONE',  ( 1.474514954580286030E-14, -5.689990099033742865, 32.34453410610810664 ) ) ;
#532 = ORIENTED_EDGE ( 'NONE', *, *, #1287, .F. ) ;
#533 = CARTESIAN_POINT ( 'NONE',  ( 7.000000000000000000, 125.3400460996715537, 40.91144069384210269 ) ) ;
#534 = CARTESIAN_POINT ( 'NONE',  ( 1.000000000000017319, 3.230367829430953464, 38.80655561645089335 ) ) ;
#535 = CARTESIAN_POINT ( 'NONE',  ( 0.000000000000000000, -5.871250955343244371, 36.68677497220446071 ) ) ;
#536 = CARTESIAN_POINT ( 'NONE',  ( 7.000000000000000000, 136.0666348804983272, 36.94674739450726975 ) ) ;
#537 = CARTESIAN_POINT ( 'NONE',  ( 7.000000000000000000, -5.082411322604084347, 38.69122247385318047 ) ) ;
#538 = CARTESIAN_POINT ( 'NONE',  ( 7.000000000000000000, 194.9719139463879003, 37.23823296909011304 ) ) ;
#539 = CARTESIAN_POINT ( 'NONE',  ( 7.000000000000000000, 105.7419107607997262, 42.32596102276258421 ) ) ;
#540 = CARTESIAN_POINT ( 'NONE',  ( 7.000000000000000000, 2.447910701638555953, 38.59547213654821007 ) ) ;
#541 = CARTESIAN_POINT ( 'NONE',  ( 0.000000000000000000, 4.977847845730808629, 30.78783391147796067 ) ) ;
#542 = B_SPLINE_CURVE_WITH_KNOTS ( 'NONE', 3,
 ( #77, #530, #966, #328, #220, #1402, #978, #423, #776, #1415, #1292, #1197, #670, #111 ),
 .UNSPECIFIED., .F., .F.,
 ( 4, 1, 1, 1, 1, 1, 1, 1, 1, 1, 1, 4 ),
 ( 0.6168498909613771009, 0.6201920966915717148, 0.6235343022776727029, 0.6353677091128037135, 0.6621053538016121731, 0.6888429984904207437, 0.7155806431792292033, 0.7423182878680376628, 0.7690559325568461224, 0.7957935772456545820, 0.8225312219344630416, 0.8492688666232715011 ),
 .UNSPECIFIED. ) ;
#543 = DIRECTION ( 'NONE',  ( 0.000000000000000000, -1.408811541705554283E-16, 1.000000000000000000 ) ) ;
#544 = VERTEX_POINT ( 'NONE', #134 ) ;
#545 = CARTESIAN_POINT ( 'NONE',  ( 1.000000000000017319, 38.35860636928598666, 40.12694521329083841 ) ) ;
#546 = PLANE ( 'NONE',  #522 ) ;
#547 = CARTESIAN_POINT ( 'NONE',  ( 1.000000000000017319, 2.447910701638555953, 38.59547213654821007 ) ) ;
#548 = CARTESIAN_POINT ( 'NONE',  ( 1.000000000000000888, 135.6194273301751707, 40.00324111498539992 ) ) ;
#549 = CARTESIAN_POINT ( 'NONE',  ( 0.000000000000000000, 35.98083609354849699, 33.54405169795538200 ) ) ;
#550 = CARTESIAN_POINT ( 'NONE',  ( 1.000000000000000888, 65.82730621774713597, 46.65713553914280709 ) ) ;
#551 = CARTESIAN_POINT ( 'NONE',  ( 1.000000000000017319, 105.7419107607997262, 42.32596102276258421 ) ) ;
#552 = CARTESIAN_POINT ( 'NONE',  ( 1.000000000000000000, 136.4051620249825305, 39.92806000164802782 ) ) ;
#553 = CARTESIAN_POINT ( 'NONE',  ( 1.000000000000017319, 32.34189676252902501, 43.90088999196224506 ) ) ;
#554 = CARTESIAN_POINT ( 'NONE',  ( 0.000000000000000000, 136.0666348804983272, 36.94674739450726975 ) ) ;
#555 = LINE ( 'NONE', #662, #403 ) ;
#556 = AXIS2_PLACEMENT_3D ( 'NONE', #226, #574, #9 ) ;
#557 = EDGE_CURVE ( 'NONE', #436, #1045, #910, .T. ) ;
#558 = CARTESIAN_POINT ( 'NONE',  ( 7.000000000000000000, 9.184606751080282905, 31.79191599455373662 ) ) ;
#559 = CARTESIAN_POINT ( 'NONE',  ( 1.000000000000000888, 28.14949182795604443, 43.31724557751685722 ) ) ;
#560 = CARTESIAN_POINT ( 'NONE',  ( 0.000000000000000000, 80.52265093222071357, 39.93669370054978174 ) ) ;
#561 = CARTESIAN_POINT ( 'NONE',  ( 1.000000000000017319, 125.3400460996715537, 40.91144069384210269 ) ) ;
#562 = SURFACE_SIDE_STYLE ('',( #1125 ) ) ;
#563 = CARTESIAN_POINT ( 'NONE',  ( 7.000000000000000000, -1.413994755556277516, 38.03772020561468992 ) ) ;
#564 = LINE ( 'NONE', #998, #441 ) ;
#565 = FACE_OUTER_BOUND ( 'NONE', #865, .T. ) ;
#566 = CARTESIAN_POINT ( 'NONE',  ( 1.474514954580286030E-14, -4.896032891998263636, 30.80298897163152105 ) ) ;
#567 = CARTESIAN_POINT ( 'NONE',  ( 7.000000000000000888, 43.60244812123830371, 37.74098419608938570 ) ) ;
#568 = CARTESIAN_POINT ( 'NONE',  ( 7.000000000000000000, 27.51810294747369667, 38.49077749630112777 ) ) ;
#569 = CARTESIAN_POINT ( 'NONE',  ( 1.474514954580286030E-14, 24.54883436390396056, 45.81686971965542199 ) ) ;
#570 = CARTESIAN_POINT ( 'NONE',  ( 7.000000000000000000, 132.5486721650281936, 43.30503773196158335 ) ) ;
#571 = CARTESIAN_POINT ( 'NONE',  ( 7.000000000000000000, -1.874163005747357058, 41.01803528961257683 ) ) ;
#572 = CARTESIAN_POINT ( 'NONE',  ( 6.999999999999999112, 9.294450234587435133, 31.81681296525074032 ) ) ;
#573 = CARTESIAN_POINT ( 'NONE',  ( 1.474514954580286030E-14, 7.477229373883561792, 31.38610606488888877 ) ) ;
#574 = DIRECTION ( 'NONE',  ( -0.000000000000000000, 0.1304095129590761293, 0.9914602155052801846 ) ) ;
#575 = CARTESIAN_POINT ( 'NONE',  ( 7.000000000000000000, 10.98862762563185314, 43.41945211413631966 ) ) ;
#576 = EDGE_CURVE ( 'NONE', #1136, #859, #583, .T. ) ;
#577 = CARTESIAN_POINT ( 'NONE',  ( 7.000000000000000000, 13.71523690856360567, 43.93879063317830003 ) ) ;
#578 = LINE ( 'NONE', #122, #735 ) ;
#579 = CARTESIAN_POINT ( 'NONE',  ( 7.000000000000000000, -2.655655823421757322, 36.88223346693070681 ) ) ;
#580 = LINE ( 'NONE', #1090, #418 ) ;
#581 = CARTESIAN_POINT ( 'NONE',  ( -35.20255523217979743, 12.48083609354849877, 20.17637155285937567 ) ) ;
#582 = CARTESIAN_POINT ( 'NONE',  ( 0.000000000000000000, 0.000000000000000000, 0.000000000000000000 ) ) ;
#583 = LINE ( 'NONE', #366, #185 ) ;
#584 = CARTESIAN_POINT ( 'NONE',  ( 7.000000000000000000, 15.67180255750978723, 36.22591233625160356 ) ) ;
#585 = CARTESIAN_POINT ( 'NONE',  ( 7.000000000000000000, 30.00784804239524206, 46.62793137793659781 ) ) ;
#586 = CARTESIAN_POINT ( 'NONE',  ( 7.000000000000000000, 178.3010308473610053, 36.78658366523945489 ) ) ;
#587 = CARTESIAN_POINT ( 'NONE',  ( 1.000000000000017319, -0.3467560873071580119, 38.17509543350870871 ) ) ;
#588 = CARTESIAN_POINT ( 'NONE',  ( 1.000000000000000888, 3.625192857170039140, 33.57422447186859671 ) ) ;
#589 = CARTESIAN_POINT ( 'NONE',  ( 7.000000000000000000, 91.60284708258767239, 39.92524277103505170 ) ) ;
#590 = DIRECTION ( 'NONE',  ( -1.000000000000000000, -0.000000000000000000, -0.000000000000000000 ) ) ;
#591 = CARTESIAN_POINT ( 'NONE',  ( 7.000000000000000000, -5.871250955343244371, 36.68677497220446071 ) ) ;
#592 = CARTESIAN_POINT ( 'NONE',  ( 1.000000000000017319, 1.198310562897471288, 33.13240289734453370 ) ) ;
#593 = FACE_OUTER_BOUND ( 'NONE', #1257, .T. ) ;
#594 = VERTEX_POINT ( 'NONE', #1424 ) ;
#595 = CARTESIAN_POINT ( 'NONE',  ( 7.000000000000000000, 0.1969437493854754584, 38.19052439093439943 ) ) ;
#596 = CARTESIAN_POINT ( 'NONE',  ( 1.000000000000000888, -1.901403336920491904, 37.81532593877205528 ) ) ;
#597 = CARTESIAN_POINT ( 'NONE',  ( 0.000000000000000000, 84.14073549601545210, 49.66296887905257762 ) ) ;
#598 = CARTESIAN_POINT ( 'NONE',  ( 7.000000000000000000, 70.00473773709352088, 46.70868296521359753 ) ) ;
#599 = CARTESIAN_POINT ( 'NONE',  ( 1.000000000000017319, 4.967108813971025327, 33.85060602638663596 ) ) ;
#600 = CARTESIAN_POINT ( 'NONE',  ( 7.000000000000000000, 51.67542028639194029, 49.00509020648446779 ) ) ;
#601 = CARTESIAN_POINT ( 'NONE',  ( 7.000000000000000000, 26.05258725531788500, 43.00047327457542679 ) ) ;
#602 = ORIENTED_EDGE ( 'NONE', *, *, #1042, .F. ) ;
#603 = CARTESIAN_POINT ( 'NONE',  ( 7.000000000000000000, -0.3813441070234941388, 41.17778642945059175 ) ) ;
#604 = CARTESIAN_POINT ( 'NONE',  ( 1.000000000000000888, 1.198310562897471288, 33.13240289734453370 ) ) ;
#605 = LINE ( 'NONE', #150, #80 ) ;
#606 = ORIENTED_EDGE ( 'NONE', *, *, #413, .F. ) ;
#607 = VECTOR ( 'NONE', #22, 1000.000000000000000 ) ;
#608 = ADVANCED_FACE ( 'NONE', ( #444 ), #1022, .F. ) ;
#609 = CARTESIAN_POINT ( 'NONE',  ( 7.000000000000000000, -6.033253525910379444, 35.62637006405736173 ) ) ;
#610 = CARTESIAN_POINT ( 'NONE',  ( 7.000000000000000000, 8.964976357560011877, 31.74163537445302197 ) ) ;
#611 = VECTOR ( 'NONE', #464, 1000.000000000000000 ) ;
#612 = CARTESIAN_POINT ( 'NONE',  ( 7.000000000000000000, 53.28290484409785677, 46.07226408292206088 ) ) ;
#613 = CARTESIAN_POINT ( 'NONE',  ( 1.000000000000000888, -0.9699683353410389897, 32.32627015642692214 ) ) ;
#614 = CARTESIAN_POINT ( 'NONE',  ( 7.000000000000000000, -3.052281635483448330, 34.50469133545592371 ) ) ;
#615 = DIRECTION ( 'NONE',  ( 0.000000000000000000, 1.415505911028644118E-14, 1.000000000000000000 ) ) ;
#616 = ORIENTED_EDGE ( 'NONE', *, *, #557, .F. ) ;
#617 = CARTESIAN_POINT ( 'NONE',  ( 7.000000000000000000, -5.082411322604084347, 38.69122247385318047 ) ) ;
#618 = PRODUCT_DEFINITION_SHAPE ( 'NONE', 'NONE',  #278 ) ;
#619 = CARTESIAN_POINT ( 'NONE',  ( 1.000000000000000000, 136.4051620249825305, 39.92806000164802782 ) ) ;
#620 = CARTESIAN_POINT ( 'NONE',  ( 1.000000000000000888, 14.59943176835909107, 35.99575191101558858 ) ) ;
#621 = CARTESIAN_POINT ( 'NONE',  ( 7.000000000000000000, -0.9699683353410389897, 32.32627015642692214 ) ) ;
#622 = CARTESIAN_POINT ( 'NONE',  ( 7.000000000000000000, 102.6578481316482225, 39.54689827585541906 ) ) ;
#623 = CARTESIAN_POINT ( 'NONE',  ( 7.000000000000000000, 136.4051620249825305, 39.92806000164802782 ) ) ;
#624 = CARTESIAN_POINT ( 'NONE',  ( 7.000000000000000000, -5.689990099033742865, 32.34453410610810664 ) ) ;
#625 = CARTESIAN_POINT ( 'NONE',  ( 7.000000000000000000, 194.9719139463879003, 37.23823296909011304 ) ) ;
#626 = ADVANCED_FACE ( 'NONE', ( #789 ), #1216, .T. ) ;
#627 = CARTESIAN_POINT ( 'NONE',  ( 7.000000000000000000, -1.023133427996178790, 38.12976005284600944 ) ) ;
#628 = CARTESIAN_POINT ( 'NONE',  ( 0.000000000000000000, 8.744613954739573813, 42.97975621753752762 ) ) ;
#629 = ORIENTED_EDGE ( 'NONE', *, *, #814, .F. ) ;
#630 = VECTOR ( 'NONE', #1344, 1000.000000000000114 ) ;
#631 = LINE ( 'NONE', #755, #909 ) ;
#632 = VECTOR ( 'NONE', #1239, 1000.000000000000000 ) ;
#633 = ORIENTED_EDGE ( 'NONE', *, *, #733, .T. ) ;
#634 = CARTESIAN_POINT ( 'NONE',  ( 1.000000000000017319, -1.907355495500515197, 32.22016580801045649 ) ) ;
#635 = CARTESIAN_POINT ( 'NONE',  ( 0.000000000000000000, -2.299125988864196835, 40.90554512110032448 ) ) ;
#636 = ORIENTED_EDGE ( 'NONE', *, *, #1421, .F. ) ;
#637 = EDGE_LOOP ( 'NONE', ( #399, #1403, #532, #1049 ) ) ;
#638 = CARTESIAN_POINT ( 'NONE',  ( 7.000000000000000000, 13.46377674345596631, 40.83747362638155209 ) ) ;
#639 = MECHANICAL_DESIGN_GEOMETRIC_PRESENTATION_REPRESENTATION (  '', ( #264 ), #1341 ) ;
#640 = CARTESIAN_POINT ( 'NONE',  ( 7.000000000000000000, -2.552011225032941422, 32.70146310007406498 ) ) ;
#641 = CARTESIAN_POINT ( 'NONE',  ( 0.000000000000000000, 0.2319562085075380364, 41.19493631393376631 ) ) ;
#642 = EDGE_CURVE ( 'NONE', #849, #544, #369, .T. ) ;
#643 = CARTESIAN_POINT ( 'NONE',  ( 1.000000000000000888, 10.31472649702484468, 40.23106653416466116 ) ) ;
#644 = CARTESIAN_POINT ( 'NONE',  ( 7.000000000000000000, 159.3691082324260151, 42.68870407644187281 ) ) ;
#645 = CARTESIAN_POINT ( 'NONE',  ( 7.000000000000000000, 25.35579354239050431, 38.12381954719482025 ) ) ;
#646 = CARTESIAN_POINT ( 'NONE',  ( 7.000000000000000000, 7.165882161353812840, 39.63197671016316548 ) ) ;
#647 = CARTESIAN_POINT ( 'NONE',  ( 0.000000000000000000, -1.096546552733323798, 29.23025670905565221 ) ) ;
#648 = LINE ( 'NONE', #84, #1080 ) ;
#649 = LINE ( 'NONE', #536, #1236 ) ;
#650 = CARTESIAN_POINT ( 'NONE',  ( 7.000000000000000000, -5.491006233794235136, 31.82593266871046467 ) ) ;
#651 = VECTOR ( 'NONE', #928, 1000.000000000000000 ) ;
#652 = VERTEX_POINT ( 'NONE', #619 ) ;
#653 = CARTESIAN_POINT ( 'NONE',  ( 1.000000000000017319, 60.07232568664231565, 42.16630034424759543 ) ) ;
#654 = PLANE ( 'NONE',  #1408 ) ;
#655 = CARTESIAN_POINT ( 'NONE',  ( 1.000000000000017319, 6.116654249068225191, 39.44602782603987379 ) ) ;
#656 = CARTESIAN_POINT ( 'NONE',  ( 0.000000000000000000, -5.615862110268947660, 37.58081771412093985 ) ) ;
#657 = CARTESIAN_POINT ( 'NONE',  ( 1.000000000000000888, 9.264950269610771727, 40.02563266119533125 ) ) ;
#658 = EDGE_LOOP ( 'NONE', ( #616, #387, #321, #155 ) ) ;
#659 = CARTESIAN_POINT ( 'NONE',  ( 1.000000000000017319, 134.8335153498665591, 40.07690921905588510 ) ) ;
#660 = CARTESIAN_POINT ( 'NONE',  ( 7.000000000000000000, 3.087208085490763310, 33.47010377065920750 ) ) ;
#661 = DIRECTION ( 'NONE',  ( 0.000000000000000000, 0.9989951386902530261, 0.04481866657144209509 ) ) ;
#662 = CARTESIAN_POINT ( 'NONE',  ( -35.20255523217979743, 9.294450235276054073, 20.17637155285937567 ) ) ;
#663 = CARTESIAN_POINT ( 'NONE',  ( 1.000000000000000888, 47.00363409386130087, 45.52858577640502347 ) ) ;
#664 = CARTESIAN_POINT ( 'NONE',  ( 1.000000000000017319, 31.84908499943384896, 39.19087642196929266 ) ) ;
#665 = ADVANCED_FACE ( 'NONE', ( #47 ), #503, .F. ) ;
#666 = CARTESIAN_POINT ( 'NONE',  ( 7.000000000000000000, 3.625192857170039140, 33.57422447186859671 ) ) ;
#667 = CARTESIAN_POINT ( 'NONE',  ( 1.000000000000017319, 4.541474874361657754, 39.11957472445448758 ) ) ;
#668 = DIRECTION ( 'NONE',  ( 0.000000000000000000, 1.415505911028644118E-14, 1.000000000000000000 ) ) ;
#669 = CARTESIAN_POINT ( 'NONE',  ( 7.000000000000000000, 7.477229373883561792, 31.38610606488888877 ) ) ;
#670 = CARTESIAN_POINT ( 'NONE',  ( 0.000000000000000000, 132.3584713970657560, 37.30122939084757405 ) ) ;
#671 = CARTESIAN_POINT ( 'NONE',  ( 1.000000000000017319, 90.50778573398788751, 42.90947056260161929 ) ) ;
#672 = VECTOR ( 'NONE', #1107, 1000.000000000000000 ) ;
#673 = CARTESIAN_POINT ( 'NONE',  ( 7.000000000000000000, -0.3259233334848535280, 32.54461966081078117 ) ) ;
#674 = CARTESIAN_POINT ( 'NONE',  ( 7.000000000000000000, 32.34189676252902501, 43.90088999196224506 ) ) ;
#675 = LINE ( 'NONE', #1219, #672 ) ;
#676 = CARTESIAN_POINT ( 'NONE',  ( 7.000000000000000000, 202.0897272061520482, 28.26254687935834653 ) ) ;
#677 = AXIS2_PLACEMENT_3D ( 'NONE', #900, #1110, #112 ) ;
#678 = CARTESIAN_POINT ( 'NONE',  ( 7.000000000000000000, 39.68277688165156292, 37.26425256906450301 ) ) ;
#679 = CARTESIAN_POINT ( 'NONE',  ( 7.000000000000000888, 124.9404520065762227, 37.94492262177276132 ) ) ;
#680 = CARTESIAN_POINT ( 'NONE',  ( 1.000000000000017319, 110.0963773667527477, 42.05092101069669752 ) ) ;
#681 = CARTESIAN_POINT ( 'NONE',  ( 1.000000000000017319, 182.4591672843404524, 36.15245884737186799 ) ) ;
#682 = CARTESIAN_POINT ( 'NONE',  ( 1.000000000000017319, -2.963786172571624355, 35.84835261618803059 ) ) ;
#683 = CARTESIAN_POINT ( 'NONE',  ( 0.000000000000000000, 35.98083609354849699, 20.17637155285937567 ) ) ;
#684 = FACE_OUTER_BOUND ( 'NONE', #757, .T. ) ;
#685 = CARTESIAN_POINT ( 'NONE',  ( 1.474514954580286030E-14, 9.184606751080282905, 31.79191599455373662 ) ) ;
#686 = EDGE_CURVE ( 'NONE', #1382, #294, #889, .T. ) ;
#687 = DIRECTION ( 'NONE',  ( 0.000000000000000000, 0.000000000000000000, -1.000000000000000000 ) ) ;
#688 = CARTESIAN_POINT ( 'NONE',  ( 7.000000000000000000, 84.14073549601545210, 49.66296887905257762 ) ) ;
#689 = CARTESIAN_POINT ( 'NONE',  ( 1.000000000000017319, -1.542238009990950731, 38.00065650680324580 ) ) ;
#690 = CARTESIAN_POINT ( 'NONE',  ( 7.000000000000000000, -4.099303641229094630, 39.90329491049718769 ) ) ;
#691 = CARTESIAN_POINT ( 'NONE',  ( 1.000000000000000888, 112.2738403947977019, 41.90001831837493285 ) ) ;
#692 = CARTESIAN_POINT ( 'NONE',  ( 0.000000000000000000, 39.68277694100778064, 20.17637155285937567 ) ) ;
#693 = CARTESIAN_POINT ( 'NONE',  ( 7.000000000000000000, -3.721511468961445246, 29.75649767808463508 ) ) ;
#694 = CARTESIAN_POINT ( 'NONE',  ( 7.000000000000000000, 136.4051620249825305, 39.92806000164802782 ) ) ;
#695 = CARTESIAN_POINT ( 'NONE',  ( 7.000000000000000000, -0.7867189651391626182, 41.15598455514042087 ) ) ;
#696 = VECTOR ( 'NONE', #1388, 1000.000000000000000 ) ;
#697 = CARTESIAN_POINT ( 'NONE',  ( 7.000000000000000000, -3.052439998467408433, 35.04261201723907249 ) ) ;
#698 = CARTESIAN_POINT ( 'NONE',  ( 1.000000000000000888, -2.756059878853764467, 36.62676096355476574 ) ) ;
#699 = CARTESIAN_POINT ( 'NONE',  ( 1.474514954580286030E-14, 2.555439880443877154, 30.34452197134709195 ) ) ;
#700 = SHAPE_DEFINITION_REPRESENTATION ( #618, #1330 ) ;
#701 = CARTESIAN_POINT ( 'NONE',  ( -35.20255523217979743, 39.68277694100778064, 20.17637155285937567 ) ) ;
#702 = CARTESIAN_POINT ( 'NONE',  ( 7.000000000000000000, 120.0591161385874983, 44.66915677886796487 ) ) ;
#703 = CARTESIAN_POINT ( 'NONE',  ( 7.000000000000000000, 12.45260275079002987, 35.54652460039267226 ) ) ;
#704 = CARTESIAN_POINT ( 'NONE',  ( 1.474514954580286030E-14, 94.90822586165225516, 49.38909700744493847 ) ) ;
#705 = DIRECTION ( 'NONE',  ( 0.000000000000000000, 0.000000000000000000, -1.000000000000000000 ) ) ;
#706 = B_SPLINE_CURVE_WITH_KNOTS ( 'NONE', 3,
 ( #678, #268, #290, #57, #732, #719, #1055, #1041, #589, #622, #1023, #1256, #280, #407 ),
 .UNSPECIFIED., .F., .F.,
 ( 4, 1, 1, 1, 1, 1, 1, 1, 1, 1, 1, 4 ),
 ( 0.6168498909613771009, 0.6201920966915717148, 0.6235343022776727029, 0.6353677091128037135, 0.6621053538016121731, 0.6888429984904207437, 0.7155806431792292033, 0.7423182878680376628, 0.7690559325568461224, 0.7957935772456545820, 0.8225312219344630416, 0.8492688666232715011 ),
 .UNSPECIFIED. ) ;
#707 = CARTESIAN_POINT ( 'NONE',  ( 1.000000000000017319, -0.7524789738495040181, 38.15187002378050352 ) ) ;
#708 = CARTESIAN_POINT ( 'NONE',  ( 1.000000000000000888, 12.98944595963266657, 35.65810890829114754 ) ) ;
#709 = CARTESIAN_POINT ( 'NONE',  ( 0.000000000000000000, 194.9719139463879003, 37.23823296909011304 ) ) ;
#710 = CLOSED_SHELL ( 'NONE', ( #254, #1337, #191, #665, #473, #233, #608, #918, #364, #718, #518, #167, #451, #43, #626, #386, #502 ) ) ;
#711 = CARTESIAN_POINT ( 'NONE',  ( 7.000000000000000000, -1.096546552733323798, 29.23025670905565221 ) ) ;
#712 = CARTESIAN_POINT ( 'NONE',  ( 7.000000000000000000, 0.1663334794769787683, 32.78751141905293309 ) ) ;
#713 = CARTESIAN_POINT ( 'NONE',  ( 7.000000000000000000, 107.5602038903987676, 45.70079206443454467 ) ) ;
#714 = ORIENTED_EDGE ( 'NONE', *, *, #529, .T. ) ;
#715 = CARTESIAN_POINT ( 'NONE',  ( 1.000000000000017319, -1.787439881178729317, 37.89128281649298202 ) ) ;
#716 = CARTESIAN_POINT ( 'NONE',  ( 7.000000000000000000, 1.519761260300199979, 41.44566897933530925 ) ) ;
#717 = CARTESIAN_POINT ( 'NONE',  ( 1.000000000000000888, 11.37841963073455709, 35.32599567218873915 ) ) ;
#718 = ADVANCED_FACE ( 'NONE', ( #899 ), #782, .T. ) ;
#719 = CARTESIAN_POINT ( 'NONE',  ( 7.000000000000000000, 58.36451125113448057, 39.07966038780323714 ) ) ;
#720 = CARTESIAN_POINT ( 'NONE',  ( 7.000000000000000000, 3.979243350880418806, 30.58432687862134003 ) ) ;
#721 = CARTESIAN_POINT ( 'NONE',  ( 7.000000000000000000, 1.198310562897471288, 33.13240289734453370 ) ) ;
#722 = CARTESIAN_POINT ( 'NONE',  ( 1.474514954580286030E-14, 137.9706324690595807, 45.74895212371850306 ) ) ;
#723 = CARTESIAN_POINT ( 'NONE',  ( 7.000000000000000000, 57.46655281474442489, 46.34472003020559328 ) ) ;
#724 = EDGE_LOOP ( 'NONE', ( #78, #520, #68, #291 ) ) ;
#725 = CARTESIAN_POINT ( 'NONE',  ( 1.000000000000000888, -0.2111311559914290925, 38.18065659465710837 ) ) ;
#726 = CARTESIAN_POINT ( 'NONE',  ( 7.000000000000000000, 12.41414389292728515, 40.63713481073645539 ) ) ;
#727 = CARTESIAN_POINT ( 'NONE',  ( 0.000000000000000000, 62.56079299654682302, 49.61365369549719873 ) ) ;
#728 = CARTESIAN_POINT ( 'NONE',  ( 7.000000000000000000, 157.5093986561984707, 39.92344822378920810 ) ) ;
#729 = CARTESIAN_POINT ( 'NONE',  ( 7.000000000000000000, 38.62714512131501721, 44.65698927650647931 ) ) ;
#730 = CARTESIAN_POINT ( 'NONE',  ( 1.000000000000000888, 8.161871798992049065, 34.63667078312990100 ) ) ;
#731 = CARTESIAN_POINT ( 'NONE',  ( 7.000000000000000000, -2.162733208877757995, 32.32220045584868728 ) ) ;
#732 = CARTESIAN_POINT ( 'NONE',  ( 7.000000000000000000, 49.36262168109011839, 38.35825314659745544 ) ) ;
#733 = EDGE_CURVE ( 'NONE', #1391, #962, #706, .T. ) ;
#734 = CARTESIAN_POINT ( 'NONE',  ( 7.000000000000000000, -5.615862110268947660, 37.58081771412093985 ) ) ;
#735 = VECTOR ( 'NONE', #705, 1000.000000000000000 ) ;
#736 = ORIENTED_EDGE ( 'NONE', *, *, #835, .F. ) ;
#737 = CARTESIAN_POINT ( 'NONE',  ( 1.000000000000000888, 132.5486721650281936, 43.30503773196158335 ) ) ;
#738 = CARTESIAN_POINT ( 'NONE',  ( 7.000000000000000000, -2.114083119404336131, 37.65212782620123733 ) ) ;
#739 = CARTESIAN_POINT ( 'NONE',  ( 1.000000000000017319, -2.746121138404474138, 33.05960825482424781 ) ) ;
#740 = CARTESIAN_POINT ( 'NONE',  ( 1.000000000000000000, 199.0897272061520198, 31.68298522458125177 ) ) ;
#741 = ORIENTED_EDGE ( 'NONE', *, *, #1421, .T. ) ;
#742 = VERTEX_POINT ( 'NONE', #51 ) ;
#743 = CARTESIAN_POINT ( 'NONE',  ( 7.000000000000000000, -1.787439881178729317, 37.89128281649298202 ) ) ;
#744 = CARTESIAN_POINT ( 'NONE',  ( 7.000000000000000000, -1.907355495500515197, 32.22016580801045649 ) ) ;
#745 = CARTESIAN_POINT ( 'NONE',  ( 0.000000000000000000, 2.032724725345800287, 30.23447594548850148 ) ) ;
#746 = ORIENTED_EDGE ( 'NONE', *, *, #767, .T. ) ;
#747 = CARTESIAN_POINT ( 'NONE',  ( 7.000000000000000000, -2.655655823421757322, 36.88223346693070681 ) ) ;
#748 = CARTESIAN_POINT ( 'NONE',  ( 0.000000000000000000, -5.999519505787128004, 33.70822590936989371 ) ) ;
#749 = CARTESIAN_POINT ( 'NONE',  ( 7.000000000000000000, 180.7257739545706272, 39.47194446994408423 ) ) ;
#750 = CARTESIAN_POINT ( 'NONE',  ( 7.000000000000000000, 22.11990734714472850, 37.53311037502191994 ) ) ;
#751 = VECTOR ( 'NONE', #763, 1000.000000000000000 ) ;
#752 = EDGE_CURVE ( 'NONE', #1272, #274, #917, .T. ) ;
#753 = CARTESIAN_POINT ( 'NONE',  ( 7.000000000000000000, 6.116654249068225191, 39.44602782603987379 ) ) ;
#754 = CARTESIAN_POINT ( 'NONE',  ( 0.000000000000000000, -2.188270613035799173, 29.22178964558599290 ) ) ;
#755 = CARTESIAN_POINT ( 'NONE',  ( -35.20255523217979743, 12.48083609354849699, 32.48975361016913155 ) ) ;
#756 = CARTESIAN_POINT ( 'NONE',  ( 1.000000000000000888, 128.3864812221034128, 43.79508116490900704 ) ) ;
#757 = EDGE_LOOP ( 'NONE', ( #1038, #1144, #1170, #1052, #1394, #1416, #714, #499, #633, #508, #504 ) ) ;
#758 = CARTESIAN_POINT ( 'NONE',  ( 7.000000000000000000, 136.4051620249825305, 39.92806000164802782 ) ) ;
#759 = CARTESIAN_POINT ( 'NONE',  ( 7.000000000000000000, 12.41414389292728515, 40.63713481073645539 ) ) ;
#760 = CARTESIAN_POINT ( 'NONE',  ( 0.000000000000000000, -4.401811459543186977, 39.61824162486697531 ) ) ;
#761 = CARTESIAN_POINT ( 'NONE',  ( 1.000000000000000888, 34.43729347384611117, 44.16407876331136606 ) ) ;
#762 = ORIENTED_EDGE ( 'NONE', *, *, #870, .T. ) ;
#763 = DIRECTION ( 'NONE',  ( 0.000000000000000000, -0.9914602155052801846, 0.1304095129590761293 ) ) ;
#764 = CARTESIAN_POINT ( 'NONE',  ( 1.000000000000017319, 34.43729347384611117, 44.16407876331136606 ) ) ;
#765 = CARTESIAN_POINT ( 'NONE',  ( 0.000000000000000000, -5.082411322604084347, 38.69122247385318047 ) ) ;
#766 = FACE_OUTER_BOUND ( 'NONE', #1275, .T. ) ;
#767 = EDGE_CURVE ( 'NONE', #496, #1272, #492, .T. ) ;
#768 = CARTESIAN_POINT ( 'NONE',  ( 1.000000000000000888, 13.46377674345596631, 40.83747362638155209 ) ) ;
#769 = ORIENTED_EDGE ( 'NONE', *, *, #686, .T. ) ;
#770 = CARTESIAN_POINT ( 'NONE',  ( 1.000000000000017319, 129.6965513510872086, 40.54938272830612078 ) ) ;
#771 = CARTESIAN_POINT ( 'NONE',  ( 7.000000000000000000, 31.84908499943384896, 39.19087642196929266 ) ) ;
#772 = CARTESIAN_POINT ( 'NONE',  ( 7.000000000000000000, 1.402557451041550385, 38.32582367538761758 ) ) ;
#773 = CARTESIAN_POINT ( 'NONE',  ( 1.000000000000000888, 116.6289733771746171, 41.58615839567028161 ) ) ;
#774 = CARTESIAN_POINT ( 'NONE',  ( -35.20255523217979743, 12.48083609354849699, 32.48975361016913155 ) ) ;
#775 = CARTESIAN_POINT ( 'NONE',  ( 7.000000000000000000, 1.684925970767294556, 30.13579185108373082 ) ) ;
#776 = CARTESIAN_POINT ( 'NONE',  ( 0.000000000000000000, 91.60284708258767239, 39.92524277103505170 ) ) ;
#777 = CARTESIAN_POINT ( 'NONE',  ( 7.000000000000000000, -2.299125988864196835, 40.90554512110032448 ) ) ;
#778 = CARTESIAN_POINT ( 'NONE',  ( 7.000000000000000000, 7.628473560431475065, 34.51006684497325239 ) ) ;
#779 = CARTESIAN_POINT ( 'NONE',  ( 7.000000000000000000, 70.00473773709352088, 46.70868296521359753 ) ) ;
#780 = CARTESIAN_POINT ( 'NONE',  ( 0.000000000000000000, 9.294450235276054073, 20.17637155285937567 ) ) ;
#781 = PLANE ( 'NONE',  #30 ) ;
#782 = PLANE ( 'NONE',  #1095 ) ;
#783 = CARTESIAN_POINT ( 'NONE',  ( 0.000000000000000000, 102.6578481316482225, 39.54689827585541906 ) ) ;
#784 = CARTESIAN_POINT ( 'NONE',  ( 7.000000000000000000, -1.874163005747357058, 41.01803528961257683 ) ) ;
#785 = CARTESIAN_POINT ( 'NONE',  ( 7.000000000000000000, 103.5649104783364862, 42.44990636563244379 ) ) ;
#786 = CARTESIAN_POINT ( 'NONE',  ( 1.000000000000000888, 25.35579354239050431, 38.12381954719482025 ) ) ;
#787 = EDGE_CURVE ( 'NONE', #1045, #1391, #383, .T. ) ;
#788 = CARTESIAN_POINT ( 'NONE',  ( 7.000000000000000000, 6.183393154864762487, 31.06576845651384033 ) ) ;
#789 = FACE_OUTER_BOUND ( 'NONE', #281, .T. ) ;
#790 = CARTESIAN_POINT ( 'NONE',  ( 1.000000000000017319, 3.625192857170039140, 33.57422447186859671 ) ) ;
#791 = CARTESIAN_POINT ( 'NONE',  ( 1.000000000000017319, 90.87855859861952013, 46.49248435475666952 ) ) ;
#792 = CARTESIAN_POINT ( 'NONE',  ( 1.000000000000017319, -1.413994755556277516, 38.03772020561468992 ) ) ;
#793 = CARTESIAN_POINT ( 'NONE',  ( 1.474514954580286030E-14, -4.099303641229094630, 39.90329491049718769 ) ) ;
#794 = AXIS2_PLACEMENT_3D ( 'NONE', #582, #919, #1230 ) ;
#795 = CARTESIAN_POINT ( 'NONE',  ( 1.000000000000000888, 15.67180255750978723, 36.22591233625160356 ) ) ;
#796 = DIRECTION ( 'NONE',  ( 1.000000000000000000, 0.000000000000000000, 0.000000000000000000 ) ) ;
#797 = CARTESIAN_POINT ( 'NONE',  ( 7.000000000000000000, 3.189748159573845498, 30.44766863736499829 ) ) ;
#798 = LINE ( 'NONE', #354, #184 ) ;
#799 = CARTESIAN_POINT ( 'NONE',  ( 0.000000000000000000, 43.60244812123830371, 37.74098419608938570 ) ) ;
#800 = CARTESIAN_POINT ( 'NONE',  ( 7.000000000000000000, 90.87855859861952013, 46.49248435475666952 ) ) ;
#801 = CARTESIAN_POINT ( 'NONE',  ( 1.000000000000017319, 0.8738543474296230906, 38.22522509239463773 ) ) ;
#802 = CARTESIAN_POINT ( 'NONE',  ( 1.000000000000000888, 0.1663334794769787683, 32.78751141905293309 ) ) ;
#803 = CARTESIAN_POINT ( 'NONE',  ( 7.000000000000000000, 2.555439880443877154, 30.34452197134709195 ) ) ;
#804 = LINE ( 'NONE', #694, #1359 ) ;
#805 = CARTESIAN_POINT ( 'NONE',  ( 0.000000000000000000, 41.05954679718065847, 37.43740742883801431 ) ) ;
#806 = CARTESIAN_POINT ( 'NONE',  ( 7.000000000000000000, -4.674354163073511259, 39.29396481249542461 ) ) ;
#807 = CARTESIAN_POINT ( 'NONE',  ( 7.000000000000000000, 7.628473560431475065, 34.51006684497325239 ) ) ;
#808 = CARTESIAN_POINT ( 'NONE',  ( 7.000000000000000000, 94.90822586165225516, 49.38909700744493847 ) ) ;
#809 = CARTESIAN_POINT ( 'NONE',  ( 7.000000000000000000, 165.8263827271446758, 38.68047176515962349 ) ) ;
#810 = CARTESIAN_POINT ( 'NONE',  ( 1.474514954580286030E-14, -2.717947589671245279, 40.76897937448613618 ) ) ;
#811 = CARTESIAN_POINT ( 'NONE',  ( 1.000000000000000888, -2.963786172571624355, 35.84835261618803059 ) ) ;
#812 = CARTESIAN_POINT ( 'NONE',  ( 0.000000000000000000, 202.0897272061520482, 28.26254687935834653 ) ) ;
#813 = CARTESIAN_POINT ( 'NONE',  ( 7.000000000000000000, 90.87855859861952013, 46.49248435475666952 ) ) ;
#814 = EDGE_CURVE ( 'NONE', #962, #1163, #605, .T. ) ;
#815 = CARTESIAN_POINT ( 'NONE',  ( 7.000000000000000000, 1.735664168876247970, 33.24454857382453099 ) ) ;
#816 = CARTESIAN_POINT ( 'NONE',  ( 1.000000000000017319, 132.5486721650281936, 43.30503773196158335 ) ) ;
#817 = VERTEX_POINT ( 'NONE', #498 ) ;
#818 = CARTESIAN_POINT ( 'NONE',  ( 7.000000000000000000, -3.035863697853585563, 35.31447006202884609 ) ) ;
#819 = CARTESIAN_POINT ( 'NONE',  ( 7.000000000000000000, -2.299125988864196835, 40.90554512110032448 ) ) ;
#820 = CARTESIAN_POINT ( 'NONE',  ( 1.000000000000000888, 2.969432009424953112, 38.73685766013636567 ) ) ;
#821 = CARTESIAN_POINT ( 'NONE',  ( 0.000000000000000000, 120.0555887347233863, 47.76663773609691077 ) ) ;
#822 = AXIS2_PLACEMENT_3D ( 'NONE', #676, #318, #16 ) ;
#823 = CARTESIAN_POINT ( 'NONE',  ( 6.999999999999999112, 9.294450234587435133, 31.81681296525074032 ) ) ;
#824 = CARTESIAN_POINT ( 'NONE',  ( 1.474514954580286030E-14, 0.8429035838820858606, 41.27954235709213293 ) ) ;
#825 = CARTESIAN_POINT ( 'NONE',  ( 1.000000000000000888, -1.023133427996178790, 38.12976005284600944 ) ) ;
#826 = CARTESIAN_POINT ( 'NONE',  ( 7.000000000000000000, -2.256261629016794501, 37.50711476655736476 ) ) ;
#827 = CARTESIAN_POINT ( 'NONE',  ( 1.000000000000017319, -2.274921041476986705, 32.39909077861550912 ) ) ;
#828 = CARTESIAN_POINT ( 'NONE',  ( 0.000000000000000000, 94.90822586165225516, 49.38909700744493847 ) ) ;
#829 = CARTESIAN_POINT ( 'NONE',  ( 1.474514954580286030E-14, -5.999519505787128004, 33.70822590936989371 ) ) ;
#830 = CARTESIAN_POINT ( 'NONE',  ( 7.000000000000000000, 140.8709078414705118, 42.24868292419648697 ) ) ;
#831 = CARTESIAN_POINT ( 'NONE',  ( 7.000000000000000000, 159.3691082324260151, 42.68870407644187281 ) ) ;
#832 = VERTEX_POINT ( 'NONE', #157 ) ;
#833 = CARTESIAN_POINT ( 'NONE',  ( 1.000000000000000888, -2.690878283120346826, 32.93654274456103792 ) ) ;
#834 = CARTESIAN_POINT ( 'NONE',  ( 7.000000000000000000, 9.264950269610771727, 40.02563266119533125 ) ) ;
#835 = EDGE_CURVE ( 'NONE', #392, #544, #374, .T. ) ;
#836 = CARTESIAN_POINT ( 'NONE',  ( 0.000000000000000000, 20.02954572892118179, 45.05003678396214184 ) ) ;
#837 = ORIENTED_EDGE ( 'NONE', *, *, #205, .F. ) ;
#838 = CARTESIAN_POINT ( 'NONE',  ( 7.000000000000000000, -5.221299293883270742, 31.30856750991522475 ) ) ;
#839 = DIRECTION ( 'NONE',  ( -1.000000000000000000, -0.000000000000000000, -0.000000000000000000 ) ) ;
#840 = ORIENTED_EDGE ( 'NONE', *, *, #311, .F. ) ;
#841 = CARTESIAN_POINT ( 'NONE',  ( 1.000000000000000888, 6.116654249068225191, 39.44602782603987379 ) ) ;
#842 = CARTESIAN_POINT ( 'NONE',  ( 7.000000000000000000, 4.541474874361657754, 39.11957472445448758 ) ) ;
#843 = CARTESIAN_POINT ( 'NONE',  ( 7.000000000000000000, 202.0897272061521335, 36.10584174640952426 ) ) ;
#844 = EDGE_LOOP ( 'NONE', ( #1182, #1157, #412, #1293 ) ) ;
#845 = ORIENTED_EDGE ( 'NONE', *, *, #1042, .T. ) ;
#846 = CARTESIAN_POINT ( 'NONE',  ( 7.000000000000000000, 2.187486313292515749, 38.52286965144287478 ) ) ;
#847 = CARTESIAN_POINT ( 'NONE',  ( 1.000000000000017319, -2.471019030991516097, 32.59086682571132343 ) ) ;
#848 = CARTESIAN_POINT ( 'NONE',  ( 0.000000000000000000, 1.684925970767294556, 30.13579185108373082 ) ) ;
#849 = VERTEX_POINT ( 'NONE', #843 ) ;
#850 = CARTESIAN_POINT ( 'NONE',  ( 1.000000000000017319, 21.04250840629757136, 37.32967168587297380 ) ) ;
#851 = CARTESIAN_POINT ( 'NONE',  ( 7.000000000000000000, -3.035863697853585563, 35.31447006202884609 ) ) ;
#852 = CARTESIAN_POINT ( 'NONE',  ( 0.000000000000000000, 9.184606751014561254, 31.79191599453869088 ) ) ;
#853 = EDGE_CURVE ( 'NONE', #1367, #859, #1271, .T. ) ;
#854 = ORIENTED_EDGE ( 'NONE', *, *, #1274, .F. ) ;
#855 = CARTESIAN_POINT ( 'NONE',  ( 7.000000000000000000, 77.45937211158918956, 42.86156636260351149 ) ) ;
#856 = CARTESIAN_POINT ( 'NONE',  ( 1.000000000000017319, 28.14949182795604443, 43.31724557751685722 ) ) ;
#857 = CARTESIAN_POINT ( 'NONE',  ( 0.000000000000000000, -3.257300390963633330, 40.51256135580526063 ) ) ;
#858 = CARTESIAN_POINT ( 'NONE',  ( 1.000000000000000888, 78.35696071658088613, 46.71796037283152003 ) ) ;
#859 = VERTEX_POINT ( 'NONE', #62 ) ;
#860 = CARTESIAN_POINT ( 'NONE',  ( 1.000000000000017319, 73.11149861051296739, 42.75252354560661416 ) ) ;
#861 = CARTESIAN_POINT ( 'NONE',  ( 7.000000000000000000, 1.198310562897471288, 33.13240289734453370 ) ) ;
#862 = CARTESIAN_POINT ( 'NONE',  ( 7.000000000000000000, 29.19772777079927550, 43.46794372259758177 ) ) ;
#863 = CARTESIAN_POINT ( 'NONE',  ( 0.000000000000000000, -5.221299293883270742, 31.30856750991522475 ) ) ;
#864 = CARTESIAN_POINT ( 'NONE',  ( 1.000000000000000888, 26.05258725531788500, 43.00047327457542679 ) ) ;
#865 = EDGE_LOOP ( 'NONE', ( #408, #189, #488 ) ) ;
#866 = CARTESIAN_POINT ( 'NONE',  ( 7.000000000000000000, 21.04250840629757136, 37.32967168587297380 ) ) ;
#867 = CARTESIAN_POINT ( 'NONE',  ( 1.000000000000017319, 53.28290484409785677, 46.07226408292206088 ) ) ;
#868 = CARTESIAN_POINT ( 'NONE',  ( 0.000000000000000000, 0.8429035838820858606, 41.27954235709213293 ) ) ;
#869 = PLANE ( 'NONE',  #822 ) ;
#870 = EDGE_CURVE ( 'NONE', #511, #817, #259, .T. ) ;
#871 = AXIS2_PLACEMENT_3D ( 'NONE', #33, #514, #482 ) ;
#872 = CARTESIAN_POINT ( 'NONE',  ( 1.000000000000000888, 90.87855859861952013, 46.49248435475666952 ) ) ;
#873 = VERTEX_POINT ( 'NONE', #935 ) ;
#874 = CARTESIAN_POINT ( 'NONE',  ( 7.000000000000000000, 31.84908499943384896, 39.19087642196929266 ) ) ;
#875 = DIRECTION ( 'NONE',  ( 0.000000000000000000, -5.961230465694261130E-14, -1.000000000000000000 ) ) ;
#876 = ORIENTED_EDGE ( 'NONE', *, *, #1199, .F. ) ;
#877 = CARTESIAN_POINT ( 'NONE',  ( 1.000000000000017319, 2.187486313292515749, 38.52286965144287478 ) ) ;
#878 = CARTESIAN_POINT ( 'NONE',  ( 1.000000000000000888, 99.21164636056302299, 42.65489515440965107 ) ) ;
#879 = CARTESIAN_POINT ( 'NONE',  ( -35.20255523217979743, 9.294450235276054073, 31.81681296540682524 ) ) ;
#880 = CARTESIAN_POINT ( 'NONE',  ( 1.474514954580286030E-14, 3.979243350880418806, 30.58432687862134003 ) ) ;
#881 = CARTESIAN_POINT ( 'NONE',  ( 1.000000000000000888, 182.4591672843404524, 36.15245884737186799 ) ) ;
#882 = CARTESIAN_POINT ( 'NONE',  ( 0.000000000000000000, 39.68277688165156292, 37.26425256906450301 ) ) ;
#883 = CARTESIAN_POINT ( 'NONE',  ( 1.000000000000017319, 25.35579354239050431, 38.12381954719482025 ) ) ;
#884 = CARTESIAN_POINT ( 'NONE',  ( 7.000000000000000000, 60.07232568664231565, 42.16630034424759543 ) ) ;
#885 = CARTESIAN_POINT ( 'NONE',  ( 7.000000000000000000, 10.31472649702484468, 40.23106653416466116 ) ) ;
#886 = CARTESIAN_POINT ( 'NONE',  ( 1.000000000000000888, 34.01925827577677808, 39.52125283308586035 ) ) ;
#887 = VECTOR ( 'NONE', #525, 1000.000000000000000 ) ;
#888 = CARTESIAN_POINT ( 'NONE',  ( 0.000000000000000000, 9.294450235276054073, 31.81681296540682524 ) ) ;
#889 = LINE ( 'NONE', #581, #611 ) ;
#890 = CARTESIAN_POINT ( 'NONE',  ( 7.000000000000000888, 91.60284708258767239, 39.92524277103505170 ) ) ;
#891 = CARTESIAN_POINT ( 'NONE',  ( 7.000000000000000000, 0.8429035838820858606, 41.27954235709213293 ) ) ;
#892 = CARTESIAN_POINT ( 'NONE',  ( 7.000000000000000000, 99.21164636056302299, 42.65489515440965107 ) ) ;
#893 = CARTESIAN_POINT ( 'NONE',  ( 7.000000000000000000, 128.3864812221034128, 43.79508116490900704 ) ) ;
#894 = CARTESIAN_POINT ( 'NONE',  ( 1.000000000000000888, 129.6965513510872086, 40.54938272830612078 ) ) ;
#895 = CARTESIAN_POINT ( 'NONE',  ( 7.000000000000000000, 3.979243350880418806, 30.58432687862134003 ) ) ;
#896 = CARTESIAN_POINT ( 'NONE',  ( 7.000000000000000000, 115.8939563757322873, 45.05369988873982123 ) ) ;
#897 = CARTESIAN_POINT ( 'NONE',  ( 1.000000000000000888, 22.11990734714472850, 37.53311037502191994 ) ) ;
#898 = DIRECTION ( 'NONE',  ( 0.000000000000000000, -1.000000000000000000, 0.000000000000000000 ) ) ;
#899 = FACE_OUTER_BOUND ( 'NONE', #658, .T. ) ;
#900 = CARTESIAN_POINT ( 'NONE',  ( -35.20255523217979743, 35.98083609354849699, 20.17637155285937567 ) ) ;
#901 = CARTESIAN_POINT ( 'NONE',  ( 7.000000000000000000, 0.2319562085075380364, 41.19493631393376631 ) ) ;
#902 = CARTESIAN_POINT ( 'NONE',  ( 7.000000000000000000, 10.84111622297416844, 35.21685705701558788 ) ) ;
#903 = CARTESIAN_POINT ( 'NONE',  ( 7.000000000000000000, 10.98862762563185314, 43.41945211413631966 ) ) ;
#904 = CARTESIAN_POINT ( 'NONE',  ( 1.000000000000017319, 103.3916161488528331, 45.96351813323961721 ) ) ;
#905 = CARTESIAN_POINT ( 'NONE',  ( 7.000000000000000000, -2.256261629016794501, 37.50711476655736476 ) ) ;
#906 = CARTESIAN_POINT ( 'NONE',  ( 1.474514954580286030E-14, -3.850709024106746980, 40.10617851126102096 ) ) ;
#907 = DIRECTION ( 'NONE',  ( 0.000000000000000000, 1.000000000000000000, 0.000000000000000000 ) ) ;
#908 = CARTESIAN_POINT ( 'NONE',  ( 1.474514954580286030E-14, -4.389276960964076046, 30.21462083197488013 ) ) ;
#909 = VECTOR ( 'NONE', #414, 1000.000000000000000 ) ;
#910 = LINE ( 'NONE', #701, #319 ) ;
#911 = CARTESIAN_POINT ( 'NONE',  ( 7.000000000000000000, 30.00784804239524206, 46.62793137793659781 ) ) ;
#912 = CARTESIAN_POINT ( 'NONE',  ( 7.000000000000000000, 3.625192857170039140, 33.57422447186859671 ) ) ;
#913 = CARTESIAN_POINT ( 'NONE',  ( 1.000000000000017319, 145.0309436172414337, 41.68205322587908057 ) ) ;
#914 = CARTESIAN_POINT ( 'NONE',  ( 1.000000000000017319, -2.256261629016794501, 37.50711476655736476 ) ) ;
#915 = CARTESIAN_POINT ( 'NONE',  ( 1.474514954580286030E-14, 0.2319562085075380364, 41.19493631393376631 ) ) ;
#916 = CARTESIAN_POINT ( 'NONE',  ( 1.000000000000000888, 2.187486313292515749, 38.52286965144287478 ) ) ;
#917 = LINE ( 'NONE', #1353, #1284 ) ;
#918 = ADVANCED_FACE ( 'NONE', ( #1238 ), #1372, .F. ) ;
#919 = DIRECTION ( 'NONE',  ( 0.000000000000000000, 0.000000000000000000, 1.000000000000000000 ) ) ;
#920 = CARTESIAN_POINT ( 'NONE',  ( 7.000000000000000000, 194.9323584858436504, 34.20679751817296932 ) ) ;
#921 = CARTESIAN_POINT ( 'NONE',  ( 7.000000000000000000, 18.89097110700377158, 36.90546618629826980 ) ) ;
#922 = CARTESIAN_POINT ( 'NONE',  ( 1.474514954580286030E-14, 73.37176221790892328, 49.74856308425114548 ) ) ;
#923 = CARTESIAN_POINT ( 'NONE',  ( 7.000000000000000000, 157.5093986561984707, 39.92344822378920810 ) ) ;
#924 = ORIENTED_EDGE ( 'NONE', *, *, #961, .F. ) ;
#925 = CARTESIAN_POINT ( 'NONE',  ( 7.000000000000000000, -2.756059878853764467, 36.62676096355476574 ) ) ;
#926 = CARTESIAN_POINT ( 'NONE',  ( 7.000000000000000000, 0.8429035838820858606, 41.27954235709213293 ) ) ;
#927 = CARTESIAN_POINT ( 'NONE',  ( 1.000000000000000888, -2.746121138404474138, 33.05960825482424781 ) ) ;
#928 = DIRECTION ( 'NONE',  ( 0.000000000000000000, -5.961230465694261130E-14, -1.000000000000000000 ) ) ;
#929 = CARTESIAN_POINT ( 'NONE',  ( 7.000000000000000000, -2.188270613035799173, 29.22178964558599290 ) ) ;
#930 = CARTESIAN_POINT ( 'NONE',  ( 1.000000000000017319, 10.84111622297416844, 35.21685705701558788 ) ) ;
#931 = CARTESIAN_POINT ( 'NONE',  ( 7.000000000000000000, 62.56079299654682302, 49.61365369549719873 ) ) ;
#932 = EDGE_LOOP ( 'NONE', ( #1279, #979, #736, #179, #854, #1078, #936, #287, #950, #516, #602 ) ) ;
#933 = CARTESIAN_POINT ( 'NONE',  ( 1.474514954580286030E-14, 4.219118242501721738, 42.12209757933960930 ) ) ;
#934 = CARTESIAN_POINT ( 'NONE',  ( 1.000000000000000888, 1.735664168876247970, 33.24454857382453099 ) ) ;
#935 = CARTESIAN_POINT ( 'NONE',  ( 7.000000000000000000, 9.294450235276054073, 20.17637155285937567 ) ) ;
#936 = ORIENTED_EDGE ( 'NONE', *, *, #1001, .F. ) ;
#937 = CARTESIAN_POINT ( 'NONE',  ( 1.474514954580286030E-14, -6.071411779105638118, 34.61685991188772960 ) ) ;
#938 = CARTESIAN_POINT ( 'NONE',  ( 7.000000000000000000, -1.636612190105094733, 29.19415969466829708 ) ) ;
#939 = EDGE_CURVE ( 'NONE', #544, #511, #457, .T. ) ;
#940 = ORIENTED_EDGE ( 'NONE', *, *, #339, .F. ) ;
#941 = CARTESIAN_POINT ( 'NONE',  ( 1.000000000000000888, 3.230367829430953464, 38.80655561645089335 ) ) ;
#942 = CARTESIAN_POINT ( 'NONE',  ( 7.000000000000000000, -1.901403336920491904, 37.81532593877205528 ) ) ;
#943 = CARTESIAN_POINT ( 'NONE',  ( 0.000000000000000000, 73.37176221790892328, 49.74856308425114548 ) ) ;
#944 = VERTEX_POINT ( 'NONE', #1169 ) ;
#945 = B_SPLINE_CURVE_WITH_KNOTS ( 'NONE', 3,
 ( #241, #548, #455, #894, #472, #1005, #773, #691, #440, #983, #1419, #878, #231, #7, #1115, #1328, #1311, #463, #106, #325, #993, #1429, #448, #886, #1320, #342, #786, #897, #1212, #1336, #352, #795, #620, #708, #1246, #717, #1053, #249, #1046, #730, #1237, #258, #1138, #588, #156, #1120, #934, #604, #802, #1040, #613, #1128, #1152, #1020, #1352, #50, #1385, #497, #61, #512, #833, #927, #148, #1228, #1253, #1261, #140, #267, #811, #947, #698, #170, #284, #382, #481, #1145, #32, #1362, #596, #1369, #55, #388, #825, #41, #276, #725, #164, #1032, #505, #491, #916, #373, #820, #941, #1379, #396, #841, #996, #657, #643, #1299, #768, #1409, #1305, #1314, #312, #435, #864, #559, #986, #198, #761, #1189, #1092, #1423, #663, #430, #212, #550, #1180, #858, #404, #872, #206, #443, #1077, #289, #1085, #756, #737, #1267, #1174, #1158, #320, #100, #881, #306, #193, #92 ),
 .UNSPECIFIED., .F., .F.,
 ( 4, 2, 2, 2, 2, 2, 2, 2, 2, 2, 2, 2, 2, 2, 2, 2, 2, 2, 2, 2, 2, 2, 1, 2, 2, 2, 2, 2, 2, 2, 2, 2, 2, 2, 2, 2, 2, 2, 2, 2, 2, 2, 2, 2, 2, 2, 2, 2, 2, 2, 2, 2, 2, 2, 2, 2, 2, 2, 2, 2, 2, 2, 2, 2, 2, 2, 2, 2, 2, 4 ),
 ( 0.000000000000000000, 0.005645914458944245595, 0.03689591445894579991, 0.05252091445894646604, 0.06814591445894724320, 0.08377091445894790933, 0.09939591445894857547, 0.1306459144589499077, 0.1618959144589513510, 0.1931459144589526833, 0.2243959144589541266, 0.2400209144589547927, 0.2556459144589554588, 0.2712709144589561250, 0.2790834144589564580, 0.2868959144589567911, 0.2947084144589570687, 0.2986146644589573462, 0.3025209144589574572, 0.3064271644589576793, 0.3103334144589579013, 0.3181459144589582344, 0.3200990394589583454, 0.3220521644589584564, 0.3259584144589586785, 0.3298646644589587895, 0.3308412269589589005, 0.3318177894589590116, 0.3327943519589590116, 0.3337709144589591226, 0.3347474769589591226, 0.3357240394589592891, 0.3376771644589591781, 0.3396302894589593446, 0.3415834144589593446, 0.3435365394589593446, 0.3454896644589593446, 0.3464662269589593446, 0.3469545082089593446, 0.3474427894589593446, 0.3484193519589592336, 0.3493959144589592336, 0.3513490394589591781, 0.3523256019589591226, 0.3533021644589590116, 0.3572084144589588450, 0.3591615394589587895, 0.3611146644589586785, 0.3650209144589584564, 0.3728334144589581234, 0.3806459144589577348, 0.3884584144589573462, 0.3962709144589569576, 0.4118959144589562360, 0.4197084144589558474, 0.4275209144589554588, 0.4431459144589546817, 0.4587709144589539600, 0.4743959144589531829, 0.5056459144589517951, 0.5368959144589502408, 0.5681459144589489085, 0.5993959144589475763, 0.6306459144589461330, 0.6618959144589446897, 0.6931459144589433574, 0.7243959144589419141, 0.7868959144589391386, 0.8181459144589378063, 0.8493959144589365851 ),
 .UNSPECIFIED. ) ;
#946 = CARTESIAN_POINT ( 'NONE',  ( 7.000000000000000000, -2.805019246127276045, 29.34895110454343126 ) ) ;
#947 = CARTESIAN_POINT ( 'NONE',  ( 1.000000000000000888, -2.909395576519592463, 36.11116413519204116 ) ) ;
#948 = CARTESIAN_POINT ( 'NONE',  ( 7.000000000000000000, 0.8738543474296230906, 38.22522509239463773 ) ) ;
#949 = CARTESIAN_POINT ( 'NONE',  ( 0.000000000000000000, 137.9706324690595807, 45.74895212371850306 ) ) ;
#950 = ORIENTED_EDGE ( 'NONE', *, *, #1100, .F. ) ;
#951 = CARTESIAN_POINT ( 'NONE',  ( 1.000000000000017319, 136.4051620249825305, 39.92806000164802782 ) ) ;
#952 = CARTESIAN_POINT ( 'NONE',  ( 7.000000000000000000, 132.5486721650281936, 43.30503773196158335 ) ) ;
#953 = ORIENTED_EDGE ( 'NONE', *, *, #426, .T. ) ;
#954 = CARTESIAN_POINT ( 'NONE',  ( 7.000000000000000000, -2.382688737947760593, 37.34697075960096413 ) ) ;
#955 = CARTESIAN_POINT ( 'NONE',  ( 1.000000000000017319, -2.890028804129094908, 33.43730159756663767 ) ) ;
#956 = CARTESIAN_POINT ( 'NONE',  ( 0.000000000000000000, 5.616535259945114156, 42.39913828042006116 ) ) ;
#957 = ORIENTED_EDGE ( 'NONE', *, *, #413, .T. ) ;
#958 = CARTESIAN_POINT ( 'NONE',  ( 7.000000000000000000, -2.456771960743778571, 37.23421698133032010 ) ) ;
#959 = CARTESIAN_POINT ( 'NONE',  ( 0.000000000000000000, -3.646386578960737701, 40.25625002730345869 ) ) ;
#960 = VERTEX_POINT ( 'NONE', #192 ) ;
#961 = EDGE_CURVE ( 'NONE', #972, #1391, #82, .T. ) ;
#962 = VERTEX_POINT ( 'NONE', #1194 ) ;
#963 = CARTESIAN_POINT ( 'NONE',  ( 7.000000000000000000, 27.51810294747369667, 38.49077749630112777 ) ) ;
#964 = CARTESIAN_POINT ( 'NONE',  ( 1.000000000000017319, 29.19772777079927550, 43.46794372259758177 ) ) ;
#965 = CARTESIAN_POINT ( 'NONE',  ( 0.000000000000000000, -3.304844687053915653, 29.54538260915341041 ) ) ;
#966 = CARTESIAN_POINT ( 'NONE',  ( 0.000000000000000000, 41.05954679718065847, 37.43740742883801431 ) ) ;
#967 = ORIENTED_EDGE ( 'NONE', *, *, #576, .F. ) ;
#968 = CARTESIAN_POINT ( 'NONE',  ( 7.000000000000000000, 11.37841963073455709, 35.32599567218873915 ) ) ;
#969 = CARTESIAN_POINT ( 'NONE',  ( 1.000000000000017319, 40.72164953525831521, 44.88846926678216676 ) ) ;
#970 = CARTESIAN_POINT ( 'NONE',  ( 0.000000000000000000, 1.079525197265185588, 29.90016138598954853 ) ) ;
#971 = DIRECTION ( 'NONE',  ( 0.000000000000000000, 0.9914602155052801846, -0.1304095129590761015 ) ) ;
#972 = VERTEX_POINT ( 'NONE', #132 ) ;
#973 = CARTESIAN_POINT ( 'NONE',  ( 7.000000000000000000, 105.7419107607997262, 42.32596102276258421 ) ) ;
#974 = EDGE_CURVE ( 'NONE', #436, #972, #675, .T. ) ;
#975 = CARTESIAN_POINT ( 'NONE',  ( -35.20255523217979743, 35.98083609354849699, 33.54405169795538200 ) ) ;
#976 = CARTESIAN_POINT ( 'NONE',  ( 1.000000000000017319, 4.015211597059070492, 39.00408486290420029 ) ) ;
#977 = CARTESIAN_POINT ( 'NONE',  ( 0.000000000000000000, 3.979243350880418806, 30.58432687862134003 ) ) ;
#978 = CARTESIAN_POINT ( 'NONE',  ( 0.000000000000000000, 69.43965669975554533, 39.65085326244597042 ) ) ;
#979 = ORIENTED_EDGE ( 'NONE', *, *, #939, .F. ) ;
#980 = CARTESIAN_POINT ( 'NONE',  ( 1.000000000000017319, 112.2738403947977019, 41.90001831837493285 ) ) ;
#981 = CARTESIAN_POINT ( 'NONE',  ( 7.000000000000000000, 199.0897272061520198, 31.68298522458125177 ) ) ;
#982 = CARTESIAN_POINT ( 'NONE',  ( 7.000000000000000000, 2.187486313292515749, 38.52286965144287478 ) ) ;
#983 = CARTESIAN_POINT ( 'NONE',  ( 1.000000000000000888, 105.7419107607997262, 42.32596102276258421 ) ) ;
#984 = PLANE ( 'NONE',  #83 ) ;
#985 = CARTESIAN_POINT ( 'NONE',  ( 7.000000000000000000, -1.636612190105094733, 29.19415969466829708 ) ) ;
#986 = CARTESIAN_POINT ( 'NONE',  ( 1.000000000000000888, 29.19772777079927550, 43.46794372259758177 ) ) ;
#987 = LINE ( 'NONE', #143, #1209 ) ;
#988 = CARTESIAN_POINT ( 'NONE',  ( 7.000000000000000000, 110.0963773667527477, 42.05092101069669752 ) ) ;
#989 = VECTOR ( 'NONE', #243, 1000.000000000000000 ) ;
#990 = AXIS2_PLACEMENT_3D ( 'NONE', #1084, #99, #1195 ) ;
#991 = CARTESIAN_POINT ( 'NONE',  ( 7.000000000000000000, 118.8066582402849889, 41.42233265099577721 ) ) ;
#992 = CARTESIAN_POINT ( 'NONE',  ( 7.000000000000000000, 28.14949182795604443, 43.31724557751685722 ) ) ;
#993 = CARTESIAN_POINT ( 'NONE',  ( 1.000000000000000888, 47.04058472926008960, 41.14712623921387546 ) ) ;
#994 = CARTESIAN_POINT ( 'NONE',  ( 7.000000000000000000, 199.0897272061520198, 31.68298522458125177 ) ) ;
#995 = CARTESIAN_POINT ( 'NONE',  ( 1.474514954580286030E-14, 9.294450235374659641, 31.81681296542917536 ) ) ;
#996 = CARTESIAN_POINT ( 'NONE',  ( 1.000000000000000888, 7.165882161353812840, 39.63197671016316548 ) ) ;
#997 = CARTESIAN_POINT ( 'NONE',  ( 7.000000000000000000, -1.787439881178729317, 37.89128281649298202 ) ) ;
#998 = CARTESIAN_POINT ( 'NONE',  ( 7.000000000000000000, 202.0897272061520482, 28.26254687935834653 ) ) ;
#999 = CARTESIAN_POINT ( 'NONE',  ( 1.000000000000000000, 30.00276687579296819, 46.60705136438575380 ) ) ;
#1000 = CARTESIAN_POINT ( 'NONE',  ( 7.000000000000000000, -3.304844687053915653, 29.54538260915341041 ) ) ;
#1001 = EDGE_CURVE ( 'NONE', #1272, #436, #15, .T. ) ;
#1002 = CARTESIAN_POINT ( 'NONE',  ( 0.000000000000000000, 132.3584713970657560, 37.30122939084757405 ) ) ;
#1003 =( LENGTH_UNIT ( ) NAMED_UNIT ( * ) SI_UNIT ( .MILLI., .METRE. ) );
#1004 = CARTESIAN_POINT ( 'NONE',  ( 7.000000000000000000, -1.295129027702632829, 41.11712360988800441 ) ) ;
#1005 = CARTESIAN_POINT ( 'NONE',  ( 1.000000000000000888, 118.8066582402849889, 41.42233265099577721 ) ) ;
#1006 = CARTESIAN_POINT ( 'NONE',  ( 7.000000000000000000, 9.294450235374659641, 31.81681296542917536 ) ) ;
#1007 = CARTESIAN_POINT ( 'NONE',  ( 0.000000000000000000, 49.36262168109011839, 38.35825314659745544 ) ) ;
#1008 = CARTESIAN_POINT ( 'NONE',  ( 7.000000000000000000, 8.744613954739573813, 42.97975621753752762 ) ) ;
#1009 = CARTESIAN_POINT ( 'NONE',  ( 1.000000000000017319, -0.3259233334848535280, 32.54461966081078117 ) ) ;
#1010 = CARTESIAN_POINT ( 'NONE',  ( 1.000000000000017319, 165.8263827271446758, 38.68047176515962349 ) ) ;
#1011 = CARTESIAN_POINT ( 'NONE',  ( 1.000000000000017319, -1.901403336920491904, 37.81532593877205528 ) ) ;
#1012 = CARTESIAN_POINT ( 'NONE',  ( -35.20255523217979743, 39.68277694100778064, 37.26425257663699853 ) ) ;
#1013 = CARTESIAN_POINT ( 'NONE',  ( 1.474514954580286030E-14, -0.3664323118713419536, 29.37759921316741085 ) ) ;
#1014 = CARTESIAN_POINT ( 'NONE',  ( 7.000000000000000000, 12.48083609354849699, 32.48975361016913155 ) ) ;
#1015 = DIRECTION ( 'NONE',  ( -1.000000000000000000, -0.000000000000000000, -0.000000000000000000 ) ) ;
#1016 = CARTESIAN_POINT ( 'NONE',  ( 1.000000000000017319, 15.67180255750978723, 36.22591233625160356 ) ) ;
#1017 =( NAMED_UNIT ( * ) PLANE_ANGLE_UNIT ( ) SI_UNIT ( $, .RADIAN. ) );
#1018 = CARTESIAN_POINT ( 'NONE',  ( 1.000000000000017319, -2.061967140626721928, 37.69425858223642933 ) ) ;
#1019 = CARTESIAN_POINT ( 'NONE',  ( 1.474514954580286030E-14, 2.746671659584214442, 41.79299116710734552 ) ) ;
#1020 = CARTESIAN_POINT ( 'NONE',  ( 1.000000000000000888, -1.497453603307571823, 32.20589840171597018 ) ) ;
#1021 = EDGE_CURVE ( 'NONE', #1163, #392, #217, .T. ) ;
#1022 = B_SPLINE_SURFACE_WITH_KNOTS ( 'NONE', 3, 1, ( 
 ( #252, #882 ),
 ( #1346, #127 ),
 ( #355, #805 ),
 ( #567, #799 ),
 ( #1331, #1007 ),
 ( #1122, #1231 ),
 ( #347, #1315 ),
 ( #329, #560 ),
 ( #890, #1322 ),
 ( #336, #783 ),
 ( #1206, #227 ),
 ( #679, #1103 ),
 ( #120, #1002 ),
 ( #10, #458 ) ),
 .UNSPECIFIED., .F., .F., .F.,
 ( 4, 1, 1, 1, 1, 1, 1, 1, 1, 1, 1, 4 ),
 ( 2, 2 ),
 ( 0.6168498909613771009, 0.6201920966915717148, 0.6235343022776727029, 0.6353677091128037135, 0.6621053538016121731, 0.6888429984904207437, 0.7155806431792292033, 0.7423182878680376628, 0.7690559325568461224, 0.7957935772456545820, 0.8225312219344630416, 0.8492688666232715011 ),
 ( 0.000000000000000000, 1.000000000000000000 ),
 .UNSPECIFIED. ) ;
#1023 = CARTESIAN_POINT ( 'NONE',  ( 7.000000000000000000, 113.7776548161528751, 38.80193182863925472 ) ) ;
#1024 =( NAMED_UNIT ( * ) PLANE_ANGLE_UNIT ( ) SI_UNIT ( $, .RADIAN. ) );
#1025 = CARTESIAN_POINT ( 'NONE',  ( 7.000000000000000000, 103.3916161488528331, 45.96351813323961721 ) ) ;
#1026 = CARTESIAN_POINT ( 'NONE',  ( 7.000000000000000000, 14.59943176835909107, 35.99575191101558858 ) ) ;
#1027 = CARTESIAN_POINT ( 'NONE',  ( 1.474514954580286030E-14, 120.0555887347233863, 47.76663773609691077 ) ) ;
#1028 = SURFACE_STYLE_USAGE ( .BOTH. , #562 ) ;
#1029 = APPLICATION_CONTEXT ( 'automotive_design' ) ;
#1030 = ORIENTED_EDGE ( 'NONE', *, *, #733, .F. ) ;
#1031 = CARTESIAN_POINT ( 'NONE',  ( 7.000000000000000000, 0.8738543474296230906, 38.22522509239463773 ) ) ;
#1032 = CARTESIAN_POINT ( 'NONE',  ( 1.000000000000000888, 0.1969437493854754584, 38.19052439093439943 ) ) ;
#1033 = CARTESIAN_POINT ( 'NONE',  ( 0.000000000000000000, 51.67542028639194029, 49.00509020648446779 ) ) ;
#1034 = CARTESIAN_POINT ( 'NONE',  ( 1.474514954580286030E-14, -5.615862110268947660, 37.58081771412093985 ) ) ;
#1035 = CARTESIAN_POINT ( 'NONE',  ( 7.000000000000000000, 78.35696071658088613, 46.71796037283152003 ) ) ;
#1036 = CARTESIAN_POINT ( 'NONE',  ( 1.000000000000017319, 7.628473560431475065, 34.51006684497325239 ) ) ;
#1037 = CARTESIAN_POINT ( 'NONE',  ( 7.000000000000000000, 25.00391223934092366, 42.83417217662283605 ) ) ;
#1038 = ORIENTED_EDGE ( 'NONE', *, *, #95, .T. ) ;
#1039 = CARTESIAN_POINT ( 'NONE',  ( 7.000000000000000000, 5.616535259945114156, 42.39913828042006116 ) ) ;
#1040 = CARTESIAN_POINT ( 'NONE',  ( 1.000000000000000888, -0.3259233334848535280, 32.54461966081078117 ) ) ;
#1041 = CARTESIAN_POINT ( 'NONE',  ( 7.000000000000000000, 80.52265093222071357, 39.93669370054978174 ) ) ;
#1042 = EDGE_CURVE ( 'NONE', #817, #1382, #362, .T. ) ;
#1043 = CARTESIAN_POINT ( 'NONE',  ( 7.000000000000000000, -3.850709024106746980, 40.10617851126102096 ) ) ;
#1044 = CARTESIAN_POINT ( 'NONE',  ( 7.000000000000000000, 29.19772777079927550, 43.46794372259758177 ) ) ;
#1045 = VERTEX_POINT ( 'NONE', #1187 ) ;
#1046 = CARTESIAN_POINT ( 'NONE',  ( 1.000000000000000888, 9.231410543447477579, 34.87808915355469708 ) ) ;
#1047 = CARTESIAN_POINT ( 'NONE',  ( 7.000000000000000000, -3.033555832678165309, 34.23696973741184735 ) ) ;
#1048 = DIRECTION ( 'NONE',  ( 0.000000000000000000, 0.000000000000000000, -1.000000000000000000 ) ) ;
#1049 = ORIENTED_EDGE ( 'NONE', *, *, #814, .T. ) ;
#1050 = CARTESIAN_POINT ( 'NONE',  ( 7.000000000000000000, -4.401811459543186977, 39.61824162486697531 ) ) ;
#1051 = CARTESIAN_POINT ( 'NONE',  ( 7.000000000000000000, 202.0897272061521335, 36.10584174640952426 ) ) ;
#1052 = ORIENTED_EDGE ( 'NONE', *, *, #1254, .T. ) ;
#1053 = CARTESIAN_POINT ( 'NONE',  ( 1.000000000000000888, 10.84111622297416844, 35.21685705701558788 ) ) ;
#1054 = CARTESIAN_POINT ( 'NONE',  ( 7.000000000000000000, 2.969432009424953112, 38.73685766013636567 ) ) ;
#1055 = CARTESIAN_POINT ( 'NONE',  ( 7.000000000000000000, 69.43965669975554533, 39.65085326244597042 ) ) ;
#1056 = CARTESIAN_POINT ( 'NONE',  ( 7.000000000000000000, -5.491006233794235136, 31.82593266871046467 ) ) ;
#1057 = CARTESIAN_POINT ( 'NONE',  ( 0.000000000000000000, -0.7867189651391626182, 41.15598455514042087 ) ) ;
#1058 = EDGE_LOOP ( 'NONE', ( #741, #402, #967, #424 ) ) ;
#1059 = EDGE_CURVE ( 'NONE', #188, #1136, #580, .T. ) ;
#1060 = CARTESIAN_POINT ( 'NONE',  ( 0.000000000000000000, -4.896032891998263636, 30.80298897163152105 ) ) ;
#1061 = LINE ( 'NONE', #73, #887 ) ;
#1062 = CARTESIAN_POINT ( 'NONE',  ( 7.000000000000000000, 10.31472649702484468, 40.23106653416466116 ) ) ;
#1063 = CARTESIAN_POINT ( 'NONE',  ( 1.000000000000017319, -2.690878283120346826, 32.93654274456103792 ) ) ;
#1064 = CARTESIAN_POINT ( 'NONE',  ( 0.000000000000000000, -0.6995746967717433318, 29.30019674060362789 ) ) ;
#1065 = CARTESIAN_POINT ( 'NONE',  ( 7.000000000000000000, 12.48083609354849877, 20.17637155285937567 ) ) ;
#1066 = CARTESIAN_POINT ( 'NONE',  ( 7.000000000000000000, -5.689990099033742865, 32.34453410610810664 ) ) ;
#1067 = CARTESIAN_POINT ( 'NONE',  ( 7.000000000000000000, 137.9706324690595807, 45.74895212371850306 ) ) ;
#1068 = CARTESIAN_POINT ( 'NONE',  ( 7.000000000000000000, 86.15750616067873580, 42.94059403257050889 ) ) ;
#1069 = CARTESIAN_POINT ( 'NONE',  ( 1.000000000000017319, 38.62714512131501721, 44.65698927650647931 ) ) ;
#1070 = CARTESIAN_POINT ( 'NONE',  ( 0.000000000000000000, 8.964976357790709116, 31.74163537450678518 ) ) ;
#1071 = LINE ( 'NONE', #1065, #1165 ) ;
#1072 = CARTESIAN_POINT ( 'NONE',  ( -35.20255523217979743, 12.48083609354849877, 20.17637155285937567 ) ) ;
#1073 = CARTESIAN_POINT ( 'NONE',  ( 7.000000000000000000, 118.8066582402849889, 41.42233265099577721 ) ) ;
#1074 = CARTESIAN_POINT ( 'NONE',  ( 7.000000000000000000, 1.735664168876247970, 33.24454857382453099 ) ) ;
#1075 = CARTESIAN_POINT ( 'NONE',  ( 1.000000000000017319, 2.969432009424953112, 38.73685766013636567 ) ) ;
#1076 = CARTESIAN_POINT ( 'NONE',  ( 0.000000000000000000, -5.689990099033742865, 32.34453410610810664 ) ) ;
#1077 = CARTESIAN_POINT ( 'NONE',  ( 1.000000000000000888, 107.5602038903987676, 45.70079206443454467 ) ) ;
#1078 = ORIENTED_EDGE ( 'NONE', *, *, #974, .F. ) ;
#1079 = CARTESIAN_POINT ( 'NONE',  ( 7.000000000000000000, 34.01925827577677808, 39.52125283308586035 ) ) ;
#1080 = VECTOR ( 'NONE', #1298, 1000.000000000000000 ) ;
#1081 = CARTESIAN_POINT ( 'NONE',  ( 7.000000000000000000, 10.84111622297416844, 35.21685705701558788 ) ) ;
#1082 = CARTESIAN_POINT ( 'NONE',  ( 1.000000000000017319, 15.56256568664753814, 41.22120913586391566 ) ) ;
#1083 = CARTESIAN_POINT ( 'NONE',  ( 7.000000000000000000, 199.0897272061520198, 31.68298522458125177 ) ) ;
#1084 = CARTESIAN_POINT ( 'NONE',  ( 7.000000000000000000, 30.00276687579296819, 46.60705136438575380 ) ) ;
#1085 = CARTESIAN_POINT ( 'NONE',  ( 1.000000000000000888, 120.0591161385874983, 44.66915677886796487 ) ) ;
#1086 = CARTESIAN_POINT ( 'NONE',  ( 7.000000000000000000, 1.519761260300199979, 41.44566897933530925 ) ) ;
#1087 = CARTESIAN_POINT ( 'NONE',  ( 1.000000000000017319, 47.04058472926008960, 41.14712623921387546 ) ) ;
#1088 = CARTESIAN_POINT ( 'NONE',  ( 7.000000000000000000, 73.11149861051296739, 42.75252354560661416 ) ) ;
#1089 = CARTESIAN_POINT ( 'NONE',  ( 7.000000000000000000, 21.85745850859535722, 42.32003516145092448 ) ) ;
#1090 = CARTESIAN_POINT ( 'NONE',  ( 7.000000000000000000, 136.4051620249825305, 39.92806000164802782 ) ) ;
#1091 = CARTESIAN_POINT ( 'NONE',  ( 7.000000000000000000, 8.388131077601977736, 31.60718689419314487 ) ) ;
#1092 = CARTESIAN_POINT ( 'NONE',  ( 1.000000000000000888, 40.72164953525831521, 44.88846926678216676 ) ) ;
#1093 = CARTESIAN_POINT ( 'NONE',  ( 7.000000000000000000, 20.02954572892118179, 45.05003678396214184 ) ) ;
#1094 = CARTESIAN_POINT ( 'NONE',  ( 7.000000000000000000, 112.2738403947977019, 41.90001831837493285 ) ) ;
#1095 = AXIS2_PLACEMENT_3D ( 'NONE', #1204, #474, #225 ) ;
#1096 = CARTESIAN_POINT ( 'NONE',  ( 7.000000000000000000, 6.030523936677397501, 34.12060297208723370 ) ) ;
#1097 = CARTESIAN_POINT ( 'NONE',  ( 7.000000000000000000, 34.43729347384611117, 44.16407876331136606 ) ) ;
#1098 = DIRECTION ( 'NONE',  ( 0.000000000000000000, 1.000000000000000000, 0.000000000000000000 ) ) ;
#1099 = DIRECTION ( 'NONE',  ( 0.000000000000000000, 0.04481866657144209509, -0.9989951386902530261 ) ) ;
#1100 = EDGE_CURVE ( 'NONE', #742, #496, #211, .T. ) ;
#1101 = CARTESIAN_POINT ( 'NONE',  ( 1.474514954580286030E-14, -1.636612190105094733, 29.19415969466829708 ) ) ;
#1102 = CARTESIAN_POINT ( 'NONE',  ( 7.000000000000000000, 39.68277688165156292, 37.26425256906450301 ) ) ;
#1103 = CARTESIAN_POINT ( 'NONE',  ( 0.000000000000000000, 124.9404520065762227, 37.94492262177276132 ) ) ;
#1104 =( GEOMETRIC_REPRESENTATION_CONTEXT ( 3 ) GLOBAL_UNCERTAINTY_ASSIGNED_CONTEXT ( ( #182 ) ) GLOBAL_UNIT_ASSIGNED_CONTEXT ( ( #375, #1024, #346 ) ) REPRESENTATION_CONTEXT ( 'NONE', 'WORKASPACE' ) );
#1105 = CARTESIAN_POINT ( 'NONE',  ( 1.000000000000017319, 34.01925827577677808, 39.52125283308586035 ) ) ;
#1106 = CARTESIAN_POINT ( 'NONE',  ( 1.000000000000017319, 107.5602038903987676, 45.70079206443454467 ) ) ;
#1107 = DIRECTION ( 'NONE',  ( 0.000000000000000000, -0.000000000000000000, 1.000000000000000000 ) ) ;
#1108 = DIRECTION ( 'NONE',  ( 0.000000000000000000, -0.000000000000000000, -1.000000000000000000 ) ) ;
#1109 = CARTESIAN_POINT ( 'NONE',  ( 7.000000000000000000, -2.188270613035799173, 29.22178964558599290 ) ) ;
#1110 = DIRECTION ( 'NONE',  ( 0.000000000000000000, 0.000000000000000000, -1.000000000000000000 ) ) ;
#1111 = CARTESIAN_POINT ( 'NONE',  ( 7.000000000000000000, 9.231410543447477579, 34.87808915355469708 ) ) ;
#1112 = CARTESIAN_POINT ( 'NONE',  ( 1.474514954580286030E-14, 30.00784804239524206, 46.62793137793659781 ) ) ;
#1113 = CARTESIAN_POINT ( 'NONE',  ( 1.000000000000017319, 0.1969437493854754584, 38.19052439093439943 ) ) ;
#1114 = CARTESIAN_POINT ( 'NONE',  ( 1.474514954580286030E-14, -4.401811459543186977, 39.61824162486697531 ) ) ;
#1115 = CARTESIAN_POINT ( 'NONE',  ( 1.000000000000000888, 86.15750616067873580, 42.94059403257050889 ) ) ;
#1116 = DIRECTION ( 'NONE',  ( 0.000000000000000000, 5.961230465694261130E-14, 1.000000000000000000 ) ) ;
#1117 = CARTESIAN_POINT ( 'NONE',  ( 1.474514954580286030E-14, -2.188270613035799173, 29.22178964558599290 ) ) ;
#1118 = CARTESIAN_POINT ( 'NONE',  ( 1.000000000000017319, 12.98944595963266657, 35.65810890829114754 ) ) ;
#1119 = CARTESIAN_POINT ( 'NONE',  ( 7.000000000000000000, -3.052281635483448330, 34.50469133545592371 ) ) ;
#1120 = CARTESIAN_POINT ( 'NONE',  ( 1.000000000000000888, 2.545841083749560418, 33.38383798764628807 ) ) ;
#1121 = CARTESIAN_POINT ( 'NONE',  ( 7.000000000000000000, -5.221299293883270742, 31.30856750991522475 ) ) ;
#1122 = CARTESIAN_POINT ( 'NONE',  ( 7.000000000000000888, 58.36451125113448057, 39.07966038780323714 ) ) ;
#1123 = CARTESIAN_POINT ( 'NONE',  ( 7.000000000000000000, 115.8939563757322873, 45.05369988873982123 ) ) ;
#1124 = CARTESIAN_POINT ( 'NONE',  ( 1.000000000000017319, 1.735664168876247970, 33.24454857382453099 ) ) ;
#1125 = SURFACE_STYLE_FILL_AREA ( #256 ) ;
#1126 = CARTESIAN_POINT ( 'NONE',  ( 1.000000000000017319, -2.211051339994434706, 37.55869174729115656 ) ) ;
#1127 = CARTESIAN_POINT ( 'NONE',  ( 7.000000000000000000, 6.983798063139631473, 42.65053014975095635 ) ) ;
#1128 = CARTESIAN_POINT ( 'NONE',  ( 1.000000000000000888, -1.100439516812057317, 32.28660560277881331 ) ) ;
#1129 = PRODUCT ( 'left', 'left', '', ( #465 ) ) ;
#1130 = CARTESIAN_POINT ( 'NONE',  ( 0.000000000000000000, 105.6952786953121404, 48.85609050469867753 ) ) ;
#1131 = COLOUR_RGB ( '',0.7921568627450980005, 0.8196078431372548767, 0.9333333333333333481 ) ;
#1132 = CARTESIAN_POINT ( 'NONE',  ( 7.000000000000000000, 82.53161870309817516, 46.67094722049179722 ) ) ;
#1133 = CARTESIAN_POINT ( 'NONE',  ( 7.000000000000000000, -1.364303576981520383, 32.22782649924861431 ) ) ;
#1134 = CARTESIAN_POINT ( 'NONE',  ( 7.000000000000000000, 120.0555887347233863, 47.76663773609691077 ) ) ;
#1135 = CARTESIAN_POINT ( 'NONE',  ( 1.000000000000017319, 199.0897272061521335, 33.54539103327172000 ) ) ;
#1136 = VERTEX_POINT ( 'NONE', #1083 ) ;
#1137 = CARTESIAN_POINT ( 'NONE',  ( 7.000000000000000000, -0.7867189651391626182, 41.15598455514042087 ) ) ;
#1138 = CARTESIAN_POINT ( 'NONE',  ( 1.000000000000000888, 4.967108813971025327, 33.85060602638663596 ) ) ;
#1139 = DIRECTION ( 'NONE',  ( 0.000000000000000000, 0.000000000000000000, 1.000000000000000000 ) ) ;
#1140 = CARTESIAN_POINT ( 'NONE',  ( 7.000000000000000000, 9.184606750555602162, 31.79191599443362293 ) ) ;
#1141 = CARTESIAN_POINT ( 'NONE',  ( 7.000000000000000000, -1.100439516812057317, 32.28660560277881331 ) ) ;
#1142 = CARTESIAN_POINT ( 'NONE',  ( 7.000000000000000000, 35.43637472127275601, 47.31371295491271667 ) ) ;
#1143 = CARTESIAN_POINT ( 'NONE',  ( 7.000000000000000000, 34.43729347384611117, 44.16407876331136606 ) ) ;
#1144 = ORIENTED_EDGE ( 'NONE', *, *, #205, .T. ) ;
#1145 = CARTESIAN_POINT ( 'NONE',  ( 1.000000000000000888, -2.211051339994434706, 37.55869174729115656 ) ) ;
#1146 = CARTESIAN_POINT ( 'NONE',  ( 0.000000000000000000, 35.98083609354849699, 33.54405169795538200 ) ) ;
#1147 = CARTESIAN_POINT ( 'NONE',  ( 1.474514954580286030E-14, -5.305701172550826961, 38.28470654803033568 ) ) ;
#1148 = CARTESIAN_POINT ( 'NONE',  ( 7.000000000000000000, 1.684925970767294556, 30.13579185108373082 ) ) ;
#1149 = CARTESIAN_POINT ( 'NONE',  ( 7.000000000000000000, 73.37176221790892328, 49.74856308425114548 ) ) ;
#1150 = CARTESIAN_POINT ( 'NONE',  ( 7.000000000000000000, 32.34189676252902501, 43.90088999196224506 ) ) ;
#1151 = ORIENTED_EDGE ( 'NONE', *, *, #642, .T. ) ;
#1152 = CARTESIAN_POINT ( 'NONE',  ( 1.000000000000000888, -1.364303576981520383, 32.22782649924861431 ) ) ;
#1153 = CARTESIAN_POINT ( 'NONE',  ( 7.000000000000000000, -1.497453603307571823, 32.20589840171597018 ) ) ;
#1154 = DIRECTION ( 'NONE',  ( -1.000000000000000000, -0.000000000000000000, -0.000000000000000000 ) ) ;
#1155 = ORIENTED_EDGE ( 'NONE', *, *, #1387, .F. ) ;
#1156 = CARTESIAN_POINT ( 'NONE',  ( 7.000000000000000000, 2.032724725345800287, 30.23447594548850148 ) ) ;
#1157 = ORIENTED_EDGE ( 'NONE', *, *, #1313, .T. ) ;
#1158 = CARTESIAN_POINT ( 'NONE',  ( 1.000000000000000888, 157.5093986561984707, 39.92344822378920810 ) ) ;
#1159 = CARTESIAN_POINT ( 'NONE',  ( 7.000000000000000000, -2.274921041476986705, 32.39909077861550912 ) ) ;
#1160 = CARTESIAN_POINT ( 'NONE',  ( 7.000000000000000000, -2.890028804129094908, 33.43730159756663767 ) ) ;
#1161 = CARTESIAN_POINT ( 'NONE',  ( 0.000000000000000000, 9.294450235276054073, 31.81681296540682524 ) ) ;
#1162 = EDGE_CURVE ( 'NONE', #944, #392, #124, .T. ) ;
#1163 = VERTEX_POINT ( 'NONE', #98 ) ;
#1164 = CARTESIAN_POINT ( 'NONE',  ( 0.000000000000000000, -3.850709024106746980, 40.10617851126102096 ) ) ;
#1165 = VECTOR ( 'NONE', #543, 1000.000000000000000 ) ;
#1166 = VERTEX_POINT ( 'NONE', #572 ) ;
#1167 = CARTESIAN_POINT ( 'NONE',  ( 7.000000000000000000, -1.542238009990950731, 38.00065650680324580 ) ) ;
#1168 = CARTESIAN_POINT ( 'NONE',  ( 7.000000000000000000, -2.951883731983890424, 33.70446422215513849 ) ) ;
#1169 = CARTESIAN_POINT ( 'NONE',  ( 7.000000000000000000, 202.0897272061520482, 28.26254687935834653 ) ) ;
#1170 = ORIENTED_EDGE ( 'NONE', *, *, #59, .T. ) ;
#1171 = CARTESIAN_POINT ( 'NONE',  ( 7.000000000000000000, 99.21164636056302299, 42.65489515440965107 ) ) ;
#1172 = CARTESIAN_POINT ( 'NONE',  ( 7.000000000000000000, 4.015211597059070492, 39.00408486290420029 ) ) ;
#1173 = CARTESIAN_POINT ( 'NONE',  ( 0.000000000000000000, -4.884695842921570552, 39.00297129952845410 ) ) ;
#1174 = CARTESIAN_POINT ( 'NONE',  ( 1.000000000000000888, 145.0309436172414337, 41.68205322587908057 ) ) ;
#1175 = ORIENTED_EDGE ( 'NONE', *, *, #1001, .T. ) ;
#1176 = CARTESIAN_POINT ( 'NONE',  ( 1.000000000000017319, 97.03540232752870054, 42.73478501422152931 ) ) ;
#1177 = LINE ( 'NONE', #552, #751 ) ;
#1178 = CARTESIAN_POINT ( 'NONE',  ( 7.000000000000000000, 16.61176849847475978, 41.40626604724763382 ) ) ;
#1179 = CARTESIAN_POINT ( 'NONE',  ( 0.000000000000000000, 0.5824080007677897575, 29.69055635213166866 ) ) ;
#1180 = CARTESIAN_POINT ( 'NONE',  ( 1.000000000000000888, 70.00473773709352088, 46.70868296521359753 ) ) ;
#1181 = VECTOR ( 'NONE', #796, 1000.000000000000000 ) ;
#1182 = ORIENTED_EDGE ( 'NONE', *, *, #686, .F. ) ;
#1183 = CARTESIAN_POINT ( 'NONE',  ( 1.000000000000017319, 86.15750616067873580, 42.94059403257050889 ) ) ;
#1184 = CARTESIAN_POINT ( 'NONE',  ( 1.474514954580286030E-14, -5.864532730278066097, 32.97452499126725201 ) ) ;
#1185 = DIRECTION ( 'NONE',  ( 0.000000000000000000, -0.000000000000000000, -1.000000000000000000 ) ) ;
#1186 = CARTESIAN_POINT ( 'NONE',  ( 1.000000000000017319, 26.05258725531788500, 43.00047327457542679 ) ) ;
#1187 = CARTESIAN_POINT ( 'NONE',  ( 7.000000000000000000, 39.68277694100778064, 20.17637155285937567 ) ) ;
#1188 = PLANE ( 'NONE',  #990 ) ;
#1189 = CARTESIAN_POINT ( 'NONE',  ( 1.000000000000000888, 38.62714512131501721, 44.65698927650647931 ) ) ;
#1190 = CARTESIAN_POINT ( 'NONE',  ( 7.000000000000000000, 4.219118242501721738, 42.12209757933960930 ) ) ;
#1191 = CARTESIAN_POINT ( 'NONE',  ( 7.000000000000000000, 135.6194273301751707, 40.00324111498539992 ) ) ;
#1192 = CARTESIAN_POINT ( 'NONE',  ( 7.000000000000000000, 17.81725788270787092, 36.68244003222852001 ) ) ;
#1193 = CARTESIAN_POINT ( 'NONE',  ( 1.000000000000017319, 25.00391223934092366, 42.83417217662283605 ) ) ;
#1194 = CARTESIAN_POINT ( 'NONE',  ( 7.000000000000000000, 136.0666348804983272, 36.94674739450726975 ) ) ;
#1195 = DIRECTION ( 'NONE',  ( 0.000000000000000000, 0.000000000000000000, 1.000000000000000000 ) ) ;
#1196 = CARTESIAN_POINT ( 'NONE',  ( 7.000000000000000000, 4.977847845730808629, 30.78783391147796067 ) ) ;
#1197 = CARTESIAN_POINT ( 'NONE',  ( 0.000000000000000000, 124.9404520065762227, 37.94492262177276132 ) ) ;
#1198 = CARTESIAN_POINT ( 'NONE',  ( 1.000000000000017319, 51.38363549767369420, 41.53711844795868302 ) ) ;
#1199 = EDGE_CURVE ( 'NONE', #944, #849, #564, .T. ) ;
#1200 = CARTESIAN_POINT ( 'NONE',  ( 7.000000000000000000, 8.161871798992049065, 34.63667078312990100 ) ) ;
#1201 = CARTESIAN_POINT ( 'NONE',  ( 1.000000000000017319, 65.82730621774713597, 46.65713553914280709 ) ) ;
#1202 = DIRECTION ( 'NONE',  ( 1.000000000000000000, 0.000000000000000000, 0.000000000000000000 ) ) ;
#1203 = DIRECTION ( 'NONE',  ( 1.000000000000000000, 0.000000000000000000, 0.000000000000000000 ) ) ;
#1204 = CARTESIAN_POINT ( 'NONE',  ( -35.20255523217979743, 39.68277694100778064, 20.17637155285937567 ) ) ;
#1205 = VECTOR ( 'NONE', #661, 1000.000000000000000 ) ;
#1206 = CARTESIAN_POINT ( 'NONE',  ( 7.000000000000000888, 113.7776548161528751, 38.80193182863925472 ) ) ;
#1207 = CARTESIAN_POINT ( 'NONE',  ( 7.000000000000000000, -2.717947589671245279, 40.76897937448613618 ) ) ;
#1208 = CARTESIAN_POINT ( 'NONE',  ( 7.000000000000000000, 51.38363549767369420, 41.53711844795868302 ) ) ;
#1209 = VECTOR ( 'NONE', #475, 1000.000000000000000 ) ;
#1210 = CARTESIAN_POINT ( 'NONE',  ( 1.000000000000017319, 115.8939563757322873, 45.05369988873982123 ) ) ;
#1211 = CARTESIAN_POINT ( 'NONE',  ( 7.000000000000000000, -1.901403336920491904, 37.81532593877205528 ) ) ;
#1212 = CARTESIAN_POINT ( 'NONE',  ( 1.000000000000000888, 21.04250840629757136, 37.32967168587297380 ) ) ;
#1213 = LINE ( 'NONE', #449, #1181 ) ;
#1214 = CARTESIAN_POINT ( 'NONE',  ( 7.000000000000000000, 2.032724725345800287, 30.23447594548850148 ) ) ;
#1215 = DIRECTION ( 'NONE',  ( 0.000000000000000000, -1.408811541705554283E-16, 1.000000000000000000 ) ) ;
#1216 = PLANE ( 'NONE',  #110 ) ;
#1217 = CARTESIAN_POINT ( 'NONE',  ( 7.000000000000000000, 82.53161870309817516, 46.67094722049179722 ) ) ;
#1218 = CARTESIAN_POINT ( 'NONE',  ( 7.000000000000000000, -4.401811459543186977, 39.61824162486697531 ) ) ;
#1219 = CARTESIAN_POINT ( 'NONE',  ( 0.000000000000000000, 39.68277694100778064, 20.17637155285937567 ) ) ;
#1220 = CARTESIAN_POINT ( 'NONE',  ( 1.474514954580286030E-14, 4.977847845730808629, 30.78783391147796067 ) ) ;
#1221 = EDGE_CURVE ( 'NONE', #652, #1367, #945, .T. ) ;
#1222 = LINE ( 'NONE', #452, #989 ) ;
#1223 = CARTESIAN_POINT ( 'NONE',  ( 7.000000000000000000, 94.90822586165225516, 49.38909700744493847 ) ) ;
#1224 = CARTESIAN_POINT ( 'NONE',  ( 1.000000000000017319, 12.45260275079002987, 35.54652460039267226 ) ) ;
#1225 = FILL_AREA_STYLE_COLOUR ( '', #1131 ) ;
#1226 = CARTESIAN_POINT ( 'NONE',  ( 1.000000000000017319, -2.909395576519592463, 36.11116413519204116 ) ) ;
#1227 = CARTESIAN_POINT ( 'NONE',  ( 1.474514954580286030E-14, -3.257300390963633330, 40.51256135580526063 ) ) ;
#1228 = CARTESIAN_POINT ( 'NONE',  ( 1.000000000000000888, -2.951883731983890424, 33.70446422215513849 ) ) ;
#1229 = CARTESIAN_POINT ( 'NONE',  ( 7.000000000000000000, 1.440207314158033602, 30.04589478851163165 ) ) ;
#1230 = DIRECTION ( 'NONE',  ( 1.000000000000000000, 0.000000000000000000, 0.000000000000000000 ) ) ;
#1231 = CARTESIAN_POINT ( 'NONE',  ( 0.000000000000000000, 58.36451125113448057, 39.07966038780323714 ) ) ;
#1232 = CARTESIAN_POINT ( 'NONE',  ( 7.000000000000000000, -3.304844687053915653, 29.54538260915341041 ) ) ;
#1233 = CARTESIAN_POINT ( 'NONE',  ( 1.000000000000017319, -0.9699683353410389897, 32.32627015642692214 ) ) ;
#1234 = CARTESIAN_POINT ( 'NONE',  ( 1.000000000000017319, 120.0591161385874983, 44.66915677886796487 ) ) ;
#1235 = CARTESIAN_POINT ( 'NONE',  ( 1.000000000000017319, -3.052281635483448330, 34.50469133545592371 ) ) ;
#1236 = VECTOR ( 'NONE', #971, 1000.000000000000114 ) ;
#1237 = CARTESIAN_POINT ( 'NONE',  ( 1.000000000000000888, 7.628473560431475065, 34.51006684497325239 ) ) ;
#1238 = FACE_OUTER_BOUND ( 'NONE', #637, .T. ) ;
#1239 = DIRECTION ( 'NONE',  ( 0.000000000000000000, 0.9989951386902530261, 0.04481866657144208815 ) ) ;
#1240 = CARTESIAN_POINT ( 'NONE',  ( 7.000000000000000000, -5.305701172550826961, 38.28470654803033568 ) ) ;
#1241 = CARTESIAN_POINT ( 'NONE',  ( 7.000000000000000000, -4.099303641229094630, 39.90329491049718769 ) ) ;
#1242 = CARTESIAN_POINT ( 'NONE',  ( 1.000000000000017319, 178.3010308473610053, 36.78658366523945489 ) ) ;
#1243 = ORIENTED_EDGE ( 'NONE', *, *, #1162, .T. ) ;
#1244 = CARTESIAN_POINT ( 'NONE',  ( 7.000000000000000000, -3.033555832678165309, 34.23696973741184735 ) ) ;
#1245 = CARTESIAN_POINT ( 'NONE',  ( 1.474514954580286030E-14, -2.299125988864196835, 40.90554512110032448 ) ) ;
#1246 = CARTESIAN_POINT ( 'NONE',  ( 1.000000000000000888, 12.45260275079002987, 35.54652460039267226 ) ) ;
#1247 = CARTESIAN_POINT ( 'NONE',  ( 0.000000000000000000, 24.54883436390396056, 45.81686971965542199 ) ) ;
#1248 = CARTESIAN_POINT ( 'NONE',  ( 7.000000000000000000, 165.8263827271446758, 38.68047176515962349 ) ) ;
#1249 = CARTESIAN_POINT ( 'NONE',  ( 1.000000000000017319, -1.497453603307571823, 32.20589840171597018 ) ) ;
#1250 = CARTESIAN_POINT ( 'NONE',  ( 1.474514954580286030E-14, 42.64564384191827884, 48.12767099062932630 ) ) ;
#1251 = ORIENTED_EDGE ( 'NONE', *, *, #835, .T. ) ;
#1252 = CARTESIAN_POINT ( 'NONE',  ( 7.000000000000000000, -3.257300390963633330, 40.51256135580526063 ) ) ;
#1253 = CARTESIAN_POINT ( 'NONE',  ( 1.000000000000000888, -3.033555832678165309, 34.23696973741184735 ) ) ;
#1254 = EDGE_CURVE ( 'NONE', #294, #960, #1071, .T. ) ;
#1255 = CARTESIAN_POINT ( 'NONE',  ( 7.000000000000000000, -2.756059878853764467, 36.62676096355476574 ) ) ;
#1256 = CARTESIAN_POINT ( 'NONE',  ( 7.000000000000000000, 124.9404520065762227, 37.94492262177276132 ) ) ;
#1257 = EDGE_LOOP ( 'NONE', ( #1384, #307, #636, #158 ) ) ;
#1258 = CARTESIAN_POINT ( 'NONE',  ( 7.000000000000000000, -5.615862110268947660, 37.58081771412093985 ) ) ;
#1259 = CARTESIAN_POINT ( 'NONE',  ( 7.000000000000000000, -3.257300390963633330, 40.51256135580526063 ) ) ;
#1260 = CARTESIAN_POINT ( 'NONE',  ( 7.000000000000000000, 47.00363409386130087, 45.52858577640502347 ) ) ;
#1261 = CARTESIAN_POINT ( 'NONE',  ( 1.000000000000000888, -3.052281635483448330, 34.50469133545592371 ) ) ;
#1262 = CARTESIAN_POINT ( 'NONE',  ( 7.000000000000000000, -2.963786172571624355, 35.84835261618803059 ) ) ;
#1263 = CARTESIAN_POINT ( 'NONE',  ( 0.000000000000000000, 159.3691082324260151, 42.68870407644187281 ) ) ;
#1264 = CARTESIAN_POINT ( 'NONE',  ( 7.000000000000000000, -0.6995746967717433318, 29.30019674060362789 ) ) ;
#1265 = CARTESIAN_POINT ( 'NONE',  ( 1.474514954580286030E-14, 202.0897272061521335, 36.10584174640952426 ) ) ;
#1266 = ORIENTED_EDGE ( 'NONE', *, *, #59, .F. ) ;
#1267 = CARTESIAN_POINT ( 'NONE',  ( 1.000000000000000888, 140.8709078414705118, 42.24868292419648697 ) ) ;
#1268 = CARTESIAN_POINT ( 'NONE',  ( 7.000000000000000000, -5.864532730278066097, 32.97452499126725201 ) ) ;
#1269 = CARTESIAN_POINT ( 'NONE',  ( 7.000000000000000000, -2.690878283120346826, 32.93654274456103792 ) ) ;
#1270 = CARTESIAN_POINT ( 'NONE',  ( 7.000000000000000000, -2.746121138404474138, 33.05960825482424781 ) ) ;
#1271 = LINE ( 'NONE', #740, #651 ) ;
#1272 = VERTEX_POINT ( 'NONE', #85 ) ;
#1273 = VECTOR ( 'NONE', #1116, 1000.000000000000000 ) ;
#1274 = EDGE_CURVE ( 'NONE', #972, #1163, #542, .T. ) ;
#1275 = EDGE_LOOP ( 'NONE', ( #72, #762, #957, #837 ) ) ;
#1276 = CARTESIAN_POINT ( 'NONE',  ( 7.000000000000000000, -2.471019030991516097, 32.59086682571132343 ) ) ;
#1277 = CARTESIAN_POINT ( 'NONE',  ( 1.000000000000017319, -2.162733208877757995, 32.32220045584868728 ) ) ;
#1278 = CARTESIAN_POINT ( 'NONE',  ( 0.000000000000000000, 2.555439880443877154, 30.34452197134709195 ) ) ;
#1279 = ORIENTED_EDGE ( 'NONE', *, *, #870, .F. ) ;
#1280 = DIRECTION ( 'NONE',  ( -0.000000000000000000, 1.000000000000000000, 1.408811541705554283E-16 ) ) ;
#1281 = CARTESIAN_POINT ( 'NONE',  ( 7.000000000000000000, 22.11990734714472850, 37.53311037502191994 ) ) ;
#1282 = CARTESIAN_POINT ( 'NONE',  ( 7.000000000000000000, -2.951883731983890424, 33.70446422215513849 ) ) ;
#1283 = CARTESIAN_POINT ( 'NONE',  ( 0.000000000000000000, 9.294450235276054073, 31.81681296540682524 ) ) ;
#1284 = VECTOR ( 'NONE', #166, 1000.000000000000000 ) ;
#1285 = CARTESIAN_POINT ( 'NONE',  ( 7.000000000000000000, 202.0897272061521335, 36.10584174640952426 ) ) ;
#1286 = PRODUCT_DEFINITION_CONTEXT ( 'detailed design', #141, 'design' ) ;
#1287 = EDGE_CURVE ( 'NONE', #962, #944, #649, .T. ) ;
#1288 = CARTESIAN_POINT ( 'NONE',  ( 7.000000000000000000, 97.03540232752870054, 42.73478501422152931 ) ) ;
#1289 = CARTESIAN_POINT ( 'NONE',  ( 1.000000000000017319, 9.264950269610771727, 40.02563266119533125 ) ) ;
#1290 = CARTESIAN_POINT ( 'NONE',  ( 0.000000000000000000, 0.04278915863435870520, 29.49764430698670026 ) ) ;
#1291 = PRODUCT_DEFINITION_FORMATION_WITH_SPECIFIED_SOURCE ( 'ANY', '', #1129, .NOT_KNOWN. ) ;
#1292 = CARTESIAN_POINT ( 'NONE',  ( 0.000000000000000000, 113.7776548161528751, 38.80193182863925472 ) ) ;
#1293 = ORIENTED_EDGE ( 'NONE', *, *, #1254, .F. ) ;
#1294 = CARTESIAN_POINT ( 'NONE',  ( 7.000000000000000000, 86.15750616067873580, 42.94059403257050889 ) ) ;
#1295 = CARTESIAN_POINT ( 'NONE',  ( 7.000000000000000000, 110.0963773667527477, 42.05092101069669752 ) ) ;
#1296 = CARTESIAN_POINT ( 'NONE',  ( 7.000000000000000000, 25.00391223934092366, 42.83417217662283605 ) ) ;
#1297 = CARTESIAN_POINT ( 'NONE',  ( 0.000000000000000000, 10.98862762563185314, 43.41945211413631966 ) ) ;
#1298 = DIRECTION ( 'NONE',  ( 0.000000000000000000, 0.000000000000000000, -1.000000000000000000 ) ) ;
#1299 = CARTESIAN_POINT ( 'NONE',  ( 1.000000000000000888, 12.41414389292728515, 40.63713481073645539 ) ) ;
#1300 = ORIENTED_EDGE ( 'NONE', *, *, #752, .F. ) ;
#1301 = CARTESIAN_POINT ( 'NONE',  ( 7.000000000000000000, 129.6965513510872086, 40.54938272830612078 ) ) ;
#1302 = CARTESIAN_POINT ( 'NONE',  ( 1.000000000000017319, 16.61176849847475978, 41.40626604724763382 ) ) ;
#1303 = CARTESIAN_POINT ( 'NONE',  ( 0.000000000000000000, -0.3813441070234941388, 41.17778642945059175 ) ) ;
#1304 = VECTOR ( 'NONE', #615, 1000.000000000000000 ) ;
#1305 = CARTESIAN_POINT ( 'NONE',  ( 1.000000000000000888, 16.61176849847475978, 41.40626604724763382 ) ) ;
#1306 = CARTESIAN_POINT ( 'NONE',  ( 1.474514954580286030E-14, -5.082411322604084347, 38.69122247385318047 ) ) ;
#1307 = ORIENTED_EDGE ( 'NONE', *, *, #296, .F. ) ;
#1308 = CARTESIAN_POINT ( 'NONE',  ( 1.000000000000017319, 118.8066582402849889, 41.42233265099577721 ) ) ;
#1309 = CARTESIAN_POINT ( 'NONE',  ( 7.000000000000000000, 9.767582790781149882, 34.99287541126301448 ) ) ;
#1310 = CARTESIAN_POINT ( 'NONE',  ( 1.000000000000017319, 7.165882161353812840, 39.63197671016316548 ) ) ;
#1311 = CARTESIAN_POINT ( 'NONE',  ( 1.000000000000000888, 73.11149861051296739, 42.75252354560661416 ) ) ;
#1312 = CARTESIAN_POINT ( 'NONE',  ( 1.474514954580286030E-14, -1.096546552733323798, 29.23025670905565221 ) ) ;
#1313 = EDGE_CURVE ( 'NONE', #1382, #742, #798, .T. ) ;
#1314 = CARTESIAN_POINT ( 'NONE',  ( 1.000000000000000888, 19.75928672020315346, 41.95823093518891511 ) ) ;
#1315 = CARTESIAN_POINT ( 'NONE',  ( 0.000000000000000000, 69.43965669975554533, 39.65085326244597042 ) ) ;
#1316 = CARTESIAN_POINT ( 'NONE',  ( 7.000000000000000000, -0.3813441070234941388, 41.17778642945059175 ) ) ;
#1317 = CARTESIAN_POINT ( 'NONE',  ( 7.000000000000000000, 90.50778573398788751, 42.90947056260161929 ) ) ;
#1318 = CARTESIAN_POINT ( 'NONE',  ( 7.000000000000000000, 135.6194273301751707, 40.00324111498539992 ) ) ;
#1319 = CARTESIAN_POINT ( 'NONE',  ( 1.000000000000017319, 47.00363409386130087, 45.52858577640502347 ) ) ;
#1320 = CARTESIAN_POINT ( 'NONE',  ( 1.000000000000000888, 31.84908499943384896, 39.19087642196929266 ) ) ;
#1321 = CARTESIAN_POINT ( 'NONE',  ( 7.000000000000000000, -1.096546552733323798, 29.23025670905565221 ) ) ;
#1322 = CARTESIAN_POINT ( 'NONE',  ( 0.000000000000000000, 91.60284708258767239, 39.92524277103505170 ) ) ;
#1323 = CARTESIAN_POINT ( 'NONE',  ( 7.000000000000000000, 16.43371446573924288, 44.42198794158660746 ) ) ;
#1324 = CARTESIAN_POINT ( 'NONE',  ( 1.000000000000017319, 22.11990734714472850, 37.53311037502191994 ) ) ;
#1325 = CARTESIAN_POINT ( 'NONE',  ( 1.474514954580286030E-14, 13.71523690856360567, 43.93879063317830003 ) ) ;
#1326 = DIRECTION ( 'NONE',  ( 0.000000000000000000, 0.000000000000000000, 1.000000000000000000 ) ) ;
#1327 = CARTESIAN_POINT ( 'NONE',  ( 7.000000000000000000, -2.963786172571624355, 35.84835261618803059 ) ) ;
#1328 = CARTESIAN_POINT ( 'NONE',  ( 1.000000000000000888, 77.45937211158918956, 42.86156636260351149 ) ) ;
#1329 = CARTESIAN_POINT ( 'NONE',  ( 7.000000000000000000, 1.079525197265185588, 29.90016138598954853 ) ) ;
#1330 = ADVANCED_BREP_SHAPE_REPRESENTATION ( 'left', ( #204, #794 ), #1104 ) ;
#1331 = CARTESIAN_POINT ( 'NONE',  ( 7.000000000000000888, 49.36262168109011839, 38.35825314659745544 ) ) ;
#1332 = CARTESIAN_POINT ( 'NONE',  ( 7.000000000000000000, 4.967108813971025327, 33.85060602638663596 ) ) ;
#1333 = CARTESIAN_POINT ( 'NONE',  ( 7.000000000000000000, 103.3916161488528331, 45.96351813323961721 ) ) ;
#1334 = CARTESIAN_POINT ( 'NONE',  ( 7.000000000000000000, -0.2111311559914290925, 38.18065659465710837 ) ) ;
#1335 = CARTESIAN_POINT ( 'NONE',  ( 1.474514954580286030E-14, -3.646386578960737701, 40.25625002730345869 ) ) ;
#1336 = CARTESIAN_POINT ( 'NONE',  ( 1.000000000000000888, 18.89097110700377158, 36.90546618629826980 ) ) ;
#1337 = ADVANCED_FACE ( 'NONE', ( #34 ), #235, .T. ) ;
#1338 = CARTESIAN_POINT ( 'NONE',  ( 7.000000000000000000, -4.389276960964076046, 30.21462083197488013 ) ) ;
#1339 = CARTESIAN_POINT ( 'NONE',  ( 1.000000000000017319, 11.37841963073455709, 35.32599567218873915 ) ) ;
#1340 = CARTESIAN_POINT ( 'NONE',  ( 7.000000000000000000, 8.744613954739573813, 42.97975621753752762 ) ) ;
#1341 =( GEOMETRIC_REPRESENTATION_CONTEXT ( 3 ) GLOBAL_UNCERTAINTY_ASSIGNED_CONTEXT ( ( #54 ) ) GLOBAL_UNIT_ASSIGNED_CONTEXT ( ( #1003, #1017, #137 ) ) REPRESENTATION_CONTEXT ( 'NONE', 'WORKASPACE' ) );
#1342 = CARTESIAN_POINT ( 'NONE',  ( 1.000000000000017319, -1.023133427996178790, 38.12976005284600944 ) ) ;
#1343 = CARTESIAN_POINT ( 'NONE',  ( 1.474514954580286030E-14, 1.519761260300199979, 41.44566897933530925 ) ) ;
#1344 = DIRECTION ( 'NONE',  ( 0.000000000000000000, 0.9914602155052801846, -0.1304095129590761015 ) ) ;
#1345 = CARTESIAN_POINT ( 'NONE',  ( 1.474514954580286030E-14, 1.079525197265185588, 29.90016138598954853 ) ) ;
#1346 = CARTESIAN_POINT ( 'NONE',  ( 7.000000000000000888, 40.14169304286613027, 37.32279980310332945 ) ) ;
#1347 = CARTESIAN_POINT ( 'NONE',  ( 1.000000000000017319, 14.59943176835909107, 35.99575191101558858 ) ) ;
#1348 = CARTESIAN_POINT ( 'NONE',  ( 7.000000000000000000, 202.0897272061521335, 36.10584174640952426 ) ) ;
#1349 = CARTESIAN_POINT ( 'NONE',  ( 7.000000000000000000, 120.0591161385874983, 44.66915677886796487 ) ) ;
#1350 = CARTESIAN_POINT ( 'NONE',  ( 7.000000000000000000, -2.456771960743778571, 37.23421698133032010 ) ) ;
#1351 = CARTESIAN_POINT ( 'NONE',  ( 1.474514954580286030E-14, -1.874163005747357058, 41.01803528961257683 ) ) ;
#1352 = CARTESIAN_POINT ( 'NONE',  ( 1.000000000000000888, -1.770561626012169043, 32.20374788293499080 ) ) ;
#1353 = CARTESIAN_POINT ( 'NONE',  ( -35.20255523217979743, 35.98083609354849699, 20.17637155285937567 ) ) ;
#1354 = CARTESIAN_POINT ( 'NONE',  ( 7.000000000000000000, -6.033253525910379444, 35.62637006405736173 ) ) ;
#1355 = CARTESIAN_POINT ( 'NONE',  ( 7.000000000000000000, 105.6952786953121404, 48.85609050469867753 ) ) ;
#1356 = CARTESIAN_POINT ( 'NONE',  ( 7.000000000000000000, 140.8709078414705118, 42.24868292419648697 ) ) ;
#1357 = ORIENTED_EDGE ( 'NONE', *, *, #529, .F. ) ;
#1358 = CARTESIAN_POINT ( 'NONE',  ( 1.000000000000017319, -2.655655823421757322, 36.88223346693070681 ) ) ;
#1359 = VECTOR ( 'NONE', #590, 1000.000000000000000 ) ;
#1360 = AXIS2_PLACEMENT_3D ( 'NONE', #774, #1099, #326 ) ;
#1361 = CARTESIAN_POINT ( 'NONE',  ( 1.474514954580286030E-14, 0.05927421264489435987, 41.18852962897791059 ) ) ;
#1362 = CARTESIAN_POINT ( 'NONE',  ( 1.000000000000000888, -2.061967140626721928, 37.69425858223642933 ) ) ;
#1363 = CARTESIAN_POINT ( 'NONE',  ( 0.000000000000000000, 202.0897272061521335, 36.10584174640952426 ) ) ;
#1364 = CARTESIAN_POINT ( 'NONE',  ( 7.000000000000000000, 2.555439880443877154, 30.34452197134709195 ) ) ;
#1365 = EDGE_CURVE ( 'NONE', #188, #652, #804, .T. ) ;
#1366 = CARTESIAN_POINT ( 'NONE',  ( 1.474514954580286030E-14, 51.67542028639194029, 49.00509020648446779 ) ) ;
#1367 = VERTEX_POINT ( 'NONE', #2 ) ;
#1368 = CARTESIAN_POINT ( 'NONE',  ( 1.474514954580286030E-14, -1.295129027702632829, 41.11712360988800441 ) ) ;
#1369 = CARTESIAN_POINT ( 'NONE',  ( 1.000000000000000888, -1.787439881178729317, 37.89128281649298202 ) ) ;
#1370 = CARTESIAN_POINT ( 'NONE',  ( 7.000000000000000000, -0.2111311559914290925, 38.18065659465710837 ) ) ;
#1371 = CARTESIAN_POINT ( 'NONE',  ( 1.000000000000017319, -2.552011225032941422, 32.70146310007406498 ) ) ;
#1372 = PLANE ( 'NONE',  #871 ) ;
#1373 = ORIENTED_EDGE ( 'NONE', *, *, #752, .T. ) ;
#1374 = AXIS2_PLACEMENT_3D ( 'NONE', #1072, #1280, #297 ) ;
#1375 = CARTESIAN_POINT ( 'NONE',  ( 7.000000000000000000, -3.721511468961445246, 29.75649767808463508 ) ) ;
#1376 = CARTESIAN_POINT ( 'NONE',  ( 1.474514954580286030E-14, 105.6952786953121404, 48.85609050469867753 ) ) ;
#1377 = CARTESIAN_POINT ( 'NONE',  ( 7.000000000000000000, 40.72164953525831521, 44.88846926678216676 ) ) ;
#1378 = ORIENTED_EDGE ( 'NONE', *, *, #1059, .F. ) ;
#1379 = CARTESIAN_POINT ( 'NONE',  ( 1.000000000000000888, 4.015211597059070492, 39.00408486290420029 ) ) ;
#1380 = CARTESIAN_POINT ( 'NONE',  ( 7.000000000000000000, 19.75928672020315346, 41.95823093518891511 ) ) ;
#1381 = CARTESIAN_POINT ( 'NONE',  ( 0.000000000000000000, 42.64564384191827884, 48.12767099062932630 ) ) ;
#1382 = VERTEX_POINT ( 'NONE', #483 ) ;
#1383 = CARTESIAN_POINT ( 'NONE',  ( 7.000000000000000000, 6.183393154864762487, 31.06576845651384033 ) ) ;
#1384 = ORIENTED_EDGE ( 'NONE', *, *, #1365, .T. ) ;
#1385 = CARTESIAN_POINT ( 'NONE',  ( 1.000000000000000888, -2.162733208877757995, 32.32220045584868728 ) ) ;
#1386 = CARTESIAN_POINT ( 'NONE',  ( 7.000000000000000000, -2.909395576519592463, 36.11116413519204116 ) ) ;
#1387 = EDGE_CURVE ( 'NONE', #960, #594, #151, .T. ) ;
#1388 = DIRECTION ( 'NONE',  ( 0.000000000000000000, 0.000000000000000000, -1.000000000000000000 ) ) ;
#1389 = CARTESIAN_POINT ( 'NONE',  ( 7.000000000000000000, 35.98083609354849699, 20.17637155285937567 ) ) ;
#1390 = CARTESIAN_POINT ( 'NONE',  ( 7.000000000000000000, -5.999519505787128004, 33.70822590936989371 ) ) ;
#1391 = VERTEX_POINT ( 'NONE', #1102 ) ;
#1392 = CARTESIAN_POINT ( 'NONE',  ( 7.000000000000000000, -1.770561626012169043, 32.20374788293499080 ) ) ;
#1393 = CARTESIAN_POINT ( 'NONE',  ( 0.000000000000000000, -3.721511468961445246, 29.75649767808463508 ) ) ;
#1394 = ORIENTED_EDGE ( 'NONE', *, *, #1387, .T. ) ;
#1395 = CARTESIAN_POINT ( 'NONE',  ( 7.000000000000000000, -0.3467560873071580119, 38.17509543350870871 ) ) ;
#1396 = CARTESIAN_POINT ( 'NONE',  ( 7.000000000000000000, -1.497453603307571823, 32.20589840171597018 ) ) ;
#1397 = CARTESIAN_POINT ( 'NONE',  ( 0.000000000000000000, 7.477229373883561792, 31.38610606488888877 ) ) ;
#1398 = ORIENTED_EDGE ( 'NONE', *, *, #642, .F. ) ;
#1399 = CARTESIAN_POINT ( 'NONE',  ( 7.000000000000000000, 38.35860636928598666, 40.12694521329083841 ) ) ;
#1400 = CARTESIAN_POINT ( 'NONE',  ( 1.000000000000017319, 12.41414389292728515, 40.63713481073645539 ) ) ;
#1401 = CARTESIAN_POINT ( 'NONE',  ( 0.000000000000000000, -1.636612190105094733, 29.19415969466829708 ) ) ;
#1402 = CARTESIAN_POINT ( 'NONE',  ( 0.000000000000000000, 58.36451125113448057, 39.07966038780323714 ) ) ;
#1403 = ORIENTED_EDGE ( 'NONE', *, *, #1162, .F. ) ;
#1404 = CARTESIAN_POINT ( 'NONE',  ( 1.000000000000017319, 40.52874336677092515, 40.40282210295535492 ) ) ;
#1405 = CARTESIAN_POINT ( 'NONE',  ( 7.000000000000000000, 51.38363549767369420, 41.53711844795868302 ) ) ;
#1406 = CARTESIAN_POINT ( 'NONE',  ( 7.000000000000000000, 53.28290484409785677, 46.07226408292206088 ) ) ;
#1407 = CARTESIAN_POINT ( 'NONE',  ( 0.000000000000000000, 1.440207314158033602, 30.04589478851163165 ) ) ;
#1408 = AXIS2_PLACEMENT_3D ( 'NONE', #975, #1411, #1185 ) ;
#1409 = CARTESIAN_POINT ( 'NONE',  ( 1.000000000000000888, 15.56256568664753814, 41.22120913586391566 ) ) ;
#1410 = CARTESIAN_POINT ( 'NONE',  ( 7.000000000000000000, 120.0555887347233863, 47.76663773609691077 ) ) ;
#1411 = DIRECTION ( 'NONE',  ( 0.000000000000000000, -1.000000000000000000, 0.000000000000000000 ) ) ;
#1412 = CARTESIAN_POINT ( 'NONE',  ( 7.000000000000000000, 44.90992780481049351, 45.32546804318322842 ) ) ;
#1413 = CARTESIAN_POINT ( 'NONE',  ( 0.000000000000000000, 2.746671659584214442, 41.79299116710734552 ) ) ;
#1414 = LINE ( 'NONE', #994, #1273 ) ;
#1415 = CARTESIAN_POINT ( 'NONE',  ( 0.000000000000000000, 102.6578481316482225, 39.54689827585541906 ) ) ;
#1416 = ORIENTED_EDGE ( 'NONE', *, *, #311, .T. ) ;
#1417 = CARTESIAN_POINT ( 'NONE',  ( 7.000000000000000000, 116.6289733771746171, 41.58615839567028161 ) ) ;
#1418 = CARTESIAN_POINT ( 'NONE',  ( 7.000000000000000000, 9.264950269610771727, 40.02563266119533125 ) ) ;
#1419 = CARTESIAN_POINT ( 'NONE',  ( 1.000000000000000888, 103.5649104783364862, 42.44990636563244379 ) ) ;
#1420 = DIRECTION ( 'NONE',  ( -1.000000000000000000, 0.000000000000000000, 0.000000000000000000 ) ) ;
#1421 = EDGE_CURVE ( 'NONE', #832, #1367, #1222, .T. ) ;
#1422 = CARTESIAN_POINT ( 'NONE',  ( 1.474514954580286030E-14, -0.6995746967717433318, 29.30019674060362789 ) ) ;
#1423 = CARTESIAN_POINT ( 'NONE',  ( 1.000000000000000888, 44.90992780481049351, 45.32546804318322842 ) ) ;
#1424 = CARTESIAN_POINT ( 'NONE',  ( 7.000000000000000000, 35.98083609354849699, 33.54405169795538200 ) ) ;
#1425 = CARTESIAN_POINT ( 'NONE',  ( 7.000000000000000000, 6.983798063139631473, 42.65053014975095635 ) ) ;
#1426 = CARTESIAN_POINT ( 'NONE',  ( 1.000000000000017319, 135.6194273301751707, 40.00324111498539992 ) ) ;
#1427 = CARTESIAN_POINT ( 'NONE',  ( 7.000000000000000000, 0.1663334794769787683, 32.78751141905293309 ) ) ;
#1428 = CARTESIAN_POINT ( 'NONE',  ( 7.000000000000000000, 57.46655281474442489, 46.34472003020559328 ) ) ;
#1429 = CARTESIAN_POINT ( 'NONE',  ( 1.000000000000000888, 40.52874336677092515, 40.40282210295535492 ) ) ;
ENDSEC;
END-ISO-10303-21;
