ISO-10303-21;
HEADER;
FILE_DESCRIPTION (( 'STEP AP214' ),
    '1' );
FILE_NAME ('right.STEP',
    '2026-06-09T23:09:15',
    ( '' ),
    ( '' ),
    'SwSTEP 2.0',
    'SolidWorks 2026',
    '' );
FILE_SCHEMA (( 'AUTOMOTIVE_DESIGN' ));
ENDSEC;

DATA;
#1 = LINE ( 'NONE', #766, #816 ) ;
#2 = ORIENTED_EDGE ( 'NONE', *, *, #335, .F. ) ;
#3 = VECTOR ( 'NONE', #418, 1000.000000000000000 ) ;
#4 = ADVANCED_FACE ( 'NONE', ( #547 ), #1180, .T. ) ;
#5 = CARTESIAN_POINT ( 'NONE',  ( -8.673617379884035472E-16, -0.3664323118713419536, 29.37759921316741085 ) ) ;
#6 = CARTESIAN_POINT ( 'NONE',  ( 6.000000000000016875, 82.53161870309817516, 46.67094722049179722 ) ) ;
#7 = CARTESIAN_POINT ( 'NONE',  ( 7.000000000000000000, 136.4051620249825305, 39.92806000164802782 ) ) ;
#8 = CARTESIAN_POINT ( 'NONE',  ( 0.000000000000000000, 115.8939563757322873, 45.05369988873982123 ) ) ;
#9 = CARTESIAN_POINT ( 'NONE',  ( 7.000000000000000000, 39.68277688165156292, 37.26425256906450301 ) ) ;
#10 = CARTESIAN_POINT ( 'NONE',  ( 7.000000000000000000, -3.721511468961445246, 29.75649767808463508 ) ) ;
#11 = CARTESIAN_POINT ( 'NONE',  ( 0.000000000000000000, -0.7524789738495040181, 38.15187002378050352 ) ) ;
#12 = B_SPLINE_CURVE_WITH_KNOTS ( 'NONE', 3,
 ( #783, #15, #877, #1326, #451, #1332, #1189, #217, #346, #548, #209, #972, #985, #1416 ),
 .UNSPECIFIED., .F., .F.,
 ( 4, 1, 1, 1, 1, 1, 1, 1, 1, 1, 1, 4 ),
 ( 0.6168498909613771009, 0.6201920966915717148, 0.6235343022776727029, 0.6353677091128037135, 0.6621053538016121731, 0.6888429984904207437, 0.7155806431792292033, 0.7423182878680376628, 0.7690559325568461224, 0.7957935772456545820, 0.8225312219344630416, 0.8492688666232715011 ),
 .UNSPECIFIED. ) ;
#13 = CARTESIAN_POINT ( 'NONE',  ( 0.000000000000000000, 202.0897272061520482, 28.26254687935834653 ) ) ;
#14 = CARTESIAN_POINT ( 'NONE',  ( 0.000000000000000000, 140.8709078414705118, 42.24868292419648697 ) ) ;
#15 = CARTESIAN_POINT ( 'NONE',  ( 0.000000000000000000, 40.14169304286613027, 37.32279980310332945 ) ) ;
#16 = ORIENTED_EDGE ( 'NONE', *, *, #1171, .F. ) ;
#17 = VECTOR ( 'NONE', #101, 1000.000000000000114 ) ;
#18 = CARTESIAN_POINT ( 'NONE',  ( -8.673617379884035472E-16, 7.477229373883561792, 31.38610606488888877 ) ) ;
#19 = CARTESIAN_POINT ( 'NONE',  ( 0.000000000000000000, 3.230367829430953464, 38.80655561645089335 ) ) ;
#20 = CARTESIAN_POINT ( 'NONE',  ( 7.000000000000000000, 113.7776548161528751, 38.80193182863925472 ) ) ;
#21 = CARTESIAN_POINT ( 'NONE',  ( 6.000000000000000888, -1.497453603307571823, 32.20589840171597018 ) ) ;
#22 = CARTESIAN_POINT ( 'NONE',  ( 0.000000000000000000, 4.219118242501721738, 42.12209757933960930 ) ) ;
#23 = DIRECTION ( 'NONE',  ( 0.000000000000000000, 0.9914602155052801846, -0.1304095129590761015 ) ) ;
#24 = CARTESIAN_POINT ( 'NONE',  ( 7.000000000000000000, -5.491006233794235136, 31.82593266871046467 ) ) ;
#25 = CARTESIAN_POINT ( 'NONE',  ( 0.000000000000000000, 28.14949182795604443, 43.31724557751685722 ) ) ;
#26 = PRODUCT_DEFINITION_SHAPE ( 'NONE', 'NONE',  #979 ) ;
#27 = CARTESIAN_POINT ( 'NONE',  ( 6.000000000000000888, -1.542238009990950731, 38.00065650680324580 ) ) ;
#28 = CARTESIAN_POINT ( 'NONE',  ( 0.000000000000000000, -6.071411779105638118, 34.61685991188772960 ) ) ;
#29 = CARTESIAN_POINT ( 'NONE',  ( 7.000000000000000000, 9.294450235276054073, 20.17637155285937567 ) ) ;
#30 = CARTESIAN_POINT ( 'NONE',  ( 0.000000000000000000, 13.46377674345596631, 40.83747362638155209 ) ) ;
#31 = CARTESIAN_POINT ( 'NONE',  ( 7.000000000000000000, 1.519761260300199979, 41.44566897933530925 ) ) ;
#32 = CARTESIAN_POINT ( 'NONE',  ( 6.000000000000000888, 21.04250840629757136, 37.32967168587297380 ) ) ;
#33 = CARTESIAN_POINT ( 'NONE',  ( 0.000000000000000000, 0.2319562085075380364, 41.19493631393376631 ) ) ;
#34 = CARTESIAN_POINT ( 'NONE',  ( 0.000000000000000000, 199.0897272061520198, 31.68298522458125177 ) ) ;
#35 = EDGE_CURVE ( 'NONE', #291, #522, #1304, .T. ) ;
#36 = CARTESIAN_POINT ( 'NONE',  ( 7.000000000000000000, -4.389276960964076046, 30.21462083197488013 ) ) ;
#37 = CARTESIAN_POINT ( 'NONE',  ( 0.000000000000000000, -1.413994755556277516, 38.03772020561468992 ) ) ;
#38 = VECTOR ( 'NONE', #1260, 1000.000000000000000 ) ;
#39 = CARTESIAN_POINT ( 'NONE',  ( 6.000000000000000888, -3.052281635483448330, 34.50469133545592371 ) ) ;
#40 = CARTESIAN_POINT ( 'NONE',  ( 0.000000000000000000, -5.615862110268947660, 37.58081771412093985 ) ) ;
#41 = CARTESIAN_POINT ( 'NONE',  ( 0.000000000000000000, -2.274921041476986705, 32.39909077861550912 ) ) ;
#42 = ORIENTED_EDGE ( 'NONE', *, *, #690, .F. ) ;
#43 = CARTESIAN_POINT ( 'NONE',  ( 7.000000000000000000, 62.56079299654682302, 49.61365369549719873 ) ) ;
#44 = CARTESIAN_POINT ( 'NONE',  ( 6.000000000000016875, -1.364303576981520383, 32.22782649924861431 ) ) ;
#45 = CARTESIAN_POINT ( 'NONE',  ( 6.000000000000000888, 10.31472649702484468, 40.23106653416466116 ) ) ;
#46 = DIRECTION ( 'NONE',  ( 0.000000000000000000, 0.000000000000000000, -1.000000000000000000 ) ) ;
#47 = CARTESIAN_POINT ( 'NONE',  ( 0.000000000000000000, -0.3467560873071580119, 38.17509543350870871 ) ) ;
#48 = CARTESIAN_POINT ( 'NONE',  ( 6.000000000000016875, 31.84908499943384896, 39.19087642196929266 ) ) ;
#49 = ORIENTED_EDGE ( 'NONE', *, *, #592, .T. ) ;
#50 = CARTESIAN_POINT ( 'NONE',  ( 0.000000000000000000, -0.3259233334848535280, 32.54461966081078117 ) ) ;
#51 = CARTESIAN_POINT ( 'NONE',  ( -8.673617379884035472E-16, 4.219118242501721738, 42.12209757933960930 ) ) ;
#52 = CARTESIAN_POINT ( 'NONE',  ( 6.000000000000000888, 157.5093986561984707, 39.92344822378920810 ) ) ;
#53 = CARTESIAN_POINT ( 'NONE',  ( 0.000000000000000000, 1.684925970767294556, 30.13579185108373082 ) ) ;
#54 = ADVANCED_FACE ( 'NONE', ( #1085 ), #640, .F. ) ;
#55 = CARTESIAN_POINT ( 'NONE',  ( 0.000000000000000000, 4.541474874361657754, 39.11957472445448758 ) ) ;
#56 = CARTESIAN_POINT ( 'NONE',  ( 0.000000000000000000, 125.3400460996715537, 40.91144069384210269 ) ) ;
#57 = VERTEX_POINT ( 'NONE', #208 ) ;
#58 = CARTESIAN_POINT ( 'NONE',  ( 7.000000000000000000, 30.00784804239524206, 46.62793137793659781 ) ) ;
#59 = CARTESIAN_POINT ( 'NONE',  ( 6.000000000000016875, -2.211051339994434706, 37.55869174729115656 ) ) ;
#60 = CARTESIAN_POINT ( 'NONE',  ( 7.000000000000000000, 10.98862762563185314, 43.41945211413631966 ) ) ;
#61 = FACE_OUTER_BOUND ( 'NONE', #384, .T. ) ;
#62 = CARTESIAN_POINT ( 'NONE',  ( 0.000000000000000000, -2.951883731983890424, 33.70446422215513849 ) ) ;
#63 = CARTESIAN_POINT ( 'NONE',  ( 7.000000000000000000, 1.684925970767294556, 30.13579185108373082 ) ) ;
#64 = CARTESIAN_POINT ( 'NONE',  ( 6.000000000000016875, 47.04058472926008960, 41.14712623921387546 ) ) ;
#65 = ORIENTED_EDGE ( 'NONE', *, *, #288, .T. ) ;
#66 = CARTESIAN_POINT ( 'NONE',  ( 7.000000000000000000, 8.744613954739573813, 42.97975621753752762 ) ) ;
#67 = CARTESIAN_POINT ( 'NONE',  ( 0.000000000000000000, -1.364303576981520383, 32.22782649924861431 ) ) ;
#68 = CARTESIAN_POINT ( 'NONE',  ( 6.000000000000000888, 19.75928672020315346, 41.95823093518891511 ) ) ;
#69 = CARTESIAN_POINT ( 'NONE',  ( 0.000000000000000000, -2.805019246127276045, 29.34895110454343126 ) ) ;
#70 = CARTESIAN_POINT ( 'NONE',  ( 0.000000000000000000, -1.497453603307571823, 32.20589840171597018 ) ) ;
#71 = CARTESIAN_POINT ( 'NONE',  ( 0.000000000000000000, 40.52874336677092515, 40.40282210295535492 ) ) ;
#72 = ORIENTED_EDGE ( 'NONE', *, *, #735, .F. ) ;
#73 = CARTESIAN_POINT ( 'NONE',  ( 7.000000000000000000, 0.05927421264489435987, 41.18852962897791059 ) ) ;
#74 = ADVANCED_FACE ( 'NONE', ( #315 ), #1076, .F. ) ;
#75 = CARTESIAN_POINT ( 'NONE',  ( 6.000000000000016875, -2.951883731983890424, 33.70446422215513849 ) ) ;
#76 = CARTESIAN_POINT ( 'NONE',  ( 7.000000000000000000, -3.850709024106746980, 40.10617851126102096 ) ) ;
#77 = CARTESIAN_POINT ( 'NONE',  ( 6.000000000000000888, 178.3010308473610053, 36.78658366523945489 ) ) ;
#78 = CARTESIAN_POINT ( 'NONE',  ( 0.000000000000000000, 60.07232568664231565, 42.16630034424759543 ) ) ;
#79 = CARTESIAN_POINT ( 'NONE',  ( 7.000000000000000000, 3.189748159573845498, 30.44766863736499829 ) ) ;
#80 = CARTESIAN_POINT ( 'NONE',  ( 6.000000000000016875, 18.89097110700377158, 36.90546618629826980 ) ) ;
#81 = ORIENTED_EDGE ( 'NONE', *, *, #1267, .F. ) ;
#82 = CARTESIAN_POINT ( 'NONE',  ( 7.000000000000000000, 24.54883436390396056, 45.81686971965542199 ) ) ;
#83 = CARTESIAN_POINT ( 'NONE',  ( 0.000000000000000000, 3.625192857170039140, 33.57422447186859671 ) ) ;
#84 = ADVANCED_FACE ( 'NONE', ( #529 ), #422, .T. ) ;
#85 = CARTESIAN_POINT ( 'NONE',  ( 6.000000000000016875, 115.8939563757322873, 45.05369988873982123 ) ) ;
#86 = CARTESIAN_POINT ( 'NONE',  ( 0.000000000000000000, 38.35860636928598666, 40.12694521329083841 ) ) ;
#87 = AXIS2_PLACEMENT_3D ( 'NONE', #297, #734, #984 ) ;
#88 = AXIS2_PLACEMENT_3D ( 'NONE', #228, #106, #554 ) ;
#89 = LINE ( 'NONE', #962, #152 ) ;
#90 = EDGE_LOOP ( 'NONE', ( #305, #442, #429, #1408 ) ) ;
#91 = CARTESIAN_POINT ( 'NONE',  ( 6.000000000000016875, 8.161871798992049065, 34.63667078312990100 ) ) ;
#92 = CARTESIAN_POINT ( 'NONE',  ( 7.000000000000000000, -0.3813441070234941388, 41.17778642945059175 ) ) ;
#93 = CARTESIAN_POINT ( 'NONE',  ( 0.000000000000000000, 32.34189676252902501, 43.90088999196224506 ) ) ;
#94 = CARTESIAN_POINT ( 'NONE',  ( 0.000000000000000000, 51.38363549767369420, 41.53711844795868302 ) ) ;
#95 = CARTESIAN_POINT ( 'NONE',  ( 7.000000000000000000, 12.48083609354849699, 32.48975361016913155 ) ) ;
#96 = CARTESIAN_POINT ( 'NONE',  ( 7.000000000000000000, -3.257300390963633330, 40.51256135580526063 ) ) ;
#97 = FACE_OUTER_BOUND ( 'NONE', #157, .T. ) ;
#98 = DIRECTION ( 'NONE',  ( 0.000000000000000000, 0.000000000000000000, 1.000000000000000000 ) ) ;
#99 = CARTESIAN_POINT ( 'NONE',  ( 0.000000000000000000, 4.967108813971025327, 33.85060602638663596 ) ) ;
#100 = FACE_OUTER_BOUND ( 'NONE', #90, .T. ) ;
#101 = DIRECTION ( 'NONE',  ( 0.000000000000000000, 0.9914602155052801846, -0.1304095129590761015 ) ) ;
#102 = CARTESIAN_POINT ( 'NONE',  ( 7.000000000000000000, 30.00276687579296819, 46.60705136438575380 ) ) ;
#103 = CARTESIAN_POINT ( 'NONE',  ( 7.000000000000000000, -1.096546552733323798, 29.23025670905565221 ) ) ;
#104 = CARTESIAN_POINT ( 'NONE',  ( 6.000000000000016875, 182.4591672843404524, 36.15245884737186799 ) ) ;
#105 = CARTESIAN_POINT ( 'NONE',  ( 6.000000000000000888, 99.21164636056302299, 42.65489515440965107 ) ) ;
#106 = DIRECTION ( 'NONE',  ( 0.000000000000000000, -1.000000000000000000, 0.000000000000000000 ) ) ;
#107 = VERTEX_POINT ( 'NONE', #682 ) ;
#108 = CARTESIAN_POINT ( 'NONE',  ( -8.673617379884035472E-16, 9.184606751080282905, 31.79191599455373662 ) ) ;
#109 = CARTESIAN_POINT ( 'NONE',  ( 0.000000000000000000, 178.3010308473610053, 36.78658366523945489 ) ) ;
#110 = CARTESIAN_POINT ( 'NONE',  ( 6.000000000000000888, 51.38363549767369420, 41.53711844795868302 ) ) ;
#111 = PLANE ( 'NONE',  #88 ) ;
#112 = CARTESIAN_POINT ( 'NONE',  ( 0.000000000000000000, 95.05079797641468531, 46.35952324748114961 ) ) ;
#113 = CARTESIAN_POINT ( 'NONE',  ( 0.000000000000000000, 40.14169304286613027, 37.32279980310332945 ) ) ;
#114 = ORIENTED_EDGE ( 'NONE', *, *, #248, .F. ) ;
#115 = ADVANCED_FACE ( 'NONE', ( #1339 ), #671, .T. ) ;
#116 = CARTESIAN_POINT ( 'NONE',  ( -8.673617379884035472E-16, -6.071411779105638118, 34.61685991188772960 ) ) ;
#117 = CARTESIAN_POINT ( 'NONE',  ( 0.000000000000000000, 25.00391223934092366, 42.83417217662283605 ) ) ;
#118 = CARTESIAN_POINT ( 'NONE',  ( 6.000000000000000888, 38.35860636928598666, 40.12694521329083841 ) ) ;
#119 = DIRECTION ( 'NONE',  ( -0.000000000000000000, 1.000000000000000000, 1.408811541705554283E-16 ) ) ;
#120 = CARTESIAN_POINT ( 'NONE',  ( 0.000000000000000000, 47.00363409386130087, 45.52858577640502347 ) ) ;
#121 = CARTESIAN_POINT ( 'NONE',  ( 7.000000000000000000, 3.979243350880418806, 30.58432687862134003 ) ) ;
#122 = CARTESIAN_POINT ( 'NONE',  ( 7.000000000000000000, -0.6995746967717433318, 29.30019674060362789 ) ) ;
#123 = CARTESIAN_POINT ( 'NONE',  ( 6.000000000000016875, 15.56256568664753814, 41.22120913586391566 ) ) ;
#124 = CARTESIAN_POINT ( 'NONE',  ( 6.000000000000000888, -1.770561626012169043, 32.20374788293499080 ) ) ;
#125 = CARTESIAN_POINT ( 'NONE',  ( 0.000000000000000000, 42.64564384191827884, 48.12767099062932630 ) ) ;
#126 = DIRECTION ( 'NONE',  ( -1.000000000000000000, -0.000000000000000000, -0.000000000000000000 ) ) ;
#127 = VECTOR ( 'NONE', #246, 1000.000000000000000 ) ;
#128 = CARTESIAN_POINT ( 'NONE',  ( -8.673617379884035472E-16, 1.079525197265185588, 29.90016138598954853 ) ) ;
#129 = CARTESIAN_POINT ( 'NONE',  ( 7.000000000000000000, -3.257300390963633330, 40.51256135580526063 ) ) ;
#130 = CARTESIAN_POINT ( 'NONE',  ( 0.000000000000000000, 7.165882161353812840, 39.63197671016316548 ) ) ;
#131 = CARTESIAN_POINT ( 'NONE',  ( -8.673617379884035472E-16, 159.3691082324260151, 42.68870407644187281 ) ) ;
#132 = CARTESIAN_POINT ( 'NONE',  ( 6.000000000000000888, 12.98944595963266657, 35.65810890829114754 ) ) ;
#133 = CARTESIAN_POINT ( 'NONE',  ( 6.000000000000000000, 136.4051620249825305, 39.92806000164802782 ) ) ;
#134 = CARTESIAN_POINT ( 'NONE',  ( -35.20255523217979743, 35.98083609354849699, 33.54405169795538200 ) ) ;
#135 = CARTESIAN_POINT ( 'NONE',  ( 7.000000000000000000, -6.033253525910379444, 35.62637006405736173 ) ) ;
#136 = CARTESIAN_POINT ( 'NONE',  ( 0.000000000000000000, 1.402557451041550385, 38.32582367538761758 ) ) ;
#137 = CARTESIAN_POINT ( 'NONE',  ( -8.673617379884035472E-16, 51.67542028639194029, 49.00509020648446779 ) ) ;
#138 = CARTESIAN_POINT ( 'NONE',  ( 6.000000000000000888, 15.67180255750978723, 36.22591233625160356 ) ) ;
#139 = CARTESIAN_POINT ( 'NONE',  ( 0.000000000000000000, 137.9706324690595807, 45.74895212371850306 ) ) ;
#140 = DIRECTION ( 'NONE',  ( -1.000000000000000000, -0.000000000000000000, -0.000000000000000000 ) ) ;
#141 = EDGE_CURVE ( 'NONE', #194, #1280, #1344, .T. ) ;
#142 = CARTESIAN_POINT ( 'NONE',  ( 7.000000000000000000, -5.615862110268947660, 37.58081771412093985 ) ) ;
#143 = CARTESIAN_POINT ( 'NONE',  ( 0.000000000000000000, 2.447910701638555953, 38.59547213654821007 ) ) ;
#144 = CARTESIAN_POINT ( 'NONE',  ( 7.000000000000000000, 2.746671659584214442, 41.79299116710734552 ) ) ;
#145 = CARTESIAN_POINT ( 'NONE',  ( 6.000000000000000888, 25.35579354239050431, 38.12381954719482025 ) ) ;
#146 = CARTESIAN_POINT ( 'NONE',  ( 0.000000000000000000, -5.082411322604084347, 38.69122247385318047 ) ) ;
#147 = CARTESIAN_POINT ( 'NONE',  ( 0.000000000000000000, -2.471019030991516097, 32.59086682571132343 ) ) ;
#148 = ORIENTED_EDGE ( 'NONE', *, *, #203, .T. ) ;
#149 = FACE_OUTER_BOUND ( 'NONE', #728, .T. ) ;
#150 = CARTESIAN_POINT ( 'NONE',  ( 7.000000000000000000, -3.721511468961445246, 29.75649767808463508 ) ) ;
#151 = CARTESIAN_POINT ( 'NONE',  ( 0.000000000000000000, -2.756059878853764467, 36.62676096355476574 ) ) ;
#152 = VECTOR ( 'NONE', #1311, 1000.000000000000000 ) ;
#153 = CARTESIAN_POINT ( 'NONE',  ( 6.000000000000000888, 1.735664168876247970, 33.24454857382453099 ) ) ;
#154 = CARTESIAN_POINT ( 'NONE',  ( 0.000000000000000000, -6.033253525910379444, 35.62637006405736173 ) ) ;
#155 = CARTESIAN_POINT ( 'NONE',  ( 0.000000000000000000, 25.00391223934092366, 42.83417217662283605 ) ) ;
#156 = CARTESIAN_POINT ( 'NONE',  ( 6.000000000000016875, 134.8335153498665591, 40.07690921905588510 ) ) ;
#157 = EDGE_LOOP ( 'NONE', ( #42, #148, #606, #625 ) ) ;
#158 = CARTESIAN_POINT ( 'NONE',  ( 6.000000000000016875, -2.756059878853764467, 36.62676096355476574 ) ) ;
#159 = CARTESIAN_POINT ( 'NONE',  ( -8.673617379884035472E-16, 2.746671659584214442, 41.79299116710734552 ) ) ;
#160 = CARTESIAN_POINT ( 'NONE',  ( 6.000000000000000888, 21.85745850859535722, 42.32003516145092448 ) ) ;
#161 = CARTESIAN_POINT ( 'NONE',  ( 0.000000000000000000, 1.440207314158033602, 30.04589478851163165 ) ) ;
#162 = CARTESIAN_POINT ( 'NONE',  ( 0.000000000000000000, 32.34189676252902501, 43.90088999196224506 ) ) ;
#163 = CARTESIAN_POINT ( 'NONE',  ( 0.000000000000000000, 110.0963773667527477, 42.05092101069669752 ) ) ;
#164 = ORIENTED_EDGE ( 'NONE', *, *, #1357, .F. ) ;
#165 = CARTESIAN_POINT ( 'NONE',  ( 0.000000000000000000, -2.211051339994434706, 37.55869174729115656 ) ) ;
#166 = CARTESIAN_POINT ( 'NONE',  ( 7.000000000000000000, 35.43637472127275601, 47.31371295491271667 ) ) ;
#167 = CARTESIAN_POINT ( 'NONE',  ( 6.000000000000000888, 165.8263827271446758, 38.68047176515962349 ) ) ;
#168 = CARTESIAN_POINT ( 'NONE',  ( 0.000000000000000000, -2.756059878853764467, 36.62676096355476574 ) ) ;
#169 = CARTESIAN_POINT ( 'NONE',  ( 0.000000000000000000, 91.60284708258767239, 39.92524277103505170 ) ) ;
#170 = CARTESIAN_POINT ( 'NONE',  ( 0.000000000000000000, 18.89097110700377158, 36.90546618629826980 ) ) ;
#171 = VERTEX_POINT ( 'NONE', #34 ) ;
#172 = CARTESIAN_POINT ( 'NONE',  ( 7.000000000000000000, 10.98862762563185314, 43.41945211413631966 ) ) ;
#173 = CARTESIAN_POINT ( 'NONE',  ( 0.000000000000000000, -2.256261629016794501, 37.50711476655736476 ) ) ;
#174 = VECTOR ( 'NONE', #360, 1000.000000000000000 ) ;
#175 = CARTESIAN_POINT ( 'NONE',  ( 6.000000000000000888, 95.05079797641468531, 46.35952324748114961 ) ) ;
#176 = AXIS2_PLACEMENT_3D ( 'NONE', #723, #1159, #492 ) ;
#177 = CARTESIAN_POINT ( 'NONE',  ( 0.000000000000000000, -1.907355495500515197, 32.22016580801045649 ) ) ;
#178 = CARTESIAN_POINT ( 'NONE',  ( 7.000000000000000888, 58.36451125113448057, 39.07966038780323714 ) ) ;
#179 = CARTESIAN_POINT ( 'NONE',  ( 6.000000000000016875, 90.50778573398788751, 42.90947056260161929 ) ) ;
#180 = ORIENTED_EDGE ( 'NONE', *, *, #1054, .T. ) ;
#181 = CARTESIAN_POINT ( 'NONE',  ( 6.000000000000016875, -2.890028804129094908, 33.43730159756663767 ) ) ;
#182 = CARTESIAN_POINT ( 'NONE',  ( 6.000000000000000888, 57.46655281474442489, 46.34472003020559328 ) ) ;
#183 = LINE ( 'NONE', #711, #874 ) ;
#184 = CARTESIAN_POINT ( 'NONE',  ( 0.000000000000000000, 1.735664168876247970, 33.24454857382453099 ) ) ;
#185 = CARTESIAN_POINT ( 'NONE',  ( 6.000000000000016875, 51.38363549767369420, 41.53711844795868302 ) ) ;
#186 = VERTEX_POINT ( 'NONE', #237 ) ;
#187 = EDGE_CURVE ( 'NONE', #809, #654, #1218, .T. ) ;
#188 = CARTESIAN_POINT ( 'NONE',  ( 0.000000000000000000, 12.45260275079002987, 35.54652460039267226 ) ) ;
#189 = CARTESIAN_POINT ( 'NONE',  ( 7.000000000000000000, -2.717947589671245279, 40.76897937448613618 ) ) ;
#190 = CARTESIAN_POINT ( 'NONE',  ( 6.000000000000000888, 32.34189676252902501, 43.90088999196224506 ) ) ;
#191 = CARTESIAN_POINT ( 'NONE',  ( 0.000000000000000000, 8.161871798992049065, 34.63667078312990100 ) ) ;
#192 = CARTESIAN_POINT ( 'NONE',  ( 7.000000000000000000, 6.183393154864762487, 31.06576845651384033 ) ) ;
#193 = CARTESIAN_POINT ( 'NONE',  ( 7.000000000000000000, 39.68277694100778064, 20.17637155285937567 ) ) ;
#194 = VERTEX_POINT ( 'NONE', #329 ) ;
#195 = CARTESIAN_POINT ( 'NONE',  ( 0.000000000000000000, 8.161871798992049065, 34.63667078312990100 ) ) ;
#196 = CARTESIAN_POINT ( 'NONE',  ( 6.000000000000016875, 40.72164953525831521, 44.88846926678216676 ) ) ;
#197 = CARTESIAN_POINT ( 'NONE',  ( 0.000000000000000000, 25.35579354239050431, 38.12381954719482025 ) ) ;
#198 = CARTESIAN_POINT ( 'NONE',  ( 7.000000000000000000, 136.0666348804983272, 36.94674739450726975 ) ) ;
#199 =( GEOMETRIC_REPRESENTATION_CONTEXT ( 3 ) GLOBAL_UNCERTAINTY_ASSIGNED_CONTEXT ( ( #1068 ) ) GLOBAL_UNIT_ASSIGNED_CONTEXT ( ( #989, #968, #1323 ) ) REPRESENTATION_CONTEXT ( 'NONE', 'WORKASPACE' ) );
#200 = DIRECTION ( 'NONE',  ( 0.000000000000000000, 0.000000000000000000, -1.000000000000000000 ) ) ;
#201 = CARTESIAN_POINT ( 'NONE',  ( 7.000000000000000000, 0.2319562085075380364, 41.19493631393376631 ) ) ;
#202 = CARTESIAN_POINT ( 'NONE',  ( -8.673617379884035472E-16, -4.884695842921570552, 39.00297129952845410 ) ) ;
#203 = EDGE_CURVE ( 'NONE', #1280, #1090, #890, .T. ) ;
#204 = CARTESIAN_POINT ( 'NONE',  ( 0.000000000000000000, 120.0591161385874983, 44.66915677886796487 ) ) ;
#205 = CARTESIAN_POINT ( 'NONE',  ( 0.000000000000000000, 112.2738403947977019, 41.90001831837493285 ) ) ;
#206 = CARTESIAN_POINT ( 'NONE',  ( 0.000000000000000000, 132.3584713970657560, 37.30122939084757405 ) ) ;
#207 = CARTESIAN_POINT ( 'NONE',  ( 7.000000000000000000, 35.98083609354849699, 20.17637155285937567 ) ) ;
#208 = CARTESIAN_POINT ( 'NONE',  ( 0.000000000000000000, 12.48083609354849877, 20.17637155285937567 ) ) ;
#209 = CARTESIAN_POINT ( 'NONE',  ( 0.000000000000000000, 113.7776548161528751, 38.80193182863925472 ) ) ;
#210 = CARTESIAN_POINT ( 'NONE',  ( 7.000000000000000000, 0.04278915863435870520, 29.49764430698670026 ) ) ;
#211 = CARTESIAN_POINT ( 'NONE',  ( 6.000000000000016875, 178.3010308473610053, 36.78658366523945489 ) ) ;
#212 = CARTESIAN_POINT ( 'NONE',  ( 0.000000000000000000, 18.89097110700377158, 36.90546618629826980 ) ) ;
#213 = CARTESIAN_POINT ( 'NONE',  ( 6.000000000000000888, 125.3400460996715537, 40.91144069384210269 ) ) ;
#214 = LINE ( 'NONE', #1293, #1002 ) ;
#215 = DIRECTION ( 'NONE',  ( -1.000000000000000000, -0.000000000000000000, -0.000000000000000000 ) ) ;
#216 = ORIENTED_EDGE ( 'NONE', *, *, #1010, .F. ) ;
#217 = CARTESIAN_POINT ( 'NONE',  ( 0.000000000000000000, 80.52265093222071357, 39.93669370054978174 ) ) ;
#218 = CARTESIAN_POINT ( 'NONE',  ( 7.000000000000000000, 8.964976357823744024, 31.74163537451448747 ) ) ;
#219 = CARTESIAN_POINT ( 'NONE',  ( 0.000000000000000000, 145.0309436172414337, 41.68205322587908057 ) ) ;
#220 = CARTESIAN_POINT ( 'NONE',  ( 0.000000000000000000, 35.98083609354849699, 33.54405169795538200 ) ) ;
#221 = PLANE ( 'NONE',  #1204 ) ;
#222 = LINE ( 'NONE', #1226, #361 ) ;
#223 = AXIS2_PLACEMENT_3D ( 'NONE', #788, #229, #990 ) ;
#224 = VECTOR ( 'NONE', #977, 1000.000000000000000 ) ;
#225 = CARTESIAN_POINT ( 'NONE',  ( -8.673617379884035472E-16, -3.721511468961445246, 29.75649767808463508 ) ) ;
#226 = CARTESIAN_POINT ( 'NONE',  ( 6.000000000000016875, 29.19772777079927550, 43.46794372259758177 ) ) ;
#227 = CARTESIAN_POINT ( 'NONE',  ( 7.000000000000000000, 69.43965669975554533, 39.65085326244597042 ) ) ;
#228 = CARTESIAN_POINT ( 'NONE',  ( -35.20255523217979743, 35.98083609354849699, 33.54405169795538200 ) ) ;
#229 = DIRECTION ( 'NONE',  ( 0.000000000000000000, -1.000000000000000000, 0.000000000000000000 ) ) ;
#230 = EDGE_CURVE ( 'NONE', #378, #186, #793, .T. ) ;
#231 = CARTESIAN_POINT ( 'NONE',  ( -8.673617379884035472E-16, -3.304844687053915653, 29.54538260915341041 ) ) ;
#232 = CARTESIAN_POINT ( 'NONE',  ( 7.000000000000000000, 202.0897272061521335, 36.10584174640952426 ) ) ;
#233 = CARTESIAN_POINT ( 'NONE',  ( 6.000000000000016875, 2.187486313292515749, 38.52286965144287478 ) ) ;
#234 = CARTESIAN_POINT ( 'NONE',  ( 0.000000000000000000, 35.98083609354849699, 20.17637155285937567 ) ) ;
#235 = CARTESIAN_POINT ( 'NONE',  ( 6.000000000000000888, -2.382688737947760593, 37.34697075960096413 ) ) ;
#236 = CARTESIAN_POINT ( 'NONE',  ( 0.000000000000000000, 24.54883436390396056, 45.81686971965542199 ) ) ;
#237 = CARTESIAN_POINT ( 'NONE',  ( 7.000000000000000000, 12.48083609354849877, 20.17637155285937567 ) ) ;
#238 = EDGE_LOOP ( 'NONE', ( #279, #815, #369, #285 ) ) ;
#239 = CARTESIAN_POINT ( 'NONE',  ( 7.000000000000000000, -5.689990099033742865, 32.34453410610810664 ) ) ;
#240 = CARTESIAN_POINT ( 'NONE',  ( 7.000000000000000000, -4.884695842921570552, 39.00297129952845410 ) ) ;
#241 = CARTESIAN_POINT ( 'NONE',  ( 6.000000000000016875, -1.023133427996178790, 38.12976005284600944 ) ) ;
#242 = CARTESIAN_POINT ( 'NONE',  ( 6.000000000000000888, -1.787439881178729317, 37.89128281649298202 ) ) ;
#243 = CARTESIAN_POINT ( 'NONE',  ( 0.000000000000000000, 2.746671659584214442, 41.79299116710734552 ) ) ;
#244 = CARTESIAN_POINT ( 'NONE',  ( 0.000000000000000000, 194.9323584858436504, 34.20679751817296932 ) ) ;
#245 = CLOSED_SHELL ( 'NONE', ( #420, #74, #1340, #610, #1247, #54, #798, #1124, #725, #626, #1071, #1161, #666, #1220, #4, #115, #84 ) ) ;
#246 = DIRECTION ( 'NONE',  ( 0.000000000000000000, 1.000000000000000000, 0.000000000000000000 ) ) ;
#247 = CARTESIAN_POINT ( 'NONE',  ( 6.000000000000016875, 2.447910701638555953, 38.59547213654821007 ) ) ;
#248 = EDGE_CURVE ( 'NONE', #1196, #1188, #222, .T. ) ;
#249 = CARTESIAN_POINT ( 'NONE',  ( 6.000000000000000888, -2.471019030991516097, 32.59086682571132343 ) ) ;
#250 = CARTESIAN_POINT ( 'NONE',  ( 0.000000000000000000, 84.14073549601545210, 49.66296887905257762 ) ) ;
#251 = DIRECTION ( 'NONE',  ( 0.000000000000000000, 1.000000000000000000, 0.000000000000000000 ) ) ;
#252 =( GEOMETRIC_REPRESENTATION_CONTEXT ( 3 ) GLOBAL_UNCERTAINTY_ASSIGNED_CONTEXT ( ( #1193 ) ) GLOBAL_UNIT_ASSIGNED_CONTEXT ( ( #1175, #1208, #1299 ) ) REPRESENTATION_CONTEXT ( 'NONE', 'WORKASPACE' ) );
#253 = CARTESIAN_POINT ( 'NONE',  ( 6.000000000000016875, 21.85745850859535722, 42.32003516145092448 ) ) ;
#254 = CARTESIAN_POINT ( 'NONE',  ( 7.000000000000000000, 24.54883436390396056, 45.81686971965542199 ) ) ;
#255 = CARTESIAN_POINT ( 'NONE',  ( 6.000000000000000888, 2.545841083749560418, 33.38383798764628807 ) ) ;
#256 = CARTESIAN_POINT ( 'NONE',  ( 0.000000000000000000, -3.257300390963633330, 40.51256135580526063 ) ) ;
#257 = CARTESIAN_POINT ( 'NONE',  ( 0.000000000000000000, 16.61176849847475978, 41.40626604724763382 ) ) ;
#258 = CARTESIAN_POINT ( 'NONE',  ( 0.000000000000000000, 1.735664168876247970, 33.24454857382453099 ) ) ;
#259 = CARTESIAN_POINT ( 'NONE',  ( 7.000000000000000000, 13.71523690856360567, 43.93879063317830003 ) ) ;
#260 = CARTESIAN_POINT ( 'NONE',  ( 6.000000000000000888, -0.2111311559914290925, 38.18065659465710837 ) ) ;
#261 = CARTESIAN_POINT ( 'NONE',  ( 0.000000000000000000, -4.401811459543186977, 39.61824162486697531 ) ) ;
#262 = CARTESIAN_POINT ( 'NONE',  ( 0.000000000000000000, 40.72164953525831521, 44.88846926678216676 ) ) ;
#263 = ORIENTED_EDGE ( 'NONE', *, *, #881, .T. ) ;
#264 = DIRECTION ( 'NONE',  ( -1.000000000000000000, 0.000000000000000000, -0.000000000000000000 ) ) ;
#265 = CARTESIAN_POINT ( 'NONE',  ( 6.000000000000016875, -1.907355495500515197, 32.22016580801045649 ) ) ;
#266 = B_SPLINE_CURVE_WITH_KNOTS ( 'NONE', 3,
 ( #994, #334, #875, #1194, #213, #764, #652, #1089, #1316, #657, #302, #105, #545, #983, #447, #1429, #440, #1201, #1093, #110, #553, #1099, #118, #561, #1351, #567, #145, #896, #32, #695, #1120, #138, #1112, #132, #886, #455, #583, #688, #791, #1337, #1105, #906, #1129, #374, #481, #255, #153, #1224, #586, #1358, #911, #576, #670, #21, #124, #471, #1116, #1342, #249, #358, #680, #1012, #1019, #901, #1001, #39, #465, #1007, #805, #1329, #786, #352, #343, #235, #1236, #781, #1216, #1243, #475, #242, #27, #366, #674, #1230, #799, #260, #596, #1028, #825, #1058, #395, #609, #1143, #1284, #410, #1381, #1364, #1276, #629, #45, #1269, #269, #1167, #1396, #68, #160, #402, #491, #287, #294, #190, #841, #282, #722, #832, #716, #512, #182, #1150, #1158, #1387, #601, #917, #175, #730, #380, #812, #518, #944, #1042, #818, #622, #52, #167, #77, #950, #1252, #505, #1035 ),
 .UNSPECIFIED., .F., .F.,
 ( 4, 2, 2, 2, 2, 2, 2, 2, 2, 2, 2, 2, 2, 2, 2, 2, 2, 2, 2, 2, 2, 2, 1, 2, 2, 2, 2, 2, 2, 2, 2, 2, 2, 2, 2, 2, 2, 2, 2, 2, 2, 2, 2, 2, 2, 2, 2, 2, 2, 2, 2, 2, 2, 2, 2, 2, 2, 2, 2, 2, 2, 2, 2, 2, 2, 2, 2, 2, 2, 4 ),
 ( 0.000000000000000000, 0.005645914458944245595, 0.03689591445894579991, 0.05252091445894646604, 0.06814591445894724320, 0.08377091445894790933, 0.09939591445894857547, 0.1306459144589499077, 0.1618959144589513510, 0.1931459144589526833, 0.2243959144589541266, 0.2400209144589547927, 0.2556459144589554588, 0.2712709144589561250, 0.2790834144589564580, 0.2868959144589567911, 0.2947084144589570687, 0.2986146644589573462, 0.3025209144589574572, 0.3064271644589576793, 0.3103334144589579013, 0.3181459144589582344, 0.3200990394589583454, 0.3220521644589584564, 0.3259584144589586785, 0.3298646644589587895, 0.3308412269589589005, 0.3318177894589590116, 0.3327943519589590116, 0.3337709144589591226, 0.3347474769589591226, 0.3357240394589592891, 0.3376771644589591781, 0.3396302894589593446, 0.3415834144589593446, 0.3435365394589593446, 0.3454896644589593446, 0.3464662269589593446, 0.3469545082089593446, 0.3474427894589593446, 0.3484193519589592336, 0.3493959144589592336, 0.3513490394589591781, 0.3523256019589591226, 0.3533021644589590116, 0.3572084144589588450, 0.3591615394589587895, 0.3611146644589586785, 0.3650209144589584564, 0.3728334144589581234, 0.3806459144589577348, 0.3884584144589573462, 0.3962709144589569576, 0.4118959144589562360, 0.4197084144589558474, 0.4275209144589554588, 0.4431459144589546817, 0.4587709144589539600, 0.4743959144589531829, 0.5056459144589517951, 0.5368959144589502408, 0.5681459144589489085, 0.5993959144589475763, 0.6306459144589461330, 0.6618959144589446897, 0.6931459144589433574, 0.7243959144589419141, 0.7868959144589391386, 0.8181459144589378063, 0.8493959144589365851 ),
 .UNSPECIFIED. ) ;
#267 = MECHANICAL_DESIGN_GEOMETRIC_PRESENTATION_REPRESENTATION (  '', ( #677 ), #199 ) ;
#268 = CARTESIAN_POINT ( 'NONE',  ( 7.000000000000000000, 16.43371446573924288, 44.42198794158660746 ) ) ;
#269 = CARTESIAN_POINT ( 'NONE',  ( 6.000000000000000888, 13.46377674345596631, 40.83747362638155209 ) ) ;
#270 = CARTESIAN_POINT ( 'NONE',  ( 0.000000000000000000, -2.382688737947760593, 37.34697075960096413 ) ) ;
#271 = CARTESIAN_POINT ( 'NONE',  ( 7.000000000000000000, 1.440207314158033602, 30.04589478851163165 ) ) ;
#272 = CARTESIAN_POINT ( 'NONE',  ( 6.000000000000016875, 77.45937211158918956, 42.86156636260351149 ) ) ;
#273 = ORIENTED_EDGE ( 'NONE', *, *, #525, .T. ) ;
#274 = CARTESIAN_POINT ( 'NONE',  ( 6.000000000000016875, -2.114083119404336131, 37.65212782620123733 ) ) ;
#275 = LINE ( 'NONE', #710, #839 ) ;
#276 = FACE_BOUND ( 'NONE', #495, .T. ) ;
#277 = CARTESIAN_POINT ( 'NONE',  ( 0.000000000000000000, -1.542238009990950731, 38.00065650680324580 ) ) ;
#278 = LINE ( 'NONE', #314, #224 ) ;
#279 = ORIENTED_EDGE ( 'NONE', *, *, #864, .F. ) ;
#280 = CARTESIAN_POINT ( 'NONE',  ( 6.000000000000016875, -2.909395576519592463, 36.11116413519204116 ) ) ;
#281 = CARTESIAN_POINT ( 'NONE',  ( -8.673617379884035472E-16, 8.744613954739573813, 42.97975621753752762 ) ) ;
#282 = CARTESIAN_POINT ( 'NONE',  ( 6.000000000000000888, 38.62714512131501721, 44.65698927650647931 ) ) ;
#283 = CARTESIAN_POINT ( 'NONE',  ( 0.000000000000000000, -0.7524789738495040181, 38.15187002378050352 ) ) ;
#284 = CARTESIAN_POINT ( 'NONE',  ( 0.000000000000000000, 105.7419107607997262, 42.32596102276258421 ) ) ;
#285 = ORIENTED_EDGE ( 'NONE', *, *, #288, .F. ) ;
#286 = CARTESIAN_POINT ( 'NONE',  ( 0.000000000000000000, -2.890028804129094908, 33.43730159756663767 ) ) ;
#287 = CARTESIAN_POINT ( 'NONE',  ( 6.000000000000000888, 28.14949182795604443, 43.31724557751685722 ) ) ;
#288 = EDGE_CURVE ( 'NONE', #186, #291, #1317, .T. ) ;
#289 = CARTESIAN_POINT ( 'NONE',  ( 0.000000000000000000, 86.15750616067873580, 42.94059403257050889 ) ) ;
#290 = CARTESIAN_POINT ( 'NONE',  ( 0.000000000000000000, 73.11149861051296739, 42.75252354560661416 ) ) ;
#291 = VERTEX_POINT ( 'NONE', #995 ) ;
#292 = CARTESIAN_POINT ( 'NONE',  ( 6.000000000000016875, 10.84111622297416844, 35.21685705701558788 ) ) ;
#293 = CARTESIAN_POINT ( 'NONE',  ( 7.000000000000000000, 0.2319562085075380364, 41.19493631393376631 ) ) ;
#294 = CARTESIAN_POINT ( 'NONE',  ( 6.000000000000000888, 29.19772777079927550, 43.46794372259758177 ) ) ;
#295 = CARTESIAN_POINT ( 'NONE',  ( 0.000000000000000000, 134.8335153498665591, 40.07690921905588510 ) ) ;
#296 = CARTESIAN_POINT ( 'NONE',  ( 6.000000000000016875, 64.41796361332872323, 42.40557705744818406 ) ) ;
#297 = CARTESIAN_POINT ( 'NONE',  ( 7.000000000000000000, 202.0897272061520482, 28.26254687935834653 ) ) ;
#298 = CARTESIAN_POINT ( 'NONE',  ( 0.000000000000000000, 6.030523936677397501, 34.12060297208723370 ) ) ;
#299 = CARTESIAN_POINT ( 'NONE',  ( -8.673617379884035472E-16, -3.850709024106746980, 40.10617851126102096 ) ) ;
#300 = CARTESIAN_POINT ( 'NONE',  ( 6.000000000000016875, 103.3916161488528331, 45.96351813323961721 ) ) ;
#301 = CARTESIAN_POINT ( 'NONE',  ( 0.000000000000000000, 3.625192857170039140, 33.57422447186859671 ) ) ;
#302 = CARTESIAN_POINT ( 'NONE',  ( 6.000000000000000888, 103.5649104783364862, 42.44990636563244379 ) ) ;
#303 = DIRECTION ( 'NONE',  ( -1.000000000000000000, -0.000000000000000000, -0.000000000000000000 ) ) ;
#304 = LINE ( 'NONE', #742, #956 ) ;
#305 = ORIENTED_EDGE ( 'NONE', *, *, #141, .F. ) ;
#306 = EDGE_CURVE ( 'NONE', #1188, #613, #903, .T. ) ;
#307 = CARTESIAN_POINT ( 'NONE',  ( 6.000000000000016875, 4.967108813971025327, 33.85060602638663596 ) ) ;
#308 = CARTESIAN_POINT ( 'NONE',  ( -8.673617379884035472E-16, -2.717947589671245279, 40.76897937448613618 ) ) ;
#309 = CARTESIAN_POINT ( 'NONE',  ( 0.000000000000000000, 128.3864812221034128, 43.79508116490900704 ) ) ;
#310 = CARTESIAN_POINT ( 'NONE',  ( 0.000000000000000000, 77.45937211158918956, 42.86156636260351149 ) ) ;
#311 = VECTOR ( 'NONE', #1114, 1000.000000000000000 ) ;
#312 = FACE_OUTER_BOUND ( 'NONE', #238, .T. ) ;
#313 = AXIS2_PLACEMENT_3D ( 'NONE', #7, #860, #976 ) ;
#314 = CARTESIAN_POINT ( 'NONE',  ( -35.20255523217979743, 12.48083609354849877, 20.17637155285937567 ) ) ;
#315 = FACE_OUTER_BOUND ( 'NONE', #437, .T. ) ;
#316 = CARTESIAN_POINT ( 'NONE',  ( 7.000000000000000888, 41.05954679718065847, 37.43740742883801431 ) ) ;
#317 = CARTESIAN_POINT ( 'NONE',  ( -8.673617379884035472E-16, 3.979243350880418806, 30.58432687862134003 ) ) ;
#318 = CARTESIAN_POINT ( 'NONE',  ( 6.000000000000016875, 90.87855859861952013, 46.49248435475666952 ) ) ;
#319 = SHAPE_DEFINITION_REPRESENTATION ( #26, #1134 ) ;
#320 = CARTESIAN_POINT ( 'NONE',  ( 0.000000000000000000, 9.231410543447477579, 34.87808915355469708 ) ) ;
#321 = DIRECTION ( 'NONE',  ( 0.000000000000000000, 0.04481866657144209509, -0.9989951386902530261 ) ) ;
#322 = CARTESIAN_POINT ( 'NONE',  ( 7.000000000000000000, 136.0666348804983272, 36.94674739450726975 ) ) ;
#323 = ORIENTED_EDGE ( 'NONE', *, *, #248, .T. ) ;
#324 = CARTESIAN_POINT ( 'NONE',  ( -8.673617379884035472E-16, 3.189748159573845498, 30.44766863736499829 ) ) ;
#325 = CARTESIAN_POINT ( 'NONE',  ( 6.000000000000016875, 132.5486721650281936, 43.30503773196158335 ) ) ;
#326 = CARTESIAN_POINT ( 'NONE',  ( 7.000000000000000000, 137.9706324690595807, 45.74895212371850306 ) ) ;
#327 = EDGE_CURVE ( 'NONE', #1196, #691, #1203, .T. ) ;
#328 = FACE_OUTER_BOUND ( 'NONE', #473, .T. ) ;
#329 = CARTESIAN_POINT ( 'NONE',  ( 6.000000000000000000, 199.0897272061520198, 31.68298522458125177 ) ) ;
#330 = CARTESIAN_POINT ( 'NONE',  ( 7.000000000000000000, -4.389276960964076046, 30.21462083197488013 ) ) ;
#331 = CARTESIAN_POINT ( 'NONE',  ( 0.000000000000000000, 38.62714512131501721, 44.65698927650647931 ) ) ;
#332 = CARTESIAN_POINT ( 'NONE',  ( 0.000000000000000000, 12.48083609354849699, 32.48975361016913155 ) ) ;
#333 = CARTESIAN_POINT ( 'NONE',  ( 7.000000000000000000, 58.36451125113448057, 39.07966038780323714 ) ) ;
#334 = CARTESIAN_POINT ( 'NONE',  ( 6.000000000000000888, 135.6194273301751707, 40.00324111498539992 ) ) ;
#335 = EDGE_CURVE ( 'NONE', #484, #522, #1117, .T. ) ;
#336 = LINE ( 'NONE', #546, #386 ) ;
#337 = CARTESIAN_POINT ( 'NONE',  ( 0.000000000000000000, 78.35696071658088613, 46.71796037283152003 ) ) ;
#338 = AXIS2_PLACEMENT_3D ( 'NONE', #771, #1206, #264 ) ;
#339 = ORIENTED_EDGE ( 'NONE', *, *, #1314, .F. ) ;
#340 = CARTESIAN_POINT ( 'NONE',  ( -8.673617379884035472E-16, 8.964976357823744024, 31.74163537451448747 ) ) ;
#341 = PLANE ( 'NONE',  #338 ) ;
#342 = CARTESIAN_POINT ( 'NONE',  ( 0.000000000000000000, 29.19772777079927550, 43.46794372259758177 ) ) ;
#343 = CARTESIAN_POINT ( 'NONE',  ( 6.000000000000000888, -2.456771960743778571, 37.23421698133032010 ) ) ;
#344 = CARTESIAN_POINT ( 'NONE',  ( 0.000000000000000000, -3.850709024106746980, 40.10617851126102096 ) ) ;
#345 = CARTESIAN_POINT ( 'NONE',  ( -35.20255523217979743, 9.294450235276054073, 31.81681296540682524 ) ) ;
#346 = CARTESIAN_POINT ( 'NONE',  ( 0.000000000000000000, 91.60284708258767239, 39.92524277103505170 ) ) ;
#347 = CARTESIAN_POINT ( 'NONE',  ( -8.673617379884035472E-16, -5.689990099033742865, 32.34453410610810664 ) ) ;
#348 = CARTESIAN_POINT ( 'NONE',  ( 7.000000000000000000, -5.871250955343244371, 36.68677497220446071 ) ) ;
#349 = CARTESIAN_POINT ( 'NONE',  ( 7.000000000000000000, 120.0555887347233863, 47.76663773609691077 ) ) ;
#350 = CARTESIAN_POINT ( 'NONE',  ( 0.000000000000000000, 0.06073204726668538639, 38.18829562554184065 ) ) ;
#351 = CARTESIAN_POINT ( 'NONE',  ( 7.000000000000000000, 41.05954679718065847, 37.43740742883801431 ) ) ;
#352 = CARTESIAN_POINT ( 'NONE',  ( 6.000000000000000888, -2.655655823421757322, 36.88223346693070681 ) ) ;
#353 = CARTESIAN_POINT ( 'NONE',  ( 0.000000000000000000, -5.871250955343244371, 36.68677497220446071 ) ) ;
#354 = CARTESIAN_POINT ( 'NONE',  ( 0.000000000000000000, 178.3010308473610053, 36.78658366523945489 ) ) ;
#355 = ORIENTED_EDGE ( 'NONE', *, *, #908, .F. ) ;
#356 = EDGE_CURVE ( 'NONE', #822, #1090, #593, .T. ) ;
#357 = CARTESIAN_POINT ( 'NONE',  ( 6.000000000000016875, 9.264950269610771727, 40.02563266119533125 ) ) ;
#358 = CARTESIAN_POINT ( 'NONE',  ( 6.000000000000000888, -2.552011225032941422, 32.70146310007406498 ) ) ;
#359 = CARTESIAN_POINT ( 'NONE',  ( 0.000000000000000000, -4.674354163073511259, 39.29396481249542461 ) ) ;
#360 = DIRECTION ( 'NONE',  ( 0.000000000000000000, -0.9914602155052801846, 0.1304095129590761293 ) ) ;
#361 = VECTOR ( 'NONE', #23, 1000.000000000000114 ) ;
#362 = ORIENTED_EDGE ( 'NONE', *, *, #490, .T. ) ;
#363 = CARTESIAN_POINT ( 'NONE',  ( 7.000000000000000000, -5.491006233794235136, 31.82593266871046467 ) ) ;
#364 = CARTESIAN_POINT ( 'NONE',  ( 6.000000000000016875, -0.7524789738495040181, 38.15187002378050352 ) ) ;
#365 = CARTESIAN_POINT ( 'NONE',  ( 7.000000000000000000, 120.0555887347233863, 47.76663773609691077 ) ) ;
#366 = CARTESIAN_POINT ( 'NONE',  ( 6.000000000000000888, -1.413994755556277516, 38.03772020561468992 ) ) ;
#367 = CARTESIAN_POINT ( 'NONE',  ( 0.000000000000000000, 194.9719139463879003, 37.23823296909011304 ) ) ;
#368 = CARTESIAN_POINT ( 'NONE',  ( 0.000000000000000000, 13.46377674345596631, 40.83747362638155209 ) ) ;
#369 = ORIENTED_EDGE ( 'NONE', *, *, #549, .T. ) ;
#370 = CARTESIAN_POINT ( 'NONE',  ( 7.000000000000000000, -5.221299293883270742, 31.30856750991522475 ) ) ;
#371 = PRODUCT_DEFINITION_FORMATION_WITH_SPECIFIED_SOURCE ( 'ANY', '', #488, .NOT_KNOWN. ) ;
#372 = CARTESIAN_POINT ( 'NONE',  ( 0.000000000000000000, -1.542238009990950731, 38.00065650680324580 ) ) ;
#373 = CARTESIAN_POINT ( 'NONE',  ( 7.000000000000000000, 62.56079299654682302, 49.61365369549719873 ) ) ;
#374 = CARTESIAN_POINT ( 'NONE',  ( 6.000000000000000888, 3.625192857170039140, 33.57422447186859671 ) ) ;
#375 = CARTESIAN_POINT ( 'NONE',  ( 0.000000000000000000, -5.689990099033742865, 32.34453410610810664 ) ) ;
#376 = EDGE_CURVE ( 'NONE', #922, #942, #749, .T. ) ;
#377 = CARTESIAN_POINT ( 'NONE',  ( 0.000000000000000000, 2.969432009424953112, 38.73685766013636567 ) ) ;
#378 = VERTEX_POINT ( 'NONE', #426 ) ;
#379 = CARTESIAN_POINT ( 'NONE',  ( 0.000000000000000000, -3.052439998467408433, 35.04261201723907249 ) ) ;
#380 = CARTESIAN_POINT ( 'NONE',  ( 6.000000000000000888, 107.5602038903987676, 45.70079206443454467 ) ) ;
#381 = CARTESIAN_POINT ( 'NONE',  ( 0.000000000000000000, 9.294450235276054073, 31.81681296540682524 ) ) ;
#382 = CARTESIAN_POINT ( 'NONE',  ( 0.000000000000000000, 9.264950269610771727, 40.02563266119533125 ) ) ;
#383 = CARTESIAN_POINT ( 'NONE',  ( 0.000000000000000000, 47.04058472926008960, 41.14712623921387546 ) ) ;
#384 = EDGE_LOOP ( 'NONE', ( #933, #263, #904, #501 ) ) ;
#385 = CARTESIAN_POINT ( 'NONE',  ( 6.000000000000016875, 0.1663334794769787683, 32.78751141905293309 ) ) ;
#386 = VECTOR ( 'NONE', #776, 1000.000000000000000 ) ;
#387 = DIRECTION ( 'NONE',  ( 0.000000000000000000, -5.961230465694261130E-14, -1.000000000000000000 ) ) ;
#388 = CARTESIAN_POINT ( 'NONE',  ( 0.000000000000000000, -4.389276960964076046, 30.21462083197488013 ) ) ;
#389 = CARTESIAN_POINT ( 'NONE',  ( 0.000000000000000000, 12.41414389292728515, 40.63713481073645539 ) ) ;
#390 = CARTESIAN_POINT ( 'NONE',  ( 7.000000000000000000, 9.184606750555602162, 31.79191599443362293 ) ) ;
#391 = CARTESIAN_POINT ( 'NONE',  ( 6.000000000000016875, 21.04250840629757136, 37.32967168587297380 ) ) ;
#392 = ORIENTED_EDGE ( 'NONE', *, *, #376, .T. ) ;
#393 = CARTESIAN_POINT ( 'NONE',  ( 0.000000000000000000, -2.471019030991516097, 32.59086682571132343 ) ) ;
#394 = CARTESIAN_POINT ( 'NONE',  ( 7.000000000000000000, 4.219118242501721738, 42.12209757933960930 ) ) ;
#395 = CARTESIAN_POINT ( 'NONE',  ( 6.000000000000000888, 2.187486313292515749, 38.52286965144287478 ) ) ;
#396 = CARTESIAN_POINT ( 'NONE',  ( 0.000000000000000000, 34.43729347384611117, 44.16407876331136606 ) ) ;
#397 = CARTESIAN_POINT ( 'NONE',  ( 7.000000000000000888, 43.60244812123830371, 37.74098419608938570 ) ) ;
#398 = CARTESIAN_POINT ( 'NONE',  ( 6.000000000000016875, 73.11149861051296739, 42.75252354560661416 ) ) ;
#399 = ORIENTED_EDGE ( 'NONE', *, *, #1111, .T. ) ;
#400 = CARTESIAN_POINT ( 'NONE',  ( 0.000000000000000000, -2.963786172571624355, 35.84835261618803059 ) ) ;
#401 = CARTESIAN_POINT ( 'NONE',  ( -8.673617379884035472E-16, -1.295129027702632829, 41.11712360988800441 ) ) ;
#402 = CARTESIAN_POINT ( 'NONE',  ( 6.000000000000000888, 25.00391223934092366, 42.83417217662283605 ) ) ;
#403 = CARTESIAN_POINT ( 'NONE',  ( 7.000000000000000000, 35.98083609354849699, 33.54405169795538200 ) ) ;
#404 = CARTESIAN_POINT ( 'NONE',  ( 0.000000000000000000, 118.8066582402849889, 41.42233265099577721 ) ) ;
#405 = CARTESIAN_POINT ( 'NONE',  ( 0.000000000000000000, 22.11990734714472850, 37.53311037502191994 ) ) ;
#406 = ORIENTED_EDGE ( 'NONE', *, *, #35, .T. ) ;
#407 = CARTESIAN_POINT ( 'NONE',  ( 7.000000000000000000, 5.616535259945114156, 42.39913828042006116 ) ) ;
#408 = CARTESIAN_POINT ( 'NONE',  ( 6.000000000000016875, -2.746121138404474138, 33.05960825482424781 ) ) ;
#409 = CARTESIAN_POINT ( 'NONE',  ( 7.000000000000000000, -4.401811459543186977, 39.61824162486697531 ) ) ;
#410 = CARTESIAN_POINT ( 'NONE',  ( 6.000000000000000888, 4.015211597059070492, 39.00408486290420029 ) ) ;
#411 = CARTESIAN_POINT ( 'NONE',  ( 7.000000000000000000, 180.7257739545706272, 39.47194446994408423 ) ) ;
#412 = CARTESIAN_POINT ( 'NONE',  ( 6.000000000000016875, 129.6965513510872086, 40.54938272830612078 ) ) ;
#413 = ORIENTED_EDGE ( 'NONE', *, *, #1379, .T. ) ;
#414 = CARTESIAN_POINT ( 'NONE',  ( 7.000000000000000000, 1.519761260300199979, 41.44566897933530925 ) ) ;
#415 = CARTESIAN_POINT ( 'NONE',  ( 0.000000000000000000, 15.67180255750978723, 36.22591233625160356 ) ) ;
#416 = CARTESIAN_POINT ( 'NONE',  ( 7.000000000000000000, -2.299125988864196835, 40.90554512110032448 ) ) ;
#417 = CARTESIAN_POINT ( 'NONE',  ( 0.000000000000000000, 78.35696071658088613, 46.71796037283152003 ) ) ;
#418 = DIRECTION ( 'NONE',  ( 0.000000000000000000, 0.000000000000000000, -1.000000000000000000 ) ) ;
#419 = CARTESIAN_POINT ( 'NONE',  ( 0.000000000000000000, 135.6194273301751707, 40.00324111498539992 ) ) ;
#420 = ADVANCED_FACE ( 'NONE', ( #858 ), #1393, .F. ) ;
#421 = LINE ( 'NONE', #1294, #17 ) ;
#422 = PLANE ( 'NONE',  #458 ) ;
#423 = CARTESIAN_POINT ( 'NONE',  ( 0.000000000000000000, 9.231410543447477579, 34.87808915355469708 ) ) ;
#424 = CARTESIAN_POINT ( 'NONE',  ( 7.000000000000000000, 0.05927421264489435987, 41.18852962897791059 ) ) ;
#425 = CARTESIAN_POINT ( 'NONE',  ( 0.000000000000000000, 194.9323584858436504, 34.20679751817296932 ) ) ;
#426 = CARTESIAN_POINT ( 'NONE',  ( 7.000000000000000000, 9.294450235276054073, 20.17637155285937567 ) ) ;
#427 = CARTESIAN_POINT ( 'NONE',  ( -35.20255523217979743, 39.68277694100778064, 20.17637155285937567 ) ) ;
#428 = CARTESIAN_POINT ( 'NONE',  ( 7.000000000000000000, 199.0897272061521335, 33.54539103327172000 ) ) ;
#429 = ORIENTED_EDGE ( 'NONE', *, *, #1228, .F. ) ;
#430 = CARTESIAN_POINT ( 'NONE',  ( -8.673617379884035472E-16, -5.305701172550826961, 38.28470654803033568 ) ) ;
#431 = CARTESIAN_POINT ( 'NONE',  ( 0.000000000000000000, 107.5602038903987676, 45.70079206443454467 ) ) ;
#432 = CARTESIAN_POINT ( 'NONE',  ( 0.000000000000000000, 21.04250840629757136, 37.32967168587297380 ) ) ;
#433 = CARTESIAN_POINT ( 'NONE',  ( 0.000000000000000000, 136.0666348804983272, 36.94674739450726975 ) ) ;
#434 = VECTOR ( 'NONE', #782, 1000.000000000000000 ) ;
#435 = LINE ( 'NONE', #853, #1181 ) ;
#436 = DIRECTION ( 'NONE',  ( 0.000000000000000000, 1.415505911028644118E-14, 1.000000000000000000 ) ) ;
#437 = EDGE_LOOP ( 'NONE', ( #399, #413, #1361, #65, #406, #1378, #392, #599, #362, #323, #1096 ) ) ;
#438 = CARTESIAN_POINT ( 'NONE',  ( 7.000000000000000000, -2.805019246127276045, 29.34895110454343126 ) ) ;
#439 = CARTESIAN_POINT ( 'NONE',  ( 6.000000000000016875, 47.00363409386130087, 45.52858577640502347 ) ) ;
#440 = CARTESIAN_POINT ( 'NONE',  ( 6.000000000000000888, 73.11149861051296739, 42.75252354560661416 ) ) ;
#441 = CARTESIAN_POINT ( 'NONE',  ( 0.000000000000000000, 39.68277694100778064, 20.17637155285937567 ) ) ;
#442 = ORIENTED_EDGE ( 'NONE', *, *, #888, .T. ) ;
#443 = CARTESIAN_POINT ( 'NONE',  ( -8.673617379884035472E-16, 2.032724725345800287, 30.23447594548850148 ) ) ;
#444 = EDGE_CURVE ( 'NONE', #452, #1061, #1015, .T. ) ;
#445 = CARTESIAN_POINT ( 'NONE',  ( 6.000000000000016875, 65.82730621774713597, 46.65713553914280709 ) ) ;
#446 = CARTESIAN_POINT ( 'NONE',  ( 7.000000000000000000, 39.68277688165156292, 37.26425256906450301 ) ) ;
#447 = CARTESIAN_POINT ( 'NONE',  ( 6.000000000000000888, 86.15750616067873580, 42.94059403257050889 ) ) ;
#448 = DIRECTION ( 'NONE',  ( 1.000000000000000000, 0.000000000000000000, 0.000000000000000000 ) ) ;
#449 = DIRECTION ( 'NONE',  ( -1.000000000000000000, -0.000000000000000000, -0.000000000000000000 ) ) ;
#450 = CARTESIAN_POINT ( 'NONE',  ( 0.000000000000000000, 107.5602038903987676, 45.70079206443454467 ) ) ;
#451 = CARTESIAN_POINT ( 'NONE',  ( 0.000000000000000000, 49.36262168109011839, 38.35825314659745544 ) ) ;
#452 = VERTEX_POINT ( 'NONE', #234 ) ;
#453 = CARTESIAN_POINT ( 'NONE',  ( 7.000000000000000000, -3.304844687053915653, 29.54538260915341041 ) ) ;
#454 = CARTESIAN_POINT ( 'NONE',  ( 0.000000000000000000, -1.787439881178729317, 37.89128281649298202 ) ) ;
#455 = CARTESIAN_POINT ( 'NONE',  ( 6.000000000000000888, 11.37841963073455709, 35.32599567218873915 ) ) ;
#456 = CARTESIAN_POINT ( 'NONE',  ( 0.000000000000000000, -5.221299293883270742, 31.30856750991522475 ) ) ;
#457 = DIRECTION ( 'NONE',  ( 0.000000000000000000, 0.000000000000000000, 1.000000000000000000 ) ) ;
#458 = AXIS2_PLACEMENT_3D ( 'NONE', #854, #1232, #457 ) ;
#459 = ORIENTED_EDGE ( 'NONE', *, *, #908, .T. ) ;
#460 = CARTESIAN_POINT ( 'NONE',  ( 7.000000000000000000, -0.3664323118713419536, 29.37759921316741085 ) ) ;
#461 = CARTESIAN_POINT ( 'NONE',  ( 7.000000000000000000, -5.305701172550826961, 38.28470654803033568 ) ) ;
#462 = CARTESIAN_POINT ( 'NONE',  ( 7.000000000000000000, 137.9706324690595807, 45.74895212371850306 ) ) ;
#463 = CARTESIAN_POINT ( 'NONE',  ( 0.000000000000000000, 10.31472649702484468, 40.23106653416466116 ) ) ;
#464 = CARTESIAN_POINT ( 'NONE',  ( 7.000000000000000000, 124.9404520065762227, 37.94492262177276132 ) ) ;
#465 = CARTESIAN_POINT ( 'NONE',  ( 6.000000000000000888, -3.052439998467408433, 35.04261201723907249 ) ) ;
#466 = CARTESIAN_POINT ( 'NONE',  ( 0.000000000000000000, -2.717947589671245279, 40.76897937448613618 ) ) ;
#467 = CARTESIAN_POINT ( 'NONE',  ( 7.000000000000000000, 202.0897272061520482, 28.26254687935834653 ) ) ;
#468 = CARTESIAN_POINT ( 'NONE',  ( -8.673617379884035472E-16, -2.805019246127276045, 29.34895110454343126 ) ) ;
#469 = CARTESIAN_POINT ( 'NONE',  ( 7.000000000000000000, -2.188270613035799173, 29.22178964558599290 ) ) ;
#470 = CARTESIAN_POINT ( 'NONE',  ( 0.000000000000000000, 19.75928672020315346, 41.95823093518891511 ) ) ;
#471 = CARTESIAN_POINT ( 'NONE',  ( 6.000000000000000888, -1.907355495500515197, 32.22016580801045649 ) ) ;
#472 = CARTESIAN_POINT ( 'NONE',  ( 7.000000000000000000, 136.4051620249825305, 39.92806000164802782 ) ) ;
#473 = EDGE_LOOP ( 'NONE', ( #563, #619, #1312, #81 ) ) ;
#474 = CARTESIAN_POINT ( 'NONE',  ( 6.000000000000016875, -0.2111311559914290925, 38.18065659465710837 ) ) ;
#475 = CARTESIAN_POINT ( 'NONE',  ( 6.000000000000000888, -1.901403336920491904, 37.81532593877205528 ) ) ;
#476 = CARTESIAN_POINT ( 'NONE',  ( 0.000000000000000000, 8.744613954739573813, 42.97975621753752762 ) ) ;
#477 = CARTESIAN_POINT ( 'NONE',  ( 0.000000000000000000, 128.3864812221034128, 43.79508116490900704 ) ) ;
#478 = AXIS2_PLACEMENT_3D ( 'NONE', #862, #200, #1287 ) ;
#479 = CARTESIAN_POINT ( 'NONE',  ( 6.000000000000016875, 10.31472649702484468, 40.23106653416466116 ) ) ;
#480 = CARTESIAN_POINT ( 'NONE',  ( 7.000000000000000000, 94.90822586165225516, 49.38909700744493847 ) ) ;
#481 = CARTESIAN_POINT ( 'NONE',  ( 6.000000000000000888, 3.087208085490763310, 33.47010377065920750 ) ) ;
#482 = CARTESIAN_POINT ( 'NONE',  ( 0.000000000000000000, 0.8429035838820858606, 41.27954235709213293 ) ) ;
#483 = CARTESIAN_POINT ( 'NONE',  ( 0.000000000000000000, -2.162733208877757995, 32.32220045584868728 ) ) ;
#484 = VERTEX_POINT ( 'NONE', #220 ) ;
#485 = CARTESIAN_POINT ( 'NONE',  ( 7.000000000000000000, 51.67542028639194029, 49.00509020648446779 ) ) ;
#486 = CARTESIAN_POINT ( 'NONE',  ( 7.000000000000000000, -2.805019246127276045, 29.34895110454343126 ) ) ;
#487 = CARTESIAN_POINT ( 'NONE',  ( 6.000000000000016875, -2.552011225032941422, 32.70146310007406498 ) ) ;
#488 = PRODUCT ( 'right', 'right', '', ( #867 ) ) ;
#489 = CARTESIAN_POINT ( 'NONE',  ( -8.673617379884035472E-16, 84.14073549601545210, 49.66296887905257762 ) ) ;
#490 = EDGE_CURVE ( 'NONE', #590, #1196, #1427, .T. ) ;
#491 = CARTESIAN_POINT ( 'NONE',  ( 6.000000000000000888, 26.05258725531788500, 43.00047327457542679 ) ) ;
#492 = DIRECTION ( 'NONE',  ( 0.000000000000000000, 0.000000000000000000, 1.000000000000000000 ) ) ;
#493 = CARTESIAN_POINT ( 'NONE',  ( 0.000000000000000000, -1.023133427996178790, 38.12976005284600944 ) ) ;
#494 = CARTESIAN_POINT ( 'NONE',  ( 0.000000000000000000, 77.45937211158918956, 42.86156636260351149 ) ) ;
#495 = EDGE_LOOP ( 'NONE', ( #883, #1257, #837 ) ) ;
#496 = CARTESIAN_POINT ( 'NONE',  ( 0.000000000000000000, -2.274921041476986705, 32.39909077861550912 ) ) ;
#497 = CARTESIAN_POINT ( 'NONE',  ( 7.000000000000000000, 42.64564384191827884, 48.12767099062932630 ) ) ;
#498 = CARTESIAN_POINT ( 'NONE',  ( 0.000000000000000000, 136.0666348804983272, 36.94674739450726975 ) ) ;
#499 = CARTESIAN_POINT ( 'NONE',  ( 0.000000000000000000, -1.901403336920491904, 37.81532593877205528 ) ) ;
#500 = CARTESIAN_POINT ( 'NONE',  ( 6.000000000000016875, 118.8066582402849889, 41.42233265099577721 ) ) ;
#501 = ORIENTED_EDGE ( 'NONE', *, *, #888, .F. ) ;
#502 = AXIS2_PLACEMENT_3D ( 'NONE', #427, #534, #869 ) ;
#503 = CARTESIAN_POINT ( 'NONE',  ( 6.000000000000016875, -3.033555832678165309, 34.23696973741184735 ) ) ;
#504 = CARTESIAN_POINT ( 'NONE',  ( -8.673617379884035472E-16, 6.983798063139631473, 42.65053014975095635 ) ) ;
#505 = CARTESIAN_POINT ( 'NONE',  ( 6.000000000000000888, 194.9323584858436504, 34.20679751817296932 ) ) ;
#506 = CARTESIAN_POINT ( 'NONE',  ( 0.000000000000000000, -0.6995746967717433318, 29.30019674060362789 ) ) ;
#507 = CARTESIAN_POINT ( 'NONE',  ( 0.000000000000000000, -2.746121138404474138, 33.05960825482424781 ) ) ;
#508 = CARTESIAN_POINT ( 'NONE',  ( 6.000000000000016875, 25.35579354239050431, 38.12381954719482025 ) ) ;
#509 = EDGE_LOOP ( 'NONE', ( #1248, #1392, #1424, #633 ) ) ;
#510 = CARTESIAN_POINT ( 'NONE',  ( 6.000000000000016875, -0.3259233334848535280, 32.54461966081078117 ) ) ;
#511 = CARTESIAN_POINT ( 'NONE',  ( -8.673617379884035472E-16, 0.4812530486891582471, 41.21907481971641118 ) ) ;
#512 = CARTESIAN_POINT ( 'NONE',  ( 6.000000000000000888, 53.28290484409785677, 46.07226408292206088 ) ) ;
#513 = CARTESIAN_POINT ( 'NONE',  ( 0.000000000000000000, 90.50778573398788751, 42.90947056260161929 ) ) ;
#514 = CARTESIAN_POINT ( 'NONE',  ( 0.000000000000000000, 103.5649104783364862, 42.44990636563244379 ) ) ;
#515 = ORIENTED_EDGE ( 'NONE', *, *, #327, .F. ) ;
#516 = CARTESIAN_POINT ( 'NONE',  ( 0.000000000000000000, -1.100439516812057317, 32.28660560277881331 ) ) ;
#517 = CARTESIAN_POINT ( 'NONE',  ( -8.673617379884035472E-16, -4.401811459543186977, 39.61824162486697531 ) ) ;
#518 = CARTESIAN_POINT ( 'NONE',  ( 6.000000000000000888, 120.0591161385874983, 44.66915677886796487 ) ) ;
#519 = CARTESIAN_POINT ( 'NONE',  ( 0.000000000000000000, 2.032724725345800287, 30.23447594548850148 ) ) ;
#520 = CARTESIAN_POINT ( 'NONE',  ( 7.000000000000000000, 35.98083609354849699, 20.17637155285937567 ) ) ;
#521 = CARTESIAN_POINT ( 'NONE',  ( 0.000000000000000000, 21.04250840629757136, 37.32967168587297380 ) ) ;
#522 = VERTEX_POINT ( 'NONE', #1095 ) ;
#523 = CARTESIAN_POINT ( 'NONE',  ( 6.000000000000016875, 14.59943176835909107, 35.99575191101558858 ) ) ;
#524 = CARTESIAN_POINT ( 'NONE',  ( -8.673617379884035472E-16, -4.674354163073511259, 39.29396481249542461 ) ) ;
#525 = EDGE_CURVE ( 'NONE', #1061, #942, #665, .T. ) ;
#526 = CARTESIAN_POINT ( 'NONE',  ( 0.000000000000000000, 9.294450235276054073, 20.17637155285937567 ) ) ;
#527 = CARTESIAN_POINT ( 'NONE',  ( 0.000000000000000000, 73.11149861051296739, 42.75252354560661416 ) ) ;
#528 = CARTESIAN_POINT ( 'NONE',  ( 0.000000000000000000, 43.60244812123830371, 37.74098419608938570 ) ) ;
#529 = FACE_OUTER_BOUND ( 'NONE', #1038, .T. ) ;
#530 = CARTESIAN_POINT ( 'NONE',  ( 7.000000000000000000, -0.7867189651391626182, 41.15598455514042087 ) ) ;
#531 = CARTESIAN_POINT ( 'NONE',  ( 6.000000000000016875, 3.087208085490763310, 33.47010377065920750 ) ) ;
#532 = CARTESIAN_POINT ( 'NONE',  ( 6.000000000000016875, 34.43729347384611117, 44.16407876331136606 ) ) ;
#533 = CARTESIAN_POINT ( 'NONE',  ( 0.000000000000000000, 99.21164636056302299, 42.65489515440965107 ) ) ;
#534 = DIRECTION ( 'NONE',  ( 0.000000000000000000, 1.000000000000000000, 0.000000000000000000 ) ) ;
#535 = ORIENTED_EDGE ( 'NONE', *, *, #1238, .F. ) ;
#536 = CARTESIAN_POINT ( 'NONE',  ( -8.673617379884035472E-16, -0.3813441070234941388, 41.17778642945059175 ) ) ;
#537 = CARTESIAN_POINT ( 'NONE',  ( 6.000000000000016875, 145.0309436172414337, 41.68205322587908057 ) ) ;
#538 = CARTESIAN_POINT ( 'NONE',  ( 0.000000000000000000, 22.11990734714472850, 37.53311037502191994 ) ) ;
#539 = FACE_OUTER_BOUND ( 'NONE', #509, .T. ) ;
#540 = LINE ( 'NONE', #1187, #775 ) ;
#541 = DIRECTION ( 'NONE',  ( -1.000000000000000000, 0.000000000000000000, 0.000000000000000000 ) ) ;
#542 = CARTESIAN_POINT ( 'NONE',  ( -8.673617379884035472E-16, -5.864532730278066097, 32.97452499126725201 ) ) ;
#543 = CARTESIAN_POINT ( 'NONE',  ( 6.000000000000016875, 128.3864812221034128, 43.79508116490900704 ) ) ;
#544 = LINE ( 'NONE', #552, #3 ) ;
#545 = CARTESIAN_POINT ( 'NONE',  ( 6.000000000000000888, 97.03540232752870054, 42.73478501422152931 ) ) ;
#546 = CARTESIAN_POINT ( 'NONE',  ( -35.20255523217979743, 39.68277694100778064, 37.26425257663699853 ) ) ;
#547 = FACE_OUTER_BOUND ( 'NONE', #1053, .T. ) ;
#548 = CARTESIAN_POINT ( 'NONE',  ( 0.000000000000000000, 102.6578481316482225, 39.54689827585541906 ) ) ;
#549 = EDGE_CURVE ( 'NONE', #1032, #291, #641, .T. ) ;
#550 = CARTESIAN_POINT ( 'NONE',  ( 7.000000000000000000, 9.294450235374659641, 31.81681296542917536 ) ) ;
#551 = CARTESIAN_POINT ( 'NONE',  ( 0.000000000000000000, 57.46655281474442489, 46.34472003020559328 ) ) ;
#552 = CARTESIAN_POINT ( 'NONE',  ( 7.000000000000000000, 9.294450235276054073, 31.81681296540682524 ) ) ;
#553 = CARTESIAN_POINT ( 'NONE',  ( 6.000000000000000888, 47.04058472926008960, 41.14712623921387546 ) ) ;
#554 = DIRECTION ( 'NONE',  ( 0.000000000000000000, -0.000000000000000000, -1.000000000000000000 ) ) ;
#555 = CARTESIAN_POINT ( 'NONE',  ( 7.000000000000000000, 202.0897272061521335, 36.10584174640952426 ) ) ;
#556 = CARTESIAN_POINT ( 'NONE',  ( 0.000000000000000000, 90.87855859861952013, 46.49248435475666952 ) ) ;
#557 = ORIENTED_EDGE ( 'NONE', *, *, #919, .T. ) ;
#558 = CARTESIAN_POINT ( 'NONE',  ( -8.673617379884035472E-16, -5.999519505787128004, 33.70822590936989371 ) ) ;
#559 = CARTESIAN_POINT ( 'NONE',  ( 6.000000000000016875, -1.787439881178729317, 37.89128281649298202 ) ) ;
#560 = CARTESIAN_POINT ( 'NONE',  ( 7.000000000000000000, 49.36262168109011839, 38.35825314659745544 ) ) ;
#561 = CARTESIAN_POINT ( 'NONE',  ( 6.000000000000000888, 34.01925827577677808, 39.52125283308586035 ) ) ;
#562 = CARTESIAN_POINT ( 'NONE',  ( 0.000000000000000000, 44.90992780481049351, 45.32546804318322842 ) ) ;
#563 = ORIENTED_EDGE ( 'NONE', *, *, #525, .F. ) ;
#564 = CARTESIAN_POINT ( 'NONE',  ( 7.000000000000000000, 6.183393154864762487, 31.06576845651384033 ) ) ;
#565 = CARTESIAN_POINT ( 'NONE',  ( 7.000000000000000000, 180.7257739545706272, 39.47194446994408423 ) ) ;
#566 = CARTESIAN_POINT ( 'NONE',  ( 6.000000000000016875, -2.061967140626721928, 37.69425858223642933 ) ) ;
#567 = CARTESIAN_POINT ( 'NONE',  ( 6.000000000000000888, 27.51810294747369667, 38.49077749630112777 ) ) ;
#568 = CARTESIAN_POINT ( 'NONE',  ( 0.000000000000000000, 35.43637472127275601, 47.31371295491271667 ) ) ;
#569 = DIRECTION ( 'NONE',  ( 1.000000000000000000, 0.000000000000000000, 0.000000000000000000 ) ) ;
#570 = AXIS2_PLACEMENT_3D ( 'NONE', #198, #639, #1075 ) ;
#571 = CARTESIAN_POINT ( 'NONE',  ( 7.000000000000000000, 0.04278915863435870520, 29.49764430698670026 ) ) ;
#572 = CARTESIAN_POINT ( 'NONE',  ( 7.000000000000000000, 2.032724725345800287, 30.23447594548850148 ) ) ;
#573 = CARTESIAN_POINT ( 'NONE',  ( 7.000000000000000000, -3.850709024106746980, 40.10617851126102096 ) ) ;
#574 = CARTESIAN_POINT ( 'NONE',  ( 6.000000000000016875, 4.541474874361657754, 39.11957472445448758 ) ) ;
#575 = CARTESIAN_POINT ( 'NONE',  ( 7.000000000000000000, 43.60244812123830371, 37.74098419608938570 ) ) ;
#576 = CARTESIAN_POINT ( 'NONE',  ( 6.000000000000000888, -1.100439516812057317, 32.28660560277881331 ) ) ;
#577 = CARTESIAN_POINT ( 'NONE',  ( 0.000000000000000000, -0.3813441070234941388, 41.17778642945059175 ) ) ;
#578 = CARTESIAN_POINT ( 'NONE',  ( 0.000000000000000000, 145.0309436172414337, 41.68205322587908057 ) ) ;
#579 = CARTESIAN_POINT ( 'NONE',  ( 7.000000000000000000, 0.5824080007677897575, 29.69055635213166866 ) ) ;
#580 = CARTESIAN_POINT ( 'NONE',  ( 7.000000000000000000, -5.689990099033742865, 32.34453410610810664 ) ) ;
#581 = CARTESIAN_POINT ( 'NONE',  ( 6.000000000000016875, 0.8738543474296230906, 38.22522509239463773 ) ) ;
#582 = CARTESIAN_POINT ( 'NONE',  ( -8.673617379884035472E-16, 42.64564384191827884, 48.12767099062932630 ) ) ;
#583 = CARTESIAN_POINT ( 'NONE',  ( 6.000000000000000888, 10.84111622297416844, 35.21685705701558788 ) ) ;
#584 = CARTESIAN_POINT ( 'NONE',  ( 0.000000000000000000, 165.8263827271446758, 38.68047176515962349 ) ) ;
#585 = CARTESIAN_POINT ( 'NONE',  ( 0.000000000000000000, 0.8738543474296230906, 38.22522509239463773 ) ) ;
#586 = CARTESIAN_POINT ( 'NONE',  ( 6.000000000000000888, 0.1663334794769787683, 32.78751141905293309 ) ) ;
#587 = CARTESIAN_POINT ( 'NONE',  ( 0.000000000000000000, 120.0555887347233863, 47.76663773609691077 ) ) ;
#588 = CARTESIAN_POINT ( 'NONE',  ( 0.000000000000000000, -2.963786172571624355, 35.84835261618803059 ) ) ;
#589 = AXIS2_PLACEMENT_3D ( 'NONE', #102, #541, #1169 ) ;
#590 = VERTEX_POINT ( 'NONE', #9 ) ;
#591 = CARTESIAN_POINT ( 'NONE',  ( 7.000000000000000000, 105.6952786953121404, 48.85609050469867753 ) ) ;
#592 = EDGE_CURVE ( 'NONE', #1334, #691, #12, .T. ) ;
#593 = B_SPLINE_CURVE_WITH_KNOTS ( 'NONE', 3,
 ( #659, #244, #898, #1004, #354, #584, #676, #578, #14, #1014, #477, #664, #8, #450, #1094, #112, #556, #882, #337, #1325, #777, #1211, #1100, #120, #562, #262, #940, #396, #162, #697, #1131, #1271, #155, #1353, #1374, #257, #1036, #368, #389, #1239, #382, #1122, #819, #55, #704, #1262, #377, #1254, #1022, #597, #1383, #827, #603, #1030, #47, #283, #493, #801, #277, #689, #499, #920, #928, #813, #1138, #270, #712, #1145, #168, #611, #588, #617, #808, #1043, #1366, #62, #717, #507, #1152, #1245, #147, #41, #483, #177, #1050, #70, #907, #913, #1360, #1059, #851, #1160, #184, #975, #1291, #301, #99, #739, #1067, #191, #320, #1389, #960, #1081, #1168, #623, #834, #1176, #724, #212, #432, #538, #197, #637, #1073, #868, #86, #1192, #631, #94, #78, #1309, #527, #310, #289, #513, #757, #533, #1407, #946, #967, #205, #651, #404, #1300, #1088, #295, #419, #1412 ),
 .UNSPECIFIED., .F., .F.,
 ( 4, 2, 2, 2, 2, 2, 2, 2, 2, 2, 2, 2, 2, 2, 2, 2, 2, 2, 2, 2, 2, 2, 2, 2, 2, 2, 2, 2, 2, 2, 2, 2, 2, 2, 2, 2, 2, 2, 2, 2, 2, 2, 2, 2, 2, 2, 2, 1, 2, 2, 2, 2, 2, 2, 2, 2, 2, 2, 2, 2, 2, 2, 2, 2, 2, 2, 2, 2, 2, 4 ),
 ( 0.000000000000000000, 0.03124999999999870937, 0.06249999999999741873, 0.1249999999999946293, 0.1562499999999932554, 0.1874999999999918399, 0.2187499999999904521, 0.2499999999999890088, 0.2812499999999876765, 0.3124999999999862887, 0.3437499999999848455, 0.3749999999999834022, 0.3906249999999826250, 0.4062499999999819034, 0.4218749999999811817, 0.4296874999999807376, 0.4374999999999804046, 0.4531249999999796274, 0.4609374999999791833, 0.4687499999999788503, 0.4765624999999784617, 0.4843749999999781286, 0.4882812499999779066, 0.4902343749999778511, 0.4921874999999777400, 0.4960937499999775180, 0.4970703124999774625, 0.4980468749999774070, 0.4999999999999772959, 0.5009765624999773515, 0.5019531249999772404, 0.5024414062499772404, 0.5029296874999772404, 0.5039062499999772404, 0.5058593749999772404, 0.5078124999999772404, 0.5097656249999772404, 0.5117187499999773515, 0.5136718749999773515, 0.5146484374999774625, 0.5156249999999774625, 0.5166015624999775735, 0.5175781249999775735, 0.5185546874999776845, 0.5195312499999777955, 0.5234374999999779066, 0.5273437499999781286, 0.5292968749999782396, 0.5312499999999783507, 0.5390624999999786837, 0.5429687499999789058, 0.5468749999999791278, 0.5507812499999792388, 0.5546874999999794609, 0.5624999999999797939, 0.5703124999999801270, 0.5781249999999804601, 0.5937499999999811262, 0.6093749999999819034, 0.6249999999999824585, 0.6562499999999839018, 0.6874999999999852340, 0.7187499999999866773, 0.7499999999999880096, 0.7656249999999886757, 0.7812499999999893419, 0.7968749999999900080, 0.8124999999999907851, 0.8437499999999923395, 0.8493959144589365851 ),
 .UNSPECIFIED. ) ;
#594 = CARTESIAN_POINT ( 'NONE',  ( 6.000000000000016875, -1.100439516812057317, 32.28660560277881331 ) ) ;
#595 = CARTESIAN_POINT ( 'NONE',  ( 7.000000000000000000, 0.4812530486891582471, 41.21907481971641118 ) ) ;
#596 = CARTESIAN_POINT ( 'NONE',  ( 6.000000000000000888, 0.06073204726668538639, 38.18829562554184065 ) ) ;
#597 = CARTESIAN_POINT ( 'NONE',  ( 0.000000000000000000, 1.402557451041550385, 38.32582367538761758 ) ) ;
#598 = CARTESIAN_POINT ( 'NONE',  ( 6.000000000000016875, 136.4051620249825305, 39.92806000164802782 ) ) ;
#599 = ORIENTED_EDGE ( 'NONE', *, *, #1267, .T. ) ;
#600 = CARTESIAN_POINT ( 'NONE',  ( 6.000000000000016875, -1.497453603307571823, 32.20589840171597018 ) ) ;
#601 = CARTESIAN_POINT ( 'NONE',  ( 6.000000000000000888, 82.53161870309817516, 46.67094722049179722 ) ) ;
#602 = CARTESIAN_POINT ( 'NONE',  ( 0.000000000000000000, 0.5824080007677897575, 29.69055635213166866 ) ) ;
#603 = CARTESIAN_POINT ( 'NONE',  ( 0.000000000000000000, 0.06073204726668538639, 38.18829562554184065 ) ) ;
#604 = CARTESIAN_POINT ( 'NONE',  ( 7.000000000000000888, 91.60284708258767239, 39.92524277103505170 ) ) ;
#605 = CARTESIAN_POINT ( 'NONE',  ( 6.000000000000016875, 135.6194273301751707, 40.00324111498539992 ) ) ;
#606 = ORIENTED_EDGE ( 'NONE', *, *, #356, .F. ) ;
#607 = CARTESIAN_POINT ( 'NONE',  ( 6.000000000000016875, -3.052281635483448330, 34.50469133545592371 ) ) ;
#608 = CARTESIAN_POINT ( 'NONE',  ( -8.673617379884035472E-16, 20.02954572892118179, 45.05003678396214184 ) ) ;
#609 = CARTESIAN_POINT ( 'NONE',  ( 6.000000000000000888, 2.447910701638555953, 38.59547213654821007 ) ) ;
#610 = ADVANCED_FACE ( 'NONE', ( #863 ), #1246, .F. ) ;
#611 = CARTESIAN_POINT ( 'NONE',  ( 0.000000000000000000, -2.909395576519592463, 36.11116413519204116 ) ) ;
#612 = CARTESIAN_POINT ( 'NONE',  ( 0.000000000000000000, 31.84908499943384896, 39.19087642196929266 ) ) ;
#613 = VERTEX_POINT ( 'NONE', #1209 ) ;
#614 = CARTESIAN_POINT ( 'NONE',  ( 6.000000000000016875, -2.456771960743778571, 37.23421698133032010 ) ) ;
#615 = CARTESIAN_POINT ( 'NONE',  ( 0.000000000000000000, 9.294450235276054073, 20.17637155285937567 ) ) ;
#616 = CARTESIAN_POINT ( 'NONE',  ( 0.000000000000000000, 4.977847845730808629, 30.78783391147796067 ) ) ;
#617 = CARTESIAN_POINT ( 'NONE',  ( 0.000000000000000000, -3.035863697853585563, 35.31447006202884609 ) ) ;
#618 = CARTESIAN_POINT ( 'NONE',  ( 0.000000000000000000, 25.35579354239050431, 38.12381954719482025 ) ) ;
#619 = ORIENTED_EDGE ( 'NONE', *, *, #1202, .T. ) ;
#620 = CARTESIAN_POINT ( 'NONE',  ( 6.000000000000016875, -2.655655823421757322, 36.88223346693070681 ) ) ;
#621 = CARTESIAN_POINT ( 'NONE',  ( -8.673617379884035472E-16, -2.299125988864196835, 40.90554512110032448 ) ) ;
#622 = CARTESIAN_POINT ( 'NONE',  ( 6.000000000000000888, 145.0309436172414337, 41.68205322587908057 ) ) ;
#623 = CARTESIAN_POINT ( 'NONE',  ( 0.000000000000000000, 12.98944595963266657, 35.65810890829114754 ) ) ;
#624 = CARTESIAN_POINT ( 'NONE',  ( 6.000000000000016875, 38.35860636928598666, 40.12694521329083841 ) ) ;
#625 = ORIENTED_EDGE ( 'NONE', *, *, #881, .F. ) ;
#626 = ADVANCED_FACE ( 'NONE', ( #328 ), #1074, .T. ) ;
#627 = CARTESIAN_POINT ( 'NONE',  ( 0.000000000000000000, 12.98944595963266657, 35.65810890829114754 ) ) ;
#628 = CARTESIAN_POINT ( 'NONE',  ( 7.000000000000000000, -4.884695842921570552, 39.00297129952845410 ) ) ;
#629 = CARTESIAN_POINT ( 'NONE',  ( 6.000000000000000888, 9.264950269610771727, 40.02563266119533125 ) ) ;
#630 = CARTESIAN_POINT ( 'NONE',  ( 0.000000000000000000, -1.636612190105094733, 29.19415969466829708 ) ) ;
#631 = CARTESIAN_POINT ( 'NONE',  ( 0.000000000000000000, 47.04058472926008960, 41.14712623921387546 ) ) ;
#632 = CARTESIAN_POINT ( 'NONE',  ( 7.000000000000000000, 7.477229373883561792, 31.38610606488888877 ) ) ;
#633 = ORIENTED_EDGE ( 'NONE', *, *, #35, .F. ) ;
#634 = CARTESIAN_POINT ( 'NONE',  ( 6.000000000000016875, 12.45260275079002987, 35.54652460039267226 ) ) ;
#635 = CARTESIAN_POINT ( 'NONE',  ( 0.000000000000000000, 44.90992780481049351, 45.32546804318322842 ) ) ;
#636 = VECTOR ( 'NONE', #448, 1000.000000000000000 ) ;
#637 = CARTESIAN_POINT ( 'NONE',  ( 0.000000000000000000, 27.51810294747369667, 38.49077749630112777 ) ) ;
#638 = SURFACE_STYLE_USAGE ( .BOTH. , #751 ) ;
#639 = DIRECTION ( 'NONE',  ( -0.000000000000000000, 0.1304095129590761015, 0.9914602155052801846 ) ) ;
#640 = PLANE ( 'NONE',  #87 ) ;
#641 = LINE ( 'NONE', #761, #931 ) ;
#642 = CARTESIAN_POINT ( 'NONE',  ( -8.673617379884035472E-16, -5.082411322604084347, 38.69122247385318047 ) ) ;
#643 = CARTESIAN_POINT ( 'NONE',  ( 0.000000000000000000, 165.8263827271446758, 38.68047176515962349 ) ) ;
#644 = CARTESIAN_POINT ( 'NONE',  ( -8.673617379884035472E-16, 180.7257739545706272, 39.47194446994408423 ) ) ;
#645 = CARTESIAN_POINT ( 'NONE',  ( 7.000000000000000888, 124.9404520065762227, 37.94492262177276132 ) ) ;
#646 = DIRECTION ( 'NONE',  ( 0.000000000000000000, -0.000000000000000000, 1.000000000000000000 ) ) ;
#647 = LINE ( 'NONE', #1303, #748 ) ;
#648 = ORIENTED_EDGE ( 'NONE', *, *, #708, .F. ) ;
#649 = CARTESIAN_POINT ( 'NONE',  ( 7.000000000000000000, 0.5824080007677897575, 29.69055635213166866 ) ) ;
#650 = CARTESIAN_POINT ( 'NONE',  ( 6.000000000000016875, 120.0591161385874983, 44.66915677886796487 ) ) ;
#651 = CARTESIAN_POINT ( 'NONE',  ( 0.000000000000000000, 116.6289733771746171, 41.58615839567028161 ) ) ;
#652 = CARTESIAN_POINT ( 'NONE',  ( 6.000000000000000888, 116.6289733771746171, 41.58615839567028161 ) ) ;
#653 = MANIFOLD_SOLID_BREP ( 'Boss-Extrude5', #245 ) ;
#654 = VERTEX_POINT ( 'NONE', #1082 ) ;
#655 = CARTESIAN_POINT ( 'NONE',  ( -8.673617379884035472E-16, 8.388131077601977736, 31.60718689419314487 ) ) ;
#656 = CARTESIAN_POINT ( 'NONE',  ( 0.000000000000000000, 140.8709078414705118, 42.24868292419648697 ) ) ;
#657 = CARTESIAN_POINT ( 'NONE',  ( 6.000000000000000888, 105.7419107607997262, 42.32596102276258421 ) ) ;
#658 = AXIS2_PLACEMENT_3D ( 'NONE', #1372, #1048, #387 ) ;
#659 = CARTESIAN_POINT ( 'NONE',  ( 0.000000000000000000, 199.0897272061521335, 33.54539103327172000 ) ) ;
#660 = CARTESIAN_POINT ( 'NONE',  ( 7.000000000000000000, 1.684925970767294556, 30.13579185108373082 ) ) ;
#661 = CARTESIAN_POINT ( 'NONE',  ( 0.000000000000000000, 16.61176849847475978, 41.40626604724763382 ) ) ;
#662 = CARTESIAN_POINT ( 'NONE',  ( 7.000000000000000000, 80.52265093222071357, 39.93669370054978174 ) ) ;
#663 = CARTESIAN_POINT ( 'NONE',  ( -35.20255523217979743, 12.48083609354849699, 32.48975361016913155 ) ) ;
#664 = CARTESIAN_POINT ( 'NONE',  ( 0.000000000000000000, 120.0591161385874983, 44.66915677886796487 ) ) ;
#665 = LINE ( 'NONE', #996, #1110 ) ;
#666 = ADVANCED_FACE ( 'NONE', ( #539 ), #221, .T. ) ;
#667 = CARTESIAN_POINT ( 'NONE',  ( 7.000000000000000000, -2.188270613035799173, 29.22178964558599290 ) ) ;
#668 = CARTESIAN_POINT ( 'NONE',  ( 6.000000000000016875, 13.46377674345596631, 40.83747362638155209 ) ) ;
#669 = CARTESIAN_POINT ( 'NONE',  ( 7.000000000000000000, 91.60284708258767239, 39.92524277103505170 ) ) ;
#670 = CARTESIAN_POINT ( 'NONE',  ( 6.000000000000000888, -1.364303576981520383, 32.22782649924861431 ) ) ;
#671 = PLANE ( 'NONE',  #223 ) ;
#672 = CARTESIAN_POINT ( 'NONE',  ( 7.000000000000000000, -1.636612190105094733, 29.19415969466829708 ) ) ;
#673 = CARTESIAN_POINT ( 'NONE',  ( 0.000000000000000000, 26.05258725531788500, 43.00047327457542679 ) ) ;
#674 = CARTESIAN_POINT ( 'NONE',  ( 6.000000000000000888, -1.023133427996178790, 38.12976005284600944 ) ) ;
#675 = CARTESIAN_POINT ( 'NONE',  ( 0.000000000000000000, 0.05927421264489435987, 41.18852962897791059 ) ) ;
#676 = CARTESIAN_POINT ( 'NONE',  ( 0.000000000000000000, 157.5093986561984707, 39.92344822378920810 ) ) ;
#677 = STYLED_ITEM ( 'NONE', ( #1177 ), #653 ) ;
#678 = CARTESIAN_POINT ( 'NONE',  ( 7.000000000000000000, -5.082411322604084347, 38.69122247385318047 ) ) ;
#679 = CARTESIAN_POINT ( 'NONE',  ( 6.000000000000016875, 6.116654249068225191, 39.44602782603987379 ) ) ;
#680 = CARTESIAN_POINT ( 'NONE',  ( 6.000000000000000888, -2.690878283120346826, 32.93654274456103792 ) ) ;
#681 = CARTESIAN_POINT ( 'NONE',  ( 0.000000000000000000, 73.37176221790892328, 49.74856308425114548 ) ) ;
#682 = CARTESIAN_POINT ( 'NONE',  ( 0.000000000000000000, 202.0897272061521335, 36.10584174640952426 ) ) ;
#683 = VECTOR ( 'NONE', #1428, 1000.000000000000000 ) ;
#684 = ORIENTED_EDGE ( 'NONE', *, *, #708, .T. ) ;
#685 = CARTESIAN_POINT ( 'NONE',  ( 7.000000000000000000, -4.401811459543186977, 39.61824162486697531 ) ) ;
#686 = CARTESIAN_POINT ( 'NONE',  ( 0.000000000000000000, 15.56256568664753814, 41.22120913586391566 ) ) ;
#687 = CARTESIAN_POINT ( 'NONE',  ( 7.000000000000000000, 51.67542028639194029, 49.00509020648446779 ) ) ;
#688 = CARTESIAN_POINT ( 'NONE',  ( 6.000000000000000888, 9.767582790781149882, 34.99287541126301448 ) ) ;
#689 = CARTESIAN_POINT ( 'NONE',  ( 0.000000000000000000, -1.787439881178729317, 37.89128281649298202 ) ) ;
#690 = EDGE_CURVE ( 'NONE', #1280, #719, #266, .T. ) ;
#691 = VERTEX_POINT ( 'NONE', #498 ) ;
#692 = CARTESIAN_POINT ( 'NONE',  ( 7.000000000000000000, -2.717947589671245279, 40.76897937448613618 ) ) ;
#693 = CARTESIAN_POINT ( 'NONE',  ( 6.000000000000016875, 2.545841083749560418, 33.38383798764628807 ) ) ;
#694 = CARTESIAN_POINT ( 'NONE',  ( 7.000000000000000000, 30.00784804239524206, 46.62793137793659781 ) ) ;
#695 = CARTESIAN_POINT ( 'NONE',  ( 6.000000000000000888, 18.89097110700377158, 36.90546618629826980 ) ) ;
#696 = CARTESIAN_POINT ( 'NONE',  ( 0.000000000000000000, 13.71523690856360567, 43.93879063317830003 ) ) ;
#697 = CARTESIAN_POINT ( 'NONE',  ( 0.000000000000000000, 29.19772777079927550, 43.46794372259758177 ) ) ;
#698 = EDGE_LOOP ( 'NONE', ( #2, #1368, #1123, #1415 ) ) ;
#699 = CARTESIAN_POINT ( 'NONE',  ( 0.000000000000000000, 136.4051620249825305, 39.92806000164802782 ) ) ;
#700 = VECTOR ( 'NONE', #646, 1000.000000000000000 ) ;
#701 = CARTESIAN_POINT ( 'NONE',  ( 0.000000000000000000, -1.497453603307571823, 32.20589840171597018 ) ) ;
#702 = CARTESIAN_POINT ( 'NONE',  ( -8.673617379884035472E-16, 5.616535259945114156, 42.39913828042006116 ) ) ;
#703 = LINE ( 'NONE', #615, #38 ) ;
#704 = CARTESIAN_POINT ( 'NONE',  ( 0.000000000000000000, 4.015211597059070492, 39.00408486290420029 ) ) ;
#705 = CARTESIAN_POINT ( 'NONE',  ( 0.000000000000000000, 90.50778573398788751, 42.90947056260161929 ) ) ;
#706 = ORIENTED_EDGE ( 'NONE', *, *, #1054, .F. ) ;
#707 = CARTESIAN_POINT ( 'NONE',  ( 6.000000000000016875, -2.471019030991516097, 32.59086682571132343 ) ) ;
#708 = EDGE_CURVE ( 'NONE', #794, #57, #703, .T. ) ;
#709 = CARTESIAN_POINT ( 'NONE',  ( -8.673617379884035472E-16, 137.9706324690595807, 45.74895212371850306 ) ) ;
#710 = CARTESIAN_POINT ( 'NONE',  ( 0.000000000000000000, 35.98083609354849699, 33.54405169795538200 ) ) ;
#711 = CARTESIAN_POINT ( 'NONE',  ( 0.000000000000000000, 12.48083609354849877, 20.17637155285937567 ) ) ;
#712 = CARTESIAN_POINT ( 'NONE',  ( 0.000000000000000000, -2.456771960743778571, 37.23421698133032010 ) ) ;
#713 = CARTESIAN_POINT ( 'NONE',  ( 0.000000000000000000, 34.01925827577677808, 39.52125283308586035 ) ) ;
#714 = ORIENTED_EDGE ( 'NONE', *, *, #444, .T. ) ;
#715 = CARTESIAN_POINT ( 'NONE',  ( 6.000000000000016875, 1.198310562897471288, 33.13240289734453370 ) ) ;
#716 = CARTESIAN_POINT ( 'NONE',  ( 6.000000000000000888, 47.00363409386130087, 45.52858577640502347 ) ) ;
#717 = CARTESIAN_POINT ( 'NONE',  ( 0.000000000000000000, -2.890028804129094908, 33.43730159756663767 ) ) ;
#718 = CARTESIAN_POINT ( 'NONE',  ( 6.000000000000016875, 125.3400460996715537, 40.91144069384210269 ) ) ;
#719 = VERTEX_POINT ( 'NONE', #1136 ) ;
#720 = CARTESIAN_POINT ( 'NONE',  ( 0.000000000000000000, -2.690878283120346826, 32.93654274456103792 ) ) ;
#721 = CARTESIAN_POINT ( 'NONE',  ( 7.000000000000000000, -0.7867189651391626182, 41.15598455514042087 ) ) ;
#722 = CARTESIAN_POINT ( 'NONE',  ( 6.000000000000000888, 40.72164953525831521, 44.88846926678216676 ) ) ;
#723 = CARTESIAN_POINT ( 'NONE',  ( 0.000000000000000000, 30.00276687579296819, 46.60705136438575380 ) ) ;
#724 = CARTESIAN_POINT ( 'NONE',  ( 0.000000000000000000, 17.81725788270787092, 36.68244003222852001 ) ) ;
#725 = ADVANCED_FACE ( 'NONE', ( #61 ), #926, .T. ) ;
#726 = CARTESIAN_POINT ( 'NONE',  ( 7.000000000000000000, 2.555439880443877154, 30.34452197134709195 ) ) ;
#727 = CARTESIAN_POINT ( 'NONE',  ( 6.000000000000016875, 60.07232568664231565, 42.16630034424759543 ) ) ;
#728 = EDGE_LOOP ( 'NONE', ( #16, #714, #273, #1140 ) ) ;
#729 = CARTESIAN_POINT ( 'NONE',  ( 6.000000000000016875, 6.030523936677397501, 34.12060297208723370 ) ) ;
#730 = CARTESIAN_POINT ( 'NONE',  ( 6.000000000000000888, 103.3916161488528331, 45.96351813323961721 ) ) ;
#731 = CARTESIAN_POINT ( 'NONE',  ( 0.000000000000000000, 8.388131077601977736, 31.60718689419314487 ) ) ;
#732 = CARTESIAN_POINT ( 'NONE',  ( 7.000000000000000000, 202.0897272061521335, 36.10584174640952426 ) ) ;
#733 = CARTESIAN_POINT ( 'NONE',  ( 0.000000000000000000, 80.52265093222071357, 39.93669370054978174 ) ) ;
#734 = DIRECTION ( 'NONE',  ( 0.000000000000000000, -1.000000000000000000, 1.415505911028644118E-14 ) ) ;
#735 = EDGE_CURVE ( 'NONE', #484, #452, #275, .T. ) ;
#736 = CARTESIAN_POINT ( 'NONE',  ( 6.000000000000016875, 3.625192857170039140, 33.57422447186859671 ) ) ;
#737 = CARTESIAN_POINT ( 'NONE',  ( -8.673617379884035472E-16, -6.033253525910379444, 35.62637006405736173 ) ) ;
#738 = CARTESIAN_POINT ( 'NONE',  ( 0.000000000000000000, 70.00473773709352088, 46.70868296521359753 ) ) ;
#739 = CARTESIAN_POINT ( 'NONE',  ( 0.000000000000000000, 6.030523936677397501, 34.12060297208723370 ) ) ;
#740 = CARTESIAN_POINT ( 'NONE',  ( 0.000000000000000000, 124.9404520065762227, 37.94492262177276132 ) ) ;
#741 = FACE_OUTER_BOUND ( 'NONE', #876, .T. ) ;
#742 = CARTESIAN_POINT ( 'NONE',  ( -35.20255523217979743, 9.294450235276054073, 20.17637155285937567 ) ) ;
#743 = ORIENTED_EDGE ( 'NONE', *, *, #1111, .F. ) ;
#744 = CARTESIAN_POINT ( 'NONE',  ( 6.000000000000016875, 7.628473560431475065, 34.51006684497325239 ) ) ;
#745 = VECTOR ( 'NONE', #753, 1000.000000000000000 ) ;
#746 = CARTESIAN_POINT ( 'NONE',  ( 7.000000000000000000, -4.099303641229094630, 39.90329491049718769 ) ) ;
#747 = CARTESIAN_POINT ( 'NONE',  ( 0.000000000000000000, 182.4591672843404524, 36.15245884737186799 ) ) ;
#748 = VECTOR ( 'NONE', #1084, 1000.000000000000000 ) ;
#749 = LINE ( 'NONE', #520, #773 ) ;
#750 = PRODUCT_DEFINITION_CONTEXT ( 'detailed design', #1064, 'design' ) ;
#751 = SURFACE_SIDE_STYLE ('',( #1292 ) ) ;
#752 = LINE ( 'NONE', #428, #1349 ) ;
#753 = DIRECTION ( 'NONE',  ( 0.000000000000000000, 0.9989951386902530261, 0.04481866657144208815 ) ) ;
#754 = CARTESIAN_POINT ( 'NONE',  ( -8.673617379884035472E-16, 6.183393154864762487, 31.06576845651384033 ) ) ;
#755 = EDGE_CURVE ( 'NONE', #719, #194, #966, .T. ) ;
#756 = CARTESIAN_POINT ( 'NONE',  ( 6.000000000000016875, 140.8709078414705118, 42.24868292419648697 ) ) ;
#757 = CARTESIAN_POINT ( 'NONE',  ( 0.000000000000000000, 97.03540232752870054, 42.73478501422152931 ) ) ;
#758 = DIRECTION ( 'NONE',  ( 0.000000000000000000, 0.9989951386902530261, 0.04481866657144209509 ) ) ;
#759 = DIRECTION ( 'NONE',  ( 0.000000000000000000, -1.408811541705554283E-16, 1.000000000000000000 ) ) ;
#760 = ORIENTED_EDGE ( 'NONE', *, *, #1183, .F. ) ;
#761 = CARTESIAN_POINT ( 'NONE',  ( -35.20255523217979743, 12.48083609354849699, 32.48975361016913155 ) ) ;
#762 = CARTESIAN_POINT ( 'NONE',  ( -8.673617379884035472E-16, 4.977847845730808629, 30.78783391147796067 ) ) ;
#763 = CARTESIAN_POINT ( 'NONE',  ( 6.000000000000016875, 107.5602038903987676, 45.70079206443454467 ) ) ;
#764 = CARTESIAN_POINT ( 'NONE',  ( 6.000000000000000888, 118.8066582402849889, 41.42233265099577721 ) ) ;
#765 = LINE ( 'NONE', #1310, #636 ) ;
#766 = CARTESIAN_POINT ( 'NONE',  ( 7.000000000000000000, 199.0897272061520198, 31.68298522458125177 ) ) ;
#767 = DIRECTION ( 'NONE',  ( 0.000000000000000000, -1.408811541705554283E-16, 1.000000000000000000 ) ) ;
#768 = B_SPLINE_CURVE_WITH_KNOTS ( 'NONE', 3,
 ( #232, #1103, #565, #992, #462, #349, #591, #1369, #1320, #1024, #43, #485, #855, #1155, #58, #82, #823, #1164, #934, #172, #66, #838, #407, #1281, #1062, #414, #847, #1055, #201, #73, #1170, #530, #1296, #1039, #789, #692, #129, #1102, #573, #795, #685, #1346, #240, #678, #461, #142, #348, #135, #894, #1222, #1125, #580, #363, #370, #1016, #36, #150, #1025, #486, #469, #1362, #1213, #122, #998, #571, #579, #1227, #271, #63, #1051, #726, #79, #844, #1285, #192, #632, #930, #1376, #390, #1263 ),
 .UNSPECIFIED., .F., .F.,
 ( 4, 1, 1, 1, 1, 1, 1, 1, 1, 1, 1, 1, 1, 1, 1, 1, 1, 1, 1, 1, 1, 1, 1, 1, 1, 1, 1, 1, 1, 1, 1, 1, 1, 1, 1, 1, 1, 1, 1, 1, 1, 1, 1, 1, 1, 1, 1, 1, 1, 1, 1, 1, 1, 1, 1, 1, 1, 1, 1, 1, 1, 1, 1, 1, 1, 1, 1, 1, 1, 1, 1, 1, 1, 1, 1, 1, 1, 4 ),
 ( -0.006335763418599682159, 0.04713952595901726994, 0.1006148153366342168, 0.1540901047142511637, 0.2075653940918681106, 0.2343030387806765980, 0.2610406834694850575, 0.2877783281582935171, 0.3145159728471020322, 0.3412536175359105473, 0.3679912622247190068, 0.3947289069135274664, 0.4080977292579316962, 0.4214665516023359260, 0.4348353739467401557, 0.4482041962911443855, 0.4548886074633465282, 0.4615730186355486708, 0.4682574298077508135, 0.4749418409799528451, 0.4782840465660538887, 0.4816262521521549878, 0.4849684577382560313, 0.4883106633243570749, 0.4916528689104580629, 0.4933239717035086680, 0.4949950744965591620, 0.4958306258930844090, 0.4966661772896096561, 0.4975017286861349031, 0.4983372800826602611, 0.4991728314791855081, 0.5000083828757108106, 0.5004261585739734342, 0.5008439342722360577, 0.5012617099704986812, 0.5016794856687613047, 0.5020972613670240392, 0.5023061492161553510, 0.5025150370652866627, 0.5029328127635492862, 0.5033505884618119097, 0.5037683641600745332, 0.5041861398583371567, 0.5050216912548624038, 0.5066927940479128978, 0.5083638968409633918, 0.5100349996340138858, 0.5117061024270644909, 0.5125416538235898489, 0.5133772052201150959, 0.5142127566166403430, 0.5146305323149029665, 0.5150483080131655900, 0.5158838594096908370, 0.5163016351079534605, 0.5165105229570847722, 0.5167194108062160840, 0.5171371865044787075, 0.5175549622027413310, 0.5179727379010039545, 0.5183905135992665780, 0.5188082892975292015, 0.5192260649957918250, 0.5200616163923170721, 0.5217327191853676771, 0.5225682705818930351, 0.5234038219784182822, 0.5250749247714687762, 0.5267460275645192702, 0.5284171303575697642, 0.5300882331506202583, 0.5317593359436707523, 0.5351015415297718514, 0.5384437471158729505, 0.5411385239579660222, 0.5419740753544912693, 0.5428096267492704685 ),
 .UNSPECIFIED. ) ;
#769 = CARTESIAN_POINT ( 'NONE',  ( 7.000000000000000000, 132.3584713970657560, 37.30122939084757405 ) ) ;
#770 = CARTESIAN_POINT ( 'NONE',  ( -8.673617379884035472E-16, 1.440207314158033602, 30.04589478851163165 ) ) ;
#771 = CARTESIAN_POINT ( 'NONE',  ( -35.20255523217979743, 35.98083609354849699, 20.17637155285937567 ) ) ;
#772 = CARTESIAN_POINT ( 'NONE',  ( 0.000000000000000000, 34.43729347384611117, 44.16407876331136606 ) ) ;
#773 = VECTOR ( 'NONE', #1420, 1000.000000000000000 ) ;
#774 = FILL_AREA_STYLE ('',( #1301 ) ) ;
#775 = VECTOR ( 'NONE', #436, 1000.000000000000000 ) ;
#776 = DIRECTION ( 'NONE',  ( 1.000000000000000000, 0.000000000000000000, 0.000000000000000000 ) ) ;
#777 = CARTESIAN_POINT ( 'NONE',  ( 0.000000000000000000, 65.82730621774713597, 46.65713553914280709 ) ) ;
#778 = CARTESIAN_POINT ( 'NONE',  ( 7.000000000000000888, 39.68277688165156292, 37.26425256906450301 ) ) ;
#779 = CARTESIAN_POINT ( 'NONE',  ( 7.000000000000000000, 9.184606751080282905, 31.79191599455373662 ) ) ;
#780 = CARTESIAN_POINT ( 'NONE',  ( 6.000000000000016875, -0.3467560873071580119, 38.17509543350870871 ) ) ;
#781 = CARTESIAN_POINT ( 'NONE',  ( 6.000000000000000888, -2.211051339994434706, 37.55869174729115656 ) ) ;
#782 = DIRECTION ( 'NONE',  ( 0.000000000000000000, 1.415505911028644118E-14, 1.000000000000000000 ) ) ;
#783 = CARTESIAN_POINT ( 'NONE',  ( 0.000000000000000000, 39.68277688165156292, 37.26425256906450301 ) ) ;
#784 = CARTESIAN_POINT ( 'NONE',  ( -8.673617379884035472E-16, -5.221299293883270742, 31.30856750991522475 ) ) ;
#785 = CARTESIAN_POINT ( 'NONE',  ( 0.000000000000000000, -1.023133427996178790, 38.12976005284600944 ) ) ;
#786 = CARTESIAN_POINT ( 'NONE',  ( 6.000000000000000888, -2.756059878853764467, 36.62676096355476574 ) ) ;
#787 = CARTESIAN_POINT ( 'NONE',  ( 0.000000000000000000, 51.67542028639194029, 49.00509020648446779 ) ) ;
#788 = CARTESIAN_POINT ( 'NONE',  ( -35.20255523217979743, 9.294450235276054073, 31.81681296540682524 ) ) ;
#789 = CARTESIAN_POINT ( 'NONE',  ( 7.000000000000000000, -2.299125988864196835, 40.90554512110032448 ) ) ;
#790 = CARTESIAN_POINT ( 'NONE',  ( 6.000000000000016875, 7.165882161353812840, 39.63197671016316548 ) ) ;
#791 = CARTESIAN_POINT ( 'NONE',  ( 6.000000000000000888, 9.231410543447477579, 34.87808915355469708 ) ) ;
#792 = CARTESIAN_POINT ( 'NONE',  ( 0.000000000000000000, 159.3691082324260151, 42.68870407644187281 ) ) ;
#793 = LINE ( 'NONE', #29, #980 ) ;
#794 = VERTEX_POINT ( 'NONE', #526 ) ;
#795 = CARTESIAN_POINT ( 'NONE',  ( 7.000000000000000000, -4.099303641229094630, 39.90329491049718769 ) ) ;
#796 = CARTESIAN_POINT ( 'NONE',  ( 6.000000000000016875, -1.413994755556277516, 38.03772020561468992 ) ) ;
#797 = CARTESIAN_POINT ( 'NONE',  ( -8.673617379884035472E-16, 30.00784804239524206, 46.62793137793659781 ) ) ;
#798 = ADVANCED_FACE ( 'NONE', ( #97 ), #1127, .T. ) ;
#799 = CARTESIAN_POINT ( 'NONE',  ( 6.000000000000000888, -0.3467560873071580119, 38.17509543350870871 ) ) ;
#800 = CARTESIAN_POINT ( 'NONE',  ( 0.000000000000000000, 30.00784804239524206, 46.62793137793659781 ) ) ;
#801 = CARTESIAN_POINT ( 'NONE',  ( 0.000000000000000000, -1.413994755556277516, 38.03772020561468992 ) ) ;
#802 = AXIS2_PLACEMENT_3D ( 'NONE', #1080, #98, #1419 ) ;
#803 = CARTESIAN_POINT ( 'NONE',  ( 6.000000000000016875, 4.015211597059070492, 39.00408486290420029 ) ) ;
#804 = CARTESIAN_POINT ( 'NONE',  ( 7.000000000000000000, 105.6952786953121404, 48.85609050469867753 ) ) ;
#805 = CARTESIAN_POINT ( 'NONE',  ( 6.000000000000000888, -2.963786172571624355, 35.84835261618803059 ) ) ;
#806 = PRODUCT_RELATED_PRODUCT_CATEGORY ( 'part', '', ( #488 ) ) ;
#807 = DIRECTION ( 'NONE',  ( 0.000000000000000000, 0.000000000000000000, 1.000000000000000000 ) ) ;
#808 = CARTESIAN_POINT ( 'NONE',  ( 0.000000000000000000, -3.052439998467408433, 35.04261201723907249 ) ) ;
#809 = VERTEX_POINT ( 'NONE', #821 ) ;
#810 = CARTESIAN_POINT ( 'NONE',  ( 0.000000000000000000, -3.035863697853585563, 35.31447006202884609 ) ) ;
#811 = CARTESIAN_POINT ( 'NONE',  ( -8.673617379884035472E-16, 24.54883436390396056, 45.81686971965542199 ) ) ;
#812 = CARTESIAN_POINT ( 'NONE',  ( 6.000000000000000888, 115.8939563757322873, 45.05369988873982123 ) ) ;
#813 = CARTESIAN_POINT ( 'NONE',  ( 0.000000000000000000, -2.211051339994434706, 37.55869174729115656 ) ) ;
#814 = CARTESIAN_POINT ( 'NONE',  ( 6.000000000000016875, 27.51810294747369667, 38.49077749630112777 ) ) ;
#815 = ORIENTED_EDGE ( 'NONE', *, *, #1357, .T. ) ;
#816 = VECTOR ( 'NONE', #1423, 1000.000000000000000 ) ;
#817 = CARTESIAN_POINT ( 'NONE',  ( 0.000000000000000000, -2.655655823421757322, 36.88223346693070681 ) ) ;
#818 = CARTESIAN_POINT ( 'NONE',  ( 6.000000000000000888, 140.8709078414705118, 42.24868292419648697 ) ) ;
#819 = CARTESIAN_POINT ( 'NONE',  ( 0.000000000000000000, 6.116654249068225191, 39.44602782603987379 ) ) ;
#820 = CARTESIAN_POINT ( 'NONE',  ( 7.000000000000000888, 69.43965669975554533, 39.65085326244597042 ) ) ;
#821 = CARTESIAN_POINT ( 'NONE',  ( 0.000000000000000000, 9.294450235276054073, 31.81681296540682524 ) ) ;
#822 = VERTEX_POINT ( 'NONE', #1264 ) ;
#823 = CARTESIAN_POINT ( 'NONE',  ( 7.000000000000000000, 20.02954572892118179, 45.05003678396214184 ) ) ;
#824 = CARTESIAN_POINT ( 'NONE',  ( 6.000000000000016875, -2.162733208877757995, 32.32220045584868728 ) ) ;
#825 = CARTESIAN_POINT ( 'NONE',  ( 6.000000000000000888, 0.8738543474296230906, 38.22522509239463773 ) ) ;
#826 = CARTESIAN_POINT ( 'NONE',  ( 0.000000000000000000, 1.079525197265185588, 29.90016138598954853 ) ) ;
#827 = CARTESIAN_POINT ( 'NONE',  ( 0.000000000000000000, 0.1969437493854754584, 38.19052439093439943 ) ) ;
#828 = CARTESIAN_POINT ( 'NONE',  ( 0.000000000000000000, 99.21164636056302299, 42.65489515440965107 ) ) ;
#829 = ORIENTED_EDGE ( 'NONE', *, *, #306, .F. ) ;
#830 = CARTESIAN_POINT ( 'NONE',  ( 0.000000000000000000, -2.162733208877757995, 32.32220045584868728 ) ) ;
#831 = CARTESIAN_POINT ( 'NONE',  ( -8.673617379884035472E-16, -1.874163005747357058, 41.01803528961257683 ) ) ;
#832 = CARTESIAN_POINT ( 'NONE',  ( 6.000000000000000888, 44.90992780481049351, 45.32546804318322842 ) ) ;
#833 = CARTESIAN_POINT ( 'NONE',  ( 0.000000000000000000, 39.68277688165156292, 37.26425256906450301 ) ) ;
#834 = CARTESIAN_POINT ( 'NONE',  ( 0.000000000000000000, 14.59943176835909107, 35.99575191101558858 ) ) ;
#835 = CARTESIAN_POINT ( 'NONE',  ( 0.000000000000000000, 69.43965669975554533, 39.65085326244597042 ) ) ;
#836 = CARTESIAN_POINT ( 'NONE',  ( 0.000000000000000000, 116.6289733771746171, 41.58615839567028161 ) ) ;
#837 = ORIENTED_EDGE ( 'NONE', *, *, #1228, .T. ) ;
#838 = CARTESIAN_POINT ( 'NONE',  ( 7.000000000000000000, 6.983798063139631473, 42.65053014975095635 ) ) ;
#839 = VECTOR ( 'NONE', #938, 1000.000000000000000 ) ;
#840 = CARTESIAN_POINT ( 'NONE',  ( 0.000000000000000000, 1.198310562897471288, 33.13240289734453370 ) ) ;
#841 = CARTESIAN_POINT ( 'NONE',  ( 6.000000000000000888, 34.43729347384611117, 44.16407876331136606 ) ) ;
#842 = CARTESIAN_POINT ( 'NONE',  ( 0.000000000000000000, 8.964976357790709116, 31.74163537450678518 ) ) ;
#843 = CARTESIAN_POINT ( 'NONE',  ( 7.000000000000000888, 80.52265093222071357, 39.93669370054978174 ) ) ;
#844 = CARTESIAN_POINT ( 'NONE',  ( 7.000000000000000000, 3.979243350880418806, 30.58432687862134003 ) ) ;
#845 = CARTESIAN_POINT ( 'NONE',  ( 0.000000000000000000, 86.15750616067873580, 42.94059403257050889 ) ) ;
#846 = ORIENTED_EDGE ( 'NONE', *, *, #1395, .F. ) ;
#847 = CARTESIAN_POINT ( 'NONE',  ( 7.000000000000000000, 0.8429035838820858606, 41.27954235709213293 ) ) ;
#848 = CARTESIAN_POINT ( 'NONE',  ( 6.000000000000016875, 17.81725788270787092, 36.68244003222852001 ) ) ;
#849 = CARTESIAN_POINT ( 'NONE',  ( -8.673617379884035472E-16, -4.099303641229094630, 39.90329491049718769 ) ) ;
#850 = CARTESIAN_POINT ( 'NONE',  ( 6.000000000000000000, 199.0897272061520198, 31.68298522458125177 ) ) ;
#851 = CARTESIAN_POINT ( 'NONE',  ( 0.000000000000000000, 0.1663334794769787683, 32.78751141905293309 ) ) ;
#852 = CARTESIAN_POINT ( 'NONE',  ( 0.000000000000000000, 113.7776548161528751, 38.80193182863925472 ) ) ;
#853 = CARTESIAN_POINT ( 'NONE',  ( 0.000000000000000000, 136.4051620249825305, 39.92806000164802782 ) ) ;
#854 = CARTESIAN_POINT ( 'NONE',  ( 6.000000000000000000, 30.00276687579296819, 46.60705136438575380 ) ) ;
#855 = CARTESIAN_POINT ( 'NONE',  ( 7.000000000000000000, 42.64564384191827884, 48.12767099062932630 ) ) ;
#856 = CARTESIAN_POINT ( 'NONE',  ( 6.000000000000016875, 9.767582790781149882, 34.99287541126301448 ) ) ;
#857 = CARTESIAN_POINT ( 'NONE',  ( 0.000000000000000000, 190.7748954912443935, 34.86485386114823370 ) ) ;
#858 = FACE_OUTER_BOUND ( 'NONE', #978, .T. ) ;
#859 = CARTESIAN_POINT ( 'NONE',  ( 7.000000000000000888, 136.0666348804983272, 36.94674739450726975 ) ) ;
#860 = DIRECTION ( 'NONE',  ( -0.000000000000000000, 0.1304095129590761293, 0.9914602155052801846 ) ) ;
#861 = CARTESIAN_POINT ( 'NONE',  ( 0.000000000000000000, 12.48083609354849877, 32.48975361016913155 ) ) ;
#862 = CARTESIAN_POINT ( 'NONE',  ( -35.20255523217979743, 9.294450235276054073, 20.17637155285937567 ) ) ;
#863 = FACE_OUTER_BOUND ( 'NONE', #871, .T. ) ;
#864 = EDGE_CURVE ( 'NONE', #57, #186, #278, .T. ) ;
#865 = CARTESIAN_POINT ( 'NONE',  ( 7.000000000000000000, -5.615862110268947660, 37.58081771412093985 ) ) ;
#866 = CARTESIAN_POINT ( 'NONE',  ( 0.000000000000000000, 82.53161870309817516, 46.67094722049179722 ) ) ;
#867 = PRODUCT_CONTEXT ( 'NONE', #937, 'mechanical' ) ;
#868 = CARTESIAN_POINT ( 'NONE',  ( 0.000000000000000000, 34.01925827577677808, 39.52125283308586035 ) ) ;
#869 = DIRECTION ( 'NONE',  ( 0.000000000000000000, -0.000000000000000000, 1.000000000000000000 ) ) ;
#870 = DIRECTION ( 'NONE',  ( 0.000000000000000000, 0.9914602155052801846, -0.1304095129590761293 ) ) ;
#871 = EDGE_LOOP ( 'NONE', ( #1154, #760, #49, #515 ) ) ;
#872 = CARTESIAN_POINT ( 'NONE',  ( -8.673617379884035472E-16, 0.04278915863435870520, 29.49764430698670026 ) ) ;
#873 = CARTESIAN_POINT ( 'NONE',  ( 6.000000000000016875, 44.90992780481049351, 45.32546804318322842 ) ) ;
#874 = VECTOR ( 'NONE', #918, 1000.000000000000000 ) ;
#875 = CARTESIAN_POINT ( 'NONE',  ( 6.000000000000000888, 134.8335153498665591, 40.07690921905588510 ) ) ;
#876 = EDGE_LOOP ( 'NONE', ( #1385, #963, #535, #114 ) ) ;
#877 = CARTESIAN_POINT ( 'NONE',  ( 0.000000000000000000, 41.05954679718065847, 37.43740742883801431 ) ) ;
#878 = CARTESIAN_POINT ( 'NONE',  ( -8.673617379884035472E-16, -1.636612190105094733, 29.19415969466829708 ) ) ;
#879 = CARTESIAN_POINT ( 'NONE',  ( 6.000000000000016875, 190.7748954912443935, 34.86485386114823370 ) ) ;
#880 = CARTESIAN_POINT ( 'NONE',  ( 7.000000000000000000, 40.14169304286613027, 37.32279980310332945 ) ) ;
#881 = EDGE_CURVE ( 'NONE', #719, #822, #752, .T. ) ;
#882 = CARTESIAN_POINT ( 'NONE',  ( 0.000000000000000000, 82.53161870309817516, 46.67094722049179722 ) ) ;
#883 = ORIENTED_EDGE ( 'NONE', *, *, #969, .T. ) ;
#884 = CARTESIAN_POINT ( 'NONE',  ( 7.000000000000000000, -5.999519505787128004, 33.70822590936989371 ) ) ;
#885 = CARTESIAN_POINT ( 'NONE',  ( 6.000000000000016875, -1.901403336920491904, 37.81532593877205528 ) ) ;
#886 = CARTESIAN_POINT ( 'NONE',  ( 6.000000000000000888, 12.45260275079002987, 35.54652460039267226 ) ) ;
#887 = AXIS2_PLACEMENT_3D ( 'NONE', #1195, #119, #759 ) ;
#888 = EDGE_CURVE ( 'NONE', #194, #171, #1, .T. ) ;
#889 = CARTESIAN_POINT ( 'NONE',  ( 0.000000000000000000, -1.874163005747357058, 41.01803528961257683 ) ) ;
#890 = LINE ( 'NONE', #472, #1373 ) ;
#891 = DIRECTION ( 'NONE',  ( 1.000000000000000000, 0.000000000000000000, 0.000000000000000000 ) ) ;
#892 = ORIENTED_EDGE ( 'NONE', *, *, #187, .F. ) ;
#893 = CARTESIAN_POINT ( 'NONE',  ( 7.000000000000000000, 1.079525197265185588, 29.90016138598954853 ) ) ;
#894 = CARTESIAN_POINT ( 'NONE',  ( 7.000000000000000000, -6.071411779105638118, 34.61685991188772960 ) ) ;
#895 = CARTESIAN_POINT ( 'NONE',  ( 6.000000000000016875, 1.402557451041550385, 38.32582367538761758 ) ) ;
#896 = CARTESIAN_POINT ( 'NONE',  ( 6.000000000000000888, 22.11990734714472850, 37.53311037502191994 ) ) ;
#897 = CARTESIAN_POINT ( 'NONE',  ( 0.000000000000000000, -4.099303641229094630, 39.90329491049718769 ) ) ;
#898 = CARTESIAN_POINT ( 'NONE',  ( 0.000000000000000000, 190.7748954912443935, 34.86485386114823370 ) ) ;
#899 = CARTESIAN_POINT ( 'NONE',  ( -8.673617379884035472E-16, -0.6995746967717433318, 29.30019674060362789 ) ) ;
#900 = CARTESIAN_POINT ( 'NONE',  ( 6.000000000000016875, 12.41414389292728515, 40.63713481073645539 ) ) ;
#901 = CARTESIAN_POINT ( 'NONE',  ( 6.000000000000000888, -2.951883731983890424, 33.70446422215513849 ) ) ;
#902 = CARTESIAN_POINT ( 'NONE',  ( 0.000000000000000000, -5.864532730278066097, 32.97452499126725201 ) ) ;
#903 = LINE ( 'NONE', #467, #434 ) ;
#904 = ORIENTED_EDGE ( 'NONE', *, *, #969, .F. ) ;
#905 = CARTESIAN_POINT ( 'NONE',  ( 0.000000000000000000, -0.3467560873071580119, 38.17509543350870871 ) ) ;
#906 = CARTESIAN_POINT ( 'NONE',  ( 6.000000000000000888, 6.030523936677397501, 34.12060297208723370 ) ) ;
#907 = CARTESIAN_POINT ( 'NONE',  ( 0.000000000000000000, -1.364303576981520383, 32.22782649924861431 ) ) ;
#908 = EDGE_CURVE ( 'NONE', #613, #107, #1179, .T. ) ;
#909 = CARTESIAN_POINT ( 'NONE',  ( 0.000000000000000000, 4.541474874361657754, 39.11957472445448758 ) ) ;
#910 = CARTESIAN_POINT ( 'NONE',  ( 7.000000000000000000, 6.983798063139631473, 42.65053014975095635 ) ) ;
#911 = CARTESIAN_POINT ( 'NONE',  ( 6.000000000000000888, -0.9699683353410389897, 32.32627015642692214 ) ) ;
#912 = CARTESIAN_POINT ( 'NONE',  ( 0.000000000000000000, -5.999519505787128004, 33.70822590936989371 ) ) ;
#913 = CARTESIAN_POINT ( 'NONE',  ( 0.000000000000000000, -1.100439516812057317, 32.28660560277881331 ) ) ;
#914 = ORIENTED_EDGE ( 'NONE', *, *, #986, .F. ) ;
#915 = CARTESIAN_POINT ( 'NONE',  ( 6.000000000000016875, -3.052439998467408433, 35.04261201723907249 ) ) ;
#916 = CARTESIAN_POINT ( 'NONE',  ( -8.673617379884035472E-16, 62.56079299654682302, 49.61365369549719873 ) ) ;
#917 = CARTESIAN_POINT ( 'NONE',  ( 6.000000000000000888, 90.87855859861952013, 46.49248435475666952 ) ) ;
#918 = DIRECTION ( 'NONE',  ( 0.000000000000000000, -1.408811541705554283E-16, 1.000000000000000000 ) ) ;
#919 = EDGE_CURVE ( 'NONE', #1219, #107, #540, .T. ) ;
#920 = CARTESIAN_POINT ( 'NONE',  ( 0.000000000000000000, -2.061967140626721928, 37.69425858223642933 ) ) ;
#921 = CARTESIAN_POINT ( 'NONE',  ( 0.000000000000000000, 135.6194273301751707, 40.00324111498539992 ) ) ;
#922 = VERTEX_POINT ( 'NONE', #207 ) ;
#923 = CARTESIAN_POINT ( 'NONE',  ( 0.000000000000000000, 35.98083609354849699, 20.17637155285937567 ) ) ;
#924 = CARTESIAN_POINT ( 'NONE',  ( 0.000000000000000000, -2.456771960743778571, 37.23421698133032010 ) ) ;
#925 = CARTESIAN_POINT ( 'NONE',  ( 7.000000000000000000, 8.744613954739573813, 42.97975621753752762 ) ) ;
#926 = PLANE ( 'NONE',  #658 ) ;
#927 = CARTESIAN_POINT ( 'NONE',  ( 0.000000000000000000, -1.096546552733323798, 29.23025670905565221 ) ) ;
#928 = CARTESIAN_POINT ( 'NONE',  ( 0.000000000000000000, -2.114083119404336131, 37.65212782620123733 ) ) ;
#929 = CARTESIAN_POINT ( 'NONE',  ( 7.000000000000000888, 102.6578481316482225, 39.54689827585541906 ) ) ;
#930 = CARTESIAN_POINT ( 'NONE',  ( 7.000000000000000000, 8.388131077601977736, 31.60718689419314487 ) ) ;
#931 = VECTOR ( 'NONE', #891, 1000.000000000000000 ) ;
#932 = CARTESIAN_POINT ( 'NONE',  ( 6.000000000000016875, 40.52874336677092515, 40.40282210295535492 ) ) ;
#933 = ORIENTED_EDGE ( 'NONE', *, *, #755, .F. ) ;
#934 = CARTESIAN_POINT ( 'NONE',  ( 7.000000000000000000, 13.71523690856360567, 43.93879063317830003 ) ) ;
#935 = VECTOR ( 'NONE', #46, 1000.000000000000000 ) ;
#936 = CARTESIAN_POINT ( 'NONE',  ( 0.000000000000000000, -2.114083119404336131, 37.65212782620123733 ) ) ;
#937 = APPLICATION_CONTEXT ( 'automotive_design' ) ;
#938 = DIRECTION ( 'NONE',  ( 0.000000000000000000, 0.000000000000000000, -1.000000000000000000 ) ) ;
#939 = CARTESIAN_POINT ( 'NONE',  ( 0.000000000000000000, 6.183393154864762487, 31.06576845651384033 ) ) ;
#940 = CARTESIAN_POINT ( 'NONE',  ( 0.000000000000000000, 38.62714512131501721, 44.65698927650647931 ) ) ;
#941 = CARTESIAN_POINT ( 'NONE',  ( 0.000000000000000000, 51.38363549767369420, 41.53711844795868302 ) ) ;
#942 = VERTEX_POINT ( 'NONE', #193 ) ;
#943 = CARTESIAN_POINT ( 'NONE',  ( 0.000000000000000000, -1.770561626012169043, 32.20374788293499080 ) ) ;
#944 = CARTESIAN_POINT ( 'NONE',  ( 6.000000000000000888, 128.3864812221034128, 43.79508116490900704 ) ) ;
#945 = CARTESIAN_POINT ( 'NONE',  ( 0.000000000000000000, -2.188270613035799173, 29.22178964558599290 ) ) ;
#946 = CARTESIAN_POINT ( 'NONE',  ( 0.000000000000000000, 105.7419107607997262, 42.32596102276258421 ) ) ;
#947 = CARTESIAN_POINT ( 'NONE',  ( 6.000000000000016875, 110.0963773667527477, 42.05092101069669752 ) ) ;
#948 = ORIENTED_EDGE ( 'NONE', *, *, #690, .T. ) ;
#949 = CARTESIAN_POINT ( 'NONE',  ( 0.000000000000000000, 0.1663334794769787683, 32.78751141905293309 ) ) ;
#950 = CARTESIAN_POINT ( 'NONE',  ( 6.000000000000000888, 182.4591672843404524, 36.15245884737186799 ) ) ;
#951 = CARTESIAN_POINT ( 'NONE',  ( 0.000000000000000000, 3.979243350880418806, 30.58432687862134003 ) ) ;
#952 = CARTESIAN_POINT ( 'NONE',  ( -8.673617379884035472E-16, 202.0897272061521335, 36.10584174640952426 ) ) ;
#953 = CARTESIAN_POINT ( 'NONE',  ( 0.000000000000000000, 49.36262168109011839, 38.35825314659745544 ) ) ;
#954 = CARTESIAN_POINT ( 'NONE',  ( 6.000000000000016875, 112.2738403947977019, 41.90001831837493285 ) ) ;
#955 = ORIENTED_EDGE ( 'NONE', *, *, #592, .F. ) ;
#956 = VECTOR ( 'NONE', #1414, 1000.000000000000000 ) ;
#957 = CARTESIAN_POINT ( 'NONE',  ( 0.000000000000000000, 14.59943176835909107, 35.99575191101558858 ) ) ;
#958 = CARTESIAN_POINT ( 'NONE',  ( 7.000000000000000000, -5.871250955343244371, 36.68677497220446071 ) ) ;
#959 = CARTESIAN_POINT ( 'NONE',  ( 0.000000000000000000, 115.8939563757322873, 45.05369988873982123 ) ) ;
#960 = CARTESIAN_POINT ( 'NONE',  ( 0.000000000000000000, 10.84111622297416844, 35.21685705701558788 ) ) ;
#961 = CARTESIAN_POINT ( 'NONE',  ( 7.000000000000000888, 49.36262168109011839, 38.35825314659745544 ) ) ;
#962 = CARTESIAN_POINT ( 'NONE',  ( 0.000000000000000000, 199.0897272061520198, 31.68298522458125177 ) ) ;
#963 = ORIENTED_EDGE ( 'NONE', *, *, #986, .T. ) ;
#964 = CARTESIAN_POINT ( 'NONE',  ( 0.000000000000000000, 9.767582790781149882, 34.99287541126301448 ) ) ;
#965 = CARTESIAN_POINT ( 'NONE',  ( 7.000000000000000000, -1.295129027702632829, 41.11712360988800441 ) ) ;
#966 = LINE ( 'NONE', #850, #1255 ) ;
#967 = CARTESIAN_POINT ( 'NONE',  ( 0.000000000000000000, 110.0963773667527477, 42.05092101069669752 ) ) ;
#968 =( NAMED_UNIT ( * ) PLANE_ANGLE_UNIT ( ) SI_UNIT ( $, .RADIAN. ) );
#969 = EDGE_CURVE ( 'NONE', #171, #822, #89, .T. ) ;
#970 = PLANE ( 'NONE',  #313 ) ;
#971 = ORIENTED_EDGE ( 'NONE', *, *, #1238, .T. ) ;
#972 = CARTESIAN_POINT ( 'NONE',  ( 0.000000000000000000, 124.9404520065762227, 37.94492262177276132 ) ) ;
#973 = CARTESIAN_POINT ( 'NONE',  ( -8.673617379884035472E-16, 0.05927421264489435987, 41.18852962897791059 ) ) ;
#974 = CARTESIAN_POINT ( 'NONE',  ( 0.000000000000000000, 90.87855859861952013, 46.49248435475666952 ) ) ;
#975 = CARTESIAN_POINT ( 'NONE',  ( 0.000000000000000000, 2.545841083749560418, 33.38383798764628807 ) ) ;
#976 = DIRECTION ( 'NONE',  ( 0.000000000000000000, -0.9914602155052801846, 0.1304095129590761293 ) ) ;
#977 = DIRECTION ( 'NONE',  ( 1.000000000000000000, 0.000000000000000000, 0.000000000000000000 ) ) ;
#978 = EDGE_LOOP ( 'NONE', ( #459, #1046, #1240, #743 ) ) ;
#979 = PRODUCT_DEFINITION ( 'UNKNOWN', '', #371, #750 ) ;
#980 = VECTOR ( 'NONE', #251, 1000.000000000000000 ) ;
#981 = CARTESIAN_POINT ( 'NONE',  ( 7.000000000000000000, -5.864532730278066097, 32.97452499126725201 ) ) ;
#982 = CARTESIAN_POINT ( 'NONE',  ( 6.000000000000016875, 78.35696071658088613, 46.71796037283152003 ) ) ;
#983 = CARTESIAN_POINT ( 'NONE',  ( 6.000000000000000888, 90.50778573398788751, 42.90947056260161929 ) ) ;
#984 = DIRECTION ( 'NONE',  ( 0.000000000000000000, -1.415505911028644118E-14, -1.000000000000000000 ) ) ;
#985 = CARTESIAN_POINT ( 'NONE',  ( 0.000000000000000000, 132.3584713970657560, 37.30122939084757405 ) ) ;
#986 = EDGE_CURVE ( 'NONE', #691, #1219, #421, .T. ) ;
#987 = CARTESIAN_POINT ( 'NONE',  ( -8.673617379884035472E-16, -2.188270613035799173, 29.22178964558599290 ) ) ;
#988 = CARTESIAN_POINT ( 'NONE',  ( 0.000000000000000000, 47.00363409386130087, 45.52858577640502347 ) ) ;
#989 =( LENGTH_UNIT ( ) NAMED_UNIT ( * ) SI_UNIT ( .MILLI., .METRE. ) );
#990 = DIRECTION ( 'NONE',  ( 0.000000000000000000, -0.000000000000000000, -1.000000000000000000 ) ) ;
#991 = CARTESIAN_POINT ( 'NONE',  ( -8.673617379884035472E-16, -4.389276960964076046, 30.21462083197488013 ) ) ;
#992 = CARTESIAN_POINT ( 'NONE',  ( 7.000000000000000000, 159.3691082324260151, 42.68870407644187281 ) ) ;
#993 = CARTESIAN_POINT ( 'NONE',  ( 6.000000000000016875, 19.75928672020315346, 41.95823093518891511 ) ) ;
#994 = CARTESIAN_POINT ( 'NONE',  ( 6.000000000000000000, 136.4051620249825305, 39.92806000164802782 ) ) ;
#995 = CARTESIAN_POINT ( 'NONE',  ( 7.000000000000000888, 12.48083609354849877, 32.48975361016913155 ) ) ;
#996 = CARTESIAN_POINT ( 'NONE',  ( -35.20255523217979743, 39.68277694100778064, 20.17637155285937567 ) ) ;
#997 = CARTESIAN_POINT ( 'NONE',  ( 7.000000000000000000, 7.477229373883561792, 31.38610606488888877 ) ) ;
#998 = CARTESIAN_POINT ( 'NONE',  ( 7.000000000000000000, -0.3664323118713419536, 29.37759921316741085 ) ) ;
#999 = CARTESIAN_POINT ( 'NONE',  ( 0.000000000000000000, -0.2111311559914290925, 38.18065659465710837 ) ) ;
#1000 = CARTESIAN_POINT ( 'NONE',  ( 7.000000000000000000, 102.6578481316482225, 39.54689827585541906 ) ) ;
#1001 = CARTESIAN_POINT ( 'NONE',  ( 6.000000000000000888, -3.033555832678165309, 34.23696973741184735 ) ) ;
#1002 = VECTOR ( 'NONE', #303, 1000.000000000000000 ) ;
#1003 = CARTESIAN_POINT ( 'NONE',  ( 0.000000000000000000, 16.43371446573924288, 44.42198794158660746 ) ) ;
#1004 = CARTESIAN_POINT ( 'NONE',  ( 0.000000000000000000, 182.4591672843404524, 36.15245884737186799 ) ) ;
#1005 = CARTESIAN_POINT ( 'NONE',  ( 7.000000000000000000, 3.189748159573845498, 30.44766863736499829 ) ) ;
#1006 = CARTESIAN_POINT ( 'NONE',  ( 6.000000000000016875, 28.14949182795604443, 43.31724557751685722 ) ) ;
#1007 = CARTESIAN_POINT ( 'NONE',  ( 6.000000000000000888, -3.035863697853585563, 35.31447006202884609 ) ) ;
#1008 = CARTESIAN_POINT ( 'NONE',  ( 0.000000000000000000, -1.295129027702632829, 41.11712360988800441 ) ) ;
#1009 = CARTESIAN_POINT ( 'NONE',  ( 6.000000000000000000, 136.4051620249825305, 39.92806000164802782 ) ) ;
#1010 = EDGE_CURVE ( 'NONE', #794, #378, #304, .T. ) ;
#1011 = CARTESIAN_POINT ( 'NONE',  ( 6.000000000000016875, 0.1969437493854754584, 38.19052439093439943 ) ) ;
#1012 = CARTESIAN_POINT ( 'NONE',  ( 6.000000000000000888, -2.746121138404474138, 33.05960825482424781 ) ) ;
#1013 = CARTESIAN_POINT ( 'NONE',  ( 0.000000000000000000, 180.7257739545706272, 39.47194446994408423 ) ) ;
#1014 = CARTESIAN_POINT ( 'NONE',  ( 0.000000000000000000, 132.5486721650281936, 43.30503773196158335 ) ) ;
#1015 = LINE ( 'NONE', #923, #127 ) ;
#1016 = CARTESIAN_POINT ( 'NONE',  ( 7.000000000000000000, -4.896032891998263636, 30.80298897163152105 ) ) ;
#1017 = CARTESIAN_POINT ( 'NONE',  ( 0.000000000000000000, 0.1969437493854754584, 38.19052439093439943 ) ) ;
#1018 = CARTESIAN_POINT ( 'NONE',  ( -8.673617379884035472E-16, 73.37176221790892328, 49.74856308425114548 ) ) ;
#1019 = CARTESIAN_POINT ( 'NONE',  ( 6.000000000000000888, -2.890028804129094908, 33.43730159756663767 ) ) ;
#1020 = VECTOR ( 'NONE', #767, 1000.000000000000000 ) ;
#1021 = CARTESIAN_POINT ( 'NONE',  ( 0.000000000000000000, -5.305701172550826961, 38.28470654803033568 ) ) ;
#1022 = CARTESIAN_POINT ( 'NONE',  ( 0.000000000000000000, 2.187486313292515749, 38.52286965144287478 ) ) ;
#1023 = EDGE_LOOP ( 'NONE', ( #892, #180, #1147, #1403 ) ) ;
#1024 = CARTESIAN_POINT ( 'NONE',  ( 7.000000000000000000, 73.37176221790892328, 49.74856308425114548 ) ) ;
#1025 = CARTESIAN_POINT ( 'NONE',  ( 7.000000000000000000, -3.304844687053915653, 29.54538260915341041 ) ) ;
#1026 = CARTESIAN_POINT ( 'NONE',  ( 0.000000000000000000, -2.061967140626721928, 37.69425858223642933 ) ) ;
#1027 = CARTESIAN_POINT ( 'NONE',  ( -8.673617379884035472E-16, 10.98862762563185314, 43.41945211413631966 ) ) ;
#1028 = CARTESIAN_POINT ( 'NONE',  ( 6.000000000000000888, 0.1969437493854754584, 38.19052439093439943 ) ) ;
#1029 = CARTESIAN_POINT ( 'NONE',  ( 0.000000000000000000, 94.90822586165225516, 49.38909700744493847 ) ) ;
#1030 = CARTESIAN_POINT ( 'NONE',  ( 0.000000000000000000, -0.2111311559914290925, 38.18065659465710837 ) ) ;
#1031 = CARTESIAN_POINT ( 'NONE',  ( 0.000000000000000000, 112.2738403947977019, 41.90001831837493285 ) ) ;
#1032 = VERTEX_POINT ( 'NONE', #861 ) ;
#1033 = CARTESIAN_POINT ( 'NONE',  ( 0.000000000000000000, -2.746121138404474138, 33.05960825482424781 ) ) ;
#1034 = CARTESIAN_POINT ( 'NONE',  ( 7.000000000000000000, 84.14073549601545210, 49.66296887905257762 ) ) ;
#1035 = CARTESIAN_POINT ( 'NONE',  ( 6.000000000000000000, 199.0897272061521335, 33.54539103327172000 ) ) ;
#1036 = CARTESIAN_POINT ( 'NONE',  ( 0.000000000000000000, 15.56256568664753814, 41.22120913586391566 ) ) ;
#1037 = CARTESIAN_POINT ( 'NONE',  ( 0.000000000000000000, 136.4051620249825305, 39.92806000164802782 ) ) ;
#1038 = EDGE_LOOP ( 'NONE', ( #1345, #948, #1133 ) ) ;
#1039 = CARTESIAN_POINT ( 'NONE',  ( 7.000000000000000000, -1.874163005747357058, 41.01803528961257683 ) ) ;
#1040 = CARTESIAN_POINT ( 'NONE',  ( 0.000000000000000000, -3.052281635483448330, 34.50469133545592371 ) ) ;
#1041 = CARTESIAN_POINT ( 'NONE',  ( -8.673617379884035472E-16, 16.43371446573924288, 44.42198794158660746 ) ) ;
#1042 = CARTESIAN_POINT ( 'NONE',  ( 6.000000000000000888, 132.5486721650281936, 43.30503773196158335 ) ) ;
#1043 = CARTESIAN_POINT ( 'NONE',  ( 0.000000000000000000, -3.052281635483448330, 34.50469133545592371 ) ) ;
#1044 = CARTESIAN_POINT ( 'NONE',  ( 0.000000000000000000, 102.6578481316482225, 39.54689827585541906 ) ) ;
#1045 = CARTESIAN_POINT ( 'NONE',  ( 0.000000000000000000, 38.35860636928598666, 40.12694521329083841 ) ) ;
#1046 = ORIENTED_EDGE ( 'NONE', *, *, #1314, .T. ) ;
#1047 = CARTESIAN_POINT ( 'NONE',  ( 6.000000000000016875, -3.035863697853585563, 35.31447006202884609 ) ) ;
#1048 = DIRECTION ( 'NONE',  ( 0.000000000000000000, -1.000000000000000000, 5.961230465694261130E-14 ) ) ;
#1049 = LINE ( 'NONE', #403, #935 ) ;
#1050 = CARTESIAN_POINT ( 'NONE',  ( 0.000000000000000000, -1.770561626012169043, 32.20374788293499080 ) ) ;
#1051 = CARTESIAN_POINT ( 'NONE',  ( 7.000000000000000000, 2.032724725345800287, 30.23447594548850148 ) ) ;
#1052 = CARTESIAN_POINT ( 'NONE',  ( 6.000000000000016875, 22.11990734714472850, 37.53311037502191994 ) ) ;
#1053 = EDGE_LOOP ( 'NONE', ( #216, #684, #1354, #1163 ) ) ;
#1054 = EDGE_CURVE ( 'NONE', #809, #794, #647, .T. ) ;
#1055 = CARTESIAN_POINT ( 'NONE',  ( 7.000000000000000000, 0.4812530486891582471, 41.21907481971641118 ) ) ;
#1056 = CARTESIAN_POINT ( 'NONE',  ( 0.000000000000000000, -2.951883731983890424, 33.70446422215513849 ) ) ;
#1057 = CARTESIAN_POINT ( 'NONE',  ( -8.673617379884035472E-16, -3.646386578960737701, 40.25625002730345869 ) ) ;
#1058 = CARTESIAN_POINT ( 'NONE',  ( 6.000000000000000888, 1.402557451041550385, 38.32582367538761758 ) ) ;
#1059 = CARTESIAN_POINT ( 'NONE',  ( 0.000000000000000000, -0.3259233334848535280, 32.54461966081078117 ) ) ;
#1060 = CARTESIAN_POINT ( 'NONE',  ( 6.000000000000016875, 99.21164636056302299, 42.65489515440965107 ) ) ;
#1061 = VERTEX_POINT ( 'NONE', #1249 ) ;
#1062 = CARTESIAN_POINT ( 'NONE',  ( 7.000000000000000000, 2.746671659584214442, 41.79299116710734552 ) ) ;
#1063 = CARTESIAN_POINT ( 'NONE',  ( 0.000000000000000000, 4.967108813971025327, 33.85060602638663596 ) ) ;
#1064 = APPLICATION_CONTEXT ( 'automotive_design' ) ;
#1065 = CARTESIAN_POINT ( 'NONE',  ( -8.673617379884035472E-16, -5.615862110268947660, 37.58081771412093985 ) ) ;
#1066 = CARTESIAN_POINT ( 'NONE',  ( 6.000000000000016875, 199.0897272061521335, 33.54539103327172000 ) ) ;
#1067 = CARTESIAN_POINT ( 'NONE',  ( 0.000000000000000000, 7.628473560431475065, 34.51006684497325239 ) ) ;
#1068 = UNCERTAINTY_MEASURE_WITH_UNIT (LENGTH_MEASURE( 1.000000000000000082E-05 ), #989, 'distance_accuracy_value', 'NONE');
#1069 = EDGE_LOOP ( 'NONE', ( #971, #557, #355, #829 ) ) ;
#1070 = CARTESIAN_POINT ( 'NONE',  ( 6.000000000000016875, 9.231410543447477579, 34.87808915355469708 ) ) ;
#1071 = ADVANCED_FACE ( 'NONE', ( #149 ), #341, .T. ) ;
#1072 = CARTESIAN_POINT ( 'NONE',  ( 6.000000000000016875, 38.62714512131501721, 44.65698927650647931 ) ) ;
#1073 = CARTESIAN_POINT ( 'NONE',  ( 0.000000000000000000, 31.84908499943384896, 39.19087642196929266 ) ) ;
#1074 = PLANE ( 'NONE',  #502 ) ;
#1075 = DIRECTION ( 'NONE',  ( 0.000000000000000000, -0.9914602155052801846, 0.1304095129590761015 ) ) ;
#1076 = PLANE ( 'NONE',  #589 ) ;
#1077 = CARTESIAN_POINT ( 'NONE',  ( 7.000000000000000000, 136.0666348804983272, 36.94674739450726975 ) ) ;
#1078 = CARTESIAN_POINT ( 'NONE',  ( 7.000000000000000000, -5.305701172550826961, 38.28470654803033568 ) ) ;
#1079 = CARTESIAN_POINT ( 'NONE',  ( 6.000000000000016875, 95.05079797641468531, 46.35952324748114961 ) ) ;
#1080 = CARTESIAN_POINT ( 'NONE',  ( 0.000000000000000000, 0.000000000000000000, 0.000000000000000000 ) ) ;
#1081 = CARTESIAN_POINT ( 'NONE',  ( 0.000000000000000000, 11.37841963073455709, 35.32599567218873915 ) ) ;
#1082 = CARTESIAN_POINT ( 'NONE',  ( 6.999999999999999112, 9.294450234587435133, 31.81681296525074032 ) ) ;
#1083 = PLANE ( 'NONE',  #887 ) ;
#1084 = DIRECTION ( 'NONE',  ( 0.000000000000000000, 0.000000000000000000, -1.000000000000000000 ) ) ;
#1085 = FACE_OUTER_BOUND ( 'NONE', #1069, .T. ) ;
#1086 = CARTESIAN_POINT ( 'NONE',  ( 7.000000000000000000, 2.555439880443877154, 30.34452197134709195 ) ) ;
#1087 = CARTESIAN_POINT ( 'NONE',  ( 0.000000000000000000, 199.0897272061521335, 33.54539103327172000 ) ) ;
#1088 = CARTESIAN_POINT ( 'NONE',  ( 0.000000000000000000, 129.6965513510872086, 40.54938272830612078 ) ) ;
#1089 = CARTESIAN_POINT ( 'NONE',  ( 6.000000000000000888, 112.2738403947977019, 41.90001831837493285 ) ) ;
#1090 = VERTEX_POINT ( 'NONE', #699 ) ;
#1091 = CARTESIAN_POINT ( 'NONE',  ( -8.673617379884035472E-16, -5.491006233794235136, 31.82593266871046467 ) ) ;
#1092 = CARTESIAN_POINT ( 'NONE',  ( 0.000000000000000000, 95.05079797641468531, 46.35952324748114961 ) ) ;
#1093 = CARTESIAN_POINT ( 'NONE',  ( 6.000000000000000888, 60.07232568664231565, 42.16630034424759543 ) ) ;
#1094 = CARTESIAN_POINT ( 'NONE',  ( 0.000000000000000000, 103.3916161488528331, 45.96351813323961721 ) ) ;
#1095 = CARTESIAN_POINT ( 'NONE',  ( 7.000000000000000000, 35.98083609354849699, 33.54405169795538200 ) ) ;
#1096 = ORIENTED_EDGE ( 'NONE', *, *, #306, .T. ) ;
#1097 = CARTESIAN_POINT ( 'NONE',  ( -8.673617379884035472E-16, 2.555439880443877154, 30.34452197134709195 ) ) ;
#1098 = CARTESIAN_POINT ( 'NONE',  ( 0.000000000000000000, 2.187486313292515749, 38.52286965144287478 ) ) ;
#1099 = CARTESIAN_POINT ( 'NONE',  ( 6.000000000000000888, 40.52874336677092515, 40.40282210295535492 ) ) ;
#1100 = CARTESIAN_POINT ( 'NONE',  ( 0.000000000000000000, 53.28290484409785677, 46.07226408292206088 ) ) ;
#1101 = CARTESIAN_POINT ( 'NONE',  ( -8.673617379884035472E-16, -1.096546552733323798, 29.23025670905565221 ) ) ;
#1102 = CARTESIAN_POINT ( 'NONE',  ( 7.000000000000000000, -3.646386578960737701, 40.25625002730345869 ) ) ;
#1103 = CARTESIAN_POINT ( 'NONE',  ( 7.000000000000000000, 194.9719139463879003, 37.23823296909011304 ) ) ;
#1104 = CARTESIAN_POINT ( 'NONE',  ( 6.000000000000016875, 2.969432009424953112, 38.73685766013636567 ) ) ;
#1105 = CARTESIAN_POINT ( 'NONE',  ( 6.000000000000000888, 7.628473560431475065, 34.51006684497325239 ) ) ;
#1106 = CARTESIAN_POINT ( 'NONE',  ( 0.000000000000000000, 5.616535259945114156, 42.39913828042006116 ) ) ;
#1107 = CARTESIAN_POINT ( 'NONE',  ( 7.000000000000000000, 136.0666348804983272, 36.94674739450726975 ) ) ;
#1108 = CARTESIAN_POINT ( 'NONE',  ( -8.673617379884035472E-16, 0.5824080007677897575, 29.69055635213166866 ) ) ;
#1109 = CARTESIAN_POINT ( 'NONE',  ( 6.000000000000016875, 25.00391223934092366, 42.83417217662283605 ) ) ;
#1110 = VECTOR ( 'NONE', #1197, 1000.000000000000000 ) ;
#1111 = EDGE_CURVE ( 'NONE', #613, #654, #768, .T. ) ;
#1112 = CARTESIAN_POINT ( 'NONE',  ( 6.000000000000000888, 14.59943176835909107, 35.99575191101558858 ) ) ;
#1113 = CARTESIAN_POINT ( 'NONE',  ( 0.000000000000000000, 10.98862762563185314, 43.41945211413631966 ) ) ;
#1114 = DIRECTION ( 'NONE',  ( 1.000000000000000000, 0.000000000000000000, 0.000000000000000000 ) ) ;
#1115 = CARTESIAN_POINT ( 'NONE',  ( 0.000000000000000000, 12.41414389292728515, 40.63713481073645539 ) ) ;
#1116 = CARTESIAN_POINT ( 'NONE',  ( 6.000000000000000888, -2.162733208877757995, 32.32220045584868728 ) ) ;
#1117 = LINE ( 'NONE', #134, #1400 ) ;
#1118 = CARTESIAN_POINT ( 'NONE',  ( 0.000000000000000000, 4.015211597059070492, 39.00408486290420029 ) ) ;
#1119 = CARTESIAN_POINT ( 'NONE',  ( 7.000000000000000000, 5.616535259945114156, 42.39913828042006116 ) ) ;
#1120 = CARTESIAN_POINT ( 'NONE',  ( 6.000000000000000888, 17.81725788270787092, 36.68244003222852001 ) ) ;
#1121 = CARTESIAN_POINT ( 'NONE',  ( 0.000000000000000000, -4.884695842921570552, 39.00297129952845410 ) ) ;
#1122 = CARTESIAN_POINT ( 'NONE',  ( 0.000000000000000000, 7.165882161353812840, 39.63197671016316548 ) ) ;
#1123 = ORIENTED_EDGE ( 'NONE', *, *, #1171, .T. ) ;
#1124 = ADVANCED_FACE ( 'NONE', ( #100 ), #970, .T. ) ;
#1125 = CARTESIAN_POINT ( 'NONE',  ( 7.000000000000000000, -5.864532730278066097, 32.97452499126725201 ) ) ;
#1126 = CARTESIAN_POINT ( 'NONE',  ( 6.000000000000016875, -2.963786172571624355, 35.84835261618803059 ) ) ;
#1127 = B_SPLINE_SURFACE_WITH_KNOTS ( 'NONE', 3, 1, ( 
 ( #1066, #1087 ),
 ( #1315, #425 ),
 ( #879, #857 ),
 ( #104, #747 ),
 ( #211, #109 ),
 ( #1191, #643 ),
 ( #1298, #1418 ),
 ( #537, #219 ),
 ( #756, #656 ),
 ( #325, #1185 ),
 ( #543, #309 ),
 ( #650, #204 ),
 ( #85, #959 ),
 ( #763, #431 ),
 ( #300, #1290 ),
 ( #1079, #1092 ),
 ( #318, #974 ),
 ( #6, #866 ),
 ( #982, #417 ),
 ( #1406, #738 ),
 ( #445, #1307 ),
 ( #1426, #551 ),
 ( #1174, #1199 ),
 ( #439, #988 ),
 ( #873, #635 ),
 ( #196, #1321 ),
 ( #1072, #331 ),
 ( #532, #772 ),
 ( #1207, #93 ),
 ( #226, #342 ),
 ( #1006, #25 ),
 ( #1234, #673 ),
 ( #1109, #117 ),
 ( #253, #1336 ),
 ( #993, #470 ),
 ( #1241, #661 ),
 ( #123, #686 ),
 ( #668, #30 ),
 ( #900, #1115 ),
 ( #479, #463 ),
 ( #357, #1341 ),
 ( #790, #130 ),
 ( #679, #1214 ),
 ( #574, #909 ),
 ( #803, #1118 ),
 ( #1223, #19 ),
 ( #1104, #1229 ),
 ( #247, #143 ),
 ( #233, #1098 ),
 ( #895, #136 ),
 ( #581, #585 ),
 ( #1011, #1017 ),
 ( #1348, #350 ),
 ( #474, #999 ),
 ( #780, #905 ),
 ( #364, #11 ),
 ( #241, #785 ),
 ( #796, #37 ),
 ( #1355, #372 ),
 ( #559, #454 ),
 ( #885, #1328 ),
 ( #566, #1026 ),
 ( #274, #936 ),
 ( #59, #165 ),
 ( #1380, #173 ),
 ( #1363, #1394 ),
 ( #614, #924 ),
 ( #620, #817 ),
 ( #158, #151 ),
 ( #280, #1148 ),
 ( #1126, #400 ),
 ( #1047, #810 ),
 ( #915, #379 ),
 ( #607, #1040 ),
 ( #503, #1258 ),
 ( #75, #1056 ),
 ( #181, #286 ),
 ( #408, #1033 ),
 ( #1156, #720 ),
 ( #487, #1250 ),
 ( #707, #393 ),
 ( #1141, #496 ),
 ( #824, #830 ),
 ( #265, #1275 ),
 ( #1370, #943 ),
 ( #600, #701 ),
 ( #44, #67 ),
 ( #594, #516 ),
 ( #1135, #1266 ),
 ( #510, #50 ),
 ( #385, #949 ),
 ( #715, #840 ),
 ( #1386, #258 ),
 ( #693, #1288 ),
 ( #531, #1182 ),
 ( #736, #83 ),
 ( #307, #1063 ),
 ( #729, #298 ),
 ( #744, #1282 ),
 ( #91, #195 ),
 ( #1070, #423 ),
 ( #856, #964 ),
 ( #292, #1172 ),
 ( #1165, #1297 ),
 ( #634, #188 ),
 ( #1409, #627 ),
 ( #523, #957 ),
 ( #1404, #415 ),
 ( #848, #1377 ),
 ( #80, #170 ),
 ( #391, #521 ),
 ( #1052, #405 ),
 ( #508, #618 ),
 ( #814, #1256 ),
 ( #48, #612 ),
 ( #1153, #713 ),
 ( #624, #1045 ),
 ( #932, #71 ),
 ( #64, #383 ),
 ( #185, #941 ),
 ( #727, #1384 ),
 ( #296, #1146 ),
 ( #398, #290 ),
 ( #272, #494 ),
 ( #1367, #845 ),
 ( #179, #705 ),
 ( #1132, #1139 ),
 ( #1060, #828 ),
 ( #1391, #514 ),
 ( #1273, #284 ),
 ( #947, #163 ),
 ( #954, #1031 ),
 ( #1402, #836 ),
 ( #500, #1279 ),
 ( #718, #56 ),
 ( #412, #1162 ),
 ( #156, #1286 ),
 ( #605, #921 ),
 ( #598, #1037 ) ),
 .UNSPECIFIED., .F., .F., .F.,
 ( 4, 2, 2, 2, 2, 2, 2, 2, 2, 2, 2, 2, 2, 2, 2, 2, 2, 2, 2, 2, 2, 2, 2, 2, 2, 2, 2, 2, 2, 2, 2, 2, 2, 2, 2, 2, 2, 2, 2, 2, 2, 2, 2, 2, 2, 2, 2, 1, 2, 2, 2, 2, 2, 2, 2, 2, 2, 2, 2, 2, 2, 2, 2, 2, 2, 2, 2, 2, 2, 4 ),
 ( 2, 2 ),
 ( 0.000000000000000000, 0.03124999999999870937, 0.06249999999999741873, 0.1249999999999946293, 0.1562499999999932554, 0.1874999999999918399, 0.2187499999999904521, 0.2499999999999890365, 0.2812499999999876765, 0.3124999999999862887, 0.3437499999999848455, 0.3749999999999834022, 0.3906249999999826250, 0.4062499999999819034, 0.4218749999999811262, 0.4296874999999807376, 0.4374999999999804046, 0.4531249999999796274, 0.4609374999999792388, 0.4687499999999788503, 0.4765624999999784617, 0.4843749999999781286, 0.4882812499999779066, 0.4902343749999777955, 0.4921874999999777400, 0.4960937499999775180, 0.4970703124999774625, 0.4980468749999774070, 0.4999999999999773515, 0.5009765624999773515, 0.5019531249999772404, 0.5024414062499772404, 0.5029296874999772404, 0.5039062499999772404, 0.5058593749999772404, 0.5078124999999772404, 0.5097656249999772404, 0.5117187499999773515, 0.5136718749999773515, 0.5146484374999774625, 0.5156249999999774625, 0.5166015624999775735, 0.5175781249999775735, 0.5185546874999776845, 0.5195312499999777955, 0.5234374999999779066, 0.5273437499999781286, 0.5292968749999782396, 0.5312499999999783507, 0.5390624999999786837, 0.5429687499999789058, 0.5468749999999791278, 0.5507812499999792388, 0.5546874999999794609, 0.5624999999999797939, 0.5703124999999801270, 0.5781249999999804601, 0.5937499999999811262, 0.6093749999999817923, 0.6249999999999824585, 0.6562499999999839018, 0.6874999999999852340, 0.7187499999999866773, 0.7499999999999880096, 0.7656249999999886757, 0.7812499999999893419, 0.7968749999999901190, 0.8124999999999907851, 0.8437499999999923395, 0.8493959144589365851 ),
 ( 0.000000000000000000, 1.000000000000000000 ),
 .UNSPECIFIED. ) ;
#1128 = CARTESIAN_POINT ( 'NONE',  ( -8.673617379884035472E-16, 0.8429035838820858606, 41.27954235709213293 ) ) ;
#1129 = CARTESIAN_POINT ( 'NONE',  ( 6.000000000000000888, 4.967108813971025327, 33.85060602638663596 ) ) ;
#1130 = CARTESIAN_POINT ( 'NONE',  ( 0.000000000000000000, -5.491006233794235136, 31.82593266871046467 ) ) ;
#1131 = CARTESIAN_POINT ( 'NONE',  ( 0.000000000000000000, 28.14949182795604443, 43.31724557751685722 ) ) ;
#1132 = CARTESIAN_POINT ( 'NONE',  ( 6.000000000000016875, 97.03540232752870054, 42.73478501422152931 ) ) ;
#1133 = ORIENTED_EDGE ( 'NONE', *, *, #755, .T. ) ;
#1134 = ADVANCED_BREP_SHAPE_REPRESENTATION ( 'right', ( #653, #802 ), #252 ) ;
#1135 = CARTESIAN_POINT ( 'NONE',  ( 6.000000000000016875, -0.9699683353410389897, 32.32627015642692214 ) ) ;
#1136 = CARTESIAN_POINT ( 'NONE',  ( 6.000000000000000000, 199.0897272061521335, 33.54539103327172000 ) ) ;
#1137 = CARTESIAN_POINT ( 'NONE',  ( 0.000000000000000000, -0.3664323118713419536, 29.37759921316741085 ) ) ;
#1138 = CARTESIAN_POINT ( 'NONE',  ( 0.000000000000000000, -2.256261629016794501, 37.50711476655736476 ) ) ;
#1139 = CARTESIAN_POINT ( 'NONE',  ( 0.000000000000000000, 97.03540232752870054, 42.73478501422152931 ) ) ;
#1140 = ORIENTED_EDGE ( 'NONE', *, *, #376, .F. ) ;
#1141 = CARTESIAN_POINT ( 'NONE',  ( 6.000000000000016875, -2.274921041476986705, 32.39909077861550912 ) ) ;
#1142 = CARTESIAN_POINT ( 'NONE',  ( -8.673617379884035472E-16, 105.6952786953121404, 48.85609050469867753 ) ) ;
#1143 = CARTESIAN_POINT ( 'NONE',  ( 6.000000000000000888, 2.969432009424953112, 38.73685766013636567 ) ) ;
#1144 = CARTESIAN_POINT ( 'NONE',  ( 0.000000000000000000, 7.477229373883561792, 31.38610606488888877 ) ) ;
#1145 = CARTESIAN_POINT ( 'NONE',  ( 0.000000000000000000, -2.655655823421757322, 36.88223346693070681 ) ) ;
#1146 = CARTESIAN_POINT ( 'NONE',  ( 0.000000000000000000, 64.41796361332872323, 42.40557705744818406 ) ) ;
#1147 = ORIENTED_EDGE ( 'NONE', *, *, #1010, .T. ) ;
#1148 = CARTESIAN_POINT ( 'NONE',  ( 0.000000000000000000, -2.909395576519592463, 36.11116413519204116 ) ) ;
#1149 = CARTESIAN_POINT ( 'NONE',  ( -8.673617379884035472E-16, 0.2319562085075380364, 41.19493631393376631 ) ) ;
#1150 = CARTESIAN_POINT ( 'NONE',  ( 6.000000000000000888, 65.82730621774713597, 46.65713553914280709 ) ) ;
#1151 = CARTESIAN_POINT ( 'NONE',  ( 0.000000000000000000, 3.189748159573845498, 30.44766863736499829 ) ) ;
#1152 = CARTESIAN_POINT ( 'NONE',  ( 0.000000000000000000, -2.690878283120346826, 32.93654274456103792 ) ) ;
#1153 = CARTESIAN_POINT ( 'NONE',  ( 6.000000000000016875, 34.01925827577677808, 39.52125283308586035 ) ) ;
#1154 = ORIENTED_EDGE ( 'NONE', *, *, #490, .F. ) ;
#1155 = CARTESIAN_POINT ( 'NONE',  ( 7.000000000000000000, 35.43637472127275601, 47.31371295491271667 ) ) ;
#1156 = CARTESIAN_POINT ( 'NONE',  ( 6.000000000000016875, -2.690878283120346826, 32.93654274456103792 ) ) ;
#1157 = CARTESIAN_POINT ( 'NONE',  ( 7.000000000000000000, -1.874163005747357058, 41.01803528961257683 ) ) ;
#1158 = CARTESIAN_POINT ( 'NONE',  ( 6.000000000000000888, 70.00473773709352088, 46.70868296521359753 ) ) ;
#1159 = DIRECTION ( 'NONE',  ( -1.000000000000000000, 0.000000000000000000, 0.000000000000000000 ) ) ;
#1160 = CARTESIAN_POINT ( 'NONE',  ( 0.000000000000000000, 1.198310562897471288, 33.13240289734453370 ) ) ;
#1161 = ADVANCED_FACE ( 'NONE', ( #1324 ), #111, .T. ) ;
#1162 = CARTESIAN_POINT ( 'NONE',  ( 0.000000000000000000, 129.6965513510872086, 40.54938272830612078 ) ) ;
#1163 = ORIENTED_EDGE ( 'NONE', *, *, #230, .F. ) ;
#1164 = CARTESIAN_POINT ( 'NONE',  ( 7.000000000000000000, 16.43371446573924288, 44.42198794158660746 ) ) ;
#1165 = CARTESIAN_POINT ( 'NONE',  ( 6.000000000000016875, 11.37841963073455709, 35.32599567218873915 ) ) ;
#1166 = CARTESIAN_POINT ( 'NONE',  ( -8.673617379884035472E-16, -0.7867189651391626182, 41.15598455514042087 ) ) ;
#1167 = CARTESIAN_POINT ( 'NONE',  ( 6.000000000000000888, 15.56256568664753814, 41.22120913586391566 ) ) ;
#1168 = CARTESIAN_POINT ( 'NONE',  ( 0.000000000000000000, 12.45260275079002987, 35.54652460039267226 ) ) ;
#1169 = DIRECTION ( 'NONE',  ( 0.000000000000000000, 0.000000000000000000, 1.000000000000000000 ) ) ;
#1170 = CARTESIAN_POINT ( 'NONE',  ( 7.000000000000000000, -0.3813441070234941388, 41.17778642945059175 ) ) ;
#1171 = EDGE_CURVE ( 'NONE', #452, #922, #765, .T. ) ;
#1172 = CARTESIAN_POINT ( 'NONE',  ( 0.000000000000000000, 10.84111622297416844, 35.21685705701558788 ) ) ;
#1173 = CARTESIAN_POINT ( 'NONE',  ( -8.673617379884035472E-16, -3.257300390963633330, 40.51256135580526063 ) ) ;
#1174 = CARTESIAN_POINT ( 'NONE',  ( 6.000000000000016875, 53.28290484409785677, 46.07226408292206088 ) ) ;
#1175 =( LENGTH_UNIT ( ) NAMED_UNIT ( * ) SI_UNIT ( .MILLI., .METRE. ) );
#1176 = CARTESIAN_POINT ( 'NONE',  ( 0.000000000000000000, 15.67180255750978723, 36.22591233625160356 ) ) ;
#1177 = PRESENTATION_STYLE_ASSIGNMENT (( #638 ) ) ;
#1178 = PLANE ( 'NONE',  #570 ) ;
#1179 = LINE ( 'NONE', #555, #1401 ) ;
#1180 = PLANE ( 'NONE',  #478 ) ;
#1181 = VECTOR ( 'NONE', #870, 1000.000000000000114 ) ;
#1182 = CARTESIAN_POINT ( 'NONE',  ( 0.000000000000000000, 3.087208085490763310, 33.47010377065920750 ) ) ;
#1183 = EDGE_CURVE ( 'NONE', #1334, #590, #336, .T. ) ;
#1184 = CARTESIAN_POINT ( 'NONE',  ( 7.000000000000000000, -4.674354163073511259, 39.29396481249542461 ) ) ;
#1185 = CARTESIAN_POINT ( 'NONE',  ( 0.000000000000000000, 132.5486721650281936, 43.30503773196158335 ) ) ;
#1186 = CARTESIAN_POINT ( 'NONE',  ( -8.673617379884035472E-16, 194.9719139463879003, 37.23823296909011304 ) ) ;
#1187 = CARTESIAN_POINT ( 'NONE',  ( 0.000000000000000000, 202.0897272061520482, 28.26254687935834653 ) ) ;
#1188 = VERTEX_POINT ( 'NONE', #1422 ) ;
#1189 = CARTESIAN_POINT ( 'NONE',  ( 0.000000000000000000, 69.43965669975554533, 39.65085326244597042 ) ) ;
#1190 = CARTESIAN_POINT ( 'NONE',  ( -8.673617379884035472E-16, 1.684925970767294556, 30.13579185108373082 ) ) ;
#1191 = CARTESIAN_POINT ( 'NONE',  ( 6.000000000000016875, 165.8263827271446758, 38.68047176515962349 ) ) ;
#1192 = CARTESIAN_POINT ( 'NONE',  ( 0.000000000000000000, 40.52874336677092515, 40.40282210295535492 ) ) ;
#1193 = UNCERTAINTY_MEASURE_WITH_UNIT (LENGTH_MEASURE( 1.000000000000000082E-05 ), #1175, 'distance_accuracy_value', 'NONE');
#1194 = CARTESIAN_POINT ( 'NONE',  ( 6.000000000000000888, 129.6965513510872086, 40.54938272830612078 ) ) ;
#1195 = CARTESIAN_POINT ( 'NONE',  ( -35.20255523217979743, 12.48083609354849877, 20.17637155285937567 ) ) ;
#1196 = VERTEX_POINT ( 'NONE', #322 ) ;
#1197 = DIRECTION ( 'NONE',  ( 1.000000000000000000, 0.000000000000000000, 0.000000000000000000 ) ) ;
#1198 = CARTESIAN_POINT ( 'NONE',  ( 7.000000000000000000, 8.388131077601977736, 31.60718689419314487 ) ) ;
#1199 = CARTESIAN_POINT ( 'NONE',  ( 0.000000000000000000, 53.28290484409785677, 46.07226408292206088 ) ) ;
#1200 = APPLICATION_PROTOCOL_DEFINITION ( 'draft international standard', 'automotive_design', 1998, #937 ) ;
#1201 = CARTESIAN_POINT ( 'NONE',  ( 6.000000000000000888, 64.41796361332872323, 42.40557705744818406 ) ) ;
#1202 = EDGE_CURVE ( 'NONE', #1061, #1334, #1210, .T. ) ;
#1203 = LINE ( 'NONE', #1107, #1347 ) ;
#1204 = AXIS2_PLACEMENT_3D ( 'NONE', #663, #321, #758 ) ;
#1205 = CARTESIAN_POINT ( 'NONE',  ( 7.000000000000000000, -6.071411779105638118, 34.61685991188772960 ) ) ;
#1206 = DIRECTION ( 'NONE',  ( 0.000000000000000000, 0.000000000000000000, -1.000000000000000000 ) ) ;
#1207 = CARTESIAN_POINT ( 'NONE',  ( 6.000000000000016875, 32.34189676252902501, 43.90088999196224506 ) ) ;
#1208 =( NAMED_UNIT ( * ) PLANE_ANGLE_UNIT ( ) SI_UNIT ( $, .RADIAN. ) );
#1209 = CARTESIAN_POINT ( 'NONE',  ( 7.000000000000000000, 202.0897272061521335, 36.10584174640952426 ) ) ;
#1210 = LINE ( 'NONE', #441, #700 ) ;
#1211 = CARTESIAN_POINT ( 'NONE',  ( 0.000000000000000000, 57.46655281474442489, 46.34472003020559328 ) ) ;
#1212 = CARTESIAN_POINT ( 'NONE',  ( 7.000000000000000000, -0.6995746967717433318, 29.30019674060362789 ) ) ;
#1213 = CARTESIAN_POINT ( 'NONE',  ( 7.000000000000000000, -1.096546552733323798, 29.23025670905565221 ) ) ;
#1214 = CARTESIAN_POINT ( 'NONE',  ( 0.000000000000000000, 6.116654249068225191, 39.44602782603987379 ) ) ;
#1215 = CARTESIAN_POINT ( 'NONE',  ( 7.000000000000000000, 159.3691082324260151, 42.68870407644187281 ) ) ;
#1216 = CARTESIAN_POINT ( 'NONE',  ( 6.000000000000000888, -2.114083119404336131, 37.65212782620123733 ) ) ;
#1217 = CARTESIAN_POINT ( 'NONE',  ( 0.000000000000000000, 202.0897272061521335, 36.10584174640952426 ) ) ;
#1218 = LINE ( 'NONE', #345, #311 ) ;
#1219 = VERTEX_POINT ( 'NONE', #13 ) ;
#1220 = ADVANCED_FACE ( 'NONE', ( #312 ), #1083, .T. ) ;
#1221 = CARTESIAN_POINT ( 'NONE',  ( 7.000000000000000000, -5.221299293883270742, 31.30856750991522475 ) ) ;
#1222 = CARTESIAN_POINT ( 'NONE',  ( 7.000000000000000000, -5.999519505787128004, 33.70822590936989371 ) ) ;
#1223 = CARTESIAN_POINT ( 'NONE',  ( 6.000000000000016875, 3.230367829430953464, 38.80655561645089335 ) ) ;
#1224 = CARTESIAN_POINT ( 'NONE',  ( 6.000000000000000888, 1.198310562897471288, 33.13240289734453370 ) ) ;
#1225 = CARTESIAN_POINT ( 'NONE',  ( 0.000000000000000000, 1.519761260300199979, 41.44566897933530925 ) ) ;
#1226 = CARTESIAN_POINT ( 'NONE',  ( 7.000000000000000000, 136.0666348804983272, 36.94674739450726975 ) ) ;
#1227 = CARTESIAN_POINT ( 'NONE',  ( 7.000000000000000000, 1.079525197265185588, 29.90016138598954853 ) ) ;
#1228 = EDGE_CURVE ( 'NONE', #1090, #171, #435, .T. ) ;
#1229 = CARTESIAN_POINT ( 'NONE',  ( 0.000000000000000000, 2.969432009424953112, 38.73685766013636567 ) ) ;
#1230 = CARTESIAN_POINT ( 'NONE',  ( 6.000000000000000888, -0.7524789738495040181, 38.15187002378050352 ) ) ;
#1231 = CARTESIAN_POINT ( 'NONE',  ( 0.000000000000000000, 105.6952786953121404, 48.85609050469867753 ) ) ;
#1232 = DIRECTION ( 'NONE',  ( -1.000000000000000000, 0.000000000000000000, 0.000000000000000000 ) ) ;
#1233 = ORIENTED_EDGE ( 'NONE', *, *, #1202, .F. ) ;
#1234 = CARTESIAN_POINT ( 'NONE',  ( 6.000000000000016875, 26.05258725531788500, 43.00047327457542679 ) ) ;
#1235 = CARTESIAN_POINT ( 'NONE',  ( 7.000000000000000000, 20.02954572892118179, 45.05003678396214184 ) ) ;
#1236 = CARTESIAN_POINT ( 'NONE',  ( 6.000000000000000888, -2.256261629016794501, 37.50711476655736476 ) ) ;
#1237 = CARTESIAN_POINT ( 'NONE',  ( 0.000000000000000000, -2.299125988864196835, 40.90554512110032448 ) ) ;
#1238 = EDGE_CURVE ( 'NONE', #1188, #1219, #214, .T. ) ;
#1239 = CARTESIAN_POINT ( 'NONE',  ( 0.000000000000000000, 10.31472649702484468, 40.23106653416466116 ) ) ;
#1240 = ORIENTED_EDGE ( 'NONE', *, *, #187, .T. ) ;
#1241 = CARTESIAN_POINT ( 'NONE',  ( 6.000000000000016875, 16.61176849847475978, 41.40626604724763382 ) ) ;
#1242 = CARTESIAN_POINT ( 'NONE',  ( -8.673617379884035472E-16, 13.71523690856360567, 43.93879063317830003 ) ) ;
#1243 = CARTESIAN_POINT ( 'NONE',  ( 6.000000000000000888, -2.061967140626721928, 37.69425858223642933 ) ) ;
#1244 = CARTESIAN_POINT ( 'NONE',  ( 0.000000000000000000, -0.7867189651391626182, 41.15598455514042087 ) ) ;
#1245 = CARTESIAN_POINT ( 'NONE',  ( 0.000000000000000000, -2.552011225032941422, 32.70146310007406498 ) ) ;
#1246 = B_SPLINE_SURFACE_WITH_KNOTS ( 'NONE', 3, 1, ( 
 ( #778, #1318 ),
 ( #1305, #113 ),
 ( #316, #1390 ),
 ( #397, #528 ),
 ( #961, #953 ),
 ( #178, #1399 ),
 ( #820, #835 ),
 ( #843, #733 ),
 ( #604, #169 ),
 ( #929, #1044 ),
 ( #1272, #852 ),
 ( #645, #740 ),
 ( #1421, #206 ),
 ( #859, #433 ) ),
 .UNSPECIFIED., .F., .F., .F.,
 ( 4, 1, 1, 1, 1, 1, 1, 1, 1, 1, 1, 4 ),
 ( 2, 2 ),
 ( 0.6168498909613771009, 0.6201920966915717148, 0.6235343022776727029, 0.6353677091128037135, 0.6621053538016121731, 0.6888429984904207437, 0.7155806431792292033, 0.7423182878680376628, 0.7690559325568461224, 0.7957935772456545820, 0.8225312219344630416, 0.8492688666232715011 ),
 ( 0.000000000000000000, 1.000000000000000000 ),
 .UNSPECIFIED. ) ;
#1247 = ADVANCED_FACE ( 'NONE', ( #741 ), #1178, .F. ) ;
#1248 = ORIENTED_EDGE ( 'NONE', *, *, #549, .F. ) ;
#1249 = CARTESIAN_POINT ( 'NONE',  ( 0.000000000000000000, 39.68277694100778064, 20.17637155285937567 ) ) ;
#1250 = CARTESIAN_POINT ( 'NONE',  ( 0.000000000000000000, -2.552011225032941422, 32.70146310007406498 ) ) ;
#1251 = CARTESIAN_POINT ( 'NONE',  ( -8.673617379884035472E-16, 35.43637472127275601, 47.31371295491271667 ) ) ;
#1252 = CARTESIAN_POINT ( 'NONE',  ( 6.000000000000000888, 190.7748954912443935, 34.86485386114823370 ) ) ;
#1253 = FACE_OUTER_BOUND ( 'NONE', #1295, .T. ) ;
#1254 = CARTESIAN_POINT ( 'NONE',  ( 0.000000000000000000, 2.447910701638555953, 38.59547213654821007 ) ) ;
#1255 = VECTOR ( 'NONE', #1411, 1000.000000000000000 ) ;
#1256 = CARTESIAN_POINT ( 'NONE',  ( 0.000000000000000000, 27.51810294747369667, 38.49077749630112777 ) ) ;
#1257 = ORIENTED_EDGE ( 'NONE', *, *, #356, .T. ) ;
#1258 = CARTESIAN_POINT ( 'NONE',  ( 0.000000000000000000, -3.033555832678165309, 34.23696973741184735 ) ) ;
#1259 = CARTESIAN_POINT ( 'NONE',  ( -8.673617379884035472E-16, 120.0555887347233863, 47.76663773609691077 ) ) ;
#1260 = DIRECTION ( 'NONE',  ( 0.000000000000000000, 1.000000000000000000, 0.000000000000000000 ) ) ;
#1261 = CARTESIAN_POINT ( 'NONE',  ( 0.000000000000000000, -3.304844687053915653, 29.54538260915341041 ) ) ;
#1262 = CARTESIAN_POINT ( 'NONE',  ( 0.000000000000000000, 3.230367829430953464, 38.80655561645089335 ) ) ;
#1263 = CARTESIAN_POINT ( 'NONE',  ( 6.999999999999999112, 9.294450234587435133, 31.81681296525074032 ) ) ;
#1264 = CARTESIAN_POINT ( 'NONE',  ( 0.000000000000000000, 199.0897272061521335, 33.54539103327172000 ) ) ;
#1265 = ORIENTED_EDGE ( 'NONE', *, *, #919, .F. ) ;
#1266 = CARTESIAN_POINT ( 'NONE',  ( 0.000000000000000000, -0.9699683353410389897, 32.32627015642692214 ) ) ;
#1267 = EDGE_CURVE ( 'NONE', #942, #590, #1413, .T. ) ;
#1268 = CARTESIAN_POINT ( 'NONE',  ( 7.000000000000000000, 73.37176221790892328, 49.74856308425114548 ) ) ;
#1269 = CARTESIAN_POINT ( 'NONE',  ( 6.000000000000000888, 12.41414389292728515, 40.63713481073645539 ) ) ;
#1270 = CARTESIAN_POINT ( 'NONE',  ( 0.000000000000000000, 2.555439880443877154, 30.34452197134709195 ) ) ;
#1271 = CARTESIAN_POINT ( 'NONE',  ( 0.000000000000000000, 26.05258725531788500, 43.00047327457542679 ) ) ;
#1272 = CARTESIAN_POINT ( 'NONE',  ( 7.000000000000000888, 113.7776548161528751, 38.80193182863925472 ) ) ;
#1273 = CARTESIAN_POINT ( 'NONE',  ( 6.000000000000016875, 105.7419107607997262, 42.32596102276258421 ) ) ;
#1274 = ORIENTED_EDGE ( 'NONE', *, *, #444, .F. ) ;
#1275 = CARTESIAN_POINT ( 'NONE',  ( 0.000000000000000000, -1.907355495500515197, 32.22016580801045649 ) ) ;
#1276 = CARTESIAN_POINT ( 'NONE',  ( 6.000000000000000888, 7.165882161353812840, 39.63197671016316548 ) ) ;
#1277 = PLANE ( 'NONE',  #176 ) ;
#1278 = PRESENTATION_LAYER_ASSIGNMENT (  '', '', ( #677 ) ) ;
#1279 = CARTESIAN_POINT ( 'NONE',  ( 0.000000000000000000, 118.8066582402849889, 41.42233265099577721 ) ) ;
#1280 = VERTEX_POINT ( 'NONE', #133 ) ;
#1281 = CARTESIAN_POINT ( 'NONE',  ( 7.000000000000000000, 4.219118242501721738, 42.12209757933960930 ) ) ;
#1282 = CARTESIAN_POINT ( 'NONE',  ( 0.000000000000000000, 7.628473560431475065, 34.51006684497325239 ) ) ;
#1283 = B_SPLINE_CURVE_WITH_KNOTS ( 'NONE', 3,
 ( #1217, #367, #1013, #792, #139, #587, #1231, #1029, #250, #681, #1352, #787, #125, #568, #800, #236, #1343, #1003, #696, #1113, #476, #1338, #1106, #22, #243, #1225, #482, #1359, #33, #675, #577, #1244, #1008, #889, #1237, #466, #256, #1330, #344, #897, #261, #359, #1121, #146, #1021, #40, #353, #154, #28, #912, #902, #375, #1130, #456, #1397, #388, #1365, #1261, #69, #945, #630, #927, #506, #1137, #1388, #602, #826, #161, #53, #519, #1270, #1151, #951, #616, #939, #1144, #731, #842, #1382, #381 ),
 .UNSPECIFIED., .F., .F.,
 ( 4, 1, 1, 1, 1, 1, 1, 1, 1, 1, 1, 1, 1, 1, 1, 1, 1, 1, 1, 1, 1, 1, 1, 1, 1, 1, 1, 1, 1, 1, 1, 1, 1, 1, 1, 1, 1, 1, 1, 1, 1, 1, 1, 1, 1, 1, 1, 1, 1, 1, 1, 1, 1, 1, 1, 1, 1, 1, 1, 1, 1, 1, 1, 1, 1, 1, 1, 1, 1, 1, 1, 1, 1, 1, 1, 1, 1, 4 ),
 ( -0.006335763418599682159, 0.04713952595901726994, 0.1006148153366342168, 0.1540901047142511637, 0.2075653940918681106, 0.2343030387806765980, 0.2610406834694850575, 0.2877783281582935171, 0.3145159728471020322, 0.3412536175359105473, 0.3679912622247190068, 0.3947289069135274664, 0.4080977292579316962, 0.4214665516023359260, 0.4348353739467401557, 0.4482041962911443855, 0.4548886074633464727, 0.4615730186355486153, 0.4682574298077508135, 0.4749418409799528451, 0.4782840465660538887, 0.4816262521521549322, 0.4849684577382559758, 0.4883106633243570194, 0.4916528689104581185, 0.4933239717035086125, 0.4949950744965591620, 0.4958306258930844090, 0.4966661772896096561, 0.4975017286861349031, 0.4983372800826602611, 0.4991728314791855081, 0.5000083828757108106, 0.5004261585739734342, 0.5008439342722360577, 0.5012617099704986812, 0.5016794856687613047, 0.5020972613670240392, 0.5023061492161553510, 0.5025150370652866627, 0.5029328127635492862, 0.5033505884618119097, 0.5037683641600745332, 0.5041861398583371567, 0.5050216912548624038, 0.5066927940479128978, 0.5083638968409633918, 0.5100349996340138858, 0.5117061024270644909, 0.5125416538235898489, 0.5133772052201150959, 0.5142127566166403430, 0.5146305323149029665, 0.5150483080131655900, 0.5158838594096908370, 0.5163016351079534605, 0.5165105229570847722, 0.5167194108062160840, 0.5171371865044787075, 0.5175549622027413310, 0.5179727379010039545, 0.5183905135992665780, 0.5188082892975292015, 0.5192260649957918250, 0.5200616163923170721, 0.5217327191853676771, 0.5225682705818930351, 0.5234038219784182822, 0.5250749247714687762, 0.5267460275645192702, 0.5284171303575697642, 0.5300882331506202583, 0.5317593359436707523, 0.5351015415297718514, 0.5384437471158729505, 0.5411385239579660222, 0.5419740753544912693, 0.5428096267510165163 ),
 .UNSPECIFIED. ) ;
#1284 = CARTESIAN_POINT ( 'NONE',  ( 6.000000000000000888, 3.230367829430953464, 38.80655561645089335 ) ) ;
#1285 = CARTESIAN_POINT ( 'NONE',  ( 7.000000000000000000, 4.977847845730808629, 30.78783391147796067 ) ) ;
#1286 = CARTESIAN_POINT ( 'NONE',  ( 0.000000000000000000, 134.8335153498665591, 40.07690921905588510 ) ) ;
#1287 = DIRECTION ( 'NONE',  ( -1.000000000000000000, 0.000000000000000000, -0.000000000000000000 ) ) ;
#1288 = CARTESIAN_POINT ( 'NONE',  ( 0.000000000000000000, 2.545841083749560418, 33.38383798764628807 ) ) ;
#1289 = CARTESIAN_POINT ( 'NONE',  ( 7.000000000000000000, -6.033253525910379444, 35.62637006405736173 ) ) ;
#1290 = CARTESIAN_POINT ( 'NONE',  ( 0.000000000000000000, 103.3916161488528331, 45.96351813323961721 ) ) ;
#1291 = CARTESIAN_POINT ( 'NONE',  ( 0.000000000000000000, 3.087208085490763310, 33.47010377065920750 ) ) ;
#1292 = SURFACE_STYLE_FILL_AREA ( #774 ) ;
#1293 = CARTESIAN_POINT ( 'NONE',  ( 7.000000000000000000, 202.0897272061520482, 28.26254687935834653 ) ) ;
#1294 = CARTESIAN_POINT ( 'NONE',  ( 0.000000000000000000, 136.0666348804983272, 36.94674739450726975 ) ) ;
#1295 = EDGE_LOOP ( 'NONE', ( #955, #1233, #1274, #72, #846, #164, #648, #706, #339, #1265, #914 ) ) ;
#1296 = CARTESIAN_POINT ( 'NONE',  ( 7.000000000000000000, -1.295129027702632829, 41.11712360988800441 ) ) ;
#1297 = CARTESIAN_POINT ( 'NONE',  ( 0.000000000000000000, 11.37841963073455709, 35.32599567218873915 ) ) ;
#1298 = CARTESIAN_POINT ( 'NONE',  ( 6.000000000000016875, 157.5093986561984707, 39.92344822378920810 ) ) ;
#1299 =( NAMED_UNIT ( * ) SI_UNIT ( $, .STERADIAN. ) SOLID_ANGLE_UNIT ( ) );
#1300 = CARTESIAN_POINT ( 'NONE',  ( 0.000000000000000000, 125.3400460996715537, 40.91144069384210269 ) ) ;
#1301 = FILL_AREA_STYLE_COLOUR ( '', #1306 ) ;
#1302 = CARTESIAN_POINT ( 'NONE',  ( 7.000000000000000000, 39.68277694100778064, 20.17637155285937567 ) ) ;
#1303 = CARTESIAN_POINT ( 'NONE',  ( 0.000000000000000000, 9.294450235276054073, 31.81681296540682524 ) ) ;
#1304 = LINE ( 'NONE', #95, #745 ) ;
#1305 = CARTESIAN_POINT ( 'NONE',  ( 7.000000000000000888, 40.14169304286613027, 37.32279980310332945 ) ) ;
#1306 = COLOUR_RGB ( '',0.7921568627450980005, 0.8196078431372548767, 0.9333333333333333481 ) ;
#1307 = CARTESIAN_POINT ( 'NONE',  ( 0.000000000000000000, 65.82730621774713597, 46.65713553914280709 ) ) ;
#1308 = APPLICATION_PROTOCOL_DEFINITION ( 'draft international standard', 'automotive_design', 1998, #1064 ) ;
#1309 = CARTESIAN_POINT ( 'NONE',  ( 0.000000000000000000, 64.41796361332872323, 42.40557705744818406 ) ) ;
#1310 = CARTESIAN_POINT ( 'NONE',  ( -35.20255523217979743, 35.98083609354849699, 20.17637155285937567 ) ) ;
#1311 = DIRECTION ( 'NONE',  ( 0.000000000000000000, 5.961230465694261130E-14, 1.000000000000000000 ) ) ;
#1312 = ORIENTED_EDGE ( 'NONE', *, *, #1183, .T. ) ;
#1313 = CARTESIAN_POINT ( 'NONE',  ( -8.673617379884035472E-16, -4.896032891998263636, 30.80298897163152105 ) ) ;
#1314 = EDGE_CURVE ( 'NONE', #107, #809, #1283, .T. ) ;
#1315 = CARTESIAN_POINT ( 'NONE',  ( 6.000000000000016875, 194.9323584858436504, 34.20679751817296932 ) ) ;
#1316 = CARTESIAN_POINT ( 'NONE',  ( 6.000000000000000888, 110.0963773667527477, 42.05092101069669752 ) ) ;
#1317 = LINE ( 'NONE', #1331, #1020 ) ;
#1318 = CARTESIAN_POINT ( 'NONE',  ( 0.000000000000000000, 39.68277688165156292, 37.26425256906450301 ) ) ;
#1319 = CARTESIAN_POINT ( 'NONE',  ( -8.673617379884035472E-16, 9.294450235374659641, 31.81681296542917536 ) ) ;
#1320 = CARTESIAN_POINT ( 'NONE',  ( 7.000000000000000000, 84.14073549601545210, 49.66296887905257762 ) ) ;
#1321 = CARTESIAN_POINT ( 'NONE',  ( 0.000000000000000000, 40.72164953525831521, 44.88846926678216676 ) ) ;
#1322 = LINE ( 'NONE', #332, #683 ) ;
#1323 =( NAMED_UNIT ( * ) SI_UNIT ( $, .STERADIAN. ) SOLID_ANGLE_UNIT ( ) );
#1324 = FACE_OUTER_BOUND ( 'NONE', #698, .T. ) ;
#1325 = CARTESIAN_POINT ( 'NONE',  ( 0.000000000000000000, 70.00473773709352088, 46.70868296521359753 ) ) ;
#1326 = CARTESIAN_POINT ( 'NONE',  ( 0.000000000000000000, 43.60244812123830371, 37.74098419608938570 ) ) ;
#1327 = CARTESIAN_POINT ( 'NONE',  ( 7.000000000000000000, 4.977847845730808629, 30.78783391147796067 ) ) ;
#1328 = CARTESIAN_POINT ( 'NONE',  ( 0.000000000000000000, -1.901403336920491904, 37.81532593877205528 ) ) ;
#1329 = CARTESIAN_POINT ( 'NONE',  ( 6.000000000000000888, -2.909395576519592463, 36.11116413519204116 ) ) ;
#1330 = CARTESIAN_POINT ( 'NONE',  ( 0.000000000000000000, -3.646386578960737701, 40.25625002730345869 ) ) ;
#1331 = CARTESIAN_POINT ( 'NONE',  ( 7.000000000000000000, 12.48083609354849877, 20.17637155285937567 ) ) ;
#1332 = CARTESIAN_POINT ( 'NONE',  ( 0.000000000000000000, 58.36451125113448057, 39.07966038780323714 ) ) ;
#1333 = EDGE_CURVE ( 'NONE', #522, #922, #1049, .T. ) ;
#1334 = VERTEX_POINT ( 'NONE', #833 ) ;
#1335 = CARTESIAN_POINT ( 'NONE',  ( 7.000000000000000000, 1.440207314158033602, 30.04589478851163165 ) ) ;
#1336 = CARTESIAN_POINT ( 'NONE',  ( 0.000000000000000000, 21.85745850859535722, 42.32003516145092448 ) ) ;
#1337 = CARTESIAN_POINT ( 'NONE',  ( 6.000000000000000888, 8.161871798992049065, 34.63667078312990100 ) ) ;
#1338 = CARTESIAN_POINT ( 'NONE',  ( 0.000000000000000000, 6.983798063139631473, 42.65053014975095635 ) ) ;
#1339 = FACE_OUTER_BOUND ( 'NONE', #1023, .T. ) ;
#1340 = ADVANCED_FACE ( 'NONE', ( #1253, #276 ), #1277, .T. ) ;
#1341 = CARTESIAN_POINT ( 'NONE',  ( 0.000000000000000000, 9.264950269610771727, 40.02563266119533125 ) ) ;
#1342 = CARTESIAN_POINT ( 'NONE',  ( 6.000000000000000888, -2.274921041476986705, 32.39909077861550912 ) ) ;
#1343 = CARTESIAN_POINT ( 'NONE',  ( 0.000000000000000000, 20.02954572892118179, 45.05003678396214184 ) ) ;
#1344 = LINE ( 'NONE', #1009, #174 ) ;
#1345 = ORIENTED_EDGE ( 'NONE', *, *, #141, .T. ) ;
#1346 = CARTESIAN_POINT ( 'NONE',  ( 7.000000000000000000, -4.674354163073511259, 39.29396481249542461 ) ) ;
#1347 = VECTOR ( 'NONE', #126, 1000.000000000000000 ) ;
#1348 = CARTESIAN_POINT ( 'NONE',  ( 6.000000000000016875, 0.06073204726668538639, 38.18829562554184065 ) ) ;
#1349 = VECTOR ( 'NONE', #215, 1000.000000000000000 ) ;
#1350 = CARTESIAN_POINT ( 'NONE',  ( -8.673617379884035472E-16, 1.519761260300199979, 41.44566897933530925 ) ) ;
#1351 = CARTESIAN_POINT ( 'NONE',  ( 6.000000000000000888, 31.84908499943384896, 39.19087642196929266 ) ) ;
#1352 = CARTESIAN_POINT ( 'NONE',  ( 0.000000000000000000, 62.56079299654682302, 49.61365369549719873 ) ) ;
#1353 = CARTESIAN_POINT ( 'NONE',  ( 0.000000000000000000, 21.85745850859535722, 42.32003516145092448 ) ) ;
#1354 = ORIENTED_EDGE ( 'NONE', *, *, #864, .T. ) ;
#1355 = CARTESIAN_POINT ( 'NONE',  ( 6.000000000000016875, -1.542238009990950731, 38.00065650680324580 ) ) ;
#1356 = CARTESIAN_POINT ( 'NONE',  ( -8.673617379884035472E-16, 94.90822586165225516, 49.38909700744493847 ) ) ;
#1357 = EDGE_CURVE ( 'NONE', #57, #1032, #183, .T. ) ;
#1358 = CARTESIAN_POINT ( 'NONE',  ( 6.000000000000000888, -0.3259233334848535280, 32.54461966081078117 ) ) ;
#1359 = CARTESIAN_POINT ( 'NONE',  ( 0.000000000000000000, 0.4812530486891582471, 41.21907481971641118 ) ) ;
#1360 = CARTESIAN_POINT ( 'NONE',  ( 0.000000000000000000, -0.9699683353410389897, 32.32627015642692214 ) ) ;
#1361 = ORIENTED_EDGE ( 'NONE', *, *, #230, .T. ) ;
#1362 = CARTESIAN_POINT ( 'NONE',  ( 7.000000000000000000, -1.636612190105094733, 29.19415969466829708 ) ) ;
#1363 = CARTESIAN_POINT ( 'NONE',  ( 6.000000000000016875, -2.382688737947760593, 37.34697075960096413 ) ) ;
#1364 = CARTESIAN_POINT ( 'NONE',  ( 6.000000000000000888, 6.116654249068225191, 39.44602782603987379 ) ) ;
#1365 = CARTESIAN_POINT ( 'NONE',  ( 0.000000000000000000, -3.721511468961445246, 29.75649767808463508 ) ) ;
#1366 = CARTESIAN_POINT ( 'NONE',  ( 0.000000000000000000, -3.033555832678165309, 34.23696973741184735 ) ) ;
#1367 = CARTESIAN_POINT ( 'NONE',  ( 6.000000000000016875, 86.15750616067873580, 42.94059403257050889 ) ) ;
#1368 = ORIENTED_EDGE ( 'NONE', *, *, #735, .T. ) ;
#1369 = CARTESIAN_POINT ( 'NONE',  ( 7.000000000000000000, 94.90822586165225516, 49.38909700744493847 ) ) ;
#1370 = CARTESIAN_POINT ( 'NONE',  ( 6.000000000000016875, -1.770561626012169043, 32.20374788293499080 ) ) ;
#1371 = CARTESIAN_POINT ( 'NONE',  ( 7.000000000000000000, 0.8429035838820858606, 41.27954235709213293 ) ) ;
#1372 = CARTESIAN_POINT ( 'NONE',  ( 7.000000000000000000, 199.0897272061520198, 31.68298522458125177 ) ) ;
#1373 = VECTOR ( 'NONE', #140, 1000.000000000000000 ) ;
#1374 = CARTESIAN_POINT ( 'NONE',  ( 0.000000000000000000, 19.75928672020315346, 41.95823093518891511 ) ) ;
#1375 = VECTOR ( 'NONE', #807, 1000.000000000000000 ) ;
#1376 = CARTESIAN_POINT ( 'NONE',  ( 7.000000000000000000, 8.964976357560011877, 31.74163537445302197 ) ) ;
#1377 = CARTESIAN_POINT ( 'NONE',  ( 0.000000000000000000, 17.81725788270787092, 36.68244003222852001 ) ) ;
#1378 = ORIENTED_EDGE ( 'NONE', *, *, #1333, .T. ) ;
#1379 = EDGE_CURVE ( 'NONE', #654, #378, #544, .T. ) ;
#1380 = CARTESIAN_POINT ( 'NONE',  ( 6.000000000000016875, -2.256261629016794501, 37.50711476655736476 ) ) ;
#1381 = CARTESIAN_POINT ( 'NONE',  ( 6.000000000000000888, 4.541474874361657754, 39.11957472445448758 ) ) ;
#1382 = CARTESIAN_POINT ( 'NONE',  ( 0.000000000000000000, 9.184606751014561254, 31.79191599453869088 ) ) ;
#1383 = CARTESIAN_POINT ( 'NONE',  ( 0.000000000000000000, 0.8738543474296230906, 38.22522509239463773 ) ) ;
#1384 = CARTESIAN_POINT ( 'NONE',  ( 0.000000000000000000, 60.07232568664231565, 42.16630034424759543 ) ) ;
#1385 = ORIENTED_EDGE ( 'NONE', *, *, #327, .T. ) ;
#1386 = CARTESIAN_POINT ( 'NONE',  ( 6.000000000000016875, 1.735664168876247970, 33.24454857382453099 ) ) ;
#1387 = CARTESIAN_POINT ( 'NONE',  ( 6.000000000000000888, 78.35696071658088613, 46.71796037283152003 ) ) ;
#1388 = CARTESIAN_POINT ( 'NONE',  ( 0.000000000000000000, 0.04278915863435870520, 29.49764430698670026 ) ) ;
#1389 = CARTESIAN_POINT ( 'NONE',  ( 0.000000000000000000, 9.767582790781149882, 34.99287541126301448 ) ) ;
#1390 = CARTESIAN_POINT ( 'NONE',  ( 0.000000000000000000, 41.05954679718065847, 37.43740742883801431 ) ) ;
#1391 = CARTESIAN_POINT ( 'NONE',  ( 6.000000000000016875, 103.5649104783364862, 42.44990636563244379 ) ) ;
#1392 = ORIENTED_EDGE ( 'NONE', *, *, #1395, .T. ) ;
#1393 = B_SPLINE_SURFACE_WITH_KNOTS ( 'NONE', 3, 1, ( 
 ( #732, #952 ),
 ( #1398, #1186 ),
 ( #411, #644 ),
 ( #1215, #131 ),
 ( #326, #709 ),
 ( #365, #1259 ),
 ( #804, #1142 ),
 ( #480, #1356 ),
 ( #1034, #489 ),
 ( #1268, #1018 ),
 ( #373, #916 ),
 ( #687, #137 ),
 ( #497, #582 ),
 ( #166, #1251 ),
 ( #694, #797 ),
 ( #254, #811 ),
 ( #1235, #608 ),
 ( #268, #1041 ),
 ( #259, #1242 ),
 ( #60, #1027 ),
 ( #925, #281 ),
 ( #910, #504 ),
 ( #1119, #702 ),
 ( #394, #51 ),
 ( #144, #159 ),
 ( #31, #1350 ),
 ( #1371, #1128 ),
 ( #595, #511 ),
 ( #293, #1149 ),
 ( #424, #973 ),
 ( #92, #536 ),
 ( #721, #1166 ),
 ( #965, #401 ),
 ( #1157, #831 ),
 ( #416, #621 ),
 ( #189, #308 ),
 ( #96, #1173 ),
 ( #1410, #1057 ),
 ( #76, #299 ),
 ( #746, #849 ),
 ( #409, #517 ),
 ( #1184, #524 ),
 ( #628, #202 ),
 ( #1417, #642 ),
 ( #1078, #430 ),
 ( #865, #1065 ),
 ( #958, #1405 ),
 ( #1289, #737 ),
 ( #1205, #116 ),
 ( #884, #558 ),
 ( #981, #542 ),
 ( #239, #347 ),
 ( #24, #1091 ),
 ( #1221, #784 ),
 ( #1425, #1313 ),
 ( #330, #991 ),
 ( #10, #225 ),
 ( #453, #231 ),
 ( #438, #468 ),
 ( #667, #987 ),
 ( #672, #878 ),
 ( #103, #1101 ),
 ( #1212, #899 ),
 ( #460, #5 ),
 ( #210, #872 ),
 ( #649, #1108 ),
 ( #893, #128 ),
 ( #1335, #770 ),
 ( #660, #1190 ),
 ( #572, #443 ),
 ( #1086, #1097 ),
 ( #1005, #324 ),
 ( #121, #317 ),
 ( #1327, #762 ),
 ( #564, #754 ),
 ( #997, #18 ),
 ( #1198, #655 ),
 ( #218, #340 ),
 ( #779, #108 ),
 ( #550, #1319 ) ),
 .UNSPECIFIED., .F., .F., .F.,
 ( 4, 1, 1, 1, 1, 1, 1, 1, 1, 1, 1, 1, 1, 1, 1, 1, 1, 1, 1, 1, 1, 1, 1, 1, 1, 1, 1, 1, 1, 1, 1, 1, 1, 1, 1, 1, 1, 1, 1, 1, 1, 1, 1, 1, 1, 1, 1, 1, 1, 1, 1, 1, 1, 1, 1, 1, 1, 1, 1, 1, 1, 1, 1, 1, 1, 1, 1, 1, 1, 1, 1, 1, 1, 1, 1, 1, 1, 4 ),
 ( 2, 2 ),
 ( -0.006335763418599682159, 0.04713952595901726994, 0.1006148153366342168, 0.1540901047142511637, 0.2075653940918681106, 0.2343030387806765980, 0.2610406834694850575, 0.2877783281582935171, 0.3145159728471020322, 0.3412536175359105473, 0.3679912622247190068, 0.3947289069135274664, 0.4080977292579316962, 0.4214665516023359260, 0.4348353739467401557, 0.4482041962911443855, 0.4548886074633464727, 0.4615730186355486153, 0.4682574298077507580, 0.4749418409799528451, 0.4782840465660538887, 0.4816262521521549322, 0.4849684577382560313, 0.4883106633243570749, 0.4916528689104581185, 0.4933239717035086680, 0.4949950744965592175, 0.4958306258930844646, 0.4966661772896097116, 0.4975017286861349586, 0.4983372800826602611, 0.4991728314791855636, 0.5000083828757108106, 0.5004261585739734342, 0.5008439342722360577, 0.5012617099704986812, 0.5016794856687613047, 0.5020972613670240392, 0.5023061492161553510, 0.5025150370652866627, 0.5029328127635492862, 0.5033505884618119097, 0.5037683641600745332, 0.5041861398583371567, 0.5050216912548624038, 0.5066927940479128978, 0.5083638968409633918, 0.5100349996340138858, 0.5117061024270644909, 0.5125416538235898489, 0.5133772052201150959, 0.5142127566166403430, 0.5146305323149029665, 0.5150483080131655900, 0.5158838594096908370, 0.5163016351079534605, 0.5165105229570847722, 0.5167194108062160840, 0.5171371865044787075, 0.5175549622027413310, 0.5179727379010039545, 0.5183905135992665780, 0.5188082892975292015, 0.5192260649957918250, 0.5200616163923170721, 0.5217327191853676771, 0.5225682705818930351, 0.5234038219784182822, 0.5250749247714687762, 0.5267460275645192702, 0.5284171303575697642, 0.5300882331506202583, 0.5317593359436707523, 0.5351015415297718514, 0.5384437471158729505, 0.5411385239579660222, 0.5419740753544912693, 0.5428096267512665385 ),
 ( 0.000000000000000000, 1.000000000000000000 ),
 .UNSPECIFIED. ) ;
#1394 = CARTESIAN_POINT ( 'NONE',  ( 0.000000000000000000, -2.382688737947760593, 37.34697075960096413 ) ) ;
#1395 = EDGE_CURVE ( 'NONE', #1032, #484, #1322, .T. ) ;
#1396 = CARTESIAN_POINT ( 'NONE',  ( 6.000000000000000888, 16.61176849847475978, 41.40626604724763382 ) ) ;
#1397 = CARTESIAN_POINT ( 'NONE',  ( 0.000000000000000000, -4.896032891998263636, 30.80298897163152105 ) ) ;
#1398 = CARTESIAN_POINT ( 'NONE',  ( 7.000000000000000000, 194.9719139463879003, 37.23823296909011304 ) ) ;
#1399 = CARTESIAN_POINT ( 'NONE',  ( 0.000000000000000000, 58.36451125113448057, 39.07966038780323714 ) ) ;
#1400 = VECTOR ( 'NONE', #569, 1000.000000000000000 ) ;
#1401 = VECTOR ( 'NONE', #449, 1000.000000000000000 ) ;
#1402 = CARTESIAN_POINT ( 'NONE',  ( 6.000000000000016875, 116.6289733771746171, 41.58615839567028161 ) ) ;
#1403 = ORIENTED_EDGE ( 'NONE', *, *, #1379, .F. ) ;
#1404 = CARTESIAN_POINT ( 'NONE',  ( 6.000000000000016875, 15.67180255750978723, 36.22591233625160356 ) ) ;
#1405 = CARTESIAN_POINT ( 'NONE',  ( -8.673617379884035472E-16, -5.871250955343244371, 36.68677497220446071 ) ) ;
#1406 = CARTESIAN_POINT ( 'NONE',  ( 6.000000000000016875, 70.00473773709352088, 46.70868296521359753 ) ) ;
#1407 = CARTESIAN_POINT ( 'NONE',  ( 0.000000000000000000, 103.5649104783364862, 42.44990636563244379 ) ) ;
#1408 = ORIENTED_EDGE ( 'NONE', *, *, #203, .F. ) ;
#1409 = CARTESIAN_POINT ( 'NONE',  ( 6.000000000000016875, 12.98944595963266657, 35.65810890829114754 ) ) ;
#1410 = CARTESIAN_POINT ( 'NONE',  ( 7.000000000000000000, -3.646386578960737701, 40.25625002730345869 ) ) ;
#1411 = DIRECTION ( 'NONE',  ( 0.000000000000000000, -5.961230465694261130E-14, -1.000000000000000000 ) ) ;
#1412 = CARTESIAN_POINT ( 'NONE',  ( 0.000000000000000000, 136.4051620249825305, 39.92806000164802782 ) ) ;
#1413 = LINE ( 'NONE', #1302, #1375 ) ;
#1414 = DIRECTION ( 'NONE',  ( 1.000000000000000000, 0.000000000000000000, 0.000000000000000000 ) ) ;
#1415 = ORIENTED_EDGE ( 'NONE', *, *, #1333, .F. ) ;
#1416 = CARTESIAN_POINT ( 'NONE',  ( 0.000000000000000000, 136.0666348804983272, 36.94674739450726975 ) ) ;
#1417 = CARTESIAN_POINT ( 'NONE',  ( 7.000000000000000000, -5.082411322604084347, 38.69122247385318047 ) ) ;
#1418 = CARTESIAN_POINT ( 'NONE',  ( 0.000000000000000000, 157.5093986561984707, 39.92344822378920810 ) ) ;
#1419 = DIRECTION ( 'NONE',  ( 1.000000000000000000, 0.000000000000000000, 0.000000000000000000 ) ) ;
#1420 = DIRECTION ( 'NONE',  ( 0.000000000000000000, 1.000000000000000000, 0.000000000000000000 ) ) ;
#1421 = CARTESIAN_POINT ( 'NONE',  ( 7.000000000000000888, 132.3584713970657560, 37.30122939084757405 ) ) ;
#1422 = CARTESIAN_POINT ( 'NONE',  ( 7.000000000000000000, 202.0897272061520482, 28.26254687935834653 ) ) ;
#1423 = DIRECTION ( 'NONE',  ( -1.000000000000000000, -0.000000000000000000, -0.000000000000000000 ) ) ;
#1424 = ORIENTED_EDGE ( 'NONE', *, *, #335, .T. ) ;
#1425 = CARTESIAN_POINT ( 'NONE',  ( 7.000000000000000000, -4.896032891998263636, 30.80298897163152105 ) ) ;
#1426 = CARTESIAN_POINT ( 'NONE',  ( 6.000000000000016875, 57.46655281474442489, 46.34472003020559328 ) ) ;
#1427 = B_SPLINE_CURVE_WITH_KNOTS ( 'NONE', 3,
 ( #446, #880, #351, #575, #560, #333, #227, #662, #669, #1000, #20, #464, #769, #1077 ),
 .UNSPECIFIED., .F., .F.,
 ( 4, 1, 1, 1, 1, 1, 1, 1, 1, 1, 1, 4 ),
 ( 0.6168498909613771009, 0.6201920966915717148, 0.6235343022776727029, 0.6353677091128037135, 0.6621053538016121731, 0.6888429984904207437, 0.7155806431792292033, 0.7423182878680376628, 0.7690559325568461224, 0.7957935772456545820, 0.8225312219344630416, 0.8492688666232715011 ),
 .UNSPECIFIED. ) ;
#1428 = DIRECTION ( 'NONE',  ( 0.000000000000000000, 0.9989951386902530261, 0.04481866657144209509 ) ) ;
#1429 = CARTESIAN_POINT ( 'NONE',  ( 6.000000000000000888, 77.45937211158918956, 42.86156636260351149 ) ) ;
ENDSEC;
END-ISO-10303-21;
