ISO-10303-21;
HEADER;
FILE_DESCRIPTION (( 'STEP AP214' ),
    '1' );
FILE_NAME ('trial 1.STEP',
    '2026-05-17T14:56:08',
    ( '' ),
    ( '' ),
    'SwSTEP 2.0',
    'SolidWorks 2026',
    '' );
FILE_SCHEMA (( 'AUTOMOTIVE_DESIGN' ));
ENDSEC;

DATA;
#1 = LINE ( 'NONE', #2767, #2283 ) ;
#2 = CARTESIAN_POINT ( 'NONE',  ( 5.450569991601932784, -15.07325357852589143, 20.30584375930634877 ) ) ;
#3 = DIRECTION ( 'NONE',  ( 0.000000000000000000, 0.000000000000000000, 1.000000000000000000 ) ) ;
#4 = CARTESIAN_POINT ( 'NONE',  ( 4.895587993928883996, 20.57937481466797536, 15.34678463388751624 ) ) ;
#5 = ORIENTED_EDGE ( 'NONE', *, *, #86, .F. ) ;
#6 = VECTOR ( 'NONE', #1965, 1000.000000000000114 ) ;
#7 = ORIENTED_EDGE ( 'NONE', *, *, #685, .F. ) ;
#8 = ADVANCED_FACE ( 'NONE', ( #231 ), #2181, .F. ) ;
#9 = DIRECTION ( 'NONE',  ( 0.000000000000000000, 0.000000000000000000, 1.000000000000000000 ) ) ;
#10 = EDGE_CURVE ( 'NONE', #1399, #610, #763, .T. ) ;
#11 = DIRECTION ( 'NONE',  ( 0.000000000000000000, 0.000000000000000000, -1.000000000000000000 ) ) ;
#12 = CIRCLE ( 'NONE', #2038, 2.249999999999998668 ) ;
#13 = ORIENTED_EDGE ( 'NONE', *, *, #1621, .T. ) ;
#14 = DIRECTION ( 'NONE',  ( 0.000000000000000000, 1.734723475976807094E-15, -1.000000000000000000 ) ) ;
#15 = ORIENTED_EDGE ( 'NONE', *, *, #1170, .T. ) ;
#16 = AXIS2_PLACEMENT_3D ( 'NONE', #2682, #2463, #2660 ) ;
#17 = DIRECTION ( 'NONE',  ( -1.000000000000000000, 0.000000000000000000, 0.000000000000000000 ) ) ;
#18 = CARTESIAN_POINT ( 'NONE',  ( 6.999999999999997335, -14.76172929972859826, 19.99431948050904850 ) ) ;
#19 =( NAMED_UNIT ( * ) PLANE_ANGLE_UNIT ( ) SI_UNIT ( $, .RADIAN. ) );
#20 = ORIENTED_EDGE ( 'NONE', *, *, #469, .T. ) ;
#21 = VECTOR ( 'NONE', #2007, 1000.000000000000000 ) ;
#22 = VECTOR ( 'NONE', #1319, 999.9999999999998863 ) ;
#23 = ORIENTED_EDGE ( 'NONE', *, *, #1638, .T. ) ;
#24 = CARTESIAN_POINT ( 'NONE',  ( 3.153728748737643528, -17.29276234189651618, -22.52535252267696464 ) ) ;
#25 = VERTEX_POINT ( 'NONE', #1518 ) ;
#26 = AXIS2_PLACEMENT_3D ( 'NONE', #1301, #42, #640 ) ;
#27 = EDGE_LOOP ( 'NONE', ( #768, #1616, #393, #622, #1229, #1447, #2698 ) ) ;
#28 = CARTESIAN_POINT ( 'NONE',  ( 6.531334295955236513, -14.78387088462859644, 20.01646106540905379 ) ) ;
#29 = FACE_OUTER_BOUND ( 'NONE', #1885, .T. ) ;
#30 = ORIENTED_EDGE ( 'NONE', *, *, #1923, .T. ) ;
#31 = FACE_BOUND ( 'NONE', #2462, .T. ) ;
#32 = ORIENTED_EDGE ( 'NONE', *, *, #2323, .F. ) ;
#33 = EDGE_CURVE ( 'NONE', #141, #862, #1209, .T. ) ;
#34 = ADVANCED_FACE ( 'NONE', ( #836 ), #41, .T. ) ;
#35 = CARTESIAN_POINT ( 'NONE',  ( 0.000000000000000000, 23.60000000000000142, 3.000000000000010214 ) ) ;
#36 = CARTESIAN_POINT ( 'NONE',  ( 13.59999999999999964, 16.36750501450886475, -19.80935858876140898 ) ) ;
#37 = CIRCLE ( 'NONE', #2657, 2.999999999999999112 ) ;
#38 = CARTESIAN_POINT ( 'NONE',  ( 5.610005205795382643, -20.24073025081019495, -15.00814007002974826 ) ) ;
#39 = ORIENTED_EDGE ( 'NONE', *, *, #718, .F. ) ;
#40 = EDGE_CURVE ( 'NONE', #488, #2720, #1726, .T. ) ;
#41 = PLANE ( 'NONE',  #2475 ) ;
#42 = DIRECTION ( 'NONE',  ( 1.000000000000000000, 0.000000000000000000, 0.000000000000000000 ) ) ;
#43 = ORIENTED_EDGE ( 'NONE', *, *, #2059, .T. ) ;
#44 = CARTESIAN_POINT ( 'NONE',  ( 32.59999999999999432, 9.332174861821640022, -12.63835602176123984 ) ) ;
#45 = CARTESIAN_POINT ( 'NONE',  ( 0.000000000000000000, -9.332174861821640022, 12.63835602176123984 ) ) ;
#46 = EDGE_CURVE ( 'NONE', #909, #551, #505, .T. ) ;
#47 = CARTESIAN_POINT ( 'NONE',  ( 0.000000000000000000, 19.99431948050904495, 14.76172929972859116 ) ) ;
#48 = VERTEX_POINT ( 'NONE', #1299 ) ;
#49 = CARTESIAN_POINT ( 'NONE',  ( 13.60000000000000142, 3.370785039248560988, -21.96922704839736085 ) ) ;
#50 = CARTESIAN_POINT ( 'NONE',  ( -14.14213562373095101, 14.99999999999999645, 15.00000000000000178 ) ) ;
#51 = CARTESIAN_POINT ( 'NONE',  ( -14.14213562373095101, 15.00000000000000000, -14.99999999999999822 ) ) ;
#52 = CARTESIAN_POINT ( 'NONE',  ( 4.142507509389462328, -15.89105928929208567, -21.12364947007254301 ) ) ;
#53 = ORIENTED_EDGE ( 'NONE', *, *, #2238, .T. ) ;
#54 = EDGE_CURVE ( 'NONE', #2784, #2770, #2622, .T. ) ;
#55 = EDGE_LOOP ( 'NONE', ( #1477, #481, #1768, #746 ) ) ;
#56 = AXIS2_PLACEMENT_3D ( 'NONE', #1052, #517, #960 ) ;
#57 = CARTESIAN_POINT ( 'NONE',  ( 5.863654116055132981, -14.92587667170374388, 20.15846685248419590 ) ) ;
#58 = CARTESIAN_POINT ( 'NONE',  ( 3.000000000000000000, 14.99999999999999645, 15.00000000000000178 ) ) ;
#59 = AXIS2_PLACEMENT_3D ( 'NONE', #2455, #1352, #1560 ) ;
#60 = AXIS2_PLACEMENT_3D ( 'NONE', #1076, #1944, #14 ) ;
#61 = DIRECTION ( 'NONE',  ( -1.000000000000000000, 0.000000000000000000, 0.000000000000000000 ) ) ;
#62 = DIRECTION ( 'NONE',  ( 0.000000000000000000, 4.510281037539699234E-15, -1.000000000000000000 ) ) ;
#63 = CARTESIAN_POINT ( 'NONE',  ( 3.000000000000000000, -52.11376977344857409, -46.88117959266809009 ) ) ;
#64 = DIRECTION ( 'NONE',  ( 0.000000000000000000, 0.000000000000000000, -1.000000000000000000 ) ) ;
#65 = ADVANCED_FACE ( 'NONE', ( #414 ), #2557, .T. ) ;
#66 = CARTESIAN_POINT ( 'NONE',  ( 0.000000000000000000, -15.00000000000000355, 15.00000000000000178 ) ) ;
#67 = CARTESIAN_POINT ( 'NONE',  ( 3.000000000000000000, 52.11376977344854566, -46.88117959266809009 ) ) ;
#68 = EDGE_LOOP ( 'NONE', ( #1446, #106, #1086, #1664, #563, #1952, #53, #571, #224 ) ) ;
#69 = EDGE_CURVE ( 'NONE', #2733, #2770, #1630, .T. ) ;
#70 = AXIS2_PLACEMENT_3D ( 'NONE', #1457, #855, #612 ) ;
#71 = ORIENTED_EDGE ( 'NONE', *, *, #453, .T. ) ;
#72 = DIRECTION ( 'NONE',  ( 0.000000000000000000, 0.000000000000000000, -1.000000000000000000 ) ) ;
#73 = LINE ( 'NONE', #1555, #598 ) ;
#74 = VECTOR ( 'NONE', #1440, 1000.000000000000114 ) ;
#75 = EDGE_CURVE ( 'NONE', #646, #1532, #407, .T. ) ;
#76 = AXIS2_PLACEMENT_3D ( 'NONE', #784, #1189, #1017 ) ;
#77 = DIRECTION ( 'NONE',  ( -1.000000000000000000, 0.000000000000000000, 0.000000000000000000 ) ) ;
#78 = UNCERTAINTY_MEASURE_WITH_UNIT (LENGTH_MEASURE( 1.000000000000000082E-05 ), #283, 'distance_accuracy_value', 'NONE');
#79 = PLANE ( 'NONE',  #362 ) ;
#80 = CARTESIAN_POINT ( 'NONE',  ( -14.00000000000000000, -15.00000000000000355, 15.00000000000000178 ) ) ;
#81 = DIRECTION ( 'NONE',  ( 0.000000000000000000, -0.7071067811865474617, 0.7071067811865476838 ) ) ;
#82 = CARTESIAN_POINT ( 'NONE',  ( -14.14213562373095101, -15.00000000000000355, -14.99999999999999822 ) ) ;
#83 = CARTESIAN_POINT ( 'NONE',  ( 0.000000000000000000, 23.60000000000000142, 9.108356170405185248E-15 ) ) ;
#84 = ORIENTED_EDGE ( 'NONE', *, *, #1833, .F. ) ;
#85 = VECTOR ( 'NONE', #671, 1000.000000000000000 ) ;
#86 = EDGE_CURVE ( 'NONE', #888, #1897, #2221, .T. ) ;
#87 = DIRECTION ( 'NONE',  ( -1.000000000000000000, -0.000000000000000000, -0.000000000000000000 ) ) ;
#88 = LINE ( 'NONE', #2631, #2001 ) ;
#89 = DIRECTION ( 'NONE',  ( 0.000000000000000000, 0.000000000000000000, 1.000000000000000000 ) ) ;
#90 = FACE_OUTER_BOUND ( 'NONE', #1802, .T. ) ;
#91 = CARTESIAN_POINT ( 'NONE',  ( 0.000000000000000000, 51.61879502661830799, -47.37615433949832777 ) ) ;
#92 = AXIS2_PLACEMENT_3D ( 'NONE', #195, #652, #1046 ) ;
#93 = CARTESIAN_POINT ( 'NONE',  ( 3.000000000000000000, -52.11376977344854566, 46.88117959266809009 ) ) ;
#94 = CARTESIAN_POINT ( 'NONE',  ( 3.000000000000000000, -52.11376977344857409, -46.88117959266809009 ) ) ;
#95 = CARTESIAN_POINT ( 'NONE',  ( 0.000000000000000000, 7.347880794884118356E-15, -36.39999999999999147 ) ) ;
#96 = EDGE_CURVE ( 'NONE', #2274, #1043, #1818, .T. ) ;
#97 = VECTOR ( 'NONE', #2753, 1000.000000000000114 ) ;
#98 = CARTESIAN_POINT ( 'NONE',  ( 0.000000000000000000, 15.00000000000000000, -17.25000000000000000 ) ) ;
#99 = LINE ( 'NONE', #2675, #1633 ) ;
#100 = ORIENTED_EDGE ( 'NONE', *, *, #515, .T. ) ;
#101 = CARTESIAN_POINT ( 'NONE',  ( 6.999999999999990230, -16.36750501450886830, -19.80935858876140543 ) ) ;
#102 = ORIENTED_EDGE ( 'NONE', *, *, #1224, .T. ) ;
#103 = VECTOR ( 'NONE', #2705, 1000.000000000000000 ) ;
#104 = DIRECTION ( 'NONE',  ( 0.000000000000000000, 0.000000000000000000, -1.000000000000000000 ) ) ;
#105 = DIRECTION ( 'NONE',  ( 0.000000000000000000, -0.7071067811865474617, -0.7071067811865474617 ) ) ;
#106 = ORIENTED_EDGE ( 'NONE', *, *, #528, .T. ) ;
#107 = ADVANCED_FACE ( 'NONE', ( #1382 ), #1175, .F. ) ;
#108 = AXIS2_PLACEMENT_3D ( 'NONE', #204, #2108, #1679 ) ;
#109 = DIRECTION ( 'NONE',  ( 1.000000000000000000, 0.000000000000000000, 0.000000000000000000 ) ) ;
#110 = EDGE_LOOP ( 'NONE', ( #2575, #2590 ) ) ;
#111 = AXIS2_PLACEMENT_3D ( 'NONE', #1906, #627, #2774 ) ;
#112 = ORIENTED_EDGE ( 'NONE', *, *, #1159, .T. ) ;
#113 = DIRECTION ( 'NONE',  ( -1.000000000000000000, 0.000000000000000000, 0.000000000000000000 ) ) ;
#114 = VERTEX_POINT ( 'NONE', #914 ) ;
#115 = DIRECTION ( 'NONE',  ( 0.000000000000000000, 0.7071067811865474617, 0.7071067811865474617 ) ) ;
#116 = DIRECTION ( 'NONE',  ( -1.000000000000000000, 0.000000000000000000, 0.000000000000000000 ) ) ;
#117 = DIRECTION ( 'NONE',  ( 1.000000000000000000, 0.000000000000000000, 0.000000000000000000 ) ) ;
#118 = FACE_OUTER_BOUND ( 'NONE', #579, .T. ) ;
#119 = CIRCLE ( 'NONE', #258, 4.999999999999999112 ) ;
#120 = EDGE_CURVE ( 'NONE', #861, #1043, #205, .T. ) ;
#121 = AXIS2_PLACEMENT_3D ( 'NONE', #2211, #2645, #222 ) ;
#122 = LINE ( 'NONE', #1858, #103 ) ;
#123 = ADVANCED_FACE ( 'NONE', ( #2470 ), #1579, .T. ) ;
#124 = VERTEX_POINT ( 'NONE', #927 ) ;
#125 = EDGE_CURVE ( 'NONE', #2297, #2259, #2242, .T. ) ;
#126 = CARTESIAN_POINT ( 'NONE',  ( 0.000000000000000000, 19.99431948050904495, 14.76172929972859116 ) ) ;
#127 = CARTESIAN_POINT ( 'NONE',  ( 5.767281759115772566, 16.23859964738798922, -20.03766086546946923 ) ) ;
#128 = DIRECTION ( 'NONE',  ( -1.000000000000000000, -0.000000000000000000, -0.000000000000000000 ) ) ;
#129 = EDGE_CURVE ( 'NONE', #1897, #483, #1870, .T. ) ;
#130 = CARTESIAN_POINT ( 'NONE',  ( 0.000000000000000000, -11.77721700923829395, 18.82278299076170569 ) ) ;
#131 = VERTEX_POINT ( 'NONE', #493 ) ;
#132 = CARTESIAN_POINT ( 'NONE',  ( 13.59999999999999964, 23.06841501750090728, 8.861845961041080244 ) ) ;
#133 = AXIS2_PLACEMENT_3D ( 'NONE', #2336, #1969, #1102 ) ;
#134 = CARTESIAN_POINT ( 'NONE',  ( 0.000000000000000000, 47.37615433949902410, -51.61879502661761165 ) ) ;
#135 = VERTEX_POINT ( 'NONE', #1346 ) ;
#136 = ORIENTED_EDGE ( 'NONE', *, *, #795, .T. ) ;
#137 = CARTESIAN_POINT ( 'NONE',  ( 13.59999999999999964, -23.60000000000000142, -7.000000000000000000 ) ) ;
#138 = CARTESIAN_POINT ( 'NONE',  ( 3.000000000000000000, 49.49747468305866960, -49.49747468305798037 ) ) ;
#139 = VECTOR ( 'NONE', #1825, 1000.000000000000000 ) ;
#140 = CARTESIAN_POINT ( 'NONE',  ( 13.59999999999999964, 7.000000000000006217, -36.39999999999999147 ) ) ;
#141 = VERTEX_POINT ( 'NONE', #1155 ) ;
#142 = PRODUCT_DEFINITION_FORMATION_WITH_SPECIFIED_SOURCE ( 'ANY', '', #510, .NOT_KNOWN. ) ;
#143 = CARTESIAN_POINT ( 'NONE',  ( 0.000000000000000000, 46.88117959266811852, 52.11376977344855987 ) ) ;
#144 = ORIENTED_EDGE ( 'NONE', *, *, #2247, .T. ) ;
#145 = EDGE_CURVE ( 'NONE', #988, #155, #2501, .T. ) ;
#146 = CARTESIAN_POINT ( 'NONE',  ( 3.951742409967855085, 16.07347992013396976, -21.30607010091441467 ) ) ;
#147 = PRODUCT_CONTEXT ( 'NONE', #242, 'mechanical' ) ;
#148 = B_SPLINE_CURVE_WITH_KNOTS ( 'NONE', 3,
 ( #2502, #2296, #806, #822, #370, #2760, #1227, #146, #1925, #2309 ),
 .UNSPECIFIED., .F., .F.,
 ( 4, 2, 2, 2, 4 ),
 ( 0.000000000000000000, 0.0009497597339318434662, 0.001899519467863686932, 0.002849279201795530073, 0.003799038935727374732 ),
 .UNSPECIFIED. ) ;
#149 = EDGE_CURVE ( 'NONE', #2606, #1191, #567, .T. ) ;
#150 = CIRCLE ( 'NONE', #289, 4.999999999999999112 ) ;
#151 = ADVANCED_FACE ( 'NONE', ( #1830 ), #2009, .T. ) ;
#152 = AXIS2_PLACEMENT_3D ( 'NONE', #1759, #1583, #691 ) ;
#153 = LINE ( 'NONE', #576, #316 ) ;
#154 = EDGE_LOOP ( 'NONE', ( #2025, #1464, #199, #1232 ) ) ;
#155 = VERTEX_POINT ( 'NONE', #2688 ) ;
#156 = VECTOR ( 'NONE', #1580, 1000.000000000000000 ) ;
#157 = DIRECTION ( 'NONE',  ( 0.000000000000000000, 0.000000000000000000, -1.000000000000000000 ) ) ;
#158 = DIRECTION ( 'NONE',  ( 0.000000000000000000, 0.000000000000000000, -1.000000000000000000 ) ) ;
#159 = DIRECTION ( 'NONE',  ( 0.000000000000000000, 0.8426962598121400250, 0.5383892771022008583 ) ) ;
#160 = ADVANCED_FACE ( 'NONE', ( #747 ), #950, .T. ) ;
#161 = CARTESIAN_POINT ( 'NONE',  ( 0.000000000000000000, -49.49747468305831433, -46.49747468305832854 ) ) ;
#162 = ORIENTED_EDGE ( 'NONE', *, *, #2428, .F. ) ;
#163 = LINE ( 'NONE', #1012, #1493 ) ;
#164 = ORIENTED_EDGE ( 'NONE', *, *, #2505, .F. ) ;
#165 = ORIENTED_EDGE ( 'NONE', *, *, #933, .T. ) ;
#166 = AXIS2_PLACEMENT_3D ( 'NONE', #2697, #2264, #753 ) ;
#167 = LINE ( 'NONE', #126, #2119 ) ;
#168 = FACE_OUTER_BOUND ( 'NONE', #1960, .T. ) ;
#169 = CARTESIAN_POINT ( 'NONE',  ( 13.59999999999999964, 3.673940397442059868E-16, 20.60000000000000497 ) ) ;
#170 = ORIENTED_EDGE ( 'NONE', *, *, #1200, .F. ) ;
#171 = CARTESIAN_POINT ( 'NONE',  ( 3.000000000000000000, -46.88117959266811852, -52.11376977344854566 ) ) ;
#172 = ORIENTED_EDGE ( 'NONE', *, *, #2028, .F. ) ;
#173 = CARTESIAN_POINT ( 'NONE',  ( 13.59999999999999964, -15.00000000000000355, -12.75000000000000000 ) ) ;
#174 = DIRECTION ( 'NONE',  ( -1.000000000000000000, -0.000000000000000000, -0.000000000000000000 ) ) ;
#175 = EDGE_CURVE ( 'NONE', #2161, #240, #2014, .T. ) ;
#176 = ORIENTED_EDGE ( 'NONE', *, *, #2556, .F. ) ;
#177 = CARTESIAN_POINT ( 'NONE',  ( 13.59999999999999964, 23.60000000000000142, -6.999999999999990230 ) ) ;
#178 = ORIENTED_EDGE ( 'NONE', *, *, #469, .F. ) ;
#179 = ORIENTED_EDGE ( 'NONE', *, *, #1750, .F. ) ;
#180 = LINE ( 'NONE', #1030, #698 ) ;
#181 = CARTESIAN_POINT ( 'NONE',  ( 3.000000000000000000, -52.11376977344854566, 46.88117959266809009 ) ) ;
#182 = AXIS2_PLACEMENT_3D ( 'NONE', #2332, #17, #2190 ) ;
#183 = CARTESIAN_POINT ( 'NONE',  ( 6.999999999999997335, 19.99431948050904850, -14.76172929972859471 ) ) ;
#184 = AXIS2_PLACEMENT_3D ( 'NONE', #439, #1290, #719 ) ;
#185 = ADVANCED_FACE ( 'NONE', ( #2708 ), #1218, .F. ) ;
#186 = DIRECTION ( 'NONE',  ( -1.000000000000000000, 0.000000000000000000, -0.000000000000000000 ) ) ;
#187 = ORIENTED_EDGE ( 'NONE', *, *, #838, .F. ) ;
#188 = DIRECTION ( 'NONE',  ( 1.000000000000000000, 0.000000000000000000, 0.000000000000000000 ) ) ;
#189 = CARTESIAN_POINT ( 'NONE',  ( 13.59999999999999964, 7.347880794884118356E-15, -33.39999999999999147 ) ) ;
#190 = EDGE_LOOP ( 'NONE', ( #2287, #358, #1374, #144 ) ) ;
#191 = CARTESIAN_POINT ( 'NONE',  ( 13.59999999999999964, -23.60000000000000142, 0.000000000000000000 ) ) ;
#192 = EDGE_LOOP ( 'NONE', ( #2658, #2434, #1736, #2027, #585, #665, #2099, #1567, #884, #1730, #1231 ) ) ;
#193 = ORIENTED_EDGE ( 'NONE', *, *, #1056, .F. ) ;
#194 = LINE ( 'NONE', #1045, #1397 ) ;
#195 = CARTESIAN_POINT ( 'NONE',  ( 0.000000000000000000, 0.000000000000000000, -19.81566993998855608 ) ) ;
#196 = CIRCLE ( 'NONE', #429, 4.000000000000000000 ) ;
#197 = VERTEX_POINT ( 'NONE', #2048 ) ;
#198 = CIRCLE ( 'NONE', #1182, 2.250000000000000444 ) ;
#199 = ORIENTED_EDGE ( 'NONE', *, *, #2527, .F. ) ;
#200 = DIRECTION ( 'NONE',  ( 0.000000000000000000, -1.000000000000000000, -0.000000000000000000 ) ) ;
#201 = VERTEX_POINT ( 'NONE', #1840 ) ;
#202 = EDGE_LOOP ( 'NONE', ( #2568, #446, #2620, #2364 ) ) ;
#203 = DIRECTION ( 'NONE',  ( 0.000000000000000000, 0.4916668203100941770, -0.8707834046455877886 ) ) ;
#204 = CARTESIAN_POINT ( 'NONE',  ( 3.000000000000000000, -46.88117959266811852, -52.11376977344854566 ) ) ;
#205 = CIRCLE ( 'NONE', #1416, 4.999999999999999112 ) ;
#206 = ORIENTED_EDGE ( 'NONE', *, *, #555, .F. ) ;
#207 = CARTESIAN_POINT ( 'NONE',  ( -14.00000000000000000, -15.00000000000000355, -12.75000000000000000 ) ) ;
#208 = EDGE_LOOP ( 'NONE', ( #2050, #1945, #2761, #1516, #277, #1208, #1511, #1455, #781, #1934, #2345 ) ) ;
#209 = ORIENTED_EDGE ( 'NONE', *, *, #1201, .T. ) ;
#210 = VECTOR ( 'NONE', #2710, 1000.000000000000000 ) ;
#211 = EDGE_CURVE ( 'NONE', #240, #2161, #198, .T. ) ;
#212 = LINE ( 'NONE', #2781, #1489 ) ;
#213 = CARTESIAN_POINT ( 'NONE',  ( 3.000000000000000000, -46.88117959266811852, -52.11376977344854566 ) ) ;
#214 = CARTESIAN_POINT ( 'NONE',  ( 3.000000000000000000, 46.88117959266809009, -52.11376977344854566 ) ) ;
#215 = VERTEX_POINT ( 'NONE', #1436 ) ;
#216 = ADVANCED_FACE ( 'NONE', ( #2303 ), #593, .F. ) ;
#217 = ADVANCED_FACE ( 'NONE', ( #168 ), #2268, .F. ) ;
#218 = CARTESIAN_POINT ( 'NONE',  ( 3.000000000000000000, 49.49747468305866960, -49.49747468305798037 ) ) ;
#219 = DIRECTION ( 'NONE',  ( 0.000000000000000000, 0.7071067811865425767, -0.7071067811865525687 ) ) ;
#220 = EDGE_LOOP ( 'NONE', ( #178, #987, #807, #1984 ) ) ;
#221 = CYLINDRICAL_SURFACE ( 'NONE', #1323, 4.000000000000000000 ) ;
#222 = DIRECTION ( 'NONE',  ( 0.000000000000000000, 0.000000000000000000, -1.000000000000000000 ) ) ;
#223 = AXIS2_PLACEMENT_3D ( 'NONE', #1900, #2400, #229 ) ;
#224 = ORIENTED_EDGE ( 'NONE', *, *, #1015, .F. ) ;
#225 = CARTESIAN_POINT ( 'NONE',  ( 0.000000000000000000, -15.72128267389227219, -20.95387285467272420 ) ) ;
#226 = ORIENTED_EDGE ( 'NONE', *, *, #1731, .T. ) ;
#227 = EDGE_LOOP ( 'NONE', ( #1676, #2529, #1452, #2202 ) ) ;
#228 = DIRECTION ( 'NONE',  ( 0.000000000000000000, 0.000000000000000000, 1.000000000000000000 ) ) ;
#229 = DIRECTION ( 'NONE',  ( 0.000000000000000000, 0.000000000000000000, 1.000000000000000000 ) ) ;
#230 = CARTESIAN_POINT ( 'NONE',  ( 3.065022877211417640, -17.54025359730027489, 22.77284377808072691 ) ) ;
#231 = FACE_OUTER_BOUND ( 'NONE', #1186, .T. ) ;
#232 = CARTESIAN_POINT ( 'NONE',  ( 3.479713832707514332, -16.65302532521856094, -21.88561550599901651 ) ) ;
#233 = ORIENTED_EDGE ( 'NONE', *, *, #628, .T. ) ;
#234 = DIRECTION ( 'NONE',  ( 0.000000000000000000, -1.000000000000000000, 0.000000000000000000 ) ) ;
#235 = ADVANCED_FACE ( 'NONE', ( #2072 ), #1850, .T. ) ;
#236 = CARTESIAN_POINT ( 'NONE',  ( 13.59999999999999964, -15.00000000000000355, -14.99999999999999822 ) ) ;
#237 = VECTOR ( 'NONE', #1431, 1000.000000000000114 ) ;
#238 = ORIENTED_EDGE ( 'NONE', *, *, #2289, .T. ) ;
#239 = FACE_OUTER_BOUND ( 'NONE', #448, .T. ) ;
#240 = VERTEX_POINT ( 'NONE', #2482 ) ;
#241 = ADVANCED_FACE ( 'NONE', ( #2741 ), #703, .F. ) ;
#242 = APPLICATION_CONTEXT ( 'automotive_design' ) ;
#243 = AXIS2_PLACEMENT_3D ( 'NONE', #2746, #174, #2142 ) ;
#244 = CARTESIAN_POINT ( 'NONE',  ( -14.14213562373095101, -16.36750501450886830, -19.80935858876140543 ) ) ;
#245 = CYLINDRICAL_SURFACE ( 'NONE', #223, 6.999999999999999112 ) ;
#246 = CARTESIAN_POINT ( 'NONE',  ( 3.758197146316912818, -21.48731818569338969, -16.25472800491293413 ) ) ;
#247 = EDGE_LOOP ( 'NONE', ( #1078, #773, #2070, #450 ) ) ;
#248 = CARTESIAN_POINT ( 'NONE',  ( 0.000000000000000000, 0.000000000000000000, 23.60000000000000142 ) ) ;
#249 = EDGE_CURVE ( 'NONE', #1709, #2265, #1364, .T. ) ;
#250 = CARTESIAN_POINT ( 'NONE',  ( 3.000000000000000000, 23.41758804972265295, 18.18499786894219739 ) ) ;
#251 = VERTEX_POINT ( 'NONE', #979 ) ;
#252 = ORIENTED_EDGE ( 'NONE', *, *, #249, .F. ) ;
#253 = FACE_BOUND ( 'NONE', #1267, .T. ) ;
#254 = DIRECTION ( 'NONE',  ( 1.000000000000000000, 0.000000000000000000, 0.000000000000000000 ) ) ;
#255 = DIRECTION ( 'NONE',  ( 0.000000000000000000, 0.000000000000000000, -1.000000000000000000 ) ) ;
#256 = DIRECTION ( 'NONE',  ( 0.000000000000000000, -1.040834085586084059E-15, 1.000000000000000000 ) ) ;
#257 = LINE ( 'NONE', #1806, #371 ) ;
#258 = AXIS2_PLACEMENT_3D ( 'NONE', #912, #1066, #2554 ) ;
#259 = CARTESIAN_POINT ( 'NONE',  ( 5.655893138901311623, -14.99999999999825029, 20.23259018077870053 ) ) ;
#260 = ORIENTED_EDGE ( 'NONE', *, *, #1534, .T. ) ;
#261 = CARTESIAN_POINT ( 'NONE',  ( 13.59999999999999964, 7.347880794884118356E-15, -36.39999999999999147 ) ) ;
#262 = CARTESIAN_POINT ( 'NONE',  ( 3.000000000000000000, 49.49747468305866960, -49.49747468305798037 ) ) ;
#263 = VERTEX_POINT ( 'NONE', #1673 ) ;
#264 = VECTOR ( 'NONE', #2410, 1000.000000000000000 ) ;
#265 = DIRECTION ( 'NONE',  ( -1.000000000000000000, -0.000000000000000000, -0.000000000000000000 ) ) ;
#266 = LINE ( 'NONE', #45, #1322 ) ;
#267 = EDGE_CURVE ( 'NONE', #301, #1543, #2141, .T. ) ;
#268 = CARTESIAN_POINT ( 'NONE',  ( 3.000000000000000000, -46.88117959266809009, 52.11376977344854566 ) ) ;
#269 = EDGE_LOOP ( 'NONE', ( #658, #1549, #1197, #1680, #1506 ) ) ;
#270 = CARTESIAN_POINT ( 'NONE',  ( 6.999999999999997335, 14.76172929972860359, 19.99431948050904850 ) ) ;
#271 = CARTESIAN_POINT ( 'NONE',  ( 13.59999999999999964, -15.00000000000000355, 15.00000000000000178 ) ) ;
#272 = ADVANCED_FACE ( 'NONE', ( #2277 ), #2525, .F. ) ;
#273 = CARTESIAN_POINT ( 'NONE',  ( 6.009306746391573917, -16.28666541950616775, -19.95253232930834741 ) ) ;
#274 = CARTESIAN_POINT ( 'NONE',  ( 3.838370019724109738, 16.19895933158575474, 21.43154951236619610 ) ) ;
#275 = CYLINDRICAL_SURFACE ( 'NONE', #2016, 3.000000000000000888 ) ;
#276 = EDGE_CURVE ( 'NONE', #2083, #858, #814, .T. ) ;
#277 = ORIENTED_EDGE ( 'NONE', *, *, #602, .T. ) ;
#278 = FACE_BOUND ( 'NONE', #1165, .T. ) ;
#279 = DIRECTION ( 'NONE',  ( -1.000000000000000000, 0.000000000000000000, 0.000000000000000000 ) ) ;
#280 = VECTOR ( 'NONE', #1391, 1000.000000000000000 ) ;
#281 = PRODUCT_DEFINITION_SHAPE ( 'NONE', 'NONE',  #1939 ) ;
#282 = TOROIDAL_SURFACE ( 'NONE', #1400, 9.000000000000001776, 4.000000000000000000 ) ;
#283 =( LENGTH_UNIT ( ) NAMED_UNIT ( * ) SI_UNIT ( .MILLI., .METRE. ) );
#284 = CARTESIAN_POINT ( 'NONE',  ( -76.34029080374268972, 6.999999999999999112, 23.60000000000000142 ) ) ;
#285 = CYLINDRICAL_SURFACE ( 'NONE', #1861, 4.999999999999999112 ) ;
#286 = CARTESIAN_POINT ( 'NONE',  ( 5.100550944313692270, -16.06538741548520832, -20.34443433642982058 ) ) ;
#287 = DIRECTION ( 'NONE',  ( 0.000000000000000000, -1.734723475976807489E-15, -1.000000000000000000 ) ) ;
#288 = LINE ( 'NONE', #1177, #156 ) ;
#289 = AXIS2_PLACEMENT_3D ( 'NONE', #2416, #2272, #777 ) ;
#290 = AXIS2_PLACEMENT_3D ( 'NONE', #2057, #967, #1837 ) ;
#291 = FACE_OUTER_BOUND ( 'NONE', #2573, .T. ) ;
#292 = AXIS2_PLACEMENT_3D ( 'NONE', #262, #2376, #1116 ) ;
#293 = DIRECTION ( 'NONE',  ( 0.000000000000000000, 0.000000000000000000, 1.000000000000000000 ) ) ;
#294 = CARTESIAN_POINT ( 'NONE',  ( 7.000000000000000888, -15.00000000000000355, -14.99999999999999822 ) ) ;
#295 = CARTESIAN_POINT ( 'NONE',  ( 13.59999999999999964, 0.000000000000000000, 30.60000000000000142 ) ) ;
#296 = LINE ( 'NONE', #1624, #1878 ) ;
#297 = AXIS2_PLACEMENT_3D ( 'NONE', #51, #1795, #1564 ) ;
#298 = CARTESIAN_POINT ( 'NONE',  ( 13.60000000000000142, -5.332174861821640022, 8.638356021761239845 ) ) ;
#299 = LINE ( 'NONE', #1593, #572 ) ;
#300 = EDGE_CURVE ( 'NONE', #1829, #1848, #351, .T. ) ;
#301 = VERTEX_POINT ( 'NONE', #1466 ) ;
#302 = EDGE_CURVE ( 'NONE', #1043, #1039, #1203, .T. ) ;
#303 = DIRECTION ( 'NONE',  ( 0.000000000000000000, -0.7071067811865474617, -0.7071067811865474617 ) ) ;
#304 = EDGE_LOOP ( 'NONE', ( #2757, #1652, #1684, #2572 ) ) ;
#305 = AXIS2_PLACEMENT_3D ( 'NONE', #2008, #1154, #1996 ) ;
#306 = EDGE_CURVE ( 'NONE', #1199, #689, #2648, .T. ) ;
#307 = CARTESIAN_POINT ( 'NONE',  ( 0.000000000000000000, 19.82446635190281015, -13.68678850928056434 ) ) ;
#308 = DIRECTION ( 'NONE',  ( 0.000000000000000000, 0.000000000000000000, 1.000000000000000000 ) ) ;
#309 = VERTEX_POINT ( 'NONE', #213 ) ;
#310 = CARTESIAN_POINT ( 'NONE',  ( 3.000000000000000888, 17.85936132270476051, 23.09195150348521963 ) ) ;
#311 = PLANE ( 'NONE',  #1421 ) ;
#312 = ORIENTED_EDGE ( 'NONE', *, *, #835, .T. ) ;
#313 = DIRECTION ( 'NONE',  ( -1.000000000000000000, -0.000000000000000000, -0.000000000000000000 ) ) ;
#314 = EDGE_CURVE ( 'NONE', #964, #1419, #882, .T. ) ;
#315 = VECTOR ( 'NONE', #1714, 1000.000000000000000 ) ;
#316 = VECTOR ( 'NONE', #376, 1000.000000000000000 ) ;
#317 = DIRECTION ( 'NONE',  ( -1.000000000000000000, -0.000000000000000000, -0.000000000000000000 ) ) ;
#318 = DIRECTION ( 'NONE',  ( 0.000000000000000000, 0.000000000000000000, 1.000000000000000000 ) ) ;
#319 = ORIENTED_EDGE ( 'NONE', *, *, #2739, .F. ) ;
#320 = CARTESIAN_POINT ( 'NONE',  ( 6.999999999999997335, -19.99431948050905561, -14.76172929972860715 ) ) ;
#321 = CARTESIAN_POINT ( 'NONE',  ( 3.492523552113464103, 16.61783733233617255, 21.85042751311661391 ) ) ;
#322 = CARTESIAN_POINT ( 'NONE',  ( -76.34029080374268972, 23.60000000000000142, 7.000000000000009770 ) ) ;
#323 = EDGE_LOOP ( 'NONE', ( #1935, #20 ) ) ;
#324 = EDGE_CURVE ( 'NONE', #618, #604, #1582, .T. ) ;
#325 = PLANE ( 'NONE',  #2684 ) ;
#326 = VECTOR ( 'NONE', #2546, 1000.000000000000000 ) ;
#327 = ADVANCED_FACE ( 'NONE', ( #1914 ), #1966, .T. ) ;
#328 = VECTOR ( 'NONE', #2250, 1000.000000000000000 ) ;
#329 = ORIENTED_EDGE ( 'NONE', *, *, #623, .F. ) ;
#330 = EDGE_CURVE ( 'NONE', #1774, #646, #2333, .T. ) ;
#331 = VECTOR ( 'NONE', #971, 1000.000000000000114 ) ;
#332 = CARTESIAN_POINT ( 'NONE',  ( 13.59999999999999964, -6.999999999999992006, -36.39999999999999147 ) ) ;
#333 = ORIENTED_EDGE ( 'NONE', *, *, #2039, .F. ) ;
#334 = DIRECTION ( 'NONE',  ( 0.000000000000000000, 0.4868836027845726555, -0.8734668610425437851 ) ) ;
#335 = ORIENTED_EDGE ( 'NONE', *, *, #802, .T. ) ;
#336 = EDGE_CURVE ( 'NONE', #1265, #2469, #2179, .T. ) ;
#337 = LINE ( 'NONE', #2114, #2357 ) ;
#338 = DIRECTION ( 'NONE',  ( -1.000000000000000000, 0.000000000000000000, 0.000000000000000000 ) ) ;
#339 = CARTESIAN_POINT ( 'NONE',  ( -14.14213562373095101, -15.00000000000000355, 15.00000000000000178 ) ) ;
#340 = ORIENTED_EDGE ( 'NONE', *, *, #75, .T. ) ;
#341 = CARTESIAN_POINT ( 'NONE',  ( 0.000000000000000000, -9.332174861821640022, -11.46965711278947175 ) ) ;
#342 = AXIS2_PLACEMENT_3D ( 'NONE', #951, #1819, #1395 ) ;
#343 = DIRECTION ( 'NONE',  ( 0.000000000000000000, 0.000000000000000000, -1.000000000000000000 ) ) ;
#344 = CIRCLE ( 'NONE', #2785, 4.000000000000000000 ) ;
#345 = DIRECTION ( 'NONE',  ( -1.000000000000000000, 0.000000000000000000, 0.000000000000000000 ) ) ;
#346 = VERTEX_POINT ( 'NONE', #1701 ) ;
#347 = EDGE_LOOP ( 'NONE', ( #2747, #1956, #1937, #1498, #1838, #403, #2594, #1104, #495, #187, #30, #2479, #1625, #2104, #937, #1769, #1746, #260, #1859, #1002, #525, #615, #1737, #475, #587, #1537, #2327, #2632, #2329, #1001, #1396, #2723, #2661, #226, #165, #406, #2749, #2737, #1886, #2625, #1474 ) ) ;
#348 = ADVANCED_FACE ( 'NONE', ( #1031 ), #245, .T. ) ;
#349 = EDGE_CURVE ( 'NONE', #1245, #301, #1, .T. ) ;
#350 = DIRECTION ( 'NONE',  ( 1.000000000000000000, -0.000000000000000000, -0.000000000000000000 ) ) ;
#351 = LINE ( 'NONE', #2540, #1650 ) ;
#352 = DIRECTION ( 'NONE',  ( 1.000000000000000000, 0.000000000000000000, 0.000000000000000000 ) ) ;
#353 = AXIS2_PLACEMENT_3D ( 'NONE', #2700, #756, #1628 ) ;
#354 = EDGE_CURVE ( 'NONE', #1245, #895, #1430, .T. ) ;
#355 = CARTESIAN_POINT ( 'NONE',  ( -14.14213562373095101, -18.82278299076170924, 11.77721700923829218 ) ) ;
#356 = VERTEX_POINT ( 'NONE', #1514 ) ;
#357 = LINE ( 'NONE', #2284, #2681 ) ;
#358 = ORIENTED_EDGE ( 'NONE', *, *, #1635, .T. ) ;
#359 = FACE_OUTER_BOUND ( 'NONE', #2193, .T. ) ;
#360 = ORIENTED_EDGE ( 'NONE', *, *, #425, .F. ) ;
#361 = ORIENTED_EDGE ( 'NONE', *, *, #484, .F. ) ;
#362 = AXIS2_PLACEMENT_3D ( 'NONE', #513, #2415, #947 ) ;
#363 = LINE ( 'NONE', #2524, #808 ) ;
#364 = CARTESIAN_POINT ( 'NONE',  ( 0.000000000000000000, -15.00000000000000355, -14.99999999999999822 ) ) ;
#365 = VECTOR ( 'NONE', #1928, 1000.000000000000000 ) ;
#366 = FACE_OUTER_BOUND ( 'NONE', #68, .T. ) ;
#367 = EDGE_CURVE ( 'NONE', #1848, #2751, #1766, .T. ) ;
#368 = CYLINDRICAL_SURFACE ( 'NONE', #1226, 4.000000000000000000 ) ;
#369 = ORIENTED_EDGE ( 'NONE', *, *, #1297, .F. ) ;
#370 = CARTESIAN_POINT ( 'NONE',  ( 3.243350435632366136, 17.07696612981264650, -22.30955631059309141 ) ) ;
#371 = VECTOR ( 'NONE', #490, 1000.000000000000114 ) ;
#372 = ORIENTED_EDGE ( 'NONE', *, *, #2091, .T. ) ;
#373 = ORIENTED_EDGE ( 'NONE', *, *, #2064, .F. ) ;
#374 = CIRCLE ( 'NONE', #1176, 3.000000000000000888 ) ;
#375 = B_SPLINE_CURVE_WITH_KNOTS ( 'NONE', 3,
 ( #899, #1767, #230, #2353, #1548, #1735, #462, #1915, #1983, #430, #2401, #2192, #2, #259 ),
 .UNSPECIFIED., .F., .F.,
 ( 4, 2, 2, 2, 2, 2, 4 ),
 ( 0.000000000000000000, 0.001364082444670448651, 0.002046123667005672869, 0.002728164889340897303, 0.004092247334011344870, 0.004774288556346568436, 0.005456329778681792003 ),
 .UNSPECIFIED. ) ;
#376 = DIRECTION ( 'NONE',  ( -1.000000000000000000, 0.000000000000000000, 0.000000000000000000 ) ) ;
#377 = ORIENTED_EDGE ( 'NONE', *, *, #1989, .F. ) ;
#378 = ORIENTED_EDGE ( 'NONE', *, *, #1723, .F. ) ;
#379 = VECTOR ( 'NONE', #303, 1000.000000000000114 ) ;
#380 = B_SPLINE_CURVE_WITH_KNOTS ( 'NONE', 3,
 ( #101, #1808, #957, #273, #1127, #286, #1828, #745 ),
 .UNSPECIFIED., .F., .F.,
 ( 4, 2, 2, 4 ),
 ( 6.938893903907228378E-18, 0.0007528542065731575177, 0.001505708413146308097, 0.003011416826292606652 ),
 .UNSPECIFIED. ) ;
#381 = CARTESIAN_POINT ( 'NONE',  ( 13.59999999999999964, -23.60000000000000142, 3.000000000000000888 ) ) ;
#382 = CARTESIAN_POINT ( 'NONE',  ( 4.712797132045325021, 15.89847238923311146, -20.64005492509317108 ) ) ;
#383 = CARTESIAN_POINT ( 'NONE',  ( 3.000000000000001776, 23.21328349699118476, -17.98069331621073275 ) ) ;
#384 = EDGE_CURVE ( 'NONE', #1683, #131, #1950, .T. ) ;
#385 = DIRECTION ( 'NONE',  ( 0.000000000000000000, 0.7071067811865477948, -0.7071067811865473507 ) ) ;
#386 = ORIENTED_EDGE ( 'NONE', *, *, #628, .F. ) ;
#387 = CARTESIAN_POINT ( 'NONE',  ( 3.000000000000000000, -23.41758804972265651, 18.18499786894220804 ) ) ;
#388 = AXIS2_PLACEMENT_3D ( 'NONE', #816, #2769, #1688 ) ;
#389 = CARTESIAN_POINT ( 'NONE',  ( 0.000000000000000000, 6.999999999999999112, 23.60000000000000142 ) ) ;
#390 = ORIENTED_EDGE ( 'NONE', *, *, #1236, .T. ) ;
#391 = CARTESIAN_POINT ( 'NONE',  ( 5.655893138901311623, -14.99999999999825029, 20.23259018077870053 ) ) ;
#392 = ORIENTED_EDGE ( 'NONE', *, *, #656, .T. ) ;
#393 = ORIENTED_EDGE ( 'NONE', *, *, #2523, .F. ) ;
#394 = CIRCLE ( 'NONE', #1527, 2.250000000000000444 ) ;
#395 = EDGE_CURVE ( 'NONE', #732, #2609, #2612, .T. ) ;
#396 = LINE ( 'NONE', #1003, #1505 ) ;
#397 = CARTESIAN_POINT ( 'NONE',  ( 5.106853343298952908, 16.05235689867693338, -20.36751248065650088 ) ) ;
#398 = CARTESIAN_POINT ( 'NONE',  ( 0.000000000000000000, 52.11376977344857409, 46.88117959266810431 ) ) ;
#399 = DIRECTION ( 'NONE',  ( 0.000000000000000000, 0.000000000000000000, -1.000000000000000000 ) ) ;
#400 = EDGE_LOOP ( 'NONE', ( #2640, #1500, #1109, #1401 ) ) ;
#401 = DIRECTION ( 'NONE',  ( 0.000000000000000000, 0.000000000000000000, 1.000000000000000000 ) ) ;
#402 = CARTESIAN_POINT ( 'NONE',  ( 5.130117087875471604, -20.45053210110386033, 15.21794192032341897 ) ) ;
#403 = ORIENTED_EDGE ( 'NONE', *, *, #2133, .T. ) ;
#404 = FACE_BOUND ( 'NONE', #1042, .T. ) ;
#405 = EDGE_LOOP ( 'NONE', ( #672, #1607, #102, #851 ) ) ;
#406 = ORIENTED_EDGE ( 'NONE', *, *, #1724, .T. ) ;
#407 = CIRCLE ( 'NONE', #2731, 2.999999999999995559 ) ;
#408 = CARTESIAN_POINT ( 'NONE',  ( 13.59999999999999964, 0.000000000000000000, 23.60000000000000142 ) ) ;
#409 = CARTESIAN_POINT ( 'NONE',  ( 0.000000000000000000, -23.60000000000000142, -7.000000000000000000 ) ) ;
#410 = VECTOR ( 'NONE', #695, 999.9999999999998863 ) ;
#411 = LINE ( 'NONE', #1933, #1834 ) ;
#412 = VERTEX_POINT ( 'NONE', #18 ) ;
#413 = CIRCLE ( 'NONE', #1029, 4.000000000000000000 ) ;
#414 = FACE_OUTER_BOUND ( 'NONE', #2184, .T. ) ;
#415 = PLANE ( 'NONE',  #883 ) ;
#416 = VERTEX_POINT ( 'NONE', #1247 ) ;
#417 = CARTESIAN_POINT ( 'NONE',  ( 7.000000000000000888, 14.99999999999999645, 15.00000000000000178 ) ) ;
#418 = CARTESIAN_POINT ( 'NONE',  ( -76.34029080374268972, 7.000000000000006217, -36.39999999999999147 ) ) ;
#419 = ORIENTED_EDGE ( 'NONE', *, *, #2440, .F. ) ;
#420 = EDGE_CURVE ( 'NONE', #48, #309, #636, .T. ) ;
#421 = DIRECTION ( 'NONE',  ( 1.000000000000000000, 0.000000000000000000, 0.000000000000000000 ) ) ;
#422 = VECTOR ( 'NONE', #2386, 1000.000000000000000 ) ;
#423 = ORIENTED_EDGE ( 'NONE', *, *, #1161, .F. ) ;
#424 = ORIENTED_EDGE ( 'NONE', *, *, #69, .F. ) ;
#425 = EDGE_CURVE ( 'NONE', #1755, #1087, #794, .T. ) ;
#426 = AXIS2_PLACEMENT_3D ( 'NONE', #755, #2481, #1554 ) ;
#427 = DIRECTION ( 'NONE',  ( -1.000000000000000000, 0.000000000000000000, 0.000000000000000000 ) ) ;
#428 = DIRECTION ( 'NONE',  ( -1.000000000000000000, 0.000000000000000000, 0.000000000000000000 ) ) ;
#429 = AXIS2_PLACEMENT_3D ( 'NONE', #434, #928, #1156 ) ;
#430 = CARTESIAN_POINT ( 'NONE',  ( 4.718166588739929779, -15.45832209498380294, 20.69091227576425140 ) ) ;
#431 = ORIENTED_EDGE ( 'NONE', *, *, #2542, .T. ) ;
#432 = ADVANCED_FACE ( 'NONE', ( #1262 ), #1065, .T. ) ;
#433 = DIRECTION ( 'NONE',  ( 0.000000000000000000, 0.000000000000000000, -1.000000000000000000 ) ) ;
#434 = CARTESIAN_POINT ( 'NONE',  ( 0.000000000000000000, 5.332174861821640022, 8.638356021761239845 ) ) ;
#435 = ORIENTED_EDGE ( 'NONE', *, *, #1721, .F. ) ;
#436 = LINE ( 'NONE', #1251, #1225 ) ;
#437 = CARTESIAN_POINT ( 'NONE',  ( 13.59999999999999964, 14.99999999999999645, 12.75000000000000178 ) ) ;
#438 = VERTEX_POINT ( 'NONE', #36 ) ;
#439 = CARTESIAN_POINT ( 'NONE',  ( -14.00000000000000000, -15.00000000000000355, 15.00000000000000178 ) ) ;
#440 = ORIENTED_EDGE ( 'NONE', *, *, #1335, .T. ) ;
#441 = ORIENTED_EDGE ( 'NONE', *, *, #1341, .F. ) ;
#442 = AXIS2_PLACEMENT_3D ( 'NONE', #2701, #2249, #504 ) ;
#443 = DIRECTION ( 'NONE',  ( 0.000000000000000000, 0.7071067811865472397, -0.7071067811865479058 ) ) ;
#444 = DIRECTION ( 'NONE',  ( 0.000000000000000000, 0.000000000000000000, -1.000000000000000000 ) ) ;
#445 = CARTESIAN_POINT ( 'NONE',  ( 3.000000000000000000, -23.41758804972265651, -18.18499786894220449 ) ) ;
#446 = ORIENTED_EDGE ( 'NONE', *, *, #1568, .F. ) ;
#447 = EDGE_CURVE ( 'NONE', #604, #141, #2585, .T. ) ;
#448 = EDGE_LOOP ( 'NONE', ( #1250, #2582, #660, #1968, #1535, #2550, #727, #238, #2360, #1013, #793, #2493, #390, #1062, #810, #2690, #648 ) ) ;
#449 = FACE_OUTER_BOUND ( 'NONE', #190, .T. ) ;
#450 = ORIENTED_EDGE ( 'NONE', *, *, #996, .F. ) ;
#451 = VERTEX_POINT ( 'NONE', #2603 ) ;
#452 = ORIENTED_EDGE ( 'NONE', *, *, #694, .F. ) ;
#453 = EDGE_CURVE ( 'NONE', #2751, #2779, #670, .T. ) ;
#454 = CARTESIAN_POINT ( 'NONE',  ( 13.59999999999999964, -19.82446635190281370, -13.68678850928055368 ) ) ;
#455 = PLANE ( 'NONE',  #1710 ) ;
#456 = VECTOR ( 'NONE', #1547, 1000.000000000000114 ) ;
#457 = VERTEX_POINT ( 'NONE', #1310 ) ;
#458 = CARTESIAN_POINT ( 'NONE',  ( 3.000000000000000000, -19.99431948050904850, 14.76172929972860004 ) ) ;
#459 = ORIENTED_EDGE ( 'NONE', *, *, #1056, .T. ) ;
#460 = CARTESIAN_POINT ( 'NONE',  ( 0.000000000000000000, 9.332174861821640022, -12.63835602176123984 ) ) ;
#461 = CARTESIAN_POINT ( 'NONE',  ( 13.59999999999999964, 0.000000000000000000, 23.60000000000000142 ) ) ;
#462 = CARTESIAN_POINT ( 'NONE',  ( 3.608417262235364298, -16.47745088605033459, 21.71004106683078660 ) ) ;
#463 = ORIENTED_EDGE ( 'NONE', *, *, #729, .T. ) ;
#464 = VECTOR ( 'NONE', #2291, 1000.000000000000000 ) ;
#465 = VERTEX_POINT ( 'NONE', #1097 ) ;
#466 = CARTESIAN_POINT ( 'NONE',  ( 5.119986312258696159, 20.45560499561664614, 15.22301481483619412 ) ) ;
#467 = ORIENTED_EDGE ( 'NONE', *, *, #560, .F. ) ;
#468 = ORIENTED_EDGE ( 'NONE', *, *, #2370, .T. ) ;
#469 = EDGE_CURVE ( 'NONE', #1603, #769, #2085, .T. ) ;
#470 = EDGE_CURVE ( 'NONE', #1340, #2484, #2216, .T. ) ;
#471 = CARTESIAN_POINT ( 'NONE',  ( 6.765062961198613500, -14.76172929972860004, 19.99431948050905206 ) ) ;
#472 = CARTESIAN_POINT ( 'NONE',  ( 13.59999999999999964, -11.77721700923829751, 18.82278299076170569 ) ) ;
#473 = AXIS2_PLACEMENT_3D ( 'NONE', #191, #859, #2396 ) ;
#474 = DIRECTION ( 'NONE',  ( 0.000000000000000000, 0.000000000000000000, 1.000000000000000000 ) ) ;
#475 = ORIENTED_EDGE ( 'NONE', *, *, #302, .T. ) ;
#476 = DIRECTION ( 'NONE',  ( 1.000000000000000000, -0.000000000000000000, -0.000000000000000000 ) ) ;
#477 = CYLINDRICAL_SURFACE ( 'NONE', #2718, 2.250000000000003553 ) ;
#478 = CARTESIAN_POINT ( 'NONE',  ( 4.895587993928883108, -20.57937481466797891, -15.34678463388752689 ) ) ;
#479 = ORIENTED_EDGE ( 'NONE', *, *, #1836, .T. ) ;
#480 = AXIS2_PLACEMENT_3D ( 'NONE', #2699, #1800, #2627 ) ;
#481 = ORIENTED_EDGE ( 'NONE', *, *, #470, .F. ) ;
#482 = CARTESIAN_POINT ( 'NONE',  ( 4.479063881528241531, 20.85248749610159891, 15.61989731532115222 ) ) ;
#483 = VERTEX_POINT ( 'NONE', #1982 ) ;
#484 = EDGE_CURVE ( 'NONE', #240, #1059, #2635, .T. ) ;
#485 = CYLINDRICAL_SURFACE ( 'NONE', #2407, 7.000000000000000000 ) ;
#486 = FACE_OUTER_BOUND ( 'NONE', #1216, .T. ) ;
#487 = DIRECTION ( 'NONE',  ( 0.000000000000000000, 0.000000000000000000, -1.000000000000000000 ) ) ;
#488 = VERTEX_POINT ( 'NONE', #696 ) ;
#489 = FACE_OUTER_BOUND ( 'NONE', #1389, .T. ) ;
#490 = DIRECTION ( 'NONE',  ( 0.000000000000000000, -0.7071067811865474617, -0.7071067811865474617 ) ) ;
#491 = AXIS2_PLACEMENT_3D ( 'NONE', #2062, #128, #980 ) ;
#492 = CARTESIAN_POINT ( 'NONE',  ( 0.000000000000000000, 7.715274834628325378E-15, -39.39999999999999858 ) ) ;
#493 = CARTESIAN_POINT ( 'NONE',  ( 0.000000000000000000, -19.99431948050905561, -14.76172929972860715 ) ) ;
#494 = DIRECTION ( 'NONE',  ( -1.000000000000000000, 0.000000000000000000, 0.000000000000000000 ) ) ;
#495 = ORIENTED_EDGE ( 'NONE', *, *, #367, .T. ) ;
#496 = AXIS2_PLACEMENT_3D ( 'NONE', #1336, #2200, #1991 ) ;
#497 = DIRECTION ( 'NONE',  ( 0.000000000000000000, -0.5383892771022007473, -0.8426962598121399139 ) ) ;
#498 = DIRECTION ( 'NONE',  ( 1.000000000000000000, 0.000000000000000000, 0.000000000000000000 ) ) ;
#499 = CARTESIAN_POINT ( 'NONE',  ( 13.59999999999999964, 0.000000000000000000, 12.63835602176123984 ) ) ;
#500 = CARTESIAN_POINT ( 'NONE',  ( 5.655893138902991168, 14.99999999999999822, 20.23259018078044491 ) ) ;
#501 = DIRECTION ( 'NONE',  ( 0.000000000000000000, -0.5383892771022007473, -0.8426962598121399139 ) ) ;
#502 = CARTESIAN_POINT ( 'NONE',  ( 7.000000000000000888, -15.00000000000000355, 15.00000000000000178 ) ) ;
#503 = CARTESIAN_POINT ( 'NONE',  ( 5.247210304810278281, 15.14580664904418406, 20.37839682982462719 ) ) ;
#504 = DIRECTION ( 'NONE',  ( 0.000000000000000000, 0.000000000000000000, -1.000000000000000000 ) ) ;
#505 = CIRCLE ( 'NONE', #2074, 3.000000000000002665 ) ;
#506 = FACE_BOUND ( 'NONE', #1318, .T. ) ;
#507 = FACE_OUTER_BOUND ( 'NONE', #1764, .T. ) ;
#508 = ORIENTED_EDGE ( 'NONE', *, *, #2171, .F. ) ;
#509 = CIRCLE ( 'NONE', #866, 6.999999999999999112 ) ;
#510 = PRODUCT ( 'trial 1', 'trial 1', '', ( #147 ) ) ;
#511 = CIRCLE ( 'NONE', #60, 4.000000000000000000 ) ;
#512 = ADVANCED_FACE ( 'NONE', ( #1637 ), #477, .F. ) ;
#513 = CARTESIAN_POINT ( 'NONE',  ( 3.000000000000000000, 46.88117959266809009, -52.11376977344854566 ) ) ;
#514 = CARTESIAN_POINT ( 'NONE',  ( 13.59999999999999964, 23.60000000000000142, 3.000000000000010214 ) ) ;
#515 = EDGE_CURVE ( 'NONE', #1122, #2124, #519, .T. ) ;
#516 = DIRECTION ( 'NONE',  ( 0.000000000000000000, 0.000000000000000000, -1.000000000000000000 ) ) ;
#517 = DIRECTION ( 'NONE',  ( 1.000000000000000000, 0.000000000000000000, 0.000000000000000000 ) ) ;
#518 = CARTESIAN_POINT ( 'NONE',  ( 3.000000000000000000, 19.99431948050904495, 14.76172929972859116 ) ) ;
#519 = CIRCLE ( 'NONE', #2356, 2.250000000000000444 ) ;
#520 = CIRCLE ( 'NONE', #111, 7.000000000000000000 ) ;
#521 = CARTESIAN_POINT ( 'NONE',  ( 0.000000000000000000, 52.11376977344854566, -46.88117959266809009 ) ) ;
#522 = AXIS2_PLACEMENT_3D ( 'NONE', #2321, #1238, #399 ) ;
#523 = FACE_OUTER_BOUND ( 'NONE', #220, .T. ) ;
#524 = FACE_OUTER_BOUND ( 'NONE', #1908, .T. ) ;
#525 = ORIENTED_EDGE ( 'NONE', *, *, #893, .F. ) ;
#526 = DIRECTION ( 'NONE',  ( 0.000000000000000000, 0.000000000000000000, 1.000000000000000000 ) ) ;
#527 = DIRECTION ( 'NONE',  ( 1.000000000000000000, 0.000000000000000000, 0.000000000000000000 ) ) ;
#528 = EDGE_CURVE ( 'NONE', #559, #451, #150, .T. ) ;
#529 = CARTESIAN_POINT ( 'NONE',  ( -76.34029080374268972, 7.000000000000006217, -36.39999999999999147 ) ) ;
#530 = VECTOR ( 'NONE', #334, 1000.000000000000114 ) ;
#531 = ADVANCED_FACE ( 'NONE', ( #708 ), #285, .T. ) ;
#532 = CARTESIAN_POINT ( 'NONE',  ( 3.000000000000000000, 49.49747468305866960, -46.49747468305798037 ) ) ;
#533 = ORIENTED_EDGE ( 'NONE', *, *, #1384, .F. ) ;
#534 = CARTESIAN_POINT ( 'NONE',  ( 0.000000000000000000, 9.332174861821640022, 8.638356021761239845 ) ) ;
#535 = CARTESIAN_POINT ( 'NONE',  ( 0.000000000000000000, -3.370785039248560988, -21.96922704839736085 ) ) ;
#536 = ORIENTED_EDGE ( 'NONE', *, *, #129, .F. ) ;
#537 = EDGE_CURVE ( 'NONE', #1979, #2037, #1140, .T. ) ;
#538 = CARTESIAN_POINT ( 'NONE',  ( 3.967140510602340076, 16.06338160320893138, 21.29597178398937274 ) ) ;
#539 = DIRECTION ( 'NONE',  ( 0.000000000000000000, -0.7071067811865477948, 0.7071067811865473507 ) ) ;
#540 = EDGE_LOOP ( 'NONE', ( #1114, #2791, #1393, #2508 ) ) ;
#541 = LINE ( 'NONE', #521, #379 ) ;
#542 = SHAPE_DEFINITION_REPRESENTATION ( #281, #1035 ) ;
#543 = ADVANCED_FACE ( 'NONE', ( #1561 ), #731, .F. ) ;
#544 = CIRCLE ( 'NONE', #1780, 4.000000000000000000 ) ;
#545 = DIRECTION ( 'NONE',  ( -1.000000000000000000, -0.000000000000000000, -0.000000000000000000 ) ) ;
#546 = CARTESIAN_POINT ( 'NONE',  ( 0.000000000000000000, 51.75604996696842619, 47.52292721923011243 ) ) ;
#547 = VERTEX_POINT ( 'NONE', #1995 ) ;
#548 = LINE ( 'NONE', #906, #22 ) ;
#549 = DIRECTION ( 'NONE',  ( 1.000000000000000000, 0.000000000000000000, 0.000000000000000000 ) ) ;
#550 = CARTESIAN_POINT ( 'NONE',  ( 3.939264465668101955, 21.32083713795333324, -16.08824695717288478 ) ) ;
#551 = VERTEX_POINT ( 'NONE', #1651 ) ;
#552 = CYLINDRICAL_SURFACE ( 'NONE', #2494, 3.000000000000002665 ) ;
#553 = ORIENTED_EDGE ( 'NONE', *, *, #1384, .T. ) ;
#554 = VECTOR ( 'NONE', #1057, 1000.000000000000000 ) ;
#555 = EDGE_CURVE ( 'NONE', #1979, #1314, #879, .T. ) ;
#556 = AXIS2_PLACEMENT_3D ( 'NONE', #1608, #87, #1844 ) ;
#557 = FACE_OUTER_BOUND ( 'NONE', #1418, .T. ) ;
#558 = EDGE_CURVE ( 'NONE', #1303, #1683, #1589, .T. ) ;
#559 = VERTEX_POINT ( 'NONE', #2489 ) ;
#560 = EDGE_CURVE ( 'NONE', #981, #2067, #257, .T. ) ;
#561 = LINE ( 'NONE', #1417, #2257 ) ;
#562 = ORIENTED_EDGE ( 'NONE', *, *, #10, .F. ) ;
#563 = ORIENTED_EDGE ( 'NONE', *, *, #1101, .T. ) ;
#564 = EDGE_CURVE ( 'NONE', #1019, #547, #1957, .T. ) ;
#565 = LINE ( 'NONE', #137, #2576 ) ;
#567 = CIRCLE ( 'NONE', #2239, 2.999999999999995559 ) ;
#566 = DIRECTION ( 'NONE',  ( 0.000000000000000000, -0.7071067811865477948, 0.7071067811865473507 ) ) ;
#568 = DIRECTION ( 'NONE',  ( 0.000000000000000000, 0.4916668203100937329, 0.8707834046455880106 ) ) ;
#569 = ORIENTED_EDGE ( 'NONE', *, *, #1890, .F. ) ;
#570 = CARTESIAN_POINT ( 'NONE',  ( 13.59999999999999964, -15.00000000000000355, -17.24999999999999645 ) ) ;
#571 = ORIENTED_EDGE ( 'NONE', *, *, #1534, .F. ) ;
#572 = VECTOR ( 'NONE', #2024, 1000.000000000000000 ) ;
#573 = B_SPLINE_CURVE_WITH_KNOTS ( 'NONE', 3,
 ( #1551, #52, #1519, #2169, #232, #1955, #24, #1315, #1783, #1069 ),
 .UNSPECIFIED., .F., .F.,
 ( 4, 2, 2, 2, 4 ),
 ( 0.000000000000000000, 0.0009487515599370453627, 0.001897503119874090725, 0.002846254679811136088, 0.003795006239748181451 ),
 .UNSPECIFIED. ) ;
#574 = CARTESIAN_POINT ( 'NONE',  ( 3.000000000000000000, -23.41758804972265651, 18.18499786894220804 ) ) ;
#575 = ORIENTED_EDGE ( 'NONE', *, *, #2055, .F. ) ;
#576 = CARTESIAN_POINT ( 'NONE',  ( 3.000000000000000000, -19.99431948050905561, -14.76172929972860715 ) ) ;
#577 = VERTEX_POINT ( 'NONE', #514 ) ;
#578 = ADVANCED_FACE ( 'NONE', ( #557 ), #2442, .F. ) ;
#579 = EDGE_LOOP ( 'NONE', ( #2335, #1376, #2403, #2382 ) ) ;
#580 = CARTESIAN_POINT ( 'NONE',  ( 6.085373921099749950, 14.86511142525020190, 20.09770160603064681 ) ) ;
#581 = DIRECTION ( 'NONE',  ( 0.000000000000000000, 0.7071067811865474617, -0.7071067811865474617 ) ) ;
#582 = DIRECTION ( 'NONE',  ( 0.000000000000000000, 0.000000000000000000, -1.000000000000000000 ) ) ;
#583 = AXIS2_PLACEMENT_3D ( 'NONE', #461, #898, #444 ) ;
#584 = CARTESIAN_POINT ( 'NONE',  ( 13.59999999999999964, -23.60000000000000142, 3.000000000000000888 ) ) ;
#585 = ORIENTED_EDGE ( 'NONE', *, *, #1533, .T. ) ;
#586 = CARTESIAN_POINT ( 'NONE',  ( 3.939264465668100179, -21.32083713795332258, 16.08824695717288478 ) ) ;
#587 = ORIENTED_EDGE ( 'NONE', *, *, #2218, .T. ) ;
#588 = CARTESIAN_POINT ( 'NONE',  ( 13.59999999999999964, -9.332174861821640022, 23.60000000000000142 ) ) ;
#589 = ORIENTED_EDGE ( 'NONE', *, *, #2030, .F. ) ;
#590 = ORIENTED_EDGE ( 'NONE', *, *, #933, .F. ) ;
#591 = ADVANCED_FACE ( 'NONE', ( #90 ), #1414, .T. ) ;
#592 = DIRECTION ( 'NONE',  ( 0.000000000000000000, 0.000000000000000000, -1.000000000000000000 ) ) ;
#593 = CYLINDRICAL_SURFACE ( 'NONE', #930, 2.999999999999995559 ) ;
#594 = VECTOR ( 'NONE', #1060, 1000.000000000000000 ) ;
#595 = CARTESIAN_POINT ( 'NONE',  ( 4.899939635140118099, 20.57672866253067312, -15.34413848175021400 ) ) ;
#596 = DIRECTION ( 'NONE',  ( 1.000000000000000000, 0.000000000000000000, -0.000000000000000000 ) ) ;
#597 = ORIENTED_EDGE ( 'NONE', *, *, #1621, .F. ) ;
#598 = VECTOR ( 'NONE', #1288, 999.9999999999998863 ) ;
#599 = DIRECTION ( 'NONE',  ( 0.000000000000000000, 0.000000000000000000, 1.000000000000000000 ) ) ;
#600 = CARTESIAN_POINT ( 'NONE',  ( 3.780669642529041141, -21.49291527794808232, 16.26032509716763030 ) ) ;
#601 = EDGE_LOOP ( 'NONE', ( #744, #463 ) ) ;
#602 = EDGE_CURVE ( 'NONE', #356, #201, #948, .T. ) ;
#603 = LINE ( 'NONE', #779, #1134 ) ;
#604 = VERTEX_POINT ( 'NONE', #984 ) ;
#605 = ORIENTED_EDGE ( 'NONE', *, *, #2013, .F. ) ;
#606 = DIRECTION ( 'NONE',  ( -0.000000000000000000, -0.7071067811865477948, -0.7071067811865473507 ) ) ;
#607 = DIRECTION ( 'NONE',  ( -1.000000000000000000, -0.000000000000000000, -0.000000000000000000 ) ) ;
#608 = FACE_OUTER_BOUND ( 'NONE', #2516, .T. ) ;
#609 = DIRECTION ( 'NONE',  ( 0.000000000000000000, -0.7071067811865474617, -0.7071067811865474617 ) ) ;
#610 = VERTEX_POINT ( 'NONE', #2532 ) ;
#611 = ADVANCED_FACE ( 'NONE', ( #1907 ), #2790, .T. ) ;
#612 = DIRECTION ( 'NONE',  ( 0.000000000000000000, 0.000000000000000000, 1.000000000000000000 ) ) ;
#613 =( GEOMETRIC_REPRESENTATION_CONTEXT ( 3 ) GLOBAL_UNCERTAINTY_ASSIGNED_CONTEXT ( ( #1137 ) ) GLOBAL_UNIT_ASSIGNED_CONTEXT ( ( #2571, #19, #849 ) ) REPRESENTATION_CONTEXT ( 'NONE', 'WORKASPACE' ) );
#614 = LINE ( 'NONE', #189, #1689 ) ;
#615 = ORIENTED_EDGE ( 'NONE', *, *, #1011, .T. ) ;
#616 = CARTESIAN_POINT ( 'NONE',  ( 13.59999999999999964, 5.332174861821640022, 12.63835602176123984 ) ) ;
#617 = EDGE_LOOP ( 'NONE', ( #164, #2347, #2113, #419 ) ) ;
#618 = VERTEX_POINT ( 'NONE', #2518 ) ;
#619 = CARTESIAN_POINT ( 'NONE',  ( 13.59999999999999964, 7.715274834628325378E-15, -39.39999999999999858 ) ) ;
#620 = DIRECTION ( 'NONE',  ( 0.000000000000000000, -1.734723475976807489E-15, 1.000000000000000000 ) ) ;
#621 = CARTESIAN_POINT ( 'NONE',  ( 3.000000000000000000, -23.00863248175809517, -17.77604230097763605 ) ) ;
#622 = ORIENTED_EDGE ( 'NONE', *, *, #715, .F. ) ;
#623 = EDGE_CURVE ( 'NONE', #732, #2348, #357, .T. ) ;
#624 = CARTESIAN_POINT ( 'NONE',  ( 3.000000000000000000, -46.88117959266809009, 52.11376977344854566 ) ) ;
#625 = CARTESIAN_POINT ( 'NONE',  ( 3.000000000000000000, 52.11376977344854566, -46.88117959266809009 ) ) ;
#626 = EDGE_CURVE ( 'NONE', #451, #1771, #782, .T. ) ;
#627 = DIRECTION ( 'NONE',  ( 1.000000000000000000, 0.000000000000000000, 0.000000000000000000 ) ) ;
#628 = EDGE_CURVE ( 'NONE', #1741, #1709, #148, .T. ) ;
#629 = CARTESIAN_POINT ( 'NONE',  ( 3.390564535491742859, -22.03219545039651450, 16.79960526961606604 ) ) ;
#630 = ORIENTED_EDGE ( 'NONE', *, *, #835, .F. ) ;
#631 = DIRECTION ( 'NONE',  ( -1.000000000000000000, -0.000000000000000000, -0.000000000000000000 ) ) ;
#632 = EDGE_LOOP ( 'NONE', ( #2313, #172, #804, #2580 ) ) ;
#633 = ADVANCED_FACE ( 'NONE', ( #1252 ), #1597, .F. ) ;
#634 = ORIENTED_EDGE ( 'NONE', *, *, #1471, .F. ) ;
#635 = CARTESIAN_POINT ( 'NONE',  ( 3.000000000000000000, -51.61879502661795982, 47.37615433949867594 ) ) ;
#636 = LINE ( 'NONE', #2570, #2379 ) ;
#637 = AXIS2_PLACEMENT_3D ( 'NONE', #681, #1079, #256 ) ;
#638 = VERTEX_POINT ( 'NONE', #1881 ) ;
#639 = ORIENTED_EDGE ( 'NONE', *, *, #760, .T. ) ;
#640 = DIRECTION ( 'NONE',  ( 0.000000000000000000, 0.000000000000000000, -1.000000000000000000 ) ) ;
#641 = ORIENTED_EDGE ( 'NONE', *, *, #1989, .T. ) ;
#642 = ORIENTED_EDGE ( 'NONE', *, *, #120, .F. ) ;
#643 = LINE ( 'NONE', #821, #2088 ) ;
#644 = CYLINDRICAL_SURFACE ( 'NONE', #121, 2.249999999999998668 ) ;
#645 = ORIENTED_EDGE ( 'NONE', *, *, #1147, .F. ) ;
#646 = VERTEX_POINT ( 'NONE', #2095 ) ;
#647 = FACE_BOUND ( 'NONE', #208, .T. ) ;
#648 = ORIENTED_EDGE ( 'NONE', *, *, #1787, .T. ) ;
#649 = VERTEX_POINT ( 'NONE', #161 ) ;
#650 = AXIS2_PLACEMENT_3D ( 'NONE', #44, #1334, #497 ) ;
#651 = LINE ( 'NONE', #49, #2077 ) ;
#652 = DIRECTION ( 'NONE',  ( 1.000000000000000000, 0.000000000000000000, 0.000000000000000000 ) ) ;
#653 = AXIS2_PLACEMENT_3D ( 'NONE', #871, #2639, #1738 ) ;
#654 = FILL_AREA_STYLE_COLOUR ( '', #2153 ) ;
#655 = ORIENTED_EDGE ( 'NONE', *, *, #2012, .F. ) ;
#656 = EDGE_CURVE ( 'NONE', #2197, #1492, #1058, .T. ) ;
#657 = EDGE_CURVE ( 'NONE', #2702, #2112, #2449, .T. ) ;
#658 = ORIENTED_EDGE ( 'NONE', *, *, #1469, .F. ) ;
#659 = PLANE ( 'NONE',  #1179 ) ;
#660 = ORIENTED_EDGE ( 'NONE', *, *, #1813, .T. ) ;
#661 = ORIENTED_EDGE ( 'NONE', *, *, #2443, .F. ) ;
#662 = CARTESIAN_POINT ( 'NONE',  ( 3.000000000000000000, -23.41758804972265651, -18.18499786894220449 ) ) ;
#663 = CARTESIAN_POINT ( 'NONE',  ( 13.59999999999999964, 23.60000000000000142, 9.108356170405185248E-15 ) ) ;
#664 = AXIS2_PLACEMENT_3D ( 'NONE', #66, #2460, #2432 ) ;
#665 = ORIENTED_EDGE ( 'NONE', *, *, #2662, .T. ) ;
#666 = LINE ( 'NONE', #2126, #815 ) ;
#667 = EDGE_LOOP ( 'NONE', ( #2319, #2033, #797, #1284 ) ) ;
#668 = ADVANCED_FACE ( 'NONE', ( #1694 ), #2547, .T. ) ;
#669 = DIRECTION ( 'NONE',  ( -1.000000000000000000, -0.000000000000000000, -0.000000000000000000 ) ) ;
#670 = LINE ( 'NONE', #1530, #422 ) ;
#671 = DIRECTION ( 'NONE',  ( -1.000000000000000000, 0.000000000000000000, 0.000000000000000000 ) ) ;
#672 = ORIENTED_EDGE ( 'NONE', *, *, #2355, .F. ) ;
#673 = TOROIDAL_SURFACE ( 'NONE', #792, 9.000000000000001776, 4.000000000000000000 ) ;
#674 = VERTEX_POINT ( 'NONE', #389 ) ;
#675 = CARTESIAN_POINT ( 'NONE',  ( 3.758197146316912374, 21.48731818569338259, 16.25472800491292702 ) ) ;
#676 = VERTEX_POINT ( 'NONE', #1023 ) ;
#677 = FACE_BOUND ( 'NONE', #323, .T. ) ;
#678 = LINE ( 'NONE', #1942, #2182 ) ;
#679 = CARTESIAN_POINT ( 'NONE',  ( 0.000000000000000000, 47.37615433949869725, 51.61879502661797403 ) ) ;
#680 = ORIENTED_EDGE ( 'NONE', *, *, #2621, .T. ) ;
#681 = CARTESIAN_POINT ( 'NONE',  ( 6.999999999999997335, 15.00000000000000000, -14.99999999999999822 ) ) ;
#682 = DIRECTION ( 'NONE',  ( -0.000000000000000000, 0.7071067811865479058, 0.7071067811865472397 ) ) ;
#683 = SURFACE_SIDE_STYLE ('',( #1515 ) ) ;
#684 = ORIENTED_EDGE ( 'NONE', *, *, #96, .F. ) ;
#685 = EDGE_CURVE ( 'NONE', #551, #2713, #614, .T. ) ;
#686 = VECTOR ( 'NONE', #831, 1000.000000000000114 ) ;
#687 = CARTESIAN_POINT ( 'NONE',  ( 0.000000000000000000, -23.60000000000000142, 0.000000000000000000 ) ) ;
#688 = LINE ( 'NONE', #903, #2454 ) ;
#689 = VERTEX_POINT ( 'NONE', #437 ) ;
#690 = VECTOR ( 'NONE', #2413, 1000.000000000000000 ) ;
#691 = DIRECTION ( 'NONE',  ( 0.000000000000000000, 0.000000000000000000, 1.000000000000000000 ) ) ;
#692 = DIRECTION ( 'NONE',  ( 1.000000000000000000, 0.000000000000000000, 0.000000000000000000 ) ) ;
#693 = LINE ( 'NONE', #1596, #690 ) ;
#694 = EDGE_CURVE ( 'NONE', #547, #457, #73, .T. ) ;
#695 = DIRECTION ( 'NONE',  ( -0.000000000000000000, -0.7071067811865525687, 0.7071067811865425767 ) ) ;
#696 = CARTESIAN_POINT ( 'NONE',  ( 3.000000000000000000, 51.61879502661830799, -47.37615433949832777 ) ) ;
#697 = CARTESIAN_POINT ( 'NONE',  ( 6.999999999999997335, -15.00000000000000355, -14.99999999999999822 ) ) ;
#698 = VECTOR ( 'NONE', #2101, 1000.000000000000000 ) ;
#699 = AXIS2_PLACEMENT_3D ( 'NONE', #1770, #2136, #1756 ) ;
#700 = DIRECTION ( 'NONE',  ( -1.000000000000000000, -0.000000000000000000, -0.000000000000000000 ) ) ;
#701 = LINE ( 'NONE', #2419, #2646 ) ;
#702 = ORIENTED_EDGE ( 'NONE', *, *, #2448, .F. ) ;
#703 = TOROIDAL_SURFACE ( 'NONE', #1793, 9.000000000000001776, 4.000000000000000000 ) ;
#704 = CARTESIAN_POINT ( 'NONE',  ( -14.00000000000000000, -15.00000000000000355, -14.99999999999999822 ) ) ;
#705 = DIRECTION ( 'NONE',  ( 0.000000000000000000, 0.000000000000000000, -1.000000000000000000 ) ) ;
#706 = CARTESIAN_POINT ( 'NONE',  ( 13.59999999999999964, 0.000000000000000000, 23.60000000000000142 ) ) ;
#707 = DIRECTION ( 'NONE',  ( -1.000000000000000000, 0.000000000000000000, 0.000000000000000000 ) ) ;
#708 = FACE_OUTER_BOUND ( 'NONE', #2170, .T. ) ;
#709 = PLANE ( 'NONE',  #1157 ) ;
#710 = DIRECTION ( 'NONE',  ( -1.000000000000000000, -0.000000000000000000, -0.000000000000000000 ) ) ;
#711 = CARTESIAN_POINT ( 'NONE',  ( 3.000000000000000000, -51.61879502661796693, -47.37615433949869015 ) ) ;
#712 = VERTEX_POINT ( 'NONE', #2160 ) ;
#713 = CIRCLE ( 'NONE', #2695, 2.250000000000000444 ) ;
#714 = LINE ( 'NONE', #2199, #1369 ) ;
#715 = EDGE_CURVE ( 'NONE', #1340, #1303, #678, .T. ) ;
#716 = DIRECTION ( 'NONE',  ( 1.000000000000000000, 0.000000000000000000, 0.000000000000000000 ) ) ;
#717 = EDGE_CURVE ( 'NONE', #769, #1603, #959, .T. ) ;
#718 = EDGE_CURVE ( 'NONE', #888, #844, #266, .T. ) ;
#719 = DIRECTION ( 'NONE',  ( 0.000000000000000000, 0.000000000000000000, -1.000000000000000000 ) ) ;
#720 = VECTOR ( 'NONE', #428, 1000.000000000000000 ) ;
#721 = CARTESIAN_POINT ( 'NONE',  ( 3.000000000000000000, -15.00000000000000355, 15.00000000000000178 ) ) ;
#722 = DIRECTION ( 'NONE',  ( 1.000000000000000000, -0.000000000000000000, -0.000000000000000000 ) ) ;
#723 = CARTESIAN_POINT ( 'NONE',  ( 13.60000000000000853, 9.332174861821640022, -11.46965711278947353 ) ) ;
#724 = DIRECTION ( 'NONE',  ( 1.000000000000000000, 0.000000000000000000, 0.000000000000000000 ) ) ;
#725 = CARTESIAN_POINT ( 'NONE',  ( -76.34029080374268972, -6.999999999999999112, 23.60000000000000142 ) ) ;
#726 = CARTESIAN_POINT ( 'NONE',  ( -14.14213562373095101, 16.36750501450887185, -19.80935858876140188 ) ) ;
#727 = ORIENTED_EDGE ( 'NONE', *, *, #2330, .T. ) ;
#728 = CARTESIAN_POINT ( 'NONE',  ( 13.59999999999999964, -16.36750501450886119, -19.80935858876140898 ) ) ;
#729 = EDGE_CURVE ( 'NONE', #1443, #2784, #2041, .T. ) ;
#730 = FACE_OUTER_BOUND ( 'NONE', #304, .T. ) ;
#731 = CYLINDRICAL_SURFACE ( 'NONE', #1742, 2.250000000000000444 ) ;
#732 = VERTEX_POINT ( 'NONE', #2424 ) ;
#733 = EDGE_CURVE ( 'NONE', #2388, #1325, #2404, .T. ) ;
#734 = CARTESIAN_POINT ( 'NONE',  ( 13.59999999999999964, -15.00000000000000355, -14.99999999999999822 ) ) ;
#735 = AXIS2_PLACEMENT_3D ( 'NONE', #1211, #841, #2775 ) ;
#736 = CARTESIAN_POINT ( 'NONE',  ( 13.59999999999999964, 7.347880794884118356E-15, -36.39999999999999147 ) ) ;
#737 = DIRECTION ( 'NONE',  ( 0.000000000000000000, 0.000000000000000000, 1.000000000000000000 ) ) ;
#738 = ADVANCED_FACE ( 'NONE', ( #1351 ), #644, .F. ) ;
#739 = CARTESIAN_POINT ( 'NONE',  ( 0.000000000000000000, 11.77721700923829218, 18.82278299076171280 ) ) ;
#740 = VECTOR ( 'NONE', #1706, 1000.000000000000000 ) ;
#741 = DIRECTION ( 'NONE',  ( 0.000000000000000000, 0.000000000000000000, 1.000000000000000000 ) ) ;
#742 = EDGE_CURVE ( 'NONE', #844, #2137, #344, .T. ) ;
#743 = CARTESIAN_POINT ( 'NONE',  ( 0.000000000000000000, 19.99431948050904850, -14.76172929972859471 ) ) ;
#744 = ORIENTED_EDGE ( 'NONE', *, *, #1413, .T. ) ;
#745 = CARTESIAN_POINT ( 'NONE',  ( 4.357195576444669705, -15.72128267389226863, -20.95387285467272065 ) ) ;
#746 = ORIENTED_EDGE ( 'NONE', *, *, #558, .T. ) ;
#747 = FACE_OUTER_BOUND ( 'NONE', #872, .T. ) ;
#748 = LINE ( 'NONE', #757, #2593 ) ;
#749 = DIRECTION ( 'NONE',  ( 0.000000000000000000, 0.000000000000000000, -1.000000000000000000 ) ) ;
#750 = VECTOR ( 'NONE', #1602, 1000.000000000000000 ) ;
#751 = ORIENTED_EDGE ( 'NONE', *, *, #1228, .T. ) ;
#752 = LINE ( 'NONE', #588, #917 ) ;
#753 = DIRECTION ( 'NONE',  ( 0.000000000000000000, -1.526556658859590559E-14, 1.000000000000000000 ) ) ;
#754 = ORIENTED_EDGE ( 'NONE', *, *, #2158, .T. ) ;
#755 = CARTESIAN_POINT ( 'NONE',  ( 13.59999999999999964, 0.000000000000000000, 23.60000000000000142 ) ) ;
#756 = DIRECTION ( 'NONE',  ( 1.000000000000000000, 0.000000000000000000, 0.000000000000000000 ) ) ;
#757 = CARTESIAN_POINT ( 'NONE',  ( -14.00000000000000000, 14.99999999999999645, 12.75000000000000178 ) ) ;
#758 = ADVANCED_FACE ( 'NONE', ( #2381 ), #1106, .T. ) ;
#759 = VERTEX_POINT ( 'NONE', #2578 ) ;
#760 = EDGE_CURVE ( 'NONE', #577, #676, #975, .T. ) ;
#761 = DIRECTION ( 'NONE',  ( 1.000000000000000000, 0.000000000000000000, 0.000000000000000000 ) ) ;
#762 = EDGE_CURVE ( 'NONE', #1048, #1314, #1321, .T. ) ;
#763 = CIRCLE ( 'NONE', #1356, 3.000000000000000888 ) ;
#764 = CIRCLE ( 'NONE', #1943, 4.999999999999999112 ) ;
#765 = ADVANCED_FACE ( 'NONE', ( #29 ), #455, .F. ) ;
#766 = AXIS2_PLACEMENT_3D ( 'NONE', #706, #2201, #954 ) ;
#767 = DIRECTION ( 'NONE',  ( -1.000000000000000000, 0.000000000000000000, 0.000000000000000000 ) ) ;
#768 = ORIENTED_EDGE ( 'NONE', *, *, #420, .F. ) ;
#769 = VERTEX_POINT ( 'NONE', #2173 ) ;
#770 = CARTESIAN_POINT ( 'NONE',  ( 3.000000000000000000, 49.49747468305832143, 49.49747468305831433 ) ) ;
#771 = CARTESIAN_POINT ( 'NONE',  ( 4.528919888833673468, 15.81356013579179809, -20.79044168721210184 ) ) ;
#772 = CARTESIAN_POINT ( 'NONE',  ( 3.000000000000000000, -46.88117959266809009, 52.11376977344854566 ) ) ;
#773 = ORIENTED_EDGE ( 'NONE', *, *, #1011, .F. ) ;
#774 = CIRCLE ( 'NONE', #2080, 3.000000000000002665 ) ;
#775 = CARTESIAN_POINT ( 'NONE',  ( 13.59999999999999964, 23.60000000000000142, 7.000000000000009770 ) ) ;
#776 = AXIS2_PLACEMENT_3D ( 'NONE', #704, #2186, #1785 ) ;
#777 = DIRECTION ( 'NONE',  ( 0.000000000000000000, 0.000000000000000000, 1.000000000000000000 ) ) ;
#778 = ORIENTED_EDGE ( 'NONE', *, *, #762, .F. ) ;
#779 = CARTESIAN_POINT ( 'NONE',  ( 0.000000000000000000, -9.332174861821640022, -12.63835602176123984 ) ) ;
#780 = VERTEX_POINT ( 'NONE', #472 ) ;
#781 = ORIENTED_EDGE ( 'NONE', *, *, #2505, .T. ) ;
#782 = B_SPLINE_CURVE_WITH_KNOTS ( 'NONE', 3,
 ( #2081, #1893, #1459, #1240, #1428, #1869, #857, #402, #2325, #1708, #1037, #586, #600, #2563, #629, #2122, #1271, #1487, #1442, #574 ),
 .UNSPECIFIED., .F., .F.,
 ( 4, 2, 2, 2, 2, 2, 2, 2, 2, 4 ),
 ( 0.000000000000000000, 0.0008545796566163196438, 0.001281869484924480496, 0.001709159313232641456, 0.002563738969848963160, 0.003418318626465285080, 0.004272898283081606567, 0.005127477939697928921, 0.005982057596314251276, 0.006836637252930573630 ),
 .UNSPECIFIED. ) ;
#783 = CARTESIAN_POINT ( 'NONE',  ( -14.00000000000000000, -15.00000000000000355, -14.99999999999999822 ) ) ;
#785 = AXIS2_PLACEMENT_3D ( 'NONE', #2446, #1372, #2256 ) ;
#784 = CARTESIAN_POINT ( 'NONE',  ( 13.59999999999999964, 23.60000000000000142, 9.108356170405185248E-15 ) ) ;
#786 = CARTESIAN_POINT ( 'NONE',  ( 5.622057989885060003, 20.24249564438353133, -15.00990546360307221 ) ) ;
#787 = ORIENTED_EDGE ( 'NONE', *, *, #2674, .F. ) ;
#788 = LINE ( 'NONE', #1222, #1410 ) ;
#789 = CIRCLE ( 'NONE', #1918, 4.000000000000000000 ) ;
#790 = DIRECTION ( 'NONE',  ( -1.000000000000000000, 0.000000000000000000, 0.000000000000000000 ) ) ;
#791 = EDGE_CURVE ( 'NONE', #1059, #1698, #713, .T. ) ;
#792 = AXIS2_PLACEMENT_3D ( 'NONE', #502, #1164, #2677 ) ;
#793 = ORIENTED_EDGE ( 'NONE', *, *, #733, .T. ) ;
#794 = CIRCLE ( 'NONE', #2588, 4.999999999999999112 ) ;
#795 = EDGE_CURVE ( 'NONE', #2096, #1429, #1570, .T. ) ;
#796 = LINE ( 'NONE', #1196, #2630 ) ;
#797 = ORIENTED_EDGE ( 'NONE', *, *, #349, .T. ) ;
#798 = ORIENTED_EDGE ( 'NONE', *, *, #1015, .T. ) ;
#799 = CARTESIAN_POINT ( 'NONE',  ( 5.655893138902991168, 14.99999999999999822, 20.23259018078044491 ) ) ;
#800 = CARTESIAN_POINT ( 'NONE',  ( 6.000676774099190425, 16.28521685048678691, -19.95509786721014578 ) ) ;
#801 = LINE ( 'NONE', #169, #2315 ) ;
#802 = EDGE_CURVE ( 'NONE', #2724, #1181, #907, .T. ) ;
#803 = CARTESIAN_POINT ( 'NONE',  ( 0.000000000000000000, -6.999999999999999112, 23.60000000000000142 ) ) ;
#804 = ORIENTED_EDGE ( 'NONE', *, *, #330, .T. ) ;
#805 = CARTESIAN_POINT ( 'NONE',  ( 3.000000000000000000, -49.49747468305831433, -46.49747468305832854 ) ) ;
#806 = CARTESIAN_POINT ( 'NONE',  ( 3.031841955348486106, 17.73442687457464118, -22.96701705535508609 ) ) ;
#807 = ORIENTED_EDGE ( 'NONE', *, *, #306, .T. ) ;
#808 = VECTOR ( 'NONE', #1862, 1000.000000000000114 ) ;
#809 = CARTESIAN_POINT ( 'NONE',  ( 3.000000000000000000, -47.37615433949868304, -51.61879502661798114 ) ) ;
#810 = ORIENTED_EDGE ( 'NONE', *, *, #2715, .T. ) ;
#811 = ORIENTED_EDGE ( 'NONE', *, *, #795, .F. ) ;
#812 = ADVANCED_FACE ( 'NONE', ( #486 ), #1119, .T. ) ;
#813 = DIRECTION ( 'NONE',  ( -1.000000000000000000, 0.000000000000000000, 0.000000000000000000 ) ) ;
#814 = LINE ( 'NONE', #1888, #1562 ) ;
#815 = VECTOR ( 'NONE', #2175, 1000.000000000000114 ) ;
#816 = CARTESIAN_POINT ( 'NONE',  ( 0.000000000000000000, -5.332174861821640022, 8.638356021761239845 ) ) ;
#817 = EDGE_LOOP ( 'NONE', ( #2164, #2544, #1348, #1860, #2521, #645 ) ) ;
#818 = LINE ( 'NONE', #1891, #1790 ) ;
#819 = EDGE_LOOP ( 'NONE', ( #1739, #1269, #2311, #2285, #1720 ) ) ;
#820 = AXIS2_PLACEMENT_3D ( 'NONE', #1725, #1091, #1975 ) ;
#821 = CARTESIAN_POINT ( 'NONE',  ( 3.000000000000000000, -49.49747468305831433, -46.49747468305832854 ) ) ;
#822 = CARTESIAN_POINT ( 'NONE',  ( 3.152987750515260146, 17.29489068012915354, -22.52748086090960200 ) ) ;
#823 = VECTOR ( 'NONE', #1503, 1000.000000000000114 ) ;
#824 = ORIENTED_EDGE ( 'NONE', *, *, #791, .F. ) ;
#825 = EDGE_CURVE ( 'NONE', #2259, #416, #2280, .T. ) ;
#826 = LINE ( 'NONE', #2383, #1894 ) ;
#827 = ORIENTED_EDGE ( 'NONE', *, *, #10, .T. ) ;
#828 = ORIENTED_EDGE ( 'NONE', *, *, #1337, .F. ) ;
#829 = AXIS2_PLACEMENT_3D ( 'NONE', #1643, #2102, #1423 ) ;
#830 = EDGE_CURVE ( 'NONE', #131, #1848, #2664, .T. ) ;
#831 = DIRECTION ( 'NONE',  ( 0.000000000000000000, -0.4916668203100941770, 0.8707834046455877886 ) ) ;
#832 = CARTESIAN_POINT ( 'NONE',  ( 6.999999999999997335, 14.99999999999999645, 15.00000000000000178 ) ) ;
#833 = DIRECTION ( 'NONE',  ( 0.000000000000000000, 0.7071067811865475727, 0.7071067811865475727 ) ) ;
#834 = ORIENTED_EDGE ( 'NONE', *, *, #2750, .F. ) ;
#835 = EDGE_CURVE ( 'NONE', #438, #2265, #1811, .T. ) ;
#836 = FACE_OUTER_BOUND ( 'NONE', #2730, .T. ) ;
#837 = CARTESIAN_POINT ( 'NONE',  ( 0.000000000000000000, -52.11376977344854566, 46.88117959266809009 ) ) ;
#838 = EDGE_CURVE ( 'NONE', #759, #2751, #1063, .T. ) ;
#839 = CARTESIAN_POINT ( 'NONE',  ( 0.000000000000000000, -52.11376977344857409, -46.88117959266809009 ) ) ;
#840 = AXIS2_PLACEMENT_3D ( 'NONE', #322, #2689, #539 ) ;
#841 = DIRECTION ( 'NONE',  ( 0.000000000000000000, -0.8707834046455877886, -0.4916668203100941770 ) ) ;
#842 = EDGE_LOOP ( 'NONE', ( #2163, #1258, #2519, #751 ) ) ;
#843 = DIRECTION ( 'NONE',  ( 0.000000000000000000, 0.000000000000000000, -1.000000000000000000 ) ) ;
#844 = VERTEX_POINT ( 'NONE', #341 ) ;
#845 = ORIENTED_EDGE ( 'NONE', *, *, #1868, .T. ) ;
#846 = VECTOR ( 'NONE', #2002, 1000.000000000000000 ) ;
#847 = FACE_OUTER_BOUND ( 'NONE', #2084, .T. ) ;
#848 = CARTESIAN_POINT ( 'NONE',  ( 13.59999999999999964, 7.347880794884118356E-15, -36.39999999999999147 ) ) ;
#849 =( NAMED_UNIT ( * ) SI_UNIT ( $, .STERADIAN. ) SOLID_ANGLE_UNIT ( ) );
#850 = EDGE_LOOP ( 'NONE', ( #2548, #1904, #1409, #1919 ) ) ;
#851 = ORIENTED_EDGE ( 'NONE', *, *, #2693, .T. ) ;
#852 = CARTESIAN_POINT ( 'NONE',  ( -76.34029080374268972, 7.000000000000006217, -36.39999999999999147 ) ) ;
#853 = ORIENTED_EDGE ( 'NONE', *, *, #125, .F. ) ;
#854 = EDGE_CURVE ( 'NONE', #1611, #2713, #2063, .T. ) ;
#855 = DIRECTION ( 'NONE',  ( 1.000000000000000000, -0.000000000000000000, -0.000000000000000000 ) ) ;
#856 = EDGE_CURVE ( 'NONE', #2720, #1034, #2474, .T. ) ;
#857 = CARTESIAN_POINT ( 'NONE',  ( 5.496147529378641039, -20.29099050042113461, 15.05840031964068437 ) ) ;
#858 = VERTEX_POINT ( 'NONE', #2691 ) ;
#859 = DIRECTION ( 'NONE',  ( 1.000000000000000000, 0.000000000000000000, 0.000000000000000000 ) ) ;
#860 = ADVANCED_FACE ( 'NONE', ( #507 ), #1169, .T. ) ;
#861 = VERTEX_POINT ( 'NONE', #739 ) ;
#862 = VERTEX_POINT ( 'NONE', #1822 ) ;
#863 = VECTOR ( 'NONE', #2168, 1000.000000000000000 ) ;
#864 = CARTESIAN_POINT ( 'NONE',  ( 3.000000000000000000, -15.00000000000000355, -14.99999999999999822 ) ) ;
#865 = DIRECTION ( 'NONE',  ( 0.000000000000000000, -0.7071067811865475727, 0.7071067811865475727 ) ) ;
#866 = AXIS2_PLACEMENT_3D ( 'NONE', #2244, #935, #1805 ) ;
#867 = PRESENTATION_STYLE_ASSIGNMENT (( #1047 ) ) ;
#868 = ORIENTED_EDGE ( 'NONE', *, *, #1626, .T. ) ;
#869 = AXIS2_PLACEMENT_3D ( 'NONE', #1275, #631, #474 ) ;
#870 = ORIENTED_EDGE ( 'NONE', *, *, #484, .T. ) ;
#871 = CARTESIAN_POINT ( 'NONE',  ( 7.000000000000000888, 14.99999999999999645, 24.00000000000000000 ) ) ;
#872 = EDGE_LOOP ( 'NONE', ( #1999, #887, #754, #2261, #1117, #2600 ) ) ;
#873 = CARTESIAN_POINT ( 'NONE',  ( 3.000000000000000000, 15.00000000000000000, -14.99999999999999822 ) ) ;
#874 = DIRECTION ( 'NONE',  ( -0.000000000000000000, -0.7071067811865525687, 0.7071067811865425767 ) ) ;
#875 = AXIS2_PLACEMENT_3D ( 'NONE', #663, #692, #1744 ) ;
#876 = ORIENTED_EDGE ( 'NONE', *, *, #2039, .T. ) ;
#877 = ADVANCED_FACE ( 'NONE', ( #1148 ), #552, .F. ) ;
#878 = PLANE ( 'NONE',  #1083 ) ;
#879 = CIRCLE ( 'NONE', #1221, 6.999999999999999112 ) ;
#880 = ORIENTED_EDGE ( 'NONE', *, *, #2765, .F. ) ;
#881 = VECTOR ( 'NONE', #1486, 1000.000000000000000 ) ;
#882 = LINE ( 'NONE', #2115, #2517 ) ;
#883 = AXIS2_PLACEMENT_3D ( 'NONE', #1249, #2117, #186 ) ;
#884 = ORIENTED_EDGE ( 'NONE', *, *, #1434, .T. ) ;
#885 = DIRECTION ( 'NONE',  ( 1.000000000000000000, 0.000000000000000000, -0.000000000000000000 ) ) ;
#886 = FACE_OUTER_BOUND ( 'NONE', #1649, .T. ) ;
#887 = ORIENTED_EDGE ( 'NONE', *, *, #1598, .T. ) ;
#888 = VERTEX_POINT ( 'NONE', #2226 ) ;
#889 = PLANE ( 'NONE',  #1272 ) ;
#890 = CARTESIAN_POINT ( 'NONE',  ( 3.000000000000000000, -14.76172929972859826, 19.99431948050904850 ) ) ;
#891 = B_SPLINE_CURVE_WITH_KNOTS ( 'NONE', 3,
 ( #183, #1901, #1876, #2742, #2728, #786, #1702, #2526, #595, #2512, #1437, #550, #1018, #2293, #1219, #1450, #2304, #1889, #383, #2756 ),
 .UNSPECIFIED., .F., .F.,
 ( 4, 2, 2, 2, 2, 2, 2, 2, 2, 4 ),
 ( 0.000000000000000000, 0.0008545796566163234385, 0.001281869484924486350, 0.001709159313232649262, 0.002563738969848969231, 0.003418318626465289417, 0.004272898283081610037, 0.005127477939697929789, 0.005982057596314250408, 0.006836637252930571028 ),
 .UNSPECIFIED. ) ;
#892 = B_SPLINE_CURVE_WITH_KNOTS ( 'NONE', 3,
 ( #1874, #1422, #2740, #580, #1661, #799 ),
 .UNSPECIFIED., .F., .F.,
 ( 4, 2, 4 ),
 ( 0.000000000000000000, 0.0006941270786531412952, 0.001388254157306282590 ),
 .UNSPECIFIED. ) ;
#893 = EDGE_CURVE ( 'NONE', #674, #2037, #2725, .T. ) ;
#894 = CYLINDRICAL_SURFACE ( 'NONE', #869, 3.000000000000000888 ) ;
#895 = VERTEX_POINT ( 'NONE', #2015 ) ;
#896 = ADVANCED_FACE ( 'NONE', ( #1411 ), #1584, .F. ) ;
#897 = PLANE ( 'NONE',  #1776 ) ;
#898 = DIRECTION ( 'NONE',  ( 1.000000000000000000, 0.000000000000000000, 0.000000000000000000 ) ) ;
#899 = CARTESIAN_POINT ( 'NONE',  ( 3.000000000000000000, -18.18499786894220449, 23.41758804972265651 ) ) ;
#900 = VERTEX_POINT ( 'NONE', #1363 ) ;
#901 = AXIS2_PLACEMENT_3D ( 'NONE', #697, #1817, #308 ) ;
#902 = DIRECTION ( 'NONE',  ( 1.000000000000000000, 0.000000000000000000, 0.000000000000000000 ) ) ;
#903 = CARTESIAN_POINT ( 'NONE',  ( 3.000000000000000000, 46.88117959266811852, 52.11376977344855987 ) ) ;
#904 = ORIENTED_EDGE ( 'NONE', *, *, #2428, .T. ) ;
#905 = ADVANCED_FACE ( 'NONE', ( #291 ), #325, .T. ) ;
#906 = CARTESIAN_POINT ( 'NONE',  ( 3.000000000000000000, 19.99431948050904495, 14.76172929972859116 ) ) ;
#907 = LINE ( 'NONE', #890, #264 ) ;
#908 = DIRECTION ( 'NONE',  ( 1.000000000000000000, -0.000000000000000000, -0.000000000000000000 ) ) ;
#909 = VERTEX_POINT ( 'NONE', #2450 ) ;
#910 = CARTESIAN_POINT ( 'NONE',  ( 6.999999999999990230, -16.36750501450886830, -19.80935858876140543 ) ) ;
#911 = CARTESIAN_POINT ( 'NONE',  ( 0.000000000000000000, -15.00000000000000355, 15.00000000000000178 ) ) ;
#912 = CARTESIAN_POINT ( 'NONE',  ( 0.000000000000000000, -15.00000000000000355, 15.00000000000000178 ) ) ;
#913 = AXIS2_PLACEMENT_3D ( 'NONE', #1613, #2006, #2204 ) ;
#914 = CARTESIAN_POINT ( 'NONE',  ( 13.59999999999999964, -23.60000000000000142, -3.000000000000000888 ) ) ;
#915 = CARTESIAN_POINT ( 'NONE',  ( 6.999999999999997335, 19.99431948050904495, 14.76172929972859116 ) ) ;
#916 = ORIENTED_EDGE ( 'NONE', *, *, #2472, .F. ) ;
#917 = VECTOR ( 'NONE', #2263, 1000.000000000000000 ) ;
#918 = PLANE ( 'NONE',  #2589 ) ;
#919 = DIRECTION ( 'NONE',  ( -1.000000000000000000, 0.000000000000000000, 0.000000000000000000 ) ) ;
#920 = LINE ( 'NONE', #2673, #1260 ) ;
#921 = DIRECTION ( 'NONE',  ( 1.000000000000000000, 0.000000000000000000, 0.000000000000000000 ) ) ;
#922 = DIRECTION ( 'NONE',  ( -1.000000000000000000, 0.000000000000000000, 0.000000000000000000 ) ) ;
#923 = DIRECTION ( 'NONE',  ( 0.000000000000000000, 0.000000000000000000, 1.000000000000000000 ) ) ;
#924 = CIRCLE ( 'NONE', #1745, 4.000000000000000000 ) ;
#925 = EDGE_CURVE ( 'NONE', #1922, #2367, #1634, .T. ) ;
#926 = VECTOR ( 'NONE', #1268, 1000.000000000000000 ) ;
#927 = CARTESIAN_POINT ( 'NONE',  ( 3.000000000000000000, 46.88117959266811852, 52.11376977344855987 ) ) ;
#928 = DIRECTION ( 'NONE',  ( 1.000000000000000000, 0.000000000000000000, 0.000000000000000000 ) ) ;
#929 = ORIENTED_EDGE ( 'NONE', *, *, #1253, .F. ) ;
#930 = AXIS2_PLACEMENT_3D ( 'NONE', #138, #2061, #990 ) ;
#931 = FACE_BOUND ( 'NONE', #192, .T. ) ;
#932 = CARTESIAN_POINT ( 'NONE',  ( 0.000000000000000000, -23.60000000000000142, 0.000000000000000000 ) ) ;
#933 = EDGE_CURVE ( 'NONE', #135, #1581, #541, .T. ) ;
#934 = CARTESIAN_POINT ( 'NONE',  ( 0.000000000000000000, -49.49747468305831433, -49.49747468305832854 ) ) ;
#935 = DIRECTION ( 'NONE',  ( 1.000000000000000000, 0.000000000000000000, 0.000000000000000000 ) ) ;
#936 = DIRECTION ( 'NONE',  ( 1.000000000000000000, 0.000000000000000000, 0.000000000000000000 ) ) ;
#937 = ORIENTED_EDGE ( 'NONE', *, *, #149, .T. ) ;
#938 = AXIS2_PLACEMENT_3D ( 'NONE', #1005, #2318, #158 ) ;
#939 = FACE_OUTER_BOUND ( 'NONE', #1307, .T. ) ;
#940 = DIRECTION ( 'NONE',  ( 0.000000000000000000, 0.000000000000000000, 1.000000000000000000 ) ) ;
#941 = DIRECTION ( 'NONE',  ( 0.000000000000000000, 0.000000000000000000, -1.000000000000000000 ) ) ;
#942 = ORIENTED_EDGE ( 'NONE', *, *, #2125, .F. ) ;
#943 = DIRECTION ( 'NONE',  ( 1.000000000000000000, 0.000000000000000000, 0.000000000000000000 ) ) ;
#944 = EDGE_CURVE ( 'NONE', #1332, #1749, #1160, .T. ) ;
#945 = PLANE ( 'NONE',  #2483 ) ;
#946 = EDGE_CURVE ( 'NONE', #1191, #2128, #1622, .T. ) ;
#947 = DIRECTION ( 'NONE',  ( 0.000000000000000000, 0.7071067811865474617, 0.7071067811865474617 ) ) ;
#948 = LINE ( 'NONE', #132, #1954 ) ;
#949 = CARTESIAN_POINT ( 'NONE',  ( 3.000000000000000000, -14.76172929972859826, 19.99431948050904850 ) ) ;
#950 = CYLINDRICAL_SURFACE ( 'NONE', #2147, 4.999999999999999112 ) ;
#951 = CARTESIAN_POINT ( 'NONE',  ( 0.000000000000000000, 49.49747468305866960, -49.49747468305798037 ) ) ;
#952 = CARTESIAN_POINT ( 'NONE',  ( 3.000000000000000000, 49.49747468305866960, -46.49747468305798037 ) ) ;
#953 = VECTOR ( 'NONE', #2520, 1000.000000000000000 ) ;
#954 = DIRECTION ( 'NONE',  ( 0.000000000000000000, 0.000000000000000000, -1.000000000000000000 ) ) ;
#955 = ADVANCED_FACE ( 'NONE', ( #118 ), #974, .F. ) ;
#956 = CARTESIAN_POINT ( 'NONE',  ( -14.00000000000000000, 14.99999999999999645, 17.25000000000000000 ) ) ;
#957 = CARTESIAN_POINT ( 'NONE',  ( 6.495320392431545464, -16.35043739028262877, -19.83958679070425291 ) ) ;
#958 = ORIENTED_EDGE ( 'NONE', *, *, #420, .T. ) ;
#959 = CIRCLE ( 'NONE', #2534, 2.249999999999998668 ) ;
#960 = DIRECTION ( 'NONE',  ( 0.000000000000000000, 0.000000000000000000, -1.000000000000000000 ) ) ;
#961 = CARTESIAN_POINT ( 'NONE',  ( -14.14213562373095101, 11.77721700923829395, 18.82278299076171280 ) ) ;
#962 = ORIENTED_EDGE ( 'NONE', *, *, #946, .F. ) ;
#963 = CARTESIAN_POINT ( 'NONE',  ( 0.000000000000000000, -9.332174861821640022, 12.63835602176123984 ) ) ;
#964 = VERTEX_POINT ( 'NONE', #1033 ) ;
#965 = EDGE_CURVE ( 'NONE', #457, #2606, #2106, .T. ) ;
#966 = DIRECTION ( 'NONE',  ( 0.000000000000000000, 0.000000000000000000, 1.000000000000000000 ) ) ;
#967 = DIRECTION ( 'NONE',  ( -1.000000000000000000, -0.000000000000000000, -0.000000000000000000 ) ) ;
#968 = ORIENTED_EDGE ( 'NONE', *, *, #2752, .T. ) ;
#969 = STYLED_ITEM ( 'NONE', ( #867 ), #1456 ) ;
#970 = CYLINDRICAL_SURFACE ( 'NONE', #776, 2.250000000000000444 ) ;
#971 = DIRECTION ( 'NONE',  ( 0.000000000000000000, 0.7071067811865474617, 0.7071067811865474617 ) ) ;
#972 = LINE ( 'NONE', #961, #1866 ) ;
#973 = ORIENTED_EDGE ( 'NONE', *, *, #306, .F. ) ;
#974 = CYLINDRICAL_SURFACE ( 'NONE', #1647, 4.000000000000000000 ) ;
#975 = CIRCLE ( 'NONE', #1578, 3.000000000000000888 ) ;
#976 = DIRECTION ( 'NONE',  ( 0.000000000000000000, 0.7071067811865474617, -0.7071067811865475727 ) ) ;
#977 = ORIENTED_EDGE ( 'NONE', *, *, #447, .T. ) ;
#978 = CYLINDRICAL_SURFACE ( 'NONE', #2004, 2.250000000000000444 ) ;
#979 = CARTESIAN_POINT ( 'NONE',  ( 13.59999999999999964, 18.82278299076170924, 11.77721700923830106 ) ) ;
#980 = DIRECTION ( 'NONE',  ( 0.000000000000000000, 0.000000000000000000, -1.000000000000000000 ) ) ;
#981 = VERTEX_POINT ( 'NONE', #2306 ) ;
#982 = LINE ( 'NONE', #171, #740 ) ;
#983 = VECTOR ( 'NONE', #2020, 1000.000000000000000 ) ;
#984 = CARTESIAN_POINT ( 'NONE',  ( 0.000000000000000000, 0.000000000000000000, -23.81566993998855608 ) ) ;
#985 = VECTOR ( 'NONE', #707, 1000.000000000000000 ) ;
#986 = LINE ( 'NONE', #2286, #953 ) ;
#987 = ORIENTED_EDGE ( 'NONE', *, *, #2355, .T. ) ;
#988 = VERTEX_POINT ( 'NONE', #1006 ) ;
#989 = CARTESIAN_POINT ( 'NONE',  ( 0.000000000000000000, -23.60000000000000142, -7.000000000000000000 ) ) ;
#990 = DIRECTION ( 'NONE',  ( 0.000000000000000000, 0.000000000000000000, 1.000000000000000000 ) ) ;
#991 = CARTESIAN_POINT ( 'NONE',  ( 0.000000000000000000, -23.60000000000000142, -3.000000000000000888 ) ) ;
#992 = EDGE_CURVE ( 'NONE', #309, #1024, #982, .T. ) ;
#993 = AXIS2_PLACEMENT_3D ( 'NONE', #2618, #1856, #1353 ) ;
#994 = DIRECTION ( 'NONE',  ( 0.000000000000000000, -0.7071067811865477948, 0.7071067811865473507 ) ) ;
#995 = EDGE_LOOP ( 'NONE', ( #2583, #1072, #1093, #508 ) ) ;
#996 = EDGE_CURVE ( 'NONE', #346, #1438, #1020, .T. ) ;
#997 = CIRCLE ( 'NONE', #1690, 9.000000000000001776 ) ;
#998 = CIRCLE ( 'NONE', #2005, 3.000000000000002665 ) ;
#999 = VERTEX_POINT ( 'NONE', #130 ) ;
#1000 = FACE_OUTER_BOUND ( 'NONE', #2764, .T. ) ;
#1001 = ORIENTED_EDGE ( 'NONE', *, *, #2566, .T. ) ;
#1002 = ORIENTED_EDGE ( 'NONE', *, *, #1132, .F. ) ;
#1003 = CARTESIAN_POINT ( 'NONE',  ( 3.000000000000000000, -52.11376977344854566, 46.88117959266809009 ) ) ;
#1004 = CARTESIAN_POINT ( 'NONE',  ( 7.000000000000000888, 14.99999999999999645, 15.00000000000000178 ) ) ;
#1005 = CARTESIAN_POINT ( 'NONE',  ( 0.000000000000000000, 15.00000000000000000, -14.99999999999999822 ) ) ;
#1006 = CARTESIAN_POINT ( 'NONE',  ( 0.000000000000000000, -15.00000000000000355, 17.25000000000000000 ) ) ;
#1007 = ORIENTED_EDGE ( 'NONE', *, *, #760, .F. ) ;
#1008 = DIRECTION ( 'NONE',  ( 1.000000000000000000, 0.000000000000000000, 0.000000000000000000 ) ) ;
#1009 = AXIS2_PLACEMENT_3D ( 'NONE', #2045, #1392, #318 ) ;
#1010 = ORIENTED_EDGE ( 'NONE', *, *, #1335, .F. ) ;
#1011 = EDGE_CURVE ( 'NONE', #674, #861, #1879, .T. ) ;
#1012 = CARTESIAN_POINT ( 'NONE',  ( -14.14213562373095101, 19.82446635190281015, -13.68678850928056256 ) ) ;
#1013 = ORIENTED_EDGE ( 'NONE', *, *, #1390, .T. ) ;
#1014 = VERTEX_POINT ( 'NONE', #2499 ) ;
#1015 = EDGE_CURVE ( 'NONE', #412, #1291, #1853, .T. ) ;
#1016 = DIRECTION ( 'NONE',  ( 0.000000000000000000, 0.4916668203100941770, -0.8707834046455877886 ) ) ;
#1017 = DIRECTION ( 'NONE',  ( 0.000000000000000000, 0.000000000000000000, 1.000000000000000000 ) ) ;
#1018 = CARTESIAN_POINT ( 'NONE',  ( 3.780669642529041141, 21.49291527794807877, -16.26032509716762320 ) ) ;
#1019 = VERTEX_POINT ( 'NONE', #1484 ) ;
#1020 = LINE ( 'NONE', #775, #2411 ) ;
#1021 = EDGE_CURVE ( 'NONE', #2137, #215, #818, .T. ) ;
#1022 = LINE ( 'NONE', #1892, #1864 ) ;
#1023 = CARTESIAN_POINT ( 'NONE',  ( 13.59999999999999964, 23.60000000000000142, -2.999999999999992006 ) ) ;
#1024 = VERTEX_POINT ( 'NONE', #2743 ) ;
#1025 = VECTOR ( 'NONE', #2539, 1000.000000000000227 ) ;
#1026 = CARTESIAN_POINT ( 'NONE',  ( 1.387778780781445676E-14, -9.332174861821640022, -11.46965711278947175 ) ) ;
#1027 = ORIENTED_EDGE ( 'NONE', *, *, #145, .T. ) ;
#1028 = EDGE_LOOP ( 'NONE', ( #1872, #424 ) ) ;
#1029 = AXIS2_PLACEMENT_3D ( 'NONE', #1804, #2663, #487 ) ;
#1030 = CARTESIAN_POINT ( 'NONE',  ( 0.000000000000000000, -14.76172929972859826, 19.99431948050904850 ) ) ;
#1031 = FACE_OUTER_BOUND ( 'NONE', #227, .T. ) ;
#1032 = CARTESIAN_POINT ( 'NONE',  ( -14.00000000000000000, 15.00000000000000000, -14.99999999999999822 ) ) ;
#1033 = CARTESIAN_POINT ( 'NONE',  ( 13.59999999999999964, 9.332174861821640022, 8.638356021761239845 ) ) ;
#1034 = VERTEX_POINT ( 'NONE', #2758 ) ;
#1035 = ADVANCED_BREP_SHAPE_REPRESENTATION ( 'trial 1', ( #1456, #1263 ), #2220 ) ;
#1036 = DIRECTION ( 'NONE',  ( 0.000000000000000000, 0.000000000000000000, -1.000000000000000000 ) ) ;
#1037 = CARTESIAN_POINT ( 'NONE',  ( 4.288601342376528791, -21.00090473775536992, 15.76831455697491968 ) ) ;
#1038 = TOROIDAL_SURFACE ( 'NONE', #2490, 9.000000000000001776, 4.000000000000000000 ) ;
#1039 = VERTEX_POINT ( 'NONE', #143 ) ;
#1040 = CIRCLE ( 'NONE', #653, 4.000000000000000000 ) ;
#1041 = CARTESIAN_POINT ( 'NONE',  ( 0.000000000000000000, -51.61879502661795982, 47.37615433949867594 ) ) ;
#1042 = EDGE_LOOP ( 'NONE', ( #1007, #2373 ) ) ;
#1043 = VERTEX_POINT ( 'NONE', #1648 ) ;
#1044 = ADVANCED_FACE ( 'NONE', ( #1470 ), #2559, .T. ) ;
#1045 = CARTESIAN_POINT ( 'NONE',  ( 3.000000000000000000, 51.61879502661830799, -47.37615433949832777 ) ) ;
#1046 = DIRECTION ( 'NONE',  ( 0.000000000000000000, 0.000000000000000000, -1.000000000000000000 ) ) ;
#1047 = SURFACE_STYLE_USAGE ( .BOTH. , #683 ) ;
#1048 = VERTEX_POINT ( 'NONE', #803 ) ;
#1049 = EDGE_CURVE ( 'NONE', #197, #1014, #2712, .T. ) ;
#1050 = EDGE_CURVE ( 'NONE', #1443, #2733, #788, .T. ) ;
#1051 = VECTOR ( 'NONE', #1394, 1000.000000000000000 ) ;
#1052 = CARTESIAN_POINT ( 'NONE',  ( 13.59999999999999964, 15.00000000000000000, -14.99999999999999822 ) ) ;
#1053 = CARTESIAN_POINT ( 'NONE',  ( 3.100985156131794263, 22.61215511176667192, 17.37956493098621635 ) ) ;
#1054 = ORIENTED_EDGE ( 'NONE', *, *, #324, .F. ) ;
#1055 = EDGE_LOOP ( 'NONE', ( #1552, #1281, #2275, #467 ) ) ;
#1056 = EDGE_CURVE ( 'NONE', #858, #488, #2528, .T. ) ;
#1057 = DIRECTION ( 'NONE',  ( -1.000000000000000000, -0.000000000000000000, -0.000000000000000000 ) ) ;
#1058 = LINE ( 'NONE', #418, #1451 ) ;
#1059 = VERTEX_POINT ( 'NONE', #570 ) ;
#1060 = DIRECTION ( 'NONE',  ( 1.000000000000000000, -0.000000000000000000, -0.000000000000000000 ) ) ;
#1061 = ORIENTED_EDGE ( 'NONE', *, *, #1721, .T. ) ;
#1062 = ORIENTED_EDGE ( 'NONE', *, *, #996, .T. ) ;
#1063 = CIRCLE ( 'NONE', #1427, 7.000000000000000000 ) ;
#1064 = CARTESIAN_POINT ( 'NONE',  ( 3.000000000000000000, -15.72128267389227219, -20.95387285467272420 ) ) ;
#1065 = PLANE ( 'NONE',  #1138 ) ;
#1066 = DIRECTION ( 'NONE',  ( -1.000000000000000000, -0.000000000000000000, -0.000000000000000000 ) ) ;
#1067 = ORIENTED_EDGE ( 'NONE', *, *, #1206, .T. ) ;
#1068 = DIRECTION ( 'NONE',  ( 0.000000000000000000, 0.7071067811865473507, -0.7071067811865477948 ) ) ;
#1069 = CARTESIAN_POINT ( 'NONE',  ( 3.000000000000000000, -18.18499786894220449, -23.41758804972265295 ) ) ;
#1070 = ORIENTED_EDGE ( 'NONE', *, *, #2064, .T. ) ;
#1071 = EDGE_CURVE ( 'NONE', #2770, #2733, #1458, .T. ) ;
#1072 = ORIENTED_EDGE ( 'NONE', *, *, #856, .T. ) ;
#1073 = CARTESIAN_POINT ( 'NONE',  ( 0.000000000000000000, -49.49747468305831433, -49.49747468305832854 ) ) ;
#1074 = DIRECTION ( 'NONE',  ( 0.000000000000000000, -0.7071067811865479058, -0.7071067811865472397 ) ) ;
#1075 = ORIENTED_EDGE ( 'NONE', *, *, #86, .T. ) ;
#1076 = CARTESIAN_POINT ( 'NONE',  ( 13.60000000000000142, 5.332174861821640022, -11.46965711278947353 ) ) ;
#1077 = ORIENTED_EDGE ( 'NONE', *, *, #1341, .T. ) ;
#1078 = ORIENTED_EDGE ( 'NONE', *, *, #1201, .F. ) ;
#1079 = DIRECTION ( 'NONE',  ( 1.000000000000000000, -0.000000000000000000, -0.000000000000000000 ) ) ;
#1080 = DIRECTION ( 'NONE',  ( 0.000000000000000000, 0.000000000000000000, -1.000000000000000000 ) ) ;
#1081 = DIRECTION ( 'NONE',  ( 1.000000000000000000, 0.000000000000000000, 0.000000000000000000 ) ) ;
#1082 = ORIENTED_EDGE ( 'NONE', *, *, #1539, .T. ) ;
#1083 = AXIS2_PLACEMENT_3D ( 'NONE', #1748, #2599, #2615 ) ;
#1084 = EDGE_LOOP ( 'NONE', ( #176, #2093, #870, #2687 ) ) ;
#1085 = CARTESIAN_POINT ( 'NONE',  ( 32.59999999999999432, 9.332174861821640022, 12.63835602176123984 ) ) ;
#1086 = ORIENTED_EDGE ( 'NONE', *, *, #2633, .T. ) ;
#1087 = VERTEX_POINT ( 'NONE', #2772 ) ;
#1088 = ADVANCED_FACE ( 'NONE', ( #1426 ), #415, .T. ) ;
#1089 = CARTESIAN_POINT ( 'NONE',  ( -76.34029080374268972, 23.60000000000000142, 7.000000000000009770 ) ) ;
#1090 = ADVANCED_FACE ( 'NONE', ( #2281 ), #368, .F. ) ;
#1091 = DIRECTION ( 'NONE',  ( 1.000000000000000000, 0.000000000000000000, 0.000000000000000000 ) ) ;
#1092 = AXIS2_PLACEMENT_3D ( 'NONE', #1367, #2430, #1778 ) ;
#1093 = ORIENTED_EDGE ( 'NONE', *, *, #1724, .F. ) ;
#1094 = FACE_BOUND ( 'NONE', #1717, .T. ) ;
#1095 = ORIENTED_EDGE ( 'NONE', *, *, #657, .F. ) ;
#1096 = DIRECTION ( 'NONE',  ( 0.000000000000000000, -0.7071067811865473507, -0.7071067811865477948 ) ) ;
#1097 = CARTESIAN_POINT ( 'NONE',  ( 0.000000000000000000, 9.332174861821640022, 8.638356021761239845 ) ) ;
#1098 = VECTOR ( 'NONE', #1675, 1000.000000000000000 ) ;
#1099 = CARTESIAN_POINT ( 'NONE',  ( 5.119986312258696159, -20.45560499561665324, -15.22301481483620655 ) ) ;
#1100 = ORIENTED_EDGE ( 'NONE', *, *, #1754, .T. ) ;
#1101 = EDGE_CURVE ( 'NONE', #1019, #981, #2092, .T. ) ;
#1102 = DIRECTION ( 'NONE',  ( 0.000000000000000000, 0.000000000000000000, -1.000000000000000000 ) ) ;
#1103 = CARTESIAN_POINT ( 'NONE',  ( 4.287016146944846895, 21.00203363549136881, 15.76944345471091147 ) ) ;
#1104 = ORIENTED_EDGE ( 'NONE', *, *, #830, .T. ) ;
#1105 = FACE_BOUND ( 'NONE', #2151, .T. ) ;
#1106 = PLANE ( 'NONE',  #1193 ) ;
#1107 = AXIS2_PLACEMENT_3D ( 'NONE', #2116, #833, #1408 ) ;
#1108 = LINE ( 'NONE', #225, #2445 ) ;
#1109 = ORIENTED_EDGE ( 'NONE', *, *, #2013, .T. ) ;
#1110 = EDGE_CURVE ( 'NONE', #2079, #610, #1454, .T. ) ;
#1111 = CARTESIAN_POINT ( 'NONE',  ( 3.000000000000000000, -52.11376977344857409, -46.88117959266809009 ) ) ;
#1112 = DIRECTION ( 'NONE',  ( -1.000000000000000000, 0.000000000000000000, 0.000000000000000000 ) ) ;
#1113 = DIRECTION ( 'NONE',  ( 0.000000000000000000, 0.000000000000000000, -1.000000000000000000 ) ) ;
#1114 = ORIENTED_EDGE ( 'NONE', *, *, #2637, .T. ) ;
#1115 = DIRECTION ( 'NONE',  ( 1.000000000000000000, 0.000000000000000000, 0.000000000000000000 ) ) ;
#1116 = DIRECTION ( 'NONE',  ( 0.000000000000000000, 0.000000000000000000, 1.000000000000000000 ) ) ;
#1117 = ORIENTED_EDGE ( 'NONE', *, *, #300, .T. ) ;
#1118 = CARTESIAN_POINT ( 'NONE',  ( 0.000000000000000000, 0.000000000000000000, 23.60000000000000142 ) ) ;
#1119 = PLANE ( 'NONE',  #496 ) ;
#1120 = EDGE_CURVE ( 'NONE', #2720, #900, #1747, .T. ) ;
#1121 = CARTESIAN_POINT ( 'NONE',  ( 0.000000000000000000, -23.60000000000000142, -7.000000000000000000 ) ) ;
#1122 = VERTEX_POINT ( 'NONE', #2155 ) ;
#1123 = ADVANCED_FACE ( 'NONE', ( #449 ), #659, .T. ) ;
#1124 = DIRECTION ( 'NONE',  ( 0.000000000000000000, 0.000000000000000000, -1.000000000000000000 ) ) ;
#1125 = DIRECTION ( 'NONE',  ( 0.000000000000000000, 0.000000000000000000, -1.000000000000000000 ) ) ;
#1126 = ADVANCED_FACE ( 'NONE', ( #886 ), #2391, .T. ) ;
#1127 = CARTESIAN_POINT ( 'NONE',  ( 5.770493010003622913, -16.23925744285958572, -20.03649585421252155 ) ) ;
#1128 = CLOSED_SHELL ( 'NONE', ( #2194, #241, #877, #216, #8, #1980, #1360, #2266, #2685, #2647, #1553, #1320, #2310, #591, #611, #123, #2641, #1882, #1178, #1330, #1266, #348, #2217, #235, #905, #1150, #432, #1961, #896, #327, #107, #860, #217, #543, #738, #512, #1857, #1354, #160, #531, #1843, #1123, #1088, #2326, #1044, #1090, #1812, #1571, #955, #1545, #812, #34, #2601, #578, #1126, #2719, #2152, #1587, #65, #185, #151, #2503, #2535, #2262, #272, #1912, #1439, #765, #2223, #758, #2213, #2290, #668, #1941, #633, #1781, #2349, #1601 ) ) ;
#1129 = AXIS2_PLACEMENT_3D ( 'NONE', #1575, #2232, #1378 ) ;
#1130 = CARTESIAN_POINT ( 'NONE',  ( 4.876904308055197035, 15.34605656875259960, 20.57864674953304629 ) ) ;
#1131 = CARTESIAN_POINT ( 'NONE',  ( 0.000000000000000000, 5.332174861821640022, 12.63835602176123984 ) ) ;
#1132 = EDGE_CURVE ( 'NONE', #2037, #1048, #1905, .T. ) ;
#1133 = ORIENTED_EDGE ( 'NONE', *, *, #1337, .T. ) ;
#1134 = VECTOR ( 'NONE', #2082, 1000.000000000000000 ) ;
#1135 = DIRECTION ( 'NONE',  ( 0.000000000000000000, 0.000000000000000000, 1.000000000000000000 ) ) ;
#1136 = CARTESIAN_POINT ( 'NONE',  ( 3.000000000000000000, 52.11376977344857409, 46.88117959266810431 ) ) ;
#1137 = UNCERTAINTY_MEASURE_WITH_UNIT (LENGTH_MEASURE( 1.000000000000000082E-05 ), #2571, 'distance_accuracy_value', 'NONE');
#1138 = AXIS2_PLACEMENT_3D ( 'NONE', #1932, #865, #1734 ) ;
#1139 = DIRECTION ( 'NONE',  ( 1.000000000000000000, 0.000000000000000000, 0.000000000000000000 ) ) ;
#1140 = LINE ( 'NONE', #295, #21 ) ;
#1141 = DIRECTION ( 'NONE',  ( 1.000000000000000000, 0.000000000000000000, 0.000000000000000000 ) ) ;
#1142 = AXIS2_PLACEMENT_3D ( 'NONE', #2071, #1686, #157 ) ;
#1143 = VECTOR ( 'NONE', #2078, 1000.000000000000000 ) ;
#1144 = DIRECTION ( 'NONE',  ( 1.000000000000000000, -0.000000000000000000, -0.000000000000000000 ) ) ;
#1145 = CARTESIAN_POINT ( 'NONE',  ( 13.59999999999999964, 14.99999999999999645, 17.25000000000000000 ) ) ;
#1146 = ORIENTED_EDGE ( 'NONE', *, *, #2752, .F. ) ;
#1147 = EDGE_CURVE ( 'NONE', #124, #2787, #688, .T. ) ;
#1148 = FACE_OUTER_BOUND ( 'NONE', #1807, .T. ) ;
#1149 = EDGE_CURVE ( 'NONE', #638, #48, #573, .T. ) ;
#1150 = ADVANCED_FACE ( 'NONE', ( #1719 ), #2183, .T. ) ;
#1151 = CARTESIAN_POINT ( 'NONE',  ( 0.000000000000000000, 15.00000000000000000, -14.99999999999999822 ) ) ;
#1152 = DIRECTION ( 'NONE',  ( 1.000000000000000000, -0.000000000000000000, -0.000000000000000000 ) ) ;
#1153 = CIRCLE ( 'NONE', #1704, 2.250000000000000444 ) ;
#1154 = DIRECTION ( 'NONE',  ( 1.000000000000000000, 0.000000000000000000, 0.000000000000000000 ) ) ;
#1155 = CARTESIAN_POINT ( 'NONE',  ( 13.60000000000000142, 0.000000000000000000, -23.81566993998855608 ) ) ;
#1156 = DIRECTION ( 'NONE',  ( 0.000000000000000000, 0.000000000000000000, -1.000000000000000000 ) ) ;
#1157 = AXIS2_PLACEMENT_3D ( 'NONE', #949, #2417, #81 ) ;
#1158 = VERTEX_POINT ( 'NONE', #1565 ) ;
#1159 = EDGE_CURVE ( 'NONE', #416, #1755, #2224, .T. ) ;
#1160 = LINE ( 'NONE', #963, #2768 ) ;
#1161 = EDGE_CURVE ( 'NONE', #2297, #1087, #1040, .T. ) ;
#1162 = VECTOR ( 'NONE', #682, 1000.000000000000000 ) ;
#1163 = FACE_OUTER_BOUND ( 'NONE', #269, .T. ) ;
#1164 = DIRECTION ( 'NONE',  ( -1.000000000000000000, 0.000000000000000000, 0.000000000000000000 ) ) ;
#1165 = EDGE_LOOP ( 'NONE', ( #1478, #2271 ) ) ;
#1166 = DIRECTION ( 'NONE',  ( 1.000000000000000000, -0.000000000000000000, -0.000000000000000000 ) ) ;
#1167 = DIRECTION ( 'NONE',  ( 1.000000000000000000, 0.000000000000000000, 0.000000000000000000 ) ) ;
#1168 = AXIS2_PLACEMENT_3D ( 'NONE', #864, #2165, #228 ) ;
#1169 = CYLINDRICAL_SURFACE ( 'NONE', #16, 7.000000000000000000 ) ;
#1170 = EDGE_CURVE ( 'NONE', #124, #1039, #701, .T. ) ;
#1171 = DIRECTION ( 'NONE',  ( -1.000000000000000000, 0.000000000000000000, 0.000000000000000000 ) ) ;
#1172 = FACE_OUTER_BOUND ( 'NONE', #1220, .T. ) ;
#1173 = ORIENTED_EDGE ( 'NONE', *, *, #992, .T. ) ;
#1174 = FACE_OUTER_BOUND ( 'NONE', #27, .T. ) ;
#1175 = CYLINDRICAL_SURFACE ( 'NONE', #1517, 3.000000000000002665 ) ;
#1176 = AXIS2_PLACEMENT_3D ( 'NONE', #2316, #2766, #2302 ) ;
#1177 = CARTESIAN_POINT ( 'NONE',  ( 1.387778780781445676E-14, 8.702959901070201454, -13.62321422119827652 ) ) ;
#1178 = ADVANCED_FACE ( 'NONE', ( #1920 ), #2786, .T. ) ;
#1179 = AXIS2_PLACEMENT_3D ( 'NONE', #1085, #200, #1536 ) ;
#1180 = DIRECTION ( 'NONE',  ( 0.000000000000000000, 0.4916668203100937884, 0.8707834046455881216 ) ) ;
#1181 = VERTEX_POINT ( 'NONE', #1499 ) ;
#1182 = AXIS2_PLACEMENT_3D ( 'NONE', #364, #2087, #2292 ) ;
#1183 = ORIENTED_EDGE ( 'NONE', *, *, #2011, .T. ) ;
#1184 = CARTESIAN_POINT ( 'NONE',  ( 0.000000000000000000, 51.75604996696842619, 47.52292721923011243 ) ) ;
#1185 = LINE ( 'NONE', #546, #530 ) ;
#1186 = EDGE_LOOP ( 'NONE', ( #880, #977, #1558, #2533 ) ) ;
#1187 = MECHANICAL_DESIGN_GEOMETRIC_PRESENTATION_REPRESENTATION (  '', ( #969 ), #613 ) ;
#1188 = FACE_OUTER_BOUND ( 'NONE', #2368, .T. ) ;
#1189 = DIRECTION ( 'NONE',  ( -1.000000000000000000, -0.000000000000000000, -0.000000000000000000 ) ) ;
#1190 = CARTESIAN_POINT ( 'NONE',  ( 0.000000000000000000, 15.00000000000000000, -12.74999999999999645 ) ) ;
#1191 = VERTEX_POINT ( 'NONE', #2591 ) ;
#1192 = DIRECTION ( 'NONE',  ( -1.000000000000000000, -0.000000000000000000, -0.000000000000000000 ) ) ;
#1193 = AXIS2_PLACEMENT_3D ( 'NONE', #1773, #1786, #1074 ) ;
#1194 = DIRECTION ( 'NONE',  ( 1.000000000000000000, -0.000000000000000000, -0.000000000000000000 ) ) ;
#1195 = ORIENTED_EDGE ( 'NONE', *, *, #2370, .F. ) ;
#1196 = CARTESIAN_POINT ( 'NONE',  ( -14.00000000000000000, -15.00000000000000355, 12.75000000000000178 ) ) ;
#1197 = ORIENTED_EDGE ( 'NONE', *, *, #1149, .F. ) ;
#1198 = EDGE_CURVE ( 'NONE', #465, #1332, #196, .T. ) ;
#1199 = VERTEX_POINT ( 'NONE', #1145 ) ;
#1200 = EDGE_CURVE ( 'NONE', #2643, #2469, #998, .T. ) ;
#1201 = EDGE_CURVE ( 'NONE', #861, #346, #972, .T. ) ;
#1202 = LINE ( 'NONE', #1642, #97 ) ;
#1203 = LINE ( 'NONE', #2317, #331 ) ;
#1204 = CYLINDRICAL_SURFACE ( 'NONE', #2421, 2.250000000000003553 ) ;
#1205 = ORIENTED_EDGE ( 'NONE', *, *, #1512, .T. ) ;
#1206 = EDGE_CURVE ( 'NONE', #676, #577, #2231, .T. ) ;
#1207 = DIRECTION ( 'NONE',  ( 0.000000000000000000, 0.000000000000000000, -1.000000000000000000 ) ) ;
#1208 = ORIENTED_EDGE ( 'NONE', *, *, #1453, .T. ) ;
#1209 = CIRCLE ( 'NONE', #133, 4.000000000000000000 ) ;
#1210 = AXIS2_PLACEMENT_3D ( 'NONE', #721, #1171, #966 ) ;
#1211 = CARTESIAN_POINT ( 'NONE',  ( -76.34029080374268972, -23.60000000000000142, -7.000000000000000000 ) ) ;
#1212 = ORIENTED_EDGE ( 'NONE', *, *, #515, .F. ) ;
#1213 = CIRCLE ( 'NONE', #2123, 3.000000000000000888 ) ;
#1214 = PLANE ( 'NONE',  #1361 ) ;
#1215 = ORIENTED_EDGE ( 'NONE', *, *, #69, .T. ) ;
#1216 = EDGE_LOOP ( 'NONE', ( #1987, #684, #876, #2288, #1784, #15 ) ) ;
#1217 = DIRECTION ( 'NONE',  ( 0.000000000000000000, 0.000000000000000000, -1.000000000000000000 ) ) ;
#1218 = CYLINDRICAL_SURFACE ( 'NONE', #2412, 2.999999999999995559 ) ;
#1219 = CARTESIAN_POINT ( 'NONE',  ( 3.390564535491741971, 22.03219545039651095, -16.79960526961605538 ) ) ;
#1220 = EDGE_LOOP ( 'NONE', ( #655, #441, #335, #1488, #2744, #798 ) ) ;
#1221 = AXIS2_PLACEMENT_3D ( 'NONE', #2676, #936, #2191 ) ;
#1222 = CARTESIAN_POINT ( 'NONE',  ( -14.00000000000000000, 15.00000000000000000, -12.74999999999999645 ) ) ;
#1223 = ORIENTED_EDGE ( 'NONE', *, *, #854, .T. ) ;
#1224 = EDGE_CURVE ( 'NONE', #769, #689, #748, .T. ) ;
#1225 = VECTOR ( 'NONE', #1722, 1000.000000000000114 ) ;
#1226 = AXIS2_PLACEMENT_3D ( 'NONE', #1665, #596, #1207 ) ;
#1227 = CARTESIAN_POINT ( 'NONE',  ( 3.619502934776734904, 16.45601787260099158, -21.68860805338144004 ) ) ;
#1228 = EDGE_CURVE ( 'NONE', #356, #263, #288, .T. ) ;
#1229 = ORIENTED_EDGE ( 'NONE', *, *, #2398, .F. ) ;
#1230 = DIRECTION ( 'NONE',  ( 0.000000000000000000, -0.7071067811865475727, -0.7071067811865474617 ) ) ;
#1231 = ORIENTED_EDGE ( 'NONE', *, *, #742, .T. ) ;
#1232 = ORIENTED_EDGE ( 'NONE', *, *, #1021, .T. ) ;
#1233 = CARTESIAN_POINT ( 'NONE',  ( 13.59999999999999964, -15.00000000000000355, 15.00000000000000178 ) ) ;
#1234 = CARTESIAN_POINT ( 'NONE',  ( 6.489555279863704840, 16.34998794264333455, -19.84038280037867352 ) ) ;
#1235 = CYLINDRICAL_SURFACE ( 'NONE', #1972, 4.999999999999999112 ) ;
#1236 = EDGE_CURVE ( 'NONE', #251, #346, #2464, .T. ) ;
#1237 = VECTOR ( 'NONE', #2655, 1000.000000000000000 ) ;
#1238 = DIRECTION ( 'NONE',  ( 1.000000000000000000, 0.000000000000000000, 0.000000000000000000 ) ) ;
#1239 = LINE ( 'NONE', #1693, #326 ) ;
#1240 = CARTESIAN_POINT ( 'NONE',  ( 6.018384282007790631, -20.11862426349818733, 14.88603408271773532 ) ) ;
#1241 = CIRCLE ( 'NONE', #2378, 4.999999999999999112 ) ;
#1242 = VERTEX_POINT ( 'NONE', #1618 ) ;
#1243 = PLANE ( 'NONE',  #2350 ) ;
#1244 = ORIENTED_EDGE ( 'NONE', *, *, #802, .F. ) ;
#1245 = VERTEX_POINT ( 'NONE', #2208 ) ;
#1246 = DIRECTION ( 'NONE',  ( 0.000000000000000000, -0.7071067811865477948, 0.7071067811865473507 ) ) ;
#1247 = CARTESIAN_POINT ( 'NONE',  ( 3.000000000000000000, 23.41758804972265295, 18.18499786894219739 ) ) ;
#1248 = PLANE ( 'NONE',  #1107 ) ;
#1249 = CARTESIAN_POINT ( 'NONE',  ( 32.59999999999999432, -9.332174861821640022, 12.63835602176123984 ) ) ;
#1250 = ORIENTED_EDGE ( 'NONE', *, *, #2307, .T. ) ;
#1251 = CARTESIAN_POINT ( 'NONE',  ( 13.59999999999999964, -6.999999999999999112, 23.60000000000000142 ) ) ;
#1252 = FACE_OUTER_BOUND ( 'NONE', #1740, .T. ) ;
#1253 = EDGE_CURVE ( 'NONE', #2145, #1656, #1660, .T. ) ;
#1254 = AXIS2_PLACEMENT_3D ( 'NONE', #218, #2195, #3 ) ;
#1255 = VERTEX_POINT ( 'NONE', #1810 ) ;
#1256 = CIRCLE ( 'NONE', #1544, 3.000000000000002665 ) ;
#1257 = FACE_OUTER_BOUND ( 'NONE', #1305, .T. ) ;
#1258 = ORIENTED_EDGE ( 'NONE', *, *, #2120, .T. ) ;
#1259 = ORIENTED_EDGE ( 'NONE', *, *, #2566, .F. ) ;
#1260 = VECTOR ( 'NONE', #2212, 1000.000000000000000 ) ;
#1261 = LINE ( 'NONE', #635, #2629 ) ;
#1262 = FACE_OUTER_BOUND ( 'NONE', #1799, .T. ) ;
#1263 = AXIS2_PLACEMENT_3D ( 'NONE', #2230, #293, #1977 ) ;
#1264 = DIRECTION ( 'NONE',  ( -1.000000000000000000, -0.000000000000000000, -0.000000000000000000 ) ) ;
#1265 = VERTEX_POINT ( 'NONE', #2671 ) ;
#1266 = ADVANCED_FACE ( 'NONE', ( #1606 ), #311, .T. ) ;
#1267 = EDGE_LOOP ( 'NONE', ( #1938, #827 ) ) ;
#1268 = DIRECTION ( 'NONE',  ( -0.000000000000000000, -0.7071067811865474617, 0.7071067811865475727 ) ) ;
#1269 = ORIENTED_EDGE ( 'NONE', *, *, #558, .F. ) ;
#1270 = LINE ( 'NONE', #2561, #823 ) ;
#1271 = CARTESIAN_POINT ( 'NONE',  ( 3.125280664608386161, -22.61183121742037017, 17.37924103663991460 ) ) ;
#1272 = AXIS2_PLACEMENT_3D ( 'NONE', #1405, #1569, #115 ) ;
#1273 = ORIENTED_EDGE ( 'NONE', *, *, #2542, .F. ) ;
#1274 = AXIS2_PLACEMENT_3D ( 'NONE', #2240, #716, #749 ) ;
#1275 = CARTESIAN_POINT ( 'NONE',  ( 13.59999999999999964, 23.60000000000000142, 9.108356170405185248E-15 ) ) ;
#1276 = ORIENTED_EDGE ( 'NONE', *, *, #1609, .F. ) ;
#1277 = EDGE_LOOP ( 'NONE', ( #1381, #1705, #100, #2046 ) ) ;
#1278 = AXIS2_PLACEMENT_3D ( 'NONE', #248, #549, #2511 ) ;
#1279 = CARTESIAN_POINT ( 'NONE',  ( 3.000000000000000000, -19.99431948050904850, 14.76172929972860004 ) ) ;
#1280 = DIRECTION ( 'NONE',  ( -1.000000000000000000, -0.000000000000000000, -0.000000000000000000 ) ) ;
#1281 = ORIENTED_EDGE ( 'NONE', *, *, #1923, .F. ) ;
#1282 = CARTESIAN_POINT ( 'NONE',  ( 3.000000000000000000, 19.99431948050904495, 14.76172929972859116 ) ) ;
#1283 = DIRECTION ( 'NONE',  ( 0.000000000000000000, 0.8707834046455881216, -0.4916668203100937884 ) ) ;
#1284 = ORIENTED_EDGE ( 'NONE', *, *, #1370, .F. ) ;
#1285 = ORIENTED_EDGE ( 'NONE', *, *, #2110, .T. ) ;
#1286 = CARTESIAN_POINT ( 'NONE',  ( -76.34029080374268972, -23.60000000000000142, 7.000000000000000000 ) ) ;
#1287 = VECTOR ( 'NONE', #1967, 1000.000000000000000 ) ;
#1288 = DIRECTION ( 'NONE',  ( 0.000000000000000000, -0.7071067811865477948, 0.7071067811865473507 ) ) ;
#1289 = ORIENTED_EDGE ( 'NONE', *, *, #2076, .T. ) ;
#1290 = DIRECTION ( 'NONE',  ( 1.000000000000000000, -0.000000000000000000, -0.000000000000000000 ) ) ;
#1291 = VERTEX_POINT ( 'NONE', #2680 ) ;
#1292 = ORIENTED_EDGE ( 'NONE', *, *, #2330, .F. ) ;
#1293 = LINE ( 'NONE', #244, #315 ) ;
#1294 = CARTESIAN_POINT ( 'NONE',  ( 0.000000000000000000, -19.99431948050905561, -14.76172929972860715 ) ) ;
#1295 = CARTESIAN_POINT ( 'NONE',  ( 5.871727705918439177, -20.15195096724641388, -14.91936078646597252 ) ) ;
#1296 = EDGE_LOOP ( 'NONE', ( #639, #1082, #929, #634 ) ) ;
#1297 = EDGE_CURVE ( 'NONE', #114, #1399, #299, .T. ) ;
#1298 = EDGE_CURVE ( 'NONE', #1755, #2702, #2236, .T. ) ;
#1299 = CARTESIAN_POINT ( 'NONE',  ( 3.000000000000000000, -18.18499786894220449, -23.41758804972265295 ) ) ;
#1300 = AXIS2_PLACEMENT_3D ( 'NONE', #848, #1280, #2130 ) ;
#1301 = CARTESIAN_POINT ( 'NONE',  ( 0.000000000000000000, 0.000000000000000000, 23.60000000000000142 ) ) ;
#1302 = ORIENTED_EDGE ( 'NONE', *, *, #1512, .F. ) ;
#1303 = VERTEX_POINT ( 'NONE', #94 ) ;
#1304 = DIRECTION ( 'NONE',  ( 0.000000000000000000, 0.000000000000000000, 1.000000000000000000 ) ) ;
#1305 = EDGE_LOOP ( 'NONE', ( #1441, #1669, #1285, #136 ) ) ;
#1306 = DIRECTION ( 'NONE',  ( 0.000000000000000000, 0.7071067811865477948, -0.7071067811865473507 ) ) ;
#1307 = EDGE_LOOP ( 'NONE', ( #435, #2437, #2492, #2098, #1695 ) ) ;
#1308 = EDGE_CURVE ( 'NONE', #1034, #2513, #2780, .T. ) ;
#1309 = LINE ( 'NONE', #2617, #410 ) ;
#1310 = CARTESIAN_POINT ( 'NONE',  ( 0.000000000000000000, -52.11376977344854566, 46.88117959266809009 ) ) ;
#1311 = CARTESIAN_POINT ( 'NONE',  ( 3.485190991992800580, -21.84171824498713477, -16.60912806420668275 ) ) ;
#1312 = ORIENTED_EDGE ( 'NONE', *, *, #276, .T. ) ;
#1313 = VECTOR ( 'NONE', #767, 1000.000000000000000 ) ;
#1314 = VERTEX_POINT ( 'NONE', #1629 ) ;
#1315 = CARTESIAN_POINT ( 'NONE',  ( 3.032030709115970168, -17.73318619307485733, -22.96577637385531645 ) ) ;
#1316 = ORIENTED_EDGE ( 'NONE', *, *, #1420, .F. ) ;
#1317 = ORIENTED_EDGE ( 'NONE', *, *, #1132, .T. ) ;
#1318 = EDGE_LOOP ( 'NONE', ( #2390, #2509 ) ) ;
#1319 = DIRECTION ( 'NONE',  ( -0.000000000000000000, -0.7071067811865477948, -0.7071067811865473507 ) ) ;
#1320 = ADVANCED_FACE ( 'NONE', ( #2485 ), #275, .F. ) ;
#1321 = LINE ( 'NONE', #1959, #1345 ) ;
#1322 = VECTOR ( 'NONE', #1760, 1000.000000000000000 ) ;
#1323 = AXIS2_PLACEMENT_3D ( 'NONE', #2121, #188, #1036 ) ;
#1324 = DIRECTION ( 'NONE',  ( 0.000000000000000000, 0.000000000000000000, -1.000000000000000000 ) ) ;
#1325 = VERTEX_POINT ( 'NONE', #1383 ) ;
#1326 = DIRECTION ( 'NONE',  ( 0.000000000000000000, 0.7071067811865477948, -0.7071067811865473507 ) ) ;
#1327 = DIRECTION ( 'NONE',  ( 1.000000000000000000, 0.000000000000000000, 0.000000000000000000 ) ) ;
#1328 = CARTESIAN_POINT ( 'NONE',  ( 6.419567631516000183, -20.02868281920185112, -14.79609263842139910 ) ) ;
#1329 = ORIENTED_EDGE ( 'NONE', *, *, #1049, .F. ) ;
#1330 = ADVANCED_FACE ( 'NONE', ( #1831 ), #2471, .T. ) ;
#1331 = CARTESIAN_POINT ( 'NONE',  ( 6.419567631516000183, 20.02868281920183335, 14.79609263842138667 ) ) ;
#1332 = VERTEX_POINT ( 'NONE', #1131 ) ;
#1333 = ORIENTED_EDGE ( 'NONE', *, *, #1658, .F. ) ;
#1334 = DIRECTION ( 'NONE',  ( 0.000000000000000000, -0.8426962598121400250, 0.5383892771022008583 ) ) ;
#1335 = EDGE_CURVE ( 'NONE', #1698, #1059, #1153, .T. ) ;
#1336 = CARTESIAN_POINT ( 'NONE',  ( 3.000000000000000000, 14.76172929972860182, 19.99431948050904850 ) ) ;
#1337 = EDGE_CURVE ( 'NONE', #858, #135, #1998, .T. ) ;
#1338 = AXIS2_PLACEMENT_3D ( 'NONE', #1779, #1563, #64 ) ;
#1339 = CARTESIAN_POINT ( 'NONE',  ( 13.59999999999999964, -23.60000000000000142, -7.000000000000000000 ) ) ;
#1340 = VERTEX_POINT ( 'NONE', #711 ) ;
#1341 = EDGE_CURVE ( 'NONE', #2724, #2128, #1424, .T. ) ;
#1342 = DIRECTION ( 'NONE',  ( 0.000000000000000000, 0.000000000000000000, 1.000000000000000000 ) ) ;
#1343 = DIRECTION ( 'NONE',  ( 1.000000000000000000, 0.000000000000000000, 0.000000000000000000 ) ) ;
#1344 = CARTESIAN_POINT ( 'NONE',  ( 0.000000000000000000, 14.99999999999999645, 17.25000000000000000 ) ) ;
#1345 = VECTOR ( 'NONE', #2363, 1000.000000000000000 ) ;
#1346 = CARTESIAN_POINT ( 'NONE',  ( 0.000000000000000000, 52.11376977344854566, -46.88117959266809009 ) ) ;
#1347 = CARTESIAN_POINT ( 'NONE',  ( 13.59999999999999964, -23.60000000000000142, 0.000000000000000000 ) ) ;
#1348 = ORIENTED_EDGE ( 'NONE', *, *, #1868, .F. ) ;
#1349 = ORIENTED_EDGE ( 'NONE', *, *, #2076, .F. ) ;
#1350 = CARTESIAN_POINT ( 'NONE',  ( 5.655893138901311623, -14.99999999999825029, 20.23259018077870053 ) ) ;
#1351 = FACE_OUTER_BOUND ( 'NONE', #405, .T. ) ;
#1352 = DIRECTION ( 'NONE',  ( 1.000000000000000000, -0.000000000000000000, -0.000000000000000000 ) ) ;
#1353 = DIRECTION ( 'NONE',  ( 0.000000000000000000, 0.000000000000000000, -1.000000000000000000 ) ) ;
#1354 = ADVANCED_FACE ( 'NONE', ( #366 ), #1235, .T. ) ;
#1355 = DIRECTION ( 'NONE',  ( 0.000000000000000000, 0.000000000000000000, -1.000000000000000000 ) ) ;
#1356 = AXIS2_PLACEMENT_3D ( 'NONE', #687, #1115, #433 ) ;
#1357 = AXIS2_PLACEMENT_3D ( 'NONE', #408, #2129, #1751 ) ;
#1358 = CARTESIAN_POINT ( 'NONE',  ( 0.000000000000000000, -49.49747468305832143, 49.49747468305832143 ) ) ;
#1359 = DIRECTION ( 'NONE',  ( 1.000000000000000000, -0.000000000000000000, -0.000000000000000000 ) ) ;
#1360 = ADVANCED_FACE ( 'NONE', ( #1674 ), #1204, .F. ) ;
#1361 = AXIS2_PLACEMENT_3D ( 'NONE', #2477, #345, #2299 ) ;
#1362 = FACE_BOUND ( 'NONE', #2626, .T. ) ;
#1363 = CARTESIAN_POINT ( 'NONE',  ( 3.000000000000000000, 47.37615433949902410, -51.61879502661761165 ) ) ;
#1364 = B_SPLINE_CURVE_WITH_KNOTS ( 'NONE', 3,
 ( #1449, #771, #382, #397, #2496, #127, #800, #1234, #1687, #1406 ),
 .UNSPECIFIED., .F., .F.,
 ( 4, 2, 2, 2, 4 ),
 ( 0.000000000000000000, 0.0007548041701380492439, 0.001509608340276098488, 0.002264412510414147948, 0.003019216680552196976 ),
 .UNSPECIFIED. ) ;
#1365 = CARTESIAN_POINT ( 'NONE',  ( 13.59999999999999964, 14.99999999999999645, 15.00000000000000178 ) ) ;
#1366 = PLANE ( 'NONE',  #1129 ) ;
#1367 = CARTESIAN_POINT ( 'NONE',  ( 13.59999999999999964, 0.000000000000000000, 23.60000000000000142 ) ) ;
#1368 = DIRECTION ( 'NONE',  ( -1.000000000000000000, 0.000000000000000000, 0.000000000000000000 ) ) ;
#1369 = VECTOR ( 'NONE', #2422, 1000.000000000000114 ) ;
#1370 = EDGE_CURVE ( 'NONE', #1543, #301, #37, .T. ) ;
#1371 = AXIS2_PLACEMENT_3D ( 'NONE', #2010, #1841, #2258 ) ;
#1372 = DIRECTION ( 'NONE',  ( 1.000000000000000000, 0.000000000000000000, 0.000000000000000000 ) ) ;
#1373 = DIRECTION ( 'NONE',  ( -1.000000000000000000, 0.000000000000000000, 0.000000000000000000 ) ) ;
#1374 = ORIENTED_EDGE ( 'NONE', *, *, #314, .F. ) ;
#1375 = CARTESIAN_POINT ( 'NONE',  ( 3.000000000000000000, -49.49747468305831433, -49.49747468305832854 ) ) ;
#1376 = ORIENTED_EDGE ( 'NONE', *, *, #1574, .F. ) ;
#1377 = DIRECTION ( 'NONE',  ( -0.000000000000000000, 1.000000000000000000, 0.000000000000000000 ) ) ;
#1378 = DIRECTION ( 'NONE',  ( 0.000000000000000000, -0.000000000000000000, 1.000000000000000000 ) ) ;
#1379 = EDGE_LOOP ( 'NONE', ( #1566, #2322, #2157, #2458 ) ) ;
#1380 = CARTESIAN_POINT ( 'NONE',  ( 0.000000000000000000, -15.00000000000000355, 15.00000000000000178 ) ) ;
#1381 = ORIENTED_EDGE ( 'NONE', *, *, #145, .F. ) ;
#1382 = FACE_OUTER_BOUND ( 'NONE', #1947, .T. ) ;
#1383 = CARTESIAN_POINT ( 'NONE',  ( 13.59999999999999964, 23.60000000000000142, 7.000000000000009770 ) ) ;
#1384 = EDGE_CURVE ( 'NONE', #25, #1741, #2089, .T. ) ;
#1385 = CIRCLE ( 'NONE', #166, 4.999999999999999112 ) ;
#1386 = AXIS2_PLACEMENT_3D ( 'NONE', #2372, #1715, #1080 ) ;
#1387 = CARTESIAN_POINT ( 'NONE',  ( 3.000000000000000000, 19.99431948050904850, -14.76172929972859471 ) ) ;
#1388 = APPLICATION_PROTOCOL_DEFINITION ( 'draft international standard', 'automotive_design', 1998, #242 ) ;
#1389 = EDGE_LOOP ( 'NONE', ( #2109, #605, #372, #1205 ) ) ;
#1390 = EDGE_CURVE ( 'NONE', #712, #2388, #2269, .T. ) ;
#1391 = DIRECTION ( 'NONE',  ( -1.000000000000000000, 0.000000000000000000, 0.000000000000000000 ) ) ;
#1392 = DIRECTION ( 'NONE',  ( -1.000000000000000000, -0.000000000000000000, -0.000000000000000000 ) ) ;
#1393 = ORIENTED_EDGE ( 'NONE', *, *, #2598, .F. ) ;
#1394 = DIRECTION ( 'NONE',  ( -1.000000000000000000, 0.000000000000000000, 0.000000000000000000 ) ) ;
#1395 = DIRECTION ( 'NONE',  ( 0.000000000000000000, 0.000000000000000000, 1.000000000000000000 ) ) ;
#1396 = ORIENTED_EDGE ( 'NONE', *, *, #395, .F. ) ;
#1397 = VECTOR ( 'NONE', #2148, 1000.000000000000000 ) ;
#1398 = DIRECTION ( 'NONE',  ( 0.000000000000000000, 0.000000000000000000, 1.000000000000000000 ) ) ;
#1399 = VERTEX_POINT ( 'NONE', #991 ) ;
#1400 = AXIS2_PLACEMENT_3D ( 'NONE', #294, #113, #89 ) ;
#1401 = ORIENTED_EDGE ( 'NONE', *, *, #1308, .F. ) ;
#1402 = CARTESIAN_POINT ( 'NONE',  ( 0.000000000000000000, -6.999999999999999112, 23.60000000000000142 ) ) ;
#1403 = DIRECTION ( 'NONE',  ( 0.000000000000000000, -0.5383892771022007473, 0.8426962598121399139 ) ) ;
#1404 = ORIENTED_EDGE ( 'NONE', *, *, #1236, .F. ) ;
#1405 = CARTESIAN_POINT ( 'NONE',  ( 3.000000000000000000, 52.11376977344854566, -46.88117959266809009 ) ) ;
#1406 = CARTESIAN_POINT ( 'NONE',  ( 6.999999999999990230, 16.36750501450887185, -19.80935858876140188 ) ) ;
#1407 = AXIS2_PLACEMENT_3D ( 'NONE', #1073, #1940, #9 ) ;
#1408 = DIRECTION ( 'NONE',  ( 0.000000000000000000, -0.7071067811865474617, 0.7071067811865474617 ) ) ;
#1409 = ORIENTED_EDGE ( 'NONE', *, *, #54, .T. ) ;
#1410 = VECTOR ( 'NONE', #1903, 1000.000000000000000 ) ;
#1411 = FACE_OUTER_BOUND ( 'NONE', #2656, .T. ) ;
#1412 = ORIENTED_EDGE ( 'NONE', *, *, #1855, .F. ) ;
#1413 = EDGE_CURVE ( 'NONE', #2784, #1443, #1612, .T. ) ;
#1414 = CYLINDRICAL_SURFACE ( 'NONE', #1092, 6.999999999999999112 ) ;
#1415 = EDGE_CURVE ( 'NONE', #895, #1543, #801, .T. ) ;
#1416 = AXIS2_PLACEMENT_3D ( 'NONE', #1605, #710, #287 ) ;
#1417 = CARTESIAN_POINT ( 'NONE',  ( 0.000000000000000000, -46.88117959266811852, -52.11376977344854566 ) ) ;
#1418 = EDGE_LOOP ( 'NONE', ( #170, #162, #43, #1640 ) ) ;
#1419 = VERTEX_POINT ( 'NONE', #1865 ) ;
#1420 = EDGE_CURVE ( 'NONE', #1922, #2083, #891, .T. ) ;
#1421 = AXIS2_PLACEMENT_3D ( 'NONE', #725, #2433, #105 ) ;
#1422 = CARTESIAN_POINT ( 'NONE',  ( 6.763996826730209300, 14.76172929972860359, 19.99431948050904850 ) ) ;
#1423 = DIRECTION ( 'NONE',  ( 0.000000000000000000, 0.000000000000000000, 1.000000000000000000 ) ) ;
#1424 = LINE ( 'NONE', #772, #1572 ) ;
#1425 = ORIENTED_EDGE ( 'NONE', *, *, #1836, .F. ) ;
#1426 = FACE_OUTER_BOUND ( 'NONE', #1826, .T. ) ;
#1427 = AXIS2_PLACEMENT_3D ( 'NONE', #932, #943, #2026 ) ;
#1428 = CARTESIAN_POINT ( 'NONE',  ( 5.882885475738477865, -20.15632605232715235, 14.92373587154670389 ) ) ;
#1429 = VERTEX_POINT ( 'NONE', #398 ) ;
#1430 = CIRCLE ( 'NONE', #583, 2.999999999999999112 ) ;
#1431 = DIRECTION ( 'NONE',  ( 0.000000000000000000, 0.7071067811865474617, 0.7071067811865474617 ) ) ;
#1432 = ORIENTED_EDGE ( 'NONE', *, *, #149, .F. ) ;
#1433 = ORIENTED_EDGE ( 'NONE', *, *, #470, .T. ) ;
#1434 = EDGE_CURVE ( 'NONE', #1749, #888, #1803, .T. ) ;
#1435 = CARTESIAN_POINT ( 'NONE',  ( 0.000000000000000000, 7.000000000000006217, -36.39999999999999147 ) ) ;
#1436 = CARTESIAN_POINT ( 'NONE',  ( 13.59999999999999964, -8.702959901070197901, -13.62321422119828007 ) ) ;
#1437 = CARTESIAN_POINT ( 'NONE',  ( 4.288601342376528791, 21.00090473775536282, -15.76831455697490902 ) ) ;
#1438 = VERTEX_POINT ( 'NONE', #2541 ) ;
#1439 = ADVANCED_FACE ( 'NONE', ( #608 ), #1248, .T. ) ;
#1440 = DIRECTION ( 'NONE',  ( 0.000000000000000000, 0.7071067811865474617, 0.7071067811865474617 ) ) ;
#1441 = ORIENTED_EDGE ( 'NONE', *, *, #1659, .F. ) ;
#1442 = CARTESIAN_POINT ( 'NONE',  ( 3.000000000000000444, -23.21328349699118121, 17.98069331621072564 ) ) ;
#1443 = VERTEX_POINT ( 'NONE', #1190 ) ;
#1444 = CIRCLE ( 'NONE', #2295, 3.000000000000002665 ) ;
#1445 = CARTESIAN_POINT ( 'NONE',  ( 3.000000000000000000, 14.76172929972860182, 19.99431948050904850 ) ) ;
#1446 = ORIENTED_EDGE ( 'NONE', *, *, #1658, .T. ) ;
#1447 = ORIENTED_EDGE ( 'NONE', *, *, #1761, .F. ) ;
#1448 = CARTESIAN_POINT ( 'NONE',  ( 3.000000000000000000, 52.11376977344857409, 46.88117959266810431 ) ) ;
#1449 = CARTESIAN_POINT ( 'NONE',  ( 4.357195576444667928, 15.72128267389227219, -20.95387285467272065 ) ) ;
#1450 = CARTESIAN_POINT ( 'NONE',  ( 3.199790384413681021, 22.41331408221218524, -17.18072390143172967 ) ) ;
#1451 = VECTOR ( 'NONE', #1008, 1000.000000000000000 ) ;
#1452 = ORIENTED_EDGE ( 'NONE', *, *, #2320, .F. ) ;
#1453 = EDGE_CURVE ( 'NONE', #201, #141, #2692, .T. ) ;
#1454 = LINE ( 'NONE', #584, #1962 ) ;
#1455 = ORIENTED_EDGE ( 'NONE', *, *, #1653, .T. ) ;
#1456 = MANIFOLD_SOLID_BREP ( 'Fillet2', #1128 ) ;
#1457 = CARTESIAN_POINT ( 'NONE',  ( 3.000000000000000000, -49.49747468305831433, -49.49747468305832854 ) ) ;
#1458 = CIRCLE ( 'NONE', #522, 2.250000000000003553 ) ;
#1459 = CARTESIAN_POINT ( 'NONE',  ( 6.428292088987668684, -20.02741040275072493, 14.79482022197027824 ) ) ;
#1460 = EDGE_LOOP ( 'NONE', ( #590, #828, #459, #2560 ) ) ;
#1461 = ORIENTED_EDGE ( 'NONE', *, *, #330, .F. ) ;
#1462 = LINE ( 'NONE', #207, #594 ) ;
#1463 = ORIENTED_EDGE ( 'NONE', *, *, #96, .T. ) ;
#1464 = ORIENTED_EDGE ( 'NONE', *, *, #1609, .T. ) ;
#1465 = LINE ( 'NONE', #2726, #6 ) ;
#1466 = CARTESIAN_POINT ( 'NONE',  ( 0.000000000000000000, 0.000000000000000000, 26.60000000000000142 ) ) ;
#1467 = DIRECTION ( 'NONE',  ( 1.000000000000000000, -0.000000000000000000, -0.000000000000000000 ) ) ;
#1468 = ORIENTED_EDGE ( 'NONE', *, *, #1434, .F. ) ;
#1469 = EDGE_CURVE ( 'NONE', #1713, #1895, #1775, .T. ) ;
#1470 = FACE_OUTER_BOUND ( 'NONE', #154, .T. ) ;
#1471 = EDGE_CURVE ( 'NONE', #577, #2145, #1496, .T. ) ;
#1472 = FACE_OUTER_BOUND ( 'NONE', #2793, .T. ) ;
#1473 = DIRECTION ( 'NONE',  ( -1.000000000000000000, -0.000000000000000000, -0.000000000000000000 ) ) ;
#1474 = ORIENTED_EDGE ( 'NONE', *, *, #2011, .F. ) ;
#1475 = AXIS2_PLACEMENT_3D ( 'NONE', #95, #109, #2672 ) ;
#1476 = CARTESIAN_POINT ( 'NONE',  ( 0.000000000000000000, 7.347880794884118356E-15, -36.39999999999999147 ) ) ;
#1477 = ORIENTED_EDGE ( 'NONE', *, *, #2133, .F. ) ;
#1478 = ORIENTED_EDGE ( 'NONE', *, *, #1253, .T. ) ;
#1479 = CARTESIAN_POINT ( 'NONE',  ( 3.000000000000000000, 23.41758804972265651, -18.18499786894220094 ) ) ;
#1480 = DIRECTION ( 'NONE',  ( 1.000000000000000000, -0.000000000000000000, -0.000000000000000000 ) ) ;
#1481 = CARTESIAN_POINT ( 'NONE',  ( 4.287016146944847783, -21.00203363549137947, -15.76944345471092568 ) ) ;
#1482 = EDGE_LOOP ( 'NONE', ( #1585, #2654 ) ) ;
#1483 = DIRECTION ( 'NONE',  ( 0.000000000000000000, -0.7071067811865475727, 0.7071067811865475727 ) ) ;
#1484 = CARTESIAN_POINT ( 'NONE',  ( 0.000000000000000000, -18.82278299076170924, 11.77721700923829218 ) ) ;
#1485 = ORIENTED_EDGE ( 'NONE', *, *, #2094, .F. ) ;
#1486 = DIRECTION ( 'NONE',  ( 1.000000000000000000, 0.000000000000000000, 0.000000000000000000 ) ) ;
#1487 = CARTESIAN_POINT ( 'NONE',  ( 3.025797256399638702, -23.01133902212144378, 17.77874884134099531 ) ) ;
#1488 = ORIENTED_EDGE ( 'NONE', *, *, #1508, .T. ) ;
#1489 = VECTOR ( 'NONE', #2795, 999.9999999999998863 ) ;
#1490 = CARTESIAN_POINT ( 'NONE',  ( 0.000000000000000000, 9.332174861821640022, 12.63835602176123984 ) ) ;
#1491 = ORIENTED_EDGE ( 'NONE', *, *, #1170, .F. ) ;
#1492 = VERTEX_POINT ( 'NONE', #2604 ) ;
#1493 = VECTOR ( 'NONE', #1884, 1000.000000000000000 ) ;
#1494 = FACE_OUTER_BOUND ( 'NONE', #1898, .T. ) ;
#1495 = CARTESIAN_POINT ( 'NONE',  ( 3.000000000000000000, 51.75604996696842619, 47.52292721923011243 ) ) ;
#1496 = LINE ( 'NONE', #2619, #1287 ) ;
#1497 = ORIENTED_EDGE ( 'NONE', *, *, #33, .F. ) ;
#1498 = ORIENTED_EDGE ( 'NONE', *, *, #2739, .T. ) ;
#1499 = CARTESIAN_POINT ( 'NONE',  ( 3.000000000000000000, -18.18499786894220449, 23.41758804972265651 ) ) ;
#1500 = ORIENTED_EDGE ( 'NONE', *, *, #1120, .T. ) ;
#1501 = CIRCLE ( 'NONE', #766, 6.999999999999999112 ) ;
#1502 = VECTOR ( 'NONE', #1792, 1000.000000000000000 ) ;
#1503 = DIRECTION ( 'NONE',  ( 0.000000000000000000, 0.7071067811865474617, -0.7071067811865474617 ) ) ;
#1504 = CARTESIAN_POINT ( 'NONE',  ( 13.59999999999999964, 23.60000000000000142, 9.108356170405185248E-15 ) ) ;
#1505 = VECTOR ( 'NONE', #2495, 1000.000000000000000 ) ;
#1506 = ORIENTED_EDGE ( 'NONE', *, *, #1598, .F. ) ;
#1507 = AXIS2_PLACEMENT_3D ( 'NONE', #852, #1283, #2574 ) ;
#1508 = EDGE_CURVE ( 'NONE', #1181, #2522, #375, .T. ) ;
#1509 = CARTESIAN_POINT ( 'NONE',  ( 13.59999999999999964, 0.000000000000000000, 23.60000000000000142 ) ) ;
#1510 = ORIENTED_EDGE ( 'NONE', *, *, #1370, .T. ) ;
#1511 = ORIENTED_EDGE ( 'NONE', *, *, #33, .T. ) ;
#1512 = EDGE_CURVE ( 'NONE', #25, #197, #2150, .T. ) ;
#1513 = FACE_OUTER_BOUND ( 'NONE', #667, .T. ) ;
#1514 = CARTESIAN_POINT ( 'NONE',  ( 13.59999999999999964, 8.702959901070197901, -13.62321422119828007 ) ) ;
#1515 = SURFACE_STYLE_FILL_AREA ( #1531 ) ;
#1516 = ORIENTED_EDGE ( 'NONE', *, *, #2562, .T. ) ;
#1517 = AXIS2_PLACEMENT_3D ( 'NONE', #736, #2679, #2023 ) ;
#1518 = CARTESIAN_POINT ( 'NONE',  ( 3.000000000000000000, 46.88117959266809009, -52.11376977344854566 ) ) ;
#1519 = CARTESIAN_POINT ( 'NONE',  ( 3.953560376508709506, -16.07172025955346228, -21.30431044033391075 ) ) ;
#1520 = ORIENTED_EDGE ( 'NONE', *, *, #175, .F. ) ;
#1521 = ORIENTED_EDGE ( 'NONE', *, *, #1420, .T. ) ;
#1522 = CARTESIAN_POINT ( 'NONE',  ( 7.000000000000000888, -15.00000000000000355, 24.00000000000000000 ) ) ;
#1523 = VECTOR ( 'NONE', #568, 1000.000000000000227 ) ;
#1524 = DIRECTION ( 'NONE',  ( 1.000000000000000000, 0.000000000000000000, 0.000000000000000000 ) ) ;
#1525 = EDGE_LOOP ( 'NONE', ( #2075, #1692 ) ) ;
#1526 = DIRECTION ( 'NONE',  ( 1.000000000000000000, 0.000000000000000000, 0.000000000000000000 ) ) ;
#1527 = AXIS2_PLACEMENT_3D ( 'NONE', #1380, #2032, #516 ) ;
#1528 = ORIENTED_EDGE ( 'NONE', *, *, #729, .F. ) ;
#1529 = CARTESIAN_POINT ( 'NONE',  ( 0.000000000000000000, 7.000000000000006217, -36.39999999999999147 ) ) ;
#1530 = CARTESIAN_POINT ( 'NONE',  ( -76.34029080374268972, -23.60000000000000142, -7.000000000000000000 ) ) ;
#1531 = FILL_AREA_STYLE ('',( #654 ) ) ;
#1532 = VERTEX_POINT ( 'NONE', #2334 ) ;
#1533 = EDGE_CURVE ( 'NONE', #263, #1158, #789, .T. ) ;
#1534 = EDGE_CURVE ( 'NONE', #1291, #999, #119, .T. ) ;
#1535 = ORIENTED_EDGE ( 'NONE', *, *, #1620, .T. ) ;
#1536 = DIRECTION ( 'NONE',  ( 0.000000000000000000, 0.000000000000000000, -1.000000000000000000 ) ) ;
#1537 = ORIENTED_EDGE ( 'NONE', *, *, #1200, .T. ) ;
#1538 = ORIENTED_EDGE ( 'NONE', *, *, #1050, .T. ) ;
#1539 = EDGE_CURVE ( 'NONE', #676, #1656, #411, .T. ) ;
#1540 = CARTESIAN_POINT ( 'NONE',  ( 13.59999999999999964, -23.60000000000000142, 0.000000000000000000 ) ) ;
#1541 = DIRECTION ( 'NONE',  ( 0.000000000000000000, 0.000000000000000000, -1.000000000000000000 ) ) ;
#1542 = LINE ( 'NONE', #1490, #2678 ) ;
#1543 = VERTEX_POINT ( 'NONE', #2586 ) ;
#1544 = AXIS2_PLACEMENT_3D ( 'NONE', #770, #1672, #2552 ) ;
#1545 = ADVANCED_FACE ( 'NONE', ( #1577 ), #2022, .F. ) ;
#1546 = CARTESIAN_POINT ( 'NONE',  ( 0.000000000000000000, 3.370785039248560544, -21.96922704839736085 ) ) ;
#1547 = DIRECTION ( 'NONE',  ( 0.000000000000000000, -0.4916668203100941770, 0.8707834046455877886 ) ) ;
#1548 = CARTESIAN_POINT ( 'NONE',  ( 3.326781835954557565, -16.91892498823191104, 22.15151516901236306 ) ) ;
#1549 = ORIENTED_EDGE ( 'NONE', *, *, #2237, .F. ) ;
#1550 = CARTESIAN_POINT ( 'NONE',  ( -14.00000000000000000, 15.00000000000000000, -17.25000000000000000 ) ) ;
#1551 = CARTESIAN_POINT ( 'NONE',  ( 4.357195576444669705, -15.72128267389226863, -20.95387285467272065 ) ) ;
#1552 = ORIENTED_EDGE ( 'NONE', *, *, #1101, .F. ) ;
#1553 = ADVANCED_FACE ( 'NONE', ( #524 ), #2234, .F. ) ;
#1554 = DIRECTION ( 'NONE',  ( 0.000000000000000000, 0.000000000000000000, -1.000000000000000000 ) ) ;
#1555 = CARTESIAN_POINT ( 'NONE',  ( 0.000000000000000000, -19.99431948050904850, 14.76172929972860004 ) ) ;
#1556 = CIRCLE ( 'NONE', #1142, 6.999999999999999112 ) ;
#1557 = CARTESIAN_POINT ( 'NONE',  ( 3.000000000000000000, 49.49747468305832143, 49.49747468305831433 ) ) ;
#1558 = ORIENTED_EDGE ( 'NONE', *, *, #1453, .F. ) ;
#1559 = AXIS2_PLACEMENT_3D ( 'NONE', #1936, #1970, #1985 ) ;
#1560 = DIRECTION ( 'NONE',  ( 0.000000000000000000, 0.000000000000000000, -1.000000000000000000 ) ) ;
#1561 = FACE_OUTER_BOUND ( 'NONE', #202, .T. ) ;
#1562 = VECTOR ( 'NONE', #581, 1000.000000000000114 ) ;
#1563 = DIRECTION ( 'NONE',  ( 1.000000000000000000, -0.000000000000000000, 0.000000000000000000 ) ) ;
#1564 = DIRECTION ( 'NONE',  ( 0.000000000000000000, 0.000000000000000000, -1.000000000000000000 ) ) ;
#1565 = CARTESIAN_POINT ( 'NONE',  ( 0.000000000000000000, 9.332174861821640022, -11.46965711278947531 ) ) ;
#1566 = ORIENTED_EDGE ( 'NONE', *, *, #2562, .F. ) ;
#1567 = ORIENTED_EDGE ( 'NONE', *, *, #944, .T. ) ;
#1568 = EDGE_CURVE ( 'NONE', #155, #988, #394, .T. ) ;
#1569 = DIRECTION ( 'NONE',  ( 0.000000000000000000, 0.7071067811865475727, -0.7071067811865475727 ) ) ;
#1570 = LINE ( 'NONE', #1136, #846 ) ;
#1571 = ADVANCED_FACE ( 'NONE', ( #1794 ), #2652, .F. ) ;
#1572 = VECTOR ( 'NONE', #2278, 1000.000000000000000 ) ;
#1573 = CARTESIAN_POINT ( 'NONE',  ( 13.59999999999999964, 15.00000000000000000, -12.74999999999999645 ) ) ;
#1574 = EDGE_CURVE ( 'NONE', #1332, #2608, #2245, .T. ) ;
#1575 = CARTESIAN_POINT ( 'NONE',  ( 32.59999999999999432, -9.332174861821640022, 12.63835602176123984 ) ) ;
#1576 = CARTESIAN_POINT ( 'NONE',  ( 3.000000000000000000, 49.49747468305832143, 49.49747468305831433 ) ) ;
#1577 = FACE_OUTER_BOUND ( 'NONE', #2058, .T. ) ;
#1578 = AXIS2_PLACEMENT_3D ( 'NONE', #1504, #498, #705 ) ;
#1579 = CYLINDRICAL_SURFACE ( 'NONE', #297, 4.999999999999999112 ) ;
#1580 = DIRECTION ( 'NONE',  ( -1.000000000000000000, 0.000000000000000000, 0.000000000000000000 ) ) ;
#1581 = VERTEX_POINT ( 'NONE', #91 ) ;
#1582 = CIRCLE ( 'NONE', #92, 4.000000000000000000 ) ;
#1583 = DIRECTION ( 'NONE',  ( -1.000000000000000000, 0.000000000000000000, 0.000000000000000000 ) ) ;
#1584 = CYLINDRICAL_SURFACE ( 'NONE', #556, 3.000000000000000888 ) ;
#1585 = ORIENTED_EDGE ( 'NONE', *, *, #2637, .F. ) ;
#1586 =( NAMED_UNIT ( * ) PLANE_ANGLE_UNIT ( ) SI_UNIT ( $, .RADIAN. ) );
#1587 = ADVANCED_FACE ( 'NONE', ( #1172 ), #709, .T. ) ;
#1588 = DIRECTION ( 'NONE',  ( 0.000000000000000000, 0.4916668203100937329, 0.8707834046455880106 ) ) ;
#1589 = LINE ( 'NONE', #63, #1599 ) ;
#1590 = LINE ( 'NONE', #2444, #1978 ) ;
#1591 = CIRCLE ( 'NONE', #1168, 9.000000000000001776 ) ;
#1592 = DIRECTION ( 'NONE',  ( 0.000000000000000000, -0.7071067811865474617, -0.7071067811865474617 ) ) ;
#1593 = CARTESIAN_POINT ( 'NONE',  ( 13.59999999999999964, -23.60000000000000142, -3.000000000000000888 ) ) ;
#1594 = VECTOR ( 'NONE', #2273, 1000.000000000000114 ) ;
#1595 = DIRECTION ( 'NONE',  ( 0.000000000000000000, 0.8707834046455881216, -0.4916668203100937884 ) ) ;
#1596 = CARTESIAN_POINT ( 'NONE',  ( -76.34029080374268972, -6.999999999999992006, -36.39999999999999147 ) ) ;
#1597 = TOROIDAL_SURFACE ( 'NONE', #1824, 9.000000000000001776, 4.000000000000000000 ) ;
#1598 = EDGE_CURVE ( 'NONE', #1895, #2198, #2610, .T. ) ;
#1599 = VECTOR ( 'NONE', #922, 1000.000000000000000 ) ;
#1600 = FACE_OUTER_BOUND ( 'NONE', #2408, .T. ) ;
#1601 = ADVANCED_FACE ( 'NONE', ( #939 ), #673, .F. ) ;
#1602 = DIRECTION ( 'NONE',  ( -1.000000000000000000, 0.000000000000000000, 0.000000000000000000 ) ) ;
#1603 = VERTEX_POINT ( 'NONE', #1344 ) ;
#1604 = CIRCLE ( 'NONE', #426, 2.999999999999999112 ) ;
#1605 = CARTESIAN_POINT ( 'NONE',  ( 0.000000000000000000, 14.99999999999999645, 15.00000000000000178 ) ) ;
#1606 = FACE_OUTER_BOUND ( 'NONE', #1055, .T. ) ;
#1607 = ORIENTED_EDGE ( 'NONE', *, *, #717, .F. ) ;
#1608 = CARTESIAN_POINT ( 'NONE',  ( 13.59999999999999964, -23.60000000000000142, 0.000000000000000000 ) ) ;
#1609 = EDGE_CURVE ( 'NONE', #862, #618, #2686, .T. ) ;
#1610 = CARTESIAN_POINT ( 'NONE',  ( 0.000000000000000000, 7.347880794884118356E-15, -33.39999999999999147 ) ) ;
#1611 = VERTEX_POINT ( 'NONE', #492 ) ;
#1612 = CIRCLE ( 'NONE', #938, 2.250000000000003553 ) ;
#1613 = CARTESIAN_POINT ( 'NONE',  ( 3.000000000000000000, -49.49747468305831433, -49.49747468305832854 ) ) ;
#1614 = ORIENTED_EDGE ( 'NONE', *, *, #2621, .F. ) ;
#1615 = CARTESIAN_POINT ( 'NONE',  ( 13.59999999999999964, 7.347880794884118356E-15, -36.39999999999999147 ) ) ;
#1616 = ORIENTED_EDGE ( 'NONE', *, *, #2237, .T. ) ;
#1617 = DIRECTION ( 'NONE',  ( 0.000000000000000000, 0.000000000000000000, -1.000000000000000000 ) ) ;
#1618 = CARTESIAN_POINT ( 'NONE',  ( 0.000000000000000000, -47.37615433949868304, -51.61879502661798114 ) ) ;
#1619 = VECTOR ( 'NONE', #2431, 1000.000000000000000 ) ;
#1620 = EDGE_CURVE ( 'NONE', #1829, #2736, #2466, .T. ) ;
#1621 = EDGE_CURVE ( 'NONE', #1087, #2274, #1241, .T. ) ;
#1622 = LINE ( 'NONE', #2260, #2139 ) ;
#1623 = DIRECTION ( 'NONE',  ( 0.000000000000000000, 0.000000000000000000, 1.000000000000000000 ) ) ;
#1624 = CARTESIAN_POINT ( 'NONE',  ( 13.59999999999999964, -23.06841501750090728, 8.861845961041080244 ) ) ;
#1625 = ORIENTED_EDGE ( 'NONE', *, *, #694, .T. ) ;
#1626 = EDGE_CURVE ( 'NONE', #2198, #638, #380, .T. ) ;
#1627 = DIRECTION ( 'NONE',  ( 1.000000000000000000, 0.000000000000000000, 0.000000000000000000 ) ) ;
#1628 = DIRECTION ( 'NONE',  ( 0.000000000000000000, 0.000000000000000000, -1.000000000000000000 ) ) ;
#1629 = CARTESIAN_POINT ( 'NONE',  ( 13.59999999999999964, -6.999999999999999112, 23.60000000000000142 ) ) ;
#1630 = CIRCLE ( 'NONE', #56, 2.250000000000003553 ) ;
#1631 = ORIENTED_EDGE ( 'NONE', *, *, #1754, .F. ) ;
#1632 = EDGE_CURVE ( 'NONE', #551, #909, #1763, .T. ) ;
#1633 = VECTOR ( 'NONE', #1588, 1000.000000000000227 ) ;
#1634 = LINE ( 'NONE', #1387, #328 ) ;
#1635 = EDGE_CURVE ( 'NONE', #1158, #1419, #2468, .T. ) ;
#1636 = AXIS2_PLACEMENT_3D ( 'NONE', #934, #908, #2465 ) ;
#1637 = FACE_OUTER_BOUND ( 'NONE', #850, .T. ) ;
#1638 = EDGE_CURVE ( 'NONE', #2551, #1242, #1590, .T. ) ;
#1639 = LINE ( 'NONE', #2735, #2177 ) ;
#1640 = ORIENTED_EDGE ( 'NONE', *, *, #336, .T. ) ;
#1641 = ORIENTED_EDGE ( 'NONE', *, *, #992, .F. ) ;
#1642 = CARTESIAN_POINT ( 'NONE',  ( 3.000000000000000000, -46.88117959266809009, 52.11376977344854566 ) ) ;
#1643 = CARTESIAN_POINT ( 'NONE',  ( 3.000000000000000000, 49.49747468305866960, -49.49747468305798037 ) ) ;
#1644 = VECTOR ( 'NONE', #1627, 1000.000000000000000 ) ;
#1645 = DIRECTION ( 'NONE',  ( 0.000000000000000000, 0.000000000000000000, -1.000000000000000000 ) ) ;
#1646 = ORIENTED_EDGE ( 'NONE', *, *, #626, .T. ) ;
#1647 = AXIS2_PLACEMENT_3D ( 'NONE', #2703, #761, #2270 ) ;
#1648 = CARTESIAN_POINT ( 'NONE',  ( 0.000000000000000000, 14.76172929972860359, 19.99431948050904850 ) ) ;
#1649 = EDGE_LOOP ( 'NONE', ( #1921, #1491, #2504, #904 ) ) ;
#1650 = VECTOR ( 'NONE', #607, 1000.000000000000000 ) ;
#1651 = CARTESIAN_POINT ( 'NONE',  ( 13.59999999999999964, 7.347880794884118356E-15, -33.39999999999999147 ) ) ;
#1652 = ORIENTED_EDGE ( 'NONE', *, *, #1415, .T. ) ;
#1653 = EDGE_CURVE ( 'NONE', #862, #215, #296, .T. ) ;
#1654 = AXIS2_PLACEMENT_3D ( 'NONE', #298, #700, #104 ) ;
#1655 = LINE ( 'NONE', #1445, #237 ) ;
#1656 = VERTEX_POINT ( 'NONE', #2478 ) ;
#1657 = ORIENTED_EDGE ( 'NONE', *, *, #2711, .T. ) ;
#1658 = EDGE_CURVE ( 'NONE', #412, #559, #1385, .T. ) ;
#1659 = EDGE_CURVE ( 'NONE', #2469, #1429, #1185, .T. ) ;
#1660 = CIRCLE ( 'NONE', #2374, 3.000000000000000888 ) ;
#1661 = CARTESIAN_POINT ( 'NONE',  ( 5.864158832959851075, 14.92569660277337462, 20.15828678355382308 ) ) ;
#1662 = DIRECTION ( 'NONE',  ( -0.000000000000000000, 0.7071067811865473507, 0.7071067811865477948 ) ) ;
#1663 = DIRECTION ( 'NONE',  ( -1.000000000000000000, -0.000000000000000000, -0.000000000000000000 ) ) ;
#1664 = ORIENTED_EDGE ( 'NONE', *, *, #564, .F. ) ;
#1665 = CARTESIAN_POINT ( 'NONE',  ( 32.59999999999999432, 0.000000000000000000, -19.81566993998855608 ) ) ;
#1666 = EDGE_LOOP ( 'NONE', ( #1273, #329, #1926, #2246 ) ) ;
#1667 = DIRECTION ( 'NONE',  ( 0.000000000000000000, 0.000000000000000000, 1.000000000000000000 ) ) ;
#1668 = LINE ( 'NONE', #1402, #1594 ) ;
#1669 = ORIENTED_EDGE ( 'NONE', *, *, #336, .F. ) ;
#1670 = EDGE_CURVE ( 'NONE', #2608, #964, #2105, .T. ) ;
#1671 = EDGE_LOOP ( 'NONE', ( #661, #1641, #1797, #23 ) ) ;
#1672 = DIRECTION ( 'NONE',  ( 1.000000000000000000, -0.000000000000000000, -0.000000000000000000 ) ) ;
#1673 = CARTESIAN_POINT ( 'NONE',  ( 0.000000000000000000, 8.702959901070201454, -13.62321422119827652 ) ) ;
#1674 = FACE_OUTER_BOUND ( 'NONE', #2783, .T. ) ;
#1675 = DIRECTION ( 'NONE',  ( -1.000000000000000000, 0.000000000000000000, 0.000000000000000000 ) ) ;
#1676 = ORIENTED_EDGE ( 'NONE', *, *, #537, .F. ) ;
#1677 = AXIS2_PLACEMENT_3D ( 'NONE', #1064, #443, #1931 ) ;
#1678 = DIRECTION ( 'NONE',  ( -1.000000000000000000, 0.000000000000000000, 0.000000000000000000 ) ) ;
#1679 = DIRECTION ( 'NONE',  ( 0.000000000000000000, 0.7071067811865474617, -0.7071067811865474617 ) ) ;
#1680 = ORIENTED_EDGE ( 'NONE', *, *, #1626, .F. ) ;
#1681 = CIRCLE ( 'NONE', #473, 3.000000000000000888 ) ;
#1682 = DIRECTION ( 'NONE',  ( -1.000000000000000000, 0.000000000000000000, 0.000000000000000000 ) ) ;
#1683 = VERTEX_POINT ( 'NONE', #839 ) ;
#1684 = ORIENTED_EDGE ( 'NONE', *, *, #267, .F. ) ;
#1685 = EDGE_CURVE ( 'NONE', #759, #2067, #2759, .T. ) ;
#1686 = DIRECTION ( 'NONE',  ( 1.000000000000000000, 0.000000000000000000, 0.000000000000000000 ) ) ;
#1687 = CARTESIAN_POINT ( 'NONE',  ( 6.744400650729854618, 16.36750501450886830, -19.80935858876140188 ) ) ;
#1688 = DIRECTION ( 'NONE',  ( 0.000000000000000000, 0.000000000000000000, -1.000000000000000000 ) ) ;
#1689 = VECTOR ( 'NONE', #1473, 1000.000000000000000 ) ;
#1690 = AXIS2_PLACEMENT_3D ( 'NONE', #873, #1743, #2595 ) ;
#1691 = CARTESIAN_POINT ( 'NONE',  ( 0.000000000000000000, 15.72128267389227219, -20.95387285467272065 ) ) ;
#1692 = ORIENTED_EDGE ( 'NONE', *, *, #46, .F. ) ;
#1693 = CARTESIAN_POINT ( 'NONE',  ( 13.59999999999999964, 23.60000000000000142, 7.000000000000009770 ) ) ;
#1694 = FACE_OUTER_BOUND ( 'NONE', #1671, .T. ) ;
#1695 = ORIENTED_EDGE ( 'NONE', *, *, #528, .F. ) ;
#1696 = EDGE_CURVE ( 'NONE', #1753, #649, #643, .T. ) ;
#1697 = CARTESIAN_POINT ( 'NONE',  ( 0.000000000000000000, 23.60000000000000142, 9.108356170405185248E-15 ) ) ;
#1698 = VERTEX_POINT ( 'NONE', #173 ) ;
#1699 = VERTEX_POINT ( 'NONE', #2577 ) ;
#1700 = CARTESIAN_POINT ( 'NONE',  ( 0.000000000000000000, 0.000000000000000000, 30.60000000000000142 ) ) ;
#1701 = CARTESIAN_POINT ( 'NONE',  ( 13.59999999999999964, 11.77721700923829218, 18.82278299076171280 ) ) ;
#1702 = CARTESIAN_POINT ( 'NONE',  ( 5.496147529378640151, 20.29099050042112395, -15.05840031964067016 ) ) ;
#1703 = ORIENTED_EDGE ( 'NONE', *, *, #685, .T. ) ;
#1704 = AXIS2_PLACEMENT_3D ( 'NONE', #2049, #117, #1796 ) ;
#1705 = ORIENTED_EDGE ( 'NONE', *, *, #2425, .T. ) ;
#1706 = DIRECTION ( 'NONE',  ( -1.000000000000000000, 0.000000000000000000, 0.000000000000000000 ) ) ;
#1707 = CARTESIAN_POINT ( 'NONE',  ( 4.357195576444667928, 15.72128267389227219, -20.95387285467272065 ) ) ;
#1708 = CARTESIAN_POINT ( 'NONE',  ( 4.480043212880937986, -20.85164077200293420, 15.61905059122248218 ) ) ;
#1709 = VERTEX_POINT ( 'NONE', #1707 ) ;
#1710 = AXIS2_PLACEMENT_3D ( 'NONE', #2187, #279, #1304 ) ;
#1711 = PLANE ( 'NONE',  #1948 ) ;
#1712 = EDGE_LOOP ( 'NONE', ( #1412, #1061, #1333 ) ) ;
#1713 = VERTEX_POINT ( 'NONE', #662 ) ;
#1714 = DIRECTION ( 'NONE',  ( 1.000000000000000000, 0.000000000000000000, 0.000000000000000000 ) ) ;
#1715 = DIRECTION ( 'NONE',  ( 1.000000000000000000, 0.000000000000000000, 0.000000000000000000 ) ) ;
#1716 = CARTESIAN_POINT ( 'NONE',  ( 6.999999999999997335, -19.99431948050905561, -14.76172929972860715 ) ) ;
#1717 = EDGE_LOOP ( 'NONE', ( #1485, #1212 ) ) ;
#1718 = ORIENTED_EDGE ( 'NONE', *, *, #2185, .T. ) ;
#1719 = FACE_OUTER_BOUND ( 'NONE', #1873, .T. ) ;
#1720 = ORIENTED_EDGE ( 'NONE', *, *, #2459, .T. ) ;
#1721 = EDGE_CURVE ( 'NONE', #2522, #559, #924, .T. ) ;
#1722 = DIRECTION ( 'NONE',  ( 0.000000000000000000, -0.7071067811865474617, -0.7071067811865474617 ) ) ;
#1723 = EDGE_CURVE ( 'NONE', #1325, #251, #1239, .T. ) ;
#1724 = EDGE_CURVE ( 'NONE', #1581, #1034, #2452, .T. ) ;
#1725 = CARTESIAN_POINT ( 'NONE',  ( 0.000000000000000000, 15.00000000000000000, -14.99999999999999822 ) ) ;
#1726 = CIRCLE ( 'NONE', #1254, 2.999999999999995559 ) ;
#1727 = ORIENTED_EDGE ( 'NONE', *, *, #1161, .T. ) ;
#1728 = VECTOR ( 'NONE', #1139, 1000.000000000000000 ) ;
#1729 = DIRECTION ( 'NONE',  ( -0.000000000000000000, -0.000000000000000000, 1.000000000000000000 ) ) ;
#1730 = ORIENTED_EDGE ( 'NONE', *, *, #718, .T. ) ;
#1731 = EDGE_CURVE ( 'NONE', #2367, #135, #1270, .T. ) ;
#1732 = ORIENTED_EDGE ( 'NONE', *, *, #46, .T. ) ;
#1733 = LINE ( 'NONE', #2602, #2340 ) ;
#1734 = DIRECTION ( 'NONE',  ( 0.000000000000000000, -0.7071067811865474617, -0.7071067811865474617 ) ) ;
#1735 = CARTESIAN_POINT ( 'NONE',  ( 3.506021439898432401, -16.62132334735662909, 21.85391352813708110 ) ) ;
#1736 = ORIENTED_EDGE ( 'NONE', *, *, #2765, .T. ) ;
#1737 = ORIENTED_EDGE ( 'NONE', *, *, #120, .T. ) ;
#1738 = DIRECTION ( 'NONE',  ( 0.000000000000000000, 0.000000000000000000, -1.000000000000000000 ) ) ;
#1739 = ORIENTED_EDGE ( 'NONE', *, *, #384, .F. ) ;
#1740 = EDGE_LOOP ( 'NONE', ( #386, #1425, #1316, #1845, #252 ) ) ;
#1741 = VERTEX_POINT ( 'NONE', #1924 ) ;
#1742 = AXIS2_PLACEMENT_3D ( 'NONE', #80, #1194, #2021 ) ;
#1743 = DIRECTION ( 'NONE',  ( -1.000000000000000000, 0.000000000000000000, 0.000000000000000000 ) ) ;
#1744 = DIRECTION ( 'NONE',  ( 0.000000000000000000, 0.000000000000000000, -1.000000000000000000 ) ) ;
#1745 = AXIS2_PLACEMENT_3D ( 'NONE', #1522, #234, #2172 ) ;
#1746 = ORIENTED_EDGE ( 'NONE', *, *, #2012, .T. ) ;
#1747 = CIRCLE ( 'NONE', #292, 2.999999999999995559 ) ;
#1748 = CARTESIAN_POINT ( 'NONE',  ( 3.000000000000000000, 51.75604996696842619, 47.52292721923011243 ) ) ;
#1749 = VERTEX_POINT ( 'NONE', #2107 ) ;
#1750 = EDGE_CURVE ( 'NONE', #2779, #1829, #2380, .T. ) ;
#1751 = DIRECTION ( 'NONE',  ( 0.000000000000000000, 0.000000000000000000, 1.000000000000000000 ) ) ;
#1752 = DIRECTION ( 'NONE',  ( 1.000000000000000000, 0.000000000000000000, -0.000000000000000000 ) ) ;
#1753 = VERTEX_POINT ( 'NONE', #805 ) ;
#1754 = EDGE_CURVE ( 'NONE', #1532, #1191, #1022, .T. ) ;
#1755 = VERTEX_POINT ( 'NONE', #2531 ) ;
#1756 = DIRECTION ( 'NONE',  ( 0.000000000000000000, 0.4916668203100941770, -0.8707834046455877886 ) ) ;
#1757 = ORIENTED_EDGE ( 'NONE', *, *, #925, .T. ) ;
#1758 = ORIENTED_EDGE ( 'NONE', *, *, #2100, .F. ) ;
#1759 = CARTESIAN_POINT ( 'NONE',  ( 3.000000000000000000, -49.49747468305831433, -49.49747468305832854 ) ) ;
#1760 = DIRECTION ( 'NONE',  ( 0.000000000000000000, 0.000000000000000000, -1.000000000000000000 ) ) ;
#1761 = EDGE_CURVE ( 'NONE', #2551, #1753, #1788, .T. ) ;
#1762 = CARTESIAN_POINT ( 'NONE',  ( 0.000000000000000000, 23.60000000000000142, 7.000000000000009770 ) ) ;
#1763 = CIRCLE ( 'NONE', #2738, 3.000000000000002665 ) ;
#1764 = EDGE_LOOP ( 'NONE', ( #1842, #2564, #2624, #1911 ) ) ;
#1765 = FACE_OUTER_BOUND ( 'NONE', #1712, .T. ) ;
#1766 = LINE ( 'NONE', #409, #456 ) ;
#1767 = CARTESIAN_POINT ( 'NONE',  ( 3.000000000000000000, -17.85860846778390609, 23.09119864856435811 ) ) ;
#1768 = ORIENTED_EDGE ( 'NONE', *, *, #715, .T. ) ;
#1769 = ORIENTED_EDGE ( 'NONE', *, *, #946, .T. ) ;
#1770 = CARTESIAN_POINT ( 'NONE',  ( -76.34029080374268972, -23.60000000000000142, -7.000000000000000000 ) ) ;
#1771 = VERTEX_POINT ( 'NONE', #387 ) ;
#1772 = DIRECTION ( 'NONE',  ( 1.000000000000000000, 0.000000000000000000, 0.000000000000000000 ) ) ;
#1773 = CARTESIAN_POINT ( 'NONE',  ( 3.000000000000000000, -19.99431948050905561, -14.76172929972860715 ) ) ;
#1774 = VERTEX_POINT ( 'NONE', #2308 ) ;
#1775 = B_SPLINE_CURVE_WITH_KNOTS ( 'NONE', 3,
 ( #445, #621, #1951, #1311, #246, #1481, #2167, #478, #1099, #38, #1295, #1328, #2387, #1716 ),
 .UNSPECIFIED., .F., .F.,
 ( 4, 2, 2, 2, 2, 2, 4 ),
 ( 0.000000000000000000, 0.001709152040265343600, 0.003418304080530687201, 0.004272880100663361928, 0.005127456120796037090, 0.005982032140928711383, 0.006836608161061386545 ),
 .UNSPECIFIED. ) ;
#1776 = AXIS2_PLACEMENT_3D ( 'NONE', #1111, #2634, #2351 ) ;
#1777 = PLANE ( 'NONE',  #2034 ) ;
#1778 = DIRECTION ( 'NONE',  ( 0.000000000000000000, 0.000000000000000000, 1.000000000000000000 ) ) ;
#1779 = CARTESIAN_POINT ( 'NONE',  ( 32.59999999999999432, -5.332174861821640022, 8.638356021761239845 ) ) ;
#1780 = AXIS2_PLACEMENT_3D ( 'NONE', #2312, #545, #2056 ) ;
#1781 = ADVANCED_FACE ( 'NONE', ( #1472 ), #1038, .F. ) ;
#1782 = CARTESIAN_POINT ( 'NONE',  ( 5.655893138902991168, 14.99999999999999822, 20.23259018078044491 ) ) ;
#1783 = CARTESIAN_POINT ( 'NONE',  ( 3.000000000000001776, -17.95705806781357694, -23.18964824859401830 ) ) ;
#1784 = ORIENTED_EDGE ( 'NONE', *, *, #2476, .T. ) ;
#1785 = DIRECTION ( 'NONE',  ( 0.000000000000000000, 0.000000000000000000, -1.000000000000000000 ) ) ;
#1786 = DIRECTION ( 'NONE',  ( 0.000000000000000000, -0.7071067811865472397, 0.7071067811865479058 ) ) ;
#1787 = EDGE_CURVE ( 'NONE', #1314, #780, #436, .T. ) ;
#1788 = CIRCLE ( 'NONE', #70, 3.000000000000002665 ) ;
#1789 = CARTESIAN_POINT ( 'NONE',  ( 3.000000000000000000, 15.72128267389227219, -20.95387285467272065 ) ) ;
#1790 = VECTOR ( 'NONE', #2337, 1000.000000000000000 ) ;
#1791 = FACE_OUTER_BOUND ( 'NONE', #2776, .T. ) ;
#1792 = DIRECTION ( 'NONE',  ( -1.000000000000000000, 0.000000000000000000, 0.000000000000000000 ) ) ;
#1793 = AXIS2_PLACEMENT_3D ( 'NONE', #1004, #338, #1875 ) ;
#1794 = FACE_OUTER_BOUND ( 'NONE', #617, .T. ) ;
#1795 = DIRECTION ( 'NONE',  ( 1.000000000000000000, 0.000000000000000000, 0.000000000000000000 ) ) ;
#1796 = DIRECTION ( 'NONE',  ( 0.000000000000000000, 0.000000000000000000, -1.000000000000000000 ) ) ;
#1797 = ORIENTED_EDGE ( 'NONE', *, *, #2611, .T. ) ;
#1798 = VECTOR ( 'NONE', #2653, 1000.000000000000000 ) ;
#1799 = EDGE_LOOP ( 'NONE', ( #2498, #1988, #778, #916 ) ) ;
#1800 = DIRECTION ( 'NONE',  ( 1.000000000000000000, 0.000000000000000000, 0.000000000000000000 ) ) ;
#1801 = DIRECTION ( 'NONE',  ( -1.000000000000000000, 0.000000000000000000, 0.000000000000000000 ) ) ;
#1802 = EDGE_LOOP ( 'NONE', ( #206, #2592, #1317, #2314 ) ) ;
#1803 = CIRCLE ( 'NONE', #388, 4.000000000000000000 ) ;
#1804 = CARTESIAN_POINT ( 'NONE',  ( 0.000000000000000000, 0.000000000000000000, -19.81566993998855608 ) ) ;
#1805 = DIRECTION ( 'NONE',  ( 0.000000000000000000, 0.000000000000000000, -1.000000000000000000 ) ) ;
#1806 = CARTESIAN_POINT ( 'NONE',  ( 13.59999999999999964, -6.999999999999999112, 23.60000000000000142 ) ) ;
#1807 = EDGE_LOOP ( 'NONE', ( #2180, #2174, #319, #2773 ) ) ;
#1808 = CARTESIAN_POINT ( 'NONE',  ( 6.744249554158654902, -16.36750501450887540, -19.80935858876140898 ) ) ;
#1809 = CARTESIAN_POINT ( 'NONE',  ( 3.000000000000000000, 14.76172929972860359, 19.99431948050904850 ) ) ;
#1810 = CARTESIAN_POINT ( 'NONE',  ( 0.000000000000000000, -15.72128267389227219, -20.95387285467272420 ) ) ;
#1811 = LINE ( 'NONE', #726, #1927 ) ;
#1812 = ADVANCED_FACE ( 'NONE', ( #2159 ), #221, .F. ) ;
#1813 = EDGE_CURVE ( 'NONE', #2067, #2779, #520, .T. ) ;
#1814 = FACE_OUTER_BOUND ( 'NONE', #817, .T. ) ;
#1815 = CYLINDRICAL_SURFACE ( 'NONE', #59, 2.249999999999998668 ) ;
#1816 = CARTESIAN_POINT ( 'NONE',  ( 3.000000000000000000, -51.61879502661796693, -47.37615433949869015 ) ) ;
#1817 = DIRECTION ( 'NONE',  ( 1.000000000000000000, -0.000000000000000000, -0.000000000000000000 ) ) ;
#1818 = LINE ( 'NONE', #1809, #1051 ) ;
#1819 = DIRECTION ( 'NONE',  ( 1.000000000000000000, -0.000000000000000000, -0.000000000000000000 ) ) ;
#1820 = ORIENTED_EDGE ( 'NONE', *, *, #2711, .F. ) ;
#1821 = CIRCLE ( 'NONE', #2530, 3.000000000000000888 ) ;
#1822 = CARTESIAN_POINT ( 'NONE',  ( 13.59999999999999964, -3.370785039248556991, -21.96922704839737150 ) ) ;
#1823 = LINE ( 'NONE', #1789, #2709 ) ;
#1824 = AXIS2_PLACEMENT_3D ( 'NONE', #2342, #790, #1667 ) ;
#1825 = DIRECTION ( 'NONE',  ( 1.000000000000000000, -0.000000000000000000, -0.000000000000000000 ) ) ;
#1826 = EDGE_LOOP ( 'NONE', ( #2365, #2279, #2156, #468 ) ) ;
#1827 = EDGE_CURVE ( 'NONE', #251, #2112, #2341, .T. ) ;
#1828 = CARTESIAN_POINT ( 'NONE',  ( 4.700940931258871025, -15.90599704799996594, -20.62672811980728937 ) ) ;
#1829 = VERTEX_POINT ( 'NONE', #454 ) ;
#1830 = FACE_OUTER_BOUND ( 'NONE', #632, .T. ) ;
#1831 = FACE_OUTER_BOUND ( 'NONE', #247, .T. ) ;
#1832 = DIRECTION ( 'NONE',  ( -0.000000000000000000, -1.000000000000000000, -0.000000000000000000 ) ) ;
#1833 = EDGE_CURVE ( 'NONE', #649, #2484, #2229, .T. ) ;
#1834 = VECTOR ( 'NONE', #1264, 1000.000000000000000 ) ;
#1835 = CARTESIAN_POINT ( 'NONE',  ( 0.000000000000000000, -5.332174861821640022, 12.63835602176123984 ) ) ;
#1836 = EDGE_CURVE ( 'NONE', #2083, #1741, #997, .T. ) ;
#1837 = DIRECTION ( 'NONE',  ( 0.000000000000000000, 0.000000000000000000, -1.000000000000000000 ) ) ;
#1838 = ORIENTED_EDGE ( 'NONE', *, *, #1833, .T. ) ;
#1839 = FACE_OUTER_BOUND ( 'NONE', #1084, .T. ) ;
#1840 = CARTESIAN_POINT ( 'NONE',  ( 13.59999999999999964, 3.370785039248556991, -21.96922704839737150 ) ) ;
#1841 = DIRECTION ( 'NONE',  ( 1.000000000000000000, 0.000000000000000000, 0.000000000000000000 ) ) ;
#1842 = ORIENTED_EDGE ( 'NONE', *, *, #395, .T. ) ;
#1843 = ADVANCED_FACE ( 'NONE', ( #2225 ), #1974, .T. ) ;
#1844 = DIRECTION ( 'NONE',  ( 0.000000000000000000, 0.000000000000000000, 1.000000000000000000 ) ) ;
#1845 = ORIENTED_EDGE ( 'NONE', *, *, #2185, .F. ) ;
#1846 = CARTESIAN_POINT ( 'NONE',  ( 3.000000000000000000, 15.72128267389227219, -20.95387285467272065 ) ) ;
#1847 = EDGE_LOOP ( 'NONE', ( #1432, #942, #340, #1100 ) ) ;
#1848 = VERTEX_POINT ( 'NONE', #2047 ) ;
#1849 = CARTESIAN_POINT ( 'NONE',  ( 3.000000000000000000, 47.37615433949902410, -51.61879502661761165 ) ) ;
#1850 = PLANE ( 'NONE',  #2771 ) ;
#1851 = DIRECTION ( 'NONE',  ( 0.000000000000000000, 0.000000000000000000, -1.000000000000000000 ) ) ;
#1852 = CIRCLE ( 'NONE', #2255, 2.250000000000000444 ) ;
#1853 = LINE ( 'NONE', #1867, #1098 ) ;
#1854 = ORIENTED_EDGE ( 'NONE', *, *, #854, .F. ) ;
#1855 = EDGE_CURVE ( 'NONE', #2522, #412, #2514, .T. ) ;
#1856 = DIRECTION ( 'NONE',  ( 1.000000000000000000, 0.000000000000000000, 0.000000000000000000 ) ) ;
#1857 = ADVANCED_FACE ( 'NONE', ( #1839 ), #970, .F. ) ;
#1858 = CARTESIAN_POINT ( 'NONE',  ( 3.000000000000000000, -19.99431948050905561, -14.76172929972860715 ) ) ;
#1859 = ORIENTED_EDGE ( 'NONE', *, *, #2472, .T. ) ;
#1860 = ORIENTED_EDGE ( 'NONE', *, *, #2110, .F. ) ;
#1861 = AXIS2_PLACEMENT_3D ( 'NONE', #50, #1343, #343 ) ;
#1862 = DIRECTION ( 'NONE',  ( -0.000000000000000000, -0.7071067811865474617, -0.7071067811865474617 ) ) ;
#1863 = CARTESIAN_POINT ( 'NONE',  ( 3.000000000000000000, -49.49747468305832143, 49.49747468305832143 ) ) ;
#1864 = VECTOR ( 'NONE', #1678, 1000.000000000000000 ) ;
#1865 = CARTESIAN_POINT ( 'NONE',  ( 13.59999999999999964, 9.332174861821640022, -11.46965711278947353 ) ) ;
#1866 = VECTOR ( 'NONE', #527, 1000.000000000000000 ) ;
#1867 = CARTESIAN_POINT ( 'NONE',  ( 3.000000000000000000, -14.76172929972859826, 19.99431948050904850 ) ) ;
#1868 = EDGE_CURVE ( 'NONE', #2096, #416, #548, .T. ) ;
#1869 = CARTESIAN_POINT ( 'NONE',  ( 5.622057989885064444, -20.24249564438353488, 15.00990546360308642 ) ) ;
#1870 = CIRCLE ( 'NONE', #1654, 4.000000000000000000 ) ;
#1871 = DIRECTION ( 'NONE',  ( 1.000000000000000000, -0.000000000000000000, -0.000000000000000000 ) ) ;
#1872 = ORIENTED_EDGE ( 'NONE', *, *, #1071, .F. ) ;
#1873 = EDGE_LOOP ( 'NONE', ( #2209, #179, #2406, #2143 ) ) ;
#1874 = CARTESIAN_POINT ( 'NONE',  ( 6.999999999999997335, 14.76172929972860359, 19.99431948050904850 ) ) ;
#1875 = DIRECTION ( 'NONE',  ( 0.000000000000000000, 0.000000000000000000, 1.000000000000000000 ) ) ;
#1876 = CARTESIAN_POINT ( 'NONE',  ( 6.428292088987667796, 20.02741040275071782, -14.79482022197026758 ) ) ;
#1877 = ORIENTED_EDGE ( 'NONE', *, *, #2556, .T. ) ;
#1878 = VECTOR ( 'NONE', #1403, 1000.000000000000114 ) ;
#1879 = LINE ( 'NONE', #2543, #2305 ) ;
#1880 = CARTESIAN_POINT ( 'NONE',  ( 0.000000000000000000, 49.49747468305866960, -49.49747468305798037 ) ) ;
#1881 = CARTESIAN_POINT ( 'NONE',  ( 4.357195576444669705, -15.72128267389226863, -20.95387285467272065 ) ) ;
#1882 = ADVANCED_FACE ( 'NONE', ( #1990, #506, #2210, #278, #1362, #253, #2613, #1105, #677, #931 ), #918, .F. ) ;
#1883 = ORIENTED_EDGE ( 'NONE', *, *, #1298, .F. ) ;
#1884 = DIRECTION ( 'NONE',  ( 1.000000000000000000, 0.000000000000000000, 0.000000000000000000 ) ) ;
#1885 = EDGE_LOOP ( 'NONE', ( #1964, #479, #533, #2605, #2616, #2587, #193 ) ) ;
#1886 = ORIENTED_EDGE ( 'NONE', *, *, #1049, .T. ) ;
#1887 = CARTESIAN_POINT ( 'NONE',  ( 13.59999999999999964, -23.60000000000000142, 7.000000000000000000 ) ) ;
#1888 = CARTESIAN_POINT ( 'NONE',  ( 3.000000000000000000, 19.99431948050904850, -14.76172929972859471 ) ) ;
#1889 = CARTESIAN_POINT ( 'NONE',  ( 3.025797256399638702, 23.01133902212145088, -17.77874884134098821 ) ) ;
#1890 = EDGE_CURVE ( 'NONE', #438, #712, #2134, .T. ) ;
#1891 = CARTESIAN_POINT ( 'NONE',  ( 13.60000000000000853, -8.702959901070201454, -13.62321422119827474 ) ) ;
#1892 = CARTESIAN_POINT ( 'NONE',  ( 3.000000000000000000, -47.37615433949867594, 51.61879502661795982 ) ) ;
#1893 = CARTESIAN_POINT ( 'NONE',  ( 6.709442957960094489, -19.99431948050905206, 14.76172929972860359 ) ) ;
#1894 = VECTOR ( 'NONE', #1306, 1000.000000000000000 ) ;
#1895 = VERTEX_POINT ( 'NONE', #320 ) ;
#1896 = DIRECTION ( 'NONE',  ( 0.000000000000000000, -0.7071067811865474617, 0.7071067811865474617 ) ) ;
#1897 = VERTEX_POINT ( 'NONE', #2393 ) ;
#1898 = EDGE_LOOP ( 'NONE', ( #452, #2118, #1646, #641, #2537 ) ) ;
#1899 = LINE ( 'NONE', #989, #686 ) ;
#1900 = CARTESIAN_POINT ( 'NONE',  ( 13.59999999999999964, 0.000000000000000000, 23.60000000000000142 ) ) ;
#1901 = CARTESIAN_POINT ( 'NONE',  ( 6.709442957960095377, 19.99431948050905916, -14.76172929972860182 ) ) ;
#1902 = AXIS2_PLACEMENT_3D ( 'NONE', #1880, #2745, #599 ) ;
#1903 = DIRECTION ( 'NONE',  ( 1.000000000000000000, -0.000000000000000000, -0.000000000000000000 ) ) ;
#1904 = ORIENTED_EDGE ( 'NONE', *, *, #1413, .F. ) ;
#1905 = CIRCLE ( 'NONE', #26, 6.999999999999999112 ) ;
#1906 = CARTESIAN_POINT ( 'NONE',  ( 13.59999999999999964, -23.60000000000000142, 0.000000000000000000 ) ) ;
#1907 = FACE_OUTER_BOUND ( 'NONE', #2301, .T. ) ;
#1908 = EDGE_LOOP ( 'NONE', ( #2146, #1070, #1614, #7 ) ) ;
#1909 = FACE_BOUND ( 'NONE', #110, .T. ) ;
#1910 = ORIENTED_EDGE ( 'NONE', *, *, #1976, .T. ) ;
#1911 = ORIENTED_EDGE ( 'NONE', *, *, #2734, .F. ) ;
#1912 = ADVANCED_FACE ( 'NONE', ( #2659 ), #889, .T. ) ;
#1913 = FACE_OUTER_BOUND ( 'NONE', #55, .T. ) ;
#1914 = FACE_OUTER_BOUND ( 'NONE', #1930, .T. ) ;
#1915 = CARTESIAN_POINT ( 'NONE',  ( 3.952939894864288650, -16.06023556937444141, 21.29282575015488987 ) ) ;
#1916 = ORIENTED_EDGE ( 'NONE', *, *, #1827, .T. ) ;
#1917 = EDGE_CURVE ( 'NONE', #2609, #1325, #2000, .T. ) ;
#1918 = AXIS2_PLACEMENT_3D ( 'NONE', #2131, #1081, #1113 ) ;
#1919 = ORIENTED_EDGE ( 'NONE', *, *, #1071, .T. ) ;
#1920 = FACE_OUTER_BOUND ( 'NONE', #1666, .T. ) ;
#1921 = ORIENTED_EDGE ( 'NONE', *, *, #2218, .F. ) ;
#1922 = VERTEX_POINT ( 'NONE', #2435 ) ;
#1923 = EDGE_CURVE ( 'NONE', #759, #1019, #714, .T. ) ;
#1924 = CARTESIAN_POINT ( 'NONE',  ( 3.000000000000000000, 18.18499786894220449, -23.41758804972265295 ) ) ;
#1925 = CARTESIAN_POINT ( 'NONE',  ( 4.143203317091076698, 15.89050904037434009, -21.12309922115478145 ) ) ;
#1926 = ORIENTED_EDGE ( 'NONE', *, *, #2734, .T. ) ;
#1927 = VECTOR ( 'NONE', #313, 1000.000000000000000 ) ;
#1928 = DIRECTION ( 'NONE',  ( -1.000000000000000000, 0.000000000000000000, 0.000000000000000000 ) ) ;
#1929 = EDGE_LOOP ( 'NONE', ( #2794, #1054, #1276, #1497 ) ) ;
#1930 = EDGE_LOOP ( 'NONE', ( #1183, #392, #1292, #834 ) ) ;
#1931 = DIRECTION ( 'NONE',  ( 0.000000000000000000, 0.7071067811865479058, 0.7071067811865472397 ) ) ;
#1932 = CARTESIAN_POINT ( 'NONE',  ( -76.34029080374268972, -6.999999999999999112, 23.60000000000000142 ) ) ;
#1933 = CARTESIAN_POINT ( 'NONE',  ( 13.59999999999999964, 23.60000000000000142, -2.999999999999992006 ) ) ;
#1934 = ORIENTED_EDGE ( 'NONE', *, *, #2448, .T. ) ;
#1935 = ORIENTED_EDGE ( 'NONE', *, *, #717, .T. ) ;
#1936 = CARTESIAN_POINT ( 'NONE',  ( 3.000000000000000000, 46.88117959266811852, 52.11376977344855987 ) ) ;
#1937 = ORIENTED_EDGE ( 'NONE', *, *, #2443, .T. ) ;
#1938 = ORIENTED_EDGE ( 'NONE', *, *, #2598, .T. ) ;
#1939 = PRODUCT_DEFINITION ( 'UNKNOWN', '', #142, #2018 ) ;
#1940 = DIRECTION ( 'NONE',  ( 1.000000000000000000, -0.000000000000000000, -0.000000000000000000 ) ) ;
#1941 = ADVANCED_FACE ( 'NONE', ( #1174 ), #1958, .F. ) ;
#1942 = CARTESIAN_POINT ( 'NONE',  ( 3.000000000000000000, -52.11376977344857409, -46.88117959266809009 ) ) ;
#1943 = AXIS2_PLACEMENT_3D ( 'NONE', #1151, #2666, #62 ) ;
#1944 = DIRECTION ( 'NONE',  ( -1.000000000000000000, -0.000000000000000000, -0.000000000000000000 ) ) ;
#1945 = ORIENTED_EDGE ( 'NONE', *, *, #1670, .T. ) ;
#1946 = EDGE_CURVE ( 'NONE', #895, #1245, #1604, .T. ) ;
#1947 = EDGE_LOOP ( 'NONE', ( #373, #1732, #1703, #1854 ) ) ;
#1948 = AXIS2_PLACEMENT_3D ( 'NONE', #1509, #2188, #255 ) ;
#1949 = CARTESIAN_POINT ( 'NONE',  ( 0.000000000000000000, -15.00000000000000355, -12.75000000000000000 ) ) ;
#1950 = LINE ( 'NONE', #1294, #1162 ) ;
#1951 = CARTESIAN_POINT ( 'NONE',  ( 3.100985156131793818, -22.61215511176667903, -17.37956493098622346 ) ) ;
#1952 = ORIENTED_EDGE ( 'NONE', *, *, #2307, .F. ) ;
#1953 = CARTESIAN_POINT ( 'NONE',  ( 32.59999999999999432, 0.000000000000000000, -19.81566993998855608 ) ) ;
#1954 = VECTOR ( 'NONE', #501, 1000.000000000000114 ) ;
#1955 = CARTESIAN_POINT ( 'NONE',  ( 3.244369266921385275, -17.07462330348823087, -22.30721348426868289 ) ) ;
#1956 = ORIENTED_EDGE ( 'NONE', *, *, #2665, .T. ) ;
#1957 = CIRCLE ( 'NONE', #2003, 4.999999999999999112 ) ;
#1958 = PLANE ( 'NONE',  #152 ) ;
#1959 = CARTESIAN_POINT ( 'NONE',  ( -76.34029080374268972, -6.999999999999999112, 23.60000000000000142 ) ) ;
#1960 = EDGE_LOOP ( 'NONE', ( #2127, #1067, #2282, #787 ) ) ;
#1961 = ADVANCED_FACE ( 'NONE', ( #2409 ), #485, .T. ) ;
#1962 = VECTOR ( 'NONE', #2294, 1000.000000000000000 ) ;
#1963 = FACE_BOUND ( 'NONE', #1028, .T. ) ;
#1964 = ORIENTED_EDGE ( 'NONE', *, *, #276, .F. ) ;
#1965 = DIRECTION ( 'NONE',  ( 0.000000000000000000, 0.4868836027845726555, -0.8734668610425437851 ) ) ;
#1966 = CYLINDRICAL_SURFACE ( 'NONE', #1300, 6.999999999999999112 ) ;
#1967 = DIRECTION ( 'NONE',  ( -1.000000000000000000, -0.000000000000000000, -0.000000000000000000 ) ) ;
#1968 = ORIENTED_EDGE ( 'NONE', *, *, #1750, .T. ) ;
#1969 = DIRECTION ( 'NONE',  ( -1.000000000000000000, -0.000000000000000000, -0.000000000000000000 ) ) ;
#1970 = DIRECTION ( 'NONE',  ( 0.000000000000000000, 0.7071067811865525687, 0.7071067811865425767 ) ) ;
#1971 = ORIENTED_EDGE ( 'NONE', *, *, #249, .T. ) ;
#1972 = AXIS2_PLACEMENT_3D ( 'NONE', #339, #2073, #1645 ) ;
#1973 = EDGE_LOOP ( 'NONE', ( #2456, #1510 ) ) ;
#1974 = PLANE ( 'NONE',  #650 ) ;
#1975 = DIRECTION ( 'NONE',  ( 0.000000000000000000, 0.000000000000000000, -1.000000000000000000 ) ) ;
#1976 = EDGE_CURVE ( 'NONE', #114, #2079, #374, .T. ) ;
#1977 = DIRECTION ( 'NONE',  ( 1.000000000000000000, 0.000000000000000000, 0.000000000000000000 ) ) ;
#1978 = VECTOR ( 'NONE', #1368, 1000.000000000000000 ) ;
#1979 = VERTEX_POINT ( 'NONE', #2086 ) ;
#1980 = ADVANCED_FACE ( 'NONE', ( #1188 ), #978, .F. ) ;
#1981 = CARTESIAN_POINT ( 'NONE',  ( 13.59999999999999964, -15.00000000000000355, 12.75000000000000178 ) ) ;
#1982 = CARTESIAN_POINT ( 'NONE',  ( 13.59999999999999964, -5.332174861821640022, 12.63835602176123984 ) ) ;
#1983 = CARTESIAN_POINT ( 'NONE',  ( 4.236052703019669075, -15.79838018604035454, 21.03097036682080301 ) ) ;
#1984 = ORIENTED_EDGE ( 'NONE', *, *, #1224, .F. ) ;
#1985 = DIRECTION ( 'NONE',  ( 0.000000000000000000, -0.7071067811865425767, 0.7071067811865525687 ) ) ;
#1986 = ORIENTED_EDGE ( 'NONE', *, *, #1827, .F. ) ;
#1987 = ORIENTED_EDGE ( 'NONE', *, *, #302, .F. ) ;
#1988 = ORIENTED_EDGE ( 'NONE', *, *, #1787, .F. ) ;
#1989 = EDGE_CURVE ( 'NONE', #1771, #1774, #337, .T. ) ;
#1990 = FACE_OUTER_BOUND ( 'NONE', #347, .T. ) ;
#1991 = DIRECTION ( 'NONE',  ( 0.000000000000000000, -0.7071067811865474617, -0.7071067811865474617 ) ) ;
#1992 = LINE ( 'NONE', #499, #2716 ) ;
#1993 = AXIS2_PLACEMENT_3D ( 'NONE', #2441, #317, #1342 ) ;
#1994 = CYLINDRICAL_SURFACE ( 'NONE', #1993, 2.999999999999999112 ) ;
#1995 = CARTESIAN_POINT ( 'NONE',  ( 0.000000000000000000, -19.99431948050904850, 14.76172929972860004 ) ) ;
#1996 = DIRECTION ( 'NONE',  ( 0.000000000000000000, 0.000000000000000000, -1.000000000000000000 ) ) ;
#1997 = CARTESIAN_POINT ( 'NONE',  ( 3.000000000000000000, -49.49747468305832143, 49.49747468305832143 ) ) ;
#1998 = LINE ( 'NONE', #67, #1237 ) ;
#1999 = ORIENTED_EDGE ( 'NONE', *, *, #2459, .F. ) ;
#2000 = LINE ( 'NONE', #1089, #1644 ) ;
#2001 = VECTOR ( 'NONE', #61, 1000.000000000000000 ) ;
#2002 = DIRECTION ( 'NONE',  ( -1.000000000000000000, 0.000000000000000000, 0.000000000000000000 ) ) ;
#2003 = AXIS2_PLACEMENT_3D ( 'NONE', #911, #2667, #2066 ) ;
#2004 = AXIS2_PLACEMENT_3D ( 'NONE', #783, #350, #1217 ) ;
#2005 = AXIS2_PLACEMENT_3D ( 'NONE', #2447, #2461, #2222 ) ;
#2006 = DIRECTION ( 'NONE',  ( -1.000000000000000000, 0.000000000000000000, 0.000000000000000000 ) ) ;
#2007 = DIRECTION ( 'NONE',  ( -1.000000000000000000, -0.000000000000000000, -0.000000000000000000 ) ) ;
#2008 = CARTESIAN_POINT ( 'NONE',  ( 32.59999999999999432, -5.332174861821640022, -11.46965711278947175 ) ) ;
#2009 = PLANE ( 'NONE',  #2369 ) ;
#2010 = CARTESIAN_POINT ( 'NONE',  ( 13.59999999999999964, 23.60000000000000142, 9.108356170405185248E-15 ) ) ;
#2011 = EDGE_CURVE ( 'NONE', #2538, #2197, #1556, .T. ) ;
#2012 = EDGE_CURVE ( 'NONE', #2128, #1291, #180, .T. ) ;
#2013 = EDGE_CURVE ( 'NONE', #900, #2513, #2510, .T. ) ;
#2014 = CIRCLE ( 'NONE', #785, 2.250000000000000444 ) ;
#2015 = CARTESIAN_POINT ( 'NONE',  ( 13.59999999999999964, 3.673940397442060854E-16, 20.60000000000000497 ) ) ;
#2016 = AXIS2_PLACEMENT_3D ( 'NONE', #1347, #2036, #737 ) ;
#2017 = DIRECTION ( 'NONE',  ( 1.000000000000000000, 0.000000000000000000, 0.000000000000000000 ) ) ;
#2018 = PRODUCT_DEFINITION_CONTEXT ( 'detailed design', #2545, 'design' ) ;
#2019 = VECTOR ( 'NONE', #2253, 1000.000000000000000 ) ;
#2020 = DIRECTION ( 'NONE',  ( -0.000000000000000000, 0.5383892771022008583, 0.8426962598121399139 ) ) ;
#2021 = DIRECTION ( 'NONE',  ( 0.000000000000000000, 0.000000000000000000, -1.000000000000000000 ) ) ;
#2022 = CYLINDRICAL_SURFACE ( 'NONE', #1338, 4.000000000000000000 ) ;
#2023 = DIRECTION ( 'NONE',  ( 0.000000000000000000, 0.000000000000000000, 1.000000000000000000 ) ) ;
#2024 = DIRECTION ( 'NONE',  ( -1.000000000000000000, -0.000000000000000000, -0.000000000000000000 ) ) ;
#2025 = ORIENTED_EDGE ( 'NONE', *, *, #1653, .F. ) ;
#2026 = DIRECTION ( 'NONE',  ( 0.000000000000000000, 0.000000000000000000, -1.000000000000000000 ) ) ;
#2027 = ORIENTED_EDGE ( 'NONE', *, *, #2241, .T. ) ;
#2028 = EDGE_CURVE ( 'NONE', #1774, #457, #396, .T. ) ;
#2029 = DIRECTION ( 'NONE',  ( 0.000000000000000000, 0.000000000000000000, -1.000000000000000000 ) ) ;
#2030 = EDGE_CURVE ( 'NONE', #2538, #1255, #1899, .T. ) ;
#2031 = LINE ( 'NONE', #956, #139 ) ;
#2032 = DIRECTION ( 'NONE',  ( 1.000000000000000000, 0.000000000000000000, 0.000000000000000000 ) ) ;
#2033 = ORIENTED_EDGE ( 'NONE', *, *, #1946, .T. ) ;
#2034 = AXIS2_PLACEMENT_3D ( 'NONE', #1279, #1096, #1326 ) ;
#2035 = CARTESIAN_POINT ( 'NONE',  ( 3.065429940589128766, 17.53806504253606136, 22.77065522331651337 ) ) ;
#2036 = DIRECTION ( 'NONE',  ( -1.000000000000000000, -0.000000000000000000, -0.000000000000000000 ) ) ;
#2037 = VERTEX_POINT ( 'NONE', #1700 ) ;
#2038 = AXIS2_PLACEMENT_3D ( 'NONE', #1365, #2017, #2029 ) ;
#2039 = EDGE_CURVE ( 'NONE', #2274, #2297, #892, .T. ) ;
#2040 = DIRECTION ( 'NONE',  ( 0.000000000000000000, 0.000000000000000000, 1.000000000000000000 ) ) ;
#2041 = CIRCLE ( 'NONE', #820, 2.250000000000003553 ) ;
#2042 = ORIENTED_EDGE ( 'NONE', *, *, #1731, .F. ) ;
#2043 = EDGE_CURVE ( 'NONE', #2736, #2488, #565, .T. ) ;
#2044 = LINE ( 'NONE', #1835, #985 ) ;
#2045 = CARTESIAN_POINT ( 'NONE',  ( 13.59999999999999964, 7.347880794884118356E-15, -36.39999999999999147 ) ) ;
#2046 = ORIENTED_EDGE ( 'NONE', *, *, #2423, .F. ) ;
#2047 = CARTESIAN_POINT ( 'NONE',  ( 0.000000000000000000, -19.82446635190281725, -13.68678850928055901 ) ) ;
#2048 = CARTESIAN_POINT ( 'NONE',  ( 0.000000000000000000, 46.88117959266809009, -52.11376977344854566 ) ) ;
#2049 = CARTESIAN_POINT ( 'NONE',  ( 13.59999999999999964, -15.00000000000000355, -14.99999999999999822 ) ) ;
#2050 = ORIENTED_EDGE ( 'NONE', *, *, #2714, .T. ) ;
#2051 = DIRECTION ( 'NONE',  ( -0.000000000000000000, 0.7071067811865474617, 0.7071067811865474617 ) ) ;
#2052 = APPLICATION_PROTOCOL_DEFINITION ( 'draft international standard', 'automotive_design', 1998, #2545 ) ;
#2053 = ORIENTED_EDGE ( 'NONE', *, *, #1298, .T. ) ;
#2054 = VECTOR ( 'NONE', #1373, 1000.000000000000000 ) ;
#2055 = EDGE_CURVE ( 'NONE', #1014, #2197, #2707, .T. ) ;
#2056 = DIRECTION ( 'NONE',  ( 0.000000000000000000, 8.673617379884035472E-16, -1.000000000000000000 ) ) ;
#2057 = CARTESIAN_POINT ( 'NONE',  ( 13.60000000000000142, 5.332174861821640022, 8.638356021761239845 ) ) ;
#2058 = EDGE_LOOP ( 'NONE', ( #536, #5, #1468, #1195 ) ) ;
#2059 = EDGE_CURVE ( 'NONE', #2787, #1265, #1256, .T. ) ;
#2060 = DIRECTION ( 'NONE',  ( 1.000000000000000000, 0.000000000000000000, 0.000000000000000000 ) ) ;
#2061 = DIRECTION ( 'NONE',  ( -1.000000000000000000, 0.000000000000000000, 0.000000000000000000 ) ) ;
#2062 = CARTESIAN_POINT ( 'NONE',  ( 13.60000000000000142, 0.000000000000000000, -19.81566993998855608 ) ) ;
#2063 = CIRCLE ( 'NONE', #1475, 3.000000000000002665 ) ;
#2064 = EDGE_CURVE ( 'NONE', #909, #1611, #2276, .T. ) ;
#2065 = CARTESIAN_POINT ( 'NONE',  ( 0.000000000000000000, -15.00000000000000355, -14.99999999999999822 ) ) ;
#2066 = DIRECTION ( 'NONE',  ( 0.000000000000000000, 0.000000000000000000, -1.000000000000000000 ) ) ;
#2067 = VERTEX_POINT ( 'NONE', #1887 ) ;
#2068 = CARTESIAN_POINT ( 'NONE',  ( 3.000000000000000000, -49.49747468305831433, -49.49747468305832854 ) ) ;
#2069 = ORIENTED_EDGE ( 'NONE', *, *, #2289, .F. ) ;
#2070 = ORIENTED_EDGE ( 'NONE', *, *, #2320, .T. ) ;
#2071 = CARTESIAN_POINT ( 'NONE',  ( 0.000000000000000000, 7.347880794884118356E-15, -36.39999999999999147 ) ) ;
#2072 = FACE_OUTER_BOUND ( 'NONE', #2227, .T. ) ;
#2073 = DIRECTION ( 'NONE',  ( 1.000000000000000000, 0.000000000000000000, 0.000000000000000000 ) ) ;
#2074 = AXIS2_PLACEMENT_3D ( 'NONE', #261, #902, #2375 ) ;
#2075 = ORIENTED_EDGE ( 'NONE', *, *, #1632, .F. ) ;
#2076 = EDGE_CURVE ( 'NONE', #1532, #2724, #1202, .T. ) ;
#2077 = VECTOR ( 'NONE', #476, 1000.000000000000000 ) ;
#2078 = DIRECTION ( 'NONE',  ( 1.000000000000000000, 0.000000000000000000, 0.000000000000000000 ) ) ;
#2079 = VERTEX_POINT ( 'NONE', #381 ) ;
#2080 = AXIS2_PLACEMENT_3D ( 'NONE', #1476, #1526, #843 ) ;
#2081 = CARTESIAN_POINT ( 'NONE',  ( 6.999999999999997335, -19.99431948050905206, 14.76172929972860004 ) ) ;
#2082 = DIRECTION ( 'NONE',  ( 0.000000000000000000, 0.5383892771022008583, -0.8426962598121399139 ) ) ;
#2083 = VERTEX_POINT ( 'NONE', #1479 ) ;
#2084 = EDGE_LOOP ( 'NONE', ( #2331, #1820, #2486, #958, #1173 ) ) ;
#2085 = CIRCLE ( 'NONE', #993, 2.249999999999998668 ) ;
#2086 = CARTESIAN_POINT ( 'NONE',  ( 13.59999999999999964, 0.000000000000000000, 30.60000000000000142 ) ) ;
#2087 = DIRECTION ( 'NONE',  ( 1.000000000000000000, 0.000000000000000000, 0.000000000000000000 ) ) ;
#2088 = VECTOR ( 'NONE', #2789, 1000.000000000000000 ) ;
#2089 = LINE ( 'NONE', #2497, #210 ) ;
#2090 = VECTOR ( 'NONE', #609, 1000.000000000000114 ) ;
#2091 = EDGE_CURVE ( 'NONE', #900, #25, #363, .T. ) ;
#2092 = LINE ( 'NONE', #355, #1143 ) ;
#2093 = ORIENTED_EDGE ( 'NONE', *, *, #211, .F. ) ;
#2094 = EDGE_CURVE ( 'NONE', #2124, #1122, #1852, .T. ) ;
#2095 = CARTESIAN_POINT ( 'NONE',  ( 3.000000000000000000, -51.61879502661795982, 47.37615433949867594 ) ) ;
#2096 = VERTEX_POINT ( 'NONE', #1448 ) ;
#2097 = CARTESIAN_POINT ( 'NONE',  ( 0.000000000000000000, -6.999999999999992006, -36.39999999999999858 ) ) ;
#2098 = ORIENTED_EDGE ( 'NONE', *, *, #626, .F. ) ;
#2099 = ORIENTED_EDGE ( 'NONE', *, *, #1198, .T. ) ;
#2100 = EDGE_CURVE ( 'NONE', #1429, #2702, #167, .T. ) ;
#2101 = DIRECTION ( 'NONE',  ( -0.000000000000000000, 0.7071067811865474617, -0.7071067811865476838 ) ) ;
#2102 = DIRECTION ( 'NONE',  ( -1.000000000000000000, 0.000000000000000000, 0.000000000000000000 ) ) ;
#2103 = CARTESIAN_POINT ( 'NONE',  ( 0.000000000000000000, 0.000000000000000000, 23.60000000000000142 ) ) ;
#2104 = ORIENTED_EDGE ( 'NONE', *, *, #965, .T. ) ;
#2105 = CIRCLE ( 'NONE', #290, 4.000000000000000000 ) ;
#2106 = LINE ( 'NONE', #837, #74 ) ;
#2107 = CARTESIAN_POINT ( 'NONE',  ( 0.000000000000000000, -5.332174861821640022, 12.63835602176123984 ) ) ;
#2108 = DIRECTION ( 'NONE',  ( 0.000000000000000000, -0.7071067811865475727, -0.7071067811865475727 ) ) ;
#2109 = ORIENTED_EDGE ( 'NONE', *, *, #2389, .F. ) ;
#2110 = EDGE_CURVE ( 'NONE', #1265, #2096, #1465, .T. ) ;
#2111 = DIRECTION ( 'NONE',  ( -0.000000000000000000, -0.7071067811865474617, -0.7071067811865474617 ) ) ;
#2112 = VERTEX_POINT ( 'NONE', #2399 ) ;
#2113 = ORIENTED_EDGE ( 'NONE', *, *, #742, .F. ) ;
#2114 = CARTESIAN_POINT ( 'NONE',  ( 3.000000000000000000, -19.99431948050904850, 14.76172929972860004 ) ) ;
#2115 = CARTESIAN_POINT ( 'NONE',  ( 13.59999999999999964, 9.332174861821640022, 23.60000000000000142 ) ) ;
#2116 = CARTESIAN_POINT ( 'NONE',  ( 3.000000000000000000, 19.99431948050904850, -14.76172929972859471 ) ) ;
#2117 = DIRECTION ( 'NONE',  ( 0.000000000000000000, 0.000000000000000000, -1.000000000000000000 ) ) ;
#2118 = ORIENTED_EDGE ( 'NONE', *, *, #2633, .F. ) ;
#2119 = VECTOR ( 'NONE', #606, 999.9999999999998863 ) ;
#2120 = EDGE_CURVE ( 'NONE', #2189, #201, #651, .T. ) ;
#2121 = CARTESIAN_POINT ( 'NONE',  ( 32.59999999999999432, 5.332174861821640022, -11.46965711278947353 ) ) ;
#2122 = CARTESIAN_POINT ( 'NONE',  ( 3.199790384413681021, -22.41331408221218879, 17.18072390143173322 ) ) ;
#2123 = AXIS2_PLACEMENT_3D ( 'NONE', #1697, #2549, #2366 ) ;
#2124 = VERTEX_POINT ( 'NONE', #1981 ) ;
#2125 = EDGE_CURVE ( 'NONE', #646, #2606, #1261, .T. ) ;
#2126 = CARTESIAN_POINT ( 'NONE',  ( 3.000000000000000000, -46.88117959266811852, -52.11376977344854566 ) ) ;
#2127 = ORIENTED_EDGE ( 'NONE', *, *, #1539, .F. ) ;
#2128 = VERTEX_POINT ( 'NONE', #2178 ) ;
#2129 = DIRECTION ( 'NONE',  ( -1.000000000000000000, -0.000000000000000000, -0.000000000000000000 ) ) ;
#2130 = DIRECTION ( 'NONE',  ( 0.000000000000000000, 0.000000000000000000, 1.000000000000000000 ) ) ;
#2131 = CARTESIAN_POINT ( 'NONE',  ( 0.000000000000000000, 5.332174861821640022, -11.46965711278947353 ) ) ;
#2132 = ORIENTED_EDGE ( 'NONE', *, *, #1159, .F. ) ;
#2133 = EDGE_CURVE ( 'NONE', #2484, #1683, #1309, .T. ) ;
#2134 = CIRCLE ( 'NONE', #480, 4.999999999999999112 ) ;
#2135 = DIRECTION ( 'NONE',  ( 0.000000000000000000, -0.7071067811865474617, -0.7071067811865474617 ) ) ;
#2136 = DIRECTION ( 'NONE',  ( 0.000000000000000000, -0.8707834046455877886, -0.4916668203100941770 ) ) ;
#2137 = VERTEX_POINT ( 'NONE', #2584 ) ;
#2138 = ORIENTED_EDGE ( 'NONE', *, *, #2693, .F. ) ;
#2139 = VECTOR ( 'NONE', #2051, 1000.000000000000114 ) ;
#2140 = CARTESIAN_POINT ( 'NONE',  ( -14.14213562373095101, 18.82278299076170924, 11.77721700923830106 ) ) ;
#2141 = CIRCLE ( 'NONE', #1278, 2.999999999999999112 ) ;
#2142 = DIRECTION ( 'NONE',  ( 0.000000000000000000, -3.469446951953614978E-15, -1.000000000000000000 ) ) ;
#2143 = ORIENTED_EDGE ( 'NONE', *, *, #367, .F. ) ;
#2144 = CYLINDRICAL_SURFACE ( 'NONE', #184, 2.250000000000000444 ) ;
#2145 = VERTEX_POINT ( 'NONE', #35 ) ;
#2146 = ORIENTED_EDGE ( 'NONE', *, *, #1632, .T. ) ;
#2147 = AXIS2_PLACEMENT_3D ( 'NONE', #82, #724, #1617 ) ;
#2148 = DIRECTION ( 'NONE',  ( -1.000000000000000000, 0.000000000000000000, 0.000000000000000000 ) ) ;
#2149 = DIRECTION ( 'NONE',  ( 0.000000000000000000, -0.7071067811865479058, -0.7071067811865472397 ) ) ;
#2150 = LINE ( 'NONE', #214, #85 ) ;
#2151 = EDGE_LOOP ( 'NONE', ( #2377, #1027 ) ) ;
#2152 = ADVANCED_FACE ( 'NONE', ( #1494 ), #1777, .T. ) ;
#2153 = COLOUR_RGB ( '',0.7921568627450980005, 0.8196078431372548767, 0.9333333333333333481 ) ;
#2154 = DIRECTION ( 'NONE',  ( 0.000000000000000000, 0.7071067811865477948, 0.7071067811865473507 ) ) ;
#2155 = CARTESIAN_POINT ( 'NONE',  ( 13.59999999999999964, -15.00000000000000355, 17.25000000000000000 ) ) ;
#2156 = ORIENTED_EDGE ( 'NONE', *, *, #2714, .F. ) ;
#2157 = ORIENTED_EDGE ( 'NONE', *, *, #1533, .F. ) ;
#2158 = EDGE_CURVE ( 'NONE', #2198, #2736, #1293, .T. ) ;
#2159 = FACE_OUTER_BOUND ( 'NONE', #1379, .T. ) ;
#2160 = CARTESIAN_POINT ( 'NONE',  ( 13.59999999999999964, 19.82446635190281015, -13.68678850928056434 ) ) ;
#2161 = VERTEX_POINT ( 'NONE', #1949 ) ;
#2162 = FACE_BOUND ( 'NONE', #2567, .T. ) ;
#2163 = ORIENTED_EDGE ( 'NONE', *, *, #2241, .F. ) ;
#2164 = ORIENTED_EDGE ( 'NONE', *, *, #2476, .F. ) ;
#2165 = DIRECTION ( 'NONE',  ( -1.000000000000000000, 0.000000000000000000, 0.000000000000000000 ) ) ;
#2166 = CARTESIAN_POINT ( 'NONE',  ( 32.59999999999999432, 0.000000000000000000, -23.81566993998855608 ) ) ;
#2167 = CARTESIAN_POINT ( 'NONE',  ( 4.479063881528241531, -20.85248749610160601, -15.61989731532116288 ) ) ;
#2168 = DIRECTION ( 'NONE',  ( 1.000000000000000000, -0.000000000000000000, -0.000000000000000000 ) ) ;
#2169 = CARTESIAN_POINT ( 'NONE',  ( 3.622114050708394650, -16.45268235212738972, -21.68527253290783818 ) ) ;
#2170 = EDGE_LOOP ( 'NONE', ( #2778, #13, #1463, #642, #209, #1404, #1916, #1095, #1883 ) ) ;
#2171 = EDGE_CURVE ( 'NONE', #488, #1581, #194, .T. ) ;
#2172 = DIRECTION ( 'NONE',  ( 0.000000000000000000, 0.000000000000000000, -1.000000000000000000 ) ) ;
#2173 = CARTESIAN_POINT ( 'NONE',  ( 0.000000000000000000, 14.99999999999999645, 12.75000000000000178 ) ) ;
#2174 = ORIENTED_EDGE ( 'NONE', *, *, #1696, .T. ) ;
#2175 = DIRECTION ( 'NONE',  ( 0.000000000000000000, -0.7071067811865474617, 0.7071067811865474617 ) ) ;
#2176 = ORIENTED_EDGE ( 'NONE', *, *, #1685, .F. ) ;
#2177 = VECTOR ( 'NONE', #2111, 1000.000000000000114 ) ;
#2178 = CARTESIAN_POINT ( 'NONE',  ( 0.000000000000000000, -46.88117959266809009, 52.11376977344854566 ) ) ;
#2179 = LINE ( 'NONE', #1495, #720 ) ;
#2180 = ORIENTED_EDGE ( 'NONE', *, *, #1761, .T. ) ;
#2181 = CYLINDRICAL_SURFACE ( 'NONE', #2704, 4.000000000000000000 ) ;
#2182 = VECTOR ( 'NONE', #874, 999.9999999999998863 ) ;
#2183 = PLANE ( 'NONE',  #699 ) ;
#2184 = EDGE_LOOP ( 'NONE', ( #962, #1631, #1289, #1077 ) ) ;
#2185 = EDGE_CURVE ( 'NONE', #2265, #1922, #2214, .T. ) ;
#2186 = DIRECTION ( 'NONE',  ( 1.000000000000000000, -0.000000000000000000, -0.000000000000000000 ) ) ;
#2187 = CARTESIAN_POINT ( 'NONE',  ( 3.000000000000000000, 15.00000000000000000, -14.99999999999999822 ) ) ;
#2188 = DIRECTION ( 'NONE',  ( 1.000000000000000000, 0.000000000000000000, 0.000000000000000000 ) ) ;
#2189 = VERTEX_POINT ( 'NONE', #1546 ) ;
#2190 = DIRECTION ( 'NONE',  ( 0.000000000000000000, 0.000000000000000000, 1.000000000000000000 ) ) ;
#2191 = DIRECTION ( 'NONE',  ( 0.000000000000000000, 0.000000000000000000, -1.000000000000000000 ) ) ;
#2192 = CARTESIAN_POINT ( 'NONE',  ( 5.254086972598670080, -15.16090076507248163, 20.39349094585293187 ) ) ;
#2193 = EDGE_LOOP ( 'NONE', ( #377, #2500, #1244, #1349, #2414, #1461 ) ) ;
#2194 = ADVANCED_FACE ( 'NONE', ( #1765 ), #2395, .F. ) ;
#2195 = DIRECTION ( 'NONE',  ( 1.000000000000000000, -0.000000000000000000, -0.000000000000000000 ) ) ;
#2196 = CARTESIAN_POINT ( 'NONE',  ( 6.709085410358284207, 19.99431948050904850, 14.76172929972859293 ) ) ;
#2197 = VERTEX_POINT ( 'NONE', #1529 ) ;
#2198 = VERTEX_POINT ( 'NONE', #910 ) ;
#2199 = CARTESIAN_POINT ( 'NONE',  ( 0.000000000000000000, -6.999999999999999112, 23.60000000000000142 ) ) ;
#2200 = DIRECTION ( 'NONE',  ( 0.000000000000000000, -0.7071067811865475727, 0.7071067811865475727 ) ) ;
#2201 = DIRECTION ( 'NONE',  ( 1.000000000000000000, 0.000000000000000000, 0.000000000000000000 ) ) ;
#2202 = ORIENTED_EDGE ( 'NONE', *, *, #893, .T. ) ;
#2203 = AXIS2_PLACEMENT_3D ( 'NONE', #58, #919, #2040 ) ;
#2204 = DIRECTION ( 'NONE',  ( 0.000000000000000000, 0.000000000000000000, 1.000000000000000000 ) ) ;
#2205 = CARTESIAN_POINT ( 'NONE',  ( -14.00000000000000000, -15.00000000000000355, -17.24999999999999645 ) ) ;
#2206 = CARTESIAN_POINT ( 'NONE',  ( 6.999999999999997335, 14.99999999999999645, 15.00000000000000178 ) ) ;
#2207 = CARTESIAN_POINT ( 'NONE',  ( 13.60000000000000142, -9.332174861821640022, 8.638356021761239845 ) ) ;
#2208 = CARTESIAN_POINT ( 'NONE',  ( 13.59999999999999964, 0.000000000000000000, 26.60000000000000142 ) ) ;
#2209 = ORIENTED_EDGE ( 'NONE', *, *, #300, .F. ) ;
#2210 = FACE_BOUND ( 'NONE', #601, .T. ) ;
#2211 = CARTESIAN_POINT ( 'NONE',  ( -14.00000000000000000, 14.99999999999999645, 15.00000000000000178 ) ) ;
#2212 = DIRECTION ( 'NONE',  ( 1.000000000000000000, 0.000000000000000000, 0.000000000000000000 ) ) ;
#2213 = ADVANCED_FACE ( 'NONE', ( #1913 ), #897, .T. ) ;
#2214 = CIRCLE ( 'NONE', #637, 5.000000000000000888 ) ;
#2215 = CARTESIAN_POINT ( 'NONE',  ( 13.59999999999999964, -15.00000000000000355, 15.00000000000000178 ) ) ;
#2216 = LINE ( 'NONE', #1816, #1502 ) ;
#2217 = ADVANCED_FACE ( 'NONE', ( #1513 ), #2371, .F. ) ;
#2218 = EDGE_CURVE ( 'NONE', #1039, #2643, #212, .T. ) ;
#2219 = DIRECTION ( 'NONE',  ( 1.000000000000000000, -0.000000000000000000, -0.000000000000000000 ) ) ;
#2220 =( GEOMETRIC_REPRESENTATION_CONTEXT ( 3 ) GLOBAL_UNCERTAINTY_ASSIGNED_CONTEXT ( ( #78 ) ) GLOBAL_UNIT_ASSIGNED_CONTEXT ( ( #283, #1586, #2683 ) ) REPRESENTATION_CONTEXT ( 'NONE', 'WORKASPACE' ) );
#2221 = LINE ( 'NONE', #2207, #1798 ) ;
#2222 = DIRECTION ( 'NONE',  ( 0.000000000000000000, 0.000000000000000000, 1.000000000000000000 ) ) ;
#2223 = ADVANCED_FACE ( 'NONE', ( #847 ), #2569, .T. ) ;
#2224 = B_SPLINE_CURVE_WITH_KNOTS ( 'NONE', 3,
 ( #250, #2623, #1053, #2607, #675, #1103, #482, #4, #466, #2405, #2359, #1331, #2196, #915 ),
 .UNSPECIFIED., .F., .F.,
 ( 4, 2, 2, 2, 2, 2, 4 ),
 ( 0.000000000000000000, 0.001709152040265348371, 0.003418304080530696742, 0.004272880100663370602, 0.005127456120796044896, 0.005982032140928719190, 0.006836608161061393484 ),
 .UNSPECIFIED. ) ;
#2225 = FACE_OUTER_BOUND ( 'NONE', #842, .T. ) ;
#2226 = CARTESIAN_POINT ( 'NONE',  ( 0.000000000000000000, -9.332174861821640022, 8.638356021761239845 ) ) ;
#2227 = EDGE_LOOP ( 'NONE', ( #1986, #378, #2397, #1259 ) ) ;
#2228 = VECTOR ( 'NONE', #1752, 1000.000000000000000 ) ;
#2229 = CIRCLE ( 'NONE', #1407, 3.000000000000002665 ) ;
#2230 = CARTESIAN_POINT ( 'NONE',  ( 0.000000000000000000, 0.000000000000000000, 0.000000000000000000 ) ) ;
#2231 = CIRCLE ( 'NONE', #1371, 3.000000000000000888 ) ;
#2232 = DIRECTION ( 'NONE',  ( 0.000000000000000000, 1.000000000000000000, 0.000000000000000000 ) ) ;
#2233 = DIRECTION ( 'NONE',  ( 0.000000000000000000, 0.000000000000000000, 1.000000000000000000 ) ) ;
#2234 = CYLINDRICAL_SURFACE ( 'NONE', #1009, 3.000000000000002665 ) ;
#2235 = CARTESIAN_POINT ( 'NONE',  ( 4.394211876287100083, 15.68697466496727877, 20.91956484574772546 ) ) ;
#2236 = LINE ( 'NONE', #518, #2054 ) ;
#2237 = EDGE_CURVE ( 'NONE', #48, #1713, #1591, .T. ) ;
#2238 = EDGE_CURVE ( 'NONE', #780, #999, #1733, .T. ) ;
#2239 = AXIS2_PLACEMENT_3D ( 'NONE', #1358, #1144, #526 ) ;
#2240 = CARTESIAN_POINT ( 'NONE',  ( 0.000000000000000000, 0.000000000000000000, 23.60000000000000142 ) ) ;
#2241 = EDGE_CURVE ( 'NONE', #2189, #263, #2385, .T. ) ;
#2242 = B_SPLINE_CURVE_WITH_KNOTS ( 'NONE', 3,
 ( #1782, #503, #1130, #2235, #2248, #538, #274, #321, #2418, #2035, #310, #2638 ),
 .UNSPECIFIED., .F., .F.,
 ( 4, 2, 2, 2, 2, 4 ),
 ( 0.001388254157306282590, 0.002750349931212367222, 0.003431397818165402708, 0.004112445705118438627, 0.005474541479024502659, 0.006836637252930566691 ),
 .UNSPECIFIED. ) ;
#2243 = AXIS2_PLACEMENT_3D ( 'NONE', #734, #2457, #1355 ) ;
#2244 = CARTESIAN_POINT ( 'NONE',  ( 13.59999999999999964, 7.347880794884118356E-15, -36.39999999999999147 ) ) ;
#2245 = LINE ( 'NONE', #2636, #1619 ) ;
#2246 = ORIENTED_EDGE ( 'NONE', *, *, #1390, .F. ) ;
#2247 = EDGE_CURVE ( 'NONE', #964, #465, #2467, .T. ) ;
#2248 = CARTESIAN_POINT ( 'NONE',  ( 4.244709620235990855, 15.80788471455140254, 21.04047489533184745 ) ) ;
#2249 = DIRECTION ( 'NONE',  ( 1.000000000000000000, 0.000000000000000000, 0.000000000000000000 ) ) ;
#2250 = DIRECTION ( 'NONE',  ( -1.000000000000000000, 0.000000000000000000, 0.000000000000000000 ) ) ;
#2251 = ORIENTED_EDGE ( 'NONE', *, *, #838, .T. ) ;
#2252 = CYLINDRICAL_SURFACE ( 'NONE', #913, 3.000000000000002665 ) ;
#2253 = DIRECTION ( 'NONE',  ( 1.000000000000000000, -0.000000000000000000, -0.000000000000000000 ) ) ;
#2254 = EDGE_LOOP ( 'NONE', ( #853, #1727, #360, #2132, #2339 ) ) ;
#2255 = AXIS2_PLACEMENT_3D ( 'NONE', #1233, #2060, #592 ) ;
#2256 = DIRECTION ( 'NONE',  ( 0.000000000000000000, 0.000000000000000000, -1.000000000000000000 ) ) ;
#2257 = VECTOR ( 'NONE', #1896, 1000.000000000000114 ) ;
#2258 = DIRECTION ( 'NONE',  ( 0.000000000000000000, 0.000000000000000000, -1.000000000000000000 ) ) ;
#2259 = VERTEX_POINT ( 'NONE', #2429 ) ;
#2260 = CARTESIAN_POINT ( 'NONE',  ( 0.000000000000000000, -46.88117959266809009, 52.11376977344854566 ) ) ;
#2261 = ORIENTED_EDGE ( 'NONE', *, *, #1620, .F. ) ;
#2262 = ADVANCED_FACE ( 'NONE', ( #489 ), #79, .T. ) ;
#2263 = DIRECTION ( 'NONE',  ( 0.000000000000000000, 0.000000000000000000, 1.000000000000000000 ) ) ;
#2264 = DIRECTION ( 'NONE',  ( 1.000000000000000000, -0.000000000000000000, -0.000000000000000000 ) ) ;
#2265 = VERTEX_POINT ( 'NONE', #2696 ) ;
#2266 = ADVANCED_FACE ( 'NONE', ( #523 ), #1815, .F. ) ;
#2267 = CARTESIAN_POINT ( 'NONE',  ( 6.999999999999997335, -14.76172929972859826, 19.99431948050904850 ) ) ;
#2268 = CYLINDRICAL_SURFACE ( 'NONE', #76, 3.000000000000000888 ) ;
#2269 = LINE ( 'NONE', #140, #1523 ) ;
#2270 = DIRECTION ( 'NONE',  ( 0.000000000000000000, 0.000000000000000000, -1.000000000000000000 ) ) ;
#2271 = ORIENTED_EDGE ( 'NONE', *, *, #2674, .T. ) ;
#2272 = DIRECTION ( 'NONE',  ( 1.000000000000000000, -0.000000000000000000, -0.000000000000000000 ) ) ;
#2273 = DIRECTION ( 'NONE',  ( -0.000000000000000000, 0.7071067811865474617, 0.7071067811865474617 ) ) ;
#2274 = VERTEX_POINT ( 'NONE', #270 ) ;
#2275 = ORIENTED_EDGE ( 'NONE', *, *, #1685, .T. ) ;
#2276 = LINE ( 'NONE', #619, #464 ) ;
#2277 = FACE_OUTER_BOUND ( 'NONE', #400, .T. ) ;
#2278 = DIRECTION ( 'NONE',  ( -1.000000000000000000, 0.000000000000000000, 0.000000000000000000 ) ) ;
#2279 = ORIENTED_EDGE ( 'NONE', *, *, #1574, .T. ) ;
#2280 = CIRCLE ( 'NONE', #2203, 9.000000000000000000 ) ;
#2281 = FACE_OUTER_BOUND ( 'NONE', #1929, .T. ) ;
#2282 = ORIENTED_EDGE ( 'NONE', *, *, #1471, .T. ) ;
#2283 = VECTOR ( 'NONE', #2553, 1000.000000000000000 ) ;
#2284 = CARTESIAN_POINT ( 'NONE',  ( 0.000000000000000000, 7.000000000000006217, -36.39999999999999147 ) ) ;
#2285 = ORIENTED_EDGE ( 'NONE', *, *, #1469, .T. ) ;
#2286 = CARTESIAN_POINT ( 'NONE',  ( -14.00000000000000000, -15.00000000000000355, 17.25000000000000000 ) ) ;
#2287 = ORIENTED_EDGE ( 'NONE', *, *, #2662, .F. ) ;
#2288 = ORIENTED_EDGE ( 'NONE', *, *, #125, .T. ) ;
#2289 = EDGE_CURVE ( 'NONE', #1492, #438, #99, .T. ) ;
#2290 = ADVANCED_FACE ( 'NONE', ( #1791 ), #2252, .F. ) ;
#2291 = DIRECTION ( 'NONE',  ( -1.000000000000000000, -0.000000000000000000, -0.000000000000000000 ) ) ;
#2292 = DIRECTION ( 'NONE',  ( 0.000000000000000000, 0.000000000000000000, -1.000000000000000000 ) ) ;
#2293 = CARTESIAN_POINT ( 'NONE',  ( 3.506939918799447220, 21.84817788062846589, -16.61558769984801387 ) ) ;
#2294 = DIRECTION ( 'NONE',  ( -1.000000000000000000, -0.000000000000000000, -0.000000000000000000 ) ) ;
#2295 = AXIS2_PLACEMENT_3D ( 'NONE', #2068, #2507, #1623 ) ;
#2296 = CARTESIAN_POINT ( 'NONE',  ( 3.000000000000000888, 17.95774510133021806, -23.19033528211067008 ) ) ;
#2297 = VERTEX_POINT ( 'NONE', #500 ) ;
#2298 = AXIS2_PLACEMENT_3D ( 'NONE', #1576, #1112, #2233 ) ;
#2299 = DIRECTION ( 'NONE',  ( 0.000000000000000000, 0.000000000000000000, 1.000000000000000000 ) ) ;
#2300 = ORIENTED_EDGE ( 'NONE', *, *, #54, .F. ) ;
#2301 = EDGE_LOOP ( 'NONE', ( #868, #1657, #589, #2402, #2706, #2354 ) ) ;
#2302 = DIRECTION ( 'NONE',  ( 0.000000000000000000, 0.000000000000000000, -1.000000000000000000 ) ) ;
#2303 = FACE_OUTER_BOUND ( 'NONE', #995, .T. ) ;
#2304 = CARTESIAN_POINT ( 'NONE',  ( 3.125280664608384829, 22.61183121742037017, -17.37924103663991104 ) ) ;
#2305 = VECTOR ( 'NONE', #385, 1000.000000000000000 ) ;
#2306 = CARTESIAN_POINT ( 'NONE',  ( 13.59999999999999964, -18.82278299076170924, 11.77721700923829218 ) ) ;
#2307 = EDGE_CURVE ( 'NONE', #780, #981, #2755, .T. ) ;
#2308 = CARTESIAN_POINT ( 'NONE',  ( 3.000000000000000000, -52.11376977344854566, 46.88117959266809009 ) ) ;
#2309 = CARTESIAN_POINT ( 'NONE',  ( 4.357195576444667928, 15.72128267389227219, -20.95387285467272065 ) ) ;
#2310 = ADVANCED_FACE ( 'NONE', ( #730 ), #1994, .F. ) ;
#2311 = ORIENTED_EDGE ( 'NONE', *, *, #2523, .T. ) ;
#2312 = CARTESIAN_POINT ( 'NONE',  ( 13.60000000000000142, -5.332174861821640022, -11.46965711278947175 ) ) ;
#2313 = ORIENTED_EDGE ( 'NONE', *, *, #965, .F. ) ;
#2314 = ORIENTED_EDGE ( 'NONE', *, *, #762, .T. ) ;
#2315 = VECTOR ( 'NONE', #1663, 1000.000000000000000 ) ;
#2316 = CARTESIAN_POINT ( 'NONE',  ( 13.59999999999999964, -23.60000000000000142, 0.000000000000000000 ) ) ;
#2317 = CARTESIAN_POINT ( 'NONE',  ( 0.000000000000000000, 14.76172929972860182, 19.99431948050904850 ) ) ;
#2318 = DIRECTION ( 'NONE',  ( 1.000000000000000000, 0.000000000000000000, 0.000000000000000000 ) ) ;
#2319 = ORIENTED_EDGE ( 'NONE', *, *, #1415, .F. ) ;
#2320 = EDGE_CURVE ( 'NONE', #674, #1438, #2650, .T. ) ;
#2321 = CARTESIAN_POINT ( 'NONE',  ( 13.59999999999999964, 15.00000000000000000, -14.99999999999999822 ) ) ;
#2322 = ORIENTED_EDGE ( 'NONE', *, *, #1635, .F. ) ;
#2323 = EDGE_CURVE ( 'NONE', #2348, #2367, #764, .T. ) ;
#2324 = DIRECTION ( 'NONE',  ( -1.000000000000000000, 0.000000000000000000, 0.000000000000000000 ) ) ;
#2325 = CARTESIAN_POINT ( 'NONE',  ( 4.899939635140119876, -20.57672866253067312, 15.34413848175022466 ) ) ;
#2326 = ADVANCED_FACE ( 'NONE', ( #1600 ), #1366, .T. ) ;
#2327 = ORIENTED_EDGE ( 'NONE', *, *, #1659, .T. ) ;
#2328 = FACE_BOUND ( 'NONE', #1482, .T. ) ;
#2329 = ORIENTED_EDGE ( 'NONE', *, *, #657, .T. ) ;
#2330 = EDGE_CURVE ( 'NONE', #2488, #1492, #509, .T. ) ;
#2331 = ORIENTED_EDGE ( 'NONE', *, *, #2665, .F. ) ;
#2332 = CARTESIAN_POINT ( 'NONE',  ( 7.000000000000000888, -15.00000000000000355, 15.00000000000000178 ) ) ;
#2333 = LINE ( 'NONE', #181, #2669 ) ;
#2334 = CARTESIAN_POINT ( 'NONE',  ( 3.000000000000000000, -47.37615433949867594, 51.61879502661795982 ) ) ;
#2335 = ORIENTED_EDGE ( 'NONE', *, *, #1670, .F. ) ;
#2336 = CARTESIAN_POINT ( 'NONE',  ( 13.60000000000000142, 0.000000000000000000, -19.81566993998855608 ) ) ;
#2337 = DIRECTION ( 'NONE',  ( 1.000000000000000000, -0.000000000000000000, -0.000000000000000000 ) ) ;
#2338 = ORIENTED_EDGE ( 'NONE', *, *, #1696, .F. ) ;
#2339 = ORIENTED_EDGE ( 'NONE', *, *, #825, .F. ) ;
#2340 = VECTOR ( 'NONE', #669, 1000.000000000000000 ) ;
#2341 = LINE ( 'NONE', #2140, #554 ) ;
#2342 = CARTESIAN_POINT ( 'NONE',  ( 7.000000000000000888, 15.00000000000000000, -14.99999999999999822 ) ) ;
#2343 = CIRCLE ( 'NONE', #1636, 3.000000000000002665 ) ;
#2344 = EDGE_CURVE ( 'NONE', #1771, #1181, #2439, .T. ) ;
#2345 = ORIENTED_EDGE ( 'NONE', *, *, #129, .T. ) ;
#2346 = FACE_OUTER_BOUND ( 'NONE', #1277, .T. ) ;
#2347 = ORIENTED_EDGE ( 'NONE', *, *, #1021, .F. ) ;
#2348 = VERTEX_POINT ( 'NONE', #307 ) ;
#2349 = ADVANCED_FACE ( 'NONE', ( #1163 ), #282, .F. ) ;
#2350 = AXIS2_PLACEMENT_3D ( 'NONE', #1846, #1230, #976 ) ;
#2351 = DIRECTION ( 'NONE',  ( 0.000000000000000000, 0.7071067811865525687, -0.7071067811865425767 ) ) ;
#2352 = DIRECTION ( 'NONE',  ( 0.000000000000000000, 0.000000000000000000, -1.000000000000000000 ) ) ;
#2353 = CARTESIAN_POINT ( 'NONE',  ( 3.249776626543323221, -17.07349853250996574, 22.30608871329042131 ) ) ;
#2354 = ORIENTED_EDGE ( 'NONE', *, *, #2158, .F. ) ;
#2355 = EDGE_CURVE ( 'NONE', #1603, #1199, #2031, .T. ) ;
#2356 = AXIS2_PLACEMENT_3D ( 'NONE', #271, #1327, #1125 ) ;
#2357 = VECTOR ( 'NONE', #1246, 999.9999999999998863 ) ;
#2358 = DIRECTION ( 'NONE',  ( 0.000000000000000000, 0.000000000000000000, -1.000000000000000000 ) ) ;
#2359 = CARTESIAN_POINT ( 'NONE',  ( 5.871727705918435625, 20.15195096724641388, 14.91936078646595298 ) ) ;
#2360 = ORIENTED_EDGE ( 'NONE', *, *, #1890, .T. ) ;
#2361 = AXIS2_PLACEMENT_3D ( 'NONE', #2515, #159, #2729 ) ;
#2362 = CARTESIAN_POINT ( 'NONE',  ( 13.59999999999999964, -23.60000000000000142, -7.000000000000000000 ) ) ;
#2363 = DIRECTION ( 'NONE',  ( 1.000000000000000000, 0.000000000000000000, 0.000000000000000000 ) ) ;
#2364 = ORIENTED_EDGE ( 'NONE', *, *, #2094, .T. ) ;
#2365 = ORIENTED_EDGE ( 'NONE', *, *, #944, .F. ) ;
#2366 = DIRECTION ( 'NONE',  ( 0.000000000000000000, 0.000000000000000000, -1.000000000000000000 ) ) ;
#2367 = VERTEX_POINT ( 'NONE', #743 ) ;
#2368 = EDGE_LOOP ( 'NONE', ( #1520, #1877, #440, #361 ) ) ;
#2369 = AXIS2_PLACEMENT_3D ( 'NONE', #93, #2670, #1592 ) ;
#2370 = EDGE_CURVE ( 'NONE', #483, #1749, #2044, .T. ) ;
#2371 = CYLINDRICAL_SURFACE ( 'NONE', #1357, 2.999999999999999112 ) ;
#2372 = CARTESIAN_POINT ( 'NONE',  ( 0.000000000000000000, 23.60000000000000142, 9.108356170405185248E-15 ) ) ;
#2373 = ORIENTED_EDGE ( 'NONE', *, *, #1206, .F. ) ;
#2374 = AXIS2_PLACEMENT_3D ( 'NONE', #83, #1167, #941 ) ;
#2375 = DIRECTION ( 'NONE',  ( 0.000000000000000000, 0.000000000000000000, -1.000000000000000000 ) ) ;
#2376 = DIRECTION ( 'NONE',  ( 1.000000000000000000, -0.000000000000000000, -0.000000000000000000 ) ) ;
#2377 = ORIENTED_EDGE ( 'NONE', *, *, #1568, .T. ) ;
#2378 = AXIS2_PLACEMENT_3D ( 'NONE', #2206, #2219, #923 ) ;
#2379 = VECTOR ( 'NONE', #2149, 999.9999999999998863 ) ;
#2380 = LINE ( 'NONE', #2362, #2642 ) ;
#2381 = FACE_OUTER_BOUND ( 'NONE', #819, .T. ) ;
#2382 = ORIENTED_EDGE ( 'NONE', *, *, #2247, .F. ) ;
#2383 = CARTESIAN_POINT ( 'NONE',  ( 0.000000000000000000, 23.60000000000000142, 7.000000000000009770 ) ) ;
#2384 = ORIENTED_EDGE ( 'NONE', *, *, #656, .F. ) ;
#2385 = LINE ( 'NONE', #460, #983 ) ;
#2386 = DIRECTION ( 'NONE',  ( 1.000000000000000000, 0.000000000000000000, 0.000000000000000000 ) ) ;
#2387 = CARTESIAN_POINT ( 'NONE',  ( 6.709085410358285095, -19.99431948050905916, -14.76172929972860715 ) ) ;
#2388 = VERTEX_POINT ( 'NONE', #177 ) ;
#2389 = EDGE_CURVE ( 'NONE', #2513, #197, #1639, .T. ) ;
#2390 = ORIENTED_EDGE ( 'NONE', *, *, #211, .T. ) ;
#2391 = PLANE ( 'NONE',  #1559 ) ;
#2392 = ORIENTED_EDGE ( 'NONE', *, *, #925, .F. ) ;
#2393 = CARTESIAN_POINT ( 'NONE',  ( 13.59999999999999964, -9.332174861821640022, 8.638356021761239845 ) ) ;
#2394 = DIRECTION ( 'NONE',  ( 0.000000000000000000, 0.000000000000000000, -1.000000000000000000 ) ) ;
#2395 = TOROIDAL_SURFACE ( 'NONE', #182, 9.000000000000001776, 4.000000000000000000 ) ;
#2396 = DIRECTION ( 'NONE',  ( 0.000000000000000000, 0.000000000000000000, -1.000000000000000000 ) ) ;
#2397 = ORIENTED_EDGE ( 'NONE', *, *, #1917, .F. ) ;
#2398 = EDGE_CURVE ( 'NONE', #1753, #1340, #1444, .T. ) ;
#2399 = CARTESIAN_POINT ( 'NONE',  ( 0.000000000000000000, 18.82278299076170924, 11.77721700923830106 ) ) ;
#2400 = DIRECTION ( 'NONE',  ( -1.000000000000000000, -0.000000000000000000, -0.000000000000000000 ) ) ;
#2401 = CARTESIAN_POINT ( 'NONE',  ( 4.889025816906976907, -15.35301599553917917, 20.58560617631963297 ) ) ;
#2402 = ORIENTED_EDGE ( 'NONE', *, *, #2750, .T. ) ;
#2403 = ORIENTED_EDGE ( 'NONE', *, *, #1198, .F. ) ;
#2404 = CIRCLE ( 'NONE', #875, 7.000000000000000000 ) ;
#2405 = CARTESIAN_POINT ( 'NONE',  ( 5.610005205795379091, 20.24073025081018073, 15.00814007002973582 ) ) ;
#2406 = ORIENTED_EDGE ( 'NONE', *, *, #453, .F. ) ;
#2407 = AXIS2_PLACEMENT_3D ( 'NONE', #1540, #265, #1135 ) ;
#2408 = EDGE_LOOP ( 'NONE', ( #702, #2763, #39, #1075 ) ) ;
#2409 = FACE_OUTER_BOUND ( 'NONE', #2597, .T. ) ;
#2410 = DIRECTION ( 'NONE',  ( -0.000000000000000000, 0.7071067811865474617, -0.7071067811865476838 ) ) ;
#2411 = VECTOR ( 'NONE', #994, 1000.000000000000000 ) ;
#2412 = AXIS2_PLACEMENT_3D ( 'NONE', #1863, #116, #2727 ) ;
#2413 = DIRECTION ( 'NONE',  ( 1.000000000000000000, 0.000000000000000000, 0.000000000000000000 ) ) ;
#2414 = ORIENTED_EDGE ( 'NONE', *, *, #75, .F. ) ;
#2415 = DIRECTION ( 'NONE',  ( 0.000000000000000000, 0.7071067811865475727, -0.7071067811865475727 ) ) ;
#2416 = CARTESIAN_POINT ( 'NONE',  ( 6.999999999999997335, -15.00000000000000355, 15.00000000000000178 ) ) ;
#2417 = DIRECTION ( 'NONE',  ( 0.000000000000000000, 0.7071067811865476838, 0.7071067811865474617 ) ) ;
#2418 = CARTESIAN_POINT ( 'NONE',  ( 3.313686518802029024, 16.91321196300339480, 22.14580214378383616 ) ) ;
#2419 = CARTESIAN_POINT ( 'NONE',  ( 3.000000000000000000, 46.88117959266811852, 52.11376977344855987 ) ) ;
#2420 = EDGE_LOOP ( 'NONE', ( #312, #1718, #1757, #32, #431, #569 ) ) ;
#2421 = AXIS2_PLACEMENT_3D ( 'NONE', #1032, #1467, #1851 ) ;
#2422 = DIRECTION ( 'NONE',  ( -0.000000000000000000, 0.7071067811865474617, 0.7071067811865474617 ) ) ;
#2423 = EDGE_CURVE ( 'NONE', #155, #2124, #796, .T. ) ;
#2424 = CARTESIAN_POINT ( 'NONE',  ( 0.000000000000000000, 23.60000000000000142, -6.999999999999990230 ) ) ;
#2425 = EDGE_CURVE ( 'NONE', #988, #1122, #986, .T. ) ;
#2426 = DIRECTION ( 'NONE',  ( -1.000000000000000000, 0.000000000000000000, 0.000000000000000000 ) ) ;
#2427 = VECTOR ( 'NONE', #1801, 1000.000000000000000 ) ;
#2428 = EDGE_CURVE ( 'NONE', #2787, #2643, #2748, .T. ) ;
#2429 = CARTESIAN_POINT ( 'NONE',  ( 3.000000000000000000, 18.18499786894220449, 23.41758804972265295 ) ) ;
#2430 = DIRECTION ( 'NONE',  ( -1.000000000000000000, -0.000000000000000000, -0.000000000000000000 ) ) ;
#2431 = DIRECTION ( 'NONE',  ( 1.000000000000000000, -0.000000000000000000, -0.000000000000000000 ) ) ;
#2432 = DIRECTION ( 'NONE',  ( 0.000000000000000000, 0.000000000000000000, -1.000000000000000000 ) ) ;
#2433 = DIRECTION ( 'NONE',  ( 0.000000000000000000, -0.7071067811865475727, 0.7071067811865475727 ) ) ;
#2434 = ORIENTED_EDGE ( 'NONE', *, *, #324, .T. ) ;
#2435 = CARTESIAN_POINT ( 'NONE',  ( 6.999999999999997335, 19.99431948050904850, -14.76172929972859471 ) ) ;
#2436 = DIRECTION ( 'NONE',  ( 0.000000000000000000, 0.000000000000000000, -1.000000000000000000 ) ) ;
#2437 = ORIENTED_EDGE ( 'NONE', *, *, #1508, .F. ) ;
#2438 = AXIS2_PLACEMENT_3D ( 'NONE', #624, #1483, #2135 ) ;
#2439 = CIRCLE ( 'NONE', #1210, 9.000000000000000000 ) ;
#2440 = EDGE_CURVE ( 'NONE', #1699, #844, #2491, .T. ) ;
#2441 = CARTESIAN_POINT ( 'NONE',  ( 13.59999999999999964, 0.000000000000000000, 23.60000000000000142 ) ) ;
#2442 = CYLINDRICAL_SURFACE ( 'NONE', #2298, 3.000000000000002665 ) ;
#2443 = EDGE_CURVE ( 'NONE', #1024, #1242, #561, .T. ) ;
#2444 = CARTESIAN_POINT ( 'NONE',  ( 3.000000000000000000, -47.37615433949868304, -51.61879502661798114 ) ) ;
#2445 = VECTOR ( 'NONE', #2762, 999.9999999999998863 ) ;
#2446 = CARTESIAN_POINT ( 'NONE',  ( 0.000000000000000000, -15.00000000000000355, -14.99999999999999822 ) ) ;
#2447 = CARTESIAN_POINT ( 'NONE',  ( 0.000000000000000000, 49.49747468305832143, 49.49747468305831433 ) ) ;
#2448 = EDGE_CURVE ( 'NONE', #1699, #1897, #752, .T. ) ;
#2449 = CIRCLE ( 'NONE', #243, 4.999999999999999112 ) ;
#2450 = CARTESIAN_POINT ( 'NONE',  ( 13.59999999999999964, 7.715274834628325378E-15, -39.39999999999999858 ) ) ;
#2451 = VECTOR ( 'NONE', #1152, 1000.000000000000000 ) ;
#2452 = CIRCLE ( 'NONE', #1902, 2.999999999999995559 ) ;
#2453 = CARTESIAN_POINT ( 'NONE',  ( 13.59999999999999964, 15.00000000000000000, -17.25000000000000000 ) ) ;
#2454 = VECTOR ( 'NONE', #219, 999.9999999999998863 ) ;
#2455 = CARTESIAN_POINT ( 'NONE',  ( -14.00000000000000000, 14.99999999999999645, 15.00000000000000178 ) ) ;
#2456 = ORIENTED_EDGE ( 'NONE', *, *, #267, .T. ) ;
#2457 = DIRECTION ( 'NONE',  ( 1.000000000000000000, 0.000000000000000000, 0.000000000000000000 ) ) ;
#2458 = ORIENTED_EDGE ( 'NONE', *, *, #1228, .F. ) ;
#2459 = EDGE_CURVE ( 'NONE', #1895, #131, #153, .T. ) ;
#2460 = DIRECTION ( 'NONE',  ( 1.000000000000000000, 0.000000000000000000, 0.000000000000000000 ) ) ;
#2461 = DIRECTION ( 'NONE',  ( 1.000000000000000000, -0.000000000000000000, -0.000000000000000000 ) ) ;
#2462 = EDGE_LOOP ( 'NONE', ( #824, #1010 ) ) ;
#2463 = DIRECTION ( 'NONE',  ( -1.000000000000000000, -0.000000000000000000, -0.000000000000000000 ) ) ;
#2464 = CIRCLE ( 'NONE', #442, 4.999999999999999112 ) ;
#2465 = DIRECTION ( 'NONE',  ( 0.000000000000000000, 0.000000000000000000, 1.000000000000000000 ) ) ;
#2466 = CIRCLE ( 'NONE', #2243, 4.999999999999999112 ) ;
#2467 = LINE ( 'NONE', #534, #280 ) ;
#2468 = LINE ( 'NONE', #723, #2019 ) ;
#2469 = VERTEX_POINT ( 'NONE', #1184 ) ;
#2470 = FACE_OUTER_BOUND ( 'NONE', #2420, .T. ) ;
#2471 = PLANE ( 'NONE',  #840 ) ;
#2472 = EDGE_CURVE ( 'NONE', #999, #1048, #1668, .T. ) ;
#2473 = PRODUCT_RELATED_PRODUCT_CATEGORY ( 'part', '', ( #510 ) ) ;
#2474 = LINE ( 'NONE', #952, #2427 ) ;
#2475 = AXIS2_PLACEMENT_3D ( 'NONE', #1282, #1068, #2154 ) ;
#2476 = EDGE_CURVE ( 'NONE', #2259, #124, #1655, .T. ) ;
#2477 = CARTESIAN_POINT ( 'NONE',  ( 3.000000000000000000, -49.49747468305832143, 49.49747468305832143 ) ) ;
#2478 = CARTESIAN_POINT ( 'NONE',  ( 0.000000000000000000, 23.60000000000000142, -2.999999999999992006 ) ) ;
#2479 = ORIENTED_EDGE ( 'NONE', *, *, #564, .T. ) ;
#2480 = AXIS2_PLACEMENT_3D ( 'NONE', #2215, #921, #1124 ) ;
#2481 = DIRECTION ( 'NONE',  ( 1.000000000000000000, 0.000000000000000000, 0.000000000000000000 ) ) ;
#2482 = CARTESIAN_POINT ( 'NONE',  ( 0.000000000000000000, -15.00000000000000355, -17.24999999999999645 ) ) ;
#2483 = AXIS2_PLACEMENT_3D ( 'NONE', #1557, #77, #741 ) ;
#2484 = VERTEX_POINT ( 'NONE', #2536 ) ;
#2485 = FACE_OUTER_BOUND ( 'NONE', #540, .T. ) ;
#2486 = ORIENTED_EDGE ( 'NONE', *, *, #1149, .T. ) ;
#2487 = DIRECTION ( 'NONE',  ( -1.000000000000000000, 0.000000000000000000, 0.000000000000000000 ) ) ;
#2488 = VERTEX_POINT ( 'NONE', #332 ) ;
#2489 = CARTESIAN_POINT ( 'NONE',  ( 6.999999999999997335, -15.00000000000000355, 20.00000000000000000 ) ) ;
#2490 = AXIS2_PLACEMENT_3D ( 'NONE', #417, #2324, #401 ) ;
#2491 = LINE ( 'NONE', #1026, #2579 ) ;
#2492 = ORIENTED_EDGE ( 'NONE', *, *, #2344, .F. ) ;
#2493 = ORIENTED_EDGE ( 'NONE', *, *, #1723, .T. ) ;
#2494 = AXIS2_PLACEMENT_3D ( 'NONE', #1375, #2487, #1398 ) ;
#2495 = DIRECTION ( 'NONE',  ( -1.000000000000000000, 0.000000000000000000, 0.000000000000000000 ) ) ;
#2496 = CARTESIAN_POINT ( 'NONE',  ( 5.318749905357229579, 16.12183766925679862, -20.24445617613554660 ) ) ;
#2497 = CARTESIAN_POINT ( 'NONE',  ( 3.000000000000000000, 15.72128267389227219, -20.95387285467272065 ) ) ;
#2498 = ORIENTED_EDGE ( 'NONE', *, *, #2238, .F. ) ;
#2499 = CARTESIAN_POINT ( 'NONE',  ( 0.000000000000000000, 15.72128267389227219, -20.95387285467272065 ) ) ;
#2500 = ORIENTED_EDGE ( 'NONE', *, *, #2344, .T. ) ;
#2501 = CIRCLE ( 'NONE', #664, 2.250000000000000444 ) ;
#2502 = CARTESIAN_POINT ( 'NONE',  ( 3.000000000000000000, 18.18499786894220449, -23.41758804972265295 ) ) ;
#2503 = ADVANCED_FACE ( 'NONE', ( #359 ), #1214, .F. ) ;
#2504 = ORIENTED_EDGE ( 'NONE', *, *, #1147, .T. ) ;
#2505 = EDGE_CURVE ( 'NONE', #215, #1699, #544, .T. ) ;
#2506 = PRESENTATION_LAYER_ASSIGNMENT (  '', '', ( #969 ) ) ;
#2507 = DIRECTION ( 'NONE',  ( 1.000000000000000000, -0.000000000000000000, -0.000000000000000000 ) ) ;
#2508 = ORIENTED_EDGE ( 'NONE', *, *, #1110, .F. ) ;
#2509 = ORIENTED_EDGE ( 'NONE', *, *, #175, .T. ) ;
#2510 = LINE ( 'NONE', #1849, #2721 ) ;
#2511 = DIRECTION ( 'NONE',  ( 0.000000000000000000, 0.000000000000000000, -1.000000000000000000 ) ) ;
#2512 = CARTESIAN_POINT ( 'NONE',  ( 4.480043212880937986, 20.85164077200291999, -15.61905059122247508 ) ) ;
#2513 = VERTEX_POINT ( 'NONE', #134 ) ;
#2514 = B_SPLINE_CURVE_WITH_KNOTS ( 'NONE', 3,
 ( #1350, #57, #2644, #28, #471, #2267 ),
 .UNSPECIFIED., .F., .F.,
 ( 4, 2, 4 ),
 ( 0.005456329778681792003, 0.006146468969871589708, 0.006836608161061388279 ),
 .UNSPECIFIED. ) ;
#2515 = CARTESIAN_POINT ( 'NONE',  ( 32.59999999999999432, -9.332174861821640022, -12.63835602176123984 ) ) ;
#2516 = EDGE_LOOP ( 'NONE', ( #2042, #2392, #1521, #1312, #1133 ) ) ;
#2517 = VECTOR ( 'NONE', #2352, 1000.000000000000000 ) ;
#2518 = CARTESIAN_POINT ( 'NONE',  ( 0.000000000000000000, -3.370785039248560544, -21.96922704839736085 ) ) ;
#2519 = ORIENTED_EDGE ( 'NONE', *, *, #602, .F. ) ;
#2520 = DIRECTION ( 'NONE',  ( 1.000000000000000000, -0.000000000000000000, -0.000000000000000000 ) ) ;
#2521 = ORIENTED_EDGE ( 'NONE', *, *, #2059, .F. ) ;
#2522 = VERTEX_POINT ( 'NONE', #391 ) ;
#2523 = EDGE_CURVE ( 'NONE', #1303, #1713, #122, .T. ) ;
#2524 = CARTESIAN_POINT ( 'NONE',  ( 3.000000000000000000, 46.88117959266809009, -52.11376977344854566 ) ) ;
#2525 = CYLINDRICAL_SURFACE ( 'NONE', #829, 2.999999999999995559 ) ;
#2526 = CARTESIAN_POINT ( 'NONE',  ( 5.130117087875471604, 20.45053210110386033, -15.21794192032340831 ) ) ;
#2527 = EDGE_CURVE ( 'NONE', #2137, #618, #603, .T. ) ;
#2528 = LINE ( 'NONE', #625, #2090 ) ;
#2529 = ORIENTED_EDGE ( 'NONE', *, *, #2715, .F. ) ;
#2530 = AXIS2_PLACEMENT_3D ( 'NONE', #2581, #421, #1324 ) ;
#2531 = CARTESIAN_POINT ( 'NONE',  ( 6.999999999999997335, 19.99431948050904495, 14.76172929972859116 ) ) ;
#2532 = CARTESIAN_POINT ( 'NONE',  ( 0.000000000000000000, -23.60000000000000142, 3.000000000000000888 ) ) ;
#2533 = ORIENTED_EDGE ( 'NONE', *, *, #2120, .F. ) ;
#2534 = AXIS2_PLACEMENT_3D ( 'NONE', #2596, #2628, #11 ) ;
#2535 = ADVANCED_FACE ( 'NONE', ( #1000 ), #1243, .T. ) ;
#2536 = CARTESIAN_POINT ( 'NONE',  ( 0.000000000000000000, -51.61879502661796693, -47.37615433949869015 ) ) ;
#2537 = ORIENTED_EDGE ( 'NONE', *, *, #2028, .T. ) ;
#2538 = VERTEX_POINT ( 'NONE', #2097 ) ;
#2539 = DIRECTION ( 'NONE',  ( 0.000000000000000000, -0.4916668203100937329, -0.8707834046455880106 ) ) ;
#2540 = CARTESIAN_POINT ( 'NONE',  ( -14.14213562373095101, -19.82446635190281370, -13.68678850928056079 ) ) ;
#2541 = CARTESIAN_POINT ( 'NONE',  ( 13.59999999999999964, 6.999999999999999112, 23.60000000000000142 ) ) ;
#2542 = EDGE_CURVE ( 'NONE', #2348, #712, #163, .T. ) ;
#2543 = CARTESIAN_POINT ( 'NONE',  ( 0.000000000000000000, 23.60000000000000142, 7.000000000000009770 ) ) ;
#2544 = ORIENTED_EDGE ( 'NONE', *, *, #825, .T. ) ;
#2545 = APPLICATION_CONTEXT ( 'automotive_design' ) ;
#2546 = DIRECTION ( 'NONE',  ( 0.000000000000000000, -0.7071067811865477948, 0.7071067811865473507 ) ) ;
#2547 = PLANE ( 'NONE',  #108 ) ;
#2548 = ORIENTED_EDGE ( 'NONE', *, *, #1050, .F. ) ;
#2549 = DIRECTION ( 'NONE',  ( 1.000000000000000000, 0.000000000000000000, 0.000000000000000000 ) ) ;
#2550 = ORIENTED_EDGE ( 'NONE', *, *, #2043, .T. ) ;
#2551 = VERTEX_POINT ( 'NONE', #809 ) ;
#2552 = DIRECTION ( 'NONE',  ( 0.000000000000000000, 0.000000000000000000, 1.000000000000000000 ) ) ;
#2553 = DIRECTION ( 'NONE',  ( -1.000000000000000000, -0.000000000000000000, -0.000000000000000000 ) ) ;
#2554 = DIRECTION ( 'NONE',  ( 0.000000000000000000, 0.000000000000000000, -1.000000000000000000 ) ) ;
#2555 = ORIENTED_EDGE ( 'NONE', *, *, #1813, .F. ) ;
#2556 = EDGE_CURVE ( 'NONE', #2161, #1698, #1462, .T. ) ;
#2557 = PLANE ( 'NONE',  #2438 ) ;
#2558 = AXIS2_PLACEMENT_3D ( 'NONE', #2065, #1192, #2436 ) ;
#2559 = PLANE ( 'NONE',  #2361 ) ;
#2560 = ORIENTED_EDGE ( 'NONE', *, *, #2171, .T. ) ;
#2561 = CARTESIAN_POINT ( 'NONE',  ( 0.000000000000000000, 19.99431948050904850, -14.76172929972859471 ) ) ;
#2562 = EDGE_CURVE ( 'NONE', #1419, #356, #511, .T. ) ;
#2563 = CARTESIAN_POINT ( 'NONE',  ( 3.506939918799448552, -21.84817788062847654, 16.61558769984802453 ) ) ;
#2564 = ORIENTED_EDGE ( 'NONE', *, *, #1917, .T. ) ;
#2565 = FACE_OUTER_BOUND ( 'NONE', #1296, .T. ) ;
#2566 = EDGE_CURVE ( 'NONE', #2112, #2609, #826, .T. ) ;
#2567 = EDGE_LOOP ( 'NONE', ( #2138, #973 ) ) ;
#2568 = ORIENTED_EDGE ( 'NONE', *, *, #2425, .F. ) ;
#2569 = PLANE ( 'NONE',  #1677 ) ;
#2570 = CARTESIAN_POINT ( 'NONE',  ( 3.000000000000000000, -15.72128267389227219, -20.95387285467272420 ) ) ;
#2571 =( LENGTH_UNIT ( ) NAMED_UNIT ( * ) SI_UNIT ( .MILLI., .METRE. ) );
#2572 = ORIENTED_EDGE ( 'NONE', *, *, #349, .F. ) ;
#2573 = EDGE_LOOP ( 'NONE', ( #1146, #1971, #630, #2069, #2384, #575 ) ) ;
#2574 = DIRECTION ( 'NONE',  ( 0.000000000000000000, 0.4916668203100937884, 0.8707834046455881216 ) ) ;
#2575 = ORIENTED_EDGE ( 'NONE', *, *, #354, .F. ) ;
#2576 = VECTOR ( 'NONE', #1016, 1000.000000000000000 ) ;
#2577 = CARTESIAN_POINT ( 'NONE',  ( 13.59999999999999964, -9.332174861821640022, -11.46965711278947353 ) ) ;
#2578 = CARTESIAN_POINT ( 'NONE',  ( 0.000000000000000000, -23.60000000000000142, 7.000000000000000000 ) ) ;
#2579 = VECTOR ( 'NONE', #1682, 1000.000000000000000 ) ;
#2580 = ORIENTED_EDGE ( 'NONE', *, *, #2125, .T. ) ;
#2581 = CARTESIAN_POINT ( 'NONE',  ( 0.000000000000000000, -23.60000000000000142, 0.000000000000000000 ) ) ;
#2582 = ORIENTED_EDGE ( 'NONE', *, *, #560, .T. ) ;
#2583 = ORIENTED_EDGE ( 'NONE', *, *, #40, .T. ) ;
#2584 = CARTESIAN_POINT ( 'NONE',  ( 0.000000000000000000, -8.702959901070201454, -13.62321422119827474 ) ) ;
#2585 = LINE ( 'NONE', #2166, #2228 ) ;
#2586 = CARTESIAN_POINT ( 'NONE',  ( 0.000000000000000000, 3.673940397442060854E-16, 20.60000000000000497 ) ) ;
#2587 = ORIENTED_EDGE ( 'NONE', *, *, #40, .F. ) ;
#2588 = AXIS2_PLACEMENT_3D ( 'NONE', #832, #1480, #620 ) ;
#2589 = AXIS2_PLACEMENT_3D ( 'NONE', #1118, #1772, #72 ) ;
#2590 = ORIENTED_EDGE ( 'NONE', *, *, #1946, .F. ) ;
#2591 = CARTESIAN_POINT ( 'NONE',  ( 0.000000000000000000, -47.37615433949867594, 51.61879502661795982 ) ) ;
#2592 = ORIENTED_EDGE ( 'NONE', *, *, #537, .T. ) ;
#2593 = VECTOR ( 'NONE', #1359, 1000.000000000000000 ) ;
#2594 = ORIENTED_EDGE ( 'NONE', *, *, #384, .T. ) ;
#2595 = DIRECTION ( 'NONE',  ( 0.000000000000000000, 0.000000000000000000, 1.000000000000000000 ) ) ;
#2596 = CARTESIAN_POINT ( 'NONE',  ( 0.000000000000000000, 14.99999999999999645, 15.00000000000000178 ) ) ;
#2597 = EDGE_LOOP ( 'NONE', ( #2251, #71, #2555, #2176 ) ) ;
#2598 = EDGE_CURVE ( 'NONE', #610, #1399, #1821, .T. ) ;
#2599 = DIRECTION ( 'NONE',  ( 0.000000000000000000, 0.8734668610425437851, 0.4868836027845727110 ) ) ;
#2600 = ORIENTED_EDGE ( 'NONE', *, *, #830, .F. ) ;
#2601 = ADVANCED_FACE ( 'NONE', ( #1257 ), #878, .T. ) ;
#2602 = CARTESIAN_POINT ( 'NONE',  ( -14.14213562373095101, -11.77721700923829395, 18.82278299076170569 ) ) ;
#2603 = CARTESIAN_POINT ( 'NONE',  ( 6.999999999999997335, -19.99431948050905206, 14.76172929972860004 ) ) ;
#2604 = CARTESIAN_POINT ( 'NONE',  ( 13.59999999999999964, 7.000000000000006217, -36.39999999999999147 ) ) ;
#2605 = ORIENTED_EDGE ( 'NONE', *, *, #2091, .F. ) ;
#2606 = VERTEX_POINT ( 'NONE', #1041 ) ;
#2607 = CARTESIAN_POINT ( 'NONE',  ( 3.485190991992801912, 21.84171824498710990, 16.60912806420666143 ) ) ;
#2608 = VERTEX_POINT ( 'NONE', #616 ) ;
#2609 = VERTEX_POINT ( 'NONE', #1762 ) ;
#2610 = CIRCLE ( 'NONE', #901, 5.000000000000000888 ) ;
#2611 = EDGE_CURVE ( 'NONE', #309, #2551, #666, .T. ) ;
#2612 = CIRCLE ( 'NONE', #1386, 7.000000000000000000 ) ;
#2613 = FACE_BOUND ( 'NONE', #1973, .T. ) ;
#2614 = CARTESIAN_POINT ( 'NONE',  ( 0.000000000000000000, -5.332174861821640022, -11.46965711278947175 ) ) ;
#2615 = DIRECTION ( 'NONE',  ( 0.000000000000000000, -0.4868836027845727110, 0.8734668610425437851 ) ) ;
#2616 = ORIENTED_EDGE ( 'NONE', *, *, #1120, .F. ) ;
#2617 = CARTESIAN_POINT ( 'NONE',  ( 0.000000000000000000, -52.11376977344857409, -46.88117959266809009 ) ) ;
#2618 = CARTESIAN_POINT ( 'NONE',  ( 0.000000000000000000, 14.99999999999999645, 15.00000000000000178 ) ) ;
#2619 = CARTESIAN_POINT ( 'NONE',  ( 13.59999999999999964, 23.60000000000000142, 3.000000000000010214 ) ) ;
#2620 = ORIENTED_EDGE ( 'NONE', *, *, #2423, .T. ) ;
#2621 = EDGE_CURVE ( 'NONE', #2713, #1611, #774, .T. ) ;
#2622 = LINE ( 'NONE', #1550, #863 ) ;
#2623 = CARTESIAN_POINT ( 'NONE',  ( 3.000000000000000444, 23.00863248175808806, 17.77604230097762539 ) ) ;
#2624 = ORIENTED_EDGE ( 'NONE', *, *, #733, .F. ) ;
#2625 = ORIENTED_EDGE ( 'NONE', *, *, #2055, .T. ) ;
#2626 = EDGE_LOOP ( 'NONE', ( #680, #1223 ) ) ;
#2627 = DIRECTION ( 'NONE',  ( 0.000000000000000000, 0.000000000000000000, -1.000000000000000000 ) ) ;
#2628 = DIRECTION ( 'NONE',  ( 1.000000000000000000, 0.000000000000000000, 0.000000000000000000 ) ) ;
#2629 = VECTOR ( 'NONE', #427, 1000.000000000000000 ) ;
#2630 = VECTOR ( 'NONE', #1871, 1000.000000000000000 ) ;
#2631 = CARTESIAN_POINT ( 'NONE',  ( 3.000000000000000000, -15.72128267389227219, -20.95387285467272420 ) ) ;
#2632 = ORIENTED_EDGE ( 'NONE', *, *, #2100, .T. ) ;
#2633 = EDGE_CURVE ( 'NONE', #451, #547, #2792, .T. ) ;
#2634 = DIRECTION ( 'NONE',  ( 0.000000000000000000, -0.7071067811865425767, -0.7071067811865525687 ) ) ;
#2635 = LINE ( 'NONE', #2205, #2451 ) ;
#2636 = CARTESIAN_POINT ( 'NONE',  ( 13.60000000000000142, 5.332174861821640022, 12.63835602176123984 ) ) ;
#2637 = EDGE_CURVE ( 'NONE', #2079, #114, #1681, .T. ) ;
#2638 = CARTESIAN_POINT ( 'NONE',  ( 3.000000000000000000, 18.18499786894220449, 23.41758804972265295 ) ) ;
#2639 = DIRECTION ( 'NONE',  ( 0.000000000000000000, -1.000000000000000000, 0.000000000000000000 ) ) ;
#2640 = ORIENTED_EDGE ( 'NONE', *, *, #856, .F. ) ;
#2641 = ADVANCED_FACE ( 'NONE', ( #2162, #239, #1094, #1909, #2328, #2777, #404, #1963, #31, #647 ), #1711, .T. ) ;
#2642 = VECTOR ( 'NONE', #203, 1000.000000000000000 ) ;
#2643 = VERTEX_POINT ( 'NONE', #679 ) ;
#2644 = CARTESIAN_POINT ( 'NONE',  ( 6.079526494467689446, -14.86643592573550521, 20.09902610651595722 ) ) ;
#2645 = DIRECTION ( 'NONE',  ( 1.000000000000000000, -0.000000000000000000, -0.000000000000000000 ) ) ;
#2646 = VECTOR ( 'NONE', #494, 1000.000000000000000 ) ;
#2647 = ADVANCED_FACE ( 'NONE', ( #2565 ), #894, .F. ) ;
#2648 = CIRCLE ( 'NONE', #353, 2.249999999999998668 ) ;
#2649 = CARTESIAN_POINT ( 'NONE',  ( 3.000000000000000000, 47.37615433949869725, 51.61879502661797403 ) ) ;
#2650 = LINE ( 'NONE', #284, #1728 ) ;
#2651 = CARTESIAN_POINT ( 'NONE',  ( -14.00000000000000000, 15.00000000000000000, -14.99999999999999822 ) ) ;
#2652 = CYLINDRICAL_SURFACE ( 'NONE', #305, 4.000000000000000000 ) ;
#2653 = DIRECTION ( 'NONE',  ( 1.000000000000000000, -0.000000000000000000, 0.000000000000000000 ) ) ;
#2654 = ORIENTED_EDGE ( 'NONE', *, *, #1976, .F. ) ;
#2655 = DIRECTION ( 'NONE',  ( -1.000000000000000000, 0.000000000000000000, 0.000000000000000000 ) ) ;
#2656 = EDGE_LOOP ( 'NONE', ( #369, #1910, #2788, #562 ) ) ;
#2657 = AXIS2_PLACEMENT_3D ( 'NONE', #2103, #352, #582 ) ;
#2658 = ORIENTED_EDGE ( 'NONE', *, *, #2527, .T. ) ;
#2659 = FACE_OUTER_BOUND ( 'NONE', #1460, .T. ) ;
#2660 = DIRECTION ( 'NONE',  ( 0.000000000000000000, 0.000000000000000000, 1.000000000000000000 ) ) ;
#2661 = ORIENTED_EDGE ( 'NONE', *, *, #2323, .T. ) ;
#2662 = EDGE_CURVE ( 'NONE', #1158, #465, #1542, .T. ) ;
#2663 = DIRECTION ( 'NONE',  ( 1.000000000000000000, 0.000000000000000000, 0.000000000000000000 ) ) ;
#2664 = CIRCLE ( 'NONE', #2558, 4.999999999999999112 ) ;
#2665 = EDGE_CURVE ( 'NONE', #1255, #1024, #1108, .T. ) ;
#2666 = DIRECTION ( 'NONE',  ( -1.000000000000000000, -0.000000000000000000, -0.000000000000000000 ) ) ;
#2667 = DIRECTION ( 'NONE',  ( -1.000000000000000000, -0.000000000000000000, -0.000000000000000000 ) ) ;
#2668 = DIRECTION ( 'NONE',  ( 0.000000000000000000, 0.000000000000000000, -1.000000000000000000 ) ) ;
#2669 = VECTOR ( 'NONE', #2782, 1000.000000000000114 ) ;
#2670 = DIRECTION ( 'NONE',  ( 0.000000000000000000, -0.7071067811865475727, 0.7071067811865475727 ) ) ;
#2671 = CARTESIAN_POINT ( 'NONE',  ( 3.000000000000000000, 51.75604996696842619, 47.52292721923011243 ) ) ;
#2672 = DIRECTION ( 'NONE',  ( 0.000000000000000000, 0.000000000000000000, -1.000000000000000000 ) ) ;
#2673 = CARTESIAN_POINT ( 'NONE',  ( -76.34029080374268972, 23.60000000000000142, -6.999999999999990230 ) ) ;
#2674 = EDGE_CURVE ( 'NONE', #1656, #2145, #1213, .T. ) ;
#2675 = CARTESIAN_POINT ( 'NONE',  ( 13.59999999999999964, 7.000000000000006217, -36.39999999999999147 ) ) ;
#2676 = CARTESIAN_POINT ( 'NONE',  ( 13.59999999999999964, 0.000000000000000000, 23.60000000000000142 ) ) ;
#2677 = DIRECTION ( 'NONE',  ( 0.000000000000000000, 0.000000000000000000, 1.000000000000000000 ) ) ;
#2678 = VECTOR ( 'NONE', #1729, 1000.000000000000000 ) ;
#2679 = DIRECTION ( 'NONE',  ( -1.000000000000000000, -0.000000000000000000, -0.000000000000000000 ) ) ;
#2680 = CARTESIAN_POINT ( 'NONE',  ( 0.000000000000000000, -14.76172929972859826, 19.99431948050904850 ) ) ;
#2681 = VECTOR ( 'NONE', #2732, 1000.000000000000227 ) ;
#2682 = CARTESIAN_POINT ( 'NONE',  ( 13.59999999999999964, 23.60000000000000142, 9.108356170405185248E-15 ) ) ;
#2683 =( NAMED_UNIT ( * ) SI_UNIT ( $, .STERADIAN. ) SOLID_ANGLE_UNIT ( ) );
#2684 = AXIS2_PLACEMENT_3D ( 'NONE', #529, #1595, #1180 ) ;
#2685 = ADVANCED_FACE ( 'NONE', ( #2346 ), #2144, .F. ) ;
#2686 = LINE ( 'NONE', #535, #750 ) ;
#2687 = ORIENTED_EDGE ( 'NONE', *, *, #791, .T. ) ;
#2688 = CARTESIAN_POINT ( 'NONE',  ( 0.000000000000000000, -15.00000000000000355, 12.75000000000000178 ) ) ;
#2689 = DIRECTION ( 'NONE',  ( -0.000000000000000000, 0.7071067811865473507, 0.7071067811865477948 ) ) ;
#2690 = ORIENTED_EDGE ( 'NONE', *, *, #555, .T. ) ;
#2691 = CARTESIAN_POINT ( 'NONE',  ( 3.000000000000000000, 52.11376977344854566, -46.88117959266809009 ) ) ;
#2692 = CIRCLE ( 'NONE', #491, 4.000000000000000000 ) ;
#2693 = EDGE_CURVE ( 'NONE', #689, #1199, #12, .T. ) ;
#2694 = ORIENTED_EDGE ( 'NONE', *, *, #2398, .T. ) ;
#2695 = AXIS2_PLACEMENT_3D ( 'NONE', #236, #254, #2394 ) ;
#2696 = CARTESIAN_POINT ( 'NONE',  ( 6.999999999999990230, 16.36750501450887185, -19.80935858876140188 ) ) ;
#2697 = CARTESIAN_POINT ( 'NONE',  ( 6.999999999999997335, -15.00000000000000355, 15.00000000000000178 ) ) ;
#2698 = ORIENTED_EDGE ( 'NONE', *, *, #2611, .F. ) ;
#2699 = CARTESIAN_POINT ( 'NONE',  ( 13.59999999999999964, 15.00000000000000000, -14.99999999999999822 ) ) ;
#2700 = CARTESIAN_POINT ( 'NONE',  ( 13.59999999999999964, 14.99999999999999645, 15.00000000000000178 ) ) ;
#2701 = CARTESIAN_POINT ( 'NONE',  ( 13.59999999999999964, 14.99999999999999645, 15.00000000000000178 ) ) ;
#2702 = VERTEX_POINT ( 'NONE', #47 ) ;
#2703 = CARTESIAN_POINT ( 'NONE',  ( 32.59999999999999432, 5.332174861821640022, 8.638356021761239845 ) ) ;
#2704 = AXIS2_PLACEMENT_3D ( 'NONE', #1953, #885, #2358 ) ;
#2705 = DIRECTION ( 'NONE',  ( -0.000000000000000000, 0.7071067811865479058, 0.7071067811865472397 ) ) ;
#2706 = ORIENTED_EDGE ( 'NONE', *, *, #2043, .F. ) ;
#2707 = LINE ( 'NONE', #1435, #1025 ) ;
#2708 = FACE_OUTER_BOUND ( 'NONE', #1847, .T. ) ;
#2709 = VECTOR ( 'NONE', #2426, 1000.000000000000000 ) ;
#2710 = DIRECTION ( 'NONE',  ( -0.000000000000000000, -0.7071067811865474617, 0.7071067811865475727 ) ) ;
#2711 = EDGE_CURVE ( 'NONE', #638, #1255, #88, .T. ) ;
#2712 = LINE ( 'NONE', #1691, #926 ) ;
#2713 = VERTEX_POINT ( 'NONE', #1610 ) ;
#2714 = EDGE_CURVE ( 'NONE', #483, #2608, #1992, .T. ) ;
#2715 = EDGE_CURVE ( 'NONE', #1438, #1979, #1501, .T. ) ;
#2716 = VECTOR ( 'NONE', #1377, 1000.000000000000000 ) ;
#2717 = DIRECTION ( 'NONE',  ( 0.000000000000000000, 0.000000000000000000, -1.000000000000000000 ) ) ;
#2718 = AXIS2_PLACEMENT_3D ( 'NONE', #2651, #722, #2717 ) ;
#2719 = ADVANCED_FACE ( 'NONE', ( #1814 ), #945, .F. ) ;
#2720 = VERTEX_POINT ( 'NONE', #532 ) ;
#2721 = VECTOR ( 'NONE', #813, 1000.000000000000000 ) ;
#2722 = CARTESIAN_POINT ( 'NONE',  ( 3.000000000000000000, 47.37615433949869725, 51.61879502661797403 ) ) ;
#2723 = ORIENTED_EDGE ( 'NONE', *, *, #623, .T. ) ;
#2724 = VERTEX_POINT ( 'NONE', #268 ) ;
#2725 = CIRCLE ( 'NONE', #1274, 6.999999999999999112 ) ;
#2726 = CARTESIAN_POINT ( 'NONE',  ( 3.000000000000000000, 51.75604996696842619, 47.52292721923011243 ) ) ;
#2727 = DIRECTION ( 'NONE',  ( 0.000000000000000000, 0.000000000000000000, 1.000000000000000000 ) ) ;
#2728 = CARTESIAN_POINT ( 'NONE',  ( 5.882885475738478753, 20.15632605232714880, -14.92373587154669323 ) ) ;
#2729 = DIRECTION ( 'NONE',  ( 0.000000000000000000, -0.5383892771022007473, 0.8426962598121399139 ) ) ;
#2730 = EDGE_LOOP ( 'NONE', ( #1758, #811, #845, #112, #2053 ) ) ;
#2731 = AXIS2_PLACEMENT_3D ( 'NONE', #1997, #1166, #940 ) ;
#2732 = DIRECTION ( 'NONE',  ( 0.000000000000000000, -0.4916668203100937329, -0.8707834046455880106 ) ) ;
#2733 = VERTEX_POINT ( 'NONE', #1573 ) ;
#2734 = EDGE_CURVE ( 'NONE', #732, #2388, #920, .T. ) ;
#2735 = CARTESIAN_POINT ( 'NONE',  ( 0.000000000000000000, 46.88117959266809009, -52.11376977344854566 ) ) ;
#2736 = VERTEX_POINT ( 'NONE', #728 ) ;
#2737 = ORIENTED_EDGE ( 'NONE', *, *, #2389, .T. ) ;
#2738 = AXIS2_PLACEMENT_3D ( 'NONE', #1615, #1141, #2668 ) ;
#2739 = EDGE_CURVE ( 'NONE', #1242, #649, #2343, .T. ) ;
#2740 = CARTESIAN_POINT ( 'NONE',  ( 6.534212135029959789, 14.78360592145377872, 20.01619610223422185 ) ) ;
#2741 = FACE_OUTER_BOUND ( 'NONE', #2254, .T. ) ;
#2742 = CARTESIAN_POINT ( 'NONE',  ( 6.018384282007789743, 20.11862426349817667, -14.88603408271772288 ) ) ;
#2743 = CARTESIAN_POINT ( 'NONE',  ( 0.000000000000000000, -46.88117959266811852, -52.11376977344854566 ) ) ;
#2744 = ORIENTED_EDGE ( 'NONE', *, *, #1855, .T. ) ;
#2745 = DIRECTION ( 'NONE',  ( 1.000000000000000000, -0.000000000000000000, -0.000000000000000000 ) ) ;
#2746 = CARTESIAN_POINT ( 'NONE',  ( 0.000000000000000000, 14.99999999999999645, 15.00000000000000178 ) ) ;
#2747 = ORIENTED_EDGE ( 'NONE', *, *, #2030, .T. ) ;
#2748 = LINE ( 'NONE', #2722, #1313 ) ;
#2749 = ORIENTED_EDGE ( 'NONE', *, *, #1308, .T. ) ;
#2750 = EDGE_CURVE ( 'NONE', #2538, #2488, #693, .T. ) ;
#2751 = VERTEX_POINT ( 'NONE', #1121 ) ;
#2752 = EDGE_CURVE ( 'NONE', #1709, #1014, #1823, .T. ) ;
#2753 = DIRECTION ( 'NONE',  ( -0.000000000000000000, 0.7071067811865474617, 0.7071067811865474617 ) ) ;
#2754 = CARTESIAN_POINT ( 'NONE',  ( -76.34029080374268972, 23.60000000000000142, 7.000000000000009770 ) ) ;
#2755 = CIRCLE ( 'NONE', #2480, 4.999999999999999112 ) ;
#2756 = CARTESIAN_POINT ( 'NONE',  ( 3.000000000000000000, 23.41758804972265651, -18.18499786894220094 ) ) ;
#2757 = ORIENTED_EDGE ( 'NONE', *, *, #354, .T. ) ;
#2758 = CARTESIAN_POINT ( 'NONE',  ( 0.000000000000000000, 49.49747468305866960, -46.49747468305798037 ) ) ;
#2759 = LINE ( 'NONE', #1286, #881 ) ;
#2760 = CARTESIAN_POINT ( 'NONE',  ( 3.477449840602659492, 16.65657057400703067, -21.88916075478747914 ) ) ;
#2761 = ORIENTED_EDGE ( 'NONE', *, *, #314, .T. ) ;
#2762 = DIRECTION ( 'NONE',  ( 0.000000000000000000, -0.7071067811865479058, -0.7071067811865472397 ) ) ;
#2763 = ORIENTED_EDGE ( 'NONE', *, *, #2440, .T. ) ;
#2764 = EDGE_LOOP ( 'NONE', ( #1329, #1302, #553, #233, #968 ) ) ;
#2765 = EDGE_CURVE ( 'NONE', #604, #2189, #413, .T. ) ;
#2766 = DIRECTION ( 'NONE',  ( 1.000000000000000000, 0.000000000000000000, 0.000000000000000000 ) ) ;
#2767 = CARTESIAN_POINT ( 'NONE',  ( 13.59999999999999964, 0.000000000000000000, 26.60000000000000142 ) ) ;
#2768 = VECTOR ( 'NONE', #1832, 1000.000000000000000 ) ;
#2769 = DIRECTION ( 'NONE',  ( 1.000000000000000000, 0.000000000000000000, 0.000000000000000000 ) ) ;
#2770 = VERTEX_POINT ( 'NONE', #2453 ) ;
#2771 = AXIS2_PLACEMENT_3D ( 'NONE', #2754, #1662, #566 ) ;
#2772 = CARTESIAN_POINT ( 'NONE',  ( 6.999999999999997335, 14.99999999999999645, 20.00000000000000000 ) ) ;
#2773 = ORIENTED_EDGE ( 'NONE', *, *, #1638, .F. ) ;
#2774 = DIRECTION ( 'NONE',  ( 0.000000000000000000, 0.000000000000000000, -1.000000000000000000 ) ) ;
#2775 = DIRECTION ( 'NONE',  ( 0.000000000000000000, 0.4916668203100941770, -0.8707834046455877886 ) ) ;
#2776 = EDGE_LOOP ( 'NONE', ( #2338, #2694, #1433, #84 ) ) ;
#2777 = FACE_BOUND ( 'NONE', #1525, .T. ) ;
#2778 = ORIENTED_EDGE ( 'NONE', *, *, #425, .T. ) ;
#2779 = VERTEX_POINT ( 'NONE', #1339 ) ;
#2780 = CIRCLE ( 'NONE', #342, 2.999999999999995559 ) ;
#2781 = CARTESIAN_POINT ( 'NONE',  ( 0.000000000000000000, 46.88117959266811852, 52.11376977344855987 ) ) ;
#2782 = DIRECTION ( 'NONE',  ( 0.000000000000000000, 0.7071067811865474617, 0.7071067811865474617 ) ) ;
#2783 = EDGE_LOOP ( 'NONE', ( #1528, #1538, #1215, #2300 ) ) ;
#2784 = VERTEX_POINT ( 'NONE', #98 ) ;
#2785 = AXIS2_PLACEMENT_3D ( 'NONE', #2614, #1524, #1541 ) ;
#2786 = PLANE ( 'NONE',  #1507 ) ;
#2787 = VERTEX_POINT ( 'NONE', #2649 ) ;
#2788 = ORIENTED_EDGE ( 'NONE', *, *, #1110, .T. ) ;
#2789 = DIRECTION ( 'NONE',  ( -1.000000000000000000, 0.000000000000000000, 0.000000000000000000 ) ) ;
#2790 = PLANE ( 'NONE',  #735 ) ;
#2791 = ORIENTED_EDGE ( 'NONE', *, *, #1297, .T. ) ;
#2792 = LINE ( 'NONE', #458, #365 ) ;
#2793 = EDGE_LOOP ( 'NONE', ( #423, #333, #597 ) ) ;
#2794 = ORIENTED_EDGE ( 'NONE', *, *, #447, .F. ) ;
#2795 = DIRECTION ( 'NONE',  ( 0.000000000000000000, 0.7071067811865425767, -0.7071067811865525687 ) ) ;
ENDSEC;
END-ISO-10303-21;
