ISO-10303-21;
HEADER;
FILE_DESCRIPTION (( 'STEP AP214' ),
    '1' );
FILE_NAME ('Backup of Component3(Mirror) cf rod 1.STEP',
    '2026-02-20T17:59:15',
    ( '' ),
    ( '' ),
    'SwSTEP 2.0',
    'SolidWorks 2023',
    '' );
FILE_SCHEMA (( 'AUTOMOTIVE_DESIGN' ));
ENDSEC;

DATA;
#1 = DIRECTION ( 'NONE',  ( -0.000000000000000000, -0.000000000000000000, -1.000000000000000000 ) ) ;
#2 = EDGE_CURVE ( 'NONE', #1804, #1798, #1533, .T. ) ;
#3 = CARTESIAN_POINT ( 'NONE',  ( -17.25000000000000000, 15.50000000000000000, 22.00000000000000000 ) ) ;
#4 = CARTESIAN_POINT ( 'NONE',  ( -3.432218950705614002, -8.500000000000106581, 10.81801948466053709 ) ) ;
#5 = CARTESIAN_POINT ( 'NONE',  ( -19.55721895070561089, 8.499999999999788614, 14.00000000000000000 ) ) ;
#6 = DIRECTION ( 'NONE',  ( -0.000000000000000000, -0.000000000000000000, -1.000000000000000000 ) ) ;
#7 = PLANE ( 'NONE',  #1628 ) ;
#8 = ORIENTED_EDGE ( 'NONE', *, *, #759, .T. ) ;
#9 = ORIENTED_EDGE ( 'NONE', *, *, #1606, .F. ) ;
#10 = CARTESIAN_POINT ( 'NONE',  ( 23.87071900828151527, -0.8101962554596104926, 18.30542517062891861 ) ) ;
#11 = DIRECTION ( 'NONE',  ( -0.000000000000000000, -0.000000000000000000, -1.000000000000000000 ) ) ;
#12 = EDGE_CURVE ( 'NONE', #894, #1131, #850, .T. ) ;
#13 = DIRECTION ( 'NONE',  ( 1.000000000000000000, 0.000000000000000000, 0.000000000000000000 ) ) ;
#14 = DIRECTION ( 'NONE',  ( 0.000000000000000000, 0.000000000000000000, -1.000000000000000000 ) ) ;
#15 = SURFACE_STYLE_USAGE ( .BOTH. , #1425 ) ;
#16 = EDGE_LOOP ( 'NONE', ( #1522, #272 ) ) ;
#17 = ORIENTED_EDGE ( 'NONE', *, *, #1034, .F. ) ;
#18 = CARTESIAN_POINT ( 'NONE',  ( -19.55721895070561089, -8.500000000000211386, 17.00000000000000000 ) ) ;
#19 = DIRECTION ( 'NONE',  ( -1.000000000000000000, 0.000000000000000000, 0.000000000000000000 ) ) ;
#20 = AXIS2_PLACEMENT_3D ( 'NONE', #1566, #605, #804 ) ;
#21 = EDGE_CURVE ( 'NONE', #1118, #1557, #1763, .T. ) ;
#22 = AXIS2_PLACEMENT_3D ( 'NONE', #1552, #1835, #939 ) ;
#23 = LINE ( 'NONE', #658, #1568 ) ;
#24 = CARTESIAN_POINT ( 'NONE',  ( -20.00000000000001066, 20.00000000000000355, 22.00000000000000000 ) ) ;
#25 = AXIS2_PLACEMENT_3D ( 'NONE', #923, #2013, #631 ) ;
#26 = DIRECTION ( 'NONE',  ( 0.000000000000000000, 0.000000000000000000, -1.000000000000000000 ) ) ;
#27 = ORIENTED_EDGE ( 'NONE', *, *, #607, .T. ) ;
#28 = AXIS2_PLACEMENT_3D ( 'NONE', #1467, #1671, #1328 ) ;
#29 = VERTEX_POINT ( 'NONE', #371 ) ;
#30 = ORIENTED_EDGE ( 'NONE', *, *, #1335, .T. ) ;
#31 = CARTESIAN_POINT ( 'NONE',  ( 10.44278104929438555, 8.499999999999998224, 14.00000000000000000 ) ) ;
#32 = CIRCLE ( 'NONE', #1191, 1.124999999999825695 ) ;
#33 = DIRECTION ( 'NONE',  ( -1.000000000000000000, 0.000000000000000000, 0.000000000000000000 ) ) ;
#34 = PLANE ( 'NONE',  #116 ) ;
#35 = EDGE_CURVE ( 'NONE', #1208, #948, #660, .T. ) ;
#36 = CARTESIAN_POINT ( 'NONE',  ( 20.00000000000000000, -29.99999999999999289, 22.00000000000000000 ) ) ;
#37 = DIRECTION ( 'NONE',  ( 0.000000000000000000, 0.000000000000000000, 1.000000000000000000 ) ) ;
#38 = EDGE_CURVE ( 'NONE', #1745, #227, #916, .T. ) ;
#39 = EDGE_LOOP ( 'NONE', ( #976, #1355 ) ) ;
#40 = EDGE_LOOP ( 'NONE', ( #1859, #239, #233, #1426 ) ) ;
#41 = EDGE_LOOP ( 'NONE', ( #1418, #280 ) ) ;
#42 = LINE ( 'NONE', #1621, #384 ) ;
#43 = DIRECTION ( 'NONE',  ( 1.000000000000000000, 0.000000000000000000, 0.000000000000000000 ) ) ;
#44 = CARTESIAN_POINT ( 'NONE',  ( -19.25498150643370465, -1.112033521137474112, 18.34637024610217182 ) ) ;
#45 = CARTESIAN_POINT ( 'NONE',  ( 9.317781049294387330, 8.499999999999998224, 10.81801948466053709 ) ) ;
#46 = CARTESIAN_POINT ( 'NONE',  ( -20.68221895070561089, -8.500000000000211386, 17.00000000000000000 ) ) ;
#47 = EDGE_CURVE ( 'NONE', #374, #2009, #358, .T. ) ;
#48 = VERTEX_POINT ( 'NONE', #1981 ) ;
#49 = ORIENTED_EDGE ( 'NONE', *, *, #1156, .T. ) ;
#50 = DIRECTION ( 'NONE',  ( -0.000000000000000000, -0.000000000000000000, -1.000000000000000000 ) ) ;
#51 = ORIENTED_EDGE ( 'NONE', *, *, #1828, .T. ) ;
#52 = DIRECTION ( 'NONE',  ( -1.000000000000000000, 0.000000000000000000, 0.000000000000000000 ) ) ;
#53 = DIRECTION ( 'NONE',  ( 0.000000000000000000, 0.000000000000000000, -1.000000000000000000 ) ) ;
#54 = DIRECTION ( 'NONE',  ( 0.000000000000000000, 0.000000000000000000, -1.000000000000000000 ) ) ;
#55 = DIRECTION ( 'NONE',  ( -0.000000000000000000, -0.000000000000000000, -1.000000000000000000 ) ) ;
#56 = AXIS2_PLACEMENT_3D ( 'NONE', #186, #859, #1010 ) ;
#57 = AXIS2_PLACEMENT_3D ( 'NONE', #1636, #230, #1897 ) ;
#58 = ORIENTED_EDGE ( 'NONE', *, *, #621, .T. ) ;
#59 = DIRECTION ( 'NONE',  ( -1.000000000000000000, 0.000000000000000000, 0.000000000000000000 ) ) ;
#60 = EDGE_CURVE ( 'NONE', #1348, #1912, #884, .T. ) ;
#61 = LINE ( 'NONE', #699, #487 ) ;
#62 = APPLICATION_CONTEXT ( 'automotive_design' ) ;
#63 = ORIENTED_EDGE ( 'NONE', *, *, #1112, .T. ) ;
#64 = DIRECTION ( 'NONE',  ( -1.000000000000000000, 0.000000000000000000, 0.000000000000000000 ) ) ;
#65 = ORIENTED_EDGE ( 'NONE', *, *, #757, .T. ) ;
#66 = EDGE_CURVE ( 'NONE', #1685, #542, #1770, .T. ) ;
#67 = DIRECTION ( 'NONE',  ( -1.000000000000000000, 0.000000000000000000, -0.000000000000000000 ) ) ;
#68 = LINE ( 'NONE', #694, #1403 ) ;
#69 = EDGE_LOOP ( 'NONE', ( #1598, #1514 ) ) ;
#70 = FACE_OUTER_BOUND ( 'NONE', #587, .T. ) ;
#71 = EDGE_LOOP ( 'NONE', ( #1162, #510, #1506, #500 ) ) ;
#72 = CARTESIAN_POINT ( 'NONE',  ( 0.000000000000000000, 0.000000000000000000, 22.00000000000000000 ) ) ;
#73 = VERTEX_POINT ( 'NONE', #255 ) ;
#74 = EDGE_CURVE ( 'NONE', #1557, #2023, #99, .T. ) ;
#75 = CARTESIAN_POINT ( 'NONE',  ( -23.74464211924016865, -1.112865554583708505, 18.34649155807244725 ) ) ;
#76 = DIRECTION ( 'NONE',  ( 1.000000000000000000, 0.000000000000000000, 0.000000000000000000 ) ) ;
#77 = CARTESIAN_POINT ( 'NONE',  ( -21.33674427947509855, 2.500084928623233615, 18.71234369936413700 ) ) ;
#78 = EDGE_LOOP ( 'NONE', ( #1072, #977 ) ) ;
#79 = DIRECTION ( 'NONE',  ( 1.000000000000000000, 0.000000000000000000, 0.000000000000000000 ) ) ;
#80 = EDGE_CURVE ( 'NONE', #1622, #2023, #1637, .T. ) ;
#81 = CYLINDRICAL_SURFACE ( 'NONE', #451, 1.124999999999825695 ) ;
#82 = ADVANCED_FACE ( 'NONE', ( #1968, #580 ), #1215, .T. ) ;
#83 = AXIS2_PLACEMENT_3D ( 'NONE', #1954, #1344, #389 ) ;
#84 = CARTESIAN_POINT ( 'NONE',  ( -23.66745975456597151, 1.256458164662908494, 18.37091581421683628 ) ) ;
#85 = CIRCLE ( 'NONE', #1280, 1.124999999999999334 ) ;
#86 = ORIENTED_EDGE ( 'NONE', *, *, #256, .T. ) ;
#87 = DIRECTION ( 'NONE',  ( 0.000000000000000000, 0.000000000000000000, -1.000000000000000000 ) ) ;
#88 = CARTESIAN_POINT ( 'NONE',  ( 20.00000000000000000, -29.99999999999999289, 14.00000000000000000 ) ) ;
#89 = AXIS2_PLACEMENT_3D ( 'NONE', #412, #1357, #1649 ) ;
#90 = CARTESIAN_POINT ( 'NONE',  ( 10.44278104929456852, -8.500000000000005329, 17.00000000000000000 ) ) ;
#91 = ORIENTED_EDGE ( 'NONE', *, *, #759, .F. ) ;
#92 = AXIS2_PLACEMENT_3D ( 'NONE', #1297, #1424, #334 ) ;
#93 = EDGE_CURVE ( 'NONE', #540, #1050, #1536, .T. ) ;
#94 = CARTESIAN_POINT ( 'NONE',  ( -19.12923992694476283, 0.8099747430829057349, 18.30540959400241263 ) ) ;
#95 = VERTEX_POINT ( 'NONE', #1852 ) ;
#96 = DIRECTION ( 'NONE',  ( 1.000000000000000000, 0.000000000000000000, 0.000000000000000000 ) ) ;
#97 = CARTESIAN_POINT ( 'NONE',  ( -5.682218950705612670, -8.500000000000106581, 22.00000000000000000 ) ) ;
#98 = CYLINDRICAL_SURFACE ( 'NONE', #1596, 10.00000000000000000 ) ;
#99 = LINE ( 'NONE', #909, #497 ) ;
#100 = CYLINDRICAL_SURFACE ( 'NONE', #458, 1.124999999999997558 ) ;
#101 = LINE ( 'NONE', #1013, #687 ) ;
#102 = ADVANCED_FACE ( 'NONE', ( #1873, #1723 ), #1574, .T. ) ;
#103 = ORIENTED_EDGE ( 'NONE', *, *, #783, .T. ) ;
#104 = ORIENTED_EDGE ( 'NONE', *, *, #1979, .F. ) ;
#105 = CARTESIAN_POINT ( 'NONE',  ( -20.00000000000001066, 20.00000000000000355, 14.00000000000000000 ) ) ;
#106 = DIRECTION ( 'NONE',  ( 0.000000000000000000, 0.000000000000000000, 1.000000000000000000 ) ) ;
#107 = CARTESIAN_POINT ( 'NONE',  ( -4.557218950705613558, 8.499999999999895195, 17.00000000000000000 ) ) ;
#108 = DIRECTION ( 'NONE',  ( 0.000000000000000000, 0.000000000000000000, -1.000000000000000000 ) ) ;
#109 = CIRCLE ( 'NONE', #1594, 9.999999999999998224 ) ;
#110 = CARTESIAN_POINT ( 'NONE',  ( -4.557218950705613558, 8.499999999999895195, 17.00000000000000000 ) ) ;
#111 = ORIENTED_EDGE ( 'NONE', *, *, #236, .T. ) ;
#112 = EDGE_LOOP ( 'NONE', ( #1728, #337, #1973, #1759 ) ) ;
#113 = EDGE_CURVE ( 'NONE', #1983, #127, #121, .T. ) ;
#114 = CARTESIAN_POINT ( 'NONE',  ( 19.01649190448100413, -0.3300887732614968817, 18.26681921082255755 ) ) ;
#115 = VECTOR ( 'NONE', #601, 1000.000000000000000 ) ;
#116 = AXIS2_PLACEMENT_3D ( 'NONE', #544, #53, #67 ) ;
#117 = ORIENTED_EDGE ( 'NONE', *, *, #1446, .T. ) ;
#118 = VECTOR ( 'NONE', #1519, 1000.000000000000000 ) ;
#119 = LINE ( 'NONE', #3, #583 ) ;
#120 = ORIENTED_EDGE ( 'NONE', *, *, #256, .F. ) ;
#121 = CIRCLE ( 'NONE', #400, 1.750000000000001554 ) ;
#122 = DIRECTION ( 'NONE',  ( 0.000000000000000000, 0.000000000000000000, -1.000000000000000000 ) ) ;
#123 = VECTOR ( 'NONE', #736, 1000.000000000000000 ) ;
#124 = ORIENTED_EDGE ( 'NONE', *, *, #1354, .T. ) ;
#125 = DIRECTION ( 'NONE',  ( 0.000000000000000000, 0.000000000000000000, 1.000000000000000000 ) ) ;
#126 = ORIENTED_EDGE ( 'NONE', *, *, #827, .F. ) ;
#127 = VERTEX_POINT ( 'NONE', #152 ) ;
#128 = DIRECTION ( 'NONE',  ( -1.000000000000000000, 0.000000000000000000, 0.000000000000000000 ) ) ;
#129 = ORIENTED_EDGE ( 'NONE', *, *, #243, .F. ) ;
#130 = EDGE_CURVE ( 'NONE', #2021, #1686, #1286, .T. ) ;
#131 = DIRECTION ( 'NONE',  ( -1.000000000000000000, 0.000000000000000000, 0.000000000000000000 ) ) ;
#132 = CYLINDRICAL_SURFACE ( 'NONE', #1499, 2.500000000000002220 ) ;
#133 = LINE ( 'NONE', #2001, #463 ) ;
#134 = CARTESIAN_POINT ( 'NONE',  ( -13.74999999999999822, -15.50000000000000000, 14.00000000000000000 ) ) ;
#135 = ORIENTED_EDGE ( 'NONE', *, *, #268, .F. ) ;
#136 = EDGE_LOOP ( 'NONE', ( #370, #1580 ) ) ;
#137 = CYLINDRICAL_SURFACE ( 'NONE', #1347, 1.750000000000001554 ) ;
#138 = ORIENTED_EDGE ( 'NONE', *, *, #1171, .T. ) ;
#139 = DIRECTION ( 'NONE',  ( 0.000000000000000000, 0.000000000000000000, 1.000000000000000000 ) ) ;
#140 = DIRECTION ( 'NONE',  ( -1.000000000000000000, 0.000000000000000000, 0.000000000000000000 ) ) ;
#141 = EDGE_CURVE ( 'NONE', #1624, #682, #788, .T. ) ;
#142 = DIRECTION ( 'NONE',  ( 0.000000000000000000, 0.000000000000000000, -1.000000000000000000 ) ) ;
#143 = DIRECTION ( 'NONE',  ( -1.000000000000000000, 0.000000000000000000, 0.000000000000000000 ) ) ;
#144 = EDGE_CURVE ( 'NONE', #1050, #540, #455, .T. ) ;
#145 = CARTESIAN_POINT ( 'NONE',  ( -7.057218950705615335, 8.499999999999895195, 17.00000000000000000 ) ) ;
#146 = EDGE_LOOP ( 'NONE', ( #9, #508, #707, #1935 ) ) ;
#147 = VERTEX_POINT ( 'NONE', #802 ) ;
#148 = CARTESIAN_POINT ( 'NONE',  ( 22.30846621444914391, -2.371363538295470086, 18.66537191953240438 ) ) ;
#149 = AXIS2_PLACEMENT_3D ( 'NONE', #761, #1263, #131 ) ;
#150 = CIRCLE ( 'NONE', #1657, 2.500000000000002220 ) ;
#151 = CARTESIAN_POINT ( 'NONE',  ( 15.50000000000000000, 15.50000000000000000, 14.00000000000000000 ) ) ;
#152 = CARTESIAN_POINT ( 'NONE',  ( 17.25000000000000000, 15.50000000000000000, 22.00000000000000000 ) ) ;
#153 = CYLINDRICAL_SURFACE ( 'NONE', #1504, 1.124999999999999334 ) ;
#154 = CARTESIAN_POINT ( 'NONE',  ( 10.44278104929456852, -8.500000000000005329, 17.00000000000000000 ) ) ;
#155 = DIRECTION ( 'NONE',  ( 1.000000000000000000, 0.000000000000000000, 0.000000000000000000 ) ) ;
#156 = EDGE_CURVE ( 'NONE', #1139, #374, #1264, .T. ) ;
#157 = VERTEX_POINT ( 'NONE', #649 ) ;
#158 = ORIENTED_EDGE ( 'NONE', *, *, #1001, .T. ) ;
#159 = CARTESIAN_POINT ( 'NONE',  ( 21.33468724030066710, -2.499961946003901758, 18.71229780138500942 ) ) ;
#160 = CARTESIAN_POINT ( 'NONE',  ( -4.557218950705613558, -8.500000000000106581, 14.00000000000000000 ) ) ;
#161 = DIRECTION ( 'NONE',  ( -0.000000000000000000, -0.000000000000000000, -1.000000000000000000 ) ) ;
#162 = DIRECTION ( 'NONE',  ( -0.000000000000000000, 0.000000000000000000, -1.000000000000000000 ) ) ;
#163 = ORIENTED_EDGE ( 'NONE', *, *, #1965, .T. ) ;
#164 = ORIENTED_EDGE ( 'NONE', *, *, #265, .F. ) ;
#165 = EDGE_CURVE ( 'NONE', #929, #817, #482, .T. ) ;
#166 = DIRECTION ( 'NONE',  ( 1.000000000000000000, 0.000000000000000000, 0.000000000000000000 ) ) ;
#167 = CARTESIAN_POINT ( 'NONE',  ( -2.057218950705610894, 8.499999999999895195, 17.00000000000000000 ) ) ;
#168 = EDGE_CURVE ( 'NONE', #567, #1495, #912, .T. ) ;
#169 = SHAPE_DEFINITION_REPRESENTATION ( #882, #301 ) ;
#170 = CARTESIAN_POINT ( 'NONE',  ( -30.00000000000001066, 30.00000000000000711, 14.00000000000000000 ) ) ;
#171 = DIRECTION ( 'NONE',  ( -0.000000000000000000, -0.000000000000000000, 1.000000000000000000 ) ) ;
#172 = CARTESIAN_POINT ( 'NONE',  ( -19.55721895070561089, -8.500000000000211386, 10.81801948466053709 ) ) ;
#173 = EDGE_LOOP ( 'NONE', ( #1458, #65, #711, #429 ) ) ;
#174 = EDGE_LOOP ( 'NONE', ( #674, #645 ) ) ;
#175 = ORIENTED_EDGE ( 'NONE', *, *, #428, .F. ) ;
#176 = DIRECTION ( 'NONE',  ( 0.000000000000000000, 0.000000000000000000, 1.000000000000000000 ) ) ;
#177 = ORIENTED_EDGE ( 'NONE', *, *, #905, .T. ) ;
#178 = EDGE_CURVE ( 'NONE', #1571, #1746, #1545, .T. ) ;
#179 = FACE_OUTER_BOUND ( 'NONE', #1260, .T. ) ;
#180 = AXIS2_PLACEMENT_3D ( 'NONE', #708, #418, #1353 ) ;
#181 = EDGE_CURVE ( 'NONE', #682, #1624, #1342, .T. ) ;
#182 = AXIS2_PLACEMENT_3D ( 'NONE', #1744, #37, #1319 ) ;
#183 = LINE ( 'NONE', #1287, #1692 ) ;
#184 = DIRECTION ( 'NONE',  ( -1.000000000000000000, 0.000000000000000000, 0.000000000000000000 ) ) ;
#185 = AXIS2_PLACEMENT_3D ( 'NONE', #998, #822, #342 ) ;
#186 = CARTESIAN_POINT ( 'NONE',  ( 10.44278104929438555, 8.499999999999998224, 10.81801948466053709 ) ) ;
#187 = AXIS2_PLACEMENT_3D ( 'NONE', #411, #1655, #250 ) ;
#188 = VERTEX_POINT ( 'NONE', #2000 ) ;
#189 = ORIENTED_EDGE ( 'NONE', *, *, #957, .T. ) ;
#190 = ORIENTED_EDGE ( 'NONE', *, *, #310, .T. ) ;
#191 = AXIS2_PLACEMENT_3D ( 'NONE', #1884, #812, #1256 ) ;
#192 = CARTESIAN_POINT ( 'NONE',  ( -2.057218950705610894, -8.500000000000106581, 17.00000000000000000 ) ) ;
#193 = AXIS2_PLACEMENT_3D ( 'NONE', #5, #142, #322 ) ;
#194 = DIRECTION ( 'NONE',  ( -1.000000000000000000, 0.000000000000000000, 0.000000000000000000 ) ) ;
#195 = EDGE_LOOP ( 'NONE', ( #612, #698, #224, #1616 ) ) ;
#196 = APPLICATION_PROTOCOL_DEFINITION ( 'draft international standard', 'automotive_design', 1998, #1669 ) ;
#197 = DIRECTION ( 'NONE',  ( 1.000000000000000000, 0.000000000000000000, 0.000000000000000000 ) ) ;
#198 = CARTESIAN_POINT ( 'NONE',  ( -19.55721895070561089, 8.499999999999788614, 22.00000000000000000 ) ) ;
#199 = ADVANCED_FACE ( 'NONE', ( #1413 ), #132, .F. ) ;
#200 = ORIENTED_EDGE ( 'NONE', *, *, #1629, .T. ) ;
#201 = DIRECTION ( 'NONE',  ( -0.000000000000000000, -0.000000000000000000, 1.000000000000000000 ) ) ;
#202 = VERTEX_POINT ( 'NONE', #461 ) ;
#203 = ORIENTED_EDGE ( 'NONE', *, *, #1011, .T. ) ;
#204 = CARTESIAN_POINT ( 'NONE',  ( 23.15359946176644712, 1.882023387145229210, 18.51212488759855646 ) ) ;
#205 = EDGE_LOOP ( 'NONE', ( #966, #564, #675, #377 ) ) ;
#206 = DIRECTION ( 'NONE',  ( 0.000000000000000000, 0.000000000000000000, -1.000000000000000000 ) ) ;
#207 = DIRECTION ( 'NONE',  ( -0.000000000000000000, 0.000000000000000000, 1.000000000000000000 ) ) ;
#208 = DIRECTION ( 'NONE',  ( -0.000000000000000000, 0.000000000000000000, -1.000000000000000000 ) ) ;
#209 = CYLINDRICAL_SURFACE ( 'NONE', #655, 7.149999999999997691 ) ;
#210 = EDGE_CURVE ( 'NONE', #1061, #540, #1989, .T. ) ;
#211 = EDGE_CURVE ( 'NONE', #1557, #1118, #857, .T. ) ;
#212 = ORIENTED_EDGE ( 'NONE', *, *, #1765, .F. ) ;
#213 = DIRECTION ( 'NONE',  ( 0.000000000000000000, 0.000000000000000000, -1.000000000000000000 ) ) ;
#214 = DIRECTION ( 'NONE',  ( 1.000000000000000000, 0.000000000000000000, 0.000000000000000000 ) ) ;
#215 = ORIENTED_EDGE ( 'NONE', *, *, #35, .T. ) ;
#216 = DIRECTION ( 'NONE',  ( -1.000000000000000000, 0.000000000000000000, 0.000000000000000000 ) ) ;
#217 = VERTEX_POINT ( 'NONE', #493 ) ;
#218 = CARTESIAN_POINT ( 'NONE',  ( -19.33357905286772294, -1.258167657689128305, 18.37123238520656443 ) ) ;
#219 = AXIS2_PLACEMENT_3D ( 'NONE', #154, #794, #2002 ) ;
#220 = AXIS2_PLACEMENT_3D ( 'NONE', #639, #139, #952 ) ;
#221 = CARTESIAN_POINT ( 'NONE',  ( -7.057218950705615335, -8.500000000000106581, 14.00000000000000000 ) ) ;
#222 = AXIS2_PLACEMENT_3D ( 'NONE', #811, #1401, #792 ) ;
#223 = VECTOR ( 'NONE', #924, 1000.000000000000000 ) ;
#224 = ORIENTED_EDGE ( 'NONE', *, *, #865, .T. ) ;
#225 = CARTESIAN_POINT ( 'NONE',  ( -23.03811467140164382, 1.997196779257216281, 18.54155504180555525 ) ) ;
#226 = ADVANCED_FACE ( 'NONE', ( #471 ), #1836, .F. ) ;
#227 = VERTEX_POINT ( 'NONE', #640 ) ;
#228 = DIRECTION ( 'NONE',  ( 0.000000000000000000, 0.000000000000000000, -1.000000000000000000 ) ) ;
#229 = ORIENTED_EDGE ( 'NONE', *, *, #1618, .F. ) ;
#230 = DIRECTION ( 'NONE',  ( -0.000000000000000000, -0.000000000000000000, -1.000000000000000000 ) ) ;
#231 = CARTESIAN_POINT ( 'NONE',  ( -24.00000000000000000, 2.147658180479529816E-15, 14.00000000000000000 ) ) ;
#232 = CARTESIAN_POINT ( 'NONE',  ( -24.00000000000000711, 0.1666007494352617635, 18.26100590595087780 ) ) ;
#233 = ORIENTED_EDGE ( 'NONE', *, *, #1673, .T. ) ;
#234 = CARTESIAN_POINT ( 'NONE',  ( 13.74999999999999822, 15.50000000000000000, 14.00000000000000000 ) ) ;
#235 = EDGE_CURVE ( 'NONE', #1857, #839, #1849, .T. ) ;
#236 = EDGE_CURVE ( 'NONE', #453, #1438, #1725, .T. ) ;
#237 = CARTESIAN_POINT ( 'NONE',  ( 29.99999999999998934, 30.00000000000000711, 22.00000000000000000 ) ) ;
#238 = LINE ( 'NONE', #873, #1337 ) ;
#239 = ORIENTED_EDGE ( 'NONE', *, *, #713, .F. ) ;
#240 = DIRECTION ( 'NONE',  ( 0.000000000000000000, 0.000000000000000000, 1.000000000000000000 ) ) ;
#241 = DIRECTION ( 'NONE',  ( 0.000000000000000000, 0.000000000000000000, 1.000000000000000000 ) ) ;
#242 = ADVANCED_FACE ( 'NONE', ( #353, #1008 ), #34, .T. ) ;
#243 = EDGE_CURVE ( 'NONE', #1320, #1889, #1187, .T. ) ;
#244 = CARTESIAN_POINT ( 'NONE',  ( 20.00000000000000000, -19.99999999999998579, 22.00000000000000000 ) ) ;
#245 = AXIS2_PLACEMENT_3D ( 'NONE', #110, #775, #1361 ) ;
#246 = CIRCLE ( 'NONE', #1471, 1.124999999999997558 ) ;
#247 = CARTESIAN_POINT ( 'NONE',  ( -22.31118986824327166, 2.370320285391205761, 18.66501102104302490 ) ) ;
#248 = AXIS2_PLACEMENT_3D ( 'NONE', #1390, #1583, #13 ) ;
#249 = ORIENTED_EDGE ( 'NONE', *, *, #437, .F. ) ;
#250 = DIRECTION ( 'NONE',  ( 1.000000000000000000, 0.000000000000000000, 0.000000000000000000 ) ) ;
#251 = AXIS2_PLACEMENT_3D ( 'NONE', #1360, #122, #1554 ) ;
#252 = DIRECTION ( 'NONE',  ( 1.000000000000000000, 0.000000000000000000, 0.000000000000000000 ) ) ;
#253 = AXIS2_PLACEMENT_3D ( 'NONE', #1800, #1196, #407 ) ;
#254 = DIRECTION ( 'NONE',  ( -2.312964634635742957E-16, 1.000000000000000000, -0.000000000000000000 ) ) ;
#255 = CARTESIAN_POINT ( 'NONE',  ( 17.25000000000000000, 15.50000000000000000, 14.00000000000000000 ) ) ;
#256 = EDGE_CURVE ( 'NONE', #359, #1398, #391, .T. ) ;
#257 = LINE ( 'NONE', #1853, #223 ) ;
#258 = DIRECTION ( 'NONE',  ( -0.000000000000000000, -0.000000000000000000, -1.000000000000000000 ) ) ;
#259 = EDGE_LOOP ( 'NONE', ( #1015, #1922 ) ) ;
#260 = ORIENTED_EDGE ( 'NONE', *, *, #1042, .T. ) ;
#261 = CARTESIAN_POINT ( 'NONE',  ( 10.44278104929456852, -8.500000000000005329, 17.00000000000000000 ) ) ;
#262 = CARTESIAN_POINT ( 'NONE',  ( -18.99999999999999645, 2.453819880266368475E-15, 14.00000000000000000 ) ) ;
#263 = VERTEX_POINT ( 'NONE', #1432 ) ;
#264 = DIRECTION ( 'NONE',  ( 1.000000000000000000, 0.000000000000000000, 0.000000000000000000 ) ) ;
#265 = EDGE_CURVE ( 'NONE', #1667, #431, #23, .T. ) ;
#266 = ORIENTED_EDGE ( 'NONE', *, *, #480, .T. ) ;
#267 = DIRECTION ( 'NONE',  ( 0.000000000000000000, 0.000000000000000000, 1.000000000000000000 ) ) ;
#268 = EDGE_CURVE ( 'NONE', #1194, #1889, #183, .T. ) ;
#269 = ORIENTED_EDGE ( 'NONE', *, *, #168, .T. ) ;
#270 = EDGE_LOOP ( 'NONE', ( #203, #664 ) ) ;
#271 = CARTESIAN_POINT ( 'NONE',  ( 20.23844247521660478, 2.182718864712681839, 18.60103532394486692 ) ) ;
#272 = ORIENTED_EDGE ( 'NONE', *, *, #547, .F. ) ;
#273 = CARTESIAN_POINT ( 'NONE',  ( 29.99999999999998934, 30.00000000000000711, 22.00000000000000000 ) ) ;
#274 = VERTEX_POINT ( 'NONE', #1169 ) ;
#275 = DIRECTION ( 'NONE',  ( -1.000000000000000000, 0.000000000000000000, 0.000000000000000000 ) ) ;
#276 = FACE_OUTER_BOUND ( 'NONE', #1150, .T. ) ;
#277 = CIRCLE ( 'NONE', #718, 2.500000000000000000 ) ;
#278 = FACE_OUTER_BOUND ( 'NONE', #476, .T. ) ;
#279 = VECTOR ( 'NONE', #662, 1000.000000000000000 ) ;
#280 = ORIENTED_EDGE ( 'NONE', *, *, #168, .F. ) ;
#281 = ORIENTED_EDGE ( 'NONE', *, *, #1830, .T. ) ;
#282 = ADVANCED_FACE ( 'NONE', ( #825 ), #1444, .F. ) ;
#283 = CARTESIAN_POINT ( 'NONE',  ( 21.83123589577411749, -2.483365282617022718, 18.70603960958627354 ) ) ;
#284 = AXIS2_PLACEMENT_3D ( 'NONE', #1714, #445, #308 ) ;
#285 = AXIS2_PLACEMENT_3D ( 'NONE', #735, #87, #1195 ) ;
#286 = DIRECTION ( 'NONE',  ( 2.312964634635743450E-16, -1.000000000000000000, 0.000000000000000000 ) ) ;
#287 = DIRECTION ( 'NONE',  ( 0.000000000000000000, 1.000000000000000000, 0.000000000000000000 ) ) ;
#288 = CARTESIAN_POINT ( 'NONE',  ( 7.942781049294565854, -8.500000000000005329, 17.00000000000000000 ) ) ;
#289 =( NAMED_UNIT ( * ) SI_UNIT ( $, .STERADIAN. ) SOLID_ANGLE_UNIT ( ) );
#290 = LINE ( 'NONE', #1822, #1434 ) ;
#291 = EDGE_LOOP ( 'NONE', ( #2005, #936, #798, #129 ) ) ;
#292 = EDGE_LOOP ( 'NONE', ( #1717, #1901, #1185, #1619, #511, #1441, #1761, #815 ) ) ;
#293 = CARTESIAN_POINT ( 'NONE',  ( 23.91864967584251289, -0.6538146882034781004, 18.28910773459799799 ) ) ;
#294 = ADVANCED_FACE ( 'NONE', ( #1592 ), #668, .F. ) ;
#295 = EDGE_CURVE ( 'NONE', #1084, #217, #85, .T. ) ;
#296 = CARTESIAN_POINT ( 'NONE',  ( 9.317781049294742601, -8.500000000000005329, 17.00000000000000000 ) ) ;
#297 = CARTESIAN_POINT ( 'NONE',  ( -4.557218950705613558, -8.500000000000106581, 22.00000000000000000 ) ) ;
#298 = LINE ( 'NONE', #933, #1888 ) ;
#299 = CIRCLE ( 'NONE', #373, 1.750000000000001554 ) ;
#300 = DIRECTION ( 'NONE',  ( -0.000000000000000000, -0.000000000000000000, -1.000000000000000000 ) ) ;
#301 = ADVANCED_BREP_SHAPE_REPRESENTATION ( 'Backup of Component3(Mirror) cf rod 1', ( #1610, #723 ), #1850 ) ;
#302 = FACE_BOUND ( 'NONE', #69, .T. ) ;
#303 = EDGE_LOOP ( 'NONE', ( #709, #1448 ) ) ;
#304 = ORIENTED_EDGE ( 'NONE', *, *, #577, .T. ) ;
#305 = CARTESIAN_POINT ( 'NONE',  ( 19.08083899617216161, 0.6515499137625673232, 18.28893269141075706 ) ) ;
#306 = ORIENTED_EDGE ( 'NONE', *, *, #1543, .F. ) ;
#307 = DIRECTION ( 'NONE',  ( 1.000000000000000000, 0.000000000000000000, 0.000000000000000000 ) ) ;
#308 = DIRECTION ( 'NONE',  ( -1.000000000000000000, 0.000000000000000000, 0.000000000000000000 ) ) ;
#309 = CARTESIAN_POINT ( 'NONE',  ( -4.557218950705613558, -8.500000000000106581, 10.81801948466053709 ) ) ;
#310 = EDGE_CURVE ( 'NONE', #1060, #441, #1144, .T. ) ;
#311 = DIRECTION ( 'NONE',  ( -0.000000000000000000, -0.000000000000000000, -1.000000000000000000 ) ) ;
#312 = VECTOR ( 'NONE', #50, 1000.000000000000000 ) ;
#313 = FACE_BOUND ( 'NONE', #685, .T. ) ;
#314 = ORIENTED_EDGE ( 'NONE', *, *, #1838, .F. ) ;
#315 = VERTEX_POINT ( 'NONE', #844 ) ;
#316 = FACE_OUTER_BOUND ( 'NONE', #173, .T. ) ;
#317 = CIRCLE ( 'NONE', #2010, 9.999999999999998224 ) ;
#318 = CIRCLE ( 'NONE', #1472, 2.500000000000002220 ) ;
#319 = VECTOR ( 'NONE', #1271, 1000.000000000000000 ) ;
#320 = CARTESIAN_POINT ( 'NONE',  ( -3.432218950705614002, 8.499999999999895195, 10.81801948466053709 ) ) ;
#321 = DIRECTION ( 'NONE',  ( 0.000000000000000000, 0.000000000000000000, -1.000000000000000000 ) ) ;
#322 = DIRECTION ( 'NONE',  ( -1.000000000000000000, 0.000000000000000000, 0.000000000000000000 ) ) ;
#323 = AXIS2_PLACEMENT_3D ( 'NONE', #863, #870, #421 ) ;
#324 = CYLINDRICAL_SURFACE ( 'NONE', #2008, 10.00000000000000178 ) ;
#325 = EDGE_CURVE ( 'NONE', #1538, #1746, #1757, .T. ) ;
#326 = AXIS2_PLACEMENT_3D ( 'NONE', #650, #14, #2014 ) ;
#327 = EDGE_CURVE ( 'NONE', #188, #1548, #475, .T. ) ;
#328 = ORIENTED_EDGE ( 'NONE', *, *, #1379, .F. ) ;
#329 = ORIENTED_EDGE ( 'NONE', *, *, #396, .F. ) ;
#330 = CARTESIAN_POINT ( 'NONE',  ( -18.99999999999999645, 2.453819880266368475E-15, 22.00000000000000000 ) ) ;
#331 = CIRCLE ( 'NONE', #92, 1.750000000000001554 ) ;
#332 = CARTESIAN_POINT ( 'NONE',  ( -3.494769659541620390E-15, -21.50000000000000000, 22.00000000000000000 ) ) ;
#333 = DIRECTION ( 'NONE',  ( -1.000000000000000000, 0.000000000000000000, 0.000000000000000000 ) ) ;
#334 = DIRECTION ( 'NONE',  ( 1.000000000000000000, 0.000000000000000000, 0.000000000000000000 ) ) ;
#335 = DIRECTION ( 'NONE',  ( -0.000000000000000000, -0.000000000000000000, -1.000000000000000000 ) ) ;
#336 = EDGE_LOOP ( 'NONE', ( #281, #477, #382, #328 ) ) ;
#337 = ORIENTED_EDGE ( 'NONE', *, *, #1086, .T. ) ;
#338 = VERTEX_POINT ( 'NONE', #1906 ) ;
#339 = FACE_OUTER_BOUND ( 'NONE', #574, .T. ) ;
#340 = ORIENTED_EDGE ( 'NONE', *, *, #919, .T. ) ;
#341 = EDGE_CURVE ( 'NONE', #217, #1084, #556, .T. ) ;
#342 = DIRECTION ( 'NONE',  ( -1.000000000000000000, 0.000000000000000000, 0.000000000000000000 ) ) ;
#343 = DIRECTION ( 'NONE',  ( 1.000000000000000000, 2.312964634635742957E-16, 0.000000000000000000 ) ) ;
#344 = LINE ( 'NONE', #659, #2022 ) ;
#345 = DIRECTION ( 'NONE',  ( 0.000000000000000000, 0.000000000000000000, -1.000000000000000000 ) ) ;
#346 = ORIENTED_EDGE ( 'NONE', *, *, #413, .F. ) ;
#347 = ORIENTED_EDGE ( 'NONE', *, *, #1828, .F. ) ;
#348 = FACE_OUTER_BOUND ( 'NONE', #1985, .T. ) ;
#349 = CARTESIAN_POINT ( 'NONE',  ( -20.00000000000001066, 30.00000000000000711, 22.00000000000000000 ) ) ;
#350 = ADVANCED_FACE ( 'NONE', ( #1442 ), #1133, .F. ) ;
#351 = AXIS2_PLACEMENT_3D ( 'NONE', #683, #1164, #1771 ) ;
#352 = AXIS2_PLACEMENT_3D ( 'NONE', #378, #26, #1595 ) ;
#353 = FACE_BOUND ( 'NONE', #16, .T. ) ;
#354 = DIRECTION ( 'NONE',  ( 0.000000000000000000, -1.000000000000000000, 0.000000000000000000 ) ) ;
#355 = ORIENTED_EDGE ( 'NONE', *, *, #113, .T. ) ;
#356 = AXIS2_PLACEMENT_3D ( 'NONE', #940, #1077, #287 ) ;
#357 = FACE_BOUND ( 'NONE', #1482, .T. ) ;
#358 = CIRCLE ( 'NONE', #628, 10.00000000000000000 ) ;
#359 = VERTEX_POINT ( 'NONE', #167 ) ;
#360 = EDGE_LOOP ( 'NONE', ( #91, #1301, #550, #1292 ) ) ;
#361 = DIRECTION ( 'NONE',  ( -1.000000000000000000, 0.000000000000000000, 0.000000000000000000 ) ) ;
#362 = ORIENTED_EDGE ( 'NONE', *, *, #1502, .F. ) ;
#363 = CARTESIAN_POINT ( 'NONE',  ( 10.44278104929438555, 8.499999999999998224, 17.00000000000000000 ) ) ;
#364 = VECTOR ( 'NONE', #963, 1000.000000000000000 ) ;
#365 = CARTESIAN_POINT ( 'NONE',  ( -4.557218950705613558, 8.499999999999895195, 17.00000000000000000 ) ) ;
#366 = LINE ( 'NONE', #45, #758 ) ;
#367 = ORIENTED_EDGE ( 'NONE', *, *, #1914, .F. ) ;
#368 = ADVANCED_FACE ( 'NONE', ( #179 ), #833, .F. ) ;
#369 = FACE_BOUND ( 'NONE', #394, .T. ) ;
#370 = ORIENTED_EDGE ( 'NONE', *, *, #60, .F. ) ;
#371 = CARTESIAN_POINT ( 'NONE',  ( -18.43221895070561445, -8.500000000000211386, 22.00000000000000000 ) ) ;
#372 = CARTESIAN_POINT ( 'NONE',  ( 21.83039586055337722, 2.483499349346732110, 18.70608908580657825 ) ) ;
#373 = AXIS2_PLACEMENT_3D ( 'NONE', #1588, #176, #214 ) ;
#374 = VERTEX_POINT ( 'NONE', #801 ) ;
#375 = CYLINDRICAL_SURFACE ( 'NONE', #1475, 2.500000000000000000 ) ;
#376 = DIRECTION ( 'NONE',  ( 1.000000000000000000, 0.000000000000000000, 0.000000000000000000 ) ) ;
#377 = ORIENTED_EDGE ( 'NONE', *, *, #607, .F. ) ;
#378 = CARTESIAN_POINT ( 'NONE',  ( -4.557218950705613558, -8.500000000000106581, 17.00000000000000000 ) ) ;
#379 = ADVANCED_FACE ( 'NONE', ( #534 ), #1602, .F. ) ;
#380 = ORIENTED_EDGE ( 'NONE', *, *, #1272, .T. ) ;
#381 = DIRECTION ( 'NONE',  ( -0.000000000000000000, -0.000000000000000000, -1.000000000000000000 ) ) ;
#382 = ORIENTED_EDGE ( 'NONE', *, *, #1011, .F. ) ;
#383 = DIRECTION ( 'NONE',  ( 1.000000000000000000, 1.040834085586084257E-15, 0.000000000000000000 ) ) ;
#384 = VECTOR ( 'NONE', #1120, 1000.000000000000000 ) ;
#385 = CARTESIAN_POINT ( 'NONE',  ( -30.00000000000001066, 30.00000000000000711, 22.00000000000000000 ) ) ;
#386 = AXIS2_PLACEMENT_3D ( 'NONE', #925, #2019, #1697 ) ;
#387 = ORIENTED_EDGE ( 'NONE', *, *, #1034, .T. ) ;
#388 = AXIS2_PLACEMENT_3D ( 'NONE', #1044, #1946, #1035 ) ;
#389 = DIRECTION ( 'NONE',  ( -1.000000000000000000, 0.000000000000000000, 0.000000000000000000 ) ) ;
#390 = VECTOR ( 'NONE', #2012, 1000.000000000000000 ) ;
#391 = CIRCLE ( 'NONE', #1436, 2.500000000000002220 ) ;
#392 = ADVANCED_FACE ( 'NONE', ( #1285 ), #970, .F. ) ;
#393 = CIRCLE ( 'NONE', #1440, 2.500000000000002220 ) ;
#394 = EDGE_LOOP ( 'NONE', ( #346, #1904 ) ) ;
#395 = DIRECTION ( 'NONE',  ( -1.000000000000000000, 0.000000000000000000, 0.000000000000000000 ) ) ;
#396 = EDGE_CURVE ( 'NONE', #1790, #157, #150, .T. ) ;
#397 = CIRCLE ( 'NONE', #1443, 1.124999999999997558 ) ;
#398 = ORIENTED_EDGE ( 'NONE', *, *, #1190, .T. ) ;
#399 = FACE_BOUND ( 'NONE', #39, .T. ) ;
#400 = AXIS2_PLACEMENT_3D ( 'NONE', #1243, #1563, #1732 ) ;
#401 = CIRCLE ( 'NONE', #1895, 2.500000000000002220 ) ;
#402 = DIRECTION ( 'NONE',  ( 0.000000000000000000, 0.000000000000000000, -1.000000000000000000 ) ) ;
#403 = CARTESIAN_POINT ( 'NONE',  ( -19.01633226847447844, 0.3297258583158130807, 18.26676536903972092 ) ) ;
#404 = ORIENTED_EDGE ( 'NONE', *, *, #1300, .T. ) ;
#405 = FACE_BOUND ( 'NONE', #1003, .T. ) ;
#406 = ADVANCED_FACE ( 'NONE', ( #647 ), #656, .T. ) ;
#407 = DIRECTION ( 'NONE',  ( 1.000000000000000000, 0.000000000000000000, 0.000000000000000000 ) ) ;
#408 = CARTESIAN_POINT ( 'NONE',  ( -13.74999999999999822, -15.50000000000000000, 22.00000000000000000 ) ) ;
#409 = CARTESIAN_POINT ( 'NONE',  ( -30.00000000000001066, -29.99999999999999289, 22.00000000000000000 ) ) ;
#410 = ORIENTED_EDGE ( 'NONE', *, *, #413, .T. ) ;
#411 = CARTESIAN_POINT ( 'NONE',  ( 19.99999999999999289, 20.00000000000000355, 22.00000000000000000 ) ) ;
#412 = CARTESIAN_POINT ( 'NONE',  ( 10.44278104929438555, 8.499999999999998224, 22.00000000000000000 ) ) ;
#413 = EDGE_CURVE ( 'NONE', #29, #542, #1081, .T. ) ;
#414 = CARTESIAN_POINT ( 'NONE',  ( -3.494769659541620390E-15, -21.50000000000000000, 22.00000000000000000 ) ) ;
#415 = LINE ( 'NONE', #516, #1639 ) ;
#416 = AXIS2_PLACEMENT_3D ( 'NONE', #1481, #732, #1955 ) ;
#417 =( GEOMETRIC_REPRESENTATION_CONTEXT ( 3 ) GLOBAL_UNCERTAINTY_ASSIGNED_CONTEXT ( ( #1844 ) ) GLOBAL_UNIT_ASSIGNED_CONTEXT ( ( #1277, #1067, #289 ) ) REPRESENTATION_CONTEXT ( 'NONE', 'WORKASPACE' ) );
#418 = DIRECTION ( 'NONE',  ( -0.000000000000000000, 0.000000000000000000, 1.000000000000000000 ) ) ;
#419 = VECTOR ( 'NONE', #1421, 1000.000000000000000 ) ;
#420 = ORIENTED_EDGE ( 'NONE', *, *, #1379, .T. ) ;
#421 = DIRECTION ( 'NONE',  ( 0.000000000000000000, -0.000000000000000000, -1.000000000000000000 ) ) ;
#422 = CIRCLE ( 'NONE', #1570, 1.750000000000001554 ) ;
#423 = DIRECTION ( 'NONE',  ( -0.000000000000000000, 0.000000000000000000, 1.000000000000000000 ) ) ;
#424 = EDGE_CURVE ( 'NONE', #338, #1779, #1166, .T. ) ;
#425 = CYLINDRICAL_SURFACE ( 'NONE', #83, 2.500000000000002220 ) ;
#426 = ORIENTED_EDGE ( 'NONE', *, *, #1248, .F. ) ;
#427 = CARTESIAN_POINT ( 'NONE',  ( -20.68221895070561089, 8.499999999999788614, 22.00000000000000000 ) ) ;
#428 = EDGE_CURVE ( 'NONE', #315, #1154, #693, .T. ) ;
#429 = ORIENTED_EDGE ( 'NONE', *, *, #1910, .F. ) ;
#430 = DIRECTION ( 'NONE',  ( -0.000000000000000000, -0.000000000000000000, -1.000000000000000000 ) ) ;
#431 = VERTEX_POINT ( 'NONE', #1740 ) ;
#432 = EDGE_LOOP ( 'NONE', ( #513, #841, #135, #27, #1877, #1229 ) ) ;
#433 = DIRECTION ( 'NONE',  ( -0.000000000000000000, -0.000000000000000000, -1.000000000000000000 ) ) ;
#434 = DIRECTION ( 'NONE',  ( -0.000000000000000000, -0.000000000000000000, -1.000000000000000000 ) ) ;
#435 = EDGE_LOOP ( 'NONE', ( #126, #1385 ) ) ;
#436 = DIRECTION ( 'NONE',  ( 0.000000000000000000, -0.000000000000000000, 1.000000000000000000 ) ) ;
#437 = EDGE_CURVE ( 'NONE', #359, #1478, #666, .T. ) ;
#438 = EDGE_LOOP ( 'NONE', ( #1932, #457, #63, #404 ) ) ;
#439 = CARTESIAN_POINT ( 'NONE',  ( 7.942781049294383777, 8.499999999999998224, 14.00000000000000000 ) ) ;
#440 = EDGE_LOOP ( 'NONE', ( #1868, #598, #997, #229 ) ) ;
#441 = VERTEX_POINT ( 'NONE', #349 ) ;
#442 = UNCERTAINTY_MEASURE_WITH_UNIT (LENGTH_MEASURE( 1.000000000000000082E-05 ), #843, 'distance_accuracy_value', 'NONE');
#443 = CARTESIAN_POINT ( 'NONE',  ( 23.98369042272677021, -0.3295781925720411842, 18.26675749029433860 ) ) ;
#444 = DIRECTION ( 'NONE',  ( -1.000000000000000000, 0.000000000000000000, 0.000000000000000000 ) ) ;
#445 = DIRECTION ( 'NONE',  ( -0.000000000000000000, -0.000000000000000000, -1.000000000000000000 ) ) ;
#446 = DIRECTION ( 'NONE',  ( 0.000000000000000000, 1.000000000000000000, 0.000000000000000000 ) ) ;
#447 = FILL_AREA_STYLE ('',( #1532 ) ) ;
#448 = AXIS2_PLACEMENT_3D ( 'NONE', #1059, #1095, #1405 ) ;
#449 = DIRECTION ( 'NONE',  ( 1.000000000000000000, 2.312964634635742957E-16, -0.000000000000000000 ) ) ;
#450 = ADVANCED_FACE ( 'NONE', ( #1880 ), #375, .F. ) ;
#451 = AXIS2_PLACEMENT_3D ( 'NONE', #867, #1205, #872 ) ;
#452 = ORIENTED_EDGE ( 'NONE', *, *, #268, .T. ) ;
#453 = VERTEX_POINT ( 'NONE', #1122 ) ;
#454 = CARTESIAN_POINT ( 'NONE',  ( 19.51281078777943279, -1.525592338711134310, 18.42430555897595923 ) ) ;
#455 = CIRCLE ( 'NONE', #248, 1.124999999999999334 ) ;
#456 = EDGE_CURVE ( 'NONE', #431, #697, #318, .T. ) ;
#457 = ORIENTED_EDGE ( 'NONE', *, *, #1070, .T. ) ;
#458 = AXIS2_PLACEMENT_3D ( 'NONE', #773, #1045, #739 ) ;
#459 = CARTESIAN_POINT ( 'NONE',  ( -30.00000000000001066, -29.99999999999999289, 14.00000000000000000 ) ) ;
#460 = CIRCLE ( 'NONE', #1929, 1.124999999999997558 ) ;
#461 = CARTESIAN_POINT ( 'NONE',  ( -30.00000000000001066, 20.00000000000000355, 14.00000000000000000 ) ) ;
#462 = CARTESIAN_POINT ( 'NONE',  ( 15.50000000000000000, -15.50000000000000000, 22.00000000000000000 ) ) ;
#463 = VECTOR ( 'NONE', #604, 1000.000000000000000 ) ;
#464 = DIRECTION ( 'NONE',  ( -1.000000000000000000, 0.000000000000000000, 0.000000000000000000 ) ) ;
#465 = DIRECTION ( 'NONE',  ( 1.000000000000000000, 0.000000000000000000, 0.000000000000000000 ) ) ;
#466 = ORIENTED_EDGE ( 'NONE', *, *, #60, .T. ) ;
#467 = ORIENTED_EDGE ( 'NONE', *, *, #1272, .F. ) ;
#468 = CARTESIAN_POINT ( 'NONE',  ( 19.00000000000000000, 0.1666007494352547136, 18.26100590595087425 ) ) ;
#469 = EDGE_CURVE ( 'NONE', #816, #1084, #504, .T. ) ;
#470 = CARTESIAN_POINT ( 'NONE',  ( -30.00000000000001066, 6.283911099750548956, 22.00000000000000000 ) ) ;
#471 = FACE_OUTER_BOUND ( 'NONE', #1666, .T. ) ;
#472 = FACE_OUTER_BOUND ( 'NONE', #777, .T. ) ;
#473 = FACE_OUTER_BOUND ( 'NONE', #195, .T. ) ;
#474 = DIRECTION ( 'NONE',  ( 0.000000000000000000, -1.000000000000000000, 0.000000000000000000 ) ) ;
#475 = B_SPLINE_CURVE_WITH_KNOTS ( 'NONE', 3,
 ( #1937, #834, #1178, #1625, #1453, #44, #218, #526, #678, #1305, #1017, #1917, #1781, #1159, #1462, #1766, #1930, #999, #690, #1317, #856, #866, #712, #1945, #1332, #1485, #75, #1461, #522, #514, #1916, #1430 ),
 .UNSPECIFIED., .F., .F.,
 ( 4, 2, 2, 2, 2, 2, 2, 2, 2, 2, 2, 2, 2, 2, 2, 4 ),
 ( 0.007878904163586960760, 0.008371217157073113438, 0.008863530150559266116, 0.009355843144045417059, 0.009848156137531569737, 0.01083278212450386468, 0.01132509511799000695, 0.01181740811147614922, 0.01230972110496229149, 0.01280203409844843376, 0.01329434709193457603, 0.01378666008542071830, 0.01427897307890686057, 0.01477128607239300284, 0.01526359906587914511, 0.01575591205936528738 ),
 .UNSPECIFIED. ) ;
#476 = EDGE_LOOP ( 'NONE', ( #947, #1411, #1097, #1006 ) ) ;
#477 = ORIENTED_EDGE ( 'NONE', *, *, #1100, .T. ) ;
#478 = CARTESIAN_POINT ( 'NONE',  ( 19.08069938570902835, -0.6509651268946473612, 18.28888497629455046 ) ) ;
#479 = ORIENTED_EDGE ( 'NONE', *, *, #1211, .F. ) ;
#480 = EDGE_CURVE ( 'NONE', #1686, #2021, #1284, .T. ) ;
#481 = DIRECTION ( 'NONE',  ( -1.000000000000000000, 0.000000000000000000, 0.000000000000000000 ) ) ;
#482 = LINE ( 'NONE', #170, #722 ) ;
#483 = DIRECTION ( 'NONE',  ( 1.000000000000000000, 0.000000000000000000, 0.000000000000000000 ) ) ;
#484 = CARTESIAN_POINT ( 'NONE',  ( 11.56778104929438555, 8.499999999999998224, 17.00000000000000000 ) ) ;
#485 = ORIENTED_EDGE ( 'NONE', *, *, #827, .T. ) ;
#486 = ORIENTED_EDGE ( 'NONE', *, *, #621, .F. ) ;
#487 = VECTOR ( 'NONE', #1322, 1000.000000000000000 ) ;
#488 = CARTESIAN_POINT ( 'NONE',  ( 21.17104518085643861, 2.483741596335642843, 18.70617823606806951 ) ) ;
#489 = DIRECTION ( 'NONE',  ( -1.000000000000000000, 0.000000000000000000, 0.000000000000000000 ) ) ;
#490 = AXIS2_PLACEMENT_3D ( 'NONE', #1101, #1562, #444 ) ;
#491 = AXIS2_PLACEMENT_3D ( 'NONE', #704, #987, #197 ) ;
#492 = CIRCLE ( 'NONE', #752, 2.500000000000000000 ) ;
#493 = CARTESIAN_POINT ( 'NONE',  ( -3.432218950705614002, 8.499999999999895195, 22.00000000000000000 ) ) ;
#494 = ADVANCED_FACE ( 'NONE', ( #717, #886, #551, #1339, #1356, #405, #399 ), #1186, .T. ) ;
#495 = FACE_OUTER_BOUND ( 'NONE', #360, .T. ) ;
#496 = CARTESIAN_POINT ( 'NONE',  ( -17.05721895070561089, 8.499999999999788614, 14.00000000000000000 ) ) ;
#497 = VECTOR ( 'NONE', #889, 1000.000000000000000 ) ;
#498 = ADVANCED_FACE ( 'NONE', ( #1958 ), #1176, .F. ) ;
#499 = EDGE_LOOP ( 'NONE', ( #466, #700, #51, #1823 ) ) ;
#500 = ORIENTED_EDGE ( 'NONE', *, *, #774, .F. ) ;
#501 = EDGE_LOOP ( 'NONE', ( #1802, #533, #1675, #1177 ) ) ;
#502 = CARTESIAN_POINT ( 'NONE',  ( 23.38330670898850272, 1.652137721134291581, 18.45349109924376307 ) ) ;
#503 = AXIS2_PLACEMENT_3D ( 'NONE', #1593, #161, #1445 ) ;
#504 = LINE ( 'NONE', #1304, #1977 ) ;
#505 = CARTESIAN_POINT ( 'NONE',  ( -4.557218950705613558, 8.499999999999895195, 22.00000000000000000 ) ) ;
#506 = DIRECTION ( 'NONE',  ( 1.000000000000000000, 0.000000000000000000, 0.000000000000000000 ) ) ;
#507 = DIRECTION ( 'NONE',  ( 0.000000000000000000, 1.000000000000000000, 0.000000000000000000 ) ) ;
#508 = ORIENTED_EDGE ( 'NONE', *, *, #1042, .F. ) ;
#509 = EDGE_CURVE ( 'NONE', #147, #644, #422, .T. ) ;
#510 = ORIENTED_EDGE ( 'NONE', *, *, #66, .T. ) ;
#511 = ORIENTED_EDGE ( 'NONE', *, *, #2003, .F. ) ;
#512 = DIRECTION ( 'NONE',  ( 0.000000000000000000, 0.000000000000000000, -1.000000000000000000 ) ) ;
#513 = ORIENTED_EDGE ( 'NONE', *, *, #837, .F. ) ;
#514 = CARTESIAN_POINT ( 'NONE',  ( -23.98350809551899943, -0.3300887732614906644, 18.26681921082256110 ) ) ;
#515 = DIRECTION ( 'NONE',  ( -1.000000000000000000, 0.000000000000000000, 0.000000000000000000 ) ) ;
#516 = CARTESIAN_POINT ( 'NONE',  ( 12.94278104929438911, 8.499999999999998224, 17.00000000000000000 ) ) ;
#517 = DIRECTION ( 'NONE',  ( 1.000000000000000000, 0.000000000000000000, 0.000000000000000000 ) ) ;
#518 = ORIENTED_EDGE ( 'NONE', *, *, #428, .T. ) ;
#519 = ORIENTED_EDGE ( 'NONE', *, *, #295, .T. ) ;
#520 = CARTESIAN_POINT ( 'NONE',  ( -13.74999999999999822, 15.50000000000000000, 14.00000000000000000 ) ) ;
#521 = ORIENTED_EDGE ( 'NONE', *, *, #1456, .T. ) ;
#522 = CARTESIAN_POINT ( 'NONE',  ( -23.91930061429097520, -0.6509651268946408109, 18.28888497629454335 ) ) ;
#523 = VERTEX_POINT ( 'NONE', #1635 ) ;
#524 = ADVANCED_FACE ( 'NONE', ( #1051 ), #1780, .F. ) ;
#525 = CIRCLE ( 'NONE', #1341, 2.500000000000002220 ) ;
#526 = CARTESIAN_POINT ( 'NONE',  ( -19.51452954895763625, -1.527832668542623784, 18.42479631739990253 ) ) ;
#527 = DIRECTION ( 'NONE',  ( -1.000000000000000000, 0.000000000000000000, 0.000000000000000000 ) ) ;
#528 = FACE_OUTER_BOUND ( 'NONE', #501, .T. ) ;
#529 = AXIS2_PLACEMENT_3D ( 'NONE', #1490, #240, #875 ) ;
#530 = EDGE_LOOP ( 'NONE', ( #730, #8, #1626, #1388 ) ) ;
#531 = DIRECTION ( 'NONE',  ( 0.000000000000000000, 0.000000000000000000, 1.000000000000000000 ) ) ;
#532 = CARTESIAN_POINT ( 'NONE',  ( 22.61308849221105888, 2.244594991863441358, 18.62213452559766935 ) ) ;
#533 = ORIENTED_EDGE ( 'NONE', *, *, #1056, .T. ) ;
#534 = FACE_OUTER_BOUND ( 'NONE', #1089, .T. ) ;
#535 = ADVANCED_FACE ( 'NONE', ( #701 ), #1027, .F. ) ;
#536 = DIRECTION ( 'NONE',  ( 0.000000000000000000, 1.000000000000000000, 0.000000000000000000 ) ) ;
#537 = VERTEX_POINT ( 'NONE', #568 ) ;
#538 = CARTESIAN_POINT ( 'NONE',  ( -24.00000000000000000, 2.147658180479529816E-15, 22.00000000000000000 ) ) ;
#539 = ORIENTED_EDGE ( 'NONE', *, *, #986, .F. ) ;
#540 = VERTEX_POINT ( 'NONE', #710 ) ;
#541 = CARTESIAN_POINT ( 'NONE',  ( -20.69126851009283996, 2.371313148072968779, 18.66535136022638497 ) ) ;
#542 = VERTEX_POINT ( 'NONE', #1951 ) ;
#543 = DIRECTION ( 'NONE',  ( 0.000000000000000000, -0.000000000000000000, -1.000000000000000000 ) ) ;
#544 = CARTESIAN_POINT ( 'NONE',  ( -19.55721895070561089, 8.499999999999788614, 17.00000000000000000 ) ) ;
#545 = EDGE_CURVE ( 'NONE', #817, #441, #1507, .T. ) ;
#546 = FACE_BOUND ( 'NONE', #1609, .T. ) ;
#547 = EDGE_CURVE ( 'NONE', #1128, #852, #1217, .T. ) ;
#548 = DIRECTION ( 'NONE',  ( 0.000000000000000000, 0.000000000000000000, -1.000000000000000000 ) ) ;
#549 = CARTESIAN_POINT ( 'NONE',  ( -21.16960413944661923, 2.483499349346738327, 18.70608908580658181 ) ) ;
#550 = ORIENTED_EDGE ( 'NONE', *, *, #210, .T. ) ;
#551 = FACE_BOUND ( 'NONE', #805, .T. ) ;
#552 = AXIS2_PLACEMENT_3D ( 'NONE', #1439, #996, #166 ) ;
#553 = AXIS2_PLACEMENT_3D ( 'NONE', #851, #807, #1748 ) ;
#554 = CIRCLE ( 'NONE', #821, 1.124999999999997558 ) ;
#555 = DIRECTION ( 'NONE',  ( -1.000000000000000000, 0.000000000000000000, 0.000000000000000000 ) ) ;
#556 = CIRCLE ( 'NONE', #1527, 1.124999999999999334 ) ;
#557 = VECTOR ( 'NONE', #1936, 1000.000000000000000 ) ;
#558 = EDGE_CURVE ( 'NONE', #537, #1139, #1500, .T. ) ;
#559 = CARTESIAN_POINT ( 'NONE',  ( -19.97363570408282740, 1.986581984482298058, 18.54187996372507641 ) ) ;
#560 = VERTEX_POINT ( 'NONE', #1964 ) ;
#561 = CARTESIAN_POINT ( 'NONE',  ( -19.55721895070561089, 8.499999999999788614, 17.00000000000000000 ) ) ;
#562 = DIRECTION ( 'NONE',  ( 1.000000000000000000, 0.000000000000000000, 0.000000000000000000 ) ) ;
#563 = DIRECTION ( 'NONE',  ( -1.000000000000000000, 0.000000000000000000, 0.000000000000000000 ) ) ;
#564 = ORIENTED_EDGE ( 'NONE', *, *, #545, .F. ) ;
#565 = CARTESIAN_POINT ( 'NONE',  ( 15.50000000000000000, -15.50000000000000000, 22.00000000000000000 ) ) ;
#566 = ADVANCED_FACE ( 'NONE', ( #1202, #575 ), #1496, .T. ) ;
#567 = VERTEX_POINT ( 'NONE', #1805 ) ;
#568 = CARTESIAN_POINT ( 'NONE',  ( -20.00000000000001066, -29.99999999999999289, 14.00000000000000000 ) ) ;
#569 = CIRCLE ( 'NONE', #920, 2.500000000000002220 ) ;
#570 = LINE ( 'NONE', #1204, #1794 ) ;
#571 = DIRECTION ( 'NONE',  ( 0.000000000000000000, -0.000000000000000000, -1.000000000000000000 ) ) ;
#572 = DIRECTION ( 'NONE',  ( -0.000000000000000000, -0.000000000000000000, -1.000000000000000000 ) ) ;
#573 = LINE ( 'NONE', #715, #1184 ) ;
#574 = EDGE_LOOP ( 'NONE', ( #1521, #1867, #1308, #1736 ) ) ;
#575 = FACE_OUTER_BOUND ( 'NONE', #1238, .T. ) ;
#576 = FACE_OUTER_BOUND ( 'NONE', #1572, .T. ) ;
#577 = EDGE_CURVE ( 'NONE', #1478, #741, #393, .T. ) ;
#578 = AXIS2_PLACEMENT_3D ( 'NONE', #1246, #1415, #1855 ) ;
#579 = CARTESIAN_POINT ( 'NONE',  ( 2.500000000000000888, 21.50000000000000000, 14.00000000000000000 ) ) ;
#580 = FACE_OUTER_BOUND ( 'NONE', #1036, .T. ) ;
#581 = LINE ( 'NONE', #1837, #586 ) ;
#582 = VECTOR ( 'NONE', #300, 1000.000000000000000 ) ;
#583 = VECTOR ( 'NONE', #1703, 1000.000000000000000 ) ;
#584 = AXIS2_PLACEMENT_3D ( 'NONE', #1774, #1296, #515 ) ;
#585 = FACE_BOUND ( 'NONE', #820, .T. ) ;
#586 = VECTOR ( 'NONE', #1809, 1000.000000000000000 ) ;
#587 = EDGE_LOOP ( 'NONE', ( #1642, #1941, #1824, #1038 ) ) ;
#588 = VERTEX_POINT ( 'NONE', #234 ) ;
#589 = CIRCLE ( 'NONE', #1158, 1.750000000000001554 ) ;
#590 = CARTESIAN_POINT ( 'NONE',  ( 11.56778104929439444, -8.500000000000005329, 22.00000000000000000 ) ) ;
#591 = VECTOR ( 'NONE', #1022, 1000.000000000000000 ) ;
#592 = EDGE_CURVE ( 'NONE', #767, #338, #1854, .T. ) ;
#593 = AXIS2_PLACEMENT_3D ( 'NONE', #24, #1125, #483 ) ;
#594 = LINE ( 'NONE', #320, #1367 ) ;
#595 = ORIENTED_EDGE ( 'NONE', *, *, #456, .F. ) ;
#596 = PLANE ( 'NONE',  #1925 ) ;
#597 = CARTESIAN_POINT ( 'NONE',  ( 10.44278104929456852, -8.500000000000005329, 14.00000000000000000 ) ) ;
#598 = ORIENTED_EDGE ( 'NONE', *, *, #156, .F. ) ;
#599 = EDGE_LOOP ( 'NONE', ( #355, #1996, #716, #1515 ) ) ;
#600 = CARTESIAN_POINT ( 'NONE',  ( 29.99999999999999289, 20.00000000000000711, 14.00000000000000000 ) ) ;
#601 = DIRECTION ( 'NONE',  ( -0.000000000000000000, -0.000000000000000000, -1.000000000000000000 ) ) ;
#602 = DIRECTION ( 'NONE',  ( -0.000000000000000000, -0.000000000000000000, 1.000000000000000000 ) ) ;
#603 = EDGE_CURVE ( 'NONE', #1620, #1060, #1083, .T. ) ;
#604 = DIRECTION ( 'NONE',  ( -0.000000000000000000, -0.000000000000000000, 1.000000000000000000 ) ) ;
#605 = DIRECTION ( 'NONE',  ( -0.000000000000000000, -0.000000000000000000, 1.000000000000000000 ) ) ;
#606 = EDGE_LOOP ( 'NONE', ( #1375, #1986 ) ) ;
#607 = EDGE_CURVE ( 'NONE', #1194, #202, #898, .T. ) ;
#608 = DIRECTION ( 'NONE',  ( -0.000000000000000000, -0.000000000000000000, -1.000000000000000000 ) ) ;
#609 = ORIENTED_EDGE ( 'NONE', *, *, #986, .T. ) ;
#610 = VERTEX_POINT ( 'NONE', #427 ) ;
#611 = CARTESIAN_POINT ( 'NONE',  ( 19.61768965856229130, -1.653229133286461705, 18.45375666401210424 ) ) ;
#612 = ORIENTED_EDGE ( 'NONE', *, *, #424, .F. ) ;
#613 = ORIENTED_EDGE ( 'NONE', *, *, #1939, .T. ) ;
#614 = DIRECTION ( 'NONE',  ( 0.000000000000000000, 0.000000000000000000, -1.000000000000000000 ) ) ;
#615 = DIRECTION ( 'NONE',  ( -1.000000000000000000, 0.000000000000000000, 0.000000000000000000 ) ) ;
#616 = DIRECTION ( 'NONE',  ( 0.000000000000000000, 0.000000000000000000, 1.000000000000000000 ) ) ;
#617 = B_SPLINE_CURVE_WITH_KNOTS ( 'NONE', 3,
 ( #1861, #468, #1098, #305, #938, #646, #1559, #1270, #1879, #1677, #271, #904, #1524, #488, #654, #1893, #372, #1293, #1152, #532, #665, #1283, #204, #502, #1132, #819, #1905, #1738, #1005, #1924, #1579, #1311 ),
 .UNSPECIFIED., .F., .F.,
 ( 4, 2, 2, 2, 2, 2, 2, 2, 2, 2, 2, 2, 2, 2, 2, 4 ),
 ( 0.000000000000000000, 0.0004924315102241868906, 0.0009848630204483737813, 0.001477294530672560889, 0.001969726040896747563, 0.002954589061345114405, 0.003447020571569298693, 0.003939452081793482982, 0.004431883592017666837, 0.004924315102241851559, 0.005416746612466035414, 0.005909178122690219269, 0.006401609632914405726, 0.006894041143138590448, 0.007386472653362776038, 0.007878904163586960760 ),
 .UNSPECIFIED. ) ;
#618 = FACE_OUTER_BOUND ( 'NONE', #440, .T. ) ;
#619 = CIRCLE ( 'NONE', #1754, 2.500000000000002220 ) ;
#620 = CARTESIAN_POINT ( 'NONE',  ( -2.057218950705610894, 8.499999999999895195, 14.00000000000000000 ) ) ;
#621 = EDGE_CURVE ( 'NONE', #644, #147, #1019, .T. ) ;
#622 = CIRCLE ( 'NONE', #1043, 1.750000000000001554 ) ;
#623 = ORIENTED_EDGE ( 'NONE', *, *, #1765, .T. ) ;
#624 = ORIENTED_EDGE ( 'NONE', *, *, #930, .F. ) ;
#625 = CARTESIAN_POINT ( 'NONE',  ( 23.48547045104236375, -1.527832668542630667, 18.42479631739990609 ) ) ;
#626 = VECTOR ( 'NONE', #1752, 1000.000000000000000 ) ;
#627 = AXIS2_PLACEMENT_3D ( 'NONE', #1016, #543, #383 ) ;
#628 = AXIS2_PLACEMENT_3D ( 'NONE', #1012, #1630, #1223 ) ;
#629 = DIRECTION ( 'NONE',  ( -1.000000000000000000, -2.312964634635743450E-16, 0.000000000000000000 ) ) ;
#630 = AXIS2_PLACEMENT_3D ( 'NONE', #105, #1052, #679 ) ;
#631 = DIRECTION ( 'NONE',  ( -1.000000000000000000, 0.000000000000000000, 0.000000000000000000 ) ) ;
#632 = DIRECTION ( 'NONE',  ( 1.000000000000000000, 0.000000000000000000, 0.000000000000000000 ) ) ;
#633 = CARTESIAN_POINT ( 'NONE',  ( 13.74999999999999822, -15.50000000000000000, 14.00000000000000000 ) ) ;
#634 = FACE_OUTER_BOUND ( 'NONE', #292, .T. ) ;
#635 = ORIENTED_EDGE ( 'NONE', *, *, #971, .F. ) ;
#636 = ORIENTED_EDGE ( 'NONE', *, *, #1727, .T. ) ;
#637 = ADVANCED_FACE ( 'NONE', ( #1511 ), #100, .F. ) ;
#638 = CARTESIAN_POINT ( 'NONE',  ( -30.00000000000001066, -19.99999999999998934, 14.00000000000000000 ) ) ;
#639 = CARTESIAN_POINT ( 'NONE',  ( 8.005467014174450598E-16, 21.50000000000000000, 14.00000000000000000 ) ) ;
#640 = CARTESIAN_POINT ( 'NONE',  ( -2.500000000000003553, -21.50000000000000000, 14.00000000000000000 ) ) ;
#641 = CARTESIAN_POINT ( 'NONE',  ( -15.50000000000000000, -15.50000000000000000, 22.00000000000000000 ) ) ;
#642 = CARTESIAN_POINT ( 'NONE',  ( -20.00000000000001066, -19.99999999999998934, 22.00000000000000000 ) ) ;
#643 = FACE_OUTER_BOUND ( 'NONE', #78, .T. ) ;
#644 = VERTEX_POINT ( 'NONE', #1216 ) ;
#645 = ORIENTED_EDGE ( 'NONE', *, *, #144, .F. ) ;
#646 = CARTESIAN_POINT ( 'NONE',  ( 19.25560449616603975, 1.113328027084833138, 18.34656955925927946 ) ) ;
#647 = FACE_OUTER_BOUND ( 'NONE', #1891, .T. ) ;
#648 = EDGE_CURVE ( 'NONE', #1061, #959, #1531, .T. ) ;
#649 = CARTESIAN_POINT ( 'NONE',  ( 7.942781049294383777, 8.499999999999998224, 17.00000000000000000 ) ) ;
#650 = CARTESIAN_POINT ( 'NONE',  ( -4.557218950705613558, 8.499999999999895195, 17.00000000000000000 ) ) ;
#651 = ORIENTED_EDGE ( 'NONE', *, *, #47, .T. ) ;
#652 = ORIENTED_EDGE ( 'NONE', *, *, #509, .F. ) ;
#653 = CIRCLE ( 'NONE', #578, 1.124999999999999334 ) ;
#654 = CARTESIAN_POINT ( 'NONE',  ( 21.33415346685207581, 2.499914400145718751, 18.71228005693848573 ) ) ;
#655 = AXIS2_PLACEMENT_3D ( 'NONE', #1172, #828, #507 ) ;
#656 = CYLINDRICAL_SURFACE ( 'NONE', #185, 10.00000000000000000 ) ;
#657 = AXIS2_PLACEMENT_3D ( 'NONE', #1773, #1313, #52 ) ;
#658 = CARTESIAN_POINT ( 'NONE',  ( 12.94278104929457029, -8.500000000000005329, 17.00000000000000000 ) ) ;
#659 = CARTESIAN_POINT ( 'NONE',  ( -22.05721895070561445, -8.500000000000211386, 17.00000000000000000 ) ) ;
#660 = CIRCLE ( 'NONE', #1793, 1.750000000000001554 ) ;
#661 = EDGE_CURVE ( 'NONE', #1449, #274, #1792, .T. ) ;
#662 = DIRECTION ( 'NONE',  ( -0.000000000000000000, 0.000000000000000000, -1.000000000000000000 ) ) ;
#663 = ORIENTED_EDGE ( 'NONE', *, *, #327, .F. ) ;
#664 = ORIENTED_EDGE ( 'NONE', *, *, #38, .T. ) ;
#665 = CARTESIAN_POINT ( 'NONE',  ( 22.75693826819343357, 2.167118394290264760, 18.59668297139912241 ) ) ;
#666 = LINE ( 'NONE', #686, #419 ) ;
#667 = ORIENTED_EDGE ( 'NONE', *, *, #1086, .F. ) ;
#668 = CYLINDRICAL_SURFACE ( 'NONE', #584, 2.500000000000002220 ) ;
#669 = DIRECTION ( 'NONE',  ( -0.000000000000000000, 0.000000000000000000, 1.000000000000000000 ) ) ;
#670 = CARTESIAN_POINT ( 'NONE',  ( -22.05721895070561445, -8.500000000000211386, 14.00000000000000000 ) ) ;
#671 = EDGE_CURVE ( 'NONE', #1302, #453, #1392, .T. ) ;
#672 = EDGE_LOOP ( 'NONE', ( #1998, #595 ) ) ;
#673 = EDGE_CURVE ( 'NONE', #816, #742, #1406, .T. ) ;
#674 = ORIENTED_EDGE ( 'NONE', *, *, #93, .F. ) ;
#675 = ORIENTED_EDGE ( 'NONE', *, *, #981, .F. ) ;
#676 = CYLINDRICAL_SURFACE ( 'NONE', #552, 1.124999999999999334 ) ;
#677 = CARTESIAN_POINT ( 'NONE',  ( -4.557218950705613558, -8.500000000000106581, 17.00000000000000000 ) ) ;
#678 = CARTESIAN_POINT ( 'NONE',  ( -19.61734171526418180, -1.652959530684039668, 18.45367723201124477 ) ) ;
#679 = DIRECTION ( 'NONE',  ( 1.000000000000000000, 0.000000000000000000, 0.000000000000000000 ) ) ;
#680 = FACE_BOUND ( 'NONE', #435, .T. ) ;
#681 = EDGE_LOOP ( 'NONE', ( #362, #926, #651, #30, #387, #623 ) ) ;
#682 = VERTEX_POINT ( 'NONE', #1829 ) ;
#683 = CARTESIAN_POINT ( 'NONE',  ( -19.55721895070561089, 8.499999999999788614, 10.81801948466053709 ) ) ;
#684 = ADVANCED_FACE ( 'NONE', ( #1234 ), #596, .F. ) ;
#685 = EDGE_LOOP ( 'NONE', ( #1281, #111 ) ) ;
#686 = CARTESIAN_POINT ( 'NONE',  ( -2.057218950705610894, 8.499999999999895195, 17.00000000000000000 ) ) ;
#687 = VECTOR ( 'NONE', #474, 1000.000000000000000 ) ;
#688 = VECTOR ( 'NONE', #879, 1000.000000000000000 ) ;
#689 = DIRECTION ( 'NONE',  ( 0.000000000000000000, 0.000000000000000000, 1.000000000000000000 ) ) ;
#690 = CARTESIAN_POINT ( 'NONE',  ( -22.31099218481883995, -2.370414233563705952, 18.66504240594274222 ) ) ;
#691 = CARTESIAN_POINT ( 'NONE',  ( 19.99999999999999289, 30.00000000000000711, 22.00000000000000000 ) ) ;
#692 = ORIENTED_EDGE ( 'NONE', *, *, #113, .F. ) ;
#693 = CIRCLE ( 'NONE', #1314, 2.500000000000002220 ) ;
#694 = CARTESIAN_POINT ( 'NONE',  ( -20.68221895070561089, 8.499999999999788614, 10.81801948466053709 ) ) ;
#695 = AXIS2_PLACEMENT_3D ( 'NONE', #1791, #1643, #1474 ) ;
#696 = CLOSED_SHELL ( 'NONE', ( #1127, #1581, #800, #1542, #1928, #524, #379, #350, #450, #1262, #1142, #1523, #282, #1900, #1684, #1470, #1603, #637, #535, #1775, #1902, #848, #1663, #1236, #1025, #1181, #1747, #494, #1484, #1956, #498, #968, #684, #1947, #1366, #1167, #1407, #294, #368, #392, #1567, #406, #2020, #1590, #1797, #1689, #901, #566, #199, #82, #226, #242, #1841, #1871, #1129, #102, #1785, #1513 ) ) ;
#697 = VERTEX_POINT ( 'NONE', #1705 ) ;
#698 = ORIENTED_EDGE ( 'NONE', *, *, #1419, .T. ) ;
#699 = CARTESIAN_POINT ( 'NONE',  ( 9.317781049294742601, -8.500000000000005329, 10.81801948466053709 ) ) ;
#700 = ORIENTED_EDGE ( 'NONE', *, *, #1275, .T. ) ;
#701 = FACE_OUTER_BOUND ( 'NONE', #530, .T. ) ;
#702 = EDGE_CURVE ( 'NONE', #73, #588, #589, .T. ) ;
#703 = VERTEX_POINT ( 'NONE', #288 ) ;
#704 = CARTESIAN_POINT ( 'NONE',  ( 10.44278104929438555, 8.499999999999998224, 22.00000000000000000 ) ) ;
#705 = EDGE_CURVE ( 'NONE', #523, #1685, #1121, .T. ) ;
#706 = FACE_BOUND ( 'NONE', #1269, .T. ) ;
#707 = ORIENTED_EDGE ( 'NONE', *, *, #891, .T. ) ;
#708 = CARTESIAN_POINT ( 'NONE',  ( 10.44278104929456852, -8.500000000000005329, 22.00000000000000000 ) ) ;
#709 = ORIENTED_EDGE ( 'NONE', *, *, #1914, .T. ) ;
#710 = CARTESIAN_POINT ( 'NONE',  ( -3.432218950705614002, -8.500000000000106581, 22.00000000000000000 ) ) ;
#711 = ORIENTED_EDGE ( 'NONE', *, *, #957, .F. ) ;
#712 = CARTESIAN_POINT ( 'NONE',  ( -23.15313763340421005, -1.882390701648597009, 18.51223146204044312 ) ) ;
#713 = EDGE_CURVE ( 'NONE', #157, #1790, #1047, .T. ) ;
#714 = PLANE ( 'NONE',  #1153 ) ;
#715 = CARTESIAN_POINT ( 'NONE',  ( -30.00000000000002487, 6.283911099750548956, 22.00000000000000000 ) ) ;
#716 = ORIENTED_EDGE ( 'NONE', *, *, #1978, .F. ) ;
#717 = FACE_BOUND ( 'NONE', #1777, .T. ) ;
#718 = AXIS2_PLACEMENT_3D ( 'NONE', #1547, #267, #465 ) ;
#719 = CIRCLE ( 'NONE', #878, 1.124999999999825695 ) ;
#720 = FACE_OUTER_BOUND ( 'NONE', #990, .T. ) ;
#721 = EDGE_CURVE ( 'NONE', #315, #1686, #581, .T. ) ;
#722 = VECTOR ( 'NONE', #1423, 1000.000000000000000 ) ;
#723 = AXIS2_PLACEMENT_3D ( 'NONE', #1751, #689, #1591 ) ;
#724 = LINE ( 'NONE', #409, #978 ) ;
#725 = VECTOR ( 'NONE', #895, 1000.000000000000000 ) ;
#726 = EDGE_LOOP ( 'NONE', ( #692, #1698 ) ) ;
#727 = DIRECTION ( 'NONE',  ( 0.000000000000000000, 0.000000000000000000, -1.000000000000000000 ) ) ;
#728 = DIRECTION ( 'NONE',  ( 1.000000000000000000, 0.000000000000000000, 0.000000000000000000 ) ) ;
#729 = LINE ( 'NONE', #1358, #688 ) ;
#730 = ORIENTED_EDGE ( 'NONE', *, *, #648, .T. ) ;
#731 = CARTESIAN_POINT ( 'NONE',  ( -2.499999999999999112, 21.50000000000000000, 22.00000000000000000 ) ) ;
#732 = DIRECTION ( 'NONE',  ( 0.000000000000000000, 0.000000000000000000, 1.000000000000000000 ) ) ;
#733 = EDGE_CURVE ( 'NONE', #958, #1438, #257, .T. ) ;
#734 = ORIENTED_EDGE ( 'NONE', *, *, #865, .F. ) ;
#735 = CARTESIAN_POINT ( 'NONE',  ( -4.557218950705613558, -8.500000000000106581, 14.00000000000000000 ) ) ;
#736 = DIRECTION ( 'NONE',  ( -0.000000000000000000, -0.000000000000000000, 1.000000000000000000 ) ) ;
#737 = DIRECTION ( 'NONE',  ( 0.000000000000000000, 0.000000000000000000, -1.000000000000000000 ) ) ;
#738 = CARTESIAN_POINT ( 'NONE',  ( -19.55721895070561089, 8.499999999999788614, 14.00000000000000000 ) ) ;
#739 = DIRECTION ( 'NONE',  ( 1.000000000000000000, 0.000000000000000000, 0.000000000000000000 ) ) ;
#740 = CARTESIAN_POINT ( 'NONE',  ( -23.74439550383396380, 1.113328027084840466, 18.34656955925928656 ) ) ;
#741 = VERTEX_POINT ( 'NONE', #1546 ) ;
#742 = VERTEX_POINT ( 'NONE', #1672 ) ;
#743 = EDGE_CURVE ( 'NONE', #1779, #1107, #492, .T. ) ;
#744 = FACE_OUTER_BOUND ( 'NONE', #432, .T. ) ;
#745 = CARTESIAN_POINT ( 'NONE',  ( -15.50000000000000000, -15.50000000000000000, 14.00000000000000000 ) ) ;
#746 = DIRECTION ( 'NONE',  ( 0.000000000000000000, 0.000000000000000000, -1.000000000000000000 ) ) ;
#747 = DIRECTION ( 'NONE',  ( 0.000000000000000000, 0.000000000000000000, 1.000000000000000000 ) ) ;
#748 = VECTOR ( 'NONE', #335, 1000.000000000000000 ) ;
#749 = ORIENTED_EDGE ( 'NONE', *, *, #705, .F. ) ;
#750 = AXIS2_PLACEMENT_3D ( 'NONE', #1826, #1872, #481 ) ;
#751 = FACE_BOUND ( 'NONE', #303, .T. ) ;
#752 = AXIS2_PLACEMENT_3D ( 'NONE', #910, #1093, #1530 ) ;
#753 = ORIENTED_EDGE ( 'NONE', *, *, #1885, .F. ) ;
#754 = ORIENTED_EDGE ( 'NONE', *, *, #1939, .F. ) ;
#755 = CARTESIAN_POINT ( 'NONE',  ( -20.68221895070561089, 8.499999999999788614, 17.00000000000000000 ) ) ;
#756 = AXIS2_PLACEMENT_3D ( 'NONE', #738, #1529, #59 ) ;
#757 = EDGE_CURVE ( 'NONE', #1250, #1208, #298, .T. ) ;
#758 = VECTOR ( 'NONE', #1952, 1000.000000000000000 ) ;
#759 = EDGE_CURVE ( 'NONE', #959, #1050, #133, .T. ) ;
#760 = AXIS2_PLACEMENT_3D ( 'NONE', #641, #1414, #506 ) ;
#761 = CARTESIAN_POINT ( 'NONE',  ( -15.50000000000000000, -15.50000000000000000, 22.00000000000000000 ) ) ;
#762 = CARTESIAN_POINT ( 'NONE',  ( -15.50000000000000000, 15.50000000000000000, 14.00000000000000000 ) ) ;
#763 = DIRECTION ( 'NONE',  ( -0.000000000000000000, -0.000000000000000000, -1.000000000000000000 ) ) ;
#764 = CARTESIAN_POINT ( 'NONE',  ( -20.00000000000001066, -29.99999999999999289, 22.00000000000000000 ) ) ;
#765 = EDGE_LOOP ( 'NONE', ( #138, #49 ) ) ;
#766 = DIRECTION ( 'NONE',  ( 1.000000000000000000, 0.000000000000000000, 0.000000000000000000 ) ) ;
#767 = VERTEX_POINT ( 'NONE', #731 ) ;
#768 = EDGE_LOOP ( 'NONE', ( #1473, #1323, #212, #1030, #1386, #1894 ) ) ;
#769 = CYLINDRICAL_SURFACE ( 'NONE', #795, 2.500000000000002220 ) ;
#770 = ORIENTED_EDGE ( 'NONE', *, *, #1885, .T. ) ;
#771 = FACE_OUTER_BOUND ( 'NONE', #1943, .T. ) ;
#772 = CARTESIAN_POINT ( 'NONE',  ( 11.56778104929438555, 8.499999999999998224, 10.81801948466053709 ) ) ;
#773 = CARTESIAN_POINT ( 'NONE',  ( -19.55721895070561089, -8.500000000000211386, 10.81801948466053709 ) ) ;
#774 = EDGE_CURVE ( 'NONE', #523, #29, #1352, .T. ) ;
#775 = DIRECTION ( 'NONE',  ( 0.000000000000000000, 0.000000000000000000, -1.000000000000000000 ) ) ;
#776 = ORIENTED_EDGE ( 'NONE', *, *, #713, .T. ) ;
#777 = EDGE_LOOP ( 'NONE', ( #426, #1709, #983, #1466 ) ) ;
#778 = CARTESIAN_POINT ( 'NONE',  ( 23.74501849356628469, -1.112033521137480108, 18.34637024610216471 ) ) ;
#779 = CYLINDRICAL_SURFACE ( 'NONE', #490, 1.750000000000001554 ) ;
#780 = DIRECTION ( 'NONE',  ( 0.000000000000000000, -0.000000000000000000, 1.000000000000000000 ) ) ;
#781 = LINE ( 'NONE', #36, #364 ) ;
#782 = DIRECTION ( 'NONE',  ( -1.000000000000000000, 0.000000000000000000, 0.000000000000000000 ) ) ;
#783 = EDGE_CURVE ( 'NONE', #1790, #567, #415, .T. ) ;
#784 = DIRECTION ( 'NONE',  ( 0.000000000000000000, 0.000000000000000000, 1.000000000000000000 ) ) ;
#785 = ORIENTED_EDGE ( 'NONE', *, *, #592, .T. ) ;
#786 = EDGE_LOOP ( 'NONE', ( #1228, #899, #885, #808 ) ) ;
#787 = DIRECTION ( 'NONE',  ( -0.000000000000000000, -0.000000000000000000, -1.000000000000000000 ) ) ;
#788 = CIRCLE ( 'NONE', #1018, 2.500000000000002220 ) ;
#789 = VECTOR ( 'NONE', #572, 1000.000000000000000 ) ;
#790 = CYLINDRICAL_SURFACE ( 'NONE', #750, 10.00000000000000178 ) ;
#791 = CIRCLE ( 'NONE', #1049, 9.999999999999998224 ) ;
#792 = DIRECTION ( 'NONE',  ( -1.000000000000000000, 0.000000000000000000, 0.000000000000000000 ) ) ;
#793 = CARTESIAN_POINT ( 'NONE',  ( -2.499999999999999112, 21.50000000000000000, 22.00000000000000000 ) ) ;
#794 = DIRECTION ( 'NONE',  ( 0.000000000000000000, 0.000000000000000000, -1.000000000000000000 ) ) ;
#795 = AXIS2_PLACEMENT_3D ( 'NONE', #1987, #787, #1108 ) ;
#796 = DIRECTION ( 'NONE',  ( 0.000000000000000000, 0.000000000000000000, -1.000000000000000000 ) ) ;
#797 = ORIENTED_EDGE ( 'NONE', *, *, #1965, .F. ) ;
#798 = ORIENTED_EDGE ( 'NONE', *, *, #1315, .T. ) ;
#799 = CARTESIAN_POINT ( 'NONE',  ( 20.24312474128905848, -2.167246317276103618, 18.59671299076634554 ) ) ;
#800 = ADVANCED_FACE ( 'NONE', ( #472 ), #1874, .F. ) ;
#801 = CARTESIAN_POINT ( 'NONE',  ( -30.00000000000001066, -19.99999999999998934, 22.00000000000000000 ) ) ;
#802 = CARTESIAN_POINT ( 'NONE',  ( 17.25000000000000000, -15.50000000000000000, 22.00000000000000000 ) ) ;
#803 = CARTESIAN_POINT ( 'NONE',  ( -17.25000000000000000, -15.50000000000000000, 22.00000000000000000 ) ) ;
#804 = DIRECTION ( 'NONE',  ( 1.000000000000000000, 0.000000000000000000, 0.000000000000000000 ) ) ;
#805 = EDGE_LOOP ( 'NONE', ( #624, #539 ) ) ;
#806 = ORIENTED_EDGE ( 'NONE', *, *, #1456, .F. ) ;
#807 = DIRECTION ( 'NONE',  ( 0.000000000000000000, 0.000000000000000000, -1.000000000000000000 ) ) ;
#808 = ORIENTED_EDGE ( 'NONE', *, *, #236, .F. ) ;
#809 = DIRECTION ( 'NONE',  ( 1.000000000000000000, 0.000000000000000000, 0.000000000000000000 ) ) ;
#810 = EDGE_CURVE ( 'NONE', #852, #1578, #1743, .T. ) ;
#811 = CARTESIAN_POINT ( 'NONE',  ( 10.44278104929438555, 8.499999999999998224, 14.00000000000000000 ) ) ;
#812 = DIRECTION ( 'NONE',  ( 0.000000000000000000, 0.000000000000000000, 1.000000000000000000 ) ) ;
#813 = DIRECTION ( 'NONE',  ( -0.000000000000000000, -0.000000000000000000, 1.000000000000000000 ) ) ;
#814 = ORIENTED_EDGE ( 'NONE', *, *, #1807, .T. ) ;
#815 = ORIENTED_EDGE ( 'NONE', *, *, #981, .T. ) ;
#816 = VERTEX_POINT ( 'NONE', #1564 ) ;
#817 = VERTEX_POINT ( 'NONE', #1433 ) ;
#818 = CIRCLE ( 'NONE', #180, 1.124999999999825695 ) ;
#819 = CARTESIAN_POINT ( 'NONE',  ( 23.66703609184218848, 1.257137227315044514, 18.37104390199885628 ) ) ;
#820 = EDGE_LOOP ( 'NONE', ( #189, #215 ) ) ;
#821 = AXIS2_PLACEMENT_3D ( 'NONE', #1638, #1660, #1967 ) ;
#822 = DIRECTION ( 'NONE',  ( 0.000000000000000000, 0.000000000000000000, -1.000000000000000000 ) ) ;
#823 = AXIS2_PLACEMENT_3D ( 'NONE', #1134, #1604, #1477 ) ;
#824 = EDGE_CURVE ( 'NONE', #441, #1194, #830, .T. ) ;
#825 = FACE_OUTER_BOUND ( 'NONE', #1074, .T. ) ;
#826 = CARTESIAN_POINT ( 'NONE',  ( 20.00000000000000000, -29.99999999999999289, 22.00000000000000000 ) ) ;
#827 = EDGE_CURVE ( 'NONE', #862, #849, #1541, .T. ) ;
#828 = DIRECTION ( 'NONE',  ( 1.000000000000000000, 2.312964634635742957E-16, -0.000000000000000000 ) ) ;
#829 = ORIENTED_EDGE ( 'NONE', *, *, #2, .F. ) ;
#830 = CIRCLE ( 'NONE', #593, 10.00000000000000000 ) ;
#831 = EDGE_LOOP ( 'NONE', ( #663, #398, #1963, #918 ) ) ;
#832 = DIRECTION ( 'NONE',  ( -0.000000000000000000, -0.000000000000000000, -1.000000000000000000 ) ) ;
#833 = CYLINDRICAL_SURFACE ( 'NONE', #657, 2.500000000000000000 ) ;
#834 = CARTESIAN_POINT ( 'NONE',  ( -19.00000000000000000, -0.1640618714867026484, 18.26100590595088136 ) ) ;
#835 = LINE ( 'NONE', #691, #1023 ) ;
#836 = FACE_BOUND ( 'NONE', #869, .T. ) ;
#837 = EDGE_CURVE ( 'NONE', #1320, #374, #941, .T. ) ;
#838 = EDGE_LOOP ( 'NONE', ( #806, #1321 ) ) ;
#839 = VERTEX_POINT ( 'NONE', #1103 ) ;
#840 = DIRECTION ( 'NONE',  ( -0.000000000000000000, -0.000000000000000000, -1.000000000000000000 ) ) ;
#841 = ORIENTED_EDGE ( 'NONE', *, *, #243, .T. ) ;
#842 = DIRECTION ( 'NONE',  ( 0.000000000000000000, 0.000000000000000000, -1.000000000000000000 ) ) ;
#843 =( LENGTH_UNIT ( ) NAMED_UNIT ( * ) SI_UNIT ( .MILLI., .METRE. ) );
#844 = CARTESIAN_POINT ( 'NONE',  ( -7.057218950705615335, -8.500000000000106581, 17.00000000000000000 ) ) ;
#845 = DIRECTION ( 'NONE',  ( -0.000000000000000000, 0.000000000000000000, 1.000000000000000000 ) ) ;
#846 = VERTEX_POINT ( 'NONE', #826 ) ;
#847 = DIRECTION ( 'NONE',  ( -1.000000000000000000, 0.000000000000000000, 0.000000000000000000 ) ) ;
#848 = ADVANCED_FACE ( 'NONE', ( #495 ), #153, .F. ) ;
#849 = VERTEX_POINT ( 'NONE', #1733 ) ;
#850 = LINE ( 'NONE', #1518, #591 ) ;
#851 = CARTESIAN_POINT ( 'NONE',  ( -19.55721895070561089, -8.500000000000211386, 17.00000000000000000 ) ) ;
#852 = VERTEX_POINT ( 'NONE', #988 ) ;
#853 = CARTESIAN_POINT ( 'NONE',  ( -20.00000000000001066, 30.00000000000000711, 22.00000000000000000 ) ) ;
#854 = AXIS2_PLACEMENT_3D ( 'NONE', #745, #1351, #1818 ) ;
#855 = CIRCLE ( 'NONE', #220, 2.500000000000000000 ) ;
#856 = CARTESIAN_POINT ( 'NONE',  ( -22.75687525871093442, -2.167246317276097400, 18.59671299076632778 ) ) ;
#857 = CIRCLE ( 'NONE', #1633, 2.500000000000002220 ) ;
#858 = AXIS2_PLACEMENT_3D ( 'NONE', #1331, #1349, #216 ) ;
#859 = DIRECTION ( 'NONE',  ( -0.000000000000000000, -0.000000000000000000, 1.000000000000000000 ) ) ;
#860 = CARTESIAN_POINT ( 'NONE',  ( 10.44278104929456852, -8.500000000000005329, 17.00000000000000000 ) ) ;
#861 = CARTESIAN_POINT ( 'NONE',  ( -21.82895481914356139, 2.483741596335649504, 18.70617823606809083 ) ) ;
#862 = VERTEX_POINT ( 'NONE', #803 ) ;
#863 = CARTESIAN_POINT ( 'NONE',  ( -30.00000000000001066, 30.00000000000000711, 22.00000000000000000 ) ) ;
#864 = AXIS2_PLACEMENT_3D ( 'NONE', #949, #1230, #128 ) ;
#865 = EDGE_CURVE ( 'NONE', #767, #1107, #1135, .T. ) ;
#866 = CARTESIAN_POINT ( 'NONE',  ( -23.02824320105205658, -1.985236694740617036, 18.54148046385980564 ) ) ;
#867 = CARTESIAN_POINT ( 'NONE',  ( 10.44278104929456852, -8.500000000000005329, 10.81801948466053709 ) ) ;
#868 = CARTESIAN_POINT ( 'NONE',  ( -20.24306173180655932, 2.167118394290271866, 18.59668297139912596 ) ) ;
#869 = EDGE_LOOP ( 'NONE', ( #1843, #1890 ) ) ;
#870 = DIRECTION ( 'NONE',  ( 0.000000000000000000, -1.000000000000000000, 0.000000000000000000 ) ) ;
#871 = EDGE_CURVE ( 'NONE', #2023, #1622, #1090, .T. ) ;
#872 = DIRECTION ( 'NONE',  ( 1.000000000000000000, 0.000000000000000000, 0.000000000000000000 ) ) ;
#873 = CARTESIAN_POINT ( 'NONE',  ( 30.00000000000000000, -19.99999999999998224, 22.00000000000000000 ) ) ;
#874 = EDGE_LOOP ( 'NONE', ( #1833, #380, #1363, #1068 ) ) ;
#875 = DIRECTION ( 'NONE',  ( 1.000000000000000000, 0.000000000000000000, 0.000000000000000000 ) ) ;
#876 = DIRECTION ( 'NONE',  ( -1.000000000000000000, 0.000000000000000000, 0.000000000000000000 ) ) ;
#877 = CIRCLE ( 'NONE', #1075, 1.124999999999997558 ) ;
#878 = AXIS2_PLACEMENT_3D ( 'NONE', #1782, #1189, #1214 ) ;
#879 = DIRECTION ( 'NONE',  ( -2.312964634635742957E-16, 1.000000000000000000, -0.000000000000000000 ) ) ;
#880 = ORIENTED_EDGE ( 'NONE', *, *, #1673, .F. ) ;
#881 = AXIS2_PLACEMENT_3D ( 'NONE', #1982, #1969, #275 ) ;
#882 = PRODUCT_DEFINITION_SHAPE ( 'NONE', 'NONE',  #1066 ) ;
#883 = CARTESIAN_POINT ( 'NONE',  ( -30.00000000000002487, -6.283911099750562279, 22.00000000000000000 ) ) ;
#884 = CIRCLE ( 'NONE', #2017, 1.124999999999825695 ) ;
#885 = ORIENTED_EDGE ( 'NONE', *, *, #733, .T. ) ;
#886 = FACE_BOUND ( 'NONE', #1291, .T. ) ;
#887 = LINE ( 'NONE', #1508, #123 ) ;
#888 = DIRECTION ( 'NONE',  ( -1.000000000000000000, 0.000000000000000000, 0.000000000000000000 ) ) ;
#889 = DIRECTION ( 'NONE',  ( -0.000000000000000000, -0.000000000000000000, -1.000000000000000000 ) ) ;
#890 = CARTESIAN_POINT ( 'NONE',  ( -30.00000000000001066, 20.00000000000000355, 22.00000000000000000 ) ) ;
#891 = EDGE_CURVE ( 'NONE', #263, #1624, #344, .T. ) ;
#892 = DIRECTION ( 'NONE',  ( -1.000000000000000000, 0.000000000000000000, 0.000000000000000000 ) ) ;
#893 = ORIENTED_EDGE ( 'NONE', *, *, #1860, .T. ) ;
#894 = VERTEX_POINT ( 'NONE', #954 ) ;
#895 = DIRECTION ( 'NONE',  ( -0.000000000000000000, -0.000000000000000000, -1.000000000000000000 ) ) ;
#896 = CARTESIAN_POINT ( 'NONE',  ( -4.557218950705613558, 8.499999999999895195, 14.00000000000000000 ) ) ;
#897 = CARTESIAN_POINT ( 'NONE',  ( -21.50000000000000000, 2.147658180479529816E-15, 14.00000000000000000 ) ) ;
#898 = LINE ( 'NONE', #890, #118 ) ;
#899 = ORIENTED_EDGE ( 'NONE', *, *, #1171, .F. ) ;
#900 = LINE ( 'NONE', #2004, #1561 ) ;
#901 = ADVANCED_FACE ( 'NONE', ( #1288 ), #1715, .F. ) ;
#902 = ORIENTED_EDGE ( 'NONE', *, *, #327, .T. ) ;
#903 = ORIENTED_EDGE ( 'NONE', *, *, #1978, .T. ) ;
#904 = CARTESIAN_POINT ( 'NONE',  ( 20.68881013175673544, 2.370320285391199988, 18.66501102104302134 ) ) ;
#905 = EDGE_CURVE ( 'NONE', #1268, #1577, #331, .T. ) ;
#906 = VECTOR ( 'NONE', #840, 1000.000000000000000 ) ;
#907 = VECTOR ( 'NONE', #608, 1000.000000000000000 ) ;
#908 = LINE ( 'NONE', #1693, #115 ) ;
#909 = CARTESIAN_POINT ( 'NONE',  ( -22.05721895070561445, 8.499999999999788614, 17.00000000000000000 ) ) ;
#910 = CARTESIAN_POINT ( 'NONE',  ( 8.005467014174450598E-16, 21.50000000000000000, 14.00000000000000000 ) ) ;
#911 = CARTESIAN_POINT ( 'NONE',  ( -17.05721895070561089, -8.500000000000211386, 17.00000000000000000 ) ) ;
#912 = CIRCLE ( 'NONE', #222, 2.500000000000002220 ) ;
#913 = DIRECTION ( 'NONE',  ( -0.000000000000000000, -0.000000000000000000, -1.000000000000000000 ) ) ;
#914 = ORIENTED_EDGE ( 'NONE', *, *, #943, .T. ) ;
#915 = ORIENTED_EDGE ( 'NONE', *, *, #74, .F. ) ;
#916 = CIRCLE ( 'NONE', #28, 2.500000000000000000 ) ;
#917 = CARTESIAN_POINT ( 'NONE',  ( 21.66415977963550077, -2.500037921059807822, 18.71232615581302028 ) ) ;
#918 = ORIENTED_EDGE ( 'NONE', *, *, #1650, .F. ) ;
#919 = EDGE_CURVE ( 'NONE', #1058, #846, #781, .T. ) ;
#920 = AXIS2_PLACEMENT_3D ( 'NONE', #31, #512, #1730 ) ;
#921 = VECTOR ( 'NONE', #1724, 1000.000000000000000 ) ;
#922 = DIRECTION ( 'NONE',  ( -0.000000000000000000, -0.000000000000000000, 1.000000000000000000 ) ) ;
#923 = CARTESIAN_POINT ( 'NONE',  ( -19.55721895070561089, -8.500000000000211386, 14.00000000000000000 ) ) ;
#924 = DIRECTION ( 'NONE',  ( -0.000000000000000000, -0.000000000000000000, -1.000000000000000000 ) ) ;
#925 = CARTESIAN_POINT ( 'NONE',  ( -4.557218950705613558, 8.499999999999895195, 10.81801948466053709 ) ) ;
#926 = ORIENTED_EDGE ( 'NONE', *, *, #837, .T. ) ;
#927 = ORIENTED_EDGE ( 'NONE', *, *, #130, .F. ) ;
#928 = CARTESIAN_POINT ( 'NONE',  ( 18.99999999999999645, -4.841881138603709386E-15, 18.26100590595087425 ) ) ;
#929 = VERTEX_POINT ( 'NONE', #1584 ) ;
#930 = EDGE_CURVE ( 'NONE', #1578, #610, #397, .T. ) ;
#931 = FACE_OUTER_BOUND ( 'NONE', #1691, .T. ) ;
#932 = DIRECTION ( 'NONE',  ( -1.000000000000000000, 0.000000000000000000, -0.000000000000000000 ) ) ;
#933 = CARTESIAN_POINT ( 'NONE',  ( -13.74999999999999822, 15.50000000000000000, 22.00000000000000000 ) ) ;
#934 = CARTESIAN_POINT ( 'NONE',  ( -4.557218950705613558, -8.500000000000106581, 17.00000000000000000 ) ) ;
#935 = FACE_BOUND ( 'NONE', #672, .T. ) ;
#936 = ORIENTED_EDGE ( 'NONE', *, *, #235, .T. ) ;
#937 = VERTEX_POINT ( 'NONE', #1908 ) ;
#938 = CARTESIAN_POINT ( 'NONE',  ( 19.12956441453215461, 0.8110768204494731570, 18.30552108198007133 ) ) ;
#939 = DIRECTION ( 'NONE',  ( -1.000000000000000000, 0.000000000000000000, 0.000000000000000000 ) ) ;
#940 = CARTESIAN_POINT ( 'NONE',  ( 29.99999999999999645, 6.938893903907227589E-15, 25.41100590595086928 ) ) ;
#941 = LINE ( 'NONE', #1145, #993 ) ;
#942 = DIRECTION ( 'NONE',  ( -1.000000000000000000, 0.000000000000000000, 0.000000000000000000 ) ) ;
#943 = EDGE_CURVE ( 'NONE', #1398, #359, #1503, .T. ) ;
#944 = AXIS2_PLACEMENT_3D ( 'NONE', #1569, #1674, #1237 ) ;
#945 = PLANE ( 'NONE',  #944 ) ;
#946 = VECTOR ( 'NONE', #434, 1000.000000000000000 ) ;
#947 = ORIENTED_EDGE ( 'NONE', *, *, #757, .F. ) ;
#948 = VERTEX_POINT ( 'NONE', #1274 ) ;
#949 = CARTESIAN_POINT ( 'NONE',  ( -15.50000000000000000, 15.50000000000000000, 22.00000000000000000 ) ) ;
#950 = VECTOR ( 'NONE', #1273, 1000.000000000000000 ) ;
#951 = PRODUCT_DEFINITION_FORMATION_WITH_SPECIFIED_SOURCE ( 'ANY', '', #1659, .NOT_KNOWN. ) ;
#952 = DIRECTION ( 'NONE',  ( 1.000000000000000000, 0.000000000000000000, 0.000000000000000000 ) ) ;
#953 = DIRECTION ( 'NONE',  ( -1.000000000000000000, 0.000000000000000000, -0.000000000000000000 ) ) ;
#954 = CARTESIAN_POINT ( 'NONE',  ( 30.00000000000000000, -19.99999999999998224, 14.00000000000000000 ) ) ;
#955 = VECTOR ( 'NONE', #171, 1000.000000000000000 ) ;
#956 = CARTESIAN_POINT ( 'NONE',  ( 8.005467014174450598E-16, 21.50000000000000000, 22.00000000000000000 ) ) ;
#957 = EDGE_CURVE ( 'NONE', #948, #1208, #1318, .T. ) ;
#958 = VERTEX_POINT ( 'NONE', #1668 ) ;
#959 = VERTEX_POINT ( 'NONE', #1000 ) ;
#960 = CYLINDRICAL_SURFACE ( 'NONE', #1811, 2.500000000000002220 ) ;
#961 = CARTESIAN_POINT ( 'NONE',  ( 10.44278104929456852, -8.500000000000005329, 14.00000000000000000 ) ) ;
#962 = DIRECTION ( 'NONE',  ( 0.000000000000000000, 0.000000000000000000, -1.000000000000000000 ) ) ;
#963 = DIRECTION ( 'NONE',  ( -0.000000000000000000, -0.000000000000000000, 1.000000000000000000 ) ) ;
#964 = PLANE ( 'NONE',  #1079 ) ;
#965 = ORIENTED_EDGE ( 'NONE', *, *, #469, .F. ) ;
#966 = ORIENTED_EDGE ( 'NONE', *, *, #824, .F. ) ;
#967 = ORIENTED_EDGE ( 'NONE', *, *, #603, .F. ) ;
#968 = ADVANCED_FACE ( 'NONE', ( #744 ), #1040, .F. ) ;
#969 = CARTESIAN_POINT ( 'NONE',  ( -30.00000000000001066, 20.00000000000000355, 22.00000000000000000 ) ) ;
#970 = CYLINDRICAL_SURFACE ( 'NONE', #1117, 2.500000000000002220 ) ;
#971 = EDGE_CURVE ( 'NONE', #1746, #1538, #991, .T. ) ;
#972 = DIRECTION ( 'NONE',  ( 0.000000000000000000, -1.000000000000000000, 0.000000000000000000 ) ) ;
#973 = DIRECTION ( 'NONE',  ( -0.000000000000000000, -0.000000000000000000, -1.000000000000000000 ) ) ;
#974 = DIRECTION ( 'NONE',  ( -1.000000000000000000, 0.000000000000000000, 0.000000000000000000 ) ) ;
#975 = ORIENTED_EDGE ( 'NONE', *, *, #1712, .T. ) ;
#976 = ORIENTED_EDGE ( 'NONE', *, *, #592, .F. ) ;
#977 = ORIENTED_EDGE ( 'NONE', *, *, #1032, .T. ) ;
#978 = VECTOR ( 'NONE', #1810, 1000.000000000000000 ) ;
#979 = CARTESIAN_POINT ( 'NONE',  ( 17.25000000000000000, -15.50000000000000000, 14.00000000000000000 ) ) ;
#980 = AXIS2_PLACEMENT_3D ( 'NONE', #90, #1487, #888 ) ;
#981 = EDGE_CURVE ( 'NONE', #202, #817, #1953, .T. ) ;
#982 = DIRECTION ( 'NONE',  ( -1.000000000000000000, 0.000000000000000000, 0.000000000000000000 ) ) ;
#983 = ORIENTED_EDGE ( 'NONE', *, *, #181, .T. ) ;
#984 = AXIS2_PLACEMENT_3D ( 'NONE', #1614, #343, #536 ) ;
#985 = AXIS2_PLACEMENT_3D ( 'NONE', #1078, #747, #1371 ) ;
#986 = EDGE_CURVE ( 'NONE', #610, #1578, #460, .T. ) ;
#987 = DIRECTION ( 'NONE',  ( -0.000000000000000000, 0.000000000000000000, 1.000000000000000000 ) ) ;
#988 = CARTESIAN_POINT ( 'NONE',  ( -18.43221895070561445, 8.499999999999788614, 17.00000000000000000 ) ) ;
#989 = AXIS2_PLACEMENT_3D ( 'NONE', #1381, #213, #1359 ) ;
#990 = EDGE_LOOP ( 'NONE', ( #17, #1197, #1395, #1682 ) ) ;
#991 = CIRCLE ( 'NONE', #89, 1.124999999999999334 ) ;
#992 = DIRECTION ( 'NONE',  ( 1.000000000000000000, 0.000000000000000000, 0.000000000000000000 ) ) ;
#993 = VECTOR ( 'NONE', #354, 1000.000000000000000 ) ;
#994 = EDGE_LOOP ( 'NONE', ( #903, #1220 ) ) ;
#995 = EDGE_LOOP ( 'NONE', ( #249, #1878, #1088, #893 ) ) ;
#996 = DIRECTION ( 'NONE',  ( -0.000000000000000000, -0.000000000000000000, 1.000000000000000000 ) ) ;
#997 = ORIENTED_EDGE ( 'NONE', *, *, #558, .F. ) ;
#998 = CARTESIAN_POINT ( 'NONE',  ( 19.99999999999999289, 20.00000000000000355, 22.00000000000000000 ) ) ;
#999 = CARTESIAN_POINT ( 'NONE',  ( -22.15216761987978344, -2.419070624235417633, 18.68257486108527488 ) ) ;
#1000 = CARTESIAN_POINT ( 'NONE',  ( -5.682218950705612670, -8.500000000000106581, 17.00000000000000000 ) ) ;
#1001 = EDGE_CURVE ( 'NONE', #147, #1268, #1966, .T. ) ;
#1002 = LINE ( 'NONE', #1479, #1976 ) ;
#1003 = EDGE_LOOP ( 'NONE', ( #1251, #479 ) ) ;
#1004 = DIRECTION ( 'NONE',  ( 0.000000000000000000, 0.000000000000000000, 1.000000000000000000 ) ) ;
#1005 = CARTESIAN_POINT ( 'NONE',  ( 23.91863192809172745, 0.6538685943509700005, 18.28911375202098455 ) ) ;
#1006 = ORIENTED_EDGE ( 'NONE', *, *, #35, .F. ) ;
#1007 = CARTESIAN_POINT ( 'NONE',  ( 2.500000000000000888, 21.50000000000000000, 22.00000000000000000 ) ) ;
#1008 = FACE_OUTER_BOUND ( 'NONE', #1832, .T. ) ;
#1009 = ORIENTED_EDGE ( 'NONE', *, *, #341, .F. ) ;
#1010 = DIRECTION ( 'NONE',  ( 1.000000000000000000, 0.000000000000000000, 0.000000000000000000 ) ) ;
#1011 = EDGE_CURVE ( 'NONE', #227, #1745, #1253, .T. ) ;
#1012 = CARTESIAN_POINT ( 'NONE',  ( -20.00000000000001066, -19.99999999999998934, 22.00000000000000000 ) ) ;
#1013 = CARTESIAN_POINT ( 'NONE',  ( -30.00000000000001066, 30.00000000000000711, 14.00000000000000000 ) ) ;
#1014 = CIRCLE ( 'NONE', #553, 2.500000000000002220 ) ;
#1015 = ORIENTED_EDGE ( 'NONE', *, *, #141, .F. ) ;
#1016 = CARTESIAN_POINT ( 'NONE',  ( -20.00000000000001066, -19.99999999999998934, 14.00000000000000000 ) ) ;
#1017 = CARTESIAN_POINT ( 'NONE',  ( -20.23653361600167244, -2.182105244748252293, 18.60081586904536621 ) ) ;
#1018 = AXIS2_PLACEMENT_3D ( 'NONE', #1553, #1704, #333 ) ;
#1019 = CIRCLE ( 'NONE', #1343, 1.750000000000001554 ) ;
#1020 = FACE_OUTER_BOUND ( 'NONE', #1608, .T. ) ;
#1021 = AXIS2_PLACEMENT_3D ( 'NONE', #297, #1124, #1092 ) ;
#1022 = DIRECTION ( 'NONE',  ( -2.312964634635742957E-16, 1.000000000000000000, -0.000000000000000000 ) ) ;
#1023 = VECTOR ( 'NONE', #54, 1000.000000000000000 ) ;
#1024 = DIRECTION ( 'NONE',  ( -1.000000000000000000, -2.312964634635742957E-16, 0.000000000000000000 ) ) ;
#1025 = ADVANCED_FACE ( 'NONE', ( #576 ), #1814, .F. ) ;
#1026 = ORIENTED_EDGE ( 'NONE', *, *, #437, .T. ) ;
#1027 = CYLINDRICAL_SURFACE ( 'NONE', #695, 1.124999999999999334 ) ;
#1028 = CARTESIAN_POINT ( 'NONE',  ( 20.00000000000000000, -19.99999999999998579, 14.00000000000000000 ) ) ;
#1029 = CARTESIAN_POINT ( 'NONE',  ( -22.15229147230594009, 2.419028611976861143, 18.68255980193614008 ) ) ;
#1030 = ORIENTED_EDGE ( 'NONE', *, *, #1333, .T. ) ;
#1031 = CARTESIAN_POINT ( 'NONE',  ( 10.44278104929438555, 8.499999999999998224, 17.00000000000000000 ) ) ;
#1032 = EDGE_CURVE ( 'NONE', #1667, #703, #2018, .T. ) ;
#1033 = DIRECTION ( 'NONE',  ( 0.000000000000000000, 0.000000000000000000, -1.000000000000000000 ) ) ;
#1034 = EDGE_CURVE ( 'NONE', #846, #1457, #791, .T. ) ;
#1035 = DIRECTION ( 'NONE',  ( 1.000000000000000000, 0.000000000000000000, 0.000000000000000000 ) ) ;
#1036 = EDGE_LOOP ( 'NONE', ( #914, #86 ) ) ;
#1037 = DIRECTION ( 'NONE',  ( 1.000000000000000000, -1.734723475976807489E-15, 0.000000000000000000 ) ) ;
#1038 = ORIENTED_EDGE ( 'NONE', *, *, #905, .F. ) ;
#1039 = DIRECTION ( 'NONE',  ( 0.000000000000000000, 0.000000000000000000, 1.000000000000000000 ) ) ;
#1040 = PLANE ( 'NONE',  #1534 ) ;
#1041 = PRESENTATION_LAYER_ASSIGNMENT (  '', '', ( #1241 ) ) ;
#1042 = EDGE_CURVE ( 'NONE', #263, #95, #401, .T. ) ;
#1043 = AXIS2_PLACEMENT_3D ( 'NONE', #1307, #1768, #517 ) ;
#1044 = CARTESIAN_POINT ( 'NONE',  ( 21.50000000000000000, -4.841881138603709386E-15, 14.00000000000000000 ) ) ;
#1045 = DIRECTION ( 'NONE',  ( -0.000000000000000000, -0.000000000000000000, 1.000000000000000000 ) ) ;
#1046 = AXIS2_PLACEMENT_3D ( 'NONE', #1613, #1749, #809 ) ;
#1047 = CIRCLE ( 'NONE', #2015, 2.500000000000002220 ) ;
#1048 = CARTESIAN_POINT ( 'NONE',  ( -23.38130547708281171, 1.654339031535654758, 18.45402560511393730 ) ) ;
#1049 = AXIS2_PLACEMENT_3D ( 'NONE', #1497, #423, #728 ) ;
#1050 = VERTEX_POINT ( 'NONE', #97 ) ;
#1051 = FACE_OUTER_BOUND ( 'NONE', #1408, .T. ) ;
#1052 = DIRECTION ( 'NONE',  ( 0.000000000000000000, -0.000000000000000000, -1.000000000000000000 ) ) ;
#1053 = AXIS2_PLACEMENT_3D ( 'NONE', #1864, #1898, #184 ) ;
#1054 = DIRECTION ( 'NONE',  ( 1.000000000000000000, 0.000000000000000000, 0.000000000000000000 ) ) ;
#1055 = DIRECTION ( 'NONE',  ( 1.000000000000000000, 0.000000000000000000, 0.000000000000000000 ) ) ;
#1056 = EDGE_CURVE ( 'NONE', #560, #1538, #366, .T. ) ;
#1057 = CARTESIAN_POINT ( 'NONE',  ( -30.00000000000001066, -29.99999999999999289, 22.00000000000000000 ) ) ;
#1058 = VERTEX_POINT ( 'NONE', #88 ) ;
#1059 = CARTESIAN_POINT ( 'NONE',  ( -15.50000000000000000, 15.50000000000000000, 22.00000000000000000 ) ) ;
#1060 = VERTEX_POINT ( 'NONE', #1975 ) ;
#1061 = VERTEX_POINT ( 'NONE', #1350 ) ;
#1062 = CARTESIAN_POINT ( 'NONE',  ( 22.15237393916189390, -2.418931290685869318, 18.68252557431330985 ) ) ;
#1063 = CARTESIAN_POINT ( 'NONE',  ( 13.74999999999999822, 15.50000000000000000, 22.00000000000000000 ) ) ;
#1064 = ORIENTED_EDGE ( 'NONE', *, *, #721, .T. ) ;
#1065 = CARTESIAN_POINT ( 'NONE',  ( 10.44278104929438555, 8.499999999999998224, 17.00000000000000000 ) ) ;
#1066 = PRODUCT_DEFINITION ( 'UNKNOWN', '', #951, #1687 ) ;
#1067 =( NAMED_UNIT ( * ) PLANE_ANGLE_UNIT ( ) SI_UNIT ( $, .RADIAN. ) );
#1068 = ORIENTED_EDGE ( 'NONE', *, *, #721, .F. ) ;
#1069 = CYLINDRICAL_SURFACE ( 'NONE', #448, 1.750000000000001554 ) ;
#1070 = EDGE_CURVE ( 'NONE', #1912, #1348, #32, .T. ) ;
#1071 = ORIENTED_EDGE ( 'NONE', *, *, #74, .T. ) ;
#1072 = ORIENTED_EDGE ( 'NONE', *, *, #1543, .T. ) ;
#1073 = CARTESIAN_POINT ( 'NONE',  ( 23.66642094713227351, -1.258167657689135188, 18.37123238520656088 ) ) ;
#1074 = EDGE_LOOP ( 'NONE', ( #58, #158, #1165, #1309 ) ) ;
#1075 = AXIS2_PLACEMENT_3D ( 'NONE', #18, #1451, #395 ) ;
#1076 = CARTESIAN_POINT ( 'NONE',  ( 29.99999999999999289, 20.00000000000000711, 22.00000000000000000 ) ) ;
#1077 = DIRECTION ( 'NONE',  ( 1.000000000000000000, 2.312964634635742957E-16, 0.000000000000000000 ) ) ;
#1078 = CARTESIAN_POINT ( 'NONE',  ( -15.50000000000000000, -15.50000000000000000, 14.00000000000000000 ) ) ;
#1079 = AXIS2_PLACEMENT_3D ( 'NONE', #1920, #1161, #1054 ) ;
#1080 = PRESENTATION_STYLE_ASSIGNMENT (( #15 ) ) ;
#1081 = CIRCLE ( 'NONE', #1046, 1.124999999999997558 ) ;
#1082 = FACE_BOUND ( 'NONE', #136, .T. ) ;
#1083 = CIRCLE ( 'NONE', #187, 9.999999999999998224 ) ;
#1084 = VERTEX_POINT ( 'NONE', #1221 ) ;
#1085 = VERTEX_POINT ( 'NONE', #590 ) ;
#1086 = EDGE_CURVE ( 'NONE', #1060, #929, #835, .T. ) ;
#1087 = CARTESIAN_POINT ( 'NONE',  ( 19.33220342657732260, -1.255790972000041084, 18.37080684931926200 ) ) ;
#1088 = ORIENTED_EDGE ( 'NONE', *, *, #1486, .T. ) ;
#1089 = EDGE_LOOP ( 'NONE', ( #785, #1842, #367, #734 ) ) ;
#1090 = CIRCLE ( 'NONE', #193, 2.500000000000002220 ) ;
#1091 = FACE_OUTER_BOUND ( 'NONE', #438, .T. ) ;
#1092 = DIRECTION ( 'NONE',  ( 1.000000000000000000, 0.000000000000000000, 0.000000000000000000 ) ) ;
#1093 = DIRECTION ( 'NONE',  ( 0.000000000000000000, 0.000000000000000000, 1.000000000000000000 ) ) ;
#1094 = CYLINDRICAL_SURFACE ( 'NONE', #1784, 2.500000000000000000 ) ;
#1095 = DIRECTION ( 'NONE',  ( -0.000000000000000000, -0.000000000000000000, -1.000000000000000000 ) ) ;
#1096 = ORIENTED_EDGE ( 'NONE', *, *, #871, .T. ) ;
#1097 = ORIENTED_EDGE ( 'NONE', *, *, #1910, .T. ) ;
#1098 = CARTESIAN_POINT ( 'NONE',  ( 19.01648483097062581, 0.3301661063258474749, 18.26681704327182132 ) ) ;
#1099 = PRODUCT_RELATED_PRODUCT_CATEGORY ( 'part', '', ( #1659 ) ) ;
#1100 = EDGE_CURVE ( 'NONE', #1915, #1745, #570, .T. ) ;
#1101 = CARTESIAN_POINT ( 'NONE',  ( -15.50000000000000000, -15.50000000000000000, 22.00000000000000000 ) ) ;
#1102 = CARTESIAN_POINT ( 'NONE',  ( -30.00000000000001066, -19.99999999999998934, 22.00000000000000000 ) ) ;
#1103 = CARTESIAN_POINT ( 'NONE',  ( 29.99999999999999645, 6.283911099750562279, 22.00000000000000000 ) ) ;
#1104 = CARTESIAN_POINT ( 'NONE',  ( -18.43221895070561445, 8.499999999999788614, 22.00000000000000000 ) ) ;
#1105 = FACE_BOUND ( 'NONE', #1827, .T. ) ;
#1106 = ORIENTED_EDGE ( 'NONE', *, *, #661, .F. ) ;
#1107 = VERTEX_POINT ( 'NONE', #1806 ) ;
#1108 = DIRECTION ( 'NONE',  ( -1.000000000000000000, 0.000000000000000000, 0.000000000000000000 ) ) ;
#1109 = CARTESIAN_POINT ( 'NONE',  ( -2.057218950705610894, -8.500000000000106581, 14.00000000000000000 ) ) ;
#1110 = CARTESIAN_POINT ( 'NONE',  ( -4.557218950705613558, -8.500000000000106581, 17.00000000000000000 ) ) ;
#1111 = DIRECTION ( 'NONE',  ( -0.000000000000000000, -0.000000000000000000, 1.000000000000000000 ) ) ;
#1112 = EDGE_CURVE ( 'NONE', #1348, #1085, #887, .T. ) ;
#1113 = CIRCLE ( 'NONE', #245, 1.124999999999999334 ) ;
#1114 = CYLINDRICAL_SURFACE ( 'NONE', #1846, 1.750000000000001554 ) ;
#1115 = AXIS2_PLACEMENT_3D ( 'NONE', #172, #813, #992 ) ;
#1116 = AXIS2_PLACEMENT_3D ( 'NONE', #1222, #614, #1242 ) ;
#1117 = AXIS2_PLACEMENT_3D ( 'NONE', #1589, #11, #1762 ) ;
#1118 = VERTEX_POINT ( 'NONE', #1160 ) ;
#1119 = ORIENTED_EDGE ( 'NONE', *, *, #2003, .T. ) ;
#1120 = DIRECTION ( 'NONE',  ( -0.000000000000000000, -0.000000000000000000, -1.000000000000000000 ) ) ;
#1121 = CIRCLE ( 'NONE', #251, 1.124999999999997558 ) ;
#1122 = CARTESIAN_POINT ( 'NONE',  ( 24.00000000000000000, -4.535719438816871516E-15, 14.00000000000000000 ) ) ;
#1123 = AXIS2_PLACEMENT_3D ( 'NONE', #1110, #321, #932 ) ;
#1124 = DIRECTION ( 'NONE',  ( -0.000000000000000000, 0.000000000000000000, 1.000000000000000000 ) ) ;
#1125 = DIRECTION ( 'NONE',  ( -0.000000000000000000, 0.000000000000000000, 1.000000000000000000 ) ) ;
#1126 = CARTESIAN_POINT ( 'NONE',  ( 12.94278104929457029, -8.500000000000005329, 17.00000000000000000 ) ) ;
#1127 = ADVANCED_FACE ( 'NONE', ( #1605 ), #1454, .F. ) ;
#1128 = VERTEX_POINT ( 'NONE', #755 ) ;
#1129 = ADVANCED_FACE ( 'NONE', ( #1377 ), #769, .F. ) ;
#1130 = ORIENTED_EDGE ( 'NONE', *, *, #469, .T. ) ;
#1131 = VERTEX_POINT ( 'NONE', #600 ) ;
#1132 = CARTESIAN_POINT ( 'NONE',  ( 23.48593724345372635, 1.527250043938918056, 18.42466449368951587 ) ) ;
#1133 = CYLINDRICAL_SURFACE ( 'NONE', #1789, 2.500000000000002220 ) ;
#1134 = CARTESIAN_POINT ( 'NONE',  ( 21.50000000000000000, -4.841881138603709386E-15, 14.00000000000000000 ) ) ;
#1135 = LINE ( 'NONE', #793, #921 ) ;
#1136 = DIRECTION ( 'NONE',  ( 0.000000000000000000, 0.000000000000000000, -1.000000000000000000 ) ) ;
#1137 = ORIENTED_EDGE ( 'NONE', *, *, #1100, .F. ) ;
#1138 = ORIENTED_EDGE ( 'NONE', *, *, #733, .F. ) ;
#1139 = VERTEX_POINT ( 'NONE', #638 ) ;
#1140 = FACE_OUTER_BOUND ( 'NONE', #1995, .T. ) ;
#1141 = ORIENTED_EDGE ( 'NONE', *, *, #1325, .F. ) ;
#1142 = ADVANCED_FACE ( 'NONE', ( #316 ), #2007, .F. ) ;
#1143 = DIRECTION ( 'NONE',  ( -0.000000000000000000, -0.000000000000000000, -1.000000000000000000 ) ) ;
#1144 = LINE ( 'NONE', #385, #626 ) ;
#1145 = CARTESIAN_POINT ( 'NONE',  ( -30.00000000000001066, 30.00000000000000711, 22.00000000000000000 ) ) ;
#1146 = CARTESIAN_POINT ( 'NONE',  ( 2.499999999999996447, -21.50000000000000000, 14.00000000000000000 ) ) ;
#1147 = ORIENTED_EDGE ( 'NONE', *, *, #603, .T. ) ;
#1148 = EDGE_LOOP ( 'NONE', ( #1558, #1141, #1376, #829 ) ) ;
#1149 = ORIENTED_EDGE ( 'NONE', *, *, #456, .T. ) ;
#1150 = EDGE_LOOP ( 'NONE', ( #200, #1974, #609, #1911 ) ) ;
#1151 = MECHANICAL_DESIGN_GEOMETRIC_PRESENTATION_REPRESENTATION (  '', ( #1241 ), #417 ) ;
#1152 = CARTESIAN_POINT ( 'NONE',  ( 22.30873148990715649, 2.371313148072961674, 18.66535136022638142 ) ) ;
#1153 = AXIS2_PLACEMENT_3D ( 'NONE', #1334, #402, #1645 ) ;
#1154 = VERTEX_POINT ( 'NONE', #1834 ) ;
#1155 = CARTESIAN_POINT ( 'NONE',  ( 8.005467014174450598E-16, 21.50000000000000000, 22.00000000000000000 ) ) ;
#1156 = EDGE_CURVE ( 'NONE', #1302, #958, #1372, .T. ) ;
#1157 = VECTOR ( 'NONE', #602, 1000.000000000000000 ) ;
#1158 = AXIS2_PLACEMENT_3D ( 'NONE', #1990, #1821, #1224 ) ;
#1159 = CARTESIAN_POINT ( 'NONE',  ( -21.16876410422586829, -2.483365282617015168, 18.70603960958626644 ) ) ;
#1160 = CARTESIAN_POINT ( 'NONE',  ( -17.05721895070561089, 8.499999999999788614, 17.00000000000000000 ) ) ;
#1161 = DIRECTION ( 'NONE',  ( -0.000000000000000000, 0.000000000000000000, 1.000000000000000000 ) ) ;
#1162 = ORIENTED_EDGE ( 'NONE', *, *, #705, .T. ) ;
#1163 = DIRECTION ( 'NONE',  ( 1.000000000000000000, 0.000000000000000000, 0.000000000000000000 ) ) ;
#1164 = DIRECTION ( 'NONE',  ( -0.000000000000000000, -0.000000000000000000, 1.000000000000000000 ) ) ;
#1165 = ORIENTED_EDGE ( 'NONE', *, *, #1712, .F. ) ;
#1166 = LINE ( 'NONE', #1007, #319 ) ;
#1167 = ADVANCED_FACE ( 'NONE', ( #1397 ), #137, .F. ) ;
#1168 =( NAMED_UNIT ( * ) SI_UNIT ( $, .STERADIAN. ) SOLID_ANGLE_UNIT ( ) );
#1169 = CARTESIAN_POINT ( 'NONE',  ( -17.25000000000000000, -15.50000000000000000, 14.00000000000000000 ) ) ;
#1170 = ORIENTED_EDGE ( 'NONE', *, *, #1431, .T. ) ;
#1171 = EDGE_CURVE ( 'NONE', #958, #1302, #617, .T. ) ;
#1172 = CARTESIAN_POINT ( 'NONE',  ( -30.00000000000002487, -6.938893903907234689E-15, 25.41100590595086928 ) ) ;
#1173 = ORIENTED_EDGE ( 'NONE', *, *, #1429, .T. ) ;
#1174 = CYLINDRICAL_SURFACE ( 'NONE', #1365, 1.750000000000001554 ) ;
#1175 = EDGE_LOOP ( 'NONE', ( #521, #1130, #519, #754 ) ) ;
#1176 = PLANE ( 'NONE',  #323 ) ;
#1177 = ORIENTED_EDGE ( 'NONE', *, *, #178, .F. ) ;
#1178 = CARTESIAN_POINT ( 'NONE',  ( -19.01630957727322979, -0.3295781925720328021, 18.26675749029433504 ) ) ;
#1179 = EDGE_LOOP ( 'NONE', ( #1450, #124, #1201, #1938 ) ) ;
#1180 = CARTESIAN_POINT ( 'NONE',  ( -15.50000000000000000, -15.50000000000000000, 22.00000000000000000 ) ) ;
#1181 = ADVANCED_FACE ( 'NONE', ( #339 ), #676, .F. ) ;
#1182 = CARTESIAN_POINT ( 'NONE',  ( -20.68221895070561089, -8.500000000000211386, 10.81801948466053709 ) ) ;
#1183 = CARTESIAN_POINT ( 'NONE',  ( -20.84779436315307777, 2.418999431612494977, 18.68254989189253124 ) ) ;
#1184 = VECTOR ( 'NONE', #1024, 1000.000000000000000 ) ;
#1185 = ORIENTED_EDGE ( 'NONE', *, *, #12, .F. ) ;
#1186 = PLANE ( 'NONE',  #1249 ) ;
#1187 = CIRCLE ( 'NONE', #984, 7.149999999999997691 ) ;
#1188 = AXIS2_PLACEMENT_3D ( 'NONE', #1031, #228, #1483 ) ;
#1189 = DIRECTION ( 'NONE',  ( -0.000000000000000000, 0.000000000000000000, 1.000000000000000000 ) ) ;
#1190 = EDGE_CURVE ( 'NONE', #188, #1804, #1913, .T. ) ;
#1191 = AXIS2_PLACEMENT_3D ( 'NONE', #1463, #1825, #1959 ) ;
#1192 = CARTESIAN_POINT ( 'NONE',  ( -19.84640053823355288, 1.882023387145236315, 18.51212488759855646 ) ) ;
#1193 = EDGE_CURVE ( 'NONE', #644, #1577, #42, .T. ) ;
#1194 = VERTEX_POINT ( 'NONE', #969 ) ;
#1195 = DIRECTION ( 'NONE',  ( -1.000000000000000000, 0.000000000000000000, 0.000000000000000000 ) ) ;
#1196 = DIRECTION ( 'NONE',  ( -0.000000000000000000, -0.000000000000000000, 1.000000000000000000 ) ) ;
#1197 = ORIENTED_EDGE ( 'NONE', *, *, #919, .F. ) ;
#1198 = DIRECTION ( 'NONE',  ( 1.000000000000000000, 0.000000000000000000, 0.000000000000000000 ) ) ;
#1199 = EDGE_LOOP ( 'NONE', ( #518, #636 ) ) ;
#1200 = LINE ( 'NONE', #1512, #1399 ) ;
#1201 = ORIENTED_EDGE ( 'NONE', *, *, #1644, .T. ) ;
#1202 = FACE_BOUND ( 'NONE', #606, .T. ) ;
#1203 = EDGE_CURVE ( 'NONE', #127, #73, #1611, .T. ) ;
#1204 = CARTESIAN_POINT ( 'NONE',  ( 2.499999999999996447, -21.50000000000000000, 22.00000000000000000 ) ) ;
#1205 = DIRECTION ( 'NONE',  ( -0.000000000000000000, -0.000000000000000000, 1.000000000000000000 ) ) ;
#1206 = DIRECTION ( 'NONE',  ( -0.000000000000000000, -0.000000000000000000, 1.000000000000000000 ) ) ;
#1207 = CARTESIAN_POINT ( 'NONE',  ( -19.51406275654627009, 1.527250043938924051, 18.42466449368951942 ) ) ;
#1208 = VERTEX_POINT ( 'NONE', #520 ) ;
#1209 = DIRECTION ( 'NONE',  ( -0.000000000000000000, -0.000000000000000000, 1.000000000000000000 ) ) ;
#1210 = DIRECTION ( 'NONE',  ( 1.000000000000000000, 0.000000000000000000, -0.000000000000000000 ) ) ;
#1211 = EDGE_CURVE ( 'NONE', #1250, #48, #299, .T. ) ;
#1212 = CIRCLE ( 'NONE', #416, 1.750000000000001554 ) ;
#1213 = CIRCLE ( 'NONE', #1848, 2.500000000000000000 ) ;
#1214 = DIRECTION ( 'NONE',  ( 1.000000000000000000, 0.000000000000000000, 0.000000000000000000 ) ) ;
#1215 = PLANE ( 'NONE',  #1892 ) ;
#1216 = CARTESIAN_POINT ( 'NONE',  ( 13.74999999999999822, -15.50000000000000000, 22.00000000000000000 ) ) ;
#1217 = CIRCLE ( 'NONE', #1476, 1.124999999999997558 ) ;
#1218 = CYLINDRICAL_SURFACE ( 'NONE', #386, 1.124999999999999334 ) ;
#1219 = ORIENTED_EDGE ( 'NONE', *, *, #673, .T. ) ;
#1220 = ORIENTED_EDGE ( 'NONE', *, *, #702, .T. ) ;
#1221 = CARTESIAN_POINT ( 'NONE',  ( -5.682218950705612670, 8.499999999999895195, 22.00000000000000000 ) ) ;
#1222 = CARTESIAN_POINT ( 'NONE',  ( 10.44278104929438555, 8.499999999999998224, 17.00000000000000000 ) ) ;
#1223 = DIRECTION ( 'NONE',  ( 1.000000000000000000, 0.000000000000000000, 0.000000000000000000 ) ) ;
#1224 = DIRECTION ( 'NONE',  ( 1.000000000000000000, 0.000000000000000000, 0.000000000000000000 ) ) ;
#1225 = EDGE_CURVE ( 'NONE', #1495, #567, #569, .T. ) ;
#1226 = EDGE_LOOP ( 'NONE', ( #164, #306, #163, #1718 ) ) ;
#1227 = DIRECTION ( 'NONE',  ( 0.000000000000000000, 0.000000000000000000, -1.000000000000000000 ) ) ;
#1228 = ORIENTED_EDGE ( 'NONE', *, *, #671, .F. ) ;
#1229 = ORIENTED_EDGE ( 'NONE', *, *, #156, .T. ) ;
#1230 = DIRECTION ( 'NONE',  ( -0.000000000000000000, -0.000000000000000000, -1.000000000000000000 ) ) ;
#1231 = EDGE_LOOP ( 'NONE', ( #975, #177 ) ) ;
#1232 = CYLINDRICAL_SURFACE ( 'NONE', #22, 2.500000000000002220 ) ;
#1233 = CARTESIAN_POINT ( 'NONE',  ( -19.55721895070561089, 8.499999999999788614, 17.00000000000000000 ) ) ;
#1234 = FACE_OUTER_BOUND ( 'NONE', #1729, .T. ) ;
#1235 = LINE ( 'NONE', #911, #582 ) ;
#1236 = ADVANCED_FACE ( 'NONE', ( #1140 ), #1760, .F. ) ;
#1237 = DIRECTION ( 'NONE',  ( 1.000000000000000000, 0.000000000000000000, 0.000000000000000000 ) ) ;
#1238 = EDGE_LOOP ( 'NONE', ( #776, #1480 ) ) ;
#1239 = ORIENTED_EDGE ( 'NONE', *, *, #21, .T. ) ;
#1240 = CARTESIAN_POINT ( 'NONE',  ( 20.38806392316136851, -2.245032321269208708, 18.62228606649808427 ) ) ;
#1241 = STYLED_ITEM ( 'NONE', ( #1080 ), #1610 ) ;
#1242 = DIRECTION ( 'NONE',  ( -1.000000000000000000, 0.000000000000000000, 0.000000000000000000 ) ) ;
#1243 = CARTESIAN_POINT ( 'NONE',  ( 15.50000000000000000, 15.50000000000000000, 22.00000000000000000 ) ) ;
#1244 = CARTESIAN_POINT ( 'NONE',  ( -4.557218950705613558, -8.500000000000106581, 17.00000000000000000 ) ) ;
#1245 = CIRCLE ( 'NONE', #352, 1.124999999999999334 ) ;
#1246 = CARTESIAN_POINT ( 'NONE',  ( 10.44278104929438555, 8.499999999999998224, 17.00000000000000000 ) ) ;
#1247 = FACE_BOUND ( 'NONE', #1294, .T. ) ;
#1248 = EDGE_CURVE ( 'NONE', #95, #263, #1014, .T. ) ;
#1249 = AXIS2_PLACEMENT_3D ( 'NONE', #72, #1799, #96 ) ;
#1250 = VERTEX_POINT ( 'NONE', #1428 ) ;
#1251 = ORIENTED_EDGE ( 'NONE', *, *, #1735, .F. ) ;
#1252 = CARTESIAN_POINT ( 'NONE',  ( 15.50000000000000000, 15.50000000000000000, 22.00000000000000000 ) ) ;
#1253 = CIRCLE ( 'NONE', #1764, 2.500000000000000000 ) ;
#1254 = CARTESIAN_POINT ( 'NONE',  ( -20.00000000000001066, -29.99999999999999289, 22.00000000000000000 ) ) ;
#1255 = DIRECTION ( 'NONE',  ( -0.000000000000000000, -0.000000000000000000, -1.000000000000000000 ) ) ;
#1256 = DIRECTION ( 'NONE',  ( 1.000000000000000000, 0.000000000000000000, 0.000000000000000000 ) ) ;
#1257 = DIRECTION ( 'NONE',  ( -0.000000000000000000, -0.000000000000000000, -1.000000000000000000 ) ) ;
#1258 = FACE_BOUND ( 'NONE', #1231, .T. ) ;
#1259 = ORIENTED_EDGE ( 'NONE', *, *, #547, .T. ) ;
#1260 = EDGE_LOOP ( 'NONE', ( #1137, #1173, #420, #1460 ) ) ;
#1261 = DIRECTION ( 'NONE',  ( -1.000000000000000000, 0.000000000000000000, 0.000000000000000000 ) ) ;
#1262 = ADVANCED_FACE ( 'NONE', ( #348 ), #960, .F. ) ;
#1263 = DIRECTION ( 'NONE',  ( -0.000000000000000000, -0.000000000000000000, -1.000000000000000000 ) ) ;
#1264 = LINE ( 'NONE', #1102, #1597 ) ;
#1265 = DIRECTION ( 'NONE',  ( -0.000000000000000000, -0.000000000000000000, -1.000000000000000000 ) ) ;
#1266 = CYLINDRICAL_SURFACE ( 'NONE', #20, 1.124999999999997558 ) ;
#1267 = CARTESIAN_POINT ( 'NONE',  ( 10.44278104929456852, -8.500000000000005329, 17.00000000000000000 ) ) ;
#1268 = VERTEX_POINT ( 'NONE', #979 ) ;
#1269 = EDGE_LOOP ( 'NONE', ( #486, #652 ) ) ;
#1270 = CARTESIAN_POINT ( 'NONE',  ( 19.51403840264858403, 1.527260763935455179, 18.42465992409288944 ) ) ;
#1271 = DIRECTION ( 'NONE',  ( -0.000000000000000000, -0.000000000000000000, -1.000000000000000000 ) ) ;
#1272 = EDGE_CURVE ( 'NONE', #1154, #2021, #1600, .T. ) ;
#1273 = DIRECTION ( 'NONE',  ( -0.000000000000000000, -0.000000000000000000, 1.000000000000000000 ) ) ;
#1274 = CARTESIAN_POINT ( 'NONE',  ( -17.25000000000000000, 15.50000000000000000, 14.00000000000000000 ) ) ;
#1275 = EDGE_CURVE ( 'NONE', #1912, #1708, #61, .T. ) ;
#1276 = AXIS2_PLACEMENT_3D ( 'NONE', #1535, #125, #766 ) ;
#1277 =( LENGTH_UNIT ( ) NAMED_UNIT ( * ) SI_UNIT ( .MILLI., .METRE. ) );
#1278 = AXIS2_PLACEMENT_3D ( 'NONE', #1713, #1412, #307 ) ;
#1279 = VECTOR ( 'NONE', #922, 1000.000000000000000 ) ;
#1280 = AXIS2_PLACEMENT_3D ( 'NONE', #505, #207, #376 ) ;
#1281 = ORIENTED_EDGE ( 'NONE', *, *, #1783, .T. ) ;
#1282 = ORIENTED_EDGE ( 'NONE', *, *, #1290, .T. ) ;
#1283 = CARTESIAN_POINT ( 'NONE',  ( 23.02636429591716549, 1.986581984482290286, 18.54187996372506930 ) ) ;
#1284 = CIRCLE ( 'NONE', #285, 2.500000000000002220 ) ;
#1285 = FACE_OUTER_BOUND ( 'NONE', #1148, .T. ) ;
#1286 = CIRCLE ( 'NONE', #1816, 2.500000000000002220 ) ;
#1287 = CARTESIAN_POINT ( 'NONE',  ( -30.00000000000001066, 30.00000000000000711, 22.00000000000000000 ) ) ;
#1288 = FACE_OUTER_BOUND ( 'NONE', #40, .T. ) ;
#1289 = CYLINDRICAL_SURFACE ( 'NONE', #1115, 1.124999999999997558 ) ;
#1290 = EDGE_CURVE ( 'NONE', #1685, #523, #877, .T. ) ;
#1291 = EDGE_LOOP ( 'NONE', ( #1009, #1847 ) ) ;
#1292 = ORIENTED_EDGE ( 'NONE', *, *, #93, .T. ) ;
#1293 = CARTESIAN_POINT ( 'NONE',  ( 22.15220563684692223, 2.418999431612489204, 18.68254989189252058 ) ) ;
#1294 = EDGE_LOOP ( 'NONE', ( #1560, #1370 ) ) ;
#1295 = DIRECTION ( 'NONE',  ( 0.000000000000000000, 0.000000000000000000, -1.000000000000000000 ) ) ;
#1296 = DIRECTION ( 'NONE',  ( -0.000000000000000000, -0.000000000000000000, -1.000000000000000000 ) ) ;
#1297 = CARTESIAN_POINT ( 'NONE',  ( 15.50000000000000000, -15.50000000000000000, 14.00000000000000000 ) ) ;
#1298 = CARTESIAN_POINT ( 'NONE',  ( 9.317781049294742601, -8.500000000000005329, 22.00000000000000000 ) ) ;
#1299 = ORIENTED_EDGE ( 'NONE', *, *, #1032, .F. ) ;
#1300 = EDGE_CURVE ( 'NONE', #1085, #1708, #818, .T. ) ;
#1301 = ORIENTED_EDGE ( 'NONE', *, *, #1658, .T. ) ;
#1302 = VERTEX_POINT ( 'NONE', #1942 ) ;
#1303 = DIRECTION ( 'NONE',  ( -0.000000000000000000, -0.000000000000000000, -1.000000000000000000 ) ) ;
#1304 = CARTESIAN_POINT ( 'NONE',  ( -5.682218950705612670, 8.499999999999895195, 10.81801948466053709 ) ) ;
#1305 = CARTESIAN_POINT ( 'NONE',  ( -19.96394795432355451, -1.999313337530516543, 18.54208778680143510 ) ) ;
#1306 = CARTESIAN_POINT ( 'NONE',  ( 10.44278104929456852, -8.500000000000005329, 17.00000000000000000 ) ) ;
#1307 = CARTESIAN_POINT ( 'NONE',  ( -15.50000000000000000, 15.50000000000000000, 22.00000000000000000 ) ) ;
#1308 = ORIENTED_EDGE ( 'NONE', *, *, #178, .T. ) ;
#1309 = ORIENTED_EDGE ( 'NONE', *, *, #1193, .F. ) ;
#1310 = AXIS2_PLACEMENT_3D ( 'NONE', #1373, #784, #155 ) ;
#1311 = CARTESIAN_POINT ( 'NONE',  ( 24.00000000000000000, -4.542028679955955934E-15, 18.26100590595087425 ) ) ;
#1312 = ORIENTED_EDGE ( 'NONE', *, *, #1658, .F. ) ;
#1313 = DIRECTION ( 'NONE',  ( -0.000000000000000000, -0.000000000000000000, -1.000000000000000000 ) ) ;
#1314 = AXIS2_PLACEMENT_3D ( 'NONE', #677, #842, #33 ) ;
#1315 = EDGE_CURVE ( 'NONE', #839, #1889, #573, .T. ) ;
#1316 = PRODUCT_CONTEXT ( 'NONE', #62, 'mechanical' ) ;
#1317 = CARTESIAN_POINT ( 'NONE',  ( -22.61193607683862083, -2.245032321269204267, 18.62228606649808071 ) ) ;
#1318 = CIRCLE ( 'NONE', #191, 1.750000000000001554 ) ;
#1319 = DIRECTION ( 'NONE',  ( 1.000000000000000000, 0.000000000000000000, 0.000000000000000000 ) ) ;
#1320 = VERTEX_POINT ( 'NONE', #883 ) ;
#1321 = ORIENTED_EDGE ( 'NONE', *, *, #673, .F. ) ;
#1322 = DIRECTION ( 'NONE',  ( -0.000000000000000000, -0.000000000000000000, 1.000000000000000000 ) ) ;
#1323 = ORIENTED_EDGE ( 'NONE', *, *, #235, .F. ) ;
#1324 = CARTESIAN_POINT ( 'NONE',  ( 15.50000000000000000, -15.50000000000000000, 22.00000000000000000 ) ) ;
#1325 = EDGE_CURVE ( 'NONE', #1548, #188, #1640, .T. ) ;
#1326 = DIRECTION ( 'NONE',  ( 0.000000000000000000, 0.000000000000000000, -1.000000000000000000 ) ) ;
#1327 = DIRECTION ( 'NONE',  ( -0.000000000000000000, -0.000000000000000000, -1.000000000000000000 ) ) ;
#1328 = DIRECTION ( 'NONE',  ( 1.000000000000000000, 0.000000000000000000, 0.000000000000000000 ) ) ;
#1329 = CARTESIAN_POINT ( 'NONE',  ( -23.87043558546783473, 0.8110768204494805955, 18.30552108198007133 ) ) ;
#1330 = ORIENTED_EDGE ( 'NONE', *, *, #774, .T. ) ;
#1331 = CARTESIAN_POINT ( 'NONE',  ( 10.44278104929438555, 8.499999999999998224, 17.00000000000000000 ) ) ;
#1332 = CARTESIAN_POINT ( 'NONE',  ( -23.48718921222056011, -1.525592338711128759, 18.42430555897595212 ) ) ;
#1333 = EDGE_CURVE ( 'NONE', #1457, #894, #238, .T. ) ;
#1334 = CARTESIAN_POINT ( 'NONE',  ( -19.55721895070561089, -8.500000000000211386, 17.00000000000000000 ) ) ;
#1335 = EDGE_CURVE ( 'NONE', #2009, #846, #724, .T. ) ;
#1336 = CARTESIAN_POINT ( 'NONE',  ( -24.00000000000000000, 2.147658180479529816E-15, 18.26100590595087425 ) ) ;
#1337 = VECTOR ( 'NONE', #1494, 1000.000000000000000 ) ;
#1338 = ORIENTED_EDGE ( 'NONE', *, *, #66, .F. ) ;
#1339 = FACE_OUTER_BOUND ( 'NONE', #1417, .T. ) ;
#1340 = CARTESIAN_POINT ( 'NONE',  ( -3.494769659541620390E-15, -21.50000000000000000, 14.00000000000000000 ) ) ;
#1341 = AXIS2_PLACEMENT_3D ( 'NONE', #1585, #345, #974 ) ;
#1342 = CIRCLE ( 'NONE', #25, 2.500000000000002220 ) ;
#1343 = AXIS2_PLACEMENT_3D ( 'NONE', #462, #616, #264 ) ;
#1344 = DIRECTION ( 'NONE',  ( -0.000000000000000000, -0.000000000000000000, -1.000000000000000000 ) ) ;
#1345 = EDGE_CURVE ( 'NONE', #929, #1131, #109, .T. ) ;
#1346 = DIRECTION ( 'NONE',  ( 0.000000000000000000, -0.000000000000000000, -1.000000000000000000 ) ) ;
#1347 = AXIS2_PLACEMENT_3D ( 'NONE', #1252, #1, #1261 ) ;
#1348 = VERTEX_POINT ( 'NONE', #1665 ) ;
#1349 = DIRECTION ( 'NONE',  ( -0.000000000000000000, -0.000000000000000000, -1.000000000000000000 ) ) ;
#1350 = CARTESIAN_POINT ( 'NONE',  ( -3.432218950705614002, -8.500000000000106581, 17.00000000000000000 ) ) ;
#1351 = DIRECTION ( 'NONE',  ( 0.000000000000000000, 0.000000000000000000, 1.000000000000000000 ) ) ;
#1352 = LINE ( 'NONE', #1961, #1858 ) ;
#1353 = DIRECTION ( 'NONE',  ( 1.000000000000000000, 0.000000000000000000, 0.000000000000000000 ) ) ;
#1354 = EDGE_CURVE ( 'NONE', #127, #1983, #1212, .T. ) ;
#1355 = ORIENTED_EDGE ( 'NONE', *, *, #1419, .F. ) ;
#1356 = FACE_BOUND ( 'NONE', #726, .T. ) ;
#1357 = DIRECTION ( 'NONE',  ( -0.000000000000000000, 0.000000000000000000, 1.000000000000000000 ) ) ;
#1358 = CARTESIAN_POINT ( 'NONE',  ( 29.99999999999998934, 30.00000000000000711, 22.00000000000000000 ) ) ;
#1359 = DIRECTION ( 'NONE',  ( -1.000000000000000000, 0.000000000000000000, 0.000000000000000000 ) ) ;
#1360 = CARTESIAN_POINT ( 'NONE',  ( -19.55721895070561089, -8.500000000000211386, 17.00000000000000000 ) ) ;
#1361 = DIRECTION ( 'NONE',  ( -1.000000000000000000, 0.000000000000000000, 0.000000000000000000 ) ) ;
#1362 = ORIENTED_EDGE ( 'NONE', *, *, #1838, .T. ) ;
#1363 = ORIENTED_EDGE ( 'NONE', *, *, #130, .T. ) ;
#1364 = DIRECTION ( 'NONE',  ( -1.000000000000000000, 0.000000000000000000, 0.000000000000000000 ) ) ;
#1365 = AXIS2_PLACEMENT_3D ( 'NONE', #565, #258, #892 ) ;
#1366 = ADVANCED_FACE ( 'NONE', ( #70 ), #1174, .F. ) ;
#1367 = VECTOR ( 'NONE', #1380, 1000.000000000000000 ) ;
#1368 = CIRCLE ( 'NONE', #1886, 1.750000000000001554 ) ;
#1369 = CARTESIAN_POINT ( 'NONE',  ( 2.499999999999996447, -21.50000000000000000, 22.00000000000000000 ) ) ;
#1370 = ORIENTED_EDGE ( 'NONE', *, *, #80, .F. ) ;
#1371 = DIRECTION ( 'NONE',  ( 1.000000000000000000, 0.000000000000000000, 0.000000000000000000 ) ) ;
#1372 = B_SPLINE_CURVE_WITH_KNOTS ( 'NONE', 3,
 ( #1387, #1550, #443, #293, #10, #778, #1073, #625, #1573, #1688, #1997, #148, #1062, #283, #917, #159, #1845, #1710, #1719, #1240, #799, #1410, #1540, #611, #454, #1087, #1700, #1420, #478, #114, #1869, #928 ),
 .UNSPECIFIED., .F., .F.,
 ( 4, 2, 2, 2, 2, 2, 2, 2, 2, 2, 2, 2, 2, 2, 2, 4 ),
 ( 0.007878904163586960760, 0.008371217157073106499, 0.008863530150559252238, 0.009355843144045396242, 0.009848156137531541982, 0.01083278212450382652, 0.01132509511798997226, 0.01181740811147611973, 0.01230972110496226721, 0.01280203409844841295, 0.01329434709193455869, 0.01378666008542070442, 0.01427897307890685016, 0.01477128607239299764, 0.01526359906587914511, 0.01575591205936529085 ),
 .UNSPECIFIED. ) ;
#1373 = CARTESIAN_POINT ( 'NONE',  ( 8.005467014174450598E-16, 21.50000000000000000, 22.00000000000000000 ) ) ;
#1374 = VECTOR ( 'NONE', #1786, 1000.000000000000000 ) ;
#1375 = ORIENTED_EDGE ( 'NONE', *, *, #1555, .F. ) ;
#1376 = ORIENTED_EDGE ( 'NONE', *, *, #1650, .T. ) ;
#1377 = FACE_OUTER_BOUND ( 'NONE', #1661, .T. ) ;
#1378 = ORIENTED_EDGE ( 'NONE', *, *, #1431, .F. ) ;
#1379 = EDGE_CURVE ( 'NONE', #937, #227, #1200, .T. ) ;
#1380 = DIRECTION ( 'NONE',  ( -0.000000000000000000, -0.000000000000000000, 1.000000000000000000 ) ) ;
#1381 = CARTESIAN_POINT ( 'NONE',  ( -19.55721895070561089, 8.499999999999788614, 17.00000000000000000 ) ) ;
#1382 = DIRECTION ( 'NONE',  ( -1.000000000000000000, 0.000000000000000000, 0.000000000000000000 ) ) ;
#1383 = CYLINDRICAL_SURFACE ( 'NONE', #1468, 2.500000000000002220 ) ;
#1384 = FACE_BOUND ( 'NONE', #41, .T. ) ;
#1385 = ORIENTED_EDGE ( 'NONE', *, *, #1817, .F. ) ;
#1386 = ORIENTED_EDGE ( 'NONE', *, *, #12, .T. ) ;
#1387 = CARTESIAN_POINT ( 'NONE',  ( 24.00000000000000000, -4.542028679955955934E-15, 18.26100590595087425 ) ) ;
#1388 = ORIENTED_EDGE ( 'NONE', *, *, #210, .F. ) ;
#1389 = CYLINDRICAL_SURFACE ( 'NONE', #1278, 1.124999999999825695 ) ;
#1390 = CARTESIAN_POINT ( 'NONE',  ( -4.557218950705613558, -8.500000000000106581, 22.00000000000000000 ) ) ;
#1391 = EDGE_CURVE ( 'NONE', #202, #1139, #101, .T. ) ;
#1392 = LINE ( 'NONE', #1695, #789 ) ;
#1393 = DIRECTION ( 'NONE',  ( -0.000000000000000000, -0.000000000000000000, -1.000000000000000000 ) ) ;
#1394 = CARTESIAN_POINT ( 'NONE',  ( 30.00000000000000000, -19.99999999999998224, 22.00000000000000000 ) ) ;
#1395 = ORIENTED_EDGE ( 'NONE', *, *, #1870, .F. ) ;
#1396 = ORIENTED_EDGE ( 'NONE', *, *, #824, .T. ) ;
#1397 = FACE_OUTER_BOUND ( 'NONE', #1179, .T. ) ;
#1398 = VERTEX_POINT ( 'NONE', #145 ) ;
#1399 = VECTOR ( 'NONE', #381, 1000.000000000000000 ) ;
#1400 = FACE_OUTER_BOUND ( 'NONE', #768, .T. ) ;
#1401 = DIRECTION ( 'NONE',  ( 0.000000000000000000, 0.000000000000000000, -1.000000000000000000 ) ) ;
#1402 = CARTESIAN_POINT ( 'NONE',  ( -19.55721895070561089, 8.499999999999788614, 22.00000000000000000 ) ) ;
#1403 = VECTOR ( 'NONE', #201, 1000.000000000000000 ) ;
#1404 = LINE ( 'NONE', #764, #279 ) ;
#1405 = DIRECTION ( 'NONE',  ( -1.000000000000000000, 0.000000000000000000, 0.000000000000000000 ) ) ;
#1406 = CIRCLE ( 'NONE', #881, 1.124999999999999334 ) ;
#1407 = ADVANCED_FACE ( 'NONE', ( #278 ), #1069, .F. ) ;
#1408 = EDGE_LOOP ( 'NONE', ( #329, #103, #269, #880 ) ) ;
#1409 = ORIENTED_EDGE ( 'NONE', *, *, #1290, .F. ) ;
#1410 = CARTESIAN_POINT ( 'NONE',  ( 19.97175679894793632, -1.985236694740621477, 18.54148046385981630 ) ) ;
#1411 = ORIENTED_EDGE ( 'NONE', *, *, #1211, .T. ) ;
#1412 = DIRECTION ( 'NONE',  ( -0.000000000000000000, -0.000000000000000000, 1.000000000000000000 ) ) ;
#1413 = FACE_OUTER_BOUND ( 'NONE', #995, .T. ) ;
#1414 = DIRECTION ( 'NONE',  ( 0.000000000000000000, 0.000000000000000000, 1.000000000000000000 ) ) ;
#1415 = DIRECTION ( 'NONE',  ( 0.000000000000000000, 0.000000000000000000, -1.000000000000000000 ) ) ;
#1416 = FACE_OUTER_BOUND ( 'NONE', #599, .T. ) ;
#1417 = EDGE_LOOP ( 'NONE', ( #1464, #814, #1147, #190, #1396, #452 ) ) ;
#1418 = ORIENTED_EDGE ( 'NONE', *, *, #1225, .F. ) ;
#1419 = EDGE_CURVE ( 'NONE', #338, #767, #1970, .T. ) ;
#1420 = CARTESIAN_POINT ( 'NONE',  ( 19.12922754636550948, -0.8101394689396960169, 18.30540904468545094 ) ) ;
#1421 = DIRECTION ( 'NONE',  ( -0.000000000000000000, -0.000000000000000000, -1.000000000000000000 ) ) ;
#1422 =( NAMED_UNIT ( * ) PLANE_ANGLE_UNIT ( ) SI_UNIT ( $, .RADIAN. ) );
#1423 = DIRECTION ( 'NONE',  ( -1.000000000000000000, -0.000000000000000000, -0.000000000000000000 ) ) ;
#1424 = DIRECTION ( 'NONE',  ( 0.000000000000000000, 0.000000000000000000, 1.000000000000000000 ) ) ;
#1425 = SURFACE_SIDE_STYLE ('',( #1865 ) ) ;
#1426 = ORIENTED_EDGE ( 'NONE', *, *, #1225, .T. ) ;
#1427 = ORIENTED_EDGE ( 'NONE', *, *, #810, .T. ) ;
#1428 = CARTESIAN_POINT ( 'NONE',  ( -13.74999999999999822, 15.50000000000000000, 22.00000000000000000 ) ) ;
#1429 = EDGE_CURVE ( 'NONE', #1915, #937, #277, .T. ) ;
#1430 = CARTESIAN_POINT ( 'NONE',  ( -24.00000000000000000, 2.147658180479529816E-15, 18.26100590595087425 ) ) ;
#1431 = EDGE_CURVE ( 'NONE', #1118, #1622, #900, .T. ) ;
#1432 = CARTESIAN_POINT ( 'NONE',  ( -22.05721895070561445, -8.500000000000211386, 17.00000000000000000 ) ) ;
#1433 = CARTESIAN_POINT ( 'NONE',  ( -20.00000000000001066, 30.00000000000000711, 14.00000000000000000 ) ) ;
#1434 = VECTOR ( 'NONE', #430, 1000.000000000000000 ) ;
#1435 = LINE ( 'NONE', #1617, #748 ) ;
#1436 = AXIS2_PLACEMENT_3D ( 'NONE', #365, #1326, #1907 ) ;
#1437 = EDGE_LOOP ( 'NONE', ( #1362, #2006 ) ) ;
#1438 = VERTEX_POINT ( 'NONE', #1716 ) ;
#1439 = CARTESIAN_POINT ( 'NONE',  ( 10.44278104929438555, 8.499999999999998224, 10.81801948466053709 ) ) ;
#1440 = AXIS2_PLACEMENT_3D ( 'NONE', #1813, #727, #1648 ) ;
#1441 = ORIENTED_EDGE ( 'NONE', *, *, #558, .T. ) ;
#1442 = FACE_OUTER_BOUND ( 'NONE', #831, .T. ) ;
#1443 = AXIS2_PLACEMENT_3D ( 'NONE', #1402, #669, #632 ) ;
#1444 = CYLINDRICAL_SURFACE ( 'NONE', #57, 1.750000000000001554 ) ;
#1445 = DIRECTION ( 'NONE',  ( -1.000000000000000000, 0.000000000000000000, 0.000000000000000000 ) ) ;
#1446 = EDGE_CURVE ( 'NONE', #1798, #1804, #1653, .T. ) ;
#1447 = CYLINDRICAL_SURFACE ( 'NONE', #56, 1.124999999999999334 ) ;
#1448 = ORIENTED_EDGE ( 'NONE', *, *, #743, .T. ) ;
#1449 = VERTEX_POINT ( 'NONE', #134 ) ;
#1450 = ORIENTED_EDGE ( 'NONE', *, *, #1203, .F. ) ;
#1451 = DIRECTION ( 'NONE',  ( 0.000000000000000000, 0.000000000000000000, -1.000000000000000000 ) ) ;
#1452 = DIRECTION ( 'NONE',  ( -1.000000000000000000, 0.000000000000000000, 0.000000000000000000 ) ) ;
#1453 = CARTESIAN_POINT ( 'NONE',  ( -19.12928099171848118, -0.8101962554596043864, 18.30542517062890795 ) ) ;
#1454 = CYLINDRICAL_SURFACE ( 'NONE', #1537, 2.500000000000002220 ) ;
#1455 = CARTESIAN_POINT ( 'NONE',  ( -19.55721895070561089, 8.499999999999788614, 17.00000000000000000 ) ) ;
#1456 = EDGE_CURVE ( 'NONE', #742, #816, #1113, .T. ) ;
#1457 = VERTEX_POINT ( 'NONE', #1394 ) ;
#1458 = ORIENTED_EDGE ( 'NONE', *, *, #1735, .T. ) ;
#1459 = CARTESIAN_POINT ( 'NONE',  ( 17.25000000000000000, 15.50000000000000000, 22.00000000000000000 ) ) ;
#1460 = ORIENTED_EDGE ( 'NONE', *, *, #38, .F. ) ;
#1461 = CARTESIAN_POINT ( 'NONE',  ( -23.87077245363447986, -0.8101394689396920201, 18.30540904468544738 ) ) ;
#1462 = CARTESIAN_POINT ( 'NONE',  ( -21.33584022036449568, -2.500037921059802049, 18.71232615581300962 ) ) ;
#1463 = CARTESIAN_POINT ( 'NONE',  ( 10.44278104929456852, -8.500000000000005329, 17.00000000000000000 ) ) ;
#1464 = ORIENTED_EDGE ( 'NONE', *, *, #1315, .F. ) ;
#1465 = FACE_BOUND ( 'NONE', #765, .T. ) ;
#1466 = ORIENTED_EDGE ( 'NONE', *, *, #891, .F. ) ;
#1467 = CARTESIAN_POINT ( 'NONE',  ( -3.494769659541620390E-15, -21.50000000000000000, 14.00000000000000000 ) ) ;
#1468 = AXIS2_PLACEMENT_3D ( 'NONE', #934, #6, #143 ) ;
#1469 = CARTESIAN_POINT ( 'NONE',  ( 21.50000000000000000, -4.841881138603709386E-15, 22.00000000000000000 ) ) ;
#1470 = ADVANCED_FACE ( 'NONE', ( #1707 ), #1218, .F. ) ;
#1471 = AXIS2_PLACEMENT_3D ( 'NONE', #1455, #1136, #847 ) ;
#1472 = AXIS2_PLACEMENT_3D ( 'NONE', #961, #1295, #19 ) ;
#1473 = ORIENTED_EDGE ( 'NONE', *, *, #1807, .F. ) ;
#1474 = DIRECTION ( 'NONE',  ( 1.000000000000000000, 0.000000000000000000, 0.000000000000000000 ) ) ;
#1475 = AXIS2_PLACEMENT_3D ( 'NONE', #332, #1623, #489 ) ;
#1476 = AXIS2_PLACEMENT_3D ( 'NONE', #561, #1944, #64 ) ;
#1477 = DIRECTION ( 'NONE',  ( 1.000000000000000000, 0.000000000000000000, 0.000000000000000000 ) ) ;
#1478 = VERTEX_POINT ( 'NONE', #620 ) ;
#1479 = CARTESIAN_POINT ( 'NONE',  ( 13.74999999999999822, 15.50000000000000000, 22.00000000000000000 ) ) ;
#1480 = ORIENTED_EDGE ( 'NONE', *, *, #396, .T. ) ;
#1481 = CARTESIAN_POINT ( 'NONE',  ( 15.50000000000000000, 15.50000000000000000, 22.00000000000000000 ) ) ;
#1482 = EDGE_LOOP ( 'NONE', ( #1950, #347 ) ) ;
#1483 = DIRECTION ( 'NONE',  ( -1.000000000000000000, 0.000000000000000000, -0.000000000000000000 ) ) ;
#1484 = ADVANCED_FACE ( 'NONE', ( #302, #1247, #1971, #1856, #935, #1384, #634, #1556, #1258, #1866, #585, #313, #1520, #1105, #751 ), #945, .F. ) ;
#1485 = CARTESIAN_POINT ( 'NONE',  ( -23.66779657342267029, -1.255790972000035755, 18.37080684931925845 ) ) ;
#1486 = EDGE_CURVE ( 'NONE', #1398, #741, #290, .T. ) ;
#1487 = DIRECTION ( 'NONE',  ( -0.000000000000000000, -0.000000000000000000, -1.000000000000000000 ) ) ;
#1488 = CARTESIAN_POINT ( 'NONE',  ( -18.99999999999999645, 2.447510639731015874E-15, 18.26100590595087425 ) ) ;
#1489 = EDGE_LOOP ( 'NONE', ( #1338, #1282, #1330, #410 ) ) ;
#1490 = CARTESIAN_POINT ( 'NONE',  ( 8.005467014174450598E-16, 21.50000000000000000, 22.00000000000000000 ) ) ;
#1491 = EDGE_CURVE ( 'NONE', #862, #274, #1994, .T. ) ;
#1492 = EDGE_CURVE ( 'NONE', #697, #431, #619, .T. ) ;
#1493 = CYLINDRICAL_SURFACE ( 'NONE', #980, 2.500000000000002220 ) ;
#1494 = DIRECTION ( 'NONE',  ( 0.000000000000000000, 0.000000000000000000, -1.000000000000000000 ) ) ;
#1495 = VERTEX_POINT ( 'NONE', #439 ) ;
#1496 = PLANE ( 'NONE',  #1188 ) ;
#1497 = CARTESIAN_POINT ( 'NONE',  ( 20.00000000000000000, -19.99999999999998579, 22.00000000000000000 ) ) ;
#1498 = CIRCLE ( 'NONE', #1756, 2.500000000000002220 ) ;
#1499 = AXIS2_PLACEMENT_3D ( 'NONE', #1883, #1255, #615 ) ;
#1500 = CIRCLE ( 'NONE', #627, 10.00000000000000000 ) ;
#1501 = DIRECTION ( 'NONE',  ( 0.000000000000000000, 0.000000000000000000, 1.000000000000000000 ) ) ;
#1502 = EDGE_CURVE ( 'NONE', #1320, #1857, #1840, .T. ) ;
#1503 = CIRCLE ( 'NONE', #326, 2.500000000000002220 ) ;
#1504 = AXIS2_PLACEMENT_3D ( 'NONE', #309, #1111, #1575 ) ;
#1505 = CARTESIAN_POINT ( 'NONE',  ( -19.61669329101149728, 1.652137721134298465, 18.45349109924376663 ) ) ;
#1506 = ORIENTED_EDGE ( 'NONE', *, *, #1750, .T. ) ;
#1507 = LINE ( 'NONE', #853, #557 ) ;
#1508 = CARTESIAN_POINT ( 'NONE',  ( 11.56778104929439444, -8.500000000000005329, 10.81801948466053709 ) ) ;
#1509 = CARTESIAN_POINT ( 'NONE',  ( 12.94278104929438911, 8.499999999999998224, 17.00000000000000000 ) ) ;
#1510 = ORIENTED_EDGE ( 'NONE', *, *, #80, .T. ) ;
#1511 = FACE_OUTER_BOUND ( 'NONE', #71, .T. ) ;
#1512 = CARTESIAN_POINT ( 'NONE',  ( -2.500000000000003553, -21.50000000000000000, 22.00000000000000000 ) ) ;
#1513 = ADVANCED_FACE ( 'NONE', ( #1082, #643 ), #7, .T. ) ;
#1514 = ORIENTED_EDGE ( 'NONE', *, *, #577, .F. ) ;
#1515 = ORIENTED_EDGE ( 'NONE', *, *, #1644, .F. ) ;
#1516 = CARTESIAN_POINT ( 'NONE',  ( -19.55721895070561089, -8.500000000000211386, 17.00000000000000000 ) ) ;
#1517 = LINE ( 'NONE', #237, #1565 ) ;
#1518 = CARTESIAN_POINT ( 'NONE',  ( 29.99999999999998934, 30.00000000000000711, 14.00000000000000000 ) ) ;
#1519 = DIRECTION ( 'NONE',  ( 0.000000000000000000, 0.000000000000000000, -1.000000000000000000 ) ) ;
#1520 = FACE_BOUND ( 'NONE', #270, .T. ) ;
#1521 = ORIENTED_EDGE ( 'NONE', *, *, #1056, .F. ) ;
#1522 = ORIENTED_EDGE ( 'NONE', *, *, #1629, .F. ) ;
#1523 = ADVANCED_FACE ( 'NONE', ( #1416 ), #1114, .F. ) ;
#1524 = CARTESIAN_POINT ( 'NONE',  ( 20.84770852769407412, 2.419028611976855370, 18.68255980193612587 ) ) ;
#1525 = VECTOR ( 'NONE', #449, 1000.000000000000000 ) ;
#1526 = CIRCLE ( 'NONE', #1116, 1.124999999999999334 ) ;
#1527 = AXIS2_PLACEMENT_3D ( 'NONE', #1582, #1731, #43 ) ;
#1528 = CYLINDRICAL_SURFACE ( 'NONE', #149, 1.750000000000001554 ) ;
#1529 = DIRECTION ( 'NONE',  ( 0.000000000000000000, 0.000000000000000000, -1.000000000000000000 ) ) ;
#1530 = DIRECTION ( 'NONE',  ( 1.000000000000000000, 0.000000000000000000, 0.000000000000000000 ) ) ;
#1531 = CIRCLE ( 'NONE', #1601, 1.124999999999999334 ) ;
#1532 = FILL_AREA_STYLE_COLOUR ( '', #1881 ) ;
#1533 = CIRCLE ( 'NONE', #1820, 2.500000000000002220 ) ;
#1534 = AXIS2_PLACEMENT_3D ( 'NONE', #1615, #1210, #208 ) ;
#1535 = CARTESIAN_POINT ( 'NONE',  ( -21.50000000000000000, 2.147658180479529816E-15, 14.00000000000000000 ) ) ;
#1536 = CIRCLE ( 'NONE', #1021, 1.124999999999999334 ) ;
#1537 = AXIS2_PLACEMENT_3D ( 'NONE', #1306, #1918, #527 ) ;
#1538 = VERTEX_POINT ( 'NONE', #2016 ) ;
#1539 = EDGE_LOOP ( 'NONE', ( #1676, #1312 ) ) ;
#1540 = CARTESIAN_POINT ( 'NONE',  ( 19.84686236659578285, -1.882390701648603892, 18.51223146204045023 ) ) ;
#1541 = CIRCLE ( 'NONE', #760, 1.750000000000001554 ) ;
#1542 = ADVANCED_FACE ( 'NONE', ( #1696 ), #1681, .F. ) ;
#1543 = EDGE_CURVE ( 'NONE', #703, #1667, #1919, .T. ) ;
#1544 = FACE_OUTER_BOUND ( 'NONE', #1647, .T. ) ;
#1545 = LINE ( 'NONE', #772, #950 ) ;
#1546 = CARTESIAN_POINT ( 'NONE',  ( -7.057218950705615335, 8.499999999999895195, 14.00000000000000000 ) ) ;
#1547 = CARTESIAN_POINT ( 'NONE',  ( -3.494769659541620390E-15, -21.50000000000000000, 22.00000000000000000 ) ) ;
#1548 = VERTEX_POINT ( 'NONE', #1576 ) ;
#1549 = ORIENTED_EDGE ( 'NONE', *, *, #480, .F. ) ;
#1550 = CARTESIAN_POINT ( 'NONE',  ( 24.00000000000000355, -0.1640618714867098649, 18.26100590595087425 ) ) ;
#1551 = ORIENTED_EDGE ( 'NONE', *, *, #325, .F. ) ;
#1552 = CARTESIAN_POINT ( 'NONE',  ( -4.557218950705613558, 8.499999999999895195, 17.00000000000000000 ) ) ;
#1553 = CARTESIAN_POINT ( 'NONE',  ( -19.55721895070561089, -8.500000000000211386, 14.00000000000000000 ) ) ;
#1554 = DIRECTION ( 'NONE',  ( -1.000000000000000000, 0.000000000000000000, 0.000000000000000000 ) ) ;
#1555 = EDGE_CURVE ( 'NONE', #1571, #560, #653, .T. ) ;
#1556 = FACE_BOUND ( 'NONE', #1437, .T. ) ;
#1557 = VERTEX_POINT ( 'NONE', #1875 ) ;
#1558 = ORIENTED_EDGE ( 'NONE', *, *, #1190, .F. ) ;
#1559 = CARTESIAN_POINT ( 'NONE',  ( 19.33254024543402139, 1.256458164662900057, 18.37091581421683983 ) ) ;
#1560 = ORIENTED_EDGE ( 'NONE', *, *, #871, .F. ) ;
#1561 = VECTOR ( 'NONE', #913, 1000.000000000000000 ) ;
#1562 = DIRECTION ( 'NONE',  ( -0.000000000000000000, -0.000000000000000000, -1.000000000000000000 ) ) ;
#1563 = DIRECTION ( 'NONE',  ( 0.000000000000000000, 0.000000000000000000, 1.000000000000000000 ) ) ;
#1564 = CARTESIAN_POINT ( 'NONE',  ( -5.682218950705612670, 8.499999999999895195, 17.00000000000000000 ) ) ;
#1565 = VECTOR ( 'NONE', #254, 1000.000000000000000 ) ;
#1566 = CARTESIAN_POINT ( 'NONE',  ( -19.55721895070561089, 8.499999999999788614, 10.81801948466053709 ) ) ;
#1567 = ADVANCED_FACE ( 'NONE', ( #473 ), #1094, .F. ) ;
#1568 = VECTOR ( 'NONE', #1742, 1000.000000000000000 ) ;
#1569 = CARTESIAN_POINT ( 'NONE',  ( 0.000000000000000000, 0.000000000000000000, 14.00000000000000000 ) ) ;
#1570 = AXIS2_PLACEMENT_3D ( 'NONE', #1324, #1039, #79 ) ;
#1571 = VERTEX_POINT ( 'NONE', #484 ) ;
#1572 = EDGE_LOOP ( 'NONE', ( #965, #1219, #613, #1612 ) ) ;
#1573 = CARTESIAN_POINT ( 'NONE',  ( 23.38265828473581109, -1.652959530684047440, 18.45367723201125187 ) ) ;
#1574 = PLANE ( 'NONE',  #1123 ) ;
#1575 = DIRECTION ( 'NONE',  ( 1.000000000000000000, 0.000000000000000000, 0.000000000000000000 ) ) ;
#1576 = CARTESIAN_POINT ( 'NONE',  ( -24.00000000000000000, 2.147658180479529816E-15, 18.26100590595087425 ) ) ;
#1577 = VERTEX_POINT ( 'NONE', #633 ) ;
#1578 = VERTEX_POINT ( 'NONE', #1104 ) ;
#1579 = CARTESIAN_POINT ( 'NONE',  ( 24.00000000000000000, 0.1641013668445366613, 18.26100590595088136 ) ) ;
#1580 = ORIENTED_EDGE ( 'NONE', *, *, #1070, .F. ) ;
#1581 = ADVANCED_FACE ( 'NONE', ( #1992 ), #1383, .F. ) ;
#1582 = CARTESIAN_POINT ( 'NONE',  ( -4.557218950705613558, 8.499999999999895195, 22.00000000000000000 ) ) ;
#1583 = DIRECTION ( 'NONE',  ( -0.000000000000000000, 0.000000000000000000, 1.000000000000000000 ) ) ;
#1584 = CARTESIAN_POINT ( 'NONE',  ( 19.99999999999999289, 30.00000000000000711, 14.00000000000000000 ) ) ;
#1585 = CARTESIAN_POINT ( 'NONE',  ( -4.557218950705613558, -8.500000000000106581, 17.00000000000000000 ) ) ;
#1586 = EDGE_LOOP ( 'NONE', ( #1923, #902 ) ) ;
#1587 = EDGE_LOOP ( 'NONE', ( #1737, #1170, #1510, #915 ) ) ;
#1588 = CARTESIAN_POINT ( 'NONE',  ( -15.50000000000000000, 15.50000000000000000, 22.00000000000000000 ) ) ;
#1589 = CARTESIAN_POINT ( 'NONE',  ( -21.50000000000000000, 2.147658180479529816E-15, 22.00000000000000000 ) ) ;
#1590 = ADVANCED_FACE ( 'NONE', ( #618 ), #324, .T. ) ;
#1591 = DIRECTION ( 'NONE',  ( 1.000000000000000000, 0.000000000000000000, 0.000000000000000000 ) ) ;
#1592 = FACE_OUTER_BOUND ( 'NONE', #786, .T. ) ;
#1593 = CARTESIAN_POINT ( 'NONE',  ( 10.44278104929438555, 8.499999999999998224, 17.00000000000000000 ) ) ;
#1594 = AXIS2_PLACEMENT_3D ( 'NONE', #1934, #1346, #1037 ) ;
#1595 = DIRECTION ( 'NONE',  ( -1.000000000000000000, 0.000000000000000000, 0.000000000000000000 ) ) ;
#1596 = AXIS2_PLACEMENT_3D ( 'NONE', #244, #737, #555 ) ;
#1597 = VECTOR ( 'NONE', #780, 1000.000000000000000 ) ;
#1598 = ORIENTED_EDGE ( 'NONE', *, *, #1860, .F. ) ;
#1599 = ORIENTED_EDGE ( 'NONE', *, *, #1248, .T. ) ;
#1600 = LINE ( 'NONE', #192, #1690 ) ;
#1601 = AXIS2_PLACEMENT_3D ( 'NONE', #1244, #108, #1382 ) ;
#1602 = CYLINDRICAL_SURFACE ( 'NONE', #2011, 2.500000000000000000 ) ;
#1603 = ADVANCED_FACE ( 'NONE', ( #276 ), #1266, .F. ) ;
#1604 = DIRECTION ( 'NONE',  ( 0.000000000000000000, 0.000000000000000000, 1.000000000000000000 ) ) ;
#1605 = FACE_OUTER_BOUND ( 'NONE', #1926, .T. ) ;
#1606 = EDGE_CURVE ( 'NONE', #95, #682, #1235, .T. ) ;
#1607 = FACE_OUTER_BOUND ( 'NONE', #291, .T. ) ;
#1608 = EDGE_LOOP ( 'NONE', ( #260, #1599 ) ) ;
#1609 = EDGE_LOOP ( 'NONE', ( #749, #1409 ) ) ;
#1610 = MANIFOLD_SOLID_BREP ( 'Cut-Extrude4', #696 ) ;
#1611 = LINE ( 'NONE', #1459, #906 ) ;
#1612 = ORIENTED_EDGE ( 'NONE', *, *, #341, .T. ) ;
#1613 = CARTESIAN_POINT ( 'NONE',  ( -19.55721895070561089, -8.500000000000211386, 22.00000000000000000 ) ) ;
#1614 = CARTESIAN_POINT ( 'NONE',  ( -30.00000000000002487, -6.938893903907234689E-15, 25.41100590595086928 ) ) ;
#1615 = CARTESIAN_POINT ( 'NONE',  ( -30.00000000000001066, 30.00000000000000711, 22.00000000000000000 ) ) ;
#1616 = ORIENTED_EDGE ( 'NONE', *, *, #743, .F. ) ;
#1617 = CARTESIAN_POINT ( 'NONE',  ( 7.942781049294383777, 8.499999999999998224, 17.00000000000000000 ) ) ;
#1618 = EDGE_CURVE ( 'NONE', #2009, #537, #1404, .T. ) ;
#1619 = ORIENTED_EDGE ( 'NONE', *, *, #1870, .T. ) ;
#1620 = VERTEX_POINT ( 'NONE', #1627 ) ;
#1621 = CARTESIAN_POINT ( 'NONE',  ( 13.74999999999999822, -15.50000000000000000, 22.00000000000000000 ) ) ;
#1622 = VERTEX_POINT ( 'NONE', #496 ) ;
#1623 = DIRECTION ( 'NONE',  ( -0.000000000000000000, -0.000000000000000000, -1.000000000000000000 ) ) ;
#1624 = VERTEX_POINT ( 'NONE', #670 ) ;
#1625 = CARTESIAN_POINT ( 'NONE',  ( -19.08135032415748711, -0.6538146882034702179, 18.28910773459800509 ) ) ;
#1626 = ORIENTED_EDGE ( 'NONE', *, *, #144, .T. ) ;
#1627 = CARTESIAN_POINT ( 'NONE',  ( 29.99999999999999289, 20.00000000000000711, 22.00000000000000000 ) ) ;
#1628 = AXIS2_PLACEMENT_3D ( 'NONE', #1267, #796, #1876 ) ;
#1629 = EDGE_CURVE ( 'NONE', #852, #1128, #246, .T. ) ;
#1630 = DIRECTION ( 'NONE',  ( -0.000000000000000000, 0.000000000000000000, 1.000000000000000000 ) ) ;
#1631 = CARTESIAN_POINT ( 'NONE',  ( -19.25446670992236875, 1.110919732284116890, 18.34620474942639845 ) ) ;
#1632 = AXIS2_PLACEMENT_3D ( 'NONE', #273, #629, #286 ) ;
#1633 = AXIS2_PLACEMENT_3D ( 'NONE', #1233, #1863, #1694 ) ;
#1634 = ORIENTED_EDGE ( 'NONE', *, *, #1491, .T. ) ;
#1635 = CARTESIAN_POINT ( 'NONE',  ( -18.43221895070561445, -8.500000000000211386, 17.00000000000000000 ) ) ;
#1636 = CARTESIAN_POINT ( 'NONE',  ( 15.50000000000000000, -15.50000000000000000, 22.00000000000000000 ) ) ;
#1637 = CIRCLE ( 'NONE', #756, 2.500000000000002220 ) ;
#1638 = CARTESIAN_POINT ( 'NONE',  ( -19.55721895070561089, -8.500000000000211386, 22.00000000000000000 ) ) ;
#1639 = VECTOR ( 'NONE', #1265, 1000.000000000000000 ) ;
#1640 = B_SPLINE_CURVE_WITH_KNOTS ( 'NONE', 3,
 ( #1336, #232, #1652, #1646, #1329, #740, #84, #1803, #1048, #225, #1796, #247, #1029, #861, #1949, #77, #549, #1183, #541, #1788, #868, #559, #1192, #1505, #1207, #1641, #1631, #94, #1962, #403, #1778, #1488 ),
 .UNSPECIFIED., .F., .F.,
 ( 4, 2, 2, 2, 2, 2, 2, 2, 2, 2, 2, 2, 2, 2, 2, 4 ),
 ( 0.000000000000000000, 0.0004924315102241877580, 0.0009848630204483755160, 0.001477294530672563491, 0.001969726040896751032, 0.002954589061345119175, 0.003447020571569303464, 0.003939452081793487319, 0.004431883592017671174, 0.004924315102241855896, 0.005416746612466039751, 0.005909178122690224473, 0.006401609632914409195, 0.006894041143138593050, 0.007386472653362777772, 0.007878904163586960760 ),
 .UNSPECIFIED. ) ;
#1641 = CARTESIAN_POINT ( 'NONE',  ( -19.33296390815781152, 1.257137227315050954, 18.37104390199886339 ) ) ;
#1642 = ORIENTED_EDGE ( 'NONE', *, *, #1001, .F. ) ;
#1643 = DIRECTION ( 'NONE',  ( -0.000000000000000000, -0.000000000000000000, 1.000000000000000000 ) ) ;
#1644 = EDGE_CURVE ( 'NONE', #1983, #588, #1002, .T. ) ;
#1645 = DIRECTION ( 'NONE',  ( -1.000000000000000000, 0.000000000000000000, -0.000000000000000000 ) ) ;
#1646 = CARTESIAN_POINT ( 'NONE',  ( -23.91916100382783839, 0.6515499137625742065, 18.28893269141074995 ) ) ;
#1647 = EDGE_LOOP ( 'NONE', ( #485, #770, #314, #1993 ) ) ;
#1648 = DIRECTION ( 'NONE',  ( -1.000000000000000000, 0.000000000000000000, 0.000000000000000000 ) ) ;
#1649 = DIRECTION ( 'NONE',  ( 1.000000000000000000, 0.000000000000000000, 0.000000000000000000 ) ) ;
#1650 = EDGE_CURVE ( 'NONE', #1548, #1798, #1734, .T. ) ;
#1651 = FACE_OUTER_BOUND ( 'NONE', #499, .T. ) ;
#1652 = CARTESIAN_POINT ( 'NONE',  ( -23.98351516902936709, 0.3301661063258545803, 18.26681704327182132 ) ) ;
#1653 = CIRCLE ( 'NONE', #1276, 2.500000000000002220 ) ;
#1654 = ORIENTED_EDGE ( 'NONE', *, *, #930, .T. ) ;
#1655 = DIRECTION ( 'NONE',  ( -0.000000000000000000, 0.000000000000000000, 1.000000000000000000 ) ) ;
#1656 = CARTESIAN_POINT ( 'NONE',  ( 17.25000000000000000, -15.50000000000000000, 22.00000000000000000 ) ) ;
#1657 = AXIS2_PLACEMENT_3D ( 'NONE', #363, #206, #1452 ) ;
#1658 = EDGE_CURVE ( 'NONE', #959, #1061, #1245, .T. ) ;
#1659 = PRODUCT ( 'Backup of Component3(Mirror) cf rod 1', 'Backup of Component3(Mirror) cf rod 1', '', ( #1316 ) ) ;
#1660 = DIRECTION ( 'NONE',  ( -0.000000000000000000, 0.000000000000000000, 1.000000000000000000 ) ) ;
#1661 = EDGE_LOOP ( 'NONE', ( #467, #175, #1064, #266 ) ) ;
#1662 = DIRECTION ( 'NONE',  ( -1.000000000000000000, 0.000000000000000000, 0.000000000000000000 ) ) ;
#1663 = ADVANCED_FACE ( 'NONE', ( #1909 ), #1289, .F. ) ;
#1664 = AXIS2_PLACEMENT_3D ( 'NONE', #261, #1033, #876 ) ;
#1665 = CARTESIAN_POINT ( 'NONE',  ( 11.56778104929439444, -8.500000000000005329, 17.00000000000000000 ) ) ;
#1666 = EDGE_LOOP ( 'NONE', ( #1378, #1739, #1071, #1096 ) ) ;
#1667 = VERTEX_POINT ( 'NONE', #1126 ) ;
#1668 = CARTESIAN_POINT ( 'NONE',  ( 18.99999999999999645, -4.841881138603709386E-15, 18.26100590595087425 ) ) ;
#1669 = APPLICATION_CONTEXT ( 'automotive_design' ) ;
#1670 = CARTESIAN_POINT ( 'NONE',  ( 29.99999999999999645, -6.283911099750548956, 22.00000000000000000 ) ) ;
#1671 = DIRECTION ( 'NONE',  ( 0.000000000000000000, 0.000000000000000000, 1.000000000000000000 ) ) ;
#1672 = CARTESIAN_POINT ( 'NONE',  ( -3.432218950705614002, 8.499999999999895195, 17.00000000000000000 ) ) ;
#1673 = EDGE_CURVE ( 'NONE', #157, #1495, #1435, .T. ) ;
#1674 = DIRECTION ( 'NONE',  ( -0.000000000000000000, 0.000000000000000000, 1.000000000000000000 ) ) ;
#1675 = ORIENTED_EDGE ( 'NONE', *, *, #325, .T. ) ;
#1676 = ORIENTED_EDGE ( 'NONE', *, *, #648, .F. ) ;
#1677 = CARTESIAN_POINT ( 'NONE',  ( 19.96188532859835973, 1.997196779257210952, 18.54155504180554814 ) ) ;
#1678 = CARTESIAN_POINT ( 'NONE',  ( -22.05721895070561445, 8.499999999999788614, 14.00000000000000000 ) ) ;
#1679 = DIRECTION ( 'NONE',  ( -1.000000000000000000, 0.000000000000000000, 0.000000000000000000 ) ) ;
#1680 = DIRECTION ( 'NONE',  ( 0.000000000000000000, 0.000000000000000000, -1.000000000000000000 ) ) ;
#1681 = CYLINDRICAL_SURFACE ( 'NONE', #1721, 2.500000000000002220 ) ;
#1682 = ORIENTED_EDGE ( 'NONE', *, *, #1333, .F. ) ;
#1683 = CARTESIAN_POINT ( 'NONE',  ( -30.00000000000002487, -6.283911099750562279, 22.00000000000000000 ) ) ;
#1684 = ADVANCED_FACE ( 'NONE', ( #528 ), #1447, .F. ) ;
#1685 = VERTEX_POINT ( 'NONE', #46 ) ;
#1686 = VERTEX_POINT ( 'NONE', #221 ) ;
#1687 = PRODUCT_DEFINITION_CONTEXT ( 'detailed design', #1669, 'design' ) ;
#1688 = CARTESIAN_POINT ( 'NONE',  ( 23.03605204567645259, -1.999313337530524315, 18.54208778680144221 ) ) ;
#1689 = ADVANCED_FACE ( 'NONE', ( #1607, #1465, #1899 ), #209, .F. ) ;
#1690 = VECTOR ( 'NONE', #832, 1000.000000000000000 ) ;
#1691 = EDGE_LOOP ( 'NONE', ( #753, #1933, #1634, #1106 ) ) ;
#1692 = VECTOR ( 'NONE', #972, 1000.000000000000000 ) ;
#1693 = CARTESIAN_POINT ( 'NONE',  ( 7.942781049294565854, -8.500000000000005329, 17.00000000000000000 ) ) ;
#1694 = DIRECTION ( 'NONE',  ( -1.000000000000000000, 0.000000000000000000, 0.000000000000000000 ) ) ;
#1695 = CARTESIAN_POINT ( 'NONE',  ( 24.00000000000000000, -4.535719438816871516E-15, 22.00000000000000000 ) ) ;
#1696 = FACE_OUTER_BOUND ( 'NONE', #1587, .T. ) ;
#1697 = DIRECTION ( 'NONE',  ( 1.000000000000000000, 0.000000000000000000, 0.000000000000000000 ) ) ;
#1698 = ORIENTED_EDGE ( 'NONE', *, *, #1354, .F. ) ;
#1699 = ORIENTED_EDGE ( 'NONE', *, *, #1702, .F. ) ;
#1700 = CARTESIAN_POINT ( 'NONE',  ( 19.25535788075982424, -1.112865554583713612, 18.34649155807246856 ) ) ;
#1701 = EDGE_LOOP ( 'NONE', ( #1549, #927 ) ) ;
#1702 = EDGE_CURVE ( 'NONE', #1128, #610, #68, .T. ) ;
#1703 = DIRECTION ( 'NONE',  ( -0.000000000000000000, -0.000000000000000000, -1.000000000000000000 ) ) ;
#1704 = DIRECTION ( 'NONE',  ( 0.000000000000000000, 0.000000000000000000, -1.000000000000000000 ) ) ;
#1705 = CARTESIAN_POINT ( 'NONE',  ( 7.942781049294565854, -8.500000000000005329, 14.00000000000000000 ) ) ;
#1706 = DIRECTION ( 'NONE',  ( -1.000000000000000000, 0.000000000000000000, 0.000000000000000000 ) ) ;
#1707 = FACE_OUTER_BOUND ( 'NONE', #1175, .T. ) ;
#1708 = VERTEX_POINT ( 'NONE', #1298 ) ;
#1709 = ORIENTED_EDGE ( 'NONE', *, *, #1606, .T. ) ;
#1710 = CARTESIAN_POINT ( 'NONE',  ( 20.84783238012020590, -2.419070624235425182, 18.68257486108528553 ) ) ;
#1711 = ORIENTED_EDGE ( 'NONE', *, *, #211, .T. ) ;
#1712 = EDGE_CURVE ( 'NONE', #1577, #1268, #1921, .T. ) ;
#1713 = CARTESIAN_POINT ( 'NONE',  ( 10.44278104929456852, -8.500000000000005329, 10.81801948466053709 ) ) ;
#1714 = CARTESIAN_POINT ( 'NONE',  ( -19.55721895070561089, 8.499999999999788614, 17.00000000000000000 ) ) ;
#1715 = CYLINDRICAL_SURFACE ( 'NONE', #503, 2.500000000000002220 ) ;
#1716 = CARTESIAN_POINT ( 'NONE',  ( 18.99999999999999645, -4.841881138603709386E-15, 14.00000000000000000 ) ) ;
#1717 = ORIENTED_EDGE ( 'NONE', *, *, #165, .F. ) ;
#1718 = ORIENTED_EDGE ( 'NONE', *, *, #1492, .T. ) ;
#1719 = CARTESIAN_POINT ( 'NONE',  ( 20.68900781518114584, -2.370414233563712614, 18.66504240594275288 ) ) ;
#1720 = ORIENTED_EDGE ( 'NONE', *, *, #1335, .F. ) ;
#1721 = AXIS2_PLACEMENT_3D ( 'NONE', #1887, #1257, #942 ) ;
#1722 = DIRECTION ( 'NONE',  ( 0.000000000000000000, 0.000000000000000000, 1.000000000000000000 ) ) ;
#1723 = FACE_OUTER_BOUND ( 'NONE', #1199, .T. ) ;
#1724 = DIRECTION ( 'NONE',  ( -0.000000000000000000, -0.000000000000000000, -1.000000000000000000 ) ) ;
#1725 = CIRCLE ( 'NONE', #823, 2.500000000000002220 ) ;
#1726 = CARTESIAN_POINT ( 'NONE',  ( 15.50000000000000000, 15.50000000000000000, 22.00000000000000000 ) ) ;
#1727 = EDGE_CURVE ( 'NONE', #1154, #315, #525, .T. ) ;
#1728 = ORIENTED_EDGE ( 'NONE', *, *, #310, .F. ) ;
#1729 = EDGE_LOOP ( 'NONE', ( #1720, #1819, #1119, #340 ) ) ;
#1730 = DIRECTION ( 'NONE',  ( -1.000000000000000000, 0.000000000000000000, 0.000000000000000000 ) ) ;
#1731 = DIRECTION ( 'NONE',  ( -0.000000000000000000, 0.000000000000000000, 1.000000000000000000 ) ) ;
#1732 = DIRECTION ( 'NONE',  ( 1.000000000000000000, 0.000000000000000000, 0.000000000000000000 ) ) ;
#1733 = CARTESIAN_POINT ( 'NONE',  ( -13.74999999999999822, -15.50000000000000000, 22.00000000000000000 ) ) ;
#1734 = LINE ( 'NONE', #538, #1948 ) ;
#1735 = EDGE_CURVE ( 'NONE', #48, #1250, #622, .T. ) ;
#1736 = ORIENTED_EDGE ( 'NONE', *, *, #971, .T. ) ;
#1737 = ORIENTED_EDGE ( 'NONE', *, *, #21, .F. ) ;
#1738 = CARTESIAN_POINT ( 'NONE',  ( 23.87076007305523362, 0.8099747430828982964, 18.30540959400240553 ) ) ;
#1739 = ORIENTED_EDGE ( 'NONE', *, *, #211, .F. ) ;
#1740 = CARTESIAN_POINT ( 'NONE',  ( 12.94278104929457029, -8.500000000000005329, 14.00000000000000000 ) ) ;
#1741 = APPLICATION_PROTOCOL_DEFINITION ( 'draft international standard', 'automotive_design', 1998, #62 ) ;
#1742 = DIRECTION ( 'NONE',  ( -0.000000000000000000, -0.000000000000000000, -1.000000000000000000 ) ) ;
#1743 = LINE ( 'NONE', #1753, #955 ) ;
#1744 = CARTESIAN_POINT ( 'NONE',  ( 15.50000000000000000, -15.50000000000000000, 14.00000000000000000 ) ) ;
#1745 = VERTEX_POINT ( 'NONE', #1146 ) ;
#1746 = VERTEX_POINT ( 'NONE', #1755 ) ;
#1747 = ADVANCED_FACE ( 'NONE', ( #369, #1931, #357, #1776, #836, #706, #680 ), #964, .T. ) ;
#1748 = DIRECTION ( 'NONE',  ( -1.000000000000000000, 0.000000000000000000, 0.000000000000000000 ) ) ;
#1749 = DIRECTION ( 'NONE',  ( -0.000000000000000000, 0.000000000000000000, 1.000000000000000000 ) ) ;
#1750 = EDGE_CURVE ( 'NONE', #542, #29, #554, .T. ) ;
#1751 = CARTESIAN_POINT ( 'NONE',  ( 0.000000000000000000, 0.000000000000000000, 0.000000000000000000 ) ) ;
#1752 = DIRECTION ( 'NONE',  ( -1.000000000000000000, -0.000000000000000000, -0.000000000000000000 ) ) ;
#1753 = CARTESIAN_POINT ( 'NONE',  ( -18.43221895070561445, 8.499999999999788614, 10.81801948466053709 ) ) ;
#1754 = AXIS2_PLACEMENT_3D ( 'NONE', #597, #1227, #1831 ) ;
#1755 = CARTESIAN_POINT ( 'NONE',  ( 11.56778104929438555, 8.499999999999998224, 22.00000000000000000 ) ) ;
#1756 = AXIS2_PLACEMENT_3D ( 'NONE', #896, #1960, #563 ) ;
#1757 = CIRCLE ( 'NONE', #491, 1.124999999999999334 ) ;
#1758 = ORIENTED_EDGE ( 'NONE', *, *, #671, .T. ) ;
#1759 = ORIENTED_EDGE ( 'NONE', *, *, #545, .T. ) ;
#1760 = CYLINDRICAL_SURFACE ( 'NONE', #351, 1.124999999999997558 ) ;
#1761 = ORIENTED_EDGE ( 'NONE', *, *, #1391, .F. ) ;
#1762 = DIRECTION ( 'NONE',  ( -1.000000000000000000, 0.000000000000000000, 0.000000000000000000 ) ) ;
#1763 = CIRCLE ( 'NONE', #989, 2.500000000000002220 ) ;
#1764 = AXIS2_PLACEMENT_3D ( 'NONE', #1340, #241, #252 ) ;
#1765 = EDGE_CURVE ( 'NONE', #1457, #1857, #1517, .T. ) ;
#1766 = CARTESIAN_POINT ( 'NONE',  ( -21.66531275969934001, -2.499961946003893765, 18.71229780138500232 ) ) ;
#1767 = DIRECTION ( 'NONE',  ( 0.000000000000000000, 0.000000000000000000, -1.000000000000000000 ) ) ;
#1768 = DIRECTION ( 'NONE',  ( 0.000000000000000000, 0.000000000000000000, 1.000000000000000000 ) ) ;
#1769 = ORIENTED_EDGE ( 'NONE', *, *, #1345, .F. ) ;
#1770 = LINE ( 'NONE', #1182, #1374 ) ;
#1771 = DIRECTION ( 'NONE',  ( 1.000000000000000000, 0.000000000000000000, 0.000000000000000000 ) ) ;
#1772 = ORIENTED_EDGE ( 'NONE', *, *, #1783, .F. ) ;
#1773 = CARTESIAN_POINT ( 'NONE',  ( -3.494769659541620390E-15, -21.50000000000000000, 22.00000000000000000 ) ) ;
#1774 = CARTESIAN_POINT ( 'NONE',  ( 21.50000000000000000, -4.841881138603709386E-15, 22.00000000000000000 ) ) ;
#1775 = ADVANCED_FACE ( 'NONE', ( #1651 ), #81, .F. ) ;
#1776 = FACE_OUTER_BOUND ( 'NONE', #681, .T. ) ;
#1777 = EDGE_LOOP ( 'NONE', ( #635, #1551 ) ) ;
#1778 = CARTESIAN_POINT ( 'NONE',  ( -19.00000000000000711, 0.1641013668445443496, 18.26100590595088491 ) ) ;
#1779 = VERTEX_POINT ( 'NONE', #579 ) ;
#1780 = CYLINDRICAL_SURFACE ( 'NONE', #858, 2.500000000000002220 ) ;
#1781 = CARTESIAN_POINT ( 'NONE',  ( -20.84762606083810610, -2.418931290685863100, 18.68252557431331340 ) ) ;
#1782 = CARTESIAN_POINT ( 'NONE',  ( 10.44278104929456852, -8.500000000000005329, 22.00000000000000000 ) ) ;
#1783 = EDGE_CURVE ( 'NONE', #1438, #453, #1787, .T. ) ;
#1784 = AXIS2_PLACEMENT_3D ( 'NONE', #956, #311, #782 ) ;
#1785 = ADVANCED_FACE ( 'NONE', ( #1808 ), #1493, .F. ) ;
#1786 = DIRECTION ( 'NONE',  ( -0.000000000000000000, -0.000000000000000000, 1.000000000000000000 ) ) ;
#1787 = CIRCLE ( 'NONE', #388, 2.500000000000002220 ) ;
#1788 = CARTESIAN_POINT ( 'NONE',  ( -20.38691150778893402, 2.244594991863448463, 18.62213452559767290 ) ) ;
#1789 = AXIS2_PLACEMENT_3D ( 'NONE', #1927, #1896, #982 ) ;
#1790 = VERTEX_POINT ( 'NONE', #1509 ) ;
#1791 = CARTESIAN_POINT ( 'NONE',  ( -4.557218950705613558, -8.500000000000106581, 10.81801948466053709 ) ) ;
#1792 = CIRCLE ( 'NONE', #985, 1.750000000000001554 ) ;
#1793 = AXIS2_PLACEMENT_3D ( 'NONE', #762, #531, #1055 ) ;
#1794 = VECTOR ( 'NONE', #433, 1000.000000000000000 ) ;
#1795 = DIRECTION ( 'NONE',  ( 1.000000000000000000, 0.000000000000000000, 0.000000000000000000 ) ) ;
#1796 = CARTESIAN_POINT ( 'NONE',  ( -22.76155752478340233, 2.182718864712688944, 18.60103532394486692 ) ) ;
#1797 = ADVANCED_FACE ( 'NONE', ( #720 ), #98, .T. ) ;
#1798 = VERTEX_POINT ( 'NONE', #231 ) ;
#1799 = DIRECTION ( 'NONE',  ( -0.000000000000000000, 0.000000000000000000, 1.000000000000000000 ) ) ;
#1800 = CARTESIAN_POINT ( 'NONE',  ( -4.557218950705613558, 8.499999999999895195, 10.81801948466053709 ) ) ;
#1801 = LINE ( 'NONE', #408, #946 ) ;
#1802 = ORIENTED_EDGE ( 'NONE', *, *, #1555, .T. ) ;
#1803 = CARTESIAN_POINT ( 'NONE',  ( -23.48596159735140176, 1.527260763935463839, 18.42465992409290365 ) ) ;
#1804 = VERTEX_POINT ( 'NONE', #262 ) ;
#1805 = CARTESIAN_POINT ( 'NONE',  ( 12.94278104929438911, 8.499999999999998224, 14.00000000000000000 ) ) ;
#1806 = CARTESIAN_POINT ( 'NONE',  ( -2.499999999999999112, 21.50000000000000000, 14.00000000000000000 ) ) ;
#1807 = EDGE_CURVE ( 'NONE', #839, #1620, #729, .T. ) ;
#1808 = FACE_OUTER_BOUND ( 'NONE', #1226, .T. ) ;
#1809 = DIRECTION ( 'NONE',  ( -0.000000000000000000, -0.000000000000000000, -1.000000000000000000 ) ) ;
#1810 = DIRECTION ( 'NONE',  ( 1.000000000000000000, 0.000000000000000000, 0.000000000000000000 ) ) ;
#1811 = AXIS2_PLACEMENT_3D ( 'NONE', #1469, #1303, #361 ) ;
#1812 = ORIENTED_EDGE ( 'NONE', *, *, #265, .T. ) ;
#1813 = CARTESIAN_POINT ( 'NONE',  ( -4.557218950705613558, 8.499999999999895195, 14.00000000000000000 ) ) ;
#1814 = CYLINDRICAL_SURFACE ( 'NONE', #253, 1.124999999999999334 ) ;
#1815 = CIRCLE ( 'NONE', #1882, 1.750000000000001554 ) ;
#1816 = AXIS2_PLACEMENT_3D ( 'NONE', #160, #962, #140 ) ;
#1817 = EDGE_CURVE ( 'NONE', #849, #862, #1815, .T. ) ;
#1818 = DIRECTION ( 'NONE',  ( 1.000000000000000000, 0.000000000000000000, 0.000000000000000000 ) ) ;
#1819 = ORIENTED_EDGE ( 'NONE', *, *, #1618, .T. ) ;
#1820 = AXIS2_PLACEMENT_3D ( 'NONE', #897, #1004, #1163 ) ;
#1821 = DIRECTION ( 'NONE',  ( 0.000000000000000000, 0.000000000000000000, 1.000000000000000000 ) ) ;
#1822 = CARTESIAN_POINT ( 'NONE',  ( -7.057218950705615335, 8.499999999999895195, 17.00000000000000000 ) ) ;
#1823 = ORIENTED_EDGE ( 'NONE', *, *, #1112, .F. ) ;
#1824 = ORIENTED_EDGE ( 'NONE', *, *, #1193, .T. ) ;
#1825 = DIRECTION ( 'NONE',  ( 0.000000000000000000, 0.000000000000000000, -1.000000000000000000 ) ) ;
#1826 = CARTESIAN_POINT ( 'NONE',  ( -20.00000000000001066, 20.00000000000000355, 22.00000000000000000 ) ) ;
#1827 = EDGE_LOOP ( 'NONE', ( #117, #1957 ) ) ;
#1828 = EDGE_CURVE ( 'NONE', #1708, #1085, #719, .T. ) ;
#1829 = CARTESIAN_POINT ( 'NONE',  ( -17.05721895070561089, -8.500000000000211386, 14.00000000000000000 ) ) ;
#1830 = EDGE_CURVE ( 'NONE', #937, #1915, #1213, .T. ) ;
#1831 = DIRECTION ( 'NONE',  ( -1.000000000000000000, 0.000000000000000000, 0.000000000000000000 ) ) ;
#1832 = EDGE_LOOP ( 'NONE', ( #1711, #1239 ) ) ;
#1833 = ORIENTED_EDGE ( 'NONE', *, *, #1727, .F. ) ;
#1834 = CARTESIAN_POINT ( 'NONE',  ( -2.057218950705610894, -8.500000000000106581, 17.00000000000000000 ) ) ;
#1835 = DIRECTION ( 'NONE',  ( -0.000000000000000000, -0.000000000000000000, -1.000000000000000000 ) ) ;
#1836 = CYLINDRICAL_SURFACE ( 'NONE', #284, 2.500000000000002220 ) ;
#1837 = CARTESIAN_POINT ( 'NONE',  ( -7.057218950705615335, -8.500000000000106581, 17.00000000000000000 ) ) ;
#1838 = EDGE_CURVE ( 'NONE', #274, #1449, #1972, .T. ) ;
#1839 = ORIENTED_EDGE ( 'NONE', *, *, #1486, .F. ) ;
#1840 = LINE ( 'NONE', #1683, #1525 ) ;
#1841 = ADVANCED_FACE ( 'NONE', ( #1940 ), #425, .F. ) ;
#1842 = ORIENTED_EDGE ( 'NONE', *, *, #424, .T. ) ;
#1843 = ORIENTED_EDGE ( 'NONE', *, *, #1830, .F. ) ;
#1844 = UNCERTAINTY_MEASURE_WITH_UNIT (LENGTH_MEASURE( 1.000000000000000082E-05 ), #1277, 'distance_accuracy_value', 'NONE');
#1845 = CARTESIAN_POINT ( 'NONE',  ( 21.17142356653648960, -2.483800075857724998, 18.70619985404161412 ) ) ;
#1846 = AXIS2_PLACEMENT_3D ( 'NONE', #1726, #1393, #464 ) ;
#1847 = ORIENTED_EDGE ( 'NONE', *, *, #295, .F. ) ;
#1848 = AXIS2_PLACEMENT_3D ( 'NONE', #414, #1501, #1795 ) ;
#1849 = CIRCLE ( 'NONE', #356, 7.149999999999997691 ) ;
#1850 =( GEOMETRIC_REPRESENTATION_CONTEXT ( 3 ) GLOBAL_UNCERTAINTY_ASSIGNED_CONTEXT ( ( #442 ) ) GLOBAL_UNIT_ASSIGNED_CONTEXT ( ( #843, #1422, #1168 ) ) REPRESENTATION_CONTEXT ( 'NONE', 'WORKASPACE' ) );
#1851 = LINE ( 'NONE', #459, #390 ) ;
#1852 = CARTESIAN_POINT ( 'NONE',  ( -17.05721895070561089, -8.500000000000211386, 17.00000000000000000 ) ) ;
#1853 = CARTESIAN_POINT ( 'NONE',  ( 18.99999999999999645, -4.841881138603709386E-15, 22.00000000000000000 ) ) ;
#1854 = CIRCLE ( 'NONE', #529, 2.500000000000000000 ) ;
#1855 = DIRECTION ( 'NONE',  ( -1.000000000000000000, 0.000000000000000000, 0.000000000000000000 ) ) ;
#1856 = FACE_BOUND ( 'NONE', #259, .T. ) ;
#1857 = VERTEX_POINT ( 'NONE', #1670 ) ;
#1858 = VECTOR ( 'NONE', #1206, 1000.000000000000000 ) ;
#1859 = ORIENTED_EDGE ( 'NONE', *, *, #783, .F. ) ;
#1860 = EDGE_CURVE ( 'NONE', #741, #1478, #1498, .T. ) ;
#1861 = CARTESIAN_POINT ( 'NONE',  ( 18.99999999999999645, -4.841881138603709386E-15, 18.26100590595087425 ) ) ;
#1862 = FACE_OUTER_BOUND ( 'NONE', #205, .T. ) ;
#1863 = DIRECTION ( 'NONE',  ( 0.000000000000000000, 0.000000000000000000, -1.000000000000000000 ) ) ;
#1864 = CARTESIAN_POINT ( 'NONE',  ( -19.55721895070561089, -8.500000000000211386, 17.00000000000000000 ) ) ;
#1865 = SURFACE_STYLE_FILL_AREA ( #447 ) ;
#1866 = FACE_BOUND ( 'NONE', #994, .T. ) ;
#1867 = ORIENTED_EDGE ( 'NONE', *, *, #1991, .T. ) ;
#1868 = ORIENTED_EDGE ( 'NONE', *, *, #47, .F. ) ;
#1869 = CARTESIAN_POINT ( 'NONE',  ( 19.00000000000000000, -0.1665606525345424416, 18.26100590595088136 ) ) ;
#1870 = EDGE_CURVE ( 'NONE', #894, #1058, #317, .T. ) ;
#1871 = ADVANCED_FACE ( 'NONE', ( #546, #1020 ), #714, .T. ) ;
#1872 = DIRECTION ( 'NONE',  ( 0.000000000000000000, 0.000000000000000000, -1.000000000000000000 ) ) ;
#1873 = FACE_BOUND ( 'NONE', #1539, .T. ) ;
#1874 = CYLINDRICAL_SURFACE ( 'NONE', #1053, 2.500000000000002220 ) ;
#1875 = CARTESIAN_POINT ( 'NONE',  ( -22.05721895070561445, 8.499999999999788614, 17.00000000000000000 ) ) ;
#1876 = DIRECTION ( 'NONE',  ( -1.000000000000000000, 0.000000000000000000, -0.000000000000000000 ) ) ;
#1877 = ORIENTED_EDGE ( 'NONE', *, *, #1391, .T. ) ;
#1878 = ORIENTED_EDGE ( 'NONE', *, *, #943, .F. ) ;
#1879 = CARTESIAN_POINT ( 'NONE',  ( 19.61869452291718474, 1.654339031535650317, 18.45402560511393020 ) ) ;
#1880 = FACE_OUTER_BOUND ( 'NONE', #336, .T. ) ;
#1881 = COLOUR_RGB ( '',0.7921568627450980005, 0.8196078431372548767, 0.9333333333333333481 ) ;
#1882 = AXIS2_PLACEMENT_3D ( 'NONE', #1180, #106, #76 ) ;
#1883 = CARTESIAN_POINT ( 'NONE',  ( -4.557218950705613558, 8.499999999999895195, 17.00000000000000000 ) ) ;
#1884 = CARTESIAN_POINT ( 'NONE',  ( -15.50000000000000000, 15.50000000000000000, 14.00000000000000000 ) ) ;
#1885 = EDGE_CURVE ( 'NONE', #849, #1449, #1801, .T. ) ;
#1886 = AXIS2_PLACEMENT_3D ( 'NONE', #151, #1722, #1988 ) ;
#1887 = CARTESIAN_POINT ( 'NONE',  ( -19.55721895070561089, 8.499999999999788614, 17.00000000000000000 ) ) ;
#1888 = VECTOR ( 'NONE', #763, 1000.000000000000000 ) ;
#1889 = VERTEX_POINT ( 'NONE', #470 ) ;
#1890 = ORIENTED_EDGE ( 'NONE', *, *, #1429, .F. ) ;
#1891 = EDGE_LOOP ( 'NONE', ( #967, #104, #1769, #667 ) ) ;
#1892 = AXIS2_PLACEMENT_3D ( 'NONE', #107, #746, #953 ) ;
#1893 = CARTESIAN_POINT ( 'NONE',  ( 21.66325572052490500, 2.500084928623226510, 18.71234369936412634 ) ) ;
#1894 = ORIENTED_EDGE ( 'NONE', *, *, #1979, .T. ) ;
#1895 = AXIS2_PLACEMENT_3D ( 'NONE', #1516, #1767, #1364 ) ;
#1896 = DIRECTION ( 'NONE',  ( -0.000000000000000000, -0.000000000000000000, -1.000000000000000000 ) ) ;
#1897 = DIRECTION ( 'NONE',  ( -1.000000000000000000, 0.000000000000000000, 0.000000000000000000 ) ) ;
#1898 = DIRECTION ( 'NONE',  ( -0.000000000000000000, -0.000000000000000000, -1.000000000000000000 ) ) ;
#1899 = FACE_BOUND ( 'NONE', #1586, .T. ) ;
#1900 = ADVANCED_FACE ( 'NONE', ( #1544 ), #1528, .F. ) ;
#1901 = ORIENTED_EDGE ( 'NONE', *, *, #1345, .T. ) ;
#1902 = ADVANCED_FACE ( 'NONE', ( #1091 ), #1389, .F. ) ;
#1903 = ORIENTED_EDGE ( 'NONE', *, *, #1156, .F. ) ;
#1904 = ORIENTED_EDGE ( 'NONE', *, *, #1750, .F. ) ;
#1905 = CARTESIAN_POINT ( 'NONE',  ( 23.74553329007762770, 1.110919732284109562, 18.34620474942639845 ) ) ;
#1906 = CARTESIAN_POINT ( 'NONE',  ( 2.500000000000000888, 21.50000000000000000, 22.00000000000000000 ) ) ;
#1907 = DIRECTION ( 'NONE',  ( -1.000000000000000000, 0.000000000000000000, 0.000000000000000000 ) ) ;
#1908 = CARTESIAN_POINT ( 'NONE',  ( -2.500000000000003553, -21.50000000000000000, 22.00000000000000000 ) ) ;
#1909 = FACE_OUTER_BOUND ( 'NONE', #1489, .T. ) ;
#1910 = EDGE_CURVE ( 'NONE', #48, #948, #119, .T. ) ;
#1911 = ORIENTED_EDGE ( 'NONE', *, *, #810, .F. ) ;
#1912 = VERTEX_POINT ( 'NONE', #296 ) ;
#1913 = LINE ( 'NONE', #330, #312 ) ;
#1914 = EDGE_CURVE ( 'NONE', #1107, #1779, #855, .T. ) ;
#1915 = VERTEX_POINT ( 'NONE', #1369 ) ;
#1916 = CARTESIAN_POINT ( 'NONE',  ( -23.99999999999999645, -0.1665606525345350863, 18.26100590595087070 ) ) ;
#1917 = CARTESIAN_POINT ( 'NONE',  ( -20.69153378555085254, -2.371363538295463869, 18.66537191953239727 ) ) ;
#1918 = DIRECTION ( 'NONE',  ( -0.000000000000000000, -0.000000000000000000, -1.000000000000000000 ) ) ;
#1919 = CIRCLE ( 'NONE', #219, 2.500000000000002220 ) ;
#1920 = CARTESIAN_POINT ( 'NONE',  ( 0.000000000000000000, 0.000000000000000000, 22.00000000000000000 ) ) ;
#1921 = CIRCLE ( 'NONE', #182, 1.750000000000001554 ) ;
#1922 = ORIENTED_EDGE ( 'NONE', *, *, #181, .F. ) ;
#1923 = ORIENTED_EDGE ( 'NONE', *, *, #1325, .T. ) ;
#1924 = CARTESIAN_POINT ( 'NONE',  ( 23.98366773152552867, 0.3297258583158049761, 18.26676536903972092 ) ) ;
#1925 = AXIS2_PLACEMENT_3D ( 'NONE', #1057, #446, #436 ) ;
#1926 = EDGE_LOOP ( 'NONE', ( #1299, #1812, #1149, #797 ) ) ;
#1927 = CARTESIAN_POINT ( 'NONE',  ( -21.50000000000000000, 2.147658180479529816E-15, 22.00000000000000000 ) ) ;
#1928 = ADVANCED_FACE ( 'NONE', ( #771 ), #1232, .F. ) ;
#1929 = AXIS2_PLACEMENT_3D ( 'NONE', #198, #845, #562 ) ;
#1930 = CARTESIAN_POINT ( 'NONE',  ( -21.82857643346350329, -2.483800075857717005, 18.70619985404160346 ) ) ;
#1931 = FACE_BOUND ( 'NONE', #174, .T. ) ;
#1932 = ORIENTED_EDGE ( 'NONE', *, *, #1275, .F. ) ;
#1933 = ORIENTED_EDGE ( 'NONE', *, *, #1817, .T. ) ;
#1934 = CARTESIAN_POINT ( 'NONE',  ( 19.99999999999999289, 20.00000000000000355, 14.00000000000000000 ) ) ;
#1935 = ORIENTED_EDGE ( 'NONE', *, *, #141, .T. ) ;
#1936 = DIRECTION ( 'NONE',  ( -0.000000000000000000, -0.000000000000000000, 1.000000000000000000 ) ) ;
#1937 = CARTESIAN_POINT ( 'NONE',  ( -18.99999999999999645, 2.447510639731015874E-15, 18.26100590595087425 ) ) ;
#1938 = ORIENTED_EDGE ( 'NONE', *, *, #702, .F. ) ;
#1939 = EDGE_CURVE ( 'NONE', #742, #217, #594, .T. ) ;
#1940 = FACE_OUTER_BOUND ( 'NONE', #146, .T. ) ;
#1941 = ORIENTED_EDGE ( 'NONE', *, *, #509, .T. ) ;
#1942 = CARTESIAN_POINT ( 'NONE',  ( 24.00000000000000000, -4.542028679955955934E-15, 18.26100590595087425 ) ) ;
#1943 = EDGE_LOOP ( 'NONE', ( #120, #1026, #304, #1839 ) ) ;
#1944 = DIRECTION ( 'NONE',  ( 0.000000000000000000, 0.000000000000000000, -1.000000000000000000 ) ) ;
#1945 = CARTESIAN_POINT ( 'NONE',  ( -23.38231034143769804, -1.653229133286455044, 18.45375666401209713 ) ) ;
#1946 = DIRECTION ( 'NONE',  ( 0.000000000000000000, 0.000000000000000000, 1.000000000000000000 ) ) ;
#1947 = ADVANCED_FACE ( 'NONE', ( #931 ), #779, .F. ) ;
#1948 = VECTOR ( 'NONE', #55, 1000.000000000000000 ) ;
#1949 = CARTESIAN_POINT ( 'NONE',  ( -21.66584653314791709, 2.499914400145725413, 18.71228005693849283 ) ) ;
#1950 = ORIENTED_EDGE ( 'NONE', *, *, #1300, .F. ) ;
#1951 = CARTESIAN_POINT ( 'NONE',  ( -20.68221895070561089, -8.500000000000211386, 22.00000000000000000 ) ) ;
#1952 = DIRECTION ( 'NONE',  ( -0.000000000000000000, -0.000000000000000000, 1.000000000000000000 ) ) ;
#1953 = CIRCLE ( 'NONE', #630, 10.00000000000000000 ) ;
#1954 = CARTESIAN_POINT ( 'NONE',  ( -19.55721895070561089, -8.500000000000211386, 17.00000000000000000 ) ) ;
#1955 = DIRECTION ( 'NONE',  ( 1.000000000000000000, 0.000000000000000000, 0.000000000000000000 ) ) ;
#1956 = ADVANCED_FACE ( 'NONE', ( #1400 ), #1999, .F. ) ;
#1957 = ORIENTED_EDGE ( 'NONE', *, *, #2, .T. ) ;
#1958 = FACE_OUTER_BOUND ( 'NONE', #112, .T. ) ;
#1959 = DIRECTION ( 'NONE',  ( -1.000000000000000000, 0.000000000000000000, 0.000000000000000000 ) ) ;
#1960 = DIRECTION ( 'NONE',  ( 0.000000000000000000, 0.000000000000000000, -1.000000000000000000 ) ) ;
#1961 = CARTESIAN_POINT ( 'NONE',  ( -18.43221895070561445, -8.500000000000211386, 10.81801948466053709 ) ) ;
#1962 = CARTESIAN_POINT ( 'NONE',  ( -19.08136807190827255, 0.6538685943509778831, 18.28911375202098100 ) ) ;
#1963 = ORIENTED_EDGE ( 'NONE', *, *, #1446, .F. ) ;
#1964 = CARTESIAN_POINT ( 'NONE',  ( 9.317781049294387330, 8.499999999999998224, 17.00000000000000000 ) ) ;
#1965 = EDGE_CURVE ( 'NONE', #703, #697, #908, .T. ) ;
#1966 = LINE ( 'NONE', #1656, #725 ) ;
#1967 = DIRECTION ( 'NONE',  ( 1.000000000000000000, 0.000000000000000000, 0.000000000000000000 ) ) ;
#1968 = FACE_BOUND ( 'NONE', #838, .T. ) ;
#1969 = DIRECTION ( 'NONE',  ( 0.000000000000000000, 0.000000000000000000, -1.000000000000000000 ) ) ;
#1970 = CIRCLE ( 'NONE', #1310, 2.500000000000000000 ) ;
#1971 = FACE_BOUND ( 'NONE', #1701, .T. ) ;
#1972 = CIRCLE ( 'NONE', #854, 1.750000000000001554 ) ;
#1973 = ORIENTED_EDGE ( 'NONE', *, *, #165, .T. ) ;
#1974 = ORIENTED_EDGE ( 'NONE', *, *, #1702, .T. ) ;
#1975 = CARTESIAN_POINT ( 'NONE',  ( 19.99999999999999289, 30.00000000000000711, 22.00000000000000000 ) ) ;
#1976 = VECTOR ( 'NONE', #1327, 1000.000000000000000 ) ;
#1977 = VECTOR ( 'NONE', #1209, 1000.000000000000000 ) ;
#1978 = EDGE_CURVE ( 'NONE', #588, #73, #1368, .T. ) ;
#1979 = EDGE_CURVE ( 'NONE', #1131, #1620, #1980, .T. ) ;
#1980 = LINE ( 'NONE', #1076, #1279 ) ;
#1981 = CARTESIAN_POINT ( 'NONE',  ( -17.25000000000000000, 15.50000000000000000, 22.00000000000000000 ) ) ;
#1982 = CARTESIAN_POINT ( 'NONE',  ( -4.557218950705613558, 8.499999999999895195, 17.00000000000000000 ) ) ;
#1983 = VERTEX_POINT ( 'NONE', #1063 ) ;
#1984 = CARTESIAN_POINT ( 'NONE',  ( -17.25000000000000000, -15.50000000000000000, 22.00000000000000000 ) ) ;
#1985 = EDGE_LOOP ( 'NONE', ( #1903, #1758, #1772, #1138 ) ) ;
#1986 = ORIENTED_EDGE ( 'NONE', *, *, #1991, .F. ) ;
#1987 = CARTESIAN_POINT ( 'NONE',  ( -4.557218950705613558, -8.500000000000106581, 17.00000000000000000 ) ) ;
#1988 = DIRECTION ( 'NONE',  ( 1.000000000000000000, 0.000000000000000000, 0.000000000000000000 ) ) ;
#1989 = LINE ( 'NONE', #4, #1157 ) ;
#1990 = CARTESIAN_POINT ( 'NONE',  ( 15.50000000000000000, 15.50000000000000000, 14.00000000000000000 ) ) ;
#1991 = EDGE_CURVE ( 'NONE', #560, #1571, #1526, .T. ) ;
#1992 = FACE_OUTER_BOUND ( 'NONE', #874, .T. ) ;
#1993 = ORIENTED_EDGE ( 'NONE', *, *, #1491, .F. ) ;
#1994 = LINE ( 'NONE', #1984, #907 ) ;
#1995 = EDGE_LOOP ( 'NONE', ( #1699, #1259, #1427, #1654 ) ) ;
#1996 = ORIENTED_EDGE ( 'NONE', *, *, #1203, .T. ) ;
#1997 = CARTESIAN_POINT ( 'NONE',  ( 22.76346638399833111, -2.182105244748257178, 18.60081586904537332 ) ) ;
#1998 = ORIENTED_EDGE ( 'NONE', *, *, #1492, .F. ) ;
#1999 = PLANE ( 'NONE',  #1632 ) ;
#2000 = CARTESIAN_POINT ( 'NONE',  ( -18.99999999999999645, 2.447510639731015874E-15, 18.26100590595087425 ) ) ;
#2001 = CARTESIAN_POINT ( 'NONE',  ( -5.682218950705612670, -8.500000000000106581, 10.81801948466053709 ) ) ;
#2002 = DIRECTION ( 'NONE',  ( -1.000000000000000000, 0.000000000000000000, 0.000000000000000000 ) ) ;
#2003 = EDGE_CURVE ( 'NONE', #537, #1058, #1851, .T. ) ;
#2004 = CARTESIAN_POINT ( 'NONE',  ( -17.05721895070561089, 8.499999999999788614, 17.00000000000000000 ) ) ;
#2005 = ORIENTED_EDGE ( 'NONE', *, *, #1502, .T. ) ;
#2006 = ORIENTED_EDGE ( 'NONE', *, *, #661, .T. ) ;
#2007 = CYLINDRICAL_SURFACE ( 'NONE', #864, 1.750000000000001554 ) ;
#2008 = AXIS2_PLACEMENT_3D ( 'NONE', #642, #162, #1706 ) ;
#2009 = VERTEX_POINT ( 'NONE', #1254 ) ;
#2010 = AXIS2_PLACEMENT_3D ( 'NONE', #1028, #571, #1198 ) ;
#2011 = AXIS2_PLACEMENT_3D ( 'NONE', #1155, #1143, #194 ) ;
#2012 = DIRECTION ( 'NONE',  ( 1.000000000000000000, 0.000000000000000000, 0.000000000000000000 ) ) ;
#2013 = DIRECTION ( 'NONE',  ( 0.000000000000000000, 0.000000000000000000, -1.000000000000000000 ) ) ;
#2014 = DIRECTION ( 'NONE',  ( -1.000000000000000000, 0.000000000000000000, 0.000000000000000000 ) ) ;
#2015 = AXIS2_PLACEMENT_3D ( 'NONE', #1065, #1680, #1662 ) ;
#2016 = CARTESIAN_POINT ( 'NONE',  ( 9.317781049294387330, 8.499999999999998224, 22.00000000000000000 ) ) ;
#2017 = AXIS2_PLACEMENT_3D ( 'NONE', #860, #548, #1679 ) ;
#2018 = CIRCLE ( 'NONE', #1664, 2.500000000000002220 ) ;
#2019 = DIRECTION ( 'NONE',  ( -0.000000000000000000, -0.000000000000000000, 1.000000000000000000 ) ) ;
#2020 = ADVANCED_FACE ( 'NONE', ( #1862 ), #790, .T. ) ;
#2021 = VERTEX_POINT ( 'NONE', #1109 ) ;
#2022 = VECTOR ( 'NONE', #973, 1000.000000000000000 ) ;
#2023 = VERTEX_POINT ( 'NONE', #1678 ) ;
ENDSEC;
END-ISO-10303-21;
