ISO-10303-21;
HEADER;
FILE_DESCRIPTION (( 'STEP AP214' ),
    '1' );
FILE_NAME ('Component3.STEP',
    '2026-02-20T02:45:00',
    ( '' ),
    ( '' ),
    'SwSTEP 2.0',
    'SolidWorks 2023',
    '' );
FILE_SCHEMA (( 'AUTOMOTIVE_DESIGN' ));
ENDSEC;

DATA;
#1 = FACE_OUTER_BOUND ( 'NONE', #1740, .T. ) ;
#2 = DIRECTION ( 'NONE',  ( 0.000000000000000000, -1.000000000000000000, 0.000000000000000000 ) ) ;
#3 = ORIENTED_EDGE ( 'NONE', *, *, #1075, .T. ) ;
#4 = CARTESIAN_POINT ( 'NONE',  ( -24.99999999999999645, 25.00000000000000000, -14.00000000000000000 ) ) ;
#5 = DIRECTION ( 'NONE',  ( 0.000000000000000000, 0.000000000000000000, -1.000000000000000000 ) ) ;
#6 = CIRCLE ( 'NONE', #3106, 4.999999999999997335 ) ;
#7 = FACE_OUTER_BOUND ( 'NONE', #1617, .T. ) ;
#8 = VERTEX_POINT ( 'NONE', #2692 ) ;
#9 = FACE_OUTER_BOUND ( 'NONE', #2954, .T. ) ;
#10 = DIRECTION ( 'NONE',  ( 0.000000000000000000, 0.000000000000000000, 1.000000000000000000 ) ) ;
#11 = DIRECTION ( 'NONE',  ( 0.000000000000000000, 0.000000000000000000, -1.000000000000000000 ) ) ;
#12 = CIRCLE ( 'NONE', #979, 2.500000000000002220 ) ;
#13 = ORIENTED_EDGE ( 'NONE', *, *, #1158, .T. ) ;
#14 = EDGE_CURVE ( 'NONE', #1305, #2320, #1159, .T. ) ;
#15 = CIRCLE ( 'NONE', #2805, 2.749999999999999112 ) ;
#16 = FACE_OUTER_BOUND ( 'NONE', #2167, .T. ) ;
#17 = EDGE_CURVE ( 'NONE', #3136, #701, #143, .T. ) ;
#18 = ORIENTED_EDGE ( 'NONE', *, *, #770, .F. ) ;
#19 = CARTESIAN_POINT ( 'NONE',  ( 19.00000000000000000, -4.841881138603709386E-15, 0.000000000000000000 ) ) ;
#20 = DIRECTION ( 'NONE',  ( -0.000000000000000000, -0.000000000000000000, 1.000000000000000000 ) ) ;
#21 = EDGE_CURVE ( 'NONE', #2187, #2469, #3260, .T. ) ;
#22 = DIRECTION ( 'NONE',  ( -0.000000000000000000, -0.000000000000000000, -1.000000000000000000 ) ) ;
#23 = ORIENTED_EDGE ( 'NONE', *, *, #1975, .F. ) ;
#24 = DIRECTION ( 'NONE',  ( 0.000000000000000000, 0.000000000000000000, -1.000000000000000000 ) ) ;
#25 = DIRECTION ( 'NONE',  ( 0.000000000000000000, 0.000000000000000000, 1.000000000000000000 ) ) ;
#26 = EDGE_LOOP ( 'NONE', ( #2522, #2184, #355, #18 ) ) ;
#27 = CIRCLE ( 'NONE', #77, 2.500000000000000000 ) ;
#28 = EDGE_LOOP ( 'NONE', ( #445, #2957, #2172, #67 ) ) ;
#29 = CIRCLE ( 'NONE', #136, 2.000000000001056488 ) ;
#30 = FACE_BOUND ( 'NONE', #183, .T. ) ;
#31 = CIRCLE ( 'NONE', #2299, 1.749999999999999778 ) ;
#32 = VERTEX_POINT ( 'NONE', #2993 ) ;
#33 = AXIS2_PLACEMENT_3D ( 'NONE', #2222, #759, #1496 ) ;
#34 = ADVANCED_FACE ( 'NONE', ( #261 ), #1749, .F. ) ;
#35 = CARTESIAN_POINT ( 'NONE',  ( -41.99999999999997868, -42.00000000000000000, -146.9360748630709566 ) ) ;
#36 = DIRECTION ( 'NONE',  ( 0.000000000000000000, 0.000000000000000000, 1.000000000000000000 ) ) ;
#37 = CIRCLE ( 'NONE', #2306, 2.000000000000005329 ) ;
#38 = ORIENTED_EDGE ( 'NONE', *, *, #2833, .F. ) ;
#39 = EDGE_CURVE ( 'NONE', #511, #3241, #2710, .T. ) ;
#40 = VECTOR ( 'NONE', #1737, 1000.000000000000000 ) ;
#41 = DIRECTION ( 'NONE',  ( 0.000000000000000000, 0.000000000000000000, -1.000000000000000000 ) ) ;
#42 = DIRECTION ( 'NONE',  ( 1.000000000000000000, 0.000000000000000000, 0.000000000000000000 ) ) ;
#43 = VERTEX_POINT ( 'NONE', #1511 ) ;
#44 = AXIS2_PLACEMENT_3D ( 'NONE', #2631, #1407, #2704 ) ;
#45 = CARTESIAN_POINT ( 'NONE',  ( 22.99999999999753086, -25.00000000000142109, -14.00000000000000000 ) ) ;
#46 = ORIENTED_EDGE ( 'NONE', *, *, #2274, .F. ) ;
#47 = FACE_OUTER_BOUND ( 'NONE', #589, .T. ) ;
#48 = FACE_OUTER_BOUND ( 'NONE', #1187, .T. ) ;
#49 = CARTESIAN_POINT ( 'NONE',  ( 15.50000000000000000, -15.50000000000000000, 0.000000000000000000 ) ) ;
#50 = EDGE_CURVE ( 'NONE', #2266, #1081, #2495, .T. ) ;
#51 = ORIENTED_EDGE ( 'NONE', *, *, #1624, .F. ) ;
#52 = EDGE_LOOP ( 'NONE', ( #1930, #981, #603, #2538 ) ) ;
#53 = CARTESIAN_POINT ( 'NONE',  ( 15.50000000000000000, 15.50000000000000000, -11.00000000000000000 ) ) ;
#54 = DIRECTION ( 'NONE',  ( -0.000000000000000000, -0.000000000000000000, 1.000000000000000000 ) ) ;
#55 = ORIENTED_EDGE ( 'NONE', *, *, #608, .T. ) ;
#56 = EDGE_CURVE ( 'NONE', #2187, #889, #2824, .T. ) ;
#57 = AXIS2_PLACEMENT_3D ( 'NONE', #2283, #479, #1024 ) ;
#58 = DIRECTION ( 'NONE',  ( -0.000000000000000000, -0.000000000000000000, -1.000000000000000000 ) ) ;
#59 = ORIENTED_EDGE ( 'NONE', *, *, #2201, .T. ) ;
#60 = AXIS2_PLACEMENT_3D ( 'NONE', #902, #2685, #2917 ) ;
#61 = CIRCLE ( 'NONE', #656, 5.049999999999698730 ) ;
#62 = EDGE_LOOP ( 'NONE', ( #1731, #1067 ) ) ;
#63 = DIRECTION ( 'NONE',  ( 0.000000000000000000, 0.000000000000000000, 1.000000000000000000 ) ) ;
#64 = CARTESIAN_POINT ( 'NONE',  ( 2.499999999999996447, -21.50000000000000000, 6.000000000000000000 ) ) ;
#65 = AXIS2_PLACEMENT_3D ( 'NONE', #2334, #1846, #610 ) ;
#66 = CARTESIAN_POINT ( 'NONE',  ( -38.89999999999999858, 40.99999999999999289, -14.00000000000001243 ) ) ;
#67 = ORIENTED_EDGE ( 'NONE', *, *, #2107, .F. ) ;
#68 = AXIS2_PLACEMENT_3D ( 'NONE', #1526, #2045, #1284 ) ;
#69 = CIRCLE ( 'NONE', #2644, 2.499999999999998668 ) ;
#70 = EDGE_CURVE ( 'NONE', #3157, #1541, #622, .T. ) ;
#71 = CARTESIAN_POINT ( 'NONE',  ( 13.75000000000000000, -15.50000000000000000, -4.000000000000000000 ) ) ;
#72 = FACE_OUTER_BOUND ( 'NONE', #830, .T. ) ;
#73 = VERTEX_POINT ( 'NONE', #1762 ) ;
#74 = EDGE_CURVE ( 'NONE', #689, #2943, #1533, .T. ) ;
#75 = CARTESIAN_POINT ( 'NONE',  ( -15.50000000000000000, -15.50000000000000000, 0.000000000000000000 ) ) ;
#76 = CARTESIAN_POINT ( 'NONE',  ( 15.50000000000000000, 15.50000000000000000, 6.000000000000000000 ) ) ;
#77 = AXIS2_PLACEMENT_3D ( 'NONE', #1259, #1066, #1767 ) ;
#78 = EDGE_CURVE ( 'NONE', #491, #2796, #228, .T. ) ;
#79 = CARTESIAN_POINT ( 'NONE',  ( 18.25000000000000000, -15.50000000000000000, 6.000000000000000000 ) ) ;
#80 = AXIS2_PLACEMENT_3D ( 'NONE', #1618, #1893, #2859 ) ;
#81 = ORIENTED_EDGE ( 'NONE', *, *, #602, .F. ) ;
#82 = CIRCLE ( 'NONE', #464, 2.749999999999999112 ) ;
#83 = LINE ( 'NONE', #2108, #953 ) ;
#84 = DIRECTION ( 'NONE',  ( -1.000000000000000000, 0.000000000000000000, 0.000000000000000000 ) ) ;
#85 = CARTESIAN_POINT ( 'NONE',  ( -13.73036216090287809, 20.48945452524638355, -11.00000000000000000 ) ) ;
#86 = VECTOR ( 'NONE', #1013, 1000.000000000000000 ) ;
#87 = EDGE_LOOP ( 'NONE', ( #262, #2418 ) ) ;
#88 = DIRECTION ( 'NONE',  ( -1.000000000000000000, 0.000000000000000000, 0.000000000000000000 ) ) ;
#89 = CARTESIAN_POINT ( 'NONE',  ( 19.03220504942239799, -19.14999584431670954, -14.00000000000000000 ) ) ;
#90 = AXIS2_PLACEMENT_3D ( 'NONE', #466, #3026, #233 ) ;
#91 = ORIENTED_EDGE ( 'NONE', *, *, #1707, .T. ) ;
#92 = AXIS2_PLACEMENT_3D ( 'NONE', #2234, #3237, #994 ) ;
#93 = DIRECTION ( 'NONE',  ( 1.000000000000000000, 0.000000000000000000, 0.000000000000000000 ) ) ;
#94 = DIRECTION ( 'NONE',  ( 0.000000000000000000, 0.000000000000000000, -1.000000000000000000 ) ) ;
#95 = AXIS2_PLACEMENT_3D ( 'NONE', #2897, #3126, #1837 ) ;
#96 = EDGE_CURVE ( 'NONE', #2469, #1844, #1003, .T. ) ;
#97 = VECTOR ( 'NONE', #369, 1000.000000000000114 ) ;
#98 = EDGE_CURVE ( 'NONE', #2320, #1305, #783, .T. ) ;
#99 = ORIENTED_EDGE ( 'NONE', *, *, #792, .T. ) ;
#100 = DIRECTION ( 'NONE',  ( 1.000000000000000000, 0.000000000000000000, 0.000000000000000000 ) ) ;
#101 = CARTESIAN_POINT ( 'NONE',  ( 26.99999999999964118, -25.00000000000142109, -14.00000000000000000 ) ) ;
#102 = CARTESIAN_POINT ( 'NONE',  ( 38.89999999999999147, -40.99999999999995026, -146.9360748630709566 ) ) ;
#103 = ADVANCED_FACE ( 'NONE', ( #510, #2208 ), #996, .T. ) ;
#104 = EDGE_LOOP ( 'NONE', ( #150, #1207 ) ) ;
#105 = CYLINDRICAL_SURFACE ( 'NONE', #1673, 2.749999999999999112 ) ;
#106 = CARTESIAN_POINT ( 'NONE',  ( -43.09999999999999432, 40.99999999999999289, -9.000000000000000000 ) ) ;
#107 = ORIENTED_EDGE ( 'NONE', *, *, #1054, .T. ) ;
#108 = DIRECTION ( 'NONE',  ( -1.000000000000000000, 0.000000000000000000, 0.000000000000000000 ) ) ;
#109 = DIRECTION ( 'NONE',  ( 0.000000000000000000, 0.000000000000000000, -1.000000000000000000 ) ) ;
#110 = VECTOR ( 'NONE', #2973, 1000.000000000000000 ) ;
#111 = CYLINDRICAL_SURFACE ( 'NONE', #3119, 27.00000000000000000 ) ;
#112 = ADVANCED_FACE ( 'NONE', ( #2449 ), #1267, .F. ) ;
#113 = VERTEX_POINT ( 'NONE', #532 ) ;
#114 = ADVANCED_FACE ( 'NONE', ( #1805 ), #3021, .F. ) ;
#115 = DIRECTION ( 'NONE',  ( -0.000000000000000000, -0.000000000000000000, 1.000000000000000000 ) ) ;
#116 = LINE ( 'NONE', #1137, #3057 ) ;
#117 = DIRECTION ( 'NONE',  ( 0.000000000000000000, 0.000000000000000000, -1.000000000000000000 ) ) ;
#118 = VECTOR ( 'NONE', #2278, 1000.000000000000000 ) ;
#119 = ORIENTED_EDGE ( 'NONE', *, *, #2737, .F. ) ;
#120 = AXIS2_PLACEMENT_3D ( 'NONE', #1116, #109, #2401 ) ;
#121 = ADVANCED_FACE ( 'NONE', ( #559 ), #2541, .F. ) ;
#122 = CARTESIAN_POINT ( 'NONE',  ( 16.10000000000000142, 0.000000000000000000, -1.000000000000000888 ) ) ;
#123 = LINE ( 'NONE', #304, #832 ) ;
#124 = ORIENTED_EDGE ( 'NONE', *, *, #2629, .T. ) ;
#125 = CARTESIAN_POINT ( 'NONE',  ( -41.99999999999997868, -42.00000000000000000, -9.000000000000000000 ) ) ;
#126 = DIRECTION ( 'NONE',  ( 0.000000000000000000, 0.000000000000000000, -1.000000000000000000 ) ) ;
#127 = EDGE_LOOP ( 'NONE', ( #930, #1145, #1905, #1179 ) ) ;
#128 = ORIENTED_EDGE ( 'NONE', *, *, #363, .T. ) ;
#129 = ORIENTED_EDGE ( 'NONE', *, *, #968, .T. ) ;
#130 = DIRECTION ( 'NONE',  ( 0.000000000000000000, 0.000000000000000000, -1.000000000000000000 ) ) ;
#131 = DIRECTION ( 'NONE',  ( 0.000000000000000000, 0.000000000000000000, -1.000000000000000000 ) ) ;
#132 = VECTOR ( 'NONE', #935, 1000.000000000000000 ) ;
#133 = DIRECTION ( 'NONE',  ( 1.000000000000000000, 0.000000000000000000, 0.000000000000000000 ) ) ;
#134 = ORIENTED_EDGE ( 'NONE', *, *, #1495, .T. ) ;
#135 = ADVANCED_FACE ( 'NONE', ( #1058 ), #2791, .F. ) ;
#136 = AXIS2_PLACEMENT_3D ( 'NONE', #3154, #1651, #2364 ) ;
#137 = CARTESIAN_POINT ( 'NONE',  ( 19.53621974363378655, 19.14999460016138855, -11.00000000000000000 ) ) ;
#138 = DIRECTION ( 'NONE',  ( 0.000000000000000000, 0.000000000000000000, -1.000000000000000000 ) ) ;
#139 = ORIENTED_EDGE ( 'NONE', *, *, #2390, .F. ) ;
#140 = AXIS2_PLACEMENT_3D ( 'NONE', #842, #2099, #625 ) ;
#141 = ORIENTED_EDGE ( 'NONE', *, *, #2518, .T. ) ;
#142 = EDGE_CURVE ( 'NONE', #1988, #681, #1219, .T. ) ;
#143 = CIRCLE ( 'NONE', #2509, 2.500000000000002220 ) ;
#144 = PLANE ( 'NONE',  #3190 ) ;
#145 = DIRECTION ( 'NONE',  ( 1.000000000000000000, 0.000000000000000000, 0.000000000000000000 ) ) ;
#146 = ORIENTED_EDGE ( 'NONE', *, *, #1872, .T. ) ;
#147 = AXIS2_PLACEMENT_3D ( 'NONE', #692, #755, #1244 ) ;
#148 = CARTESIAN_POINT ( 'NONE',  ( -18.07304899628997319, -9.299990131548790728, -11.00000000000000000 ) ) ;
#149 = AXIS2_PLACEMENT_3D ( 'NONE', #2252, #493, #2955 ) ;
#150 = ORIENTED_EDGE ( 'NONE', *, *, #1252, .T. ) ;
#151 = VERTEX_POINT ( 'NONE', #2031 ) ;
#152 = CARTESIAN_POINT ( 'NONE',  ( -18.25000000000000000, -15.50000000000000000, 6.000000000000000000 ) ) ;
#153 = DIRECTION ( 'NONE',  ( 1.000000000000000000, 0.000000000000000000, 0.000000000000000000 ) ) ;
#154 = DIRECTION ( 'NONE',  ( 0.000000000000000000, 0.000000000000000000, 1.000000000000000000 ) ) ;
#155 = EDGE_LOOP ( 'NONE', ( #1153, #1195 ) ) ;
#156 = DIRECTION ( 'NONE',  ( -0.000000000000000000, -0.000000000000000000, -1.000000000000000000 ) ) ;
#157 = LINE ( 'NONE', #2148, #2506 ) ;
#158 = ADVANCED_FACE ( 'NONE', ( #1840 ), #1596, .T. ) ;
#159 = ORIENTED_EDGE ( 'NONE', *, *, #406, .T. ) ;
#160 = ORIENTED_EDGE ( 'NONE', *, *, #530, .F. ) ;
#161 = ORIENTED_EDGE ( 'NONE', *, *, #3093, .F. ) ;
#162 = FACE_OUTER_BOUND ( 'NONE', #2250, .T. ) ;
#163 = CYLINDRICAL_SURFACE ( 'NONE', #1606, 3.299999999999917666 ) ;
#164 = EDGE_CURVE ( 'NONE', #177, #642, #2554, .T. ) ;
#165 = ORIENTED_EDGE ( 'NONE', *, *, #1551, .T. ) ;
#166 = EDGE_CURVE ( 'NONE', #2450, #1648, #2198, .T. ) ;
#167 = VERTEX_POINT ( 'NONE', #2323 ) ;
#168 = DIRECTION ( 'NONE',  ( -0.000000000000000000, -0.000000000000000000, -1.000000000000000000 ) ) ;
#169 = CARTESIAN_POINT ( 'NONE',  ( -13.73036160014701146, 17.18945452524683759, -14.00000000000000000 ) ) ;
#170 = DIRECTION ( 'NONE',  ( -0.000000000000000000, -0.000000000000000000, -1.000000000000000000 ) ) ;
#171 = ORIENTED_EDGE ( 'NONE', *, *, #2112, .F. ) ;
#172 = ORIENTED_EDGE ( 'NONE', *, *, #2318, .T. ) ;
#173 = DIRECTION ( 'NONE',  ( -1.699264825072139801E-07, 0.9999999999999855671, 0.000000000000000000 ) ) ;
#174 = LINE ( 'NONE', #2183, #878 ) ;
#175 = VECTOR ( 'NONE', #2358, 1000.000000000000000 ) ;
#176 = EDGE_LOOP ( 'NONE', ( #3086, #2092, #2846, #2026 ) ) ;
#177 = VERTEX_POINT ( 'NONE', #66 ) ;
#178 = ORIENTED_EDGE ( 'NONE', *, *, #1720, .F. ) ;
#179 = VECTOR ( 'NONE', #94, 1000.000000000000000 ) ;
#180 = EDGE_CURVE ( 'NONE', #856, #3018, #791, .T. ) ;
#181 = DIRECTION ( 'NONE',  ( -0.000000000000000000, -0.000000000000000000, -1.000000000000000000 ) ) ;
#182 = CARTESIAN_POINT ( 'NONE',  ( -12.75000000000000178, -15.50000000000000000, -4.000000000000000000 ) ) ;
#183 = EDGE_LOOP ( 'NONE', ( #1856, #1833 ) ) ;
#184 = EDGE_CURVE ( 'NONE', #1777, #1687, #412, .T. ) ;
#185 = PRODUCT_CONTEXT ( 'NONE', #2071, 'mechanical' ) ;
#186 = EDGE_LOOP ( 'NONE', ( #2104, #2146, #2534, #1955 ) ) ;
#187 = ORIENTED_EDGE ( 'NONE', *, *, #694, .T. ) ;
#188 = ORIENTED_EDGE ( 'NONE', *, *, #807, .T. ) ;
#189 = FACE_OUTER_BOUND ( 'NONE', #2975, .T. ) ;
#190 = FACE_OUTER_BOUND ( 'NONE', #306, .T. ) ;
#191 = CARTESIAN_POINT ( 'NONE',  ( -17.25000000000000000, 15.50000000000000000, -11.00000000000000000 ) ) ;
#192 = ORIENTED_EDGE ( 'NONE', *, *, #2831, .T. ) ;
#193 = CIRCLE ( 'NONE', #1819, 4.999999999999997335 ) ;
#194 = CARTESIAN_POINT ( 'NONE',  ( 21.50000000000000000, -4.841881138603709386E-15, 0.000000000000000000 ) ) ;
#195 = DIRECTION ( 'NONE',  ( -0.000000000000000000, -0.000000000000000000, -1.000000000000000000 ) ) ;
#196 = ORIENTED_EDGE ( 'NONE', *, *, #142, .T. ) ;
#197 = VECTOR ( 'NONE', #2907, 1000.000000000000000 ) ;
#198 = EDGE_LOOP ( 'NONE', ( #1530, #655, #2659, #883 ) ) ;
#199 = ORIENTED_EDGE ( 'NONE', *, *, #476, .F. ) ;
#200 = DIRECTION ( 'NONE',  ( -0.000000000000000000, -0.000000000000000000, -1.000000000000000000 ) ) ;
#201 = AXIS2_PLACEMENT_3D ( 'NONE', #3025, #562, #548 ) ;
#202 = CARTESIAN_POINT ( 'NONE',  ( 30.93179010336537260, 15.15000239939967486, -14.00000000000000000 ) ) ;
#203 = DIRECTION ( 'NONE',  ( 1.000000000000000000, 0.000000000000000000, 0.000000000000000000 ) ) ;
#204 = AXIS2_PLACEMENT_3D ( 'NONE', #49, #545, #576 ) ;
#205 = CIRCLE ( 'NONE', #2667, 14.00000000000000000 ) ;
#206 = VECTOR ( 'NONE', #963, 1000.000000000000000 ) ;
#207 = CARTESIAN_POINT ( 'NONE',  ( -18.99999999999999645, 2.453819880266368475E-15, 6.000000000000000000 ) ) ;
#208 = DIRECTION ( 'NONE',  ( 0.000000000000000000, 0.000000000000000000, 1.000000000000000000 ) ) ;
#209 = ADVANCED_FACE ( 'NONE', ( #837 ), #680, .F. ) ;
#210 = CARTESIAN_POINT ( 'NONE',  ( 30.93179313955994303, 34.85000239939978428, -11.00000000000000000 ) ) ;
#211 = VECTOR ( 'NONE', #3095, 1000.000000000000000 ) ;
#212 = VERTEX_POINT ( 'NONE', #773 ) ;
#213 = DIRECTION ( 'NONE',  ( -0.7071067811865513475, 0.000000000000000000, -0.7071067811865435759 ) ) ;
#214 = CARTESIAN_POINT ( 'NONE',  ( 25.00000000000000711, 24.99999999999858247, 6.000000000000000000 ) ) ;
#215 = CARTESIAN_POINT ( 'NONE',  ( 8.005467014174450598E-16, 21.50000000000000000, -8.000000000000000000 ) ) ;
#216 = ORIENTED_EDGE ( 'NONE', *, *, #2457, .F. ) ;
#217 = LINE ( 'NONE', #1963, #197 ) ;
#218 = LINE ( 'NONE', #1186, #921 ) ;
#219 = CARTESIAN_POINT ( 'NONE',  ( 15.50000000000000000, -15.50000000000000000, 6.000000000000000000 ) ) ;
#220 = EDGE_CURVE ( 'NONE', #2155, #1942, #1792, .T. ) ;
#221 = DIRECTION ( 'NONE',  ( 0.000000000000000000, 0.000000000000000000, 1.000000000000000000 ) ) ;
#222 = LINE ( 'NONE', #1243, #2173 ) ;
#223 = CARTESIAN_POINT ( 'NONE',  ( -38.89999999999998437, -40.99999999999996447, -9.000000000000000000 ) ) ;
#224 = VERTEX_POINT ( 'NONE', #1300 ) ;
#225 = EDGE_CURVE ( 'NONE', #627, #397, #2037, .T. ) ;
#226 = CARTESIAN_POINT ( 'NONE',  ( 40.99999999999997868, 40.99999999999999289, -14.00000000000001243 ) ) ;
#227 = DIRECTION ( 'NONE',  ( 0.000000000000000000, 0.000000000000000000, 1.000000000000000000 ) ) ;
#228 = LINE ( 'NONE', #1701, #1782 ) ;
#229 = ORIENTED_EDGE ( 'NONE', *, *, #1778, .F. ) ;
#230 = ADVANCED_FACE ( 'NONE', ( #7 ), #1820, .F. ) ;
#231 = CARTESIAN_POINT ( 'NONE',  ( 19.53621974363378655, 18.78043778245780970, -11.00000000000000000 ) ) ;
#232 = DIRECTION ( 'NONE',  ( 0.000000000000000000, 0.000000000000000000, -1.000000000000000000 ) ) ;
#233 = DIRECTION ( 'NONE',  ( 1.000000000000000000, 0.000000000000000000, 0.000000000000000000 ) ) ;
#234 = VECTOR ( 'NONE', #691, 1000.000000000000000 ) ;
#235 = CARTESIAN_POINT ( 'NONE',  ( 40.11927051499419150, -15.14999901659579251, -11.00000000000000000 ) ) ;
#236 = DIRECTION ( 'NONE',  ( -0.000000000000000000, -0.000000000000000000, 1.000000000000000000 ) ) ;
#237 = CARTESIAN_POINT ( 'NONE',  ( 46.99999999999999289, 41.99999999999996447, -146.9360748630709566 ) ) ;
#238 = EDGE_LOOP ( 'NONE', ( #705, #3037 ) ) ;
#239 = CARTESIAN_POINT ( 'NONE',  ( -13.73036216090287809, 20.48945452524638355, -11.00000000000000000 ) ) ;
#240 = CARTESIAN_POINT ( 'NONE',  ( 41.99999999999999289, 42.00000000000000000, -14.00000000000001243 ) ) ;
#241 = CARTESIAN_POINT ( 'NONE',  ( -15.50000000000000000, -15.50000000000000000, -4.000000000000000000 ) ) ;
#242 = EDGE_CURVE ( 'NONE', #2430, #1134, #3142, .T. ) ;
#243 = ORIENTED_EDGE ( 'NONE', *, *, #423, .F. ) ;
#244 = AXIS2_PLACEMENT_3D ( 'NONE', #1572, #41, #794 ) ;
#245 = LINE ( 'NONE', #515, #1776 ) ;
#246 = PLANE ( 'NONE',  #1861 ) ;
#247 = DIRECTION ( 'NONE',  ( 0.000000000000000000, 0.000000000000000000, 1.000000000000000000 ) ) ;
#248 = VECTOR ( 'NONE', #1901, 1000.000000000000114 ) ;
#249 = EDGE_CURVE ( 'NONE', #3223, #961, #468, .T. ) ;
#250 = VECTOR ( 'NONE', #334, 1000.000000000000000 ) ;
#251 = AXIS2_PLACEMENT_3D ( 'NONE', #2046, #2298, #588 ) ;
#252 = VECTOR ( 'NONE', #2670, 1000.000000000000000 ) ;
#253 = LINE ( 'NONE', #541, #2980 ) ;
#254 = CYLINDRICAL_SURFACE ( 'NONE', #2906, 2.500000000000000000 ) ;
#255 = CARTESIAN_POINT ( 'NONE',  ( 15.50000005695844152, -15.49999529991906400, -11.00000000000000000 ) ) ;
#256 = AXIS2_PLACEMENT_3D ( 'NONE', #671, #1157, #2899 ) ;
#257 = VERTEX_POINT ( 'NONE', #1108 ) ;
#258 = CARTESIAN_POINT ( 'NONE',  ( -25.00000000000000000, -3.061616997868383043E-15, -1.000000000000000888 ) ) ;
#259 = DIRECTION ( 'NONE',  ( 1.000000000000000000, 0.000000000000000000, 0.000000000000000000 ) ) ;
#260 = AXIS2_PLACEMENT_3D ( 'NONE', #1055, #2789, #819 ) ;
#261 = FACE_OUTER_BOUND ( 'NONE', #584, .T. ) ;
#262 = ORIENTED_EDGE ( 'NONE', *, *, #1707, .F. ) ;
#263 = FACE_OUTER_BOUND ( 'NONE', #549, .T. ) ;
#264 = CARTESIAN_POINT ( 'NONE',  ( -17.25000000000000000, -15.50000000000000000, 0.000000000000000000 ) ) ;
#265 = CARTESIAN_POINT ( 'NONE',  ( 40.11927518487747335, 15.15000098341173462, -11.00000000000000000 ) ) ;
#266 = EDGE_CURVE ( 'NONE', #1921, #1232, #2303, .T. ) ;
#267 = DIRECTION ( 'NONE',  ( -1.000000000000000000, 0.000000000000000000, 0.000000000000000000 ) ) ;
#268 = CARTESIAN_POINT ( 'NONE',  ( -15.50000000000000000, 15.50000000000000000, 0.000000000000000000 ) ) ;
#269 = ORIENTED_EDGE ( 'NONE', *, *, #1273, .T. ) ;
#270 = CARTESIAN_POINT ( 'NONE',  ( 21.50000000000000000, -4.841881138603709386E-15, -8.000000000000000000 ) ) ;
#271 = CARTESIAN_POINT ( 'NONE',  ( -15.50000000000000000, 15.50000000000000000, 0.000000000000000000 ) ) ;
#272 = DIRECTION ( 'NONE',  ( -0.000000000000000000, -0.000000000000000000, -1.000000000000000000 ) ) ;
#273 = ORIENTED_EDGE ( 'NONE', *, *, #2072, .T. ) ;
#274 = DIRECTION ( 'NONE',  ( -1.000000000000000000, 0.000000000000000000, -0.000000000000000000 ) ) ;
#275 = DIRECTION ( 'NONE',  ( -0.000000000000000000, -0.000000000000000000, 1.000000000000000000 ) ) ;
#276 = ORIENTED_EDGE ( 'NONE', *, *, #2219, .T. ) ;
#277 = AXIS2_PLACEMENT_3D ( 'NONE', #169, #1192, #2179 ) ;
#278 = ORIENTED_EDGE ( 'NONE', *, *, #1702, .F. ) ;
#279 = EDGE_CURVE ( 'NONE', #1541, #639, #2986, .T. ) ;
#280 = AXIS2_PLACEMENT_3D ( 'NONE', #1201, #2189, #1224 ) ;
#281 = CARTESIAN_POINT ( 'NONE',  ( -15.50000000000000000, 15.50000000000000000, 0.000000000000000000 ) ) ;
#282 = EDGE_CURVE ( 'NONE', #2290, #3018, #1992, .T. ) ;
#283 = ORIENTED_EDGE ( 'NONE', *, *, #1119, .F. ) ;
#284 = CARTESIAN_POINT ( 'NONE',  ( -23.00000000000176570, -25.00000000000000000, -9.000000000000000000 ) ) ;
#285 = CARTESIAN_POINT ( 'NONE',  ( 43.09999999999998010, 40.99999999999999289, -146.9360748630709566 ) ) ;
#286 = DIRECTION ( 'NONE',  ( 0.000000000000000000, -0.000000000000000000, -1.000000000000000000 ) ) ;
#287 = ORIENTED_EDGE ( 'NONE', *, *, #249, .T. ) ;
#288 = DIRECTION ( 'NONE',  ( -1.000000000000000000, 0.000000000000000000, 0.000000000000000000 ) ) ;
#289 = DIRECTION ( 'NONE',  ( -0.7071067811865513475, 0.000000000000000000, 0.7071067811865435759 ) ) ;
#290 = VERTEX_POINT ( 'NONE', #1428 ) ;
#291 = EDGE_CURVE ( 'NONE', #1844, #2469, #2404, .T. ) ;
#292 = DIRECTION ( 'NONE',  ( -1.000000000000000000, 0.000000000000000000, 0.000000000000000000 ) ) ;
#293 = AXIS2_PLACEMENT_3D ( 'NONE', #2165, #943, #1940 ) ;
#294 = ORIENTED_EDGE ( 'NONE', *, *, #982, .F. ) ;
#295 = EDGE_CURVE ( 'NONE', #1355, #998, #3085, .T. ) ;
#296 = LINE ( 'NONE', #19, #2830 ) ;
#297 = DIRECTION ( 'NONE',  ( -0.000000000000000000, -0.000000000000000000, 1.000000000000000000 ) ) ;
#298 = CARTESIAN_POINT ( 'NONE',  ( -21.50000000000000000, 2.147658180479529816E-15, -8.000000000000000000 ) ) ;
#299 = CIRCLE ( 'NONE', #301, 2.099999999999990763 ) ;
#300 = VERTEX_POINT ( 'NONE', #1358 ) ;
#301 = AXIS2_PLACEMENT_3D ( 'NONE', #1753, #2501, #203 ) ;
#302 = EDGE_CURVE ( 'NONE', #3256, #992, #683, .T. ) ;
#303 = LINE ( 'NONE', #2516, #513 ) ;
#304 = CARTESIAN_POINT ( 'NONE',  ( -47.00000000000000711, 41.99999999999996447, -14.00000000000001243 ) ) ;
#305 = VERTEX_POINT ( 'NONE', #1138 ) ;
#306 = EDGE_LOOP ( 'NONE', ( #1813, #2611, #490, #2047 ) ) ;
#307 = PLANE ( 'NONE',  #1983 ) ;
#308 = ORIENTED_EDGE ( 'NONE', *, *, #39, .F. ) ;
#309 = EDGE_CURVE ( 'NONE', #3130, #290, #384, .T. ) ;
#310 = LINE ( 'NONE', #803, #3148 ) ;
#311 = LINE ( 'NONE', #863, #1798 ) ;
#312 = CARTESIAN_POINT ( 'NONE',  ( 12.75000000000000178, -15.50000000000000000, 0.000000000000000000 ) ) ;
#313 = ORIENTED_EDGE ( 'NONE', *, *, #2858, .T. ) ;
#314 = EDGE_CURVE ( 'NONE', #2320, #787, #621, .T. ) ;
#315 = DIRECTION ( 'NONE',  ( -1.000000000000000000, 0.000000000000000000, 0.000000000000000000 ) ) ;
#316 = DIRECTION ( 'NONE',  ( -1.000000000000000000, 0.000000000000000000, -0.000000000000000000 ) ) ;
#317 = ORIENTED_EDGE ( 'NONE', *, *, #282, .F. ) ;
#318 = EDGE_CURVE ( 'NONE', #3210, #1492, #1394, .T. ) ;
#319 = VECTOR ( 'NONE', #1958, 1000.000000000000000 ) ;
#320 = CARTESIAN_POINT ( 'NONE',  ( 21.50000000000000000, -4.841881138603709386E-15, -6.499999999999999112 ) ) ;
#321 = DIRECTION ( 'NONE',  ( 1.000000000000000000, 0.000000000000000000, 0.000000000000000000 ) ) ;
#322 = VERTEX_POINT ( 'NONE', #2850 ) ;
#323 = ORIENTED_EDGE ( 'NONE', *, *, #737, .F. ) ;
#324 = CARTESIAN_POINT ( 'NONE',  ( -21.50000000000000000, 2.147658180479529816E-15, -6.499999999999999112 ) ) ;
#325 = AXIS2_PLACEMENT_3D ( 'NONE', #488, #1519, #473 ) ;
#326 = CIRCLE ( 'NONE', #1253, 2.500000000000000000 ) ;
#327 = VERTEX_POINT ( 'NONE', #1885 ) ;
#328 = DIRECTION ( 'NONE',  ( 0.000000000000000000, 0.000000000000000000, -1.000000000000000000 ) ) ;
#329 = CARTESIAN_POINT ( 'NONE',  ( -27.00000000000106226, -25.00000000000000000, -14.00000000000000000 ) ) ;
#330 = AXIS2_PLACEMENT_3D ( 'NONE', #875, #1607, #647 ) ;
#331 = DIRECTION ( 'NONE',  ( 0.000000000000000000, 0.000000000000000000, -1.000000000000000000 ) ) ;
#332 = EDGE_LOOP ( 'NONE', ( #317, #1022 ) ) ;
#333 = CARTESIAN_POINT ( 'NONE',  ( 15.50000000000000000, -15.50000000000000000, 0.000000000000000000 ) ) ;
#334 = DIRECTION ( 'NONE',  ( -0.000000000000000000, -0.000000000000000000, -1.000000000000000000 ) ) ;
#335 = EDGE_CURVE ( 'NONE', #8, #3163, #416, .T. ) ;
#336 = VERTEX_POINT ( 'NONE', #1124 ) ;
#337 = DIRECTION ( 'NONE',  ( 1.000000000000000000, 0.000000000000000000, 0.000000000000000000 ) ) ;
#338 = CARTESIAN_POINT ( 'NONE',  ( -41.99999999999994316, -47.00000000000000000, -9.000000000000000000 ) ) ;
#339 = EDGE_CURVE ( 'NONE', #2663, #1786, #3129, .T. ) ;
#340 = ORIENTED_EDGE ( 'NONE', *, *, #1999, .F. ) ;
#341 = AXIS2_PLACEMENT_3D ( 'NONE', #3083, #514, #274 ) ;
#342 = LINE ( 'NONE', #2088, #1812 ) ;
#343 = EDGE_CURVE ( 'NONE', #1059, #1355, #1630, .T. ) ;
#344 = AXIS2_PLACEMENT_3D ( 'NONE', #125, #1828, #2842 ) ;
#345 = VERTEX_POINT ( 'NONE', #2374 ) ;
#346 = CIRCLE ( 'NONE', #1268, 2.099999999999997868 ) ;
#347 = CARTESIAN_POINT ( 'NONE',  ( -15.50000000000000000, -15.50000000000000000, 0.000000000000000000 ) ) ;
#348 = DIRECTION ( 'NONE',  ( 1.000000000000000000, 0.000000000000000000, 0.000000000000000000 ) ) ;
#349 = DIRECTION ( 'NONE',  ( 0.000000000000000000, 0.000000000000000000, 1.000000000000000000 ) ) ;
#350 = AXIS2_PLACEMENT_3D ( 'NONE', #1250, #444, #1479 ) ;
#351 = ORIENTED_EDGE ( 'NONE', *, *, #2512, .T. ) ;
#352 = DIRECTION ( 'NONE',  ( 0.000000000000000000, 0.000000000000000000, -1.000000000000000000 ) ) ;
#353 = DIRECTION ( 'NONE',  ( 0.000000000000000000, 0.000000000000000000, -1.000000000000000000 ) ) ;
#354 = AXIS2_PLACEMENT_3D ( 'NONE', #724, #1987, #2937 ) ;
#355 = ORIENTED_EDGE ( 'NONE', *, *, #512, .F. ) ;
#356 = ORIENTED_EDGE ( 'NONE', *, *, #2296, .T. ) ;
#357 = AXIS2_PLACEMENT_3D ( 'NONE', #2004, #130, #2618 ) ;
#358 = EDGE_CURVE ( 'NONE', #2589, #1830, #1105, .T. ) ;
#359 = DIRECTION ( 'NONE',  ( -0.000000000000000000, -0.000000000000000000, -1.000000000000000000 ) ) ;
#360 = DIRECTION ( 'NONE',  ( 0.000000000000000000, 0.000000000000000000, -1.000000000000000000 ) ) ;
#361 = ORIENTED_EDGE ( 'NONE', *, *, #2690, .T. ) ;
#362 = VERTEX_POINT ( 'NONE', #1178 ) ;
#363 = EDGE_CURVE ( 'NONE', #1381, #1143, #1627, .T. ) ;
#364 = DIRECTION ( 'NONE',  ( 1.000000000000000000, 0.000000000000000000, 0.000000000000000000 ) ) ;
#365 = EDGE_LOOP ( 'NONE', ( #294, #1698 ) ) ;
#366 = ORIENTED_EDGE ( 'NONE', *, *, #2417, .T. ) ;
#367 = EDGE_CURVE ( 'NONE', #2331, #2450, #2145, .T. ) ;
#368 = DIRECTION ( 'NONE',  ( -0.000000000000000000, -0.000000000000000000, 1.000000000000000000 ) ) ;
#369 = DIRECTION ( 'NONE',  ( -0.9999999999999880096, 1.541213905234362051E-07, 0.000000000000000000 ) ) ;
#370 = DIRECTION ( 'NONE',  ( -1.000000000000000000, 0.000000000000000000, 0.000000000000000000 ) ) ;
#371 = ORIENTED_EDGE ( 'NONE', *, *, #2390, .T. ) ;
#372 = LINE ( 'NONE', #1162, #3028 ) ;
#373 = CARTESIAN_POINT ( 'NONE',  ( -20.73957307132238981, -14.48998971462589758, -11.00000000000000000 ) ) ;
#374 = VERTEX_POINT ( 'NONE', #3167 ) ;
#375 = DIRECTION ( 'NONE',  ( -0.000000000000000000, -0.000000000000000000, -1.000000000000000000 ) ) ;
#376 = DIRECTION ( 'NONE',  ( 0.000000000000000000, 0.000000000000000000, -1.000000000000000000 ) ) ;
#377 = ORIENTED_EDGE ( 'NONE', *, *, #166, .T. ) ;
#378 = CARTESIAN_POINT ( 'NONE',  ( 22.99999999999847589, 24.99999999999858247, -14.00000000000000000 ) ) ;
#379 = EDGE_CURVE ( 'NONE', #1217, #3223, #652, .T. ) ;
#380 = ORIENTED_EDGE ( 'NONE', *, *, #21, .F. ) ;
#381 = LINE ( 'NONE', #2143, #211 ) ;
#382 = FACE_BOUND ( 'NONE', #2370, .T. ) ;
#383 = EDGE_CURVE ( 'NONE', #1363, #912, #949, .T. ) ;
#384 = LINE ( 'NONE', #1409, #1324 ) ;
#385 = AXIS2_PLACEMENT_3D ( 'NONE', #2968, #3216, #1743 ) ;
#386 = ORIENTED_EDGE ( 'NONE', *, *, #3003, .F. ) ;
#387 = VECTOR ( 'NONE', #3213, 1000.000000000000000 ) ;
#388 = CARTESIAN_POINT ( 'NONE',  ( 13.75000000000000000, 15.50000000000000000, -11.00000000000000000 ) ) ;
#389 = CARTESIAN_POINT ( 'NONE',  ( -47.00000000000000711, 41.99999999999996447, -146.9360748630709566 ) ) ;
#390 = VERTEX_POINT ( 'NONE', #2919 ) ;
#391 = ORIENTED_EDGE ( 'NONE', *, *, #815, .T. ) ;
#392 = ORIENTED_EDGE ( 'NONE', *, *, #220, .F. ) ;
#393 = DIRECTION ( 'NONE',  ( -0.000000000000000000, -0.000000000000000000, -1.000000000000000000 ) ) ;
#394 = CARTESIAN_POINT ( 'NONE',  ( 40.11927051499419150, -15.14999901659579251, -11.00000000000000000 ) ) ;
#395 = VERTEX_POINT ( 'NONE', #2342 ) ;
#396 =( LENGTH_UNIT ( ) NAMED_UNIT ( * ) SI_UNIT ( .MILLI., .METRE. ) );
#397 = VERTEX_POINT ( 'NONE', #2231 ) ;
#398 = VECTOR ( 'NONE', #2391, 1000.000000000000000 ) ;
#399 = VERTEX_POINT ( 'NONE', #223 ) ;
#400 = DIRECTION ( 'NONE',  ( -1.000000000000000000, 0.000000000000000000, 0.000000000000000000 ) ) ;
#401 = DIRECTION ( 'NONE',  ( -1.000000000000000000, 0.000000000000000000, 0.000000000000000000 ) ) ;
#402 = AXIS2_PLACEMENT_3D ( 'NONE', #2827, #1129, #582 ) ;
#403 = DIRECTION ( 'NONE',  ( 1.000000000000000000, 0.000000000000000000, 0.000000000000000000 ) ) ;
#404 = VERTEX_POINT ( 'NONE', #1756 ) ;
#405 = CIRCLE ( 'NONE', #616, 19.70000000000046114 ) ;
#406 = EDGE_CURVE ( 'NONE', #374, #399, #1954, .T. ) ;
#407 = DIRECTION ( 'NONE',  ( -0.000000000000000000, -0.000000000000000000, 1.000000000000000000 ) ) ;
#408 = CARTESIAN_POINT ( 'NONE',  ( 18.25000000000000000, -15.50000000000000000, 0.000000000000000000 ) ) ;
#409 = ORIENTED_EDGE ( 'NONE', *, *, #2918, .T. ) ;
#410 = AXIS2_PLACEMENT_3D ( 'NONE', #3084, #2064, #592 ) ;
#411 = ORIENTED_EDGE ( 'NONE', *, *, #339, .T. ) ;
#412 = CIRCLE ( 'NONE', #1271, 25.30000000000148930 ) ;
#413 = DIRECTION ( 'NONE',  ( -0.9999999999999880096, 1.541214393050391547E-07, 0.000000000000000000 ) ) ;
#414 = DIRECTION ( 'NONE',  ( 1.000000000000000000, 0.000000000000000000, 0.000000000000000000 ) ) ;
#415 = ORIENTED_EDGE ( 'NONE', *, *, #3265, .T. ) ;
#416 = CIRCLE ( 'NONE', #1164, 4.999999999999997335 ) ;
#417 = VECTOR ( 'NONE', #1542, 1000.000000000000000 ) ;
#418 = ORIENTED_EDGE ( 'NONE', *, *, #2998, .F. ) ;
#419 = ORIENTED_EDGE ( 'NONE', *, *, #1395, .F. ) ;
#420 = CARTESIAN_POINT ( 'NONE',  ( 30.93178239727756562, -34.84999760060792084, -11.00000000000000000 ) ) ;
#421 = DIRECTION ( 'NONE',  ( 1.000000000000000000, 0.000000000000000000, 0.000000000000000000 ) ) ;
#422 = LINE ( 'NONE', #1443, #1277 ) ;
#423 = EDGE_CURVE ( 'NONE', #534, #1942, #3184, .T. ) ;
#424 = ORIENTED_EDGE ( 'NONE', *, *, #1662, .F. ) ;
#425 = CARTESIAN_POINT ( 'NONE',  ( 40.99999999999997868, -40.99999999999995026, -9.000000000000000000 ) ) ;
#426 = DIRECTION ( 'NONE',  ( 0.000000000000000000, 0.000000000000000000, -1.000000000000000000 ) ) ;
#427 = ORIENTED_EDGE ( 'NONE', *, *, #1872, .F. ) ;
#428 = VERTEX_POINT ( 'NONE', #191 ) ;
#429 = EDGE_CURVE ( 'NONE', #1031, #1548, #2775, .T. ) ;
#430 = ORIENTED_EDGE ( 'NONE', *, *, #2207, .F. ) ;
#431 = FACE_OUTER_BOUND ( 'NONE', #1693, .T. ) ;
#432 = CARTESIAN_POINT ( 'NONE',  ( 8.005467014174450598E-16, 21.50000000000000000, -6.500000000000060396 ) ) ;
#433 = ORIENTED_EDGE ( 'NONE', *, *, #1975, .T. ) ;
#434 = EDGE_CURVE ( 'NONE', #998, #395, #1535, .T. ) ;
#435 = ORIENTED_EDGE ( 'NONE', *, *, #2690, .F. ) ;
#436 = VERTEX_POINT ( 'NONE', #3204 ) ;
#437 = CARTESIAN_POINT ( 'NONE',  ( 40.99999999999997868, 40.99999999999999289, -9.000000000000000000 ) ) ;
#438 = CARTESIAN_POINT ( 'NONE',  ( 40.99999999999997868, 40.99999999999999289, -9.000000000000000000 ) ) ;
#439 = CARTESIAN_POINT ( 'NONE',  ( -24.99999999999999645, 25.00000000000000000, -9.000000000000000000 ) ) ;
#440 = ORIENTED_EDGE ( 'NONE', *, *, #2982, .F. ) ;
#441 = DIRECTION ( 'NONE',  ( -1.000000000000000000, 0.000000000000000000, 0.000000000000000000 ) ) ;
#442 = DIRECTION ( 'NONE',  ( -1.000000000000000000, 0.000000000000000000, 0.000000000000000000 ) ) ;
#443 = AXIS2_PLACEMENT_3D ( 'NONE', #1679, #208, #2952 ) ;
#444 = DIRECTION ( 'NONE',  ( 0.000000000000000000, 0.000000000000000000, -1.000000000000000000 ) ) ;
#445 = ORIENTED_EDGE ( 'NONE', *, *, #988, .F. ) ;
#446 = VECTOR ( 'NONE', #1147, 1000.000000000000000 ) ;
#447 = EDGE_CURVE ( 'NONE', #2050, #2683, #37, .T. ) ;
#448 = DIRECTION ( 'NONE',  ( 0.000000000000000000, 0.000000000000000000, 1.000000000000000000 ) ) ;
#449 = LINE ( 'NONE', #1722, #387 ) ;
#450 = DIRECTION ( 'NONE',  ( 0.000000000000000000, 0.000000000000000000, 1.000000000000000000 ) ) ;
#451 = ADVANCED_FACE ( 'NONE', ( #2462 ), #1457, .T. ) ;
#452 = SHAPE_DEFINITION_REPRESENTATION ( #931, #1388 ) ;
#453 = CARTESIAN_POINT ( 'NONE',  ( 43.09999999999998010, 40.99999999999999289, -9.000000000000000000 ) ) ;
#454 = PLANE ( 'NONE',  #443 ) ;
#455 = FACE_OUTER_BOUND ( 'NONE', #1269, .T. ) ;
#456 = EDGE_LOOP ( 'NONE', ( #2802, #1448, #2423, #1335 ) ) ;
#457 = AXIS2_PLACEMENT_3D ( 'NONE', #235, #2000, #2245 ) ;
#458 = DIRECTION ( 'NONE',  ( 0.000000000000000000, 0.000000000000000000, -1.000000000000000000 ) ) ;
#459 = LINE ( 'NONE', #964, #2348 ) ;
#460 = DIRECTION ( 'NONE',  ( 0.000000000000000000, 0.000000000000000000, -1.000000000000000000 ) ) ;
#461 = CIRCLE ( 'NONE', #2295, 1.750000000000001554 ) ;
#462 = EDGE_LOOP ( 'NONE', ( #1319, #178, #1351, #2081 ) ) ;
#463 = DIRECTION ( 'NONE',  ( 0.000000000000000000, 0.000000000000000000, -1.000000000000000000 ) ) ;
#464 = AXIS2_PLACEMENT_3D ( 'NONE', #1318, #1994, #2995 ) ;
#465 = DIRECTION ( 'NONE',  ( -1.000000000000000000, 0.000000000000000000, 0.000000000000000000 ) ) ;
#466 = CARTESIAN_POINT ( 'NONE',  ( -3.494769659541620390E-15, -21.50000000000000000, -8.000000000000000000 ) ) ;
#467 = ADVANCED_FACE ( 'NONE', ( #2202 ), #2970, .F. ) ;
#468 = CIRCLE ( 'NONE', #736, 4.999999999999997335 ) ;
#469 = CIRCLE ( 'NONE', #887, 3.299999999999966072 ) ;
#470 = EDGE_CURVE ( 'NONE', #113, #1081, #3197, .T. ) ;
#471 = CIRCLE ( 'NONE', #2040, 25.30000000000148930 ) ;
#472 = DIRECTION ( 'NONE',  ( 0.000000000000000000, 0.000000000000000000, -1.000000000000000000 ) ) ;
#473 = DIRECTION ( 'NONE',  ( -1.000000000000000000, 0.000000000000000000, 0.000000000000000000 ) ) ;
#474 = DIRECTION ( 'NONE',  ( -0.000000000000000000, -0.000000000000000000, 1.000000000000000000 ) ) ;
#475 = VECTOR ( 'NONE', #2881, 1000.000000000000000 ) ;
#476 = EDGE_CURVE ( 'NONE', #1103, #1671, #2445, .T. ) ;
#477 = ORIENTED_EDGE ( 'NONE', *, *, #550, .T. ) ;
#478 = CARTESIAN_POINT ( 'NONE',  ( 23.99999999999999645, -4.535719438816869938E-15, -6.499999999999999112 ) ) ;
#479 = DIRECTION ( 'NONE',  ( 1.541213867473479208E-07, 0.9999999999999881206, -0.000000000000000000 ) ) ;
#480 = DIRECTION ( 'NONE',  ( -1.000000000000000000, 0.000000000000000000, 0.000000000000000000 ) ) ;
#481 = EDGE_LOOP ( 'NONE', ( #2270, #313, #269, #2810 ) ) ;
#482 = ORIENTED_EDGE ( 'NONE', *, *, #1662, .T. ) ;
#483 = DIRECTION ( 'NONE',  ( -0.000000000000000000, -0.000000000000000000, -1.000000000000000000 ) ) ;
#484 = DIRECTION ( 'NONE',  ( 0.000000000000000000, 0.000000000000000000, 1.000000000000000000 ) ) ;
#485 = CARTESIAN_POINT ( 'NONE',  ( 19.03220504942239799, -19.14999584431670954, -11.00000000000000000 ) ) ;
#486 = ADVANCED_FACE ( 'NONE', ( #2217 ), #3235, .F. ) ;
#487 = LINE ( 'NONE', #1242, #3205 ) ;
#488 = CARTESIAN_POINT ( 'NONE',  ( 30.93178239727756562, -34.84999760060792084, -11.00000000000000000 ) ) ;
#489 = CARTESIAN_POINT ( 'NONE',  ( 0.000000000000000000, 0.000000000000000000, -11.00000000000000000 ) ) ;
#490 = ORIENTED_EDGE ( 'NONE', *, *, #2646, .T. ) ;
#491 = VERTEX_POINT ( 'NONE', #2953 ) ;
#492 = ADVANCED_FACE ( 'NONE', ( #3217 ), #1009, .F. ) ;
#493 = DIRECTION ( 'NONE',  ( -0.000000000000000000, -0.000000000000000000, -1.000000000000000000 ) ) ;
#494 =( NAMED_UNIT ( * ) SI_UNIT ( $, .STERADIAN. ) SOLID_ANGLE_UNIT ( ) );
#495 = ORIENTED_EDGE ( 'NONE', *, *, #1839, .T. ) ;
#496 = ORIENTED_EDGE ( 'NONE', *, *, #3043, .T. ) ;
#497 = ORIENTED_EDGE ( 'NONE', *, *, #754, .F. ) ;
#498 = AXIS2_PLACEMENT_3D ( 'NONE', #438, #670, #1156 ) ;
#499 = CARTESIAN_POINT ( 'NONE',  ( -18.25000000000000000, -15.50000000000000000, 0.000000000000000000 ) ) ;
#500 = DIRECTION ( 'NONE',  ( 1.000000000000000000, 0.000000000000000000, 0.000000000000000000 ) ) ;
#501 = CARTESIAN_POINT ( 'NONE',  ( 19.53621395469421529, -18.78042947105270599, -11.00000000000000000 ) ) ;
#502 = ORIENTED_EDGE ( 'NONE', *, *, #797, .F. ) ;
#503 = DIRECTION ( 'NONE',  ( -0.000000000000000000, -0.000000000000000000, -1.000000000000000000 ) ) ;
#504 = FACE_BOUND ( 'NONE', #3198, .T. ) ;
#505 = CYLINDRICAL_SURFACE ( 'NONE', #3035, 5.049999999999698730 ) ;
#506 = ORIENTED_EDGE ( 'NONE', *, *, #1702, .T. ) ;
#507 = ADVANCED_FACE ( 'NONE', ( #2989 ), #3002, .F. ) ;
#508 = CARTESIAN_POINT ( 'NONE',  ( -21.33440716348282962, 12.60000986845644633, -11.00000000000000000 ) ) ;
#509 = CARTESIAN_POINT ( 'NONE',  ( 18.64870717236005859, -19.44817760338685630, -14.00000000000000000 ) ) ;
#510 = FACE_BOUND ( 'NONE', #1545, .T. ) ;
#511 = VERTEX_POINT ( 'NONE', #2725 ) ;
#512 = EDGE_CURVE ( 'NONE', #1548, #1031, #205, .T. ) ;
#513 = VECTOR ( 'NONE', #1333, 1000.000000000000114 ) ;
#514 = DIRECTION ( 'NONE',  ( 0.000000000000000000, 0.000000000000000000, -1.000000000000000000 ) ) ;
#515 = CARTESIAN_POINT ( 'NONE',  ( -15.78991620704324816, 19.76787164068992197, -11.00000000000000000 ) ) ;
#516 = DIRECTION ( 'NONE',  ( 0.000000000000000000, 0.000000000000000000, 1.000000000000000000 ) ) ;
#517 = CIRCLE ( 'NONE', #2816, 19.70000000000105089 ) ;
#518 = ADVANCED_FACE ( 'NONE', ( #455 ), #939, .T. ) ;
#519 = AXIS2_PLACEMENT_3D ( 'NONE', #1717, #195, #1181 ) ;
#520 = ORIENTED_EDGE ( 'NONE', *, *, #1739, .T. ) ;
#521 = AXIS2_PLACEMENT_3D ( 'NONE', #805, #2019, #1556 ) ;
#522 = VECTOR ( 'NONE', #971, 1000.000000000000000 ) ;
#523 = CARTESIAN_POINT ( 'NONE',  ( 25.00000000000000711, 24.99999999999858247, -9.000000000000000000 ) ) ;
#524 = LINE ( 'NONE', #3234, #118 ) ;
#525 = AXIS2_PLACEMENT_3D ( 'NONE', #2282, #557, #1338 ) ;
#526 = ORIENTED_EDGE ( 'NONE', *, *, #2154, .F. ) ;
#527 = DIRECTION ( 'NONE',  ( -0.000000000000000000, -0.000000000000000000, -1.000000000000000000 ) ) ;
#528 = DIRECTION ( 'NONE',  ( 0.000000000000000000, 0.000000000000000000, -1.000000000000000000 ) ) ;
#529 = CIRCLE ( 'NONE', #2616, 1.999999999999647837 ) ;
#530 = EDGE_CURVE ( 'NONE', #2640, #1612, #422, .T. ) ;
#531 = VERTEX_POINT ( 'NONE', #2507 ) ;
#532 = CARTESIAN_POINT ( 'NONE',  ( -17.25000000000000000, -15.50000000000000000, -11.00000000000000000 ) ) ;
#533 = ORIENTED_EDGE ( 'NONE', *, *, #78, .T. ) ;
#534 = VERTEX_POINT ( 'NONE', #1520 ) ;
#535 = DIRECTION ( 'NONE',  ( 1.000000000000000000, 0.000000000000000000, 0.000000000000000000 ) ) ;
#536 = DIRECTION ( 'NONE',  ( 0.000000000000000000, 0.000000000000000000, 1.000000000000000000 ) ) ;
#537 = ADVANCED_FACE ( 'NONE', ( #2755 ), #505, .F. ) ;
#538 = ORIENTED_EDGE ( 'NONE', *, *, #266, .T. ) ;
#539 = EDGE_CURVE ( 'NONE', #3210, #362, #2715, .T. ) ;
#540 = ORIENTED_EDGE ( 'NONE', *, *, #3239, .F. ) ;
#541 = CARTESIAN_POINT ( 'NONE',  ( 19.53621395469427924, -19.14999584431670954, -11.00000000000000000 ) ) ;
#542 = EDGE_LOOP ( 'NONE', ( #2069, #276, #3022, #199 ) ) ;
#543 = DIRECTION ( 'NONE',  ( -0.000000000000000000, -0.000000000000000000, -1.000000000000000000 ) ) ;
#544 =( NAMED_UNIT ( * ) PLANE_ANGLE_UNIT ( ) SI_UNIT ( $, .RADIAN. ) );
#545 = DIRECTION ( 'NONE',  ( 0.000000000000000000, 0.000000000000000000, -1.000000000000000000 ) ) ;
#546 = ORIENTED_EDGE ( 'NONE', *, *, #3201, .T. ) ;
#547 = DIRECTION ( 'NONE',  ( 0.000000000000000000, 0.000000000000000000, -1.000000000000000000 ) ) ;
#548 = DIRECTION ( 'NONE',  ( 1.000000000000000000, 0.000000000000000000, 0.000000000000000000 ) ) ;
#549 = EDGE_LOOP ( 'NONE', ( #2991, #1920, #738, #3099 ) ) ;
#550 = EDGE_CURVE ( 'NONE', #856, #3261, #3087, .T. ) ;
#551 = PRODUCT_DEFINITION_CONTEXT ( 'detailed design', #2247, 'design' ) ;
#552 = AXIS2_PLACEMENT_3D ( 'NONE', #1838, #1122, #348 ) ;
#553 = EDGE_CURVE ( 'NONE', #1416, #748, #1500, .T. ) ;
#554 = CIRCLE ( 'NONE', #65, 2.499999999999998668 ) ;
#555 = DIRECTION ( 'NONE',  ( -0.000000000000000000, -0.000000000000000000, 1.000000000000000000 ) ) ;
#556 = EDGE_LOOP ( 'NONE', ( #834, #51, #2889, #2379 ) ) ;
#557 = DIRECTION ( 'NONE',  ( 0.000000000000000000, 0.000000000000000000, 1.000000000000000000 ) ) ;
#558 = CARTESIAN_POINT ( 'NONE',  ( 15.50000000000000000, 15.50000000000000000, 0.000000000000000000 ) ) ;
#559 = FACE_OUTER_BOUND ( 'NONE', #2556, .T. ) ;
#560 = ORIENTED_EDGE ( 'NONE', *, *, #2985, .T. ) ;
#561 = FACE_BOUND ( 'NONE', #611, .T. ) ;
#562 = DIRECTION ( 'NONE',  ( 0.000000000000000000, 0.000000000000000000, 1.000000000000000000 ) ) ;
#563 = ORIENTED_EDGE ( 'NONE', *, *, #1853, .F. ) ;
#564 = ORIENTED_EDGE ( 'NONE', *, *, #2752, .F. ) ;
#565 = CIRCLE ( 'NONE', #3074, 4.999999999999997335 ) ;
#566 = ADVANCED_FACE ( 'NONE', ( #1029 ), #2485, .T. ) ;
#567 = CIRCLE ( 'NONE', #2658, 3.299999999999917666 ) ;
#568 = ORIENTED_EDGE ( 'NONE', *, *, #2553, .T. ) ;
#569 = CARTESIAN_POINT ( 'NONE',  ( -43.09999999999999432, 40.99999999999999289, -146.9360748630709566 ) ) ;
#570 = AXIS2_PLACEMENT_3D ( 'NONE', #2302, #1028, #1808 ) ;
#571 = ADVANCED_FACE ( 'NONE', ( #1723 ), #1050, .F. ) ;
#572 = VERTEX_POINT ( 'NONE', #1965 ) ;
#573 = AXIS2_PLACEMENT_3D ( 'NONE', #1611, #2110, #1899 ) ;
#574 = DIRECTION ( 'NONE',  ( -0.000000000000000000, -0.000000000000000000, -1.000000000000000000 ) ) ;
#575 = DIRECTION ( 'NONE',  ( -1.000000000000000000, 0.000000000000000000, 0.000000000000000000 ) ) ;
#576 = DIRECTION ( 'NONE',  ( 1.000000000000000000, 0.000000000000000000, 0.000000000000000000 ) ) ;
#577 = VERTEX_POINT ( 'NONE', #501 ) ;
#578 = DIRECTION ( 'NONE',  ( -0.000000000000000000, -0.000000000000000000, 1.000000000000000000 ) ) ;
#579 = CARTESIAN_POINT ( 'NONE',  ( -21.33440716348282962, 12.60000986845644633, -11.00000000000000000 ) ) ;
#580 = VERTEX_POINT ( 'NONE', #751 ) ;
#581 = UNCERTAINTY_MEASURE_WITH_UNIT (LENGTH_MEASURE( 1.000000000000000082E-05 ), #396, 'distance_accuracy_value', 'NONE');
#582 = DIRECTION ( 'NONE',  ( -1.000000000000000000, 0.000000000000000000, 0.000000000000000000 ) ) ;
#583 = CARTESIAN_POINT ( 'NONE',  ( 21.50000000000000000, -4.841881138603709386E-15, 6.000000000000000000 ) ) ;
#584 = EDGE_LOOP ( 'NONE', ( #3161, #1636, #2300, #1149 ) ) ;
#585 = ORIENTED_EDGE ( 'NONE', *, *, #2646, .F. ) ;
#586 = LINE ( 'NONE', #1883, #475 ) ;
#587 = CARTESIAN_POINT ( 'NONE',  ( 41.99999999999997158, 47.00000000000000000, -14.00000000000001243 ) ) ;
#588 = DIRECTION ( 'NONE',  ( -1.000000000000000000, 2.081668171172169775E-14, 0.000000000000000000 ) ) ;
#589 = EDGE_LOOP ( 'NONE', ( #915, #966, #2707, #1622 ) ) ;
#590 = ADVANCED_FACE ( 'NONE', ( #1274 ), #2877, .F. ) ;
#591 = LINE ( 'NONE', #657, #2868 ) ;
#592 = DIRECTION ( 'NONE',  ( -1.000000000000000000, 0.000000000000000000, 0.000000000000000000 ) ) ;
#593 = ORIENTED_EDGE ( 'NONE', *, *, #3068, .F. ) ;
#594 = DIRECTION ( 'NONE',  ( -0.000000000000000000, -0.000000000000000000, -1.000000000000000000 ) ) ;
#595 = CARTESIAN_POINT ( 'NONE',  ( -18.03440716348291417, 12.60000986845644633, -11.00000000000000000 ) ) ;
#596 = ORIENTED_EDGE ( 'NONE', *, *, #2629, .F. ) ;
#597 =( NAMED_UNIT ( * ) SI_UNIT ( $, .STERADIAN. ) SOLID_ANGLE_UNIT ( ) );
#598 = ORIENTED_EDGE ( 'NONE', *, *, #1796, .F. ) ;
#599 = DIRECTION ( 'NONE',  ( 0.000000000000000000, 0.000000000000000000, -1.000000000000000000 ) ) ;
#600 = CARTESIAN_POINT ( 'NONE',  ( -40.99999999999999289, 40.99999999999999289, -9.000000000000000000 ) ) ;
#601 = DIRECTION ( 'NONE',  ( -1.000000000000000000, 0.000000000000000000, 0.000000000000000000 ) ) ;
#602 = EDGE_CURVE ( 'NONE', #2033, #390, #1981, .T. ) ;
#603 = ORIENTED_EDGE ( 'NONE', *, *, #1075, .F. ) ;
#604 = VECTOR ( 'NONE', #227, 1000.000000000000000 ) ;
#605 = CARTESIAN_POINT ( 'NONE',  ( 2.445839651036362166E-06, 7.088963616423346603E-06, -11.00000000000000000 ) ) ;
#606 = FACE_OUTER_BOUND ( 'NONE', #2431, .T. ) ;
#607 = ORIENTED_EDGE ( 'NONE', *, *, #2512, .F. ) ;
#608 = EDGE_CURVE ( 'NONE', #912, #1363, #1936, .T. ) ;
#609 = DIRECTION ( 'NONE',  ( 0.000000000000000000, 1.000000000000000000, 0.000000000000000000 ) ) ;
#610 = DIRECTION ( 'NONE',  ( -1.000000000000000000, 0.000000000000000000, 0.000000000000000000 ) ) ;
#611 = EDGE_LOOP ( 'NONE', ( #1391, #1327 ) ) ;
#612 = EDGE_CURVE ( 'NONE', #3261, #856, #1434, .T. ) ;
#613 = ORIENTED_EDGE ( 'NONE', *, *, #39, .T. ) ;
#614 = VECTOR ( 'NONE', #2011, 1000.000000000000000 ) ;
#615 = DIRECTION ( 'NONE',  ( 1.000000000000000000, 0.000000000000000000, 0.000000000000000000 ) ) ;
#616 = AXIS2_PLACEMENT_3D ( 'NONE', #2885, #2164, #88 ) ;
#617 = ORIENTED_EDGE ( 'NONE', *, *, #957, .F. ) ;
#618 = VECTOR ( 'NONE', #3209, 1000.000000000000000 ) ;
#619 = CARTESIAN_POINT ( 'NONE',  ( 38.89999999999998437, 40.99999999999999289, -9.000000000000000000 ) ) ;
#620 = LINE ( 'NONE', #2109, #3248 ) ;
#621 = LINE ( 'NONE', #102, #784 ) ;
#622 = CIRCLE ( 'NONE', #33, 3.299999999999917666 ) ;
#623 = VERTEX_POINT ( 'NONE', #2023 ) ;
#624 = DIRECTION ( 'NONE',  ( 0.000000000000000000, -1.000000000000000000, 0.000000000000000000 ) ) ;
#625 = DIRECTION ( 'NONE',  ( 1.000000000000000000, 0.000000000000000000, 0.000000000000000000 ) ) ;
#626 = AXIS2_PLACEMENT_3D ( 'NONE', #2519, #3246, #987 ) ;
#627 = VERTEX_POINT ( 'NONE', #485 ) ;
#628 = AXIS2_PLACEMENT_3D ( 'NONE', #2357, #3150, #1426 ) ;
#629 = EDGE_CURVE ( 'NONE', #224, #2193, #469, .T. ) ;
#630 = DIRECTION ( 'NONE',  ( 0.000000000000000000, 0.000000000000000000, -1.000000000000000000 ) ) ;
#631 = DIRECTION ( 'NONE',  ( 1.000000000000000000, 0.000000000000000000, 0.000000000000000000 ) ) ;
#632 = ORIENTED_EDGE ( 'NONE', *, *, #1276, .T. ) ;
#633 = CIRCLE ( 'NONE', #1944, 1.749999999999999778 ) ;
#634 = EDGE_CURVE ( 'NONE', #787, #1435, #299, .T. ) ;
#635 = EDGE_LOOP ( 'NONE', ( #1848, #1092 ) ) ;
#636 = DIRECTION ( 'NONE',  ( -0.000000000000000000, -0.000000000000000000, -1.000000000000000000 ) ) ;
#637 = CARTESIAN_POINT ( 'NONE',  ( 0.000000000000000000, 0.000000000000000000, 0.000000000000000000 ) ) ;
#638 = CARTESIAN_POINT ( 'NONE',  ( -25.00000000000141398, -25.00000000000000000, -14.00000000000000000 ) ) ;
#639 = VERTEX_POINT ( 'NONE', #1002 ) ;
#640 = CARTESIAN_POINT ( 'NONE',  ( -17.25000000000000000, 15.50000000000000000, -4.000000000000000000 ) ) ;
#641 = DIRECTION ( 'NONE',  ( 1.000000000000000000, 0.000000000000000000, 0.000000000000000000 ) ) ;
#642 = VERTEX_POINT ( 'NONE', #3264 ) ;
#643 = ORIENTED_EDGE ( 'NONE', *, *, #1938, .F. ) ;
#644 = CARTESIAN_POINT ( 'NONE',  ( -3.494769659541620390E-15, -21.50000000000000000, 6.000000000000000000 ) ) ;
#645 = DIRECTION ( 'NONE',  ( 0.000000000000000000, 0.000000000000000000, -1.000000000000000000 ) ) ;
#646 = VERTEX_POINT ( 'NONE', #3227 ) ;
#647 = DIRECTION ( 'NONE',  ( -1.000000000000000000, 0.000000000000000000, 0.000000000000000000 ) ) ;
#648 = ADVANCED_FACE ( 'NONE', ( #2979, #1996 ), #3011, .T. ) ;
#649 = EDGE_LOOP ( 'NONE', ( #2727, #23 ) ) ;
#650 = CARTESIAN_POINT ( 'NONE',  ( 23.99999999999999645, -4.535719438816871516E-15, 0.000000000000000000 ) ) ;
#651 = FACE_BOUND ( 'NONE', #2281, .T. ) ;
#652 = LINE ( 'NONE', #1663, #2257 ) ;
#653 = CIRCLE ( 'NONE', #1347, 2.099999999999997868 ) ;
#654 = EDGE_CURVE ( 'NONE', #1988, #8, #2010, .T. ) ;
#655 = ORIENTED_EDGE ( 'NONE', *, *, #3031, .F. ) ;
#656 = AXIS2_PLACEMENT_3D ( 'NONE', #2978, #734, #951 ) ;
#657 = CARTESIAN_POINT ( 'NONE',  ( 46.99999999999999289, -42.00000000000000711, -14.00000000000001243 ) ) ;
#658 = LINE ( 'NONE', #408, #972 ) ;
#659 = ORIENTED_EDGE ( 'NONE', *, *, #1582, .T. ) ;
#660 = ORIENTED_EDGE ( 'NONE', *, *, #1621, .F. ) ;
#661 = LINE ( 'NONE', #2661, #1473 ) ;
#662 = DIRECTION ( 'NONE',  ( 1.000000000000000000, 0.000000000000000000, 0.000000000000000000 ) ) ;
#663 = ORIENTED_EDGE ( 'NONE', *, *, #1867, .T. ) ;
#664 = DIRECTION ( 'NONE',  ( 1.000000000000000000, 0.000000000000000000, 0.000000000000000000 ) ) ;
#665 = EDGE_CURVE ( 'NONE', #572, #3130, #1109, .T. ) ;
#666 = CIRCLE ( 'NONE', #1316, 2.000000000001531664 ) ;
#667 = ORIENTED_EDGE ( 'NONE', *, *, #1839, .F. ) ;
#668 = ADVANCED_FACE ( 'NONE', ( #1225 ), #1765, .T. ) ;
#669 = FACE_BOUND ( 'NONE', #1868, .T. ) ;
#670 = DIRECTION ( 'NONE',  ( 0.000000000000000000, 0.000000000000000000, 1.000000000000000000 ) ) ;
#671 = CARTESIAN_POINT ( 'NONE',  ( 0.000000000000000000, 0.000000000000000000, -1.000000000000000888 ) ) ;
#672 = VERTEX_POINT ( 'NONE', #265 ) ;
#673 = AXIS2_PLACEMENT_3D ( 'NONE', #2378, #1855, #1091 ) ;
#674 = ORIENTED_EDGE ( 'NONE', *, *, #1637, .T. ) ;
#675 = EDGE_CURVE ( 'NONE', #1424, #3195, #2261, .T. ) ;
#676 = CYLINDRICAL_SURFACE ( 'NONE', #1785, 2.499999999999998668 ) ;
#677 = CYLINDRICAL_SURFACE ( 'NONE', #3164, 2.000000000001531664 ) ;
#678 = ORIENTED_EDGE ( 'NONE', *, *, #98, .T. ) ;
#679 = ORIENTED_EDGE ( 'NONE', *, *, #2107, .T. ) ;
#680 = CONICAL_SURFACE ( 'NONE', #1374, 0.9999999999999870104, 0.7853981633974522758 ) ;
#681 = VERTEX_POINT ( 'NONE', #745 ) ;
#682 = ORIENTED_EDGE ( 'NONE', *, *, #14, .F. ) ;
#683 = CIRCLE ( 'NONE', #1832, 2.000000000001531664 ) ;
#684 = LINE ( 'NONE', #910, #780 ) ;
#685 = DIRECTION ( 'NONE',  ( -0.9999999999999880096, 1.541214393050391547E-07, 0.000000000000000000 ) ) ;
#686 = ORIENTED_EDGE ( 'NONE', *, *, #2149, .T. ) ;
#687 = ORIENTED_EDGE ( 'NONE', *, *, #2128, .F. ) ;
#688 = ORIENTED_EDGE ( 'NONE', *, *, #220, .T. ) ;
#689 = VERTEX_POINT ( 'NONE', #1747 ) ;
#690 = CARTESIAN_POINT ( 'NONE',  ( 0.000000000000000000, 0.000000000000000000, -8.000000000000000000 ) ) ;
#691 = DIRECTION ( 'NONE',  ( -0.000000000000000000, -0.000000000000000000, -1.000000000000000000 ) ) ;
#692 = CARTESIAN_POINT ( 'NONE',  ( 30.93179319651473236, 34.85000232171213241, -11.00000000000000000 ) ) ;
#693 = ORIENTED_EDGE ( 'NONE', *, *, #721, .T. ) ;
#694 = EDGE_CURVE ( 'NONE', #1419, #224, #471, .T. ) ;
#695 = DIRECTION ( 'NONE',  ( 0.000000000000000000, 0.000000000000000000, -1.000000000000000000 ) ) ;
#696 = DIRECTION ( 'NONE',  ( 0.000000000000000000, 0.000000000000000000, 1.000000000000000000 ) ) ;
#697 = ORIENTED_EDGE ( 'NONE', *, *, #713, .T. ) ;
#698 = ORIENTED_EDGE ( 'NONE', *, *, #1390, .F. ) ;
#699 = ORIENTED_EDGE ( 'NONE', *, *, #358, .T. ) ;
#700 = ADVANCED_FACE ( 'NONE', ( #1445 ), #676, .F. ) ;
#701 = VERTEX_POINT ( 'NONE', #2673 ) ;
#702 = CARTESIAN_POINT ( 'NONE',  ( 18.25000000000000000, 15.50000000000000000, -4.000000000000000000 ) ) ;
#703 = DIRECTION ( 'NONE',  ( 0.000000000000000000, 0.000000000000000000, 1.000000000000000000 ) ) ;
#704 = EDGE_CURVE ( 'NONE', #2589, #2943, #2447, .T. ) ;
#705 = ORIENTED_EDGE ( 'NONE', *, *, #2811, .T. ) ;
#706 = DIRECTION ( 'NONE',  ( 1.000000000000000000, 0.000000000000000000, 0.000000000000000000 ) ) ;
#707 = CARTESIAN_POINT ( 'NONE',  ( 14.72035621488861779, -20.48944972696011746, -11.00000000000000000 ) ) ;
#708 = DIRECTION ( 'NONE',  ( 0.000000000000000000, 0.000000000000000000, 1.000000000000000000 ) ) ;
#709 = EDGE_LOOP ( 'NONE', ( #1072, #756 ) ) ;
#710 = LINE ( 'NONE', #1477, #2934 ) ;
#711 = CARTESIAN_POINT ( 'NONE',  ( -2.500000000000003553, -21.50000000000000000, 0.000000000000000000 ) ) ;
#712 = CIRCLE ( 'NONE', #1132, 25.30000000000111982 ) ;
#713 = EDGE_CURVE ( 'NONE', #374, #2663, #3200, .T. ) ;
#714 = ORIENTED_EDGE ( 'NONE', *, *, #1065, .F. ) ;
#715 = ORIENTED_EDGE ( 'NONE', *, *, #180, .F. ) ;
#716 = CIRCLE ( 'NONE', #2438, 3.299999999999594813 ) ;
#717 = DIRECTION ( 'NONE',  ( 1.000000000000000000, 0.000000000000000000, 0.000000000000000000 ) ) ;
#718 = CARTESIAN_POINT ( 'NONE',  ( -40.99999999999997868, -40.99999999999996447, -146.9360748630709566 ) ) ;
#719 = ADVANCED_FACE ( 'NONE', ( #1234 ), #2743, .F. ) ;
#720 = CARTESIAN_POINT ( 'NONE',  ( 0.000000000000000000, 0.000000000000000000, -1.000000000000000888 ) ) ;
#721 = EDGE_CURVE ( 'NONE', #305, #1809, #3257, .T. ) ;
#722 = PLANE ( 'NONE',  #2813 ) ;
#723 = PLANE ( 'NONE',  #385 ) ;
#724 = CARTESIAN_POINT ( 'NONE',  ( 0.000000000000000000, 0.000000000000000000, -52.53767670841369863 ) ) ;
#725 = ORIENTED_EDGE ( 'NONE', *, *, #302, .T. ) ;
#726 = AXIS2_PLACEMENT_3D ( 'NONE', #333, #352, #2839 ) ;
#727 = DIRECTION ( 'NONE',  ( -1.000000000000000000, 0.000000000000000000, 0.000000000000000000 ) ) ;
#728 = CARTESIAN_POINT ( 'NONE',  ( -15.50000000000000000, 15.50000000000000000, -4.000000000000000000 ) ) ;
#729 = DIRECTION ( 'NONE',  ( -0.000000000000000000, -0.000000000000000000, 1.000000000000000000 ) ) ;
#730 = AXIS2_PLACEMENT_3D ( 'NONE', #3192, #3225, #2713 ) ;
#731 = ORIENTED_EDGE ( 'NONE', *, *, #2013, .T. ) ;
#732 = CARTESIAN_POINT ( 'NONE',  ( -40.99999999999999289, 40.99999999999999289, -14.00000000000001243 ) ) ;
#733 = AXIS2_PLACEMENT_3D ( 'NONE', #2558, #1304, #778 ) ;
#734 = DIRECTION ( 'NONE',  ( 0.000000000000000000, 0.000000000000000000, -1.000000000000000000 ) ) ;
#735 = CARTESIAN_POINT ( 'NONE',  ( -41.99999999999996447, 47.00000000000000000, -146.9360748630709566 ) ) ;
#736 = AXIS2_PLACEMENT_3D ( 'NONE', #2774, #1544, #2410 ) ;
#737 = EDGE_CURVE ( 'NONE', #300, #436, #1631, .T. ) ;
#738 = ORIENTED_EDGE ( 'NONE', *, *, #2999, .F. ) ;
#739 = EDGE_CURVE ( 'NONE', #580, #912, #710, .T. ) ;
#740 = AXIS2_PLACEMENT_3D ( 'NONE', #226, #1493, #1990 ) ;
#741 = CYLINDRICAL_SURFACE ( 'NONE', #1538, 3.299999999999917666 ) ;
#742 = CARTESIAN_POINT ( 'NONE',  ( 30.93178543347096721, -15.14999760060781675, -11.00000000000000000 ) ) ;
#743 = DIRECTION ( 'NONE',  ( -1.000000000000000000, 0.000000000000000000, 0.000000000000000000 ) ) ;
#744 = EDGE_LOOP ( 'NONE', ( #2909, #2393 ) ) ;
#745 = CARTESIAN_POINT ( 'NONE',  ( -47.00000000000000711, 41.99999999999996447, -14.00000000000001243 ) ) ;
#746 = PLANE ( 'NONE',  #57 ) ;
#747 = CARTESIAN_POINT ( 'NONE',  ( -18.25000000000000000, 15.50000000000000000, 0.000000000000000000 ) ) ;
#748 = VERTEX_POINT ( 'NONE', #2204 ) ;
#749 = CARTESIAN_POINT ( 'NONE',  ( 19.53621395469427924, -19.14999584431670954, -11.00000000000000000 ) ) ;
#750 = FACE_OUTER_BOUND ( 'NONE', #2564, .T. ) ;
#751 = CARTESIAN_POINT ( 'NONE',  ( -25.00000000000000000, -3.061616997868383043E-15, 6.000000000000000000 ) ) ;
#752 = LINE ( 'NONE', #2055, #614 ) ;
#753 = CARTESIAN_POINT ( 'NONE',  ( -21.33441104734525950, -12.59999013154871683, -11.00000000000000000 ) ) ;
#754 = EDGE_CURVE ( 'NONE', #1435, #787, #1886, .T. ) ;
#755 = DIRECTION ( 'NONE',  ( -0.000000000000000000, -0.000000000000000000, 1.000000000000000000 ) ) ;
#756 = ORIENTED_EDGE ( 'NONE', *, *, #1041, .T. ) ;
#757 = CARTESIAN_POINT ( 'NONE',  ( 40.11927518487747335, 15.15000098341173462, -11.00000000000000000 ) ) ;
#758 = DIRECTION ( 'NONE',  ( -1.000000000000000000, 0.000000000000000000, 0.000000000000000000 ) ) ;
#759 = DIRECTION ( 'NONE',  ( 0.000000000000000000, 0.000000000000000000, -1.000000000000000000 ) ) ;
#760 = ORIENTED_EDGE ( 'NONE', *, *, #634, .F. ) ;
#761 = FACE_OUTER_BOUND ( 'NONE', #861, .T. ) ;
#762 = CARTESIAN_POINT ( 'NONE',  ( -47.00000000000000711, 41.99999999999996447, -9.000000000000000000 ) ) ;
#763 = DIRECTION ( 'NONE',  ( -0.000000000000000000, -0.000000000000000000, 1.000000000000000000 ) ) ;
#764 = CIRCLE ( 'NONE', #2120, 16.10000000000000142 ) ;
#765 = ORIENTED_EDGE ( 'NONE', *, *, #2463, .T. ) ;
#766 = ADVANCED_FACE ( 'NONE', ( #2494 ), #1460, .F. ) ;
#767 = PLANE ( 'NONE',  #2865 ) ;
#768 = FACE_OUTER_BOUND ( 'NONE', #542, .T. ) ;
#769 = ORIENTED_EDGE ( 'NONE', *, *, #2052, .F. ) ;
#770 = EDGE_CURVE ( 'NONE', #1143, #1548, #1973, .T. ) ;
#771 = DIRECTION ( 'NONE',  ( 1.000000000000000000, 0.000000000000000000, 0.000000000000000000 ) ) ;
#772 = FACE_OUTER_BOUND ( 'NONE', #900, .T. ) ;
#773 = CARTESIAN_POINT ( 'NONE',  ( 19.53621395469427924, -19.14999584431670954, -11.00000000000000000 ) ) ;
#774 = ORIENTED_EDGE ( 'NONE', *, *, #2682, .F. ) ;
#775 = CIRCLE ( 'NONE', #1420, 3.299999999999966072 ) ;
#776 = ADVANCED_FACE ( 'NONE', ( #1699 ), #1196, .F. ) ;
#777 = CARTESIAN_POINT ( 'NONE',  ( 0.000000000000000000, 0.000000000000000000, -8.000000000000000000 ) ) ;
#778 = DIRECTION ( 'NONE',  ( 1.000000000000000000, 0.000000000000000000, 0.000000000000000000 ) ) ;
#779 = DIRECTION ( 'NONE',  ( -1.000000000000000000, 0.000000000000000000, 0.000000000000000000 ) ) ;
#780 = VECTOR ( 'NONE', #2694, 1000.000000000000000 ) ;
#781 = AXIS2_PLACEMENT_3D ( 'NONE', #1560, #3243, #1015 ) ;
#782 = EDGE_LOOP ( 'NONE', ( #2639, #2560, #2194, #482 ) ) ;
#783 = CIRCLE ( 'NONE', #1677, 2.099999999999990763 ) ;
#784 = VECTOR ( 'NONE', #154, 1000.000000000000000 ) ;
#785 = FACE_BOUND ( 'NONE', #635, .T. ) ;
#786 = CIRCLE ( 'NONE', #628, 2.000000000001531664 ) ;
#787 = VERTEX_POINT ( 'NONE', #3220 ) ;
#788 = FACE_OUTER_BOUND ( 'NONE', #1053, .T. ) ;
#789 = DIRECTION ( 'NONE',  ( 1.000000000000000000, 0.000000000000000000, 0.000000000000000000 ) ) ;
#790 = AXIS2_PLACEMENT_3D ( 'NONE', #347, #3110, #100 ) ;
#791 = LINE ( 'NONE', #312, #2771 ) ;
#792 = EDGE_CURVE ( 'NONE', #2347, #2123, #2465, .T. ) ;
#793 = ORIENTED_EDGE ( 'NONE', *, *, #831, .T. ) ;
#794 = DIRECTION ( 'NONE',  ( 1.000000000000000000, 0.000000000000000000, 0.000000000000000000 ) ) ;
#795 = PLANE ( 'NONE',  #3138 ) ;
#796 = EDGE_LOOP ( 'NONE', ( #2360, #3041, #2343, #2210 ) ) ;
#797 = EDGE_CURVE ( 'NONE', #1305, #1435, #1247, .T. ) ;
#798 = VERTEX_POINT ( 'NONE', #2992 ) ;
#799 = ADVANCED_FACE ( 'NONE', ( #2220 ), #2728, .F. ) ;
#800 = ORIENTED_EDGE ( 'NONE', *, *, #2329, .F. ) ;
#801 = CARTESIAN_POINT ( 'NONE',  ( 0.000000000000000000, 0.000000000000000000, -8.999999999999994671 ) ) ;
#802 = ORIENTED_EDGE ( 'NONE', *, *, #1246, .F. ) ;
#803 = CARTESIAN_POINT ( 'NONE',  ( 14.72036248155785287, 20.48945935977794974, -11.00000000000000000 ) ) ;
#804 = CARTESIAN_POINT ( 'NONE',  ( 2.500000000000000000, 21.50000000000000000, -6.500000000000060396 ) ) ;
#805 = CARTESIAN_POINT ( 'NONE',  ( 0.000000000000000000, 0.000000000000000000, -7.000000000000000000 ) ) ;
#806 = ORIENTED_EDGE ( 'NONE', *, *, #2627, .T. ) ;
#807 = EDGE_CURVE ( 'NONE', #1232, #1921, #2089, .T. ) ;
#808 = CARTESIAN_POINT ( 'NONE',  ( 14.72035621488861601, -20.48944972696011746, -11.00000000000000000 ) ) ;
#809 = FACE_OUTER_BOUND ( 'NONE', #2660, .T. ) ;
#810 = ORIENTED_EDGE ( 'NONE', *, *, #3245, .T. ) ;
#811 = ADVANCED_FACE ( 'NONE', ( #47 ), #2297, .F. ) ;
#812 = CIRCLE ( 'NONE', #498, 2.099999999999997868 ) ;
#813 = VERTEX_POINT ( 'NONE', #508 ) ;
#814 = AXIS2_PLACEMENT_3D ( 'NONE', #1736, #1923, #1439 ) ;
#815 = EDGE_CURVE ( 'NONE', #672, #2605, #2568, .T. ) ;
#816 = FACE_BOUND ( 'NONE', #709, .T. ) ;
#817 =( GEOMETRIC_REPRESENTATION_CONTEXT ( 3 ) GLOBAL_UNCERTAINTY_ASSIGNED_CONTEXT ( ( #2053 ) ) GLOBAL_UNIT_ASSIGNED_CONTEXT ( ( #1012, #544, #494 ) ) REPRESENTATION_CONTEXT ( 'NONE', 'WORKASPACE' ) );
#818 = ORIENTED_EDGE ( 'NONE', *, *, #2329, .T. ) ;
#819 = DIRECTION ( 'NONE',  ( -1.000000000000000000, 0.000000000000000000, 0.000000000000000000 ) ) ;
#820 = DIRECTION ( 'NONE',  ( -1.000000000000000000, 0.000000000000000000, 0.000000000000000000 ) ) ;
#821 = DIRECTION ( 'NONE',  ( -1.000000000000000000, 0.000000000000000000, 0.000000000000000000 ) ) ;
#822 = EDGE_LOOP ( 'NONE', ( #1097, #1101, #674, #1903, #2736, #688, #1282, #2966 ) ) ;
#823 = CARTESIAN_POINT ( 'NONE',  ( -15.50000000000000000, -15.50000000000000000, 0.000000000000000000 ) ) ;
#824 = CARTESIAN_POINT ( 'NONE',  ( -23.99999999999999645, 2.147658180479529816E-15, 0.000000000000000000 ) ) ;
#825 = ORIENTED_EDGE ( 'NONE', *, *, #1276, .F. ) ;
#826 = AXIS2_PLACEMENT_3D ( 'NONE', #1033, #2024, #1552 ) ;
#827 = CARTESIAN_POINT ( 'NONE',  ( 46.99999999999999289, -42.00000000000000711, -146.9360748630709566 ) ) ;
#828 = CIRCLE ( 'NONE', #3249, 25.30000000000111982 ) ;
#829 = LINE ( 'NONE', #742, #3228 ) ;
#830 = EDGE_LOOP ( 'NONE', ( #2693, #3177, #129, #496 ) ) ;
#831 = EDGE_CURVE ( 'NONE', #167, #639, #3059, .T. ) ;
#832 = VECTOR ( 'NONE', #2886, 1000.000000000000000 ) ;
#833 = CIRCLE ( 'NONE', #1476, 25.00000000000000000 ) ;
#834 = ORIENTED_EDGE ( 'NONE', *, *, #1203, .F. ) ;
#835 = CARTESIAN_POINT ( 'NONE',  ( -13.73036216090287809, 20.48945452524638355, -11.00000000000000000 ) ) ;
#836 = DIRECTION ( 'NONE',  ( -1.000000000000000000, 0.000000000000000000, 0.000000000000000000 ) ) ;
#837 = FACE_OUTER_BOUND ( 'NONE', #2782, .T. ) ;
#838 = VECTOR ( 'NONE', #865, 1000.000000000000000 ) ;
#839 = ORIENTED_EDGE ( 'NONE', *, *, #2613, .F. ) ;
#840 = VECTOR ( 'NONE', #1716, 1000.000000000000000 ) ;
#841 = DIRECTION ( 'NONE',  ( -1.000000000000000000, 0.000000000000000000, 0.000000000000000000 ) ) ;
#842 = CARTESIAN_POINT ( 'NONE',  ( 15.50000000000000000, -15.50000000000000000, -4.000000000000000000 ) ) ;
#843 = ORIENTED_EDGE ( 'NONE', *, *, #1360, .F. ) ;
#844 = DIRECTION ( 'NONE',  ( 0.000000000000000000, 0.000000000000000000, 1.000000000000000000 ) ) ;
#845 = DIRECTION ( 'NONE',  ( 0.000000000000000000, 0.000000000000000000, 1.000000000000000000 ) ) ;
#846 = ORIENTED_EDGE ( 'NONE', *, *, #1080, .F. ) ;
#847 = CARTESIAN_POINT ( 'NONE',  ( -40.99999999999997868, -40.99999999999996447, -9.000000000000000000 ) ) ;
#848 = ORIENTED_EDGE ( 'NONE', *, *, #675, .T. ) ;
#849 = EDGE_CURVE ( 'NONE', #1733, #1809, #1536, .T. ) ;
#850 = CARTESIAN_POINT ( 'NONE',  ( -14.00000000000000000, -1.714505518806294638E-15, -11.00000000000000000 ) ) ;
#851 = CYLINDRICAL_SURFACE ( 'NONE', #2801, 2.000000000000005329 ) ;
#852 = DIRECTION ( 'NONE',  ( -1.000000000000000000, 0.000000000000000000, 0.000000000000000000 ) ) ;
#853 = ORIENTED_EDGE ( 'NONE', *, *, #2757, .F. ) ;
#854 = FACE_OUTER_BOUND ( 'NONE', #2427, .T. ) ;
#855 = CARTESIAN_POINT ( 'NONE',  ( -21.33441104734525950, -12.59999013154871683, -14.00000000000000000 ) ) ;
#856 = VERTEX_POINT ( 'NONE', #2310 ) ;
#857 = DIRECTION ( 'NONE',  ( -1.000000000000000000, 0.000000000000000000, 0.000000000000000000 ) ) ;
#858 = DIRECTION ( 'NONE',  ( 1.000000000000000000, 0.000000000000000000, 0.000000000000000000 ) ) ;
#859 = ORIENTED_EDGE ( 'NONE', *, *, #1602, .F. ) ;
#860 = AXIS2_PLACEMENT_3D ( 'NONE', #2409, #936, #153 ) ;
#861 = EDGE_LOOP ( 'NONE', ( #278, #659, #2496, #392 ) ) ;
#862 = DIRECTION ( 'NONE',  ( 0.000000000000000000, 0.000000000000000000, -1.000000000000000000 ) ) ;
#863 = CARTESIAN_POINT ( 'NONE',  ( -14.00000000000000000, -1.714505518806294638E-15, -7.000000000000000000 ) ) ;
#864 = VECTOR ( 'NONE', #1895, 1000.000000000000000 ) ;
#865 = DIRECTION ( 'NONE',  ( 0.000000000000000000, 0.000000000000000000, 1.000000000000000000 ) ) ;
#866 = ORIENTED_EDGE ( 'NONE', *, *, #1834, .F. ) ;
#867 = EDGE_CURVE ( 'NONE', #889, #1844, #3032, .T. ) ;
#868 = CARTESIAN_POINT ( 'NONE',  ( -18.03441104734529432, -12.59999013154871683, -11.00000000000000000 ) ) ;
#869 = LINE ( 'NONE', #373, #2402 ) ;
#870 = ORIENTED_EDGE ( 'NONE', *, *, #1328, .T. ) ;
#871 = ADVANCED_FACE ( 'NONE', ( #788 ), #2758, .T. ) ;
#872 = CARTESIAN_POINT ( 'NONE',  ( 0.000000000000000000, 0.000000000000000000, -1.000000000000000888 ) ) ;
#873 = CYLINDRICAL_SURFACE ( 'NONE', #120, 2.499999999999998668 ) ;
#874 = AXIS2_PLACEMENT_3D ( 'NONE', #1126, #924, #2113 ) ;
#875 = CARTESIAN_POINT ( 'NONE',  ( 30.93179319651473236, 34.85000232171213241, -14.00000000000000000 ) ) ;
#876 = AXIS2_PLACEMENT_3D ( 'NONE', #1412, #1634, #2622 ) ;
#877 = ORIENTED_EDGE ( 'NONE', *, *, #867, .F. ) ;
#878 = VECTOR ( 'NONE', #3187, 1000.000000000000000 ) ;
#879 = CARTESIAN_POINT ( 'NONE',  ( 19.03220504942239799, -19.14999584431670954, -11.00000000000000000 ) ) ;
#880 = CARTESIAN_POINT ( 'NONE',  ( -46.99999999999997868, -41.99999999999997868, -14.00000000000001243 ) ) ;
#881 = CARTESIAN_POINT ( 'NONE',  ( -18.03440716348291417, 12.60000986845644633, -14.00000000000000000 ) ) ;
#882 = AXIS2_PLACEMENT_3D ( 'NONE', #3007, #1527, #2944 ) ;
#883 = ORIENTED_EDGE ( 'NONE', *, *, #896, .T. ) ;
#884 = ORIENTED_EDGE ( 'NONE', *, *, #694, .F. ) ;
#885 = DIRECTION ( 'NONE',  ( 1.000000000000000000, 0.000000000000000000, 0.000000000000000000 ) ) ;
#886 = LINE ( 'NONE', #1113, #1529 ) ;
#887 = AXIS2_PLACEMENT_3D ( 'NONE', #1240, #11, #2227 ) ;
#888 = EDGE_CURVE ( 'NONE', #1005, #992, #2817, .T. ) ;
#889 = VERTEX_POINT ( 'NONE', #284 ) ;
#890 = VERTEX_POINT ( 'NONE', #2510 ) ;
#891 = ORIENTED_EDGE ( 'NONE', *, *, #476, .T. ) ;
#892 = AXIS2_PLACEMENT_3D ( 'NONE', #425, #2688, #3186 ) ;
#893 = ORIENTED_EDGE ( 'NONE', *, *, #1998, .T. ) ;
#894 = DIRECTION ( 'NONE',  ( 1.000000000000000000, 3.755154367872270802E-13, -0.000000000000000000 ) ) ;
#895 = CARTESIAN_POINT ( 'NONE',  ( 0.000000000000000000, 0.000000000000000000, -1.000000000000000888 ) ) ;
#896 = EDGE_CURVE ( 'NONE', #1355, #1512, #310, .T. ) ;
#897 = EDGE_LOOP ( 'NONE', ( #1453, #2185 ) ) ;
#898 = FACE_OUTER_BOUND ( 'NONE', #1616, .T. ) ;
#899 = ORIENTED_EDGE ( 'NONE', *, *, #1834, .T. ) ;
#900 = EDGE_LOOP ( 'NONE', ( #1459, #520, #1904, #2887 ) ) ;
#901 = CARTESIAN_POINT ( 'NONE',  ( 19.53621974363378655, 19.14999460016138855, -11.00000000000000000 ) ) ;
#902 = CARTESIAN_POINT ( 'NONE',  ( -24.99999999999999645, 25.00000000000000000, 6.000000000000000000 ) ) ;
#903 = CARTESIAN_POINT ( 'NONE',  ( -27.00000000000000000, 3.306546357697853733E-15, -86.78174593052023056 ) ) ;
#904 = ORIENTED_EDGE ( 'NONE', *, *, #470, .T. ) ;
#905 = CARTESIAN_POINT ( 'NONE',  ( 17.25000000000000000, 15.50000000000000000, 0.000000000000000000 ) ) ;
#906 = CARTESIAN_POINT ( 'NONE',  ( -16.10000000000000142, 1.971681346627238883E-15, 6.000000000000000000 ) ) ;
#907 = EDGE_LOOP ( 'NONE', ( #2600, #3137 ) ) ;
#908 = ORIENTED_EDGE ( 'NONE', *, *, #314, .F. ) ;
#909 = ADVANCED_FACE ( 'NONE', ( #1583 ), #2467, .F. ) ;
#910 = CARTESIAN_POINT ( 'NONE',  ( -18.07304899628997319, 9.300009868456568185, -14.00000000000000000 ) ) ;
#911 = DIRECTION ( 'NONE',  ( 1.000000000000000000, 0.000000000000000000, 0.000000000000000000 ) ) ;
#912 = VERTEX_POINT ( 'NONE', #258 ) ;
#913 = EDGE_CURVE ( 'NONE', #1049, #390, #1023, .T. ) ;
#914 = FACE_OUTER_BOUND ( 'NONE', #1301, .T. ) ;
#915 = ORIENTED_EDGE ( 'NONE', *, *, #2154, .T. ) ;
#916 = EDGE_CURVE ( 'NONE', #1937, #1139, #1689, .T. ) ;
#917 = AXIS2_PLACEMENT_3D ( 'NONE', #2882, #131, #3183 ) ;
#918 = DIRECTION ( 'NONE',  ( -1.000000000000000000, 0.000000000000000000, 0.000000000000000000 ) ) ;
#919 = CARTESIAN_POINT ( 'NONE',  ( 0.000000000000000000, 0.000000000000000000, 6.000000000000000000 ) ) ;
#920 = DIRECTION ( 'NONE',  ( 1.000000000000000000, 0.000000000000000000, 0.000000000000000000 ) ) ;
#921 = VECTOR ( 'NONE', #3226, 1000.000000000000114 ) ;
#922 = ORIENTED_EDGE ( 'NONE', *, *, #2572, .F. ) ;
#923 = AXIS2_PLACEMENT_3D ( 'NONE', #1862, #2861, #615 ) ;
#924 = DIRECTION ( 'NONE',  ( 0.000000000000000000, 0.000000000000000000, -1.000000000000000000 ) ) ;
#925 = DIRECTION ( 'NONE',  ( -1.000000000000000000, 0.000000000000000000, 0.000000000000000000 ) ) ;
#926 = ORIENTED_EDGE ( 'NONE', *, *, #1676, .F. ) ;
#927 = ORIENTED_EDGE ( 'NONE', *, *, #1406, .F. ) ;
#928 = LINE ( 'NONE', #1735, #2028 ) ;
#929 = FACE_OUTER_BOUND ( 'NONE', #456, .T. ) ;
#930 = ORIENTED_EDGE ( 'NONE', *, *, #3201, .F. ) ;
#931 = PRODUCT_DEFINITION_SHAPE ( 'NONE', 'NONE',  #2602 ) ;
#932 = EDGE_CURVE ( 'NONE', #1492, #43, #1773, .T. ) ;
#933 = CIRCLE ( 'NONE', #1769, 1.749999999999999778 ) ;
#934 = ORIENTED_EDGE ( 'NONE', *, *, #1100, .T. ) ;
#935 = DIRECTION ( 'NONE',  ( -0.000000000000000000, -0.000000000000000000, -1.000000000000000000 ) ) ;
#936 = DIRECTION ( 'NONE',  ( 0.000000000000000000, 0.000000000000000000, -1.000000000000000000 ) ) ;
#937 = AXIS2_PLACEMENT_3D ( 'NONE', #868, #156, #2637 ) ;
#938 = EDGE_CURVE ( 'NONE', #395, #1049, #2016, .T. ) ;
#939 = CYLINDRICAL_SURFACE ( 'NONE', #1222, 19.70000000000105089 ) ;
#940 = ORIENTED_EDGE ( 'NONE', *, *, #282, .T. ) ;
#941 = CIRCLE ( 'NONE', #293, 2.099999999999997868 ) ;
#942 = CARTESIAN_POINT ( 'NONE',  ( 14.00000000000000000, 0.000000000000000000, -7.000000000000000000 ) ) ;
#943 = DIRECTION ( 'NONE',  ( -0.000000000000000000, -0.000000000000000000, 1.000000000000000000 ) ) ;
#944 = EDGE_CURVE ( 'NONE', #701, #404, #296, .T. ) ;
#945 = EDGE_LOOP ( 'NONE', ( #3058, #3055, #891, #2313 ) ) ;
#946 = DIRECTION ( 'NONE',  ( 0.000000000000000000, 0.000000000000000000, -1.000000000000000000 ) ) ;
#947 = ORIENTED_EDGE ( 'NONE', *, *, #2752, .T. ) ;
#948 = ORIENTED_EDGE ( 'NONE', *, *, #2793, .F. ) ;
#949 = CIRCLE ( 'NONE', #3146, 25.00000000000000000 ) ;
#950 = FACE_OUTER_BOUND ( 'NONE', #1961, .T. ) ;
#951 = DIRECTION ( 'NONE',  ( -1.000000000000000000, 0.000000000000000000, 0.000000000000000000 ) ) ;
#952 = ORIENTED_EDGE ( 'NONE', *, *, #2745, .F. ) ;
#953 = VECTOR ( 'NONE', #328, 1000.000000000000000 ) ;
#954 = CIRCLE ( 'NONE', #1382, 2.099999999999997868 ) ;
#955 = VERTEX_POINT ( 'NONE', #1329 ) ;
#956 = VERTEX_POINT ( 'NONE', #2267 ) ;
#957 = EDGE_CURVE ( 'NONE', #1497, #1746, #1278, .T. ) ;
#958 = CARTESIAN_POINT ( 'NONE',  ( -16.10000000000000142, 1.971681346627238883E-15, -52.53767670841369863 ) ) ;
#959 = FACE_BOUND ( 'NONE', #1576, .T. ) ;
#960 = DIRECTION ( 'NONE',  ( 0.000000000000000000, -0.000000000000000000, -1.000000000000000000 ) ) ;
#961 = VERTEX_POINT ( 'NONE', #1068 ) ;
#962 = ADVANCED_FACE ( 'NONE', ( #2057 ), #1011, .F. ) ;
#963 = DIRECTION ( 'NONE',  ( -1.000000000000000000, 0.000000000000000000, 0.000000000000000000 ) ) ;
#964 = CARTESIAN_POINT ( 'NONE',  ( 30.93179010336537260, 15.15000239939967486, -11.00000000000000000 ) ) ;
#965 = DIRECTION ( 'NONE',  ( -0.000000000000000000, -0.000000000000000000, 1.000000000000000000 ) ) ;
#966 = ORIENTED_EDGE ( 'NONE', *, *, #2985, .F. ) ;
#967 = ORIENTED_EDGE ( 'NONE', *, *, #1495, .F. ) ;
#968 = EDGE_CURVE ( 'NONE', #623, #1830, #83, .T. ) ;
#969 = LINE ( 'NONE', #2471, #1210 ) ;
#970 = CARTESIAN_POINT ( 'NONE',  ( -18.03440767208244822, 9.300009868456566409, -14.00000000000000000 ) ) ;
#971 = DIRECTION ( 'NONE',  ( -0.000000000000000000, -0.000000000000000000, -1.000000000000000000 ) ) ;
#972 = VECTOR ( 'NONE', #426, 1000.000000000000000 ) ;
#973 = FACE_BOUND ( 'NONE', #2948, .T. ) ;
#974 = DIRECTION ( 'NONE',  ( 0.000000000000000000, 0.000000000000000000, -1.000000000000000000 ) ) ;
#975 = DIRECTION ( 'NONE',  ( -0.000000000000000000, -0.000000000000000000, -1.000000000000000000 ) ) ;
#976 = ORIENTED_EDGE ( 'NONE', *, *, #2567, .F. ) ;
#977 = CARTESIAN_POINT ( 'NONE',  ( 15.50000000000000000, 15.50000000000000000, 6.000000000000000000 ) ) ;
#978 = CARTESIAN_POINT ( 'NONE',  ( -15.78990901596940333, -19.76786320675448394, -11.00000000000000000 ) ) ;
#979 = AXIS2_PLACEMENT_3D ( 'NONE', #583, #1021, #1985 ) ;
#980 = CARTESIAN_POINT ( 'NONE',  ( 21.50000000000000000, -4.841881138603709386E-15, 6.000000000000000000 ) ) ;
#981 = ORIENTED_EDGE ( 'NONE', *, *, #539, .F. ) ;
#982 = EDGE_CURVE ( 'NONE', #1245, #2549, #2206, .T. ) ;
#983 = ORIENTED_EDGE ( 'NONE', *, *, #634, .T. ) ;
#984 = AXIS2_PLACEMENT_3D ( 'NONE', #432, #2453, #1499 ) ;
#985 = CARTESIAN_POINT ( 'NONE',  ( -40.99999999999999289, 40.99999999999999289, -146.9360748630709566 ) ) ;
#986 = CYLINDRICAL_SURFACE ( 'NONE', #2910, 2.500000000000000000 ) ;
#987 = DIRECTION ( 'NONE',  ( 1.000000000000000000, 0.000000000000000000, 0.000000000000000000 ) ) ;
#988 = EDGE_CURVE ( 'NONE', #1005, #345, #786, .T. ) ;
#989 = DIRECTION ( 'NONE',  ( 0.000000000000000000, 0.000000000000000000, 1.000000000000000000 ) ) ;
#990 = DIRECTION ( 'NONE',  ( 1.000000000000000000, 0.000000000000000000, 0.000000000000000000 ) ) ;
#991 = CARTESIAN_POINT ( 'NONE',  ( -38.89999999999998437, -40.99999999999996447, -146.9360748630709566 ) ) ;
#992 = VERTEX_POINT ( 'NONE', #1136 ) ;
#993 = AXIS2_PLACEMENT_3D ( 'NONE', #1780, #2079, #1794 ) ;
#994 = DIRECTION ( 'NONE',  ( 1.000000000000000000, 0.000000000000000000, 0.000000000000000000 ) ) ;
#995 = CARTESIAN_POINT ( 'NONE',  ( 25.00000000000000000, 0.000000000000000000, 0.000000000000000000 ) ) ;
#996 = PLANE ( 'NONE',  #3251 ) ;
#997 = AXIS2_PLACEMENT_3D ( 'NONE', #320, #594, #857 ) ;
#998 = VERTEX_POINT ( 'NONE', #1392 ) ;
#999 = CARTESIAN_POINT ( 'NONE',  ( 40.99999999999997868, 40.99999999999999289, -146.9360748630709566 ) ) ;
#1000 = CIRCLE ( 'NONE', #140, 2.749999999999999112 ) ;
#1001 = DIRECTION ( 'NONE',  ( -1.000000000000000000, 0.000000000000000000, 0.000000000000000000 ) ) ;
#1002 = CARTESIAN_POINT ( 'NONE',  ( -20.73956860488019416, 14.49001028538149072, -14.00000000000000000 ) ) ;
#1003 = CIRCLE ( 'NONE', #350, 1.999999999999647837 ) ;
#1004 = EDGE_CURVE ( 'NONE', #1786, #399, #1052, .T. ) ;
#1005 = VERTEX_POINT ( 'NONE', #2371 ) ;
#1006 = VECTOR ( 'NONE', #574, 1000.000000000000000 ) ;
#1007 = DIRECTION ( 'NONE',  ( 0.000000000000000000, 0.000000000000000000, -1.000000000000000000 ) ) ;
#1008 = CARTESIAN_POINT ( 'NONE',  ( -12.75000000000000178, -15.50000000000000000, 0.000000000000000000 ) ) ;
#1009 = CYLINDRICAL_SURFACE ( 'NONE', #354, 16.10000000000000142 ) ;
#1010 = ORIENTED_EDGE ( 'NONE', *, *, #1938, .T. ) ;
#1011 = CYLINDRICAL_SURFACE ( 'NONE', #357, 14.00000000000000000 ) ;
#1012 =( LENGTH_UNIT ( ) NAMED_UNIT ( * ) SI_UNIT ( .MILLI., .METRE. ) );
#1013 = DIRECTION ( 'NONE',  ( -0.000000000000000000, -0.000000000000000000, -1.000000000000000000 ) ) ;
#1014 = ORIENTED_EDGE ( 'NONE', *, *, #17, .T. ) ;
#1015 = DIRECTION ( 'NONE',  ( 0.000000000000000000, 0.000000000000000000, 1.000000000000000000 ) ) ;
#1016 = VECTOR ( 'NONE', #3060, 1000.000000000000000 ) ;
#1017 = CARTESIAN_POINT ( 'NONE',  ( -3.494769659541620390E-15, -21.50000000000000000, -8.000000000000000000 ) ) ;
#1018 = CARTESIAN_POINT ( 'NONE',  ( 0.000000000000000000, 0.000000000000000000, -1.000000000000000000 ) ) ;
#1019 = ADVANCED_FACE ( 'NONE', ( #2339 ), #2580, .F. ) ;
#1020 = CARTESIAN_POINT ( 'NONE',  ( 24.99999999999858602, -25.00000000000142109, 6.000000000000000000 ) ) ;
#1021 = DIRECTION ( 'NONE',  ( 0.000000000000000000, 0.000000000000000000, 1.000000000000000000 ) ) ;
#1022 = ORIENTED_EDGE ( 'NONE', *, *, #2096, .F. ) ;
#1023 = LINE ( 'NONE', #1554, #1835 ) ;
#1024 = DIRECTION ( 'NONE',  ( -0.9999999999999880096, 1.541213867473478944E-07, 0.000000000000000000 ) ) ;
#1025 = CARTESIAN_POINT ( 'NONE',  ( -25.00000000000141398, -25.00000000000000000, 6.000000000000000000 ) ) ;
#1026 = ORIENTED_EDGE ( 'NONE', *, *, #1877, .F. ) ;
#1027 = DIRECTION ( 'NONE',  ( 0.000000000000000000, 0.000000000000000000, 1.000000000000000000 ) ) ;
#1028 = DIRECTION ( 'NONE',  ( 0.000000000000000000, 0.000000000000000000, -1.000000000000000000 ) ) ;
#1029 = FACE_OUTER_BOUND ( 'NONE', #2950, .T. ) ;
#1030 = AXIS2_PLACEMENT_3D ( 'NONE', #2947, #703, #1706 ) ;
#1031 = VERTEX_POINT ( 'NONE', #850 ) ;
#1032 = EDGE_CURVE ( 'NONE', #1671, #428, #1633, .T. ) ;
#1033 = CARTESIAN_POINT ( 'NONE',  ( -21.50000000000000000, 2.147658180479529816E-15, -8.000000000000000000 ) ) ;
#1034 = EDGE_LOOP ( 'NONE', ( #1342, #678 ) ) ;
#1035 = ADVANCED_FACE ( 'NONE', ( #1086 ), #1628, .F. ) ;
#1036 = CARTESIAN_POINT ( 'NONE',  ( 27.00000000000154188, 24.99999999999858247, 6.000000000000000000 ) ) ;
#1037 = CARTESIAN_POINT ( 'NONE',  ( -12.75000000000000178, -15.50000000000000000, 6.000000000000000000 ) ) ;
#1038 = DIRECTION ( 'NONE',  ( 0.000000000000000000, 0.000000000000000000, 1.000000000000000000 ) ) ;
#1039 = EDGE_LOOP ( 'NONE', ( #1779, #340, #1821, #2666 ) ) ;
#1040 = AXIS2_PLACEMENT_3D ( 'NONE', #2178, #168, #918 ) ;
#1041 = EDGE_CURVE ( 'NONE', #889, #2187, #529, .T. ) ;
#1042 = DIRECTION ( 'NONE',  ( 1.000000000000000000, 0.000000000000000000, 0.000000000000000000 ) ) ;
#1043 = LINE ( 'NONE', #264, #1321 ) ;
#1044 = ORIENTED_EDGE ( 'NONE', *, *, #1615, .T. ) ;
#1045 = AXIS2_PLACEMENT_3D ( 'NONE', #985, #2170, #2977 ) ;
#1046 = VECTOR ( 'NONE', #442, 1000.000000000000000 ) ;
#1047 = ORIENTED_EDGE ( 'NONE', *, *, #2890, .T. ) ;
#1048 = AXIS2_PLACEMENT_3D ( 'NONE', #1585, #272, #1340 ) ;
#1049 = VERTEX_POINT ( 'NONE', #901 ) ;
#1050 = CONICAL_SURFACE ( 'NONE', #90, 1.000000000000043743, 0.7853981633974538301 ) ;
#1051 = PLANE ( 'NONE',  #3128 ) ;
#1052 = CIRCLE ( 'NONE', #2878, 2.099999999999997868 ) ;
#1053 = EDGE_LOOP ( 'NONE', ( #160, #818, #1574, #2082 ) ) ;
#1054 = EDGE_CURVE ( 'NONE', #748, #1419, #2355, .T. ) ;
#1055 = CARTESIAN_POINT ( 'NONE',  ( -3.494769659541620390E-15, -21.50000000000000000, -8.000000000000000000 ) ) ;
#1056 = SURFACE_STYLE_USAGE ( .BOTH. , #2744 ) ;
#1057 = AXIS2_PLACEMENT_3D ( 'NONE', #2475, #1488, #3215 ) ;
#1058 = FACE_OUTER_BOUND ( 'NONE', #52, .T. ) ;
#1059 = VERTEX_POINT ( 'NONE', #835 ) ;
#1060 = EDGE_CURVE ( 'NONE', #2672, #1430, #633, .T. ) ;
#1061 = CYLINDRICAL_SURFACE ( 'NONE', #2293, 1.749999999999999778 ) ;
#1062 = CARTESIAN_POINT ( 'NONE',  ( -1.000000000000047296, -21.50000000000000000, -8.000000000000000000 ) ) ;
#1063 = ORIENTED_EDGE ( 'NONE', *, *, #539, .T. ) ;
#1064 = ORIENTED_EDGE ( 'NONE', *, *, #1451, .F. ) ;
#1065 = EDGE_CURVE ( 'NONE', #627, #2123, #2863, .T. ) ;
#1066 = DIRECTION ( 'NONE',  ( -0.000000000000000000, -0.000000000000000000, -1.000000000000000000 ) ) ;
#1067 = ORIENTED_EDGE ( 'NONE', *, *, #675, .F. ) ;
#1068 = CARTESIAN_POINT ( 'NONE',  ( 46.99999999999999289, -42.00000000000000711, -14.00000000000001243 ) ) ;
#1069 = DIRECTION ( 'NONE',  ( 0.000000000000000000, 0.000000000000000000, -1.000000000000000000 ) ) ;
#1070 = DIRECTION ( 'NONE',  ( -1.000000000000000000, 0.000000000000000000, 0.000000000000000000 ) ) ;
#1071 = ORIENTED_EDGE ( 'NONE', *, *, #2456, .T. ) ;
#1072 = ORIENTED_EDGE ( 'NONE', *, *, #56, .T. ) ;
#1073 = DIRECTION ( 'NONE',  ( -1.541214393050391812E-07, -0.9999999999999881206, 0.000000000000000000 ) ) ;
#1074 = CYLINDRICAL_SURFACE ( 'NONE', #410, 2.500000000000000000 ) ;
#1075 = EDGE_CURVE ( 'NONE', #531, #3210, #381, .T. ) ;
#1076 = ORIENTED_EDGE ( 'NONE', *, *, #916, .T. ) ;
#1077 = ORIENTED_EDGE ( 'NONE', *, *, #1246, .T. ) ;
#1078 = AXIS2_PLACEMENT_3D ( 'NONE', #1695, #1591, #2265 ) ;
#1079 = DIRECTION ( 'NONE',  ( -1.000000000000000000, 0.000000000000000000, 0.000000000000000000 ) ) ;
#1080 = EDGE_CURVE ( 'NONE', #3136, #305, #2834, .T. ) ;
#1081 = VERTEX_POINT ( 'NONE', #2596 ) ;
#1082 = VECTOR ( 'NONE', #2, 1000.000000000000000 ) ;
#1083 = AXIS2_PLACEMENT_3D ( 'NONE', #1248, #528, #2235 ) ;
#1084 = AXIS2_PLACEMENT_3D ( 'NONE', #2434, #232, #414 ) ;
#1085 = VERTEX_POINT ( 'NONE', #619 ) ;
#1086 = FACE_OUTER_BOUND ( 'NONE', #1770, .T. ) ;
#1087 = FACE_OUTER_BOUND ( 'NONE', #2086, .T. ) ;
#1088 = CARTESIAN_POINT ( 'NONE',  ( 46.99999999999999289, -42.00000000000000711, -9.000000000000000000 ) ) ;
#1089 = ORIENTED_EDGE ( 'NONE', *, *, #1406, .T. ) ;
#1090 = CARTESIAN_POINT ( 'NONE',  ( 15.50000000000000000, 15.50000000000000000, -4.000000000000000000 ) ) ;
#1091 = DIRECTION ( 'NONE',  ( -1.000000000000000000, 0.000000000000000000, 0.000000000000000000 ) ) ;
#1092 = ORIENTED_EDGE ( 'NONE', *, *, #1158, .F. ) ;
#1093 = CIRCLE ( 'NONE', #2716, 27.00000000000000000 ) ;
#1094 = DIRECTION ( 'NONE',  ( 0.000000000000000000, 0.000000000000000000, -1.000000000000000000 ) ) ;
#1095 = AXIS2_PLACEMENT_3D ( 'NONE', #1417, #2399, #108 ) ;
#1096 = CYLINDRICAL_SURFACE ( 'NONE', #1404, 1.749999999999999778 ) ;
#1097 = ORIENTED_EDGE ( 'NONE', *, *, #335, .T. ) ;
#1098 = AXIS2_PLACEMENT_3D ( 'NONE', #3096, #1595, #820 ) ;
#1099 = AXIS2_PLACEMENT_3D ( 'NONE', #1163, #138, #2221 ) ;
#1100 = EDGE_CURVE ( 'NONE', #2914, #2111, #1487, .T. ) ;
#1101 = ORIENTED_EDGE ( 'NONE', *, *, #1621, .T. ) ;
#1102 = VECTOR ( 'NONE', #36, 1000.000000000000000 ) ;
#1103 = VERTEX_POINT ( 'NONE', #2093 ) ;
#1104 = EDGE_CURVE ( 'NONE', #1553, #2589, #586, .T. ) ;
#1105 = CIRCLE ( 'NONE', #1578, 2.500000000000000000 ) ;
#1106 = CARTESIAN_POINT ( 'NONE',  ( -40.99999999999997868, -40.99999999999996447, -9.000000000000000000 ) ) ;
#1107 = CARTESIAN_POINT ( 'NONE',  ( -18.07304899628997319, 9.300009868456568185, -14.00000000000000000 ) ) ;
#1108 = CARTESIAN_POINT ( 'NONE',  ( 12.75000000000000178, 15.50000000000000000, -4.000000000000000000 ) ) ;
#1109 = CIRCLE ( 'NONE', #2562, 19.70000000000034035 ) ;
#1110 = ORIENTED_EDGE ( 'NONE', *, *, #2976, .F. ) ;
#1111 = VECTOR ( 'NONE', #989, 1000.000000000000000 ) ;
#1112 = CARTESIAN_POINT ( 'NONE',  ( 2.500000000000000888, 21.50000000000000000, 6.000000000000000000 ) ) ;
#1113 = CARTESIAN_POINT ( 'NONE',  ( 40.11927518487747335, 15.15000098341173462, -14.00000000000000000 ) ) ;
#1114 = ORIENTED_EDGE ( 'NONE', *, *, #849, .T. ) ;
#1115 = CARTESIAN_POINT ( 'NONE',  ( 19.03222355961980128, 19.14999460016138855, -11.00000000000000000 ) ) ;
#1116 = CARTESIAN_POINT ( 'NONE',  ( -21.50000000000000000, 2.147658180479529816E-15, 0.000000000000000000 ) ) ;
#1117 = ADVANCED_FACE ( 'NONE', ( #2386 ), #1642, .F. ) ;
#1118 = APPLICATION_PROTOCOL_DEFINITION ( 'draft international standard', 'automotive_design', 1998, #2071 ) ;
#1119 = EDGE_CURVE ( 'NONE', #1809, #1733, #2470, .T. ) ;
#1120 = ORIENTED_EDGE ( 'NONE', *, *, #2982, .T. ) ;
#1121 = DIRECTION ( 'NONE',  ( -1.000000000000000000, 0.000000000000000000, 0.000000000000000000 ) ) ;
#1122 = DIRECTION ( 'NONE',  ( 0.000000000000000000, 0.000000000000000000, 1.000000000000000000 ) ) ;
#1123 = ADVANCED_FACE ( 'NONE', ( #1694 ), #2460, .T. ) ;
#1124 = CARTESIAN_POINT ( 'NONE',  ( 19.53621974363378655, 18.78043778245780970, -11.00000000000000000 ) ) ;
#1125 = ORIENTED_EDGE ( 'NONE', *, *, #2263, .T. ) ;
#1126 = CARTESIAN_POINT ( 'NONE',  ( 25.00000000000000711, 24.99999999999858247, -14.00000000000000000 ) ) ;
#1127 = LINE ( 'NONE', #2130, #2607 ) ;
#1128 = VERTEX_POINT ( 'NONE', #2408 ) ;
#1129 = DIRECTION ( 'NONE',  ( -0.000000000000000000, -0.000000000000000000, 1.000000000000000000 ) ) ;
#1130 = DIRECTION ( 'NONE',  ( -0.000000000000000000, -0.000000000000000000, -1.000000000000000000 ) ) ;
#1131 = DIRECTION ( 'NONE',  ( 0.000000000000000000, 0.000000000000000000, 1.000000000000000000 ) ) ;
#1132 = AXIS2_PLACEMENT_3D ( 'NONE', #1711, #2200, #401 ) ;
#1133 = AXIS2_PLACEMENT_3D ( 'NONE', #1017, #3010, #500 ) ;
#1134 = VERTEX_POINT ( 'NONE', #152 ) ;
#1135 = EDGE_CURVE ( 'NONE', #798, #2236, #2684, .T. ) ;
#1136 = CARTESIAN_POINT ( 'NONE',  ( 27.00000000000154188, 24.99999999999858247, -14.00000000000000000 ) ) ;
#1137 = CARTESIAN_POINT ( 'NONE',  ( 19.53621395469414068, -18.78042947105259586, -11.00000000000000000 ) ) ;
#1138 = CARTESIAN_POINT ( 'NONE',  ( 24.00000000000000000, -4.535719438816869938E-15, -6.499999999999999112 ) ) ;
#1139 = VERTEX_POINT ( 'NONE', #207 ) ;
#1140 = ADVANCED_FACE ( 'NONE', ( #1951 ), #741, .F. ) ;
#1141 = DIRECTION ( 'NONE',  ( 0.000000000000000000, 0.000000000000000000, -1.000000000000000000 ) ) ;
#1142 = CYLINDRICAL_SURFACE ( 'NONE', #1729, 4.999999999999997335 ) ;
#1143 = VERTEX_POINT ( 'NONE', #2160 ) ;
#1144 = VERTEX_POINT ( 'NONE', #1208 ) ;
#1145 = ORIENTED_EDGE ( 'NONE', *, *, #2262, .F. ) ;
#1146 = DIRECTION ( 'NONE',  ( 0.000000000000000000, -0.000000000000000000, 1.000000000000000000 ) ) ;
#1147 = DIRECTION ( 'NONE',  ( -0.000000000000000000, -0.000000000000000000, -1.000000000000000000 ) ) ;
#1148 = ORIENTED_EDGE ( 'NONE', *, *, #3265, .F. ) ;
#1149 = ORIENTED_EDGE ( 'NONE', *, *, #2335, .F. ) ;
#1150 = AXIS2_PLACEMENT_3D ( 'NONE', #3202, #1678, #706 ) ;
#1151 = CARTESIAN_POINT ( 'NONE',  ( 41.99999999999996447, -47.00000000000000000, -14.00000000000001243 ) ) ;
#1152 = CIRCLE ( 'NONE', #2981, 2.099999999999997868 ) ;
#1153 = ORIENTED_EDGE ( 'NONE', *, *, #1999, .T. ) ;
#1154 = CIRCLE ( 'NONE', #1929, 5.050000000000557598 ) ;
#1155 = DIRECTION ( 'NONE',  ( -1.000000000000000000, 0.000000000000000000, 0.000000000000000000 ) ) ;
#1156 = DIRECTION ( 'NONE',  ( 1.000000000000000000, 0.000000000000000000, 0.000000000000000000 ) ) ;
#1157 = DIRECTION ( 'NONE',  ( 0.000000000000000000, 0.000000000000000000, 1.000000000000000000 ) ) ;
#1158 = EDGE_CURVE ( 'NONE', #1085, #1220, #954, .T. ) ;
#1159 = CIRCLE ( 'NONE', #1429, 2.099999999999990763 ) ;
#1160 = ORIENTED_EDGE ( 'NONE', *, *, #2833, .T. ) ;
#1161 = ORIENTED_EDGE ( 'NONE', *, *, #242, .T. ) ;
#1162 = CARTESIAN_POINT ( 'NONE',  ( -47.00000000000000711, 41.99999999999996447, -9.000000000000000000 ) ) ;
#1163 = CARTESIAN_POINT ( 'NONE',  ( -13.73036160014701146, 17.18945452524683759, -11.00000000000000000 ) ) ;
#1164 = AXIS2_PLACEMENT_3D ( 'NONE', #2388, #349, #133 ) ;
#1165 = ORIENTED_EDGE ( 'NONE', *, *, #1437, .T. ) ;
#1166 = EDGE_CURVE ( 'NONE', #43, #3157, #487, .T. ) ;
#1167 = EDGE_LOOP ( 'NONE', ( #952, #435 ) ) ;
#1168 = VECTOR ( 'NONE', #2941, 1000.000000000000000 ) ;
#1169 = ORIENTED_EDGE ( 'NONE', *, *, #2627, .F. ) ;
#1170 = DIRECTION ( 'NONE',  ( 0.000000000000000000, 0.000000000000000000, 1.000000000000000000 ) ) ;
#1171 = CARTESIAN_POINT ( 'NONE',  ( -15.50000000000000000, 15.50000000000000000, 0.000000000000000000 ) ) ;
#1172 = ADVANCED_FACE ( 'NONE', ( #2199, #1742, #3233, #973, #2215, #2723, #669, #2424, #1725, #1913 ), #2443, .T. ) ;
#1173 = DIRECTION ( 'NONE',  ( -1.000000000000000000, 0.000000000000000000, 0.000000000000000000 ) ) ;
#1174 = EDGE_LOOP ( 'NONE', ( #2606, #2770, #546, #1263 ) ) ;
#1175 = ORIENTED_EDGE ( 'NONE', *, *, #1582, .F. ) ;
#1176 = CARTESIAN_POINT ( 'NONE',  ( -18.03440716348291417, 12.60000986845644633, -11.00000000000000000 ) ) ;
#1177 = CARTESIAN_POINT ( 'NONE',  ( -22.99999999999999289, 25.00000000000000000, -9.000000000000000000 ) ) ;
#1178 = CARTESIAN_POINT ( 'NONE',  ( -18.07304899628997319, -9.299990131548790728, -14.00000000000000000 ) ) ;
#1179 = ORIENTED_EDGE ( 'NONE', *, *, #266, .F. ) ;
#1180 = CARTESIAN_POINT ( 'NONE',  ( -40.99999999999997868, -40.99999999999996447, -146.9360748630709566 ) ) ;
#1181 = DIRECTION ( 'NONE',  ( -1.000000000000000000, 0.000000000000000000, 0.000000000000000000 ) ) ;
#1182 = EDGE_LOOP ( 'NONE', ( #1286, #1863 ) ) ;
#1183 = ORIENTED_EDGE ( 'NONE', *, *, #2785, .F. ) ;
#1184 = ADVANCED_FACE ( 'NONE', ( #2668 ), #1933, .F. ) ;
#1185 = DIRECTION ( 'NONE',  ( -1.000000000000000000, 0.000000000000000000, 0.000000000000000000 ) ) ;
#1186 = CARTESIAN_POINT ( 'NONE',  ( -1.000000000000042855, 21.50000000000000000, -8.000000000000000000 ) ) ;
#1187 = EDGE_LOOP ( 'NONE', ( #926, #3102, #1010, #585 ) ) ;
#1188 = EDGE_CURVE ( 'NONE', #3191, #2155, #565, .T. ) ;
#1189 = ORIENTED_EDGE ( 'NONE', *, *, #2535, .F. ) ;
#1190 = VECTOR ( 'NONE', #2001, 1000.000000000000000 ) ;
#1191 = CARTESIAN_POINT ( 'NONE',  ( 26.99999999999964118, -25.00000000000142109, 6.000000000000000000 ) ) ;
#1192 = DIRECTION ( 'NONE',  ( 0.000000000000000000, 0.000000000000000000, -1.000000000000000000 ) ) ;
#1193 = DIRECTION ( 'NONE',  ( -0.000000000000000000, -0.000000000000000000, 1.000000000000000000 ) ) ;
#1194 = AXIS2_PLACEMENT_3D ( 'NONE', #595, #360, #2626 ) ;
#1195 = ORIENTED_EDGE ( 'NONE', *, *, #737, .T. ) ;
#1196 = CYLINDRICAL_SURFACE ( 'NONE', #3259, 2.499999999999998668 ) ;
#1197 = LINE ( 'NONE', #978, #2872 ) ;
#1198 = EDGE_LOOP ( 'NONE', ( #171, #411, #2163, #1592 ) ) ;
#1199 = ORIENTED_EDGE ( 'NONE', *, *, #2201, .F. ) ;
#1200 = DIRECTION ( 'NONE',  ( -0.7071067811865500152, -8.659560562355040094E-17, -0.7071067811865451302 ) ) ;
#1201 = CARTESIAN_POINT ( 'NONE',  ( 30.93179313955994303, 34.85000239939978428, -11.00000000000000000 ) ) ;
#1202 = ORIENTED_EDGE ( 'NONE', *, *, #1640, .T. ) ;
#1203 = EDGE_CURVE ( 'NONE', #2563, #2549, #3182, .T. ) ;
#1204 = ORIENTED_EDGE ( 'NONE', *, *, #938, .T. ) ;
#1205 = ADVANCED_FACE ( 'NONE', ( #189 ), #722, .F. ) ;
#1206 = AXIS2_PLACEMENT_3D ( 'NONE', #1020, #503, #3016 ) ;
#1207 = ORIENTED_EDGE ( 'NONE', *, *, #988, .T. ) ;
#1208 = CARTESIAN_POINT ( 'NONE',  ( -18.03441053874294653, -9.299990131548790728, -14.00000000000000000 ) ) ;
#1209 = FACE_BOUND ( 'NONE', #62, .T. ) ;
#1210 = VECTOR ( 'NONE', #1200, 1000.000000000000114 ) ;
#1211 = CARTESIAN_POINT ( 'NONE',  ( -13.75000000000000000, 15.50000000000000000, 0.000000000000000000 ) ) ;
#1212 = EDGE_CURVE ( 'NONE', #1103, #1475, #2395, .T. ) ;
#1213 = ORIENTED_EDGE ( 'NONE', *, *, #1119, .T. ) ;
#1214 = CIRCLE ( 'NONE', #673, 2.099999999999997868 ) ;
#1215 = DIRECTION ( 'NONE',  ( 0.000000000000000000, 0.000000000000000000, -1.000000000000000000 ) ) ;
#1216 = DIRECTION ( 'NONE',  ( -0.000000000000000000, -0.000000000000000000, 1.000000000000000000 ) ) ;
#1217 = VERTEX_POINT ( 'NONE', #1710 ) ;
#1218 = CARTESIAN_POINT ( 'NONE',  ( -25.00000000000141398, -25.00000000000000000, -9.000000000000000000 ) ) ;
#1219 = CIRCLE ( 'NONE', #251, 4.999999999999997335 ) ;
#1220 = VERTEX_POINT ( 'NONE', #453 ) ;
#1221 = ORIENTED_EDGE ( 'NONE', *, *, #797, .T. ) ;
#1222 = AXIS2_PLACEMENT_3D ( 'NONE', #2490, #170, #1474 ) ;
#1223 = CARTESIAN_POINT ( 'NONE',  ( -43.09999999999998010, -40.99999999999996447, -9.000000000000000000 ) ) ;
#1224 = DIRECTION ( 'NONE',  ( -1.000000000000000000, 0.000000000000000000, 0.000000000000000000 ) ) ;
#1225 = FACE_OUTER_BOUND ( 'NONE', #2920, .T. ) ;
#1226 = AXIS2_PLACEMENT_3D ( 'NONE', #35, #1525, #771 ) ;
#1227 = VECTOR ( 'NONE', #1609, 1000.000000000000000 ) ;
#1228 = EDGE_CURVE ( 'NONE', #1416, #1777, #1925, .T. ) ;
#1229 = DIRECTION ( 'NONE',  ( 1.000000000000000000, 0.000000000000000000, 0.000000000000000000 ) ) ;
#1230 = DIRECTION ( 'NONE',  ( -0.000000000000000000, -0.000000000000000000, -1.000000000000000000 ) ) ;
#1231 = DIRECTION ( 'NONE',  ( 0.000000000000000000, 0.000000000000000000, -1.000000000000000000 ) ) ;
#1232 = VERTEX_POINT ( 'NONE', #1754 ) ;
#1233 = ADVANCED_FACE ( 'NONE', ( #2523 ), #1564, .F. ) ;
#1234 = FACE_OUTER_BOUND ( 'NONE', #2647, .T. ) ;
#1235 = LINE ( 'NONE', #2656, #319 ) ;
#1236 = DIRECTION ( 'NONE',  ( -0.000000000000000000, -0.000000000000000000, 1.000000000000000000 ) ) ;
#1237 = EDGE_LOOP ( 'NONE', ( #1871, #596, #1960, #2815, #46, #563, #976, #774, #2275, #884, #1703, #2994, #843, #667, #2464, #1763, #1589, #1199, #526, #2571, #1399, #1528, #81, #1148, #2065, #1332 ) ) ;
#1238 = DIRECTION ( 'NONE',  ( -0.000000000000000000, -0.000000000000000000, 1.000000000000000000 ) ) ;
#1239 = DIRECTION ( 'NONE',  ( -0.000000000000000000, -0.000000000000000000, -1.000000000000000000 ) ) ;
#1240 = CARTESIAN_POINT ( 'NONE',  ( -18.03441104734529432, -12.59999013154871683, -14.00000000000000000 ) ) ;
#1241 = STYLED_ITEM ( 'NONE', ( #1299 ), #2369 ) ;
#1242 = CARTESIAN_POINT ( 'NONE',  ( -18.03440767208244822, 9.300009868456566409, -11.00000000000000000 ) ) ;
#1243 = CARTESIAN_POINT ( 'NONE',  ( -19.00000000000000000, 2.453819880266368081E-15, 0.000000000000000000 ) ) ;
#1244 = DIRECTION ( 'NONE',  ( -1.000000000000000000, 0.000000000000000000, 0.000000000000000000 ) ) ;
#1245 = VERTEX_POINT ( 'NONE', #45 ) ;
#1246 = EDGE_CURVE ( 'NONE', #212, #2347, #253, .T. ) ;
#1247 = LINE ( 'NONE', #1957, #840 ) ;
#1248 = CARTESIAN_POINT ( 'NONE',  ( 24.99999999999858602, -25.00000000000142109, -14.00000000000000000 ) ) ;
#1249 = VECTOR ( 'NONE', #1456, 1000.000000000000000 ) ;
#1250 = CARTESIAN_POINT ( 'NONE',  ( -25.00000000000141398, -25.00000000000000000, -14.00000000000000000 ) ) ;
#1251 = EDGE_LOOP ( 'NONE', ( #1825, #2203, #2286, #2712 ) ) ;
#1252 = EDGE_CURVE ( 'NONE', #345, #1005, #666, .T. ) ;
#1253 = AXIS2_PLACEMENT_3D ( 'NONE', #3105, #1876, #911 ) ;
#1254 = CARTESIAN_POINT ( 'NONE',  ( 21.50000000000000000, -4.841881138603709386E-15, -8.000000000000000000 ) ) ;
#1255 = DIRECTION ( 'NONE',  ( -0.000000000000000000, -0.000000000000000000, -1.000000000000000000 ) ) ;
#1256 = CARTESIAN_POINT ( 'NONE',  ( 21.50000000000000000, -4.841881138603709386E-15, -8.000000000000000000 ) ) ;
#1257 = ADVANCED_FACE ( 'NONE', ( #1 ), #3252, .F. ) ;
#1258 = ORIENTED_EDGE ( 'NONE', *, *, #944, .T. ) ;
#1259 = CARTESIAN_POINT ( 'NONE',  ( -3.494769659541620390E-15, -21.50000000000000000, -6.500000000000060396 ) ) ;
#1260 = LINE ( 'NONE', #1008, #1190 ) ;
#1261 = CARTESIAN_POINT ( 'NONE',  ( 19.53621395469427924, -19.14999584431670954, -11.00000000000000000 ) ) ;
#1262 = CIRCLE ( 'NONE', #244, 2.749999999999999112 ) ;
#1263 = ORIENTED_EDGE ( 'NONE', *, *, #807, .F. ) ;
#1264 = CARTESIAN_POINT ( 'NONE',  ( 21.50000000000000000, -4.841881138603709386E-15, 0.000000000000000000 ) ) ;
#1265 = DIRECTION ( 'NONE',  ( 0.000000000000000000, 0.000000000000000000, -1.000000000000000000 ) ) ;
#1266 = ADVANCED_FACE ( 'NONE', ( #1518 ), #1539, .F. ) ;
#1267 = CYLINDRICAL_SURFACE ( 'NONE', #521, 14.00000000000000000 ) ;
#1268 = AXIS2_PLACEMENT_3D ( 'NONE', #1532, #275, #3262 ) ;
#1269 = EDGE_LOOP ( 'NONE', ( #495, #1447, #1405, #2287 ) ) ;
#1270 = CARTESIAN_POINT ( 'NONE',  ( 40.99999999999997868, -40.99999999999995026, -146.9360748630709566 ) ) ;
#1271 = AXIS2_PLACEMENT_3D ( 'NONE', #2806, #331, #1070 ) ;
#1272 = DIRECTION ( 'NONE',  ( 0.000000000000000000, -1.000000000000000000, 0.000000000000000000 ) ) ;
#1273 = EDGE_CURVE ( 'NONE', #1943, #327, #27, .T. ) ;
#1274 = FACE_OUTER_BOUND ( 'NONE', #2742, .T. ) ;
#1275 = AXIS2_PLACEMENT_3D ( 'NONE', #3080, #2836, #1775 ) ;
#1276 = EDGE_CURVE ( 'NONE', #955, #3130, #752, .T. ) ;
#1277 = VECTOR ( 'NONE', #2180, 1000.000000000000000 ) ;
#1278 = CIRCLE ( 'NONE', #3091, 2.000000000000005329 ) ;
#1279 = FACE_BOUND ( 'NONE', #744, .T. ) ;
#1280 = LINE ( 'NONE', #3017, #3171 ) ;
#1281 = DIRECTION ( 'NONE',  ( -0.000000000000000000, -0.000000000000000000, -1.000000000000000000 ) ) ;
#1282 = ORIENTED_EDGE ( 'NONE', *, *, #1470, .T. ) ;
#1283 = CARTESIAN_POINT ( 'NONE',  ( -18.07304899628997319, 9.300009868456568185, -11.00000000000000000 ) ) ;
#1284 = DIRECTION ( 'NONE',  ( -1.000000000000000000, 0.000000000000000000, 0.000000000000000000 ) ) ;
#1285 = ORIENTED_EDGE ( 'NONE', *, *, #704, .T. ) ;
#1286 = ORIENTED_EDGE ( 'NONE', *, *, #447, .T. ) ;
#1287 = CARTESIAN_POINT ( 'NONE',  ( -13.73035585563834360, -20.48944534209542212, -11.00000000000000000 ) ) ;
#1288 = CARTESIAN_POINT ( 'NONE',  ( 46.99999999999999289, -42.00000000000000711, -146.9360748630709566 ) ) ;
#1289 = DIRECTION ( 'NONE',  ( -1.000000000000000000, 0.000000000000000000, 0.000000000000000000 ) ) ;
#1290 = ADVANCED_FACE ( 'NONE', ( #1294 ), #2277, .F. ) ;
#1291 = VERTEX_POINT ( 'NONE', #2504 ) ;
#1292 = PRESENTATION_LAYER_ASSIGNMENT (  '', '', ( #1241 ) ) ;
#1293 = ADVANCED_FACE ( 'NONE', ( #1279, #3056 ), #767, .T. ) ;
#1294 = FACE_OUTER_BOUND ( 'NONE', #556, .T. ) ;
#1295 = CARTESIAN_POINT ( 'NONE',  ( -40.99999999999999289, 40.99999999999999289, -9.000000000000000000 ) ) ;
#1296 = ORIENTED_EDGE ( 'NONE', *, *, #295, .T. ) ;
#1297 = ADVANCED_FACE ( 'NONE', ( #16 ), #1873, .F. ) ;
#1298 = DIRECTION ( 'NONE',  ( 0.000000000000000000, 0.000000000000000000, 1.000000000000000000 ) ) ;
#1299 = PRESENTATION_STYLE_ASSIGNMENT (( #1056 ) ) ;
#1300 = CARTESIAN_POINT ( 'NONE',  ( -20.73957307132238981, -14.48998971462589758, -14.00000000000000000 ) ) ;
#1301 = EDGE_LOOP ( 'NONE', ( #323, #172, #13, #3094 ) ) ;
#1302 = AXIS2_PLACEMENT_3D ( 'NONE', #2669, #1914, #2161 ) ;
#1303 = CARTESIAN_POINT ( 'NONE',  ( 15.50000005695844152, -15.49999529991906400, -14.00000000000000000 ) ) ;
#1304 = DIRECTION ( 'NONE',  ( 0.000000000000000000, 0.000000000000000000, 1.000000000000000000 ) ) ;
#1305 = VERTEX_POINT ( 'NONE', #1309 ) ;
#1306 = AXIS2_PLACEMENT_3D ( 'NONE', #2619, #2597, #2075 ) ;
#1307 = CIRCLE ( 'NONE', #984, 2.500000000000000000 ) ;
#1308 = PRODUCT_RELATED_PRODUCT_CATEGORY ( 'part', '', ( #3123 ) ) ;
#1309 = CARTESIAN_POINT ( 'NONE',  ( 43.09999999999997300, -40.99999999999995026, -14.00000000000001243 ) ) ;
#1310 = ADVANCED_FACE ( 'NONE', ( #2800, #30, #816, #3029, #785, #1788, #1503, #2787, #2292, #2488 ), #1051, .F. ) ;
#1311 = ORIENTED_EDGE ( 'NONE', *, *, #1911, .F. ) ;
#1312 = DIRECTION ( 'NONE',  ( 1.541215603526039612E-07, 0.9999999999999880096, 0.000000000000000000 ) ) ;
#1313 = EDGE_CURVE ( 'NONE', #2331, #322, #1093, .T. ) ;
#1314 = CARTESIAN_POINT ( 'NONE',  ( -38.89999999999999858, 40.99999999999999289, -146.9360748630709566 ) ) ;
#1315 = ORIENTED_EDGE ( 'NONE', *, *, #2034, .F. ) ;
#1316 = AXIS2_PLACEMENT_3D ( 'NONE', #523, #2308, #2812 ) ;
#1317 = DIRECTION ( 'NONE',  ( 0.000000000000000000, 0.000000000000000000, -1.000000000000000000 ) ) ;
#1318 = CARTESIAN_POINT ( 'NONE',  ( -15.50000000000000000, -15.50000000000000000, 6.000000000000000000 ) ) ;
#1319 = ORIENTED_EDGE ( 'NONE', *, *, #2067, .F. ) ;
#1320 = VECTOR ( 'NONE', #844, 1000.000000000000000 ) ;
#1321 = VECTOR ( 'NONE', #2272, 1000.000000000000000 ) ;
#1322 = ORIENTED_EDGE ( 'NONE', *, *, #1366, .F. ) ;
#1323 = AXIS2_PLACEMENT_3D ( 'NONE', #2312, #2819, #3034 ) ;
#1324 = VECTOR ( 'NONE', #1851, 1000.000000000000114 ) ;
#1325 = DIRECTION ( 'NONE',  ( -0.000000000000000000, -0.000000000000000000, -1.000000000000000000 ) ) ;
#1326 = VECTOR ( 'NONE', #213, 1000.000000000000114 ) ;
#1327 = ORIENTED_EDGE ( 'NONE', *, *, #2918, .F. ) ;
#1328 = EDGE_CURVE ( 'NONE', #73, #2197, #1336, .T. ) ;
#1329 = CARTESIAN_POINT ( 'NONE',  ( 30.93179010336537260, 15.15000239939967486, -11.00000000000000000 ) ) ;
#1330 = CARTESIAN_POINT ( 'NONE',  ( -15.78991620704324816, 19.76787164068992197, -14.00000000000000000 ) ) ;
#1331 = DIRECTION ( 'NONE',  ( 1.000000000000000000, 0.000000000000000000, 0.000000000000000000 ) ) ;
#1332 = ORIENTED_EDGE ( 'NONE', *, *, #1563, .F. ) ;
#1333 = DIRECTION ( 'NONE',  ( -0.7071067811865500152, 0.000000000000000000, 0.7071067811865451302 ) ) ;
#1334 = CARTESIAN_POINT ( 'NONE',  ( -15.50000000000000000, 15.50000000000000000, -11.00000000000000000 ) ) ;
#1335 = ORIENTED_EDGE ( 'NONE', *, *, #2052, .T. ) ;
#1336 = LINE ( 'NONE', #569, #2455 ) ;
#1337 = EDGE_LOOP ( 'NONE', ( #1161, #1667, #3008, #38 ) ) ;
#1338 = DIRECTION ( 'NONE',  ( 1.000000000000000000, 0.000000000000000000, 0.000000000000000000 ) ) ;
#1339 = LINE ( 'NONE', #1584, #97 ) ;
#1340 = DIRECTION ( 'NONE',  ( -1.000000000000000000, 0.000000000000000000, 0.000000000000000000 ) ) ;
#1341 = ADVANCED_FACE ( 'NONE', ( #2565 ), #307, .F. ) ;
#1342 = ORIENTED_EDGE ( 'NONE', *, *, #14, .T. ) ;
#1343 = PLANE ( 'NONE',  #2341 ) ;
#1344 = CARTESIAN_POINT ( 'NONE',  ( 18.64870717236005859, -19.44817760338685630, -11.00000000000000000 ) ) ;
#1345 = ORIENTED_EDGE ( 'NONE', *, *, #2276, .T. ) ;
#1346 = ADVANCED_FACE ( 'NONE', ( #9 ), #2301, .F. ) ;
#1347 = AXIS2_PLACEMENT_3D ( 'NONE', #1295, #2739, #2476 ) ;
#1348 = CARTESIAN_POINT ( 'NONE',  ( 30.93178543347096721, -15.14999760060781675, -14.00000000000000000 ) ) ;
#1349 = CYLINDRICAL_SURFACE ( 'NONE', #3061, 1.750000000000001554 ) ;
#1350 = ORIENTED_EDGE ( 'NONE', *, *, #3224, .T. ) ;
#1351 = ORIENTED_EDGE ( 'NONE', *, *, #1166, .T. ) ;
#1352 = FACE_OUTER_BOUND ( 'NONE', #1410, .T. ) ;
#1353 = VERTEX_POINT ( 'NONE', #71 ) ;
#1354 = AXIS2_PLACEMENT_3D ( 'NONE', #240, #20, #2511 ) ;
#1355 = VERTEX_POINT ( 'NONE', #3065 ) ;
#1356 = DIRECTION ( 'NONE',  ( 1.000000000000000000, 0.000000000000000000, 0.000000000000000000 ) ) ;
#1357 = DIRECTION ( 'NONE',  ( 1.000000000000000000, 0.000000000000000000, 0.000000000000000000 ) ) ;
#1358 = CARTESIAN_POINT ( 'NONE',  ( 38.89999999999998437, 40.99999999999999289, -14.00000000000001243 ) ) ;
#1359 = ORIENTED_EDGE ( 'NONE', *, *, #2422, .F. ) ;
#1360 = EDGE_CURVE ( 'NONE', #2441, #1900, #2653, .T. ) ;
#1361 = CYLINDRICAL_SURFACE ( 'NONE', #2243, 2.099999999999997868 ) ;
#1362 = DIRECTION ( 'NONE',  ( -1.000000000000000000, 0.000000000000000000, 0.000000000000000000 ) ) ;
#1363 = VERTEX_POINT ( 'NONE', #2327 ) ;
#1364 = ORIENTED_EDGE ( 'NONE', *, *, #1537, .F. ) ;
#1365 = AXIS2_PLACEMENT_3D ( 'NONE', #2780, #1027, #3050 ) ;
#1366 = EDGE_CURVE ( 'NONE', #3082, #1444, #1262, .T. ) ;
#1367 = DIRECTION ( 'NONE',  ( 0.000000000000000000, 0.000000000000000000, 1.000000000000000000 ) ) ;
#1368 = CIRCLE ( 'NONE', #1875, 2.500000000000000000 ) ;
#1369 = FACE_OUTER_BOUND ( 'NONE', #1251, .T. ) ;
#1370 = EDGE_LOOP ( 'NONE', ( #2761, #2325, #2190, #2657 ) ) ;
#1371 = ORIENTED_EDGE ( 'NONE', *, *, #249, .F. ) ;
#1372 = AXIS2_PLACEMENT_3D ( 'NONE', #1614, #2604, #2362 ) ;
#1373 = ADVANCED_FACE ( 'NONE', ( #561, #1842 ), #1559, .T. ) ;
#1374 = AXIS2_PLACEMENT_3D ( 'NONE', #298, #1038, #1331 ) ;
#1375 = ORIENTED_EDGE ( 'NONE', *, *, #2262, .T. ) ;
#1376 = AXIS2_PLACEMENT_3D ( 'NONE', #210, #975, #1935 ) ;
#1377 = DIRECTION ( 'NONE',  ( -0.000000000000000000, -0.000000000000000000, -1.000000000000000000 ) ) ;
#1378 = CARTESIAN_POINT ( 'NONE',  ( -18.03441053874294653, -9.299990131548790728, -14.00000000000000000 ) ) ;
#1379 = CARTESIAN_POINT ( 'NONE',  ( 15.50000483472556034, 15.50000470008288644, -11.00000000000000000 ) ) ;
#1380 = VECTOR ( 'NONE', #543, 1000.000000000000000 ) ;
#1381 = VERTEX_POINT ( 'NONE', #2021 ) ;
#1382 = AXIS2_PLACEMENT_3D ( 'NONE', #437, #221, #1229 ) ;
#1383 = DIRECTION ( 'NONE',  ( 0.000000000000000000, 0.000000000000000000, 1.000000000000000000 ) ) ;
#1384 = LINE ( 'NONE', #1344, #2984 ) ;
#1385 = EDGE_LOOP ( 'NONE', ( #731, #686 ) ) ;
#1386 = DIRECTION ( 'NONE',  ( -1.000000000000000000, 0.000000000000000000, 0.000000000000000000 ) ) ;
#1387 = DIRECTION ( 'NONE',  ( 1.000000000000000000, 0.000000000000000000, 0.000000000000000000 ) ) ;
#1388 = ADVANCED_BREP_SHAPE_REPRESENTATION ( 'Component3', ( #2369, #923 ), #1562 ) ;
#1389 = DIRECTION ( 'NONE',  ( -0.000000000000000000, -0.000000000000000000, 1.000000000000000000 ) ) ;
#1390 = EDGE_CURVE ( 'NONE', #2939, #1881, #2502, .T. ) ;
#1391 = ORIENTED_EDGE ( 'NONE', *, *, #1615, .F. ) ;
#1392 = CARTESIAN_POINT ( 'NONE',  ( 18.64871316713120208, 19.44818603298097415, -11.00000000000000000 ) ) ;
#1393 = DIRECTION ( 'NONE',  ( 0.000000000000000000, 0.000000000000000000, 1.000000000000000000 ) ) ;
#1394 = LINE ( 'NONE', #2883, #252 ) ;
#1395 = EDGE_CURVE ( 'NONE', #257, #1924, #3247, .T. ) ;
#1396 = ORIENTED_EDGE ( 'NONE', *, *, #2963, .T. ) ;
#1397 = FACE_OUTER_BOUND ( 'NONE', #1198, .T. ) ;
#1398 = DIRECTION ( 'NONE',  ( 0.000000000000000000, 0.000000000000000000, -1.000000000000000000 ) ) ;
#1399 = ORIENTED_EDGE ( 'NONE', *, *, #665, .F. ) ;
#1400 = CARTESIAN_POINT ( 'NONE',  ( 19.03222355961980128, 19.14999460016138855, -11.00000000000000000 ) ) ;
#1401 = LINE ( 'NONE', #2382, #2232 ) ;
#1402 = ORIENTED_EDGE ( 'NONE', *, *, #2276, .F. ) ;
#1403 = EDGE_CURVE ( 'NONE', #623, #1553, #1469, .T. ) ;
#1404 = AXIS2_PLACEMENT_3D ( 'NONE', #1171, #376, #2118 ) ;
#1405 = ORIENTED_EDGE ( 'NONE', *, *, #225, .F. ) ;
#1406 = EDGE_CURVE ( 'NONE', #2939, #1649, #303, .T. ) ;
#1407 = DIRECTION ( 'NONE',  ( 4.489296139698584633E-14, 1.000000000000000000, -0.000000000000000000 ) ) ;
#1408 = CARTESIAN_POINT ( 'NONE',  ( -43.09999999999998010, -40.99999999999996447, -14.00000000000001243 ) ) ;
#1409 = CARTESIAN_POINT ( 'NONE',  ( 30.93179010336537260, 15.15000239939967486, -14.00000000000000000 ) ) ;
#1410 = EDGE_LOOP ( 'NONE', ( #3153, #1653, #810, #2825 ) ) ;
#1411 = ADVANCED_FACE ( 'NONE', ( #263 ), #1343, .F. ) ;
#1412 = CARTESIAN_POINT ( 'NONE',  ( 15.50000000000000000, -15.50000000000000000, -4.000000000000000000 ) ) ;
#1413 = PLANE ( 'NONE',  #1099 ) ;
#1414 = EDGE_LOOP ( 'NONE', ( #141, #377 ) ) ;
#1415 = ORIENTED_EDGE ( 'NONE', *, *, #3068, .T. ) ;
#1416 = VERTEX_POINT ( 'NONE', #1287 ) ;
#1417 = CARTESIAN_POINT ( 'NONE',  ( -24.99999999999999645, 25.00000000000000000, -9.000000000000000000 ) ) ;
#1418 = DIRECTION ( 'NONE',  ( -1.000000000000000000, 0.000000000000000000, 0.000000000000000000 ) ) ;
#1419 = VERTEX_POINT ( 'NONE', #1546 ) ;
#1420 = AXIS2_PLACEMENT_3D ( 'NONE', #2573, #547, #841 ) ;
#1421 = DIRECTION ( 'NONE',  ( 0.000000000000000000, 0.000000000000000000, 1.000000000000000000 ) ) ;
#1422 = EDGE_LOOP ( 'NONE', ( #3015, #196, #356, #1789 ) ) ;
#1423 = AXIS2_PLACEMENT_3D ( 'NONE', #1906, #1449, #1705 ) ;
#1424 = VERTEX_POINT ( 'NONE', #2315 ) ;
#1425 = CIRCLE ( 'NONE', #2140, 1.750000000000001554 ) ;
#1426 = DIRECTION ( 'NONE',  ( -1.000000000000000000, 0.000000000000000000, 0.000000000000000000 ) ) ;
#1427 = LINE ( 'NONE', #2144, #2324 ) ;
#1428 = CARTESIAN_POINT ( 'NONE',  ( 40.11927518487747335, 15.15000098341173462, -14.00000000000000000 ) ) ;
#1429 = AXIS2_PLACEMENT_3D ( 'NONE', #1718, #965, #2746 ) ;
#1430 = VERTEX_POINT ( 'NONE', #2048 ) ;
#1431 = ADVANCED_FACE ( 'NONE', ( #2271 ), #1061, .F. ) ;
#1432 = CARTESIAN_POINT ( 'NONE',  ( -15.50000000000000000, -15.50000000000000000, 0.000000000000000000 ) ) ;
#1433 = FACE_BOUND ( 'NONE', #2676, .T. ) ;
#1434 = CIRCLE ( 'NONE', #3255, 2.749999999999999112 ) ;
#1435 = VERTEX_POINT ( 'NONE', #2288 ) ;
#1436 = EDGE_LOOP ( 'NONE', ( #1891, #2101 ) ) ;
#1437 = EDGE_CURVE ( 'NONE', #1608, #151, #933, .T. ) ;
#1438 = CYLINDRICAL_SURFACE ( 'NONE', #2664, 3.300000000000453682 ) ;
#1439 = DIRECTION ( 'NONE',  ( 1.000000000000000000, 0.000000000000000000, 0.000000000000000000 ) ) ;
#1440 = ORIENTED_EDGE ( 'NONE', *, *, #2463, .F. ) ;
#1441 = DIRECTION ( 'NONE',  ( 1.000000000000000000, 0.000000000000000000, 0.000000000000000000 ) ) ;
#1442 = LINE ( 'NONE', #2425, #234 ) ;
#1443 = CARTESIAN_POINT ( 'NONE',  ( -46.99999999999997868, -41.99999999999997868, -146.9360748630709566 ) ) ;
#1444 = VERTEX_POINT ( 'NONE', #1807 ) ;
#1445 = FACE_OUTER_BOUND ( 'NONE', #2652, .T. ) ;
#1446 = CARTESIAN_POINT ( 'NONE',  ( 19.53621395469427924, -19.14999584431670954, -14.00000000000000000 ) ) ;
#1447 = ORIENTED_EDGE ( 'NONE', *, *, #2090, .F. ) ;
#1448 = ORIENTED_EDGE ( 'NONE', *, *, #3250, .F. ) ;
#1449 = DIRECTION ( 'NONE',  ( -1.000000000000000000, 0.000000000000000000, 0.000000000000000000 ) ) ;
#1450 = DIRECTION ( 'NONE',  ( -1.000000000000000000, 0.000000000000000000, 0.000000000000000000 ) ) ;
#1451 = EDGE_CURVE ( 'NONE', #1687, #2777, #775, .T. ) ;
#1452 = ORIENTED_EDGE ( 'NONE', *, *, #530, .T. ) ;
#1453 = ORIENTED_EDGE ( 'NONE', *, *, #1032, .T. ) ;
#1454 = VECTOR ( 'NONE', #145, 1000.000000000000000 ) ;
#1455 = DIRECTION ( 'NONE',  ( -0.000000000000000000, -0.000000000000000000, -1.000000000000000000 ) ) ;
#1456 = DIRECTION ( 'NONE',  ( -0.000000000000000000, -0.000000000000000000, -1.000000000000000000 ) ) ;
#1457 = CYLINDRICAL_SURFACE ( 'NONE', #1376, 19.70000000000034035 ) ;
#1458 = CONICAL_SURFACE ( 'NONE', #1133, 1.000000000000043743, 0.7853981633974538301 ) ;
#1459 = ORIENTED_EDGE ( 'NONE', *, *, #1135, .F. ) ;
#1460 = PLANE ( 'NONE',  #1941 ) ;
#1461 = DIRECTION ( 'NONE',  ( -0.000000000000000000, -0.000000000000000000, -1.000000000000000000 ) ) ;
#1462 = DIRECTION ( 'NONE',  ( 1.000000000000000000, 0.000000000000000000, 0.000000000000000000 ) ) ;
#1463 = ORIENTED_EDGE ( 'NONE', *, *, #2963, .F. ) ;
#1464 = ORIENTED_EDGE ( 'NONE', *, *, #2207, .T. ) ;
#1465 = FACE_OUTER_BOUND ( 'NONE', #3114, .T. ) ;
#1466 = DIRECTION ( 'NONE',  ( 0.000000000000000000, 0.000000000000000000, 1.000000000000000000 ) ) ;
#1467 = DIRECTION ( 'NONE',  ( 1.000000000000000000, 0.000000000000000000, -0.000000000000000000 ) ) ;
#1468 = EDGE_CURVE ( 'NONE', #3241, #2796, #1822, .T. ) ;
#1469 = CIRCLE ( 'NONE', #993, 2.500000000000000000 ) ;
#1470 = EDGE_CURVE ( 'NONE', #1942, #3036, #193, .T. ) ;
#1471 = CARTESIAN_POINT ( 'NONE',  ( -13.73035534703823224, -17.18944534209500929, -11.00000000000000000 ) ) ;
#1472 = DIRECTION ( 'NONE',  ( 0.000000000000000000, 0.000000000000000000, -1.000000000000000000 ) ) ;
#1473 = VECTOR ( 'NONE', #413, 1000.000000000000114 ) ;
#1474 = DIRECTION ( 'NONE',  ( -1.000000000000000000, 0.000000000000000000, 0.000000000000000000 ) ) ;
#1475 = VERTEX_POINT ( 'NONE', #640 ) ;
#1476 = AXIS2_PLACEMENT_3D ( 'NONE', #1600, #1824, #3135 ) ;
#1477 = CARTESIAN_POINT ( 'NONE',  ( -25.00000000000000000, -3.061616997868383043E-15, 0.000000000000000000 ) ) ;
#1478 = FACE_BOUND ( 'NONE', #2181, .T. ) ;
#1479 = DIRECTION ( 'NONE',  ( -1.000000000000000000, 0.000000000000000000, 0.000000000000000000 ) ) ;
#1480 = ORIENTED_EDGE ( 'NONE', *, *, #1100, .F. ) ;
#1481 = ORIENTED_EDGE ( 'NONE', *, *, #2497, .T. ) ;
#1482 = AXIS2_PLACEMENT_3D ( 'NONE', #1256, #2273, #1485 ) ;
#1483 = PLANE ( 'NONE',  #1926 ) ;
#1484 = DIRECTION ( 'NONE',  ( -0.000000000000000000, -0.000000000000000000, -1.000000000000000000 ) ) ;
#1485 = DIRECTION ( 'NONE',  ( 1.000000000000000000, 0.000000000000000000, 0.000000000000000000 ) ) ;
#1486 = AXIS2_PLACEMENT_3D ( 'NONE', #1918, #2182, #727 ) ;
#1487 = CIRCLE ( 'NONE', #2041, 1.750000000000001554 ) ;
#1488 = DIRECTION ( 'NONE',  ( -0.000000000000000000, -0.000000000000000000, 1.000000000000000000 ) ) ;
#1489 = CARTESIAN_POINT ( 'NONE',  ( 8.005467014174450598E-16, 21.50000000000000000, -8.000000000000000000 ) ) ;
#1490 = EDGE_CURVE ( 'NONE', #992, #3256, #2025, .T. ) ;
#1491 = DIRECTION ( 'NONE',  ( 0.000000000000000000, -1.000000000000000000, 0.000000000000000000 ) ) ;
#1492 = VERTEX_POINT ( 'NONE', #1854 ) ;
#1493 = DIRECTION ( 'NONE',  ( -0.000000000000000000, -0.000000000000000000, 1.000000000000000000 ) ) ;
#1494 = SURFACE_STYLE_FILL_AREA ( #1510 ) ;
#1495 = EDGE_CURVE ( 'NONE', #1049, #336, #2869, .T. ) ;
#1496 = DIRECTION ( 'NONE',  ( -1.000000000000000000, 0.000000000000000000, 0.000000000000000000 ) ) ;
#1497 = VERTEX_POINT ( 'NONE', #2901 ) ;
#1498 = CYLINDRICAL_SURFACE ( 'NONE', #2550, 25.00000000000000000 ) ;
#1499 = DIRECTION ( 'NONE',  ( -1.000000000000000000, 0.000000000000000000, 0.000000000000000000 ) ) ;
#1500 = LINE ( 'NONE', #2697, #522 ) ;
#1501 = VECTOR ( 'NONE', #696, 1000.000000000000000 ) ;
#1502 = EDGE_CURVE ( 'NONE', #3185, #1245, #2603, .T. ) ;
#1503 = FACE_BOUND ( 'NONE', #2051, .T. ) ;
#1504 = DIRECTION ( 'NONE',  ( 0.000000000000000000, 0.000000000000000000, -1.000000000000000000 ) ) ;
#1505 = DIRECTION ( 'NONE',  ( 1.000000000000000000, 0.000000000000000000, 0.000000000000000000 ) ) ;
#1506 = VECTOR ( 'NONE', #2125, 1000.000000000000000 ) ;
#1507 = EDGE_LOOP ( 'NONE', ( #2643, #904 ) ) ;
#1508 = ADVANCED_FACE ( 'NONE', ( #2655 ), #3134, .F. ) ;
#1509 = DIRECTION ( 'NONE',  ( -0.7071067811865500152, -8.659560562355059815E-17, -0.7071067811865451302 ) ) ;
#1510 = FILL_AREA_STYLE ('',( #1555 ) ) ;
#1511 = CARTESIAN_POINT ( 'NONE',  ( -18.03440767208244822, 9.300009868456566409, -11.00000000000000000 ) ) ;
#1512 = VERTEX_POINT ( 'NONE', #2345 ) ;
#1513 = CIRCLE ( 'NONE', #2175, 2.500000000000002220 ) ;
#1514 = ADVANCED_FACE ( 'NONE', ( #1397 ), #1361, .F. ) ;
#1515 = LINE ( 'NONE', #1062, #1878 ) ;
#1516 = FACE_OUTER_BOUND ( 'NONE', #176, .T. ) ;
#1517 = DIRECTION ( 'NONE',  ( 1.000000000000000000, 0.000000000000000000, 0.000000000000000000 ) ) ;
#1518 = FACE_OUTER_BOUND ( 'NONE', #3218, .T. ) ;
#1519 = DIRECTION ( 'NONE',  ( -0.000000000000000000, -0.000000000000000000, 1.000000000000000000 ) ) ;
#1520 = CARTESIAN_POINT ( 'NONE',  ( 46.99999999999999289, 41.99999999999996447, -14.00000000000001243 ) ) ;
#1521 = AXIS2_PLACEMENT_3D ( 'NONE', #1090, #1317, #535 ) ;
#1522 = ORIENTED_EDGE ( 'NONE', *, *, #2422, .T. ) ;
#1523 = VECTOR ( 'NONE', #2527, 1000.000000000000000 ) ;
#1524 = VECTOR ( 'NONE', #1170, 1000.000000000000000 ) ;
#1525 = DIRECTION ( 'NONE',  ( 0.000000000000000000, 0.000000000000000000, 1.000000000000000000 ) ) ;
#1526 = CARTESIAN_POINT ( 'NONE',  ( 24.99999999999858602, -25.00000000000142109, -9.000000000000000000 ) ) ;
#1527 = DIRECTION ( 'NONE',  ( 0.000000000000000000, 0.000000000000000000, -1.000000000000000000 ) ) ;
#1528 = ORIENTED_EDGE ( 'NONE', *, *, #2740, .F. ) ;
#1529 = VECTOR ( 'NONE', #3101, 1000.000000000000114 ) ;
#1530 = ORIENTED_EDGE ( 'NONE', *, *, #2177, .T. ) ;
#1531 = DIRECTION ( 'NONE',  ( 0.000000000000000000, 0.000000000000000000, -1.000000000000000000 ) ) ;
#1532 = CARTESIAN_POINT ( 'NONE',  ( 40.99999999999997868, 40.99999999999999289, -14.00000000000001243 ) ) ;
#1533 = CIRCLE ( 'NONE', #1880, 1.000000000000043743 ) ;
#1534 = DIRECTION ( 'NONE',  ( -0.000000000000000000, -0.000000000000000000, -1.000000000000000000 ) ) ;
#1535 = CIRCLE ( 'NONE', #147, 19.70000000000164775 ) ;
#1536 = CIRCLE ( 'NONE', #2730, 0.9999999999999870104 ) ;
#1537 = EDGE_CURVE ( 'NONE', #2914, #151, #2129, .T. ) ;
#1538 = AXIS2_PLACEMENT_3D ( 'NONE', #1176, #2951, #1984 ) ;
#1539 = PLANE ( 'NONE',  #457 ) ;
#1540 = DIRECTION ( 'NONE',  ( 0.000000000000000000, 0.000000000000000000, -1.000000000000000000 ) ) ;
#1541 = VERTEX_POINT ( 'NONE', #3100 ) ;
#1542 = DIRECTION ( 'NONE',  ( 1.000000000000000000, 0.000000000000000000, 0.000000000000000000 ) ) ;
#1543 = CARTESIAN_POINT ( 'NONE',  ( 40.11927518487747335, 15.15000098341173462, -11.00000000000000000 ) ) ;
#1544 = DIRECTION ( 'NONE',  ( -0.000000000000000000, -0.000000000000000000, 1.000000000000000000 ) ) ;
#1545 = EDGE_LOOP ( 'NONE', ( #1110, #2529 ) ) ;
#1546 = CARTESIAN_POINT ( 'NONE',  ( -15.78990901596940333, -19.76786320675448394, -14.00000000000000000 ) ) ;
#1547 = CARTESIAN_POINT ( 'NONE',  ( -27.00000000000000355, 25.00000000000000000, -9.000000000000000000 ) ) ;
#1548 = VERTEX_POINT ( 'NONE', #1665 ) ;
#1549 = EDGE_CURVE ( 'NONE', #1081, #113, #461, .T. ) ;
#1550 = ORIENTED_EDGE ( 'NONE', *, *, #2721, .F. ) ;
#1551 = EDGE_CURVE ( 'NONE', #1766, #1128, #405, .T. ) ;
#1552 = DIRECTION ( 'NONE',  ( 1.000000000000000000, 0.000000000000000000, 0.000000000000000000 ) ) ;
#1553 = VERTEX_POINT ( 'NONE', #1112 ) ;
#1554 = CARTESIAN_POINT ( 'NONE',  ( 19.53621974363378655, 19.14999460016138855, -11.00000000000000000 ) ) ;
#1555 = FILL_AREA_STYLE_COLOUR ( '', #1800 ) ;
#1556 = DIRECTION ( 'NONE',  ( 1.000000000000000000, 0.000000000000000000, 0.000000000000000000 ) ) ;
#1557 = VERTEX_POINT ( 'NONE', #122 ) ;
#1558 = AXIS2_PLACEMENT_3D ( 'NONE', #919, #2705, #421 ) ;
#1559 = PLANE ( 'NONE',  #1365 ) ;
#1560 = CARTESIAN_POINT ( 'NONE',  ( 41.99999999999997158, 47.00000000000000000, -146.9360748630709566 ) ) ;
#1561 = ORIENTED_EDGE ( 'NONE', *, *, #3097, .F. ) ;
#1562 =( GEOMETRIC_REPRESENTATION_CONTEXT ( 3 ) GLOBAL_UNCERTAINTY_ASSIGNED_CONTEXT ( ( #581 ) ) GLOBAL_UNIT_ASSIGNED_CONTEXT ( ( #396, #3092, #597 ) ) REPRESENTATION_CONTEXT ( 'NONE', 'WORKASPACE' ) );
#1563 = EDGE_CURVE ( 'NONE', #2799, #1512, #1888, .T. ) ;
#1564 = CYLINDRICAL_SURFACE ( 'NONE', #1571, 5.050000000000557598 ) ;
#1565 = ADVANCED_FACE ( 'NONE', ( #2361 ), #105, .F. ) ;
#1566 = ORIENTED_EDGE ( 'NONE', *, *, #429, .T. ) ;
#1567 = DIRECTION ( 'NONE',  ( -0.000000000000000000, -0.000000000000000000, -1.000000000000000000 ) ) ;
#1568 = CARTESIAN_POINT ( 'NONE',  ( -27.00000000000000000, 3.306546357697853733E-15, -1.000000000000000000 ) ) ;
#1569 = DIRECTION ( 'NONE',  ( 0.000000000000000000, -1.000000000000000000, 0.000000000000000000 ) ) ;
#1570 = ORIENTED_EDGE ( 'NONE', *, *, #754, .T. ) ;
#1571 = AXIS2_PLACEMENT_3D ( 'NONE', #2753, #2547, #267 ) ;
#1572 = CARTESIAN_POINT ( 'NONE',  ( -15.50000000000000000, -15.50000000000000000, -4.000000000000000000 ) ) ;
#1573 = CARTESIAN_POINT ( 'NONE',  ( -41.99999999999996447, 47.00000000000000000, -14.00000000000001243 ) ) ;
#1574 = ORIENTED_EDGE ( 'NONE', *, *, #3145, .T. ) ;
#1575 = CIRCLE ( 'NONE', #876, 1.750000000000001554 ) ;
#1576 = EDGE_LOOP ( 'NONE', ( #2115, #386 ) ) ;
#1577 = AXIS2_PLACEMENT_3D ( 'NONE', #881, #117, #370 ) ;
#1578 = AXIS2_PLACEMENT_3D ( 'NONE', #2162, #2359, #601 ) ;
#1579 = DIRECTION ( 'NONE',  ( 0.000000000000000000, 0.000000000000000000, 1.000000000000000000 ) ) ;
#1580 = AXIS2_PLACEMENT_3D ( 'NONE', #977, #2708, #1939 ) ;
#1581 = ORIENTED_EDGE ( 'NONE', *, *, #1470, .F. ) ;
#1582 = EDGE_CURVE ( 'NONE', #961, #534, #591, .T. ) ;
#1583 = FACE_OUTER_BOUND ( 'NONE', #1811, .T. ) ;
#1584 = CARTESIAN_POINT ( 'NONE',  ( 40.11927051499419150, -15.14999901659579251, -11.00000000000000000 ) ) ;
#1585 = CARTESIAN_POINT ( 'NONE',  ( -18.03441104734529432, -12.59999013154871683, -11.00000000000000000 ) ) ;
#1586 = ORIENTED_EDGE ( 'NONE', *, *, #1403, .F. ) ;
#1587 = DIRECTION ( 'NONE',  ( 0.000000000000000000, 0.000000000000000000, -1.000000000000000000 ) ) ;
#1588 = DIRECTION ( 'NONE',  ( -1.000000000000000000, 0.000000000000000000, 0.000000000000000000 ) ) ;
#1589 = ORIENTED_EDGE ( 'NONE', *, *, #1551, .F. ) ;
#1590 = CARTESIAN_POINT ( 'NONE',  ( -22.99999999999999289, 25.00000000000000000, -14.00000000000000000 ) ) ;
#1591 = DIRECTION ( 'NONE',  ( -0.000000000000000000, -0.000000000000000000, 1.000000000000000000 ) ) ;
#1592 = ORIENTED_EDGE ( 'NONE', *, *, #406, .F. ) ;
#1593 = ORIENTED_EDGE ( 'NONE', *, *, #1537, .T. ) ;
#1594 = DIRECTION ( 'NONE',  ( 1.000000000000000000, 0.000000000000000000, 0.000000000000000000 ) ) ;
#1595 = DIRECTION ( 'NONE',  ( 0.000000000000000000, 0.000000000000000000, -1.000000000000000000 ) ) ;
#1596 = PLANE ( 'NONE',  #1323 ) ;
#1597 = ORIENTED_EDGE ( 'NONE', *, *, #2648, .F. ) ;
#1598 = ADVANCED_FACE ( 'NONE', ( #854 ), #2414, .F. ) ;
#1599 = CARTESIAN_POINT ( 'NONE',  ( 22.99999999999753086, -25.00000000000142109, 6.000000000000000000 ) ) ;
#1600 = CARTESIAN_POINT ( 'NONE',  ( 0.000000000000000000, 0.000000000000000000, 6.000000000000000000 ) ) ;
#1601 = ORIENTED_EDGE ( 'NONE', *, *, #1980, .F. ) ;
#1602 = EDGE_CURVE ( 'NONE', #167, #2575, #828, .T. ) ;
#1603 = CIRCLE ( 'NONE', #2537, 2.099999999999997868 ) ;
#1604 = CARTESIAN_POINT ( 'NONE',  ( -20.73957307132238981, -14.48998971462589758, -11.00000000000000000 ) ) ;
#1605 = LINE ( 'NONE', #394, #446 ) ;
#1606 = AXIS2_PLACEMENT_3D ( 'NONE', #2734, #1484, #465 ) ;
#1607 = DIRECTION ( 'NONE',  ( -0.000000000000000000, -0.000000000000000000, 1.000000000000000000 ) ) ;
#1608 = VERTEX_POINT ( 'NONE', #388 ) ;
#1609 = DIRECTION ( 'NONE',  ( 0.000000000000000000, 0.000000000000000000, -1.000000000000000000 ) ) ;
#1610 = LINE ( 'NONE', #1378, #175 ) ;
#1611 = CARTESIAN_POINT ( 'NONE',  ( 15.50000000000000000, -15.50000000000000000, -4.000000000000000000 ) ) ;
#1612 = VERTEX_POINT ( 'NONE', #1869 ) ;
#1613 = DIRECTION ( 'NONE',  ( -1.000000000000000000, 0.000000000000000000, 0.000000000000000000 ) ) ;
#1614 = CARTESIAN_POINT ( 'NONE',  ( 15.50000000000000000, 15.50000000000000000, 0.000000000000000000 ) ) ;
#1615 = EDGE_CURVE ( 'NONE', #890, #1353, #1575, .T. ) ;
#1616 = EDGE_LOOP ( 'NONE', ( #243, #371, #2397, #1581 ) ) ;
#1617 = EDGE_LOOP ( 'NONE', ( #922, #1064, #3013, #2405 ) ) ;
#1618 = CARTESIAN_POINT ( 'NONE',  ( -15.50000000000000000, 15.50000000000000000, 6.000000000000000000 ) ) ;
#1619 = CIRCLE ( 'NONE', #2192, 2.499999999999998668 ) ;
#1620 = DIRECTION ( 'NONE',  ( 0.000000000000000000, 0.000000000000000000, 1.000000000000000000 ) ) ;
#1621 = EDGE_CURVE ( 'NONE', #3163, #1612, #372, .T. ) ;
#1622 = ORIENTED_EDGE ( 'NONE', *, *, #2442, .T. ) ;
#1623 = DIRECTION ( 'NONE',  ( 1.000000000000000000, 0.000000000000000000, 0.000000000000000000 ) ) ;
#1624 = EDGE_CURVE ( 'NONE', #3185, #2563, #29, .T. ) ;
#1625 = VECTOR ( 'NONE', #2528, 1000.000000000000000 ) ;
#1626 = ORIENTED_EDGE ( 'NONE', *, *, #291, .T. ) ;
#1627 = CIRCLE ( 'NONE', #256, 14.00000000000000000 ) ;
#1628 = CYLINDRICAL_SURFACE ( 'NONE', #2784, 2.000000000001056488 ) ;
#1629 = CARTESIAN_POINT ( 'NONE',  ( 26.99999999999964118, -25.00000000000142109, -9.000000000000000000 ) ) ;
#1630 = LINE ( 'NONE', #85, #2726 ) ;
#1631 = CIRCLE ( 'NONE', #740, 2.099999999999997868 ) ;
#1632 = ORIENTED_EDGE ( 'NONE', *, *, #512, .T. ) ;
#1633 = CIRCLE ( 'NONE', #3042, 1.750000000000001554 ) ;
#1634 = DIRECTION ( 'NONE',  ( 0.000000000000000000, 0.000000000000000000, 1.000000000000000000 ) ) ;
#1635 = DIRECTION ( 'NONE',  ( -0.000000000000000000, -0.000000000000000000, -1.000000000000000000 ) ) ;
#1636 = ORIENTED_EDGE ( 'NONE', *, *, #180, .T. ) ;
#1637 = EDGE_CURVE ( 'NONE', #1612, #1291, #2766, .T. ) ;
#1638 = LINE ( 'NONE', #231, #1772 ) ;
#1639 = DIRECTION ( 'NONE',  ( 1.000000000000000000, 0.000000000000000000, 0.000000000000000000 ) ) ;
#1640 = EDGE_CURVE ( 'NONE', #2492, #2852, #1368, .T. ) ;
#1641 = ORIENTED_EDGE ( 'NONE', *, *, #2518, .F. ) ;
#1642 = PLANE ( 'NONE',  #44 ) ;
#1643 = CYLINDRICAL_SURFACE ( 'NONE', #2964, 25.00000000000000000 ) ;
#1644 = CARTESIAN_POINT ( 'NONE',  ( -43.09999999999998010, -40.99999999999996447, -146.9360748630709566 ) ) ;
#1645 = ORIENTED_EDGE ( 'NONE', *, *, #2279, .T. ) ;
#1646 = CARTESIAN_POINT ( 'NONE',  ( -13.73036216090287809, 20.48945452524638355, -14.00000000000000000 ) ) ;
#1647 = CARTESIAN_POINT ( 'NONE',  ( 18.64871316713120208, 19.44818603298097415, -14.00000000000000000 ) ) ;
#1648 = VERTEX_POINT ( 'NONE', #2641 ) ;
#1649 = VERTEX_POINT ( 'NONE', #3104 ) ;
#1650 = EDGE_LOOP ( 'NONE', ( #2482, #1189, #139, #1175, #1371, #2166, #800, #2416 ) ) ;
#1651 = DIRECTION ( 'NONE',  ( 0.000000000000000000, 0.000000000000000000, -1.000000000000000000 ) ) ;
#1652 = LINE ( 'NONE', #2592, #179 ) ;
#1653 = ORIENTED_EDGE ( 'NONE', *, *, #1313, .T. ) ;
#1654 = CYLINDRICAL_SURFACE ( 'NONE', #2700, 4.999999999999997335 ) ;
#1655 = CIRCLE ( 'NONE', #917, 3.299999999999966072 ) ;
#1656 = EDGE_CURVE ( 'NONE', #404, #305, #2718, .T. ) ;
#1657 = VECTOR ( 'NONE', #1239, 1000.000000000000000 ) ;
#1658 = ORIENTED_EDGE ( 'NONE', *, *, #2682, .T. ) ;
#1659 = DIRECTION ( 'NONE',  ( 0.000000000000000000, 0.000000000000000000, 1.000000000000000000 ) ) ;
#1660 = DIRECTION ( 'NONE',  ( 1.000000000000000000, 0.000000000000000000, 0.000000000000000000 ) ) ;
#1661 = CIRCLE ( 'NONE', #68, 2.000000000001056488 ) ;
#1662 = EDGE_CURVE ( 'NONE', #395, #2033, #2351, .T. ) ;
#1663 = CARTESIAN_POINT ( 'NONE',  ( -41.99999999999994316, -47.00000000000000000, -14.00000000000001243 ) ) ;
#1664 = EDGE_LOOP ( 'NONE', ( #216, #128, #2356, #2218 ) ) ;
#1665 = CARTESIAN_POINT ( 'NONE',  ( 14.00000000000000000, 0.000000000000000000, -11.00000000000000000 ) ) ;
#1666 = FACE_OUTER_BOUND ( 'NONE', #2594, .T. ) ;
#1667 = ORIENTED_EDGE ( 'NONE', *, *, #2034, .T. ) ;
#1668 = ORIENTED_EDGE ( 'NONE', *, *, #1640, .F. ) ;
#1669 = CARTESIAN_POINT ( 'NONE',  ( 0.000000000000000000, 0.000000000000000000, 0.000000000000000000 ) ) ;
#1670 = DIRECTION ( 'NONE',  ( 1.000000000000000000, 0.000000000000000000, 0.000000000000000000 ) ) ;
#1671 = VERTEX_POINT ( 'NONE', #3143 ) ;
#1672 = AXIS2_PLACEMENT_3D ( 'NONE', #1471, #3000, #292 ) ;
#1673 = AXIS2_PLACEMENT_3D ( 'NONE', #1432, #1141, #3116 ) ;
#1674 = VECTOR ( 'NONE', #2623, 1000.000000000000114 ) ;
#1675 = ORIENTED_EDGE ( 'NONE', *, *, #2237, .F. ) ;
#1676 = EDGE_CURVE ( 'NONE', #2683, #2050, #1986, .T. ) ;
#1677 = AXIS2_PLACEMENT_3D ( 'NONE', #2468, #1236, #1959 ) ;
#1678 = DIRECTION ( 'NONE',  ( 0.000000000000000000, 0.000000000000000000, 1.000000000000000000 ) ) ;
#1679 = CARTESIAN_POINT ( 'NONE',  ( 0.000000000000000000, 0.000000000000000000, 6.000000000000000000 ) ) ;
#1680 = DIRECTION ( 'NONE',  ( -0.000000000000000000, -0.000000000000000000, 1.000000000000000000 ) ) ;
#1681 = VECTOR ( 'NONE', #1231, 1000.000000000000000 ) ;
#1682 = EDGE_LOOP ( 'NONE', ( #948, #287, #506, #2159 ) ) ;
#1683 = ADVANCED_FACE ( 'NONE', ( #3069 ), #144, .F. ) ;
#1684 = CARTESIAN_POINT ( 'NONE',  ( 2.445839330546235554E-06, 7.088963169515211105E-06, -14.00000000000000000 ) ) ;
#1685 = FACE_BOUND ( 'NONE', #2305, .T. ) ;
#1686 = VECTOR ( 'NONE', #1696, 1000.000000000000000 ) ;
#1687 = VERTEX_POINT ( 'NONE', #1604 ) ;
#1688 = ORIENTED_EDGE ( 'NONE', *, *, #1468, .F. ) ;
#1689 = CIRCLE ( 'NONE', #525, 2.500000000000002220 ) ;
#1690 = PLANE ( 'NONE',  #1423 ) ;
#1691 = LINE ( 'NONE', #1995, #1657 ) ;
#1692 = ORIENTED_EDGE ( 'NONE', *, *, #2479, .T. ) ;
#1693 = EDGE_LOOP ( 'NONE', ( #2792, #2949, #2097, #1063 ) ) ;
#1694 = FACE_OUTER_BOUND ( 'NONE', #2621, .T. ) ;
#1695 = CARTESIAN_POINT ( 'NONE',  ( -21.50000000000000000, 2.147658180479529816E-15, -8.000000000000000000 ) ) ;
#1696 = DIRECTION ( 'NONE',  ( 0.000000000000000000, 0.000000000000000000, 1.000000000000000000 ) ) ;
#1697 = EDGE_CURVE ( 'NONE', #1557, #2807, #2891, .T. ) ;
#1698 = ORIENTED_EDGE ( 'NONE', *, *, #2417, .F. ) ;
#1699 = FACE_OUTER_BOUND ( 'NONE', #1949, .T. ) ;
#1700 = DIRECTION ( 'NONE',  ( -0.000000000000000000, -0.000000000000000000, -1.000000000000000000 ) ) ;
#1701 = CARTESIAN_POINT ( 'NONE',  ( -12.75000000000000178, 15.50000000000000000, 0.000000000000000000 ) ) ;
#1702 = EDGE_CURVE ( 'NONE', #961, #2155, #1859, .T. ) ;
#1703 = ORIENTED_EDGE ( 'NONE', *, *, #1054, .F. ) ;
#1704 = AXIS2_PLACEMENT_3D ( 'NONE', #271, #1791, #789 ) ;
#1705 = DIRECTION ( 'NONE',  ( 0.000000000000000000, 0.000000000000000000, 1.000000000000000000 ) ) ;
#1706 = DIRECTION ( 'NONE',  ( 1.000000000000000000, 0.000000000000000000, 0.000000000000000000 ) ) ;
#1707 = EDGE_CURVE ( 'NONE', #322, #2331, #1826, .T. ) ;
#1708 = ORIENTED_EDGE ( 'NONE', *, *, #1360, .T. ) ;
#1709 = CIRCLE ( 'NONE', #1558, 16.10000000000000142 ) ;
#1710 = CARTESIAN_POINT ( 'NONE',  ( -41.99999999999994316, -47.00000000000000000, -14.00000000000001243 ) ) ;
#1711 = CARTESIAN_POINT ( 'NONE',  ( 2.445839651036362166E-06, 7.088963616423346603E-06, -14.00000000000000000 ) ) ;
#1712 = CARTESIAN_POINT ( 'NONE',  ( -3.494769659541620390E-15, -21.50000000000000000, 0.000000000000000000 ) ) ;
#1713 = CIRCLE ( 'NONE', #3230, 1.750000000000001554 ) ;
#1714 = ORIENTED_EDGE ( 'NONE', *, *, #3054, .T. ) ;
#1715 = PRODUCT_DEFINITION_FORMATION_WITH_SPECIFIED_SOURCE ( 'ANY', '', #3123, .NOT_KNOWN. ) ;
#1716 = DIRECTION ( 'NONE',  ( 0.000000000000000000, 0.000000000000000000, 1.000000000000000000 ) ) ;
#1717 = CARTESIAN_POINT ( 'NONE',  ( -3.494769659541620390E-15, -21.50000000000000000, -6.500000000000060396 ) ) ;
#1718 = CARTESIAN_POINT ( 'NONE',  ( 40.99999999999997868, -40.99999999999995026, -14.00000000000001243 ) ) ;
#1719 = ORIENTED_EDGE ( 'NONE', *, *, #553, .T. ) ;
#1720 = EDGE_CURVE ( 'NONE', #43, #813, #567, .T. ) ;
#1721 = CARTESIAN_POINT ( 'NONE',  ( 19.53621974363378655, 19.14999460016138855, -11.00000000000000000 ) ) ;
#1722 = CARTESIAN_POINT ( 'NONE',  ( -41.99999999999994316, -47.00000000000000000, -146.9360748630709566 ) ) ;
#1723 = FACE_OUTER_BOUND ( 'NONE', #1174, .T. ) ;
#1724 = VECTOR ( 'NONE', #624, 1000.000000000000000 ) ;
#1725 = FACE_BOUND ( 'NONE', #155, .T. ) ;
#1726 = CARTESIAN_POINT ( 'NONE',  ( 0.000000000000000000, 0.000000000000000000, 6.000000000000000000 ) ) ;
#1727 = CARTESIAN_POINT ( 'NONE',  ( 0.000000000000000000, 0.000000000000000000, -11.00000000000000000 ) ) ;
#1728 = ORIENTED_EDGE ( 'NONE', *, *, #2717, .T. ) ;
#1729 = AXIS2_PLACEMENT_3D ( 'NONE', #1843, #2840, #641 ) ;
#1730 = DIRECTION ( 'NONE',  ( -1.000000000000000000, 0.000000000000000000, 0.000000000000000000 ) ) ;
#1731 = ORIENTED_EDGE ( 'NONE', *, *, #2890, .F. ) ;
#1732 = CLOSED_SHELL ( 'NONE', ( #566, #1184, #1035, #114, #2548, #1598, #1140, #3219, #3139, #1514, #467, #492, #34, #1019, #3073, #2350, #3052, #2521, #776, #2776, #1814, #962, #121, #1431, #2195, #2814, #648, #2876, #2474, #1771, #2940, #112, #2593, #2654, #1346, #3178, #571, #507, #1205, #2018, #590, #700, #2062, #1297, #209, #2893, #1341, #909, #2353, #2169, #1293, #1257, #2913, #799, #103, #1565, #1373, #1508, #2437, #2783, #1172, #1956, #3196, #2027, #2838, #3180, #871, #158, #2135, #1892, #3158, #1982, #1966, #1310, #2214, #3109, #719, #3038, #1117, #1858, #135, #230, #1759, #1932, #1411, #537, #518, #486, #1683, #1123, #1266, #811, #2368, #451, #1831, #1745, #668, #1233, #766, #2608, #2432, #1290, #2314, #3207 ) ) ;
#1733 = VERTEX_POINT ( 'NONE', #2084 ) ;
#1734 = AXIS2_PLACEMENT_3D ( 'NONE', #2741, #1193, #2426 ) ;
#1735 = CARTESIAN_POINT ( 'NONE',  ( -18.03441053874294653, -9.299990131548790728, -11.00000000000000000 ) ) ;
#1736 = CARTESIAN_POINT ( 'NONE',  ( 15.50000000000000000, 15.50000000000000000, -4.000000000000000000 ) ) ;
#1737 = DIRECTION ( 'NONE',  ( 0.000000000000000000, 0.000000000000000000, 1.000000000000000000 ) ) ;
#1738 = VECTOR ( 'NONE', #1509, 1000.000000000000114 ) ;
#1739 = EDGE_CURVE ( 'NONE', #798, #1557, #2244, .T. ) ;
#1740 = EDGE_LOOP ( 'NONE', ( #308, #2871, #533, #2691 ) ) ;
#1741 = EDGE_CURVE ( 'NONE', #511, #491, #2400, .T. ) ;
#1742 = FACE_BOUND ( 'NONE', #365, .T. ) ;
#1743 = DIRECTION ( 'NONE',  ( 1.000000000000000000, 0.000000000000000000, -0.000000000000000000 ) ) ;
#1744 = DIRECTION ( 'NONE',  ( 0.000000000000000000, 0.000000000000000000, -1.000000000000000000 ) ) ;
#1745 = ADVANCED_FACE ( 'NONE', ( #2117 ), #2381, .F. ) ;
#1746 = VERTEX_POINT ( 'NONE', #1590 ) ;
#1747 = CARTESIAN_POINT ( 'NONE',  ( -1.000000000000042855, 21.50000000000000000, -8.000000000000000000 ) ) ;
#1748 = FACE_OUTER_BOUND ( 'NONE', #2711, .T. ) ;
#1749 = CYLINDRICAL_SURFACE ( 'NONE', #882, 2.749999999999999112 ) ;
#1750 = ORIENTED_EDGE ( 'NONE', *, *, #713, .F. ) ;
#1751 = CARTESIAN_POINT ( 'NONE',  ( 19.03222355961980128, 19.14999460016138855, -14.00000000000000000 ) ) ;
#1752 = CARTESIAN_POINT ( 'NONE',  ( -15.50000000000000000, 15.50000000000000000, 6.000000000000000000 ) ) ;
#1753 = CARTESIAN_POINT ( 'NONE',  ( 40.99999999999997868, -40.99999999999995026, -9.000000000000000000 ) ) ;
#1754 = CARTESIAN_POINT ( 'NONE',  ( -1.000000000000047296, -21.50000000000000000, -8.000000000000000000 ) ) ;
#1755 = CARTESIAN_POINT ( 'NONE',  ( -13.73036216090287809, 20.48945452524638355, -14.00000000000000000 ) ) ;
#1756 = CARTESIAN_POINT ( 'NONE',  ( 19.00000000000000000, -4.841881138603709386E-15, -6.499999999999999112 ) ) ;
#1757 = CIRCLE ( 'NONE', #325, 19.70000000000046114 ) ;
#1758 = ORIENTED_EDGE ( 'NONE', *, *, #2090, .T. ) ;
#1759 = ADVANCED_FACE ( 'NONE', ( #2609 ), #2576, .F. ) ;
#1760 = DIRECTION ( 'NONE',  ( -0.000000000000000000, -0.000000000000000000, -1.000000000000000000 ) ) ;
#1761 = CARTESIAN_POINT ( 'NONE',  ( 0.000000000000000000, 0.000000000000000000, -52.53767670841369863 ) ) ;
#1762 = CARTESIAN_POINT ( 'NONE',  ( -43.09999999999999432, 40.99999999999999289, -14.00000000000001243 ) ) ;
#1763 = ORIENTED_EDGE ( 'NONE', *, *, #2497, .F. ) ;
#1764 = CARTESIAN_POINT ( 'NONE',  ( 46.99999999999999289, 41.99999999999996447, -9.000000000000000000 ) ) ;
#1765 = CYLINDRICAL_SURFACE ( 'NONE', #2515, 19.70000000000164775 ) ;
#1766 = VERTEX_POINT ( 'NONE', #1348 ) ;
#1767 = DIRECTION ( 'NONE',  ( -1.000000000000000000, 0.000000000000000000, 0.000000000000000000 ) ) ;
#1768 = LINE ( 'NONE', #1969, #2436 ) ;
#1769 = AXIS2_PLACEMENT_3D ( 'NONE', #53, #578, #2822 ) ;
#1770 = EDGE_LOOP ( 'NONE', ( #2043, #2291, #366, #3172 ) ) ;
#1771 = ADVANCED_FACE ( 'NONE', ( #2874 ), #2333, .F. ) ;
#1772 = VECTOR ( 'NONE', #200, 1000.000000000000000 ) ;
#1773 = LINE ( 'NONE', #1283, #2091 ) ;
#1774 = DIRECTION ( 'NONE',  ( -0.000000000000000000, -0.000000000000000000, -1.000000000000000000 ) ) ;
#1775 = DIRECTION ( 'NONE',  ( 1.000000000000000000, 0.000000000000000000, 0.000000000000000000 ) ) ;
#1776 = VECTOR ( 'NONE', #2517, 1000.000000000000000 ) ;
#1777 = VERTEX_POINT ( 'NONE', #3088 ) ;
#1778 = EDGE_CURVE ( 'NONE', #336, #572, #1638, .T. ) ;
#1779 = ORIENTED_EDGE ( 'NONE', *, *, #2318, .F. ) ;
#1780 = CARTESIAN_POINT ( 'NONE',  ( 8.005467014174450598E-16, 21.50000000000000000, 6.000000000000000000 ) ) ;
#1781 = FACE_OUTER_BOUND ( 'NONE', #2829, .T. ) ;
#1782 = VECTOR ( 'NONE', #3240, 1000.000000000000000 ) ;
#1783 = ORIENTED_EDGE ( 'NONE', *, *, #2263, .F. ) ;
#1784 = VECTOR ( 'NONE', #2477, 1000.000000000000000 ) ;
#1785 = AXIS2_PLACEMENT_3D ( 'NONE', #1264, #458, #441 ) ;
#1786 = VERTEX_POINT ( 'NONE', #1223 ) ;
#1787 = AXIS2_PLACEMENT_3D ( 'NONE', #3165, #1968, #2967 ) ;
#1788 = FACE_BOUND ( 'NONE', #2038, .T. ) ;
#1789 = ORIENTED_EDGE ( 'NONE', *, *, #335, .F. ) ;
#1790 = CARTESIAN_POINT ( 'NONE',  ( -20.73956860488019416, 14.49001028538149072, -11.00000000000000000 ) ) ;
#1791 = DIRECTION ( 'NONE',  ( 0.000000000000000000, 0.000000000000000000, -1.000000000000000000 ) ) ;
#1792 = LINE ( 'NONE', #1088, #1625 ) ;
#1793 = EDGE_LOOP ( 'NONE', ( #2127, #2309, #55, #3140 ) ) ;
#1794 = DIRECTION ( 'NONE',  ( 1.000000000000000000, 0.000000000000000000, 0.000000000000000000 ) ) ;
#1795 = CYLINDRICAL_SURFACE ( 'NONE', #1989, 2.099999999999997868 ) ;
#1796 = EDGE_CURVE ( 'NONE', #305, #404, #1619, .T. ) ;
#1797 = ORIENTED_EDGE ( 'NONE', *, *, #3239, .T. ) ;
#1798 = VECTOR ( 'NONE', #1069, 1000.000000000000000 ) ;
#1799 = EDGE_CURVE ( 'NONE', #1430, #2672, #2503, .T. ) ;
#1800 = COLOUR_RGB ( '',0.7921568627450980005, 0.8196078431372548767, 0.9333333333333333481 ) ;
#1801 = DIRECTION ( 'NONE',  ( 0.000000000000000000, -1.000000000000000000, 0.000000000000000000 ) ) ;
#1802 = ORIENTED_EDGE ( 'NONE', *, *, #184, .F. ) ;
#1803 = DIRECTION ( 'NONE',  ( 1.000000000000000000, 0.000000000000000000, 0.000000000000000000 ) ) ;
#1804 = DIRECTION ( 'NONE',  ( 3.755154367872271812E-13, -1.000000000000000000, 0.000000000000000000 ) ) ;
#1805 = FACE_OUTER_BOUND ( 'NONE', #3023, .T. ) ;
#1806 = EDGE_LOOP ( 'NONE', ( #2929, #2119, #361, #2732 ) ) ;
#1807 = CARTESIAN_POINT ( 'NONE',  ( -18.25000000000000000, -15.50000000000000000, -4.000000000000000000 ) ) ;
#1808 = DIRECTION ( 'NONE',  ( -1.000000000000000000, 0.000000000000000000, 0.000000000000000000 ) ) ;
#1809 = VERTEX_POINT ( 'NONE', #1922 ) ;
#1810 = AXIS2_PLACEMENT_3D ( 'NONE', #2928, #1255, #1001 ) ;
#1811 = EDGE_LOOP ( 'NONE', ( #3168, #3236, #593, #2435 ) ) ;
#1812 = VECTOR ( 'NONE', #2578, 1000.000000000000000 ) ;
#1813 = ORIENTED_EDGE ( 'NONE', *, *, #2678, .F. ) ;
#1814 = ADVANCED_FACE ( 'NONE', ( #1978 ), #1498, .T. ) ;
#1815 = DIRECTION ( 'NONE',  ( 1.000000000000000000, 0.000000000000000000, 0.000000000000000000 ) ) ;
#1816 = ORIENTED_EDGE ( 'NONE', *, *, #74, .F. ) ;
#1817 = CARTESIAN_POINT ( 'NONE',  ( -23.00000000000176570, -25.00000000000000000, 6.000000000000000000 ) ) ;
#1818 = FACE_OUTER_BOUND ( 'NONE', #1847, .T. ) ;
#1819 = AXIS2_PLACEMENT_3D ( 'NONE', #2063, #2035, #3039 ) ;
#1820 = CYLINDRICAL_SURFACE ( 'NONE', #1048, 3.299999999999966072 ) ;
#1821 = ORIENTED_EDGE ( 'NONE', *, *, #2398, .T. ) ;
#1822 = CIRCLE ( 'NONE', #2598, 2.749999999999999112 ) ;
#1823 = DIRECTION ( 'NONE',  ( -0.000000000000000000, -0.000000000000000000, 1.000000000000000000 ) ) ;
#1824 = DIRECTION ( 'NONE',  ( 0.000000000000000000, 0.000000000000000000, 1.000000000000000000 ) ) ;
#1825 = ORIENTED_EDGE ( 'NONE', *, *, #2831, .F. ) ;
#1826 = CIRCLE ( 'NONE', #402, 27.00000000000000000 ) ;
#1827 = CIRCLE ( 'NONE', #201, 14.00000000000000000 ) ;
#1828 = DIRECTION ( 'NONE',  ( 0.000000000000000000, 0.000000000000000000, 1.000000000000000000 ) ) ;
#1829 = CARTESIAN_POINT ( 'NONE',  ( -15.50000000000000000, -15.50000000000000000, -4.000000000000000000 ) ) ;
#1830 = VERTEX_POINT ( 'NONE', #2483 ) ;
#1831 = ADVANCED_FACE ( 'NONE', ( #950 ), #1483, .F. ) ;
#1832 = AXIS2_PLACEMENT_3D ( 'NONE', #3152, #3098, #2126 ) ;
#1833 = ORIENTED_EDGE ( 'NONE', *, *, #2373, .T. ) ;
#1834 = EDGE_CURVE ( 'NONE', #177, #73, #1152, .T. ) ;
#1835 = VECTOR ( 'NONE', #527, 1000.000000000000000 ) ;
#1836 = VERTEX_POINT ( 'NONE', #3159 ) ;
#1837 = DIRECTION ( 'NONE',  ( -1.000000000000000000, 0.000000000000000000, 0.000000000000000000 ) ) ;
#1838 = CARTESIAN_POINT ( 'NONE',  ( 0.000000000000000000, 0.000000000000000000, -1.000000000000000000 ) ) ;
#1839 = EDGE_CURVE ( 'NONE', #2123, #2441, #517, .T. ) ;
#1840 = FACE_OUTER_BOUND ( 'NONE', #3063, .T. ) ;
#1841 = ORIENTED_EDGE ( 'NONE', *, *, #1778, .T. ) ;
#1842 = FACE_OUTER_BOUND ( 'NONE', #332, .T. ) ;
#1843 = CARTESIAN_POINT ( 'NONE',  ( -42.00000000000000711, 42.00000000000000000, -146.9360748630709566 ) ) ;
#1844 = VERTEX_POINT ( 'NONE', #3212 ) ;
#1845 = DIRECTION ( 'NONE',  ( 1.000000000000000000, 0.000000000000000000, 0.000000000000000000 ) ) ;
#1846 = DIRECTION ( 'NONE',  ( -0.000000000000000000, -0.000000000000000000, -1.000000000000000000 ) ) ;
#1847 = EDGE_LOOP ( 'NONE', ( #1076, #192, #1396, #2459 ) ) ;
#1848 = ORIENTED_EDGE ( 'NONE', *, *, #2634, .F. ) ;
#1849 = DIRECTION ( 'NONE',  ( -1.000000000000000000, 0.000000000000000000, 0.000000000000000000 ) ) ;
#1850 = DIRECTION ( 'NONE',  ( 0.000000000000000000, 0.000000000000000000, -1.000000000000000000 ) ) ;
#1851 = DIRECTION ( 'NONE',  ( 0.9999999999999880096, -1.541213867473478944E-07, 0.000000000000000000 ) ) ;
#1852 = EDGE_LOOP ( 'NONE', ( #1480, #1561 ) ) ;
#1853 = EDGE_CURVE ( 'NONE', #362, #2566, #684, .T. ) ;
#1854 = CARTESIAN_POINT ( 'NONE',  ( -18.07304899628997319, 9.300009868456568185, -11.00000000000000000 ) ) ;
#1855 = DIRECTION ( 'NONE',  ( -0.000000000000000000, -0.000000000000000000, 1.000000000000000000 ) ) ;
#1856 = ORIENTED_EDGE ( 'NONE', *, *, #1624, .T. ) ;
#1857 = CIRCLE ( 'NONE', #277, 3.299999999999594813 ) ;
#1858 = ADVANCED_FACE ( 'NONE', ( #431 ), #1690, .F. ) ;
#1859 = LINE ( 'NONE', #827, #1320 ) ;
#1860 = CARTESIAN_POINT ( 'NONE',  ( -13.73036160014701146, 17.18945452524683759, -11.00000000000000000 ) ) ;
#1861 = AXIS2_PLACEMENT_3D ( 'NONE', #2259, #1272, #2009 ) ;
#1862 = CARTESIAN_POINT ( 'NONE',  ( 0.000000000000000000, 0.000000000000000000, 0.000000000000000000 ) ) ;
#1863 = ORIENTED_EDGE ( 'NONE', *, *, #1676, .T. ) ;
#1864 = CARTESIAN_POINT ( 'NONE',  ( 15.50000000000000000, -15.50000000000000000, -11.00000000000000000 ) ) ;
#1865 = LINE ( 'NONE', #2864, #1506 ) ;
#1866 = DIRECTION ( 'NONE',  ( 0.000000000000000000, 0.000000000000000000, -1.000000000000000000 ) ) ;
#1867 = EDGE_CURVE ( 'NONE', #646, #2266, #2344, .T. ) ;
#1868 = EDGE_LOOP ( 'NONE', ( #899, #1345 ) ) ;
#1869 = CARTESIAN_POINT ( 'NONE',  ( -46.99999999999997868, -41.99999999999997868, -9.000000000000000000 ) ) ;
#1870 = CARTESIAN_POINT ( 'NONE',  ( 40.11927051499419150, -15.14999901659579251, -14.00000000000000000 ) ) ;
#1871 = ORIENTED_EDGE ( 'NONE', *, *, #2701, .F. ) ;
#1872 = EDGE_CURVE ( 'NONE', #956, #1881, #969, .T. ) ;
#1873 = CONICAL_SURFACE ( 'NONE', #826, 0.9999999999999870104, 0.7853981633974522758 ) ;
#1874 = CARTESIAN_POINT ( 'NONE',  ( 2.445839330546235554E-06, 7.088963169515211105E-06, -11.00000000000000000 ) ) ;
#1875 = AXIS2_PLACEMENT_3D ( 'NONE', #644, #1367, #93 ) ;
#1876 = DIRECTION ( 'NONE',  ( 0.000000000000000000, 0.000000000000000000, 1.000000000000000000 ) ) ;
#1877 = EDGE_CURVE ( 'NONE', #2681, #1900, #217, .T. ) ;
#1878 = VECTOR ( 'NONE', #289, 1000.000000000000114 ) ;
#1879 = DIRECTION ( 'NONE',  ( -0.000000000000000000, -0.000000000000000000, -1.000000000000000000 ) ) ;
#1880 = AXIS2_PLACEMENT_3D ( 'NONE', #215, #729, #2481 ) ;
#1881 = VERTEX_POINT ( 'NONE', #2946 ) ;
#1882 = AXIS2_PLACEMENT_3D ( 'NONE', #720, #2260, #2473 ) ;
#1883 = CARTESIAN_POINT ( 'NONE',  ( 2.500000000000000888, 21.50000000000000000, 0.000000000000000000 ) ) ;
#1884 = FACE_BOUND ( 'NONE', #2904, .T. ) ;
#1885 = CARTESIAN_POINT ( 'NONE',  ( -2.500000000000000000, -21.50000000000000000, -6.500000000000060396 ) ) ;
#1886 = CIRCLE ( 'NONE', #892, 2.099999999999990763 ) ;
#1887 = ORIENTED_EDGE ( 'NONE', *, *, #1490, .F. ) ;
#1888 = LINE ( 'NONE', #1646, #248 ) ;
#1889 = CARTESIAN_POINT ( 'NONE',  ( 0.000000000000000000, 0.000000000000000000, -8.000000000000000000 ) ) ;
#1890 = ORIENTED_EDGE ( 'NONE', *, *, #2998, .T. ) ;
#1891 = ORIENTED_EDGE ( 'NONE', *, *, #612, .F. ) ;
#1892 = ADVANCED_FACE ( 'NONE', ( #162 ), #2960, .F. ) ;
#1893 = DIRECTION ( 'NONE',  ( 0.000000000000000000, 0.000000000000000000, 1.000000000000000000 ) ) ;
#1894 = FACE_OUTER_BOUND ( 'NONE', #2105, .T. ) ;
#1895 = DIRECTION ( 'NONE',  ( 0.000000000000000000, 0.000000000000000000, -1.000000000000000000 ) ) ;
#1896 = ORIENTED_EDGE ( 'NONE', *, *, #339, .F. ) ;
#1897 = DIRECTION ( 'NONE',  ( -1.000000000000000000, 0.000000000000000000, 0.000000000000000000 ) ) ;
#1898 = CARTESIAN_POINT ( 'NONE',  ( -27.00000000000000355, 25.00000000000000000, 6.000000000000000000 ) ) ;
#1899 = DIRECTION ( 'NONE',  ( 1.000000000000000000, 0.000000000000000000, 0.000000000000000000 ) ) ;
#1900 = VERTEX_POINT ( 'NONE', #2433 ) ;
#1901 = DIRECTION ( 'NONE',  ( 0.9999999999999855671, 1.699264825072140066E-07, 0.000000000000000000 ) ) ;
#1902 = CARTESIAN_POINT ( 'NONE',  ( -13.75000000000000000, -15.50000000000000000, -4.000000000000000000 ) ) ;
#1903 = ORIENTED_EDGE ( 'NONE', *, *, #2847, .T. ) ;
#1904 = ORIENTED_EDGE ( 'NONE', *, *, #1697, .T. ) ;
#1905 = ORIENTED_EDGE ( 'NONE', *, *, #1962, .F. ) ;
#1906 = CARTESIAN_POINT ( 'NONE',  ( -18.07304899628997319, 9.300009868456568185, -11.00000000000000000 ) ) ;
#1907 = CARTESIAN_POINT ( 'NONE',  ( 1.000000000000044631, 21.50000000000000000, -8.000000000000000000 ) ) ;
#1908 = ORIENTED_EDGE ( 'NONE', *, *, #1041, .F. ) ;
#1909 = CIRCLE ( 'NONE', #860, 2.749999999999999112 ) ;
#1910 = CARTESIAN_POINT ( 'NONE',  ( 22.99999999999753086, -25.00000000000142109, -9.000000000000000000 ) ) ;
#1911 = EDGE_CURVE ( 'NONE', #531, #1144, #928, .T. ) ;
#1912 = ORIENTED_EDGE ( 'NONE', *, *, #1252, .F. ) ;
#1913 = FACE_BOUND ( 'NONE', #2579, .T. ) ;
#1914 = DIRECTION ( 'NONE',  ( 0.000000000000000000, 0.000000000000000000, -1.000000000000000000 ) ) ;
#1915 = CIRCLE ( 'NONE', #1354, 4.999999999999997335 ) ;
#1916 = DIRECTION ( 'NONE',  ( 0.000000000000000000, 0.000000000000000000, 1.000000000000000000 ) ) ;
#1917 = EDGE_LOOP ( 'NONE', ( #1440, #409, #1350, #2974 ) ) ;
#1918 = CARTESIAN_POINT ( 'NONE',  ( -40.99999999999997868, -40.99999999999996447, -14.00000000000001243 ) ) ;
#1919 = FACE_OUTER_BOUND ( 'NONE', #2514, .T. ) ;
#1920 = ORIENTED_EDGE ( 'NONE', *, *, #553, .F. ) ;
#1921 = VERTEX_POINT ( 'NONE', #2733 ) ;
#1922 = CARTESIAN_POINT ( 'NONE',  ( 22.49999999999998579, -4.719416458688975816E-15, -8.000000000000000000 ) ) ;
#1923 = DIRECTION ( 'NONE',  ( 0.000000000000000000, 0.000000000000000000, 1.000000000000000000 ) ) ;
#1924 = VERTEX_POINT ( 'NONE', #702 ) ;
#1925 = CIRCLE ( 'NONE', #1672, 3.300000000000453682 ) ;
#1926 = AXIS2_PLACEMENT_3D ( 'NONE', #1721, #2225, #2152 ) ;
#1927 = EDGE_CURVE ( 'NONE', #1900, #748, #661, .T. ) ;
#1928 = ORIENTED_EDGE ( 'NONE', *, *, #2858, .F. ) ;
#1929 = AXIS2_PLACEMENT_3D ( 'NONE', #2114, #2823, #1588 ) ;
#1930 = ORIENTED_EDGE ( 'NONE', *, *, #2567, .T. ) ;
#1931 = AXIS2_PLACEMENT_3D ( 'NONE', #1218, #460, #480 ) ;
#1932 = ADVANCED_FACE ( 'NONE', ( #1465 ), #1438, .F. ) ;
#1933 = CYLINDRICAL_SURFACE ( 'NONE', #1040, 2.000000000001531664 ) ;
#1934 = CARTESIAN_POINT ( 'NONE',  ( -22.99999999999999289, 25.00000000000000000, 6.000000000000000000 ) ) ;
#1935 = DIRECTION ( 'NONE',  ( -1.000000000000000000, 0.000000000000000000, 0.000000000000000000 ) ) ;
#1936 = CIRCLE ( 'NONE', #1882, 25.00000000000000000 ) ;
#1937 = VERTEX_POINT ( 'NONE', #3040 ) ;
#1938 = EDGE_CURVE ( 'NONE', #1746, #1497, #2196, .T. ) ;
#1939 = DIRECTION ( 'NONE',  ( 1.000000000000000000, 0.000000000000000000, 0.000000000000000000 ) ) ;
#1940 = DIRECTION ( 'NONE',  ( -1.000000000000000000, 0.000000000000000000, 0.000000000000000000 ) ) ;
#1941 = AXIS2_PLACEMENT_3D ( 'NONE', #239, #173, #2922 ) ;
#1942 = VERTEX_POINT ( 'NONE', #1764 ) ;
#1943 = VERTEX_POINT ( 'NONE', #2049 ) ;
#1944 = AXIS2_PLACEMENT_3D ( 'NONE', #1864, #115, #1897 ) ;
#1945 = EDGE_LOOP ( 'NONE', ( #1728, #3072 ) ) ;
#1946 = CARTESIAN_POINT ( 'NONE',  ( -15.50000000000000000, -15.50000000000000000, -4.000000000000000000 ) ) ;
#1947 = CYLINDRICAL_SURFACE ( 'NONE', #1030, 2.099999999999990763 ) ;
#1948 = ORIENTED_EDGE ( 'NONE', *, *, #913, .T. ) ;
#1949 = EDGE_LOOP ( 'NONE', ( #947, #2176, #2595, #3049 ) ) ;
#1950 = ORIENTED_EDGE ( 'NONE', *, *, #3097, .T. ) ;
#1951 = FACE_OUTER_BOUND ( 'NONE', #2015, .T. ) ;
#1952 = DIRECTION ( 'NONE',  ( -0.7071067811865500152, 0.000000000000000000, 0.7071067811865451302 ) ) ;
#1953 = CIRCLE ( 'NONE', #2903, 1.749999999999999778 ) ;
#1954 = LINE ( 'NONE', #991, #1784 ) ;
#1955 = ORIENTED_EDGE ( 'NONE', *, *, #50, .F. ) ;
#1956 = ADVANCED_FACE ( 'NONE', ( #1781 ), #3009, .T. ) ;
#1957 = CARTESIAN_POINT ( 'NONE',  ( 43.09999999999997300, -40.99999999999995026, -146.9360748630709566 ) ) ;
#1958 = DIRECTION ( 'NONE',  ( 0.000000000000000000, 0.000000000000000000, 1.000000000000000000 ) ) ;
#1959 = DIRECTION ( 'NONE',  ( -1.000000000000000000, 0.000000000000000000, 0.000000000000000000 ) ) ;
#1960 = ORIENTED_EDGE ( 'NONE', *, *, #279, .F. ) ;
#1961 = EDGE_LOOP ( 'NONE', ( #2924, #229, #967, #1948 ) ) ;
#1962 = EDGE_CURVE ( 'NONE', #1232, #327, #1515, .T. ) ;
#1963 = CARTESIAN_POINT ( 'NONE',  ( 14.72035621488861779, -20.48944972696011746, -11.00000000000000000 ) ) ;
#1964 = FACE_OUTER_BOUND ( 'NONE', #2366, .T. ) ;
#1965 = CARTESIAN_POINT ( 'NONE',  ( 19.53621974363378655, 18.78043778245780970, -14.00000000000000000 ) ) ;
#1966 = ADVANCED_FACE ( 'NONE', ( #2809 ), #1795, .F. ) ;
#1967 = VECTOR ( 'NONE', #84, 1000.000000000000000 ) ;
#1968 = DIRECTION ( 'NONE',  ( 0.000000000000000000, 0.000000000000000000, -1.000000000000000000 ) ) ;
#1969 = CARTESIAN_POINT ( 'NONE',  ( 41.99999999999997158, 47.00000000000000000, -146.9360748630709566 ) ) ;
#1970 = DIRECTION ( 'NONE',  ( 0.000000000000000000, 0.000000000000000000, -1.000000000000000000 ) ) ;
#1971 = AXIS2_PLACEMENT_3D ( 'NONE', #2085, #2908, #858 ) ;
#1972 = ORIENTED_EDGE ( 'NONE', *, *, #78, .F. ) ;
#1973 = LINE ( 'NONE', #942, #1168 ) ;
#1974 = LINE ( 'NONE', #2956, #618 ) ;
#1975 = EDGE_CURVE ( 'NONE', #1134, #2430, #82, .T. ) ;
#1976 = DIRECTION ( 'NONE',  ( 1.000000000000000000, 0.000000000000000000, 0.000000000000000000 ) ) ;
#1977 = ORIENTED_EDGE ( 'NONE', *, *, #1741, .F. ) ;
#1978 = FACE_OUTER_BOUND ( 'NONE', #1793, .T. ) ;
#1979 = DIRECTION ( 'NONE',  ( 1.000000000000000000, 0.000000000000000000, 0.000000000000000000 ) ) ;
#1980 = EDGE_CURVE ( 'NONE', #1143, #1381, #1827, .T. ) ;
#1981 = LINE ( 'NONE', #3214, #2826 ) ;
#1982 = ADVANCED_FACE ( 'NONE', ( #809 ), #2022, .F. ) ;
#1983 = AXIS2_PLACEMENT_3D ( 'NONE', #777, #1587, #2543 ) ;
#1984 = DIRECTION ( 'NONE',  ( -1.000000000000000000, 0.000000000000000000, 0.000000000000000000 ) ) ;
#1985 = DIRECTION ( 'NONE',  ( 1.000000000000000000, 0.000000000000000000, 0.000000000000000000 ) ) ;
#1986 = CIRCLE ( 'NONE', #1095, 2.000000000000005329 ) ;
#1987 = DIRECTION ( 'NONE',  ( 0.000000000000000000, 0.000000000000000000, 1.000000000000000000 ) ) ;
#1988 = VERTEX_POINT ( 'NONE', #1573 ) ;
#1989 = AXIS2_PLACEMENT_3D ( 'NONE', #999, #536, #3051 ) ;
#1990 = DIRECTION ( 'NONE',  ( -1.000000000000000000, 0.000000000000000000, 0.000000000000000000 ) ) ;
#1991 = ORIENTED_EDGE ( 'NONE', *, *, #309, .T. ) ;
#1992 = CIRCLE ( 'NONE', #573, 2.749999999999999112 ) ;
#1993 = ORIENTED_EDGE ( 'NONE', *, *, #968, .F. ) ;
#1994 = DIRECTION ( 'NONE',  ( 0.000000000000000000, 0.000000000000000000, 1.000000000000000000 ) ) ;
#1995 = CARTESIAN_POINT ( 'NONE',  ( 18.64871316713120208, 19.44818603298097415, -11.00000000000000000 ) ) ;
#1996 = FACE_OUTER_BOUND ( 'NONE', #1414, .T. ) ;
#1997 = VECTOR ( 'NONE', #1760, 1000.000000000000000 ) ;
#1998 = EDGE_CURVE ( 'NONE', #212, #627, #2781, .T. ) ;
#1999 = EDGE_CURVE ( 'NONE', #436, #300, #346, .T. ) ;
#2000 = DIRECTION ( 'NONE',  ( -1.541213905234362316E-07, -0.9999999999999881206, 0.000000000000000000 ) ) ;
#2001 = DIRECTION ( 'NONE',  ( 0.000000000000000000, 0.000000000000000000, -1.000000000000000000 ) ) ;
#2002 = DIRECTION ( 'NONE',  ( -1.000000000000000000, 0.000000000000000000, 0.000000000000000000 ) ) ;
#2003 = ORIENTED_EDGE ( 'NONE', *, *, #3031, .T. ) ;
#2004 = CARTESIAN_POINT ( 'NONE',  ( 0.000000000000000000, 0.000000000000000000, -7.000000000000000000 ) ) ;
#2005 = CARTESIAN_POINT ( 'NONE',  ( 8.005467014174450598E-16, 21.50000000000000000, -8.000000000000000000 ) ) ;
#2006 = CARTESIAN_POINT ( 'NONE',  ( -27.00000000000106226, -25.00000000000000000, 6.000000000000000000 ) ) ;
#2007 = ORIENTED_EDGE ( 'NONE', *, *, #665, .T. ) ;
#2008 = FACE_OUTER_BOUND ( 'NONE', #3141, .T. ) ;
#2009 = DIRECTION ( 'NONE',  ( 0.000000000000000000, -0.000000000000000000, -1.000000000000000000 ) ) ;
#2010 = LINE ( 'NONE', #735, #40 ) ;
#2011 = DIRECTION ( 'NONE',  ( -0.000000000000000000, -0.000000000000000000, -1.000000000000000000 ) ) ;
#2012 = CARTESIAN_POINT ( 'NONE',  ( -3.494769659541620390E-15, -21.50000000000000000, 0.000000000000000000 ) ) ;
#2013 = EDGE_CURVE ( 'NONE', #2702, #580, #3077, .T. ) ;
#2014 = CIRCLE ( 'NONE', #3012, 16.10000000000000142 ) ;
#2015 = EDGE_LOOP ( 'NONE', ( #440, #2168, #3211, #2687 ) ) ;
#2016 = LINE ( 'NONE', #2539, #417 ) ;
#2017 = DIRECTION ( 'NONE',  ( 0.000000000000000000, 0.000000000000000000, 1.000000000000000000 ) ) ;
#2018 = ADVANCED_FACE ( 'NONE', ( #2008 ), #3193, .F. ) ;
#2019 = DIRECTION ( 'NONE',  ( 0.000000000000000000, 0.000000000000000000, -1.000000000000000000 ) ) ;
#2020 = ORIENTED_EDGE ( 'NONE', *, *, #3224, .F. ) ;
#2021 = CARTESIAN_POINT ( 'NONE',  ( -14.00000000000000000, -1.714505518806294638E-15, -1.000000000000000888 ) ) ;
#2022 = CYLINDRICAL_SURFACE ( 'NONE', #2720, 2.099999999999990763 ) ;
#2023 = CARTESIAN_POINT ( 'NONE',  ( -2.499999999999999112, 21.50000000000000000, 6.000000000000000000 ) ) ;
#2024 = DIRECTION ( 'NONE',  ( 0.000000000000000000, 0.000000000000000000, 1.000000000000000000 ) ) ;
#2025 = CIRCLE ( 'NONE', #874, 2.000000000001531664 ) ;
#2026 = ORIENTED_EDGE ( 'NONE', *, *, #2847, .F. ) ;
#2027 = ADVANCED_FACE ( 'NONE', ( #761 ), #2795, .T. ) ;
#2028 = VECTOR ( 'NONE', #181, 1000.000000000000000 ) ;
#2029 = DIRECTION ( 'NONE',  ( 0.000000000000000000, 0.000000000000000000, -1.000000000000000000 ) ) ;
#2030 = CARTESIAN_POINT ( 'NONE',  ( -25.00000000000141398, -25.00000000000000000, 6.000000000000000000 ) ) ;
#2031 = CARTESIAN_POINT ( 'NONE',  ( 17.25000000000000000, 15.50000000000000000, -11.00000000000000000 ) ) ;
#2032 = AXIS2_PLACEMENT_3D ( 'NONE', #1254, #25, #2239 ) ;
#2033 = VERTEX_POINT ( 'NONE', #1751 ) ;
#2034 = EDGE_CURVE ( 'NONE', #1134, #1444, #2748, .T. ) ;
#2035 = DIRECTION ( 'NONE',  ( 0.000000000000000000, 0.000000000000000000, 1.000000000000000000 ) ) ;
#2036 = FACE_OUTER_BOUND ( 'NONE', #1945, .T. ) ;
#2037 = CIRCLE ( 'NONE', #2458, 19.70000000000105089 ) ;
#2038 = EDGE_LOOP ( 'NONE', ( #497, #760 ) ) ;
#2039 = VECTOR ( 'NONE', #2997, 1000.000000000000000 ) ;
#2040 = AXIS2_PLACEMENT_3D ( 'NONE', #1684, #1215, #2972 ) ;
#2041 = AXIS2_PLACEMENT_3D ( 'NONE', #2124, #1659, #1594 ) ;
#2042 = CARTESIAN_POINT ( 'NONE',  ( 0.000000000000000000, -38.85923928877879518, -9.000000000000000000 ) ) ;
#2043 = ORIENTED_EDGE ( 'NONE', *, *, #2373, .F. ) ;
#2044 = CARTESIAN_POINT ( 'NONE',  ( 40.11927518487747335, 15.15000098341173462, -11.00000000000000000 ) ) ;
#2045 = DIRECTION ( 'NONE',  ( 0.000000000000000000, 0.000000000000000000, -1.000000000000000000 ) ) ;
#2046 = CARTESIAN_POINT ( 'NONE',  ( -42.00000000000000711, 42.00000000000000000, -14.00000000000001243 ) ) ;
#2047 = ORIENTED_EDGE ( 'NONE', *, *, #957, .T. ) ;
#2048 = CARTESIAN_POINT ( 'NONE',  ( 17.25000000000000000, -15.50000000000000000, -11.00000000000000000 ) ) ;
#2049 = CARTESIAN_POINT ( 'NONE',  ( 2.500000000000000000, -21.50000000000000000, -6.500000000000060396 ) ) ;
#2050 = VERTEX_POINT ( 'NONE', #1547 ) ;
#2051 = EDGE_LOOP ( 'NONE', ( #540, #2406 ) ) ;
#2052 = EDGE_CURVE ( 'NONE', #2575, #2532, #245, .T. ) ;
#2053 = UNCERTAINTY_MEASURE_WITH_UNIT (LENGTH_MEASURE( 1.000000000000000082E-05 ), #1012, 'distance_accuracy_value', 'NONE');
#2054 = EDGE_CURVE ( 'NONE', #646, #113, #1043, .T. ) ;
#2055 = CARTESIAN_POINT ( 'NONE',  ( 30.93179010336537260, 15.15000239939967486, -11.00000000000000000 ) ) ;
#2056 = ORIENTED_EDGE ( 'NONE', *, *, #164, .F. ) ;
#2057 = FACE_OUTER_BOUND ( 'NONE', #26, .T. ) ;
#2058 = LINE ( 'NONE', #2311, #1016 ) ;
#2059 = CARTESIAN_POINT ( 'NONE',  ( -18.03441053874294653, -9.299990131548790728, -11.00000000000000000 ) ) ;
#2060 = ORIENTED_EDGE ( 'NONE', *, *, #867, .T. ) ;
#2061 = CIRCLE ( 'NONE', #1078, 0.9999999999999870104 ) ;
#2062 = ADVANCED_FACE ( 'NONE', ( #2036 ), #795, .F. ) ;
#2063 = CARTESIAN_POINT ( 'NONE',  ( 41.99999999999999289, 42.00000000000000000, -9.000000000000000000 ) ) ;
#2064 = DIRECTION ( 'NONE',  ( 0.000000000000000000, 0.000000000000000000, -1.000000000000000000 ) ) ;
#2065 = ORIENTED_EDGE ( 'NONE', *, *, #2177, .F. ) ;
#2066 = AXIS2_PLACEMENT_3D ( 'NONE', #3070, #1620, #662 ) ;
#2067 = EDGE_CURVE ( 'NONE', #813, #1541, #2870, .T. ) ;
#2068 = CYLINDRICAL_SURFACE ( 'NONE', #2066, 4.999999999999997335 ) ;
#2069 = ORIENTED_EDGE ( 'NONE', *, *, #1212, .T. ) ;
#2070 = CIRCLE ( 'NONE', #1083, 2.000000000001056488 ) ;
#2071 = APPLICATION_CONTEXT ( 'automotive_design' ) ;
#2072 = EDGE_CURVE ( 'NONE', #681, #2640, #123, .T. ) ;
#2073 = ORIENTED_EDGE ( 'NONE', *, *, #3229, .F. ) ;
#2074 = CARTESIAN_POINT ( 'NONE',  ( -25.00000000000141398, -25.00000000000000000, -9.000000000000000000 ) ) ;
#2075 = DIRECTION ( 'NONE',  ( 1.000000000000000000, 0.000000000000000000, 0.000000000000000000 ) ) ;
#2076 = DIRECTION ( 'NONE',  ( -1.000000000000000000, 0.000000000000000000, 0.000000000000000000 ) ) ;
#2077 = ORIENTED_EDGE ( 'NONE', *, *, #3115, .F. ) ;
#2078 = AXIS2_PLACEMENT_3D ( 'NONE', #1874, #359, #1386 ) ;
#2079 = DIRECTION ( 'NONE',  ( 0.000000000000000000, 0.000000000000000000, 1.000000000000000000 ) ) ;
#2080 = CARTESIAN_POINT ( 'NONE',  ( 46.99999999999999289, -42.00000000000000711, -9.000000000000000000 ) ) ;
#2081 = ORIENTED_EDGE ( 'NONE', *, *, #70, .T. ) ;
#2082 = ORIENTED_EDGE ( 'NONE', *, *, #1637, .F. ) ;
#2083 = VECTOR ( 'NONE', #2731, 1000.000000000000000 ) ;
#2084 = CARTESIAN_POINT ( 'NONE',  ( 20.50000000000001066, -4.841881138603709386E-15, -8.000000000000000000 ) ) ;
#2085 = CARTESIAN_POINT ( 'NONE',  ( 15.50000000000000000, 15.50000000000000000, -4.000000000000000000 ) ) ;
#2086 = EDGE_LOOP ( 'NONE', ( #1359, #1950, #1593, #2945 ) ) ;
#2087 = AXIS2_PLACEMENT_3D ( 'NONE', #2213, #450, #1517 ) ;
#2088 = CARTESIAN_POINT ( 'NONE',  ( -13.73036216090287809, 20.48945452524638355, -11.00000000000000000 ) ) ;
#2089 = CIRCLE ( 'NONE', #260, 1.000000000000043743 ) ;
#2090 = EDGE_CURVE ( 'NONE', #397, #2441, #1384, .T. ) ;
#2091 = VECTOR ( 'NONE', #2551, 1000.000000000000000 ) ;
#2092 = ORIENTED_EDGE ( 'NONE', *, *, #379, .T. ) ;
#2093 = CARTESIAN_POINT ( 'NONE',  ( -13.75000000000000000, 15.50000000000000000, -4.000000000000000000 ) ) ;
#2094 = DIRECTION ( 'NONE',  ( -0.000000000000000000, -0.000000000000000000, -1.000000000000000000 ) ) ;
#2095 = DIRECTION ( 'NONE',  ( -0.000000000000000000, -0.000000000000000000, 1.000000000000000000 ) ) ;
#2096 = EDGE_CURVE ( 'NONE', #3018, #2290, #1000, .T. ) ;
#2097 = ORIENTED_EDGE ( 'NONE', *, *, #318, .F. ) ;
#2098 = DIRECTION ( 'NONE',  ( -0.000000000000000000, 1.000000000000000000, 0.000000000000000000 ) ) ;
#2099 = DIRECTION ( 'NONE',  ( 0.000000000000000000, 0.000000000000000000, -1.000000000000000000 ) ) ;
#2100 = ORIENTED_EDGE ( 'NONE', *, *, #1799, .F. ) ;
#2101 = ORIENTED_EDGE ( 'NONE', *, *, #550, .F. ) ;
#2102 = CARTESIAN_POINT ( 'NONE',  ( 19.53621395469414068, -18.78042947105259586, -11.00000000000000000 ) ) ;
#2103 = FACE_BOUND ( 'NONE', #1852, .T. ) ;
#2104 = ORIENTED_EDGE ( 'NONE', *, *, #2976, .T. ) ;
#2105 = EDGE_LOOP ( 'NONE', ( #1169, #419 ) ) ;
#2106 = AXIS2_PLACEMENT_3D ( 'NONE', #2005, #2790, #259 ) ;
#2107 = EDGE_CURVE ( 'NONE', #345, #3256, #1127, .T. ) ;
#2108 = CARTESIAN_POINT ( 'NONE',  ( -2.499999999999999112, 21.50000000000000000, 0.000000000000000000 ) ) ;
#2109 = CARTESIAN_POINT ( 'NONE',  ( 13.75000000000000000, -15.50000000000000000, 0.000000000000000000 ) ) ;
#2110 = DIRECTION ( 'NONE',  ( 0.000000000000000000, 0.000000000000000000, -1.000000000000000000 ) ) ;
#2111 = VERTEX_POINT ( 'NONE', #2328 ) ;
#2112 = EDGE_CURVE ( 'NONE', #2663, #374, #1214, .T. ) ;
#2113 = DIRECTION ( 'NONE',  ( -1.000000000000000000, 0.000000000000000000, 0.000000000000000000 ) ) ;
#2114 = CARTESIAN_POINT ( 'NONE',  ( 15.50000483472556034, 15.50000470008288644, -14.00000000000000000 ) ) ;
#2115 = ORIENTED_EDGE ( 'NONE', *, *, #916, .F. ) ;
#2116 = CIRCLE ( 'NONE', #2228, 1.000000000000043743 ) ;
#2117 = FACE_OUTER_BOUND ( 'NONE', #782, .T. ) ;
#2118 = DIRECTION ( 'NONE',  ( 1.000000000000000000, 0.000000000000000000, 0.000000000000000000 ) ) ;
#2119 = ORIENTED_EDGE ( 'NONE', *, *, #1135, .T. ) ;
#2120 = AXIS2_PLACEMENT_3D ( 'NONE', #895, #1130, #1387 ) ;
#2121 = AXIS2_PLACEMENT_3D ( 'NONE', #3162, #1131, #664 ) ;
#2122 = CARTESIAN_POINT ( 'NONE',  ( 0.000000000000000000, 0.000000000000000000, -86.78174593052023056 ) ) ;
#2123 = VERTEX_POINT ( 'NONE', #89 ) ;
#2124 = CARTESIAN_POINT ( 'NONE',  ( 15.50000000000000000, 15.50000000000000000, -4.000000000000000000 ) ) ;
#2125 = DIRECTION ( 'NONE',  ( -0.000000000000000000, -0.000000000000000000, -1.000000000000000000 ) ) ;
#2126 = DIRECTION ( 'NONE',  ( -1.000000000000000000, 0.000000000000000000, 0.000000000000000000 ) ) ;
#2127 = ORIENTED_EDGE ( 'NONE', *, *, #2149, .F. ) ;
#2128 = EDGE_CURVE ( 'NONE', #1687, #224, #869, .T. ) ;
#2129 = LINE ( 'NONE', #905, #2133 ) ;
#2130 = CARTESIAN_POINT ( 'NONE',  ( 22.99999999999847589, 24.99999999999858247, 6.000000000000000000 ) ) ;
#2131 = VERTEX_POINT ( 'NONE', #1647 ) ;
#2132 = ORIENTED_EDGE ( 'NONE', *, *, #1468, .T. ) ;
#2133 = VECTOR ( 'NONE', #3169, 1000.000000000000000 ) ;
#2134 = ORIENTED_EDGE ( 'NONE', *, *, #2224, .F. ) ;
#2135 = ADVANCED_FACE ( 'NONE', ( #2316 ), #1142, .T. ) ;
#2136 = CARTESIAN_POINT ( 'NONE',  ( -18.03440716348291417, 12.60000986845644633, -11.00000000000000000 ) ) ;
#2137 = AXIS2_PLACEMENT_3D ( 'NONE', #75, #1094, #1845 ) ;
#2138 = FACE_OUTER_BOUND ( 'NONE', #945, .T. ) ;
#2139 = ORIENTED_EDGE ( 'NONE', *, *, #2999, .T. ) ;
#2140 = AXIS2_PLACEMENT_3D ( 'NONE', #1334, #54, #1362 ) ;
#2141 = CARTESIAN_POINT ( 'NONE',  ( 41.99999999999996447, -47.00000000000000000, -9.000000000000000000 ) ) ;
#2142 = ORIENTED_EDGE ( 'NONE', *, *, #2896, .F. ) ;
#2143 = CARTESIAN_POINT ( 'NONE',  ( -18.03441053874294653, -9.299990131548790728, -11.00000000000000000 ) ) ;
#2144 = CARTESIAN_POINT ( 'NONE',  ( 20.50000000000001066, -4.841881138603709386E-15, -8.000000000000000000 ) ) ;
#2145 = LINE ( 'NONE', #903, #2407 ) ;
#2146 = ORIENTED_EDGE ( 'NONE', *, *, #2054, .T. ) ;
#2147 = DIRECTION ( 'NONE',  ( 3.304235192336777484E-16, -1.000000000000000000, 0.000000000000000000 ) ) ;
#2148 = CARTESIAN_POINT ( 'NONE',  ( 18.25000000000000000, 15.50000000000000000, 0.000000000000000000 ) ) ;
#2149 = EDGE_CURVE ( 'NONE', #580, #2702, #833, .T. ) ;
#2150 = ORIENTED_EDGE ( 'NONE', *, *, #314, .T. ) ;
#2151 = ORIENTED_EDGE ( 'NONE', *, *, #2054, .F. ) ;
#2152 = DIRECTION ( 'NONE',  ( -0.000000000000000000, 0.000000000000000000, -1.000000000000000000 ) ) ;
#2153 = DIRECTION ( 'NONE',  ( 1.000000000000000000, 0.000000000000000000, 0.000000000000000000 ) ) ;
#2154 = EDGE_CURVE ( 'NONE', #290, #2888, #886, .T. ) ;
#2155 = VERTEX_POINT ( 'NONE', #2080 ) ;
#2156 = DIRECTION ( 'NONE',  ( -0.000000000000000000, -0.000000000000000000, 1.000000000000000000 ) ) ;
#2157 = VECTOR ( 'NONE', #5, 1000.000000000000000 ) ;
#2158 = EDGE_CURVE ( 'NONE', #428, #1671, #1425, .T. ) ;
#2159 = ORIENTED_EDGE ( 'NONE', *, *, #1188, .F. ) ;
#2160 = CARTESIAN_POINT ( 'NONE',  ( 14.00000000000000000, 0.000000000000000000, -1.000000000000000888 ) ) ;
#2161 = DIRECTION ( 'NONE',  ( 1.000000000000000000, 0.000000000000000000, 0.000000000000000000 ) ) ;
#2162 = CARTESIAN_POINT ( 'NONE',  ( 8.005467014174450598E-16, 21.50000000000000000, -6.500000000000060396 ) ) ;
#2163 = ORIENTED_EDGE ( 'NONE', *, *, #1004, .T. ) ;
#2164 = DIRECTION ( 'NONE',  ( -0.000000000000000000, -0.000000000000000000, 1.000000000000000000 ) ) ;
#2165 = CARTESIAN_POINT ( 'NONE',  ( -40.99999999999999289, 40.99999999999999289, -14.00000000000001243 ) ) ;
#2166 = ORIENTED_EDGE ( 'NONE', *, *, #379, .F. ) ;
#2167 = EDGE_LOOP ( 'NONE', ( #427, #2073, #927, #3045 ) ) ;
#2168 = ORIENTED_EDGE ( 'NONE', *, *, #2067, .T. ) ;
#2169 = ADVANCED_FACE ( 'NONE', ( #72 ), #1074, .F. ) ;
#2170 = DIRECTION ( 'NONE',  ( 0.000000000000000000, 0.000000000000000000, 1.000000000000000000 ) ) ;
#2171 = CYLINDRICAL_SURFACE ( 'NONE', #1084, 2.749999999999999112 ) ;
#2172 = ORIENTED_EDGE ( 'NONE', *, *, #1490, .T. ) ;
#2173 = VECTOR ( 'NONE', #1504, 1000.000000000000000 ) ;
#2174 = EDGE_CURVE ( 'NONE', #1937, #1649, #2587, .T. ) ;
#2175 = AXIS2_PLACEMENT_3D ( 'NONE', #2240, #1466, #2680 ) ;
#2176 = ORIENTED_EDGE ( 'NONE', *, *, #1080, .T. ) ;
#2177 = EDGE_CURVE ( 'NONE', #1512, #2131, #1154, .T. ) ;
#2178 = CARTESIAN_POINT ( 'NONE',  ( 25.00000000000000711, 24.99999999999858247, 6.000000000000000000 ) ) ;
#2179 = DIRECTION ( 'NONE',  ( -1.000000000000000000, 0.000000000000000000, 0.000000000000000000 ) ) ;
#2180 = DIRECTION ( 'NONE',  ( 0.000000000000000000, 0.000000000000000000, 1.000000000000000000 ) ) ;
#2181 = EDGE_LOOP ( 'NONE', ( #351, #1165 ) ) ;
#2182 = DIRECTION ( 'NONE',  ( -0.000000000000000000, -0.000000000000000000, 1.000000000000000000 ) ) ;
#2183 = CARTESIAN_POINT ( 'NONE',  ( -18.07304899628997319, 9.300009868456568185, -14.00000000000000000 ) ) ;
#2184 = ORIENTED_EDGE ( 'NONE', *, *, #2457, .T. ) ;
#2185 = ORIENTED_EDGE ( 'NONE', *, *, #2158, .T. ) ;
#2186 = ORIENTED_EDGE ( 'NONE', *, *, #56, .F. ) ;
#2187 = VERTEX_POINT ( 'NONE', #2346 ) ;
#2188 = CARTESIAN_POINT ( 'NONE',  ( 21.50000000000000000, -4.841881138603709386E-15, -6.499999999999999112 ) ) ;
#2189 = DIRECTION ( 'NONE',  ( -0.000000000000000000, -0.000000000000000000, 1.000000000000000000 ) ) ;
#2190 = ORIENTED_EDGE ( 'NONE', *, *, #343, .F. ) ;
#2191 = AXIS2_PLACEMENT_3D ( 'NONE', #281, #1007, #2536 ) ;
#2192 = AXIS2_PLACEMENT_3D ( 'NONE', #2188, #483, #2211 ) ;
#2193 = VERTEX_POINT ( 'NONE', #855 ) ;
#2194 = ORIENTED_EDGE ( 'NONE', *, *, #938, .F. ) ;
#2195 = ADVANCED_FACE ( 'NONE', ( #606 ), #2574, .F. ) ;
#2196 = CIRCLE ( 'NONE', #570, 2.000000000000005329 ) ;
#2197 = VERTEX_POINT ( 'NONE', #106 ) ;
#2198 = CIRCLE ( 'NONE', #2665, 27.00000000000000000 ) ;
#2199 = FACE_BOUND ( 'NONE', #2486, .T. ) ;
#2200 = DIRECTION ( 'NONE',  ( 0.000000000000000000, 0.000000000000000000, -1.000000000000000000 ) ) ;
#2201 = EDGE_CURVE ( 'NONE', #2888, #1766, #3117, .T. ) ;
#2202 = FACE_OUTER_BOUND ( 'NONE', #2209, .T. ) ;
#2203 = ORIENTED_EDGE ( 'NONE', *, *, #3003, .T. ) ;
#2204 = CARTESIAN_POINT ( 'NONE',  ( -13.73035585563834360, -20.48944534209542212, -14.00000000000000000 ) ) ;
#2205 = CARTESIAN_POINT ( 'NONE',  ( -27.00000000000000000, 3.306546357697853733E-15, -8.999999999999994671 ) ) ;
#2206 = CIRCLE ( 'NONE', #2615, 2.000000000001056488 ) ;
#2207 = EDGE_CURVE ( 'NONE', #3195, #1924, #157, .T. ) ;
#2208 = FACE_OUTER_BOUND ( 'NONE', #2498, .T. ) ;
#2209 = EDGE_LOOP ( 'NONE', ( #1402, #870, #3108, #2056 ) ) ;
#2210 = ORIENTED_EDGE ( 'NONE', *, *, #383, .T. ) ;
#2211 = DIRECTION ( 'NONE',  ( -1.000000000000000000, 0.000000000000000000, 0.000000000000000000 ) ) ;
#2212 = CARTESIAN_POINT ( 'NONE',  ( 24.00000000000000000, -4.535719438816871516E-15, 6.000000000000000000 ) ) ;
#2213 = CARTESIAN_POINT ( 'NONE',  ( 15.50000000000000000, -15.50000000000000000, 6.000000000000000000 ) ) ;
#2214 = ADVANCED_FACE ( 'NONE', ( #1919, #1433, #1685, #3170, #1478, #2674 ), #1413, .T. ) ;
#2215 = FACE_BOUND ( 'NONE', #1237, .T. ) ;
#2216 = LINE ( 'NONE', #2489, #1082 ) ;
#2217 = FACE_OUTER_BOUND ( 'NONE', #2385, .T. ) ;
#2218 = ORIENTED_EDGE ( 'NONE', *, *, #429, .F. ) ;
#2219 = EDGE_CURVE ( 'NONE', #1475, #428, #1974, .T. ) ;
#2220 = FACE_OUTER_BOUND ( 'NONE', #3125, .T. ) ;
#2221 = DIRECTION ( 'NONE',  ( -1.000000000000000000, 0.000000000000000000, -0.000000000000000000 ) ) ;
#2222 = CARTESIAN_POINT ( 'NONE',  ( -18.03440716348291417, 12.60000986845644633, -14.00000000000000000 ) ) ;
#2223 = EDGE_LOOP ( 'NONE', ( #1586, #2142 ) ) ;
#2224 = EDGE_CURVE ( 'NONE', #3036, #8, #2392, .T. ) ;
#2225 = DIRECTION ( 'NONE',  ( 1.000000000000000000, 0.000000000000000000, -0.000000000000000000 ) ) ;
#2226 = CARTESIAN_POINT ( 'NONE',  ( 8.005467014174450598E-16, 21.50000000000000000, 0.000000000000000000 ) ) ;
#2227 = DIRECTION ( 'NONE',  ( -1.000000000000000000, 0.000000000000000000, 0.000000000000000000 ) ) ;
#2228 = AXIS2_PLACEMENT_3D ( 'NONE', #1489, #236, #1079 ) ;
#2229 = DIRECTION ( 'NONE',  ( -1.000000000000000000, 0.000000000000000000, 0.000000000000000000 ) ) ;
#2230 = DIRECTION ( 'NONE',  ( 0.000000000000000000, 0.000000000000000000, -1.000000000000000000 ) ) ;
#2231 = CARTESIAN_POINT ( 'NONE',  ( 18.64870717236005859, -19.44817760338685630, -11.00000000000000000 ) ) ;
#2232 = VECTOR ( 'NONE', #126, 1000.000000000000000 ) ;
#2233 = EDGE_LOOP ( 'NONE', ( #1708, #1026, #161, #1758 ) ) ;
#2234 = CARTESIAN_POINT ( 'NONE',  ( 15.50000000000000000, 15.50000000000000000, 0.000000000000000000 ) ) ;
#2235 = DIRECTION ( 'NONE',  ( -1.000000000000000000, 0.000000000000000000, 0.000000000000000000 ) ) ;
#2236 = VERTEX_POINT ( 'NONE', #906 ) ;
#2237 = EDGE_CURVE ( 'NONE', #1777, #1419, #1197, .T. ) ;
#2238 = ORIENTED_EDGE ( 'NONE', *, *, #932, .F. ) ;
#2239 = DIRECTION ( 'NONE',  ( 1.000000000000000000, 0.000000000000000000, 0.000000000000000000 ) ) ;
#2240 = CARTESIAN_POINT ( 'NONE',  ( -21.50000000000000000, 2.147658180479529816E-15, 6.000000000000000000 ) ) ;
#2241 = DIRECTION ( 'NONE',  ( 1.000000000000000000, 0.000000000000000000, 0.000000000000000000 ) ) ;
#2242 = EDGE_CURVE ( 'NONE', #1475, #1103, #31, .T. ) ;
#2243 = AXIS2_PLACEMENT_3D ( 'NONE', #1180, #1383, #885 ) ;
#2244 = CIRCLE ( 'NONE', #3132, 16.10000000000000142 ) ;
#2245 = DIRECTION ( 'NONE',  ( 0.9999999999999880096, -1.541213905234362051E-07, 0.000000000000000000 ) ) ;
#2246 = DIRECTION ( 'NONE',  ( 0.000000000000000000, 0.000000000000000000, 1.000000000000000000 ) ) ;
#2247 = APPLICATION_CONTEXT ( 'automotive_design' ) ;
#2248 = VECTOR ( 'NONE', #393, 1000.000000000000000 ) ;
#2249 = CARTESIAN_POINT ( 'NONE',  ( -40.99999999999999289, 40.99999999999999289, -146.9360748630709566 ) ) ;
#2250 = EDGE_LOOP ( 'NONE', ( #2584, #866, #2837, #568 ) ) ;
#2251 = VECTOR ( 'NONE', #1398, 1000.000000000000000 ) ;
#2252 = CARTESIAN_POINT ( 'NONE',  ( 2.445839651036362166E-06, 7.088963616423346603E-06, -11.00000000000000000 ) ) ;
#2253 = LINE ( 'NONE', #3258, #2157 ) ;
#2254 = DIRECTION ( 'NONE',  ( 0.000000000000000000, 0.000000000000000000, 1.000000000000000000 ) ) ;
#2255 = AXIS2_PLACEMENT_3D ( 'NONE', #638, #1866, #852 ) ;
#2256 = ORIENTED_EDGE ( 'NONE', *, *, #2762, .F. ) ;
#2257 = VECTOR ( 'NONE', #920, 1000.000000000000000 ) ;
#2258 = DIRECTION ( 'NONE',  ( -1.000000000000000000, 0.000000000000000000, 0.000000000000000000 ) ) ;
#2259 = CARTESIAN_POINT ( 'NONE',  ( -41.99999999999994316, -47.00000000000000000, -146.9360748630709566 ) ) ;
#2260 = DIRECTION ( 'NONE',  ( 0.000000000000000000, 0.000000000000000000, 1.000000000000000000 ) ) ;
#2261 = CIRCLE ( 'NONE', #1580, 2.749999999999999112 ) ;
#2262 = EDGE_CURVE ( 'NONE', #327, #1943, #2927, .T. ) ;
#2263 = EDGE_CURVE ( 'NONE', #955, #672, #459, .T. ) ;
#2264 = CARTESIAN_POINT ( 'NONE',  ( -15.50000000000000000, 15.50000000000000000, -4.000000000000000000 ) ) ;
#2265 = DIRECTION ( 'NONE',  ( -1.000000000000000000, 0.000000000000000000, 0.000000000000000000 ) ) ;
#2266 = VERTEX_POINT ( 'NONE', #1902 ) ;
#2267 = CARTESIAN_POINT ( 'NONE',  ( -19.00000000000000000, 2.453819880266370053E-15, -6.499999999999999112 ) ) ;
#2268 = LINE ( 'NONE', #995, #2969 ) ;
#2269 = DIRECTION ( 'NONE',  ( -0.000000000000000000, -0.000000000000000000, 1.000000000000000000 ) ) ;
#2270 = ORIENTED_EDGE ( 'NONE', *, *, #2493, .T. ) ;
#2271 = FACE_OUTER_BOUND ( 'NONE', #186, .T. ) ;
#2272 = DIRECTION ( 'NONE',  ( 0.000000000000000000, 0.000000000000000000, -1.000000000000000000 ) ) ;
#2273 = DIRECTION ( 'NONE',  ( 0.000000000000000000, 0.000000000000000000, 1.000000000000000000 ) ) ;
#2274 = EDGE_CURVE ( 'NONE', #2566, #3157, #174, .T. ) ;
#2275 = ORIENTED_EDGE ( 'NONE', *, *, #629, .F. ) ;
#2276 = EDGE_CURVE ( 'NONE', #73, #177, #941, .T. ) ;
#2277 = CYLINDRICAL_SURFACE ( 'NONE', #1206, 2.000000000001056488 ) ;
#2278 = DIRECTION ( 'NONE',  ( -0.000000000000000000, -0.000000000000000000, -1.000000000000000000 ) ) ;
#2279 = EDGE_CURVE ( 'NONE', #2852, #327, #2942, .T. ) ;
#2280 = AXIS2_PLACEMENT_3D ( 'NONE', #3079, #1850, #836 ) ;
#2281 = EDGE_LOOP ( 'NONE', ( #3242, #1668 ) ) ;
#2282 = CARTESIAN_POINT ( 'NONE',  ( -21.50000000000000000, 2.147658180479529816E-15, 6.000000000000000000 ) ) ;
#2283 = CARTESIAN_POINT ( 'NONE',  ( 30.93179010336537260, 15.15000239939967486, -11.00000000000000000 ) ) ;
#2284 = CIRCLE ( 'NONE', #280, 19.70000000000034035 ) ;
#2285 = DIRECTION ( 'NONE',  ( 0.000000000000000000, 0.000000000000000000, -1.000000000000000000 ) ) ;
#2286 = ORIENTED_EDGE ( 'NONE', *, *, #2174, .T. ) ;
#2287 = ORIENTED_EDGE ( 'NONE', *, *, #1065, .T. ) ;
#2288 = CARTESIAN_POINT ( 'NONE',  ( 43.09999999999997300, -40.99999999999995026, -9.000000000000000000 ) ) ;
#2289 = DIRECTION ( 'NONE',  ( -1.000000000000000000, 0.000000000000000000, 0.000000000000000000 ) ) ;
#2290 = VERTEX_POINT ( 'NONE', #2466 ) ;
#2291 = ORIENTED_EDGE ( 'NONE', *, *, #1203, .T. ) ;
#2292 = FACE_OUTER_BOUND ( 'NONE', #822, .T. ) ;
#2293 = AXIS2_PLACEMENT_3D ( 'NONE', #823, #2794, #2530 ) ;
#2294 = ORIENTED_EDGE ( 'NONE', *, *, #434, .T. ) ;
#2295 = AXIS2_PLACEMENT_3D ( 'NONE', #2377, #407, #2586 ) ;
#2296 = EDGE_CURVE ( 'NONE', #681, #3163, #2638, .T. ) ;
#2297 = PLANE ( 'NONE',  #2671 ) ;
#2298 = DIRECTION ( 'NONE',  ( -0.000000000000000000, -0.000000000000000000, 1.000000000000000000 ) ) ;
#2299 = AXIS2_PLACEMENT_3D ( 'NONE', #728, #2923, #2689 ) ;
#2300 = ORIENTED_EDGE ( 'NONE', *, *, #2096, .T. ) ;
#2301 = PLANE ( 'NONE',  #341 ) ;
#2302 = CARTESIAN_POINT ( 'NONE',  ( -24.99999999999999645, 25.00000000000000000, -14.00000000000000000 ) ) ;
#2303 = CIRCLE ( 'NONE', #2559, 1.000000000000043743 ) ;
#2304 = ORIENTED_EDGE ( 'NONE', *, *, #1739, .F. ) ;
#2305 = EDGE_LOOP ( 'NONE', ( #2797, #2383 ) ) ;
#2306 = AXIS2_PLACEMENT_3D ( 'NONE', #439, #1744, #3254 ) ;
#2307 = VECTOR ( 'NONE', #2803, 1000.000000000000114 ) ;
#2308 = DIRECTION ( 'NONE',  ( 0.000000000000000000, 0.000000000000000000, -1.000000000000000000 ) ) ;
#2309 = ORIENTED_EDGE ( 'NONE', *, *, #739, .T. ) ;
#2310 = CARTESIAN_POINT ( 'NONE',  ( 12.75000000000000178, -15.50000000000000000, 6.000000000000000000 ) ) ;
#2311 = CARTESIAN_POINT ( 'NONE',  ( 19.53621395469414068, -18.78042947105259586, -14.00000000000000000 ) ) ;
#2312 = CARTESIAN_POINT ( 'NONE',  ( -47.00000000000000711, 41.99999999999996447, -146.9360748630709566 ) ) ;
#2313 = ORIENTED_EDGE ( 'NONE', *, *, #2158, .F. ) ;
#2314 = ADVANCED_FACE ( 'NONE', ( #1666 ), #677, .F. ) ;
#2315 = CARTESIAN_POINT ( 'NONE',  ( 12.75000000000000178, 15.50000000000000000, 6.000000000000000000 ) ) ;
#2316 = FACE_OUTER_BOUND ( 'NONE', #1422, .T. ) ;
#2317 = ORIENTED_EDGE ( 'NONE', *, *, #1403, .T. ) ;
#2318 = EDGE_CURVE ( 'NONE', #300, #1085, #1235, .T. ) ;
#2319 = DIRECTION ( 'NONE',  ( -1.000000000000000000, 0.000000000000000000, 0.000000000000000000 ) ) ;
#2320 = VERTEX_POINT ( 'NONE', #2448 ) ;
#2321 = CARTESIAN_POINT ( 'NONE',  ( 8.005467014174450598E-16, 21.50000000000000000, -8.000000000000000000 ) ) ;
#2322 = DIRECTION ( 'NONE',  ( 0.000000000000000000, 0.000000000000000000, -1.000000000000000000 ) ) ;
#2323 = CARTESIAN_POINT ( 'NONE',  ( -20.73956860488019416, 14.49001028538149072, -11.00000000000000000 ) ) ;
#2324 = VECTOR ( 'NONE', #1952, 1000.000000000000114 ) ;
#2325 = ORIENTED_EDGE ( 'NONE', *, *, #896, .F. ) ;
#2326 = CIRCLE ( 'NONE', #3174, 2.749999999999999112 ) ;
#2327 = CARTESIAN_POINT ( 'NONE',  ( 25.00000000000000000, 0.000000000000000000, -1.000000000000000888 ) ) ;
#2328 = CARTESIAN_POINT ( 'NONE',  ( 13.75000000000000000, 15.50000000000000000, -4.000000000000000000 ) ) ;
#2329 = EDGE_CURVE ( 'NONE', #2640, #1217, #6, .T. ) ;
#2330 = ORIENTED_EDGE ( 'NONE', *, *, #1166, .F. ) ;
#2331 = VERTEX_POINT ( 'NONE', #2205 ) ;
#2332 = VECTOR ( 'NONE', #2156, 1000.000000000000000 ) ;
#2333 = CYLINDRICAL_SURFACE ( 'NONE', #2137, 1.749999999999999778 ) ;
#2334 = CARTESIAN_POINT ( 'NONE',  ( -21.50000000000000000, 2.147658180479529816E-15, -6.499999999999999112 ) ) ;
#2335 = EDGE_CURVE ( 'NONE', #3261, #2290, #658, .T. ) ;
#2336 = ORIENTED_EDGE ( 'NONE', *, *, #96, .T. ) ;
#2337 = LINE ( 'NONE', #2628, #2332 ) ;
#2338 = EDGE_LOOP ( 'NONE', ( #1481, #802, #2630, #2925 ) ) ;
#2339 = FACE_OUTER_BOUND ( 'NONE', #1337, .T. ) ;
#2340 = CARTESIAN_POINT ( 'NONE',  ( 15.50000000000000000, 15.50000000000000000, -11.00000000000000000 ) ) ;
#2341 = AXIS2_PLACEMENT_3D ( 'NONE', #808, #1073, #3024 ) ;
#2342 = CARTESIAN_POINT ( 'NONE',  ( 19.03222355961980128, 19.14999460016138855, -11.00000000000000000 ) ) ;
#2343 = ORIENTED_EDGE ( 'NONE', *, *, #2412, .T. ) ;
#2344 = CIRCLE ( 'NONE', #2601, 1.749999999999999778 ) ;
#2345 = CARTESIAN_POINT ( 'NONE',  ( 14.72036248155785287, 20.48945935977794974, -14.00000000000000000 ) ) ;
#2346 = CARTESIAN_POINT ( 'NONE',  ( -27.00000000000106226, -25.00000000000000000, -9.000000000000000000 ) ) ;
#2347 = VERTEX_POINT ( 'NONE', #1446 ) ;
#2348 = VECTOR ( 'NONE', #3155, 1000.000000000000114 ) ;
#2349 = ORIENTED_EDGE ( 'NONE', *, *, #343, .T. ) ;
#2350 = ADVANCED_FACE ( 'NONE', ( #2415 ), #3238, .F. ) ;
#2351 = LINE ( 'NONE', #1115, #2248 ) ;
#2352 = DIRECTION ( 'NONE',  ( 0.000000000000000000, 0.000000000000000000, 1.000000000000000000 ) ) ;
#2353 = ADVANCED_FACE ( 'NONE', ( #3047 ), #2533, .F. ) ;
#2354 = CARTESIAN_POINT ( 'NONE',  ( 2.499999999999996447, -21.50000000000000000, -6.500000000000060396 ) ) ;
#2355 = CIRCLE ( 'NONE', #95, 3.300000000000453682 ) ;
#2356 = ORIENTED_EDGE ( 'NONE', *, *, #770, .T. ) ;
#2357 = CARTESIAN_POINT ( 'NONE',  ( 25.00000000000000711, 24.99999999999858247, -9.000000000000000000 ) ) ;
#2358 = DIRECTION ( 'NONE',  ( -1.000000000000000000, 0.000000000000000000, 0.000000000000000000 ) ) ;
#2359 = DIRECTION ( 'NONE',  ( -0.000000000000000000, -0.000000000000000000, -1.000000000000000000 ) ) ;
#2360 = ORIENTED_EDGE ( 'NONE', *, *, #739, .F. ) ;
#2361 = FACE_OUTER_BOUND ( 'NONE', #2677, .T. ) ;
#2362 = DIRECTION ( 'NONE',  ( 1.000000000000000000, 0.000000000000000000, 0.000000000000000000 ) ) ;
#2363 = ORIENTED_EDGE ( 'NONE', *, *, #17, .F. ) ;
#2364 = DIRECTION ( 'NONE',  ( -1.000000000000000000, 0.000000000000000000, 0.000000000000000000 ) ) ;
#2365 = CARTESIAN_POINT ( 'NONE',  ( -22.49999999999998579, 2.147658180479529816E-15, -8.000000000000000000 ) ) ;
#2366 = EDGE_LOOP ( 'NONE', ( #1896, #1750, #159, #1797 ) ) ;
#2367 = CYLINDRICAL_SURFACE ( 'NONE', #2121, 2.099999999999997868 ) ;
#2368 = ADVANCED_FACE ( 'NONE', ( #1748 ), #746, .F. ) ;
#2369 = MANIFOLD_SOLID_BREP ( 'Cut-Extrude9', #1732 ) ;
#2370 = EDGE_LOOP ( 'NONE', ( #3173, #1977 ) ) ;
#2371 = CARTESIAN_POINT ( 'NONE',  ( 27.00000000000154188, 24.99999999999858247, -9.000000000000000000 ) ) ;
#2372 = CARTESIAN_POINT ( 'NONE',  ( -15.78991620704324816, 19.76787164068992197, -11.00000000000000000 ) ) ;
#2373 = EDGE_CURVE ( 'NONE', #2563, #3185, #1661, .T. ) ;
#2374 = CARTESIAN_POINT ( 'NONE',  ( 22.99999999999847589, 24.99999999999858247, -9.000000000000000000 ) ) ;
#2375 = ORIENTED_EDGE ( 'NONE', *, *, #225, .T. ) ;
#2376 = ORIENTED_EDGE ( 'NONE', *, *, #2274, .T. ) ;
#2377 = CARTESIAN_POINT ( 'NONE',  ( -15.50000000000000000, -15.50000000000000000, -11.00000000000000000 ) ) ;
#2378 = CARTESIAN_POINT ( 'NONE',  ( -40.99999999999997868, -40.99999999999996447, -14.00000000000001243 ) ) ;
#2379 = ORIENTED_EDGE ( 'NONE', *, *, #982, .T. ) ;
#2380 = ORIENTED_EDGE ( 'NONE', *, *, #2572, .T. ) ;
#2381 = PLANE ( 'NONE',  #3075 ) ;
#2382 = CARTESIAN_POINT ( 'NONE',  ( 12.75000000000000178, 15.50000000000000000, 0.000000000000000000 ) ) ;
#2383 = ORIENTED_EDGE ( 'NONE', *, *, #1060, .T. ) ;
#2384 = CIRCLE ( 'NONE', #2585, 1.749999999999999778 ) ;
#2385 = EDGE_LOOP ( 'NONE', ( #99, #714, #2478, #1077 ) ) ;
#2386 = FACE_OUTER_BOUND ( 'NONE', #2756, .T. ) ;
#2387 = LINE ( 'NONE', #1934, #3113 ) ;
#2388 = CARTESIAN_POINT ( 'NONE',  ( -42.00000000000000711, 42.00000000000000000, -9.000000000000000000 ) ) ;
#2389 = ORIENTED_EDGE ( 'NONE', *, *, #367, .T. ) ;
#2390 = EDGE_CURVE ( 'NONE', #534, #32, #1915, .T. ) ;
#2391 = DIRECTION ( 'NONE',  ( -0.000000000000000000, -0.000000000000000000, -1.000000000000000000 ) ) ;
#2392 = LINE ( 'NONE', #2429, #1046 ) ;
#2393 = ORIENTED_EDGE ( 'NONE', *, *, #2242, .F. ) ;
#2394 = ORIENTED_EDGE ( 'NONE', *, *, #21, .T. ) ;
#2395 = CIRCLE ( 'NONE', #1150, 1.749999999999999778 ) ;
#2396 = ORIENTED_EDGE ( 'NONE', *, *, #2798, .F. ) ;
#2397 = ORIENTED_EDGE ( 'NONE', *, *, #2785, .T. ) ;
#2398 = EDGE_CURVE ( 'NONE', #436, #1220, #3020, .T. ) ;
#2399 = DIRECTION ( 'NONE',  ( 0.000000000000000000, 0.000000000000000000, -1.000000000000000000 ) ) ;
#2400 = CIRCLE ( 'NONE', #80, 2.749999999999999112 ) ;
#2401 = DIRECTION ( 'NONE',  ( -1.000000000000000000, 0.000000000000000000, 0.000000000000000000 ) ) ;
#2402 = VECTOR ( 'NONE', #2856, 1000.000000000000000 ) ;
#2403 = LINE ( 'NONE', #2354, #2965 ) ;
#2404 = CIRCLE ( 'NONE', #2255, 1.999999999999647837 ) ;
#2405 = ORIENTED_EDGE ( 'NONE', *, *, #629, .T. ) ;
#2406 = ORIENTED_EDGE ( 'NONE', *, *, #1004, .F. ) ;
#2407 = VECTOR ( 'NONE', #1680, 1000.000000000000000 ) ;
#2408 = CARTESIAN_POINT ( 'NONE',  ( 19.53621395469421529, -18.78042947105270599, -14.00000000000000000 ) ) ;
#2409 = CARTESIAN_POINT ( 'NONE',  ( 15.50000000000000000, 15.50000000000000000, -4.000000000000000000 ) ) ;
#2410 = DIRECTION ( 'NONE',  ( -1.000000000000000000, 0.000000000000000000, 0.000000000000000000 ) ) ;
#2411 = AXIS2_PLACEMENT_3D ( 'NONE', #2321, #1298, #1803 ) ;
#2412 = EDGE_CURVE ( 'NONE', #2702, #1363, #2268, .T. ) ;
#2413 = EDGE_LOOP ( 'NONE', ( #2765, #2304 ) ) ;
#2414 = CYLINDRICAL_SURFACE ( 'NONE', #937, 3.299999999999966072 ) ;
#2415 = FACE_OUTER_BOUND ( 'NONE', #2879, .T. ) ;
#2416 = ORIENTED_EDGE ( 'NONE', *, *, #2072, .F. ) ;
#2417 = EDGE_CURVE ( 'NONE', #2549, #1245, #2070, .T. ) ;
#2418 = ORIENTED_EDGE ( 'NONE', *, *, #1313, .F. ) ;
#2419 = DIRECTION ( 'NONE',  ( -0.000000000000000000, -0.000000000000000000, 1.000000000000000000 ) ) ;
#2420 = LINE ( 'NONE', #3244, #3014 ) ;
#2421 = ORIENTED_EDGE ( 'NONE', *, *, #358, .F. ) ;
#2422 = EDGE_CURVE ( 'NONE', #2111, #1608, #2253, .T. ) ;
#2423 = ORIENTED_EDGE ( 'NONE', *, *, #2958, .F. ) ;
#2424 = FACE_BOUND ( 'NONE', #1034, .T. ) ;
#2425 = CARTESIAN_POINT ( 'NONE',  ( -18.07304899628997319, 9.300009868456568185, -11.00000000000000000 ) ) ;
#2426 = DIRECTION ( 'NONE',  ( -1.000000000000000000, 0.000000000000000000, 0.000000000000000000 ) ) ;
#2427 = EDGE_LOOP ( 'NONE', ( #2867, #2380, #1658, #1311 ) ) ;
#2428 = CARTESIAN_POINT ( 'NONE',  ( 2.500000000000000888, 21.50000000000000000, -6.500000000000060396 ) ) ;
#2429 = CARTESIAN_POINT ( 'NONE',  ( 41.99999999999997158, 47.00000000000000000, -9.000000000000000000 ) ) ;
#2430 = VERTEX_POINT ( 'NONE', #1037 ) ;
#2431 = EDGE_LOOP ( 'NONE', ( #934, #1522, #607, #1364 ) ) ;
#2432 = ADVANCED_FACE ( 'NONE', ( #3006 ), #2729, .F. ) ;
#2433 = CARTESIAN_POINT ( 'NONE',  ( 14.72035621488861779, -20.48944972696011746, -14.00000000000000000 ) ) ;
#2434 = CARTESIAN_POINT ( 'NONE',  ( 15.50000000000000000, 15.50000000000000000, 0.000000000000000000 ) ) ;
#2435 = ORIENTED_EDGE ( 'NONE', *, *, #2811, .F. ) ;
#2436 = VECTOR ( 'NONE', #2246, 1000.000000000000000 ) ;
#2437 = ADVANCED_FACE ( 'NONE', ( #772 ), #3033, .F. ) ;
#2438 = AXIS2_PLACEMENT_3D ( 'NONE', #1860, #2610, #1418 ) ;
#2439 = EDGE_LOOP ( 'NONE', ( #1047, #1890, #3188, #430 ) ) ;
#2440 = CIRCLE ( 'NONE', #330, 19.70000000000164775 ) ;
#2441 = VERTEX_POINT ( 'NONE', #509 ) ;
#2442 = EDGE_CURVE ( 'NONE', #672, #290, #2773, .T. ) ;
#2443 = PLANE ( 'NONE',  #1787 ) ;
#2444 = FACE_BOUND ( 'NONE', #2223, .T. ) ;
#2445 = LINE ( 'NONE', #1211, #1681 ) ;
#2446 = EDGE_LOOP ( 'NONE', ( #2451, #2150, #983, #502 ) ) ;
#2447 = LINE ( 'NONE', #2428, #1326 ) ;
#2448 = CARTESIAN_POINT ( 'NONE',  ( 38.89999999999999147, -40.99999999999995026, -14.00000000000001243 ) ) ;
#2449 = FACE_OUTER_BOUND ( 'NONE', #1664, .T. ) ;
#2450 = VERTEX_POINT ( 'NONE', #1568 ) ;
#2451 = ORIENTED_EDGE ( 'NONE', *, *, #98, .F. ) ;
#2452 = CARTESIAN_POINT ( 'NONE',  ( -13.73035534703823224, -17.18944534209500929, -11.00000000000000000 ) ) ;
#2453 = DIRECTION ( 'NONE',  ( -0.000000000000000000, -0.000000000000000000, -1.000000000000000000 ) ) ;
#2454 = DIRECTION ( 'NONE',  ( 1.000000000000000000, 0.000000000000000000, 0.000000000000000000 ) ) ;
#2455 = VECTOR ( 'NONE', #1579, 1000.000000000000000 ) ;
#2456 = EDGE_CURVE ( 'NONE', #2777, #531, #2983, .T. ) ;
#2457 = EDGE_CURVE ( 'NONE', #1381, #1031, #311, .T. ) ;
#2458 = AXIS2_PLACEMENT_3D ( 'NONE', #3062, #2269, #821 ) ;
#2459 = ORIENTED_EDGE ( 'NONE', *, *, #2174, .F. ) ;
#2460 = CYLINDRICAL_SURFACE ( 'NONE', #2520, 19.70000000000046114 ) ;
#2461 = LINE ( 'NONE', #1898, #1249 ) ;
#2462 = FACE_OUTER_BOUND ( 'NONE', #3090, .T. ) ;
#2463 = EDGE_CURVE ( 'NONE', #1353, #2672, #620, .T. ) ;
#2464 = ORIENTED_EDGE ( 'NONE', *, *, #792, .F. ) ;
#2465 = LINE ( 'NONE', #3208, #206 ) ;
#2466 = CARTESIAN_POINT ( 'NONE',  ( 18.25000000000000000, -15.50000000000000000, -4.000000000000000000 ) ) ;
#2467 = CONICAL_SURFACE ( 'NONE', #2411, 1.000000000000043743, 0.7853981633974538301 ) ;
#2468 = CARTESIAN_POINT ( 'NONE',  ( 40.99999999999997868, -40.99999999999995026, -14.00000000000001243 ) ) ;
#2469 = VERTEX_POINT ( 'NONE', #329 ) ;
#2470 = CIRCLE ( 'NONE', #1057, 0.9999999999999870104 ) ;
#2471 = CARTESIAN_POINT ( 'NONE',  ( -19.00000000000000000, 2.453819880266370053E-15, -6.499999999999999112 ) ) ;
#2472 = DIRECTION ( 'NONE',  ( 0.000000000000000000, 0.000000000000000000, -1.000000000000000000 ) ) ;
#2473 = DIRECTION ( 'NONE',  ( 1.000000000000000000, 0.000000000000000000, 0.000000000000000000 ) ) ;
#2474 = ADVANCED_FACE ( 'NONE', ( #1087 ), #2569, .F. ) ;
#2475 = CARTESIAN_POINT ( 'NONE',  ( 21.50000000000000000, -4.841881138603709386E-15, -8.000000000000000000 ) ) ;
#2476 = DIRECTION ( 'NONE',  ( 1.000000000000000000, 0.000000000000000000, 0.000000000000000000 ) ) ;
#2477 = DIRECTION ( 'NONE',  ( 0.000000000000000000, 0.000000000000000000, 1.000000000000000000 ) ) ;
#2478 = ORIENTED_EDGE ( 'NONE', *, *, #1998, .F. ) ;
#2479 = EDGE_CURVE ( 'NONE', #2605, #1836, #1339, .T. ) ;
#2480 = DIRECTION ( 'NONE',  ( 0.000000000000000000, 0.000000000000000000, -1.000000000000000000 ) ) ;
#2481 = DIRECTION ( 'NONE',  ( -1.000000000000000000, 0.000000000000000000, 0.000000000000000000 ) ) ;
#2482 = ORIENTED_EDGE ( 'NONE', *, *, #142, .F. ) ;
#2483 = CARTESIAN_POINT ( 'NONE',  ( -2.500000000000000000, 21.50000000000000000, -6.500000000000060396 ) ) ;
#2484 = CYLINDRICAL_SURFACE ( 'NONE', #1810, 3.299999999999594813 ) ;
#2485 = CYLINDRICAL_SURFACE ( 'NONE', #626, 27.00000000000000000 ) ;
#2486 = EDGE_LOOP ( 'NONE', ( #2588, #1887 ) ) ;
#2487 = CIRCLE ( 'NONE', #552, 27.00000000000000000 ) ;
#2488 = FACE_BOUND ( 'NONE', #87, .T. ) ;
#2489 = CARTESIAN_POINT ( 'NONE',  ( 19.53621974363378655, 19.14999460016138855, -14.00000000000000000 ) ) ;
#2490 = CARTESIAN_POINT ( 'NONE',  ( 30.93178245423287009, -34.84999767829638984, -11.00000000000000000 ) ) ;
#2491 = AXIS2_PLACEMENT_3D ( 'NONE', #718, #2749, #2500 ) ;
#2492 = VERTEX_POINT ( 'NONE', #64 ) ;
#2493 = EDGE_CURVE ( 'NONE', #2852, #2492, #3179, .T. ) ;
#2494 = FACE_OUTER_BOUND ( 'NONE', #1370, .T. ) ;
#2495 = LINE ( 'NONE', #2760, #2873 ) ;
#2496 = ORIENTED_EDGE ( 'NONE', *, *, #423, .T. ) ;
#2497 = EDGE_CURVE ( 'NONE', #1128, #2347, #2058, .T. ) ;
#2498 = EDGE_LOOP ( 'NONE', ( #1322, #1550 ) ) ;
#2499 = DIRECTION ( 'NONE',  ( 0.000000000000000000, 0.000000000000000000, -1.000000000000000000 ) ) ;
#2500 = DIRECTION ( 'NONE',  ( 1.000000000000000000, 0.000000000000000000, 0.000000000000000000 ) ) ;
#2501 = DIRECTION ( 'NONE',  ( 0.000000000000000000, 0.000000000000000000, 1.000000000000000000 ) ) ;
#2502 = CIRCLE ( 'NONE', #3027, 0.9999999999999870104 ) ;
#2503 = CIRCLE ( 'NONE', #730, 1.749999999999999778 ) ;
#2504 = CARTESIAN_POINT ( 'NONE',  ( -41.99999999999994316, -47.00000000000000000, -9.000000000000000000 ) ) ;
#2505 = DIRECTION ( 'NONE',  ( 1.000000000000000000, 0.000000000000000000, 0.000000000000000000 ) ) ;
#2506 = VECTOR ( 'NONE', #2709, 1000.000000000000000 ) ;
#2507 = CARTESIAN_POINT ( 'NONE',  ( -18.03441053874294653, -9.299990131548790728, -11.00000000000000000 ) ) ;
#2508 = ORIENTED_EDGE ( 'NONE', *, *, #2696, .T. ) ;
#2509 = AXIS2_PLACEMENT_3D ( 'NONE', #980, #2513, #1976 ) ;
#2510 = CARTESIAN_POINT ( 'NONE',  ( 17.25000000000000000, -15.50000000000000000, -4.000000000000000000 ) ) ;
#2511 = DIRECTION ( 'NONE',  ( -1.000000000000000000, 1.387778780781446464E-15, 0.000000000000000000 ) ) ;
#2512 = EDGE_CURVE ( 'NONE', #151, #1608, #1953, .T. ) ;
#2513 = DIRECTION ( 'NONE',  ( 0.000000000000000000, 0.000000000000000000, 1.000000000000000000 ) ) ;
#2514 = EDGE_LOOP ( 'NONE', ( #2895, #2349, #1296, #2294, #1204, #134, #3206, #1125, #391, #1692, #2959, #2933, #893, #2375, #2788, #2139, #2841, #2778, #2857, #1071, #3, #2542, #3181, #3133, #1120, #2545 ) ) ;
#2515 = AXIS2_PLACEMENT_3D ( 'NONE', #2764, #1534, #1289 ) ;
#2516 = CARTESIAN_POINT ( 'NONE',  ( -22.49999999999998579, 2.147658180479529816E-15, -8.000000000000000000 ) ) ;
#2517 = DIRECTION ( 'NONE',  ( -0.000000000000000000, -0.000000000000000000, -1.000000000000000000 ) ) ;
#2518 = EDGE_CURVE ( 'NONE', #1648, #2450, #2487, .T. ) ;
#2519 = CARTESIAN_POINT ( 'NONE',  ( 0.000000000000000000, 0.000000000000000000, -86.78174593052023056 ) ) ;
#2520 = AXIS2_PLACEMENT_3D ( 'NONE', #420, #1455, #2229 ) ;
#2521 = ADVANCED_FACE ( 'NONE', ( #1818 ), #2552, .F. ) ;
#2522 = ORIENTED_EDGE ( 'NONE', *, *, #1980, .T. ) ;
#2523 = FACE_OUTER_BOUND ( 'NONE', #198, .T. ) ;
#2524 = CARTESIAN_POINT ( 'NONE',  ( -12.75000000000000178, 15.50000000000000000, -4.000000000000000000 ) ) ;
#2525 = ORIENTED_EDGE ( 'NONE', *, *, #3245, .F. ) ;
#2526 = DIRECTION ( 'NONE',  ( -1.000000000000000000, 0.000000000000000000, 0.000000000000000000 ) ) ;
#2527 = DIRECTION ( 'NONE',  ( -0.000000000000000000, -0.000000000000000000, -1.000000000000000000 ) ) ;
#2528 = DIRECTION ( 'NONE',  ( 0.000000000000000000, 1.000000000000000000, 0.000000000000000000 ) ) ;
#2529 = ORIENTED_EDGE ( 'NONE', *, *, #1867, .F. ) ;
#2530 = DIRECTION ( 'NONE',  ( 1.000000000000000000, 0.000000000000000000, 0.000000000000000000 ) ) ;
#2531 = DIRECTION ( 'NONE',  ( -0.000000000000000000, -0.000000000000000000, -1.000000000000000000 ) ) ;
#2532 = VERTEX_POINT ( 'NONE', #1330 ) ;
#2533 = CONICAL_SURFACE ( 'NONE', #2106, 1.000000000000043743, 0.7853981633974538301 ) ;
#2534 = ORIENTED_EDGE ( 'NONE', *, *, #1549, .F. ) ;
#2535 = EDGE_CURVE ( 'NONE', #32, #1988, #2835, .T. ) ;
#2536 = DIRECTION ( 'NONE',  ( 1.000000000000000000, 0.000000000000000000, 0.000000000000000000 ) ) ;
#2537 = AXIS2_PLACEMENT_3D ( 'NONE', #600, #1393, #3111 ) ;
#2538 = ORIENTED_EDGE ( 'NONE', *, *, #1911, .T. ) ;
#2539 = CARTESIAN_POINT ( 'NONE',  ( 19.03222355961980128, 19.14999460016138855, -11.00000000000000000 ) ) ;
#2540 = CIRCLE ( 'NONE', #814, 1.750000000000001554 ) ;
#2541 = CYLINDRICAL_SURFACE ( 'NONE', #204, 1.750000000000001554 ) ;
#2542 = ORIENTED_EDGE ( 'NONE', *, *, #318, .T. ) ;
#2543 = DIRECTION ( 'NONE',  ( -1.000000000000000000, 0.000000000000000000, -0.000000000000000000 ) ) ;
#2544 = DIRECTION ( 'NONE',  ( 1.000000000000000000, 0.000000000000000000, 0.000000000000000000 ) ) ;
#2545 = ORIENTED_EDGE ( 'NONE', *, *, #1602, .T. ) ;
#2546 = ORIENTED_EDGE ( 'NONE', *, *, #2553, .F. ) ;
#2547 = DIRECTION ( 'NONE',  ( -0.000000000000000000, -0.000000000000000000, -1.000000000000000000 ) ) ;
#2548 = ADVANCED_FACE ( 'NONE', ( #48 ), #851, .F. ) ;
#2549 = VERTEX_POINT ( 'NONE', #101 ) ;
#2550 = AXIS2_PLACEMENT_3D ( 'NONE', #1669, #463, #717 ) ;
#2551 = DIRECTION ( 'NONE',  ( 1.000000000000000000, -4.489296139698584633E-14, 0.000000000000000000 ) ) ;
#2552 = CYLINDRICAL_SURFACE ( 'NONE', #2280, 2.499999999999998668 ) ;
#2553 = EDGE_CURVE ( 'NONE', #642, #2197, #1603, .T. ) ;
#2554 = LINE ( 'NONE', #1314, #1102 ) ;
#2555 = VECTOR ( 'NONE', #2499, 1000.000000000000000 ) ;
#2556 = EDGE_LOOP ( 'NONE', ( #1044, #765, #2100, #2020 ) ) ;
#2557 = CARTESIAN_POINT ( 'NONE',  ( -21.50000000000000000, 2.147658180479529816E-15, -8.000000000000000000 ) ) ;
#2558 = CARTESIAN_POINT ( 'NONE',  ( 0.000000000000000000, 0.000000000000000000, 6.000000000000000000 ) ) ;
#2559 = AXIS2_PLACEMENT_3D ( 'NONE', #3112, #2095, #2866 ) ;
#2560 = ORIENTED_EDGE ( 'NONE', *, *, #913, .F. ) ;
#2561 = AXIS2_PLACEMENT_3D ( 'NONE', #2249, #708, #1505 ) ;
#2562 = AXIS2_PLACEMENT_3D ( 'NONE', #2735, #763, #779 ) ;
#2563 = VERTEX_POINT ( 'NONE', #1629 ) ;
#2564 = EDGE_LOOP ( 'NONE', ( #2317, #2821, #699, #1993 ) ) ;
#2565 = FACE_OUTER_BOUND ( 'NONE', #238, .T. ) ;
#2566 = VERTEX_POINT ( 'NONE', #1107 ) ;
#2567 = EDGE_CURVE ( 'NONE', #1144, #362, #1610, .T. ) ;
#2568 = LINE ( 'NONE', #757, #2307 ) ;
#2569 = CYLINDRICAL_SURFACE ( 'NONE', #2915, 1.750000000000001554 ) ;
#2570 = CARTESIAN_POINT ( 'NONE',  ( 0.000000000000000000, 0.000000000000000000, -1.000000000000000000 ) ) ;
#2571 = ORIENTED_EDGE ( 'NONE', *, *, #309, .F. ) ;
#2572 = EDGE_CURVE ( 'NONE', #2777, #2193, #1865, .T. ) ;
#2573 = CARTESIAN_POINT ( 'NONE',  ( -18.03441104734529432, -12.59999013154871683, -11.00000000000000000 ) ) ;
#2574 = CYLINDRICAL_SURFACE ( 'NONE', #1372, 1.750000000000001554 ) ;
#2575 = VERTEX_POINT ( 'NONE', #2372 ) ;
#2576 = CYLINDRICAL_SURFACE ( 'NONE', #2078, 25.30000000000148930 ) ;
#2577 = FACE_OUTER_BOUND ( 'NONE', #2413, .T. ) ;
#2578 = DIRECTION ( 'NONE',  ( -0.000000000000000000, -0.000000000000000000, -1.000000000000000000 ) ) ;
#2579 = EDGE_LOOP ( 'NONE', ( #697, #3222 ) ) ;
#2580 = CYLINDRICAL_SURFACE ( 'NONE', #790, 2.749999999999999112 ) ;
#2581 = DIRECTION ( 'NONE',  ( 0.000000000000000000, 0.000000000000000000, -1.000000000000000000 ) ) ;
#2582 = DIRECTION ( 'NONE',  ( 1.000000000000000000, 0.000000000000000000, 0.000000000000000000 ) ) ;
#2583 = AXIS2_PLACEMENT_3D ( 'NONE', #268, #1540, #2505 ) ;
#2584 = ORIENTED_EDGE ( 'NONE', *, *, #1328, .F. ) ;
#2585 = AXIS2_PLACEMENT_3D ( 'NONE', #2642, #2843, #1639 ) ;
#2586 = DIRECTION ( 'NONE',  ( -1.000000000000000000, 0.000000000000000000, 0.000000000000000000 ) ) ;
#2587 = LINE ( 'NONE', #824, #2251 ) ;
#2588 = ORIENTED_EDGE ( 'NONE', *, *, #302, .F. ) ;
#2589 = VERTEX_POINT ( 'NONE', #804 ) ;
#2590 = EDGE_CURVE ( 'NONE', #577, #212, #116, .T. ) ;
#2591 = DIRECTION ( 'NONE',  ( -1.000000000000000000, 0.000000000000000000, 0.000000000000000000 ) ) ;
#2592 = CARTESIAN_POINT ( 'NONE',  ( 2.499999999999996447, -21.50000000000000000, 0.000000000000000000 ) ) ;
#2593 = ADVANCED_FACE ( 'NONE', ( #2804 ), #1643, .T. ) ;
#2594 = EDGE_LOOP ( 'NONE', ( #3064, #1912, #679, #725 ) ) ;
#2595 = ORIENTED_EDGE ( 'NONE', *, *, #1796, .T. ) ;
#2596 = CARTESIAN_POINT ( 'NONE',  ( -13.75000000000000000, -15.50000000000000000, -11.00000000000000000 ) ) ;
#2597 = DIRECTION ( 'NONE',  ( 0.000000000000000000, 0.000000000000000000, 1.000000000000000000 ) ) ;
#2598 = AXIS2_PLACEMENT_3D ( 'NONE', #2808, #24, #1042 ) ;
#2599 = DIRECTION ( 'NONE',  ( -1.000000000000000000, 0.000000000000000000, 0.000000000000000000 ) ) ;
#2600 = ORIENTED_EDGE ( 'NONE', *, *, #96, .F. ) ;
#2601 = AXIS2_PLACEMENT_3D ( 'NONE', #1946, #448, #3175 ) ;
#2602 = PRODUCT_DEFINITION ( 'UNKNOWN', '', #1715, #551 ) ;
#2603 = LINE ( 'NONE', #1599, #398 ) ;
#2604 = DIRECTION ( 'NONE',  ( 0.000000000000000000, 0.000000000000000000, -1.000000000000000000 ) ) ;
#2605 = VERTEX_POINT ( 'NONE', #3203 ) ;
#2606 = ORIENTED_EDGE ( 'NONE', *, *, #1962, .T. ) ;
#2607 = VECTOR ( 'NONE', #1635, 1000.000000000000000 ) ;
#2608 = ADVANCED_FACE ( 'NONE', ( #190 ), #2898, .F. ) ;
#2609 = FACE_OUTER_BOUND ( 'NONE', #2719, .T. ) ;
#2610 = DIRECTION ( 'NONE',  ( 0.000000000000000000, 0.000000000000000000, -1.000000000000000000 ) ) ;
#2611 = ORIENTED_EDGE ( 'NONE', *, *, #447, .F. ) ;
#2612 = AXIS2_PLACEMENT_3D ( 'NONE', #1712, #1970, #743 ) ;
#2613 = EDGE_CURVE ( 'NONE', #1733, #404, #1427, .T. ) ;
#2614 = LINE ( 'NONE', #3147, #864 ) ;
#2615 = AXIS2_PLACEMENT_3D ( 'NONE', #2649, #862, #1849 ) ;
#2616 = AXIS2_PLACEMENT_3D ( 'NONE', #2074, #599, #400 ) ;
#2617 = ORIENTED_EDGE ( 'NONE', *, *, #1228, .F. ) ;
#2618 = DIRECTION ( 'NONE',  ( 1.000000000000000000, 0.000000000000000000, 0.000000000000000000 ) ) ;
#2619 = CARTESIAN_POINT ( 'NONE',  ( -3.494769659541620390E-15, -21.50000000000000000, 6.000000000000000000 ) ) ;
#2620 = DIRECTION ( 'NONE',  ( 0.9999999999999855671, 1.699264825072140066E-07, 0.000000000000000000 ) ) ;
#2621 = EDGE_LOOP ( 'NONE', ( #165, #119, #2396, #3076 ) ) ;
#2622 = DIRECTION ( 'NONE',  ( 1.000000000000000000, 0.000000000000000000, 0.000000000000000000 ) ) ;
#2623 = DIRECTION ( 'NONE',  ( -0.9999999999999880096, 1.541213905234362051E-07, 0.000000000000000000 ) ) ;
#2624 = ORIENTED_EDGE ( 'NONE', *, *, #383, .F. ) ;
#2625 = CARTESIAN_POINT ( 'NONE',  ( 16.10000000000000142, 0.000000000000000000, -52.53767670841369863 ) ) ;
#2626 = DIRECTION ( 'NONE',  ( -1.000000000000000000, 0.000000000000000000, 0.000000000000000000 ) ) ;
#2627 = EDGE_CURVE ( 'NONE', #1924, #257, #1909, .T. ) ;
#2628 = CARTESIAN_POINT ( 'NONE',  ( 27.00000000000000000, 0.000000000000000000, -86.78174593052023056 ) ) ;
#2629 = EDGE_CURVE ( 'NONE', #639, #2532, #712, .T. ) ;
#2630 = ORIENTED_EDGE ( 'NONE', *, *, #2590, .F. ) ;
#2631 = CARTESIAN_POINT ( 'NONE',  ( -18.07304899628997319, 9.300009868456568185, -11.00000000000000000 ) ) ;
#2632 = FACE_OUTER_BOUND ( 'NONE', #1385, .T. ) ;
#2633 = DIRECTION ( 'NONE',  ( 0.000000000000000000, 0.000000000000000000, -1.000000000000000000 ) ) ;
#2634 = EDGE_CURVE ( 'NONE', #1220, #1085, #812, .T. ) ;
#2635 = AXIS2_PLACEMENT_3D ( 'NONE', #2030, #1774, #758 ) ;
#2636 = ORIENTED_EDGE ( 'NONE', *, *, #721, .F. ) ;
#2637 = DIRECTION ( 'NONE',  ( -1.000000000000000000, 0.000000000000000000, 0.000000000000000000 ) ) ;
#2638 = LINE ( 'NONE', #389, #1501 ) ;
#2639 = ORIENTED_EDGE ( 'NONE', *, *, #602, .T. ) ;
#2640 = VERTEX_POINT ( 'NONE', #880 ) ;
#2641 = CARTESIAN_POINT ( 'NONE',  ( 27.00000000000000000, 0.000000000000000000, -1.000000000000000000 ) ) ;
#2642 = CARTESIAN_POINT ( 'NONE',  ( -15.50000000000000000, -15.50000000000000000, -4.000000000000000000 ) ) ;
#2643 = ORIENTED_EDGE ( 'NONE', *, *, #1549, .T. ) ;
#2644 = AXIS2_PLACEMENT_3D ( 'NONE', #324, #1879, #1173 ) ;
#2645 = CARTESIAN_POINT ( 'NONE',  ( 18.25000000000000000, 15.50000000000000000, 6.000000000000000000 ) ) ;
#2646 = EDGE_CURVE ( 'NONE', #2050, #1497, #2461, .T. ) ;
#2647 = EDGE_LOOP ( 'NONE', ( #124, #769, #859, #793 ) ) ;
#2648 = EDGE_CURVE ( 'NONE', #2796, #3241, #2698, .T. ) ;
#2649 = CARTESIAN_POINT ( 'NONE',  ( 24.99999999999858602, -25.00000000000142109, -14.00000000000000000 ) ) ;
#2650 = FACE_BOUND ( 'NONE', #1436, .T. ) ;
#2651 = CARTESIAN_POINT ( 'NONE',  ( 0.000000000000000000, 0.000000000000000000, -1.000000000000000888 ) ) ;
#2652 = EDGE_LOOP ( 'NONE', ( #846, #1014, #1258, #3004 ) ) ;
#2653 = CIRCLE ( 'NONE', #2921, 5.049999999999698730 ) ;
#2654 = ADVANCED_FACE ( 'NONE', ( #3151, #3127, #2444, #1884, #2632, #959, #651, #382, #1209, #2650 ), #454, .T. ) ;
#2655 = FACE_OUTER_BOUND ( 'NONE', #3053, .T. ) ;
#2656 = CARTESIAN_POINT ( 'NONE',  ( 38.89999999999998437, 40.99999999999999289, -146.9360748630709566 ) ) ;
#2657 = ORIENTED_EDGE ( 'NONE', *, *, #3250, .T. ) ;
#2658 = AXIS2_PLACEMENT_3D ( 'NONE', #2136, #630, #2591 ) ;
#2659 = ORIENTED_EDGE ( 'NONE', *, *, #295, .F. ) ;
#2660 = EDGE_LOOP ( 'NONE', ( #908, #682, #1221, #1570 ) ) ;
#2661 = CARTESIAN_POINT ( 'NONE',  ( 14.72035621488861601, -20.48944972696011746, -14.00000000000000000 ) ) ;
#2662 = FACE_OUTER_BOUND ( 'NONE', #1917, .T. ) ;
#2663 = VERTEX_POINT ( 'NONE', #1408 ) ;
#2664 = AXIS2_PLACEMENT_3D ( 'NONE', #2452, #2531, #2289 ) ;
#2665 = AXIS2_PLACEMENT_3D ( 'NONE', #2570, #3048, #2582 ) ;
#2666 = ORIENTED_EDGE ( 'NONE', *, *, #2634, .T. ) ;
#2667 = AXIS2_PLACEMENT_3D ( 'NONE', #489, #474, #2706 ) ;
#2668 = FACE_OUTER_BOUND ( 'NONE', #28, .T. ) ;
#2669 = CARTESIAN_POINT ( 'NONE',  ( -15.50000000000000000, 15.50000000000000000, -4.000000000000000000 ) ) ;
#2670 = DIRECTION ( 'NONE',  ( -0.000000000000000000, 1.000000000000000000, -0.000000000000000000 ) ) ;
#2671 = AXIS2_PLACEMENT_3D ( 'NONE', #2044, #3005, #1312 ) ;
#2672 = VERTEX_POINT ( 'NONE', #3166 ) ;
#2673 = CARTESIAN_POINT ( 'NONE',  ( 18.99999999999999645, -4.841881138603709386E-15, 6.000000000000000000 ) ) ;
#2674 = FACE_BOUND ( 'NONE', #897, .T. ) ;
#2675 = ORIENTED_EDGE ( 'NONE', *, *, #1656, .F. ) ;
#2676 = EDGE_LOOP ( 'NONE', ( #1632, #1566 ) ) ;
#2677 = EDGE_LOOP ( 'NONE', ( #1315, #433, #1160, #2844 ) ) ;
#2678 = EDGE_CURVE ( 'NONE', #2683, #1746, #2387, .T. ) ;
#2679 = DIRECTION ( 'NONE',  ( -1.000000000000000000, 0.000000000000000000, 0.000000000000000000 ) ) ;
#2680 = DIRECTION ( 'NONE',  ( 1.000000000000000000, 0.000000000000000000, 0.000000000000000000 ) ) ;
#2681 = VERTEX_POINT ( 'NONE', #707 ) ;
#2682 = EDGE_CURVE ( 'NONE', #2193, #1144, #1655, .T. ) ;
#2683 = VERTEX_POINT ( 'NONE', #1177 ) ;
#2684 = LINE ( 'NONE', #958, #1111 ) ;
#2685 = DIRECTION ( 'NONE',  ( -0.000000000000000000, -0.000000000000000000, -1.000000000000000000 ) ) ;
#2686 = DIRECTION ( 'NONE',  ( -0.000000000000000000, -0.000000000000000000, 1.000000000000000000 ) ) ;
#2687 = ORIENTED_EDGE ( 'NONE', *, *, #831, .F. ) ;
#2688 = DIRECTION ( 'NONE',  ( 0.000000000000000000, 0.000000000000000000, 1.000000000000000000 ) ) ;
#2689 = DIRECTION ( 'NONE',  ( 1.000000000000000000, 0.000000000000000000, 0.000000000000000000 ) ) ;
#2690 = EDGE_CURVE ( 'NONE', #2236, #2807, #1709, .T. ) ;
#2691 = ORIENTED_EDGE ( 'NONE', *, *, #2648, .T. ) ;
#2692 = CARTESIAN_POINT ( 'NONE',  ( -41.99999999999996447, 47.00000000000000000, -9.000000000000000000 ) ) ;
#2693 = ORIENTED_EDGE ( 'NONE', *, *, #1104, .F. ) ;
#2694 = DIRECTION ( 'NONE',  ( -0.000000000000000000, 1.000000000000000000, -0.000000000000000000 ) ) ;
#2695 = CARTESIAN_POINT ( 'NONE',  ( 12.75000000000000178, -15.50000000000000000, -4.000000000000000000 ) ) ;
#2696 = EDGE_CURVE ( 'NONE', #1492, #2566, #1442, .T. ) ;
#2697 = CARTESIAN_POINT ( 'NONE',  ( -13.73035585563834360, -20.48944534209542212, -11.00000000000000000 ) ) ;
#2698 = CIRCLE ( 'NONE', #1302, 2.749999999999999112 ) ;
#2699 = APPLICATION_PROTOCOL_DEFINITION ( 'draft international standard', 'automotive_design', 1998, #2247 ) ;
#2700 = AXIS2_PLACEMENT_3D ( 'NONE', #3107, #2845, #364 ) ;
#2701 = EDGE_CURVE ( 'NONE', #2532, #2799, #1857, .T. ) ;
#2702 = VERTEX_POINT ( 'NONE', #2936 ) ;
#2703 = CIRCLE ( 'NONE', #3232, 2.099999999999997868 ) ;
#2704 = DIRECTION ( 'NONE',  ( -1.000000000000000000, 4.489296139698584633E-14, 0.000000000000000000 ) ) ;
#2705 = DIRECTION ( 'NONE',  ( 0.000000000000000000, 0.000000000000000000, 1.000000000000000000 ) ) ;
#2706 = DIRECTION ( 'NONE',  ( -1.000000000000000000, 0.000000000000000000, 0.000000000000000000 ) ) ;
#2707 = ORIENTED_EDGE ( 'NONE', *, *, #815, .F. ) ;
#2708 = DIRECTION ( 'NONE',  ( 0.000000000000000000, 0.000000000000000000, 1.000000000000000000 ) ) ;
#2709 = DIRECTION ( 'NONE',  ( 0.000000000000000000, 0.000000000000000000, -1.000000000000000000 ) ) ;
#2710 = LINE ( 'NONE', #747, #2083 ) ;
#2711 = EDGE_LOOP ( 'NONE', ( #1991, #2832, #1783, #632 ) ) ;
#2712 = ORIENTED_EDGE ( 'NONE', *, *, #3229, .T. ) ;
#2713 = DIRECTION ( 'NONE',  ( -1.000000000000000000, 0.000000000000000000, 0.000000000000000000 ) ) ;
#2714 = FACE_OUTER_BOUND ( 'NONE', #462, .T. ) ;
#2715 = LINE ( 'NONE', #2962, #2039 ) ;
#2716 = AXIS2_PLACEMENT_3D ( 'NONE', #801, #555, #2319 ) ;
#2717 = EDGE_CURVE ( 'NONE', #1881, #2939, #2061, .T. ) ;
#2718 = CIRCLE ( 'NONE', #997, 2.499999999999998668 ) ;
#2719 = EDGE_LOOP ( 'NONE', ( #187, #687, #1802, #3067 ) ) ;
#2720 = AXIS2_PLACEMENT_3D ( 'NONE', #1270, #10, #42 ) ;
#2721 = EDGE_CURVE ( 'NONE', #1444, #3082, #2751, .T. ) ;
#2722 = AXIS2_PLACEMENT_3D ( 'NONE', #2059, #1569, #286 ) ;
#2723 = FACE_OUTER_BOUND ( 'NONE', #1650, .T. ) ;
#2724 = DIRECTION ( 'NONE',  ( 0.000000000000000000, 0.000000000000000000, 1.000000000000000000 ) ) ;
#2725 = CARTESIAN_POINT ( 'NONE',  ( -18.25000000000000000, 15.50000000000000000, 6.000000000000000000 ) ) ;
#2726 = VECTOR ( 'NONE', #2620, 1000.000000000000114 ) ;
#2727 = ORIENTED_EDGE ( 'NONE', *, *, #242, .F. ) ;
#2728 = CYLINDRICAL_SURFACE ( 'NONE', #92, 2.749999999999999112 ) ;
#2729 = CYLINDRICAL_SURFACE ( 'NONE', #2635, 1.999999999999647837 ) ;
#2730 = AXIS2_PLACEMENT_3D ( 'NONE', #270, #3046, #2526 ) ;
#2731 = DIRECTION ( 'NONE',  ( 0.000000000000000000, 0.000000000000000000, -1.000000000000000000 ) ) ;
#2732 = ORIENTED_EDGE ( 'NONE', *, *, #1697, .F. ) ;
#2733 = CARTESIAN_POINT ( 'NONE',  ( 1.000000000000040412, -21.50000000000000000, -8.000000000000000000 ) ) ;
#2734 = CARTESIAN_POINT ( 'NONE',  ( -18.03440716348291417, 12.60000986845644633, -11.00000000000000000 ) ) ;
#2735 = CARTESIAN_POINT ( 'NONE',  ( 30.93179313955994303, 34.85000239939978428, -14.00000000000000000 ) ) ;
#2736 = ORIENTED_EDGE ( 'NONE', *, *, #1188, .T. ) ;
#2737 = EDGE_CURVE ( 'NONE', #577, #1128, #524, .T. ) ;
#2738 = DIRECTION ( 'NONE',  ( -0.000000000000000000, -0.000000000000000000, -1.000000000000000000 ) ) ;
#2739 = DIRECTION ( 'NONE',  ( 0.000000000000000000, 0.000000000000000000, 1.000000000000000000 ) ) ;
#2740 = EDGE_CURVE ( 'NONE', #390, #572, #2216, .T. ) ;
#2741 = CARTESIAN_POINT ( 'NONE',  ( -15.50000000000000000, -15.50000000000000000, -11.00000000000000000 ) ) ;
#2742 = EDGE_LOOP ( 'NONE', ( #3189, #598, #693, #2905 ) ) ;
#2743 = CYLINDRICAL_SURFACE ( 'NONE', #149, 25.30000000000111982 ) ;
#2744 = SURFACE_SIDE_STYLE ('',( #1494 ) ) ;
#2745 = EDGE_CURVE ( 'NONE', #2807, #2236, #2014, .T. ) ;
#2746 = DIRECTION ( 'NONE',  ( -1.000000000000000000, 0.000000000000000000, 0.000000000000000000 ) ) ;
#2747 = ORIENTED_EDGE ( 'NONE', *, *, #654, .T. ) ;
#2748 = LINE ( 'NONE', #499, #2555 ) ;
#2749 = DIRECTION ( 'NONE',  ( 0.000000000000000000, 0.000000000000000000, 1.000000000000000000 ) ) ;
#2750 = DIRECTION ( 'NONE',  ( -1.000000000000000000, 0.000000000000000000, 0.000000000000000000 ) ) ;
#2751 = CIRCLE ( 'NONE', #2851, 2.749999999999999112 ) ;
#2752 = EDGE_CURVE ( 'NONE', #701, #3136, #12, .T. ) ;
#2753 = CARTESIAN_POINT ( 'NONE',  ( 15.50000483472556034, 15.50000470008288644, -11.00000000000000000 ) ) ;
#2754 = FACE_OUTER_BOUND ( 'NONE', #481, .T. ) ;
#2755 = FACE_OUTER_BOUND ( 'NONE', #2233, .T. ) ;
#2756 = EDGE_LOOP ( 'NONE', ( #2376, #2330, #2238, #2508 ) ) ;
#2757 = EDGE_CURVE ( 'NONE', #2197, #642, #653, .T. ) ;
#2758 = CYLINDRICAL_SURFACE ( 'NONE', #1226, 4.999999999999997335 ) ;
#2759 = DIRECTION ( 'NONE',  ( 1.000000000000000000, 0.000000000000000000, 0.000000000000000000 ) ) ;
#2760 = CARTESIAN_POINT ( 'NONE',  ( -13.75000000000000000, -15.50000000000000000, 0.000000000000000000 ) ) ;
#2761 = ORIENTED_EDGE ( 'NONE', *, *, #1563, .T. ) ;
#2762 = EDGE_CURVE ( 'NONE', #1836, #1766, #829, .T. ) ;
#2763 = DIRECTION ( 'NONE',  ( 0.000000000000000000, 0.000000000000000000, -1.000000000000000000 ) ) ;
#2764 = CARTESIAN_POINT ( 'NONE',  ( 30.93179319651473236, 34.85000232171213241, -11.00000000000000000 ) ) ;
#2765 = ORIENTED_EDGE ( 'NONE', *, *, #2853, .F. ) ;
#2766 = CIRCLE ( 'NONE', #344, 4.999999999999997335 ) ;
#2767 = DIRECTION ( 'NONE',  ( 0.000000000000000000, 0.000000000000000000, 1.000000000000000000 ) ) ;
#2768 = CARTESIAN_POINT ( 'NONE',  ( 16.10000000000000142, 0.000000000000000000, 6.000000000000000000 ) ) ;
#2769 = VECTOR ( 'NONE', #2258, 1000.000000000000000 ) ;
#2770 = ORIENTED_EDGE ( 'NONE', *, *, #1273, .F. ) ;
#2771 = VECTOR ( 'NONE', #2285, 1000.000000000000000 ) ;
#2772 = DIRECTION ( 'NONE',  ( -1.000000000000000000, 0.000000000000000000, 0.000000000000000000 ) ) ;
#2773 = LINE ( 'NONE', #1543, #1523 ) ;
#2774 = CARTESIAN_POINT ( 'NONE',  ( 41.99999999999999289, -42.00000000000000000, -14.00000000000001243 ) ) ;
#2775 = CIRCLE ( 'NONE', #2990, 14.00000000000000000 ) ;
#2776 = ADVANCED_FACE ( 'NONE', ( #2754 ), #254, .F. ) ;
#2777 = VERTEX_POINT ( 'NONE', #753 ) ;
#2778 = ORIENTED_EDGE ( 'NONE', *, *, #184, .T. ) ;
#2779 = AXIS2_PLACEMENT_3D ( 'NONE', #1018, #247, #1467 ) ;
#2780 = CARTESIAN_POINT ( 'NONE',  ( 15.50000000000000000, -15.50000000000000000, -4.000000000000000000 ) ) ;
#2781 = LINE ( 'NONE', #749, #2769 ) ;
#2782 = EDGE_LOOP ( 'NONE', ( #1089, #1463, #146, #698 ) ) ;
#2783 = ADVANCED_FACE ( 'NONE', ( #504, #2577 ), #723, .T. ) ;
#2784 = AXIS2_PLACEMENT_3D ( 'NONE', #2848, #1377, #1155 ) ;
#2785 = EDGE_CURVE ( 'NONE', #32, #3036, #1768, .T. ) ;
#2786 = EDGE_LOOP ( 'NONE', ( #2624, #2932 ) ) ;
#2787 = FACE_BOUND ( 'NONE', #3231, .T. ) ;
#2788 = ORIENTED_EDGE ( 'NONE', *, *, #3093, .T. ) ;
#2789 = DIRECTION ( 'NONE',  ( -0.000000000000000000, -0.000000000000000000, 1.000000000000000000 ) ) ;
#2790 = DIRECTION ( 'NONE',  ( 0.000000000000000000, 0.000000000000000000, 1.000000000000000000 ) ) ;
#2791 = PLANE ( 'NONE',  #2722 ) ;
#2792 = ORIENTED_EDGE ( 'NONE', *, *, #1853, .T. ) ;
#2793 = EDGE_CURVE ( 'NONE', #3223, #3191, #1280, .T. ) ;
#2794 = DIRECTION ( 'NONE',  ( 0.000000000000000000, 0.000000000000000000, -1.000000000000000000 ) ) ;
#2795 = PLANE ( 'NONE',  #2820 ) ;
#2796 = VERTEX_POINT ( 'NONE', #2524 ) ;
#2797 = ORIENTED_EDGE ( 'NONE', *, *, #1799, .T. ) ;
#2798 = EDGE_CURVE ( 'NONE', #1836, #577, #1757, .T. ) ;
#2799 = VERTEX_POINT ( 'NONE', #1755 ) ;
#2800 = FACE_BOUND ( 'NONE', #104, .T. ) ;
#2801 = AXIS2_PLACEMENT_3D ( 'NONE', #2818, #2094, #575 ) ;
#2802 = ORIENTED_EDGE ( 'NONE', *, *, #2701, .T. ) ;
#2803 = DIRECTION ( 'NONE',  ( -1.541215603526039612E-07, -0.9999999999999880096, 0.000000000000000000 ) ) ;
#2804 = FACE_OUTER_BOUND ( 'NONE', #796, .T. ) ;
#2805 = AXIS2_PLACEMENT_3D ( 'NONE', #1752, #484, #1979 ) ;
#2806 = CARTESIAN_POINT ( 'NONE',  ( 2.445839330546235554E-06, 7.088963169515211105E-06, -11.00000000000000000 ) ) ;
#2807 = VERTEX_POINT ( 'NONE', #2768 ) ;
#2808 = CARTESIAN_POINT ( 'NONE',  ( -15.50000000000000000, 15.50000000000000000, -4.000000000000000000 ) ) ;
#2809 = FACE_OUTER_BOUND ( 'NONE', #1039, .T. ) ;
#2810 = ORIENTED_EDGE ( 'NONE', *, *, #2279, .F. ) ;
#2811 = EDGE_CURVE ( 'NONE', #2943, #689, #2116, .T. ) ;
#2812 = DIRECTION ( 'NONE',  ( -1.000000000000000000, 0.000000000000000000, 0.000000000000000000 ) ) ;
#2813 = AXIS2_PLACEMENT_3D ( 'NONE', #690, #472, #2916 ) ;
#2814 = ADVANCED_FACE ( 'NONE', ( #768 ), #3253, .F. ) ;
#2815 = ORIENTED_EDGE ( 'NONE', *, *, #70, .F. ) ;
#2816 = AXIS2_PLACEMENT_3D ( 'NONE', #2926, #2419, #1185 ) ;
#2817 = LINE ( 'NONE', #1036, #1006 ) ;
#2818 = CARTESIAN_POINT ( 'NONE',  ( -24.99999999999999645, 25.00000000000000000, 6.000000000000000000 ) ) ;
#2819 = DIRECTION ( 'NONE',  ( -1.000000000000000000, -3.304235192336777484E-16, 0.000000000000000000 ) ) ;
#2820 = AXIS2_PLACEMENT_3D ( 'NONE', #1288, #2544, #2763 ) ;
#2821 = ORIENTED_EDGE ( 'NONE', *, *, #1104, .T. ) ;
#2822 = DIRECTION ( 'NONE',  ( -1.000000000000000000, 0.000000000000000000, 0.000000000000000000 ) ) ;
#2823 = DIRECTION ( 'NONE',  ( 0.000000000000000000, 0.000000000000000000, -1.000000000000000000 ) ) ;
#2824 = CIRCLE ( 'NONE', #1931, 1.999999999999647837 ) ;
#2825 = ORIENTED_EDGE ( 'NONE', *, *, #166, .F. ) ;
#2826 = VECTOR ( 'NONE', #2454, 1000.000000000000000 ) ;
#2827 = CARTESIAN_POINT ( 'NONE',  ( 0.000000000000000000, 0.000000000000000000, -8.999999999999994671 ) ) ;
#2828 = DIRECTION ( 'NONE',  ( 0.000000000000000000, 0.000000000000000000, 1.000000000000000000 ) ) ;
#2829 = EDGE_LOOP ( 'NONE', ( #1183, #2971, #2747, #2134 ) ) ;
#2830 = VECTOR ( 'NONE', #2029, 1000.000000000000000 ) ;
#2831 = EDGE_CURVE ( 'NONE', #1139, #956, #222, .T. ) ;
#2832 = ORIENTED_EDGE ( 'NONE', *, *, #2442, .F. ) ;
#2833 = EDGE_CURVE ( 'NONE', #2430, #3082, #1260, .T. ) ;
#2834 = LINE ( 'NONE', #650, #1227 ) ;
#2835 = LINE ( 'NONE', #587, #1967 ) ;
#2836 = DIRECTION ( 'NONE',  ( 0.000000000000000000, 0.000000000000000000, 1.000000000000000000 ) ) ;
#2837 = ORIENTED_EDGE ( 'NONE', *, *, #164, .T. ) ;
#2838 = ADVANCED_FACE ( 'NONE', ( #3001 ), #2068, .T. ) ;
#2839 = DIRECTION ( 'NONE',  ( 1.000000000000000000, 0.000000000000000000, 0.000000000000000000 ) ) ;
#2840 = DIRECTION ( 'NONE',  ( 0.000000000000000000, 0.000000000000000000, 1.000000000000000000 ) ) ;
#2841 = ORIENTED_EDGE ( 'NONE', *, *, #1228, .T. ) ;
#2842 = DIRECTION ( 'NONE',  ( 1.000000000000000000, 0.000000000000000000, 0.000000000000000000 ) ) ;
#2843 = DIRECTION ( 'NONE',  ( 0.000000000000000000, 0.000000000000000000, 1.000000000000000000 ) ) ;
#2844 = ORIENTED_EDGE ( 'NONE', *, *, #1366, .T. ) ;
#2845 = DIRECTION ( 'NONE',  ( 0.000000000000000000, 0.000000000000000000, 1.000000000000000000 ) ) ;
#2846 = ORIENTED_EDGE ( 'NONE', *, *, #2793, .T. ) ;
#2847 = EDGE_CURVE ( 'NONE', #1291, #3191, #2860, .T. ) ;
#2848 = CARTESIAN_POINT ( 'NONE',  ( 24.99999999999858602, -25.00000000000142109, 6.000000000000000000 ) ) ;
#2849 = DIRECTION ( 'NONE',  ( -1.000000000000000000, 0.000000000000000000, 0.000000000000000000 ) ) ;
#2850 = CARTESIAN_POINT ( 'NONE',  ( 27.00000000000000000, 0.000000000000000000, -8.999999999999994671 ) ) ;
#2851 = AXIS2_PLACEMENT_3D ( 'NONE', #1829, #2230, #321 ) ;
#2852 = VERTEX_POINT ( 'NONE', #3144 ) ;
#2853 = EDGE_CURVE ( 'NONE', #1557, #798, #764, .T. ) ;
#2854 = CIRCLE ( 'NONE', #1194, 3.299999999999917666 ) ;
#2855 = DIRECTION ( 'NONE',  ( 0.000000000000000000, 0.000000000000000000, -1.000000000000000000 ) ) ;
#2856 = DIRECTION ( 'NONE',  ( -0.000000000000000000, -0.000000000000000000, -1.000000000000000000 ) ) ;
#2857 = ORIENTED_EDGE ( 'NONE', *, *, #1451, .T. ) ;
#2858 = EDGE_CURVE ( 'NONE', #2492, #1943, #1652, .T. ) ;
#2859 = DIRECTION ( 'NONE',  ( 1.000000000000000000, 0.000000000000000000, 0.000000000000000000 ) ) ;
#2860 = LINE ( 'NONE', #338, #1454 ) ;
#2861 = DIRECTION ( 'NONE',  ( 0.000000000000000000, 0.000000000000000000, 1.000000000000000000 ) ) ;
#2862 = EDGE_LOOP ( 'NONE', ( #2151, #663, #2912, #3149 ) ) ;
#2863 = LINE ( 'NONE', #879, #2938 ) ;
#2864 = CARTESIAN_POINT ( 'NONE',  ( -21.33441104734525950, -12.59999013154871683, -11.00000000000000000 ) ) ;
#2865 = AXIS2_PLACEMENT_3D ( 'NONE', #2264, #2767, #1815 ) ;
#2866 = DIRECTION ( 'NONE',  ( -1.000000000000000000, 0.000000000000000000, 0.000000000000000000 ) ) ;
#2867 = ORIENTED_EDGE ( 'NONE', *, *, #2456, .F. ) ;
#2868 = VECTOR ( 'NONE', #2098, 1000.000000000000000 ) ;
#2869 = LINE ( 'NONE', #137, #1724 ) ;
#2870 = LINE ( 'NONE', #579, #250 ) ;
#2871 = ORIENTED_EDGE ( 'NONE', *, *, #1741, .T. ) ;
#2872 = VECTOR ( 'NONE', #1700, 1000.000000000000000 ) ;
#2873 = VECTOR ( 'NONE', #946, 1000.000000000000000 ) ;
#2874 = FACE_OUTER_BOUND ( 'NONE', #2862, .T. ) ;
#2875 = CARTESIAN_POINT ( 'NONE',  ( 17.25000000000000000, 15.50000000000000000, -4.000000000000000000 ) ) ;
#2876 = ADVANCED_FACE ( 'NONE', ( #2138 ), #1096, .F. ) ;
#2877 = CONICAL_SURFACE ( 'NONE', #1482, 0.9999999999999870104, 0.7853981633974522758 ) ;
#2878 = AXIS2_PLACEMENT_3D ( 'NONE', #1106, #63, #1356 ) ;
#2879 = EDGE_LOOP ( 'NONE', ( #1714, #613, #2132, #1972 ) ) ;
#2880 = EDGE_LOOP ( 'NONE', ( #1415, #2421, #1285, #1816 ) ) ;
#2881 = DIRECTION ( 'NONE',  ( 0.000000000000000000, 0.000000000000000000, -1.000000000000000000 ) ) ;
#2882 = CARTESIAN_POINT ( 'NONE',  ( -18.03441104734529432, -12.59999013154871683, -14.00000000000000000 ) ) ;
#2883 = CARTESIAN_POINT ( 'NONE',  ( -18.07304899628997319, 9.300009868456568185, -11.00000000000000000 ) ) ;
#2884 = ORIENTED_EDGE ( 'NONE', *, *, #2479, .F. ) ;
#2885 = CARTESIAN_POINT ( 'NONE',  ( 30.93178239727756562, -34.84999760060792084, -14.00000000000000000 ) ) ;
#2886 = DIRECTION ( 'NONE',  ( 3.304235192336777484E-16, -1.000000000000000000, 0.000000000000000000 ) ) ;
#2887 = ORIENTED_EDGE ( 'NONE', *, *, #2745, .T. ) ;
#2888 = VERTEX_POINT ( 'NONE', #3121 ) ;
#2889 = ORIENTED_EDGE ( 'NONE', *, *, #1502, .T. ) ;
#2890 = EDGE_CURVE ( 'NONE', #3195, #1424, #2326, .T. ) ;
#2891 = LINE ( 'NONE', #2625, #1524 ) ;
#2892 = CARTESIAN_POINT ( 'NONE',  ( 15.50000000000000000, -15.50000000000000000, 0.000000000000000000 ) ) ;
#2893 = ADVANCED_FACE ( 'NONE', ( #1369 ), #873, .F. ) ;
#2894 = DIRECTION ( 'NONE',  ( 1.000000000000000000, 0.000000000000000000, 0.000000000000000000 ) ) ;
#2895 = ORIENTED_EDGE ( 'NONE', *, *, #2958, .T. ) ;
#2896 = EDGE_CURVE ( 'NONE', #1553, #623, #326, .T. ) ;
#2897 = CARTESIAN_POINT ( 'NONE',  ( -13.73035534703823224, -17.18944534209500929, -14.00000000000000000 ) ) ;
#2898 = CYLINDRICAL_SURFACE ( 'NONE', #60, 2.000000000000005329 ) ;
#2899 = DIRECTION ( 'NONE',  ( 1.000000000000000000, 0.000000000000000000, 0.000000000000000000 ) ) ;
#2900 = ORIENTED_EDGE ( 'NONE', *, *, #434, .F. ) ;
#2901 = CARTESIAN_POINT ( 'NONE',  ( -27.00000000000000355, 25.00000000000000000, -14.00000000000000000 ) ) ;
#2902 = DIRECTION ( 'NONE',  ( -1.000000000000000000, 0.000000000000000000, 0.000000000000000000 ) ) ;
#2903 = AXIS2_PLACEMENT_3D ( 'NONE', #2340, #297, #2849 ) ;
#2904 = EDGE_LOOP ( 'NONE', ( #564, #2363 ) ) ;
#2905 = ORIENTED_EDGE ( 'NONE', *, *, #849, .F. ) ;
#2906 = AXIS2_PLACEMENT_3D ( 'NONE', #2012, #974, #2988 ) ;
#2907 = DIRECTION ( 'NONE',  ( -0.000000000000000000, -0.000000000000000000, -1.000000000000000000 ) ) ;
#2908 = DIRECTION ( 'NONE',  ( 0.000000000000000000, 0.000000000000000000, 1.000000000000000000 ) ) ;
#2909 = ORIENTED_EDGE ( 'NONE', *, *, #1212, .F. ) ;
#2910 = AXIS2_PLACEMENT_3D ( 'NONE', #2226, #2472, #1450 ) ;
#2911 = DIRECTION ( 'NONE',  ( -0.7071067811865513475, 0.000000000000000000, -0.7071067811865435759 ) ) ;
#2912 = ORIENTED_EDGE ( 'NONE', *, *, #50, .T. ) ;
#2913 = ADVANCED_FACE ( 'NONE', ( #2103, #1894 ), #3089, .T. ) ;
#2914 = VERTEX_POINT ( 'NONE', #2875 ) ;
#2915 = AXIS2_PLACEMENT_3D ( 'NONE', #558, #2322, #1357 ) ;
#2916 = DIRECTION ( 'NONE',  ( -1.000000000000000000, 0.000000000000000000, -0.000000000000000000 ) ) ;
#2917 = DIRECTION ( 'NONE',  ( -1.000000000000000000, 0.000000000000000000, 0.000000000000000000 ) ) ;
#2918 = EDGE_CURVE ( 'NONE', #1353, #890, #1713, .T. ) ;
#2919 = CARTESIAN_POINT ( 'NONE',  ( 19.53621974363378655, 19.14999460016138855, -14.00000000000000000 ) ) ;
#2920 = EDGE_LOOP ( 'NONE', ( #415, #424, #2900, #2003 ) ) ;
#2921 = AXIS2_PLACEMENT_3D ( 'NONE', #1303, #1531, #288 ) ;
#2922 = DIRECTION ( 'NONE',  ( -0.9999999999999855671, -1.699264825072139801E-07, 0.000000000000000000 ) ) ;
#2923 = DIRECTION ( 'NONE',  ( 0.000000000000000000, 0.000000000000000000, 1.000000000000000000 ) ) ;
#2924 = ORIENTED_EDGE ( 'NONE', *, *, #2740, .T. ) ;
#2925 = ORIENTED_EDGE ( 'NONE', *, *, #2737, .T. ) ;
#2926 = CARTESIAN_POINT ( 'NONE',  ( 30.93178245423287009, -34.84999767829638984, -14.00000000000000000 ) ) ;
#2927 = CIRCLE ( 'NONE', #519, 2.500000000000000000 ) ;
#2928 = CARTESIAN_POINT ( 'NONE',  ( -13.73036160014701146, 17.18945452524683759, -11.00000000000000000 ) ) ;
#2929 = ORIENTED_EDGE ( 'NONE', *, *, #2853, .T. ) ;
#2930 = AXIS2_PLACEMENT_3D ( 'NONE', #1025, #22, #2076 ) ;
#2931 = AXIS2_PLACEMENT_3D ( 'NONE', #1261, #1491, #960 ) ;
#2932 = ORIENTED_EDGE ( 'NONE', *, *, #608, .F. ) ;
#2933 = ORIENTED_EDGE ( 'NONE', *, *, #2590, .T. ) ;
#2934 = VECTOR ( 'NONE', #2480, 1000.000000000000000 ) ;
#2935 = DIRECTION ( 'NONE',  ( 0.000000000000000000, 0.000000000000000000, 1.000000000000000000 ) ) ;
#2936 = CARTESIAN_POINT ( 'NONE',  ( 25.00000000000000000, 0.000000000000000000, 6.000000000000000000 ) ) ;
#2937 = DIRECTION ( 'NONE',  ( 1.000000000000000000, 0.000000000000000000, 0.000000000000000000 ) ) ;
#2938 = VECTOR ( 'NONE', #636, 1000.000000000000000 ) ;
#2939 = VERTEX_POINT ( 'NONE', #2365 ) ;
#2940 = ADVANCED_FACE ( 'NONE', ( #2662 ), #1349, .F. ) ;
#2941 = DIRECTION ( 'NONE',  ( 0.000000000000000000, 0.000000000000000000, -1.000000000000000000 ) ) ;
#2942 = LINE ( 'NONE', #711, #110 ) ;
#2943 = VERTEX_POINT ( 'NONE', #1907 ) ;
#2944 = DIRECTION ( 'NONE',  ( 1.000000000000000000, 0.000000000000000000, 0.000000000000000000 ) ) ;
#2945 = ORIENTED_EDGE ( 'NONE', *, *, #1437, .F. ) ;
#2946 = CARTESIAN_POINT ( 'NONE',  ( -20.50000000000001066, 2.270122860394264175E-15, -8.000000000000000000 ) ) ;
#2947 = CARTESIAN_POINT ( 'NONE',  ( 40.99999999999997868, -40.99999999999995026, -146.9360748630709566 ) ) ;
#2948 = EDGE_LOOP ( 'NONE', ( #617, #643 ) ) ;
#2949 = ORIENTED_EDGE ( 'NONE', *, *, #2696, .F. ) ;
#2950 = EDGE_LOOP ( 'NONE', ( #91, #2389, #1641, #2525 ) ) ;
#2951 = DIRECTION ( 'NONE',  ( -0.000000000000000000, -0.000000000000000000, -1.000000000000000000 ) ) ;
#2952 = DIRECTION ( 'NONE',  ( 1.000000000000000000, 0.000000000000000000, -0.000000000000000000 ) ) ;
#2953 = CARTESIAN_POINT ( 'NONE',  ( -12.75000000000000178, 15.50000000000000000, 6.000000000000000000 ) ) ;
#2954 = EDGE_LOOP ( 'NONE', ( #538, #188 ) ) ;
#2955 = DIRECTION ( 'NONE',  ( -1.000000000000000000, 0.000000000000000000, 0.000000000000000000 ) ) ;
#2956 = CARTESIAN_POINT ( 'NONE',  ( -17.25000000000000000, 15.50000000000000000, 0.000000000000000000 ) ) ;
#2957 = ORIENTED_EDGE ( 'NONE', *, *, #888, .T. ) ;
#2958 = EDGE_CURVE ( 'NONE', #2575, #1059, #716, .T. ) ;
#2959 = ORIENTED_EDGE ( 'NONE', *, *, #2798, .T. ) ;
#2960 = CYLINDRICAL_SURFACE ( 'NONE', #1045, 2.099999999999997868 ) ;
#2961 = CYLINDRICAL_SURFACE ( 'NONE', #2491, 2.099999999999997868 ) ;
#2962 = CARTESIAN_POINT ( 'NONE',  ( -18.07304899628997319, -9.299990131548790728, -11.00000000000000000 ) ) ;
#2963 = EDGE_CURVE ( 'NONE', #956, #1649, #554, .T. ) ;
#2964 = AXIS2_PLACEMENT_3D ( 'NONE', #637, #1472, #1660 ) ;
#2965 = VECTOR ( 'NONE', #2911, 1000.000000000000114 ) ;
#2966 = ORIENTED_EDGE ( 'NONE', *, *, #2224, .T. ) ;
#2967 = DIRECTION ( 'NONE',  ( 0.000000000000000000, -1.000000000000000000, 0.000000000000000000 ) ) ;
#2968 = CARTESIAN_POINT ( 'NONE',  ( 0.000000000000000000, 0.000000000000000000, -1.000000000000000000 ) ) ;
#2969 = VECTOR ( 'NONE', #1265, 1000.000000000000000 ) ;
#2970 = CYLINDRICAL_SURFACE ( 'NONE', #2561, 2.099999999999997868 ) ;
#2971 = ORIENTED_EDGE ( 'NONE', *, *, #2535, .T. ) ;
#2972 = DIRECTION ( 'NONE',  ( -1.000000000000000000, 0.000000000000000000, 0.000000000000000000 ) ) ;
#2973 = DIRECTION ( 'NONE',  ( 0.000000000000000000, 0.000000000000000000, -1.000000000000000000 ) ) ;
#2974 = ORIENTED_EDGE ( 'NONE', *, *, #1060, .F. ) ;
#2975 = EDGE_LOOP ( 'NONE', ( #1213, #1114 ) ) ;
#2976 = EDGE_CURVE ( 'NONE', #2266, #646, #2384, .T. ) ;
#2977 = DIRECTION ( 'NONE',  ( 1.000000000000000000, 0.000000000000000000, 0.000000000000000000 ) ) ;
#2978 = CARTESIAN_POINT ( 'NONE',  ( 15.50000005695844152, -15.49999529991906400, -11.00000000000000000 ) ) ;
#2979 = FACE_BOUND ( 'NONE', #2786, .T. ) ;
#2980 = VECTOR ( 'NONE', #1325, 1000.000000000000000 ) ;
#2981 = AXIS2_PLACEMENT_3D ( 'NONE', #732, #1238, #2679 ) ;
#2982 = EDGE_CURVE ( 'NONE', #813, #167, #2854, .T. ) ;
#2983 = CIRCLE ( 'NONE', #1098, 3.299999999999966072 ) ;
#2984 = VECTOR ( 'NONE', #3066, 1000.000000000000000 ) ;
#2985 = EDGE_CURVE ( 'NONE', #2605, #2888, #1605, .T. ) ;
#2986 = CIRCLE ( 'NONE', #1577, 3.299999999999917666 ) ;
#2987 = CARTESIAN_POINT ( 'NONE',  ( 41.99999999999999289, -42.00000000000000000, -9.000000000000000000 ) ) ;
#2988 = DIRECTION ( 'NONE',  ( -1.000000000000000000, 0.000000000000000000, 0.000000000000000000 ) ) ;
#2989 = FACE_OUTER_BOUND ( 'NONE', #3071, .T. ) ;
#2990 = AXIS2_PLACEMENT_3D ( 'NONE', #1727, #2686, #2002 ) ;
#2991 = ORIENTED_EDGE ( 'NONE', *, *, #1927, .T. ) ;
#2992 = CARTESIAN_POINT ( 'NONE',  ( -16.10000000000000142, 1.971681346627238883E-15, -1.000000000000000888 ) ) ;
#2993 = CARTESIAN_POINT ( 'NONE',  ( 41.99999999999997158, 47.00000000000000000, -14.00000000000001243 ) ) ;
#2994 = ORIENTED_EDGE ( 'NONE', *, *, #1927, .F. ) ;
#2995 = DIRECTION ( 'NONE',  ( 1.000000000000000000, 0.000000000000000000, 0.000000000000000000 ) ) ;
#2996 = FACE_OUTER_BOUND ( 'NONE', #2439, .T. ) ;
#2997 = DIRECTION ( 'NONE',  ( -0.000000000000000000, -0.000000000000000000, -1.000000000000000000 ) ) ;
#2998 = EDGE_CURVE ( 'NONE', #1424, #257, #1401, .T. ) ;
#2999 = EDGE_CURVE ( 'NONE', #2681, #1416, #2420, .T. ) ;
#3000 = DIRECTION ( 'NONE',  ( 0.000000000000000000, 0.000000000000000000, -1.000000000000000000 ) ) ;
#3001 = FACE_OUTER_BOUND ( 'NONE', #1682, .T. ) ;
#3002 = CYLINDRICAL_SURFACE ( 'NONE', #2612, 2.500000000000000000 ) ;
#3003 = EDGE_CURVE ( 'NONE', #1139, #1937, #1513, .T. ) ;
#3004 = ORIENTED_EDGE ( 'NONE', *, *, #1656, .T. ) ;
#3005 = DIRECTION ( 'NONE',  ( 0.9999999999999881206, -1.541215603526039877E-07, 0.000000000000000000 ) ) ;
#3006 = FACE_OUTER_BOUND ( 'NONE', #3118, .T. ) ;
#3007 = CARTESIAN_POINT ( 'NONE',  ( 15.50000000000000000, -15.50000000000000000, 0.000000000000000000 ) ) ;
#3008 = ORIENTED_EDGE ( 'NONE', *, *, #2721, .T. ) ;
#3009 = PLANE ( 'NONE',  #781 ) ;
#3010 = DIRECTION ( 'NONE',  ( 0.000000000000000000, 0.000000000000000000, 1.000000000000000000 ) ) ;
#3011 = PLANE ( 'NONE',  #2779 ) ;
#3012 = AXIS2_PLACEMENT_3D ( 'NONE', #1726, #2828, #990 ) ;
#3013 = ORIENTED_EDGE ( 'NONE', *, *, #2128, .T. ) ;
#3014 = VECTOR ( 'NONE', #685, 1000.000000000000114 ) ;
#3015 = ORIENTED_EDGE ( 'NONE', *, *, #654, .F. ) ;
#3016 = DIRECTION ( 'NONE',  ( -1.000000000000000000, 0.000000000000000000, 0.000000000000000000 ) ) ;
#3017 = CARTESIAN_POINT ( 'NONE',  ( 41.99999999999996447, -47.00000000000000000, -146.9360748630709566 ) ) ;
#3018 = VERTEX_POINT ( 'NONE', #2695 ) ;
#3019 = DIRECTION ( 'NONE',  ( 0.000000000000000000, 0.000000000000000000, -1.000000000000000000 ) ) ;
#3020 = LINE ( 'NONE', #285, #604 ) ;
#3021 = CYLINDRICAL_SURFACE ( 'NONE', #2930, 1.999999999999647837 ) ;
#3022 = ORIENTED_EDGE ( 'NONE', *, *, #1032, .F. ) ;
#3023 = EDGE_LOOP ( 'NONE', ( #1908, #2060, #1626, #380 ) ) ;
#3024 = DIRECTION ( 'NONE',  ( 0.9999999999999880096, -1.541214393050391547E-07, 0.000000000000000000 ) ) ;
#3025 = CARTESIAN_POINT ( 'NONE',  ( 0.000000000000000000, 0.000000000000000000, -1.000000000000000888 ) ) ;
#3026 = DIRECTION ( 'NONE',  ( 0.000000000000000000, 0.000000000000000000, 1.000000000000000000 ) ) ;
#3027 = AXIS2_PLACEMENT_3D ( 'NONE', #2557, #1823, #315 ) ;
#3028 = VECTOR ( 'NONE', #2147, 1000.000000000000000 ) ;
#3029 = FACE_BOUND ( 'NONE', #1182, .T. ) ;
#3030 = EDGE_LOOP ( 'NONE', ( #1597, #1688 ) ) ;
#3031 = EDGE_CURVE ( 'NONE', #998, #2131, #1691, .T. ) ;
#3032 = LINE ( 'NONE', #1817, #1997 ) ;
#3033 = CYLINDRICAL_SURFACE ( 'NONE', #3131, 16.10000000000000142 ) ;
#3034 = DIRECTION ( 'NONE',  ( 3.304235192336777484E-16, -1.000000000000000000, 0.000000000000000000 ) ) ;
#3035 = AXIS2_PLACEMENT_3D ( 'NONE', #255, #1281, #2750 ) ;
#3036 = VERTEX_POINT ( 'NONE', #3176 ) ;
#3037 = ORIENTED_EDGE ( 'NONE', *, *, #74, .T. ) ;
#3038 = ADVANCED_FACE ( 'NONE', ( #2714 ), #163, .F. ) ;
#3039 = DIRECTION ( 'NONE',  ( 1.000000000000000000, 0.000000000000000000, 0.000000000000000000 ) ) ;
#3040 = CARTESIAN_POINT ( 'NONE',  ( -24.00000000000000000, 2.147658180479529816E-15, 6.000000000000000000 ) ) ;
#3041 = ORIENTED_EDGE ( 'NONE', *, *, #2013, .F. ) ;
#3042 = AXIS2_PLACEMENT_3D ( 'NONE', #3078, #368, #1121 ) ;
#3043 = EDGE_CURVE ( 'NONE', #1830, #2589, #1307, .T. ) ;
#3044 = DIRECTION ( 'NONE',  ( 0.000000000000000000, 0.000000000000000000, -1.000000000000000000 ) ) ;
#3045 = ORIENTED_EDGE ( 'NONE', *, *, #2717, .F. ) ;
#3046 = DIRECTION ( 'NONE',  ( -0.000000000000000000, -0.000000000000000000, 1.000000000000000000 ) ) ;
#3047 = FACE_OUTER_BOUND ( 'NONE', #2880, .T. ) ;
#3048 = DIRECTION ( 'NONE',  ( 0.000000000000000000, 0.000000000000000000, 1.000000000000000000 ) ) ;
#3049 = ORIENTED_EDGE ( 'NONE', *, *, #944, .F. ) ;
#3050 = DIRECTION ( 'NONE',  ( 1.000000000000000000, 0.000000000000000000, 0.000000000000000000 ) ) ;
#3051 = DIRECTION ( 'NONE',  ( 1.000000000000000000, 0.000000000000000000, 0.000000000000000000 ) ) ;
#3052 = ADVANCED_FACE ( 'NONE', ( #750 ), #986, .F. ) ;
#3053 = EDGE_LOOP ( 'NONE', ( #715, #477, #3156, #940 ) ) ;
#3054 = EDGE_CURVE ( 'NONE', #491, #511, #15, .T. ) ;
#3055 = ORIENTED_EDGE ( 'NONE', *, *, #2242, .T. ) ;
#3056 = FACE_OUTER_BOUND ( 'NONE', #3030, .T. ) ;
#3057 = VECTOR ( 'NONE', #1804, 1000.000000000000000 ) ;
#3058 = ORIENTED_EDGE ( 'NONE', *, *, #2219, .F. ) ;
#3059 = LINE ( 'NONE', #1790, #1380 ) ;
#3060 = DIRECTION ( 'NONE',  ( 3.755154367872271812E-13, -1.000000000000000000, 0.000000000000000000 ) ) ;
#3061 = AXIS2_PLACEMENT_3D ( 'NONE', #2892, #645, #631 ) ;
#3062 = CARTESIAN_POINT ( 'NONE',  ( 30.93178245423287009, -34.84999767829638984, -11.00000000000000000 ) ) ;
#3063 = EDGE_LOOP ( 'NONE', ( #3199, #273, #1452, #660 ) ) ;
#3064 = ORIENTED_EDGE ( 'NONE', *, *, #888, .F. ) ;
#3065 = CARTESIAN_POINT ( 'NONE',  ( 14.72036248155785287, 20.48945935977794974, -11.00000000000000000 ) ) ;
#3066 = DIRECTION ( 'NONE',  ( -0.000000000000000000, -0.000000000000000000, -1.000000000000000000 ) ) ;
#3067 = ORIENTED_EDGE ( 'NONE', *, *, #2237, .T. ) ;
#3068 = EDGE_CURVE ( 'NONE', #689, #1830, #218, .T. ) ;
#3069 = FACE_OUTER_BOUND ( 'NONE', #2338, .T. ) ;
#3070 = CARTESIAN_POINT ( 'NONE',  ( 41.99999999999999289, -42.00000000000000000, -146.9360748630709566 ) ) ;
#3071 = EDGE_LOOP ( 'NONE', ( #1928, #1202, #1645, #1375 ) ) ;
#3072 = ORIENTED_EDGE ( 'NONE', *, *, #1390, .T. ) ;
#3073 = ADVANCED_FACE ( 'NONE', ( #2996 ), #2171, .F. ) ;
#3074 = AXIS2_PLACEMENT_3D ( 'NONE', #2987, #2935, #1441 ) ;
#3075 = AXIS2_PLACEMENT_3D ( 'NONE', #1400, #609, #1146 ) ;
#3076 = ORIENTED_EDGE ( 'NONE', *, *, #2762, .T. ) ;
#3077 = CIRCLE ( 'NONE', #733, 25.00000000000000000 ) ;
#3078 = CARTESIAN_POINT ( 'NONE',  ( -15.50000000000000000, 15.50000000000000000, -11.00000000000000000 ) ) ;
#3079 = CARTESIAN_POINT ( 'NONE',  ( -21.50000000000000000, 2.147658180479529816E-15, 0.000000000000000000 ) ) ;
#3080 = CARTESIAN_POINT ( 'NONE',  ( -15.50000000000000000, -15.50000000000000000, 6.000000000000000000 ) ) ;
#3081 = AXIS2_PLACEMENT_3D ( 'NONE', #1379, #2633, #2599 ) ;
#3082 = VERTEX_POINT ( 'NONE', #182 ) ;
#3083 = CARTESIAN_POINT ( 'NONE',  ( 0.000000000000000000, 0.000000000000000000, -8.000000000000000000 ) ) ;
#3084 = CARTESIAN_POINT ( 'NONE',  ( 8.005467014174450598E-16, 21.50000000000000000, 0.000000000000000000 ) ) ;
#3085 = CIRCLE ( 'NONE', #3081, 5.050000000000557598 ) ;
#3086 = ORIENTED_EDGE ( 'NONE', *, *, #3145, .F. ) ;
#3087 = CIRCLE ( 'NONE', #2087, 2.749999999999999112 ) ;
#3088 = CARTESIAN_POINT ( 'NONE',  ( -15.78990901596940333, -19.76786320675448394, -11.00000000000000000 ) ) ;
#3089 = PLANE ( 'NONE',  #1971 ) ;
#3090 = EDGE_LOOP ( 'NONE', ( #2007, #825, #2077, #1841 ) ) ;
#3091 = AXIS2_PLACEMENT_3D ( 'NONE', #4, #3019, #2772 ) ;
#3092 =( NAMED_UNIT ( * ) PLANE_ANGLE_UNIT ( ) SI_UNIT ( $, .RADIAN. ) );
#3093 = EDGE_CURVE ( 'NONE', #397, #2681, #61, .T. ) ;
#3094 = ORIENTED_EDGE ( 'NONE', *, *, #2398, .F. ) ;
#3095 = DIRECTION ( 'NONE',  ( -1.000000000000000000, 0.000000000000000000, 0.000000000000000000 ) ) ;
#3096 = CARTESIAN_POINT ( 'NONE',  ( -18.03441104734529432, -12.59999013154871683, -11.00000000000000000 ) ) ;
#3097 = EDGE_CURVE ( 'NONE', #2111, #2914, #2540, .T. ) ;
#3098 = DIRECTION ( 'NONE',  ( 0.000000000000000000, 0.000000000000000000, -1.000000000000000000 ) ) ;
#3099 = ORIENTED_EDGE ( 'NONE', *, *, #1877, .T. ) ;
#3100 = CARTESIAN_POINT ( 'NONE',  ( -21.33440716348282962, 12.60000986845644633, -14.00000000000000000 ) ) ;
#3101 = DIRECTION ( 'NONE',  ( -1.541215603526039612E-07, -0.9999999999999880096, 0.000000000000000000 ) ) ;
#3102 = ORIENTED_EDGE ( 'NONE', *, *, #2678, .T. ) ;
#3103 = MECHANICAL_DESIGN_GEOMETRIC_PRESENTATION_REPRESENTATION (  '', ( #1241 ), #817 ) ;
#3104 = CARTESIAN_POINT ( 'NONE',  ( -24.00000000000000000, 2.147658180479529816E-15, -6.499999999999999112 ) ) ;
#3105 = CARTESIAN_POINT ( 'NONE',  ( 8.005467014174450598E-16, 21.50000000000000000, 6.000000000000000000 ) ) ;
#3106 = AXIS2_PLACEMENT_3D ( 'NONE', #3221, #1216, #925 ) ;
#3107 = CARTESIAN_POINT ( 'NONE',  ( 41.99999999999999289, 42.00000000000000000, -146.9360748630709566 ) ) ;
#3108 = ORIENTED_EDGE ( 'NONE', *, *, #2757, .T. ) ;
#3109 = ADVANCED_FACE ( 'NONE', ( #929 ), #2484, .F. ) ;
#3110 = DIRECTION ( 'NONE',  ( 0.000000000000000000, 0.000000000000000000, -1.000000000000000000 ) ) ;
#3111 = DIRECTION ( 'NONE',  ( 1.000000000000000000, 0.000000000000000000, 0.000000000000000000 ) ) ;
#3112 = CARTESIAN_POINT ( 'NONE',  ( -3.494769659541620390E-15, -21.50000000000000000, -8.000000000000000000 ) ) ;
#3113 = VECTOR ( 'NONE', #1230, 1000.000000000000000 ) ;
#3114 = EDGE_LOOP ( 'NONE', ( #107, #1675, #2617, #1719 ) ) ;
#3115 = EDGE_CURVE ( 'NONE', #336, #955, #2284, .T. ) ;
#3116 = DIRECTION ( 'NONE',  ( 1.000000000000000000, 0.000000000000000000, 0.000000000000000000 ) ) ;
#3117 = LINE ( 'NONE', #1870, #1674 ) ;
#3118 = EDGE_LOOP ( 'NONE', ( #877, #2186, #2394, #2336 ) ) ;
#3119 = AXIS2_PLACEMENT_3D ( 'NONE', #2122, #1389, #1623 ) ;
#3120 = DIRECTION ( 'NONE',  ( -3.755154367872270802E-13, 1.000000000000000000, 0.000000000000000000 ) ) ;
#3121 = CARTESIAN_POINT ( 'NONE',  ( 40.11927051499419150, -15.14999901659579251, -14.00000000000000000 ) ) ;
#3122 = ORIENTED_EDGE ( 'NONE', *, *, #363, .F. ) ;
#3123 = PRODUCT ( 'Component3', 'Component3', '', ( #185 ) ) ;
#3124 = CARTESIAN_POINT ( 'NONE',  ( -18.25000000000000000, 15.50000000000000000, -4.000000000000000000 ) ) ;
#3125 = EDGE_LOOP ( 'NONE', ( #418, #848, #1464, #806 ) ) ;
#3126 = DIRECTION ( 'NONE',  ( 0.000000000000000000, 0.000000000000000000, -1.000000000000000000 ) ) ;
#3127 = FACE_BOUND ( 'NONE', #649, .T. ) ;
#3128 = AXIS2_PLACEMENT_3D ( 'NONE', #2042, #3044, #1801 ) ;
#3129 = LINE ( 'NONE', #1644, #838 ) ;
#3130 = VERTEX_POINT ( 'NONE', #202 ) ;
#3131 = AXIS2_PLACEMENT_3D ( 'NONE', #1761, #2017, #2759 ) ;
#3132 = AXIS2_PLACEMENT_3D ( 'NONE', #872, #375, #337 ) ;
#3133 = ORIENTED_EDGE ( 'NONE', *, *, #1720, .T. ) ;
#3134 = CYLINDRICAL_SURFACE ( 'NONE', #726, 2.749999999999999112 ) ;
#3135 = DIRECTION ( 'NONE',  ( 1.000000000000000000, 0.000000000000000000, 0.000000000000000000 ) ) ;
#3136 = VERTEX_POINT ( 'NONE', #2212 ) ;
#3137 = ORIENTED_EDGE ( 'NONE', *, *, #291, .F. ) ;
#3138 = AXIS2_PLACEMENT_3D ( 'NONE', #1889, #353, #316 ) ;
#3139 = ADVANCED_FACE ( 'NONE', ( #3194 ), #1947, .F. ) ;
#3140 = ORIENTED_EDGE ( 'NONE', *, *, #2412, .F. ) ;
#3141 = EDGE_LOOP ( 'NONE', ( #2636, #2675, #839, #283 ) ) ;
#3142 = CIRCLE ( 'NONE', #1275, 2.749999999999999112 ) ;
#3143 = CARTESIAN_POINT ( 'NONE',  ( -13.75000000000000000, 15.50000000000000000, -11.00000000000000000 ) ) ;
#3144 = CARTESIAN_POINT ( 'NONE',  ( -2.500000000000003553, -21.50000000000000000, 6.000000000000000000 ) ) ;
#3145 = EDGE_CURVE ( 'NONE', #1217, #1291, #449, .T. ) ;
#3146 = AXIS2_PLACEMENT_3D ( 'NONE', #2651, #1916, #403 ) ;
#3147 = CARTESIAN_POINT ( 'NONE',  ( 17.25000000000000000, -15.50000000000000000, 0.000000000000000000 ) ) ;
#3148 = VECTOR ( 'NONE', #1567, 1000.000000000000000 ) ;
#3149 = ORIENTED_EDGE ( 'NONE', *, *, #470, .F. ) ;
#3150 = DIRECTION ( 'NONE',  ( 0.000000000000000000, 0.000000000000000000, -1.000000000000000000 ) ) ;
#3151 = FACE_BOUND ( 'NONE', #1167, .T. ) ;
#3152 = CARTESIAN_POINT ( 'NONE',  ( 25.00000000000000711, 24.99999999999858247, -14.00000000000000000 ) ) ;
#3153 = ORIENTED_EDGE ( 'NONE', *, *, #367, .F. ) ;
#3154 = CARTESIAN_POINT ( 'NONE',  ( 24.99999999999858602, -25.00000000000142109, -9.000000000000000000 ) ) ;
#3155 = DIRECTION ( 'NONE',  ( 0.9999999999999880096, -1.541213867473478944E-07, 0.000000000000000000 ) ) ;
#3156 = ORIENTED_EDGE ( 'NONE', *, *, #2335, .T. ) ;
#3157 = VERTEX_POINT ( 'NONE', #970 ) ;
#3158 = ADVANCED_FACE ( 'NONE', ( #1964 ), #2961, .F. ) ;
#3159 = CARTESIAN_POINT ( 'NONE',  ( 30.93178543347096721, -15.14999760060781675, -11.00000000000000000 ) ) ;
#3160 = CARTESIAN_POINT ( 'NONE',  ( 15.50000000000000000, -15.50000000000000000, -4.000000000000000000 ) ) ;
#3161 = ORIENTED_EDGE ( 'NONE', *, *, #612, .T. ) ;
#3162 = CARTESIAN_POINT ( 'NONE',  ( 40.99999999999997868, 40.99999999999999289, -146.9360748630709566 ) ) ;
#3163 = VERTEX_POINT ( 'NONE', #762 ) ;
#3164 = AXIS2_PLACEMENT_3D ( 'NONE', #214, #1461, #2902 ) ;
#3165 = CARTESIAN_POINT ( 'NONE',  ( 0.000000000000000000, -28.25000000000000000, -14.00000000000000000 ) ) ;
#3166 = CARTESIAN_POINT ( 'NONE',  ( 13.75000000000000000, -15.50000000000000000, -11.00000000000000000 ) ) ;
#3167 = CARTESIAN_POINT ( 'NONE',  ( -38.89999999999998437, -40.99999999999996447, -14.00000000000001243 ) ) ;
#3168 = ORIENTED_EDGE ( 'NONE', *, *, #704, .F. ) ;
#3169 = DIRECTION ( 'NONE',  ( 0.000000000000000000, 0.000000000000000000, -1.000000000000000000 ) ) ;
#3170 = FACE_BOUND ( 'NONE', #1507, .T. ) ;
#3171 = VECTOR ( 'NONE', #2724, 1000.000000000000000 ) ;
#3172 = ORIENTED_EDGE ( 'NONE', *, *, #1502, .F. ) ;
#3173 = ORIENTED_EDGE ( 'NONE', *, *, #3054, .F. ) ;
#3174 = AXIS2_PLACEMENT_3D ( 'NONE', #76, #2352, #2153 ) ;
#3175 = DIRECTION ( 'NONE',  ( 1.000000000000000000, 0.000000000000000000, 0.000000000000000000 ) ) ;
#3176 = CARTESIAN_POINT ( 'NONE',  ( 41.99999999999997158, 47.00000000000000000, -9.000000000000000000 ) ) ;
#3177 = ORIENTED_EDGE ( 'NONE', *, *, #2896, .T. ) ;
#3178 = ADVANCED_FACE ( 'NONE', ( #3263 ), #1458, .F. ) ;
#3179 = CIRCLE ( 'NONE', #1306, 2.500000000000000000 ) ;
#3180 = ADVANCED_FACE ( 'NONE', ( #1516 ), #246, .T. ) ;
#3181 = ORIENTED_EDGE ( 'NONE', *, *, #932, .T. ) ;
#3182 = LINE ( 'NONE', #1191, #132 ) ;
#3183 = DIRECTION ( 'NONE',  ( -1.000000000000000000, 0.000000000000000000, 0.000000000000000000 ) ) ;
#3184 = LINE ( 'NONE', #237, #1686 ) ;
#3185 = VERTEX_POINT ( 'NONE', #1910 ) ;
#3186 = DIRECTION ( 'NONE',  ( 1.000000000000000000, 0.000000000000000000, 0.000000000000000000 ) ) ;
#3187 = DIRECTION ( 'NONE',  ( 1.000000000000000000, -4.489296139698584633E-14, 0.000000000000000000 ) ) ;
#3188 = ORIENTED_EDGE ( 'NONE', *, *, #1395, .T. ) ;
#3189 = ORIENTED_EDGE ( 'NONE', *, *, #2613, .T. ) ;
#3190 = AXIS2_PLACEMENT_3D ( 'NONE', #2102, #894, #3120 ) ;
#3191 = VERTEX_POINT ( 'NONE', #2141 ) ;
#3192 = CARTESIAN_POINT ( 'NONE',  ( 15.50000000000000000, -15.50000000000000000, -11.00000000000000000 ) ) ;
#3193 = CONICAL_SURFACE ( 'NONE', #2032, 0.9999999999999870104, 0.7853981633974522758 ) ;
#3194 = FACE_OUTER_BOUND ( 'NONE', #2446, .T. ) ;
#3195 = VERTEX_POINT ( 'NONE', #2645 ) ;
#3196 = ADVANCED_FACE ( 'NONE', ( #898 ), #1654, .T. ) ;
#3197 = CIRCLE ( 'NONE', #1734, 1.750000000000001554 ) ;
#3198 = EDGE_LOOP ( 'NONE', ( #1601, #3122 ) ) ;
#3199 = ORIENTED_EDGE ( 'NONE', *, *, #2296, .F. ) ;
#3200 = CIRCLE ( 'NONE', #1486, 2.099999999999997868 ) ;
#3201 = EDGE_CURVE ( 'NONE', #1943, #1921, #2403, .T. ) ;
#3202 = CARTESIAN_POINT ( 'NONE',  ( -15.50000000000000000, 15.50000000000000000, -4.000000000000000000 ) ) ;
#3203 = CARTESIAN_POINT ( 'NONE',  ( 40.11927051499419150, -15.14999901659579251, -11.00000000000000000 ) ) ;
#3204 = CARTESIAN_POINT ( 'NONE',  ( 43.09999999999998010, 40.99999999999999289, -14.00000000000001243 ) ) ;
#3205 = VECTOR ( 'NONE', #2738, 1000.000000000000000 ) ;
#3206 = ORIENTED_EDGE ( 'NONE', *, *, #3115, .T. ) ;
#3207 = ADVANCED_FACE ( 'NONE', ( #1352 ), #111, .T. ) ;
#3208 = CARTESIAN_POINT ( 'NONE',  ( 19.53621395469427924, -19.14999584431670954, -14.00000000000000000 ) ) ;
#3209 = DIRECTION ( 'NONE',  ( 0.000000000000000000, 0.000000000000000000, -1.000000000000000000 ) ) ;
#3210 = VERTEX_POINT ( 'NONE', #148 ) ;
#3211 = ORIENTED_EDGE ( 'NONE', *, *, #279, .T. ) ;
#3212 = CARTESIAN_POINT ( 'NONE',  ( -23.00000000000176570, -25.00000000000000000, -14.00000000000000000 ) ) ;
#3213 = DIRECTION ( 'NONE',  ( 0.000000000000000000, 0.000000000000000000, 1.000000000000000000 ) ) ;
#3214 = CARTESIAN_POINT ( 'NONE',  ( 19.03222355961980128, 19.14999460016138855, -14.00000000000000000 ) ) ;
#3215 = DIRECTION ( 'NONE',  ( -1.000000000000000000, 0.000000000000000000, 0.000000000000000000 ) ) ;
#3216 = DIRECTION ( 'NONE',  ( 0.000000000000000000, 0.000000000000000000, 1.000000000000000000 ) ) ;
#3217 = FACE_OUTER_BOUND ( 'NONE', #1806, .T. ) ;
#3218 = EDGE_LOOP ( 'NONE', ( #59, #2256, #2884, #560 ) ) ;
#3219 = ADVANCED_FACE ( 'NONE', ( #914 ), #2367, .F. ) ;
#3220 = CARTESIAN_POINT ( 'NONE',  ( 38.89999999999999147, -40.99999999999995026, -9.000000000000000000 ) ) ;
#3221 = CARTESIAN_POINT ( 'NONE',  ( -41.99999999999997868, -42.00000000000000000, -14.00000000000001243 ) ) ;
#3222 = ORIENTED_EDGE ( 'NONE', *, *, #2112, .T. ) ;
#3223 = VERTEX_POINT ( 'NONE', #1151 ) ;
#3224 = EDGE_CURVE ( 'NONE', #890, #1430, #2614, .T. ) ;
#3225 = DIRECTION ( 'NONE',  ( -0.000000000000000000, -0.000000000000000000, 1.000000000000000000 ) ) ;
#3226 = DIRECTION ( 'NONE',  ( -0.7071067811865513475, 0.000000000000000000, 0.7071067811865435759 ) ) ;
#3227 = CARTESIAN_POINT ( 'NONE',  ( -17.25000000000000000, -15.50000000000000000, -4.000000000000000000 ) ) ;
#3228 = VECTOR ( 'NONE', #58, 1000.000000000000000 ) ;
#3229 = EDGE_CURVE ( 'NONE', #1649, #956, #69, .T. ) ;
#3230 = AXIS2_PLACEMENT_3D ( 'NONE', #3160, #845, #1670 ) ;
#3231 = EDGE_LOOP ( 'NONE', ( #2546, #853 ) ) ;
#3232 = AXIS2_PLACEMENT_3D ( 'NONE', #847, #1421, #2894 ) ;
#3233 = FACE_BOUND ( 'NONE', #907, .T. ) ;
#3234 = CARTESIAN_POINT ( 'NONE',  ( 19.53621395469421529, -18.78042947105270599, -11.00000000000000000 ) ) ;
#3235 = PLANE ( 'NONE',  #2931 ) ;
#3236 = ORIENTED_EDGE ( 'NONE', *, *, #3043, .F. ) ;
#3237 = DIRECTION ( 'NONE',  ( 0.000000000000000000, 0.000000000000000000, -1.000000000000000000 ) ) ;
#3238 = CYLINDRICAL_SURFACE ( 'NONE', #1704, 2.749999999999999112 ) ;
#3239 = EDGE_CURVE ( 'NONE', #399, #1786, #2703, .T. ) ;
#3240 = DIRECTION ( 'NONE',  ( 0.000000000000000000, 0.000000000000000000, -1.000000000000000000 ) ) ;
#3241 = VERTEX_POINT ( 'NONE', #3124 ) ;
#3242 = ORIENTED_EDGE ( 'NONE', *, *, #2493, .F. ) ;
#3243 = DIRECTION ( 'NONE',  ( 0.000000000000000000, 1.000000000000000000, -0.000000000000000000 ) ) ;
#3244 = CARTESIAN_POINT ( 'NONE',  ( 14.72035621488861601, -20.48944972696011746, -11.00000000000000000 ) ) ;
#3245 = EDGE_CURVE ( 'NONE', #322, #1648, #2337, .T. ) ;
#3246 = DIRECTION ( 'NONE',  ( -0.000000000000000000, -0.000000000000000000, 1.000000000000000000 ) ) ;
#3247 = CIRCLE ( 'NONE', #1521, 2.749999999999999112 ) ;
#3248 = VECTOR ( 'NONE', #2581, 1000.000000000000000 ) ;
#3249 = AXIS2_PLACEMENT_3D ( 'NONE', #605, #2855, #1613 ) ;
#3250 = EDGE_CURVE ( 'NONE', #1059, #2799, #342, .T. ) ;
#3251 = AXIS2_PLACEMENT_3D ( 'NONE', #241, #2254, #1462 ) ;
#3252 = CYLINDRICAL_SURFACE ( 'NONE', #2191, 2.749999999999999112 ) ;
#3253 = CYLINDRICAL_SURFACE ( 'NONE', #2583, 1.749999999999999778 ) ;
#3254 = DIRECTION ( 'NONE',  ( -1.000000000000000000, 0.000000000000000000, 0.000000000000000000 ) ) ;
#3255 = AXIS2_PLACEMENT_3D ( 'NONE', #219, #516, #2241 ) ;
#3256 = VERTEX_POINT ( 'NONE', #378 ) ;
#3257 = LINE ( 'NONE', #478, #1738 ) ;
#3258 = CARTESIAN_POINT ( 'NONE',  ( 13.75000000000000000, 15.50000000000000000, 0.000000000000000000 ) ) ;
#3259 = AXIS2_PLACEMENT_3D ( 'NONE', #194, #695, #1730 ) ;
#3260 = LINE ( 'NONE', #2006, #86 ) ;
#3261 = VERTEX_POINT ( 'NONE', #79 ) ;
#3262 = DIRECTION ( 'NONE',  ( -1.000000000000000000, 0.000000000000000000, 0.000000000000000000 ) ) ;
#3263 = FACE_OUTER_BOUND ( 'NONE', #127, .T. ) ;
#3264 = CARTESIAN_POINT ( 'NONE',  ( -38.89999999999999858, 40.99999999999999289, -9.000000000000000000 ) ) ;
#3265 = EDGE_CURVE ( 'NONE', #2131, #2033, #2440, .T. ) ;
ENDSEC;
END-ISO-10303-21;
