ISO-10303-21;
HEADER;
FILE_DESCRIPTION (( 'STEP AP214' ),
    '1' );
FILE_NAME ('mount servo.STEP',
    '2026-02-20T02:09:33',
    ( '' ),
    ( '' ),
    'SwSTEP 2.0',
    'SolidWorks 2023',
    '' );
FILE_SCHEMA (( 'AUTOMOTIVE_DESIGN' ));
ENDSEC;

DATA;
#1 = DIRECTION ( 'NONE',  ( 1.000000000000000000, -4.100245375925645010E-15, -5.390302858156090018E-15 ) ) ;
#2 = DIRECTION ( 'NONE',  ( 0.000000000000000000, 0.000000000000000000, 1.000000000000000000 ) ) ;
#3 = AXIS2_PLACEMENT_3D ( 'NONE', #3203, #3654, #1550 ) ;
#4 = EDGE_CURVE ( 'NONE', #2267, #5452, #4890, .T. ) ;
#5 = CIRCLE ( 'NONE', #2773, 0.8000000000000263567 ) ;
#6 = EDGE_CURVE ( 'NONE', #1215, #3853, #1056, .T. ) ;
#7 = LINE ( 'NONE', #3414, #718 ) ;
#8 = VERTEX_POINT ( 'NONE', #4084 ) ;
#9 = ORIENTED_EDGE ( 'NONE', *, *, #4053, .T. ) ;
#10 = CARTESIAN_POINT ( 'NONE',  ( 254.7438438631125450, -413.2765815524849700, -49.03463959627010382 ) ) ;
#11 = DIRECTION ( 'NONE',  ( -2.588550553618949751E-28, -1.000000000000000000, 0.000000000000000000 ) ) ;
#12 = CARTESIAN_POINT ( 'NONE',  ( 247.7438438631127724, -383.7551625365794621, -1.321536561858098430E-12 ) ) ;
#13 = VECTOR ( 'NONE', #3944, 1000.000000000000000 ) ;
#14 = EDGE_CURVE ( 'NONE', #657, #2687, #250, .T. ) ;
#15 = DIRECTION ( 'NONE',  ( 0.000000000000000000, -8.118505867570943445E-12, -1.000000000000000000 ) ) ;
#16 = LINE ( 'NONE', #3424, #1763 ) ;
#17 = EDGE_LOOP ( 'NONE', ( #870, #4057, #392, #1431 ) ) ;
#18 = CARTESIAN_POINT ( 'NONE',  ( 252.2438438631125450, -393.0051529810520492, -51.33259787371939353 ) ) ;
#19 = FACE_OUTER_BOUND ( 'NONE', #3391, .T. ) ;
#20 = ORIENTED_EDGE ( 'NONE', *, *, #1955, .T. ) ;
#21 = VERTEX_POINT ( 'NONE', #4331 ) ;
#22 = CARTESIAN_POINT ( 'NONE',  ( 283.0638438631135614, -402.4222864642725312, -21.39655090833618800 ) ) ;
#23 = CARTESIAN_POINT ( 'NONE',  ( 248.2438438631166946, -411.3436935540123045, -29.45707363015952751 ) ) ;
#24 = CARTESIAN_POINT ( 'NONE',  ( 250.2438438631167230, -394.4588139347337687, -28.51303570448351365 ) ) ;
#25 = ORIENTED_EDGE ( 'NONE', *, *, #3982, .T. ) ;
#26 = AXIS2_PLACEMENT_3D ( 'NONE', #2002, #3697, #231 ) ;
#27 = EDGE_LOOP ( 'NONE', ( #3823, #4202, #4565, #2568 ) ) ;
#28 = CARTESIAN_POINT ( 'NONE',  ( 286.2638438631131521, -417.4551529810585180, -28.10372101890803975 ) ) ;
#29 = LINE ( 'NONE', #2038, #381 ) ;
#30 = ORIENTED_EDGE ( 'NONE', *, *, #3254, .T. ) ;
#31 = DIRECTION ( 'NONE',  ( 1.000000000000000000, 2.571686551020499831E-28, 0.000000000000000000 ) ) ;
#32 = CARTESIAN_POINT ( 'NONE',  ( 286.2638438631131521, -402.7880194978440045, -21.39655090832723516 ) ) ;
#33 = DIRECTION ( 'NONE',  ( -5.375484819755820978E-15, 5.403240395375394196E-15, -1.000000000000000000 ) ) ;
#34 = VECTOR ( 'NONE', #3114, 1000.000000000000000 ) ;
#35 = ORIENTED_EDGE ( 'NONE', *, *, #1784, .F. ) ;
#36 = ORIENTED_EDGE ( 'NONE', *, *, #5021, .F. ) ;
#37 = ADVANCED_FACE ( 'NONE', ( #139 ), #3070, .F. ) ;
#38 = CARTESIAN_POINT ( 'NONE',  ( 247.7438438631123176, -422.7946075282545735, -50.04962560466349686 ) ) ;
#39 = CARTESIAN_POINT ( 'NONE',  ( 250.2438438631167230, -416.8125663060696979, -28.81599171555007999 ) ) ;
#40 = ADVANCED_FACE ( 'NONE', ( #4832 ), #2589, .F. ) ;
#41 = CARTESIAN_POINT ( 'NONE',  ( 250.7438438631130566, -422.7946075282544598, 5.759281940242999553E-13 ) ) ;
#42 = CARTESIAN_POINT ( 'NONE',  ( 275.7638438631135500, -415.1551625365865448, -21.11395431864299965 ) ) ;
#43 = CARTESIAN_POINT ( 'NONE',  ( 247.7438438631125166, -437.4551529810575516, -5.387485081522720876 ) ) ;
#44 = EDGE_CURVE ( 'NONE', #512, #440, #3863, .T. ) ;
#45 = EDGE_CURVE ( 'NONE', #899, #3856, #471, .T. ) ;
#46 = CARTESIAN_POINT ( 'NONE',  ( 248.2438438631167514, -393.6056804743944895, -29.61911860325791324 ) ) ;
#47 = ADVANCED_FACE ( 'NONE', ( #19 ), #559, .T. ) ;
#48 = ORIENTED_EDGE ( 'NONE', *, *, #4083, .F. ) ;
#49 = CARTESIAN_POINT ( 'NONE',  ( 244.7438438631124882, -412.0136670075229404, -29.75778694176169736 ) ) ;
#50 = CARTESIAN_POINT ( 'NONE',  ( 252.2438438631205315, -437.4551529810600528, -5.387485081523419872 ) ) ;
#51 = EDGE_CURVE ( 'NONE', #1644, #2556, #4577, .T. ) ;
#52 = ORIENTED_EDGE ( 'NONE', *, *, #276, .F. ) ;
#53 = CARTESIAN_POINT ( 'NONE',  ( 0.000000000000000000, -390.0551529810520606, 5.551115123125779547E-14 ) ) ;
#54 = CARTESIAN_POINT ( 'NONE',  ( 250.2438438631167799, -410.7318413997993503, -28.41193971195887258 ) ) ;
#55 = PLANE ( 'NONE',  #4737 ) ;
#56 = ORIENTED_EDGE ( 'NONE', *, *, #827, .F. ) ;
#57 = ORIENTED_EDGE ( 'NONE', *, *, #2978, .F. ) ;
#58 = CARTESIAN_POINT ( 'NONE',  ( 286.2638438630914948, -173.9229350340438600, 199.9116880372217508 ) ) ;
#59 = CARTESIAN_POINT ( 'NONE',  ( 270.5849629159504843, -408.6862753754344908, 3.500000000000170086 ) ) ;
#60 = VERTEX_POINT ( 'NONE', #3549 ) ;
#61 = DIRECTION ( 'NONE',  ( 0.000000000000000000, -1.000000000000000000, -2.775557561562769940E-17 ) ) ;
#62 = DIRECTION ( 'NONE',  ( -1.000000000000000000, -2.591739260015509782E-28, 0.000000000000000000 ) ) ;
#63 = CARTESIAN_POINT ( 'NONE',  ( 248.2438438631166946, -411.3436935540123045, -29.45707363015952751 ) ) ;
#64 = EDGE_LOOP ( 'NONE', ( #2984, #3870, #3351, #878 ) ) ;
#65 = VERTEX_POINT ( 'NONE', #5257 ) ;
#66 = CARTESIAN_POINT ( 'NONE',  ( 247.7438438631124882, -410.7051529810599959, -28.10372101890870411 ) ) ;
#67 = CARTESIAN_POINT ( 'NONE',  ( 283.0638438631135045, -411.2445984855424967, -7.219026328251987756 ) ) ;
#68 = DIRECTION ( 'NONE',  ( 0.000000000000000000, -2.220446049250091695E-13, 1.000000000000000000 ) ) ;
#69 = VECTOR ( 'NONE', #77, 1000.000000000000000 ) ;
#70 = DIRECTION ( 'NONE',  ( -1.000000000000000000, -2.587567724952325007E-28, 5.551115123125540522E-15 ) ) ;
#71 = CARTESIAN_POINT ( 'NONE',  ( 286.2638438631132090, -410.2051529810538568, -28.10372101890732921 ) ) ;
#72 = DIRECTION ( 'NONE',  ( 9.251858538542577792E-15, -3.700743415417031117E-14, 1.000000000000000000 ) ) ;
#73 = FACE_OUTER_BOUND ( 'NONE', #2525, .T. ) ;
#74 = ORIENTED_EDGE ( 'NONE', *, *, #193, .F. ) ;
#75 = CIRCLE ( 'NONE', #518, 20.00000000000084910 ) ;
#76 = EDGE_CURVE ( 'NONE', #1826, #3358, #470, .T. ) ;
#77 = DIRECTION ( 'NONE',  ( -2.934562567422035131E-27, -2.775557561562769940E-17, 1.000000000000000000 ) ) ;
#78 = EDGE_CURVE ( 'NONE', #4241, #1462, #1302, .T. ) ;
#79 = CARTESIAN_POINT ( 'NONE',  ( 248.2438438631124882, -410.7051529810520378, -28.10372101890870411 ) ) ;
#80 = CIRCLE ( 'NONE', #4099, 25.00000000000110134 ) ;
#81 = ORIENTED_EDGE ( 'NONE', *, *, #341, .T. ) ;
#82 = DIRECTION ( 'NONE',  ( 0.000000000000000000, 0.000000000000000000, -1.000000000000000000 ) ) ;
#83 = ADVANCED_FACE ( 'NONE', ( #3006 ), #2258, .T. ) ;
#84 = CARTESIAN_POINT ( 'NONE',  ( 0.000000000000000000, 0.000000000000000000, 3.500000000000000000 ) ) ;
#85 = ORIENTED_EDGE ( 'NONE', *, *, #3023, .T. ) ;
#86 = VERTEX_POINT ( 'NONE', #3458 ) ;
#87 = STYLED_ITEM ( 'NONE', ( #314 ), #3464 ) ;
#88 = CARTESIAN_POINT ( 'NONE',  ( 271.6117082393805049, -413.8551529810565057, 5.689893001203930299E-13 ) ) ;
#89 = DIRECTION ( 'NONE',  ( -6.551735914087510576E-16, 6.274183758044640255E-16, 1.000000000000000000 ) ) ;
#90 = ORIENTED_EDGE ( 'NONE', *, *, #2264, .F. ) ;
#91 = CARTESIAN_POINT ( 'NONE',  ( 259.5757685621569522, -405.9550530038495140, 2.081668171172170091E-14 ) ) ;
#92 = DIRECTION ( 'NONE',  ( -2.934562567422035131E-27, -2.775557561562769940E-17, 1.000000000000000000 ) ) ;
#93 = CARTESIAN_POINT ( 'NONE',  ( 283.0638438631135614, -410.2051529810540274, -28.10372101890899188 ) ) ;
#94 = ORIENTED_EDGE ( 'NONE', *, *, #2946, .F. ) ;
#95 = ORIENTED_EDGE ( 'NONE', *, *, #4834, .T. ) ;
#96 = CARTESIAN_POINT ( 'NONE',  ( 247.7438438631124598, -411.1314382095825408, -29.31879773705215086 ) ) ;
#97 = VECTOR ( 'NONE', #2297, 1000.000000000000000 ) ;
#98 = VECTOR ( 'NONE', #4526, 1000.000000000000000 ) ;
#99 = CARTESIAN_POINT ( 'NONE',  ( 275.7638438631135500, -402.6051529810570173, -21.11395431864304939 ) ) ;
#100 = DIRECTION ( 'NONE',  ( 0.000000000000000000, 0.000000000000000000, -1.000000000000000000 ) ) ;
#101 = FACE_OUTER_BOUND ( 'NONE', #1341, .T. ) ;
#102 = AXIS2_PLACEMENT_3D ( 'NONE', #4437, #989, #1856 ) ;
#103 = LINE ( 'NONE', #4772, #2660 ) ;
#104 = DIRECTION ( 'NONE',  ( 6.688090509789696866E-15, 0.000000000000000000, 1.000000000000000000 ) ) ;
#105 = CARTESIAN_POINT ( 'NONE',  ( 279.0638438631137888, -415.1551625365865448, -17.35762632444433251 ) ) ;
#106 = VECTOR ( 'NONE', #488, 1000.000000000000000 ) ;
#107 = CARTESIAN_POINT ( 'NONE',  ( 252.2438438631205315, -415.1551625365890459, -16.11395431864185213 ) ) ;
#108 = CARTESIAN_POINT ( 'NONE',  ( 280.7638438631205418, -395.8051529810530269, -5.257566461046199180 ) ) ;
#109 = ADVANCED_FACE ( 'NONE', ( #5162 ), #3429, .F. ) ;
#110 = VERTEX_POINT ( 'NONE', #4357 ) ;
#111 = DIRECTION ( 'NONE',  ( 2.588550553618949751E-28, 1.000000000000000000, 2.775557561562769940E-17 ) ) ;
#112 = EDGE_CURVE ( 'NONE', #4701, #2968, #2621, .T. ) ;
#113 =( BOUNDED_CURVE ( )  B_SPLINE_CURVE ( 3, ( #1224, #810, #5175, #4696 ),
 .UNSPECIFIED., .F., .T. ) 
 B_SPLINE_CURVE_WITH_KNOTS ( ( 4, 4 ),
 ( 3.141592653589960094, 4.712388980384580428 ),
 .UNSPECIFIED. ) 
 CURVE ( )  GEOMETRIC_REPRESENTATION_ITEM ( )  RATIONAL_B_SPLINE_CURVE ( ( 1.000000000000000000, 0.8047378541244299965, 0.8047378541244299965, 1.000000000000000000 ) ) 
 REPRESENTATION_ITEM ( '' )  );
#114 = DIRECTION ( 'NONE',  ( -1.000000000000000000, -1.577721810442023611E-30, -6.323447269022148859E-15 ) ) ;
#115 = ORIENTED_EDGE ( 'NONE', *, *, #5353, .T. ) ;
#116 = ORIENTED_EDGE ( 'NONE', *, *, #3425, .F. ) ;
#117 = DIRECTION ( 'NONE',  ( -2.938506871948265029E-27, 2.775557561562769940E-17, -1.000000000000000000 ) ) ;
#118 = DIRECTION ( 'NONE',  ( 1.000000000000000000, 4.738173134916859252E-14, 4.399283313151086745E-14 ) ) ;
#119 = VERTEX_POINT ( 'NONE', #499 ) ;
#120 = CARTESIAN_POINT ( 'NONE',  ( 247.7438438631125450, -393.0051529810575062, -29.75778694175781069 ) ) ;
#121 = CIRCLE ( 'NONE', #2614, 0.8000000000000194733 ) ;
#122 = EDGE_CURVE ( 'NONE', #1688, #2162, #3450, .T. ) ;
#123 = CARTESIAN_POINT ( 'NONE',  ( 252.5494798903066851, -419.1359052302214536, -13.41277192698638387 ) ) ;
#124 = ADVANCED_FACE ( 'NONE', ( #3096 ), #3755, .T. ) ;
#125 = VECTOR ( 'NONE', #1843, 1000.000000000000000 ) ;
#126 = FACE_BOUND ( 'NONE', #5399, .T. ) ;
#127 = ORIENTED_EDGE ( 'NONE', *, *, #2198, .F. ) ;
#128 = VERTEX_POINT ( 'NONE', #3478 ) ;
#129 = CARTESIAN_POINT ( 'NONE',  ( 250.7438438631130566, -382.4156914423934950, 0.0001239210058526230007 ) ) ;
#130 = DIRECTION ( 'NONE',  ( -0.7071064979897261349, -0.7071070643832554348, -4.628407415818453914E-16 ) ) ;
#131 = EDGE_CURVE ( 'NONE', #226, #3623, #3028, .T. ) ;
#132 = CARTESIAN_POINT ( 'NONE',  ( 284.2638438631131521, -417.4551529810585180, -28.10372101890805041 ) ) ;
#133 = AXIS2_PLACEMENT_3D ( 'NONE', #2096, #1759, #1733 ) ;
#134 = DIRECTION ( 'NONE',  ( -2.938506871948265029E-27, 2.775557561562769940E-17, -1.000000000000000000 ) ) ;
#135 = CARTESIAN_POINT ( 'NONE',  ( 247.7438438631123176, -418.1051625365869882, -53.41927046105096366 ) ) ;
#136 = DIRECTION ( 'NONE',  ( 1.000000000000000000, -4.100245375925645010E-15, -5.390302858156090018E-15 ) ) ;
#137 = CARTESIAN_POINT ( 'NONE',  ( 252.2438438631200484, -402.6051529810550278, -36.31927046105054302 ) ) ;
#138 = DIRECTION ( 'NONE',  ( -4.100245375925654476E-15, -1.000000000000000000, -2.775557561560559897E-17 ) ) ;
#139 = FACE_OUTER_BOUND ( 'NONE', #2240, .T. ) ;
#140 = ORIENTED_EDGE ( 'NONE', *, *, #2158, .F. ) ;
#141 = CARTESIAN_POINT ( 'NONE',  ( 269.4270466411540497, -399.6152267039544768, 6.938893903907229955E-15 ) ) ;
#142 = DIRECTION ( 'NONE',  ( -2.588550553618949751E-28, -1.000000000000000000, 0.000000000000000000 ) ) ;
#143 = ORIENTED_EDGE ( 'NONE', *, *, #1276, .F. ) ;
#144 = VERTEX_POINT ( 'NONE', #1765 ) ;
#145 = CARTESIAN_POINT ( 'NONE',  ( 275.7638438631205418, -415.1551625365860332, -5.184704601021969950 ) ) ;
#146 = CARTESIAN_POINT ( 'NONE',  ( 250.2438438631168651, -417.4551529810564716, 5.341063148448912824E-11 ) ) ;
#147 = EDGE_LOOP ( 'NONE', ( #4997, #736 ) ) ;
#148 = CARTESIAN_POINT ( 'NONE',  ( 269.4535903945139808, -397.6554064496554588, 0.000000000000000000 ) ) ;
#149 = CARTESIAN_POINT ( 'NONE',  ( 286.2638438631131521, -410.2051529810547095, -29.36554362226930692 ) ) ;
#150 =( BOUNDED_CURVE ( )  B_SPLINE_CURVE ( 3, ( #3021, #5146, #3867, #894 ),
 .UNSPECIFIED., .F., .T. ) 
 B_SPLINE_CURVE_WITH_KNOTS ( ( 4, 4 ),
 ( 3.141592653589600381, 4.712388980384670134 ),
 .UNSPECIFIED. ) 
 CURVE ( )  GEOMETRIC_REPRESENTATION_ITEM ( )  RATIONAL_B_SPLINE_CURVE ( ( 1.000000000000000000, 0.8047378541243229710, 0.8047378541243229710, 1.000000000000000000 ) ) 
 REPRESENTATION_ITEM ( '' )  );
#151 = EDGE_CURVE ( 'NONE', #3539, #2911, #1406, .T. ) ;
#152 = CARTESIAN_POINT ( 'NONE',  ( 247.7438438631124882, -402.6051529810544594, -36.31927046105040091 ) ) ;
#153 = ORIENTED_EDGE ( 'NONE', *, *, #1646, .T. ) ;
#154 = ADVANCED_FACE ( 'NONE', ( #549 ), #4375, .F. ) ;
#155 = ORIENTED_EDGE ( 'NONE', *, *, #3599, .F. ) ;
#156 = DIRECTION ( 'NONE',  ( -1.000000000000000000, 2.587054444033240106E-28, 5.390302858161300444E-15 ) ) ;
#157 = DIRECTION ( 'NONE',  ( -1.000000000000000000, -2.591739260015509782E-28, 5.390302858161300444E-15 ) ) ;
#158 = CARTESIAN_POINT ( 'NONE',  ( 252.2438438631125450, -387.1051529810540046, -51.81927046105180068 ) ) ;
#159 = EDGE_CURVE ( 'NONE', #3696, #5037, #5151, .T. ) ;
#160 = CARTESIAN_POINT ( 'NONE',  ( 250.2438438631168651, -402.6051529810575289, 4.191435715048242901E-26 ) ) ;
#161 = CARTESIAN_POINT ( 'NONE',  ( 248.2438438631167514, -394.4520354811019160, -28.56502628401889510 ) ) ;
#162 = LINE ( 'NONE', #3604, #4991 ) ;
#163 = LINE ( 'NONE', #1443, #260 ) ;
#164 = VERTEX_POINT ( 'NONE', #3989 ) ;
#165 = CARTESIAN_POINT ( 'NONE',  ( 333.5544984221299956, -333.5544984220099423, 3.500000000000049738 ) ) ;
#166 = ORIENTED_EDGE ( 'NONE', *, *, #4865, .F. ) ;
#167 = AXIS2_PLACEMENT_3D ( 'NONE', #3994, #1888, #2285 ) ;
#168 = ORIENTED_EDGE ( 'NONE', *, *, #2463, .T. ) ;
#169 = PLANE ( 'NONE',  #2558 ) ;
#170 = AXIS2_PLACEMENT_3D ( 'NONE', #2852, #2408, #1561 ) ;
#171 = DIRECTION ( 'NONE',  ( 1.861611915897166408E-27, -1.000000000000000000, -2.941487633175690366E-13 ) ) ;
#172 = ORIENTED_EDGE ( 'NONE', *, *, #3261, .F. ) ;
#173 = ORIENTED_EDGE ( 'NONE', *, *, #3609, .T. ) ;
#174 = CARTESIAN_POINT ( 'NONE',  ( 252.2438438631205315, -384.7551529810560282, -16.11395431864190186 ) ) ;
#175 = DIRECTION ( 'NONE',  ( 1.577721810442023611E-30, -1.000000000000000000, -2.347880546742574137E-39 ) ) ;
#176 = EDGE_LOOP ( 'NONE', ( #3921, #2993, #1758, #3327 ) ) ;
#177 = DIRECTION ( 'NONE',  ( -2.934562567422035131E-27, -2.775557561562769940E-17, 1.000000000000000000 ) ) ;
#178 = CARTESIAN_POINT ( 'NONE',  ( 250.2438438631172062, -403.4624173695300442, 61.09863079645612061 ) ) ;
#179 = CIRCLE ( 'NONE', #1957, 3.000000000000127454 ) ;
#180 = CARTESIAN_POINT ( 'NONE',  ( 259.5806399101679744, -399.6152286385559478, 2.775557561562889773E-14 ) ) ;
#181 = VERTEX_POINT ( 'NONE', #4346 ) ;
#182 = EDGE_LOOP ( 'NONE', ( #2715, #1153 ) ) ;
#183 = DIRECTION ( 'NONE',  ( 0.000000000000000000, 0.000000000000000000, 1.000000000000000000 ) ) ;
#184 = ADVANCED_FACE ( 'NONE', ( #3872 ), #4766, .F. ) ;
#185 = FACE_OUTER_BOUND ( 'NONE', #17, .T. ) ;
#186 = EDGE_CURVE ( 'NONE', #2119, #4660, #5185, .T. ) ;
#187 = CARTESIAN_POINT ( 'NONE',  ( 248.2438438631129998, -389.7551529810564830, -29.75778694175719963 ) ) ;
#188 = CARTESIAN_POINT ( 'NONE',  ( 278.6827760512480268, -416.7840851691960324, -1.179611963664229834E-13 ) ) ;
#189 = AXIS2_PLACEMENT_3D ( 'NONE', #1027, #1899, #1813 ) ;
#190 = CARTESIAN_POINT ( 'NONE',  ( 0.000000000000000000, -421.4551529810605075, -17.08305600077179776 ) ) ;
#191 = DIRECTION ( 'NONE',  ( -1.000000000000000000, -2.591739260015509782E-28, 5.390302858161300444E-15 ) ) ;
#192 = FACE_OUTER_BOUND ( 'NONE', #2071, .T. ) ;
#193 = EDGE_CURVE ( 'NONE', #1514, #2385, #4923, .T. ) ;
#194 = AXIS2_PLACEMENT_3D ( 'NONE', #4682, #2253, #2137 ) ;
#195 = VERTEX_POINT ( 'NONE', #38 ) ;
#196 = DIRECTION ( 'NONE',  ( -1.000000000000000000, -2.591739260015509782E-28, 0.000000000000000000 ) ) ;
#197 = AXIS2_PLACEMENT_3D ( 'NONE', #3540, #5244, #985 ) ;
#198 = DIRECTION ( 'NONE',  ( -1.000000000000000000, 4.100245375925650532E-15, 5.390302858162440348E-15 ) ) ;
#199 = ORIENTED_EDGE ( 'NONE', *, *, #3798, .F. ) ;
#200 = ORIENTED_EDGE ( 'NONE', *, *, #2608, .T. ) ;
#201 = CARTESIAN_POINT ( 'NONE',  ( 0.000000000000000000, -387.7551529810519924, 3.500000000000655032 ) ) ;
#202 = ORIENTED_EDGE ( 'NONE', *, *, #159, .T. ) ;
#203 = CARTESIAN_POINT ( 'NONE',  ( 272.2638438631130384, -392.3551529810545162, -3.569270461046630150 ) ) ;
#204 = CARTESIAN_POINT ( 'NONE',  ( 253.4196173578046114, -418.0717264005109541, -10.32049225843992879 ) ) ;
#205 = CARTESIAN_POINT ( 'NONE',  ( 284.2638438631135500, -412.2051529810540274, -30.25778694176115025 ) ) ;
#206 = VECTOR ( 'NONE', #5376, 1000.000000000000000 ) ;
#207 = EDGE_LOOP ( 'NONE', ( #2380, #5444, #532, #2881 ) ) ;
#208 = ORIENTED_EDGE ( 'NONE', *, *, #76, .T. ) ;
#209 = CARTESIAN_POINT ( 'NONE',  ( 248.2438438631173767, -388.6339307808205490, -29.27266575548419780 ) ) ;
#210 = DIRECTION ( 'NONE',  ( 5.576766167467870875E-15, -2.775557561562769940E-17, 1.000000000000000000 ) ) ;
#211 = EDGE_CURVE ( 'NONE', #3215, #3156, #2280, .T. ) ;
#212 = CARTESIAN_POINT ( 'NONE',  ( 267.3068997049110180, -397.9896504474289713, 0.000000000000000000 ) ) ;
#213 = DIRECTION ( 'NONE',  ( 1.000000000000000000, 0.000000000000000000, -1.600298409602159776E-16 ) ) ;
#214 = VECTOR ( 'NONE', #2209, 1000.000000000000000 ) ;
#215 = CARTESIAN_POINT ( 'NONE',  ( 248.2438438631167514, -416.7623278929561934, -28.91430644436794495 ) ) ;
#216 = VECTOR ( 'NONE', #1118, 1000.000000000000000 ) ;
#217 = CARTESIAN_POINT ( 'NONE',  ( -8.326672684688669004E-14, -415.1551625365869995, -16.11395431864040262 ) ) ;
#218 = DIRECTION ( 'NONE',  ( 1.000000000000000000, 2.603240987229334922E-28, 4.903502001796260478E-15 ) ) ;
#219 = VERTEX_POINT ( 'NONE', #1354 ) ;
#220 = ADVANCED_FACE ( 'NONE', ( #2219 ), #3086, .F. ) ;
#221 = CARTESIAN_POINT ( 'NONE',  ( 286.2638438631131521, -412.8551529810515035, -28.01927046105038954 ) ) ;
#222 = EDGE_CURVE ( 'NONE', #2935, #3701, #3141, .T. ) ;
#223 = VERTEX_POINT ( 'NONE', #4319 ) ;
#224 = DIRECTION ( 'NONE',  ( -1.000000000000000000, -2.591739260015509782E-28, 5.390302858161300444E-15 ) ) ;
#225 = FACE_OUTER_BOUND ( 'NONE', #4355, .T. ) ;
#226 = VERTEX_POINT ( 'NONE', #3899 ) ;
#227 = ADVANCED_FACE ( 'NONE', ( #3931 ), #3510, .F. ) ;
#228 = VERTEX_POINT ( 'NONE', #3962 ) ;
#229 = CARTESIAN_POINT ( 'NONE',  ( 239.7940963948070134, -387.1051529810490024, -20.81927046104895140 ) ) ;
#230 = ORIENTED_EDGE ( 'NONE', *, *, #5278, .F. ) ;
#231 = DIRECTION ( 'NONE',  ( 0.000000000000000000, 0.000000000000000000, -1.000000000000000000 ) ) ;
#232 = CARTESIAN_POINT ( 'NONE',  ( 253.2795356538106830, -418.1876651843665513, -10.75068933289191619 ) ) ;
#233 = DIRECTION ( 'NONE',  ( 5.390302858156090018E-15, 0.000000000000000000, 1.000000000000000000 ) ) ;
#234 = ORIENTED_EDGE ( 'NONE', *, *, #3769, .T. ) ;
#235 = VERTEX_POINT ( 'NONE', #956 ) ;
#236 = DIRECTION ( 'NONE',  ( 1.000000000000000000, 2.571686551020499831E-28, 0.000000000000000000 ) ) ;
#237 = CARTESIAN_POINT ( 'NONE',  ( 250.2438438631167230, -393.3140339775780490, -29.72225937924802608 ) ) ;
#238 = APPLICATION_PROTOCOL_DEFINITION ( 'draft international standard', 'automotive_design', 1998, #1975 ) ;
#239 = CARTESIAN_POINT ( 'NONE',  ( 239.7940963948065018, -418.1051625365869882, -53.41927046105096366 ) ) ;
#240 = DIRECTION ( 'NONE',  ( -2.069112679631010718E-29, 1.000000000000000000, 3.022624238443876632E-15 ) ) ;
#241 = CARTESIAN_POINT ( 'NONE',  ( 248.2438438631167514, -416.9451125413014552, -28.29121686792385404 ) ) ;
#242 = CARTESIAN_POINT ( 'NONE',  ( 248.2438438631164956, -388.2979024181559566, -28.67062335264850148 ) ) ;
#243 = CARTESIAN_POINT ( 'NONE',  ( 252.2438438631130566, -382.4156984338530378, -21.57525726631494933 ) ) ;
#244 = DIRECTION ( 'NONE',  ( 1.000000000000000000, 1.130782987723907893E-13, 0.000000000000000000 ) ) ;
#245 = EDGE_LOOP ( 'NONE', ( #3960, #4648, #1353, #3218 ) ) ;
#246 = EDGE_CURVE ( 'NONE', #2687, #676, #2665, .T. ) ;
#247 = PLANE ( 'NONE',  #1312 ) ;
#248 = EDGE_CURVE ( 'NONE', #1461, #5038, #1529, .T. ) ;
#249 = VECTOR ( 'NONE', #4984, 1000.000000000000000 ) ;
#250 = LINE ( 'NONE', #1950, #1177 ) ;
#251 = ORIENTED_EDGE ( 'NONE', *, *, #5073, .T. ) ;
#252 = DIRECTION ( 'NONE',  ( 2.955703974856545048E-18, 2.771553465678209848E-17, -1.000000000000000000 ) ) ;
#253 = EDGE_LOOP ( 'NONE', ( #4424, #1379, #3301, #1115, #1699 ) ) ;
#254 = CYLINDRICAL_SURFACE ( 'NONE', #26, 1.600000000000066702 ) ;
#255 = DIRECTION ( 'NONE',  ( 1.000000000000000000, -4.100245375925645010E-15, -5.390302858156090018E-15 ) ) ;
#256 = CIRCLE ( 'NONE', #4183, 1.000000000000272449 ) ;
#257 = ADVANCED_FACE ( 'NONE', ( #2697 ), #1852, .F. ) ;
#258 = DIRECTION ( 'NONE',  ( -4.100245375926698928E-15, -1.000000000000000000, -1.954825190608649715E-13 ) ) ;
#259 = VERTEX_POINT ( 'NONE', #659 ) ;
#260 = VECTOR ( 'NONE', #3149, 1000.000000000000000 ) ;
#261 = ORIENTED_EDGE ( 'NONE', *, *, #1271, .F. ) ;
#262 = CARTESIAN_POINT ( 'NONE',  ( 255.2438438631130566, -420.4551529810599959, -0.009999999998795689252 ) ) ;
#263 = CARTESIAN_POINT ( 'NONE',  ( 250.2438438631167230, -394.2945708177143729, -29.00789016849900648 ) ) ;
#264 = CARTESIAN_POINT ( 'NONE',  ( 0.000000000000000000, -417.4551529810574948, 3.500000000000690115 ) ) ;
#265 = ORIENTED_EDGE ( 'NONE', *, *, #5446, .T. ) ;
#266 = CARTESIAN_POINT ( 'NONE',  ( 247.7438438631127724, -387.7551529810480133, 2.442433538953547423 ) ) ;
#267 = CYLINDRICAL_SURFACE ( 'NONE', #1604, 1.599999999999778044 ) ;
#268 = LINE ( 'NONE', #2916, #4377 ) ;
#269 = LINE ( 'NONE', #1108, #4625 ) ;
#270 = DIRECTION ( 'NONE',  ( 1.000000000000000000, 8.881784197001244750E-14, 0.000000000000000000 ) ) ;
#271 = CIRCLE ( 'NONE', #4472, 0.2999999999996165734 ) ;
#272 = ORIENTED_EDGE ( 'NONE', *, *, #131, .F. ) ;
#273 = B_SPLINE_CURVE_WITH_KNOTS ( 'NONE', 3,
 ( #2659, #5271, #1458, #2771, #3080, #4896, #980, #2692, #655, #2359, #123, #1878, #3167, #1823, #3534, #5237, #4401, #4066, #570, #3593, #4454, #3561, #3137, #623, #232, #2330, #204, #2275, #3985, #951, #4845, #1584, #2478, #5001, #4513, #306, #3721, #679, #774, #4118, #281, #2900, #2382, #1091, #4190, #3747, #329, #5027, #2062, #1193, #5354, #2432, #4608, #3698, #362, #4140, #1510, #2455 ),
 .UNSPECIFIED., .F., .F.,
 ( 4, 2, 2, 1, 1, 1, 1, 2, 2, 2, 2, 1, 1, 1, 1, 2, 2, 2, 1, 1, 1, 2, 2, 2, 1, 1, 1, 1, 2, 2, 2, 1, 1, 1, 1, 1, 2, 2, 4 ),
 ( 0.000000000000000000, 0.1250000000004181377, 0.1875000000006278034, 0.2187500000007336909, 0.2343750000007866208, 0.2421875000008090473, 0.2460937500008178735, 0.2480468750008195389, 0.2500000000008211765, 0.3750000000009378609, 0.4375000000009942602, 0.4687500000010225709, 0.4843750000010366707, 0.4921875000010454970, 0.4960937500010499379, 0.4980468750010499934, 0.5000000000010500489, 0.5625000000009166001, 0.5937500000008498757, 0.6093750000008162360, 0.6171875000008003598, 0.6210937500007962520, 0.6250000000007920331, 0.6875000000007309708, 0.7187500000007038814, 0.7343750000006905587, 0.7421875000006814549, 0.7460937500006746825, 0.7480468750006712408, 0.7500000000006676881, 0.8125000000006905587, 0.8437500000007044365, 0.8593750000007109868, 0.8671875000007164269, 0.8710937500007168710, 0.8730468750007175371, 0.8740234375007174261, 0.8750000000007174261, 1.000000000000000000 ),
 .UNSPECIFIED. ) ;
#274 = AXIS2_PLACEMENT_3D ( 'NONE', #2182, #117, #3499 ) ;
#275 = CIRCLE ( 'NONE', #4475, 5.399998675014783700 ) ;
#276 = EDGE_CURVE ( 'NONE', #3453, #3027, #2308, .T. ) ;
#277 = EDGE_LOOP ( 'NONE', ( #4558, #2541, #4727, #2979 ) ) ;
#278 = CARTESIAN_POINT ( 'NONE',  ( 258.4227210156200272, -396.5240383460960061, 2.084808353965014837E-14 ) ) ;
#279 = ORIENTED_EDGE ( 'NONE', *, *, #825, .T. ) ;
#280 = CARTESIAN_POINT ( 'NONE',  ( 248.2438438631167514, -416.8368543349600372, -28.76846093529882609 ) ) ;
#281 = CARTESIAN_POINT ( 'NONE',  ( 254.1936866210965889, -417.6449516633327335, -8.136362038902950289 ) ) ;
#282 = AXIS2_PLACEMENT_3D ( 'NONE', #4850, #4018, #183 ) ;
#283 = CARTESIAN_POINT ( 'NONE',  ( 250.2438438631168651, -416.8651529810529723, -5.961326781298471011E-13 ) ) ;
#284 = EDGE_CURVE ( 'NONE', #4108, #1587, #5196, .T. ) ;
#285 = VERTEX_POINT ( 'NONE', #3597 ) ;
#286 = ORIENTED_EDGE ( 'NONE', *, *, #4626, .T. ) ;
#287 = CARTESIAN_POINT ( 'NONE',  ( 250.7438438631125450, -422.7946075282565062, -50.04962560466170629 ) ) ;
#288 = EDGE_CURVE ( 'NONE', #5077, #119, #2777, .T. ) ;
#289 = EDGE_CURVE ( 'NONE', #195, #1012, #2723, .T. ) ;
#290 = CARTESIAN_POINT ( 'NONE',  ( 250.2438438631167230, -394.4520354811019160, -28.56502628401890576 ) ) ;
#291 = DIRECTION ( 'NONE',  ( 0.000000000000000000, -1.000000000000000000, -3.022624238443877027E-15 ) ) ;
#292 = ORIENTED_EDGE ( 'NONE', *, *, #523, .T. ) ;
#293 = LINE ( 'NONE', #4129, #4011 ) ;
#294 = CARTESIAN_POINT ( 'NONE',  ( 286.2638438631132090, -395.0051529810524471, -29.36554362226570447 ) ) ;
#295 = ADVANCED_FACE ( 'NONE', ( #2806 ), #5332, .F. ) ;
#296 = DIRECTION ( 'NONE',  ( -2.588550553618949751E-28, -1.000000000000000000, -2.775557561562769940E-17 ) ) ;
#297 = FACE_OUTER_BOUND ( 'NONE', #1102, .T. ) ;
#298 = DIRECTION ( 'NONE',  ( 1.000000000000000000, 2.603240987229339855E-28, 4.903502001790830749E-15 ) ) ;
#299 = AXIS2_PLACEMENT_3D ( 'NONE', #2329, #2244, #1374 ) ;
#300 = ORIENTED_EDGE ( 'NONE', *, *, #2843, .T. ) ;
#301 = AXIS2_PLACEMENT_3D ( 'NONE', #2698, #3569, #130 ) ;
#302 = ORIENTED_EDGE ( 'NONE', *, *, #211, .T. ) ;
#303 = CARTESIAN_POINT ( 'NONE',  ( 248.2438438631129998, -412.8551529810540046, -6.319270461050158438 ) ) ;
#304 = ORIENTED_EDGE ( 'NONE', *, *, #5035, .T. ) ;
#305 = CARTESIAN_POINT ( 'NONE',  ( 251.2438438631205315, -390.0551529810555280, -5.184704601020859727 ) ) ;
#306 = CARTESIAN_POINT ( 'NONE',  ( 253.8772586492839025, -417.7829626849398892, -9.000762850596061071 ) ) ;
#307 = DIRECTION ( 'NONE',  ( 0.000000000000000000, 0.000000000000000000, -1.000000000000000000 ) ) ;
#308 = ORIENTED_EDGE ( 'NONE', *, *, #2089, .F. ) ;
#309 = EDGE_LOOP ( 'NONE', ( #1205, #1488, #4629, #1396, #5348, #3802, #95, #2189, #4040, #1872, #20, #4135, #762, #4364, #1249, #3889, #387 ) ) ;
#310 = PLANE ( 'NONE',  #2786 ) ;
#311 = CARTESIAN_POINT ( 'NONE',  ( 250.2438438631168083, -410.7051529810522084, -28.30891402476949281 ) ) ;
#312 = EDGE_CURVE ( 'NONE', #3832, #5037, #1798, .T. ) ;
#313 = ADVANCED_FACE ( 'NONE', ( #1910 ), #712, .T. ) ;
#314 = PRESENTATION_STYLE_ASSIGNMENT (( #3728 ) ) ;
#315 = EDGE_LOOP ( 'NONE', ( #3497, #2985 ) ) ;
#316 = CARTESIAN_POINT ( 'NONE',  ( 244.7438438631129998, -393.5791547231015102, -29.67648740350090009 ) ) ;
#317 = CARTESIAN_POINT ( 'NONE',  ( 247.7438438631123176, -415.2051529810545389, -54.35368201230490115 ) ) ;
#318 = CYLINDRICAL_SURFACE ( 'NONE', #621, 4.750000000000188294 ) ;
#319 =( BOUNDED_SURFACE ( )  B_SPLINE_SURFACE ( 3, 1, ( 
 ( #4749, #2733 ),
 ( #3494, #3524 ),
 ( #3043, #2263 ),
 ( #1366, #1751 ) ),
 .UNSPECIFIED., .F., .F., .F. ) 
 B_SPLINE_SURFACE_WITH_KNOTS ( ( 4, 4 ),
 ( 2, 2 ),
 ( 1.570796326794914988, 3.141592653589985407 ),
 ( 0.000000000000000000, 1.000000000000000000 ),
 .UNSPECIFIED. ) 
 GEOMETRIC_REPRESENTATION_ITEM ( )  RATIONAL_B_SPLINE_SURFACE ( (
 ( 1.000000000000000000, 1.000000000000000000),
 ( 0.8047378541243229710, 0.8047378541243229710),
 ( 0.8047378541243229710, 0.8047378541243229710),
 ( 1.000000000000000000, 1.000000000000000000) ) ) 
 REPRESENTATION_ITEM ( '' )  SURFACE ( )  );
#320 = EDGE_CURVE ( 'NONE', #1261, #500, #464, .T. ) ;
#321 = CIRCLE ( 'NONE', #1298, 4.750000000000191847 ) ;
#322 = CARTESIAN_POINT ( 'NONE',  ( 312.3934261990560799, -417.4551529810593706, -17.35762632444433251 ) ) ;
#323 = CARTESIAN_POINT ( 'NONE',  ( 253.6472979062993716, -387.2969120052720200, -9.650876881029034848 ) ) ;
#324 = EDGE_LOOP ( 'NONE', ( #1903, #2542, #1093, #2932 ) ) ;
#325 = ORIENTED_EDGE ( 'NONE', *, *, #4493, .F. ) ;
#326 = CARTESIAN_POINT ( 'NONE',  ( 286.2638438631131521, -392.3551529810525267, -27.21927046104643821 ) ) ;
#327 = ORIENTED_EDGE ( 'NONE', *, *, #4420, .F. ) ;
#328 = CARTESIAN_POINT ( 'NONE',  ( 248.2438438631167514, -416.8828134603165267, -28.61050253981843028 ) ) ;
#329 = CARTESIAN_POINT ( 'NONE',  ( 254.4930239120019451, -417.5503047938252621, -7.339326451434873277 ) ) ;
#330 = VECTOR ( 'NONE', #4244, 1000.000000000000000 ) ;
#331 = DIRECTION ( 'NONE',  ( -1.000000000000000000, -2.597324530440179576E-28, 1.600298409602159776E-16 ) ) ;
#332 = ORIENTED_EDGE ( 'NONE', *, *, #1380, .T. ) ;
#333 = VERTEX_POINT ( 'NONE', #5306 ) ;
#334 = DIRECTION ( 'NONE',  ( 1.000000000000000000, 2.603240987229334922E-28, 4.903502001796260478E-15 ) ) ;
#335 = VECTOR ( 'NONE', #3968, 1000.000000000000000 ) ;
#336 = DIRECTION ( 'NONE',  ( 1.000000000000000000, -3.469446951954116535E-14, 0.000000000000000000 ) ) ;
#337 = VECTOR ( 'NONE', #3323, 1000.000000000000000 ) ;
#338 = CYLINDRICAL_SURFACE ( 'NONE', #1595, 0.8000000000000367928 ) ;
#339 = ORIENTED_EDGE ( 'NONE', *, *, #4020, .F. ) ;
#340 = ORIENTED_EDGE ( 'NONE', *, *, #1919, .F. ) ;
#341 = EDGE_CURVE ( 'NONE', #5265, #830, #601, .T. ) ;
#342 = CARTESIAN_POINT ( 'NONE',  ( 286.2638438631130384, -417.4551529810545389, 3.500000000000679901 ) ) ;
#343 = DIRECTION ( 'NONE',  ( -4.115297384348140285E-16, -4.392853140481130413E-16, 1.000000000000000000 ) ) ;
#344 = ADVANCED_FACE ( 'NONE', ( #1463 ), #5052, .F. ) ;
#345 = AXIS2_PLACEMENT_3D ( 'NONE', #1157, #346, #2867 ) ;
#346 = DIRECTION ( 'NONE',  ( 1.000000000000000000, 2.591739260015509782E-28, -5.551115123125540522E-15 ) ) ;
#347 = LINE ( 'NONE', #2051, #1247 ) ;
#348 = AXIS2_PLACEMENT_3D ( 'NONE', #137, #2343, #1915 ) ;
#349 = CARTESIAN_POINT ( 'NONE',  ( 254.8008159020608332, -387.7223110587520978, -6.534131393439442270 ) ) ;
#350 = CIRCLE ( 'NONE', #3663, 1.600000000000070033 ) ;
#351 = B_SPLINE_CURVE_WITH_KNOTS ( 'NONE', 1,
 ( #1575, #1158 ),
 .UNSPECIFIED., .F., .F.,
 ( 2, 2 ),
 ( 0.000000000000000000, 1.000000000000000000 ),
 .UNSPECIFIED. ) ;
#352 = EDGE_CURVE ( 'NONE', #5037, #1345, #1069, .T. ) ;
#353 = EDGE_LOOP ( 'NONE', ( #1049, #5347, #4508, #4916 ) ) ;
#354 = EDGE_CURVE ( 'NONE', #3708, #5357, #3902, .T. ) ;
#355 = VECTOR ( 'NONE', #2383, 1000.000000000000000 ) ;
#356 = ORIENTED_EDGE ( 'NONE', *, *, #4359, .F. ) ;
#357 = CIRCLE ( 'NONE', #3, 5.399998675014949789 ) ;
#358 = AXIS2_PLACEMENT_3D ( 'NONE', #2076, #405, #721 ) ;
#359 = CARTESIAN_POINT ( 'NONE',  ( 247.7438438631124882, -410.7051529810599959, -28.10372101890870411 ) ) ;
#360 = ORIENTED_EDGE ( 'NONE', *, *, #3609, .F. ) ;
#361 = DIRECTION ( 'NONE',  ( -0.8547223983729679286, 0.5190853703578645062, 1.928799208880521029E-15 ) ) ;
#362 = CARTESIAN_POINT ( 'NONE',  ( 254.7206453307485106, -417.5011279088272431, -6.742803837486644802 ) ) ;
#363 = AXIS2_PLACEMENT_3D ( 'NONE', #4072, #3115, #686 ) ;
#364 = CARTESIAN_POINT ( 'NONE',  ( 286.2638438631130384, -409.4051529810495254, -5.257566461046049966 ) ) ;
#365 = ORIENTED_EDGE ( 'NONE', *, *, #851, .T. ) ;
#366 = ORIENTED_EDGE ( 'NONE', *, *, #2347, .F. ) ;
#367 = CARTESIAN_POINT ( 'NONE',  ( 283.0638438631135614, -418.1051625365879545, -20.81927046104912549 ) ) ;
#368 = CARTESIAN_POINT ( 'NONE',  ( 259.5806399101679744, -399.6152286385559478, 2.775557561562889773E-14 ) ) ;
#369 = ORIENTED_EDGE ( 'NONE', *, *, #3318, .F. ) ;
#370 = VECTOR ( 'NONE', #1013, 1000.000000000000000 ) ;
#371 = LINE ( 'NONE', #864, #1274 ) ;
#372 = VECTOR ( 'NONE', #1618, 1000.000000000000000 ) ;
#373 = CARTESIAN_POINT ( 'NONE',  ( 247.7438438631125166, -421.4551529810565285, -17.38748508152509942 ) ) ;
#374 = ORIENTED_EDGE ( 'NONE', *, *, #2853, .F. ) ;
#375 = EDGE_LOOP ( 'NONE', ( #816, #1901, #3898, #366 ) ) ;
#376 = CARTESIAN_POINT ( 'NONE',  ( 252.2438438631205315, -420.4551529810594843, -5.387485081523419872 ) ) ;
#377 = CARTESIAN_POINT ( 'NONE',  ( 248.2438438631129998, -416.0591693206005175, -29.66768596524805091 ) ) ;
#378 = DIRECTION ( 'NONE',  ( 1.000000000000000000, 1.577721810442023611E-30, 6.323447269022148859E-15 ) ) ;
#379 = CARTESIAN_POINT ( 'NONE',  ( 286.2638438631131521, -387.7551529810523903, -29.36554362226473458 ) ) ;
#380 = CARTESIAN_POINT ( 'NONE',  ( 254.2457243063029750, -387.5842740786390550, -7.996523681582563547 ) ) ;
#381 = VECTOR ( 'NONE', #5119, 1000.000000000000000 ) ;
#382 = ORIENTED_EDGE ( 'NONE', *, *, #4291, .T. ) ;
#383 = ADVANCED_FACE ( 'NONE', ( #3703 ), #4490, .F. ) ;
#384 = ORIENTED_EDGE ( 'NONE', *, *, #4586, .F. ) ;
#385 = CARTESIAN_POINT ( 'NONE',  ( 283.0638438631134477, -412.8551529810570173, -3.569270461051193610 ) ) ;
#386 = AXIS2_PLACEMENT_3D ( 'NONE', #3925, #1904, #5301 ) ;
#387 = ORIENTED_EDGE ( 'NONE', *, *, #3570, .F. ) ;
#388 = CARTESIAN_POINT ( 'NONE',  ( 283.0638438631135614, -417.4551529810580064, -17.35762632444433251 ) ) ;
#389 = CARTESIAN_POINT ( 'NONE',  ( 279.0638438631146414, -402.6051529810572447, -17.35762632444511766 ) ) ;
#390 = EDGE_CURVE ( 'NONE', #538, #3436, #993, .T. ) ;
#391 = LINE ( 'NONE', #2117, #446 ) ;
#392 = ORIENTED_EDGE ( 'NONE', *, *, #994, .F. ) ;
#393 = ORIENTED_EDGE ( 'NONE', *, *, #1273, .F. ) ;
#394 = DIRECTION ( 'NONE',  ( 0.000000000000000000, 0.000000000000000000, -1.000000000000000000 ) ) ;
#395 = DIRECTION ( 'NONE',  ( 1.000000000000000000, -4.100245375925645010E-15, -5.390302858156090018E-15 ) ) ;
#396 = EDGE_LOOP ( 'NONE', ( #2630, #5164, #127, #5120 ) ) ;
#397 = DIRECTION ( 'NONE',  ( 5.421137469927709952E-30, 2.775557561562769940E-17, -1.000000000000000000 ) ) ;
#398 = CARTESIAN_POINT ( 'NONE',  ( 248.2438438631129998, -410.7051529810600528, -28.10372101890750329 ) ) ;
#399 = CARTESIAN_POINT ( 'NONE',  ( 247.7438438631126019, -388.6339307808281092, -29.27266575548329897 ) ) ;
#400 = ORIENTED_EDGE ( 'NONE', *, *, #3222, .F. ) ;
#401 = ORIENTED_EDGE ( 'NONE', *, *, #4144, .F. ) ;
#402 = CARTESIAN_POINT ( 'NONE',  ( 247.7438438631125450, -393.0051529810575062, -29.75778694175781069 ) ) ;
#403 = CARTESIAN_POINT ( 'NONE',  ( 270.5849629159514507, -408.6862753754355140, 1.451087155391375784E-15 ) ) ;
#404 = CARTESIAN_POINT ( 'NONE',  ( 284.2638438631135500, -410.2051529810540274, -28.10372101890750329 ) ) ;
#405 = DIRECTION ( 'NONE',  ( 0.000000000000000000, -2.775557561562769940E-17, 1.000000000000000000 ) ) ;
#406 = PLANE ( 'NONE',  #1243 ) ;
#407 = ORIENTED_EDGE ( 'NONE', *, *, #530, .F. ) ;
#408 = EDGE_LOOP ( 'NONE', ( #1851, #5538, #3401, #3459 ) ) ;
#409 = ADVANCED_FACE ( 'NONE', ( #759, #837, #2543, #5056, #4251 ), #4166, .F. ) ;
#410 = CARTESIAN_POINT ( 'NONE',  ( 247.7438438631124882, -416.5763751812874602, -29.27266575549294814 ) ) ;
#411 = ORIENTED_EDGE ( 'NONE', *, *, #1573, .T. ) ;
#412 = LINE ( 'NONE', #2113, #4090 ) ;
#413 = ADVANCED_FACE ( 'NONE', ( #2883 ), #3833, .F. ) ;
#414 = DIRECTION ( 'NONE',  ( 5.551115123125683306E-15, 0.000000000000000000, -1.000000000000000000 ) ) ;
#415 = CARTESIAN_POINT ( 'NONE',  ( 255.2438438631205315, -387.7551529810530155, -16.11395431864179884 ) ) ;
#416 = ORIENTED_EDGE ( 'NONE', *, *, #1270, .T. ) ;
#417 = VERTEX_POINT ( 'NONE', #3725 ) ;
#418 = FACE_OUTER_BOUND ( 'NONE', #1792, .T. ) ;
#419 = CARTESIAN_POINT ( 'NONE',  ( 269.4319200245620323, -405.9550509998219923, -6.938893903907229955E-15 ) ) ;
#420 = AXIS2_PLACEMENT_3D ( 'NONE', #2234, #5229, #4361 ) ;
#421 = ORIENTED_EDGE ( 'NONE', *, *, #4417, .F. ) ;
#422 = DIRECTION ( 'NONE',  ( -0.7071067811863656072, 0.7071067811867294273, -1.852834589100408155E-16 ) ) ;
#423 = EDGE_CURVE ( 'NONE', #5141, #5411, #1170, .T. ) ;
#424 = DIRECTION ( 'NONE',  ( 1.000000000000000000, -4.100245375925654476E-15, 0.000000000000000000 ) ) ;
#425 = DIRECTION ( 'NONE',  ( 1.000000000000000000, 2.606507364415020158E-28, 0.000000000000000000 ) ) ;
#426 = ORIENTED_EDGE ( 'NONE', *, *, #5416, .F. ) ;
#427 = VECTOR ( 'NONE', #3259, 1000.000000000000000 ) ;
#428 = ORIENTED_EDGE ( 'NONE', *, *, #2011, .T. ) ;
#429 = CARTESIAN_POINT ( 'NONE',  ( 286.2638438631130384, -412.8551529810525267, -3.569270461050525256 ) ) ;
#430 = CARTESIAN_POINT ( 'NONE',  ( 247.7438438631124882, -418.1051625365879545, -20.81927046104895140 ) ) ;
#431 = CARTESIAN_POINT ( 'NONE',  ( 283.0638438631136182, -395.0051529810527313, -28.10372101890466823 ) ) ;
#432 = AXIS2_PLACEMENT_3D ( 'NONE', #3107, #4816, #3192 ) ;
#433 = FACE_OUTER_BOUND ( 'NONE', #1873, .T. ) ;
#434 = CARTESIAN_POINT ( 'NONE',  ( 254.7254043141560373, -387.7100184916324679, -6.730373017359516652 ) ) ;
#435 = CIRCLE ( 'NONE', #3571, 1.600000000000066702 ) ;
#436 = ORIENTED_EDGE ( 'NONE', *, *, #288, .T. ) ;
#437 = AXIS2_PLACEMENT_3D ( 'NONE', #3940, #4799, #992 ) ;
#438 = DIRECTION ( 'NONE',  ( -7.241496590895680305E-30, 2.775557561562769940E-17, -1.000000000000000000 ) ) ;
#439 = ORIENTED_EDGE ( 'NONE', *, *, #4491, .F. ) ;
#440 = VERTEX_POINT ( 'NONE', #3752 ) ;
#441 = VECTOR ( 'NONE', #1204, 1000.000000000000000 ) ;
#442 = CARTESIAN_POINT ( 'NONE',  ( 247.7438438631125166, -421.8187893446890939, -17.85761468114154127 ) ) ;
#443 = CARTESIAN_POINT ( 'NONE',  ( 0.000000000000000000, -387.7551529810519924, 3.500000000000655032 ) ) ;
#444 = ADVANCED_FACE ( 'NONE', ( #5008 ), #2007, .T. ) ;
#445 = CARTESIAN_POINT ( 'NONE',  ( 250.2438438631166662, -394.4962339227121788, -28.30901404691797296 ) ) ;
#446 = VECTOR ( 'NONE', #5504, 1000.000000000000000 ) ;
#447 = ORIENTED_EDGE ( 'NONE', *, *, #4833, .T. ) ;
#448 = VERTEX_POINT ( 'NONE', #3381 ) ;
#449 = CARTESIAN_POINT ( 'NONE',  ( 250.2438438631138240, -389.7551529810494912, -29.75778694175800965 ) ) ;
#450 = CARTESIAN_POINT ( 'NONE',  ( 281.0638438631135045, -415.4551529810569832, -30.25778694176245054 ) ) ;
#451 = ORIENTED_EDGE ( 'NONE', *, *, #4936, .F. ) ;
#452 = DIRECTION ( 'NONE',  ( 1.000000000000000000, 2.591739260015509782E-28, -5.390302858161300444E-15 ) ) ;
#453 = DIRECTION ( 'NONE',  ( 1.000000000000000000, 2.571686551020499831E-28, 0.000000000000000000 ) ) ;
#454 = VECTOR ( 'NONE', #4103, 1000.000000000000000 ) ;
#455 = VECTOR ( 'NONE', #2020, 1000.000000000000000 ) ;
#456 = ADVANCED_FACE ( 'NONE', ( #418 ), #3352, .F. ) ;
#457 = CARTESIAN_POINT ( 'NONE',  ( 247.7438438631124882, -412.8551529810555394, -28.01927046105095087 ) ) ;
#458 = ORIENTED_EDGE ( 'NONE', *, *, #3877, .F. ) ;
#459 = EDGE_CURVE ( 'NONE', #2334, #2935, #2933, .T. ) ;
#460 = VERTEX_POINT ( 'NONE', #1175 ) ;
#461 = DIRECTION ( 'NONE',  ( 0.000000000000000000, -2.391975506554779607E-13, -1.000000000000000000 ) ) ;
#462 = CARTESIAN_POINT ( 'NONE',  ( 250.2438438631167799, -416.9337359590021492, -28.40042938110867610 ) ) ;
#463 = CARTESIAN_POINT ( 'NONE',  ( 283.0638438631134477, -387.7551529810521629, -3.941032595217851320 ) ) ;
#464 = CIRCLE ( 'NONE', #4655, 1.000000000000272449 ) ;
#465 = DIRECTION ( 'NONE',  ( -6.323447269022148859E-15, -2.775557561562769940E-17, 1.000000000000000000 ) ) ;
#466 = EDGE_CURVE ( 'NONE', #4983, #5200, #648, .T. ) ;
#467 = CARTESIAN_POINT ( 'NONE',  ( 252.5938012132803010, -386.1616357821181396, -13.21093998933882929 ) ) ;
#468 = ORIENTED_EDGE ( 'NONE', *, *, #1964, .T. ) ;
#469 = CARTESIAN_POINT ( 'NONE',  ( 247.7438438631126019, -417.4551529810577222, -5.387485081523395891 ) ) ;
#470 = CIRCLE ( 'NONE', #3138, 20.00000000000084910 ) ;
#471 = LINE ( 'NONE', #997, #4847 ) ;
#472 =( BOUNDED_CURVE ( )  B_SPLINE_CURVE ( 3, ( #28, #479, #5143, #1397 ),
 .UNSPECIFIED., .F., .T. ) 
 B_SPLINE_CURVE_WITH_KNOTS ( ( 4, 4 ),
 ( 1.570796326794914988, 3.141592653589985407 ),
 .UNSPECIFIED. ) 
 CURVE ( )  GEOMETRIC_REPRESENTATION_ITEM ( )  RATIONAL_B_SPLINE_CURVE ( ( 1.000000000000000000, 0.8047378541243229710, 0.8047378541243229710, 1.000000000000000000 ) ) 
 REPRESENTATION_ITEM ( '' )  );
#473 = ORIENTED_EDGE ( 'NONE', *, *, #4215, .F. ) ;
#474 = CARTESIAN_POINT ( 'NONE',  ( 253.2538438631129907, -391.3551529810545162, 1.047772979489992091E-12 ) ) ;
#475 = CARTESIAN_POINT ( 'NONE',  ( 248.2438438631166946, -411.2216317034619806, -29.36259380685059384 ) ) ;
#476 = DIRECTION ( 'NONE',  ( -2.597795017352004895E-28, -1.000000000000000000, -8.652395524561738697E-42 ) ) ;
#477 = ORIENTED_EDGE ( 'NONE', *, *, #3264, .T. ) ;
#478 = ORIENTED_EDGE ( 'NONE', *, *, #1646, .F. ) ;
#479 = CARTESIAN_POINT ( 'NONE',  ( 286.2638438631132090, -417.4551529810578927, -29.36554362227035853 ) ) ;
#480 = CARTESIAN_POINT ( 'NONE',  ( 250.2438438631167799, -392.3551529810545162, -27.21927046104772430 ) ) ;
#481 = ORIENTED_EDGE ( 'NONE', *, *, #4, .F. ) ;
#482 = DIRECTION ( 'NONE',  ( 1.000000000000000000, -1.953170615159336744E-13, 0.000000000000000000 ) ) ;
#483 = DIRECTION ( 'NONE',  ( 0.000000000000000000, 0.000000000000000000, -1.000000000000000000 ) ) ;
#484 = CARTESIAN_POINT ( 'NONE',  ( 248.2438438631129998, -412.2051529810515262, -29.75778694176250028 ) ) ;
#485 = AXIS2_PLACEMENT_3D ( 'NONE', #1830, #1490, #4435 ) ;
#486 = ORIENTED_EDGE ( 'NONE', *, *, #3463, .T. ) ;
#487 = EDGE_LOOP ( 'NONE', ( #900, #2845, #3328, #5501 ) ) ;
#488 = DIRECTION ( 'NONE',  ( -2.588550553618949751E-28, -1.000000000000000000, -2.775557561562769940E-17 ) ) ;
#489 = EDGE_CURVE ( 'NONE', #1659, #3271, #4567, .T. ) ;
#490 = CARTESIAN_POINT ( 'NONE',  ( 250.2438438631167799, -416.9498800180904823, -27.96530097146153793 ) ) ;
#491 = CARTESIAN_POINT ( 'NONE',  ( 283.0638438631135614, -395.0051529810524471, -29.36554362226711845 ) ) ;
#492 = ADVANCED_FACE ( 'NONE', ( #737 ), #310, .T. ) ;
#493 = CARTESIAN_POINT ( 'NONE',  ( 247.7438188631123239, -417.4551529810555053, -19.35725555766502382 ) ) ;
#494 = CARTESIAN_POINT ( 'NONE',  ( 253.2900101116247242, -387.0316725910543596, -10.71813585963833937 ) ) ;
#495 = CARTESIAN_POINT ( 'NONE',  ( 284.2638438631135500, -387.7551529810525039, -28.10372101890339991 ) ) ;
#496 = VERTEX_POINT ( 'NONE', #4640 ) ;
#497 = EDGE_CURVE ( 'NONE', #219, #2895, #5459, .T. ) ;
#498 = CARTESIAN_POINT ( 'NONE',  ( 247.7438188631123239, -387.7551529810480133, -22.28128961277079512 ) ) ;
#499 = CARTESIAN_POINT ( 'NONE',  ( 250.2438438631168651, -390.0551529810535385, -5.013131725768572799 ) ) ;
#500 = VERTEX_POINT ( 'NONE', #3329 ) ;
#501 = CARTESIAN_POINT ( 'NONE',  ( 275.7638438631130384, -402.6051529810575289, -0.1847046010213030109 ) ) ;
#502 = LINE ( 'NONE', #1753, #2943 ) ;
#503 = ORIENTED_EDGE ( 'NONE', *, *, #2646, .F. ) ;
#504 = EDGE_LOOP ( 'NONE', ( #3359, #5029 ) ) ;
#505 = VECTOR ( 'NONE', #2084, 1000.000000000000000 ) ;
#506 = CYLINDRICAL_SURFACE ( 'NONE', #2947, 1.600000000000052713 ) ;
#507 = DIRECTION ( 'NONE',  ( -5.375484819755821767E-15, -1.311658095809257297E-13, -1.000000000000000000 ) ) ;
#508 = ORIENTED_EDGE ( 'NONE', *, *, #763, .T. ) ;
#509 = FACE_OUTER_BOUND ( 'NONE', #658, .T. ) ;
#510 = CARTESIAN_POINT ( 'NONE',  ( 248.2438438631129998, -410.7051529810590296, -28.32229449178255010 ) ) ;
#511 = CARTESIAN_POINT ( 'NONE',  ( 248.2438438631166946, -410.7586039894493410, -28.56669253873713998 ) ) ;
#512 = VERTEX_POINT ( 'NONE', #5031 ) ;
#513 = AXIS2_PLACEMENT_3D ( 'NONE', #4272, #2593, #2148 ) ;
#514 = ORIENTED_EDGE ( 'NONE', *, *, #1230, .T. ) ;
#515 = DIRECTION ( 'NONE',  ( 1.000000000000000000, 1.577721810442023611E-30, 6.323447269022148859E-15 ) ) ;
#516 = LINE ( 'NONE', #403, #1280 ) ;
#517 = CARTESIAN_POINT ( 'NONE',  ( 284.2638438631133795, -394.1767258563065184, -30.25778694175753358 ) ) ;
#518 = AXIS2_PLACEMENT_3D ( 'NONE', #1833, #2671, #555 ) ;
#519 = EDGE_CURVE ( 'NONE', #2152, #682, #1199, .T. ) ;
#520 = DIRECTION ( 'NONE',  ( 2.588550553618949751E-28, 1.000000000000000000, 0.000000000000000000 ) ) ;
#521 = CARTESIAN_POINT ( 'NONE',  ( 248.2438438631129998, -412.2051529810515262, -29.75778694176250028 ) ) ;
#522 = CARTESIAN_POINT ( 'NONE',  ( 284.2638438631135500, -389.7551529810519924, -30.25778694175724937 ) ) ;
#523 = EDGE_CURVE ( 'NONE', #1233, #5241, #3502, .T. ) ;
#524 = DIRECTION ( 'NONE',  ( 0.8547223983801784941, -0.5190853703459917812, -1.970432572342546009E-15 ) ) ;
#525 = ORIENTED_EDGE ( 'NONE', *, *, #754, .F. ) ;
#526 = CIRCLE ( 'NONE', #1498, 3.000000000000130562 ) ;
#527 = LINE ( 'NONE', #995, #4979 ) ;
#528 = CARTESIAN_POINT ( 'NONE',  ( 281.0638438631135045, -395.0051529810530155, -28.10372101890395413 ) ) ;
#529 = VECTOR ( 'NONE', #3763, 1000.000000000000000 ) ;
#530 = EDGE_CURVE ( 'NONE', #735, #4360, #113, .T. ) ;
#531 = EDGE_CURVE ( 'NONE', #1532, #2325, #1357, .T. ) ;
#532 = ORIENTED_EDGE ( 'NONE', *, *, #4029, .F. ) ;
#533 = CARTESIAN_POINT ( 'NONE',  ( 283.0638438631136182, -417.4551529810580064, -28.10372101890959229 ) ) ;
#534 = LINE ( 'NONE', #1924, #2046 ) ;
#535 = ORIENTED_EDGE ( 'NONE', *, *, #4771, .F. ) ;
#536 = ADVANCED_FACE ( 'NONE', ( #3953 ), #3017, .F. ) ;
#537 = CIRCLE ( 'NONE', #2360, 0.8000000000000367928 ) ;
#538 = VERTEX_POINT ( 'NONE', #4725 ) ;
#539 = VECTOR ( 'NONE', #2434, 1000.000000000000000 ) ;
#540 = CARTESIAN_POINT ( 'NONE',  ( 247.7438438631126871, -383.9790125980704829, -17.08305600077185105 ) ) ;
#541 = CARTESIAN_POINT ( 'NONE',  ( 279.0638438631156077, -387.7551529810516513, -17.35762632444511766 ) ) ;
#542 = ORIENTED_EDGE ( 'NONE', *, *, #3798, .T. ) ;
#543 = CARTESIAN_POINT ( 'NONE',  ( 255.2438438631130566, -384.7551529810535271, 2.442433538954905003 ) ) ;
#544 = CARTESIAN_POINT ( 'NONE',  ( 284.2638438631132090, -412.2051529810540274, -30.25778694176115025 ) ) ;
#545 = AXIS2_PLACEMENT_3D ( 'NONE', #3465, #4721, #857 ) ;
#546 = FACE_BOUND ( 'NONE', #2634, .T. ) ;
#547 = ORIENTED_EDGE ( 'NONE', *, *, #51, .T. ) ;
#548 = ORIENTED_EDGE ( 'NONE', *, *, #3838, .F. ) ;
#549 = FACE_OUTER_BOUND ( 'NONE', #2736, .T. ) ;
#550 = VECTOR ( 'NONE', #3438, 1000.000000000000000 ) ;
#551 = VECTOR ( 'NONE', #4471, 1000.000000000000000 ) ;
#552 = CARTESIAN_POINT ( 'NONE',  ( 252.2438438631130566, -387.1051529810490024, -19.21927046104933368 ) ) ;
#553 = CARTESIAN_POINT ( 'NONE',  ( 284.2638438631135500, -415.4551529810574948, -30.25778694176195316 ) ) ;
#554 = CARTESIAN_POINT ( 'NONE',  ( 283.0638438631134477, -417.4551529810580064, 1.777431901308459695E-12 ) ) ;
#555 = DIRECTION ( 'NONE',  ( 5.551115123125546833E-15, -9.992007221625984772E-14, 1.000000000000000000 ) ) ;
#556 = CARTESIAN_POINT ( 'NONE',  ( 248.2438438631167514, -394.4007815998538717, -28.70917604089691721 ) ) ;
#557 = PLANE ( 'NONE',  #1591 ) ;
#558 = CARTESIAN_POINT ( 'NONE',  ( 244.7438438631124882, -411.1314382095825408, -29.31879773705215086 ) ) ;
#559 = PLANE ( 'NONE',  #1450 ) ;
#560 = ORIENTED_EDGE ( 'NONE', *, *, #4314, .T. ) ;
#561 = CYLINDRICAL_SURFACE ( 'NONE', #1214, 10.00000000000000888 ) ;
#562 = ADVANCED_FACE ( 'NONE', ( #1310 ), #506, .F. ) ;
#563 = CARTESIAN_POINT ( 'NONE',  ( 283.0638438631135045, -395.8051529810480247, -5.257566461045806605 ) ) ;
#564 = ORIENTED_EDGE ( 'NONE', *, *, #5443, .T. ) ;
#565 = ORIENTED_EDGE ( 'NONE', *, *, #159, .F. ) ;
#566 = DIRECTION ( 'NONE',  ( 1.000000000000000000, -3.944304526105059027E-31, -5.375484819755820978E-15 ) ) ;
#567 = CARTESIAN_POINT ( 'NONE',  ( 250.2438438631168083, -390.0551529810570059, -16.11395431864189121 ) ) ;
#568 = ORIENTED_EDGE ( 'NONE', *, *, #4715, .F. ) ;
#569 = CYLINDRICAL_SURFACE ( 'NONE', #1989, 3.000000000000002665 ) ;
#570 = CARTESIAN_POINT ( 'NONE',  ( 253.1476999783027111, -418.3079208788204255, -11.16768943336487752 ) ) ;
#571 = ADVANCED_FACE ( 'NONE', ( #1730 ), #3864, .F. ) ;
#572 = FACE_OUTER_BOUND ( 'NONE', #4243, .T. ) ;
#573 = ORIENTED_EDGE ( 'NONE', *, *, #2885, .T. ) ;
#574 = ORIENTED_EDGE ( 'NONE', *, *, #1745, .T. ) ;
#575 = CARTESIAN_POINT ( 'NONE',  ( 247.7438438631124598, -411.6311512390144571, -29.67648740350434267 ) ) ;
#576 = CARTESIAN_POINT ( 'NONE',  ( 250.2438438631168083, -415.5652814240062298, -29.75778694176312200 ) ) ;
#577 = AXIS2_PLACEMENT_3D ( 'NONE', #3963, #988, #3598 ) ;
#578 = DIRECTION ( 'NONE',  ( -2.934562567422035131E-27, -2.775557561562769940E-17, 1.000000000000000000 ) ) ;
#579 = DIRECTION ( 'NONE',  ( 6.719962059620649723E-17, 8.289495518492838217E-17, 1.000000000000000000 ) ) ;
#580 = CARTESIAN_POINT ( 'NONE',  ( 248.2438438631129998, -394.5051529810505713, -28.10372101890485297 ) ) ;
#581 = CARTESIAN_POINT ( 'NONE',  ( 239.7940963948070134, -387.1051529810490024, -22.41927046104902033 ) ) ;
#582 = DIRECTION ( 'NONE',  ( 0.000000000000000000, -7.586524001611862959E-12, 1.000000000000000000 ) ) ;
#583 = CARTESIAN_POINT ( 'NONE',  ( 247.4938438631129998, -422.7946075282504808, -21.57525726631470064 ) ) ;
#584 = ORIENTED_EDGE ( 'NONE', *, *, #2497, .T. ) ;
#585 = EDGE_LOOP ( 'NONE', ( #393, #5419, #447, #4538 ) ) ;
#586 = CARTESIAN_POINT ( 'NONE',  ( 250.2438438631169220, -387.7551529810480133, 3.500000000001036504 ) ) ;
#587 = CARTESIAN_POINT ( 'NONE',  ( 250.2438438631167799, -393.5118317913467649, -29.66450524393026456 ) ) ;
#588 = ADVANCED_FACE ( 'NONE', ( #2208 ), #919, .T. ) ;
#589 = ORIENTED_EDGE ( 'NONE', *, *, #932, .F. ) ;
#590 = ORIENTED_EDGE ( 'NONE', *, *, #3094, .F. ) ;
#591 = LINE ( 'NONE', #145, #4645 ) ;
#592 = CARTESIAN_POINT ( 'NONE',  ( 286.2638438631130953, -411.2445984855405072, -7.219026328250690128 ) ) ;
#593 = ADVANCED_FACE ( 'NONE', ( #4756 ), #1756, .F. ) ;
#594 = EDGE_LOOP ( 'NONE', ( #5109, #2430, #711, #1568 ) ) ;
#595 = CYLINDRICAL_SURFACE ( 'NONE', #2801, 0.8000000000000506706 ) ;
#596 = CARTESIAN_POINT ( 'NONE',  ( 271.6117082393805049, -423.8551529810570173, 5.551115123125780683E-13 ) ) ;
#597 = VECTOR ( 'NONE', #3077, 1000.000000000000000 ) ;
#598 = CARTESIAN_POINT ( 'NONE',  ( 248.2438438631129998, -393.0051529810500597, -29.75778694175869887 ) ) ;
#599 = ORIENTED_EDGE ( 'NONE', *, *, #4834, .F. ) ;
#600 = ORIENTED_EDGE ( 'NONE', *, *, #4617, .F. ) ;
#601 = LINE ( 'NONE', #2414, #1613 ) ;
#602 = EDGE_CURVE ( 'NONE', #3358, #2607, #5206, .T. ) ;
#603 = CARTESIAN_POINT ( 'NONE',  ( 250.2438438631167799, -415.8863710132650340, -29.68896474187358336 ) ) ;
#604 = DIRECTION ( 'NONE',  ( -1.000000000000000000, 4.100245375925650532E-15, 6.688090509789690555E-15 ) ) ;
#605 = DIRECTION ( 'NONE',  ( 4.440892098500430524E-15, 0.000000000000000000, 1.000000000000000000 ) ) ;
#606 = CARTESIAN_POINT ( 'NONE',  ( 281.0638438631131066, -388.5835801057983190, -30.25778694175700778 ) ) ;
#607 = DIRECTION ( 'NONE',  ( 0.000000000000000000, 2.775557561269314916E-17, -1.000000000000000000 ) ) ;
#608 = VECTOR ( 'NONE', #5319, 1000.000000000000000 ) ;
#609 = FACE_OUTER_BOUND ( 'NONE', #408, .T. ) ;
#610 = VERTEX_POINT ( 'NONE', #5233 ) ;
#611 = CARTESIAN_POINT ( 'NONE',  ( 247.7438438631125166, -437.4551529810575516, -5.387485081522720876 ) ) ;
#612 = VECTOR ( 'NONE', #3004, 1000.000000000000000 ) ;
#613 = VERTEX_POINT ( 'NONE', #88 ) ;
#614 = CARTESIAN_POINT ( 'NONE',  ( 259.8883451881389988, -405.4082151764924902, 0.000000000000000000 ) ) ;
#615 = AXIS2_PLACEMENT_3D ( 'NONE', #1661, #1752, #414 ) ;
#616 = CARTESIAN_POINT ( 'NONE',  ( 239.7940963948070134, -387.1051529810485476, -50.21927046105042791 ) ) ;
#617 = ORIENTED_EDGE ( 'NONE', *, *, #757, .F. ) ;
#618 = ORIENTED_EDGE ( 'NONE', *, *, #2616, .T. ) ;
#619 = CARTESIAN_POINT ( 'NONE',  ( 286.2638438631133795, -417.4551529810555053, -22.28128536443305308 ) ) ;
#620 = ORIENTED_EDGE ( 'NONE', *, *, #3052, .T. ) ;
#621 = AXIS2_PLACEMENT_3D ( 'NONE', #5015, #3285, #2048 ) ;
#622 = DIRECTION ( 'NONE',  ( -0.9999082869240575322, 0.01354318059381433466, -2.579815504874586543E-18 ) ) ;
#623 = CARTESIAN_POINT ( 'NONE',  ( 253.2767105407617976, -418.1901150775902920, -10.75948449153145425 ) ) ;
#624 = EDGE_CURVE ( 'NONE', #1262, #235, #5288, .T. ) ;
#625 = EDGE_CURVE ( 'NONE', #4694, #4849, #3076, .T. ) ;
#626 = AXIS2_PLACEMENT_3D ( 'NONE', #4774, #937, #2226 ) ;
#627 = DIRECTION ( 'NONE',  ( 1.000000000000000000, -3.944304526105059027E-31, -5.375484819755820978E-15 ) ) ;
#628 = AXIS2_PLACEMENT_3D ( 'NONE', #4982, #1622, #2861 ) ;
#629 = EDGE_LOOP ( 'NONE', ( #4606, #5406, #3893, #1117 ) ) ;
#630 = EDGE_LOOP ( 'NONE', ( #279, #2927, #2147, #4782 ) ) ;
#631 = CARTESIAN_POINT ( 'NONE',  ( 283.0638438631135045, -409.4051529810495254, -5.257566461046066841 ) ) ;
#632 = DIRECTION ( 'NONE',  ( 1.000000000000000000, 2.563797941968289713E-28, -2.939295732853489987E-27 ) ) ;
#633 = EDGE_CURVE ( 'NONE', #1624, #4867, #4783, .T. ) ;
#634 = EDGE_CURVE ( 'NONE', #3097, #1023, #472, .T. ) ;
#635 = AXIS2_PLACEMENT_3D ( 'NONE', #637, #3543, #5309 ) ;
#636 = EDGE_CURVE ( 'NONE', #235, #747, #947, .T. ) ;
#637 = CARTESIAN_POINT ( 'NONE',  ( 248.2438438631129998, -392.3551529810529814, -7.319270461046549769 ) ) ;
#638 = DIRECTION ( 'NONE',  ( 1.000000000000000000, 2.606507364415020158E-28, 0.000000000000000000 ) ) ;
#639 = CIRCLE ( 'NONE', #1969, 3.000000000000127454 ) ;
#640 = DIRECTION ( 'NONE',  ( -1.000000000000000000, -2.591739260015509782E-28, 5.390302858161300444E-15 ) ) ;
#641 = CARTESIAN_POINT ( 'NONE',  ( 249.6538438631139911, -417.4551529810560169, -5.898059818321139072E-13 ) ) ;
#642 = DIRECTION ( 'NONE',  ( 0.000000000000000000, 0.000000000000000000, 1.000000000000000000 ) ) ;
#643 = CIRCLE ( 'NONE', #4478, 20.00000000000084910 ) ;
#644 = EDGE_CURVE ( 'NONE', #8, #3853, #3673, .T. ) ;
#645 = CARTESIAN_POINT ( 'NONE',  ( 250.2438438631167230, -412.2051529810515262, -29.75778694176248607 ) ) ;
#646 = ORIENTED_EDGE ( 'NONE', *, *, #996, .T. ) ;
#647 = DIRECTION ( 'NONE',  ( 1.000000000000000000, -4.100245375925645010E-15, -5.390302858156090018E-15 ) ) ;
#648 = CIRCLE ( 'NONE', #3766, 0.3599999999998500511 ) ;
#649 = CARTESIAN_POINT ( 'NONE',  ( 250.2438438631168083, -393.2121126594496445, -29.74594442092181978 ) ) ;
#650 = ORIENTED_EDGE ( 'NONE', *, *, #2235, .F. ) ;
#651 = VERTEX_POINT ( 'NONE', #540 ) ;
#652 = CARTESIAN_POINT ( 'NONE',  ( 312.3934261990560799, -417.1651529810640682, 3.500000000000638156 ) ) ;
#653 = ORIENTED_EDGE ( 'NONE', *, *, #625, .T. ) ;
#654 = DIRECTION ( 'NONE',  ( 0.000000000000000000, -1.249000902703243755E-12, 1.000000000000000000 ) ) ;
#655 = CARTESIAN_POINT ( 'NONE',  ( 252.5335481845701793, -419.1688179074647564, -13.48759708676423941 ) ) ;
#656 = DIRECTION ( 'NONE',  ( -0.7071067811863910313, -0.7071067811867041142, -2.130390345255179719E-16 ) ) ;
#657 = VERTEX_POINT ( 'NONE', #2241 ) ;
#658 = EDGE_LOOP ( 'NONE', ( #2324, #3169, #5183, #3075 ) ) ;
#659 = CARTESIAN_POINT ( 'NONE',  ( 259.8883402280080190, -399.8020989529475173, 3.500000000000400124 ) ) ;
#660 = CARTESIAN_POINT ( 'NONE',  ( 250.2438438631167230, -394.0926677953394233, -29.24227821410781658 ) ) ;
#661 = CARTESIAN_POINT ( 'NONE',  ( 248.2438438631129998, -388.2979024181634600, -28.67062335264744988 ) ) ;
#662 = DIRECTION ( 'NONE',  ( -1.000000000000000000, -2.591739260015509782E-28, 4.440892098500430524E-15 ) ) ;
#663 = EDGE_CURVE ( 'NONE', #144, #651, #4474, .T. ) ;
#664 = CARTESIAN_POINT ( 'NONE',  ( 248.2438438631167514, -415.7818809050239679, -29.71797720484999772 ) ) ;
#665 = VECTOR ( 'NONE', #705, 1000.000000000000000 ) ;
#666 = DIRECTION ( 'NONE',  ( -1.000000000000000000, -2.591739260015509782E-28, 0.000000000000000000 ) ) ;
#667 = EDGE_CURVE ( 'NONE', #2687, #2349, #4714, .T. ) ;
#668 = AXIS2_PLACEMENT_3D ( 'NONE', #846, #3874, #2552 ) ;
#669 = CARTESIAN_POINT ( 'NONE',  ( 286.2638438631130953, -393.6644762523204122, -6.819952714071304101 ) ) ;
#670 = ORIENTED_EDGE ( 'NONE', *, *, #2274, .F. ) ;
#671 = CARTESIAN_POINT ( 'NONE',  ( 247.7438438631125166, -421.4551529810630086, -17.08305600077179776 ) ) ;
#672 = EDGE_CURVE ( 'NONE', #3390, #2474, #4006, .T. ) ;
#673 = ORIENTED_EDGE ( 'NONE', *, *, #2678, .T. ) ;
#674 = LINE ( 'NONE', #698, #2651 ) ;
#675 = ORIENTED_EDGE ( 'NONE', *, *, #3088, .F. ) ;
#676 = VERTEX_POINT ( 'NONE', #2713 ) ;
#677 = CARTESIAN_POINT ( 'NONE',  ( 253.2538438631129907, -413.8551529810595184, 1.075528555105619995E-12 ) ) ;
#678 = ORIENTED_EDGE ( 'NONE', *, *, #827, .T. ) ;
#679 = CARTESIAN_POINT ( 'NONE',  ( 254.0603382939749508, -417.6977857533420320, -8.497241763478049492 ) ) ;
#680 = CARTESIAN_POINT ( 'NONE',  ( 248.2438438631129998, -412.8551529810540046, -8.319270461050701115 ) ) ;
#681 = VERTEX_POINT ( 'NONE', #174 ) ;
#682 = VERTEX_POINT ( 'NONE', #1842 ) ;
#683 = DIRECTION ( 'NONE',  ( 0.000000000000000000, 0.000000000000000000, 1.000000000000000000 ) ) ;
#684 = DIRECTION ( 'NONE',  ( 2.938506871948265029E-27, -2.775557561562769940E-17, 1.000000000000000000 ) ) ;
#685 = APPLICATION_PROTOCOL_DEFINITION ( 'draft international standard', 'automotive_design', 1998, #1870 ) ;
#686 = DIRECTION ( 'NONE',  ( 1.000000000000000000, 1.040834085586234961E-13, 0.000000000000000000 ) ) ;
#687 =( BOUNDED_CURVE ( )  B_SPLINE_CURVE ( 3, ( #4951, #752, #5402, #2825 ),
 .UNSPECIFIED., .F., .T. ) 
 B_SPLINE_CURVE_WITH_KNOTS ( ( 4, 4 ),
 ( 3.141592653589985407, 4.712388980384679904 ),
 .UNSPECIFIED. ) 
 CURVE ( )  GEOMETRIC_REPRESENTATION_ITEM ( )  RATIONAL_B_SPLINE_CURVE ( ( 1.000000000000000000, 0.8047378541244140093, 0.8047378541244140093, 1.000000000000000000 ) ) 
 REPRESENTATION_ITEM ( '' )  );
#688 = EDGE_LOOP ( 'NONE', ( #1670, #2793, #3227, #5086 ) ) ;
#689 = PLANE ( 'NONE',  #5065 ) ;
#690 = CARTESIAN_POINT ( 'NONE',  ( 0.000000000000000000, -390.0551529810510374, -5.184704601020830417 ) ) ;
#691 = CARTESIAN_POINT ( 'NONE',  ( 248.2438438631129998, -416.5763751812874602, -29.27266575549294814 ) ) ;
#692 = DIRECTION ( 'NONE',  ( 1.000000000000000000, -4.100245375925645010E-15, -5.390302858156090018E-15 ) ) ;
#693 = EDGE_CURVE ( 'NONE', #2491, #5106, #591, .T. ) ;
#694 = CARTESIAN_POINT ( 'NONE',  ( 286.2638438631132090, -389.7551529810519924, -30.25778694175678751 ) ) ;
#695 = EDGE_CURVE ( 'NONE', #1559, #610, #4295, .T. ) ;
#696 = VECTOR ( 'NONE', #3460, 1000.000000000000000 ) ;
#697 = ORIENTED_EDGE ( 'NONE', *, *, #3504, .T. ) ;
#698 = CARTESIAN_POINT ( 'NONE',  ( 244.7438438631164956, -382.4157076609095043, -50.04963812844319904 ) ) ;
#699 = EDGE_CURVE ( 'NONE', #2980, #4433, #1388, .T. ) ;
#700 = VECTOR ( 'NONE', #5161, 1000.000000000000000 ) ;
#701 = ADVANCED_FACE ( 'NONE', ( #4327 ), #5107, .T. ) ;
#702 = ORIENTED_EDGE ( 'NONE', *, *, #4315, .T. ) ;
#703 = CARTESIAN_POINT ( 'NONE',  ( 267.8537371256990127, -397.6770748197500325, 1.387778780781445991E-14 ) ) ;
#704 = EDGE_LOOP ( 'NONE', ( #817, #2571 ) ) ;
#705 = DIRECTION ( 'NONE',  ( 1.000000000000000000, 2.571686551020499831E-28, 5.390302858155430530E-15 ) ) ;
#706 = CARTESIAN_POINT ( 'NONE',  ( 254.7438438631130566, -388.2604259440315673, -27.96530097144244920 ) ) ;
#707 = VECTOR ( 'NONE', #2513, 1000.000000000000000 ) ;
#708 = ADVANCED_FACE ( 'NONE', ( #2643 ), #2225, .F. ) ;
#709 = CARTESIAN_POINT ( 'NONE',  ( 286.2638438631132090, -415.4551529810574948, -30.25778694176194250 ) ) ;
#710 = ORIENTED_EDGE ( 'NONE', *, *, #2975, .F. ) ;
#711 = ORIENTED_EDGE ( 'NONE', *, *, #3124, .F. ) ;
#712 = PLANE ( 'NONE',  #1442 ) ;
#713 = CARTESIAN_POINT ( 'NONE',  ( 250.2438438631167799, -411.7976670690846959, -29.69951429439725032 ) ) ;
#714 = PLANE ( 'NONE',  #628 ) ;
#715 = ORIENTED_EDGE ( 'NONE', *, *, #892, .F. ) ;
#716 = CARTESIAN_POINT ( 'NONE',  ( 280.6202380637910778, -395.5080388009554895, -5.216055450605914245 ) ) ;
#717 = CARTESIAN_POINT ( 'NONE',  ( 248.2438438631167514, -416.8368543349600372, -28.76846093529882609 ) ) ;
#718 = VECTOR ( 'NONE', #33, 1000.000000000000000 ) ;
#719 = CARTESIAN_POINT ( 'NONE',  ( 250.2438438631167799, -388.2604259440224723, -27.96530097144346527 ) ) ;
#720 = CARTESIAN_POINT ( 'NONE',  ( 267.8537391739289433, -407.5332309832544979, 6.938893903907229955E-15 ) ) ;
#721 = DIRECTION ( 'NONE',  ( 1.000000000000000000, 0.000000000000000000, 0.000000000000000000 ) ) ;
#722 = VECTOR ( 'NONE', #331, 1000.000000000000000 ) ;
#723 = ORIENTED_EDGE ( 'NONE', *, *, #1164, .F. ) ;
#724 = VECTOR ( 'NONE', #3710, 1000.000000000000000 ) ;
#725 = CIRCLE ( 'NONE', #5289, 0.8000000000000263567 ) ;
#726 = ORIENTED_EDGE ( 'NONE', *, *, #1138, .F. ) ;
#727 = EDGE_CURVE ( 'NONE', #882, #3744, #2791, .T. ) ;
#728 = DIRECTION ( 'NONE',  ( 0.000000000000000000, 2.775557561562769940E-17, -1.000000000000000000 ) ) ;
#729 = ORIENTED_EDGE ( 'NONE', *, *, #3828, .F. ) ;
#730 = CARTESIAN_POINT ( 'NONE',  ( 248.2438438631167514, -416.2311864900428873, -29.52945949562794681 ) ) ;
#731 = EDGE_CURVE ( 'NONE', #5200, #1515, #2236, .T. ) ;
#732 = CARTESIAN_POINT ( 'NONE',  ( 248.2438438631166946, -412.2051529810515262, -29.75778694176250028 ) ) ;
#733 = AXIS2_PLACEMENT_3D ( 'NONE', #129, #871, #2191 ) ;
#734 = DIRECTION ( 'NONE',  ( 5.843279076974276598E-15, 1.168655815394855320E-14, 1.000000000000000000 ) ) ;
#735 = VERTEX_POINT ( 'NONE', #3485 ) ;
#736 = ORIENTED_EDGE ( 'NONE', *, *, #2227, .T. ) ;
#737 = FACE_OUTER_BOUND ( 'NONE', #3336, .T. ) ;
#738 = CARTESIAN_POINT ( 'NONE',  ( 250.2438438631167230, -411.9992040492455203, -29.74600635662686443 ) ) ;
#739 = EDGE_CURVE ( 'NONE', #2334, #2180, #5252, .T. ) ;
#740 = CLOSED_SHELL ( 'NONE', ( #536, #5203, #2050, #4012, #4172, #2426, #3739, #3426, #3607, #413, #4209, #3643, #1847, #2605, #4022, #40, #2336, #409, #4873, #1022, #2468, #1386, #220, #5349, #2054, #4239, #2912, #1666, #5341, #2904, #5362, #1633, #4718, #3568, #4996, #4593, #4691, #1795, #3456, #1067, #3268, #708, #3669, #456, #154, #5521, #4212, #5385, #2276, #4079, #3386, #2230, #588, #1502, #3395, #4505, #5320, #822, #1517, #4173, #1347, #3491, #1607, #1854, #2348, #383, #1923, #593, #2818, #2873, #2772, #3293, #2081, #3635, #1889, #2815, #571, #3325, #4525, #2409, #184, #3990, #492, #2735, #3633, #4429, #1208, #1896, #1598, #1410, #1863, #3361, #109, #2373, #1444, #1109, #295, #1781, #2057, #4458, #37, #1445, #1705, #2841, #4527, #83, #3191, #3687, #939, #2339, #2846, #3775, #344, #2196, #5004, #2560, #1985, #1229, #1349, #5238, #444, #1133, #2673, #3317, #3345, #5026, #313, #47, #124, #701, #5103, #227, #4113, #1570, #257, #2438, #2706, #4889, #969, #3187, #3159, #1162, #4247, #3154, #5314, #5136, #3733, #562 ) ) ;
#741 = ORIENTED_EDGE ( 'NONE', *, *, #320, .F. ) ;
#742 = CARTESIAN_POINT ( 'NONE',  ( 252.2438438631130566, -388.2604259440300325, -27.96530097144340132 ) ) ;
#743 = CYLINDRICAL_SURFACE ( 'NONE', #4026, 3.000000000000130118 ) ;
#744 = CARTESIAN_POINT ( 'NONE',  ( 278.6827760512485384, -388.4262207929174906, -3.469446951953615199E-13 ) ) ;
#745 = LINE ( 'NONE', #4155, #1163 ) ;
#746 = CARTESIAN_POINT ( 'NONE',  ( 254.7751611186317859, -387.7183918218564145, -6.600805996622982619 ) ) ;
#747 = VERTEX_POINT ( 'NONE', #3147 ) ;
#748 = CIRCLE ( 'NONE', #1375, 5.000000000000220268 ) ;
#749 = ORIENTED_EDGE ( 'NONE', *, *, #2015, .F. ) ;
#750 = CARTESIAN_POINT ( 'NONE',  ( 252.2438438631130566, -422.7946075282574725, -21.57525726631484986 ) ) ;
#751 = ORIENTED_EDGE ( 'NONE', *, *, #2669, .F. ) ;
#752 = CARTESIAN_POINT ( 'NONE',  ( 284.2638438631129816, -388.5835801057983190, -30.25778694175650685 ) ) ;
#753 = DIRECTION ( 'NONE',  ( -1.000000000000000000, 4.100245375925650532E-15, 5.390302858162440348E-15 ) ) ;
#754 = EDGE_CURVE ( 'NONE', #758, #5377, #639, .T. ) ;
#755 = CARTESIAN_POINT ( 'NONE',  ( 286.2638438631133795, -387.1051529810490024, -20.81927046104914325 ) ) ;
#756 = ORIENTED_EDGE ( 'NONE', *, *, #4729, .T. ) ;
#757 = EDGE_CURVE ( 'NONE', #4672, #1844, #5094, .T. ) ;
#758 = VERTEX_POINT ( 'NONE', #4855 ) ;
#759 = FACE_BOUND ( 'NONE', #2279, .T. ) ;
#760 = CARTESIAN_POINT ( 'NONE',  ( 250.2438438631167230, -410.8480094420702926, -28.80995865950163903 ) ) ;
#761 = FILL_AREA_STYLE ('',( #4229 ) ) ;
#762 = ORIENTED_EDGE ( 'NONE', *, *, #4077, .T. ) ;
#763 = EDGE_CURVE ( 'NONE', #3919, #5232, #3118, .T. ) ;
#764 = DIRECTION ( 'NONE',  ( 2.588550553618949751E-28, 1.000000000000000000, 0.000000000000000000 ) ) ;
#765 = CARTESIAN_POINT ( 'NONE',  ( 269.4319200245620323, -405.9550509998200027, 3.500000000000254907 ) ) ;
#766 = DIRECTION ( 'NONE',  ( 0.000000000000000000, 0.000000000000000000, -1.000000000000000000 ) ) ;
#767 = DIRECTION ( 'NONE',  ( -5.390302858156090018E-15, 2.775557561562769940E-17, -1.000000000000000000 ) ) ;
#768 = CARTESIAN_POINT ( 'NONE',  ( 254.2159748678560334, -387.5735734975851869, -8.076400467421308349 ) ) ;
#769 = ORIENTED_EDGE ( 'NONE', *, *, #5472, .F. ) ;
#770 = ORIENTED_EDGE ( 'NONE', *, *, #4792, .F. ) ;
#771 = LINE ( 'NONE', #2111, #3514 ) ;
#772 = ORIENTED_EDGE ( 'NONE', *, *, #727, .F. ) ;
#773 = DIRECTION ( 'NONE',  ( 1.000000000000000000, 6.938893903907270030E-14, 0.000000000000000000 ) ) ;
#774 = CARTESIAN_POINT ( 'NONE',  ( 254.1357994259099655, -417.6671062603692235, -8.292559471641522961 ) ) ;
#775 = CIRCLE ( 'NONE', #4620, 0.3599999999998871325 ) ;
#776 = DIRECTION ( 'NONE',  ( 0.000000000000000000, -2.775557561562769940E-17, 1.000000000000000000 ) ) ;
#777 = ORIENTED_EDGE ( 'NONE', *, *, #5420, .T. ) ;
#778 = ORIENTED_EDGE ( 'NONE', *, *, #886, .F. ) ;
#779 = DIRECTION ( 'NONE',  ( -1.000000000000000000, -1.577721810442023611E-30, -6.323447269022148859E-15 ) ) ;
#780 = DIRECTION ( 'NONE',  ( -2.934562567422035131E-27, -2.775557561562769940E-17, 1.000000000000000000 ) ) ;
#781 = ORIENTED_EDGE ( 'NONE', *, *, #2433, .F. ) ;
#782 = CIRCLE ( 'NONE', #4180, 0.8000000000000367928 ) ;
#783 = EDGE_CURVE ( 'NONE', #1272, #2980, #4199, .T. ) ;
#784 = CARTESIAN_POINT ( 'NONE',  ( 269.4270437452879605, -405.5950840264729891, 3.500000000000265121 ) ) ;
#785 = LINE ( 'NONE', #2910, #4995 ) ;
#786 = ORIENTED_EDGE ( 'NONE', *, *, #3506, .T. ) ;
#787 = ORIENTED_EDGE ( 'NONE', *, *, #2563, .T. ) ;
#788 = CARTESIAN_POINT ( 'NONE',  ( 286.2638438631132090, -393.0051529810525608, -30.25778694175753714 ) ) ;
#789 = CARTESIAN_POINT ( 'NONE',  ( 248.2438438631129998, -415.6566508533880437, -29.75778694176245054 ) ) ;
#790 = AXIS2_PLACEMENT_3D ( 'NONE', #3339, #3815, #4600 ) ;
#791 = LINE ( 'NONE', #1597, #3656 ) ;
#792 = EDGE_CURVE ( 'NONE', #681, #4038, #896, .T. ) ;
#793 = CARTESIAN_POINT ( 'NONE',  ( 284.2638438631132090, -389.7551529810519924, -30.25778694175679817 ) ) ;
#794 = PLANE ( 'NONE',  #1318 ) ;
#795 = VECTOR ( 'NONE', #5389, 1000.000000000000000 ) ;
#796 = ORIENTED_EDGE ( 'NONE', *, *, #3535, .T. ) ;
#797 = EDGE_CURVE ( 'NONE', #3723, #5342, #1360, .T. ) ;
#798 = AXIS2_PLACEMENT_3D ( 'NONE', #2596, #476, #2090 ) ;
#799 = ORIENTED_EDGE ( 'NONE', *, *, #4315, .F. ) ;
#800 = AXIS2_PLACEMENT_3D ( 'NONE', #5157, #1414, #3906 ) ;
#801 = CIRCLE ( 'NONE', #3850, 10.00000000000000888 ) ;
#802 = CARTESIAN_POINT ( 'NONE',  ( 264.5038438631130475, -402.6051529810565626, 1.387778780781445991E-14 ) ) ;
#803 = EDGE_LOOP ( 'NONE', ( #1698, #2413, #5498, #4734 ) ) ;
#804 = DIRECTION ( 'NONE',  ( -1.925929944387165087E-30, 2.775557561562769940E-17, -1.000000000000000000 ) ) ;
#805 = CARTESIAN_POINT ( 'NONE',  ( 283.0638438631135045, -409.4051529810529928, -4.957566461046854833 ) ) ;
#806 = CIRCLE ( 'NONE', #363, 1.599999999999768274 ) ;
#807 = CARTESIAN_POINT ( 'NONE',  ( 272.2638438631130384, -412.8551529810565057, -3.569270461050580323 ) ) ;
#808 = ORIENTED_EDGE ( 'NONE', *, *, #4354, .F. ) ;
#809 = ORIENTED_EDGE ( 'NONE', *, *, #2920, .F. ) ;
#810 = CARTESIAN_POINT ( 'NONE',  ( 286.2638438631131521, -411.0335801058006382, -30.25778694176092998 ) ) ;
#811 = LINE ( 'NONE', #4613, #1036 ) ;
#812 = ORIENTED_EDGE ( 'NONE', *, *, #4863, .F. ) ;
#813 = DIRECTION ( 'NONE',  ( 5.016067882342272255E-15, -3.344045254894848433E-15, 1.000000000000000000 ) ) ;
#814 = CARTESIAN_POINT ( 'NONE',  ( 252.2438438631130566, -421.4551529810605075, -1.144917494144692076E-12 ) ) ;
#815 = CARTESIAN_POINT ( 'NONE',  ( 237.2822726928050088, -410.2051529810545389, -28.10372101890805041 ) ) ;
#816 = ORIENTED_EDGE ( 'NONE', *, *, #1982, .F. ) ;
#817 = ORIENTED_EDGE ( 'NONE', *, *, #695, .F. ) ;
#818 = FACE_OUTER_BOUND ( 'NONE', #3796, .T. ) ;
#819 = FACE_BOUND ( 'NONE', #315, .T. ) ;
#820 = B_SPLINE_SURFACE_WITH_KNOTS ( 'NONE', 2, 1, ( 
 ( #2381, #1509 ),
 ( #1483, #2358 ),
 ( #4895, #1090 ),
 ( #3190, #2407 ),
 ( #5352, #328 ),
 ( #4927, #280 ),
 ( #2799, #3272 ),
 ( #4088, #4483 ),
 ( #2454, #4972 ),
 ( #1142, #2851 ),
 ( #4559, #1061 ),
 ( #4161, #730 ),
 ( #2770, #2431 ),
 ( #4139, #3010 ),
 ( #2477, #4219 ),
 ( #3797, #1250 ),
 ( #4634, #2928 ) ),
 .UNSPECIFIED., .F., .F., .F.,
 ( 3, 2, 2, 2, 2, 2, 2, 2, 3 ),
 ( 2, 2 ),
 ( 0.000000000000000000, 0.1250000000000000000, 0.2500000000000000000, 0.3750000000000000000, 0.5000000000000000000, 0.6250000000000000000, 0.7500000000000000000, 0.8750000000000000000, 1.000000000000000000 ),
 ( 0.000000000000000000, 1.000000000000000000 ),
 .UNSPECIFIED. ) ;
#821 = CARTESIAN_POINT ( 'NONE',  ( 286.2638438631130953, -393.4657074765748916, -7.219026328250681246 ) ) ;
#822 = ADVANCED_FACE ( 'NONE', ( #3035 ), #4743, .T. ) ;
#823 = LINE ( 'NONE', #2948, #1350 ) ;
#824 = CARTESIAN_POINT ( 'NONE',  ( 253.3411521909929149, -387.0747764526323635, -10.56024105480394404 ) ) ;
#825 = EDGE_CURVE ( 'NONE', #219, #333, #3525, .T. ) ;
#826 = EDGE_LOOP ( 'NONE', ( #3559, #1707, #584, #3724 ) ) ;
#827 = EDGE_CURVE ( 'NONE', #4630, #3640, #357, .T. ) ;
#828 = ORIENTED_EDGE ( 'NONE', *, *, #5248, .F. ) ;
#829 = DIRECTION ( 'NONE',  ( 1.000000000000000000, 1.577721810442023611E-30, 6.323447269022148859E-15 ) ) ;
#830 = VERTEX_POINT ( 'NONE', #1571 ) ;
#831 = CARTESIAN_POINT ( 'NONE',  ( 283.0638438631135045, -388.5835801057976937, -30.25778694175811623 ) ) ;
#832 = CARTESIAN_POINT ( 'NONE',  ( 247.7438188631123239, -417.4551529810555053, -22.28128536443284702 ) ) ;
#833 = CIRCLE ( 'NONE', #2805, 10.00000000000000888 ) ;
#834 = LINE ( 'NONE', #885, #2495 ) ;
#835 = ORIENTED_EDGE ( 'NONE', *, *, #246, .F. ) ;
#836 = ORIENTED_EDGE ( 'NONE', *, *, #5391, .F. ) ;
#837 = FACE_BOUND ( 'NONE', #4555, .T. ) ;
#838 = DIRECTION ( 'NONE',  ( 1.671863095859194905E-15, -1.043099285810226078E-15, 1.000000000000000000 ) ) ;
#839 = VERTEX_POINT ( 'NONE', #5336 ) ;
#840 = DIRECTION ( 'NONE',  ( 1.000000000000000000, 1.577721810442023611E-30, 6.323447269022148859E-15 ) ) ;
#841 = CARTESIAN_POINT ( 'NONE',  ( 247.7438438631123745, -413.2765815524836057, -49.03463959627172386 ) ) ;
#842 = FACE_OUTER_BOUND ( 'NONE', #942, .T. ) ;
#843 = ORIENTED_EDGE ( 'NONE', *, *, #3831, .F. ) ;
#844 = ORIENTED_EDGE ( 'NONE', *, *, #122, .T. ) ;
#845 = CARTESIAN_POINT ( 'NONE',  ( 261.5139147522860412, -407.5283540381349781, 6.938893903907229955E-15 ) ) ;
#846 = CARTESIAN_POINT ( 'NONE',  ( 250.2438438631168651, -6.153258204993490317E-28, -1.345211620000341865E-12 ) ) ;
#847 = CARTESIAN_POINT ( 'NONE',  ( 271.6117082393815281, -391.3551529810515035, 5.759281940242999553E-13 ) ) ;
#848 = PLANE ( 'NONE',  #4200 ) ;
#849 = CARTESIAN_POINT ( 'NONE',  ( 254.7345358931846704, -387.7116098365548851, -6.706572629390568530 ) ) ;
#850 = ORIENTED_EDGE ( 'NONE', *, *, #1718, .T. ) ;
#851 = EDGE_CURVE ( 'NONE', #3915, #3400, #1073, .T. ) ;
#852 = ORIENTED_EDGE ( 'NONE', *, *, #1749, .F. ) ;
#853 = ORIENTED_EDGE ( 'NONE', *, *, #3807, .T. ) ;
#854 = CARTESIAN_POINT ( 'NONE',  ( 274.2638438631135500, -402.7880194978465056, -21.39655090832729911 ) ) ;
#855 = CARTESIAN_POINT ( 'NONE',  ( 249.6538438631139911, -417.4551529810560169, -5.898059818321139072E-13 ) ) ;
#856 = EDGE_CURVE ( 'NONE', #119, #1328, #4985, .T. ) ;
#857 = DIRECTION ( 'NONE',  ( -1.000000000000000000, 0.000000000000000000, 1.600298409602159776E-16 ) ) ;
#858 = ORIENTED_EDGE ( 'NONE', *, *, #1477, .T. ) ;
#859 = ORIENTED_EDGE ( 'NONE', *, *, #2098, .F. ) ;
#860 = CARTESIAN_POINT ( 'NONE',  ( 252.2438438631130566, -403.4624173695300442, 61.09863079645610640 ) ) ;
#861 = DIRECTION ( 'NONE',  ( -1.000000000000000000, -2.563797941968289713E-28, 2.939295732853489987E-27 ) ) ;
#862 = VECTOR ( 'NONE', #3347, 1000.000000000000114 ) ;
#863 = ORIENTED_EDGE ( 'NONE', *, *, #3977, .F. ) ;
#864 = CARTESIAN_POINT ( 'NONE',  ( 246.7438438631129998, -421.4551529810555053, -17.38748508152509942 ) ) ;
#865 = CARTESIAN_POINT ( 'NONE',  ( 272.2638438631130384, -392.3551529810525267, -27.21927046104721626 ) ) ;
#866 = EDGE_CURVE ( 'NONE', #4583, #3861, #1993, .T. ) ;
#867 = DIRECTION ( 'NONE',  ( -1.000000000000000000, -2.603240987229334922E-28, -4.903502001796260478E-15 ) ) ;
#868 = ORIENTED_EDGE ( 'NONE', *, *, #3431, .F. ) ;
#869 = VECTOR ( 'NONE', #2418, 1000.000000000000000 ) ;
#870 = ORIENTED_EDGE ( 'NONE', *, *, #624, .F. ) ;
#871 = DIRECTION ( 'NONE',  ( 1.746716118487288024E-21, -0.9999999999999474865, 3.240479106714056242E-07 ) ) ;
#872 = DIRECTION ( 'NONE',  ( 1.000000000000000000, 2.586970731059155141E-28, 0.000000000000000000 ) ) ;
#873 = PLANE ( 'NONE',  #1675 ) ;
#874 = VECTOR ( 'NONE', #2965, 1000.000000000000000 ) ;
#875 = PLANE ( 'NONE',  #2052 ) ;
#876 = CARTESIAN_POINT ( 'NONE',  ( 252.2438438631205315, -384.7551529810560282, -15.92313883436409938 ) ) ;
#877 = VECTOR ( 'NONE', #2639, 1000.000000000000000 ) ;
#878 = ORIENTED_EDGE ( 'NONE', *, *, #3538, .T. ) ;
#879 = AXIS2_PLACEMENT_3D ( 'NONE', #4548, #296, #5414 ) ;
#880 = CARTESIAN_POINT ( 'NONE',  ( 286.2638438631130384, -395.8051529810475131, -4.957566461045848527 ) ) ;
#881 = CARTESIAN_POINT ( 'NONE',  ( 281.0638438631135614, -395.0051529810532429, -29.36554362226603132 ) ) ;
#882 = VERTEX_POINT ( 'NONE', #4572 ) ;
#883 = CARTESIAN_POINT ( 'NONE',  ( 259.5757685621569522, -405.9550530038495140, 2.081668171172170091E-14 ) ) ;
#884 = FACE_OUTER_BOUND ( 'NONE', #1797, .T. ) ;
#885 = CARTESIAN_POINT ( 'NONE',  ( 312.3934261990580694, -387.7551529810521629, -3.941032595217851320 ) ) ;
#886 = EDGE_CURVE ( 'NONE', #4545, #60, #1469, .T. ) ;
#887 = CIRCLE ( 'NONE', #1782, 0.2999999999999418132 ) ;
#888 = ORIENTED_EDGE ( 'NONE', *, *, #2616, .F. ) ;
#889 = ORIENTED_EDGE ( 'NONE', *, *, #5021, .T. ) ;
#890 = CARTESIAN_POINT ( 'NONE',  ( 250.2438438631138240, -389.5536551087219550, -29.75778694175810912 ) ) ;
#891 = LINE ( 'NONE', #4281, #2523 ) ;
#892 = EDGE_CURVE ( 'NONE', #2060, #4672, #3260, .T. ) ;
#893 = ORIENTED_EDGE ( 'NONE', *, *, #695, .T. ) ;
#894 = CARTESIAN_POINT ( 'NONE',  ( 283.0638438631136182, -417.4551529810580064, -28.10372101890959229 ) ) ;
#895 = DIRECTION ( 'NONE',  ( 0.000000000000000000, 0.000000000000000000, 1.000000000000000000 ) ) ;
#896 = CIRCLE ( 'NONE', #2049, 3.000000000000002665 ) ;
#897 = VECTOR ( 'NONE', #3032, 1000.000000000000000 ) ;
#898 = CARTESIAN_POINT ( 'NONE',  ( 248.2438438631166946, -411.8984355591650797, -29.72276032551204139 ) ) ;
#899 = VERTEX_POINT ( 'NONE', #1104 ) ;
#900 = ORIENTED_EDGE ( 'NONE', *, *, #1201, .F. ) ;
#901 = CARTESIAN_POINT ( 'NONE',  ( 259.5757638790210535, -399.2552616618499997, 6.938893903907229955E-15 ) ) ;
#902 = EDGE_CURVE ( 'NONE', #4924, #2349, #4909, .T. ) ;
#903 = LINE ( 'NONE', #1682, #1995 ) ;
#904 = DIRECTION ( 'NONE',  ( 0.000000000000000000, 0.000000000000000000, -1.000000000000000000 ) ) ;
#905 = VECTOR ( 'NONE', #2579, 1000.000000000000000 ) ;
#906 = DIRECTION ( 'NONE',  ( -2.934562567422035131E-27, -2.775557561562769940E-17, 1.000000000000000000 ) ) ;
#907 = CARTESIAN_POINT ( 'NONE',  ( 253.2963353205554995, -387.0370962572384883, -10.69851005900488516 ) ) ;
#908 = CARTESIAN_POINT ( 'NONE',  ( 231.3088150205684883, -387.1051529810490024, -20.81927046104859969 ) ) ;
#909 = ORIENTED_EDGE ( 'NONE', *, *, #5321, .T. ) ;
#910 = CARTESIAN_POINT ( 'NONE',  ( 252.2438438631125450, -415.2051529810575516, -54.35368201230389928 ) ) ;
#911 = DIRECTION ( 'NONE',  ( 0.5190845425144148262, 0.8547229011338122184, -1.057318573478199974E-16 ) ) ;
#912 = ORIENTED_EDGE ( 'NONE', *, *, #1554, .F. ) ;
#913 = LINE ( 'NONE', #2623, #2832 ) ;
#914 = DIRECTION ( 'NONE',  ( 1.000000000000000000, 4.115083066445530467E-26, 3.121917645221554938E-37 ) ) ;
#915 = FACE_BOUND ( 'NONE', #147, .T. ) ;
#916 = VECTOR ( 'NONE', #175, 1000.000000000000000 ) ;
#917 = ORIENTED_EDGE ( 'NONE', *, *, #3052, .F. ) ;
#918 = ORIENTED_EDGE ( 'NONE', *, *, #4754, .F. ) ;
#919 = PLANE ( 'NONE',  #3037 ) ;
#920 = CARTESIAN_POINT ( 'NONE',  ( 252.2438438631130566, -383.7551625365864538, -17.38747234079700377 ) ) ;
#921 = EDGE_LOOP ( 'NONE', ( #4580, #481, #3665, #4945 ) ) ;
#922 = CYLINDRICAL_SURFACE ( 'NONE', #1906, 0.8000000000000376810 ) ;
#923 = DIRECTION ( 'NONE',  ( 4.100245375925654476E-15, 1.000000000000000000, 2.775557561560559897E-17 ) ) ;
#924 = EDGE_CURVE ( 'NONE', #448, #3811, #1884, .T. ) ;
#925 = EDGE_CURVE ( 'NONE', #2968, #3582, #3175, .T. ) ;
#926 = CARTESIAN_POINT ( 'NONE',  ( 248.2438438631166946, -411.1194038816427678, -29.24432450959136176 ) ) ;
#927 = ORIENTED_EDGE ( 'NONE', *, *, #1614, .T. ) ;
#928 = ORIENTED_EDGE ( 'NONE', *, *, #5246, .F. ) ;
#929 = DIRECTION ( 'NONE',  ( 0.000000000000000000, 2.775557561562769940E-17, -1.000000000000000000 ) ) ;
#930 = DIRECTION ( 'NONE',  ( 0.000000000000000000, 0.000000000000000000, -1.000000000000000000 ) ) ;
#931 = LINE ( 'NONE', #2998, #4987 ) ;
#932 = EDGE_CURVE ( 'NONE', #657, #3744, #2977, .T. ) ;
#933 = EDGE_CURVE ( 'NONE', #2325, #973, #4522, .T. ) ;
#934 = LINE ( 'NONE', #5155, #2420 ) ;
#935 = DIRECTION ( 'NONE',  ( 1.000000000000000000, 2.571686551020499831E-28, 0.000000000000000000 ) ) ;
#936 = CARTESIAN_POINT ( 'NONE',  ( 248.2438438631167514, -394.5051529810505713, -28.25735186167201007 ) ) ;
#937 = DIRECTION ( 'NONE',  ( -2.588550553618949751E-28, -1.000000000000000000, 0.000000000000000000 ) ) ;
#938 = ORIENTED_EDGE ( 'NONE', *, *, #4050, .T. ) ;
#939 = ADVANCED_FACE ( 'NONE', ( #2342 ), #267, .F. ) ;
#940 = CARTESIAN_POINT ( 'NONE',  ( 250.2438438631168651, -4.191091918018116107E-17, -1.510000000000187192 ) ) ;
#941 = DIRECTION ( 'NONE',  ( -0.5190850344802447891, -0.8547226023562515262, 7.797893357684263435E-17 ) ) ;
#942 = EDGE_LOOP ( 'NONE', ( #2170, #2178, #3181, #2492 ) ) ;
#943 = LINE ( 'NONE', #3157, #4263 ) ;
#944 = FACE_OUTER_BOUND ( 'NONE', #1038, .T. ) ;
#945 = ORIENTED_EDGE ( 'NONE', *, *, #5472, .T. ) ;
#946 = ORIENTED_EDGE ( 'NONE', *, *, #5439, .T. ) ;
#947 = LINE ( 'NONE', #976, #2145 ) ;
#948 = CARTESIAN_POINT ( 'NONE',  ( 247.7438438631126587, -382.4156984338479219, -21.57525726631503815 ) ) ;
#949 = ORIENTED_EDGE ( 'NONE', *, *, #2088, .T. ) ;
#950 = FACE_OUTER_BOUND ( 'NONE', #5117, .T. ) ;
#951 = CARTESIAN_POINT ( 'NONE',  ( 253.6584253938891038, -417.9080328622884508, -9.620236420062049376 ) ) ;
#952 = CARTESIAN_POINT ( 'NONE',  ( 247.7438438631126019, -388.2604259440283840, -27.96530097144579230 ) ) ;
#953 = ORIENTED_EDGE ( 'NONE', *, *, #4930, .T. ) ;
#954 = AXIS2_PLACEMENT_3D ( 'NONE', #4717, #2086, #361 ) ;
#955 = ORIENTED_EDGE ( 'NONE', *, *, #5066, .F. ) ;
#956 = CARTESIAN_POINT ( 'NONE',  ( 275.7638438631135500, -387.7551529810530155, -16.11395431864314887 ) ) ;
#957 = CARTESIAN_POINT ( 'NONE',  ( 261.1539458885529825, -397.6770775209834596, 8.881784197001250304E-13 ) ) ;
#958 = DIRECTION ( 'NONE',  ( 1.000000000000000000, 2.591839481958564728E-28, 0.000000000000000000 ) ) ;
#959 = VECTOR ( 'NONE', #935, 1000.000000000000000 ) ;
#960 = CARTESIAN_POINT ( 'NONE',  ( 283.0638438631134477, -392.3551529810554825, -3.569270461047463705 ) ) ;
#961 = CARTESIAN_POINT ( 'NONE',  ( 252.5585774501078333, -386.0928198110205471, -13.37059346707642149 ) ) ;
#962 = CARTESIAN_POINT ( 'NONE',  ( 248.2438438631167514, -394.4785545460680396, -28.41141894175833826 ) ) ;
#963 = LINE ( 'NONE', #2674, #3745 ) ;
#964 = EDGE_CURVE ( 'NONE', #2963, #3618, #1207, .T. ) ;
#965 = AXIS2_PLACEMENT_3D ( 'NONE', #596, #4872, #4430 ) ;
#966 = CARTESIAN_POINT ( 'NONE',  ( 244.7438438631124882, -411.6311512390144571, -29.67648740350430003 ) ) ;
#967 = DIRECTION ( 'NONE',  ( 0.000000000000000000, 1.000000000000000000, 0.000000000000000000 ) ) ;
#968 = AXIS2_PLACEMENT_3D ( 'NONE', #3062, #2136, #68 ) ;
#969 = ADVANCED_FACE ( 'NONE', ( #4703 ), #5262, .F. ) ;
#970 = ORIENTED_EDGE ( 'NONE', *, *, #2748, .F. ) ;
#971 = DIRECTION ( 'NONE',  ( -6.688090509789695288E-15, 3.344045254894847644E-15, -1.000000000000000000 ) ) ;
#972 = CARTESIAN_POINT ( 'NONE',  ( 252.2438438631125450, -382.4157076609159844, -50.04963812844400195 ) ) ;
#973 = VERTEX_POINT ( 'NONE', #5068 ) ;
#974 = ORIENTED_EDGE ( 'NONE', *, *, #1991, .T. ) ;
#975 = AXIS2_PLACEMENT_3D ( 'NONE', #5096, #867, #3869 ) ;
#976 = CARTESIAN_POINT ( 'NONE',  ( 275.7638438631135500, -390.0551529810530269, -16.11395431864314887 ) ) ;
#977 = CARTESIAN_POINT ( 'NONE',  ( 283.0638438631135614, -417.4551529810567558, -19.35725555766521566 ) ) ;
#978 = ORIENTED_EDGE ( 'NONE', *, *, #3873, .T. ) ;
#979 = CARTESIAN_POINT ( 'NONE',  ( 272.2638438631130384, -392.3551529810525267, -28.81927046104728873 ) ) ;
#980 = CARTESIAN_POINT ( 'NONE',  ( 252.4706087396683074, -419.3084449248671035, -13.79735464438848069 ) ) ;
#981 = VECTOR ( 'NONE', #198, 1000.000000000000000 ) ;
#982 = CARTESIAN_POINT ( 'NONE',  ( 0.000000000000000000, -417.4551529810574948, 3.500000000000690115 ) ) ;
#983 = ORIENTED_EDGE ( 'NONE', *, *, #45, .F. ) ;
#984 = ORIENTED_EDGE ( 'NONE', *, *, #2780, .F. ) ;
#985 = DIRECTION ( 'NONE',  ( 1.000000000000000000, -6.938893903907270030E-14, 0.000000000000000000 ) ) ;
#986 = VECTOR ( 'NONE', #4826, 1000.000000000000000 ) ;
#987 = CIRCLE ( 'NONE', #5095, 20.00000000000084910 ) ;
#988 = DIRECTION ( 'NONE',  ( 1.000000000000000000, 2.571686551020499831E-28, 0.000000000000000000 ) ) ;
#989 = DIRECTION ( 'NONE',  ( 8.160567494706039367E-17, 1.066160604663047795E-16, 1.000000000000000000 ) ) ;
#990 = DIRECTION ( 'NONE',  ( -2.934562567422035131E-27, -2.775557561562769940E-17, 1.000000000000000000 ) ) ;
#991 = CARTESIAN_POINT ( 'NONE',  ( 247.7438438631126303, -387.1051529810490024, -20.81927046104869561 ) ) ;
#992 = DIRECTION ( 'NONE',  ( 1.000000000000000000, 6.938893903906789140E-14, 0.000000000000000000 ) ) ;
#993 = CIRCLE ( 'NONE', #1702, 1.600000000000066702 ) ;
#994 = EDGE_CURVE ( 'NONE', #747, #1313, #4828, .T. ) ;
#995 = CARTESIAN_POINT ( 'NONE',  ( 247.7438438631143072, -9.704990045311606787E-13, -1.510000000000017328 ) ) ;
#996 = EDGE_CURVE ( 'NONE', #3866, #2453, #2045, .T. ) ;
#997 = CARTESIAN_POINT ( 'NONE',  ( 250.3249116749780114, -416.7840851691960324, 3.500000000001465050 ) ) ;
#998 = EDGE_LOOP ( 'NONE', ( #2043, #4753, #5323, #2511 ) ) ;
#999 = DIRECTION ( 'NONE',  ( 1.000000000000000000, 2.591839481958564728E-28, -5.576766167467870875E-15 ) ) ;
#1000 = EDGE_CURVE ( 'NONE', #3027, #1754, #3360, .T. ) ;
#1001 = LINE ( 'NONE', #4477, #3305 ) ;
#1002 = ORIENTED_EDGE ( 'NONE', *, *, #3009, .F. ) ;
#1003 = ORIENTED_EDGE ( 'NONE', *, *, #3060, .T. ) ;
#1004 = CARTESIAN_POINT ( 'NONE',  ( 272.2638438631130384, -412.8551529810565057, -4.369270461050618337 ) ) ;
#1005 = CYLINDRICAL_SURFACE ( 'NONE', #1567, 1.599999999999905498 ) ;
#1006 = ORIENTED_EDGE ( 'NONE', *, *, #5066, .T. ) ;
#1007 = LINE ( 'NONE', #91, #1719 ) ;
#1008 = VECTOR ( 'NONE', #4998, 1000.000000000000000 ) ;
#1009 = CIRCLE ( 'NONE', #5116, 0.8000000000000199174 ) ;
#1010 = CYLINDRICAL_SURFACE ( 'NONE', #2041, 1.600000000000012745 ) ;
#1011 = ORIENTED_EDGE ( 'NONE', *, *, #1034, .T. ) ;
#1012 = VERTEX_POINT ( 'NONE', #2073 ) ;
#1013 = DIRECTION ( 'NONE',  ( 1.000000000000000000, 2.591739260015509782E-28, -5.390302858161300444E-15 ) ) ;
#1014 = CARTESIAN_POINT ( 'NONE',  ( 231.3088150205684883, -437.4551529810575516, -5.387485081522629393 ) ) ;
#1015 = CIRCLE ( 'NONE', #3620, 1.600000000000066702 ) ;
#1016 = FACE_OUTER_BOUND ( 'NONE', #594, .T. ) ;
#1017 = FACE_OUTER_BOUND ( 'NONE', #5534, .T. ) ;
#1018 = DIRECTION ( 'NONE',  ( 5.843279076974285275E-15, -1.168655815394857055E-14, 1.000000000000000000 ) ) ;
#1019 = CARTESIAN_POINT ( 'NONE',  ( 250.2438438631168651, -392.3551529810529814, -6.319270461046287757 ) ) ;
#1020 = CARTESIAN_POINT ( 'NONE',  ( 250.2438438631165525, -383.6960814992595488, -58.10561041224148937 ) ) ;
#1021 = DIRECTION ( 'NONE',  ( 1.000000000000000000, -4.100245375925645010E-15, -5.390302858156090018E-15 ) ) ;
#1022 = ADVANCED_FACE ( 'NONE', ( #3731 ), #4679, .F. ) ;
#1023 = VERTEX_POINT ( 'NONE', #2443 ) ;
#1024 = DIRECTION ( 'NONE',  ( 0.01354273130335994710, 0.9999082930093363686, -1.748826677467814529E-17 ) ) ;
#1025 = EDGE_CURVE ( 'NONE', #1515, #460, #2590, .T. ) ;
#1026 = B_SPLINE_CURVE_WITH_KNOTS ( 'NONE', 3,
 ( #4949, #3244, #3617, #2327, #2768, #4481, #2823 ),
 .UNSPECIFIED., .F., .F.,
 ( 4, 1, 1, 1, 4 ),
 ( 5.594315114139762021E-17, 0.0006163944529595128145, 0.001232788905918965131, 0.001849183358878419507, 0.002465577811837872148 ),
 .UNSPECIFIED. ) ;
#1027 = CARTESIAN_POINT ( 'NONE',  ( 248.2438438631129998, -412.8551529810540046, -7.319270461050429333 ) ) ;
#1028 = ORIENTED_EDGE ( 'NONE', *, *, #797, .T. ) ;
#1029 = EDGE_CURVE ( 'NONE', #1953, #4289, #4651, .T. ) ;
#1030 = VERTEX_POINT ( 'NONE', #342 ) ;
#1031 = CARTESIAN_POINT ( 'NONE',  ( 283.0638438631134477, -387.7551529810519924, 1.778256241904243995E-12 ) ) ;
#1032 = ORIENTED_EDGE ( 'NONE', *, *, #5344, .T. ) ;
#1033 = FACE_OUTER_BOUND ( 'NONE', #3416, .T. ) ;
#1034 = EDGE_CURVE ( 'NONE', #2474, #228, #121, .T. ) ;
#1035 = DIRECTION ( 'NONE',  ( 5.551115123125448225E-15, 0.000000000000000000, -1.000000000000000000 ) ) ;
#1036 = VECTOR ( 'NONE', #780, 1000.000000000000000 ) ;
#1037 = FACE_BOUND ( 'NONE', #4516, .T. ) ;
#1038 = EDGE_LOOP ( 'NONE', ( #3135, #327, #1717, #1986 ) ) ;
#1039 = ORIENTED_EDGE ( 'NONE', *, *, #3512, .T. ) ;
#1040 = CARTESIAN_POINT ( 'NONE',  ( 280.7638438631130384, -409.4051529810579950, -4.957566461046590156 ) ) ;
#1041 = CARTESIAN_POINT ( 'NONE',  ( 250.2438438631167230, -416.6545975531317936, -29.10280155596697682 ) ) ;
#1042 = EDGE_CURVE ( 'NONE', #3832, #1253, #2465, .T. ) ;
#1043 = CARTESIAN_POINT ( 'NONE',  ( 254.7438438631200484, -402.6051529810545162, -36.31927046105045065 ) ) ;
#1044 = DIRECTION ( 'NONE',  ( -2.563797941968289713E-28, 1.000000000000000000, 2.775557561562769940E-17 ) ) ;
#1045 = DIRECTION ( 'NONE',  ( -5.843279076974285275E-15, 0.000000000000000000, -1.000000000000000000 ) ) ;
#1046 = CARTESIAN_POINT ( 'NONE',  ( 286.2638438631130384, -409.7022671611415490, -5.216055450603063193 ) ) ;
#1047 = AXIS2_PLACEMENT_3D ( 'NONE', #141, #4864, #1024 ) ;
#1048 = DIRECTION ( 'NONE',  ( -2.592494858145055258E-28, -1.000000000000000000, -2.775557561562769940E-17 ) ) ;
#1049 = ORIENTED_EDGE ( 'NONE', *, *, #1931, .F. ) ;
#1050 = LINE ( 'NONE', #165, #3223 ) ;
#1051 = VECTOR ( 'NONE', #3709, 1000.000000000000000 ) ;
#1052 = ORIENTED_EDGE ( 'NONE', *, *, #2709, .F. ) ;
#1053 = LINE ( 'NONE', #4529, #608 ) ;
#1054 = VECTOR ( 'NONE', #4665, 1000.000000000000000 ) ;
#1055 = LINE ( 'NONE', #3613, #2416 ) ;
#1056 = LINE ( 'NONE', #4479, #2876 ) ;
#1057 = ORIENTED_EDGE ( 'NONE', *, *, #4579, .T. ) ;
#1058 = CARTESIAN_POINT ( 'NONE',  ( 250.2438438631167799, -416.9498800180904823, -27.96530097146153793 ) ) ;
#1059 = VERTEX_POINT ( 'NONE', #3812 ) ;
#1060 = AXIS2_PLACEMENT_3D ( 'NONE', #5308, #3230, #3682 ) ;
#1061 = CARTESIAN_POINT ( 'NONE',  ( 248.2438438631167514, -416.3591184678519994, -29.42289468489239823 ) ) ;
#1062 = FACE_OUTER_BOUND ( 'NONE', #3566, .T. ) ;
#1063 = EDGE_CURVE ( 'NONE', #5474, #4722, #3392, .T. ) ;
#1064 = CIRCLE ( 'NONE', #348, 16.60000000000100329 ) ;
#1065 = CARTESIAN_POINT ( 'NONE',  ( 279.3538438631119902, -387.7551529810500028, 3.191891195797325054E-13 ) ) ;
#1066 = VERTEX_POINT ( 'NONE', #5493 ) ;
#1067 = ADVANCED_FACE ( 'NONE', ( #818 ), #3363, .F. ) ;
#1068 = ORIENTED_EDGE ( 'NONE', *, *, #4686, .F. ) ;
#1069 = LINE ( 'NONE', #1040, #2248 ) ;
#1070 = CARTESIAN_POINT ( 'NONE',  ( 247.7438438631124882, -418.1051625365879545, -20.81927046104895140 ) ) ;
#1071 = VECTOR ( 'NONE', #5028, 1000.000000000000000 ) ;
#1072 = FACE_OUTER_BOUND ( 'NONE', #5535, .T. ) ;
#1073 =( BOUNDED_CURVE ( )  B_SPLINE_CURVE ( 3, ( #4547, #294, #4496, #5365 ),
 .UNSPECIFIED., .F., .T. ) 
 B_SPLINE_CURVE_WITH_KNOTS ( ( 4, 4 ),
 ( 4.712388980384679904, 6.283185307179590673 ),
 .UNSPECIFIED. ) 
 CURVE ( )  GEOMETRIC_REPRESENTATION_ITEM ( )  RATIONAL_B_SPLINE_CURVE ( ( 1.000000000000000000, 0.8047378541243619399, 0.8047378541243619399, 1.000000000000000000 ) ) 
 REPRESENTATION_ITEM ( '' )  );
#1074 = EDGE_CURVE ( 'NONE', #1089, #5141, #2915, .T. ) ;
#1075 = CYLINDRICAL_SURFACE ( 'NONE', #2840, 0.3599999999998780287 ) ;
#1076 = AXIS2_PLACEMENT_3D ( 'NONE', #2321, #196, #1111 ) ;
#1077 = DIRECTION ( 'NONE',  ( 0.7071067811864509833, -0.7071067811866439401, 2.130390345252169475E-16 ) ) ;
#1078 = LINE ( 'NONE', #3093, #2135 ) ;
#1079 = CARTESIAN_POINT ( 'NONE',  ( 252.2438438631130566, 1.110223024625155909E-13, -17.08305600077160236 ) ) ;
#1080 = AXIS2_PLACEMENT_3D ( 'NONE', #2699, #4048, #3626 ) ;
#1081 = DIRECTION ( 'NONE',  ( 0.000000000000000000, 0.000000000000000000, -1.000000000000000000 ) ) ;
#1082 = ORIENTED_EDGE ( 'NONE', *, *, #5132, .F. ) ;
#1083 = CARTESIAN_POINT ( 'NONE',  ( 283.0638438631134477, -387.7551529810519924, 1.778256241904243995E-12 ) ) ;
#1084 = VECTOR ( 'NONE', #2483, 1000.000000000000000 ) ;
#1085 = CARTESIAN_POINT ( 'NONE',  ( 254.6259706050022942, -387.6924502818286555, -6.989642802450385162 ) ) ;
#1086 = ORIENTED_EDGE ( 'NONE', *, *, #902, .F. ) ;
#1087 = EDGE_LOOP ( 'NONE', ( #451, #3350, #836, #1190 ) ) ;
#1088 = FACE_OUTER_BOUND ( 'NONE', #1732, .T. ) ;
#1089 = VERTEX_POINT ( 'NONE', #5057 ) ;
#1090 = CARTESIAN_POINT ( 'NONE',  ( 248.2438438631167514, -416.9451125413014552, -28.29121686792385404 ) ) ;
#1091 = CARTESIAN_POINT ( 'NONE',  ( 254.2109292171435015, -417.6385782315891220, -8.089966185130359477 ) ) ;
#1092 = DIRECTION ( 'NONE',  ( -0.7071064979897261349, -0.7071070643832554348, -4.628407415818453914E-16 ) ) ;
#1093 = ORIENTED_EDGE ( 'NONE', *, *, #924, .F. ) ;
#1094 = ORIENTED_EDGE ( 'NONE', *, *, #1131, .F. ) ;
#1095 = CIRCLE ( 'NONE', #1810, 25.00000000000110134 ) ;
#1096 = CARTESIAN_POINT ( 'NONE',  ( 250.2438438631168651, -402.6051529810575289, -5.013131725768612768 ) ) ;
#1097 = EDGE_CURVE ( 'NONE', #613, #5429, #29, .T. ) ;
#1098 = CARTESIAN_POINT ( 'NONE',  ( 250.2438438631167230, -410.8915352739053333, -28.90409069750843329 ) ) ;
#1099 = CIRCLE ( 'NONE', #4136, 0.4999999999996179167 ) ;
#1100 = EDGE_CURVE ( 'NONE', #2161, #758, #1095, .T. ) ;
#1101 = CARTESIAN_POINT ( 'NONE',  ( 248.2438438631129998, -388.2428876232649486, -28.19509716227500107 ) ) ;
#1102 = EDGE_LOOP ( 'NONE', ( #2649, #4668, #1232, #2757 ) ) ;
#1103 = CARTESIAN_POINT ( 'NONE',  ( 315.6388496296644917, -402.6051529810515603, -36.31927046105169410 ) ) ;
#1104 = CARTESIAN_POINT ( 'NONE',  ( 250.3249116749780114, -416.7840851691960324, 1.103284130721250120E-12 ) ) ;
#1105 = VECTOR ( 'NONE', #422, 1000.000000000000114 ) ;
#1106 = CARTESIAN_POINT ( 'NONE',  ( 244.7438438631124882, -415.6566508533880437, -29.75778694176245054 ) ) ;
#1107 = VECTOR ( 'NONE', #157, 1000.000000000000000 ) ;
#1108 = CARTESIAN_POINT ( 'NONE',  ( 256.7438438631130566, -392.3551529810545162, -28.81927046104708623 ) ) ;
#1109 = ADVANCED_FACE ( 'NONE', ( #1669 ), #2094, .T. ) ;
#1110 = EDGE_CURVE ( 'NONE', #1532, #3402, #5486, .T. ) ;
#1111 = DIRECTION ( 'NONE',  ( 0.000000000000000000, 0.000000000000000000, 1.000000000000000000 ) ) ;
#1112 = ORIENTED_EDGE ( 'NONE', *, *, #672, .T. ) ;
#1113 = DIRECTION ( 'NONE',  ( 0.7071067811866139641, 0.7071067811864810704, 1.962615573561952718E-17 ) ) ;
#1114 = EDGE_CURVE ( 'NONE', #2598, #5390, #5144, .T. ) ;
#1115 = ORIENTED_EDGE ( 'NONE', *, *, #5481, .F. ) ;
#1116 = DIRECTION ( 'NONE',  ( -1.645174156006510005E-16, 1.367616178017897906E-16, 1.000000000000000000 ) ) ;
#1117 = ORIENTED_EDGE ( 'NONE', *, *, #4348, .F. ) ;
#1118 = DIRECTION ( 'NONE',  ( -6.323447269022148859E-15, -2.775557561562769940E-17, 1.000000000000000000 ) ) ;
#1119 = FACE_OUTER_BOUND ( 'NONE', #1737, .T. ) ;
#1120 = CARTESIAN_POINT ( 'NONE',  ( 256.7438438631130566, -412.8551529810555394, -28.81927046105100132 ) ) ;
#1121 = VERTEX_POINT ( 'NONE', #1256 ) ;
#1122 = VERTEX_POINT ( 'NONE', #4225 ) ;
#1123 = DIRECTION ( 'NONE',  ( 0.000000000000000000, 0.000000000000000000, 1.000000000000000000 ) ) ;
#1124 = CARTESIAN_POINT ( 'NONE',  ( 250.2438438631167230, -411.2542469056663208, -29.40032695009897878 ) ) ;
#1125 = DIRECTION ( 'NONE',  ( 1.000000000000000000, 2.571686551020499831E-28, 5.390302858155430530E-15 ) ) ;
#1126 = VERTEX_POINT ( 'NONE', #419 ) ;
#1127 = LINE ( 'NONE', #266, #4710 ) ;
#1128 = CARTESIAN_POINT ( 'NONE',  ( 259.5540926294750648, -397.6554084320370066, 2.081668171172170091E-14 ) ) ;
#1129 = FACE_OUTER_BOUND ( 'NONE', #253, .T. ) ;
#1130 = DIRECTION ( 'NONE',  ( 0.000000000000000000, 0.000000000000000000, -1.000000000000000000 ) ) ;
#1131 = EDGE_CURVE ( 'NONE', #2267, #2505, #891, .T. ) ;
#1132 = DIRECTION ( 'NONE',  ( -1.000000000000000000, 4.100245375925650532E-15, 5.390302858162440348E-15 ) ) ;
#1133 = ADVANCED_FACE ( 'NONE', ( #3410 ), #1244, .T. ) ;
#1134 = VECTOR ( 'NONE', #5260, 1000.000000000000000 ) ;
#1135 = EDGE_LOOP ( 'NONE', ( #4603, #265, #9, #2941 ) ) ;
#1136 = CIRCLE ( 'NONE', #3152, 1.600000000000066702 ) ;
#1137 = CIRCLE ( 'NONE', #2565, 3.000000000000127454 ) ;
#1138 = EDGE_CURVE ( 'NONE', #2174, #1215, #1623, .T. ) ;
#1139 = ORIENTED_EDGE ( 'NONE', *, *, #4499, .F. ) ;
#1140 = PLANE ( 'NONE',  #3693 ) ;
#1141 = VERTEX_POINT ( 'NONE', #3353 ) ;
#1142 = CARTESIAN_POINT ( 'NONE',  ( 250.2438438631167230, -416.4842615209585119, -29.31865299335021646 ) ) ;
#1143 = LINE ( 'NONE', #2826, #2032 ) ;
#1144 = VECTOR ( 'NONE', #453, 1000.000000000000000 ) ;
#1145 = CARTESIAN_POINT ( 'NONE',  ( 247.7438438631125734, -389.7551529810564830, -29.75778694175719252 ) ) ;
#1146 = ORIENTED_EDGE ( 'NONE', *, *, #1964, .F. ) ;
#1147 = AXIS2_PLACEMENT_3D ( 'NONE', #5495, #5468, #4207 ) ;
#1148 = VERTEX_POINT ( 'NONE', #5089 ) ;
#1149 = DIRECTION ( 'NONE',  ( -3.389345054161549756E-18, -2.770966011564124714E-17, 1.000000000000000000 ) ) ;
#1150 = CARTESIAN_POINT ( 'NONE',  ( 248.2438438631167514, -394.4520354811019160, -28.56502628401889510 ) ) ;
#1151 = CIRCLE ( 'NONE', #437, 1.600000000000101341 ) ;
#1152 = LINE ( 'NONE', #1547, #1778 ) ;
#1153 = ORIENTED_EDGE ( 'NONE', *, *, #2444, .F. ) ;
#1154 = CARTESIAN_POINT ( 'NONE',  ( 254.7438438631125450, -394.5051529810575630, -28.10372101890410335 ) ) ;
#1155 = CARTESIAN_POINT ( 'NONE',  ( 248.2438438631124882, -415.4551529810549937, -29.75778694176310069 ) ) ;
#1156 = CARTESIAN_POINT ( 'NONE',  ( 248.2438438631129998, -416.9124035439534737, -28.67062335266179929 ) ) ;
#1157 = CARTESIAN_POINT ( 'NONE',  ( 231.3088150205684883, -367.7551529810489797, -5.387485081510529739 ) ) ;
#1158 = CARTESIAN_POINT ( 'NONE',  ( 248.2438438631129998, -416.9498800180834905, -27.96530097146190030 ) ) ;
#1159 = VECTOR ( 'NONE', #3378, 1000.000000000000000 ) ;
#1160 = ORIENTED_EDGE ( 'NONE', *, *, #3615, .F. ) ;
#1161 = VECTOR ( 'NONE', #1681, 1000.000000000000000 ) ;
#1162 = ADVANCED_FACE ( 'NONE', ( #1311 ), #5537, .F. ) ;
#1163 = VECTOR ( 'NONE', #767, 1000.000000000000000 ) ;
#1164 = EDGE_CURVE ( 'NONE', #681, #3294, #3018, .T. ) ;
#1165 = ORIENTED_EDGE ( 'NONE', *, *, #288, .F. ) ;
#1166 = DIRECTION ( 'NONE',  ( -1.000000000000000000, -2.593133706881195193E-28, 0.000000000000000000 ) ) ;
#1167 = ORIENTED_EDGE ( 'NONE', *, *, #354, .F. ) ;
#1168 = CARTESIAN_POINT ( 'NONE',  ( 283.0638438631134477, -417.4551529810580064, 1.777431901308459695E-12 ) ) ;
#1169 = CARTESIAN_POINT ( 'NONE',  ( 247.7438438631124598, -387.1051529810485476, -50.21927046105042791 ) ) ;
#1170 = CIRCLE ( 'NONE', #1893, 0.8000000000000199174 ) ;
#1171 = EDGE_CURVE ( 'NONE', #2653, #333, #5449, .T. ) ;
#1172 = CARTESIAN_POINT ( 'NONE',  ( 271.6117082393805049, -423.8551529810575289, 3.500000000001120437 ) ) ;
#1173 = ORIENTED_EDGE ( 'NONE', *, *, #5064, .T. ) ;
#1174 = ORIENTED_EDGE ( 'NONE', *, *, #4324, .F. ) ;
#1175 = CARTESIAN_POINT ( 'NONE',  ( 261.1539477877179820, -407.5332309652855542, 8.326672684688670014E-13 ) ) ;
#1176 = LINE ( 'NONE', #4098, #2891 ) ;
#1177 = VECTOR ( 'NONE', #4301, 1000.000000000000000 ) ;
#1178 = CARTESIAN_POINT ( 'NONE',  ( 286.2638438631131521, -387.7551529810530155, -28.10372101890289187 ) ) ;
#1179 = VECTOR ( 'NONE', #2494, 1000.000000000000000 ) ;
#1180 = ORIENTED_EDGE ( 'NONE', *, *, #4653, .F. ) ;
#1181 = DIRECTION ( 'NONE',  ( 1.000000000000000000, 2.603240987229334922E-28, 4.903502001796260478E-15 ) ) ;
#1182 = CYLINDRICAL_SURFACE ( 'NONE', #5080, 1.600000000000119993 ) ;
#1183 = LINE ( 'NONE', #3712, #1949 ) ;
#1184 = DIRECTION ( 'NONE',  ( 1.000000000000000000, 2.603240987229339855E-28, 4.903502001790830749E-15 ) ) ;
#1185 = AXIS2_PLACEMENT_3D ( 'NONE', #148, #5327, #3619 ) ;
#1186 = CARTESIAN_POINT ( 'NONE',  ( 259.5540926294750648, -397.6554084320370066, 2.081668171172170091E-14 ) ) ;
#1187 = ORIENTED_EDGE ( 'NONE', *, *, #731, .T. ) ;
#1188 = AXIS2_PLACEMENT_3D ( 'NONE', #1321, #5069, #3029 ) ;
#1189 = EDGE_CURVE ( 'NONE', #3400, #4778, #4310, .T. ) ;
#1190 = ORIENTED_EDGE ( 'NONE', *, *, #5064, .F. ) ;
#1191 = CYLINDRICAL_SURFACE ( 'NONE', #3248, 0.8000000000000367928 ) ;
#1192 = ORIENTED_EDGE ( 'NONE', *, *, #5217, .F. ) ;
#1193 = CARTESIAN_POINT ( 'NONE',  ( 254.6799067457596379, -417.5085913686857566, -6.849112953963770067 ) ) ;
#1194 = EDGE_CURVE ( 'NONE', #5044, #3729, #3716, .T. ) ;
#1195 = LINE ( 'NONE', #2902, #722 ) ;
#1196 = EDGE_CURVE ( 'NONE', #460, #2657, #811, .T. ) ;
#1197 = ORIENTED_EDGE ( 'NONE', *, *, #994, .T. ) ;
#1198 = ORIENTED_EDGE ( 'NONE', *, *, #4967, .T. ) ;
#1199 = LINE ( 'NONE', #4612, #1084 ) ;
#1200 = CARTESIAN_POINT ( 'NONE',  ( 247.7438438631126303, -387.1051529810490024, -20.81927046104895140 ) ) ;
#1201 = EDGE_CURVE ( 'NONE', #5125, #4433, #321, .T. ) ;
#1202 = ORIENTED_EDGE ( 'NONE', *, *, #4967, .F. ) ;
#1203 = CARTESIAN_POINT ( 'NONE',  ( 248.2438438631167514, -393.7439804970530304, -29.55223462332841322 ) ) ;
#1204 = DIRECTION ( 'NONE',  ( -3.512950338857504147E-15, 1.264662121988701588E-13, 1.000000000000000000 ) ) ;
#1205 = ORIENTED_EDGE ( 'NONE', *, *, #4552, .F. ) ;
#1206 = EDGE_LOOP ( 'NONE', ( #781, #4810, #3001, #36 ) ) ;
#1207 = LINE ( 'NONE', #376, #1692 ) ;
#1208 = ADVANCED_FACE ( 'NONE', ( #1757 ), #1005, .F. ) ;
#1209 = DIRECTION ( 'NONE',  ( 0.000000000000000000, 0.000000000000000000, 1.000000000000000000 ) ) ;
#1210 = CARTESIAN_POINT ( 'NONE',  ( 247.7438438631124882, -412.8551529810555394, -27.21927046105090042 ) ) ;
#1211 = FACE_OUTER_BOUND ( 'NONE', #1563, .T. ) ;
#1212 = DIRECTION ( 'NONE',  ( 0.000000000000000000, 0.000000000000000000, -1.000000000000000000 ) ) ;
#1213 = EDGE_LOOP ( 'NONE', ( #3019, #589, #48, #4848 ) ) ;
#1214 = AXIS2_PLACEMENT_3D ( 'NONE', #3975, #1336, #1421 ) ;
#1215 = VERTEX_POINT ( 'NONE', #480 ) ;
#1216 = CARTESIAN_POINT ( 'NONE',  ( 247.7438438631124882, -416.9674183388549977, -28.19509716229260476 ) ) ;
#1217 = VERTEX_POINT ( 'NONE', #920 ) ;
#1218 = DIRECTION ( 'NONE',  ( -5.551115123125682517E-15, 5.551115123125682517E-15, 1.000000000000000000 ) ) ;
#1219 = CARTESIAN_POINT ( 'NONE',  ( 248.2438438631166946, -410.7586039894493410, -28.56669253873713998 ) ) ;
#1220 = CIRCLE ( 'NONE', #5159, 1.599999999999776934 ) ;
#1221 = CARTESIAN_POINT ( 'NONE',  ( 286.2638438631132090, -389.7551529810519924, -30.25778694175678751 ) ) ;
#1222 = ORIENTED_EDGE ( 'NONE', *, *, #4754, .T. ) ;
#1223 = ORIENTED_EDGE ( 'NONE', *, *, #1577, .F. ) ;
#1224 = CARTESIAN_POINT ( 'NONE',  ( 286.2638438631132090, -412.2051529810540274, -30.25778694176113959 ) ) ;
#1225 = DIRECTION ( 'NONE',  ( 2.588550553618949751E-28, 1.000000000000000000, -0.000000000000000000 ) ) ;
#1226 = EDGE_LOOP ( 'NONE', ( #4755, #5339, #1534, #4418 ) ) ;
#1227 = CIRCLE ( 'NONE', #4899, 10.00000000000060218 ) ;
#1228 = DIRECTION ( 'NONE',  ( -2.563797941968289713E-28, 1.000000000000000000, 2.775557561562769940E-17 ) ) ;
#1229 = ADVANCED_FACE ( 'NONE', ( #4757 ), #4426, .F. ) ;
#1230 = EDGE_CURVE ( 'NONE', #2162, #1514, #4367, .T. ) ;
#1231 = VECTOR ( 'NONE', #2613, 1000.000000000000000 ) ;
#1232 = ORIENTED_EDGE ( 'NONE', *, *, #3151, .T. ) ;
#1233 = VERTEX_POINT ( 'NONE', #977 ) ;
#1234 = DIRECTION ( 'NONE',  ( -6.323447269022148859E-15, -1.379848616319655344E-12, 1.000000000000000000 ) ) ;
#1235 = DIRECTION ( 'NONE',  ( -2.939277243926019923E-27, 2.775557561562769940E-17, -1.000000000000000000 ) ) ;
#1236 = CARTESIAN_POINT ( 'NONE',  ( 252.2438438631205315, -367.7551529810534703, -5.387485081511179885 ) ) ;
#1237 = EDGE_CURVE ( 'NONE', #4432, #3677, #1818, .T. ) ;
#1238 = CARTESIAN_POINT ( 'NONE',  ( 286.2638438631131521, -387.7551529810530155, -28.10372101890289187 ) ) ;
#1239 = AXIS2_PLACEMENT_3D ( 'NONE', #4857, #2729, #4883 ) ;
#1240 = CARTESIAN_POINT ( 'NONE',  ( 254.7281209094063286, -387.7104946486907124, -6.723291327809111095 ) ) ;
#1241 = AXIS2_PLACEMENT_3D ( 'NONE', #2720, #5240, #4874 ) ;
#1242 = ORIENTED_EDGE ( 'NONE', *, *, #466, .T. ) ;
#1243 = AXIS2_PLACEMENT_3D ( 'NONE', #4265, #3341, #1269 ) ;
#1244 =( BOUNDED_SURFACE ( )  B_SPLINE_SURFACE ( 3, 1, ( 
 ( #2962, #3804 ),
 ( #3780, #3439 ),
 ( #5509, #3382 ),
 ( #450, #1643 ) ),
 .UNSPECIFIED., .F., .F., .F. ) 
 B_SPLINE_SURFACE_WITH_KNOTS ( ( 4, 4 ),
 ( 2, 2 ),
 ( 0.000000000000000000, 1.000000000000000000 ),
 ( 0.000000000000000000, 1.000000000000000000 ),
 .UNSPECIFIED. ) 
 GEOMETRIC_REPRESENTATION_ITEM ( )  RATIONAL_B_SPLINE_SURFACE ( (
 ( 1.000000000000000000, 1.000000000000000000),
 ( 0.8047378541243229710, 0.8047378541243229710),
 ( 0.8047378541243229710, 0.8047378541243229710),
 ( 1.000000000000000000, 1.000000000000000000) ) ) 
 REPRESENTATION_ITEM ( '' )  SURFACE ( )  );
#1245 = ORIENTED_EDGE ( 'NONE', *, *, #3454, .T. ) ;
#1246 = AXIS2_PLACEMENT_3D ( 'NONE', #4366, #2569, #3409 ) ;
#1247 = VECTOR ( 'NONE', #1629, 1000.000000000000000 ) ;
#1248 = CARTESIAN_POINT ( 'NONE',  ( 247.7438438631124882, -416.0591693206005175, -29.66768596524804380 ) ) ;
#1249 = ORIENTED_EDGE ( 'NONE', *, *, #2878, .F. ) ;
#1250 = CARTESIAN_POINT ( 'NONE',  ( 248.2438438631167514, -415.6203456454816774, -29.75778694176310069 ) ) ;
#1251 = CARTESIAN_POINT ( 'NONE',  ( 248.2438438631166946, -411.1194038816427678, -29.24432450959136176 ) ) ;
#1252 = FACE_BOUND ( 'NONE', #2006, .T. ) ;
#1253 = VERTEX_POINT ( 'NONE', #3923 ) ;
#1254 = ORIENTED_EDGE ( 'NONE', *, *, #5489, .F. ) ;
#1255 = DIRECTION ( 'NONE',  ( 5.390302858156090018E-15, -2.775557561562769940E-17, 1.000000000000000000 ) ) ;
#1256 = CARTESIAN_POINT ( 'NONE',  ( 283.0638438631134477, -412.8551529810565057, -2.769270461051156484 ) ) ;
#1257 = ORIENTED_EDGE ( 'NONE', *, *, #2462, .F. ) ;
#1258 = PLANE ( 'NONE',  #3875 ) ;
#1259 = CARTESIAN_POINT ( 'NONE',  ( 250.2438438631168651, -412.8551529810540046, -8.319270461050711774 ) ) ;
#1260 = DIRECTION ( 'NONE',  ( 1.000000000000000000, 2.591839481958564728E-28, 0.000000000000000000 ) ) ;
#1261 = VERTEX_POINT ( 'NONE', #2242 ) ;
#1262 = VERTEX_POINT ( 'NONE', #541 ) ;
#1263 = EDGE_CURVE ( 'NONE', #3810, #2161, #5176, .T. ) ;
#1264 = CARTESIAN_POINT ( 'NONE',  ( 284.2638438631131521, -395.0051529810524471, -29.36554362226571513 ) ) ;
#1265 = DIRECTION ( 'NONE',  ( 1.000000000000000000, 2.591839481958564728E-28, 0.000000000000000000 ) ) ;
#1266 = FACE_OUTER_BOUND ( 'NONE', #4064, .T. ) ;
#1267 = DIRECTION ( 'NONE',  ( 1.000000000000000000, 2.603240987229339855E-28, 0.000000000000000000 ) ) ;
#1268 = CIRCLE ( 'NONE', #4406, 1.599999999999835776 ) ;
#1269 = DIRECTION ( 'NONE',  ( -1.000000000000000000, 0.000000000000000000, 2.939295732853489987E-27 ) ) ;
#1270 = EDGE_CURVE ( 'NONE', #676, #3866, #4007, .T. ) ;
#1271 = EDGE_CURVE ( 'NONE', #758, #3112, #2714, .T. ) ;
#1272 = VERTEX_POINT ( 'NONE', #948 ) ;
#1273 = EDGE_CURVE ( 'NONE', #4108, #1841, #3954, .T. ) ;
#1274 = VECTOR ( 'NONE', #452, 1000.000000000000000 ) ;
#1275 = ORIENTED_EDGE ( 'NONE', *, *, #4865, .T. ) ;
#1276 = EDGE_CURVE ( 'NONE', #1423, #4571, #4398, .T. ) ;
#1277 = EDGE_LOOP ( 'NONE', ( #3843, #620, #3281, #292 ) ) ;
#1278 = CARTESIAN_POINT ( 'NONE',  ( 283.0638438631139024, -387.7551529810519924, -28.10372101890463981 ) ) ;
#1279 = DIRECTION ( 'NONE',  ( 2.934562567422035131E-27, 2.775557561562769940E-17, -1.000000000000000000 ) ) ;
#1280 = VECTOR ( 'NONE', #4767, 1000.000000000000000 ) ;
#1281 =( BOUNDED_CURVE ( )  B_SPLINE_CURVE ( 3, ( #93, #1706, #2966, #3025 ),
 .UNSPECIFIED., .F., .T. ) 
 B_SPLINE_CURVE_WITH_KNOTS ( ( 4, 4 ),
 ( 1.570796326794924980, 3.141592653589600381 ),
 .UNSPECIFIED. ) 
 CURVE ( )  GEOMETRIC_REPRESENTATION_ITEM ( )  RATIONAL_B_SPLINE_CURVE ( ( 1.000000000000000000, 0.8047378541244180061, 0.8047378541244180061, 1.000000000000000000 ) ) 
 REPRESENTATION_ITEM ( '' )  );
#1282 = CARTESIAN_POINT ( 'NONE',  ( 283.0638438631137888, -415.4551529810569832, -30.25778694176343819 ) ) ;
#1283 = EDGE_LOOP ( 'NONE', ( #4813, #1006, #1977, #4226 ) ) ;
#1284 = ORIENTED_EDGE ( 'NONE', *, *, #3060, .F. ) ;
#1285 = DIRECTION ( 'NONE',  ( 0.000000000000000000, 0.000000000000000000, 1.000000000000000000 ) ) ;
#1286 = CARTESIAN_POINT ( 'NONE',  ( 279.0638438631154372, -390.0551529810552438, -3.941032595217852208 ) ) ;
#1287 = ORIENTED_EDGE ( 'NONE', *, *, #2539, .T. ) ;
#1288 = FACE_OUTER_BOUND ( 'NONE', #2804, .T. ) ;
#1289 = CARTESIAN_POINT ( 'NONE',  ( 247.7438438631124882, -418.1051625365879545, -22.41927046104901677 ) ) ;
#1290 = CARTESIAN_POINT ( 'NONE',  ( 239.7940963948070134, -387.1051529810490024, -20.81927046104895140 ) ) ;
#1291 = ORIENTED_EDGE ( 'NONE', *, *, #964, .T. ) ;
#1292 = EDGE_LOOP ( 'NONE', ( #796, #4678, #4045, #172 ) ) ;
#1293 = CARTESIAN_POINT ( 'NONE',  ( 248.2438438631129998, -393.5791547231015102, -29.67648740350094982 ) ) ;
#1294 = DIRECTION ( 'NONE',  ( 0.000000000000000000, 0.000000000000000000, -1.000000000000000000 ) ) ;
#1295 = LINE ( 'NONE', #4296, #2778 ) ;
#1296 = CARTESIAN_POINT ( 'NONE',  ( 252.5575657971671433, -386.0907889488836986, -13.37525829710343572 ) ) ;
#1297 = ORIENTED_EDGE ( 'NONE', *, *, #5217, .T. ) ;
#1298 = AXIS2_PLACEMENT_3D ( 'NONE', #2484, #2519, #2689 ) ;
#1299 = EDGE_CURVE ( 'NONE', #2180, #4867, #1099, .T. ) ;
#1300 = CARTESIAN_POINT ( 'NONE',  ( 270.5849612444119998, -396.5240355997560187, 3.500000000000389910 ) ) ;
#1301 = EDGE_CURVE ( 'NONE', #5291, #2598, #3500, .T. ) ;
#1302 = LINE ( 'NONE', #2143, #13 ) ;
#1303 = ORIENTED_EDGE ( 'NONE', *, *, #4215, .T. ) ;
#1304 = FACE_OUTER_BOUND ( 'NONE', #309, .T. ) ;
#1305 = CARTESIAN_POINT ( 'NONE',  ( 248.2438438631166946, -410.7318413997993503, -28.41193971195886192 ) ) ;
#1306 = EDGE_CURVE ( 'NONE', #3832, #1624, #2298, .T. ) ;
#1307 = CARTESIAN_POINT ( 'NONE',  ( 283.0638438631134477, 9.483115359309526134E-28, 1.789018609373158725E-12 ) ) ;
#1308 = ORIENTED_EDGE ( 'NONE', *, *, #4792, .T. ) ;
#1309 = VERTEX_POINT ( 'NONE', #59 ) ;
#1310 = FACE_OUTER_BOUND ( 'NONE', #1277, .T. ) ;
#1311 = FACE_OUTER_BOUND ( 'NONE', #4894, .T. ) ;
#1312 = AXIS2_PLACEMENT_3D ( 'NONE', #4504, #3182, #4058 ) ;
#1313 = VERTEX_POINT ( 'NONE', #1398 ) ;
#1314 = CARTESIAN_POINT ( 'NONE',  ( 250.2438438631183146, -416.8651529810543934, 3.500000000000051514 ) ) ;
#1315 = DIRECTION ( 'NONE',  ( 1.000000000000000000, 2.603240987229334922E-28, 4.903502001796260478E-15 ) ) ;
#1316 = CARTESIAN_POINT ( 'NONE',  ( 283.0638438631139024, -387.7551529810519924, -28.10372101890463981 ) ) ;
#1317 = ORIENTED_EDGE ( 'NONE', *, *, #5408, .T. ) ;
#1318 = AXIS2_PLACEMENT_3D ( 'NONE', #3213, #2470, #2974 ) ;
#1319 = ORIENTED_EDGE ( 'NONE', *, *, #3713, .T. ) ;
#1320 = CARTESIAN_POINT ( 'NONE',  ( 247.7438438631124598, -412.0136670075229404, -29.75778694176169736 ) ) ;
#1321 = CARTESIAN_POINT ( 'NONE',  ( 269.4270437452879605, -405.5950840264740123, -6.938893903907229955E-15 ) ) ;
#1322 = DIRECTION ( 'NONE',  ( 5.782411586589350145E-15, -2.775557561562769940E-17, 1.000000000000000000 ) ) ;
#1323 = CIRCLE ( 'NONE', #2924, 1.600000000000203482 ) ;
#1324 = CARTESIAN_POINT ( 'NONE',  ( 250.2438438631168651, -387.7551529810476154, -4.493968467142782869E-11 ) ) ;
#1325 = DIRECTION ( 'NONE',  ( -1.000000000000000000, -2.603240987229334922E-28, -4.903502001796260478E-15 ) ) ;
#1326 = CARTESIAN_POINT ( 'NONE',  ( 248.2438438631167514, -393.9903522028515681, -29.36105579096849993 ) ) ;
#1327 = AXIS2_PLACEMENT_3D ( 'NONE', #4028, #378, #2075 ) ;
#1328 = VERTEX_POINT ( 'NONE', #567 ) ;
#1329 = CARTESIAN_POINT ( 'NONE',  ( 244.7438438631124882, -412.2051529810585180, -29.75778694176164763 ) ) ;
#1330 = CIRCLE ( 'NONE', #4378, 0.8000000000000506706 ) ;
#1331 = CARTESIAN_POINT ( 'NONE',  ( 237.2822726928050088, 6.050715484207100722E-12, -30.25778694168084826 ) ) ;
#1332 = B_SPLINE_CURVE_WITH_KNOTS ( 'NONE', 3,
 ( #490, #4704, #4293, #462, #2192, #2164, #39, #3447, #1041, #3932, #1464, #1853, #3511, #603, #5307, #2309, #576, #4821 ),
 .UNSPECIFIED., .F., .F.,
 ( 4, 2, 2, 2, 2, 2, 2, 2, 4 ),
 ( 0.000000000000000000, 0.1250000000000092149, 0.2500000000000184297, 0.3750000000000276446, 0.5000000000000368594, 0.7500000000000162093, 0.8124999999999968914, 0.8749999999999776845, 1.000000000000000000 ),
 .UNSPECIFIED. ) ;
#1333 = EDGE_CURVE ( 'NONE', #3647, #2875, #3104, .T. ) ;
#1334 = ORIENTED_EDGE ( 'NONE', *, *, #1955, .F. ) ;
#1335 = AXIS2_PLACEMENT_3D ( 'NONE', #1307, #2958, #5114 ) ;
#1336 = DIRECTION ( 'NONE',  ( -2.939295732853489987E-27, 2.775557561562769940E-17, -1.000000000000000000 ) ) ;
#1337 = EDGE_CURVE ( 'NONE', #164, #3582, #4812, .T. ) ;
#1338 = CARTESIAN_POINT ( 'NONE',  ( 250.2438438631167799, -411.6062287069289027, -29.61989270892662418 ) ) ;
#1339 = CARTESIAN_POINT ( 'NONE',  ( -69.05065455889879900, -69.05065455886611403, 3.500000000000049738 ) ) ;
#1340 = CIRCLE ( 'NONE', #2233, 10.00000000000000888 ) ;
#1341 = EDGE_LOOP ( 'NONE', ( #1816, #5447, #843, #3437 ) ) ;
#1342 = EDGE_LOOP ( 'NONE', ( #5142, #756, #4528, #1909, #4781, #787, #4632, #4758, #1370, #2036, #3048, #2292, #3067, #2559, #4868 ) ) ;
#1343 = CARTESIAN_POINT ( 'NONE',  ( 272.2638438631130384, -392.3551529810545162, -3.569270461046630150 ) ) ;
#1344 = CARTESIAN_POINT ( 'NONE',  ( 254.7438438631130566, -389.7551529810564830, -29.75778694175719963 ) ) ;
#1345 = VERTEX_POINT ( 'NONE', #1875 ) ;
#1346 = DIRECTION ( 'NONE',  ( 1.000000000000000000, 2.591839481958564728E-28, 0.000000000000000000 ) ) ;
#1347 = ADVANCED_FACE ( 'NONE', ( #3558 ), #1426, .F. ) ;
#1348 = CARTESIAN_POINT ( 'NONE',  ( 252.2438438631205315, -384.7551529810560282, -16.11395431864190186 ) ) ;
#1349 = ADVANCED_FACE ( 'NONE', ( #3892 ), #1140, .F. ) ;
#1350 = VECTOR ( 'NONE', #1132, 1000.000000000000000 ) ;
#1351 = DIRECTION ( 'NONE',  ( 0.000000000000000000, 0.000000000000000000, 1.000000000000000000 ) ) ;
#1352 = ORIENTED_EDGE ( 'NONE', *, *, #2686, .T. ) ;
#1353 = ORIENTED_EDGE ( 'NONE', *, *, #851, .F. ) ;
#1354 = CARTESIAN_POINT ( 'NONE',  ( 248.2438438631129998, -416.9498800180834905, -27.96530097146190030 ) ) ;
#1355 = FACE_OUTER_BOUND ( 'NONE', #5297, .T. ) ;
#1356 = CARTESIAN_POINT ( 'NONE',  ( 271.6117082393805049, -413.8551529810570173, 3.500000000001104894 ) ) ;
#1357 = CIRCLE ( 'NONE', #5186, 5.000000000000220268 ) ;
#1358 = CARTESIAN_POINT ( 'NONE',  ( 283.0638438631134477, -390.0551529810553006, -3.941032595217852208 ) ) ;
#1359 = CARTESIAN_POINT ( 'NONE',  ( 252.3478760070530029, -385.6677649504686656, -14.34520744236650280 ) ) ;
#1360 = LINE ( 'NONE', #2728, #1523 ) ;
#1361 = FACE_OUTER_BOUND ( 'NONE', #1960, .T. ) ;
#1362 = ORIENTED_EDGE ( 'NONE', *, *, #1000, .T. ) ;
#1363 = CARTESIAN_POINT ( 'NONE',  ( 254.7438438631125450, -410.7051529810600528, -28.10372101890754948 ) ) ;
#1364 = DIRECTION ( 'NONE',  ( -1.000000000000000000, 3.944304526105059027E-31, 5.375484819755821767E-15 ) ) ;
#1365 = ORIENTED_EDGE ( 'NONE', *, *, #531, .F. ) ;
#1366 = CARTESIAN_POINT ( 'NONE',  ( 286.2638438631132090, -415.4551529810574948, -30.25778694176194250 ) ) ;
#1367 = CARTESIAN_POINT ( 'NONE',  ( 250.2438438631167799, -394.2192954569031258, -29.08065901020251331 ) ) ;
#1368 = ORIENTED_EDGE ( 'NONE', *, *, #2118, .F. ) ;
#1369 = CIRCLE ( 'NONE', #4506, 0.8000000000000367928 ) ;
#1370 = ORIENTED_EDGE ( 'NONE', *, *, #3185, .T. ) ;
#1371 = CARTESIAN_POINT ( 'NONE',  ( 275.7638438631135500, -387.7551529810530155, -21.11395431864304939 ) ) ;
#1372 = CARTESIAN_POINT ( 'NONE',  ( 254.7438438631125450, -410.7051529810600528, -28.10372101890754948 ) ) ;
#1373 = ORIENTED_EDGE ( 'NONE', *, *, #5282, .F. ) ;
#1374 = DIRECTION ( 'NONE',  ( 1.000000000000000000, 6.938893903907991995E-14, 0.000000000000000000 ) ) ;
#1375 = AXIS2_PLACEMENT_3D ( 'NONE', #5409, #2039, #4518 ) ;
#1376 = CARTESIAN_POINT ( 'NONE',  ( 239.7940963948070134, -418.1051625365879545, -19.21927046104888248 ) ) ;
#1377 = EDGE_CURVE ( 'NONE', #3470, #2505, #4039, .T. ) ;
#1378 = PLANE ( 'NONE',  #4911 ) ;
#1379 = ORIENTED_EDGE ( 'NONE', *, *, #2493, .F. ) ;
#1380 = EDGE_CURVE ( 'NONE', #3581, #2068, #4063, .T. ) ;
#1381 = ORIENTED_EDGE ( 'NONE', *, *, #2506, .F. ) ;
#1382 = CARTESIAN_POINT ( 'NONE',  ( 274.2638438631130384, -393.4657074765764833, 9.640205300698309800E-11 ) ) ;
#1383 = CARTESIAN_POINT ( 'NONE',  ( 283.0638438631136182, -392.3551529810500256, -27.21927046104805470 ) ) ;
#1384 = DIRECTION ( 'NONE',  ( 1.000000000000000000, 0.000000000000000000, -5.782411586589351722E-15 ) ) ;
#1385 = FACE_OUTER_BOUND ( 'NONE', #353, .T. ) ;
#1386 = ADVANCED_FACE ( 'NONE', ( #1978 ), #5350, .F. ) ;
#1387 = CARTESIAN_POINT ( 'NONE',  ( 270.5849629159514507, -408.6862753754355140, -3.140185779828669936E-17 ) ) ;
#1388 = LINE ( 'NONE', #3065, #3221 ) ;
#1389 = CARTESIAN_POINT ( 'NONE',  ( 283.0638438631134477, -417.4551529810580064, 1.777431901308459695E-12 ) ) ;
#1390 = CARTESIAN_POINT ( 'NONE',  ( 248.2438438631129998, -411.6311512390144571, -29.67648740350434977 ) ) ;
#1391 = CARTESIAN_POINT ( 'NONE',  ( 250.2438438631167799, -410.7051529810520378, -28.10372101890871477 ) ) ;
#1392 = ORIENTED_EDGE ( 'NONE', *, *, #1931, .T. ) ;
#1393 = CARTESIAN_POINT ( 'NONE',  ( 280.6202380637918736, -411.5458297096933507, -6.819952713995136584 ) ) ;
#1394 = CARTESIAN_POINT ( 'NONE',  ( 256.7438438631130566, -392.3551529810545162, -28.01927046104704999 ) ) ;
#1395 = EDGE_LOOP ( 'NONE', ( #4509, #2922, #970, #3501 ) ) ;
#1396 = ORIENTED_EDGE ( 'NONE', *, *, #624, .T. ) ;
#1397 = CARTESIAN_POINT ( 'NONE',  ( 286.2638438631132090, -415.4551529810574948, -30.25778694176194250 ) ) ;
#1398 = CARTESIAN_POINT ( 'NONE',  ( 279.0638438631154372, -390.0551529810535385, -17.35762632444579268 ) ) ;
#1399 = ORIENTED_EDGE ( 'NONE', *, *, #4936, .T. ) ;
#1400 = DIRECTION ( 'NONE',  ( -1.000000000000000000, -2.591739260015509782E-28, 0.000000000000000000 ) ) ;
#1401 = LINE ( 'NONE', #1484, #4459 ) ;
#1402 = CYLINDRICAL_SURFACE ( 'NONE', #1241, 1.000000000000271561 ) ;
#1403 = ORIENTED_EDGE ( 'NONE', *, *, #5510, .T. ) ;
#1404 = AXIS2_PLACEMENT_3D ( 'NONE', #2707, #999, #4419 ) ;
#1405 = ORIENTED_EDGE ( 'NONE', *, *, #4256, .F. ) ;
#1406 = LINE ( 'NONE', #3143, #106 ) ;
#1407 = EDGE_CURVE ( 'NONE', #1659, #2161, #5061, .T. ) ;
#1408 = DIRECTION ( 'NONE',  ( -5.551115123125546833E-15, 0.000000000000000000, -1.000000000000000000 ) ) ;
#1409 = LINE ( 'NONE', #3964, #5358 ) ;
#1410 = ADVANCED_FACE ( 'NONE', ( #3188 ), #1505, .T. ) ;
#1411 = VECTOR ( 'NONE', #240, 1000.000000000000000 ) ;
#1412 = DIRECTION ( 'NONE',  ( 1.000000000000000000, 2.563797941968289713E-28, -2.939295732853489987E-27 ) ) ;
#1413 = CARTESIAN_POINT ( 'NONE',  ( 283.0638438631136182, -392.3551529810525267, -28.81927046104812717 ) ) ;
#1414 = DIRECTION ( 'NONE',  ( 4.814824860967569751E-30, 2.775557561562769940E-17, -1.000000000000000000 ) ) ;
#1415 = CARTESIAN_POINT ( 'NONE',  ( 248.2438438631129998, -389.7551529810494912, -29.75778694175799899 ) ) ;
#1416 = AXIS2_PLACEMENT_3D ( 'NONE', #5514, #3442, #895 ) ;
#1417 = EDGE_CURVE ( 'NONE', #417, #448, #1927, .T. ) ;
#1418 = LINE ( 'NONE', #498, #3649 ) ;
#1419 = CARTESIAN_POINT ( 'NONE',  ( 249.5771771964500942, -410.7051529810600528, -28.10372101890871477 ) ) ;
#1420 = ORIENTED_EDGE ( 'NONE', *, *, #4082, .T. ) ;
#1421 = DIRECTION ( 'NONE',  ( -1.000000000000000000, 0.000000000000000000, 2.939295732853487476E-27 ) ) ;
#1422 = DIRECTION ( 'NONE',  ( 0.000000000000000000, 0.000000000000000000, 1.000000000000000000 ) ) ;
#1423 = VERTEX_POINT ( 'NONE', #3639 ) ;
#1424 = ORIENTED_EDGE ( 'NONE', *, *, #3705, .T. ) ;
#1425 = CARTESIAN_POINT ( 'NONE',  ( 250.2438438631138240, -388.2428876232569905, -28.19509716227626228 ) ) ;
#1426 = CYLINDRICAL_SURFACE ( 'NONE', #4410, 0.8000000000000506706 ) ;
#1427 = EDGE_LOOP ( 'NONE', ( #4340, #1308, #3319, #4621 ) ) ;
#1428 = CARTESIAN_POINT ( 'NONE',  ( -8.326672684688669004E-14, -415.1551625365869995, -16.11395431864040262 ) ) ;
#1429 = DIRECTION ( 'NONE',  ( 5.314887679797227537E-15, 0.1497286272321744216, 0.9887271302979242504 ) ) ;
#1430 = DIRECTION ( 'NONE',  ( 2.588550553618949751E-28, 1.000000000000000000, 0.000000000000000000 ) ) ;
#1431 = ORIENTED_EDGE ( 'NONE', *, *, #636, .F. ) ;
#1432 = ORIENTED_EDGE ( 'NONE', *, *, #3538, .F. ) ;
#1433 = CARTESIAN_POINT ( 'NONE',  ( 247.7438438631124882, -412.2051529810585180, -29.75778694176169026 ) ) ;
#1434 = AXIS2_PLACEMENT_3D ( 'NONE', #1371, #4811, #1700 ) ;
#1435 = CIRCLE ( 'NONE', #2502, 1.000000000000271561 ) ;
#1436 = DIRECTION ( 'NONE',  ( 2.588550553618949751E-28, 1.000000000000000000, 0.000000000000000000 ) ) ;
#1437 = EDGE_CURVE ( 'NONE', #1122, #3085, #5256, .T. ) ;
#1438 = CYLINDRICAL_SURFACE ( 'NONE', #2139, 16.60000000000099973 ) ;
#1439 = CARTESIAN_POINT ( 'NONE',  ( 275.7538438631130475, -391.3551529810540046, -2.706168622523820077E-13 ) ) ;
#1440 = CARTESIAN_POINT ( 'NONE',  ( 248.2438438631167514, -393.3140339775780490, -29.72225937924801542 ) ) ;
#1441 = CARTESIAN_POINT ( 'NONE',  ( 286.2638438631131521, -393.4657074765797233, -16.94911424917499687 ) ) ;
#1442 = AXIS2_PLACEMENT_3D ( 'NONE', #4434, #3253, #4046 ) ;
#1443 = CARTESIAN_POINT ( 'NONE',  ( 283.0638438631134477, -417.1651529810592365, 1.767017395538232599E-13 ) ) ;
#1444 = ADVANCED_FACE ( 'NONE', ( #1088 ), #4137, .F. ) ;
#1445 = ADVANCED_FACE ( 'NONE', ( #3270 ), #3668, .T. ) ;
#1446 = DIRECTION ( 'NONE',  ( 0.000000000000000000, 0.000000000000000000, -1.000000000000000000 ) ) ;
#1447 = ORIENTED_EDGE ( 'NONE', *, *, #2574, .T. ) ;
#1448 = EDGE_CURVE ( 'NONE', #5231, #1514, #3718, .T. ) ;
#1449 = ORIENTED_EDGE ( 'NONE', *, *, #2462, .T. ) ;
#1450 = AXIS2_PLACEMENT_3D ( 'NONE', #1331, #2173, #4415 ) ;
#1451 = LINE ( 'NONE', #2265, #1520 ) ;
#1452 = ORIENTED_EDGE ( 'NONE', *, *, #1678, .F. ) ;
#1453 = EDGE_CURVE ( 'NONE', #3436, #538, #1136, .T. ) ;
#1454 = VERTEX_POINT ( 'NONE', #1581 ) ;
#1455 = CARTESIAN_POINT ( 'NONE',  ( 315.6388496296644917, -383.0716923899855146, -51.92195988747189972 ) ) ;
#1456 = VERTEX_POINT ( 'NONE', #619 ) ;
#1457 = LINE ( 'NONE', #1821, #4321 ) ;
#1458 = CARTESIAN_POINT ( 'NONE',  ( 252.2698527378499023, -419.9995946444524861, -15.16155571313189476 ) ) ;
#1459 = AXIS2_PLACEMENT_3D ( 'NONE', #5121, #2936, #813 ) ;
#1460 = CARTESIAN_POINT ( 'NONE',  ( 250.2438438631167799, -394.5051529810480702, -28.10372101890486363 ) ) ;
#1461 = VERTEX_POINT ( 'NONE', #4510 ) ;
#1462 = VERTEX_POINT ( 'NONE', #1058 ) ;
#1463 = FACE_OUTER_BOUND ( 'NONE', #998, .T. ) ;
#1464 = CARTESIAN_POINT ( 'NONE',  ( 250.2438438631166662, -416.2818107549659885, -29.50345554315948249 ) ) ;
#1465 = VECTOR ( 'NONE', #632, 1000.000000000000000 ) ;
#1466 = CARTESIAN_POINT ( 'NONE',  ( 248.2438438631129998, -389.5536551087295152, -29.75778694175714989 ) ) ;
#1467 =( BOUNDED_CURVE ( )  B_SPLINE_CURVE ( 3, ( #3422, #1767, #517, #3513 ),
 .UNSPECIFIED., .F., .T. ) 
 B_SPLINE_CURVE_WITH_KNOTS ( ( 4, 4 ),
 ( 4.712388980384679904, 6.283185307179590673 ),
 .UNSPECIFIED. ) 
 CURVE ( )  GEOMETRIC_REPRESENTATION_ITEM ( )  RATIONAL_B_SPLINE_CURVE ( ( 1.000000000000000000, 0.8047378541243619399, 0.8047378541243619399, 1.000000000000000000 ) ) 
 REPRESENTATION_ITEM ( '' )  );
#1468 = DIRECTION ( 'NONE',  ( 5.390302858156090018E-15, -2.775557561562769940E-17, 1.000000000000000000 ) ) ;
#1469 = LINE ( 'NONE', #2392, #724 ) ;
#1470 = CARTESIAN_POINT ( 'NONE',  ( 248.2438438631164956, -388.6339307808205490, -29.27266575548419780 ) ) ;
#1471 = DIRECTION ( 'NONE',  ( -1.740349635189305066E-18, -1.007406631758437888E-16, -1.000000000000000000 ) ) ;
#1472 = ADVANCED_BREP_SHAPE_REPRESENTATION ( 'mount servo', ( #3464, #1060 ), #3474 ) ;
#1473 = CARTESIAN_POINT ( 'NONE',  ( 283.0638438631136182, -412.8551529810515035, -28.01927046105194208 ) ) ;
#1474 = ORIENTED_EDGE ( 'NONE', *, *, #76, .F. ) ;
#1475 = EDGE_CURVE ( 'NONE', #4318, #4983, #1268, .T. ) ;
#1476 = FACE_OUTER_BOUND ( 'NONE', #4891, .T. ) ;
#1477 = EDGE_CURVE ( 'NONE', #2453, #2119, #1026, .T. ) ;
#1478 = CARTESIAN_POINT ( 'NONE',  ( 239.7940963948070134, -418.1051625365879545, -20.81927046104895140 ) ) ;
#1479 = EDGE_LOOP ( 'NONE', ( #5386, #542, #2092, #4533 ) ) ;
#1480 = EDGE_LOOP ( 'NONE', ( #4765, #4112, #4203, #3102 ) ) ;
#1481 = DIRECTION ( 'NONE',  ( -2.934562567422035131E-27, -2.775557561562769940E-17, 1.000000000000000000 ) ) ;
#1482 = ORIENTED_EDGE ( 'NONE', *, *, #352, .F. ) ;
#1483 = CARTESIAN_POINT ( 'NONE',  ( 250.2438438631167230, -416.9622201525792775, -28.12698782504628525 ) ) ;
#1484 = CARTESIAN_POINT ( 'NONE',  ( 247.7438438631126019, -422.7946075282544598, 5.920991025987707150E-13 ) ) ;
#1485 = EDGE_CURVE ( 'NONE', #5177, #21, #4532, .T. ) ;
#1486 = DIRECTION ( 'NONE',  ( 5.016067882342272255E-15, -3.344045254894848433E-15, 1.000000000000000000 ) ) ;
#1487 = VERTEX_POINT ( 'NONE', #278 ) ;
#1488 = ORIENTED_EDGE ( 'NONE', *, *, #1741, .F. ) ;
#1489 = DIRECTION ( 'NONE',  ( 1.000000000000000000, -4.100245375925645010E-15, -5.390302858156090018E-15 ) ) ;
#1490 = DIRECTION ( 'NONE',  ( 2.521802105352219937E-18, 2.772141926175199806E-17, -1.000000000000000000 ) ) ;
#1491 = FACE_OUTER_BOUND ( 'NONE', #4452, .T. ) ;
#1492 = CARTESIAN_POINT ( 'NONE',  ( 239.7940963948065018, -418.1051625365869882, -50.21927046105083292 ) ) ;
#1493 = DIRECTION ( 'NONE',  ( 1.000000000000000000, 2.591739260015509782E-28, -5.843279076974290797E-15 ) ) ;
#1494 = CARTESIAN_POINT ( 'NONE',  ( 283.0638438631136182, 5.883794987710501679E-12, -30.25778694168094063 ) ) ;
#1495 = CARTESIAN_POINT ( 'NONE',  ( 280.6202380637890315, -172.9737289185988800, -198.8206450599043933 ) ) ;
#1496 = VECTOR ( 'NONE', #5251, 1000.000000000000000 ) ;
#1497 = DIRECTION ( 'NONE',  ( -1.000000000000000000, 6.700788708272324096E-14, 3.242653474416212924E-26 ) ) ;
#1498 = AXIS2_PLACEMENT_3D ( 'NONE', #4524, #5287, #5338 ) ;
#1499 = VERTEX_POINT ( 'NONE', #105 ) ;
#1500 = FACE_OUTER_BOUND ( 'NONE', #3321, .T. ) ;
#1501 = CARTESIAN_POINT ( 'NONE',  ( 254.2177869322407844, -387.5742331737382074, -8.071530477000434800 ) ) ;
#1502 = ADVANCED_FACE ( 'NONE', ( #73 ), #2452, .T. ) ;
#1503 = ORIENTED_EDGE ( 'NONE', *, *, #1074, .T. ) ;
#1504 = ORIENTED_EDGE ( 'NONE', *, *, #2433, .T. ) ;
#1505 = CYLINDRICAL_SURFACE ( 'NONE', #4093, 0.3599999999999898281 ) ;
#1506 = EDGE_CURVE ( 'NONE', #4138, #2184, #4159, .T. ) ;
#1507 = VERTEX_POINT ( 'NONE', #326 ) ;
#1508 = CIRCLE ( 'NONE', #790, 1.600000000000066702 ) ;
#1509 = CARTESIAN_POINT ( 'NONE',  ( 248.2438438631167514, -416.9498800180834905, -27.96530097146190030 ) ) ;
#1510 = CARTESIAN_POINT ( 'NONE',  ( 255.0106438068102079, -417.4551529810566990, -5.989605779259691509 ) ) ;
#1511 = AXIS2_PLACEMENT_3D ( 'NONE', #2944, #1235, #1651 ) ;
#1512 = CARTESIAN_POINT ( 'NONE',  ( 283.0638438631135045, -393.4657074765784159, -7.219026328252038383 ) ) ;
#1513 = CIRCLE ( 'NONE', #975, 10.00000000000009237 ) ;
#1514 = VERTEX_POINT ( 'NONE', #359 ) ;
#1515 = VERTEX_POINT ( 'NONE', #3373 ) ;
#1516 = CARTESIAN_POINT ( 'NONE',  ( 248.2438438631138808, -389.5536551087219550, -29.75778694175809846 ) ) ;
#1517 = ADVANCED_FACE ( 'NONE', ( #2059 ), #3486, .F. ) ;
#1518 = EDGE_CURVE ( 'NONE', #4611, #2963, #3743, .T. ) ;
#1519 = CARTESIAN_POINT ( 'NONE',  ( 261.1539458885515046, -397.6770775209839712, 3.500000000001350031 ) ) ;
#1520 = VECTOR ( 'NONE', #142, 1000.000000000000000 ) ;
#1521 = CARTESIAN_POINT ( 'NONE',  ( 267.3068997049115296, -397.9896504474279482, 3.500000000000400124 ) ) ;
#1522 = DIRECTION ( 'NONE',  ( -3.389345054161549756E-18, -2.770966011564124714E-17, 1.000000000000000000 ) ) ;
#1523 = VECTOR ( 'NONE', #4440, 1000.000000000000000 ) ;
#1524 = AXIS2_PLACEMENT_3D ( 'NONE', #2372, #5370, #1528 ) ;
#1525 = CARTESIAN_POINT ( 'NONE',  ( 270.5849612444114882, -396.5240355997560187, 9.625873490341208890E-16 ) ) ;
#1526 = EDGE_CURVE ( 'NONE', #235, #4038, #2535, .T. ) ;
#1527 = CARTESIAN_POINT ( 'NONE',  ( 275.7638438631130384, -417.4551529810599959, -0.1847046010210670053 ) ) ;
#1528 = DIRECTION ( 'NONE',  ( 0.5190845425144148262, 0.8547229011338122184, -1.057318573478199974E-16 ) ) ;
#1529 = CIRCLE ( 'NONE', #197, 1.599999999999990319 ) ;
#1530 = ORIENTED_EDGE ( 'NONE', *, *, #2901, .T. ) ;
#1531 = DIRECTION ( 'NONE',  ( 0.000000000000000000, 0.000000000000000000, 1.000000000000000000 ) ) ;
#1532 = VERTEX_POINT ( 'NONE', #5022 ) ;
#1533 = UNCERTAINTY_MEASURE_WITH_UNIT (LENGTH_MEASURE( 1.000000000000000082E-05 ), #4169, 'distance_accuracy_value', 'NONE');
#1534 = ORIENTED_EDGE ( 'NONE', *, *, #2853, .T. ) ;
#1535 = CARTESIAN_POINT ( 'NONE',  ( 252.2438438631125450, -418.1051625365929567, -51.81927046105149515 ) ) ;
#1536 = ORIENTED_EDGE ( 'NONE', *, *, #1437, .F. ) ;
#1537 = CARTESIAN_POINT ( 'NONE',  ( 247.7438438631123176, -419.7946075282534935, -50.04962560466439925 ) ) ;
#1538 = CARTESIAN_POINT ( 'NONE',  ( 312.3934261990560799, -417.1651529810592365, 1.767017395528818018E-13 ) ) ;
#1539 = LINE ( 'NONE', #709, #5283 ) ;
#1540 = AXIS2_PLACEMENT_3D ( 'NONE', #1807, #5225, #3518 ) ;
#1541 = ORIENTED_EDGE ( 'NONE', *, *, #4839, .F. ) ;
#1542 = ORIENTED_EDGE ( 'NONE', *, *, #2371, .F. ) ;
#1543 = VECTOR ( 'NONE', #1225, 1000.000000000000000 ) ;
#1544 = CARTESIAN_POINT ( 'NONE',  ( 250.2438438631173199, -388.2979024181559566, -28.67062335264850859 ) ) ;
#1545 = CARTESIAN_POINT ( 'NONE',  ( 248.2438438631167514, -393.4649074498227606, -29.68719856426641712 ) ) ;
#1546 = EDGE_CURVE ( 'NONE', #2903, #2895, #2023, .T. ) ;
#1547 = CARTESIAN_POINT ( 'NONE',  ( 275.7638438631205418, -387.7551529810530155, -5.184704601021960180 ) ) ;
#1548 = VERTEX_POINT ( 'NONE', #750 ) ;
#1549 = LINE ( 'NONE', #4073, #4541 ) ;
#1550 = DIRECTION ( 'NONE',  ( 1.000000000000000000, -4.009139683748277238E-13, 0.000000000000000000 ) ) ;
#1551 = DIRECTION ( 'NONE',  ( -0.01354621893931057253, -0.9999082457668044821, 4.526264180248565607E-17 ) ) ;
#1552 = CIRCLE ( 'NONE', #485, 1.599999999999776934 ) ;
#1553 = DIRECTION ( 'NONE',  ( -0.01354273130686583886, -0.9999082930092889621, 1.007549936402710859E-16 ) ) ;
#1554 = EDGE_CURVE ( 'NONE', #5342, #1649, #4605, .T. ) ;
#1555 = CARTESIAN_POINT ( 'NONE',  ( 252.2438438631205315, -420.4551529810610191, -16.11395431864185213 ) ) ;
#1556 = ORIENTED_EDGE ( 'NONE', *, *, #423, .T. ) ;
#1557 = ORIENTED_EDGE ( 'NONE', *, *, #783, .F. ) ;
#1558 = DIRECTION ( 'NONE',  ( -1.000000000000000000, -2.591739260015509782E-28, 0.000000000000000000 ) ) ;
#1559 = VERTEX_POINT ( 'NONE', #3771 ) ;
#1560 = CARTESIAN_POINT ( 'NONE',  ( 283.0638438631134477, -392.3551529810554825, -3.569270461047463705 ) ) ;
#1561 = DIRECTION ( 'NONE',  ( -1.000000000000000000, 0.000000000000000000, 5.390302858162440348E-15 ) ) ;
#1562 = DIRECTION ( 'NONE',  ( 1.000000000000000000, -3.944304526105059027E-31, -5.375484819755821767E-15 ) ) ;
#1563 = EDGE_LOOP ( 'NONE', ( #2320, #3155, #2626, #25 ) ) ;
#1564 = VERTEX_POINT ( 'NONE', #1773 ) ;
#1565 = CARTESIAN_POINT ( 'NONE',  ( 248.2438438631138808, -388.2604259440230408, -27.96530097144355054 ) ) ;
#1566 = CARTESIAN_POINT ( 'NONE',  ( 248.2438438631167514, -394.0926677953394233, -29.24227821410780948 ) ) ;
#1567 = AXIS2_PLACEMENT_3D ( 'NONE', #4842, #89, #2656 ) ;
#1568 = ORIENTED_EDGE ( 'NONE', *, *, #3388, .F. ) ;
#1569 = CARTESIAN_POINT ( 'NONE',  ( 250.2438438631168651, -417.4551529810585180, -5.013131725768603886 ) ) ;
#1570 = ADVANCED_FACE ( 'NONE', ( #3320 ), #1191, .F. ) ;
#1571 = CARTESIAN_POINT ( 'NONE',  ( 278.6827760512485384, -388.4262207929165243, 3.499999999999315214 ) ) ;
#1572 = CARTESIAN_POINT ( 'NONE',  ( 252.2438438631205315, -390.0551529810570059, -16.11395431864190186 ) ) ;
#1573 = EDGE_CURVE ( 'NONE', #4924, #3294, #771, .T. ) ;
#1574 = CARTESIAN_POINT ( 'NONE',  ( 286.2638438631111057, -395.5080388009552053, -5.216055450605666444 ) ) ;
#1575 = CARTESIAN_POINT ( 'NONE',  ( 250.2438438631167799, -416.9498800180904823, -27.96530097146153793 ) ) ;
#1576 = AXIS2_PLACEMENT_3D ( 'NONE', #3825, #804, #773 ) ;
#1577 = EDGE_CURVE ( 'NONE', #3085, #1122, #3662, .T. ) ;
#1578 = VERTEX_POINT ( 'NONE', #2644 ) ;
#1579 = CIRCLE ( 'NONE', #2310, 3.000000000000127454 ) ;
#1580 = ORIENTED_EDGE ( 'NONE', *, *, #14, .F. ) ;
#1581 = CARTESIAN_POINT ( 'NONE',  ( 250.2438438631167799, -394.5051529810480702, -28.10372101890486363 ) ) ;
#1582 = ORIENTED_EDGE ( 'NONE', *, *, #3794, .F. ) ;
#1583 = FACE_OUTER_BOUND ( 'NONE', #1811, .T. ) ;
#1584 = CARTESIAN_POINT ( 'NONE',  ( 253.7090407681922954, -417.8773973467032192, -9.475480337104237094 ) ) ;
#1585 = AXIS2_PLACEMENT_3D ( 'NONE', #4255, #1315, #483 ) ;
#1586 = LINE ( 'NONE', #1120, #4637 ) ;
#1587 = VERTEX_POINT ( 'NONE', #5046 ) ;
#1588 = ORIENTED_EDGE ( 'NONE', *, *, #5382, .F. ) ;
#1589 = DIRECTION ( 'NONE',  ( -1.000000000000000000, 0.000000000000000000, 5.390302858161300444E-15 ) ) ;
#1590 = CARTESIAN_POINT ( 'NONE',  ( 250.2438438631167799, -410.7051529810520378, -28.10372101890871477 ) ) ;
#1591 = AXIS2_PLACEMENT_3D ( 'NONE', #641, #2287, #607 ) ;
#1592 = CARTESIAN_POINT ( 'NONE',  ( 286.2638438631130384, -417.4551529810545389, 3.500000000000679901 ) ) ;
#1593 = EDGE_LOOP ( 'NONE', ( #2872, #1275, #3700, #4688 ) ) ;
#1594 = CARTESIAN_POINT ( 'NONE',  ( 248.2438438631129998, -394.4230892009680360, -28.76833403644705101 ) ) ;
#1595 = AXIS2_PLACEMENT_3D ( 'NONE', #5464, #3357, #3758 ) ;
#1596 = CARTESIAN_POINT ( 'NONE',  ( 244.7438438631124882, -415.4551529810630086, -29.75778694176199934 ) ) ;
#1597 = CARTESIAN_POINT ( 'NONE',  ( 254.7438438631130566, -394.5051529810545503, -1.509999999999830145 ) ) ;
#1598 = ADVANCED_FACE ( 'NONE', ( #4631 ), #4242, .F. ) ;
#1599 = VECTOR ( 'NONE', #3283, 1000.000000000000000 ) ;
#1600 = CARTESIAN_POINT ( 'NONE',  ( 252.2438438631125450, -383.0716923899880157, -51.92195988747069890 ) ) ;
#1601 = CIRCLE ( 'NONE', #4382, 0.3599999999999714539 ) ;
#1602 = LINE ( 'NONE', #3818, #3735 ) ;
#1603 = ORIENTED_EDGE ( 'NONE', *, *, #78, .T. ) ;
#1604 = AXIS2_PLACEMENT_3D ( 'NONE', #1128, #4051, #2836 ) ;
#1605 = AXIS2_PLACEMENT_3D ( 'NONE', #2641, #2973, #2999 ) ;
#1606 = EDGE_CURVE ( 'NONE', #1121, #3390, #2322, .T. ) ;
#1607 = ADVANCED_FACE ( 'NONE', ( #1361 ), #3066, .F. ) ;
#1608 = ORIENTED_EDGE ( 'NONE', *, *, #4144, .T. ) ;
#1609 = CARTESIAN_POINT ( 'NONE',  ( 247.7438438631124882, -415.6566508533880437, -29.75778694176244699 ) ) ;
#1610 = ORIENTED_EDGE ( 'NONE', *, *, #5180, .F. ) ;
#1611 = CARTESIAN_POINT ( 'NONE',  ( 252.2438438631205315, -417.4551529810599959, -5.387485081523419872 ) ) ;
#1612 = CARTESIAN_POINT ( 'NONE',  ( 267.8537391739289433, -407.5332309832544979, 6.938893903907229955E-15 ) ) ;
#1613 = VECTOR ( 'NONE', #3196, 1000.000000000000000 ) ;
#1614 = EDGE_CURVE ( 'NONE', #21, #4672, #1151, .T. ) ;
#1615 = CARTESIAN_POINT ( 'NONE',  ( 264.5038438631130475, -402.6051529810560510, 3.500000000000389910 ) ) ;
#1616 = ORIENTED_EDGE ( 'NONE', *, *, #6, .T. ) ;
#1617 = ORIENTED_EDGE ( 'NONE', *, *, #2574, .F. ) ;
#1618 = DIRECTION ( 'NONE',  ( -1.000000000000000000, 4.100245375925650532E-15, 5.390302858162440348E-15 ) ) ;
#1619 = DIRECTION ( 'NONE',  ( -1.000000000000000000, 3.944304526105059027E-31, 5.375484819755821767E-15 ) ) ;
#1620 = CARTESIAN_POINT ( 'NONE',  ( 248.2438438631167514, -393.8680754062783649, -29.45593980014399449 ) ) ;
#1621 = AXIS2_PLACEMENT_3D ( 'NONE', #3855, #1809, #4390 ) ;
#1622 = DIRECTION ( 'NONE',  ( -4.100245375925654476E-15, -1.000000000000000000, -2.775557561560559897E-17 ) ) ;
#1623 = CIRCLE ( 'NONE', #4666, 0.8000000000000367928 ) ;
#1624 = VERTEX_POINT ( 'NONE', #1046 ) ;
#1625 = ORIENTED_EDGE ( 'NONE', *, *, #1637, .F. ) ;
#1626 = DIRECTION ( 'NONE',  ( 1.000000000000000000, 2.606507364415020158E-28, 0.000000000000000000 ) ) ;
#1627 = CARTESIAN_POINT ( 'NONE',  ( 283.0638438631134477, -415.1551625365869995, -3.941032595219522872 ) ) ;
#1628 = DIRECTION ( 'NONE',  ( -2.588550553618949751E-28, -1.000000000000000000, 0.000000000000000000 ) ) ;
#1629 = DIRECTION ( 'NONE',  ( 0.000000000000000000, 1.483326711682100251E-13, 1.000000000000000000 ) ) ;
#1630 = CARTESIAN_POINT ( 'NONE',  ( 254.2224152469410114, -387.5759133744524547, -8.059094483458492775 ) ) ;
#1631 = VERTEX_POINT ( 'NONE', #3655 ) ;
#1632 = VERTEX_POINT ( 'NONE', #4497 ) ;
#1633 = ADVANCED_FACE ( 'NONE', ( #3576 ), #3148, .T. ) ;
#1634 = DIRECTION ( 'NONE',  ( 5.513899350947808530E-15, -0.1497294065530951623, 0.9887270122805676964 ) ) ;
#1635 = EDGE_LOOP ( 'NONE', ( #573, #4337 ) ) ;
#1636 = DIRECTION ( 'NONE',  ( 1.000000000000000000, 2.591739260015509782E-28, -5.390302858161300444E-15 ) ) ;
#1637 = EDGE_CURVE ( 'NONE', #3487, #5305, #963, .T. ) ;
#1638 = LINE ( 'NONE', #4220, #5432 ) ;
#1639 = LINE ( 'NONE', #5427, #539 ) ;
#1640 = ORIENTED_EDGE ( 'NONE', *, *, #466, .F. ) ;
#1641 = ORIENTED_EDGE ( 'NONE', *, *, #4795, .T. ) ;
#1642 = CARTESIAN_POINT ( 'NONE',  ( 252.2438438631125450, -418.1051625365929567, -51.81927046105149515 ) ) ;
#1643 = CARTESIAN_POINT ( 'NONE',  ( 284.2638438631135500, -415.4551529810569832, -30.25778694176239725 ) ) ;
#1644 = VERTEX_POINT ( 'NONE', #1019 ) ;
#1645 = CARTESIAN_POINT ( 'NONE',  ( 248.2438438631169788, -387.7551529810480133, 2.442433538953544758 ) ) ;
#1646 = EDGE_CURVE ( 'NONE', #110, #2931, #4827, .T. ) ;
#1647 = LINE ( 'NONE', #5410, #5081 ) ;
#1648 = ORIENTED_EDGE ( 'NONE', *, *, #3544, .F. ) ;
#1649 = VERTEX_POINT ( 'NONE', #1441 ) ;
#1650 = CARTESIAN_POINT ( 'NONE',  ( 284.2638438631132090, -393.0051529810525608, -30.25778694175754779 ) ) ;
#1651 = DIRECTION ( 'NONE',  ( -1.000000000000000000, 0.000000000000000000, 2.939277243926021358E-27 ) ) ;
#1652 = CARTESIAN_POINT ( 'NONE',  ( 244.7438438631164956, -412.2051529810510146, -54.35368201230340190 ) ) ;
#1653 = DIRECTION ( 'NONE',  ( -0.7071067811866725838, 0.7071067811864224506, 1.962615573146782928E-17 ) ) ;
#1654 = CARTESIAN_POINT ( 'NONE',  ( 253.8587601115774817, -387.4169219055756912, -9.052898755126483010 ) ) ;
#1655 = VERTEX_POINT ( 'NONE', #1891 ) ;
#1656 = B_SPLINE_SURFACE_WITH_KNOTS ( 'NONE', 2, 1, ( 
 ( #4125, #5361 ),
 ( #5431, #2460 ),
 ( #3331, #2387 ),
 ( #290, #1150 ),
 ( #2009, #1988 ),
 ( #263, #3704 ),
 ( #660, #1566 ),
 ( #3304, #4168 ),
 ( #4980, #1620 ),
 ( #5388, #1203 ),
 ( #2909, #2365 ),
 ( #4071, #1545 ),
 ( #237, #4227 ),
 ( #5178, #2964 ),
 ( #5488, #3472 ) ),
 .UNSPECIFIED., .F., .F., .F.,
 ( 3, 2, 2, 2, 2, 2, 2, 3 ),
 ( 2, 2 ),
 ( 0.000000000000000000, 0.1250000000000000000, 0.2500000000000000000, 0.5000000000000000000, 0.6250000000000000000, 0.7500000000000000000, 0.8750000000000000000, 1.000000000000000000 ),
 ( 0.000000000000000000, 1.000000000000000000 ),
 .UNSPECIFIED. ) ;
#1657 = ORIENTED_EDGE ( 'NONE', *, *, #2371, .T. ) ;
#1658 = CARTESIAN_POINT ( 'NONE',  ( 272.2638438631130384, -392.3551529810525267, -28.01927046104725250 ) ) ;
#1659 = VERTEX_POINT ( 'NONE', #3547 ) ;
#1660 = LINE ( 'NONE', #2061, #4536 ) ;
#1661 = CARTESIAN_POINT ( 'NONE',  ( 274.2638438631135500, -402.4222864642735544, -21.39655090833509732 ) ) ;
#1662 = AXIS2_PLACEMENT_3D ( 'NONE', #4960, #2811, #4024 ) ;
#1663 = EDGE_CURVE ( 'NONE', #2124, #1148, #162, .T. ) ;
#1664 = CARTESIAN_POINT ( 'NONE',  ( 250.2438438631167799, -394.5051529810480702, -28.10372101890486363 ) ) ;
#1665 = ORIENTED_EDGE ( 'NONE', *, *, #933, .T. ) ;
#1666 = ADVANCED_FACE ( 'NONE', ( #1835 ), #4027, .T. ) ;
#1667 = ORIENTED_EDGE ( 'NONE', *, *, #4141, .F. ) ;
#1668 = CARTESIAN_POINT ( 'NONE',  ( 247.7438438631127156, -393.0051529810505144, -1.141879843657135737E-12 ) ) ;
#1669 = FACE_OUTER_BOUND ( 'NONE', #2561, .T. ) ;
#1670 = ORIENTED_EDGE ( 'NONE', *, *, #3679, .T. ) ;
#1671 = AXIS2_PLACEMENT_3D ( 'NONE', #2800, #4973, #4928 ) ;
#1672 = DIRECTION ( 'NONE',  ( 0.000000000000000000, 2.775557561562769940E-17, -1.000000000000000000 ) ) ;
#1673 = CARTESIAN_POINT ( 'NONE',  ( 247.7438438631124882, -412.8551529810555394, -28.01927046105095087 ) ) ;
#1674 = EDGE_CURVE ( 'NONE', #4694, #4611, #4441, .T. ) ;
#1675 = AXIS2_PLACEMENT_3D ( 'NONE', #41, #1740, #2283 ) ;
#1676 = DIRECTION ( 'NONE',  ( 0.000000000000000000, -1.000000000000000000, -2.775557561562769940E-17 ) ) ;
#1677 = ORIENTED_EDGE ( 'NONE', *, *, #4662, .F. ) ;
#1678 = EDGE_CURVE ( 'NONE', #1233, #2598, #3996, .T. ) ;
#1679 = EDGE_CURVE ( 'NONE', #1126, #4318, #5366, .T. ) ;
#1680 = ORIENTED_EDGE ( 'NONE', *, *, #3324, .T. ) ;
#1681 = DIRECTION ( 'NONE',  ( -4.100245375926679995E-15, -1.000000000000000000, -1.920685832601419841E-13 ) ) ;
#1682 = CARTESIAN_POINT ( 'NONE',  ( 237.2822726928050088, -387.7551529810519924, -28.10372101890385110 ) ) ;
#1683 = CARTESIAN_POINT ( 'NONE',  ( 283.0638438631135045, -395.5080388009554326, -5.216055450605803223 ) ) ;
#1684 = LINE ( 'NONE', #2529, #455 ) ;
#1685 = EDGE_CURVE ( 'NONE', #676, #4969, #2763, .T. ) ;
#1686 = FACE_OUTER_BOUND ( 'NONE', #1135, .T. ) ;
#1687 = VECTOR ( 'NONE', #5356, 1000.000000000000000 ) ;
#1688 = VERTEX_POINT ( 'NONE', #4075 ) ;
#1689 = VECTOR ( 'NONE', #4275, 1000.000000000000000 ) ;
#1690 = B_SPLINE_CURVE_WITH_KNOTS ( 'NONE', 3,
 ( #1664, #3405, #445, #3860, #24, #1727, #3435, #5140, #2710, #1367, #5230, #2294, #4060, #3160, #3526, #587, #5263, #649, #3976, #3553 ),
 .UNSPECIFIED., .F., .F.,
 ( 4, 2, 2, 2, 2, 2, 2, 2, 2, 4 ),
 ( 0.000000000000000000, 0.1250000000000129063, 0.1875000000000214273, 0.2500000000000299205, 0.3750000000000249245, 0.5000000000000199840, 0.6250000000000149880, 0.7500000000000099920, 0.8750000000000051070, 1.000000000000000000 ),
 .UNSPECIFIED. ) ;
#1691 = EDGE_LOOP ( 'NONE', ( #4250, #5372, #3979, #1222 ) ) ;
#1692 = VECTOR ( 'NONE', #2995, 1000.000000000000000 ) ;
#1693 = VECTOR ( 'NONE', #1184, 1000.000000000000000 ) ;
#1694 = ORIENTED_EDGE ( 'NONE', *, *, #5160, .T. ) ;
#1695 = CARTESIAN_POINT ( 'NONE',  ( 250.2438438631167230, -415.4551529810549937, -29.75778694176311134 ) ) ;
#1696 = CARTESIAN_POINT ( 'NONE',  ( 247.7438438631126303, -387.1051529810490024, -19.21927046104887893 ) ) ;
#1697 = CARTESIAN_POINT ( 'NONE',  ( 283.0638438631139593, -393.0051529810520492, -30.25778694175903993 ) ) ;
#1698 = ORIENTED_EDGE ( 'NONE', *, *, #4423, .T. ) ;
#1699 = ORIENTED_EDGE ( 'NONE', *, *, #3504, .F. ) ;
#1700 = DIRECTION ( 'NONE',  ( -7.771561172375754995E-14, 0.000000000000000000, 1.000000000000000000 ) ) ;
#1701 = ORIENTED_EDGE ( 'NONE', *, *, #4863, .T. ) ;
#1702 = AXIS2_PLACEMENT_3D ( 'NONE', #1642, #4224, #4670 ) ;
#1703 = LINE ( 'NONE', #4198, #1105 ) ;
#1704 = CARTESIAN_POINT ( 'NONE',  ( 272.2638438631130384, -412.8551529810525267, -27.21927046105145109 ) ) ;
#1705 = ADVANCED_FACE ( 'NONE', ( #3176 ), #557, .T. ) ;
#1706 = CARTESIAN_POINT ( 'NONE',  ( 283.0638438631136751, -410.2051529810539705, -29.36554362227073511 ) ) ;
#1707 = ORIENTED_EDGE ( 'NONE', *, *, #289, .F. ) ;
#1708 = ORIENTED_EDGE ( 'NONE', *, *, #1025, .T. ) ;
#1709 = CARTESIAN_POINT ( 'NONE',  ( 244.7438438631129998, -394.4230892009680360, -28.76833403644700127 ) ) ;
#1710 = EDGE_CURVE ( 'NONE', #5474, #4241, #1064, .T. ) ;
#1711 = CARTESIAN_POINT ( 'NONE',  ( 257.3959794868445101, -413.8551529810595184, 3.500000000000494715 ) ) ;
#1712 = PRODUCT ( 'mount servo', 'mount servo', '', ( #3992 ) ) ;
#1713 = DIRECTION ( 'NONE',  ( 1.000000000000000000, 2.591839481958564728E-28, 0.000000000000000000 ) ) ;
#1714 = EDGE_CURVE ( 'NONE', #496, #2210, #1941, .T. ) ;
#1715 = DIRECTION ( 'NONE',  ( 1.000000000000000000, 1.577721810442023611E-30, 6.323447269022148859E-15 ) ) ;
#1716 = CARTESIAN_POINT ( 'NONE',  ( 252.6336690558185296, -386.2352713413027345, -13.03640052375625658 ) ) ;
#1717 = ORIENTED_EDGE ( 'NONE', *, *, #1417, .T. ) ;
#1718 = EDGE_CURVE ( 'NONE', #1655, #4062, #3204, .T. ) ;
#1719 = VECTOR ( 'NONE', #177, 1000.000000000000000 ) ;
#1720 = DIRECTION ( 'NONE',  ( -0.9999082869240575322, 0.01354318059381433466, -2.579815504874586543E-18 ) ) ;
#1721 = DIRECTION ( 'NONE',  ( 0.000000000000000000, 0.000000000000000000, -1.000000000000000000 ) ) ;
#1722 = EDGE_LOOP ( 'NONE', ( #1474, #1961, #1174, #2206 ) ) ;
#1723 = ORIENTED_EDGE ( 'NONE', *, *, #3388, .T. ) ;
#1724 = LINE ( 'NONE', #474, #2022 ) ;
#1725 = CARTESIAN_POINT ( 'NONE',  ( 248.2438438631166946, -410.7051529810520378, -28.25761577330428409 ) ) ;
#1726 = CIRCLE ( 'NONE', #4861, 10.00000000000000888 ) ;
#1727 = CARTESIAN_POINT ( 'NONE',  ( 250.2438438631166662, -394.4328896193289324, -28.61228807086302339 ) ) ;
#1728 = ORIENTED_EDGE ( 'NONE', *, *, #2444, .T. ) ;
#1729 = EDGE_LOOP ( 'NONE', ( #1934, #3427, #3871, #230, #1542, #1680, #2857, #3781, #928, #2261, #2828, #3897, #3071, #4785, #2450, #5465, #4460, #4194, #3955, #4345, #564, #3225, #702, #945, #2428, #3444, #202, #5434, #2013, #1392, #3342, #4515, #2601, #850, #2992, #1820 ) ) ;
#1730 = FACE_OUTER_BOUND ( 'NONE', #921, .T. ) ;
#1731 = CARTESIAN_POINT ( 'NONE',  ( 249.5771771964500658, -415.4551529810549937, -29.75778694176202066 ) ) ;
#1732 = EDGE_LOOP ( 'NONE', ( #770, #2721, #3493, #4365 ) ) ;
#1733 = DIRECTION ( 'NONE',  ( 0.000000000000000000, 0.000000000000000000, 1.000000000000000000 ) ) ;
#1734 = DIRECTION ( 'NONE',  ( -1.000000000000000000, -2.603240987229334922E-28, -4.903502001796260478E-15 ) ) ;
#1735 = CARTESIAN_POINT ( 'NONE',  ( 247.7438438631126019, -388.2428876232649486, -28.19509716227499396 ) ) ;
#1736 = EDGE_LOOP ( 'NONE', ( #94, #57 ) ) ;
#1737 = EDGE_LOOP ( 'NONE', ( #2399, #4249, #2871, #1677 ) ) ;
#1738 = DIRECTION ( 'NONE',  ( -5.551115123125560243E-15, 0.000000000000000000, 1.000000000000000000 ) ) ;
#1739 = DIRECTION ( 'NONE',  ( 0.000000000000000000, 0.000000000000000000, 1.000000000000000000 ) ) ;
#1740 = DIRECTION ( 'NONE',  ( -2.489344922291454898E-28, -1.000000000000000000, 1.804112415015785109E-15 ) ) ;
#1741 = EDGE_CURVE ( 'NONE', #1578, #1141, #1078, .T. ) ;
#1742 = DIRECTION ( 'NONE',  ( 4.100245375925654476E-15, 1.000000000000000000, 2.775557561560559897E-17 ) ) ;
#1743 = DIRECTION ( 'NONE',  ( 1.000000000000000000, -4.100245375925645010E-15, -5.390302858156090018E-15 ) ) ;
#1744 = CARTESIAN_POINT ( 'NONE',  ( 264.5038438631130475, -402.6051529810565626, 1.387778780781445991E-14 ) ) ;
#1745 = EDGE_CURVE ( 'NONE', #3729, #4374, #3119, .T. ) ;
#1746 = ORIENTED_EDGE ( 'NONE', *, *, #3088, .T. ) ;
#1747 = DIRECTION ( 'NONE',  ( 2.452307772251138520E-31, 1.000000000000000000, -2.775557561562779801E-17 ) ) ;
#1748 = DIRECTION ( 'NONE',  ( -0.7071067811863654962, 0.7071067811867294273, 0.000000000000000000 ) ) ;
#1749 = EDGE_CURVE ( 'NONE', #2788, #65, #268, .T. ) ;
#1750 = VERTEX_POINT ( 'NONE', #4174 ) ;
#1751 = CARTESIAN_POINT ( 'NONE',  ( 284.2638438631132090, -415.4551529810574948, -30.25778694176195316 ) ) ;
#1752 = DIRECTION ( 'NONE',  ( 1.000000000000000000, 2.603240987229339855E-28, 5.551115123125680150E-15 ) ) ;
#1753 = CARTESIAN_POINT ( 'NONE',  ( 250.2438438631168651, -410.7051529810500483, -1.356610977929635400E-12 ) ) ;
#1754 = VERTEX_POINT ( 'NONE', #3284 ) ;
#1755 = VERTEX_POINT ( 'NONE', #3732 ) ;
#1756 = PLANE ( 'NONE',  #4385 ) ;
#1757 = FACE_OUTER_BOUND ( 'NONE', #375, .T. ) ;
#1758 = ORIENTED_EDGE ( 'NONE', *, *, #2015, .T. ) ;
#1759 = DIRECTION ( 'NONE',  ( 1.000000000000000000, -4.100245375925645010E-15, -5.390302858156090018E-15 ) ) ;
#1760 = CARTESIAN_POINT ( 'NONE',  ( 244.7438438631124882, -410.7051529810590296, -28.32229449178255010 ) ) ;
#1761 = CARTESIAN_POINT ( 'NONE',  ( 275.7638438631130384, -390.0551529810550164, -0.1847046010210880163 ) ) ;
#1762 = ORIENTED_EDGE ( 'NONE', *, *, #4020, .T. ) ;
#1763 = VECTOR ( 'NONE', #990, 1000.000000000000000 ) ;
#1764 = ORIENTED_EDGE ( 'NONE', *, *, #312, .T. ) ;
#1765 = CARTESIAN_POINT ( 'NONE',  ( 247.7438438631127156, -387.7551529810469901, -5.387485081511165674 ) ) ;
#1766 = CARTESIAN_POINT ( 'NONE',  ( 284.2638438631135500, -415.4551529810574948, -30.25778694176195316 ) ) ;
#1767 = CARTESIAN_POINT ( 'NONE',  ( 284.2638438631133795, -395.0051529810524471, -29.36554362226571158 ) ) ;
#1768 = CIRCLE ( 'NONE', #5355, 0.8000000000000506706 ) ;
#1769 = DIRECTION ( 'NONE',  ( 0.000000000000000000, 0.000000000000000000, 1.000000000000000000 ) ) ;
#1770 = CARTESIAN_POINT ( 'NONE',  ( 252.6704218233632560, -386.2976746539367809, -12.88330572610354707 ) ) ;
#1771 = CARTESIAN_POINT ( 'NONE',  ( 248.2438438631167514, -393.4649074498227606, -29.68719856426641712 ) ) ;
#1772 = AXIS2_PLACEMENT_3D ( 'NONE', #4574, #1628, #766 ) ;
#1773 = CARTESIAN_POINT ( 'NONE',  ( 267.3068997049110180, -397.9896504474289713, 0.000000000000000000 ) ) ;
#1774 = ORIENTED_EDGE ( 'NONE', *, *, #633, .F. ) ;
#1775 = EDGE_CURVE ( 'NONE', #496, #1148, #179, .T. ) ;
#1776 = VECTOR ( 'NONE', #3629, 1000.000000000000000 ) ;
#1777 = CARTESIAN_POINT ( 'NONE',  ( 250.2438438631189968, -388.3451529810557190, -7.006505275063836592E-13 ) ) ;
#1778 = VECTOR ( 'NONE', #3257, 1000.000000000000000 ) ;
#1779 = CARTESIAN_POINT ( 'NONE',  ( 284.2638438631129247, -395.0051529810532429, -29.36554362226603132 ) ) ;
#1780 = ORIENTED_EDGE ( 'NONE', *, *, #2198, .T. ) ;
#1781 = ADVANCED_FACE ( 'NONE', ( #2422 ), #2393, .T. ) ;
#1782 = AXIS2_PLACEMENT_3D ( 'NONE', #563, #114, #2764 ) ;
#1783 = FACE_OUTER_BOUND ( 'NONE', #2304, .T. ) ;
#1784 = EDGE_CURVE ( 'NONE', #4950, #2545, #3575, .T. ) ;
#1785 = AXIS2_PLACEMENT_3D ( 'NONE', #4962, #2813, #4025 ) ;
#1786 = FACE_BOUND ( 'NONE', #4449, .T. ) ;
#1787 = VECTOR ( 'NONE', #298, 1000.000000000000000 ) ;
#1788 = ORIENTED_EDGE ( 'NONE', *, *, #1074, .F. ) ;
#1789 = ORIENTED_EDGE ( 'NONE', *, *, #4598, .F. ) ;
#1790 = DIRECTION ( 'NONE',  ( 6.483355362100165208E-14, -0.7544435150492434516, -0.6563649766708625766 ) ) ;
#1791 = DIRECTION ( 'NONE',  ( -1.000000000000000000, -2.603240987229334922E-28, -4.903502001796260478E-15 ) ) ;
#1792 = EDGE_LOOP ( 'NONE', ( #3909, #2577, #3637, #2618, #4450, #3383 ) ) ;
#1793 = CYLINDRICAL_SURFACE ( 'NONE', #4059, 0.3599999999998871325 ) ;
#1794 = CARTESIAN_POINT ( 'NONE',  ( 269.4535923768940506, -407.5549042146939769, 3.500000000000170086 ) ) ;
#1795 = ADVANCED_FACE ( 'NONE', ( #2466 ), #2515, .F. ) ;
#1796 = FACE_OUTER_BOUND ( 'NONE', #4955, .T. ) ;
#1797 = EDGE_LOOP ( 'NONE', ( #3242, #5466, #4134, #4258, #2476 ) ) ;
#1798 = CIRCLE ( 'NONE', #5463, 0.2999999999996174060 ) ;
#1799 = ORIENTED_EDGE ( 'NONE', *, *, #4282, .F. ) ;
#1800 = DIRECTION ( 'NONE',  ( -2.934562567422035131E-27, -2.775557561562769940E-17, 1.000000000000000000 ) ) ;
#1801 = CYLINDRICAL_SURFACE ( 'NONE', #577, 0.8000000000000367928 ) ;
#1802 = CARTESIAN_POINT ( 'NONE',  ( 254.7438438631125450, -412.2051529810565285, -51.33259787371959959 ) ) ;
#1803 = AXIS2_PLACEMENT_3D ( 'NONE', #5430, #2437, #5536 ) ;
#1804 = DIRECTION ( 'NONE',  ( 1.000000000000000000, 2.606507364415020158E-28, 0.000000000000000000 ) ) ;
#1805 = CARTESIAN_POINT ( 'NONE',  ( 259.5540946118520083, -407.5549061970764910, -6.938893903907229955E-15 ) ) ;
#1806 = CARTESIAN_POINT ( 'NONE',  ( 248.2438438631167514, -394.2945708177143729, -29.00789016849899582 ) ) ;
#1807 = CARTESIAN_POINT ( 'NONE',  ( 315.6388496296644917, -402.6051529810515603, -36.31927046105169410 ) ) ;
#1808 = CARTESIAN_POINT ( 'NONE',  ( 269.1193463967434809, -399.8020971392605247, 3.500000000001100009 ) ) ;
#1809 = DIRECTION ( 'NONE',  ( -1.636278098191250001E-15, 1.021488064388007934E-15, -1.000000000000000000 ) ) ;
#1810 = AXIS2_PLACEMENT_3D ( 'NONE', #4252, #4196, #2067 ) ;
#1811 = EDGE_LOOP ( 'NONE', ( #3632, #1192, #2058, #893 ) ) ;
#1812 = CARTESIAN_POINT ( 'NONE',  ( 261.7007853646989588, -407.2206539012869939, 3.500000000000405009 ) ) ;
#1813 = DIRECTION ( 'NONE',  ( 0.000000000000000000, 0.000000000000000000, 1.000000000000000000 ) ) ;
#1814 = EDGE_CURVE ( 'NONE', #2152, #2491, #4910, .T. ) ;
#1815 = VERTEX_POINT ( 'NONE', #3688 ) ;
#1816 = ORIENTED_EDGE ( 'NONE', *, *, #4902, .F. ) ;
#1817 = CARTESIAN_POINT ( 'NONE',  ( 0.000000000000000000, -383.7551625365794621, 1.387778780781445991E-14 ) ) ;
#1818 = LINE ( 'NONE', #1031, #2010 ) ;
#1819 = EDGE_CURVE ( 'NONE', #2349, #4969, #4599, .T. ) ;
#1820 = ORIENTED_EDGE ( 'NONE', *, *, #2493, .T. ) ;
#1821 = CARTESIAN_POINT ( 'NONE',  ( 283.0638438631134477, -415.1551625365892164, -3.941032595219522872 ) ) ;
#1822 = AXIS2_PLACEMENT_3D ( 'NONE', #3681, #3229, #336 ) ;
#1823 = CARTESIAN_POINT ( 'NONE',  ( 252.6401900310571023, -418.9528315219273509, -12.99306345019411779 ) ) ;
#1824 = DIRECTION ( 'NONE',  ( 0.000000000000000000, 0.000000000000000000, 1.000000000000000000 ) ) ;
#1825 = VERTEX_POINT ( 'NONE', #765 ) ;
#1826 = VERTEX_POINT ( 'NONE', #3711 ) ;
#1827 =( BOUNDED_SURFACE ( )  B_SPLINE_SURFACE ( 3, 1, ( 
 ( #2742, #544 ),
 ( #5302, #2245 ),
 ( #149, #1846 ),
 ( #2718, #1930 ) ),
 .UNSPECIFIED., .F., .F., .F. ) 
 B_SPLINE_SURFACE_WITH_KNOTS ( ( 4, 4 ),
 ( 2, 2 ),
 ( 3.141592653589960094, 4.712388980384580428 ),
 ( 0.000000000000000000, 1.000000000000000000 ),
 .UNSPECIFIED. ) 
 GEOMETRIC_REPRESENTATION_ITEM ( )  RATIONAL_B_SPLINE_SURFACE ( (
 ( 1.000000000000000000, 1.000000000000000000),
 ( 0.8047378541244299965, 0.8047378541244299965),
 ( 0.8047378541244299965, 0.8047378541244299965),
 ( 1.000000000000000000, 1.000000000000000000) ) ) 
 REPRESENTATION_ITEM ( '' )  SURFACE ( )  );
#1828 = CARTESIAN_POINT ( 'NONE',  ( 250.2438438631138240, -389.7551529810494912, -29.75778694175800965 ) ) ;
#1829 = EDGE_CURVE ( 'NONE', #3294, #1328, #4523, .T. ) ;
#1830 = CARTESIAN_POINT ( 'NONE',  ( 259.5540926294750648, -397.6554084320370066, 2.081668171172170091E-14 ) ) ;
#1831 = DIRECTION ( 'NONE',  ( 6.323447269022148859E-15, -4.237208405761907722E-28, -1.000000000000000000 ) ) ;
#1832 = CYLINDRICAL_SURFACE ( 'NONE', #4204, 0.5000000000000220934 ) ;
#1833 = CARTESIAN_POINT ( 'NONE',  ( 247.7438438631128008, -367.7551529810489797, -5.387485081510621221 ) ) ;
#1834 = DIRECTION ( 'NONE',  ( 1.000000000000000000, 2.591739260015509782E-28, -5.390302858161300444E-15 ) ) ;
#1835 = FACE_OUTER_BOUND ( 'NONE', #4790, .T. ) ;
#1836 = LINE ( 'NONE', #3910, #2472 ) ;
#1837 = ORIENTED_EDGE ( 'NONE', *, *, #3578, .T. ) ;
#1838 = FACE_BOUND ( 'NONE', #704, .T. ) ;
#1839 = FACE_OUTER_BOUND ( 'NONE', #5149, .T. ) ;
#1840 = EDGE_LOOP ( 'NONE', ( #74, #2705, #3660, #4238 ) ) ;
#1841 = VERTEX_POINT ( 'NONE', #3262 ) ;
#1842 = CARTESIAN_POINT ( 'NONE',  ( 279.0638438631137888, -415.1551625365869995, -3.941032595219522872 ) ) ;
#1843 = DIRECTION ( 'NONE',  ( -2.592494858145055258E-28, -1.000000000000000000, -2.775557561562769940E-17 ) ) ;
#1844 = VERTEX_POINT ( 'NONE', #4963 ) ;
#1845 = DIRECTION ( 'NONE',  ( 1.000000000000000000, 0.000000000000000000, -5.390302858161300444E-15 ) ) ;
#1846 = CARTESIAN_POINT ( 'NONE',  ( 284.2638438631132090, -410.2051529810547095, -29.36554362226931758 ) ) ;
#1847 = ADVANCED_FACE ( 'NONE', ( #1129 ), #2838, .T. ) ;
#1848 = FACE_BOUND ( 'NONE', #5492, .T. ) ;
#1849 = ORIENTED_EDGE ( 'NONE', *, *, #112, .F. ) ;
#1850 = AXIS2_PLACEMENT_3D ( 'NONE', #3098, #4806, #971 ) ;
#1851 = ORIENTED_EDGE ( 'NONE', *, *, #284, .F. ) ;
#1852 = CYLINDRICAL_SURFACE ( 'NONE', #4929, 0.8000000000000506706 ) ;
#1853 = CARTESIAN_POINT ( 'NONE',  ( 250.2438438631167230, -416.0377207929331576, -29.62883620360694081 ) ) ;
#1854 = ADVANCED_FACE ( 'NONE', ( #2866 ), #743, .F. ) ;
#1855 = CIRCLE ( 'NONE', #3197, 1.600000000000066702 ) ;
#1856 = DIRECTION ( 'NONE',  ( -0.5190845425129967383, -0.8547229011346735295, 1.334874329556689551E-16 ) ) ;
#1857 = PLANE ( 'NONE',  #2026 ) ;
#1858 = CARTESIAN_POINT ( 'NONE',  ( 280.6202380637910210, -393.6644762523205259, -6.819952714071670918 ) ) ;
#1859 = CARTESIAN_POINT ( 'NONE',  ( 248.2438438631129998, -388.2604259440230408, -27.96530097144355054 ) ) ;
#1860 = CIRCLE ( 'NONE', #1671, 20.00000000000084910 ) ;
#1861 = CARTESIAN_POINT ( 'NONE',  ( 267.3069016390139723, -407.2206543400770329, 6.938893903907229955E-15 ) ) ;
#1862 = ORIENTED_EDGE ( 'NONE', *, *, #5278, .T. ) ;
#1863 = ADVANCED_FACE ( 'NONE', ( #5467 ), #1182, .F. ) ;
#1864 = CARTESIAN_POINT ( 'NONE',  ( 279.0638438631156077, -388.0451529810464990, 3.191017475990706833E-13 ) ) ;
#1865 = EDGE_LOOP ( 'NONE', ( #2953, #4971, #2940, #2140 ) ) ;
#1866 = CIRCLE ( 'NONE', #2128, 3.000000000000127454 ) ;
#1867 = ORIENTED_EDGE ( 'NONE', *, *, #2595, .F. ) ;
#1868 = CARTESIAN_POINT ( 'NONE',  ( 259.5806452009750274, -405.5950860353714802, 1.387778780781445991E-14 ) ) ;
#1869 = AXIS2_PLACEMENT_3D ( 'NONE', #5285, #666, #2315 ) ;
#1870 = APPLICATION_CONTEXT ( 'automotive_design' ) ;
#1871 = CARTESIAN_POINT ( 'NONE',  ( 279.0638438631136182, -417.1651529810570196, 1.767017395539625538E-13 ) ) ;
#1872 = ORIENTED_EDGE ( 'NONE', *, *, #3233, .F. ) ;
#1873 = EDGE_LOOP ( 'NONE', ( #2181, #2199, #2130, #400 ) ) ;
#1874 = AXIS2_PLACEMENT_3D ( 'NONE', #152, #3139, #1486 ) ;
#1875 = CARTESIAN_POINT ( 'NONE',  ( 286.2638438631130384, -409.4051529810529928, -4.957566461046839734 ) ) ;
#1876 = ORIENTED_EDGE ( 'NONE', *, *, #636, .T. ) ;
#1877 = FACE_OUTER_BOUND ( 'NONE', #3195, .T. ) ;
#1878 = CARTESIAN_POINT ( 'NONE',  ( 252.5527056003561484, -419.1293370832802907, -13.39776215471185949 ) ) ;
#1879 = AXIS2_PLACEMENT_3D ( 'NONE', #5532, #3496, #4693 ) ;
#1880 = CARTESIAN_POINT ( 'NONE',  ( 251.2438438631130566, -390.0551529810535385, -2.184704601020900139 ) ) ;
#1881 = VERTEX_POINT ( 'NONE', #1627 ) ;
#1882 = ORIENTED_EDGE ( 'NONE', *, *, #2264, .T. ) ;
#1883 = CARTESIAN_POINT ( 'NONE',  ( 264.5038438631130475, -402.6051529810565626, 1.387778780781445991E-14 ) ) ;
#1884 = CIRCLE ( 'NONE', #1785, 1.000000000000271561 ) ;
#1885 = AXIS2_PLACEMENT_3D ( 'NONE', #3340, #5524, #5042 ) ;
#1886 = CARTESIAN_POINT ( 'NONE',  ( 261.5139147522860412, -407.5283540381349781, 3.500000000000405009 ) ) ;
#1887 = CARTESIAN_POINT ( 'NONE',  ( 247.7438438631126303, -387.1051529810490024, -20.81927046104895140 ) ) ;
#1888 = DIRECTION ( 'NONE',  ( -6.131031547996589901E-19, -1.750036669682679695E-17, -1.000000000000000000 ) ) ;
#1889 = ADVANCED_FACE ( 'NONE', ( #5040 ), #3788, .F. ) ;
#1890 = CARTESIAN_POINT ( 'NONE',  ( 249.5771771964500658, -393.0051529810500597, -29.75778694175782135 ) ) ;
#1891 = CARTESIAN_POINT ( 'NONE',  ( 283.0638438631136182, -412.2051529810535158, -30.25778694176109340 ) ) ;
#1892 = EDGE_CURVE ( 'NONE', #4716, #3161, #3933, .T. ) ;
#1893 = AXIS2_PLACEMENT_3D ( 'NONE', #2459, #334, #2037 ) ;
#1894 = DIRECTION ( 'NONE',  ( 1.000000000000000000, 1.577721810442023611E-30, 6.323447269022148859E-15 ) ) ;
#1895 = LINE ( 'NONE', #5315, #5374 ) ;
#1896 = ADVANCED_FACE ( 'NONE', ( #1355 ), #2134, .T. ) ;
#1897 = VERTEX_POINT ( 'NONE', #3420 ) ;
#1898 = DIRECTION ( 'NONE',  ( 0.7071065869109356417, -0.7071069754621061021, 9.069294721196639511E-16 ) ) ;
#1899 = DIRECTION ( 'NONE',  ( -1.000000000000000000, -2.591739260015509782E-28, 0.000000000000000000 ) ) ;
#1900 = ORIENTED_EDGE ( 'NONE', *, *, #5282, .T. ) ;
#1901 = ORIENTED_EDGE ( 'NONE', *, *, #1475, .T. ) ;
#1902 = DIRECTION ( 'NONE',  ( -1.000000000000000000, -2.593133706881195193E-28, 0.000000000000000000 ) ) ;
#1903 = ORIENTED_EDGE ( 'NONE', *, *, #3047, .F. ) ;
#1904 = DIRECTION ( 'NONE',  ( 1.000000000000000000, 2.603240987229339855E-28, 0.000000000000000000 ) ) ;
#1905 = FACE_OUTER_BOUND ( 'NONE', #5324, .T. ) ;
#1906 = AXIS2_PLACEMENT_3D ( 'NONE', #203, #4871, #4341 ) ;
#1907 = FACE_BOUND ( 'NONE', #3830, .T. ) ;
#1908 = EDGE_LOOP ( 'NONE', ( #2737, #1723, #4181, #4004 ) ) ;
#1909 = ORIENTED_EDGE ( 'NONE', *, *, #1573, .F. ) ;
#1910 = FACE_OUTER_BOUND ( 'NONE', #2967, .T. ) ;
#1911 = CARTESIAN_POINT ( 'NONE',  ( 248.2438438631164956, -393.0051529810450575, -54.35368201230449614 ) ) ;
#1912 = DIRECTION ( 'NONE',  ( 0.000000000000000000, 0.000000000000000000, -1.000000000000000000 ) ) ;
#1913 = CARTESIAN_POINT ( 'NONE',  ( 267.4937722032590273, -407.5283545061804489, 0.000000000000000000 ) ) ;
#1914 = CARTESIAN_POINT ( 'NONE',  ( 248.2438438631167514, -416.6869702732859082, -29.06177853759476548 ) ) ;
#1915 = DIRECTION ( 'NONE',  ( -6.688090509789695288E-15, 0.000000000000000000, -1.000000000000000000 ) ) ;
#1916 = DIRECTION ( 'NONE',  ( 0.000000000000000000, 0.7544435150490078623, -0.6563649766711332489 ) ) ;
#1917 = EDGE_CURVE ( 'NONE', #1012, #3258, #4328, .T. ) ;
#1918 = CARTESIAN_POINT ( 'NONE',  ( 257.3959794868445101, -381.3551529810540046, 6.938893903907229955E-15 ) ) ;
#1919 = EDGE_CURVE ( 'NONE', #4374, #2120, #3522, .T. ) ;
#1920 = VERTEX_POINT ( 'NONE', #1711 ) ;
#1921 = CARTESIAN_POINT ( 'NONE',  ( 253.2538438631129907, -391.3551529810545162, 1.047772979489992091E-12 ) ) ;
#1922 = EDGE_CURVE ( 'NONE', #830, #2267, #833, .T. ) ;
#1923 = ADVANCED_FACE ( 'NONE', ( #5494, #819, #2580 ), #3362, .T. ) ;
#1924 = CARTESIAN_POINT ( 'NONE',  ( 286.2638438631130384, -409.4051529810529928, -4.957566461046839734 ) ) ;
#1925 = ORIENTED_EDGE ( 'NONE', *, *, #4324, .T. ) ;
#1926 = VERTEX_POINT ( 'NONE', #1766 ) ;
#1927 = LINE ( 'NONE', #303, #5515 ) ;
#1928 = ORIENTED_EDGE ( 'NONE', *, *, #4499, .T. ) ;
#1929 = CARTESIAN_POINT ( 'NONE',  ( 257.3959794868445101, -391.3551529810549710, 3.500000000000579981 ) ) ;
#1930 = CARTESIAN_POINT ( 'NONE',  ( 284.2638438631131521, -410.2051529810540274, -28.10372101890750329 ) ) ;
#1931 = EDGE_CURVE ( 'NONE', #1253, #2334, #4947, .T. ) ;
#1932 = CARTESIAN_POINT ( 'NONE',  ( 248.2438438631129998, -394.5051529810505713, -28.10372101890485297 ) ) ;
#1933 = ORIENTED_EDGE ( 'NONE', *, *, #2920, .T. ) ;
#1934 = ORIENTED_EDGE ( 'NONE', *, *, #523, .F. ) ;
#1935 = CARTESIAN_POINT ( 'NONE',  ( 250.2438438631138240, -389.7551529810494912, -29.75778694175800965 ) ) ;
#1936 = CARTESIAN_POINT ( 'NONE',  ( 248.2438438631124882, -410.7051529810520378, -28.10372101890870411 ) ) ;
#1937 = VECTOR ( 'NONE', #5343, 1000.000000000000000 ) ;
#1938 = LINE ( 'NONE', #4937, #5279 ) ;
#1939 = DIRECTION ( 'NONE',  ( 5.436301279958974279E-31, 1.000000000000000000, 2.775557561562769940E-17 ) ) ;
#1940 = CARTESIAN_POINT ( 'NONE',  ( 248.2438438631167514, -416.9280476678524110, -28.45503563770107647 ) ) ;
#1941 = LINE ( 'NONE', #2785, #1776 ) ;
#1942 = PLANE ( 'NONE',  #5163 ) ;
#1943 = AXIS2_PLACEMENT_3D ( 'NONE', #4776, #438, #4356 ) ;
#1944 = ORIENTED_EDGE ( 'NONE', *, *, #2019, .T. ) ;
#1945 = LINE ( 'NONE', #4055, #551 ) ;
#1946 = AXIS2_PLACEMENT_3D ( 'NONE', #1794, #2603, #3808 ) ;
#1947 = EDGE_LOOP ( 'NONE', ( #918, #339, #5184, #2417 ) ) ;
#1948 = CARTESIAN_POINT ( 'NONE',  ( 247.7438438631124598, -415.4551529810629518, -29.75778694176201000 ) ) ;
#1949 = VECTOR ( 'NONE', #2892, 1000.000000000000000 ) ;
#1950 = CARTESIAN_POINT ( 'NONE',  ( 250.2438438631167230, 5.715535978846014020E-12, -29.75778694168333161 ) ) ;
#1951 = ORIENTED_EDGE ( 'NONE', *, *, #4465, .F. ) ;
#1952 = DIRECTION ( 'NONE',  ( -0.9999082518534123665, 0.01354576965154896846, -2.580004546264698621E-18 ) ) ;
#1953 = VERTEX_POINT ( 'NONE', #2970 ) ;
#1954 = LINE ( 'NONE', #2030, #3068 ) ;
#1955 = EDGE_CURVE ( 'NONE', #5077, #4748, #5398, .T. ) ;
#1956 = LINE ( 'NONE', #4535, #2216 ) ;
#1957 = AXIS2_PLACEMENT_3D ( 'NONE', #317, #2445, #4206 ) ;
#1958 = DIRECTION ( 'NONE',  ( -7.087422195344711246E-30, 2.775557561562769940E-17, -1.000000000000000000 ) ) ;
#1959 = AXIS2_PLACEMENT_3D ( 'NONE', #5213, #425, #4700 ) ;
#1960 = EDGE_LOOP ( 'NONE', ( #1373, #2464, #4123, #4638 ) ) ;
#1961 = ORIENTED_EDGE ( 'NONE', *, *, #2312, .F. ) ;
#1962 = CARTESIAN_POINT ( 'NONE',  ( 250.2438438631138240, -389.5536551087219550, -29.75778694175810912 ) ) ;
#1963 = CARTESIAN_POINT ( 'NONE',  ( 247.7438438631124313, -388.2869711628665073, -56.81291995111172355 ) ) ;
#1964 = EDGE_CURVE ( 'NONE', #3677, #4684, #903, .T. ) ;
#1965 = AXIS2_PLACEMENT_3D ( 'NONE', #1478, #5322, #1212 ) ;
#1966 = SURFACE_SIDE_STYLE ('',( #4570 ) ) ;
#1967 = ORIENTED_EDGE ( 'NONE', *, *, #284, .T. ) ;
#1968 = FACE_OUTER_BOUND ( 'NONE', #3532, .T. ) ;
#1969 = AXIS2_PLACEMENT_3D ( 'NONE', #3452, #136, #72 ) ;
#1970 = VECTOR ( 'NONE', #3849, 1000.000000000000000 ) ;
#1971 = CARTESIAN_POINT ( 'NONE',  ( 248.2438438631167514, -416.8828134603165267, -28.61050253981843028 ) ) ;
#1972 = CARTESIAN_POINT ( 'NONE',  ( 259.5806452009750274, -405.5950860353714802, 1.387778780781445991E-14 ) ) ;
#1973 = DIRECTION ( 'NONE',  ( 1.000000000000000000, -3.944304526105059027E-31, -5.375484819755820978E-15 ) ) ;
#1974 = DIRECTION ( 'NONE',  ( 1.000000000000000000, 2.603240987229334922E-28, 4.903502001796260478E-15 ) ) ;
#1975 = APPLICATION_CONTEXT ( 'automotive_design' ) ;
#1976 = ORIENTED_EDGE ( 'NONE', *, *, #644, .F. ) ;
#1977 = ORIENTED_EDGE ( 'NONE', *, *, #45, .T. ) ;
#1978 = FACE_OUTER_BOUND ( 'NONE', #4596, .T. ) ;
#1979 = ORIENTED_EDGE ( 'NONE', *, *, #2190, .F. ) ;
#1980 = DIRECTION ( 'NONE',  ( 1.000000000000000000, -4.100245375925645010E-15, -5.390302858156090018E-15 ) ) ;
#1981 = PLANE ( 'NONE',  #170 ) ;
#1982 = EDGE_CURVE ( 'NONE', #4318, #1309, #516, .T. ) ;
#1983 = CARTESIAN_POINT ( 'NONE',  ( 283.0638438631135045, -393.6644762523204122, -6.819952714071593647 ) ) ;
#1984 = ORIENTED_EDGE ( 'NONE', *, *, #3907, .T. ) ;
#1985 = ADVANCED_FACE ( 'NONE', ( #2638, #2104, #2611, #3393, #5101 ), #4347, .T. ) ;
#1986 = ORIENTED_EDGE ( 'NONE', *, *, #2302, .F. ) ;
#1987 = DIRECTION ( 'NONE',  ( -2.588550553618949751E-28, -1.000000000000000000, 0.000000000000000000 ) ) ;
#1988 = CARTESIAN_POINT ( 'NONE',  ( 248.2438438631167514, -394.4007815998538717, -28.70917604089691721 ) ) ;
#1989 = AXIS2_PLACEMENT_3D ( 'NONE', #543, #3136, #5210 ) ;
#1990 = EDGE_LOOP ( 'NONE', ( #4948, #4443, #5045, #2622 ) ) ;
#1991 = EDGE_CURVE ( 'NONE', #4138, #3271, #2177, .T. ) ;
#1992 = CARTESIAN_POINT ( 'NONE',  ( 247.7438188631123239, -387.7551529810480133, -19.35725130932707572 ) ) ;
#1993 = LINE ( 'NONE', #2865, #2419 ) ;
#1994 = DIRECTION ( 'NONE',  ( -5.462297281155529456E-12, 0.000000000000000000, -1.000000000000000000 ) ) ;
#1995 = VECTOR ( 'NONE', #4234, 1000.000000000000000 ) ;
#1996 = DIRECTION ( 'NONE',  ( -1.000000000000000000, -2.588991643954404914E-28, 5.551115123125540522E-15 ) ) ;
#1997 = CARTESIAN_POINT ( 'NONE',  ( 259.5757638790210535, -399.2552616618489765, 3.500000000000424993 ) ) ;
#1998 = ORIENTED_EDGE ( 'NONE', *, *, #6, .F. ) ;
#1999 = EDGE_LOOP ( 'NONE', ( #200, #3924, #56, #5204 ) ) ;
#2000 = DIRECTION ( 'NONE',  ( -2.588550553618949751E-28, -1.000000000000000000, -2.775557561562769940E-17 ) ) ;
#2001 = ORIENTED_EDGE ( 'NONE', *, *, #4823, .T. ) ;
#2002 = CARTESIAN_POINT ( 'NONE',  ( 239.7940963948070134, -387.1051529810485476, -51.81927046105050039 ) ) ;
#2003 = CARTESIAN_POINT ( 'NONE',  ( 250.2438438631167799, -412.0502713377007353, -29.75778694176251093 ) ) ;
#2004 = CARTESIAN_POINT ( 'NONE',  ( 247.7438438631125734, -392.3551529810545162, -27.21927046104701375 ) ) ;
#2005 = EDGE_LOOP ( 'NONE', ( #5264, #4336, #4311, #1160 ) ) ;
#2006 = EDGE_LOOP ( 'NONE', ( #2080, #4875 ) ) ;
#2007 = PLANE ( 'NONE',  #2063 ) ;
#2008 = EDGE_CURVE ( 'NONE', #1462, #2653, #1332, .T. ) ;
#2009 = CARTESIAN_POINT ( 'NONE',  ( 250.2438438631167230, -394.4007815998538717, -28.70917604089692787 ) ) ;
#2010 = VECTOR ( 'NONE', #5267, 1000.000000000000000 ) ;
#2011 = EDGE_CURVE ( 'NONE', #4805, #1632, #3252, .T. ) ;
#2012 =( NAMED_UNIT ( * ) PLANE_ANGLE_UNIT ( ) SI_UNIT ( $, .RADIAN. ) );
#2013 = ORIENTED_EDGE ( 'NONE', *, *, #1042, .T. ) ;
#2014 = CARTESIAN_POINT ( 'NONE',  ( 239.7940963948070134, -418.1051625365879545, -20.81927046104895140 ) ) ;
#2015 = EDGE_CURVE ( 'NONE', #1659, #3291, #2779, .T. ) ;
#2016 = CARTESIAN_POINT ( 'NONE',  ( 248.2438438631129998, -416.9674183388549977, -28.19509716229260121 ) ) ;
#2017 = B_SPLINE_CURVE_WITH_KNOTS ( 'NONE', 3,
 ( #2894, #4156, #2503, #3636, #4683, #349, #746, #4179, #849, #1240, #434, #2530, #4602, #1085, #5017, #5346, #3399, #5105, #380, #2053, #1630, #1501, #768, #3765, #2869, #5043, #1654, #4211, #2078, #4576, #3791, #3367, #323, #5074, #2021, #4656, #824, #4237, #907, #494, #3483, #3879, #3033, #3000, #5192, #5131, #1770, #1716, #467, #3064, #2195, #4708, #961, #1296, #1359, #5223, #876 ),
 .UNSPECIFIED., .F., .F.,
 ( 4, 2, 2, 1, 1, 1, 1, 2, 2, 2, 1, 1, 1, 1, 2, 2, 2, 1, 1, 1, 2, 2, 2, 1, 1, 1, 1, 2, 2, 2, 2, 1, 1, 1, 1, 2, 2, 4 ),
 ( 0.000000000000000000, 0.06250000000018723911, 0.09375000000028332892, 0.1093750000003340245, 0.1171875000003589629, 0.1210937500003752137, 0.1230468750003841372, 0.1240234375003880923, 0.1250000000003920475, 0.1875000000004736211, 0.2187500000005151990, 0.2343750000005369594, 0.2421875000005478673, 0.2460937500005532796, 0.2480468750005550005, 0.2500000000005567213, 0.3125000000004560796, 0.3437500000004068967, 0.3593750000003839151, 0.3671875000003723688, 0.3710937500003693712, 0.3750000000003663736, 0.4375000000003516631, 0.4687500000003447242, 0.4843750000003408385, 0.4921875000003411160, 0.4960937500003433920, 0.4980468750003443357, 0.5000000000003451683, 0.6250000000002545741, 0.6875000000002068345, 0.7187500000001820766, 0.7343750000001725287, 0.7421875000001691980, 0.7460937500001659783, 0.7480468750001593170, 0.7500000000001527667, 1.000000000000000000 ),
 .UNSPECIFIED. ) ;
#2018 = DIRECTION ( 'NONE',  ( 0.000000000000000000, 0.000000000000000000, 1.000000000000000000 ) ) ;
#2019 = EDGE_CURVE ( 'NONE', #164, #4701, #3991, .T. ) ;
#2020 = DIRECTION ( 'NONE',  ( -2.934562567422035131E-27, -2.775557561562769940E-17, 1.000000000000000000 ) ) ;
#2021 = CARTESIAN_POINT ( 'NONE',  ( 253.4569211213982385, -387.1653711385960719, -10.20997169029643636 ) ) ;
#2022 = VECTOR ( 'NONE', #3433, 1000.000000000000000 ) ;
#2023 = B_SPLINE_CURVE_WITH_KNOTS ( 'NONE', 3,
 ( #4217, #1609, #1248, #410, #2954, #1216, #5475 ),
 .UNSPECIFIED., .F., .F.,
 ( 4, 1, 1, 1, 4 ),
 ( 5.647850449853784215E-17, 0.0006508882363804088106, 0.001301776472760758857, 0.001952664709141109988, 0.002603552945521460035 ),
 .UNSPECIFIED. ) ;
#2024 = EDGE_LOOP ( 'NONE', ( #3057, #889 ) ) ;
#2025 = EDGE_CURVE ( 'NONE', #2803, #2657, #4416, .T. ) ;
#2026 = AXIS2_PLACEMENT_3D ( 'NONE', #1439, #1044, #5392 ) ;
#2027 = EDGE_LOOP ( 'NONE', ( #1257, #4231, #2567, #1608 ) ) ;
#2028 = CARTESIAN_POINT ( 'NONE',  ( 248.2438438631129998, -392.3551529810529814, -7.319270461046549769 ) ) ;
#2029 = ORIENTED_EDGE ( 'NONE', *, *, #4795, .F. ) ;
#2030 = CARTESIAN_POINT ( 'NONE',  ( 286.2638438631132090, -415.4551529810574948, -30.25778694176194250 ) ) ;
#2031 = LINE ( 'NONE', #5454, #2125 ) ;
#2032 = VECTOR ( 'NONE', #4162, 1000.000000000000000 ) ;
#2033 = CARTESIAN_POINT ( 'NONE',  ( 279.0638438631137888, -415.1551625365867153, -17.35762632444433251 ) ) ;
#2034 = ORIENTED_EDGE ( 'NONE', *, *, #390, .T. ) ;
#2035 = VECTOR ( 'NONE', #4175, 1000.000000000000000 ) ;
#2036 = ORIENTED_EDGE ( 'NONE', *, *, #5489, .T. ) ;
#2037 = DIRECTION ( 'NONE',  ( 0.000000000000000000, 0.000000000000000000, -1.000000000000000000 ) ) ;
#2038 = CARTESIAN_POINT ( 'NONE',  ( 271.6117082393805049, -413.8551529810570173, 3.500000000001104894 ) ) ;
#2039 = DIRECTION ( 'NONE',  ( -2.588550553618949751E-28, -1.000000000000000000, 0.000000000000000000 ) ) ;
#2040 = VECTOR ( 'NONE', #4413, 1000.000000000000000 ) ;
#2041 = AXIS2_PLACEMENT_3D ( 'NONE', #5303, #2361, #1092 ) ;
#2042 = FACE_OUTER_BOUND ( 'NONE', #3369, .T. ) ;
#2043 = ORIENTED_EDGE ( 'NONE', *, *, #1685, .T. ) ;
#2044 = ORIENTED_EDGE ( 'NONE', *, *, #996, .F. ) ;
#2045 = LINE ( 'NONE', #402, #1161 ) ;
#2046 = VECTOR ( 'NONE', #2353, 1000.000000000000000 ) ;
#2047 = CARTESIAN_POINT ( 'NONE',  ( 248.2438438631129998, -416.9498800180919602, -27.96530097146050053 ) ) ;
#2048 = DIRECTION ( 'NONE',  ( -5.843279076974276598E-15, 0.000000000000000000, -1.000000000000000000 ) ) ;
#2049 = AXIS2_PLACEMENT_3D ( 'NONE', #3574, #5193, #5284 ) ;
#2050 = ADVANCED_FACE ( 'NONE', ( #5245 ), #1801, .F. ) ;
#2051 = CARTESIAN_POINT ( 'NONE',  ( 286.2638438631130953, -411.7445984855414736, -16.94911424917812681 ) ) ;
#2052 = AXIS2_PLACEMENT_3D ( 'NONE', #2223, #5130, #3936 ) ;
#2053 = CARTESIAN_POINT ( 'NONE',  ( 254.2293739273004292, -387.5784298465493976, -8.040402674305550335 ) ) ;
#2054 = ADVANCED_FACE ( 'NONE', ( #5333 ), #2251, .F. ) ;
#2055 = ORIENTED_EDGE ( 'NONE', *, *, #2202, .F. ) ;
#2056 = CIRCLE ( 'NONE', #4563, 1.600000000000052713 ) ;
#2057 = ADVANCED_FACE ( 'NONE', ( #3087 ), #4492, .F. ) ;
#2058 = ORIENTED_EDGE ( 'NONE', *, *, #2235, .T. ) ;
#2059 = FACE_OUTER_BOUND ( 'NONE', #1206, .T. ) ;
#2060 = VERTEX_POINT ( 'NONE', #4793 ) ;
#2061 = CARTESIAN_POINT ( 'NONE',  ( 333.5544984221174900, -333.5544984220250058, 3.500000000000079936 ) ) ;
#2062 = CARTESIAN_POINT ( 'NONE',  ( 254.6388793705093292, -417.5166164284330534, -6.956339834358889362 ) ) ;
#2063 = AXIS2_PLACEMENT_3D ( 'NONE', #3803, #4978, #2518 ) ;
#2064 = CARTESIAN_POINT ( 'NONE',  ( 252.2438438631130566, -393.0051529810505144, -1.151856388048599911E-12 ) ) ;
#2065 = VERTEX_POINT ( 'NONE', #3144 ) ;
#2066 = ORIENTED_EDGE ( 'NONE', *, *, #5054, .F. ) ;
#2067 = DIRECTION ( 'NONE',  ( 5.551115123125538155E-15, 4.440892098500430524E-15, 1.000000000000000000 ) ) ;
#2068 = VERTEX_POINT ( 'NONE', #2220 ) ;
#2069 = CARTESIAN_POINT ( 'NONE',  ( 283.0638438631135045, -411.7445984855419852, -7.219026328251987756 ) ) ;
#2070 = CARTESIAN_POINT ( 'NONE',  ( 286.2638438631131521, -412.8551529810525267, -27.21927046105036396 ) ) ;
#2071 = EDGE_LOOP ( 'NONE', ( #5401, #508, #4658, #3646 ) ) ;
#2072 = ORIENTED_EDGE ( 'NONE', *, *, #2202, .T. ) ;
#2073 = CARTESIAN_POINT ( 'NONE',  ( 252.2438438631125450, -422.7946075282569609, -50.04962560466349686 ) ) ;
#2074 = CARTESIAN_POINT ( 'NONE',  ( 248.2438438631129998, -415.4551529810630086, -29.75778694176199934 ) ) ;
#2075 = DIRECTION ( 'NONE',  ( 0.000000000000000000, -6.245004513516214734E-13, 1.000000000000000000 ) ) ;
#2076 = CARTESIAN_POINT ( 'NONE',  ( 267.4937701402160428, -397.6819502030189710, 3.500000000000419664 ) ) ;
#2077 = CIRCLE ( 'NONE', #3365, 3.000000000000127454 ) ;
#2078 = CARTESIAN_POINT ( 'NONE',  ( 253.7610568794947312, -387.3632016226802648, -9.327743093484274439 ) ) ;
#2079 = CIRCLE ( 'NONE', #133, 1.600000000000066702 ) ;
#2080 = ORIENTED_EDGE ( 'NONE', *, *, #5249, .T. ) ;
#2081 = ADVANCED_FACE ( 'NONE', ( #185 ), #4878, .F. ) ;
#2082 = EDGE_CURVE ( 'NONE', #3215, #1487, #1552, .T. ) ;
#2083 = ORIENTED_EDGE ( 'NONE', *, *, #2913, .T. ) ;
#2084 = DIRECTION ( 'NONE',  ( -1.000000000000000000, -2.591739260015509782E-28, 5.390302858161300444E-15 ) ) ;
#2085 = VERTEX_POINT ( 'NONE', #957 ) ;
#2086 = DIRECTION ( 'NONE',  ( 1.636273461515589972E-15, -1.021488297954392036E-15, 1.000000000000000000 ) ) ;
#2087 = DIRECTION ( 'NONE',  ( -2.588550553618949751E-28, -1.000000000000000000, -0.000000000000000000 ) ) ;
#2088 = EDGE_CURVE ( 'NONE', #1920, #5429, #4019, .T. ) ;
#2089 = EDGE_CURVE ( 'NONE', #3161, #4716, #1015, .T. ) ;
#2090 = DIRECTION ( 'NONE',  ( -3.330669073875323209E-14, 0.000000000000000000, 1.000000000000000000 ) ) ;
#2091 = ORIENTED_EDGE ( 'NONE', *, *, #663, .T. ) ;
#2092 = ORIENTED_EDGE ( 'NONE', *, *, #4657, .T. ) ;
#2093 = DIRECTION ( 'NONE',  ( 1.000000000000000000, 2.591839481958564728E-28, 0.000000000000000000 ) ) ;
#2094 = CYLINDRICAL_SURFACE ( 'NONE', #3241, 0.3599999999997888778 ) ;
#2095 = ORIENTED_EDGE ( 'NONE', *, *, #2167, .T. ) ;
#2096 = CARTESIAN_POINT ( 'NONE',  ( 247.7438438631123176, -418.1051625365869882, -51.81927046105089829 ) ) ;
#2097 = CARTESIAN_POINT ( 'NONE',  ( 247.7438438631125166, -421.2312933640364463, -17.08305600077359188 ) ) ;
#2098 = EDGE_CURVE ( 'NONE', #2824, #3691, #3198, .T. ) ;
#2099 = DIRECTION ( 'NONE',  ( 1.000000000000000000, -4.100245375925645010E-15, -5.390302858156090018E-15 ) ) ;
#2100 = ORIENTED_EDGE ( 'NONE', *, *, #1189, .T. ) ;
#2101 = VERTEX_POINT ( 'NONE', #1383 ) ;
#2102 = B_SPLINE_CURVE_WITH_KNOTS ( 'NONE', 2,
 ( #484, #4732, #898, #2606, #3896, #5182, #63, #3056, #926, #2633, #4343, #511, #2214, #4067, #2774 ),
 .UNSPECIFIED., .F., .F.,
 ( 3, 2, 2, 2, 2, 2, 2, 3 ),
 ( 0.000000000000000000, 0.1250000000000000000, 0.2500000000000000000, 0.3750000000000000000, 0.5000000000000000000, 0.7500000000000000000, 0.8750000000000000000, 1.000000000000000000 ),
 .UNSPECIFIED. ) ;
#2103 = CARTESIAN_POINT ( 'NONE',  ( 283.0638438631121971, -173.9229350340441158, 199.9116880372214951 ) ) ;
#2104 = FACE_BOUND ( 'NONE', #2959, .T. ) ;
#2105 = CARTESIAN_POINT ( 'NONE',  ( 247.7438438631124882, -382.4157076609143360, -50.04963812844400195 ) ) ;
#2106 = CARTESIAN_POINT ( 'NONE',  ( 247.7438438631124882, -418.1051625365879545, -19.21927046104888248 ) ) ;
#2107 = FACE_OUTER_BOUND ( 'NONE', #2766, .T. ) ;
#2108 = EDGE_LOOP ( 'NONE', ( #1254, #261, #4922, #3537 ) ) ;
#2109 = CIRCLE ( 'NONE', #3552, 5.399998675015037719 ) ;
#2110 = ORIENTED_EDGE ( 'NONE', *, *, #1922, .T. ) ;
#2111 = CARTESIAN_POINT ( 'NONE',  ( 252.2438438631125450, -383.6960814992595488, -58.10561041224149648 ) ) ;
#2112 = ORIENTED_EDGE ( 'NONE', *, *, #4386, .T. ) ;
#2113 = CARTESIAN_POINT ( 'NONE',  ( 254.7438438631125450, -412.2051529810585180, -29.75778694176169736 ) ) ;
#2114 = AXIS2_PLACEMENT_3D ( 'NONE', #3694, #1116, #2429 ) ;
#2115 = CARTESIAN_POINT ( 'NONE',  ( 248.2438438631166946, -410.8104575302797343, -28.71179391705658901 ) ) ;
#2116 = VECTOR ( 'NONE', #1325, 1000.000000000000000 ) ;
#2117 = CARTESIAN_POINT ( 'NONE',  ( 252.2438438631130566, -422.7946075282544598, -4.302114220422480080E-13 ) ) ;
#2118 = EDGE_CURVE ( 'NONE', #4038, #285, #2338, .T. ) ;
#2119 = VERTEX_POINT ( 'NONE', #2666 ) ;
#2120 = VERTEX_POINT ( 'NONE', #552 ) ;
#2121 = DIRECTION ( 'NONE',  ( -1.000000000000000000, -4.738173134916859252E-14, -4.399283313151086113E-14 ) ) ;
#2122 = DIRECTION ( 'NONE',  ( -1.000000000000000000, 6.700788708272324096E-14, 3.242653474416212924E-26 ) ) ;
#2123 = EDGE_CURVE ( 'NONE', #3275, #1532, #2859, .T. ) ;
#2124 = VERTEX_POINT ( 'NONE', #4542 ) ;
#2125 = VECTOR ( 'NONE', #5403, 1000.000000000000000 ) ;
#2126 = CARTESIAN_POINT ( 'NONE',  ( 247.7438438631122892, -422.1386240574178146, -51.92194676061102143 ) ) ;
#2127 = CARTESIAN_POINT ( 'NONE',  ( 280.7638438631130384, -395.8051529810530269, -4.957566461046590156 ) ) ;
#2128 = AXIS2_PLACEMENT_3D ( 'NONE', #4769, #1713, #100 ) ;
#2129 = CARTESIAN_POINT ( 'NONE',  ( 264.5038438631140139, -402.6051529810575289, 0.000000000000000000 ) ) ;
#2130 = ORIENTED_EDGE ( 'NONE', *, *, #3180, .F. ) ;
#2131 = ORIENTED_EDGE ( 'NONE', *, *, #1000, .F. ) ;
#2132 = CARTESIAN_POINT ( 'NONE',  ( 279.0638438631156077, -388.0451529810464990, 3.191810704628236892E-13 ) ) ;
#2133 = EDGE_CURVE ( 'NONE', #3156, #2355, #5317, .T. ) ;
#2134 = CYLINDRICAL_SURFACE ( 'NONE', #1188, 0.3600000000000318501 ) ;
#2135 = VECTOR ( 'NONE', #3970, 1000.000000000000000 ) ;
#2136 = DIRECTION ( 'NONE',  ( 1.000000000000000000, 1.577721810442023611E-30, 6.323447269022148859E-15 ) ) ;
#2137 = DIRECTION ( 'NONE',  ( 0.000000000000000000, 0.000000000000000000, -1.000000000000000000 ) ) ;
#2138 = CARTESIAN_POINT ( 'NONE',  ( 286.2638438631132090, -412.2051529810540274, -30.25778694176113959 ) ) ;
#2139 = AXIS2_PLACEMENT_3D ( 'NONE', #1043, #604, #5280 ) ;
#2140 = ORIENTED_EDGE ( 'NONE', *, *, #3535, .F. ) ;
#2141 = CIRCLE ( 'NONE', #2860, 5.399998675015005745 ) ;
#2142 = CARTESIAN_POINT ( 'NONE',  ( 250.2438438631169220, -1.251103597831172418E-13, 3.500000000014896973 ) ) ;
#2143 = CARTESIAN_POINT ( 'NONE',  ( 252.2438438631125450, -416.9498800180904823, -27.96530097146154858 ) ) ;
#2144 = ORIENTED_EDGE ( 'NONE', *, *, #4056, .T. ) ;
#2145 = VECTOR ( 'NONE', #2655, 1000.000000000000000 ) ;
#2146 = CIRCLE ( 'NONE', #5187, 10.00000000000000888 ) ;
#2147 = ORIENTED_EDGE ( 'NONE', *, *, #2008, .F. ) ;
#2148 = DIRECTION ( 'NONE',  ( 0.000000000000000000, 0.000000000000000000, -1.000000000000000000 ) ) ;
#2149 = DIRECTION ( 'NONE',  ( -1.000000000000000000, -2.591739260015509782E-28, 5.390302858161300444E-15 ) ) ;
#2150 = PLANE ( 'NONE',  #545 ) ;
#2151 = ORIENTED_EDGE ( 'NONE', *, *, #4715, .T. ) ;
#2152 = VERTEX_POINT ( 'NONE', #2884 ) ;
#2153 = CARTESIAN_POINT ( 'NONE',  ( 250.2438438631138240, -389.1511366415095381, -29.66768596524336132 ) ) ;
#2154 = CARTESIAN_POINT ( 'NONE',  ( 312.3934261990561936, -415.1551625365892164, -3.941032595219522872 ) ) ;
#2155 = ORIENTED_EDGE ( 'NONE', *, *, #2497, .F. ) ;
#2156 = DIRECTION ( 'NONE',  ( 0.000000000000000000, 0.000000000000000000, 1.000000000000000000 ) ) ;
#2157 = DIRECTION ( 'NONE',  ( 1.000000000000000000, 2.571686551020499831E-28, 0.000000000000000000 ) ) ;
#2158 = EDGE_CURVE ( 'NONE', #3770, #3978, #1176, .T. ) ;
#2159 = EDGE_CURVE ( 'NONE', #5452, #5265, #1726, .T. ) ;
#2160 = FACE_OUTER_BOUND ( 'NONE', #2520, .T. ) ;
#2161 = VERTEX_POINT ( 'NONE', #1963 ) ;
#2162 = VERTEX_POINT ( 'NONE', #1936 ) ;
#2163 = DIRECTION ( 'NONE',  ( -2.588550553618949751E-28, -1.000000000000000000, -2.775557561562769940E-17 ) ) ;
#2164 = CARTESIAN_POINT ( 'NONE',  ( 250.2438438631167799, -416.8521740434122762, -28.71580813680537858 ) ) ;
#2165 = AXIS2_PLACEMENT_3D ( 'NONE', #3490, #1364, #1721 ) ;
#2166 = CARTESIAN_POINT ( 'NONE',  ( 247.7438438631124882, -412.8551529810555394, -28.81927046105100132 ) ) ;
#2167 = EDGE_CURVE ( 'NONE', #3015, #1688, #2346, .T. ) ;
#2168 = CARTESIAN_POINT ( 'NONE',  ( 252.2438438631130566, -383.7551625365829864, -1.013078509970453929E-12 ) ) ;
#2169 = CARTESIAN_POINT ( 'NONE',  ( 283.0638438631134477, -393.4657074765784728, 9.590505210469550849E-11 ) ) ;
#2170 = ORIENTED_EDGE ( 'NONE', *, *, #4530, .F. ) ;
#2171 = CIRCLE ( 'NONE', #299, 1.599999999999823785 ) ;
#2172 = DIRECTION ( 'NONE',  ( -2.069112679631010718E-29, 1.000000000000000000, 3.022624238443876632E-15 ) ) ;
#2173 = DIRECTION ( 'NONE',  ( 5.390302858160750608E-15, 1.954825190608649968E-13, -1.000000000000000000 ) ) ;
#2174 = VERTEX_POINT ( 'NONE', #5034 ) ;
#2175 = CARTESIAN_POINT ( 'NONE',  ( 264.5038438631130475, -402.6051529810565626, 1.387778780781445991E-14 ) ) ;
#2176 = CARTESIAN_POINT ( 'NONE',  ( 250.2438438631167799, -410.7051529810520378, -28.10372101890871477 ) ) ;
#2177 = CIRCLE ( 'NONE', #3784, 3.000000000000127454 ) ;
#2178 = ORIENTED_EDGE ( 'NONE', *, *, #4493, .T. ) ;
#2179 = LINE ( 'NONE', #1221, #1159 ) ;
#2180 = VERTEX_POINT ( 'NONE', #3650 ) ;
#2181 = ORIENTED_EDGE ( 'NONE', *, *, #459, .F. ) ;
#2182 = CARTESIAN_POINT ( 'NONE',  ( 271.6117082393815281, -381.3551529810515035, 5.689893001203930299E-13 ) ) ;
#2183 = CARTESIAN_POINT ( 'NONE',  ( 0.000000000000000000, -383.7551625365824748, -17.08305600077185105 ) ) ;
#2184 = VERTEX_POINT ( 'NONE', #3754 ) ;
#2185 = CARTESIAN_POINT ( 'NONE',  ( 264.5038438631130475, -402.6051529810560510, 3.500000000000389910 ) ) ;
#2186 = CARTESIAN_POINT ( 'NONE',  ( 258.4227210156200272, -396.5240383460960061, 2.047582337444044841E-14 ) ) ;
#2187 = CYLINDRICAL_SURFACE ( 'NONE', #3387, 5.000000000000220268 ) ;
#2188 = VERTEX_POINT ( 'NONE', #1519 ) ;
#2189 = ORIENTED_EDGE ( 'NONE', *, *, #4436, .T. ) ;
#2190 = EDGE_CURVE ( 'NONE', #5106, #682, #748, .T. ) ;
#2191 = DIRECTION ( 'NONE',  ( -1.000000000000000000, -1.746716118487379807E-21, 0.000000000000000000 ) ) ;
#2192 = CARTESIAN_POINT ( 'NONE',  ( 250.2438438631167230, -416.9134528772207773, -28.50519694283150685 ) ) ;
#2193 = PLANE ( 'NONE',  #3209 ) ;
#2194 = CARTESIAN_POINT ( 'NONE',  ( 278.6827760512480268, -416.7840851691955208, -9.020562075079399415E-14 ) ) ;
#2195 = CARTESIAN_POINT ( 'NONE',  ( 252.5652173753672400, -386.1060845988042729, -13.34007078781702305 ) ) ;
#2196 = ADVANCED_FACE ( 'NONE', ( #2415 ), #1656, .F. ) ;
#2197 = CARTESIAN_POINT ( 'NONE',  ( 248.2438438631167514, -394.0926677953394233, -29.24227821410780948 ) ) ;
#2198 = EDGE_CURVE ( 'NONE', #2586, #259, #2531, .T. ) ;
#2199 = ORIENTED_EDGE ( 'NONE', *, *, #739, .T. ) ;
#2200 = DIRECTION ( 'NONE',  ( 1.000000000000000000, 2.591839481958564728E-28, 0.000000000000000000 ) ) ;
#2201 = CARTESIAN_POINT ( 'NONE',  ( 247.7438438631125166, -421.4551529810615307, -17.08305600077179776 ) ) ;
#2202 = EDGE_CURVE ( 'NONE', #4395, #4031, #2079, .T. ) ;
#2203 = EDGE_LOOP ( 'NONE', ( #5384, #2034 ) ) ;
#2204 = PLANE ( 'NONE',  #2306 ) ;
#2205 = DIRECTION ( 'NONE',  ( 0.000000000000000000, 0.000000000000000000, -1.000000000000000000 ) ) ;
#2206 = ORIENTED_EDGE ( 'NONE', *, *, #602, .F. ) ;
#2207 = ORIENTED_EDGE ( 'NONE', *, *, #1526, .F. ) ;
#2208 = FACE_OUTER_BOUND ( 'NONE', #1292, .T. ) ;
#2209 = DIRECTION ( 'NONE',  ( 1.000000000000000000, 2.571686551020499831E-28, 0.000000000000000000 ) ) ;
#2210 = VERTEX_POINT ( 'NONE', #2573 ) ;
#2211 = FACE_OUTER_BOUND ( 'NONE', #629, .T. ) ;
#2212 = DIRECTION ( 'NONE',  ( -5.576766167467870875E-15, 2.775557561562769940E-17, -1.000000000000000000 ) ) ;
#2213 = AXIS2_PLACEMENT_3D ( 'NONE', #1805, #3091, #4797 ) ;
#2214 = CARTESIAN_POINT ( 'NONE',  ( 248.2438438631166946, -410.7318413997993503, -28.41193971195886192 ) ) ;
#2215 = EDGE_LOOP ( 'NONE', ( #3296, #2066, #809, #5111 ) ) ;
#2216 = VECTOR ( 'NONE', #753, 1000.000000000000000 ) ;
#2217 = ORIENTED_EDGE ( 'NONE', *, *, #4830, .F. ) ;
#2218 =( BOUNDED_CURVE ( )  B_SPLINE_CURVE ( 3, ( #132, #4262, #2252, #553 ),
 .UNSPECIFIED., .F., .T. ) 
 B_SPLINE_CURVE_WITH_KNOTS ( ( 4, 4 ),
 ( 1.570796326794914988, 3.141592653589985407 ),
 .UNSPECIFIED. ) 
 CURVE ( )  GEOMETRIC_REPRESENTATION_ITEM ( )  RATIONAL_B_SPLINE_CURVE ( ( 1.000000000000000000, 0.8047378541243229710, 0.8047378541243229710, 1.000000000000000000 ) ) 
 REPRESENTATION_ITEM ( '' )  );
#2219 = FACE_OUTER_BOUND ( 'NONE', #2635, .T. ) ;
#2220 = CARTESIAN_POINT ( 'NONE',  ( 283.0638438631134477, -387.7551529810490365, 3.500000000000752731 ) ) ;
#2221 = CARTESIAN_POINT ( 'NONE',  ( 0.000000000000000000, -421.4551529810565285, 6.245004513516509326E-14 ) ) ;
#2222 = VECTOR ( 'NONE', #2730, 1000.000000000000114 ) ;
#2223 = CARTESIAN_POINT ( 'NONE',  ( 274.2638438631130384, -411.7445984855410188, 2.046973701652634795E-12 ) ) ;
#2224 = CARTESIAN_POINT ( 'NONE',  ( 252.2438438631130566, -387.1051529810545162, -22.41927046104946797 ) ) ;
#2225 = CYLINDRICAL_SURFACE ( 'NONE', #3396, 16.60000000000099973 ) ;
#2226 = DIRECTION ( 'NONE',  ( 0.000000000000000000, 0.000000000000000000, -1.000000000000000000 ) ) ;
#2227 = EDGE_CURVE ( 'NONE', #4271, #2101, #537, .T. ) ;
#2228 = LINE ( 'NONE', #2142, #2395 ) ;
#2229 = VECTOR ( 'NONE', #5490, 1000.000000000000000 ) ;
#2230 = ADVANCED_FACE ( 'NONE', ( #2989 ), #3806, .T. ) ;
#2231 = CARTESIAN_POINT ( 'NONE',  ( 284.2638438631129247, -394.1767258563066321, -30.25778694175778583 ) ) ;
#2232 = VERTEX_POINT ( 'NONE', #4284 ) ;
#2233 = AXIS2_PLACEMENT_3D ( 'NONE', #4142, #3722, #4191 ) ;
#2234 = CARTESIAN_POINT ( 'NONE',  ( 259.5806452009750274, -405.5950860353709686, 3.500000000000405009 ) ) ;
#2235 = EDGE_CURVE ( 'NONE', #2545, #1559, #5513, .T. ) ;
#2236 = CIRCLE ( 'NONE', #4917, 5.399998675014910710 ) ;
#2237 = CARTESIAN_POINT ( 'NONE',  ( 250.2438438631167799, -412.8551529810555394, -28.81927046105181134 ) ) ;
#2238 = VECTOR ( 'NONE', #5469, 1000.000000000000000 ) ;
#2239 = VERTEX_POINT ( 'NONE', #1314 ) ;
#2240 = EDGE_LOOP ( 'NONE', ( #1187, #2711, #1284, #4005 ) ) ;
#2241 = CARTESIAN_POINT ( 'NONE',  ( 250.2438438631167230, -393.0051529810500597, -29.75778694175870953 ) ) ;
#2242 = CARTESIAN_POINT ( 'NONE',  ( 247.7438438631126871, -392.3551529810529814, -6.319270461046277987 ) ) ;
#2243 = ORIENTED_EDGE ( 'NONE', *, *, #4182, .F. ) ;
#2244 = DIRECTION ( 'NONE',  ( -1.925929944387365123E-30, 2.775557561562769940E-17, -1.000000000000000000 ) ) ;
#2245 = CARTESIAN_POINT ( 'NONE',  ( 284.2638438631132090, -411.0335801058006382, -30.25778694176094419 ) ) ;
#2246 = FACE_BOUND ( 'NONE', #4473, .T. ) ;
#2247 = ORIENTED_EDGE ( 'NONE', *, *, #1114, .F. ) ;
#2248 = VECTOR ( 'NONE', #2747, 1000.000000000000000 ) ;
#2249 = ORIENTED_EDGE ( 'NONE', *, *, #3008, .F. ) ;
#2250 = CARTESIAN_POINT ( 'NONE',  ( 283.0638438631135045, 2.908825871234972612E-13, -4.957566461022834048 ) ) ;
#2251 = CYLINDRICAL_SURFACE ( 'NONE', #3702, 20.00000000000084910 ) ;
#2252 = CARTESIAN_POINT ( 'NONE',  ( 284.2638438631134363, -416.6267258563112819, -30.25778694176216987 ) ) ;
#2253 = DIRECTION ( 'NONE',  ( -2.588550553618949751E-28, -1.000000000000000000, 0.000000000000000000 ) ) ;
#2254 = LINE ( 'NONE', #3116, #335 ) ;
#2255 = DIRECTION ( 'NONE',  ( -5.279211667094889154E-17, -5.917163736514598748E-17, -1.000000000000000000 ) ) ;
#2256 = CARTESIAN_POINT ( 'NONE',  ( 248.2438438631129998, -389.5536551087219550, -29.75778694175809846 ) ) ;
#2257 = CARTESIAN_POINT ( 'NONE',  ( 248.2438438631129998, -410.7872167611499776, -28.76833403645094833 ) ) ;
#2258 = PLANE ( 'NONE',  #3231 ) ;
#2259 = AXIS2_PLACEMENT_3D ( 'NONE', #2154, #3865, #2934 ) ;
#2260 = EDGE_CURVE ( 'NONE', #1121, #228, #4673, .T. ) ;
#2261 = ORIENTED_EDGE ( 'NONE', *, *, #5480, .F. ) ;
#2262 = VECTOR ( 'NONE', #5207, 1000.000000000000000 ) ;
#2263 = CARTESIAN_POINT ( 'NONE',  ( 284.2638438631131521, -416.6267258563112250, -30.25778694176217343 ) ) ;
#2264 = EDGE_CURVE ( 'NONE', #4138, #181, #2708, .T. ) ;
#2265 = CARTESIAN_POINT ( 'NONE',  ( 250.2438438631168651, -415.1551625365865448, -5.013131725768577240 ) ) ;
#2266 = EDGE_LOOP ( 'NONE', ( #5020, #5115, #812, #5195, #4164 ) ) ;
#2267 = VERTEX_POINT ( 'NONE', #3384 ) ;
#2268 = EDGE_CURVE ( 'NONE', #651, #3647, #3441, .T. ) ;
#2269 = CARTESIAN_POINT ( 'NONE',  ( 231.3088150205684883, -421.8187893446875023, -17.85761468113975425 ) ) ;
#2270 = CARTESIAN_POINT ( 'NONE',  ( 252.2438438631130566, 1.110223024625155909E-13, -17.08305600077160236 ) ) ;
#2271 = ORIENTED_EDGE ( 'NONE', *, *, #2133, .T. ) ;
#2272 = DIRECTION ( 'NONE',  ( 1.989621002145521086E-27, 1.000000000000000000, -3.148913305105934743E-13 ) ) ;
#2273 = AXIS2_PLACEMENT_3D ( 'NONE', #5522, #4680, #5152 ) ;
#2274 = EDGE_CURVE ( 'NONE', #3640, #1825, #2440, .T. ) ;
#2275 = CARTESIAN_POINT ( 'NONE',  ( 253.5315875893062127, -417.9913075426508158, -9.988753080952749386 ) ) ;
#2276 = ADVANCED_FACE ( 'NONE', ( #1288 ), #1258, .T. ) ;
#2277 = DIRECTION ( 'NONE',  ( 1.671863095859194905E-15, -1.043099285810226078E-15, 1.000000000000000000 ) ) ;
#2278 = VERTEX_POINT ( 'NONE', #4254 ) ;
#2279 = EDGE_LOOP ( 'NONE', ( #5098, #1610 ) ) ;
#2280 = LINE ( 'NONE', #901, #4485 ) ;
#2281 = DIRECTION ( 'NONE',  ( 1.000000000000000000, 0.000000000000000000, 0.000000000000000000 ) ) ;
#2282 = EDGE_CURVE ( 'NONE', #4160, #3251, #1703, .T. ) ;
#2283 = DIRECTION ( 'NONE',  ( -1.000000000000000000, 2.489344922291454898E-28, 0.000000000000000000 ) ) ;
#2284 = DIRECTION ( 'NONE',  ( 1.000000000000000000, -4.100245375925645010E-15, -5.390302858156090018E-15 ) ) ;
#2285 = DIRECTION ( 'NONE',  ( 0.01354621894052116839, 0.9999082457667880508, -1.750706619366762587E-17 ) ) ;
#2286 = CARTESIAN_POINT ( 'NONE',  ( 284.2638438631130384, -388.5835801057983190, -30.25778694175700778 ) ) ;
#2287 = DIRECTION ( 'NONE',  ( 0.7071067811866460495, -0.7071067811864489849, -1.962615573146855342E-17 ) ) ;
#2288 = CARTESIAN_POINT ( 'NONE',  ( 283.0638438631135614, -417.4551529810580064, -22.28128536443414731 ) ) ;
#2289 = DIRECTION ( 'NONE',  ( -2.465190328815550138E-30, 2.775557561562769940E-17, -1.000000000000000000 ) ) ;
#2290 = EDGE_LOOP ( 'NONE', ( #1399, #888, #4840, #3670, #1202 ) ) ;
#2291 = VECTOR ( 'NONE', #3051, 1000.000000000000000 ) ;
#2292 = ORIENTED_EDGE ( 'NONE', *, *, #1201, .T. ) ;
#2293 = CARTESIAN_POINT ( 'NONE',  ( 252.2438438631125450, -412.2051529810570401, -54.35368201230399876 ) ) ;
#2294 = CARTESIAN_POINT ( 'NONE',  ( 250.2438438631167230, -394.0244574003475577, -29.32146326534827452 ) ) ;
#2295 = ORIENTED_EDGE ( 'NONE', *, *, #4491, .T. ) ;
#2296 = VERTEX_POINT ( 'NONE', #2126 ) ;
#2297 = DIRECTION ( 'NONE',  ( 1.000000000000000000, 2.571686551020499831E-28, 0.000000000000000000 ) ) ;
#2298 = LINE ( 'NONE', #3163, #4944 ) ;
#2299 = ORIENTED_EDGE ( 'NONE', *, *, #4246, .F. ) ;
#2300 = CARTESIAN_POINT ( 'NONE',  ( 256.7438438631130566, -412.8551529810555394, -28.01927046105095087 ) ) ;
#2301 = DIRECTION ( 'NONE',  ( 1.000000000000000000, 2.591839481958564728E-28, 0.000000000000000000 ) ) ;
#2302 = EDGE_CURVE ( 'NONE', #3811, #448, #4582, .T. ) ;
#2303 = LINE ( 'NONE', #4456, #2326 ) ;
#2304 = EDGE_LOOP ( 'NONE', ( #777, #3793, #3466, #2384 ) ) ;
#2305 = EDGE_CURVE ( 'NONE', #4062, #2788, #150, .T. ) ;
#2306 = AXIS2_PLACEMENT_3D ( 'NONE', #53, #111, #2682 ) ;
#2307 = ORIENTED_EDGE ( 'NONE', *, *, #2268, .F. ) ;
#2308 = LINE ( 'NONE', #3228, #3045 ) ;
#2309 = CARTESIAN_POINT ( 'NONE',  ( 250.2438438631167230, -415.6741907319957932, -29.74451702945874487 ) ) ;
#2310 = AXIS2_PLACEMENT_3D ( 'NONE', #910, #2200, #3121 ) ;
#2311 = CARTESIAN_POINT ( 'NONE',  ( 252.2438438631125450, -418.1051625365929567, -53.41927046105156052 ) ) ;
#2312 = EDGE_CURVE ( 'NONE', #3591, #1826, #371, .T. ) ;
#2313 = DIRECTION ( 'NONE',  ( 1.600298409602159776E-16, -2.775557561562769940E-17, 1.000000000000000000 ) ) ;
#2314 = DIRECTION ( 'NONE',  ( 0.000000000000000000, 0.000000000000000000, -1.000000000000000000 ) ) ;
#2315 = DIRECTION ( 'NONE',  ( 0.000000000000000000, 0.000000000000000000, 1.000000000000000000 ) ) ;
#2316 = CIRCLE ( 'NONE', #965, 10.00000000000000888 ) ;
#2317 = CARTESIAN_POINT ( 'NONE',  ( 284.2638438631133795, -410.2051529810552211, -29.36554362226950232 ) ) ;
#2318 = CARTESIAN_POINT ( 'NONE',  ( 267.4937701402160428, -397.6819502030199942, 2.081668171172170091E-14 ) ) ;
#2319 = CIRCLE ( 'NONE', #1147, 3.000000000000127454 ) ;
#2320 = ORIENTED_EDGE ( 'NONE', *, *, #2504, .T. ) ;
#2321 = CARTESIAN_POINT ( 'NONE',  ( 315.6388496296644917, -390.0051529810495481, -54.35368201230549801 ) ) ;
#2322 = CIRCLE ( 'NONE', #4468, 0.8000000000000372369 ) ;
#2323 = DIRECTION ( 'NONE',  ( 1.000000000000000000, 2.591839481958564728E-28, 0.000000000000000000 ) ) ;
#2324 = ORIENTED_EDGE ( 'NONE', *, *, #5129, .T. ) ;
#2325 = VERTEX_POINT ( 'NONE', #2602 ) ;
#2326 = VECTOR ( 'NONE', #3109, 1000.000000000000000 ) ;
#2327 = CARTESIAN_POINT ( 'NONE',  ( 247.7438438631125734, -394.0788677525344497, -29.31879773704838854 ) ) ;
#2328 = VERTEX_POINT ( 'NONE', #4312 ) ;
#2329 = CARTESIAN_POINT ( 'NONE',  ( 269.4535923768940506, -407.5549042146939769, 3.500000000000170086 ) ) ;
#2330 = CARTESIAN_POINT ( 'NONE',  ( 253.3487402188163742, -418.1278253639017635, -10.53543076833969039 ) ) ;
#2331 = AXIS2_PLACEMENT_3D ( 'NONE', #1394, #3586, #1422 ) ;
#2332 = CARTESIAN_POINT ( 'NONE',  ( 250.2438438631167799, -412.8551529810555394, -27.21927046105171044 ) ) ;
#2333 = ORIENTED_EDGE ( 'NONE', *, *, #2812, .F. ) ;
#2334 = VERTEX_POINT ( 'NONE', #2069 ) ;
#2335 = CARTESIAN_POINT ( 'NONE',  ( 248.2438438631138808, -389.7551529810494912, -29.75778694175799899 ) ) ;
#2336 = ADVANCED_FACE ( 'NONE', ( #3782 ), #5060, .F. ) ;
#2337 = VECTOR ( 'NONE', #3090, 1000.000000000000000 ) ;
#2338 = LINE ( 'NONE', #4047, #4146 ) ;
#2339 = ADVANCED_FACE ( 'NONE', ( #509 ), #2741, .F. ) ;
#2340 = DIRECTION ( 'NONE',  ( -5.390302858156090018E-15, 2.775557561562769940E-17, -1.000000000000000000 ) ) ;
#2341 = LINE ( 'NONE', #160, #3562 ) ;
#2342 = FACE_OUTER_BOUND ( 'NONE', #1427, .T. ) ;
#2343 = DIRECTION ( 'NONE',  ( -1.000000000000000000, -2.591839481958564728E-28, 6.688090509789690555E-15 ) ) ;
#2344 = AXIS2_PLACEMENT_3D ( 'NONE', #4147, #2121, #5508 ) ;
#2345 = FACE_OUTER_BOUND ( 'NONE', #3610, .T. ) ;
#2346 = B_SPLINE_CURVE_WITH_KNOTS ( 'NONE', 3,
 ( #4568, #3726, #738, #713, #4957, #2439, #1124, #4594, #4148, #1098, #760, #2831, #5462, #311, #1590 ),
 .UNSPECIFIED., .F., .F.,
 ( 4, 2, 2, 2, 1, 2, 2, 4 ),
 ( 0.000000000000000000, 0.1249999999999992228, 0.2499999999999984457, 0.4999999999999950040, 0.6249999999999933387, 0.6874999999999906741, 0.7499999999999878986, 1.000000000000000000 ),
 .UNSPECIFIED. ) ;
#2347 = EDGE_CURVE ( 'NONE', #1309, #4805, #2171, .T. ) ;
#2348 = ADVANCED_FACE ( 'NONE', ( #1877 ), #569, .F. ) ;
#2349 = VERTEX_POINT ( 'NONE', #5270 ) ;
#2350 = CARTESIAN_POINT ( 'NONE',  ( 286.2638438631133795, -418.1051625365879545, -20.81927046104914325 ) ) ;
#2351 = ORIENTED_EDGE ( 'NONE', *, *, #4616, .T. ) ;
#2352 = CYLINDRICAL_SURFACE ( 'NONE', #3727, 1.599999999999905498 ) ;
#2353 = DIRECTION ( 'NONE',  ( 0.000000000000000000, 1.000000000000000000, 5.873824710933800609E-14 ) ) ;
#2354 = ORIENTED_EDGE ( 'NONE', *, *, #2463, .F. ) ;
#2355 = VERTEX_POINT ( 'NONE', #3165 ) ;
#2356 = DIRECTION ( 'NONE',  ( 6.700788708272324096E-14, 1.000000000000000000, 1.379848616319655748E-12 ) ) ;
#2357 = ORIENTED_EDGE ( 'NONE', *, *, #1025, .F. ) ;
#2358 = CARTESIAN_POINT ( 'NONE',  ( 248.2438438631167514, -416.9622201525792775, -28.12698782504627459 ) ) ;
#2359 = CARTESIAN_POINT ( 'NONE',  ( 252.5446603747013512, -419.1457644567717580, -13.43526493128526056 ) ) ;
#2360 = AXIS2_PLACEMENT_3D ( 'NONE', #4615, #840, #3412 ) ;
#2361 = DIRECTION ( 'NONE',  ( -3.133999081005669970E-16, -3.411557347471295370E-16, 1.000000000000000000 ) ) ;
#2362 = ORIENTED_EDGE ( 'NONE', *, *, #4993, .T. ) ;
#2363 = ORIENTED_EDGE ( 'NONE', *, *, #3828, .T. ) ;
#2364 = DIRECTION ( 'NONE',  ( -0.8547231051110829592, 0.5190842066459629978, 1.928803018412455642E-15 ) ) ;
#2365 = CARTESIAN_POINT ( 'NONE',  ( 248.2438438631167514, -393.6056804743944895, -29.61911860325791324 ) ) ;
#2366 = DIRECTION ( 'NONE',  ( 1.000000000000000000, 2.606507364415020158E-28, 0.000000000000000000 ) ) ;
#2367 = DIRECTION ( 'NONE',  ( -1.000000000000000000, 6.700788708272324096E-14, 3.242653474416212924E-26 ) ) ;
#2368 = CARTESIAN_POINT ( 'NONE',  ( 248.2438438631167514, -416.4842615209585119, -29.31865299335020580 ) ) ;
#2369 = DIRECTION ( 'NONE',  ( -3.512950338857504147E-15, 1.264662121988701588E-13, 1.000000000000000000 ) ) ;
#2370 = DIRECTION ( 'NONE',  ( 0.000000000000000000, 0.000000000000000000, 1.000000000000000000 ) ) ;
#2371 = EDGE_CURVE ( 'NONE', #5458, #1881, #1457, .T. ) ;
#2372 = CARTESIAN_POINT ( 'NONE',  ( 264.5038438631130475, -402.6051529810565626, 1.387778780781445991E-14 ) ) ;
#2373 = ADVANCED_FACE ( 'NONE', ( #2211 ), #1793, .T. ) ;
#2374 = ORIENTED_EDGE ( 'NONE', *, *, #3768, .F. ) ;
#2375 = CYLINDRICAL_SURFACE ( 'NONE', #3942, 3.000000000000127454 ) ;
#2376 = DIRECTION ( 'NONE',  ( -1.000000000000000000, -2.591739260015509782E-28, 0.000000000000000000 ) ) ;
#2377 = EDGE_CURVE ( 'NONE', #2597, #5038, #1007, .T. ) ;
#2378 = ORIENTED_EDGE ( 'NONE', *, *, #2282, .T. ) ;
#2379 = CARTESIAN_POINT ( 'NONE',  ( 252.2438438631130566, -418.1051625365939799, -20.81927046104920009 ) ) ;
#2380 = ORIENTED_EDGE ( 'NONE', *, *, #2781, .T. ) ;
#2381 = CARTESIAN_POINT ( 'NONE',  ( 250.2438438631167230, -416.9498800180834905, -27.96530097146191096 ) ) ;
#2382 = CARTESIAN_POINT ( 'NONE',  ( 254.2076318029800177, -417.6397891683010357, -8.098834274442175740 ) ) ;
#2383 = DIRECTION ( 'NONE',  ( -1.000000000000000000, -2.591739260015509782E-28, 0.000000000000000000 ) ) ;
#2384 = ORIENTED_EDGE ( 'NONE', *, *, #5481, .T. ) ;
#2385 = VERTEX_POINT ( 'NONE', #3533 ) ;
#2386 = DIRECTION ( 'NONE',  ( 0.000000000000000000, 0.000000000000000000, 1.000000000000000000 ) ) ;
#2387 = CARTESIAN_POINT ( 'NONE',  ( 248.2438438631167514, -394.4785545460680396, -28.41141894175833826 ) ) ;
#2388 = AXIS2_PLACEMENT_3D ( 'NONE', #22, #4304, #1218 ) ;
#2389 = LINE ( 'NONE', #239, #2489 ) ;
#2390 = ORIENTED_EDGE ( 'NONE', *, *, #2082, .F. ) ;
#2391 = CARTESIAN_POINT ( 'NONE',  ( 0.000000000000000000, -415.1551625365850100, -5.184704601020859727 ) ) ;
#2392 = CARTESIAN_POINT ( 'NONE',  ( 237.2822726928050088, -395.0051529810530155, -28.10372101890435204 ) ) ;
#2393 = CYLINDRICAL_SURFACE ( 'NONE', #2850, 0.3600000000000168621 ) ;
#2394 = CARTESIAN_POINT ( 'NONE',  ( 267.8537371256990127, -397.6770748197500325, 1.387778780781445991E-14 ) ) ;
#2395 = VECTOR ( 'NONE', #3854, 1000.000000000000000 ) ;
#2396 = DIRECTION ( 'NONE',  ( -0.7071067811863910313, -0.7071067811867041142, -2.130390345255179719E-16 ) ) ;
#2397 = CIRCLE ( 'NONE', #3290, 1.000000000000272449 ) ;
#2398 =( BOUNDED_CURVE ( )  B_SPLINE_CURVE ( 3, ( #1278, #3322, #831, #2537 ),
 .UNSPECIFIED., .F., .T. ) 
 B_SPLINE_CURVE_WITH_KNOTS ( ( 4, 4 ),
 ( 1.570796326794909881, 3.141592653589600381 ),
 .UNSPECIFIED. ) 
 CURVE ( )  GEOMETRIC_REPRESENTATION_ITEM ( )  RATIONAL_B_SPLINE_CURVE ( ( 1.000000000000000000, 0.8047378541244140093, 0.8047378541244140093, 1.000000000000000000 ) ) 
 REPRESENTATION_ITEM ( '' )  );
#2399 = ORIENTED_EDGE ( 'NONE', *, *, #3199, .T. ) ;
#2400 = EDGE_CURVE ( 'NONE', #5304, #3919, #3503, .T. ) ;
#2401 = LINE ( 'NONE', #1083, #1937 ) ;
#2402 = EDGE_CURVE ( 'NONE', #3915, #60, #5236, .T. ) ;
#2403 = AXIS2_PLACEMENT_3D ( 'NONE', #4624, #2498, #2528 ) ;
#2404 = ORIENTED_EDGE ( 'NONE', *, *, #4386, .F. ) ;
#2405 = DIRECTION ( 'NONE',  ( 1.000000000000000000, -4.100245375925645010E-15, -5.390302858156090018E-15 ) ) ;
#2406 = ORIENTED_EDGE ( 'NONE', *, *, #519, .T. ) ;
#2407 = CARTESIAN_POINT ( 'NONE',  ( 248.2438438631167514, -416.9280476678524110, -28.45503563770107647 ) ) ;
#2408 = DIRECTION ( 'NONE',  ( -5.390302858162440348E-15, -2.775557561562779801E-17, -1.000000000000000000 ) ) ;
#2409 = ADVANCED_FACE ( 'NONE', ( #1033 ), #4009, .F. ) ;
#2410 = DIRECTION ( 'NONE',  ( -1.740349635189305066E-18, -1.007406631758437888E-16, -1.000000000000000000 ) ) ;
#2411 = MECHANICAL_DESIGN_GEOMETRIC_PRESENTATION_REPRESENTATION (  '', ( #87 ), #3934 ) ;
#2412 = ORIENTED_EDGE ( 'NONE', *, *, #2347, .T. ) ;
#2413 = ORIENTED_EDGE ( 'NONE', *, *, #1097, .T. ) ;
#2414 = CARTESIAN_POINT ( 'NONE',  ( 278.6827760512485384, -388.4262207929165243, 3.499999999999315214 ) ) ;
#2415 = FACE_OUTER_BOUND ( 'NONE', #1213, .T. ) ;
#2416 = VECTOR ( 'NONE', #171, 1000.000000000000000 ) ;
#2417 = ORIENTED_EDGE ( 'NONE', *, *, #2282, .F. ) ;
#2418 = DIRECTION ( 'NONE',  ( 1.000000000000000000, 4.738173134916859252E-14, 4.399283313151086745E-14 ) ) ;
#2419 = VECTOR ( 'NONE', #1077, 1000.000000000000114 ) ;
#2420 = VECTOR ( 'NONE', #906, 1000.000000000000000 ) ;
#2421 = CARTESIAN_POINT ( 'NONE',  ( 248.2438438631167514, -415.9400848081198774, -29.67898846778591349 ) ) ;
#2422 = FACE_OUTER_BOUND ( 'NONE', #1395, .T. ) ;
#2423 = CARTESIAN_POINT ( 'NONE',  ( 252.2438438631205315, -415.1551625365890459, -16.11395431864185213 ) ) ;
#2424 = LINE ( 'NONE', #4133, #1787 ) ;
#2425 = ORIENTED_EDGE ( 'NONE', *, *, #3512, .F. ) ;
#2426 = ADVANCED_FACE ( 'NONE', ( #950 ), #595, .F. ) ;
#2427 =( BOUNDED_SURFACE ( )  B_SPLINE_SURFACE ( 3, 1, ( 
 ( #2919, #793 ),
 ( #2501, #4210 ),
 ( #379, #4550 ),
 ( #1238, #3790 ) ),
 .UNSPECIFIED., .F., .F., .F. ) 
 B_SPLINE_SURFACE_WITH_KNOTS ( ( 4, 4 ),
 ( 2, 2 ),
 ( 3.141592653589985407, 4.712388980384679904 ),
 ( 0.000000000000000000, 1.000000000000000000 ),
 .UNSPECIFIED. ) 
 GEOMETRIC_REPRESENTATION_ITEM ( )  RATIONAL_B_SPLINE_SURFACE ( (
 ( 1.000000000000000000, 1.000000000000000000),
 ( 0.8047378541244140093, 0.8047378541244140093),
 ( 0.8047378541244140093, 0.8047378541244140093),
 ( 1.000000000000000000, 1.000000000000000000) ) ) 
 REPRESENTATION_ITEM ( '' )  SURFACE ( )  );
#2428 = ORIENTED_EDGE ( 'NONE', *, *, #2400, .F. ) ;
#2429 = DIRECTION ( 'NONE',  ( -0.7071072586595515963, 0.7071063037132212514, -2.130364608007945494E-16 ) ) ;
#2430 = ORIENTED_EDGE ( 'NONE', *, *, #1485, .T. ) ;
#2431 = CARTESIAN_POINT ( 'NONE',  ( 248.2438438631167514, -416.0865387853397124, -29.60376007151744204 ) ) ;
#2432 = CARTESIAN_POINT ( 'NONE',  ( 254.7110773582332399, -417.5028359649443814, -6.767757640678938813 ) ) ;
#2433 = EDGE_CURVE ( 'NONE', #2556, #500, #2716, .T. ) ;
#2434 = DIRECTION ( 'NONE',  ( -6.323447269022148859E-15, -1.117124892869662772E-13, 1.000000000000000000 ) ) ;
#2435 = ORIENTED_EDGE ( 'NONE', *, *, #4617, .T. ) ;
#2436 = ORIENTED_EDGE ( 'NONE', *, *, #2008, .T. ) ;
#2437 = DIRECTION ( 'NONE',  ( 5.390302858155290113E-15, -1.954825190608649968E-13, 1.000000000000000000 ) ) ;
#2438 = ADVANCED_FACE ( 'NONE', ( #4844 ), #922, .F. ) ;
#2439 = CARTESIAN_POINT ( 'NONE',  ( 250.2438438631166662, -411.4217655396195141, -29.53096774994502383 ) ) ;
#2440 = CIRCLE ( 'NONE', #4412, 0.3600000000000269651 ) ;
#2441 = LINE ( 'NONE', #815, #2676 ) ;
#2442 = ORIENTED_EDGE ( 'NONE', *, *, #4994, .T. ) ;
#2443 = CARTESIAN_POINT ( 'NONE',  ( 286.2638438631132090, -415.4551529810574948, -30.25778694176194250 ) ) ;
#2444 = EDGE_CURVE ( 'NONE', #5411, #5141, #1009, .T. ) ;
#2445 = DIRECTION ( 'NONE',  ( 1.000000000000000000, -4.100245375925645010E-15, -5.390302858156090018E-15 ) ) ;
#2446 = AXIS2_PLACEMENT_3D ( 'NONE', #67, #3846, #1739 ) ;
#2447 = CARTESIAN_POINT ( 'NONE',  ( 280.6202380637714668, -173.9229350340441158, 199.9116880372214951 ) ) ;
#2448 = DIRECTION ( 'NONE',  ( -1.000000000000000000, -2.591739260015509782E-28, 5.390302858161300444E-15 ) ) ;
#2449 = DIRECTION ( 'NONE',  ( 2.521802105352219937E-18, 2.772141926175199806E-17, -1.000000000000000000 ) ) ;
#2450 = ORIENTED_EDGE ( 'NONE', *, *, #4126, .F. ) ;
#2451 = VERTEX_POINT ( 'NONE', #3956 ) ;
#2452 = CYLINDRICAL_SURFACE ( 'NONE', #1540, 25.00000000000110134 ) ;
#2453 = VERTEX_POINT ( 'NONE', #120 ) ;
#2454 = CARTESIAN_POINT ( 'NONE',  ( 250.2438438631167230, -416.5864631402624241, -29.18914213092027055 ) ) ;
#2455 = CARTESIAN_POINT ( 'NONE',  ( 255.2438438631205315, -417.4551529810594843, -5.387485081522409125 ) ) ;
#2456 = LINE ( 'NONE', #2064, #4915 ) ;
#2457 = ORIENTED_EDGE ( 'NONE', *, *, #14, .T. ) ;
#2458 = VERTEX_POINT ( 'NONE', #3106 ) ;
#2459 = CARTESIAN_POINT ( 'NONE',  ( 286.2638438631130384, -392.3551529810520151, -3.569270461046095022 ) ) ;
#2460 = CARTESIAN_POINT ( 'NONE',  ( 248.2438438631167514, -394.5051529810505713, -28.25735186167201007 ) ) ;
#2461 = AXIS2_PLACEMENT_3D ( 'NONE', #1200, #395, #2907 ) ;
#2462 = EDGE_CURVE ( 'NONE', #4271, #3862, #4815, .T. ) ;
#2463 = EDGE_CURVE ( 'NONE', #4849, #5390, #4856, .T. ) ;
#2464 = ORIENTED_EDGE ( 'NONE', *, *, #4176, .T. ) ;
#2465 = LINE ( 'NONE', #2103, #3605 ) ;
#2466 = FACE_OUTER_BOUND ( 'NONE', #277, .T. ) ;
#2467 = DIRECTION ( 'NONE',  ( -2.090398673089753251E-15, -0.6563649766708624655, 0.7544435150492435627 ) ) ;
#2468 = ADVANCED_FACE ( 'NONE', ( #1583 ), #254, .F. ) ;
#2469 = CARTESIAN_POINT ( 'NONE',  ( 286.2638438631131521, -417.4551529810585180, -28.10372101890803975 ) ) ;
#2470 = DIRECTION ( 'NONE',  ( -3.240126514529305134E-26, 3.771137991245606091E-16, -1.000000000000000000 ) ) ;
#2471 = ORIENTED_EDGE ( 'NONE', *, *, #4256, .T. ) ;
#2472 = VECTOR ( 'NONE', #3069, 1000.000000000000000 ) ;
#2473 = AXIS2_PLACEMENT_3D ( 'NONE', #1363, #138, #3971 ) ;
#2474 = VERTEX_POINT ( 'NONE', #3246 ) ;
#2475 = DIRECTION ( 'NONE',  ( -1.000000000000000000, -2.593133706881195193E-28, 0.000000000000000000 ) ) ;
#2476 = ORIENTED_EDGE ( 'NONE', *, *, #3117, .F. ) ;
#2477 = CARTESIAN_POINT ( 'NONE',  ( 250.2438438631167230, -415.7818809050239679, -29.71797720485000838 ) ) ;
#2478 = CARTESIAN_POINT ( 'NONE',  ( 253.7192551400392801, -417.8713432691588423, -9.446378780092565819 ) ) ;
#2479 = CARTESIAN_POINT ( 'NONE',  ( 0.000000000000000000, -387.7551529810510260, -5.184704601020840187 ) ) ;
#2480 = ORIENTED_EDGE ( 'NONE', *, *, #3664, .T. ) ;
#2481 = AXIS2_PLACEMENT_3D ( 'NONE', #2447, #2467, #2945 ) ;
#2482 = ORIENTED_EDGE ( 'NONE', *, *, #3089, .F. ) ;
#2483 = DIRECTION ( 'NONE',  ( 2.588550553618949751E-28, 1.000000000000000000, -0.000000000000000000 ) ) ;
#2484 = CARTESIAN_POINT ( 'NONE',  ( 252.2438438631130566, -387.1051529810545162, -20.81927046104940260 ) ) ;
#2485 = ORIENTED_EDGE ( 'NONE', *, *, #4291, .F. ) ;
#2486 = DIRECTION ( 'NONE',  ( 0.000000000000000000, -2.775557561562769940E-17, 1.000000000000000000 ) ) ;
#2487 = VECTOR ( 'NONE', #5451, 1000.000000000000000 ) ;
#2488 = VECTOR ( 'NONE', #3338, 1000.000000000000000 ) ;
#2489 = VECTOR ( 'NONE', #2366, 1000.000000000000000 ) ;
#2490 = CARTESIAN_POINT ( 'NONE',  ( 286.2638438631130384, -387.7551529810490365, 3.500000000000770051 ) ) ;
#2491 = VERTEX_POINT ( 'NONE', #5380 ) ;
#2492 = ORIENTED_EDGE ( 'NONE', *, *, #3417, .F. ) ;
#2493 = EDGE_CURVE ( 'NONE', #2788, #5241, #3720, .T. ) ;
#2494 = DIRECTION ( 'NONE',  ( -1.000000000000000000, 4.100245375925650532E-15, 5.390302858162440348E-15 ) ) ;
#2495 = VECTOR ( 'NONE', #2540, 1000.000000000000000 ) ;
#2496 = CARTESIAN_POINT ( 'NONE',  ( 244.7438438631124882, -416.9124035439534737, -28.67062335266179929 ) ) ;
#2497 = EDGE_CURVE ( 'NONE', #195, #2296, #3333, .T. ) ;
#2498 = DIRECTION ( 'NONE',  ( -1.000000000000000000, -2.591739260015509782E-28, 0.000000000000000000 ) ) ;
#2499 = B_SPLINE_CURVE_WITH_KNOTS ( 'NONE', 3,
 ( #952, #1735, #2661, #399, #3083, #5516, #4316 ),
 .UNSPECIFIED., .F., .F.,
 ( 4, 1, 1, 1, 4 ),
 ( 3.005704662253265075E-15, 0.0006486374523998701463, 0.001297274904796742040, 0.001945912357193606669, 0.002594549809590472600 ),
 .UNSPECIFIED. ) ;
#2500 = AXIS2_PLACEMENT_3D ( 'NONE', #1343, #4338, #2986 ) ;
#2501 = CARTESIAN_POINT ( 'NONE',  ( 286.2638438631131521, -388.5835801057983190, -30.25778694175649974 ) ) ;
#2502 = AXIS2_PLACEMENT_3D ( 'NONE', #3208, #3579, #1446 ) ;
#2503 = CARTESIAN_POINT ( 'NONE',  ( 255.0252078897324282, -387.7484448251109939, -5.952422130784269960 ) ) ;
#2504 = EDGE_CURVE ( 'NONE', #1059, #4684, #687, .T. ) ;
#2505 = VERTEX_POINT ( 'NONE', #1929 ) ;
#2506 = EDGE_CURVE ( 'NONE', #1023, #735, #1954, .T. ) ;
#2507 = AXIS2_PLACEMENT_3D ( 'NONE', #3446, #2163, #929 ) ;
#2508 = ORIENTED_EDGE ( 'NONE', *, *, #5050, .F. ) ;
#2509 = CARTESIAN_POINT ( 'NONE',  ( 252.2438438631205315, 0.000000000000000000, -16.11395431864179884 ) ) ;
#2510 = EDGE_CURVE ( 'NONE', #3978, #3792, #5424, .T. ) ;
#2511 = ORIENTED_EDGE ( 'NONE', *, *, #246, .T. ) ;
#2512 = DIRECTION ( 'NONE',  ( -1.671858429800570048E-15, 1.043099567823268107E-15, -1.000000000000000000 ) ) ;
#2513 = DIRECTION ( 'NONE',  ( -1.000000000000000000, -2.563797941968289713E-28, 2.939295732853489987E-27 ) ) ;
#2514 = FACE_BOUND ( 'NONE', #2532, .T. ) ;
#2515 = B_SPLINE_SURFACE_WITH_KNOTS ( 'NONE', 3, 1, ( 
 ( #2047, #4104 ),
 ( #2016, #5368 ),
 ( #1156, #2496 ),
 ( #691, #5436 ),
 ( #377, #2814 ),
 ( #789, #1106 ),
 ( #2074, #1596 ) ),
 .UNSPECIFIED., .F., .F., .F.,
 ( 4, 1, 1, 1, 4 ),
 ( 2, 2 ),
 ( 3.141592653589600381, 3.554795748616764950, 3.967998843643929963, 4.381201938671094531, 4.794405033698260432 ),
 ( 0.000000000000000000, 1.000000000000000000 ),
 .UNSPECIFIED. ) ;
#2516 = ORIENTED_EDGE ( 'NONE', *, *, #489, .T. ) ;
#2517 = ORIENTED_EDGE ( 'NONE', *, *, #2089, .T. ) ;
#2518 = DIRECTION ( 'NONE',  ( -1.000000000000000000, 0.000000000000000000, -5.390302858160790051E-15 ) ) ;
#2519 = DIRECTION ( 'NONE',  ( 1.000000000000000000, 2.591839481958564728E-28, 0.000000000000000000 ) ) ;
#2520 = EDGE_LOOP ( 'NONE', ( #1582, #52, #3026, #2362, #2378, #4862, #3078, #2363, #955, #1928, #5484, #85, #1352, #3885 ) ) ;
#2521 = CARTESIAN_POINT ( 'NONE',  ( 272.2638438631130384, -412.8551529810565057, -2.769270461050542309 ) ) ;
#2522 = DIRECTION ( 'NONE',  ( -5.576766167467870875E-15, 2.775557561562769940E-17, -1.000000000000000000 ) ) ;
#2523 = VECTOR ( 'NONE', #861, 1000.000000000000000 ) ;
#2524 = VERTEX_POINT ( 'NONE', #3298 ) ;
#2525 = EDGE_LOOP ( 'NONE', ( #251, #5527, #4145, #473 ) ) ;
#2526 = CARTESIAN_POINT ( 'NONE',  ( 248.2438438631129998, -394.5051529810575630, -28.10372101890405006 ) ) ;
#2527 = CARTESIAN_POINT ( 'NONE',  ( 251.2438438631130566, -387.7551529810535271, -2.184704601020900139 ) ) ;
#2528 = DIRECTION ( 'NONE',  ( 0.000000000000000000, 0.000000000000000000, 1.000000000000000000 ) ) ;
#2529 = CARTESIAN_POINT ( 'NONE',  ( 259.8883402280080190, -399.8020989529479721, 1.387778780781445991E-14 ) ) ;
#2530 = CARTESIAN_POINT ( 'NONE',  ( 254.7236005136586527, -387.7097014689878165, -6.735075596549237709 ) ) ;
#2531 = CIRCLE ( 'NONE', #4591, 5.399998675015171834 ) ;
#2532 = EDGE_LOOP ( 'NONE', ( #3016, #1967 ) ) ;
#2533 = EDGE_CURVE ( 'NONE', #4748, #973, #3219, .T. ) ;
#2534 = ORIENTED_EDGE ( 'NONE', *, *, #3713, .F. ) ;
#2535 = LINE ( 'NONE', #4581, #505 ) ;
#2536 = ORIENTED_EDGE ( 'NONE', *, *, #5316, .F. ) ;
#2537 = CARTESIAN_POINT ( 'NONE',  ( 283.0638438631136751, -389.7551529810525039, -30.25778694175705397 ) ) ;
#2538 = DIRECTION ( 'NONE',  ( 1.000000000000000000, -4.100245375925645010E-15, -5.390302858156090018E-15 ) ) ;
#2539 = EDGE_CURVE ( 'NONE', #1089, #2524, #1369, .T. ) ;
#2540 = DIRECTION ( 'NONE',  ( -1.000000000000000000, 6.700788708272324096E-14, 3.242653474416212924E-26 ) ) ;
#2541 = ORIENTED_EDGE ( 'NONE', *, *, #4964, .F. ) ;
#2542 = ORIENTED_EDGE ( 'NONE', *, *, #3946, .T. ) ;
#2543 = FACE_BOUND ( 'NONE', #1736, .T. ) ;
#2544 = DIRECTION ( 'NONE',  ( 1.000000000000000000, 2.571686551020499831E-28, 0.000000000000000000 ) ) ;
#2545 = VERTEX_POINT ( 'NONE', #4584 ) ;
#2546 = DIRECTION ( 'NONE',  ( 1.000000000000000000, 0.000000000000000000, 0.000000000000000000 ) ) ;
#2547 = CARTESIAN_POINT ( 'NONE',  ( 267.8537391739259874, -407.5332309832539863, 3.500000000000365041 ) ) ;
#2548 = FACE_OUTER_BOUND ( 'NONE', #5268, .T. ) ;
#2549 = ORIENTED_EDGE ( 'NONE', *, *, #4083, .T. ) ;
#2550 = ORIENTED_EDGE ( 'NONE', *, *, #3730, .F. ) ;
#2551 = DIRECTION ( 'NONE',  ( 0.000000000000000000, 0.000000000000000000, -1.000000000000000000 ) ) ;
#2552 = DIRECTION ( 'NONE',  ( -5.375484819755821767E-15, 0.000000000000000000, -1.000000000000000000 ) ) ;
#2553 = CARTESIAN_POINT ( 'NONE',  ( 283.0638438631139593, -393.0051529810520492, -30.25778694175903993 ) ) ;
#2554 = DIRECTION ( 'NONE',  ( 1.000000000000000000, -4.100245375925654476E-15, 0.000000000000000000 ) ) ;
#2555 = DIRECTION ( 'NONE',  ( 1.000000000000000000, 2.591739260015509782E-28, -5.551115123125540522E-15 ) ) ;
#2556 = VERTEX_POINT ( 'NONE', #3746 ) ;
#2557 = B_SPLINE_SURFACE_WITH_KNOTS ( 'NONE', 2, 1, ( 
 ( #4560, #732 ),
 ( #2003, #5425 ),
 ( #3299, #2879 ),
 ( #4585, #4334 ),
 ( #1338, #3859 ),
 ( #4750, #3348 ),
 ( #5167, #23 ),
 ( #2624, #475 ),
 ( #3404, #1251 ),
 ( #2957, #5113 ),
 ( #5049, #2115 ),
 ( #4305, #1219 ),
 ( #54, #1305 ),
 ( #5531, #1725 ),
 ( #2176, #5503 ) ),
 .UNSPECIFIED., .F., .F., .F.,
 ( 3, 2, 2, 2, 2, 2, 2, 3 ),
 ( 2, 2 ),
 ( 0.000000000000000000, 0.1250000000000000000, 0.2500000000000000000, 0.3750000000000000000, 0.5000000000000000000, 0.7500000000000000000, 0.8750000000000000000, 1.000000000000000000 ),
 ( 0.000000000000000000, 1.000000000000000000 ),
 .UNSPECIFIED. ) ;
#2558 = AXIS2_PLACEMENT_3D ( 'NONE', #1921, #1113, #2820 ) ;
#2559 = ORIENTED_EDGE ( 'NONE', *, *, #3261, .T. ) ;
#2560 = ADVANCED_FACE ( 'NONE', ( #4116 ), #820, .F. ) ;
#2561 = EDGE_LOOP ( 'NONE', ( #1319, #302, #2662, #590 ) ) ;
#2562 = DIRECTION ( 'NONE',  ( 1.000000000000000000, 2.603240987229339855E-28, 5.551115123125560243E-15 ) ) ;
#2563 = EDGE_CURVE ( 'NONE', #2184, #4619, #2077, .T. ) ;
#2564 = DIRECTION ( 'NONE',  ( 0.7071067811864190089, 0.7071067811866760255, 2.407946101409954981E-16 ) ) ;
#2565 = AXIS2_PLACEMENT_3D ( 'NONE', #4326, #3451, #5156 ) ;
#2566 = FACE_BOUND ( 'NONE', #3170, .T. ) ;
#2567 = ORIENTED_EDGE ( 'NONE', *, *, #4839, .T. ) ;
#2568 = ORIENTED_EDGE ( 'NONE', *, *, #1745, .F. ) ;
#2569 = DIRECTION ( 'NONE',  ( 1.000000000000000000, -4.100245375925645010E-15, -5.390302858156090018E-15 ) ) ;
#2570 = DIRECTION ( 'NONE',  ( 0.000000000000000000, -7.494005416219462528E-12, -1.000000000000000000 ) ) ;
#2571 = ORIENTED_EDGE ( 'NONE', *, *, #3454, .F. ) ;
#2572 = AXIS2_PLACEMENT_3D ( 'NONE', #3957, #2301, #4371 ) ;
#2573 = CARTESIAN_POINT ( 'NONE',  ( 252.2438438631200484, -416.9233347992399672, -56.81291995111099880 ) ) ;
#2574 = EDGE_CURVE ( 'NONE', #4503, #1126, #2918, .T. ) ;
#2575 = LINE ( 'NONE', #2127, #874 ) ;
#2576 = CARTESIAN_POINT ( 'NONE',  ( 254.7438438631125450, -393.0051529810575630, -29.75778694175784977 ) ) ;
#2577 = ORIENTED_EDGE ( 'NONE', *, *, #2640, .F. ) ;
#2578 = ORIENTED_EDGE ( 'NONE', *, *, #1196, .F. ) ;
#2579 = DIRECTION ( 'NONE',  ( 3.726026421242706589E-28, -1.000000000000000000, -5.867447051095652439E-14 ) ) ;
#2580 = FACE_OUTER_BOUND ( 'NONE', #5379, .T. ) ;
#2581 = VECTOR ( 'NONE', #4912, 1000.000000000000000 ) ;
#2582 = CARTESIAN_POINT ( 'NONE',  ( 279.0638438631136182, -417.4551529810571537, -17.35762632444433251 ) ) ;
#2583 = CARTESIAN_POINT ( 'NONE',  ( 252.2438438631125450, -422.1386240574205431, -51.92194676061060221 ) ) ;
#2584 = CARTESIAN_POINT ( 'NONE',  ( 286.2638438631132090, -393.0051529810525608, -30.25778694175753714 ) ) ;
#2585 = AXIS2_PLACEMENT_3D ( 'NONE', #2743, #4486, #233 ) ;
#2586 = VERTEX_POINT ( 'NONE', #5530 ) ;
#2587 = AXIS2_PLACEMENT_3D ( 'NONE', #807, #4636, #2205 ) ;
#2588 = CARTESIAN_POINT ( 'NONE',  ( 284.2638438631135500, -387.7551529810530155, -28.10372101890290253 ) ) ;
#2589 = CYLINDRICAL_SURFACE ( 'NONE', #2612, 0.3000000000000224709 ) ;
#2590 = CIRCLE ( 'NONE', #4736, 0.3599999999998780287 ) ;
#2591 = CIRCLE ( 'NONE', #194, 5.000000000000219380 ) ;
#2592 = ORIENTED_EDGE ( 'NONE', *, *, #3680, .F. ) ;
#2593 = DIRECTION ( 'NONE',  ( -1.000000000000000000, -2.603240987229334922E-28, -4.903502001796260478E-15 ) ) ;
#2594 = DIRECTION ( 'NONE',  ( -5.576766167467870875E-15, 2.775557561562769940E-17, -1.000000000000000000 ) ) ;
#2595 = EDGE_CURVE ( 'NONE', #4289, #1750, #5453, .T. ) ;
#2596 = CARTESIAN_POINT ( 'NONE',  ( 275.7638438631130384, -387.7551529810544935, -0.1847046010211015055 ) ) ;
#2597 = VERTEX_POINT ( 'NONE', #883 ) ;
#2598 = VERTEX_POINT ( 'NONE', #388 ) ;
#2599 = CARTESIAN_POINT ( 'NONE',  ( 250.2438438631173199, -388.6339307808205490, -29.27266575548420846 ) ) ;
#2600 = CARTESIAN_POINT ( 'NONE',  ( 312.3934261990560799, -417.4551529810593706, -17.35762632444433251 ) ) ;
#2601 = ORIENTED_EDGE ( 'NONE', *, *, #3599, .T. ) ;
#2602 = CARTESIAN_POINT ( 'NONE',  ( 275.7638438631205418, -390.0551529810530269, -5.184704601021910442 ) ) ;
#2603 = DIRECTION ( 'NONE',  ( 1.925929944387365123E-30, 2.775557561562769940E-17, -1.000000000000000000 ) ) ;
#2604 = EDGE_CURVE ( 'NONE', #2239, #3856, #1660, .T. ) ;
#2605 = ADVANCED_FACE ( 'NONE', ( #1304 ), #4664, .T. ) ;
#2606 = CARTESIAN_POINT ( 'NONE',  ( 248.2438438631166946, -411.7472828240445892, -29.68789127883982815 ) ) ;
#2607 = VERTEX_POINT ( 'NONE', #442 ) ;
#2608 = EDGE_CURVE ( 'NONE', #1897, #4503, #2109, .T. ) ;
#2609 = ORIENTED_EDGE ( 'NONE', *, *, #2025, .T. ) ;
#2610 = DIRECTION ( 'NONE',  ( -5.551115123125546833E-15, 0.000000000000000000, -1.000000000000000000 ) ) ;
#2611 = FACE_BOUND ( 'NONE', #504, .T. ) ;
#2612 = AXIS2_PLACEMENT_3D ( 'NONE', #108, #2677, #967 ) ;
#2613 = DIRECTION ( 'NONE',  ( 1.000000000000000000, -4.100245375925650532E-15, -5.390302858162440348E-15 ) ) ;
#2614 = AXIS2_PLACEMENT_3D ( 'NONE', #429, #1181, #2551 ) ;
#2615 = CARTESIAN_POINT ( 'NONE',  ( 247.7438438631124313, -393.0051529810505144, -51.33259787371839877 ) ) ;
#2616 = EDGE_CURVE ( 'NONE', #4604, #2458, #4607, .T. ) ;
#2617 = CARTESIAN_POINT ( 'NONE',  ( 237.2822726928050088, -415.4551529810569832, -30.25778694176269923 ) ) ;
#2618 = ORIENTED_EDGE ( 'NONE', *, *, #4240, .F. ) ;
#2619 = VECTOR ( 'NONE', #4759, 1000.000000000000000 ) ;
#2620 = CARTESIAN_POINT ( 'NONE',  ( 267.3069016390139723, -407.2206543400770329, 6.938893903907229955E-15 ) ) ;
#2621 = LINE ( 'NONE', #2201, #4208 ) ;
#2622 = ORIENTED_EDGE ( 'NONE', *, *, #672, .F. ) ;
#2623 = CARTESIAN_POINT ( 'NONE',  ( 286.2638438631131521, -387.7551529810530155, -28.10372101890289187 ) ) ;
#2624 = CARTESIAN_POINT ( 'NONE',  ( 250.2438438631167799, -411.2216317034619806, -29.36259380685060449 ) ) ;
#2625 = LINE ( 'NONE', #5084, #1689 ) ;
#2626 = ORIENTED_EDGE ( 'NONE', *, *, #2913, .F. ) ;
#2627 = ORIENTED_EDGE ( 'NONE', *, *, #5321, .F. ) ;
#2628 = DIRECTION ( 'NONE',  ( -1.000000000000000000, -8.162845163091289693E-16, 0.000000000000000000 ) ) ;
#2629 = DIRECTION ( 'NONE',  ( -6.700788708272324096E-14, -1.000000000000000000, 0.000000000000000000 ) ) ;
#2630 = ORIENTED_EDGE ( 'NONE', *, *, #44, .T. ) ;
#2631 = DIRECTION ( 'NONE',  ( 4.150489319212862998E-15, 0.7544435150490078623, -0.6563649766711332489 ) ) ;
#2632 = FACE_OUTER_BOUND ( 'NONE', #176, .T. ) ;
#2633 = CARTESIAN_POINT ( 'NONE',  ( 248.2438438631166946, -410.9171393456074384, -29.01032084882994511 ) ) ;
#2634 = EDGE_LOOP ( 'NONE', ( #4403, #2829 ) ) ;
#2635 = EDGE_LOOP ( 'NONE', ( #2536, #863, #4992, #599, #2471 ) ) ;
#2636 = CARTESIAN_POINT ( 'NONE',  ( 283.0638438631135614, -402.7880194978449708, -21.39655090832843598 ) ) ;
#2637 = EDGE_CURVE ( 'NONE', #3677, #3770, #2398, .T. ) ;
#2638 = FACE_BOUND ( 'NONE', #4531, .T. ) ;
#2639 = DIRECTION ( 'NONE',  ( -3.962381033626793882E-30, 1.000000000000000000, 3.771137991245606091E-16 ) ) ;
#2640 = EDGE_CURVE ( 'NONE', #2451, #2385, #412, .T. ) ;
#2641 = CARTESIAN_POINT ( 'NONE',  ( 286.2638438631130953, -393.9657074765739821, -7.219026328250901514 ) ) ;
#2642 = LINE ( 'NONE', #2169, #3370 ) ;
#2643 = FACE_OUTER_BOUND ( 'NONE', #3042, .T. ) ;
#2644 = CARTESIAN_POINT ( 'NONE',  ( 283.0638438631135614, -387.7551529810519355, -17.35762632444511766 ) ) ;
#2645 = ORIENTED_EDGE ( 'NONE', *, *, #4141, .T. ) ;
#2646 = EDGE_CURVE ( 'NONE', #2657, #1461, #4800, .T. ) ;
#2647 = LINE ( 'NONE', #3455, #3013 ) ;
#2648 = DIRECTION ( 'NONE',  ( 6.719818468064639502E-17, 8.289273435996939208E-17, 1.000000000000000000 ) ) ;
#2649 = ORIENTED_EDGE ( 'NONE', *, *, #4823, .F. ) ;
#2650 = DIRECTION ( 'NONE',  ( -0.01354621893931057253, -0.9999082457668044821, 4.526264180248565607E-17 ) ) ;
#2651 = VECTOR ( 'NONE', #224, 1000.000000000000000 ) ;
#2652 = CYLINDRICAL_SURFACE ( 'NONE', #3484, 0.8000000000000381251 ) ;
#2653 = VERTEX_POINT ( 'NONE', #1695 ) ;
#2654 = ORIENTED_EDGE ( 'NONE', *, *, #3977, .T. ) ;
#2655 = DIRECTION ( 'NONE',  ( -2.588550553618949751E-28, -1.000000000000000000, -2.775557561562769940E-17 ) ) ;
#2656 = DIRECTION ( 'NONE',  ( 0.7071065869109356417, -0.7071069754621061021, 9.069294721196639511E-16 ) ) ;
#2657 = VERTEX_POINT ( 'NONE', #3403 ) ;
#2658 = CARTESIAN_POINT ( 'NONE',  ( 286.2638438631130384, -392.3551529810520151, -3.569270461046095022 ) ) ;
#2659 = CARTESIAN_POINT ( 'NONE',  ( 252.2438438631205315, -420.4551529810624970, -15.92313883437605071 ) ) ;
#2660 = VECTOR ( 'NONE', #4825, 1000.000000000000000 ) ;
#2661 = CARTESIAN_POINT ( 'NONE',  ( 247.7438438631126019, -388.2979024181634600, -28.67062335264744988 ) ) ;
#2662 = ORIENTED_EDGE ( 'NONE', *, *, #3920, .F. ) ;
#2663 = CIRCLE ( 'NONE', #3651, 0.8000000000000367928 ) ;
#2664 = ORIENTED_EDGE ( 'NONE', *, *, #2504, .F. ) ;
#2665 = LINE ( 'NONE', #1828, #4747 ) ;
#2666 = CARTESIAN_POINT ( 'NONE',  ( 247.7438438631125734, -394.5051529810575630, -28.10372101890405006 ) ) ;
#2667 = DIRECTION ( 'NONE',  ( -2.934562567422035131E-27, -2.775557561562769940E-17, 1.000000000000000000 ) ) ;
#2668 = AXIS2_PLACEMENT_3D ( 'NONE', #4442, #4913, #2370 ) ;
#2669 = EDGE_CURVE ( 'NONE', #4143, #5125, #5478, .T. ) ;
#2670 = LINE ( 'NONE', #1324, #1970 ) ;
#2671 = DIRECTION ( 'NONE',  ( 1.000000000000000000, -4.100245375925645010E-15, -5.390302858156090018E-15 ) ) ;
#2672 = CARTESIAN_POINT ( 'NONE',  ( 284.2638438631130384, -387.7551529810523903, -29.36554362226530301 ) ) ;
#2673 = ADVANCED_FACE ( 'NONE', ( #4689 ), #2981, .F. ) ;
#2674 = CARTESIAN_POINT ( 'NONE',  ( 286.2638438631131521, -387.7551529810530155, -28.10372101890289187 ) ) ;
#2675 = FACE_OUTER_BOUND ( 'NONE', #1840, .T. ) ;
#2676 = VECTOR ( 'NONE', #1125, 1000.000000000000000 ) ;
#2677 = DIRECTION ( 'NONE',  ( 1.000000000000000000, 0.000000000000000000, 5.390302858155430530E-15 ) ) ;
#2678 = EDGE_CURVE ( 'NONE', #4687, #5300, #4706, .T. ) ;
#2679 = EDGE_CURVE ( 'NONE', #4545, #1755, #4974, .T. ) ;
#2680 = ORIENTED_EDGE ( 'NONE', *, *, #2789, .F. ) ;
#2681 = AXIS2_PLACEMENT_3D ( 'NONE', #5470, #2950, #3737 ) ;
#2682 = DIRECTION ( 'NONE',  ( 0.000000000000000000, 2.775557561562769940E-17, -1.000000000000000000 ) ) ;
#2683 = AXIS2_PLACEMENT_3D ( 'NONE', #991, #4411, #1018 ) ;
#2684 = CARTESIAN_POINT ( 'NONE',  ( 286.2638438631131521, -392.3551529810509919, -28.01927046104643892 ) ) ;
#2685 = ORIENTED_EDGE ( 'NONE', *, *, #1299, .T. ) ;
#2686 = EDGE_CURVE ( 'NONE', #3470, #5452, #1724, .T. ) ;
#2687 = VERTEX_POINT ( 'NONE', #5294 ) ;
#2688 = CARTESIAN_POINT ( 'NONE',  ( 247.7438438631128008, -367.7551529810489797, -5.387485081510621221 ) ) ;
#2689 = DIRECTION ( 'NONE',  ( 0.000000000000000000, 0.000000000000000000, -1.000000000000000000 ) ) ;
#2690 = ORIENTED_EDGE ( 'NONE', *, *, #3047, .T. ) ;
#2691 = DIRECTION ( 'NONE',  ( 1.000000000000000000, 2.571686551020499831E-28, 0.000000000000000000 ) ) ;
#2692 = CARTESIAN_POINT ( 'NONE',  ( 252.5118571894345223, -419.2151155410814454, -13.59165578381265505 ) ) ;
#2693 = LINE ( 'NONE', #982, #4110 ) ;
#2694 = ORIENTED_EDGE ( 'NONE', *, *, #2260, .F. ) ;
#2695 = AXIS2_PLACEMENT_3D ( 'NONE', #1382, #4791, #461 ) ;
#2696 = ORIENTED_EDGE ( 'NONE', *, *, #3324, .F. ) ;
#2697 = FACE_OUTER_BOUND ( 'NONE', #585, .T. ) ;
#2698 = CARTESIAN_POINT ( 'NONE',  ( 259.5540946118520083, -407.5549061970764910, -6.938893903907229955E-15 ) ) ;
#2699 = CARTESIAN_POINT ( 'NONE',  ( 248.2438438631129998, -417.4551529810555053, -0.01000000000005856100 ) ) ;
#2700 = DIRECTION ( 'NONE',  ( 5.551115123125546833E-15, 6.106226635438102226E-14, 1.000000000000000000 ) ) ;
#2701 = DIRECTION ( 'NONE',  ( 1.000000000000000000, 2.603240987229339855E-28, 4.903502001790830749E-15 ) ) ;
#2702 = DIRECTION ( 'NONE',  ( -6.323447269022148859E-15, -2.775557561562769940E-17, 1.000000000000000000 ) ) ;
#2703 = DIRECTION ( 'NONE',  ( 0.000000000000000000, 0.000000000000000000, 1.000000000000000000 ) ) ;
#2704 = DIRECTION ( 'NONE',  ( -1.000000000000000000, -2.586143805950245100E-28, 5.551115123125540522E-15 ) ) ;
#2705 = ORIENTED_EDGE ( 'NONE', *, *, #1230, .F. ) ;
#2706 = ADVANCED_FACE ( 'NONE', ( #1783 ), #319, .F. ) ;
#2707 = CARTESIAN_POINT ( 'NONE',  ( 252.2438438631130566, 0.000000000000000000, -1.415534356397073983E-12 ) ) ;
#2708 = CIRCLE ( 'NONE', #1459, 16.60000000000099973 ) ;
#2709 = EDGE_CURVE ( 'NONE', #4503, #3640, #943, .T. ) ;
#2710 = CARTESIAN_POINT ( 'NONE',  ( 250.2438438631167799, -394.3220000584079230, -28.90295828579887782 ) ) ;
#2711 = ORIENTED_EDGE ( 'NONE', *, *, #5239, .T. ) ;
#2712 = EDGE_LOOP ( 'NONE', ( #1197, #374, #853, #5275, #2819, #1665, #5124, #4069, #2834, #2482 ) ) ;
#2713 = CARTESIAN_POINT ( 'NONE',  ( 248.2438438631129998, -389.7551529810494912, -29.75778694175799899 ) ) ;
#2714 = LINE ( 'NONE', #1455, #597 ) ;
#2715 = ORIENTED_EDGE ( 'NONE', *, *, #423, .F. ) ;
#2716 = LINE ( 'NONE', #3592, #3158 ) ;
#2717 = AXIS2_PLACEMENT_3D ( 'NONE', #99, #1436, #2724 ) ;
#2718 = CARTESIAN_POINT ( 'NONE',  ( 286.2638438631131521, -410.2051529810540274, -28.10372101890749263 ) ) ;
#2719 = EDGE_CURVE ( 'NONE', #512, #2586, #3947, .T. ) ;
#2720 = CARTESIAN_POINT ( 'NONE',  ( 248.2438438631129998, -412.8551529810540046, -7.319270461050429333 ) ) ;
#2721 = ORIENTED_EDGE ( 'NONE', *, *, #4246, .T. ) ;
#2722 = ORIENTED_EDGE ( 'NONE', *, *, #4500, .F. ) ;
#2723 = LINE ( 'NONE', #287, #370 ) ;
#2724 = DIRECTION ( 'NONE',  ( 0.000000000000000000, 0.000000000000000000, 1.000000000000000000 ) ) ;
#2725 =( LENGTH_UNIT ( ) NAMED_UNIT ( * ) SI_UNIT ( .MILLI., .METRE. ) );
#2726 = FACE_OUTER_BOUND ( 'NONE', #5242, .T. ) ;
#2727 = CYLINDRICAL_SURFACE ( 'NONE', #4804, 0.3599999999998500511 ) ;
#2728 = CARTESIAN_POINT ( 'NONE',  ( 274.2638438631130384, -393.4657074765764833, -7.219026328250670588 ) ) ;
#2729 = DIRECTION ( 'NONE',  ( -1.000000000000000000, -2.591739260015509782E-28, 0.000000000000000000 ) ) ;
#2730 = DIRECTION ( 'NONE',  ( 5.314887045396720130E-15, -0.1497294065530951623, 0.9887270122805676964 ) ) ;
#2731 = DIRECTION ( 'NONE',  ( 1.000000000000000000, 2.603240987229334922E-28, 4.903502001796260478E-15 ) ) ;
#2732 = ORIENTED_EDGE ( 'NONE', *, *, #1270, .F. ) ;
#2733 = CARTESIAN_POINT ( 'NONE',  ( 284.2638438631131521, -417.4551529810585180, -28.10372101890805041 ) ) ;
#2734 = DIRECTION ( 'NONE',  ( 1.000000000000000000, 2.571686551020499831E-28, 0.000000000000000000 ) ) ;
#2735 = ADVANCED_FACE ( 'NONE', ( #3886 ), #2204, .F. ) ;
#2736 = EDGE_LOOP ( 'NONE', ( #1530, #4193, #1837, #751 ) ) ;
#2737 = ORIENTED_EDGE ( 'NONE', *, *, #3081, .T. ) ;
#2738 = DIRECTION ( 'NONE',  ( 0.000000000000000000, 0.000000000000000000, 1.000000000000000000 ) ) ;
#2739 = EDGE_CURVE ( 'NONE', #3487, #4684, #913, .T. ) ;
#2740 = ORIENTED_EDGE ( 'NONE', *, *, #5054, .T. ) ;
#2741 = CYLINDRICAL_SURFACE ( 'NONE', #1185, 1.600000000000119993 ) ;
#2742 = CARTESIAN_POINT ( 'NONE',  ( 286.2638438631132090, -412.2051529810540274, -30.25778694176113959 ) ) ;
#2743 = CARTESIAN_POINT ( 'NONE',  ( 247.7438438631124598, -400.8311285934927355, -41.68672391064488636 ) ) ;
#2744 = ORIENTED_EDGE ( 'NONE', *, *, #3009, .T. ) ;
#2745 = CIRCLE ( 'NONE', #1047, 0.3599999999999898281 ) ;
#2746 = ORIENTED_EDGE ( 'NONE', *, *, #5353, .F. ) ;
#2747 = DIRECTION ( 'NONE',  ( 1.000000000000000000, 2.571686551020499831E-28, 5.390302858155430530E-15 ) ) ;
#2748 = EDGE_CURVE ( 'NONE', #5038, #2586, #3457, .T. ) ;
#2749 = CARTESIAN_POINT ( 'NONE',  ( 0.000000000000000000, -413.8551529810565057, 3.500000000000585310 ) ) ;
#2750 = AXIS2_PLACEMENT_3D ( 'NONE', #5497, #2555, #5442 ) ;
#2751 = CARTESIAN_POINT ( 'NONE',  ( 279.0638438631156077, -387.7551529810499460, -3.941032595217851320 ) ) ;
#2752 = CARTESIAN_POINT ( 'NONE',  ( 283.0638438631134477, -1.057918483455302982E-14, 3.500000000001924683 ) ) ;
#2753 = CARTESIAN_POINT ( 'NONE',  ( 248.9105105297833802, -393.0051529810500597, -29.75778694175781780 ) ) ;
#2754 = DIRECTION ( 'NONE',  ( -0.9999082518534123665, 0.01354576965154896846, -2.580004546264698621E-18 ) ) ;
#2755 = VECTOR ( 'NONE', #2157, 1000.000000000000000 ) ;
#2756 = CARTESIAN_POINT ( 'NONE',  ( 247.7438438631124598, -387.1051529810485476, -51.81927046105050039 ) ) ;
#2757 = ORIENTED_EDGE ( 'NONE', *, *, #2312, .T. ) ;
#2758 = DIRECTION ( 'NONE',  ( -0.7071067811864509833, 0.7071067811866439401, -2.130390345252169475E-16 ) ) ;
#2759 = CIRCLE ( 'NONE', #5437, 3.000000000000127454 ) ;
#2760 = ORIENTED_EDGE ( 'NONE', *, *, #2975, .T. ) ;
#2761 = CARTESIAN_POINT ( 'NONE',  ( 250.2438438631167799, -412.8551529810490024, -28.01927046105176089 ) ) ;
#2762 = COLOUR_RGB ( '',0.7921568627450980005, 0.8196078431372548767, 0.9333333333333333481 ) ;
#2763 = B_SPLINE_CURVE_WITH_KNOTS ( 'NONE', 3,
 ( #1415, #2256, #5312, #1470, #242, #4384, #1859 ),
 .UNSPECIFIED., .F., .F.,
 ( 4, 1, 1, 1, 4 ),
 ( 1.488780273473473859, 1.901983368502504934, 2.315186463531535122, 2.728389558560570194, 3.141592653589600381 ),
 .UNSPECIFIED. ) ;
#2764 = DIRECTION ( 'NONE',  ( 0.000000000000000000, 0.000000000000000000, 1.000000000000000000 ) ) ;
#2765 = ORIENTED_EDGE ( 'NONE', *, *, #1554, .T. ) ;
#2766 = EDGE_LOOP ( 'NONE', ( #3676, #4590, #2307, #2654 ) ) ;
#2767 = CIRCLE ( 'NONE', #3038, 0.8000000000000020428 ) ;
#2768 = CARTESIAN_POINT ( 'NONE',  ( 247.7438438631125734, -394.4230892009679792, -28.76833403644704390 ) ) ;
#2769 = ORIENTED_EDGE ( 'NONE', *, *, #1814, .T. ) ;
#2770 = CARTESIAN_POINT ( 'NONE',  ( 250.2438438631167230, -416.0865387853397124, -29.60376007151745270 ) ) ;
#2771 = CARTESIAN_POINT ( 'NONE',  ( 252.3478793620384977, -419.6639993615108324, -14.52707458402728058 ) ) ;
#2772 = ADVANCED_FACE ( 'NONE', ( #4333 ), #5201, .F. ) ;
#2773 = AXIS2_PLACEMENT_3D ( 'NONE', #221, #1974, #5396 ) ;
#2774 = CARTESIAN_POINT ( 'NONE',  ( 248.2438438631124882, -410.7051529810520378, -28.10372101890870411 ) ) ;
#2775 = EDGE_LOOP ( 'NONE', ( #5487, #4649, #3374, #1223 ) ) ;
#2776 = ORIENTED_EDGE ( 'NONE', *, *, #633, .T. ) ;
#2777 = LINE ( 'NONE', #1096, #5295 ) ;
#2778 = VECTOR ( 'NONE', #1804, 1000.000000000000000 ) ;
#2779 = LINE ( 'NONE', #1911, #34 ) ;
#2780 = EDGE_CURVE ( 'NONE', #2597, #512, #3279, .T. ) ;
#2781 = EDGE_CURVE ( 'NONE', #5506, #1897, #2745, .T. ) ;
#2782 = CARTESIAN_POINT ( 'NONE',  ( 244.7438438631129998, -389.1511366415160182, -29.66768596524255130 ) ) ;
#2783 = LINE ( 'NONE', #1992, #249 ) ;
#2784 = CARTESIAN_POINT ( 'NONE',  ( 248.2438438631167514, -416.2311864900428873, -29.52945949562794681 ) ) ;
#2785 = CARTESIAN_POINT ( 'NONE',  ( 315.6388496296644917, -416.9233347992364997, -56.81291995111210014 ) ) ;
#2786 = AXIS2_PLACEMENT_3D ( 'NONE', #2961, #5485, #1589 ) ;
#2787 = CARTESIAN_POINT ( 'NONE',  ( 275.7638438631205418, -387.7551529810530155, -5.184704601021960180 ) ) ;
#2788 = VERTEX_POINT ( 'NONE', #533 ) ;
#2789 = EDGE_CURVE ( 'NONE', #1253, #4867, #4446, .T. ) ;
#2790 = CARTESIAN_POINT ( 'NONE',  ( 264.5038438631130475, -402.6051529810560510, 3.500000000000389910 ) ) ;
#2791 = B_SPLINE_CURVE_WITH_KNOTS ( 'NONE', 2,
 ( #580, #936, #962, #161, #556, #1806, #2197, #1326, #4798, #3517, #46, #1771, #1440, #4383, #5224 ),
 .UNSPECIFIED., .F., .F.,
 ( 3, 2, 2, 2, 2, 2, 2, 3 ),
 ( 0.000000000000000000, 0.1250000000000000000, 0.2500000000000000000, 0.5000000000000000000, 0.6250000000000000000, 0.7500000000000000000, 0.8750000000000000000, 1.000000000000000000 ),
 .UNSPECIFIED. ) ;
#2792 =( BOUNDED_CURVE ( )  B_SPLINE_CURVE ( 3, ( #2553, #5189, #491, #431 ),
 .UNSPECIFIED., .F., .T. ) 
 B_SPLINE_CURVE_WITH_KNOTS ( ( 4, 4 ),
 ( 0.000000000000000000, 1.570796326794954956 ),
 .UNSPECIFIED. ) 
 CURVE ( )  GEOMETRIC_REPRESENTATION_ITEM ( )  RATIONAL_B_SPLINE_CURVE ( ( 1.000000000000000000, 0.8047378541243519479, 0.8047378541243519479, 1.000000000000000000 ) ) 
 REPRESENTATION_ITEM ( '' )  );
#2793 = ORIENTED_EDGE ( 'NONE', *, *, #122, .F. ) ;
#2794 = DIRECTION ( 'NONE',  ( 0.000000000000000000, 8.118505867570943445E-12, -1.000000000000000000 ) ) ;
#2795 = VERTEX_POINT ( 'NONE', #5166 ) ;
#2796 = ORIENTED_EDGE ( 'NONE', *, *, #925, .T. ) ;
#2797 = DIRECTION ( 'NONE',  ( 0.000000000000000000, 0.000000000000000000, -1.000000000000000000 ) ) ;
#2798 = EDGE_LOOP ( 'NONE', ( #726, #3207, #4843, #1998 ) ) ;
#2799 = CARTESIAN_POINT ( 'NONE',  ( 250.2438438631167230, -416.7623278929561934, -28.91430644436795561 ) ) ;
#2800 = CARTESIAN_POINT ( 'NONE',  ( 252.2438438631205315, -437.4551529810600528, -5.387485081523419872 ) ) ;
#2801 = AXIS2_PLACEMENT_3D ( 'NONE', #2300, #4428, #3560 ) ;
#2802 = LINE ( 'NONE', #680, #355 ) ;
#2803 = VERTEX_POINT ( 'NONE', #1812 ) ;
#2804 = EDGE_LOOP ( 'NONE', ( #1944, #4933, #2796, #3267 ) ) ;
#2805 = AXIS2_PLACEMENT_3D ( 'NONE', #4652, #3900, #4738 ) ;
#2806 = FACE_OUTER_BOUND ( 'NONE', #396, .T. ) ;
#2807 = CARTESIAN_POINT ( 'NONE',  ( 271.6117082393815281, -381.3551529810515035, 5.689893001203930299E-13 ) ) ;
#2808 =( NAMED_UNIT ( * ) SI_UNIT ( $, .STERADIAN. ) SOLID_ANGLE_UNIT ( ) );
#2809 = CARTESIAN_POINT ( 'NONE',  ( 248.2438438631129998, -388.2604259440315673, -27.96530097144239946 ) ) ;
#2810 = ORIENTED_EDGE ( 'NONE', *, *, #1100, .T. ) ;
#2811 = DIRECTION ( 'NONE',  ( -1.000000000000000000, 3.944304526105059027E-31, 5.375484819755821767E-15 ) ) ;
#2812 = EDGE_CURVE ( 'NONE', #4924, #2184, #5426, .T. ) ;
#2813 = DIRECTION ( 'NONE',  ( 1.000000000000000000, -4.100245375925645010E-15, -5.390302858156090018E-15 ) ) ;
#2814 = CARTESIAN_POINT ( 'NONE',  ( 244.7438438631124882, -416.0591693206005175, -29.66768596524800117 ) ) ;
#2815 = ADVANCED_FACE ( 'NONE', ( #4392 ), #561, .F. ) ;
#2816 = CARTESIAN_POINT ( 'NONE',  ( 286.2638438631130384, -392.3551529810520151, -4.369270461046115273 ) ) ;
#2817 = CARTESIAN_POINT ( 'NONE',  ( 269.1193463967430262, -399.8020971392600131, 5.689893001203930299E-13 ) ) ;
#2818 = ADVANCED_FACE ( 'NONE', ( #1838, #3551, #3127 ), #4836, .T. ) ;
#2819 = ORIENTED_EDGE ( 'NONE', *, *, #531, .T. ) ;
#2820 = DIRECTION ( 'NONE',  ( 0.000000000000000000, 2.775557561856224965E-17, -1.000000000000000000 ) ) ;
#2821 = UNCERTAINTY_MEASURE_WITH_UNIT (LENGTH_MEASURE( 1.000000000000000082E-05 ), #2725, 'distance_accuracy_value', 'NONE');
#2822 = VERTEX_POINT ( 'NONE', #586 ) ;
#2823 = CARTESIAN_POINT ( 'NONE',  ( 247.7438438631125734, -394.5051529810575630, -28.10372101890405006 ) ) ;
#2824 = VERTEX_POINT ( 'NONE', #2293 ) ;
#2825 = CARTESIAN_POINT ( 'NONE',  ( 284.2638438631135500, -387.7551529810530155, -28.10372101890290253 ) ) ;
#2826 = CARTESIAN_POINT ( 'NONE',  ( 250.2438438631168651, -394.5051529810480702, -1.356161337604662292E-12 ) ) ;
#2827 = LINE ( 'NONE', #283, #1071 ) ;
#2828 = ORIENTED_EDGE ( 'NONE', *, *, #4685, .T. ) ;
#2829 = ORIENTED_EDGE ( 'NONE', *, *, #3615, .T. ) ;
#2830 = CARTESIAN_POINT ( 'NONE',  ( 248.2438438631138808, -389.1511366415095381, -29.66768596524335067 ) ) ;
#2831 = CARTESIAN_POINT ( 'NONE',  ( 250.2438438631167230, -410.8277420438897138, -28.76016104316308031 ) ) ;
#2832 = VECTOR ( 'NONE', #3072, 1000.000000000000000 ) ;
#2833 = CARTESIAN_POINT ( 'NONE',  ( 269.4319200245620323, -405.9550509998219923, -6.938893903907229955E-15 ) ) ;
#2834 = ORIENTED_EDGE ( 'NONE', *, *, #1829, .F. ) ;
#2835 = CARTESIAN_POINT ( 'NONE',  ( 312.3934261990561936, -415.1551625365892164, -3.941032595219522872 ) ) ;
#2836 = DIRECTION ( 'NONE',  ( -0.7071072586595515963, 0.7071063037132212514, -2.130364608007945494E-16 ) ) ;
#2837 = AXIS2_PLACEMENT_3D ( 'NONE', #4892, #2405, #4970 ) ;
#2838 = PLANE ( 'NONE',  #879 ) ;
#2839 = LINE ( 'NONE', #3997, #3741 ) ;
#2840 = AXIS2_PLACEMENT_3D ( 'NONE', #4439, #579, #3573 ) ;
#2841 = ADVANCED_FACE ( 'NONE', ( #4001 ), #169, .T. ) ;
#2842 = CARTESIAN_POINT ( 'NONE',  ( 259.5757638790210535, -399.2552616618499997, 6.938893903907229955E-15 ) ) ;
#2843 = EDGE_CURVE ( 'NONE', #3853, #8, #4002, .T. ) ;
#2844 = VECTOR ( 'NONE', #3505, 1000.000000000000000 ) ;
#2845 = ORIENTED_EDGE ( 'NONE', *, *, #3578, .F. ) ;
#2846 = ADVANCED_FACE ( 'NONE', ( #1500 ), #2352, .F. ) ;
#2847 = ORIENTED_EDGE ( 'NONE', *, *, #2190, .T. ) ;
#2848 = DIRECTION ( 'NONE',  ( 0.01354273130335994710, 0.9999082930093363686, -1.748826677467814529E-17 ) ) ;
#2849 = ORIENTED_EDGE ( 'NONE', *, *, #797, .F. ) ;
#2850 = AXIS2_PLACEMENT_3D ( 'NONE', #1972, #4131, #1551 ) ;
#2851 = CARTESIAN_POINT ( 'NONE',  ( 248.2438438631167514, -416.4842615209585119, -29.31865299335020580 ) ) ;
#2852 = CARTESIAN_POINT ( 'NONE',  ( 254.7438438631145630, -9.992007221626410883E-13, -1.510000000000055076 ) ) ;
#2853 = EDGE_CURVE ( 'NONE', #3239, #1313, #1053, .T. ) ;
#2854 = LINE ( 'NONE', #2479, #3757 ) ;
#2855 = VECTOR ( 'NONE', #4544, 1000.000000000000000 ) ;
#2856 = ORIENTED_EDGE ( 'NONE', *, *, #3002, .T. ) ;
#2857 = ORIENTED_EDGE ( 'NONE', *, *, #4500, .T. ) ;
#2858 = DIRECTION ( 'NONE',  ( 0.9999082518534486708, -0.01354576964886632789, 3.013685415059949520E-18 ) ) ;
#2859 = LINE ( 'NONE', #3255, #4230 ) ;
#2860 = AXIS2_PLACEMENT_3D ( 'NONE', #1615, #3326, #4953 ) ;
#2861 = DIRECTION ( 'NONE',  ( -1.000000000000000000, 4.100245375925654476E-15, 0.000000000000000000 ) ) ;
#2862 = ORIENTED_EDGE ( 'NONE', *, *, #3431, .T. ) ;
#2863 = AXIS2_PLACEMENT_3D ( 'NONE', #2688, #4397, #5118 ) ;
#2864 = CIRCLE ( 'NONE', #3130, 0.3599999999999085043 ) ;
#2865 = CARTESIAN_POINT ( 'NONE',  ( 249.6538438631139911, -387.7551529810505144, -7.008282842946299652E-13 ) ) ;
#2866 = FACE_OUTER_BOUND ( 'NONE', #4368, .T. ) ;
#2867 = DIRECTION ( 'NONE',  ( -5.551115123125546833E-15, 0.000000000000000000, -1.000000000000000000 ) ) ;
#2868 = FACE_OUTER_BOUND ( 'NONE', #1226, .T. ) ;
#2869 = CARTESIAN_POINT ( 'NONE',  ( 254.0384642223089031, -387.5037949063271299, -8.556394613323426768 ) ) ;
#2870 = AXIS2_PLACEMENT_3D ( 'NONE', #4746, #2648, #911 ) ;
#2871 = ORIENTED_EDGE ( 'NONE', *, *, #5292, .F. ) ;
#2872 = ORIENTED_EDGE ( 'NONE', *, *, #2972, .T. ) ;
#2873 = ADVANCED_FACE ( 'NONE', ( #1476 ), #247, .T. ) ;
#2874 = DIRECTION ( 'NONE',  ( 0.000000000000000000, 0.000000000000000000, 1.000000000000000000 ) ) ;
#2875 = VERTEX_POINT ( 'NONE', #4887 ) ;
#2876 = VECTOR ( 'NONE', #2376, 1000.000000000000000 ) ;
#2877 = CARTESIAN_POINT ( 'NONE',  ( 237.2822726928050088, -393.0051529810520492, -30.25778694175825123 ) ) ;
#2878 = EDGE_CURVE ( 'NONE', #2068, #3105, #2401, .T. ) ;
#2879 = CARTESIAN_POINT ( 'NONE',  ( 248.2438438631166946, -411.8984355591650797, -29.72276032551204139 ) ) ;
#2880 = DIRECTION ( 'NONE',  ( -1.000000000000000000, -2.603240987229334922E-28, -4.903502001796260478E-15 ) ) ;
#2881 = ORIENTED_EDGE ( 'NONE', *, *, #4393, .F. ) ;
#2882 = ORIENTED_EDGE ( 'NONE', *, *, #4659, .F. ) ;
#2883 = FACE_OUTER_BOUND ( 'NONE', #3554, .T. ) ;
#2884 = CARTESIAN_POINT ( 'NONE',  ( 279.0638438631136182, -417.4551529810554484, -3.941032595218798562 ) ) ;
#2885 = EDGE_CURVE ( 'NONE', #3777, #4157, #4447, .T. ) ;
#2886 = VECTOR ( 'NONE', #2631, 1000.000000000000114 ) ;
#2887 = LINE ( 'NONE', #4595, #3030 ) ;
#2888 = ORIENTED_EDGE ( 'NONE', *, *, #3907, .F. ) ;
#2889 = CARTESIAN_POINT ( 'NONE',  ( 284.2638438631131521, -395.0051529810530155, -28.10372101890360241 ) ) ;
#2890 = CARTESIAN_POINT ( 'NONE',  ( 269.4535903945139808, -397.6554064496554588, 0.000000000000000000 ) ) ;
#2891 = VECTOR ( 'NONE', #4935, 1000.000000000000000 ) ;
#2892 = DIRECTION ( 'NONE',  ( 6.323447269022148859E-15, 3.723749642899717988E-14, -1.000000000000000000 ) ) ;
#2893 = DIRECTION ( 'NONE',  ( 0.000000000000000000, -1.000000000000000000, -2.941487633175690366E-13 ) ) ;
#2894 = CARTESIAN_POINT ( 'NONE',  ( 255.2438438631205315, -387.7551529810539819, -5.387485081510539509 ) ) ;
#2895 = VERTEX_POINT ( 'NONE', #4476 ) ;
#2896 = ORIENTED_EDGE ( 'NONE', *, *, #1982, .T. ) ;
#2897 = DIRECTION ( 'NONE',  ( 0.000000000000000000, 0.000000000000000000, 1.000000000000000000 ) ) ;
#2898 = ORIENTED_EDGE ( 'NONE', *, *, #1407, .T. ) ;
#2899 = CARTESIAN_POINT ( 'NONE',  ( 248.2438438631169788, -387.7551529810480133, 2.442433538953544758 ) ) ;
#2900 = CARTESIAN_POINT ( 'NONE',  ( 254.2020484594257255, -417.6418504483177117, -8.113856337234082616 ) ) ;
#2901 = EDGE_CURVE ( 'NONE', #4143, #5377, #674, .T. ) ;
#2902 = CARTESIAN_POINT ( 'NONE',  ( 0.000000000000000000, -415.1551625365850100, -5.184704601020859727 ) ) ;
#2903 = VERTEX_POINT ( 'NONE', #1948 ) ;
#2904 = ADVANCED_FACE ( 'NONE', ( #4033 ), #2375, .T. ) ;
#2905 = ORIENTED_EDGE ( 'NONE', *, *, #5443, .F. ) ;
#2906 = CARTESIAN_POINT ( 'NONE',  ( 239.7940963948070134, -387.1051529810485476, -51.81927046105050039 ) ) ;
#2907 = DIRECTION ( 'NONE',  ( 0.000000000000000000, 0.000000000000000000, 1.000000000000000000 ) ) ;
#2908 = ORIENTED_EDGE ( 'NONE', *, *, #2637, .F. ) ;
#2909 = CARTESIAN_POINT ( 'NONE',  ( 250.2438438631167230, -393.6056804743944895, -29.61911860325792389 ) ) ;
#2910 = CARTESIAN_POINT ( 'NONE',  ( 247.4938438631129998, -382.4156984338465577, -21.57525726631470064 ) ) ;
#2911 = VERTEX_POINT ( 'NONE', #3240 ) ;
#2912 = ADVANCED_FACE ( 'NONE', ( #4946 ), #4109, .T. ) ;
#2913 = EDGE_CURVE ( 'NONE', #4778, #3487, #3150, .T. ) ;
#2914 = ORIENTED_EDGE ( 'NONE', *, *, #1063, .T. ) ;
#2915 = LINE ( 'NONE', #5032, #5211 ) ;
#2916 = CARTESIAN_POINT ( 'NONE',  ( 237.2822726928050088, -417.4551529810574948, -28.10372101890865082 ) ) ;
#2917 = FACE_OUTER_BOUND ( 'NONE', #826, .T. ) ;
#2918 = CIRCLE ( 'NONE', #954, 0.3600000000000318501 ) ;
#2919 = CARTESIAN_POINT ( 'NONE',  ( 286.2638438631132090, -389.7551529810519924, -30.25778694175678751 ) ) ;
#2920 = EDGE_CURVE ( 'NONE', #2505, #5209, #2146, .T. ) ;
#2921 = FACE_OUTER_BOUND ( 'NONE', #2290, .T. ) ;
#2922 = ORIENTED_EDGE ( 'NONE', *, *, #2719, .T. ) ;
#2923 = CIRCLE ( 'NONE', #1662, 1.000000000000271561 ) ;
#2924 = AXIS2_PLACEMENT_3D ( 'NONE', #3577, #1471, #1553 ) ;
#2925 = ORIENTED_EDGE ( 'NONE', *, *, #792, .T. ) ;
#2926 = DIRECTION ( 'NONE',  ( 1.000000000000000000, -4.100245375925650532E-15, -5.390302858162440348E-15 ) ) ;
#2927 = ORIENTED_EDGE ( 'NONE', *, *, #1171, .F. ) ;
#2928 = CARTESIAN_POINT ( 'NONE',  ( 248.2438438631167514, -415.4551529810549937, -29.75778694176310069 ) ) ;
#2929 = FACE_OUTER_BOUND ( 'NONE', #3164, .T. ) ;
#2930 = FACE_OUTER_BOUND ( 'NONE', #1990, .T. ) ;
#2931 = VERTEX_POINT ( 'NONE', #3631 ) ;
#2932 = ORIENTED_EDGE ( 'NONE', *, *, #1417, .F. ) ;
#2933 = LINE ( 'NONE', #3277, #4488 ) ;
#2934 = DIRECTION ( 'NONE',  ( 0.000000000000000000, 1.000000000000000000, -3.148913305105934743E-13 ) ) ;
#2935 = VERTEX_POINT ( 'NONE', #4885 ) ;
#2936 = DIRECTION ( 'NONE',  ( 1.000000000000000000, -4.100245375925645010E-15, -5.390302858156090018E-15 ) ) ;
#2937 = LINE ( 'NONE', #4730, #4362 ) ;
#2938 = AXIS2_PLACEMENT_3D ( 'NONE', #4052, #5253, #2754 ) ;
#2939 = AXIS2_PLACEMENT_3D ( 'NONE', #755, #1562, #307 ) ;
#2940 = ORIENTED_EDGE ( 'NONE', *, *, #4389, .F. ) ;
#2941 = ORIENTED_EDGE ( 'NONE', *, *, #1110, .F. ) ;
#2942 = DIRECTION ( 'NONE',  ( 4.150489319211154325E-15, -0.7544435150492435627, -0.6563649766708624655 ) ) ;
#2943 = VECTOR ( 'NONE', #3800, 1000.000000000000000 ) ;
#2944 = CARTESIAN_POINT ( 'NONE',  ( 257.3959794868445101, -381.3551529810540046, 6.938893903907229955E-15 ) ) ;
#2945 = DIRECTION ( 'NONE',  ( 0.000000000000000000, -0.7544435150492435627, -0.6563649766708624655 ) ) ;
#2946 = EDGE_CURVE ( 'NONE', #3595, #1841, #725, .T. ) ;
#2947 = AXIS2_PLACEMENT_3D ( 'NONE', #3980, #566, #3050 ) ;
#2948 = CARTESIAN_POINT ( 'NONE',  ( 254.7438438631130566, -410.7051529810560169, -1.510000000000029985 ) ) ;
#2949 = VECTOR ( 'NONE', #2448, 1000.000000000000000 ) ;
#2950 = DIRECTION ( 'NONE',  ( 1.000000000000000000, 2.591839481958564728E-28, -6.661338147750640264E-15 ) ) ;
#2951 = ORIENTED_EDGE ( 'NONE', *, *, #1263, .T. ) ;
#2952 = EDGE_CURVE ( 'NONE', #4701, #4604, #987, .T. ) ;
#2953 = ORIENTED_EDGE ( 'NONE', *, *, #3265, .F. ) ;
#2954 = CARTESIAN_POINT ( 'NONE',  ( 247.7438438631124882, -416.9124035439534737, -28.67062335266179929 ) ) ;
#2955 = ORIENTED_EDGE ( 'NONE', *, *, #1448, .F. ) ;
#2956 = DIRECTION ( 'NONE',  ( 0.000000000000000000, 0.000000000000000000, -1.000000000000000000 ) ) ;
#2957 = CARTESIAN_POINT ( 'NONE',  ( 250.2438438631167799, -410.9171393456074384, -29.01032084882995576 ) ) ;
#2958 = DIRECTION ( 'NONE',  ( -1.000000000000000000, -1.577721810442023611E-30, -6.323447269022148859E-15 ) ) ;
#2959 = EDGE_LOOP ( 'NONE', ( #4214, #2690 ) ) ;
#2960 = ORIENTED_EDGE ( 'NONE', *, *, #4989, .F. ) ;
#2961 = CARTESIAN_POINT ( 'NONE',  ( -8.326672684688669004E-14, -390.0551529810540501, -16.11395431864040262 ) ) ;
#2962 = CARTESIAN_POINT ( 'NONE',  ( 281.0638438631135045, -417.4551529810574948, -28.10372101890860108 ) ) ;
#2963 = VERTEX_POINT ( 'NONE', #1555 ) ;
#2964 = CARTESIAN_POINT ( 'NONE',  ( 248.2438438631167514, -393.1611520003851865, -29.75778694175869887 ) ) ;
#2965 = DIRECTION ( 'NONE',  ( 1.000000000000000000, 2.571686551020499831E-28, 5.390302858155430530E-15 ) ) ;
#2966 = CARTESIAN_POINT ( 'NONE',  ( 283.0638438631136751, -411.0335801057998992, -30.25778694176243278 ) ) ;
#2967 = EDGE_LOOP ( 'NONE', ( #1482, #565, #2151, #1667 ) ) ;
#2968 = VERTEX_POINT ( 'NONE', #671 ) ;
#2969 = CARTESIAN_POINT ( 'NONE',  ( 286.2638438631132090, -395.0051529810524471, -29.36554362226570802 ) ) ;
#2970 = CARTESIAN_POINT ( 'NONE',  ( 283.0638438631134477, -417.1651529810592365, 1.767017395538233861E-13 ) ) ;
#2971 = CARTESIAN_POINT ( 'NONE',  ( 254.7438438631125450, -390.0051529810515376, -51.33259787371930116 ) ) ;
#2972 = EDGE_CURVE ( 'NONE', #1548, #2232, #4502, .T. ) ;
#2973 = DIRECTION ( 'NONE',  ( -1.000000000000000000, -2.603240987229334922E-28, -4.903502001796260478E-15 ) ) ;
#2974 = DIRECTION ( 'NONE',  ( 0.000000000000000000, 1.000000000000000000, 3.771137991245606091E-16 ) ) ;
#2975 = EDGE_CURVE ( 'NONE', #1754, #830, #1050, .T. ) ;
#2976 = EDGE_LOOP ( 'NONE', ( #356, #4614, #1746, #3178, #1381, #3715 ) ) ;
#2977 = B_SPLINE_CURVE_WITH_KNOTS ( 'NONE', 3,
 ( #4882, #1890, #2753, #4467 ),
 .UNSPECIFIED., .F., .F.,
 ( 4, 4 ),
 ( 0.000000000000000000, 1.000000000000000000 ),
 .UNSPECIFIED. ) ;
#2978 = EDGE_CURVE ( 'NONE', #1841, #3595, #5, .T. ) ;
#2979 = ORIENTED_EDGE ( 'NONE', *, *, #497, .T. ) ;
#2980 = VERTEX_POINT ( 'NONE', #3266 ) ;
#2981 = CYLINDRICAL_SURFACE ( 'NONE', #3099, 10.00000000000040146 ) ;
#2982 = LINE ( 'NONE', #4690, #1054 ) ;
#2983 = DIRECTION ( 'NONE',  ( 2.939295732853489987E-27, -2.775557561562769940E-17, 1.000000000000000000 ) ) ;
#2984 = ORIENTED_EDGE ( 'NONE', *, *, #3948, .T. ) ;
#2985 = ORIENTED_EDGE ( 'NONE', *, *, #1577, .T. ) ;
#2986 = DIRECTION ( 'NONE',  ( 0.000000000000000000, 0.000000000000000000, -1.000000000000000000 ) ) ;
#2987 = CARTESIAN_POINT ( 'NONE',  ( 252.2438438631205315, 0.000000000000000000, -16.11395431864179884 ) ) ;
#2988 = EDGE_LOOP ( 'NONE', ( #4968, #3302, #2740, #4101 ) ) ;
#2989 = FACE_OUTER_BOUND ( 'NONE', #4835, .T. ) ;
#2990 = CARTESIAN_POINT ( 'NONE',  ( 279.0638438631136751, -417.1651529810618513, -3.410030470019860099E-13 ) ) ;
#2991 = DIRECTION ( 'NONE',  ( 0.000000000000000000, 0.000000000000000000, -1.000000000000000000 ) ) ;
#2992 = ORIENTED_EDGE ( 'NONE', *, *, #2305, .T. ) ;
#2993 = ORIENTED_EDGE ( 'NONE', *, *, #489, .F. ) ;
#2994 =( BOUNDED_SURFACE ( )  B_SPLINE_SURFACE ( 3, 1, ( 
 ( #4076, #3237 ),
 ( #4941, #4054 ),
 ( #4106, #2317 ),
 ( #3263, #4965 ) ),
 .UNSPECIFIED., .F., .F., .T. ) 
 B_SPLINE_SURFACE_WITH_KNOTS ( ( 4, 4 ),
 ( 2, 2 ),
 ( 0.000000000000000000, 1.000000000000000000 ),
 ( 0.000000000000000000, 1.000000000000000000 ),
 .UNSPECIFIED. ) 
 GEOMETRIC_REPRESENTATION_ITEM ( )  RATIONAL_B_SPLINE_SURFACE ( (
 ( 1.000000000000000000, 1.000000000000000000),
 ( 0.8047378541244180061, 0.8047378541244180061),
 ( 0.8047378541244180061, 0.8047378541244180061),
 ( 1.000000000000000000, 1.000000000000000000) ) ) 
 REPRESENTATION_ITEM ( '' )  SURFACE ( )  );
#2995 = DIRECTION ( 'NONE',  ( 5.576766167467870875E-15, -2.775557561562769940E-17, 1.000000000000000000 ) ) ;
#2996 = VECTOR ( 'NONE', #5460, 1000.000000000000000 ) ;
#2997 = DIRECTION ( 'NONE',  ( 1.000000000000000000, -4.100245375925645010E-15, -5.390302858156090018E-15 ) ) ;
#2998 = CARTESIAN_POINT ( 'NONE',  ( 258.4227242150685129, -408.6862775000894885, -7.679439090438190313E-15 ) ) ;
#2999 = DIRECTION ( 'NONE',  ( 0.000000000000000000, 0.000000000000000000, -1.000000000000000000 ) ) ;
#3000 = CARTESIAN_POINT ( 'NONE',  ( 252.9846678574744772, -386.7387384554409664, -11.69950578011256681 ) ) ;
#3001 = ORIENTED_EDGE ( 'NONE', *, *, #3012, .T. ) ;
#3002 = EDGE_CURVE ( 'NONE', #5209, #3467, #1895, .T. ) ;
#3003 = EDGE_CURVE ( 'NONE', #1587, #4108, #3041, .T. ) ;
#3004 = DIRECTION ( 'NONE',  ( -1.000000000000000000, -2.591739260015509782E-28, 5.390302858161300444E-15 ) ) ;
#3006 = FACE_OUTER_BOUND ( 'NONE', #1947, .T. ) ;
#3005 = AXIS2_PLACEMENT_3D ( 'NONE', #3634, #647, #4081 ) ;
#3007 = ORIENTED_EDGE ( 'NONE', *, *, #3124, .T. ) ;
#3008 = EDGE_CURVE ( 'NONE', #1564, #5177, #2864, .T. ) ;
#3009 = EDGE_CURVE ( 'NONE', #5458, #2152, #3179, .T. ) ;
#3010 = CARTESIAN_POINT ( 'NONE',  ( 248.2438438631167514, -415.9400848081198774, -29.67898846778591349 ) ) ;
#3011 = LINE ( 'NONE', #855, #3111 ) ;
#3012 = EDGE_CURVE ( 'NONE', #1644, #1261, #1945, .T. ) ;
#3013 = VECTOR ( 'NONE', #2172, 1000.000000000000000 ) ;
#3014 = CARTESIAN_POINT ( 'NONE',  ( 269.4270466411540497, -399.6152267039540220, 3.500000000000349942 ) ) ;
#3015 = VERTEX_POINT ( 'NONE', #645 ) ;
#3016 = ORIENTED_EDGE ( 'NONE', *, *, #3003, .T. ) ;
#3017 = CYLINDRICAL_SURFACE ( 'NONE', #2500, 0.8000000000000376810 ) ;
#3018 = LINE ( 'NONE', #2987, #4438 ) ;
#3019 = ORIENTED_EDGE ( 'NONE', *, *, #727, .T. ) ;
#3020 = VECTOR ( 'NONE', #2149, 1000.000000000000000 ) ;
#3021 = CARTESIAN_POINT ( 'NONE',  ( 283.0638438631137888, -415.4551529810569832, -30.25778694176343819 ) ) ;
#3022 = CARTESIAN_POINT ( 'NONE',  ( 254.7438438631130566, -393.0051529810505144, -1.179611963664230036E-12 ) ) ;
#3023 = EDGE_CURVE ( 'NONE', #3861, #3470, #801, .T. ) ;
#3024 = AXIS2_PLACEMENT_3D ( 'NONE', #4470, #218, #1130 ) ;
#3025 = CARTESIAN_POINT ( 'NONE',  ( 283.0638438631136182, -412.2051529810535158, -30.25778694176109340 ) ) ;
#3026 = ORIENTED_EDGE ( 'NONE', *, *, #5246, .T. ) ;
#3027 = VERTEX_POINT ( 'NONE', #1864 ) ;
#3028 = LINE ( 'NONE', #5216, #3315 ) ;
#3029 = DIRECTION ( 'NONE',  ( -0.8547223983729679286, 0.5190853703578645062, 1.928799208880521029E-15 ) ) ;
#3030 = VECTOR ( 'NONE', #291, 1000.000000000000000 ) ;
#3031 = CARTESIAN_POINT ( 'NONE',  ( 252.2438438631130566, -403.4624173695300442, 61.09863079645610640 ) ) ;
#3032 = DIRECTION ( 'NONE',  ( 5.576766167467870875E-15, -2.775557561562769940E-17, 1.000000000000000000 ) ) ;
#3033 = CARTESIAN_POINT ( 'NONE',  ( 253.1239605349316832, -386.8881155489028743, -11.23460033126143109 ) ) ;
#3034 = PRESENTATION_LAYER_ASSIGNMENT (  '', '', ( #87 ) ) ;
#3035 = FACE_OUTER_BOUND ( 'NONE', #487, .T. ) ;
#3036 = ORIENTED_EDGE ( 'NONE', *, *, #693, .F. ) ;
#3037 = AXIS2_PLACEMENT_3D ( 'NONE', #1817, #4309, #3922 ) ;
#3038 = AXIS2_PLACEMENT_3D ( 'NONE', #2684, #3073, #5202 ) ;
#3039 = CARTESIAN_POINT ( 'NONE',  ( 286.2638438631091162, -172.9737289185985958, -198.8206450599041659 ) ) ;
#3040 = CARTESIAN_POINT ( 'NONE',  ( 275.7538438631130475, -413.8551529810595184, -3.400058012914539886E-13 ) ) ;
#3041 = CIRCLE ( 'NONE', #4120, 0.8000000000000506706 ) ;
#3042 = EDGE_LOOP ( 'NONE', ( #2914, #2374, #4344, #3084, #5517, #3819 ) ) ;
#3043 = CARTESIAN_POINT ( 'NONE',  ( 286.2638438631131521, -416.6267258563112250, -30.25778694176216632 ) ) ;
#3044 = DIRECTION ( 'NONE',  ( 0.000000000000000000, 0.000000000000000000, 1.000000000000000000 ) ) ;
#3045 = VECTOR ( 'NONE', #4934, 1000.000000000000000 ) ;
#3046 = DIRECTION ( 'NONE',  ( 0.000000000000000000, -1.000000000000000000, -2.775557561562769940E-17 ) ) ;
#3047 = EDGE_CURVE ( 'NONE', #4709, #417, #1435, .T. ) ;
#3048 = ORIENTED_EDGE ( 'NONE', *, *, #2669, .T. ) ;
#3049 = ORIENTED_EDGE ( 'NONE', *, *, #5286, .F. ) ;
#3050 = DIRECTION ( 'NONE',  ( 0.000000000000000000, 0.000000000000000000, -1.000000000000000000 ) ) ;
#3051 = DIRECTION ( 'NONE',  ( -1.000000000000000000, -2.591739260015509782E-28, 5.390302858161300444E-15 ) ) ;
#3052 = EDGE_CURVE ( 'NONE', #1456, #2795, #2056, .T. ) ;
#3053 = ORIENTED_EDGE ( 'NONE', *, *, #2533, .F. ) ;
#3054 = DIRECTION ( 'NONE',  ( -2.955443200274805112E-18, -2.771554584341779950E-17, 1.000000000000000000 ) ) ;
#3055 = CARTESIAN_POINT ( 'NONE',  ( 275.7638438631135500, -415.1551625365860332, -16.11395431864314887 ) ) ;
#3056 = CARTESIAN_POINT ( 'NONE',  ( 248.2438438631166946, -411.2216317034619806, -29.36259380685059384 ) ) ;
#3057 = ORIENTED_EDGE ( 'NONE', *, *, #320, .T. ) ;
#3058 = EDGE_LOOP ( 'NONE', ( #1082, #535, #1616, #1976 ) ) ;
#3059 = DIRECTION ( 'NONE',  ( 1.000000000000000000, 2.591739260015509782E-28, -5.551115123125540522E-15 ) ) ;
#3060 = EDGE_CURVE ( 'NONE', #1632, #2803, #275, .T. ) ;
#3061 = CARTESIAN_POINT ( 'NONE',  ( 252.2438438631125450, -419.7946075282565062, -50.04962560466349686 ) ) ;
#3062 = CARTESIAN_POINT ( 'NONE',  ( 283.0638438631135045, -393.9657074765784728, -7.219026328252027724 ) ) ;
#3063 = DIRECTION ( 'NONE',  ( -5.551115123125546833E-15, 1.665334536937664129E-14, -1.000000000000000000 ) ) ;
#3064 = CARTESIAN_POINT ( 'NONE',  ( 252.5746198885773310, -386.1246310757060201, -13.29719583757774082 ) ) ;
#3065 = CARTESIAN_POINT ( 'NONE',  ( 231.3088150205684883, -383.3915166174130036, -17.85761468113735262 ) ) ;
#3066 = CYLINDRICAL_SURFACE ( 'NONE', #626, 3.000000000000129674 ) ;
#3067 = ORIENTED_EDGE ( 'NONE', *, *, #3265, .T. ) ;
#3068 = VECTOR ( 'NONE', #4534, 1000.000000000000000 ) ;
#3069 = DIRECTION ( 'NONE',  ( -1.925455275398138912E-28, -1.000000000000000000, -3.574581708072458575E-14 ) ) ;
#3070 = CYLINDRICAL_SURFACE ( 'NONE', #5018, 5.399998675014910710 ) ;
#3071 = ORIENTED_EDGE ( 'NONE', *, *, #5446, .F. ) ;
#3072 = DIRECTION ( 'NONE',  ( -1.000000000000000000, -2.603240987229334922E-28, -4.903502001796260478E-15 ) ) ;
#3073 = DIRECTION ( 'NONE',  ( 1.000000000000000000, 2.603240987229334922E-28, 4.903502001796260478E-15 ) ) ;
#3074 = ORIENTED_EDGE ( 'NONE', *, *, #4685, .F. ) ;
#3075 = ORIENTED_EDGE ( 'NONE', *, *, #1485, .F. ) ;
#3076 = LINE ( 'NONE', #3530, #3848 ) ;
#3077 = DIRECTION ( 'NONE',  ( 1.000000000000000000, 2.591739260015509782E-28, -5.390302858161300444E-15 ) ) ;
#3078 = ORIENTED_EDGE ( 'NONE', *, *, #4423, .F. ) ;
#3079 = CARTESIAN_POINT ( 'NONE',  ( 286.2638438631131521, -395.0051529810530155, -28.10372101890359176 ) ) ;
#3080 = CARTESIAN_POINT ( 'NONE',  ( 252.3803904554502537, -419.5532080425637105, -14.30843283357393680 ) ) ;
#3081 = EDGE_CURVE ( 'NONE', #86, #1564, #3398, .T. ) ;
#3082 = EDGE_CURVE ( 'NONE', #1897, #4630, #4943, .T. ) ;
#3083 = CARTESIAN_POINT ( 'NONE',  ( 247.7438438631126019, -389.1511366415160182, -29.66768596524259394 ) ) ;
#3084 = ORIENTED_EDGE ( 'NONE', *, *, #3120, .F. ) ;
#3085 = VERTEX_POINT ( 'NONE', #3714 ) ;
#3086 = CYLINDRICAL_SURFACE ( 'NONE', #5461, 20.00000000000084910 ) ;
#3087 = FACE_OUTER_BOUND ( 'NONE', #3951, .T. ) ;
#3088 = EDGE_CURVE ( 'NONE', #1655, #3708, #4990, .T. ) ;
#3089 = EDGE_CURVE ( 'NONE', #747, #3294, #5016, .T. ) ;
#3090 = DIRECTION ( 'NONE',  ( -1.000000000000000000, 3.944304526105059027E-31, 5.375484819755820978E-15 ) ) ;
#3091 = DIRECTION ( 'NONE',  ( -6.131031547996589901E-19, -1.750036669682679695E-17, -1.000000000000000000 ) ) ;
#3092 = CARTESIAN_POINT ( 'NONE',  ( 281.0638438631131066, -387.7551529810523903, -29.36554362226530301 ) ) ;
#3093 = CARTESIAN_POINT ( 'NONE',  ( 283.0638438631134477, -387.7551529810519924, 1.778256241904243995E-12 ) ) ;
#3094 = EDGE_CURVE ( 'NONE', #440, #259, #1684, .T. ) ;
#3095 = CARTESIAN_POINT ( 'NONE',  ( 248.2438438631129998, -412.2051529810585180, -29.75778694176169736 ) ) ;
#3096 = FACE_OUTER_BOUND ( 'NONE', #5173, .T. ) ;
#3097 = VERTEX_POINT ( 'NONE', #2469 ) ;
#3098 = CARTESIAN_POINT ( 'NONE',  ( 252.2438438631200484, -402.6051529810550278, -36.31927046105054302 ) ) ;
#3099 = AXIS2_PLACEMENT_3D ( 'NONE', #854, #2562, #5048 ) ;
#3100 = DIRECTION ( 'NONE',  ( -1.000000000000000000, 4.100245375925650532E-15, 5.390302858162440348E-15 ) ) ;
#3101 = ORIENTED_EDGE ( 'NONE', *, *, #1819, .T. ) ;
#3102 = ORIENTED_EDGE ( 'NONE', *, *, #4903, .F. ) ;
#3103 = AXIS2_PLACEMENT_3D ( 'NONE', #677, #2000, #728 ) ;
#3104 = LINE ( 'NONE', #2183, #2262 ) ;
#3105 = VERTEX_POINT ( 'NONE', #3764 ) ;
#3106 = CARTESIAN_POINT ( 'NONE',  ( 255.2438438631205315, -417.4551529810594843, -5.387485081522409125 ) ) ;
#3107 = CARTESIAN_POINT ( 'NONE',  ( 239.7940963948065018, -418.1051625365869882, -51.81927046105089829 ) ) ;
#3108 = VECTOR ( 'NONE', #638, 1000.000000000000000 ) ;
#3109 = DIRECTION ( 'NONE',  ( 1.000000000000000000, 2.571686551020499831E-28, 5.390302858155430530E-15 ) ) ;
#3110 = ORIENTED_EDGE ( 'NONE', *, *, #1263, .F. ) ;
#3111 = VECTOR ( 'NONE', #2564, 1000.000000000000000 ) ;
#3112 = VERTEX_POINT ( 'NONE', #1600 ) ;
#3113 = DIRECTION ( 'NONE',  ( -4.100245375925645010E-15, -1.000000000000000000, -2.775557561562769940E-17 ) ) ;
#3114 = DIRECTION ( 'NONE',  ( 1.000000000000000000, -4.100245375925650532E-15, -5.390302858161300444E-15 ) ) ;
#3115 = DIRECTION ( 'NONE',  ( -2.888894916581144899E-30, 2.775557561562769940E-17, -1.000000000000000000 ) ) ;
#3116 = CARTESIAN_POINT ( 'NONE',  ( 269.4319220244229882, -399.2552597184704837, 0.000000000000000000 ) ) ;
#3117 = EDGE_CURVE ( 'NONE', #1755, #1649, #4236, .T. ) ;
#3118 = LINE ( 'NONE', #1858, #986 ) ;
#3119 = LINE ( 'NONE', #581, #5441 ) ;
#3120 = EDGE_CURVE ( 'NONE', #1462, #219, #351, .T. ) ;
#3121 = DIRECTION ( 'NONE',  ( 0.000000000000000000, 0.000000000000000000, -1.000000000000000000 ) ) ;
#3122 = AXIS2_PLACEMENT_3D ( 'NONE', #1290, #1260, #4788 ) ;
#3123 = CARTESIAN_POINT ( 'NONE',  ( 281.0638438631135614, -394.1767258563066321, -30.25778694175778583 ) ) ;
#3124 = EDGE_CURVE ( 'NONE', #3408, #21, #3587, .T. ) ;
#3125 = EDGE_LOOP ( 'NONE', ( #2847, #421, #1862, #3596, #3210, #4216, #909, #153, #1900, #4876 ) ) ;
#3126 = CIRCLE ( 'NONE', #4556, 1.600000000000203482 ) ;
#3127 = FACE_OUTER_BOUND ( 'NONE', #1342, .T. ) ;
#3128 = VECTOR ( 'NONE', #1790, 1000.000000000000000 ) ;
#3129 = CYLINDRICAL_SURFACE ( 'NONE', #1965, 1.600000000000066702 ) ;
#3130 = AXIS2_PLACEMENT_3D ( 'NONE', #2318, #4966, #4030 ) ;
#3131 = ORIENTED_EDGE ( 'NONE', *, *, #4050, .F. ) ;
#3132 = ORIENTED_EDGE ( 'NONE', *, *, #1189, .F. ) ;
#3133 = CARTESIAN_POINT ( 'NONE',  ( 250.2438438631167799, -388.2604259440300325, -27.96530097144339067 ) ) ;
#3134 = CARTESIAN_POINT ( 'NONE',  ( 312.3934261990580694, -388.0451529810487727, 3.191017475979899565E-13 ) ) ;
#3135 = ORIENTED_EDGE ( 'NONE', *, *, #3946, .F. ) ;
#3136 = DIRECTION ( 'NONE',  ( -5.637851296924620690E-15, 2.775557561562769940E-17, -1.000000000000000000 ) ) ;
#3137 = CARTESIAN_POINT ( 'NONE',  ( 253.2718017623319895, -418.1943878581254239, -10.77478403019936870 ) ) ;
#3138 = AXIS2_PLACEMENT_3D ( 'NONE', #50, #2704, #5135 ) ;
#3139 = DIRECTION ( 'NONE',  ( 1.000000000000000000, -4.100245375925645010E-15, -5.390302858156090018E-15 ) ) ;
#3140 = ORIENTED_EDGE ( 'NONE', *, *, #354, .T. ) ;
#3141 = CIRCLE ( 'NONE', #5010, 10.00000000000040146 ) ;
#3142 = ORIENTED_EDGE ( 'NONE', *, *, #5249, .F. ) ;
#3143 = CARTESIAN_POINT ( 'NONE',  ( 251.2438438631205315, -415.1551625365890459, -5.184704601020859727 ) ) ;
#3144 = CARTESIAN_POINT ( 'NONE',  ( 286.2638438631133795, -387.7551529810480133, -19.35725130932728533 ) ) ;
#3145 = CARTESIAN_POINT ( 'NONE',  ( 244.7438438631129998, -389.5536551087295152, -29.75778694175714989 ) ) ;
#3146 = CARTESIAN_POINT ( 'NONE',  ( 283.0638438631136182, -387.7551529810500028, -22.28128961277098696 ) ) ;
#3147 = CARTESIAN_POINT ( 'NONE',  ( 275.7638438631135500, -390.0551529810530269, -16.11395431864314887 ) ) ;
#3148 = CYLINDRICAL_SURFACE ( 'NONE', #1869, 3.000000000000127454 ) ;
#3149 = DIRECTION ( 'NONE',  ( 3.250007558727057062E-29, -1.000000000000000000, -4.890110166382449615E-15 ) ) ;
#3150 =( BOUNDED_CURVE ( )  B_SPLINE_CURVE ( 3, ( #694, #3153, #3238, #3608 ),
 .UNSPECIFIED., .F., .T. ) 
 B_SPLINE_CURVE_WITH_KNOTS ( ( 4, 4 ),
 ( 3.141592653589985407, 4.712388980384679904 ),
 .UNSPECIFIED. ) 
 CURVE ( )  GEOMETRIC_REPRESENTATION_ITEM ( )  RATIONAL_B_SPLINE_CURVE ( ( 1.000000000000000000, 0.8047378541244140093, 0.8047378541244140093, 1.000000000000000000 ) ) 
 REPRESENTATION_ITEM ( '' )  );
#3151 = EDGE_CURVE ( 'NONE', #2968, #3591, #745, .T. ) ;
#3152 = AXIS2_PLACEMENT_3D ( 'NONE', #1535, #1166, #4451 ) ;
#3153 = CARTESIAN_POINT ( 'NONE',  ( 286.2638438631131521, -388.5835801057983190, -30.25778694175649974 ) ) ;
#3154 = ADVANCED_FACE ( 'NONE', ( #2868 ), #3313, .F. ) ;
#3155 = ORIENTED_EDGE ( 'NONE', *, *, #2739, .F. ) ;
#3156 = VERTEX_POINT ( 'NONE', #1997 ) ;
#3157 = CARTESIAN_POINT ( 'NONE',  ( 269.1193436818739997, -405.4082132931445130, 8.257283745649599750E-13 ) ) ;
#3158 = VECTOR ( 'NONE', #1400, 1000.000000000000000 ) ;
#3159 = ADVANCED_FACE ( 'NONE', ( #4178 ), #3288, .F. ) ;
#3160 = CARTESIAN_POINT ( 'NONE',  ( 250.2438438631167230, -393.7853454667946949, -29.52013634893361171 ) ) ;
#3161 = VERTEX_POINT ( 'NONE', #2106 ) ;
#3162 = ORIENTED_EDGE ( 'NONE', *, *, #3982, .F. ) ;
#3163 = CARTESIAN_POINT ( 'NONE',  ( 280.6202380637917031, -409.7022671611418332, -5.216055450603231058 ) ) ;
#3164 = EDGE_LOOP ( 'NONE', ( #548, #3372, #1764, #3245 ) ) ;
#3165 = CARTESIAN_POINT ( 'NONE',  ( 258.4227210156195156, -396.5240383460954945, 3.500000000000424993 ) ) ;
#3166 = VECTOR ( 'NONE', #3541, 1000.000000000000000 ) ;
#3167 = CARTESIAN_POINT ( 'NONE',  ( 252.5546341150121634, -419.1254313460368621, -13.38881927678006711 ) ) ;
#3168 = FACE_OUTER_BOUND ( 'NONE', #324, .T. ) ;
#3169 = ORIENTED_EDGE ( 'NONE', *, *, #892, .T. ) ;
#3170 = EDGE_LOOP ( 'NONE', ( #1287, #30 ) ) ;
#3171 = CARTESIAN_POINT ( 'NONE',  ( 250.2438438631138240, -388.2428876232569905, -28.19509716227626228 ) ) ;
#3172 = DIRECTION ( 'NONE',  ( 1.000000000000000000, 0.000000000000000000, 0.000000000000000000 ) ) ;
#3173 = FACE_OUTER_BOUND ( 'NONE', #4702, .T. ) ;
#3174 = CYLINDRICAL_SURFACE ( 'NONE', #4267, 25.00000000000110134 ) ;
#3175 = LINE ( 'NONE', #190, #4119 ) ;
#3176 = FACE_OUTER_BOUND ( 'NONE', #1283, .T. ) ;
#3177 = DIRECTION ( 'NONE',  ( 0.000000000000000000, 0.000000000000000000, 1.000000000000000000 ) ) ;
#3178 = ORIENTED_EDGE ( 'NONE', *, *, #4314, .F. ) ;
#3179 = LINE ( 'NONE', #4107, #3309 ) ;
#3180 = EDGE_CURVE ( 'NONE', #128, #2180, #347, .T. ) ;
#3181 = ORIENTED_EDGE ( 'NONE', *, *, #1453, .F. ) ;
#3182 = DIRECTION ( 'NONE',  ( -8.070868480932477977E-16, -0.9887270122805678074, -0.1497294065530951901 ) ) ;
#3183 = CARTESIAN_POINT ( 'NONE',  ( 278.6827760512485384, -416.7840851691940429, 3.499999999999380051 ) ) ;
#3184 = ORIENTED_EDGE ( 'NONE', *, *, #625, .F. ) ;
#3185 = EDGE_CURVE ( 'NONE', #3810, #3112, #4387, .T. ) ;
#3186 = ORIENTED_EDGE ( 'NONE', *, *, #3254, .F. ) ;
#3187 = ADVANCED_FACE ( 'NONE', ( #1211 ), #2427, .F. ) ;
#3188 = FACE_OUTER_BOUND ( 'NONE', #207, .T. ) ;
#3189 = ORIENTED_EDGE ( 'NONE', *, *, #5420, .F. ) ;
#3190 = CARTESIAN_POINT ( 'NONE',  ( 250.2438438631167230, -416.9280476678524110, -28.45503563770108713 ) ) ;
#3191 = ADVANCED_FACE ( 'NONE', ( #3817 ), #3397, .T. ) ;
#3192 = DIRECTION ( 'NONE',  ( 0.000000000000000000, 0.000000000000000000, -1.000000000000000000 ) ) ;
#3193 = CARTESIAN_POINT ( 'NONE',  ( 252.2438438631125450, -412.2051529810570401, -51.33259787371950011 ) ) ;
#3194 = ORIENTED_EDGE ( 'NONE', *, *, #1814, .F. ) ;
#3195 = EDGE_LOOP ( 'NONE', ( #4860, #4977, #1405, #1368 ) ) ;
#3196 = DIRECTION ( 'NONE',  ( -2.934562567422035131E-27, -2.775557561562769940E-17, 1.000000000000000000 ) ) ;
#3197 = AXIS2_PLACEMENT_3D ( 'NONE', #3601, #4102, #5310 ) ;
#3198 = LINE ( 'NONE', #4904, #3166 ) ;
#3199 = EDGE_CURVE ( 'NONE', #1631, #5231, #823, .T. ) ;
#3200 = VECTOR ( 'NONE', #1973, 1000.000000000000000 ) ;
#3201 = PLANE ( 'NONE',  #1080 ) ;
#3202 = CARTESIAN_POINT ( 'NONE',  ( 261.7007836017845079, -397.9896531314699928, 3.500000000000419664 ) ) ;
#3203 = CARTESIAN_POINT ( 'NONE',  ( 264.5038438631130475, -402.6051529810560510, 3.500000000000389910 ) ) ;
#3204 = LINE ( 'NONE', #1494, #2581 ) ;
#3205 = VECTOR ( 'NONE', #2212, 1000.000000000000000 ) ;
#3206 = DIRECTION ( 'NONE',  ( -1.000000000000000000, 3.944304526105059027E-31, 5.375484819755821767E-15 ) ) ;
#3207 = ORIENTED_EDGE ( 'NONE', *, *, #5132, .T. ) ;
#3208 = CARTESIAN_POINT ( 'NONE',  ( 250.2438438631168651, -412.8551529810540046, -7.319270461050439991 ) ) ;
#3209 = AXIS2_PLACEMENT_3D ( 'NONE', #2221, #3847, #5153 ) ;
#3210 = ORIENTED_EDGE ( 'NONE', *, *, #3226, .T. ) ;
#3211 = DIRECTION ( 'NONE',  ( -6.551735914087510576E-16, 6.274183758044640255E-16, 1.000000000000000000 ) ) ;
#3212 = CIRCLE ( 'NONE', #4731, 0.3599999999997888778 ) ;
#3213 = CARTESIAN_POINT ( 'NONE',  ( 312.3934261990580694, -387.7551529810521629, -3.941032595217851320 ) ) ;
#3214 = ORIENTED_EDGE ( 'NONE', *, *, #4598, .T. ) ;
#3215 = VERTEX_POINT ( 'NONE', #2842 ) ;
#3216 = AXIS2_PLACEMENT_3D ( 'NONE', #4609, #776, #4514 ) ;
#3217 = DIRECTION ( 'NONE',  ( 1.000000000000000000, 2.591839481958564728E-28, 0.000000000000000000 ) ) ;
#3218 = ORIENTED_EDGE ( 'NONE', *, *, #2402, .T. ) ;
#3219 = LINE ( 'NONE', #305, #3783 ) ;
#3220 = CARTESIAN_POINT ( 'NONE',  ( 248.2438438631129998, -388.2604259440230408, -27.96530097144355054 ) ) ;
#3221 = VECTOR ( 'NONE', #1834, 1000.000000000000000 ) ;
#3222 = EDGE_CURVE ( 'NONE', #2935, #128, #2424, .T. ) ;
#3223 = VECTOR ( 'NONE', #2396, 999.9999999999998863 ) ;
#3224 = CYLINDRICAL_SURFACE ( 'NONE', #4553, 1.600000000000056266 ) ;
#3225 = ORIENTED_EDGE ( 'NONE', *, *, #2679, .T. ) ;
#3226 = EDGE_CURVE ( 'NONE', #1499, #4694, #2591, .T. ) ;
#3227 = ORIENTED_EDGE ( 'NONE', *, *, #2167, .F. ) ;
#3228 = CARTESIAN_POINT ( 'NONE',  ( 312.3934261990580694, -388.0451529810487727, 3.191017475979899565E-13 ) ) ;
#3229 = DIRECTION ( 'NONE',  ( 9.629649721937149664E-31, 2.775557561562769940E-17, -1.000000000000000000 ) ) ;
#3230 = DIRECTION ( 'NONE',  ( 0.000000000000000000, 0.000000000000000000, 1.000000000000000000 ) ) ;
#3231 = AXIS2_PLACEMENT_3D ( 'NONE', #3040, #4777, #1748 ) ;
#3232 = CARTESIAN_POINT ( 'NONE',  ( 283.0638438631134477, -412.8551529810565057, -4.369270461051231180 ) ) ;
#3233 = EDGE_CURVE ( 'NONE', #5077, #2822, #2670, .T. ) ;
#3234 = LINE ( 'NONE', #188, #3913 ) ;
#3235 = DIRECTION ( 'NONE',  ( -2.934562567422035131E-27, -2.775557561562769940E-17, 1.000000000000000000 ) ) ;
#3236 = DIRECTION ( 'NONE',  ( 1.072458501397449970E-28, 1.000000000000000000, -5.858087156335419156E-40 ) ) ;
#3237 = CARTESIAN_POINT ( 'NONE',  ( 284.2638438631135500, -412.2051529810550505, -30.25778694176144867 ) ) ;
#3238 = CARTESIAN_POINT ( 'NONE',  ( 286.2638438631131521, -387.7551529810523903, -29.36554362226473458 ) ) ;
#3239 = VERTEX_POINT ( 'NONE', #3878 ) ;
#3240 = CARTESIAN_POINT ( 'NONE',  ( 251.2438438631205315, -417.4551625365890004, -5.184704601020859727 ) ) ;
#3241 = AXIS2_PLACEMENT_3D ( 'NONE', #368, #838, #4671 ) ;
#3242 = ORIENTED_EDGE ( 'NONE', *, *, #2679, .F. ) ;
#3243 = ORIENTED_EDGE ( 'NONE', *, *, #3705, .F. ) ;
#3244 = CARTESIAN_POINT ( 'NONE',  ( 247.7438438631125734, -393.1966389545930269, -29.75778694175779648 ) ) ;
#3245 = ORIENTED_EDGE ( 'NONE', *, *, #352, .T. ) ;
#3246 = CARTESIAN_POINT ( 'NONE',  ( 286.2638438631130384, -412.8551529810525267, -4.369270461050544618 ) ) ;
#3247 = LINE ( 'NONE', #706, #4981 ) ;
#3248 = AXIS2_PLACEMENT_3D ( 'NONE', #1658, #5078, #2897 ) ;
#3249 = DIRECTION ( 'NONE',  ( -1.000000000000000000, -2.603240987229334922E-28, -4.903502001796260478E-15 ) ) ;
#3250 = EDGE_LOOP ( 'NONE', ( #4663, #769, #1028, #3717 ) ) ;
#3251 = VERTEX_POINT ( 'NONE', #2194 ) ;
#3252 = CIRCLE ( 'NONE', #5221, 0.3599999999998049205 ) ;
#3253 = DIRECTION ( 'NONE',  ( 5.390302858155430530E-15, 8.362754932988669785E-14, -1.000000000000000000 ) ) ;
#3254 = EDGE_CURVE ( 'NONE', #2524, #1089, #4829, .T. ) ;
#3255 = CARTESIAN_POINT ( 'NONE',  ( 312.3934261990578420, -390.0551529810572333, -3.941032595217852208 ) ) ;
#3256 = EDGE_CURVE ( 'NONE', #86, #4539, #934, .T. ) ;
#3257 = DIRECTION ( 'NONE',  ( 2.588550553618949751E-28, 1.000000000000000000, 2.775557561562769940E-17 ) ) ;
#3258 = VERTEX_POINT ( 'NONE', #2583 ) ;
#3259 = DIRECTION ( 'NONE',  ( -1.000000000000000000, 6.700788708272324096E-14, 3.242653474416212924E-26 ) ) ;
#3260 = LINE ( 'NONE', #1525, #5373 ) ;
#3261 = EDGE_CURVE ( 'NONE', #1217, #2875, #3904, .T. ) ;
#3262 = CARTESIAN_POINT ( 'NONE',  ( 286.2638438631131521, -412.8551529810525267, -28.81927046105041867 ) ) ;
#3263 = CARTESIAN_POINT ( 'NONE',  ( 281.0638438631135045, -410.2051529810555053, -28.10372101890765251 ) ) ;
#3264 = EDGE_CURVE ( 'NONE', #5232, #5342, #4036, .T. ) ;
#3265 = EDGE_CURVE ( 'NONE', #4433, #1217, #643, .T. ) ;
#3266 = CARTESIAN_POINT ( 'NONE',  ( 247.7438438631126587, -383.3915166174130036, -17.85761468113744144 ) ) ;
#3267 = ORIENTED_EDGE ( 'NONE', *, *, #1337, .F. ) ;
#3268 = ADVANCED_FACE ( 'NONE', ( #4740 ), #848, .F. ) ;
#3269 = ORIENTED_EDGE ( 'NONE', *, *, #4554, .T. ) ;
#3270 = FACE_OUTER_BOUND ( 'NONE', #803, .T. ) ;
#3271 = VERTEX_POINT ( 'NONE', #2615 ) ;
#3272 = CARTESIAN_POINT ( 'NONE',  ( 248.2438438631167514, -416.7623278929561934, -28.91430644436794495 ) ) ;
#3273 = FACE_OUTER_BOUND ( 'NONE', #688, .T. ) ;
#3274 = CARTESIAN_POINT ( 'NONE',  ( 247.7438438631124882, -418.1051529810504803, -20.81927046104864942 ) ) ;
#3275 = VERTEX_POINT ( 'NONE', #1358 ) ;
#3276 = EDGE_LOOP ( 'NONE', ( #4095, #3835, #2592, #3929, #3952 ) ) ;
#3277 = CARTESIAN_POINT ( 'NONE',  ( 283.0638438631134477, -411.7445984855419852, 1.777590401035567049E-12 ) ) ;
#3278 = DIRECTION ( 'NONE',  ( 1.000000000000000000, 0.000000000000000000, -2.938506871948266464E-27 ) ) ;
#3279 = CIRCLE ( 'NONE', #3816, 0.3600000000000168621 ) ;
#3280 = LINE ( 'NONE', #2833, #2855 ) ;
#3281 = ORIENTED_EDGE ( 'NONE', *, *, #3289, .T. ) ;
#3282 = DIRECTION ( 'NONE',  ( -1.000000000000000000, -2.597324530440179576E-28, 1.600298409602159776E-16 ) ) ;
#3283 = DIRECTION ( 'NONE',  ( -5.375484819755821767E-15, 2.775557561562769940E-17, -1.000000000000000000 ) ) ;
#3284 = CARTESIAN_POINT ( 'NONE',  ( 279.0638438631134477, -388.0451529810464990, 3.500000000000726086 ) ) ;
#3285 = DIRECTION ( 'NONE',  ( 1.000000000000000000, 2.591739260015509782E-28, -5.843279076974280542E-15 ) ) ;
#3286 = CIRCLE ( 'NONE', #2213, 1.600000000000058042 ) ;
#3287 = EDGE_CURVE ( 'NONE', #4157, #3777, #4741, .T. ) ;
#3288 = PLANE ( 'NONE',  #3674 ) ;
#3289 = EDGE_CURVE ( 'NONE', #2795, #1233, #4380, .T. ) ;
#3290 = AXIS2_PLACEMENT_3D ( 'NONE', #4635, #2538, #3044 ) ;
#3291 = VERTEX_POINT ( 'NONE', #4350 ) ;
#3292 = CIRCLE ( 'NONE', #3024, 0.8000000000000194733 ) ;
#3293 = ADVANCED_FACE ( 'NONE', ( #4796 ), #4770, .F. ) ;
#3294 = VERTEX_POINT ( 'NONE', #3423 ) ;
#3295 = DIRECTION ( 'NONE',  ( 6.126907262877990617E-19, 1.748157245120154801E-17, 1.000000000000000000 ) ) ;
#3296 = ORIENTED_EDGE ( 'NONE', *, *, #3023, .F. ) ;
#3297 = VECTOR ( 'NONE', #5394, 1000.000000000000000 ) ;
#3298 = CARTESIAN_POINT ( 'NONE',  ( 283.0638438631134477, -392.3551529810545162, -2.769270461047426579 ) ) ;
#3299 = CARTESIAN_POINT ( 'NONE',  ( 250.2438438631167799, -411.8984355591650797, -29.72276032551205205 ) ) ;
#3300 = DIRECTION ( 'NONE',  ( -5.576766167467870875E-15, 2.775557561562769940E-17, -1.000000000000000000 ) ) ;
#3301 = ORIENTED_EDGE ( 'NONE', *, *, #1749, .T. ) ;
#3302 = ORIENTED_EDGE ( 'NONE', *, *, #3002, .F. ) ;
#3303 = CARTESIAN_POINT ( 'NONE',  ( 254.7438438631125450, -416.9498800180909939, -27.96530097146104765 ) ) ;
#3304 = CARTESIAN_POINT ( 'NONE',  ( 250.2438438631167230, -393.9903522028515681, -29.36105579096851059 ) ) ;
#3305 = VECTOR ( 'NONE', #3100, 1000.000000000000000 ) ;
#3306 = CARTESIAN_POINT ( 'NONE',  ( 250.2438438631194799, -388.3451529810552074, 3.500000000000096367 ) ) ;
#3307 = EDGE_LOOP ( 'NONE', ( #1762, #1867, #2722, #486, #4299, #332, #3074, #1039, #2760, #2110, #4391, #1933, #2856, #3692, #304, #4279, #1424, #600, #4733, #5171, #949, #4870 ) ) ;
#3308 = VECTOR ( 'NONE', #640, 1000.000000000000000 ) ;
#3309 = VECTOR ( 'NONE', #1497, 1000.000000000000000 ) ;
#3310 = CARTESIAN_POINT ( 'NONE',  ( 248.2438438631129998, -393.1966389545930269, -29.75778694175779648 ) ) ;
#3311 = DIRECTION ( 'NONE',  ( -2.588550553618949751E-28, -1.000000000000000000, 0.000000000000000000 ) ) ;
#3312 = PLANE ( 'NONE',  #2481 ) ;
#3313 = PLANE ( 'NONE',  #4297 ) ;
#3314 = CARTESIAN_POINT ( 'NONE',  ( 252.2438438631125450, -416.9498800180904823, -27.96530097146154858 ) ) ;
#3315 = VECTOR ( 'NONE', #3113, 1000.000000000000000 ) ;
#3316 = ORIENTED_EDGE ( 'NONE', *, *, #2646, .T. ) ;
#3317 = ADVANCED_FACE ( 'NONE', ( #433 ), #875, .F. ) ;
#3318 = EDGE_CURVE ( 'NONE', #4716, #1122, #1295, .T. ) ;
#3319 = ORIENTED_EDGE ( 'NONE', *, *, #2133, .F. ) ;
#3320 = FACE_OUTER_BOUND ( 'NONE', #2027, .T. ) ;
#3321 = EDGE_LOOP ( 'NONE', ( #4080, #2896, #2029, #1648 ) ) ;
#3322 = CARTESIAN_POINT ( 'NONE',  ( 283.0638438631135045, -387.7551529810517650, -29.36554362226640436 ) ) ;
#3323 = DIRECTION ( 'NONE',  ( -1.000000000000000000, 6.700788708272324096E-14, 3.242653474416212924E-26 ) ) ;
#3324 = EDGE_CURVE ( 'NONE', #5458, #223, #3482, .T. ) ;
#3325 = ADVANCED_FACE ( 'NONE', ( #101 ), #5190, .F. ) ;
#3326 = DIRECTION ( 'NONE',  ( -9.986305865656610008E-30, 2.775557561562769940E-17, -1.000000000000000000 ) ) ;
#3327 = ORIENTED_EDGE ( 'NONE', *, *, #3851, .F. ) ;
#3328 = ORIENTED_EDGE ( 'NONE', *, *, #783, .T. ) ;
#3329 = CARTESIAN_POINT ( 'NONE',  ( 247.7438438631126871, -392.3551529810529814, -8.319270461046821552 ) ) ;
#3330 = CARTESIAN_POINT ( 'NONE',  ( 248.2438438631124882, -415.4551529810549937, -29.75778694176310069 ) ) ;
#3331 = CARTESIAN_POINT ( 'NONE',  ( 250.2438438631167230, -394.4785545460680396, -28.41141894175834892 ) ) ;
#3332 = VECTOR ( 'NONE', #507, 1000.000000000000000 ) ;
#3333 = CIRCLE ( 'NONE', #3519, 3.000000000000127454 ) ;
#3334 = LINE ( 'NONE', #5036, #441 ) ;
#3335 = ORIENTED_EDGE ( 'NONE', *, *, #5344, .F. ) ;
#3336 = EDGE_LOOP ( 'NONE', ( #723, #2925, #2207, #1876, #5059 ) ) ;
#3337 = CARTESIAN_POINT ( 'NONE',  ( 244.7438438631129998, -393.0051529810575630, -29.75778694175779648 ) ) ;
#3338 = DIRECTION ( 'NONE',  ( -1.000000000000000000, 2.587054444033240106E-28, 5.390302858161300444E-15 ) ) ;
#3339 = CARTESIAN_POINT ( 'NONE',  ( 252.2438438631130566, -387.1051529810545162, -20.81927046104940260 ) ) ;
#3340 = CARTESIAN_POINT ( 'NONE',  ( 252.2438438631200484, -402.6051529810545162, -36.31927046105050039 ) ) ;
#3341 = DIRECTION ( 'NONE',  ( -2.939295732853489987E-27, 2.775557561562769940E-17, -1.000000000000000000 ) ) ;
#3342 = ORIENTED_EDGE ( 'NONE', *, *, #459, .T. ) ;
#3343 = ORIENTED_EDGE ( 'NONE', *, *, #5473, .F. ) ;
#3344 = DIRECTION ( 'NONE',  ( 0.000000000000000000, 0.000000000000000000, -1.000000000000000000 ) ) ;
#3345 = ADVANCED_FACE ( 'NONE', ( #1385 ), #1832, .F. ) ;
#3346 = ORIENTED_EDGE ( 'NONE', *, *, #2563, .F. ) ;
#3347 = DIRECTION ( 'NONE',  ( 5.576766167467527720E-15, 3.240479107269157696E-07, 0.9999999999999474865 ) ) ;
#3348 = CARTESIAN_POINT ( 'NONE',  ( 248.2438438631166946, -411.4678813314469039, -29.55319898969041503 ) ) ;
#3349 = CARTESIAN_POINT ( 'NONE',  ( 247.7438438631126019, -412.8551529810540046, -8.319270461050701115 ) ) ;
#3350 = ORIENTED_EDGE ( 'NONE', *, *, #964, .F. ) ;
#3351 = ORIENTED_EDGE ( 'NONE', *, *, #933, .F. ) ;
#3352 = PLANE ( 'NONE',  #1803 ) ;
#3353 = CARTESIAN_POINT ( 'NONE',  ( 283.0638438631135614, -387.7551529810519924, -19.35725130932904747 ) ) ;
#3354 = EDGE_CURVE ( 'NONE', #2355, #2188, #806, .T. ) ;
#3355 = ORIENTED_EDGE ( 'NONE', *, *, #4436, .F. ) ;
#3356 = CARTESIAN_POINT ( 'NONE',  ( 0.000000000000000000, -421.4551529810605075, -17.08305600077179776 ) ) ;
#3357 = DIRECTION ( 'NONE',  ( -1.000000000000000000, -2.591739260015509782E-28, 0.000000000000000000 ) ) ;
#3358 = VERTEX_POINT ( 'NONE', #4853 ) ;
#3359 = ORIENTED_EDGE ( 'NONE', *, *, #4771, .T. ) ;
#3360 = LINE ( 'NONE', #2132, #5002 ) ;
#3361 = ADVANCED_FACE ( 'NONE', ( #1016 ), #4879, .T. ) ;
#3362 = PLANE ( 'NONE',  #2273 ) ;
#3363 = B_SPLINE_SURFACE_WITH_KNOTS ( 'NONE', 3, 1, ( 
 ( #2526, #4233 ),
 ( #4260, #3761 ),
 ( #1594, #1709 ),
 ( #3418, #5126 ),
 ( #1293, #316 ),
 ( #3310, #5013 ),
 ( #4171, #3337 ) ),
 .UNSPECIFIED., .F., .F., .F.,
 ( 4, 1, 1, 1, 4 ),
 ( 2, 2 ),
 ( -1.942890293094024955E-13, 0.3926990816985709842, 0.7853981633973370347, 1.178097245096102030, 1.570796326794869913 ),
 ( 0.000000000000000000, 1.000000000000000000 ),
 .UNSPECIFIED. ) ;
#3364 = CYLINDRICAL_SURFACE ( 'NONE', #345, 20.00000000000084910 ) ;
#3365 = AXIS2_PLACEMENT_3D ( 'NONE', #4189, #3773, #2956 ) ;
#3366 = DIRECTION ( 'NONE',  ( 2.775557561268334695E-17, 0.000000000000000000, 1.000000000000000000 ) ) ;
#3367 = CARTESIAN_POINT ( 'NONE',  ( 253.7346076460777056, -387.3479592654111912, -9.402726543102435386 ) ) ;
#3368 = AXIS2_PLACEMENT_3D ( 'NONE', #2379, #1902, #2797 ) ;
#3369 = EDGE_LOOP ( 'NONE', ( #115, #4037, #946, #859 ) ) ;
#3370 = VECTOR ( 'NONE', #4409, 1000.000000000000000 ) ;
#3371 = VECTOR ( 'NONE', #2522, 1000.000000000000000 ) ;
#3372 = ORIENTED_EDGE ( 'NONE', *, *, #1306, .F. ) ;
#3373 = CARTESIAN_POINT ( 'NONE',  ( 261.7007853646989588, -407.2206539012869939, 0.000000000000000000 ) ) ;
#3374 = ORIENTED_EDGE ( 'NONE', *, *, #3318, .T. ) ;
#3375 = DIRECTION ( 'NONE',  ( 0.8547223983801784941, -0.5190853703459917812, -1.970432572342546009E-15 ) ) ;
#3376 = CARTESIAN_POINT ( 'NONE',  ( 275.7638438631205418, -415.1551625365860332, -5.184704601021969950 ) ) ;
#3377 = CIRCLE ( 'NONE', #968, 0.5000000000000498490 ) ;
#3378 = DIRECTION ( 'NONE',  ( -1.000000000000000000, -2.603240987229334922E-28, -4.903502001796260478E-15 ) ) ;
#3379 = ORIENTED_EDGE ( 'NONE', *, *, #667, .T. ) ;
#3380 = ORIENTED_EDGE ( 'NONE', *, *, #4276, .T. ) ;
#3381 = CARTESIAN_POINT ( 'NONE',  ( 247.7438438631126019, -412.8551529810540046, -6.319270461050158438 ) ) ;
#3382 = CARTESIAN_POINT ( 'NONE',  ( 284.2638438631134363, -416.6267258563112250, -30.25778694176266370 ) ) ;
#3383 = ORIENTED_EDGE ( 'NONE', *, *, #4964, .T. ) ;
#3384 = CARTESIAN_POINT ( 'NONE',  ( 271.6117082393815281, -391.3551529810509919, 3.500000000001004974 ) ) ;
#3385 = LINE ( 'NONE', #1704, #1144 ) ;
#3386 = ADVANCED_FACE ( 'NONE', ( #3173 ), #3201, .T. ) ;
#3387 = AXIS2_PLACEMENT_3D ( 'NONE', #1761, #3389, #2991 ) ;
#3388 = EDGE_CURVE ( 'NONE', #1564, #3408, #4408, .T. ) ;
#3389 = DIRECTION ( 'NONE',  ( -2.588550553618949751E-28, -1.000000000000000000, 0.000000000000000000 ) ) ;
#3390 = VERTEX_POINT ( 'NONE', #3232 ) ;
#3391 = EDGE_LOOP ( 'NONE', ( #5423, #140, #234, #3162, #3132, #3380 ) ) ;
#3392 = LINE ( 'NONE', #10, #1179 ) ;
#3393 = FACE_BOUND ( 'NONE', #1635, .T. ) ;
#3394 = CARTESIAN_POINT ( 'NONE',  ( 286.2638438631131521, -387.7551529810522766, -22.28128961277100473 ) ) ;
#3395 = ADVANCED_FACE ( 'NONE', ( #2726 ), #1438, .F. ) ;
#3396 = AXIS2_PLACEMENT_3D ( 'NONE', #3546, #3995, #104 ) ;
#3397 = PLANE ( 'NONE',  #5003 ) ;
#3398 = CIRCLE ( 'NONE', #1524, 5.399998675015149630 ) ;
#3399 = CARTESIAN_POINT ( 'NONE',  ( 254.3470034089064313, -387.6184792857519028, -7.725831815493518384 ) ) ;
#3400 = VERTEX_POINT ( 'NONE', #3600 ) ;
#3401 = ORIENTED_EDGE ( 'NONE', *, *, #2978, .T. ) ;
#3402 = VERTEX_POINT ( 'NONE', #2751 ) ;
#3403 = CARTESIAN_POINT ( 'NONE',  ( 261.1539477877175273, -407.5332309652860658, 3.500000000001320277 ) ) ;
#3404 = CARTESIAN_POINT ( 'NONE',  ( 250.2438438631167799, -411.1194038816427678, -29.24432450959137242 ) ) ;
#3405 = CARTESIAN_POINT ( 'NONE',  ( 250.2438438631166093, -394.5051529810506281, -28.20614158074963385 ) ) ;
#3406 = B_SPLINE_SURFACE_WITH_KNOTS ( 'NONE', 3, 1, ( 
 ( #3095, #1329 ),
 ( #3883, #49 ),
 ( #1390, #966 ),
 ( #4388, #558 ),
 ( #2257, #5147 ),
 ( #510, #1760 ),
 ( #398, #4674 ) ),
 .UNSPECIFIED., .F., .F., .F.,
 ( 4, 1, 1, 1, 4 ),
 ( 2, 2 ),
 ( 1.570796326794929865, 1.963495408493594940, 2.356194490192264901, 2.748893571890929977, 3.141592653589600381 ),
 ( 0.000000000000000000, 1.000000000000000000 ),
 .UNSPECIFIED. ) ;
#3407 = ORIENTED_EDGE ( 'NONE', *, *, #5391, .T. ) ;
#3408 = VERTEX_POINT ( 'NONE', #1521 ) ;
#3409 = DIRECTION ( 'NONE',  ( 0.000000000000000000, 0.000000000000000000, 1.000000000000000000 ) ) ;
#3410 = FACE_OUTER_BOUND ( 'NONE', #4698, .T. ) ;
#3411 = ORIENTED_EDGE ( 'NONE', *, *, #2608, .F. ) ;
#3412 = DIRECTION ( 'NONE',  ( 0.000000000000000000, 0.000000000000000000, 1.000000000000000000 ) ) ;
#3413 = CARTESIAN_POINT ( 'NONE',  ( 244.7438438631129998, -387.7551529810469901, -5.387485081511149687 ) ) ;
#3414 = CARTESIAN_POINT ( 'NONE',  ( 250.2438438631168651, -388.3451529810578222, 1.080216942387498295E-12 ) ) ;
#3415 = ORIENTED_EDGE ( 'NONE', *, *, #3233, .T. ) ;
#3416 = EDGE_LOOP ( 'NONE', ( #5090, #3407, #5491, #4253, #653 ) ) ;
#3417 = EDGE_CURVE ( 'NONE', #4395, #3436, #2389, .T. ) ;
#3418 = CARTESIAN_POINT ( 'NONE',  ( 248.2438438631129998, -394.0788677525345065, -29.31879773704839920 ) ) ;
#3419 = VECTOR ( 'NONE', #1481, 1000.000000000000000 ) ;
#3420 = CARTESIAN_POINT ( 'NONE',  ( 269.1193463967430262, -399.8020971392600131, 5.689893001203930299E-13 ) ) ;
#3421 = AXIS2_PLACEMENT_3D ( 'NONE', #1428, #4786, #1845 ) ;
#3422 = CARTESIAN_POINT ( 'NONE',  ( 284.2638438631135500, -395.0051529810530155, -28.10372101890360241 ) ) ;
#3423 = CARTESIAN_POINT ( 'NONE',  ( 252.2438438631205315, -390.0551529810570059, -16.11395431864190186 ) ) ;
#3424 = CARTESIAN_POINT ( 'NONE',  ( 261.1539458885529825, -397.6770775209834596, 8.881784197001250304E-13 ) ) ;
#3425 = EDGE_CURVE ( 'NONE', #3729, #5044, #350, .T. ) ;
#3426 = ADVANCED_FACE ( 'NONE', ( #1491 ), #4464, .F. ) ;
#3427 = ORIENTED_EDGE ( 'NONE', *, *, #1678, .T. ) ;
#3428 = CARTESIAN_POINT ( 'NONE',  ( 247.7438438631127156, -394.5051529810569946, -1.509999999999565468 ) ) ;
#3429 = CYLINDRICAL_SURFACE ( 'NONE', #2870, 5.399998675015149630 ) ;
#3430 = ORIENTED_EDGE ( 'NONE', *, *, #3920, .T. ) ;
#3431 = EDGE_CURVE ( 'NONE', #3623, #4604, #1938, .T. ) ;
#3432 = ORIENTED_EDGE ( 'NONE', *, *, #4942, .T. ) ;
#3433 = DIRECTION ( 'NONE',  ( 1.000000000000000000, 2.563797941968289713E-28, -2.939295732853489987E-27 ) ) ;
#3434 = CARTESIAN_POINT ( 'NONE',  ( 280.7638438631205418, -409.4051529810560055, -5.257566461046209838 ) ) ;
#3435 = CARTESIAN_POINT ( 'NONE',  ( 250.2438438631168083, -394.4184833968771500, -28.65939035296325699 ) ) ;
#3436 = VERTEX_POINT ( 'NONE', #2311 ) ;
#3437 = ORIENTED_EDGE ( 'NONE', *, *, #1097, .F. ) ;
#3438 = DIRECTION ( 'NONE',  ( -1.000000000000000000, -2.591739260015509782E-28, 5.390302858161300444E-15 ) ) ;
#3439 = CARTESIAN_POINT ( 'NONE',  ( 284.2638438631134363, -417.4551529810572674, -29.36554362227085946 ) ) ;
#3440 = ORIENTED_EDGE ( 'NONE', *, *, #1663, .T. ) ;
#3441 = LINE ( 'NONE', #4728, #5476 ) ;
#3442 = DIRECTION ( 'NONE',  ( -1.000000000000000000, -1.577721810442023611E-30, -6.323447269022148859E-15 ) ) ;
#3443 = DIRECTION ( 'NONE',  ( 5.390302858155290113E-15, -1.920685832601420093E-13, 1.000000000000000000 ) ) ;
#3444 = ORIENTED_EDGE ( 'NONE', *, *, #4167, .F. ) ;
#3445 = ORIENTED_EDGE ( 'NONE', *, *, #1637, .T. ) ;
#3446 = CARTESIAN_POINT ( 'NONE',  ( 0.000000000000000000, -415.1551625365844984, 4.163336342344334502E-14 ) ) ;
#3447 = CARTESIAN_POINT ( 'NONE',  ( 250.2438438631167799, -416.7120894798427457, -29.01262117318584544 ) ) ;
#3448 = LINE ( 'NONE', #12, #3827 ) ;
#3449 = DIRECTION ( 'NONE',  ( 0.000000000000000000, 0.000000000000000000, 1.000000000000000000 ) ) ;
#3450 = B_SPLINE_CURVE_WITH_KNOTS ( 'NONE', 3,
 ( #1391, #1419, #4712, #79 ),
 .UNSPECIFIED., .F., .F.,
 ( 4, 4 ),
 ( 0.000000000000000000, 1.000000000000000000 ),
 .UNSPECIFIED. ) ;
#3451 = DIRECTION ( 'NONE',  ( 1.000000000000000000, -4.100245375925645010E-15, -5.390302858156090018E-15 ) ) ;
#3452 = CARTESIAN_POINT ( 'NONE',  ( 247.7438438631124882, -385.4157076609134833, -50.04963715630150034 ) ) ;
#3453 = VERTEX_POINT ( 'NONE', #4023 ) ;
#3454 = EDGE_CURVE ( 'NONE', #610, #1559, #4822, .T. ) ;
#3455 = CARTESIAN_POINT ( 'NONE',  ( 283.0638438631134477, -1.057918483455302982E-14, 3.500000000001924683 ) ) ;
#3456 = ADVANCED_FACE ( 'NONE', ( #1072 ), #3814, .F. ) ;
#3458 = CARTESIAN_POINT ( 'NONE',  ( 261.7007836017839963, -397.9896531314705044, 1.387778780781445991E-14 ) ) ;
#3457 = CIRCLE ( 'NONE', #420, 0.3599999999999714539 ) ;
#3459 = ORIENTED_EDGE ( 'NONE', *, *, #4833, .F. ) ;
#3460 = DIRECTION ( 'NONE',  ( 1.000000000000000000, 4.738173134916859252E-14, 4.399283313151086745E-14 ) ) ;
#3461 = LINE ( 'NONE', #389, #5071 ) ;
#3462 = VECTOR ( 'NONE', #2367, 1000.000000000000000 ) ;
#3463 = EDGE_CURVE ( 'NONE', #223, #1030, #4100, .T. ) ;
#3464 = MANIFOLD_SOLID_BREP ( 'Cut-Extrude5', #740 ) ;
#3465 = CARTESIAN_POINT ( 'NONE',  ( 0.000000000000000000, -390.0551529810510374, -5.184704601020830417 ) ) ;
#3466 = ORIENTED_EDGE ( 'NONE', *, *, #634, .F. ) ;
#3467 = VERTEX_POINT ( 'NONE', #3306 ) ;
#3468 = DIRECTION ( 'NONE',  ( 8.070826473169542029E-16, -0.9887271302979242504, 0.1497286272321744494 ) ) ;
#3469 = CARTESIAN_POINT ( 'NONE',  ( 315.6388496296644917, -388.2869711628669620, -56.81291995111280357 ) ) ;
#3470 = VERTEX_POINT ( 'NONE', #5433 ) ;
#3471 = VECTOR ( 'NONE', #1279, 1000.000000000000000 ) ;
#3472 = CARTESIAN_POINT ( 'NONE',  ( 248.2438438631167514, -393.0051529810500597, -29.75778694175869887 ) ) ;
#3473 = LINE ( 'NONE', #814, #3371 ) ;
#3474 =( GEOMETRIC_REPRESENTATION_CONTEXT ( 3 ) GLOBAL_UNCERTAINTY_ASSIGNED_CONTEXT ( ( #2821 ) ) GLOBAL_UNIT_ASSIGNED_CONTEXT ( ( #2725, #4021, #2808 ) ) REPRESENTATION_CONTEXT ( 'NONE', 'WORKASPACE' ) );
#3475 = CARTESIAN_POINT ( 'NONE',  ( 252.2438438631205315, -420.4551529810624970, -15.92313883437605071 ) ) ;
#3476 = ORIENTED_EDGE ( 'NONE', *, *, #248, .T. ) ;
#3477 = ORIENTED_EDGE ( 'NONE', *, *, #1237, .F. ) ;
#3478 = CARTESIAN_POINT ( 'NONE',  ( 286.2638438631130953, -411.7445984855414736, -16.94911424917812681 ) ) ;
#3479 = DIRECTION ( 'NONE',  ( 0.000000000000000000, 0.000000000000000000, 1.000000000000000000 ) ) ;
#3480 = AXIS2_PLACEMENT_3D ( 'NONE', #4661, #2475, #3344 ) ;
#3481 = CIRCLE ( 'NONE', #3580, 3.000000000000130118 ) ;
#3482 = LINE ( 'NONE', #554, #3492 ) ;
#3483 = CARTESIAN_POINT ( 'NONE',  ( 253.2858006581596442, -387.0280530008485584, -10.73120764355413570 ) ) ;
#3484 = AXIS2_PLACEMENT_3D ( 'NONE', #4421, #2734, #4363 ) ;
#3485 = CARTESIAN_POINT ( 'NONE',  ( 286.2638438631132090, -412.2051529810540274, -30.25778694176113959 ) ) ;
#3486 = CYLINDRICAL_SURFACE ( 'NONE', #4907, 1.000000000000272449 ) ;
#3487 = VERTEX_POINT ( 'NONE', #1178 ) ;
#3488 = AXIS2_PLACEMENT_3D ( 'NONE', #960, #1715, #3449 ) ;
#3489 = CARTESIAN_POINT ( 'NONE',  ( 258.4227242150685129, -408.6862775000894885, -6.970295765698459472E-15 ) ) ;
#3490 = CARTESIAN_POINT ( 'NONE',  ( 250.2438438631168651, -392.3551529810529814, -7.319270461046560428 ) ) ;
#3491 = ADVANCED_FACE ( 'NONE', ( #3683 ), #338, .F. ) ;
#3492 = VECTOR ( 'NONE', #465, 1000.000000000000000 ) ;
#3493 = ORIENTED_EDGE ( 'NONE', *, *, #4348, .T. ) ;
#3494 = CARTESIAN_POINT ( 'NONE',  ( 286.2638438631131521, -417.4551529810578927, -29.36554362227035142 ) ) ;
#3495 = EDGE_CURVE ( 'NONE', #3701, #5357, #2441, .T. ) ;
#3496 = DIRECTION ( 'NONE',  ( 0.000000000000000000, -2.775557561562769940E-17, 1.000000000000000000 ) ) ;
#3497 = ORIENTED_EDGE ( 'NONE', *, *, #1437, .T. ) ;
#3498 = ORIENTED_EDGE ( 'NONE', *, *, #1714, .F. ) ;
#3499 = DIRECTION ( 'NONE',  ( -1.000000000000000000, 0.000000000000000000, 2.938506871948266464E-27 ) ) ;
#3500 = LINE ( 'NONE', #4869, #916 ) ;
#3501 = ORIENTED_EDGE ( 'NONE', *, *, #2377, .F. ) ;
#3502 = CIRCLE ( 'NONE', #4213, 1.600000000000052713 ) ;
#3503 = LINE ( 'NONE', #4041, #2886 ) ;
#3504 = EDGE_CURVE ( 'NONE', #1456, #3097, #4647, .T. ) ;
#3505 = DIRECTION ( 'NONE',  ( -3.240634642755855457E-26, 3.012826919710126998E-16, -1.000000000000000000 ) ) ;
#3506 = EDGE_CURVE ( 'NONE', #3581, #1030, #2887, .T. ) ;
#3507 = CYLINDRICAL_SURFACE ( 'NONE', #1959, 1.600000000000066702 ) ;
#3508 = EDGE_LOOP ( 'NONE', ( #1603, #953, #2627, #5330 ) ) ;
#3509 = EDGE_LOOP ( 'NONE', ( #340, #3049 ) ) ;
#3510 = PLANE ( 'NONE',  #2695 ) ;
#3511 = CARTESIAN_POINT ( 'NONE',  ( 250.2438438631167230, -415.9879236400368541, -29.65089236409606599 ) ) ;
#3512 = EDGE_CURVE ( 'NONE', #3751, #1754, #1647, .T. ) ;
#3513 = CARTESIAN_POINT ( 'NONE',  ( 284.2638438631135500, -393.0051529810525608, -30.25778694175754779 ) ) ;
#3514 = VECTOR ( 'NONE', #1634, 1000.000000000000114 ) ;
#3515 = CARTESIAN_POINT ( 'NONE',  ( 254.7438438631130566, -394.5051529810570514, -10.89947748983351872 ) ) ;
#3516 = LINE ( 'NONE', #3905, #959 ) ;
#3517 = CARTESIAN_POINT ( 'NONE',  ( 248.2438438631167514, -393.7439804970530304, -29.55223462332841322 ) ) ;
#3518 = DIRECTION ( 'NONE',  ( 4.440892098500430524E-15, 0.000000000000000000, 1.000000000000000000 ) ) ;
#3519 = AXIS2_PLACEMENT_3D ( 'NONE', #1537, #1980, #4512 ) ;
#3520 = CARTESIAN_POINT ( 'NONE',  ( -8.326672684688669004E-14, -417.4551625365864993, -16.11395431864040262 ) ) ;
#3521 = DIRECTION ( 'NONE',  ( -4.100245375925645010E-15, -1.000000000000000000, -2.775557561562769940E-17 ) ) ;
#3522 = CIRCLE ( 'NONE', #3880, 1.600000000000066702 ) ;
#3523 = ORIENTED_EDGE ( 'NONE', *, *, #1679, .F. ) ;
#3524 = CARTESIAN_POINT ( 'NONE',  ( 284.2638438631131521, -417.4551529810578927, -29.36554362227036208 ) ) ;
#3525 = B_SPLINE_CURVE_WITH_KNOTS ( 'NONE', 2,
 ( #5413, #4939, #241, #1940, #1971, #717, #215, #1914, #4130, #2368, #3686, #2784, #5393, #2421, #664, #3602, #1155 ),
 .UNSPECIFIED., .F., .F.,
 ( 3, 2, 2, 2, 2, 2, 2, 2, 3 ),
 ( 0.000000000000000000, 0.1250000000000000000, 0.2500000000000000000, 0.3750000000000000000, 0.5000000000000000000, 0.6250000000000000000, 0.7500000000000000000, 0.8750000000000000000, 1.000000000000000000 ),
 .UNSPECIFIED. ) ;
#3526 = CARTESIAN_POINT ( 'NONE',  ( 250.2438438631168083, -393.6995291574424414, -29.57373196258560100 ) ) ;
#3527 = ORIENTED_EDGE ( 'NONE', *, *, #4994, .F. ) ;
#3528 = PRODUCT_DEFINITION ( 'UNKNOWN', '', #5269, #4111 ) ;
#3529 = ORIENTED_EDGE ( 'NONE', *, *, #151, .T. ) ;
#3530 = CARTESIAN_POINT ( 'NONE',  ( 275.7638438631135500, -417.4551625365864993, -16.11395431864330163 ) ) ;
#3531 = CARTESIAN_POINT ( 'NONE',  ( 272.2638438631130384, -412.8551529810525267, -28.81927046105155199 ) ) ;
#3532 = EDGE_LOOP ( 'NONE', ( #1094, #3824, #4307, #4818 ) ) ;
#3533 = CARTESIAN_POINT ( 'NONE',  ( 247.7438438631124882, -412.2051529810585180, -29.75778694176169026 ) ) ;
#3534 = CARTESIAN_POINT ( 'NONE',  ( 252.7427834001455551, -418.7868871089872300, -12.57872833488807096 ) ) ;
#3535 = EDGE_CURVE ( 'NONE', #1217, #1066, #3707, .T. ) ;
#3536 = CARTESIAN_POINT ( 'NONE',  ( 283.0638438631134477, -388.0451529810467832, 3.500000000000751843 ) ) ;
#3537 = ORIENTED_EDGE ( 'NONE', *, *, #2901, .F. ) ;
#3538 = EDGE_CURVE ( 'NONE', #2325, #5214, #1152, .T. ) ;
#3539 = VERTEX_POINT ( 'NONE', #4958 ) ;
#3540 = CARTESIAN_POINT ( 'NONE',  ( 259.5540946118520083, -407.5549061970760363, 3.500000000000440092 ) ) ;
#3541 = DIRECTION ( 'NONE',  ( 5.576766167467870875E-15, -2.775557561562769940E-17, 1.000000000000000000 ) ) ;
#3542 = DIRECTION ( 'NONE',  ( 5.390302858156090018E-15, -2.775557561562769940E-17, 1.000000000000000000 ) ) ;
#3543 = DIRECTION ( 'NONE',  ( -1.000000000000000000, -2.591739260015509782E-28, 0.000000000000000000 ) ) ;
#3544 = EDGE_CURVE ( 'NONE', #1126, #1825, #3280, .T. ) ;
#3545 = LINE ( 'NONE', #2835, #3462 ) ;
#3546 = CARTESIAN_POINT ( 'NONE',  ( 254.7438438631200484, -402.6051529810545162, -36.31927046105045065 ) ) ;
#3547 = CARTESIAN_POINT ( 'NONE',  ( 247.7438438631124313, -393.0051529810496618, -54.35368201230389928 ) ) ;
#3548 = CARTESIAN_POINT ( 'NONE',  ( 286.2638438631130384, -417.4551529810545389, 3.500000000000679901 ) ) ;
#3549 = CARTESIAN_POINT ( 'NONE',  ( 284.2638438631135500, -395.0051529810530155, -28.10372101890360241 ) ) ;
#3550 = ORIENTED_EDGE ( 'NONE', *, *, #3117, .T. ) ;
#3551 = FACE_BOUND ( 'NONE', #3509, .T. ) ;
#3552 = AXIS2_PLACEMENT_3D ( 'NONE', #2175, #2512, #3375 ) ;
#3553 = CARTESIAN_POINT ( 'NONE',  ( 250.2438438631167230, -393.0051529810500597, -29.75778694175870953 ) ) ;
#3554 = EDGE_LOOP ( 'NONE', ( #35, #4404, #1245, #650 ) ) ;
#3555 = ORIENTED_EDGE ( 'NONE', *, *, #1110, .T. ) ;
#3556 = VECTOR ( 'NONE', #5422, 1000.000000000000000 ) ;
#3557 = DIRECTION ( 'NONE',  ( 1.000000000000000000, 2.586970731059155141E-28, 0.000000000000000000 ) ) ;
#3558 = FACE_OUTER_BOUND ( 'NONE', #2005, .T. ) ;
#3559 = ORIENTED_EDGE ( 'NONE', *, *, #1917, .F. ) ;
#3560 = DIRECTION ( 'NONE',  ( 0.000000000000000000, 0.000000000000000000, 1.000000000000000000 ) ) ;
#3561 = CARTESIAN_POINT ( 'NONE',  ( 253.2644520373375485, -418.2008065692110677, -10.79771473091668454 ) ) ;
#3562 = VECTOR ( 'NONE', #1939, 1000.000000000000000 ) ;
#3563 = CARTESIAN_POINT ( 'NONE',  ( 247.7438188631123239, -387.1051529810490024, -20.81927046104893719 ) ) ;
#3564 = ORIENTED_EDGE ( 'NONE', *, *, #1477, .F. ) ;
#3565 = VECTOR ( 'NONE', #4787, 1000.000000000000000 ) ;
#3566 = EDGE_LOOP ( 'NONE', ( #3140, #1799, #407, #560 ) ) ;
#3567 = CARTESIAN_POINT ( 'NONE',  ( 272.2638438631130384, -412.8551529810525267, -28.01927046105150154 ) ) ;
#3568 = ADVANCED_FACE ( 'NONE', ( #2042 ), #714, .F. ) ;
#3569 = DIRECTION ( 'NONE',  ( -3.133999081005669970E-16, -3.411557347471295370E-16, 1.000000000000000000 ) ) ;
#3570 = EDGE_CURVE ( 'NONE', #2065, #3581, #3334, .T. ) ;
#3571 = AXIS2_PLACEMENT_3D ( 'NONE', #2756, #692, #642 ) ;
#3572 = DIRECTION ( 'NONE',  ( 1.000000000000000000, 2.586970731059155141E-28, 0.000000000000000000 ) ) ;
#3573 = DIRECTION ( 'NONE',  ( 0.5190850344801558602, 0.8547226023563055941, -1.057345091921066257E-16 ) ) ;
#3574 = CARTESIAN_POINT ( 'NONE',  ( 255.2438438631205315, -384.7551529810530155, -16.11395431864179884 ) ) ;
#3575 = CIRCLE ( 'NONE', #4187, 1.600000000000066702 ) ;
#3576 = FACE_OUTER_BOUND ( 'NONE', #2108, .T. ) ;
#3577 = CARTESIAN_POINT ( 'NONE',  ( 269.4535903945139808, -397.6554064496554588, 0.000000000000000000 ) ) ;
#3578 = EDGE_CURVE ( 'NONE', #1272, #5125, #785, .T. ) ;
#3579 = DIRECTION ( 'NONE',  ( -1.000000000000000000, 3.944304526105059027E-31, 5.375484819755821767E-15 ) ) ;
#3580 = AXIS2_PLACEMENT_3D ( 'NONE', #1880, #1430, #1824 ) ;
#3581 = VERTEX_POINT ( 'NONE', #2490 ) ;
#3582 = VERTEX_POINT ( 'NONE', #4201 ) ;
#3583 = CIRCLE ( 'NONE', #3216, 0.3599999999998049205 ) ;
#3584 = DIRECTION ( 'NONE',  ( -2.934562567422035131E-27, -2.775557561562769940E-17, 1.000000000000000000 ) ) ;
#3585 = VECTOR ( 'NONE', #2701, 1000.000000000000000 ) ;
#3586 = DIRECTION ( 'NONE',  ( -1.000000000000000000, -2.591739260015509782E-28, 0.000000000000000000 ) ) ;
#3587 = CIRCLE ( 'NONE', #358, 0.3599999999999159428 ) ;
#3588 = ORIENTED_EDGE ( 'NONE', *, *, #1784, .T. ) ;
#3589 = ORIENTED_EDGE ( 'NONE', *, *, #1114, .T. ) ;
#3590 = CARTESIAN_POINT ( 'NONE',  ( 256.7438438631130566, -412.8551529810555394, -28.01927046105095087 ) ) ;
#3591 = VERTEX_POINT ( 'NONE', #373 ) ;
#3592 = CARTESIAN_POINT ( 'NONE',  ( 248.2438438631129998, -392.3551529810529814, -8.319270461046821552 ) ) ;
#3593 = CARTESIAN_POINT ( 'NONE',  ( 253.2136626522176641, -418.2461990049490623, -10.95731773479761628 ) ) ;
#3594 = FACE_BOUND ( 'NONE', #2024, .T. ) ;
#3595 = VERTEX_POINT ( 'NONE', #2070 ) ;
#3596 = ORIENTED_EDGE ( 'NONE', *, *, #4465, .T. ) ;
#3597 = CARTESIAN_POINT ( 'NONE',  ( 255.2438438631205315, -387.7551529810539819, -5.387485081510539509 ) ) ;
#3598 = DIRECTION ( 'NONE',  ( 0.000000000000000000, 0.000000000000000000, 1.000000000000000000 ) ) ;
#3599 = EDGE_CURVE ( 'NONE', #3701, #1655, #1281, .T. ) ;
#3600 = CARTESIAN_POINT ( 'NONE',  ( 286.2638438631132090, -393.0051529810525608, -30.25778694175753714 ) ) ;
#3601 = CARTESIAN_POINT ( 'NONE',  ( 247.7438438631123176, -418.1051625365869882, -51.81927046105089829 ) ) ;
#3602 = CARTESIAN_POINT ( 'NONE',  ( 248.2438438631167514, -415.6203456454816774, -29.75778694176310069 ) ) ;
#3603 = EDGE_CURVE ( 'NONE', #3467, #4583, #7, .T. ) ;
#3604 = CARTESIAN_POINT ( 'NONE',  ( 247.7438438631126303, -412.2051529810555053, -1.114124268041505207E-12 ) ) ;
#3605 = VECTOR ( 'NONE', #2942, 1000.000000000000114 ) ;
#3606 = CARTESIAN_POINT ( 'NONE',  ( 250.2438438631168651, -392.3551529810529814, -7.319270461046560428 ) ) ;
#3607 = ADVANCED_FACE ( 'NONE', ( #4257 ), #4287, .F. ) ;
#3608 = CARTESIAN_POINT ( 'NONE',  ( 286.2638438631131521, -387.7551529810530155, -28.10372101890289187 ) ) ;
#3609 = EDGE_CURVE ( 'NONE', #181, #3866, #2499, .T. ) ;
#3610 = EDGE_LOOP ( 'NONE', ( #675, #155, #3974, #1167 ) ) ;
#3611 = CARTESIAN_POINT ( 'NONE',  ( 269.4535923768940506, -407.5549042146959664, 0.000000000000000000 ) ) ;
#3612 = VECTOR ( 'NONE', #1346, 1000.000000000000000 ) ;
#3613 = CARTESIAN_POINT ( 'NONE',  ( 283.0638438631135614, -390.0551529810557554, -17.35762632444579268 ) ) ;
#3614 = ORIENTED_EDGE ( 'NONE', *, *, #3958, .F. ) ;
#3615 = EDGE_CURVE ( 'NONE', #5477, #5359, #1330, .T. ) ;
#3616 = ORIENTED_EDGE ( 'NONE', *, *, #3912, .T. ) ;
#3617 = CARTESIAN_POINT ( 'NONE',  ( 247.7438438631125734, -393.5791547231015102, -29.67648740350094272 ) ) ;
#3618 = VERTEX_POINT ( 'NONE', #3475 ) ;
#3619 = DIRECTION ( 'NONE',  ( 0.7071067811860271002, 0.7071067811870679343, 6.016170931462799496E-16 ) ) ;
#3620 = AXIS2_PLACEMENT_3D ( 'NONE', #1070, #5218, #4407 ) ;
#3621 = DIRECTION ( 'NONE',  ( -5.390302858156097118E-15, -1.804112415015785109E-15, -1.000000000000000000 ) ) ;
#3622 = LINE ( 'NONE', #1065, #4188 ) ;
#3623 = VERTEX_POINT ( 'NONE', #5123 ) ;
#3624 = EDGE_LOOP ( 'NONE', ( #5079, #3529, #4976, #5158 ) ) ;
#3625 = CARTESIAN_POINT ( 'NONE',  ( 267.4937722032590273, -407.5283545061794825, 3.500000000000365041 ) ) ;
#3626 = DIRECTION ( 'NONE',  ( 0.000000000000000000, 2.775557561562769940E-17, -1.000000000000000000 ) ) ;
#3627 = CARTESIAN_POINT ( 'NONE',  ( 252.2438438631130566, -383.3915166174189721, -17.85761468113789974 ) ) ;
#3628 = CARTESIAN_POINT ( 'NONE',  ( 250.2438438631168651, -390.0551529810520606, -1.289670832692272976E-12 ) ) ;
#3629 = DIRECTION ( 'NONE',  ( 1.000000000000000000, 2.591739260015509782E-28, -5.390302858161300444E-15 ) ) ;
#3630 = CARTESIAN_POINT ( 'NONE',  ( 283.0638438631136182, -392.3551529810500256, -28.01927046104809094 ) ) ;
#3631 = CARTESIAN_POINT ( 'NONE',  ( 250.2438438631168651, -415.1551625365865448, -5.013131725768572799 ) ) ;
#3632 = ORIENTED_EDGE ( 'NONE', *, *, #4091, .F. ) ;
#3633 = ADVANCED_FACE ( 'NONE', ( #3840, #2160 ), #3809, .F. ) ;
#3634 = CARTESIAN_POINT ( 'NONE',  ( 247.7438438631125734, -392.3551529810545162, -28.01927046104704999 ) ) ;
#3635 = ADVANCED_FACE ( 'NONE', ( #2548 ), #2187, .F. ) ;
#3636 = CARTESIAN_POINT ( 'NONE',  ( 254.8946988258686872, -387.7350757574894828, -6.290482315935137514 ) ) ;
#3637 = ORIENTED_EDGE ( 'NONE', *, *, #4323, .F. ) ;
#3638 = ORIENTED_EDGE ( 'NONE', *, *, #4393, .T. ) ;
#3639 = CARTESIAN_POINT ( 'NONE',  ( 250.2438438631169220, -417.4551529810560169, 3.499999999999975131 ) ) ;
#3640 = VERTEX_POINT ( 'NONE', #3928 ) ;
#3641 = DIRECTION ( 'NONE',  ( 1.000000000000000000, 1.577721810442023611E-30, 6.323447269022148859E-15 ) ) ;
#3642 = LINE ( 'NONE', #1376, #3565 ) ;
#3643 = ADVANCED_FACE ( 'NONE', ( #842 ), #3507, .F. ) ;
#3644 = CARTESIAN_POINT ( 'NONE',  ( 283.0638438631135045, -395.8051529810475131, -4.957566461046057249 ) ) ;
#3645 = AXIS2_PLACEMENT_3D ( 'NONE', #229, #3217, #4925 ) ;
#3646 = ORIENTED_EDGE ( 'NONE', *, *, #4561, .F. ) ;
#3647 = VERTEX_POINT ( 'NONE', #4761 ) ;
#3648 = CARTESIAN_POINT ( 'NONE',  ( 284.2638438631135500, -412.2051529810540274, -30.25778694176115025 ) ) ;
#3649 = VECTOR ( 'NONE', #4330, 1000.000000000000000 ) ;
#3650 = CARTESIAN_POINT ( 'NONE',  ( 286.2638438631130953, -411.7445984855401093, -7.219026328250681246 ) ) ;
#3651 = AXIS2_PLACEMENT_3D ( 'NONE', #3630, #1894, #3177 ) ;
#3652 = CARTESIAN_POINT ( 'NONE',  ( 248.2438438631129998, -388.6339307808280523, -29.27266575548329897 ) ) ;
#3653 = FACE_OUTER_BOUND ( 'NONE', #4809, .T. ) ;
#3654 = DIRECTION ( 'NONE',  ( 1.112759796458889931E-29, 2.775557561562769940E-17, -1.000000000000000000 ) ) ;
#3655 = CARTESIAN_POINT ( 'NONE',  ( 250.2438438631168651, -410.7051529810520378, -1.510000000000175646 ) ) ;
#3656 = VECTOR ( 'NONE', #3734, 1000.000000000000000 ) ;
#3657 = DIRECTION ( 'NONE',  ( -1.000000000000000000, -2.591739260015509782E-28, 0.000000000000000000 ) ) ;
#3658 = ORIENTED_EDGE ( 'NONE', *, *, #44, .F. ) ;
#3659 = DIRECTION ( 'NONE',  ( 1.000000000000000000, 0.000000000000000000, -2.939277243926021358E-27 ) ) ;
#3660 = ORIENTED_EDGE ( 'NONE', *, *, #3679, .F. ) ;
#3661 = CARTESIAN_POINT ( 'NONE',  ( 254.7438438631125450, -415.2051529810570401, -51.33259787371959959 ) ) ;
#3662 = CIRCLE ( 'NONE', #3480, 1.600000000000070033 ) ;
#3663 = AXIS2_PLACEMENT_3D ( 'NONE', #1887, #2284, #5334 ) ;
#3664 = EDGE_CURVE ( 'NONE', #1649, #3915, #1513, .T. ) ;
#3665 = ORIENTED_EDGE ( 'NONE', *, *, #1922, .F. ) ;
#3666 = ORIENTED_EDGE ( 'NONE', *, *, #4893, .T. ) ;
#3667 = CIRCLE ( 'NONE', #798, 5.000000000000220268 ) ;
#3668 = PLANE ( 'NONE',  #3103 ) ;
#3669 = ADVANCED_FACE ( 'NONE', ( #1796 ), #1378, .F. ) ;
#3670 = ORIENTED_EDGE ( 'NONE', *, *, #2019, .F. ) ;
#3671 = DIRECTION ( 'NONE',  ( 2.579306089885889673E-28, 1.000000000000000000, -8.590815025641229803E-42 ) ) ;
#3672 = DIRECTION ( 'NONE',  ( 5.551115123125538155E-15, -4.440892098500430524E-15, 1.000000000000000000 ) ) ;
#3673 = CIRCLE ( 'NONE', #1246, 0.8000000000000367928 ) ;
#3674 = AXIS2_PLACEMENT_3D ( 'NONE', #322, #3736, #4601 ) ;
#3675 = LINE ( 'NONE', #4092, #5371 ) ;
#3676 = ORIENTED_EDGE ( 'NONE', *, *, #5208, .F. ) ;
#3677 = VERTEX_POINT ( 'NONE', #1316 ) ;
#3678 = CARTESIAN_POINT ( 'NONE',  ( 284.2638438631135500, -410.2051529810540274, -28.10372101890750329 ) ) ;
#3679 = EDGE_CURVE ( 'NONE', #2451, #2162, #2102, .T. ) ;
#3680 = EDGE_CURVE ( 'NONE', #1454, #882, #5243, .T. ) ;
#3681 = CARTESIAN_POINT ( 'NONE',  ( 259.5540926294750648, -397.6554084320359834, 3.500000000000424993 ) ) ;
#3682 = DIRECTION ( 'NONE',  ( 1.000000000000000000, 0.000000000000000000, 0.000000000000000000 ) ) ;
#3683 = FACE_OUTER_BOUND ( 'NONE', #3058, .T. ) ;
#3684 = EDGE_LOOP ( 'NONE', ( #1297, #3588 ) ) ;
#3685 = DIRECTION ( 'NONE',  ( 1.000000000000000000, 2.563797941968289713E-28, -2.939295732853489987E-27 ) ) ;
#3686 = CARTESIAN_POINT ( 'NONE',  ( 248.2438438631167514, -416.3591184678519994, -29.42289468489239823 ) ) ;
#3687 = ADVANCED_FACE ( 'NONE', ( #4931 ), #1010, .F. ) ;
#3688 = CARTESIAN_POINT ( 'NONE',  ( 250.2438438631168083, -416.8651529810529155, -5.896050661801023378E-13 ) ) ;
#3689 = CYLINDRICAL_SURFACE ( 'NONE', #2668, 0.8000000000000506706 ) ;
#3690 = CARTESIAN_POINT ( 'NONE',  ( 257.3959794868445101, -381.3551529810540046, 3.500000000000504929 ) ) ;
#3691 = VERTEX_POINT ( 'NONE', #3193 ) ;
#3692 = ORIENTED_EDGE ( 'NONE', *, *, #4588, .F. ) ;
#3693 = AXIS2_PLACEMENT_3D ( 'NONE', #652, #2356, #4557 ) ;
#3694 = CARTESIAN_POINT ( 'NONE',  ( 259.5540926294750648, -397.6554084320370066, 2.081668171172170091E-14 ) ) ;
#3695 = AXIS2_PLACEMENT_3D ( 'NONE', #3836, #1, #2156 ) ;
#3696 = VERTEX_POINT ( 'NONE', #3644 ) ;
#3697 = DIRECTION ( 'NONE',  ( 1.000000000000000000, 2.591839481958564728E-28, 0.000000000000000000 ) ) ;
#3698 = CARTESIAN_POINT ( 'NONE',  ( 254.7185492829659950, -417.5014996677927570, -6.748269682880030373 ) ) ;
#3699 = CARTESIAN_POINT ( 'NONE',  ( 252.2438438631200484, -388.2869711628699747, -56.81291995111190118 ) ) ;
#3700 = ORIENTED_EDGE ( 'NONE', *, *, #289, .T. ) ;
#3701 = VERTEX_POINT ( 'NONE', #4014 ) ;
#3702 = AXIS2_PLACEMENT_3D ( 'NONE', #1014, #5277, #1408 ) ;
#3703 = FACE_OUTER_BOUND ( 'NONE', #1087, .T. ) ;
#3704 = CARTESIAN_POINT ( 'NONE',  ( 248.2438438631167514, -394.2945708177143729, -29.00789016849899582 ) ) ;
#3705 = EDGE_CURVE ( 'NONE', #3623, #1423, #2693, .T. ) ;
#3706 = EDGE_CURVE ( 'NONE', #5044, #2120, #3959, .T. ) ;
#3707 = LINE ( 'NONE', #4149, #795 ) ;
#3708 = VERTEX_POINT ( 'NONE', #205 ) ;
#3709 = DIRECTION ( 'NONE',  ( -1.000000000000000000, 4.100245375925650532E-15, 5.390302858162440348E-15 ) ) ;
#3710 = DIRECTION ( 'NONE',  ( 1.000000000000000000, 2.571686551020499831E-28, 5.390302858155430530E-15 ) ) ;
#3711 = CARTESIAN_POINT ( 'NONE',  ( 252.2438438631130566, -421.4551529810640318, -17.38748508152345096 ) ) ;
#3712 = CARTESIAN_POINT ( 'NONE',  ( 283.0638438631135614, -415.1551625365867721, -17.35762632444451725 ) ) ;
#3713 = EDGE_CURVE ( 'NONE', #440, #3215, #3212, .T. ) ;
#3714 = CARTESIAN_POINT ( 'NONE',  ( 252.2438438631130566, -418.1051625365879545, -19.21927046104913117 ) ) ;
#3715 = ORIENTED_EDGE ( 'NONE', *, *, #3903, .T. ) ;
#3716 = CIRCLE ( 'NONE', #2461, 1.600000000000070033 ) ;
#3717 = ORIENTED_EDGE ( 'NONE', *, *, #3264, .F. ) ;
#3718 = LINE ( 'NONE', #4086, #3556 ) ;
#3719 = ORIENTED_EDGE ( 'NONE', *, *, #5248, .T. ) ;
#3720 = LINE ( 'NONE', #1168, #216 ) ;
#3721 = CARTESIAN_POINT ( 'NONE',  ( 253.9981873082064965, -417.7256132379553719, -8.667420042182634177 ) ) ;
#3722 = DIRECTION ( 'NONE',  ( 2.939295732853489987E-27, -2.775557561562769940E-17, 1.000000000000000000 ) ) ;
#3723 = VERTEX_POINT ( 'NONE', #1512 ) ;
#3724 = ORIENTED_EDGE ( 'NONE', *, *, #5073, .F. ) ;
#3725 = CARTESIAN_POINT ( 'NONE',  ( 250.2438438631168651, -412.8551529810540046, -6.319270461050168208 ) ) ;
#3726 = CARTESIAN_POINT ( 'NONE',  ( 250.2438438631167230, -412.1018985521510558, -29.75778694176251804 ) ) ;
#3727 = AXIS2_PLACEMENT_3D ( 'NONE', #3611, #3211, #1898 ) ;
#3728 = SURFACE_STYLE_USAGE ( .BOTH. , #1966 ) ;
#3729 = VERTEX_POINT ( 'NONE', #3986 ) ;
#3730 = EDGE_CURVE ( 'NONE', #973, #119, #3481, .T. ) ;
#3731 = FACE_OUTER_BOUND ( 'NONE', #2775, .T. ) ;
#3732 = CARTESIAN_POINT ( 'NONE',  ( 283.0638438631135614, -393.4657074765825655, -16.94911424917584242 ) ) ;
#3733 = ADVANCED_FACE ( 'NONE', ( #5329 ), #3224, .F. ) ;
#3734 = DIRECTION ( 'NONE',  ( -1.000000000000000000, 4.100245375925650532E-15, 5.390302858162440348E-15 ) ) ;
#3735 = VECTOR ( 'NONE', #5525, 1000.000000000000000 ) ;
#3736 = DIRECTION ( 'NONE',  ( 3.242653474416212924E-26, -2.347880546742574137E-39, 1.000000000000000000 ) ) ;
#3737 = DIRECTION ( 'NONE',  ( -6.661338147750646575E-15, 0.000000000000000000, -1.000000000000000000 ) ) ;
#3738 = AXIS2_PLACEMENT_3D ( 'NONE', #3434, #914, #582 ) ;
#3739 = ADVANCED_FACE ( 'NONE', ( #3168 ), #1402, .F. ) ;
#3740 = EDGE_LOOP ( 'NONE', ( #5133, #1984, #2354, #3184 ) ) ;
#3741 = VECTOR ( 'NONE', #4549, 1000.000000000000000 ) ;
#3742 = ORIENTED_EDGE ( 'NONE', *, *, #1685, .F. ) ;
#3743 = LINE ( 'NONE', #2509, #2487 ) ;
#3744 = VERTEX_POINT ( 'NONE', #598 ) ;
#3745 = VECTOR ( 'NONE', #2369, 1000.000000000000000 ) ;
#3746 = CARTESIAN_POINT ( 'NONE',  ( 250.2438438631168651, -392.3551529810529814, -8.319270461046832210 ) ) ;
#3747 = CARTESIAN_POINT ( 'NONE',  ( 254.3659450508104953, -417.5851446898616359, -7.675155264914435449 ) ) ;
#3748 = CARTESIAN_POINT ( 'NONE',  ( 283.0638438631134477, -409.7022671611415490, -5.216055450602940624 ) ) ;
#3749 = VECTOR ( 'NONE', #4306, 1000.000000000000114 ) ;
#3750 = ORIENTED_EDGE ( 'NONE', *, *, #1196, .T. ) ;
#3751 = VERTEX_POINT ( 'NONE', #3536 ) ;
#3752 = CARTESIAN_POINT ( 'NONE',  ( 259.8883402280080190, -399.8020989529479721, 1.387778780781445991E-14 ) ) ;
#3753 = CARTESIAN_POINT ( 'NONE',  ( 250.2438438631167230, -415.4551529810549937, -29.75778694176311134 ) ) ;
#3754 = CARTESIAN_POINT ( 'NONE',  ( 252.2438438631125450, -391.9337244096234940, -49.03463959627010382 ) ) ;
#3755 =( BOUNDED_SURFACE ( )  B_SPLINE_SURFACE ( 3, 1, ( 
 ( #528, #3911 ),
 ( #881, #1779 ),
 ( #3123, #2231 ),
 ( #4803, #3972 ) ),
 .UNSPECIFIED., .F., .F., .F. ) 
 B_SPLINE_SURFACE_WITH_KNOTS ( ( 4, 4 ),
 ( 2, 2 ),
 ( 0.000000000000000000, 1.000000000000000000 ),
 ( 0.000000000000000000, 1.000000000000000000 ),
 .UNSPECIFIED. ) 
 GEOMETRIC_REPRESENTATION_ITEM ( )  RATIONAL_B_SPLINE_SURFACE ( (
 ( 1.000000000000000000, 1.000000000000000000),
 ( 0.8047378541243719319, 0.8047378541243719319),
 ( 0.8047378541243719319, 0.8047378541243719319),
 ( 1.000000000000000000, 1.000000000000000000) ) ) 
 REPRESENTATION_ITEM ( '' )  SURFACE ( )  );
#3756 = VECTOR ( 'NONE', #1234, 1000.000000000000000 ) ;
#3757 = VECTOR ( 'NONE', #5404, 1000.000000000000000 ) ;
#3758 = DIRECTION ( 'NONE',  ( 0.000000000000000000, 0.000000000000000000, 1.000000000000000000 ) ) ;
#3759 = EDGE_LOOP ( 'NONE', ( #3983, #478, #3772, #2436, #3786, #2095, #938, #5150, #3432, #2549, #2457, #3379, #3719, #5063, #1165, #3415, #5405, #4695, #1139, #3805, #2435, #4482 ) ) ;
#3760 = ORIENTED_EDGE ( 'NONE', *, *, #3180, .T. ) ;
#3761 = CARTESIAN_POINT ( 'NONE',  ( 244.7438438631129998, -394.5051529810580178, -28.32229449177864922 ) ) ;
#3762 = DIRECTION ( 'NONE',  ( 0.7071067811860271002, 0.7071067811870679343, 6.016170931462799496E-16 ) ) ;
#3763 = DIRECTION ( 'NONE',  ( -1.000000000000000000, 4.100245375925650532E-15, 5.390302858161300444E-15 ) ) ;
#3764 = CARTESIAN_POINT ( 'NONE',  ( 283.0638438631134477, -387.7551529810519924, -3.941032595217851320 ) ) ;
#3765 = CARTESIAN_POINT ( 'NONE',  ( 254.1235734816455363, -387.5397709809246294, -8.324830611512071599 ) ) ;
#3766 = AXIS2_PLACEMENT_3D ( 'NONE', #4592, #1149, #2858 ) ;
#3767 = ORIENTED_EDGE ( 'NONE', *, *, #3151, .F. ) ;
#3768 = EDGE_CURVE ( 'NONE', #2895, #4722, #4286, .T. ) ;
#3769 = EDGE_CURVE ( 'NONE', #3770, #1059, #2303, .T. ) ;
#3770 = VERTEX_POINT ( 'NONE', #4817 ) ;
#3771 = CARTESIAN_POINT ( 'NONE',  ( 252.2438438631125450, -387.1051529810540046, -53.41927046105186605 ) ) ;
#3772 = ORIENTED_EDGE ( 'NONE', *, *, #4930, .F. ) ;
#3773 = DIRECTION ( 'NONE',  ( 1.000000000000000000, 2.591839481958564728E-28, 0.000000000000000000 ) ) ;
#3774 = LINE ( 'NONE', #443, #707 ) ;
#3775 = ADVANCED_FACE ( 'NONE', ( #3594, #546, #2246, #1037, #126, #4402, #1907, #1848, #572 ), #4846, .T. ) ;
#3776 = DIRECTION ( 'NONE',  ( 1.000000000000000000, 2.553512956637858023E-13, 0.000000000000000000 ) ) ;
#3777 = VERTEX_POINT ( 'NONE', #2332 ) ;
#3778 = EDGE_LOOP ( 'NONE', ( #4223, #1640, #4266, #3523, #1617, #3411, #4068, #458, #5235, #2249, #5499, #1180, #2299, #2390, #2534, #3658, #984, #439, #2404, #2357 ) ) ;
#3779 = CARTESIAN_POINT ( 'NONE',  ( 275.7638438631130384, -390.0551529810550164, -0.1847046010210880163 ) ) ;
#3780 = CARTESIAN_POINT ( 'NONE',  ( 281.0638438631132203, -417.4551529810572674, -29.36554362227085946 ) ) ;
#3781 = ORIENTED_EDGE ( 'NONE', *, *, #1029, .F. ) ;
#3782 = FACE_OUTER_BOUND ( 'NONE', #3250, .T. ) ;
#3783 = VECTOR ( 'NONE', #5000, 1000.000000000000000 ) ;
#3784 = AXIS2_PLACEMENT_3D ( 'NONE', #4261, #4320, #5127 ) ;
#3785 = ORIENTED_EDGE ( 'NONE', *, *, #1710, .T. ) ;
#3786 = ORIENTED_EDGE ( 'NONE', *, *, #4240, .T. ) ;
#3787 = DIRECTION ( 'NONE',  ( 0.5190850344801558602, 0.8547226023563055941, -1.057345091921066257E-16 ) ) ;
#3788 = CYLINDRICAL_SURFACE ( 'NONE', #1511, 10.00000000000000888 ) ;
#3789 = FACE_OUTER_BOUND ( 'NONE', #1480, .T. ) ;
#3790 = CARTESIAN_POINT ( 'NONE',  ( 284.2638438631131521, -387.7551529810530155, -28.10372101890290253 ) ) ;
#3791 = CARTESIAN_POINT ( 'NONE',  ( 253.7384434518303920, -387.3501862221989995, -9.391838068039520593 ) ) ;
#3792 = VERTEX_POINT ( 'NONE', #4043 ) ;
#3793 = ORIENTED_EDGE ( 'NONE', *, *, #3903, .F. ) ;
#3794 = EDGE_CURVE ( 'NONE', #3027, #5265, #3622, .T. ) ;
#3795 = CARTESIAN_POINT ( 'NONE',  ( 286.2638438631130953, -393.4657074765748916, -7.219026328250681246 ) ) ;
#3796 = EDGE_LOOP ( 'NONE', ( #3564, #2243, #772, #3269 ) ) ;
#3797 = CARTESIAN_POINT ( 'NONE',  ( 250.2438438631167230, -415.6203456454816774, -29.75778694176311134 ) ) ;
#3798 = EDGE_CURVE ( 'NONE', #2065, #5305, #5367, .T. ) ;
#3799 = CYLINDRICAL_SURFACE ( 'NONE', #615, 10.00000000000017941 ) ;
#3800 = DIRECTION ( 'NONE',  ( 5.375484819755821767E-15, -2.775557561562770249E-17, 1.000000000000000000 ) ) ;
#3801 = ORIENTED_EDGE ( 'NONE', *, *, #644, .T. ) ;
#3802 = ORIENTED_EDGE ( 'NONE', *, *, #2118, .T. ) ;
#3803 = CARTESIAN_POINT ( 'NONE',  ( 237.2822726928050088, 5.939693181744590722E-12, -30.25778694168129945 ) ) ;
#3804 = CARTESIAN_POINT ( 'NONE',  ( 284.2638438631135500, -417.4551529810574948, -28.10372101890855134 ) ) ;
#3805 = ORIENTED_EDGE ( 'NONE', *, *, #3914, .T. ) ;
#3806 = PLANE ( 'NONE',  #5311 ) ;
#3807 = EDGE_CURVE ( 'NONE', #3239, #3275, #1639, .T. ) ;
#3808 = DIRECTION ( 'NONE',  ( 1.000000000000000000, -6.938893903907991995E-14, 0.000000000000000000 ) ) ;
#3809 = PLANE ( 'NONE',  #5174 ) ;
#3810 = VERTEX_POINT ( 'NONE', #3699 ) ;
#3811 = VERTEX_POINT ( 'NONE', #3349 ) ;
#3812 = CARTESIAN_POINT ( 'NONE',  ( 284.2638438631135500, -389.7551529810519924, -30.25778694175679817 ) ) ;
#3813 = CARTESIAN_POINT ( 'NONE',  ( 252.2438438631130566, -387.1051529810545162, -20.81927046104940260 ) ) ;
#3814 = B_SPLINE_SURFACE_WITH_KNOTS ( 'NONE', 3, 1, ( 
 ( #187, #3993 ),
 ( #1466, #3145 ),
 ( #5250, #2782 ),
 ( #3652, #4494 ),
 ( #661, #5363 ),
 ( #1101, #4824 ),
 ( #2809, #4519 ) ),
 .UNSPECIFIED., .F., .F., .F.,
 ( 4, 1, 1, 1, 4 ),
 ( 2, 2 ),
 ( 1.488780273473473859, 1.901983368502504934, 2.315186463531535122, 2.728389558560570194, 3.141592653589600381 ),
 ( 0.000000000000000000, 1.000000000000000000 ),
 .UNSPECIFIED. ) ;
#3815 = DIRECTION ( 'NONE',  ( 1.000000000000000000, 2.586970731059155141E-28, 0.000000000000000000 ) ) ;
#3816 = AXIS2_PLACEMENT_3D ( 'NONE', #1868, #4779, #2650 ) ;
#3817 = FACE_OUTER_BOUND ( 'NONE', #4610, .T. ) ;
#3818 = CARTESIAN_POINT ( 'NONE',  ( 250.2438438631167230, 5.817127153036230096E-12, -29.75778694168190697 ) ) ;
#3819 = ORIENTED_EDGE ( 'NONE', *, *, #1710, .F. ) ;
#3820 = VECTOR ( 'NONE', #1747, 1000.000000000000000 ) ;
#3821 = PRODUCT_DEFINITION_SHAPE ( 'NONE', 'NONE',  #3528 ) ;
#3822 = AXIS2_PLACEMENT_3D ( 'NONE', #3022, #923, #424 ) ;
#3823 = ORIENTED_EDGE ( 'NONE', *, *, #1194, .F. ) ;
#3824 = ORIENTED_EDGE ( 'NONE', *, *, #4, .T. ) ;
#3825 = CARTESIAN_POINT ( 'NONE',  ( 259.5540946118520083, -407.5549061970760363, 3.500000000000440092 ) ) ;
#3826 = CYLINDRICAL_SURFACE ( 'NONE', #3738, 0.2999999999997379763 ) ;
#3827 = VECTOR ( 'NONE', #3542, 1000.000000000000000 ) ;
#3828 = EDGE_CURVE ( 'NONE', #4819, #899, #1340, .T. ) ;
#3829 = FACE_OUTER_BOUND ( 'NONE', #3307, .T. ) ;
#3830 = EDGE_LOOP ( 'NONE', ( #300, #3801 ) ) ;
#3831 = EDGE_CURVE ( 'NONE', #5429, #4170, #5533, .T. ) ;
#3832 = VERTEX_POINT ( 'NONE', #3748 ) ;
#3833 = CYLINDRICAL_SURFACE ( 'NONE', #4302, 1.600000000000066702 ) ;
#3834 = CARTESIAN_POINT ( 'NONE',  ( 250.2438438631167799, -392.3551529810484908, -28.01927046104776053 ) ) ;
#3835 = ORIENTED_EDGE ( 'NONE', *, *, #4554, .F. ) ;
#3836 = CARTESIAN_POINT ( 'NONE',  ( 247.7438438631126019, -412.8551529810540046, -7.319270461050429333 ) ) ;
#3837 = DIRECTION ( 'NONE',  ( 0.000000000000000000, 7.494005416219462528E-12, -1.000000000000000000 ) ) ;
#3838 = EDGE_CURVE ( 'NONE', #1624, #1345, #271, .T. ) ;
#3839 = AXIS2_PLACEMENT_3D ( 'NONE', #158, #3572, #4906 ) ;
#3840 = FACE_BOUND ( 'NONE', #3778, .T. ) ;
#3841 = ORIENTED_EDGE ( 'NONE', *, *, #2510, .T. ) ;
#3842 = EDGE_CURVE ( 'NONE', #4157, #5477, #1586, .T. ) ;
#3843 = ORIENTED_EDGE ( 'NONE', *, *, #5108, .T. ) ;
#3844 = CARTESIAN_POINT ( 'NONE',  ( 275.7638438631135500, -390.0551529810535385, -21.11395431864299965 ) ) ;
#3845 = VECTOR ( 'NONE', #2323, 1000.000000000000000 ) ;
#3846 = DIRECTION ( 'NONE',  ( 1.000000000000000000, 1.577721810442023611E-30, 6.323447269022148859E-15 ) ) ;
#3847 = DIRECTION ( 'NONE',  ( -2.588550553618949751E-28, -1.000000000000000000, -2.775557561562769940E-17 ) ) ;
#3848 = VECTOR ( 'NONE', #4280, 1000.000000000000000 ) ;
#3849 = DIRECTION ( 'NONE',  ( 5.375484819755821767E-15, -1.124278367837918919E-13, 1.000000000000000000 ) ) ;
#3850 = AXIS2_PLACEMENT_3D ( 'NONE', #1918, #4414, #3659 ) ;
#3851 = EDGE_CURVE ( 'NONE', #4619, #3291, #2456, .T. ) ;
#3852 = LINE ( 'NONE', #2138, #1496 ) ;
#3853 = VERTEX_POINT ( 'NONE', #2004 ) ;
#3854 = DIRECTION ( 'NONE',  ( -1.925455275398138912E-28, -1.000000000000000000, -3.574581708072458575E-14 ) ) ;
#3855 = CARTESIAN_POINT ( 'NONE',  ( 264.5038438631130475, -402.6051529810565626, 1.387778780781445991E-14 ) ) ;
#3856 = VERTEX_POINT ( 'NONE', #4537 ) ;
#3857 = ORIENTED_EDGE ( 'NONE', *, *, #4359, .T. ) ;
#3858 = DIRECTION ( 'NONE',  ( -1.000000000000000000, 4.100245375925650532E-15, 5.390302858162440348E-15 ) ) ;
#3859 = CARTESIAN_POINT ( 'NONE',  ( 248.2438438631166946, -411.6062287069289027, -29.61989270892661352 ) ) ;
#3860 = CARTESIAN_POINT ( 'NONE',  ( 250.2438438631167799, -394.4697148577460553, -28.46262138917853690 ) ) ;
#3861 = VERTEX_POINT ( 'NONE', #4163 ) ;
#3862 = VERTEX_POINT ( 'NONE', #5456 ) ;
#3863 = CIRCLE ( 'NONE', #1621, 5.399998675015249106 ) ;
#3864 = CYLINDRICAL_SURFACE ( 'NONE', #274, 10.00000000000000888 ) ;
#3865 = DIRECTION ( 'NONE',  ( -5.352673746234446611E-26, -3.148913305105934743E-13, -1.000000000000000000 ) ) ;
#3866 = VERTEX_POINT ( 'NONE', #1145 ) ;
#3867 = CARTESIAN_POINT ( 'NONE',  ( 283.0638438631135614, -417.4551529810572674, -29.36554362227177961 ) ) ;
#3868 = CARTESIAN_POINT ( 'NONE',  ( 275.7638438631135500, -417.4551625365864993, -16.11395431864330163 ) ) ;
#3869 = DIRECTION ( 'NONE',  ( 5.551115123125731426E-15, 0.000000000000000000, -1.000000000000000000 ) ) ;
#3870 = ORIENTED_EDGE ( 'NONE', *, *, #2533, .T. ) ;
#3871 = ORIENTED_EDGE ( 'NONE', *, *, #1301, .F. ) ;
#3872 = FACE_OUTER_BOUND ( 'NONE', #3125, .T. ) ;
#3873 = EDGE_CURVE ( 'NONE', #2385, #2903, #3675, .T. ) ;
#3874 = DIRECTION ( 'NONE',  ( 1.000000000000000000, -3.944304526105059027E-31, -5.375484819755821767E-15 ) ) ;
#3875 = AXIS2_PLACEMENT_3D ( 'NONE', #3356, #5091, #61 ) ;
#3876 = CARTESIAN_POINT ( 'NONE',  ( 286.2638438631130384, -392.3551529810545162, -2.769270461046075216 ) ) ;
#3877 = EDGE_CURVE ( 'NONE', #2060, #5506, #3126, .T. ) ;
#3878 = CARTESIAN_POINT ( 'NONE',  ( 283.0638438631135614, -390.0551529810538227, -17.35762632444579268 ) ) ;
#3879 = CARTESIAN_POINT ( 'NONE',  ( 253.2840653849666808, -387.0265575855698330, -10.73659975634939912 ) ) ;
#3880 = AXIS2_PLACEMENT_3D ( 'NONE', #3813, #872, #1294 ) ;
#3881 = ORIENTED_EDGE ( 'NONE', *, *, #2539, .F. ) ;
#3882 = EDGE_CURVE ( 'NONE', #5106, #3539, #1195, .T. ) ;
#3883 = CARTESIAN_POINT ( 'NONE',  ( 248.2438438631129998, -412.0136670075229404, -29.75778694176169736 ) ) ;
#3884 = DIRECTION ( 'NONE',  ( -2.934562567422035131E-27, -2.775557561562769940E-17, 1.000000000000000000 ) ) ;
#3885 = ORIENTED_EDGE ( 'NONE', *, *, #2159, .T. ) ;
#3886 = FACE_OUTER_BOUND ( 'NONE', #2712, .T. ) ;
#3887 = CARTESIAN_POINT ( 'NONE',  ( 315.6388496296644917, -422.1386240574175304, -51.92194676061159697 ) ) ;
#3888 = PLANE ( 'NONE',  #1335 ) ;
#3889 = ORIENTED_EDGE ( 'NONE', *, *, #1380, .F. ) ;
#3890 = ORIENTED_EDGE ( 'NONE', *, *, #2268, .T. ) ;
#3891 = DIRECTION ( 'NONE',  ( 2.588550553618949751E-28, 1.000000000000000000, 0.000000000000000000 ) ) ;
#3892 = FACE_OUTER_BOUND ( 'NONE', #1691, .T. ) ;
#3893 = ORIENTED_EDGE ( 'NONE', *, *, #4082, .F. ) ;
#3894 = DIRECTION ( 'NONE',  ( 4.100245375925645010E-15, 1.000000000000000000, 2.775557561562769940E-17 ) ) ;
#3895 = LINE ( 'NONE', #2990, #2844 ) ;
#3896 = CARTESIAN_POINT ( 'NONE',  ( 248.2438438631166946, -411.6062287069289027, -29.61989270892661352 ) ) ;
#3897 = ORIENTED_EDGE ( 'NONE', *, *, #2878, .T. ) ;
#3898 = ORIENTED_EDGE ( 'NONE', *, *, #5382, .T. ) ;
#3899 = CARTESIAN_POINT ( 'NONE',  ( 247.7438438631127724, -387.7551529810480133, 3.500000000001049827 ) ) ;
#3900 = DIRECTION ( 'NONE',  ( -2.465190328815550138E-30, 2.775557561562769940E-17, -1.000000000000000000 ) ) ;
#3901 = CARTESIAN_POINT ( 'NONE',  ( 283.0638438631134477, -417.4551529810557327, -3.941032595218798562 ) ) ;
#3902 =( BOUNDED_CURVE ( )  B_SPLINE_CURVE ( 3, ( #3648, #4096, #4956, #3678 ),
 .UNSPECIFIED., .F., .T. ) 
 B_SPLINE_CURVE_WITH_KNOTS ( ( 4, 4 ),
 ( 3.141592653589960094, 4.712388980384580428 ),
 .UNSPECIFIED. ) 
 CURVE ( )  GEOMETRIC_REPRESENTATION_ITEM ( )  RATIONAL_B_SPLINE_CURVE ( ( 1.000000000000000000, 0.8047378541244299965, 0.8047378541244299965, 1.000000000000000000 ) ) 
 REPRESENTATION_ITEM ( '' )  );
#3903 = EDGE_CURVE ( 'NONE', #1023, #1926, #1539, .T. ) ;
#3904 = LINE ( 'NONE', #2168, #897 ) ;
#3905 = CARTESIAN_POINT ( 'NONE',  ( 272.2638438631130384, -392.3551529810545162, -2.769270461046591691 ) ) ;
#3906 = DIRECTION ( 'NONE',  ( 1.000000000000000000, -1.734723475976697285E-13, 0.000000000000000000 ) ) ;
#3907 = EDGE_CURVE ( 'NONE', #1499, #5390, #4975, .T. ) ;
#3908 = DIRECTION ( 'NONE',  ( 1.671858429800570048E-15, -1.043099567823268107E-15, 1.000000000000000000 ) ) ;
#3909 = ORIENTED_EDGE ( 'NONE', *, *, #3873, .F. ) ;
#3910 = CARTESIAN_POINT ( 'NONE',  ( 250.2438438631169220, -1.251103597831172418E-13, 3.500000000014896973 ) ) ;
#3911 = CARTESIAN_POINT ( 'NONE',  ( 284.2638438631135500, -395.0051529810530155, -28.10372101890395413 ) ) ;
#3912 = EDGE_CURVE ( 'NONE', #4539, #3408, #2141, .T. ) ;
#3913 = VECTOR ( 'NONE', #4854, 1000.000000000000000 ) ;
#3914 = EDGE_CURVE ( 'NONE', #1815, #2239, #2827, .T. ) ;
#3915 = VERTEX_POINT ( 'NONE', #5482 ) ;
#3916 = DIRECTION ( 'NONE',  ( -2.588550553618949751E-28, -1.000000000000000000, 0.000000000000000000 ) ) ;
#3917 = VECTOR ( 'NONE', #92, 1000.000000000000000 ) ;
#3918 = CYLINDRICAL_SURFACE ( 'NONE', #2587, 0.8000000000000381251 ) ;
#3919 = VERTEX_POINT ( 'NONE', #1983 ) ;
#3920 = EDGE_CURVE ( 'NONE', #259, #3156, #3583, .T. ) ;
#3921 = ORIENTED_EDGE ( 'NONE', *, *, #4151, .T. ) ;
#3922 = DIRECTION ( 'NONE',  ( 0.000000000000000000, 2.775557561562769940E-17, -1.000000000000000000 ) ) ;
#3923 = CARTESIAN_POINT ( 'NONE',  ( 283.0638438631134477, -411.5458297096932370, -6.819952713995029114 ) ) ;
#3924 = ORIENTED_EDGE ( 'NONE', *, *, #2709, .T. ) ;
#3925 = CARTESIAN_POINT ( 'NONE',  ( 274.2638438631130384, -393.9657074765769948, -7.219026328250659930 ) ) ;
#3926 = CARTESIAN_POINT ( 'NONE',  ( 286.2638438631132090, -389.7551529810519924, -30.25778694175678751 ) ) ;
#3927 = AXIS2_PLACEMENT_3D ( 'NONE', #4705, #1322, #1384 ) ;
#3928 = CARTESIAN_POINT ( 'NONE',  ( 269.1193436818734881, -405.4082132931445130, 3.500000000001159961 ) ) ;
#3929 = ORIENTED_EDGE ( 'NONE', *, *, #4942, .F. ) ;
#3930 = ORIENTED_EDGE ( 'NONE', *, *, #5510, .F. ) ;
#3931 = FACE_OUTER_BOUND ( 'NONE', #4744, .T. ) ;
#3932 = CARTESIAN_POINT ( 'NONE',  ( 250.2438438631167799, -416.4501943145239125, -29.36182328082686865 ) ) ;
#3933 = CIRCLE ( 'NONE', #4633, 1.600000000000066702 ) ;
#3934 =( GEOMETRIC_REPRESENTATION_CONTEXT ( 3 ) GLOBAL_UNCERTAINTY_ASSIGNED_CONTEXT ( ( #1533 ) ) GLOBAL_UNIT_ASSIGNED_CONTEXT ( ( #4169, #2012, #5062 ) ) REPRESENTATION_CONTEXT ( 'NONE', 'WORKASPACE' ) );
#3935 = DIRECTION ( 'NONE',  ( -1.000000000000000000, -2.603240987229334922E-28, -4.903502001796260478E-15 ) ) ;
#3936 = DIRECTION ( 'NONE',  ( 0.000000000000000000, 2.775557561562769940E-17, -1.000000000000000000 ) ) ;
#3937 = CARTESIAN_POINT ( 'NONE',  ( 250.2438438631167230, -412.2051529810515262, -29.75778694176248607 ) ) ;
#3938 = CIRCLE ( 'NONE', #1879, 0.3599999999999159428 ) ;
#3939 = CARTESIAN_POINT ( 'NONE',  ( 281.0638438631135045, -387.7551529810525039, -28.10372101890345320 ) ) ;
#3940 = CARTESIAN_POINT ( 'NONE',  ( 269.4535903945139808, -397.6554064496549472, 3.500000000000389910 ) ) ;
#3941 = AXIS2_PLACEMENT_3D ( 'NONE', #908, #1493, #1045 ) ;
#3942 = AXIS2_PLACEMENT_3D ( 'NONE', #3661, #5375, #1531 ) ;
#3943 = PLANE ( 'NONE',  #2473 ) ;
#3944 = DIRECTION ( 'NONE',  ( -1.000000000000000000, -2.591739260015509782E-28, 5.390302858161300444E-15 ) ) ;
#3945 = ORIENTED_EDGE ( 'NONE', *, *, #3463, .F. ) ;
#3946 = EDGE_CURVE ( 'NONE', #4709, #3811, #2802, .T. ) ;
#3947 = LINE ( 'NONE', #614, #1134 ) ;
#3948 = EDGE_CURVE ( 'NONE', #5214, #4748, #2854, .T. ) ;
#3949 = VECTOR ( 'NONE', #5276, 1000.000000000000000 ) ;
#3950 = DIRECTION ( 'NONE',  ( -1.000000000000000000, 6.700788708272324096E-14, 3.242653474416212924E-26 ) ) ;
#3951 = EDGE_LOOP ( 'NONE', ( #3930, #2295, #4578, #5067 ) ) ;
#3952 = ORIENTED_EDGE ( 'NONE', *, *, #5292, .T. ) ;
#3953 = FACE_OUTER_BOUND ( 'NONE', #4501, .T. ) ;
#3954 = LINE ( 'NONE', #3531, #214 ) ;
#3955 = ORIENTED_EDGE ( 'NONE', *, *, #2637, .T. ) ;
#3956 = CARTESIAN_POINT ( 'NONE',  ( 248.2438438631129998, -412.2051529810515262, -29.75778694176250028 ) ) ;
#3957 = CARTESIAN_POINT ( 'NONE',  ( 252.2438438631130566, -418.1051529810559941, -20.81927046104944878 ) ) ;
#3958 = EDGE_CURVE ( 'NONE', #2607, #2232, #5085, .T. ) ;
#3959 = LINE ( 'NONE', #4897, #1687 ) ;
#3960 = ORIENTED_EDGE ( 'NONE', *, *, #5505, .T. ) ;
#3961 = ORIENTED_EDGE ( 'NONE', *, *, #1506, .T. ) ;
#3962 = CARTESIAN_POINT ( 'NONE',  ( 286.2638438631130384, -412.8551529810565057, -2.769270461050505450 ) ) ;
#3963 = CARTESIAN_POINT ( 'NONE',  ( 272.2638438631130384, -392.3551529810525267, -28.01927046104725250 ) ) ;
#3964 = CARTESIAN_POINT ( 'NONE',  ( 283.0638438631134477, -388.0451529810467832, 1.336376802742006671E-13 ) ) ;
#3965 = VECTOR ( 'NONE', #2926, 1000.000000000000000 ) ;
#3966 = VECTOR ( 'NONE', #2122, 1000.000000000000000 ) ;
#3967 = CARTESIAN_POINT ( 'NONE',  ( 271.6117082393805049, -423.8551529810570173, 5.551115123125780683E-13 ) ) ;
#3968 = DIRECTION ( 'NONE',  ( -2.934562567422035131E-27, -2.775557561562769940E-17, 1.000000000000000000 ) ) ;
#3969 = DIRECTION ( 'NONE',  ( -0.5190850344802447891, -0.8547226023562515262, 7.797893357684263435E-17 ) ) ;
#3970 = DIRECTION ( 'NONE',  ( 6.323447269022148859E-15, 2.775557561562769940E-17, -1.000000000000000000 ) ) ;
#3971 = DIRECTION ( 'NONE',  ( -1.000000000000000000, 4.100245375925654476E-15, 0.000000000000000000 ) ) ;
#3972 = CARTESIAN_POINT ( 'NONE',  ( 284.2638438631135500, -393.0051529810530155, -30.25778694175775030 ) ) ;
#3973 = AXIS2_PLACEMENT_3D ( 'NONE', #1886, #4851, #3172 ) ;
#3974 = ORIENTED_EDGE ( 'NONE', *, *, #3495, .T. ) ;
#3975 = CARTESIAN_POINT ( 'NONE',  ( 257.3959794868445101, -423.8551529810609964, 0.000000000000000000 ) ) ;
#3976 = CARTESIAN_POINT ( 'NONE',  ( 250.2438438631167799, -393.1091523272735913, -29.75778694175871664 ) ) ;
#3977 = EDGE_CURVE ( 'NONE', #651, #2328, #2625, .T. ) ;
#3978 = VERTEX_POINT ( 'NONE', #1697 ) ;
#3979 = ORIENTED_EDGE ( 'NONE', *, *, #2595, .T. ) ;
#3980 = CARTESIAN_POINT ( 'NONE',  ( 247.7438188631123239, -418.1051625365879545, -20.81927046104893719 ) ) ;
#3981 = DIRECTION ( 'NONE',  ( 1.000000000000000000, -6.700788708272324096E-14, 0.000000000000000000 ) ) ;
#3982 = EDGE_CURVE ( 'NONE', #4778, #1059, #2179, .T. ) ;
#3983 = ORIENTED_EDGE ( 'NONE', *, *, #4176, .F. ) ;
#3984 = CARTESIAN_POINT ( 'NONE',  ( 261.5139128718440134, -397.6819530659984707, 6.938893903907229955E-15 ) ) ;
#3985 = CARTESIAN_POINT ( 'NONE',  ( 253.5889863358115690, -417.9520312423838959, -9.820551318082555881 ) ) ;
#3986 = CARTESIAN_POINT ( 'NONE',  ( 247.7438438631126303, -387.1051529810490024, -22.41927046104902033 ) ) ;
#3987 = ORIENTED_EDGE ( 'NONE', *, *, #1919, .T. ) ;
#3988 = EDGE_LOOP ( 'NONE', ( #2485, #3881, #1503, #1556 ) ) ;
#3989 = CARTESIAN_POINT ( 'NONE',  ( 252.2438438631130566, -421.2312933640425285, -17.08305600077160236 ) ) ;
#3990 = ADVANCED_FACE ( 'NONE', ( #4667 ), #2150, .F. ) ;
#3991 = LINE ( 'NONE', #4462, #1107 ) ;
#3992 = PRODUCT_CONTEXT ( 'NONE', #1975, 'mechanical' ) ;
#3993 = CARTESIAN_POINT ( 'NONE',  ( 244.7438438631129998, -389.7551529810564830, -29.75778694175714989 ) ) ;
#3994 = CARTESIAN_POINT ( 'NONE',  ( 259.5540946118520083, -407.5549061970764910, -6.938893903907229955E-15 ) ) ;
#3995 = DIRECTION ( 'NONE',  ( -1.000000000000000000, 4.100245375925650532E-15, 6.688090509789690555E-15 ) ) ;
#3996 = LINE ( 'NONE', #1389, #5172 ) ;
#3997 = CARTESIAN_POINT ( 'NONE',  ( 261.7007853646989588, -407.2206539012869939, 0.000000000000000000 ) ) ;
#3998 = DIRECTION ( 'NONE',  ( -1.000000000000000000, -2.591739260015509782E-28, 5.390302858161300444E-15 ) ) ;
#3999 = EDGE_LOOP ( 'NONE', ( #2951, #2810, #4094, #5055 ) ) ;
#4000 = ORIENTED_EDGE ( 'NONE', *, *, #4167, .T. ) ;
#4001 = FACE_OUTER_BOUND ( 'NONE', #2988, .T. ) ;
#4002 = CIRCLE ( 'NONE', #3005, 0.8000000000000367928 ) ;
#4003 = LINE ( 'NONE', #616, #3845 ) ;
#4004 = ORIENTED_EDGE ( 'NONE', *, *, #3256, .F. ) ;
#4005 = ORIENTED_EDGE ( 'NONE', *, *, #4650, .F. ) ;
#4006 = LINE ( 'NONE', #1004, #97 ) ;
#4007 = LINE ( 'NONE', #1344, #5417 ) ;
#4008 = ORIENTED_EDGE ( 'NONE', *, *, #530, .T. ) ;
#4009 = PLANE ( 'NONE',  #3421 ) ;
#4010 = LINE ( 'NONE', #178, #4543 ) ;
#4011 = VECTOR ( 'NONE', #3282, 1000.000000000000000 ) ;
#4012 = ADVANCED_FACE ( 'NONE', ( #2930 ), #3918, .F. ) ;
#4013 = PRODUCT_RELATED_PRODUCT_CATEGORY ( 'part', '', ( #1712 ) ) ;
#4014 = CARTESIAN_POINT ( 'NONE',  ( 283.0638438631135614, -410.2051529810540274, -28.10372101890899188 ) ) ;
#4015 = ORIENTED_EDGE ( 'NONE', *, *, #3706, .F. ) ;
#4016 = CIRCLE ( 'NONE', #1946, 1.599999999999823785 ) ;
#4017 = ORIENTED_EDGE ( 'NONE', *, *, #3877, .T. ) ;
#4018 = DIRECTION ( 'NONE',  ( 1.000000000000000000, 1.577721810442023611E-30, 6.323447269022148859E-15 ) ) ;
#4019 = LINE ( 'NONE', #2749, #1465 ) ;
#4020 = EDGE_CURVE ( 'NONE', #4170, #1750, #5170, .T. ) ;
#4021 =( NAMED_UNIT ( * ) PLANE_ANGLE_UNIT ( ) SI_UNIT ( $, .RADIAN. ) );
#4022 = ADVANCED_FACE ( 'NONE', ( #4221, #1252, #2514, #915, #2566 ), #3888, .T. ) ;
#4023 = CARTESIAN_POINT ( 'NONE',  ( 283.0638438631134477, -388.0451529810467832, 3.191017475989410324E-13 ) ) ;
#4024 = DIRECTION ( 'NONE',  ( 0.000000000000000000, 0.000000000000000000, -1.000000000000000000 ) ) ;
#4025 = DIRECTION ( 'NONE',  ( 0.000000000000000000, 0.000000000000000000, 1.000000000000000000 ) ) ;
#4026 = AXIS2_PLACEMENT_3D ( 'NONE', #4573, #3311, #5014 ) ;
#4027 = CYLINDRICAL_SURFACE ( 'NONE', #1239, 3.000000000000127454 ) ;
#4028 = CARTESIAN_POINT ( 'NONE',  ( 283.0638438631134477, -412.8551529810570173, -3.569270461051193610 ) ) ;
#4029 = EDGE_CURVE ( 'NONE', #1844, #4630, #1601, .T. ) ;
#4030 = DIRECTION ( 'NONE',  ( -0.5190845425129967383, -0.8547229011346735295, 1.334874329556689551E-16 ) ) ;
#4031 = VERTEX_POINT ( 'NONE', #4335 ) ;
#4032 = CIRCLE ( 'NONE', #2681, 25.00000000000109779 ) ;
#4033 = FACE_OUTER_BOUND ( 'NONE', #5274, .T. ) ;
#4034 = AXIS2_PLACEMENT_3D ( 'NONE', #2014, #1626, #5435 ) ;
#4035 = LINE ( 'NONE', #4808, #5181 ) ;
#4036 = CIRCLE ( 'NONE', #1605, 0.4999999999996664890 ) ;
#4037 = ORIENTED_EDGE ( 'NONE', *, *, #1663, .F. ) ;
#4038 = VERTEX_POINT ( 'NONE', #415 ) ;
#4039 = LINE ( 'NONE', #5400, #3419 ) ;
#4040 = ORIENTED_EDGE ( 'NONE', *, *, #5035, .F. ) ;
#4041 = CARTESIAN_POINT ( 'NONE',  ( 283.0638438631147551, -172.9737289185987947, -198.8206450599042796 ) ) ;
#4042 = CARTESIAN_POINT ( 'NONE',  ( 286.2638438631119584, -411.5458297096930664, -6.819952713994887894 ) ) ;
#4043 = CARTESIAN_POINT ( 'NONE',  ( 284.2638438631135500, -393.0051529810525608, -30.25778694175754779 ) ) ;
#4044 = ORIENTED_EDGE ( 'NONE', *, *, #2506, .T. ) ;
#4045 = ORIENTED_EDGE ( 'NONE', *, *, #1333, .T. ) ;
#4046 = DIRECTION ( 'NONE',  ( -1.000000000000000000, 0.000000000000000000, -5.390302858155430530E-15 ) ) ;
#4047 = CARTESIAN_POINT ( 'NONE',  ( 255.2438438631205315, -387.7551529810539819, -5.387485081510539509 ) ) ;
#4048 = DIRECTION ( 'NONE',  ( -2.588550553618949751E-28, -1.000000000000000000, -2.775557561562769940E-17 ) ) ;
#4049 = FACE_OUTER_BOUND ( 'NONE', #3624, .T. ) ;
#4050 = EDGE_CURVE ( 'NONE', #1688, #1631, #502, .T. ) ;
#4051 = DIRECTION ( 'NONE',  ( -1.645174156006510005E-16, 1.367616178017897906E-16, 1.000000000000000000 ) ) ;
#4052 = CARTESIAN_POINT ( 'NONE',  ( 269.4535923768940506, -407.5549042146959664, 0.000000000000000000 ) ) ;
#4053 = EDGE_CURVE ( 'NONE', #3105, #3402, #834, .T. ) ;
#4054 = CARTESIAN_POINT ( 'NONE',  ( 284.2638438631133795, -411.0335801058012066, -30.25778694176120354 ) ) ;
#4055 = CARTESIAN_POINT ( 'NONE',  ( 248.2438438631129998, -392.3551529810529814, -6.319270461046277987 ) ) ;
#4056 = EDGE_CURVE ( 'NONE', #1548, #1012, #391, .T. ) ;
#4057 = ORIENTED_EDGE ( 'NONE', *, *, #5100, .T. ) ;
#4058 = DIRECTION ( 'NONE',  ( 0.000000000000000000, 0.1497294065530951623, -0.9887270122805676964 ) ) ;
#4059 = AXIS2_PLACEMENT_3D ( 'NONE', #3984, #3054, #622 ) ;
#4060 = CARTESIAN_POINT ( 'NONE',  ( 250.2438438631167799, -393.9508053457619212, -29.39174325135439503 ) ) ;
#4061 = CARTESIAN_POINT ( 'NONE',  ( 271.6117082393815281, -391.3551529810515035, 5.759281940242999553E-13 ) ) ;
#4062 = VERTEX_POINT ( 'NONE', #1282 ) ;
#4063 = LINE ( 'NONE', #201, #1008 ) ;
#4064 = EDGE_LOOP ( 'NONE', ( #3346, #4373, #974, #4427 ) ) ;
#4065 = DIRECTION ( 'NONE',  ( -3.330669073875323209E-14, 0.000000000000000000, -1.000000000000000000 ) ) ;
#4066 = CARTESIAN_POINT ( 'NONE',  ( 253.0937415322862591, -418.3624932512997248, -11.34443304254570073 ) ) ;
#4067 = CARTESIAN_POINT ( 'NONE',  ( 248.2438438631166946, -410.7051529810520378, -28.25761577330428409 ) ) ;
#4068 = ORIENTED_EDGE ( 'NONE', *, *, #2781, .F. ) ;
#4069 = ORIENTED_EDGE ( 'NONE', *, *, #856, .T. ) ;
#4070 = CARTESIAN_POINT ( 'NONE',  ( 250.2438438631138240, -389.1511366415095381, -29.66768596524336132 ) ) ;
#4071 = CARTESIAN_POINT ( 'NONE',  ( 250.2438438631167230, -393.4649074498227606, -29.68719856426642778 ) ) ;
#4072 = CARTESIAN_POINT ( 'NONE',  ( 259.5540926294750648, -397.6554084320359834, 3.500000000000424993 ) ) ;
#4073 = CARTESIAN_POINT ( 'NONE',  ( 253.2538438631129907, -413.8551529810595184, 1.075528555105619995E-12 ) ) ;
#4074 = DIRECTION ( 'NONE',  ( 1.000000000000000000, 2.563797941968289713E-28, -2.939295732853489987E-27 ) ) ;
#4075 = CARTESIAN_POINT ( 'NONE',  ( 250.2438438631167799, -410.7051529810520378, -28.10372101890871477 ) ) ;
#4076 = CARTESIAN_POINT ( 'NONE',  ( 281.0638438631135045, -412.2051529810550505, -30.25778694176144867 ) ) ;
#4077 = EDGE_CURVE ( 'NONE', #5214, #3402, #3667, .T. ) ;
#4078 = DIRECTION ( 'NONE',  ( -3.138553272063635122E-30, 2.775557561562769940E-17, -1.000000000000000000 ) ) ;
#4079 = ADVANCED_FACE ( 'NONE', ( #3829, #1786 ), #55, .T. ) ;
#4080 = ORIENTED_EDGE ( 'NONE', *, *, #1679, .T. ) ;
#4081 = DIRECTION ( 'NONE',  ( 0.000000000000000000, 0.000000000000000000, 1.000000000000000000 ) ) ;
#4082 = EDGE_CURVE ( 'NONE', #2188, #4539, #3938, .T. ) ;
#4083 = EDGE_CURVE ( 'NONE', #1454, #657, #1690, .T. ) ;
#4084 = CARTESIAN_POINT ( 'NONE',  ( 247.7438438631125734, -392.3551529810545162, -28.81927046104708623 ) ) ;
#4085 = ORIENTED_EDGE ( 'NONE', *, *, #1306, .T. ) ;
#4086 = CARTESIAN_POINT ( 'NONE',  ( 247.7438438631124882, -410.7051529810599959, -28.10372101890751395 ) ) ;
#4087 = ORIENTED_EDGE ( 'NONE', *, *, #3768, .T. ) ;
#4088 = CARTESIAN_POINT ( 'NONE',  ( 250.2438438631167230, -416.6869702732859082, -29.06177853759477259 ) ) ;
#4089 = CARTESIAN_POINT ( 'NONE',  ( 247.7438438631124882, -402.6051529810515603, -36.31927046105139567 ) ) ;
#4090 = VECTOR ( 'NONE', #3858, 1000.000000000000000 ) ;
#4091 = EDGE_CURVE ( 'NONE', #4950, #610, #4003, .T. ) ;
#4092 = CARTESIAN_POINT ( 'NONE',  ( 247.7438438631124598, -415.4551529810629518, -29.75778694176201000 ) ) ;
#4093 = AXIS2_PLACEMENT_3D ( 'NONE', #5325, #3295, #2848 ) ;
#4094 = ORIENTED_EDGE ( 'NONE', *, *, #1271, .T. ) ;
#4095 = ORIENTED_EDGE ( 'NONE', *, *, #186, .F. ) ;
#4096 = CARTESIAN_POINT ( 'NONE',  ( 284.2638438631135500, -411.0335801058006382, -30.25778694176094419 ) ) ;
#4097 = CIRCLE ( 'NONE', #5258, 20.00000000000084910 ) ;
#4098 = CARTESIAN_POINT ( 'NONE',  ( 283.0638438631136182, 5.883794987710501679E-12, -30.25778694168094063 ) ) ;
#4099 = AXIS2_PLACEMENT_3D ( 'NONE', #4089, #255, #3672 ) ;
#4100 = LINE ( 'NONE', #264, #5445 ) ;
#4101 = ORIENTED_EDGE ( 'NONE', *, *, #866, .F. ) ;
#4102 = DIRECTION ( 'NONE',  ( 1.000000000000000000, -4.100245375925645010E-15, -5.390302858156090018E-15 ) ) ;
#4103 = DIRECTION ( 'NONE',  ( -1.000000000000000000, -2.597324530440179576E-28, 1.600298409602159776E-16 ) ) ;
#4104 = CARTESIAN_POINT ( 'NONE',  ( 244.7438438631124882, -416.9498800180919602, -27.96530097146050053 ) ) ;
#4105 = VECTOR ( 'NONE', #3935, 1000.000000000000000 ) ;
#4106 = CARTESIAN_POINT ( 'NONE',  ( 281.0638438631135614, -410.2051529810552211, -29.36554362226950232 ) ) ;
#4107 = CARTESIAN_POINT ( 'NONE',  ( 312.3934261990560799, -417.4551529810576653, -3.941032595218798562 ) ) ;
#4108 = VERTEX_POINT ( 'NONE', #4888 ) ;
#4109 = CYLINDRICAL_SURFACE ( 'NONE', #1076, 3.000000000000127454 ) ;
#4110 = VECTOR ( 'NONE', #4431, 1000.000000000000000 ) ;
#4111 = PRODUCT_DEFINITION_CONTEXT ( 'detailed design', #1870, 'design' ) ;
#4112 = ORIENTED_EDGE ( 'NONE', *, *, #3958, .T. ) ;
#4113 = ADVANCED_FACE ( 'NONE', ( #225 ), #2652, .F. ) ;
#4114 = DIRECTION ( 'NONE',  ( -2.934562567422035131E-27, -2.775557561562769940E-17, 1.000000000000000000 ) ) ;
#4115 = ORIENTED_EDGE ( 'NONE', *, *, #902, .T. ) ;
#4116 = FACE_OUTER_BOUND ( 'NONE', #630, .T. ) ;
#4117 = EDGE_CURVE ( 'NONE', #1578, #1262, #4035, .T. ) ;
#4118 = CARTESIAN_POINT ( 'NONE',  ( 254.1742679040118844, -417.6522522711732108, -8.188683577761244337 ) ) ;
#4119 = VECTOR ( 'NONE', #4074, 1000.000000000000000 ) ;
#4120 = AXIS2_PLACEMENT_3D ( 'NONE', #1473, #4444, #2703 ) ;
#4121 = DIRECTION ( 'NONE',  ( -2.588550553618949751E-28, -1.000000000000000000, -0.000000000000000000 ) ) ;
#4122 = ORIENTED_EDGE ( 'NONE', *, *, #3544, .T. ) ;
#4123 = ORIENTED_EDGE ( 'NONE', *, *, #5160, .F. ) ;
#4124 = DIRECTION ( 'NONE',  ( 1.636278098191250001E-15, -1.021488064388007934E-15, 1.000000000000000000 ) ) ;
#4125 = CARTESIAN_POINT ( 'NONE',  ( 250.2438438631167230, -394.5051529810505713, -28.10372101890486363 ) ) ;
#4126 = EDGE_CURVE ( 'NONE', #1578, #3239, #1055, .T. ) ;
#4127 = AXIS2_PLACEMENT_3D ( 'NONE', #262, #5407, #4540 ) ;
#4128 = ORIENTED_EDGE ( 'NONE', *, *, #2025, .F. ) ;
#4129 = CARTESIAN_POINT ( 'NONE',  ( 0.000000000000000000, -417.4551625365849645, -5.184704601020830417 ) ) ;
#4130 = CARTESIAN_POINT ( 'NONE',  ( 248.2438438631167514, -416.5864631402624241, -29.18914213092025989 ) ) ;
#4131 = DIRECTION ( 'NONE',  ( 9.890862587285109233E-19, 4.525339561408909293E-17, 1.000000000000000000 ) ) ;
#4132 = DIRECTION ( 'NONE',  ( -2.934562567422035131E-27, -2.775557561562769940E-17, 1.000000000000000000 ) ) ;
#4133 = CARTESIAN_POINT ( 'NONE',  ( 274.2638438631130384, -411.7445984855424967, -16.94911424917835063 ) ) ;
#4134 = ORIENTED_EDGE ( 'NONE', *, *, #2402, .F. ) ;
#4135 = ORIENTED_EDGE ( 'NONE', *, *, #3948, .F. ) ;
#4136 = AXIS2_PLACEMENT_3D ( 'NONE', #592, #1791, #5234 ) ;
#4137 = CYLINDRICAL_SURFACE ( 'NONE', #2114, 1.599999999999778044 ) ;
#4138 = VERTEX_POINT ( 'NONE', #4394 ) ;
#4139 = CARTESIAN_POINT ( 'NONE',  ( 250.2438438631167230, -415.9400848081198774, -29.67898846778592414 ) ) ;
#4140 = CARTESIAN_POINT ( 'NONE',  ( 254.8365437752043192, -417.4806370319768689, -6.440596920934620329 ) ) ;
#4141 = EDGE_CURVE ( 'NONE', #1345, #4687, #534, .T. ) ;
#4142 = CARTESIAN_POINT ( 'NONE',  ( 257.3959794868445101, -423.8551529810609964, 0.000000000000000000 ) ) ;
#4143 = VERTEX_POINT ( 'NONE', #972 ) ;
#4144 = EDGE_CURVE ( 'NONE', #1507, #3862, #2767, .T. ) ;
#4145 = ORIENTED_EDGE ( 'NONE', *, *, #1714, .T. ) ;
#4146 = VECTOR ( 'NONE', #210, 1000.000000000000000 ) ;
#4147 = CARTESIAN_POINT ( 'NONE',  ( 286.2638438631132090, -416.8693665434309423, -29.62687564008103891 ) ) ;
#4148 = CARTESIAN_POINT ( 'NONE',  ( 250.2438438631167230, -410.9627979417017514, -29.04125605008036359 ) ) ;
#4149 = CARTESIAN_POINT ( 'NONE',  ( 252.2438438631130566, -383.7551625365864538, -17.38747234079700377 ) ) ;
#4150 = ORIENTED_EDGE ( 'NONE', *, *, #757, .T. ) ;
#4151 = EDGE_CURVE ( 'NONE', #4619, #3271, #4448, .T. ) ;
#4152 = CARTESIAN_POINT ( 'NONE',  ( 283.0638438631134477, -417.1651529810620787, 3.500000000000452527 ) ) ;
#4153 = DIRECTION ( 'NONE',  ( 1.000000000000000000, 2.571686551020499831E-28, 5.390302858155430530E-15 ) ) ;
#4154 = DIRECTION ( 'NONE',  ( -5.551115123125546833E-15, 1.110223024625109367E-14, -1.000000000000000000 ) ) ;
#4155 = CARTESIAN_POINT ( 'NONE',  ( 247.7438438631126019, -421.4551529810565285, -1.272964304530747023E-12 ) ) ;
#4156 = CARTESIAN_POINT ( 'NONE',  ( 255.1270885617204556, -387.7551529810499460, -5.688946344665144039 ) ) ;
#4157 = VERTEX_POINT ( 'NONE', #2237 ) ;
#4158 = ORIENTED_EDGE ( 'NONE', *, *, #1407, .F. ) ;
#4159 = LINE ( 'NONE', #4353, #3965 ) ;
#4160 = VERTEX_POINT ( 'NONE', #1871 ) ;
#4161 = CARTESIAN_POINT ( 'NONE',  ( 250.2438438631167230, -416.2311864900428873, -29.52945949562795747 ) ) ;
#4162 = DIRECTION ( 'NONE',  ( -5.375484819755821767E-15, 2.775557561562770249E-17, -1.000000000000000000 ) ) ;
#4163 = CARTESIAN_POINT ( 'NONE',  ( 250.3249116749784946, -388.4262207929190254, 1.186550857568136053E-12 ) ) ;
#4164 = ORIENTED_EDGE ( 'NONE', *, *, #3495, .F. ) ;
#4165 = ORIENTED_EDGE ( 'NONE', *, *, #2952, .T. ) ;
#4166 = PLANE ( 'NONE',  #2344 ) ;
#4167 = EDGE_CURVE ( 'NONE', #3696, #5304, #887, .T. ) ;
#4168 = CARTESIAN_POINT ( 'NONE',  ( 248.2438438631167514, -393.9903522028515681, -29.36105579096849993 ) ) ;
#4169 =( LENGTH_UNIT ( ) NAMED_UNIT ( * ) SI_UNIT ( .MILLI., .METRE. ) );
#4170 = VERTEX_POINT ( 'NONE', #3183 ) ;
#4171 = CARTESIAN_POINT ( 'NONE',  ( 248.2438438631129998, -393.0051529810575630, -29.75778694175784977 ) ) ;
#4172 = ADVANCED_FACE ( 'NONE', ( #4780 ), #4866, .F. ) ;
#4173 = ADVANCED_FACE ( 'NONE', ( #944 ), #5296, .F. ) ;
#4174 = CARTESIAN_POINT ( 'NONE',  ( 279.0638438631136182, -417.1651529810618513, 3.500000000000638156 ) ) ;
#4175 = DIRECTION ( 'NONE',  ( -1.000000000000000000, -2.591739260015509782E-28, 5.390302858161300444E-15 ) ) ;
#4176 = EDGE_CURVE ( 'NONE', #2931, #4571, #1451, .T. ) ;
#4177 = VECTOR ( 'NONE', #4268, 1000.000000000000114 ) ;
#4178 = FACE_OUTER_BOUND ( 'NONE', #5512, .T. ) ;
#4179 = CARTESIAN_POINT ( 'NONE',  ( 254.7476709068523633, -387.7138551546007648, -6.672356122457100192 ) ) ;
#4180 = AXIS2_PLACEMENT_3D ( 'NONE', #5212, #4699, #3837 ) ;
#4181 = ORIENTED_EDGE ( 'NONE', *, *, #3912, .F. ) ;
#4182 = EDGE_CURVE ( 'NONE', #3744, #2453, #1001, .T. ) ;
#4183 = AXIS2_PLACEMENT_3D ( 'NONE', #3606, #3206, #5313 ) ;
#4184 = ORIENTED_EDGE ( 'NONE', *, *, #3199, .F. ) ;
#4185 = DIRECTION ( 'NONE',  ( -1.000000000000000000, -2.591739260015509782E-28, 0.000000000000000000 ) ) ;
#4186 = ORIENTED_EDGE ( 'NONE', *, *, #1546, .T. ) ;
#4187 = AXIS2_PLACEMENT_3D ( 'NONE', #4940, #4623, #1209 ) ;
#4188 = VECTOR ( 'NONE', #656, 999.9999999999998863 ) ;
#4189 = CARTESIAN_POINT ( 'NONE',  ( 252.2438438631125450, -390.0051529810520492, -51.33259787371950011 ) ) ;
#4190 = CARTESIAN_POINT ( 'NONE',  ( 254.2867997281211387, -417.6108246212015729, -7.885981135445636170 ) ) ;
#4191 = DIRECTION ( 'NONE',  ( 1.000000000000000000, 0.000000000000000000, -2.939295732853487476E-27 ) ) ;
#4192 = AXIS2_PLACEMENT_3D ( 'NONE', #3274, #4564, #734 ) ;
#4193 = ORIENTED_EDGE ( 'NONE', *, *, #4961, .F. ) ;
#4194 = ORIENTED_EDGE ( 'NONE', *, *, #1237, .T. ) ;
#4195 = DIRECTION ( 'NONE',  ( 0.000000000000000000, 0.000000000000000000, 1.000000000000000000 ) ) ;
#4196 = DIRECTION ( 'NONE',  ( 1.000000000000000000, -4.100245375925645010E-15, -5.390302858156090018E-15 ) ) ;
#4197 = ORIENTED_EDGE ( 'NONE', *, *, #3769, .F. ) ;
#4198 = CARTESIAN_POINT ( 'NONE',  ( 279.3538438631119902, -417.4551529810555053, 3.538835890992684958E-13 ) ) ;
#4199 = CIRCLE ( 'NONE', #2683, 4.750000000000181188 ) ;
#4200 = AXIS2_PLACEMENT_3D ( 'NONE', #3515, #1742, #2554 ) ;
#4201 = CARTESIAN_POINT ( 'NONE',  ( 252.2438438631130566, -421.4551529810630086, -17.08305600077194697 ) ) ;
#4202 = ORIENTED_EDGE ( 'NONE', *, *, #3706, .T. ) ;
#4203 = ORIENTED_EDGE ( 'NONE', *, *, #2972, .F. ) ;
#4204 = AXIS2_PLACEMENT_3D ( 'NONE', #5104, #1267, #1912 ) ;
#4205 = DIRECTION ( 'NONE',  ( 3.242467490168772885E-26, -2.775557558026842681E-17, 1.000000000000000000 ) ) ;
#4206 = DIRECTION ( 'NONE',  ( 9.251858538542577792E-15, 1.850371707708515558E-14, 1.000000000000000000 ) ) ;
#4207 = DIRECTION ( 'NONE',  ( 0.000000000000000000, 0.000000000000000000, -1.000000000000000000 ) ) ;
#4208 = VECTOR ( 'NONE', #3521, 1000.000000000000000 ) ;
#4209 = ADVANCED_FACE ( 'NONE', ( #1839 ), #3129, .F. ) ;
#4210 = CARTESIAN_POINT ( 'NONE',  ( 284.2638438631131521, -388.5835801057983190, -30.25778694175650685 ) ) ;
#4211 = CARTESIAN_POINT ( 'NONE',  ( 253.7931333017399709, -387.3812841487944070, -9.237145908759664792 ) ) ;
#4212 = ADVANCED_FACE ( 'NONE', ( #2107 ), #406, .F. ) ;
#4213 = AXIS2_PLACEMENT_3D ( 'NONE', #367, #779, #4195 ) ;
#4214 = ORIENTED_EDGE ( 'NONE', *, *, #4420, .T. ) ;
#4215 = EDGE_CURVE ( 'NONE', #3258, #2210, #4032, .T. ) ;
#4216 = ORIENTED_EDGE ( 'NONE', *, *, #1674, .T. ) ;
#4217 = CARTESIAN_POINT ( 'NONE',  ( 247.7438438631124598, -415.4551529810629518, -29.75778694176201000 ) ) ;
#4218 = ORIENTED_EDGE ( 'NONE', *, *, #4751, .F. ) ;
#4219 = CARTESIAN_POINT ( 'NONE',  ( 248.2438438631167514, -415.7818809050239679, -29.71797720484999772 ) ) ;
#4220 = CARTESIAN_POINT ( 'NONE',  ( 255.2438438631205315, -417.4551529810585180, -16.11395431864179884 ) ) ;
#4221 = FACE_OUTER_BOUND ( 'NONE', #1729, .T. ) ;
#4222 = ORIENTED_EDGE ( 'NONE', *, *, #276, .T. ) ;
#4223 = ORIENTED_EDGE ( 'NONE', *, *, #731, .F. ) ;
#4224 = DIRECTION ( 'NONE',  ( -1.000000000000000000, -2.593133706881195193E-28, 0.000000000000000000 ) ) ;
#4225 = CARTESIAN_POINT ( 'NONE',  ( 252.2438438631130566, -418.1051625365939799, -22.41927046104926902 ) ) ;
#4226 = ORIENTED_EDGE ( 'NONE', *, *, #2604, .F. ) ;
#4227 = CARTESIAN_POINT ( 'NONE',  ( 248.2438438631167514, -393.3140339775780490, -29.72225937924801542 ) ) ;
#4228 = CARTESIAN_POINT ( 'NONE',  ( 257.3959794868445101, -413.8551529810600300, 0.000000000000000000 ) ) ;
#4229 = FILL_AREA_STYLE_COLOUR ( '', #2762 ) ;
#4230 = VECTOR ( 'NONE', #5009, 1000.000000000000000 ) ;
#4231 = ORIENTED_EDGE ( 'NONE', *, *, #5165, .F. ) ;
#4232 = ORIENTED_EDGE ( 'NONE', *, *, #186, .T. ) ;
#4233 = CARTESIAN_POINT ( 'NONE',  ( 244.7438438631129998, -394.5051529810575630, -28.10372101890405006 ) ) ;
#4234 = DIRECTION ( 'NONE',  ( 1.000000000000000000, 2.571686551020499831E-28, 5.390302858155430530E-15 ) ) ;
#4235 = LINE ( 'NONE', #720, #4274 ) ;
#4236 = LINE ( 'NONE', #5440, #1693 ) ;
#4237 = CARTESIAN_POINT ( 'NONE',  ( 253.3111713425256823, -387.0497110962886609, -10.65258963128656866 ) ) ;
#4238 = ORIENTED_EDGE ( 'NONE', *, *, #2640, .T. ) ;
#4239 = ADVANCED_FACE ( 'NONE', ( #2921 ), #4920, .F. ) ;
#4240 = EDGE_CURVE ( 'NONE', #2653, #3015, #1602, .T. ) ;
#4241 = VERTEX_POINT ( 'NONE', #3314 ) ;
#4242 = CYLINDRICAL_SURFACE ( 'NONE', #4723, 5.399998675015037719 ) ;
#4243 = EDGE_LOOP ( 'NONE', ( #4186, #4087, #808, #3440, #4457, #2960, #2155, #166, #3614, #1925, #3767, #1849, #4165, #868, #272, #3355, #2091, #3890, #3343, #5421, #1557, #4566, #525, #5097, #4158, #2516, #5351, #1882, #173, #646, #858, #4232, #384, #4445, #5137, #978 ) ) ;
#4244 = DIRECTION ( 'NONE',  ( -1.000000000000000000, 6.700788708272324096E-14, 3.242653474416212924E-26 ) ) ;
#4245 = LINE ( 'NONE', #4719, #3471 ) ;
#4246 = EDGE_CURVE ( 'NONE', #1487, #2085, #1220, .T. ) ;
#4247 = ADVANCED_FACE ( 'NONE', ( #1686 ), #794, .F. ) ;
#4248 = DIRECTION ( 'NONE',  ( 1.000000000000000000, 0.000000000000000000, 0.000000000000000000 ) ) ;
#4249 = ORIENTED_EDGE ( 'NONE', *, *, #4586, .T. ) ;
#4250 = ORIENTED_EDGE ( 'NONE', *, *, #4993, .F. ) ;
#4251 = FACE_OUTER_BOUND ( 'NONE', #4303, .T. ) ;
#4252 = CARTESIAN_POINT ( 'NONE',  ( 247.7438438631124882, -402.6051529810515603, -36.31927046105139567 ) ) ;
#4253 = ORIENTED_EDGE ( 'NONE', *, *, #1674, .F. ) ;
#4254 = CARTESIAN_POINT ( 'NONE',  ( 250.2438438631168651, -394.5051529810480702, -1.510000000000209619 ) ) ;
#4255 = CARTESIAN_POINT ( 'NONE',  ( 286.2638438631131521, -392.3551529810509919, -28.01927046104643892 ) ) ;
#4256 = EDGE_CURVE ( 'NONE', #285, #839, #2017, .T. ) ;
#4257 = FACE_OUTER_BOUND ( 'NONE', #27, .T. ) ;
#4258 = ORIENTED_EDGE ( 'NONE', *, *, #3664, .F. ) ;
#4259 = ORIENTED_EDGE ( 'NONE', *, *, #1301, .T. ) ;
#4260 = CARTESIAN_POINT ( 'NONE',  ( 248.2438438631129998, -394.5051529810580178, -28.32229449177864922 ) ) ;
#4261 = CARTESIAN_POINT ( 'NONE',  ( 247.7438438631124598, -390.0051529810514808, -51.33259787371930116 ) ) ;
#4262 = CARTESIAN_POINT ( 'NONE',  ( 284.2638438631134363, -417.4551529810578927, -29.36554362227036208 ) ) ;
#4263 = VECTOR ( 'NONE', #3584, 1000.000000000000000 ) ;
#4264 = CARTESIAN_POINT ( 'NONE',  ( 252.2438438631205315, -367.7551529810534703, -5.387485081511179885 ) ) ;
#4265 = CARTESIAN_POINT ( 'NONE',  ( 0.000000000000000000, -383.7551625365824748, -17.08305600077185105 ) ) ;
#4266 = ORIENTED_EDGE ( 'NONE', *, *, #1475, .F. ) ;
#4267 = AXIS2_PLACEMENT_3D ( 'NONE', #1103, #662, #605 ) ;
#4268 = DIRECTION ( 'NONE',  ( -6.726703152021008443E-15, 0.7544435150490078623, -0.6563649766711334710 ) ) ;
#4269 = VECTOR ( 'NONE', #5092, 1000.000000000000000 ) ;
#4270 = EDGE_LOOP ( 'NONE', ( #4926, #1449, #5030, #1541 ) ) ;
#4271 = VERTEX_POINT ( 'NONE', #1413 ) ;
#4272 = CARTESIAN_POINT ( 'NONE',  ( 286.2638438631130384, -395.8051529810480247, -5.257566461045789730 ) ) ;
#4273 = LINE ( 'NONE', #3887, #3020 ) ;
#4274 = VECTOR ( 'NONE', #4132, 1000.000000000000000 ) ;
#4275 = DIRECTION ( 'NONE',  ( 1.000000000000000000, 2.591739260015509782E-28, -5.390302858161300444E-15 ) ) ;
#4276 = EDGE_CURVE ( 'NONE', #3400, #3792, #4351, .T. ) ;
#4277 = ORIENTED_EDGE ( 'NONE', *, *, #4561, .T. ) ;
#4278 = AXIS2_PLACEMENT_3D ( 'NONE', #1527, #3236, #1994 ) ;
#4279 = ORIENTED_EDGE ( 'NONE', *, *, #131, .T. ) ;
#4280 = DIRECTION ( 'NONE',  ( -2.588550553618949751E-28, -1.000000000000000000, -2.775557561562769940E-17 ) ) ;
#4281 = CARTESIAN_POINT ( 'NONE',  ( 0.000000000000000000, -391.3551529810520151, 3.500000000000664802 ) ) ;
#4282 = EDGE_CURVE ( 'NONE', #4360, #5357, #103, .T. ) ;
#4283 = ORIENTED_EDGE ( 'NONE', *, *, #1063, .F. ) ;
#4284 = CARTESIAN_POINT ( 'NONE',  ( 247.7438438631124598, -422.7946075282517313, -21.57525726631408247 ) ) ;
#4285 = DIRECTION ( 'NONE',  ( 1.000000000000000000, -4.100245375925645010E-15, -5.390302858156090018E-15 ) ) ;
#4286 = CIRCLE ( 'NONE', #1874, 16.60000000000099973 ) ;
#4287 = CYLINDRICAL_SURFACE ( 'NONE', #3122, 1.600000000000070033 ) ;
#4288 = ORIENTED_EDGE ( 'NONE', *, *, #4077, .F. ) ;
#4289 = VERTEX_POINT ( 'NONE', #4298 ) ;
#4290 = CARTESIAN_POINT ( 'NONE',  ( 247.7438438631124598, -410.7872167611499776, -28.76833403645093767 ) ) ;
#4291 = EDGE_CURVE ( 'NONE', #2524, #5411, #3516, .T. ) ;
#4292 = AXIS2_PLACEMENT_3D ( 'NONE', #1172, #1958, #3776 ) ;
#4293 = CARTESIAN_POINT ( 'NONE',  ( 250.2438438631167230, -416.9564891236008179, -28.18200435473904975 ) ) ;
#4294 = LINE ( 'NONE', #1802, #1231 ) ;
#4295 = CIRCLE ( 'NONE', #5448, 1.600000000000066702 ) ;
#4296 = CARTESIAN_POINT ( 'NONE',  ( 239.7940963948070134, -418.1051625365879545, -22.41927046104901677 ) ) ;
#4297 = AXIS2_PLACEMENT_3D ( 'NONE', #4627, #5072, #2893 ) ;
#4298 = CARTESIAN_POINT ( 'NONE',  ( 283.0638438631134477, -417.1651529810606576, 3.500000000000663469 ) ) ;
#4299 = ORIENTED_EDGE ( 'NONE', *, *, #3506, .F. ) ;
#4300 = DIRECTION ( 'NONE',  ( 4.100245375925645010E-15, 1.000000000000000000, -2.775557561564989844E-17 ) ) ;
#4301 = DIRECTION ( 'NONE',  ( 1.032856184119511081E-27, 1.000000000000000000, 1.920685832601420346E-13 ) ) ;
#4302 = AXIS2_PLACEMENT_3D ( 'NONE', #2906, #2093, #394 ) ;
#4303 = EDGE_LOOP ( 'NONE', ( #286, #917, #697, #5457, #4044, #4008, #1701, #3760, #2685, #1774, #5326, #2645, #673, #2351, #477, #2765, #2480, #365, #2100, #2083, #3445, #199, #4422, #786 ) ) ;
#4304 = DIRECTION ( 'NONE',  ( 1.000000000000000000, 1.577721810442023611E-30, 6.323447269022148859E-15 ) ) ;
#4305 = CARTESIAN_POINT ( 'NONE',  ( 250.2438438631167799, -410.7586039894493410, -28.56669253873715064 ) ) ;
#4306 = DIRECTION ( 'NONE',  ( 0.7071067811863656072, -0.7071067811867294273, 1.852834589100408155E-16 ) ) ;
#4307 = ORIENTED_EDGE ( 'NONE', *, *, #2686, .F. ) ;
#4308 = ORIENTED_EDGE ( 'NONE', *, *, #5439, .F. ) ;
#4309 = DIRECTION ( 'NONE',  ( 2.588550553618949751E-28, 1.000000000000000000, 2.775557561562769940E-17 ) ) ;
#4310 = LINE ( 'NONE', #4697, #2996 ) ;
#4311 = ORIENTED_EDGE ( 'NONE', *, *, #4764, .T. ) ;
#4312 = CARTESIAN_POINT ( 'NONE',  ( 252.2438438631130566, -383.9790125980704829, -17.08305600077209974 ) ) ;
#4313 = CARTESIAN_POINT ( 'NONE',  ( 251.2438438631205315, -387.7551529810550051, -5.184704601020840187 ) ) ;
#4314 = EDGE_CURVE ( 'NONE', #735, #3708, #3852, .T. ) ;
#4315 = EDGE_CURVE ( 'NONE', #1755, #3723, #2642, .T. ) ;
#4316 = CARTESIAN_POINT ( 'NONE',  ( 247.7438438631125734, -389.7551529810564830, -29.75778694175719252 ) ) ;
#4317 = EDGE_LOOP ( 'NONE', ( #4085, #2776, #2680, #4954 ) ) ;
#4318 = VERTEX_POINT ( 'NONE', #1387 ) ;
#4319 = CARTESIAN_POINT ( 'NONE',  ( 283.0638438631134477, -417.4551529810545389, 3.500000000000662581 ) ) ;
#4320 = DIRECTION ( 'NONE',  ( 1.000000000000000000, -4.100245375925645010E-15, -5.390302858156090018E-15 ) ) ;
#4321 = VECTOR ( 'NONE', #2272, 1000.000000000000000 ) ;
#4322 = CARTESIAN_POINT ( 'NONE',  ( 252.2438438631125450, -413.2765815524849700, -49.03463959627019619 ) ) ;
#4323 = EDGE_CURVE ( 'NONE', #3015, #2451, #4762, .T. ) ;
#4324 = EDGE_CURVE ( 'NONE', #2607, #3591, #4097, .T. ) ;
#4325 = CARTESIAN_POINT ( 'NONE',  ( 250.2438438631167799, -412.8551529810490024, -28.01927046105176089 ) ) ;
#4326 = CARTESIAN_POINT ( 'NONE',  ( 247.7438438631123461, -415.2051529810569832, -51.33259787371959959 ) ) ;
#4327 = FACE_OUTER_BOUND ( 'NONE', #4551, .T. ) ;
#4328 = CIRCLE ( 'NONE', #4676, 3.000000000000127454 ) ;
#4329 = ORIENTED_EDGE ( 'NONE', *, *, #5505, .F. ) ;
#4330 = DIRECTION ( 'NONE',  ( -1.000000000000000000, 3.944304526105059027E-31, 5.375484819755820978E-15 ) ) ;
#4331 = CARTESIAN_POINT ( 'NONE',  ( 267.8537371256990127, -397.6770748197495209, 3.500000000000334843 ) ) ;
#4332 = EDGE_LOOP ( 'NONE', ( #4277, #5007, #568, #4000 ) ) ;
#4333 = FACE_OUTER_BOUND ( 'NONE', #5428, .T. ) ;
#4334 = CARTESIAN_POINT ( 'NONE',  ( 248.2438438631166946, -411.7472828240445892, -29.68789127883982815 ) ) ;
#4335 = CARTESIAN_POINT ( 'NONE',  ( 247.7438438631123176, -418.1051625365869882, -50.21927046105083292 ) ) ;
#4336 = ORIENTED_EDGE ( 'NONE', *, *, #2885, .F. ) ;
#4337 = ORIENTED_EDGE ( 'NONE', *, *, #3287, .T. ) ;
#4338 = DIRECTION ( 'NONE',  ( 1.000000000000000000, 2.571686551020499831E-28, 0.000000000000000000 ) ) ;
#4339 = DIRECTION ( 'NONE',  ( -1.000000000000000000, 4.100245375925650532E-15, 5.390302858162440348E-15 ) ) ;
#4340 = ORIENTED_EDGE ( 'NONE', *, *, #2082, .T. ) ;
#4341 = DIRECTION ( 'NONE',  ( 0.000000000000000000, 0.000000000000000000, -1.000000000000000000 ) ) ;
#4342 = PLANE ( 'NONE',  #3822 ) ;
#4343 = CARTESIAN_POINT ( 'NONE',  ( 248.2438438631166946, -410.8104575302797343, -28.71179391705658901 ) ) ;
#4344 = ORIENTED_EDGE ( 'NONE', *, *, #497, .F. ) ;
#4345 = ORIENTED_EDGE ( 'NONE', *, *, #2158, .T. ) ;
#4346 = CARTESIAN_POINT ( 'NONE',  ( 247.7438438631126019, -388.2604259440283840, -27.96530097144579230 ) ) ;
#4347 = PLANE ( 'NONE',  #668 ) ;
#4348 = EDGE_CURVE ( 'NONE', #2085, #2188, #16, .T. ) ;
#4349 = LINE ( 'NONE', #463, #877 ) ;
#4350 = CARTESIAN_POINT ( 'NONE',  ( 252.2438438631125450, -393.0051529810525608, -54.35368201230440377 ) ) ;
#4351 = LINE ( 'NONE', #2584, #2116 ) ;
#4352 = CARTESIAN_POINT ( 'NONE',  ( 281.0638438631135045, -389.7551529810519924, -30.25778694175729910 ) ) ;
#4353 = CARTESIAN_POINT ( 'NONE',  ( 254.7438438631125450, -391.9337244096229824, -49.03463959627029567 ) ) ;
#4354 = EDGE_CURVE ( 'NONE', #2124, #4722, #1137, .T. ) ;
#4355 = EDGE_LOOP ( 'NONE', ( #2694, #3142, #1112, #1011 ) ) ;
#4356 = DIRECTION ( 'NONE',  ( 1.000000000000000000, 2.609024107869115346E-13, 0.000000000000000000 ) ) ;
#4357 = CARTESIAN_POINT ( 'NONE',  ( 250.2438438631168083, -415.1551625365890459, -16.11395431864184147 ) ) ;
#4358 = CIRCLE ( 'NONE', #1943, 10.00000000000000888 ) ;
#4359 = EDGE_CURVE ( 'NONE', #4062, #1926, #4742, .T. ) ;
#4360 = VERTEX_POINT ( 'NONE', #71 ) ;
#4361 = DIRECTION ( 'NONE',  ( 1.000000000000000000, 0.000000000000000000, 0.000000000000000000 ) ) ;
#4362 = VECTOR ( 'NONE', #62, 1000.000000000000000 ) ;
#4363 = DIRECTION ( 'NONE',  ( 0.000000000000000000, 0.000000000000000000, -1.000000000000000000 ) ) ;
#4364 = ORIENTED_EDGE ( 'NONE', *, *, #4053, .F. ) ;
#4365 = ORIENTED_EDGE ( 'NONE', *, *, #3354, .F. ) ;
#4366 = CARTESIAN_POINT ( 'NONE',  ( 247.7438438631125734, -392.3551529810545162, -28.01927046104704999 ) ) ;
#4367 = LINE ( 'NONE', #1372, #4880 ) ;
#4368 = EDGE_LOOP ( 'NONE', ( #1334, #436, #2550, #3053 ) ) ;
#4369 = VECTOR ( 'NONE', #1048, 1000.000000000000000 ) ;
#4370 = DIRECTION ( 'NONE',  ( 0.000000000000000000, 0.000000000000000000, -1.000000000000000000 ) ) ;
#4371 = DIRECTION ( 'NONE',  ( 0.000000000000000000, 0.000000000000000000, -1.000000000000000000 ) ) ;
#4372 = DIRECTION ( 'NONE',  ( 0.000000000000000000, 0.000000000000000000, -1.000000000000000000 ) ) ;
#4373 = ORIENTED_EDGE ( 'NONE', *, *, #1506, .F. ) ;
#4374 = VERTEX_POINT ( 'NONE', #2224 ) ;
#4375 = PLANE ( 'NONE',  #733 ) ;
#4376 = DIRECTION ( 'NONE',  ( 0.000000000000000000, -2.775557561562769940E-17, 1.000000000000000000 ) ) ;
#4377 = VECTOR ( 'NONE', #4153, 1000.000000000000000 ) ;
#4378 = AXIS2_PLACEMENT_3D ( 'NONE', #457, #2099, #1351 ) ;
#4379 = LINE ( 'NONE', #4681, #4105 ) ;
#4380 = LINE ( 'NONE', #493, #2337 ) ;
#4381 = DIRECTION ( 'NONE',  ( 1.000000000000000000, 2.571686551020499831E-28, 5.390302858155430530E-15 ) ) ;
#4382 = AXIS2_PLACEMENT_3D ( 'NONE', #3014, #4752, #4248 ) ;
#4383 = CARTESIAN_POINT ( 'NONE',  ( 248.2438438631167514, -393.1611520003851865, -29.75778694175869887 ) ) ;
#4384 = CARTESIAN_POINT ( 'NONE',  ( 248.2438438631129998, -388.2428876232569905, -28.19509716227625162 ) ) ;
#4385 = AXIS2_PLACEMENT_3D ( 'NONE', #860, #3468, #2628 ) ;
#4386 = EDGE_CURVE ( 'NONE', #460, #4639, #3286, .T. ) ;
#4387 = CIRCLE ( 'NONE', #1885, 25.00000000000109779 ) ;
#4388 = CARTESIAN_POINT ( 'NONE',  ( 248.2438438631129998, -411.1314382095825408, -29.31879773705215086 ) ) ;
#4389 = EDGE_CURVE ( 'NONE', #1066, #2980, #75, .T. ) ;
#4390 = DIRECTION ( 'NONE',  ( -0.8547231051110829592, 0.5190842066459629978, 1.928803018412455642E-15 ) ) ;
#4391 = ORIENTED_EDGE ( 'NONE', *, *, #1131, .T. ) ;
#4392 = FACE_OUTER_BOUND ( 'NONE', #5024, .T. ) ;
#4393 = EDGE_CURVE ( 'NONE', #5506, #1844, #2254, .T. ) ;
#4394 = CARTESIAN_POINT ( 'NONE',  ( 247.7438438631124598, -391.9337244096213340, -49.03463959626844115 ) ) ;
#4395 = VERTEX_POINT ( 'NONE', #135 ) ;
#4396 = ORIENTED_EDGE ( 'NONE', *, *, #3354, .T. ) ;
#4397 = DIRECTION ( 'NONE',  ( 1.000000000000000000, -4.100245375925645010E-15, -5.390302858156090018E-15 ) ) ;
#4398 = LINE ( 'NONE', #146, #3332 ) ;
#4399 = EDGE_LOOP ( 'NONE', ( #426, #749, #2898, #3110 ) ) ;
#4400 = CARTESIAN_POINT ( 'NONE',  ( 275.7638438631135500, -417.4551529810585180, -21.11395431864309913 ) ) ;
#4401 = CARTESIAN_POINT ( 'NONE',  ( 252.9892659586110426, -418.4736347329589421, -11.69315739013482336 ) ) ;
#4402 = FACE_BOUND ( 'NONE', #3684, .T. ) ;
#4403 = ORIENTED_EDGE ( 'NONE', *, *, #4830, .T. ) ;
#4404 = ORIENTED_EDGE ( 'NONE', *, *, #4091, .T. ) ;
#4405 = CARTESIAN_POINT ( 'NONE',  ( 247.7438438631126587, -394.5051529810569946, -10.89947748983347964 ) ) ;
#4406 = AXIS2_PLACEMENT_3D ( 'NONE', #5378, #252, #1952 ) ;
#4407 = DIRECTION ( 'NONE',  ( 0.000000000000000000, 0.000000000000000000, 1.000000000000000000 ) ) ;
#4408 = LINE ( 'NONE', #212, #4921 ) ;
#4409 = DIRECTION ( 'NONE',  ( -6.323447269022148859E-15, 2.391975506554779607E-13, 1.000000000000000000 ) ) ;
#4410 = AXIS2_PLACEMENT_3D ( 'NONE', #3590, #5299, #2738 ) ;
#4411 = DIRECTION ( 'NONE',  ( 1.000000000000000000, -4.100245375925645010E-15, -5.390302858156090018E-15 ) ) ;
#4412 = AXIS2_PLACEMENT_3D ( 'NONE', #784, #2486, #2546 ) ;
#4413 = DIRECTION ( 'NONE',  ( 5.375484819755821767E-15, -2.775557561562769940E-17, 1.000000000000000000 ) ) ;
#4414 = DIRECTION ( 'NONE',  ( 2.939277243926019923E-27, -2.775557561562769940E-17, 1.000000000000000000 ) ) ;
#4415 = DIRECTION ( 'NONE',  ( -1.000000000000000000, 0.000000000000000000, -5.390302858160750608E-15 ) ) ;
#4416 = CIRCLE ( 'NONE', #3973, 0.3599999999998604316 ) ;
#4417 = EDGE_CURVE ( 'NONE', #1881, #682, #3545, .T. ) ;
#4418 = ORIENTED_EDGE ( 'NONE', *, *, #5100, .F. ) ;
#4419 = DIRECTION ( 'NONE',  ( -5.576766167467870875E-15, 0.000000000000000000, -1.000000000000000000 ) ) ;
#4420 = EDGE_CURVE ( 'NONE', #417, #4709, #2923, .T. ) ;
#4421 = CARTESIAN_POINT ( 'NONE',  ( 272.2638438631130384, -412.8551529810565057, -3.569270461050580323 ) ) ;
#4422 = ORIENTED_EDGE ( 'NONE', *, *, #3570, .T. ) ;
#4423 = EDGE_CURVE ( 'NONE', #4819, #613, #1549, .T. ) ;
#4424 = ORIENTED_EDGE ( 'NONE', *, *, #5108, .F. ) ;
#4425 = DIRECTION ( 'NONE',  ( 2.588550553618949751E-28, 1.000000000000000000, 2.775557561562769940E-17 ) ) ;
#4426 = PLANE ( 'NONE',  #4692 ) ;
#4427 = ORIENTED_EDGE ( 'NONE', *, *, #4151, .F. ) ;
#4428 = DIRECTION ( 'NONE',  ( -1.000000000000000000, -2.591739260015509782E-28, 0.000000000000000000 ) ) ;
#4429 = ADVANCED_FACE ( 'NONE', ( #3653 ), #2727, .T. ) ;
#4430 = DIRECTION ( 'NONE',  ( 1.000000000000000000, 0.000000000000000000, -2.938506871948266464E-27 ) ) ;
#4431 = DIRECTION ( 'NONE',  ( 1.000000000000000000, 2.563797941968289713E-28, -2.939295732853489987E-27 ) ) ;
#4432 = VERTEX_POINT ( 'NONE', #3146 ) ;
#4433 = VERTEX_POINT ( 'NONE', #3627 ) ;
#4434 = CARTESIAN_POINT ( 'NONE',  ( 280.7638438631130384, -409.4051529810545276, -4.957566461047719919 ) ) ;
#4435 = DIRECTION ( 'NONE',  ( 0.9999082869240761839, -0.01354318059244347117, 2.146134635783519353E-18 ) ) ;
#4436 = EDGE_CURVE ( 'NONE', #144, #226, #1127, .T. ) ;
#4437 = CARTESIAN_POINT ( 'NONE',  ( 267.4937701402160428, -397.6819502030199942, 2.081668171172170091E-14 ) ) ;
#4438 = VECTOR ( 'NONE', #4641, 1000.000000000000000 ) ;
#4439 = CARTESIAN_POINT ( 'NONE',  ( 261.5139147522860412, -407.5283540381349781, 6.938893903907229955E-15 ) ) ;
#4440 = DIRECTION ( 'NONE',  ( 1.000000000000000000, 2.603240987229339855E-28, 4.903502001790830749E-15 ) ) ;
#4441 = LINE ( 'NONE', #217, #5272 ) ;
#4442 = CARTESIAN_POINT ( 'NONE',  ( 272.2638438631130384, -412.8551529810525267, -28.01927046105150154 ) ) ;
#4443 = ORIENTED_EDGE ( 'NONE', *, *, #2260, .T. ) ;
#4444 = DIRECTION ( 'NONE',  ( 1.000000000000000000, 1.577721810442023611E-30, 6.323447269022148859E-15 ) ) ;
#4445 = ORIENTED_EDGE ( 'NONE', *, *, #1448, .T. ) ;
#4446 = LINE ( 'NONE', #1393, #696 ) ;
#4447 = CIRCLE ( 'NONE', #5058, 0.8000000000000506706 ) ;
#4448 = LINE ( 'NONE', #4837, #981 ) ;
#4449 = EDGE_LOOP ( 'NONE', ( #428, #1003, #2609, #3316, #3476, #4520, #1780, #3430, #2271, #4396, #1420, #3616, #3007, #927, #4150, #4487, #678, #4900, #1641, #2412 ) ) ;
#4450 = ORIENTED_EDGE ( 'NONE', *, *, #1171, .T. ) ;
#4451 = DIRECTION ( 'NONE',  ( 0.000000000000000000, 0.000000000000000000, -1.000000000000000000 ) ) ;
#4452 = EDGE_LOOP ( 'NONE', ( #5145, #1504, #741, #4886 ) ) ;
#4453 = DIRECTION ( 'NONE',  ( 1.000000000000000000, 2.603240987229334922E-28, 4.903502001796260478E-15 ) ) ;
#4454 = CARTESIAN_POINT ( 'NONE',  ( 253.2473967775658537, -418.2158499421601050, -10.85108943797615666 ) ) ;
#4455 = EDGE_CURVE ( 'NONE', #4170, #3251, #3234, .T. ) ;
#4456 = CARTESIAN_POINT ( 'NONE',  ( 237.2822726928050088, -389.7551529810525039, -30.25778694175729910 ) ) ;
#4457 = ORIENTED_EDGE ( 'NONE', *, *, #1775, .F. ) ;
#4458 = ADVANCED_FACE ( 'NONE', ( #1017 ), #1075, .T. ) ;
#4459 = VECTOR ( 'NONE', #3621, 1000.000000000000000 ) ;
#4460 = ORIENTED_EDGE ( 'NONE', *, *, #4801, .F. ) ;
#4461 = CARTESIAN_POINT ( 'NONE',  ( 247.7438438631126871, -392.3551529810529814, -7.319270461046549769 ) ) ;
#4462 = CARTESIAN_POINT ( 'NONE',  ( 252.2438438631130566, -421.2312933640425285, -17.08305600077160236 ) ) ;
#4463 = CIRCLE ( 'NONE', #4905, 20.00000000000084910 ) ;
#4464 = CYLINDRICAL_SURFACE ( 'NONE', #635, 1.000000000000272449 ) ;
#4465 = EDGE_CURVE ( 'NONE', #5291, #1499, #4495, .T. ) ;
#4466 = FACE_OUTER_BOUND ( 'NONE', #3999, .T. ) ;
#4467 = CARTESIAN_POINT ( 'NONE',  ( 248.2438438631129998, -393.0051529810500597, -29.75778694175869887 ) ) ;
#4468 = AXIS2_PLACEMENT_3D ( 'NONE', #385, #829, #5194 ) ;
#4469 = CARTESIAN_POINT ( 'NONE',  ( 250.2438438631168651, -415.1551625365844984, -1.303548620500087433E-12 ) ) ;
#4470 = CARTESIAN_POINT ( 'NONE',  ( 286.2638438631130384, -412.8551529810525267, -3.569270461050525256 ) ) ;
#4471 = DIRECTION ( 'NONE',  ( -1.000000000000000000, -2.591739260015509782E-28, 0.000000000000000000 ) ) ;
#4472 = AXIS2_PLACEMENT_3D ( 'NONE', #364, #2880, #4587 ) ;
#4473 = EDGE_LOOP ( 'NONE', ( #5047, #4642 ) ) ;
#4474 = CIRCLE ( 'NONE', #2863, 20.00000000000084910 ) ;
#4475 = AXIS2_PLACEMENT_3D ( 'NONE', #2790, #4078, #244 ) ;
#4476 = CARTESIAN_POINT ( 'NONE',  ( 247.7438438631124882, -416.9498800180883222, -27.96530097145901550 ) ) ;
#4477 = CARTESIAN_POINT ( 'NONE',  ( 254.7438438631125450, -393.0051529810575630, -29.75778694175784977 ) ) ;
#4478 = AXIS2_PLACEMENT_3D ( 'NONE', #4264, #70, #3063 ) ;
#4479 = CARTESIAN_POINT ( 'NONE',  ( 256.7438438631130566, -392.3551529810545162, -27.21927046104701375 ) ) ;
#4480 = ORIENTED_EDGE ( 'NONE', *, *, #5480, .T. ) ;
#4481 = CARTESIAN_POINT ( 'NONE',  ( 247.7438438631125734, -394.5051529810579609, -28.32229449177864922 ) ) ;
#4482 = ORIENTED_EDGE ( 'NONE', *, *, #1276, .T. ) ;
#4483 = CARTESIAN_POINT ( 'NONE',  ( 248.2438438631167514, -416.6869702732859082, -29.06177853759476548 ) ) ;
#4484 = CARTESIAN_POINT ( 'NONE',  ( 252.2438438631130566, -388.2604259440300325, -27.96530097144340132 ) ) ;
#4485 = VECTOR ( 'NONE', #1800, 1000.000000000000000 ) ;
#4486 = DIRECTION ( 'NONE',  ( -1.000000000000000000, 4.100245375925645010E-15, 5.390302858156090018E-15 ) ) ;
#4487 = ORIENTED_EDGE ( 'NONE', *, *, #4029, .T. ) ;
#4488 = VECTOR ( 'NONE', #5088, 1000.000000000000000 ) ;
#4489 = EDGE_LOOP ( 'NONE', ( #2425, #4480, #4222, #1362 ) ) ;
#4490 = CYLINDRICAL_SURFACE ( 'NONE', #4127, 3.000000000000002665 ) ;
#4491 = EDGE_CURVE ( 'NONE', #4639, #2597, #5518, .T. ) ;
#4492 = CYLINDRICAL_SURFACE ( 'NONE', #301, 1.600000000000012745 ) ;
#4493 = EDGE_CURVE ( 'NONE', #4031, #538, #5335, .T. ) ;
#4494 = CARTESIAN_POINT ( 'NONE',  ( 244.7438438631129998, -388.6339307808280523, -29.27266575548329897 ) ) ;
#4495 = LINE ( 'NONE', #5281, #427 ) ;
#4496 = CARTESIAN_POINT ( 'NONE',  ( 286.2638438631132090, -394.1767258563065184, -30.25778694175752648 ) ) ;
#4497 = CARTESIAN_POINT ( 'NONE',  ( 267.3069016390149955, -407.2206543400785108, 3.500000000000329958 ) ) ;
#4498 = CARTESIAN_POINT ( 'NONE',  ( 247.7438438631126303, -410.7051529810520378, -1.510000000000006004 ) ) ;
#4499 = EDGE_CURVE ( 'NONE', #1815, #4583, #2341, .T. ) ;
#4500 = EDGE_CURVE ( 'NONE', #223, #4289, #4938, .T. ) ;
#4501 = EDGE_LOOP ( 'NONE', ( #3186, #382, #1728, #1788 ) ) ;
#4502 = LINE ( 'NONE', #583, #4646 ) ;
#4503 = VERTEX_POINT ( 'NONE', #4881 ) ;
#4504 = CARTESIAN_POINT ( 'NONE',  ( 252.2438438631125450, -383.6960814992595488, -58.10561041224149648 ) ) ;
#4505 = ADVANCED_FACE ( 'NONE', ( #4466 ), #3174, .T. ) ;
#4506 = AXIS2_PLACEMENT_3D ( 'NONE', #1560, #3641, #654 ) ;
#4507 = AXIS2_PLACEMENT_3D ( 'NONE', #2527, #11, #3479 ) ;
#4508 = ORIENTED_EDGE ( 'NONE', *, *, #1299, .F. ) ;
#4509 = ORIENTED_EDGE ( 'NONE', *, *, #2780, .T. ) ;
#4510 = CARTESIAN_POINT ( 'NONE',  ( 258.4227242150690245, -408.6862775000894885, 3.500000000000440092 ) ) ;
#4511 = VERTEX_POINT ( 'NONE', #4521 ) ;
#4512 = DIRECTION ( 'NONE',  ( 9.251858538542577792E-15, 0.000000000000000000, 1.000000000000000000 ) ) ;
#4513 = CARTESIAN_POINT ( 'NONE',  ( 253.8011372934889209, -417.8234502115823261, -9.213637135229465258 ) ) ;
#4514 = DIRECTION ( 'NONE',  ( 1.000000000000000000, 0.000000000000000000, 0.000000000000000000 ) ) ;
#4515 = ORIENTED_EDGE ( 'NONE', *, *, #222, .T. ) ;
#4516 = EDGE_LOOP ( 'NONE', ( #4775, #2517 ) ) ;
#4517 = DIRECTION ( 'NONE',  ( -1.000000000000000000, -1.577721810442023611E-30, -6.323447269022148859E-15 ) ) ;
#4518 = DIRECTION ( 'NONE',  ( 0.000000000000000000, 0.000000000000000000, -1.000000000000000000 ) ) ;
#4519 = CARTESIAN_POINT ( 'NONE',  ( 244.7438438631129998, -388.2604259440315673, -27.96530097144239946 ) ) ;
#4520 = ORIENTED_EDGE ( 'NONE', *, *, #2748, .T. ) ;
#4521 = CARTESIAN_POINT ( 'NONE',  ( 255.2438438631205315, -417.4551625365864993, -16.11395431864179884 ) ) ;
#4522 = LINE ( 'NONE', #690, #454 ) ;
#4523 = LINE ( 'NONE', #1572, #3297 ) ;
#4524 = CARTESIAN_POINT ( 'NONE',  ( 251.2438438631130566, -417.4551529810585180, -2.184704601020925452 ) ) ;
#4525 = ADVANCED_FACE ( 'NONE', ( #4049 ), #689, .T. ) ;
#4526 = DIRECTION ( 'NONE',  ( -2.934562567422035131E-27, -2.775557561562769940E-17, 1.000000000000000000 ) ) ;
#4527 = ADVANCED_FACE ( 'NONE', ( #1968 ), #1857, .T. ) ;
#4528 = ORIENTED_EDGE ( 'NONE', *, *, #1164, .T. ) ;
#4529 = CARTESIAN_POINT ( 'NONE',  ( 312.3934261990578420, -390.0551529810557554, -17.35762632444579268 ) ) ;
#4530 = EDGE_CURVE ( 'NONE', #4031, #4395, #1855, .T. ) ;
#4531 = EDGE_LOOP ( 'NONE', ( #547, #4677 ) ) ;
#4532 = LINE ( 'NONE', #703, #5110 ) ;
#4533 = ORIENTED_EDGE ( 'NONE', *, *, #4801, .T. ) ;
#4534 = DIRECTION ( 'NONE',  ( 0.000000000000000000, 1.000000000000000000, 2.465976141232087818E-13 ) ) ;
#4535 = CARTESIAN_POINT ( 'NONE',  ( 254.7438438631125450, -415.4551529810630086, -29.75778694176204908 ) ) ;
#4536 = VECTOR ( 'NONE', #5138, 1000.000000000000000 ) ;
#4537 = CARTESIAN_POINT ( 'NONE',  ( 250.3249116749780114, -416.7840851691960324, 3.500000000001465050 ) ) ;
#4538 = ORIENTED_EDGE ( 'NONE', *, *, #2946, .T. ) ;
#4539 = VERTEX_POINT ( 'NONE', #3202 ) ;
#4540 = DIRECTION ( 'NONE',  ( 1.000000000000000000, 0.000000000000000000, -5.576864924722308699E-15 ) ) ;
#4541 = VECTOR ( 'NONE', #3685, 1000.000000000000000 ) ;
#4542 = CARTESIAN_POINT ( 'NONE',  ( 247.7438438631123461, -412.2051529810555053, -51.33259787371849114 ) ) ;
#4543 = VECTOR ( 'NONE', #1429, 1000.000000000000000 ) ;
#4544 = DIRECTION ( 'NONE',  ( -2.934562567422035131E-27, -2.775557561562769940E-17, 1.000000000000000000 ) ) ;
#4545 = VERTEX_POINT ( 'NONE', #4908 ) ;
#4546 = LINE ( 'NONE', #1154, #1051 ) ;
#4547 = CARTESIAN_POINT ( 'NONE',  ( 286.2638438631131521, -395.0051529810530155, -28.10372101890359176 ) ) ;
#4548 = CARTESIAN_POINT ( 'NONE',  ( 248.2438438631129998, -417.4551529810555053, -0.01000000000005856100 ) ) ;
#4549 = DIRECTION ( 'NONE',  ( -2.934562567422035131E-27, -2.775557561562769940E-17, 1.000000000000000000 ) ) ;
#4550 = CARTESIAN_POINT ( 'NONE',  ( 284.2638438631131521, -387.7551529810523903, -29.36554362226474524 ) ) ;
#4551 = EDGE_LOOP ( 'NONE', ( #4197, #2908, #468, #2664 ) ) ;
#4552 = EDGE_CURVE ( 'NONE', #1141, #2065, #2783, .T. ) ;
#4553 = AXIS2_PLACEMENT_3D ( 'NONE', #3563, #627, #4372 ) ;
#4554 = EDGE_CURVE ( 'NONE', #882, #2119, #4546, .T. ) ;
#4555 = EDGE_LOOP ( 'NONE', ( #401, #4218 ) ) ;
#4556 = AXIS2_PLACEMENT_3D ( 'NONE', #5005, #2410, #5383 ) ;
#4557 = DIRECTION ( 'NONE',  ( 0.000000000000000000, -1.379848616319655748E-12, 1.000000000000000000 ) ) ;
#4558 = ORIENTED_EDGE ( 'NONE', *, *, #1546, .F. ) ;
#4559 = CARTESIAN_POINT ( 'NONE',  ( 250.2438438631167230, -416.3591184678519994, -29.42289468489240889 ) ) ;
#4560 = CARTESIAN_POINT ( 'NONE',  ( 250.2438438631167799, -412.2051529810515262, -29.75778694176251093 ) ) ;
#4561 = EDGE_CURVE ( 'NONE', #5304, #5300, #5412, .T. ) ;
#4562 = AXIS2_PLACEMENT_3D ( 'NONE', #3844, #764, #5039 ) ;
#4563 = AXIS2_PLACEMENT_3D ( 'NONE', #2350, #4914, #1081 ) ;
#4564 = DIRECTION ( 'NONE',  ( 1.000000000000000000, -4.100245375925645010E-15, -5.390302858156090018E-15 ) ) ;
#4565 = ORIENTED_EDGE ( 'NONE', *, *, #5286, .T. ) ;
#4566 = ORIENTED_EDGE ( 'NONE', *, *, #4961, .T. ) ;
#4567 = LINE ( 'NONE', #1668, #5199 ) ;
#4568 = CARTESIAN_POINT ( 'NONE',  ( 250.2438438631167230, -412.2051529810515262, -29.75778694176248607 ) ) ;
#4569 = AXIS2_PLACEMENT_3D ( 'NONE', #1883, #4124, #2364 ) ;
#4570 = SURFACE_STYLE_FILL_AREA ( #761 ) ;
#4571 = VERTEX_POINT ( 'NONE', #1569 ) ;
#4572 = CARTESIAN_POINT ( 'NONE',  ( 248.2438438631129998, -394.5051529810505713, -28.10372101890485297 ) ) ;
#4573 = CARTESIAN_POINT ( 'NONE',  ( 251.2438438631130566, -402.6051529810575289, -2.184704601020935222 ) ) ;
#4574 = CARTESIAN_POINT ( 'NONE',  ( 251.2438438631130566, -415.1551625365865448, -2.184704601020900139 ) ) ;
#4575 = CARTESIAN_POINT ( 'NONE',  ( -8.326672684688669004E-14, -390.0551529810540501, -16.11395431864040262 ) ) ;
#4576 = CARTESIAN_POINT ( 'NONE',  ( 253.7474677662484055, -387.3553991766553395, -9.366243635898404918 ) ) ;
#4577 = CIRCLE ( 'NONE', #2165, 1.000000000000272449 ) ;
#4578 = ORIENTED_EDGE ( 'NONE', *, *, #2377, .T. ) ;
#4579 = EDGE_CURVE ( 'NONE', #2491, #2911, #293, .T. ) ;
#4580 = ORIENTED_EDGE ( 'NONE', *, *, #2159, .F. ) ;
#4581 = CARTESIAN_POINT ( 'NONE',  ( -8.326672684688669004E-14, -387.7551529810535271, -16.11395431864045236 ) ) ;
#4582 = CIRCLE ( 'NONE', #3695, 1.000000000000271561 ) ;
#4583 = VERTEX_POINT ( 'NONE', #1777 ) ;
#4584 = CARTESIAN_POINT ( 'NONE',  ( 247.7438438631124598, -387.1051529810485476, -53.41927046105056576 ) ) ;
#4585 = CARTESIAN_POINT ( 'NONE',  ( 250.2438438631167799, -411.7472828240445892, -29.68789127883983880 ) ) ;
#4586 = EDGE_CURVE ( 'NONE', #5231, #4660, #527, .T. ) ;
#4587 = DIRECTION ( 'NONE',  ( 0.000000000000000000, 0.000000000000000000, -1.000000000000000000 ) ) ;
#4588 = EDGE_CURVE ( 'NONE', #2822, #3467, #2228, .T. ) ;
#4589 = ORIENTED_EDGE ( 'NONE', *, *, #4417, .T. ) ;
#4590 = ORIENTED_EDGE ( 'NONE', *, *, #1333, .F. ) ;
#4591 = AXIS2_PLACEMENT_3D ( 'NONE', #2185, #397, #482 ) ;
#4592 = CARTESIAN_POINT ( 'NONE',  ( 267.4937722032590273, -407.5283545061804489, 0.000000000000000000 ) ) ;
#4593 = ADVANCED_FACE ( 'NONE', ( #5197 ), #3943, .F. ) ;
#4594 = CARTESIAN_POINT ( 'NONE',  ( 250.2438438631167230, -411.0519823696309345, -29.16632328933756924 ) ) ;
#4595 = CARTESIAN_POINT ( 'NONE',  ( 286.2638438631130384, -387.7551529810490365, 3.500000000000770051 ) ) ;
#4596 = EDGE_LOOP ( 'NONE', ( #4015, #116, #574, #3987 ) ) ;
#4597 = DIRECTION ( 'NONE',  ( 6.719962059620649723E-17, 8.289495518492838217E-17, 1.000000000000000000 ) ) ;
#4598 = EDGE_CURVE ( 'NONE', #2210, #2824, #1579, .T. ) ;
#4599 = LINE ( 'NONE', #719, #2488 ) ;
#4600 = DIRECTION ( 'NONE',  ( 0.000000000000000000, 0.000000000000000000, -1.000000000000000000 ) ) ;
#4601 = DIRECTION ( 'NONE',  ( 1.000000000000000000, 0.000000000000000000, -3.242653474416212924E-26 ) ) ;
#4602 = CARTESIAN_POINT ( 'NONE',  ( 254.7233050608316205, -387.7096496854586007, -6.735845786003284985 ) ) ;
#4603 = ORIENTED_EDGE ( 'NONE', *, *, #2123, .F. ) ;
#4604 = VERTEX_POINT ( 'NONE', #469 ) ;
#4605 = LINE ( 'NONE', #3795, #5093 ) ;
#4606 = ORIENTED_EDGE ( 'NONE', *, *, #4653, .T. ) ;
#4607 = LINE ( 'NONE', #1611, #5254 ) ;
#4608 = CARTESIAN_POINT ( 'NONE',  ( 254.7155588800890200, -417.5020330693994310, -6.756068680812915339 ) ) ;
#4609 = CARTESIAN_POINT ( 'NONE',  ( 259.5806399101679744, -399.6152286385559478, 3.500000000000424993 ) ) ;
#4610 = EDGE_LOOP ( 'NONE', ( #2131, #4838, #81, #710 ) ) ;
#4611 = VERTEX_POINT ( 'NONE', #107 ) ;
#4612 = CARTESIAN_POINT ( 'NONE',  ( 279.0638438631146414, -402.6051529810577563, -3.941032595218798562 ) ) ;
#4613 = CARTESIAN_POINT ( 'NONE',  ( 261.1539477877179820, -407.5332309652855542, 8.326672684688670014E-13 ) ) ;
#4614 = ORIENTED_EDGE ( 'NONE', *, *, #1718, .F. ) ;
#4615 = CARTESIAN_POINT ( 'NONE',  ( 283.0638438631136182, -392.3551529810500256, -28.01927046104809094 ) ) ;
#4616 = EDGE_CURVE ( 'NONE', #5300, #5232, #4802, .T. ) ;
#4617 = EDGE_CURVE ( 'NONE', #2239, #1423, #1836, .T. ) ;
#4618 = DIRECTION ( 'NONE',  ( 1.000000000000000000, 2.591739260015509782E-28, -5.390302858161300444E-15 ) ) ;
#4619 = VERTEX_POINT ( 'NONE', #18 ) ;
#4620 = AXIS2_PLACEMENT_3D ( 'NONE', #4831, #5255, #1720 ) ;
#4621 = ORIENTED_EDGE ( 'NONE', *, *, #211, .F. ) ;
#4622 = CARTESIAN_POINT ( 'NONE',  ( 286.2638438631132090, -394.1767258563065184, -30.25778694175752648 ) ) ;
#4623 = DIRECTION ( 'NONE',  ( 1.000000000000000000, -4.100245375925645010E-15, -5.390302858156090018E-15 ) ) ;
#4624 = CARTESIAN_POINT ( 'NONE',  ( 315.6388496296644917, -419.7946075282534935, -50.04962560466439925 ) ) ;
#4625 = VECTOR ( 'NONE', #3657, 1000.000000000000000 ) ;
#4626 = EDGE_CURVE ( 'NONE', #1030, #2795, #4711, .T. ) ;
#4627 = CARTESIAN_POINT ( 'NONE',  ( 312.3934261990578420, -390.0551529810557554, -17.35762632444579268 ) ) ;
#4628 = DIRECTION ( 'NONE',  ( 0.9999082869240761839, -0.01354318059244347117, 2.146134635783519353E-18 ) ) ;
#4629 = ORIENTED_EDGE ( 'NONE', *, *, #4117, .T. ) ;
#4630 = VERTEX_POINT ( 'NONE', #1808 ) ;
#4631 = FACE_OUTER_BOUND ( 'NONE', #1999, .T. ) ;
#4632 = ORIENTED_EDGE ( 'NONE', *, *, #3851, .T. ) ;
#4633 = AXIS2_PLACEMENT_3D ( 'NONE', #430, #2997, #5188 ) ;
#4634 = CARTESIAN_POINT ( 'NONE',  ( 250.2438438631167230, -415.4551529810549937, -29.75778694176311134 ) ) ;
#4635 = CARTESIAN_POINT ( 'NONE',  ( 247.7438438631126871, -392.3551529810529814, -7.319270461046549769 ) ) ;
#4636 = DIRECTION ( 'NONE',  ( 1.000000000000000000, 2.571686551020499831E-28, 0.000000000000000000 ) ) ;
#4637 = VECTOR ( 'NONE', #5051, 1000.000000000000000 ) ;
#4638 = ORIENTED_EDGE ( 'NONE', *, *, #151, .F. ) ;
#4639 = VERTEX_POINT ( 'NONE', #3489 ) ;
#4640 = CARTESIAN_POINT ( 'NONE',  ( 247.7438438631123176, -416.9233347992370113, -56.81291995111143933 ) ) ;
#4641 = DIRECTION ( 'NONE',  ( -2.592494858145055258E-28, -1.000000000000000000, -2.775557561562769940E-17 ) ) ;
#4642 = ORIENTED_EDGE ( 'NONE', *, *, #1194, .T. ) ;
#4643 = CARTESIAN_POINT ( 'NONE',  ( 239.7940963948070134, -387.1051529810485476, -53.41927046105056576 ) ) ;
#4644 = LINE ( 'NONE', #2186, #3917 ) ;
#4645 = VECTOR ( 'NONE', #4425, 1000.000000000000000 ) ;
#4646 = VECTOR ( 'NONE', #3998, 1000.000000000000000 ) ;
#4647 = LINE ( 'NONE', #1592, #2229 ) ;
#4648 = ORIENTED_EDGE ( 'NONE', *, *, #4276, .F. ) ;
#4649 = ORIENTED_EDGE ( 'NONE', *, *, #1892, .F. ) ;
#4650 = EDGE_CURVE ( 'NONE', #5200, #1632, #4745, .T. ) ;
#4651 = LINE ( 'NONE', #4152, #3756 ) ;
#4652 = CARTESIAN_POINT ( 'NONE',  ( 271.6117082393815281, -381.3551529810515035, 3.500000000001150191 ) ) ;
#4653 = EDGE_CURVE ( 'NONE', #2085, #86, #775, .T. ) ;
#4654 = DIRECTION ( 'NONE',  ( -1.000000000000000000, 4.100245375925650532E-15, 0.000000000000000000 ) ) ;
#4655 = AXIS2_PLACEMENT_3D ( 'NONE', #4461, #1489, #2386 ) ;
#4656 = CARTESIAN_POINT ( 'NONE',  ( 253.4023491060348761, -387.1242274054278028, -10.37351193642309077 ) ) ;
#4657 = EDGE_CURVE ( 'NONE', #5305, #4432, #1418, .T. ) ;
#4658 = ORIENTED_EDGE ( 'NONE', *, *, #4616, .F. ) ;
#4659 = EDGE_CURVE ( 'NONE', #3856, #1920, #4358, .T. ) ;
#4660 = VERTEX_POINT ( 'NONE', #3428 ) ;
#4661 = CARTESIAN_POINT ( 'NONE',  ( 252.2438438631130566, -418.1051625365939799, -20.81927046104920009 ) ) ;
#4662 = EDGE_CURVE ( 'NONE', #1631, #2278, #5134, .T. ) ;
#4663 = ORIENTED_EDGE ( 'NONE', *, *, #763, .F. ) ;
#4664 = PLANE ( 'NONE',  #5511 ) ;
#4665 = DIRECTION ( 'NONE',  ( 2.934562567422035131E-27, 2.775557561562769940E-17, -1.000000000000000000 ) ) ;
#4666 = AXIS2_PLACEMENT_3D ( 'NONE', #3834, #1619, #2570 ) ;
#4667 = FACE_OUTER_BOUND ( 'NONE', #64, .T. ) ;
#4668 = ORIENTED_EDGE ( 'NONE', *, *, #925, .F. ) ;
#4669 = ORIENTED_EDGE ( 'NONE', *, *, #1829, .T. ) ;
#4670 = DIRECTION ( 'NONE',  ( 0.000000000000000000, 0.000000000000000000, -1.000000000000000000 ) ) ;
#4671 = DIRECTION ( 'NONE',  ( 0.8547231051120705025, -0.5190842066443364100, -1.970436381841123638E-15 ) ) ;
#4672 = VERTEX_POINT ( 'NONE', #1300 ) ;
#4673 = LINE ( 'NONE', #2521, #4768 ) ;
#4674 = CARTESIAN_POINT ( 'NONE',  ( 244.7438438631124882, -410.7051529810600528, -28.10372101890750329 ) ) ;
#4675 = DIRECTION ( 'NONE',  ( 2.939295732853489987E-27, -2.775557561562769940E-17, 1.000000000000000000 ) ) ;
#4676 = AXIS2_PLACEMENT_3D ( 'NONE', #3061, #1265, #930 ) ;
#4677 = ORIENTED_EDGE ( 'NONE', *, *, #5169, .T. ) ;
#4678 = ORIENTED_EDGE ( 'NONE', *, *, #5473, .T. ) ;
#4679 = CYLINDRICAL_SURFACE ( 'NONE', #4034, 1.600000000000066702 ) ;
#4680 = DIRECTION ( 'NONE',  ( 1.000000000000000000, 2.591839481958564728E-28, -5.576766167467870875E-15 ) ) ;
#4681 = CARTESIAN_POINT ( 'NONE',  ( 286.2638438631131521, -417.4551529810585180, -28.10372101890803975 ) ) ;
#4682 = CARTESIAN_POINT ( 'NONE',  ( 275.7638438631135500, -415.1551625365865448, -21.11395431864299965 ) ) ;
#4683 = CARTESIAN_POINT ( 'NONE',  ( 254.8549144619336460, -387.7300480284716855, -6.393648936408057537 ) ) ;
#4684 = VERTEX_POINT ( 'NONE', #2588 ) ;
#4685 = EDGE_CURVE ( 'NONE', #3751, #2068, #2647, .T. ) ;
#4686 = EDGE_CURVE ( 'NONE', #4849, #4511, #5226, .T. ) ;
#4687 = VERTEX_POINT ( 'NONE', #880 ) ;
#4688 = ORIENTED_EDGE ( 'NONE', *, *, #4056, .F. ) ;
#4689 = FACE_OUTER_BOUND ( 'NONE', #2266, .T. ) ;
#4690 = CARTESIAN_POINT ( 'NONE',  ( 250.3249116749780114, -388.4262207929190254, 1.193489751472041867E-12 ) ) ;
#4691 = ADVANCED_FACE ( 'NONE', ( #2675 ), #3406, .F. ) ;
#4692 = AXIS2_PLACEMENT_3D ( 'NONE', #3134, #2629, #3981 ) ;
#4693 = DIRECTION ( 'NONE',  ( 1.000000000000000000, 0.000000000000000000, 0.000000000000000000 ) ) ;
#4694 = VERTEX_POINT ( 'NONE', #3055 ) ;
#4695 = ORIENTED_EDGE ( 'NONE', *, *, #3603, .T. ) ;
#4696 = CARTESIAN_POINT ( 'NONE',  ( 286.2638438631132090, -410.2051529810538568, -28.10372101890732921 ) ) ;
#4697 = CARTESIAN_POINT ( 'NONE',  ( 286.2638438631132090, -393.0051529810525608, -30.25778694175753714 ) ) ;
#4698 = EDGE_LOOP ( 'NONE', ( #852, #5259, #3857, #3189 ) ) ;
#4699 = DIRECTION ( 'NONE',  ( -1.000000000000000000, 3.944304526105059027E-31, 5.375484819755821767E-15 ) ) ;
#4700 = DIRECTION ( 'NONE',  ( 0.000000000000000000, 0.000000000000000000, -1.000000000000000000 ) ) ;
#4701 = VERTEX_POINT ( 'NONE', #2097 ) ;
#4702 = EDGE_LOOP ( 'NONE', ( #4724, #5215, #3945, #2696, #2744, #2769, #1057, #1694, #143, #3243, #2862, #618, #1173, #1068, #168, #2247, #1452 ) ) ;
#4703 = FACE_OUTER_BOUND ( 'NONE', #245, .T. ) ;
#4704 = CARTESIAN_POINT ( 'NONE',  ( 250.2438438631167230, -416.9581067744141478, -28.07309220718483544 ) ) ;
#4705 = CARTESIAN_POINT ( 'NONE',  ( 255.2438438631205315, -420.4551529810590296, -16.11395431864179884 ) ) ;
#4706 = CIRCLE ( 'NONE', #513, 0.2999999999999409250 ) ;
#4707 = DIRECTION ( 'NONE',  ( -1.000000000000000000, 3.944304526105059027E-31, 5.375484819755821767E-15 ) ) ;
#4708 = CARTESIAN_POINT ( 'NONE',  ( 252.5612280445218119, -386.0981269313305120, -13.35839161226512317 ) ) ;
#4709 = VERTEX_POINT ( 'NONE', #1259 ) ;
#4710 = VECTOR ( 'NONE', #1468, 1000.000000000000000 ) ;
#4711 = LINE ( 'NONE', #3548, #700 ) ;
#4712 = CARTESIAN_POINT ( 'NONE',  ( 248.9105105297834371, -410.7051529810600528, -28.10372101890871477 ) ) ;
#4713 = CIRCLE ( 'NONE', #1416, 1.600000000000056266 ) ;
#4714 = B_SPLINE_CURVE_WITH_KNOTS ( 'NONE', 3,
 ( #449, #890, #2153, #2599, #4841, #1425, #3133 ),
 .UNSPECIFIED., .F., .F.,
 ( 4, 1, 1, 1, 4 ),
 ( 1.488780273473473859, 1.901983368502504934, 2.315186463531535122, 2.728389558560570194, 3.141592653589600381 ),
 .UNSPECIFIED. ) ;
#4715 = EDGE_CURVE ( 'NONE', #3696, #4687, #2575, .T. ) ;
#4716 = VERTEX_POINT ( 'NONE', #1289 ) ;
#4717 = CARTESIAN_POINT ( 'NONE',  ( 269.4270437452879605, -405.5950840264740123, -6.938893903907229955E-15 ) ) ;
#4718 = ADVANCED_FACE ( 'NONE', ( #2632 ), #4342, .F. ) ;
#4719 = CARTESIAN_POINT ( 'NONE',  ( 257.3959794868445101, -413.8551529810600300, 0.000000000000000000 ) ) ;
#4720 = CIRCLE ( 'NONE', #1772, 3.000000000000129674 ) ;
#4721 = DIRECTION ( 'NONE',  ( -1.600298409602159776E-16, 2.775557561562769940E-17, -1.000000000000000000 ) ) ;
#4722 = VERTEX_POINT ( 'NONE', #841 ) ;
#4723 = AXIS2_PLACEMENT_3D ( 'NONE', #802, #3908, #524 ) ;
#4724 = ORIENTED_EDGE ( 'NONE', *, *, #3289, .F. ) ;
#4725 = CARTESIAN_POINT ( 'NONE',  ( 252.2438438631125450, -418.1051625365869882, -50.21927046105142978 ) ) ;
#4726 = CARTESIAN_POINT ( 'NONE',  ( 248.9105105297833802, -415.4551529810549937, -29.75778694176201711 ) ) ;
#4727 = ORIENTED_EDGE ( 'NONE', *, *, #825, .F. ) ;
#4728 = CARTESIAN_POINT ( 'NONE',  ( 247.7438438631126871, -383.7551625365834980, -17.08305600077185105 ) ) ;
#4729 = EDGE_CURVE ( 'NONE', #839, #681, #5179, .T. ) ;
#4730 = CARTESIAN_POINT ( 'NONE',  ( 256.7438438631130566, -412.8551529810555394, -27.21927046105090042 ) ) ;
#4731 = AXIS2_PLACEMENT_3D ( 'NONE', #180, #2277, #5273 ) ;
#4732 = CARTESIAN_POINT ( 'NONE',  ( 248.2438438631166946, -412.0502713377007353, -29.75778694176250028 ) ) ;
#4733 = ORIENTED_EDGE ( 'NONE', *, *, #2604, .T. ) ;
#4734 = ORIENTED_EDGE ( 'NONE', *, *, #5050, .T. ) ;
#4735 = CARTESIAN_POINT ( 'NONE',  ( 247.7438438631124598, -410.7051529810590296, -28.32229449178255010 ) ) ;
#4736 = AXIS2_PLACEMENT_3D ( 'NONE', #845, #4597, #3787 ) ;
#4737 = AXIS2_PLACEMENT_3D ( 'NONE', #84, #2983, #3046 ) ;
#4738 = DIRECTION ( 'NONE',  ( 1.000000000000000000, 8.881784197001244750E-14, 0.000000000000000000 ) ) ;
#4739 = CARTESIAN_POINT ( 'NONE',  ( 252.2438438631125450, -390.0051529810520492, -54.35368201230460272 ) ) ;
#4740 = FACE_OUTER_BOUND ( 'NONE', #3276, .T. ) ;
#4741 = CIRCLE ( 'NONE', #5455, 0.8000000000000506706 ) ;
#4742 = LINE ( 'NONE', #2617, #5345 ) ;
#4743 = CYLINDRICAL_SURFACE ( 'NONE', #3941, 4.750000000000181188 ) ;
#4744 = EDGE_LOOP ( 'NONE', ( #799, #3550, #912, #2849 ) ) ;
#4745 = LINE ( 'NONE', #2620, #69 ) ;
#4746 = CARTESIAN_POINT ( 'NONE',  ( 264.5038438631130475, -402.6051529810565626, 1.387778780781445991E-14 ) ) ;
#4747 = VECTOR ( 'NONE', #156, 1000.000000000000000 ) ;
#4748 = VERTEX_POINT ( 'NONE', #4313 ) ;
#4749 = CARTESIAN_POINT ( 'NONE',  ( 286.2638438631131521, -417.4551529810585180, -28.10372101890803975 ) ) ;
#4750 = CARTESIAN_POINT ( 'NONE',  ( 250.2438438631167799, -411.4678813314469039, -29.55319898969042569 ) ) ;
#4751 = EDGE_CURVE ( 'NONE', #3862, #1507, #5261, .T. ) ;
#4752 = DIRECTION ( 'NONE',  ( 0.000000000000000000, -2.775557561562769940E-17, 1.000000000000000000 ) ) ;
#4753 = ORIENTED_EDGE ( 'NONE', *, *, #1819, .F. ) ;
#4754 = EDGE_CURVE ( 'NONE', #1750, #4160, #3895, .T. ) ;
#4755 = ORIENTED_EDGE ( 'NONE', *, *, #4117, .F. ) ;
#4756 = FACE_OUTER_BOUND ( 'NONE', #3508, .T. ) ;
#4757 = FACE_OUTER_BOUND ( 'NONE', #4489, .T. ) ;
#4758 = ORIENTED_EDGE ( 'NONE', *, *, #5416, .T. ) ;
#4759 = DIRECTION ( 'NONE',  ( -1.000000000000000000, -2.603240987229334922E-28, -4.903502001796260478E-15 ) ) ;
#4760 = LINE ( 'NONE', #3413, #4269 ) ;
#4761 = CARTESIAN_POINT ( 'NONE',  ( 247.7438438631126871, -383.7551625365794621, -17.08305600077160236 ) ) ;
#4762 = B_SPLINE_CURVE_WITH_KNOTS ( 'NONE', 1,
 ( #3937, #521 ),
 .UNSPECIFIED., .F., .F.,
 ( 2, 2 ),
 ( 0.000000000000000000, 1.000000000000000000 ),
 .UNSPECIFIED. ) ;
#4763 = EDGE_LOOP ( 'NONE', ( #2955, #4184, #3131, #844, #514 ) ) ;
#4764 = EDGE_CURVE ( 'NONE', #3777, #5359, #2937, .T. ) ;
#4765 = ORIENTED_EDGE ( 'NONE', *, *, #602, .T. ) ;
#4766 = PLANE ( 'NONE',  #2507 ) ;
#4767 = DIRECTION ( 'NONE',  ( -2.934562567422035131E-27, -2.775557561562769940E-17, 1.000000000000000000 ) ) ;
#4768 = VECTOR ( 'NONE', #31, 1000.000000000000000 ) ;
#4769 = CARTESIAN_POINT ( 'NONE',  ( 252.2438438631125450, -385.4157076609159844, -50.04963715630060506 ) ) ;
#4770 = CYLINDRICAL_SURFACE ( 'NONE', #4918, 5.000000000000219380 ) ;
#4771 = EDGE_CURVE ( 'NONE', #1215, #2174, #782, .T. ) ;
#4772 = CARTESIAN_POINT ( 'NONE',  ( 286.2638438631132090, -410.2051529810538568, -28.10372101890732921 ) ) ;
#4773 = CARTESIAN_POINT ( 'NONE',  ( 274.2638438631130384, -411.7445984855415304, -7.219026328250650160 ) ) ;
#4774 = CARTESIAN_POINT ( 'NONE',  ( 251.2438438631130566, -415.1551625365865448, -2.184704601020900139 ) ) ;
#4775 = ORIENTED_EDGE ( 'NONE', *, *, #1892, .T. ) ;
#4776 = CARTESIAN_POINT ( 'NONE',  ( 257.3959794868445101, -423.8551529810600300, 3.500000000000415223 ) ) ;
#4777 = DIRECTION ( 'NONE',  ( -0.7071067811867295383, -0.7071067811863656072, -2.130390345238713234E-16 ) ) ;
#4778 = VERTEX_POINT ( 'NONE', #3926 ) ;
#4779 = DIRECTION ( 'NONE',  ( 9.890862587285109233E-19, 4.525339561408909293E-17, 1.000000000000000000 ) ) ;
#4780 = FACE_OUTER_BOUND ( 'NONE', #2798, .T. ) ;
#4781 = ORIENTED_EDGE ( 'NONE', *, *, #2812, .T. ) ;
#4782 = ORIENTED_EDGE ( 'NONE', *, *, #3120, .T. ) ;
#4783 = LINE ( 'NONE', #58, #3128 ) ;
#4784 = DIRECTION ( 'NONE',  ( -1.000000000000000000, 4.100245375925650532E-15, 5.390302858162440348E-15 ) ) ;
#4785 = ORIENTED_EDGE ( 'NONE', *, *, #3807, .F. ) ;
#4786 = DIRECTION ( 'NONE',  ( 5.390302858161300444E-15, -2.775557561562769940E-17, 1.000000000000000000 ) ) ;
#4787 = DIRECTION ( 'NONE',  ( 1.000000000000000000, 2.606507364415020158E-28, 0.000000000000000000 ) ) ;
#4788 = DIRECTION ( 'NONE',  ( 0.000000000000000000, 0.000000000000000000, -1.000000000000000000 ) ) ;
#4789 = EDGE_LOOP ( 'NONE', ( #715, #4017, #3638, #617 ) ) ;
#4790 = EDGE_LOOP ( 'NONE', ( #1789, #3498, #4959, #2746 ) ) ;
#4791 = DIRECTION ( 'NONE',  ( 1.435913207085161873E-27, 1.000000000000000000, -2.391975506554779607E-13 ) ) ;
#4792 = EDGE_CURVE ( 'NONE', #1487, #2355, #4644, .T. ) ;
#4793 = CARTESIAN_POINT ( 'NONE',  ( 270.5849612444114882, -396.5240355997560187, 3.140184917637550674E-17 ) ) ;
#4794 = LINE ( 'NONE', #3031, #5168 ) ;
#4795 = EDGE_CURVE ( 'NONE', #1825, #1309, #4016, .T. ) ;
#4796 = FACE_OUTER_BOUND ( 'NONE', #3740, .T. ) ;
#4797 = DIRECTION ( 'NONE',  ( 0.01354621894052116839, 0.9999082457667880508, -1.750706619366762587E-17 ) ) ;
#4798 = CARTESIAN_POINT ( 'NONE',  ( 248.2438438631167514, -393.8680754062783649, -29.45593980014399449 ) ) ;
#4799 = DIRECTION ( 'NONE',  ( -1.925929944387029862E-30, 2.775557561562769940E-17, -1.000000000000000000 ) ) ;
#4800 = CIRCLE ( 'NONE', #1576, 1.599999999999990319 ) ;
#4801 = EDGE_CURVE ( 'NONE', #4432, #1141, #4713, .T. ) ;
#4802 = LINE ( 'NONE', #3039, #4177 ) ;
#4803 = CARTESIAN_POINT ( 'NONE',  ( 281.0638438631135045, -393.0051529810530155, -30.25778694175780004 ) ) ;
#4804 = AXIS2_PLACEMENT_3D ( 'NONE', #1913, #1522, #5364 ) ;
#4805 = VERTEX_POINT ( 'NONE', #2547 ) ;
#4806 = DIRECTION ( 'NONE',  ( -1.000000000000000000, -2.629002670894259878E-28, 6.688090509789690555E-15 ) ) ;
#4807 = CIRCLE ( 'NONE', #2572, 4.750000000000181188 ) ;
#4808 = CARTESIAN_POINT ( 'NONE',  ( 312.3934261990580694, -387.7551529810539250, -17.35762632444511766 ) ) ;
#4809 = EDGE_LOOP ( 'NONE', ( #1242, #5318, #4932, #1588 ) ) ;
#4810 = ORIENTED_EDGE ( 'NONE', *, *, #51, .F. ) ;
#4811 = DIRECTION ( 'NONE',  ( -2.610120968996084999E-28, -1.000000000000000000, -2.028471477785374893E-41 ) ) ;
#4812 = LINE ( 'NONE', #2270, #125 ) ;
#4813 = ORIENTED_EDGE ( 'NONE', *, *, #3914, .F. ) ;
#4814 = AXIS2_PLACEMENT_3D ( 'NONE', #2971, #4654, #2018 ) ;
#4815 = LINE ( 'NONE', #979, #5219 ) ;
#4816 = DIRECTION ( 'NONE',  ( 1.000000000000000000, 2.606507364415020158E-28, 0.000000000000000000 ) ) ;
#4817 = CARTESIAN_POINT ( 'NONE',  ( 283.0638438631136751, -389.7551529810525039, -30.25778694175705397 ) ) ;
#4818 = ORIENTED_EDGE ( 'NONE', *, *, #1377, .T. ) ;
#4819 = VERTEX_POINT ( 'NONE', #4228 ) ;
#4820 = CARTESIAN_POINT ( 'NONE',  ( 231.3088150205684883, -367.7551529810489797, -5.387485081510529739 ) ) ;
#4821 = CARTESIAN_POINT ( 'NONE',  ( 250.2438438631167230, -415.4551529810549937, -29.75778694176311134 ) ) ;
#4822 = CIRCLE ( 'NONE', #3839, 1.600000000000066702 ) ;
#4823 = EDGE_CURVE ( 'NONE', #3582, #1826, #3473, .T. ) ;
#4824 = CARTESIAN_POINT ( 'NONE',  ( 244.7438438631129998, -388.2428876232649486, -28.19509716227494778 ) ) ;
#4825 = DIRECTION ( 'NONE',  ( -1.000000000000000000, -2.603240987229334922E-28, -4.903502001796260478E-15 ) ) ;
#4826 = DIRECTION ( 'NONE',  ( 1.000000000000000000, 4.738173134916859252E-14, 4.399283313151086745E-14 ) ) ;
#4827 = LINE ( 'NONE', #4469, #2040 ) ;
#4828 = CIRCLE ( 'NONE', #4562, 5.000000000000219380 ) ;
#4829 = CIRCLE ( 'NONE', #3488, 0.8000000000000367928 ) ;
#4830 = EDGE_CURVE ( 'NONE', #5359, #5477, #1768, .T. ) ;
#4831 = CARTESIAN_POINT ( 'NONE',  ( 261.5139128718440134, -397.6819530659984707, 6.938893903907229955E-15 ) ) ;
#4832 = FACE_OUTER_BOUND ( 'NONE', #4332, .T. ) ;
#4833 = EDGE_CURVE ( 'NONE', #1587, #3595, #3385, .T. ) ;
#4834 = EDGE_CURVE ( 'NONE', #285, #144, #4760, .T. ) ;
#4835 = EDGE_LOOP ( 'NONE', ( #5019, #1625, #5331, #1146, #3477 ) ) ;
#4836 = PLANE ( 'NONE',  #1404 ) ;
#4837 = CARTESIAN_POINT ( 'NONE',  ( 254.7438438631125450, -393.0051529810520492, -51.33259787371959959 ) ) ;
#4838 = ORIENTED_EDGE ( 'NONE', *, *, #3794, .T. ) ;
#4839 = EDGE_CURVE ( 'NONE', #2101, #1507, #5122, .T. ) ;
#4840 = ORIENTED_EDGE ( 'NONE', *, *, #2952, .F. ) ;
#4841 = CARTESIAN_POINT ( 'NONE',  ( 250.2438438631173199, -388.2979024181559566, -28.67062335264850859 ) ) ;
#4842 = CARTESIAN_POINT ( 'NONE',  ( 269.4535923768940506, -407.5549042146959664, 0.000000000000000000 ) ) ;
#4843 = ORIENTED_EDGE ( 'NONE', *, *, #2843, .F. ) ;
#4844 = FACE_OUTER_BOUND ( 'NONE', #3988, .T. ) ;
#4845 = CARTESIAN_POINT ( 'NONE',  ( 253.6937633863830115, -417.8865140964653051, -9.519059941187869356 ) ) ;
#4846 = PLANE ( 'NONE',  #2585 ) ;
#4847 = VECTOR ( 'NONE', #3884, 1000.000000000000000 ) ;
#4848 = ORIENTED_EDGE ( 'NONE', *, *, #3680, .T. ) ;
#4849 = VERTEX_POINT ( 'NONE', #3868 ) ;
#4850 = CARTESIAN_POINT ( 'NONE',  ( 283.0638438631136182, -412.8551529810515035, -28.01927046105194208 ) ) ;
#4851 = DIRECTION ( 'NONE',  ( 0.000000000000000000, -2.775557561562769940E-17, 1.000000000000000000 ) ) ;
#4852 = SHAPE_DEFINITION_REPRESENTATION ( #3821, #1472 ) ;
#4853 = CARTESIAN_POINT ( 'NONE',  ( 252.2438438631130566, -421.8187893446940393, -17.85761468114030137 ) ) ;
#4854 = DIRECTION ( 'NONE',  ( 2.934562567422035131E-27, 2.775557561562769940E-17, -1.000000000000000000 ) ) ;
#4855 = CARTESIAN_POINT ( 'NONE',  ( 247.7438438631124882, -383.0716923899844915, -51.92195988747057100 ) ) ;
#4856 = CIRCLE ( 'NONE', #5023, 5.000000000000219380 ) ;
#4857 = CARTESIAN_POINT ( 'NONE',  ( 315.6388496296644917, -415.2051529810545389, -54.35368201230490115 ) ) ;
#4858 = LINE ( 'NONE', #1020, #2222 ) ;
#4859 = CARTESIAN_POINT ( 'NONE',  ( 286.2638438631131521, -412.8551529810515035, -28.01927046105038954 ) ) ;
#4860 = ORIENTED_EDGE ( 'NONE', *, *, #792, .F. ) ;
#4861 = AXIS2_PLACEMENT_3D ( 'NONE', #2807, #684, #3278 ) ;
#4862 = ORIENTED_EDGE ( 'NONE', *, *, #4902, .T. ) ;
#4863 = EDGE_CURVE ( 'NONE', #4360, #128, #1227, .T. ) ;
#4864 = DIRECTION ( 'NONE',  ( 6.126907262877990617E-19, 1.748157245120154801E-17, 1.000000000000000000 ) ) ;
#4865 = EDGE_CURVE ( 'NONE', #2232, #195, #1401, .T. ) ;
#4866 = CYLINDRICAL_SURFACE ( 'NONE', #2331, 0.8000000000000367928 ) ;
#4867 = VERTEX_POINT ( 'NONE', #4042 ) ;
#4868 = ORIENTED_EDGE ( 'NONE', *, *, #5208, .T. ) ;
#4869 = CARTESIAN_POINT ( 'NONE',  ( 283.0638438631135614, -417.4551529810593706, -17.35762632444433251 ) ) ;
#4870 = ORIENTED_EDGE ( 'NONE', *, *, #3831, .T. ) ;
#4871 = DIRECTION ( 'NONE',  ( 1.000000000000000000, 2.571686551020499831E-28, 0.000000000000000000 ) ) ;
#4872 = DIRECTION ( 'NONE',  ( 2.938506871948265029E-27, -2.775557561562769940E-17, 1.000000000000000000 ) ) ;
#4873 = ADVANCED_FACE ( 'NONE', ( #1905 ), #5328, .F. ) ;
#4874 = DIRECTION ( 'NONE',  ( 0.000000000000000000, 0.000000000000000000, 1.000000000000000000 ) ) ;
#4875 = ORIENTED_EDGE ( 'NONE', *, *, #1606, .T. ) ;
#4876 = ORIENTED_EDGE ( 'NONE', *, *, #3882, .F. ) ;
#4877 = CARTESIAN_POINT ( 'NONE',  ( 248.2438438631138808, -388.2428876232569905, -28.19509716227625162 ) ) ;
#4878 = CYLINDRICAL_SURFACE ( 'NONE', #2717, 5.000000000000219380 ) ;
#4879 = CYLINDRICAL_SURFACE ( 'NONE', #102, 0.3599999999999085043 ) ;
#4880 = VECTOR ( 'NONE', #4784, 1000.000000000000000 ) ;
#4881 = CARTESIAN_POINT ( 'NONE',  ( 269.1193436818739997, -405.4082132931445130, 8.257283745649599750E-13 ) ) ;
#4882 = CARTESIAN_POINT ( 'NONE',  ( 250.2438438631167230, -393.0051529810500597, -29.75778694175870953 ) ) ;
#4883 = DIRECTION ( 'NONE',  ( 0.000000000000000000, 0.000000000000000000, 1.000000000000000000 ) ) ;
#4884 = LINE ( 'NONE', #1079, #4369 ) ;
#4885 = CARTESIAN_POINT ( 'NONE',  ( 283.0638438631135045, -411.7445984855426104, -16.94911424917955145 ) ) ;
#4886 = ORIENTED_EDGE ( 'NONE', *, *, #3012, .F. ) ;
#4887 = CARTESIAN_POINT ( 'NONE',  ( 252.2438438631130566, -383.7551625365869654, -17.08305600077160236 ) ) ;
#4888 = CARTESIAN_POINT ( 'NONE',  ( 283.0638438631136182, -412.8551529810525267, -28.81927046105199253 ) ) ;
#4889 = ADVANCED_FACE ( 'NONE', ( #1062 ), #1827, .F. ) ;
#4890 = LINE ( 'NONE', #4061, #206 ) ;
#4891 = EDGE_LOOP ( 'NONE', ( #828, #1086, #411, #4669 ) ) ;
#4892 = CARTESIAN_POINT ( 'NONE',  ( 247.7438438631124313, -390.0051529810495481, -54.35368201230549801 ) ) ;
#4893 = EDGE_CURVE ( 'NONE', #3161, #3085, #3642, .T. ) ;
#4894 = EDGE_LOOP ( 'NONE', ( #1002, #1657, #4589, #5507 ) ) ;
#4895 = CARTESIAN_POINT ( 'NONE',  ( 250.2438438631167230, -416.9451125413014552, -28.29121686792386470 ) ) ;
#4896 = CARTESIAN_POINT ( 'NONE',  ( 252.4389104235916648, -419.3896018308210500, -13.96953594260129883 ) ) ;
#4897 = CARTESIAN_POINT ( 'NONE',  ( 239.7940963948070134, -387.1051529810490024, -19.21927046104887893 ) ) ;
#4898 = ORIENTED_EDGE ( 'NONE', *, *, #1917, .T. ) ;
#4899 = AXIS2_PLACEMENT_3D ( 'NONE', #32, #1734, #1035 ) ;
#4900 = ORIENTED_EDGE ( 'NONE', *, *, #2274, .T. ) ;
#4901 = CARTESIAN_POINT ( 'NONE',  ( 250.2438438631138240, -388.2604259440230408, -27.96530097144356120 ) ) ;
#4902 = EDGE_CURVE ( 'NONE', #3251, #613, #2316, .T. ) ;
#4903 = EDGE_CURVE ( 'NONE', #3358, #1548, #4807, .T. ) ;
#4904 = CARTESIAN_POINT ( 'NONE',  ( 252.2438438631130566, -412.2051529810555621, -1.103284130721250120E-12 ) ) ;
#4905 = AXIS2_PLACEMENT_3D ( 'NONE', #1236, #1996, #4154 ) ;
#4906 = DIRECTION ( 'NONE',  ( 0.000000000000000000, 0.000000000000000000, -1.000000000000000000 ) ) ;
#4907 = AXIS2_PLACEMENT_3D ( 'NONE', #2028, #4185, #2874 ) ;
#4908 = CARTESIAN_POINT ( 'NONE',  ( 283.0638438631136182, -395.0051529810527313, -28.10372101890466823 ) ) ;
#4909 = LINE ( 'NONE', #742, #3308 ) ;
#4910 = CIRCLE ( 'NONE', #4278, 5.000000000000220268 ) ;
#4911 = AXIS2_PLACEMENT_3D ( 'NONE', #2576, #3443, #5148 ) ;
#4912 = DIRECTION ( 'NONE',  ( 1.231207219110849596E-27, -1.000000000000000000, -1.944555627630870299E-13 ) ) ;
#4913 = DIRECTION ( 'NONE',  ( 1.000000000000000000, 2.571686551020499831E-28, 0.000000000000000000 ) ) ;
#4914 = DIRECTION ( 'NONE',  ( 1.000000000000000000, -3.944304526105059027E-31, -5.375484819755821767E-15 ) ) ;
#4915 = VECTOR ( 'NONE', #3300, 1000.000000000000000 ) ;
#4916 = ORIENTED_EDGE ( 'NONE', *, *, #739, .F. ) ;
#4917 = AXIS2_PLACEMENT_3D ( 'NONE', #1744, #2255, #3969 ) ;
#4918 = AXIS2_PLACEMENT_3D ( 'NONE', #42, #520, #1769 ) ;
#4919 = DIRECTION ( 'NONE',  ( -1.000000000000000000, 3.944304526105059027E-31, 5.375484819755821767E-15 ) ) ;
#4920 = CYLINDRICAL_SURFACE ( 'NONE', #2750, 20.00000000000084910 ) ;
#4921 = VECTOR ( 'NONE', #578, 1000.000000000000000 ) ;
#4922 = ORIENTED_EDGE ( 'NONE', *, *, #754, .T. ) ;
#4923 = B_SPLINE_CURVE_WITH_KNOTS ( 'NONE', 3,
 ( #66, #4735, #4290, #96, #575, #1320, #1433 ),
 .UNSPECIFIED., .F., .F.,
 ( 4, 1, 1, 1, 4 ),
 ( 1.166250348327868997E-15, 0.0006142477001714813974, 0.001228495400341788170, 0.001842743100512102316, 0.002456990800682409305 ),
 .UNSPECIFIED. ) ;
#4924 = VERTEX_POINT ( 'NONE', #4484 ) ;
#4925 = DIRECTION ( 'NONE',  ( 0.000000000000000000, 0.000000000000000000, -1.000000000000000000 ) ) ;
#4926 = ORIENTED_EDGE ( 'NONE', *, *, #2227, .F. ) ;
#4927 = CARTESIAN_POINT ( 'NONE',  ( 250.2438438631167230, -416.8368543349600372, -28.76846093529883674 ) ) ;
#4928 = DIRECTION ( 'NONE',  ( -5.551115123125546833E-15, -4.996003610812992386E-14, -1.000000000000000000 ) ) ;
#4929 = AXIS2_PLACEMENT_3D ( 'NONE', #3567, #236, #1123 ) ;
#4930 = EDGE_CURVE ( 'NONE', #1462, #110, #4010, .T. ) ;
#4931 = FACE_OUTER_BOUND ( 'NONE', #5471, .T. ) ;
#4932 = ORIENTED_EDGE ( 'NONE', *, *, #2011, .F. ) ;
#4933 = ORIENTED_EDGE ( 'NONE', *, *, #112, .T. ) ;
#4934 = DIRECTION ( 'NONE',  ( -1.000000000000000000, 6.700788708272324096E-14, 3.242653474416212924E-26 ) ) ;
#4935 = DIRECTION ( 'NONE',  ( 1.231207219110849596E-27, -1.000000000000000000, -1.944555627630870299E-13 ) ) ;
#4936 = EDGE_CURVE ( 'NONE', #3618, #2458, #273, .T. ) ;
#4937 = CARTESIAN_POINT ( 'NONE',  ( 247.7438438631126303, -417.4551529810555053, -0.01000000000005586524 ) ) ;
#4938 = LINE ( 'NONE', #2752, #1411 ) ;
#4939 = CARTESIAN_POINT ( 'NONE',  ( 248.2438438631167514, -416.9622201525792775, -28.12698782504627459 ) ) ;
#4940 = CARTESIAN_POINT ( 'NONE',  ( 247.7438438631124598, -387.1051529810485476, -51.81927046105050039 ) ) ;
#4941 = CARTESIAN_POINT ( 'NONE',  ( 281.0638438631135614, -411.0335801058012066, -30.25778694176120354 ) ) ;
#4942 = EDGE_CURVE ( 'NONE', #2278, #1454, #1143, .T. ) ;
#4943 = LINE ( 'NONE', #2817, #98 ) ;
#4944 = VECTOR ( 'NONE', #118, 1000.000000000000000 ) ;
#4945 = ORIENTED_EDGE ( 'NONE', *, *, #341, .F. ) ;
#4946 = FACE_OUTER_BOUND ( 'NONE', #4399, .T. ) ;
#4947 = CIRCLE ( 'NONE', #2446, 0.5000000000000220934 ) ;
#4948 = ORIENTED_EDGE ( 'NONE', *, *, #1606, .F. ) ;
#4949 = CARTESIAN_POINT ( 'NONE',  ( 247.7438438631125450, -393.0051529810575062, -29.75778694175781069 ) ) ;
#4950 = VERTEX_POINT ( 'NONE', #1169 ) ;
#4951 = CARTESIAN_POINT ( 'NONE',  ( 284.2638438631135500, -389.7551529810519924, -30.25778694175679817 ) ) ;
#4952 = DIRECTION ( 'NONE',  ( -1.000000000000000000, 4.100245375925650532E-15, 5.390302858162440348E-15 ) ) ;
#4953 = DIRECTION ( 'NONE',  ( 1.000000000000000000, 3.597945870030468086E-13, 0.000000000000000000 ) ) ;
#4954 = ORIENTED_EDGE ( 'NONE', *, *, #1042, .F. ) ;
#4955 = EDGE_LOOP ( 'NONE', ( #2044, #2732, #835, #1580, #5087, #5033 ) ) ;
#4956 = CARTESIAN_POINT ( 'NONE',  ( 284.2638438631135500, -410.2051529810547095, -29.36554362226931403 ) ) ;
#4957 = CARTESIAN_POINT ( 'NONE',  ( 250.2438438631167230, -411.6984602905836823, -29.66435518841742791 ) ) ;
#4958 = CARTESIAN_POINT ( 'NONE',  ( 251.2438438631205315, -415.1551625365890459, -5.184704601020859727 ) ) ;
#4959 = ORIENTED_EDGE ( 'NONE', *, *, #1775, .T. ) ;
#4960 = CARTESIAN_POINT ( 'NONE',  ( 250.2438438631168651, -412.8551529810540046, -7.319270461050439991 ) ) ;
#4961 = EDGE_CURVE ( 'NONE', #1272, #5377, #2031, .T. ) ;
#4962 = CARTESIAN_POINT ( 'NONE',  ( 247.7438438631126019, -412.8551529810540046, -7.319270461050429333 ) ) ;
#4963 = CARTESIAN_POINT ( 'NONE',  ( 269.4319220244229882, -399.2552597184694605, 3.500000000000185185 ) ) ;
#4964 = EDGE_CURVE ( 'NONE', #333, #2903, #1956, .T. ) ;
#4965 = CARTESIAN_POINT ( 'NONE',  ( 284.2638438631135500, -410.2051529810555053, -28.10372101890760277 ) ) ;
#4966 = DIRECTION ( 'NONE',  ( 8.160567494706039367E-17, 1.066160604663047795E-16, 1.000000000000000000 ) ) ;
#4967 = EDGE_CURVE ( 'NONE', #3618, #164, #1860, .T. ) ;
#4968 = ORIENTED_EDGE ( 'NONE', *, *, #3603, .F. ) ;
#4969 = VERTEX_POINT ( 'NONE', #3220 ) ;
#4970 = DIRECTION ( 'NONE',  ( 9.251858538542577792E-15, 0.000000000000000000, 1.000000000000000000 ) ) ;
#4971 = ORIENTED_EDGE ( 'NONE', *, *, #699, .F. ) ;
#4972 = CARTESIAN_POINT ( 'NONE',  ( 248.2438438631167514, -416.5864631402624241, -29.18914213092025989 ) ) ;
#4973 = DIRECTION ( 'NONE',  ( -1.000000000000000000, -2.604654752977284787E-28, 5.551115123125540522E-15 ) ) ;
#4974 = CIRCLE ( 'NONE', #2388, 10.00000000000018119 ) ;
#4975 = LINE ( 'NONE', #2033, #5450 ) ;
#4976 = ORIENTED_EDGE ( 'NONE', *, *, #4579, .F. ) ;
#4977 = ORIENTED_EDGE ( 'NONE', *, *, #4729, .F. ) ;
#4978 = DIRECTION ( 'NONE',  ( 5.390302858160790051E-15, 1.944555627630870299E-13, -1.000000000000000000 ) ) ;
#4979 = VECTOR ( 'NONE', #4300, 1000.000000000000000 ) ;
#4980 = CARTESIAN_POINT ( 'NONE',  ( 250.2438438631167230, -393.8680754062783649, -29.45593980014400515 ) ) ;
#4981 = VECTOR ( 'NONE', #4952, 1000.000000000000000 ) ;
#4982 = CARTESIAN_POINT ( 'NONE',  ( 254.7438438631130566, -412.2051529810555621, -1.151856388048599911E-12 ) ) ;
#4983 = VERTEX_POINT ( 'NONE', #1612 ) ;
#4984 = DIRECTION ( 'NONE',  ( 1.000000000000000000, -3.944304526105059027E-31, -5.375484819755820978E-15 ) ) ;
#4985 = LINE ( 'NONE', #3628, #1599 ) ;
#4986 = DIRECTION ( 'NONE',  ( 1.000000000000000000, 2.591839481958564728E-28, 0.000000000000000000 ) ) ;
#4987 = VECTOR ( 'NONE', #2667, 1000.000000000000000 ) ;
#4988 = CYLINDRICAL_SURFACE ( 'NONE', #4814, 3.000000000000127454 ) ;
#4989 = EDGE_CURVE ( 'NONE', #2296, #496, #80, .T. ) ;
#4990 = LINE ( 'NONE', #5418, #2238 ) ;
#4991 = VECTOR ( 'NONE', #5337, 1000.000000000000000 ) ;
#4992 = ORIENTED_EDGE ( 'NONE', *, *, #663, .F. ) ;
#4993 = EDGE_CURVE ( 'NONE', #1953, #4160, #5381, .T. ) ;
#4994 = EDGE_CURVE ( 'NONE', #4969, #181, #3247, .T. ) ;
#4995 = VECTOR ( 'NONE', #4618, 1000.000000000000000 ) ;
#4996 = ADVANCED_FACE ( 'NONE', ( #1119 ), #1981, .T. ) ;
#4997 = ORIENTED_EDGE ( 'NONE', *, *, #5165, .T. ) ;
#4998 = DIRECTION ( 'NONE',  ( -1.000000000000000000, -2.563797941968289713E-28, 2.939295732853489987E-27 ) ) ;
#4999 = ORIENTED_EDGE ( 'NONE', *, *, #2098, .T. ) ;
#5000 = DIRECTION ( 'NONE',  ( -2.588550553618949751E-28, -1.000000000000000000, -2.775557561562769940E-17 ) ) ;
#5001 = CARTESIAN_POINT ( 'NONE',  ( 253.7250372124944988, -417.8679421446940978, -9.429927458995456035 ) ) ;
#5002 = VECTOR ( 'NONE', #4205, 1000.000000000000000 ) ;
#5003 = AXIS2_PLACEMENT_3D ( 'NONE', #5496, #1653, #3366 ) ;
#5004 = ADVANCED_FACE ( 'NONE', ( #3273 ), #2557, .F. ) ;
#5005 = CARTESIAN_POINT ( 'NONE',  ( 269.4535903945139808, -397.6554064496554588, 0.000000000000000000 ) ) ;
#5006 = ORIENTED_EDGE ( 'NONE', *, *, #5239, .F. ) ;
#5007 = ORIENTED_EDGE ( 'NONE', *, *, #2678, .F. ) ;
#5008 = FACE_OUTER_BOUND ( 'NONE', #2976, .T. ) ;
#5009 = DIRECTION ( 'NONE',  ( -1.000000000000000000, 6.700788708272324096E-14, 3.242653474416212924E-26 ) ) ;
#5010 = AXIS2_PLACEMENT_3D ( 'NONE', #2636, #515, #1738 ) ;
#5011 = DIRECTION ( 'NONE',  ( -1.000000000000000000, 6.700788708272324096E-14, 3.242653474416212924E-26 ) ) ;
#5012 = ORIENTED_EDGE ( 'NONE', *, *, #3842, .T. ) ;
#5013 = CARTESIAN_POINT ( 'NONE',  ( 244.7438438631129998, -393.1966389545930269, -29.75778694175779648 ) ) ;
#5014 = DIRECTION ( 'NONE',  ( 0.000000000000000000, 0.000000000000000000, -1.000000000000000000 ) ) ;
#5015 = CARTESIAN_POINT ( 'NONE',  ( 231.3088150205684883, -418.1051529810504803, -20.81927046104854995 ) ) ;
#5016 = LINE ( 'NONE', #4575, #2949 ) ;
#5017 = CARTESIAN_POINT ( 'NONE',  ( 254.5356660385196790, -387.6716864953615982, -7.226621155207021197 ) ) ;
#5018 = AXIS2_PLACEMENT_3D ( 'NONE', #5198, #5227, #941 ) ;
#5019 = ORIENTED_EDGE ( 'NONE', *, *, #4657, .F. ) ;
#5020 = ORIENTED_EDGE ( 'NONE', *, *, #222, .F. ) ;
#5021 = EDGE_CURVE ( 'NONE', #500, #1261, #2397, .T. ) ;
#5022 = CARTESIAN_POINT ( 'NONE',  ( 279.0638438631154372, -390.0551529810550164, -3.941032595217852208 ) ) ;
#5023 = AXIS2_PLACEMENT_3D ( 'NONE', #4400, #3671, #4065 ) ;
#5024 = EDGE_LOOP ( 'NONE', ( #729, #2508, #2882, #983 ) ) ;
#5025 = DIRECTION ( 'NONE',  ( 0.000000000000000000, 2.775557561562769940E-17, -1.000000000000000000 ) ) ;
#5026 = ADVANCED_FACE ( 'NONE', ( #2929 ), #3826, .F. ) ;
#5027 = CARTESIAN_POINT ( 'NONE',  ( 254.5586535618867288, -417.5338083830006326, -7.166515889107231807 ) ) ;
#5028 = DIRECTION ( 'NONE',  ( 5.375484819755821767E-15, 5.347729244144627041E-15, 1.000000000000000000 ) ) ;
#5029 = ORIENTED_EDGE ( 'NONE', *, *, #1138, .T. ) ;
#5030 = ORIENTED_EDGE ( 'NONE', *, *, #4751, .T. ) ;
#5031 = CARTESIAN_POINT ( 'NONE',  ( 259.8883451881389988, -405.4082151764924902, 0.000000000000000000 ) ) ;
#5032 = CARTESIAN_POINT ( 'NONE',  ( 272.2638438631130384, -392.3551529810545162, -4.369270461046667720 ) ) ;
#5033 = ORIENTED_EDGE ( 'NONE', *, *, #4182, .T. ) ;
#5034 = CARTESIAN_POINT ( 'NONE',  ( 250.2438438631167799, -392.3551529810545162, -28.81927046104779677 ) ) ;
#5035 = EDGE_CURVE ( 'NONE', #2822, #226, #3774, .T. ) ;
#5036 = CARTESIAN_POINT ( 'NONE',  ( 286.2638438631131521, -387.7551529810530155, -28.10372101890289187 ) ) ;
#5037 = VERTEX_POINT ( 'NONE', #805 ) ;
#5038 = VERTEX_POINT ( 'NONE', #5479 ) ;
#5039 = DIRECTION ( 'NONE',  ( 0.000000000000000000, 0.000000000000000000, 1.000000000000000000 ) ) ;
#5040 = FACE_OUTER_BOUND ( 'NONE', #2215, .T. ) ;
#5041 = LINE ( 'NONE', #1652, #529 ) ;
#5042 = DIRECTION ( 'NONE',  ( -6.661338147750646575E-15, 0.000000000000000000, -1.000000000000000000 ) ) ;
#5043 = CARTESIAN_POINT ( 'NONE',  ( 253.9175384606043906, -387.4464450229540375, -8.889731374798079955 ) ) ;
#5044 = VERTEX_POINT ( 'NONE', #1696 ) ;
#5045 = ORIENTED_EDGE ( 'NONE', *, *, #5180, .T. ) ;
#5046 = CARTESIAN_POINT ( 'NONE',  ( 283.0638438631136182, -412.8551529810515035, -27.21927046105189163 ) ) ;
#5047 = ORIENTED_EDGE ( 'NONE', *, *, #3425, .T. ) ;
#5048 = DIRECTION ( 'NONE',  ( 5.551115123125560243E-15, 0.000000000000000000, -1.000000000000000000 ) ) ;
#5049 = CARTESIAN_POINT ( 'NONE',  ( 250.2438438631167799, -410.8104575302797343, -28.71179391705659967 ) ) ;
#5050 = EDGE_CURVE ( 'NONE', #1920, #4819, #4245, .T. ) ;
#5051 = DIRECTION ( 'NONE',  ( -1.000000000000000000, -2.591739260015509782E-28, 0.000000000000000000 ) ) ;
#5052 = B_SPLINE_SURFACE_WITH_KNOTS ( 'NONE', 3, 1, ( 
 ( #1935, #2335 ),
 ( #1962, #1516 ),
 ( #4070, #2830 ),
 ( #5387, #209 ),
 ( #1544, #5360 ),
 ( #3171, #4877 ),
 ( #4901, #1565 ) ),
 .UNSPECIFIED., .F., .F., .F.,
 ( 4, 1, 1, 1, 4 ),
 ( 2, 2 ),
 ( 1.488780273473473859, 1.901983368502504934, 2.315186463531535122, 2.728389558560570194, 3.141592653589600381 ),
 ( 0.000000000000000000, 1.000000000000000000 ),
 .UNSPECIFIED. ) ;
#5053 = ORIENTED_EDGE ( 'NONE', *, *, #3417, .T. ) ;
#5054 = EDGE_CURVE ( 'NONE', #5209, #3861, #2982, .T. ) ;
#5055 = ORIENTED_EDGE ( 'NONE', *, *, #3185, .F. ) ;
#5056 = FACE_BOUND ( 'NONE', #182, .T. ) ;
#5057 = CARTESIAN_POINT ( 'NONE',  ( 283.0638438631134477, -392.3551529810545162, -4.369270461047499943 ) ) ;
#5058 = AXIS2_PLACEMENT_3D ( 'NONE', #2761, #4919, #2794 ) ;
#5059 = ORIENTED_EDGE ( 'NONE', *, *, #3089, .T. ) ;
#5060 = CYLINDRICAL_SURFACE ( 'NONE', #386, 0.5000000000000498490 ) ;
#5061 = CIRCLE ( 'NONE', #2837, 3.000000000000127454 ) ;
#5062 =( NAMED_UNIT ( * ) SI_UNIT ( $, .STERADIAN. ) SOLID_ANGLE_UNIT ( ) );
#5063 = ORIENTED_EDGE ( 'NONE', *, *, #856, .F. ) ;
#5064 = EDGE_CURVE ( 'NONE', #2458, #4511, #1638, .T. ) ;
#5065 = AXIS2_PLACEMENT_3D ( 'NONE', #2391, #2313, #213 ) ;
#5066 = EDGE_CURVE ( 'NONE', #1815, #899, #3011, .T. ) ;
#5067 = ORIENTED_EDGE ( 'NONE', *, *, #248, .F. ) ;
#5068 = CARTESIAN_POINT ( 'NONE',  ( 251.2438438631205315, -390.0551529810555280, -5.184704601020859727 ) ) ;
#5069 = DIRECTION ( 'NONE',  ( 1.636273461515589972E-15, -1.021488297954392036E-15, 1.000000000000000000 ) ) ;
#5070 = CYLINDRICAL_SURFACE ( 'NONE', #2403, 3.000000000000127454 ) ;
#5071 = VECTOR ( 'NONE', #2087, 1000.000000000000000 ) ;
#5072 = DIRECTION ( 'NONE',  ( 1.271624762625578126E-26, -2.941487633175690366E-13, 1.000000000000000000 ) ) ;
#5073 = EDGE_CURVE ( 'NONE', #3258, #2296, #4273, .T. ) ;
#5074 = CARTESIAN_POINT ( 'NONE',  ( 253.5688885077994144, -387.2457896812943545, -9.878238368086750043 ) ) ;
#5075 = CIRCLE ( 'NONE', #1327, 0.8000000000000372369 ) ;
#5076 = ORIENTED_EDGE ( 'NONE', *, *, #4903, .T. ) ;
#5077 = VERTEX_POINT ( 'NONE', #5139 ) ;
#5078 = DIRECTION ( 'NONE',  ( 1.000000000000000000, 2.571686551020499831E-28, 0.000000000000000000 ) ) ;
#5079 = ORIENTED_EDGE ( 'NONE', *, *, #3882, .T. ) ;
#5080 = AXIS2_PLACEMENT_3D ( 'NONE', #2890, #343, #3762 ) ;
#5081 = VECTOR ( 'NONE', #5011, 1000.000000000000000 ) ;
#5082 = DIRECTION ( 'NONE',  ( -2.563797941968289713E-28, 1.000000000000000000, 2.775557561562769940E-17 ) ) ;
#5083 = LINE ( 'NONE', #832, #3200 ) ;
#5084 = CARTESIAN_POINT ( 'NONE',  ( 246.7438438631129998, -383.9790125980629796, -17.08305600077330055 ) ) ;
#5085 = CIRCLE ( 'NONE', #4192, 4.750000000000188294 ) ;
#5086 = ORIENTED_EDGE ( 'NONE', *, *, #4323, .T. ) ;
#5087 = ORIENTED_EDGE ( 'NONE', *, *, #932, .T. ) ;
#5088 = DIRECTION ( 'NONE',  ( 6.323447269022148859E-15, 2.775557561562769940E-17, -1.000000000000000000 ) ) ;
#5089 = CARTESIAN_POINT ( 'NONE',  ( 247.7438438631123176, -412.2051529810544253, -54.35368201230370033 ) ) ;
#5090 = ORIENTED_EDGE ( 'NONE', *, *, #4686, .T. ) ;
#5091 = DIRECTION ( 'NONE',  ( 2.939295732853489987E-27, -2.775557561562769940E-17, 1.000000000000000000 ) ) ;
#5092 = DIRECTION ( 'NONE',  ( -1.000000000000000000, -2.591739260015509782E-28, 5.390302858161300444E-15 ) ) ;
#5093 = VECTOR ( 'NONE', #5500, 1000.000000000000000 ) ;
#5094 = CIRCLE ( 'NONE', #800, 1.600000000000101341 ) ;
#5095 = AXIS2_PLACEMENT_3D ( 'NONE', #611, #1021, #5290 ) ;
#5096 = CARTESIAN_POINT ( 'NONE',  ( 286.2638438631131521, -402.4222864642715081, -21.39655090833488771 ) ) ;
#5097 = ORIENTED_EDGE ( 'NONE', *, *, #1100, .F. ) ;
#5098 = ORIENTED_EDGE ( 'NONE', *, *, #1034, .F. ) ;
#5099 = CARTESIAN_POINT ( 'NONE',  ( 286.2638438631131521, -395.0051529810530155, -28.10372101890359176 ) ) ;
#5100 = EDGE_CURVE ( 'NONE', #1262, #1313, #3461, .T. ) ;
#5101 = FACE_OUTER_BOUND ( 'NONE', #3759, .T. ) ;
#5102 = LINE ( 'NONE', #2423, #2035 ) ;
#5103 = ADVANCED_FACE ( 'NONE', ( #884 ), #3799, .F. ) ;
#5104 = CARTESIAN_POINT ( 'NONE',  ( 274.2638438631130384, -411.2445984855410188, -7.219026328250659930 ) ) ;
#5105 = CARTESIAN_POINT ( 'NONE',  ( 254.2788788969636471, -387.5958464928733065, -7.907706308411476925 ) ) ;
#5106 = VERTEX_POINT ( 'NONE', #3376 ) ;
#5107 =( BOUNDED_SURFACE ( )  B_SPLINE_SURFACE ( 3, 1, ( 
 ( #4352, #522 ),
 ( #606, #2286 ),
 ( #3092, #2672 ),
 ( #3939, #495 ) ),
 .UNSPECIFIED., .F., .F., .F. ) 
 B_SPLINE_SURFACE_WITH_KNOTS ( ( 4, 4 ),
 ( 2, 2 ),
 ( 0.000000000000000000, 1.000000000000000000 ),
 ( 0.000000000000000000, 1.000000000000000000 ),
 .UNSPECIFIED. ) 
 GEOMETRIC_REPRESENTATION_ITEM ( )  RATIONAL_B_SPLINE_SURFACE ( (
 ( 1.000000000000000000, 1.000000000000000000),
 ( 0.8047378541244140093, 0.8047378541244140093),
 ( 0.8047378541244140093, 0.8047378541244140093),
 ( 1.000000000000000000, 1.000000000000000000) ) ) 
 REPRESENTATION_ITEM ( '' )  SURFACE ( )  );
#5108 = EDGE_CURVE ( 'NONE', #5241, #1456, #5083, .T. ) ;
#5109 = ORIENTED_EDGE ( 'NONE', *, *, #3008, .T. ) ;
#5110 = VECTOR ( 'NONE', #4114, 1000.000000000000000 ) ;
#5111 = ORIENTED_EDGE ( 'NONE', *, *, #1377, .F. ) ;
#5112 = CARTESIAN_POINT ( 'NONE',  ( 252.2438438631130566, -382.4156914423934950, 0.0001239210044093330145 ) ) ;
#5113 = CARTESIAN_POINT ( 'NONE',  ( 248.2438438631166946, -410.9171393456074384, -29.01032084882994511 ) ) ;
#5114 = DIRECTION ( 'NONE',  ( -6.323447269022148859E-15, 0.000000000000000000, 1.000000000000000000 ) ) ;
#5115 = ORIENTED_EDGE ( 'NONE', *, *, #3222, .T. ) ;
#5116 = AXIS2_PLACEMENT_3D ( 'NONE', #2658, #4453, #4370 ) ;
#5117 = EDGE_LOOP ( 'NONE', ( #5228, #5012, #2217, #5483 ) ) ;
#5118 = DIRECTION ( 'NONE',  ( 5.551115123125546833E-15, -2.775557561562773416E-15, 1.000000000000000000 ) ) ;
#5119 = DIRECTION ( 'NONE',  ( -2.934562567422035131E-27, -2.775557561562769940E-17, 1.000000000000000000 ) ) ;
#5120 = ORIENTED_EDGE ( 'NONE', *, *, #2719, .F. ) ;
#5121 = CARTESIAN_POINT ( 'NONE',  ( 247.7438438631124882, -402.6051529810544594, -36.31927046105040091 ) ) ;
#5122 = LINE ( 'NONE', #865, #2755 ) ;
#5123 = CARTESIAN_POINT ( 'NONE',  ( 247.7438438631126303, -417.4551529810560169, 3.499999999999988454 ) ) ;
#5124 = ORIENTED_EDGE ( 'NONE', *, *, #3730, .T. ) ;
#5125 = VERTEX_POINT ( 'NONE', #243 ) ;
#5126 = CARTESIAN_POINT ( 'NONE',  ( 244.7438438631129998, -394.0788677525345065, -29.31879773704834946 ) ) ;
#5127 = DIRECTION ( 'NONE',  ( 9.251858538542577792E-15, 0.000000000000000000, 1.000000000000000000 ) ) ;
#5128 = CARTESIAN_POINT ( 'NONE',  ( 269.4319220244229882, -399.2552597184704837, 0.000000000000000000 ) ) ;
#5129 = EDGE_CURVE ( 'NONE', #5177, #2060, #1323, .T. ) ;
#5130 = DIRECTION ( 'NONE',  ( -2.588550553618949751E-28, -1.000000000000000000, -2.775557561562769940E-17 ) ) ;
#5131 = CARTESIAN_POINT ( 'NONE',  ( 252.7473677998976598, -386.4213333712185090, -12.57243171619018796 ) ) ;
#5132 = EDGE_CURVE ( 'NONE', #2174, #8, #269, .T. ) ;
#5133 = ORIENTED_EDGE ( 'NONE', *, *, #3226, .F. ) ;
#5134 = LINE ( 'NONE', #940, #3820 ) ;
#5135 = DIRECTION ( 'NONE',  ( -5.551115123125546833E-15, 2.220446049250218733E-14, -1.000000000000000000 ) ) ;
#5136 = ADVANCED_FACE ( 'NONE', ( #192 ), #1942, .T. ) ;
#5137 = ORIENTED_EDGE ( 'NONE', *, *, #193, .T. ) ;
#5138 = DIRECTION ( 'NONE',  ( 0.7071067811864190089, 0.7071067811866760255, 2.407946101409954981E-16 ) ) ;
#5139 = CARTESIAN_POINT ( 'NONE',  ( 250.2438438631168651, -387.7551529810535271, -5.013131725768585234 ) ) ;
#5140 = CARTESIAN_POINT ( 'NONE',  ( 250.2438438631167230, -394.3653780058073721, -28.80874741676428386 ) ) ;
#5141 = VERTEX_POINT ( 'NONE', #2816 ) ;
#5142 = ORIENTED_EDGE ( 'NONE', *, *, #5316, .T. ) ;
#5143 = CARTESIAN_POINT ( 'NONE',  ( 286.2638438631132090, -416.6267258563112819, -30.25778694176216632 ) ) ;
#5144 = LINE ( 'NONE', #2600, #3966 ) ;
#5145 = ORIENTED_EDGE ( 'NONE', *, *, #5169, .F. ) ;
#5146 = CARTESIAN_POINT ( 'NONE',  ( 283.0638438631135614, -416.6267258563106566, -30.25778694176358030 ) ) ;
#5147 = CARTESIAN_POINT ( 'NONE',  ( 244.7438438631124882, -410.7872167611499776, -28.76833403645090215 ) ) ;
#5148 = DIRECTION ( 'NONE',  ( 0.000000000000000000, -1.000000000000000000, -1.920685832601420093E-13 ) ) ;
#5149 = EDGE_LOOP ( 'NONE', ( #308, #3666, #1536, #369 ) ) ;
#5150 = ORIENTED_EDGE ( 'NONE', *, *, #4662, .T. ) ;
#5151 = LINE ( 'NONE', #2250, #905 ) ;
#5152 = DIRECTION ( 'NONE',  ( -5.576766167467870875E-15, 0.000000000000000000, -1.000000000000000000 ) ) ;
#5153 = DIRECTION ( 'NONE',  ( 0.000000000000000000, 2.775557561562769940E-17, -1.000000000000000000 ) ) ;
#5154 = AXIS2_PLACEMENT_3D ( 'NONE', #501, #3916, #82 ) ;
#5155 = CARTESIAN_POINT ( 'NONE',  ( 261.7007836017839963, -397.9896531314705044, 1.387778780781445991E-14 ) ) ;
#5156 = DIRECTION ( 'NONE',  ( 9.251858538542577792E-15, 0.000000000000000000, 1.000000000000000000 ) ) ;
#5157 = CARTESIAN_POINT ( 'NONE',  ( 269.4535903945139808, -397.6554064496549472, 3.500000000000389910 ) ) ;
#5158 = ORIENTED_EDGE ( 'NONE', *, *, #693, .T. ) ;
#5159 = AXIS2_PLACEMENT_3D ( 'NONE', #1186, #2449, #4628 ) ;
#5160 = EDGE_CURVE ( 'NONE', #2911, #4571, #526, .T. ) ;
#5161 = DIRECTION ( 'NONE',  ( 3.512950338856941689E-15, -1.264662121988499134E-13, -1.000000000000000000 ) ) ;
#5162 = FACE_OUTER_BOUND ( 'NONE', #1908, .T. ) ;
#5163 = AXIS2_PLACEMENT_3D ( 'NONE', #1495, #5369, #1916 ) ;
#5164 = ORIENTED_EDGE ( 'NONE', *, *, #3094, .T. ) ;
#5165 = EDGE_CURVE ( 'NONE', #2101, #4271, #2663, .T. ) ;
#5166 = CARTESIAN_POINT ( 'NONE',  ( 286.2638438631130953, -417.4551529810573811, -19.35725555766523343 ) ) ;
#5167 = CARTESIAN_POINT ( 'NONE',  ( 250.2438438631167799, -411.3436935540123045, -29.45707363015953817 ) ) ;
#5168 = VECTOR ( 'NONE', #5247, 1000.000000000000000 ) ;
#5169 = EDGE_CURVE ( 'NONE', #2556, #1644, #256, .T. ) ;
#5170 = LINE ( 'NONE', #1339, #3749 ) ;
#5171 = ORIENTED_EDGE ( 'NONE', *, *, #4659, .T. ) ;
#5172 = VECTOR ( 'NONE', #2702, 1000.000000000000000 ) ;
#5173 = EDGE_LOOP ( 'NONE', ( #778, #2905, #3841, #4329 ) ) ;
#5174 = AXIS2_PLACEMENT_3D ( 'NONE', #2129, #4675, #1676 ) ;
#5175 = CARTESIAN_POINT ( 'NONE',  ( 286.2638438631131521, -410.2051529810547095, -29.36554362226930692 ) ) ;
#5176 = LINE ( 'NONE', #3469, #2291 ) ;
#5177 = VERTEX_POINT ( 'NONE', #2394 ) ;
#5178 = CARTESIAN_POINT ( 'NONE',  ( 250.2438438631167230, -393.1611520003851865, -29.75778694175870953 ) ) ;
#5179 = LINE ( 'NONE', #1348, #3205 ) ;
#5180 = EDGE_CURVE ( 'NONE', #228, #2474, #3292, .T. ) ;
#5181 = VECTOR ( 'NONE', #3950, 1000.000000000000000 ) ;
#5182 = CARTESIAN_POINT ( 'NONE',  ( 248.2438438631166946, -411.4678813314469039, -29.55319898969041503 ) ) ;
#5183 = ORIENTED_EDGE ( 'NONE', *, *, #1614, .F. ) ;
#5184 = ORIENTED_EDGE ( 'NONE', *, *, #4455, .T. ) ;
#5185 = LINE ( 'NONE', #4405, #3949 ) ;
#5186 = AXIS2_PLACEMENT_3D ( 'NONE', #3779, #3891, #1285 ) ;
#5187 = AXIS2_PLACEMENT_3D ( 'NONE', #3690, #2289, #270 ) ;
#5188 = DIRECTION ( 'NONE',  ( 0.000000000000000000, 0.000000000000000000, 1.000000000000000000 ) ) ;
#5189 = CARTESIAN_POINT ( 'NONE',  ( 283.0638438631135614, -394.1767258563064047, -30.25778694175896177 ) ) ;
#5190 = CYLINDRICAL_SURFACE ( 'NONE', #5191, 10.00000000000000888 ) ;
#5191 = AXIS2_PLACEMENT_3D ( 'NONE', #3967, #134, #5222 ) ;
#5192 = CARTESIAN_POINT ( 'NONE',  ( 252.8032523728470551, -386.5022439598220103, -12.35893475316536971 ) ) ;
#5193 = DIRECTION ( 'NONE',  ( 5.782411586589380910E-15, -2.775557561519964684E-17, 1.000000000000000000 ) ) ;
#5194 = DIRECTION ( 'NONE',  ( 0.000000000000000000, 0.000000000000000000, 1.000000000000000000 ) ) ;
#5195 = ORIENTED_EDGE ( 'NONE', *, *, #4282, .T. ) ;
#5196 = CIRCLE ( 'NONE', #282, 0.8000000000000506706 ) ;
#5197 = FACE_OUTER_BOUND ( 'NONE', #4763, .T. ) ;
#5198 = CARTESIAN_POINT ( 'NONE',  ( 264.5038438631130475, -402.6051529810565626, 1.387778780781445991E-14 ) ) ;
#5199 = VECTOR ( 'NONE', #1255, 1000.000000000000000 ) ;
#5200 = VERTEX_POINT ( 'NONE', #1861 ) ;
#5201 = CYLINDRICAL_SURFACE ( 'NONE', #5154, 5.000000000000220268 ) ;
#5202 = DIRECTION ( 'NONE',  ( 0.000000000000000000, 0.000000000000000000, -1.000000000000000000 ) ) ;
#5203 = ADVANCED_FACE ( 'NONE', ( #609 ), #3689, .F. ) ;
#5204 = ORIENTED_EDGE ( 'NONE', *, *, #3082, .F. ) ;
#5205 = ORIENTED_EDGE ( 'NONE', *, *, #924, .T. ) ;
#5206 = LINE ( 'NONE', #2269, #550 ) ;
#5207 = DIRECTION ( 'NONE',  ( 1.000000000000000000, 2.563797941968289713E-28, -2.939295732853489987E-27 ) ) ;
#5208 = EDGE_CURVE ( 'NONE', #2875, #2328, #4884, .T. ) ;
#5209 = VERTEX_POINT ( 'NONE', #5395 ) ;
#5210 = DIRECTION ( 'NONE',  ( -1.000000000000000000, 0.000000000000000000, 5.637851296924618324E-15 ) ) ;
#5211 = VECTOR ( 'NONE', #2544, 1000.000000000000000 ) ;
#5212 = CARTESIAN_POINT ( 'NONE',  ( 250.2438438631167799, -392.3551529810484908, -28.01927046104776053 ) ) ;
#5213 = CARTESIAN_POINT ( 'NONE',  ( 239.7940963948065018, -418.1051625365869882, -51.81927046105089829 ) ) ;
#5214 = VERTEX_POINT ( 'NONE', #2787 ) ;
#5215 = ORIENTED_EDGE ( 'NONE', *, *, #4626, .F. ) ;
#5216 = CARTESIAN_POINT ( 'NONE',  ( 247.7438438631143356, -1.015810550213779745E-12, 3.500000000000000000 ) ) ;
#5217 = EDGE_CURVE ( 'NONE', #2545, #4950, #435, .T. ) ;
#5218 = DIRECTION ( 'NONE',  ( 1.000000000000000000, -4.100245375925645010E-15, -5.390302858156090018E-15 ) ) ;
#5219 = VECTOR ( 'NONE', #2691, 1000.000000000000000 ) ;
#5220 = FACE_OUTER_BOUND ( 'NONE', #1593, .T. ) ;
#5221 = AXIS2_PLACEMENT_3D ( 'NONE', #3625, #4376, #2281 ) ;
#5222 = DIRECTION ( 'NONE',  ( -1.000000000000000000, 0.000000000000000000, 2.938506871948266464E-27 ) ) ;
#5223 = CARTESIAN_POINT ( 'NONE',  ( 252.2438438631204178, -385.2103109459849293, -15.18871023739103698 ) ) ;
#5224 = CARTESIAN_POINT ( 'NONE',  ( 248.2438438631129998, -393.0051529810500597, -29.75778694175869887 ) ) ;
#5225 = DIRECTION ( 'NONE',  ( -1.000000000000000000, -2.591739260015509782E-28, 4.440892098500430524E-15 ) ) ;
#5226 = LINE ( 'NONE', #3520, #612 ) ;
#5227 = DIRECTION ( 'NONE',  ( 5.279211667094889154E-17, 5.917163736514598748E-17, 1.000000000000000000 ) ) ;
#5228 = ORIENTED_EDGE ( 'NONE', *, *, #3287, .F. ) ;
#5229 = DIRECTION ( 'NONE',  ( 0.000000000000000000, -2.775557561562769940E-17, 1.000000000000000000 ) ) ;
#5230 = CARTESIAN_POINT ( 'NONE',  ( 250.2438438631167799, -394.1608781903312888, -29.16309316286736220 ) ) ;
#5231 = VERTEX_POINT ( 'NONE', #4498 ) ;
#5232 = VERTEX_POINT ( 'NONE', #669 ) ;
#5233 = CARTESIAN_POINT ( 'NONE',  ( 252.2438438631125450, -387.1051529810485476, -50.21927046105173531 ) ) ;
#5234 = DIRECTION ( 'NONE',  ( 0.000000000000000000, 0.000000000000000000, -1.000000000000000000 ) ) ;
#5235 = ORIENTED_EDGE ( 'NONE', *, *, #5129, .F. ) ;
#5236 = LINE ( 'NONE', #3079, #2619 ) ;
#5237 = CARTESIAN_POINT ( 'NONE',  ( 252.9242040006374737, -418.5503894146947914, -11.91928782271076237 ) ) ;
#5238 = ADVANCED_FACE ( 'NONE', ( #2345 ), #2994, .T. ) ;
#5239 = EDGE_CURVE ( 'NONE', #1515, #2803, #2839, .T. ) ;
#5240 = DIRECTION ( 'NONE',  ( -1.000000000000000000, -2.591739260015509782E-28, 0.000000000000000000 ) ) ;
#5241 = VERTEX_POINT ( 'NONE', #2288 ) ;
#5242 = EDGE_LOOP ( 'NONE', ( #4115, #3101, #2442, #90, #3961, #2333 ) ) ;
#5243 = B_SPLINE_CURVE_WITH_KNOTS ( 'NONE', 1,
 ( #1460, #1932 ),
 .UNSPECIFIED., .F., .F.,
 ( 2, 2 ),
 ( 0.000000000000000000, 1.000000000000000000 ),
 .UNSPECIFIED. ) ;
#5244 = DIRECTION ( 'NONE',  ( 1.925929944387165087E-30, 2.775557561562769940E-17, -1.000000000000000000 ) ) ;
#5245 = FACE_OUTER_BOUND ( 'NONE', #4270, .T. ) ;
#5246 = EDGE_CURVE ( 'NONE', #3453, #1953, #163, .T. ) ;
#5247 = DIRECTION ( 'NONE',  ( 5.513900009103082427E-15, 0.1497286272321744216, 0.9887271302979242504 ) ) ;
#5248 = EDGE_CURVE ( 'NONE', #2349, #1328, #4858, .T. ) ;
#5249 = EDGE_CURVE ( 'NONE', #3390, #1121, #5075, .T. ) ;
#5250 = CARTESIAN_POINT ( 'NONE',  ( 248.2438438631129998, -389.1511366415160182, -29.66768596524260104 ) ) ;
#5251 = DIRECTION ( 'NONE',  ( -1.000000000000000000, -2.603240987229334922E-28, -4.903502001796260478E-15 ) ) ;
#5252 = LINE ( 'NONE', #4773, #3585 ) ;
#5253 = DIRECTION ( 'NONE',  ( 2.955703974856545048E-18, 2.771553465678209848E-17, -1.000000000000000000 ) ) ;
#5254 = VECTOR ( 'NONE', #1636, 1000.000000000000000 ) ;
#5255 = DIRECTION ( 'NONE',  ( -2.955443200274805112E-18, -2.771554584341779950E-17, 1.000000000000000000 ) ) ;
#5256 = CIRCLE ( 'NONE', #3368, 1.600000000000070033 ) ;
#5257 = CARTESIAN_POINT ( 'NONE',  ( 284.2638438631131521, -417.4551529810585180, -28.10372101890805041 ) ) ;
#5258 = AXIS2_PLACEMENT_3D ( 'NONE', #43, #1743, #2700 ) ;
#5259 = ORIENTED_EDGE ( 'NONE', *, *, #2305, .F. ) ;
#5260 = DIRECTION ( 'NONE',  ( -2.934562567422035131E-27, -2.775557561562769940E-17, 1.000000000000000000 ) ) ;
#5261 = CIRCLE ( 'NONE', #1585, 0.8000000000000020428 ) ;
#5262 =( BOUNDED_SURFACE ( )  B_SPLINE_SURFACE ( 3, 1, ( 
 ( #5099, #2889 ),
 ( #2969, #1264 ),
 ( #4622, #5520 ),
 ( #788, #1650 ) ),
 .UNSPECIFIED., .F., .F., .F. ) 
 B_SPLINE_SURFACE_WITH_KNOTS ( ( 4, 4 ),
 ( 2, 2 ),
 ( 4.712388980384679904, 6.283185307179590673 ),
 ( 0.000000000000000000, 1.000000000000000000 ),
 .UNSPECIFIED. ) 
 GEOMETRIC_REPRESENTATION_ITEM ( )  RATIONAL_B_SPLINE_SURFACE ( (
 ( 1.000000000000000000, 1.000000000000000000),
 ( 0.8047378541243619399, 0.8047378541243619399),
 ( 0.8047378541243619399, 0.8047378541243619399),
 ( 1.000000000000000000, 1.000000000000000000) ) ) 
 REPRESENTATION_ITEM ( '' )  SURFACE ( )  );
#5263 = CARTESIAN_POINT ( 'NONE',  ( 250.2438438631167230, -393.4159552957064534, -29.69857433757423593 ) ) ;
#5264 = ORIENTED_EDGE ( 'NONE', *, *, #3842, .F. ) ;
#5265 = VERTEX_POINT ( 'NONE', #744 ) ;
#5266 = CARTESIAN_POINT ( 'NONE',  ( 252.2438438631125450, -387.1051529810540046, -51.81927046105180068 ) ) ;
#5267 = DIRECTION ( 'NONE',  ( 6.323447269022148859E-15, 2.775557561562769940E-17, -1.000000000000000000 ) ) ;
#5268 = EDGE_LOOP ( 'NONE', ( #1365, #3555, #4288, #1432 ) ) ;
#5269 = PRODUCT_DEFINITION_FORMATION_WITH_SPECIFIED_SOURCE ( 'ANY', '', #1712, .NOT_KNOWN. ) ;
#5270 = CARTESIAN_POINT ( 'NONE',  ( 250.2438438631167799, -388.2604259440300325, -27.96530097144339067 ) ) ;
#5271 = CARTESIAN_POINT ( 'NONE',  ( 252.2438438631203326, -420.2275772534580938, -15.55592978784381941 ) ) ;
#5272 = VECTOR ( 'NONE', #191, 1000.000000000000000 ) ;
#5273 = DIRECTION ( 'NONE',  ( 0.8547231051120705025, -0.5190842066443364100, -1.970436381841123638E-15 ) ) ;
#5274 = EDGE_LOOP ( 'NONE', ( #3335, #4308, #5529, #4283 ) ) ;
#5275 = ORIENTED_EDGE ( 'NONE', *, *, #2123, .T. ) ;
#5276 = DIRECTION ( 'NONE',  ( 5.390302858156090018E-15, -2.775557561562769940E-17, 1.000000000000000000 ) ) ;
#5277 = DIRECTION ( 'NONE',  ( 1.000000000000000000, 2.591739260015509782E-28, -5.551115123125540522E-15 ) ) ;
#5278 = EDGE_CURVE ( 'NONE', #1881, #5291, #1183, .T. ) ;
#5279 = VECTOR ( 'NONE', #2340, 1000.000000000000000 ) ;
#5280 = DIRECTION ( 'NONE',  ( 6.688090509789696866E-15, 0.000000000000000000, 1.000000000000000000 ) ) ;
#5281 = CARTESIAN_POINT ( 'NONE',  ( 312.3934261990561936, -415.1551625365887617, -17.35762632444433251 ) ) ;
#5282 = EDGE_CURVE ( 'NONE', #2931, #3539, #4720, .T. ) ;
#5283 = VECTOR ( 'NONE', #3249, 1000.000000000000000 ) ;
#5284 = DIRECTION ( 'NONE',  ( -1.000000000000000000, -1.091719307548069656E-12, 5.782411586589351722E-15 ) ) ;
#5285 = CARTESIAN_POINT ( 'NONE',  ( 315.6388496296644917, -385.4157076609134833, -50.04963715630150034 ) ) ;
#5286 = EDGE_CURVE ( 'NONE', #2120, #4374, #1508, .T. ) ;
#5287 = DIRECTION ( 'NONE',  ( 2.588550553618949751E-28, 1.000000000000000000, 0.000000000000000000 ) ) ;
#5288 = CIRCLE ( 'NONE', #1434, 5.000000000000219380 ) ;
#5289 = AXIS2_PLACEMENT_3D ( 'NONE', #4859, #2731, #5340 ) ;
#5290 = DIRECTION ( 'NONE',  ( 5.551115123125546833E-15, 2.775557561562773416E-15, 1.000000000000000000 ) ) ;
#5291 = VERTEX_POINT ( 'NONE', #5523 ) ;
#5292 = EDGE_CURVE ( 'NONE', #2278, #4660, #791, .T. ) ;
#5293 = ORIENTED_EDGE ( 'NONE', *, *, #1337, .T. ) ;
#5294 = CARTESIAN_POINT ( 'NONE',  ( 250.2438438631138240, -389.7551529810494912, -29.75778694175800965 ) ) ;
#5295 = VECTOR ( 'NONE', #1987, 1000.000000000000000 ) ;
#5296 = CYLINDRICAL_SURFACE ( 'NONE', #189, 1.000000000000271561 ) ;
#5297 = EDGE_LOOP ( 'NONE', ( #1447, #4122, #670, #1052 ) ) ;
#5298 = ORIENTED_EDGE ( 'NONE', *, *, #1518, .T. ) ;
#5299 = DIRECTION ( 'NONE',  ( -1.000000000000000000, -2.591739260015509782E-28, 0.000000000000000000 ) ) ;
#5300 = VERTEX_POINT ( 'NONE', #1574 ) ;
#5301 = DIRECTION ( 'NONE',  ( 0.000000000000000000, 0.000000000000000000, -1.000000000000000000 ) ) ;
#5302 = CARTESIAN_POINT ( 'NONE',  ( 286.2638438631131521, -411.0335801058006382, -30.25778694176092998 ) ) ;
#5303 = CARTESIAN_POINT ( 'NONE',  ( 259.5540946118520083, -407.5549061970764910, -6.938893903907229955E-15 ) ) ;
#5304 = VERTEX_POINT ( 'NONE', #1683 ) ;
#5305 = VERTEX_POINT ( 'NONE', #3394 ) ;
#5306 = CARTESIAN_POINT ( 'NONE',  ( 248.2438438631124882, -415.4551529810549937, -29.75778694176310069 ) ) ;
#5307 = CARTESIAN_POINT ( 'NONE',  ( 250.2438438631167230, -415.8357259915380837, -29.70470729254564191 ) ) ;
#5308 = CARTESIAN_POINT ( 'NONE',  ( 0.000000000000000000, 0.000000000000000000, 0.000000000000000000 ) ) ;
#5309 = DIRECTION ( 'NONE',  ( 0.000000000000000000, 0.000000000000000000, 1.000000000000000000 ) ) ;
#5310 = DIRECTION ( 'NONE',  ( 0.000000000000000000, 0.000000000000000000, 1.000000000000000000 ) ) ;
#5311 = AXIS2_PLACEMENT_3D ( 'NONE', #1645, #1228, #1672 ) ;
#5312 = CARTESIAN_POINT ( 'NONE',  ( 248.2438438631129998, -389.1511366415095381, -29.66768596524335067 ) ) ;
#5313 = DIRECTION ( 'NONE',  ( 0.000000000000000000, 0.000000000000000000, -1.000000000000000000 ) ) ;
#5314 = ADVANCED_FACE ( 'NONE', ( #5415 ), #3312, .F. ) ;
#5315 = CARTESIAN_POINT ( 'NONE',  ( -69.05065455893250714, -69.05065455891609361, 3.500000000000000000 ) ) ;
#5316 = EDGE_CURVE ( 'NONE', #2328, #839, #4463, .T. ) ;
#5317 = CIRCLE ( 'NONE', #1822, 1.599999999999768274 ) ;
#5318 = ORIENTED_EDGE ( 'NONE', *, *, #4650, .T. ) ;
#5319 = DIRECTION ( 'NONE',  ( -1.000000000000000000, 6.700788708272324096E-14, 3.242653474416212924E-26 ) ) ;
#5320 = ADVANCED_FACE ( 'NONE', ( #3789 ), #318, .T. ) ;
#5321 = EDGE_CURVE ( 'NONE', #4611, #110, #5102, .T. ) ;
#5322 = DIRECTION ( 'NONE',  ( 1.000000000000000000, 2.606507364415020158E-28, 0.000000000000000000 ) ) ;
#5323 = ORIENTED_EDGE ( 'NONE', *, *, #667, .F. ) ;
#5324 = EDGE_LOOP ( 'NONE', ( #325, #2055, #5053, #5519 ) ) ;
#5325 = CARTESIAN_POINT ( 'NONE',  ( 269.4270466411540497, -399.6152267039544768, 6.938893903907229955E-15 ) ) ;
#5326 = ORIENTED_EDGE ( 'NONE', *, *, #3838, .T. ) ;
#5327 = DIRECTION ( 'NONE',  ( -4.115297384348140285E-16, -4.392853140481130413E-16, 1.000000000000000000 ) ) ;
#5328 = CYLINDRICAL_SURFACE ( 'NONE', #432, 1.600000000000066702 ) ;
#5329 = FACE_OUTER_BOUND ( 'NONE', #1479, .T. ) ;
#5330 = ORIENTED_EDGE ( 'NONE', *, *, #5408, .F. ) ;
#5331 = ORIENTED_EDGE ( 'NONE', *, *, #2739, .T. ) ;
#5332 = CYLINDRICAL_SURFACE ( 'NONE', #4569, 5.399998675015249106 ) ;
#5333 = FACE_OUTER_BOUND ( 'NONE', #1722, .T. ) ;
#5334 = DIRECTION ( 'NONE',  ( 0.000000000000000000, 0.000000000000000000, 1.000000000000000000 ) ) ;
#5335 = LINE ( 'NONE', #1492, #3108 ) ;
#5336 = CARTESIAN_POINT ( 'NONE',  ( 252.2438438631205315, -384.7551529810560282, -15.92313883436409938 ) ) ;
#5337 = DIRECTION ( 'NONE',  ( -5.390302858156090018E-15, 2.775557561562769940E-17, -1.000000000000000000 ) ) ;
#5338 = DIRECTION ( 'NONE',  ( 0.000000000000000000, 0.000000000000000000, -1.000000000000000000 ) ) ;
#5339 = ORIENTED_EDGE ( 'NONE', *, *, #4126, .T. ) ;
#5340 = DIRECTION ( 'NONE',  ( 0.000000000000000000, 0.000000000000000000, -1.000000000000000000 ) ) ;
#5341 = ADVANCED_FACE ( 'NONE', ( #1266 ), #4988, .T. ) ;
#5342 = VERTEX_POINT ( 'NONE', #821 ) ;
#5343 = DIRECTION ( 'NONE',  ( 6.323447269022148859E-15, 2.775557561562769940E-17, -1.000000000000000000 ) ) ;
#5344 = EDGE_CURVE ( 'NONE', #3691, #5474, #2319, .T. ) ;
#5345 = VECTOR ( 'NONE', #4381, 1000.000000000000000 ) ;
#5346 = CARTESIAN_POINT ( 'NONE',  ( 254.4085078430657916, -387.6368349402164313, -7.562664305303148815 ) ) ;
#5347 = ORIENTED_EDGE ( 'NONE', *, *, #2789, .T. ) ;
#5348 = ORIENTED_EDGE ( 'NONE', *, *, #1526, .T. ) ;
#5349 = ADVANCED_FACE ( 'NONE', ( #5438 ), #3364, .F. ) ;
#5350 = CYLINDRICAL_SURFACE ( 'NONE', #3645, 1.600000000000070033 ) ;
#5351 = ORIENTED_EDGE ( 'NONE', *, *, #1991, .F. ) ;
#5352 = CARTESIAN_POINT ( 'NONE',  ( 250.2438438631167230, -416.8828134603165267, -28.61050253981844094 ) ) ;
#5353 = EDGE_CURVE ( 'NONE', #2824, #1148, #5041, .T. ) ;
#5354 = CARTESIAN_POINT ( 'NONE',  ( 254.7006490511194556, -417.5047288244210222, -6.794965114951726726 ) ) ;
#5355 = AXIS2_PLACEMENT_3D ( 'NONE', #1673, #4285, #2 ) ;
#5356 = DIRECTION ( 'NONE',  ( 1.000000000000000000, 2.591839481958564728E-28, 0.000000000000000000 ) ) ;
#5357 = VERTEX_POINT ( 'NONE', #404 ) ;
#5358 = VECTOR ( 'NONE', #1831, 1000.000000000000000 ) ;
#5359 = VERTEX_POINT ( 'NONE', #1210 ) ;
#5360 = CARTESIAN_POINT ( 'NONE',  ( 248.2438438631173767, -388.2979024181559566, -28.67062335264850148 ) ) ;
#5361 = CARTESIAN_POINT ( 'NONE',  ( 248.2438438631167514, -394.5051529810505713, -28.10372101890485297 ) ) ;
#5362 = ADVANCED_FACE ( 'NONE', ( #2917 ), #5070, .T. ) ;
#5363 = CARTESIAN_POINT ( 'NONE',  ( 244.7438438631129998, -388.2979024181634600, -28.67062335264744988 ) ) ;
#5364 = DIRECTION ( 'NONE',  ( 0.9999082518534486708, -0.01354576964886632789, 3.013685415059954913E-18 ) ) ;
#5365 = CARTESIAN_POINT ( 'NONE',  ( 286.2638438631132090, -393.0051529810525608, -30.25778694175753714 ) ) ;
#5366 = CIRCLE ( 'NONE', #2938, 1.599999999999835776 ) ;
#5367 = CIRCLE ( 'NONE', #2939, 1.600000000000056266 ) ;
#5368 = CARTESIAN_POINT ( 'NONE',  ( 244.7438438631124882, -416.9674183388549977, -28.19509716229260121 ) ) ;
#5369 = DIRECTION ( 'NONE',  ( 6.428981665633646813E-14, -0.6563649766711333600, -0.7544435150490079733 ) ) ;
#5370 = DIRECTION ( 'NONE',  ( -6.719818468064639502E-17, -8.289273435996939208E-17, -1.000000000000000000 ) ) ;
#5371 = VECTOR ( 'NONE', #258, 1000.000000000000000 ) ;
#5372 = ORIENTED_EDGE ( 'NONE', *, *, #1029, .T. ) ;
#5373 = VECTOR ( 'NONE', #3235, 1000.000000000000000 ) ;
#5374 = VECTOR ( 'NONE', #2758, 1000.000000000000114 ) ;
#5375 = DIRECTION ( 'NONE',  ( -1.000000000000000000, 4.100245375925650532E-15, 0.000000000000000000 ) ) ;
#5376 = DIRECTION ( 'NONE',  ( 2.934562567422035131E-27, 2.775557561562769940E-17, -1.000000000000000000 ) ) ;
#5377 = VERTEX_POINT ( 'NONE', #2105 ) ;
#5378 = CARTESIAN_POINT ( 'NONE',  ( 269.4535923768940506, -407.5549042146959664, 0.000000000000000000 ) ) ;
#5379 = EDGE_LOOP ( 'NONE', ( #5298, #1291, #1198, #5293, #2001, #208, #5076, #2144, #4898, #1303, #3214, #4999, #1032, #3785, #1317 ) ) ;
#5380 = CARTESIAN_POINT ( 'NONE',  ( 275.7638438631205418, -417.4551625365859877, -5.184704601021920212 ) ) ;
#5381 = LINE ( 'NONE', #1538, #337 ) ;
#5382 = EDGE_CURVE ( 'NONE', #4983, #4805, #4235, .T. ) ;
#5383 = DIRECTION ( 'NONE',  ( -0.01354273130686583886, -0.9999082930092889621, 1.007549936402710859E-16 ) ) ;
#5384 = ORIENTED_EDGE ( 'NONE', *, *, #1453, .T. ) ;
#5385 = ADVANCED_FACE ( 'NONE', ( #297 ), #2193, .T. ) ;
#5386 = ORIENTED_EDGE ( 'NONE', *, *, #4552, .T. ) ;
#5387 = CARTESIAN_POINT ( 'NONE',  ( 250.2438438631173199, -388.6339307808205490, -29.27266575548420846 ) ) ;
#5388 = CARTESIAN_POINT ( 'NONE',  ( 250.2438438631167230, -393.7439804970530304, -29.55223462332842388 ) ) ;
#5389 = DIRECTION ( 'NONE',  ( -1.000000000000000000, -2.591739260015509782E-28, 5.390302858161300444E-15 ) ) ;
#5390 = VERTEX_POINT ( 'NONE', #2582 ) ;
#5391 = EDGE_CURVE ( 'NONE', #4511, #2963, #5526, .T. ) ;
#5392 = DIRECTION ( 'NONE',  ( 0.000000000000000000, 2.775557561562769940E-17, -1.000000000000000000 ) ) ;
#5393 = CARTESIAN_POINT ( 'NONE',  ( 248.2438438631167514, -416.0865387853397124, -29.60376007151744204 ) ) ;
#5394 = DIRECTION ( 'NONE',  ( -1.000000000000000000, -2.591739260015509782E-28, 5.390302858161300444E-15 ) ) ;
#5395 = CARTESIAN_POINT ( 'NONE',  ( 250.3249116749784946, -388.4262207929185138, 3.500000000001615152 ) ) ;
#5396 = DIRECTION ( 'NONE',  ( 0.000000000000000000, 0.000000000000000000, -1.000000000000000000 ) ) ;
#5397 = ORIENTED_EDGE ( 'NONE', *, *, #4530, .T. ) ;
#5398 = CIRCLE ( 'NONE', #4507, 3.000000000000130118 ) ;
#5399 = EDGE_LOOP ( 'NONE', ( #2072, #5397 ) ) ;
#5400 = CARTESIAN_POINT ( 'NONE',  ( 257.3959794868445101, -391.3551529810549710, 3.500000000000579981 ) ) ;
#5401 = ORIENTED_EDGE ( 'NONE', *, *, #2400, .T. ) ;
#5402 = CARTESIAN_POINT ( 'NONE',  ( 284.2638438631129816, -387.7551529810523903, -29.36554362226474524 ) ) ;
#5403 = DIRECTION ( 'NONE',  ( -5.390304186831754035E-15, -3.240479106714056242E-07, -0.9999999999999474865 ) ) ;
#5404 = DIRECTION ( 'NONE',  ( -1.000000000000000000, -2.597324530440179576E-28, 1.600298409602159776E-16 ) ) ;
#5405 = ORIENTED_EDGE ( 'NONE', *, *, #4588, .T. ) ;
#5406 = ORIENTED_EDGE ( 'NONE', *, *, #3256, .T. ) ;
#5407 = DIRECTION ( 'NONE',  ( 5.576864924722310277E-15, -2.775557561562769940E-17, 1.000000000000000000 ) ) ;
#5408 = EDGE_CURVE ( 'NONE', #4241, #4611, #4794, .T. ) ;
#5409 = CARTESIAN_POINT ( 'NONE',  ( 275.7638438631130384, -415.1551625365869995, -0.1847046010212960165 ) ) ;
#5410 = CARTESIAN_POINT ( 'NONE',  ( 312.3934261990580694, -388.0451529810487727, 3.500000000000726086 ) ) ;
#5411 = VERTEX_POINT ( 'NONE', #3876 ) ;
#5412 = LINE ( 'NONE', #716, #869 ) ;
#5413 = CARTESIAN_POINT ( 'NONE',  ( 248.2438438631129998, -416.9498800180834905, -27.96530097146190030 ) ) ;
#5414 = DIRECTION ( 'NONE',  ( 0.000000000000000000, 2.775557561562769940E-17, -1.000000000000000000 ) ) ;
#5415 = FACE_OUTER_BOUND ( 'NONE', #4317, .T. ) ;
#5416 = EDGE_CURVE ( 'NONE', #3291, #3810, #2759, .T. ) ;
#5417 = VECTOR ( 'NONE', #4339, 1000.000000000000000 ) ;
#5418 = CARTESIAN_POINT ( 'NONE',  ( 237.2822726928050088, -412.2051529810540274, -30.25778694176189987 ) ) ;
#5419 = ORIENTED_EDGE ( 'NONE', *, *, #3003, .F. ) ;
#5420 = EDGE_CURVE ( 'NONE', #65, #1926, #2218, .T. ) ;
#5421 = ORIENTED_EDGE ( 'NONE', *, *, #4389, .T. ) ;
#5422 = DIRECTION ( 'NONE',  ( -5.390302858156090018E-15, 2.775557561562769940E-17, -1.000000000000000000 ) ) ;
#5423 = ORIENTED_EDGE ( 'NONE', *, *, #2510, .F. ) ;
#5424 = LINE ( 'NONE', #2877, #665 ) ;
#5425 = CARTESIAN_POINT ( 'NONE',  ( 248.2438438631166946, -412.0502713377007353, -29.75778694176250028 ) ) ;
#5426 = CIRCLE ( 'NONE', #1850, 16.60000000000100329 ) ;
#5427 = CARTESIAN_POINT ( 'NONE',  ( 283.0638438631134477, -390.0551529810553006, -3.941032595218037837 ) ) ;
#5428 = EDGE_LOOP ( 'NONE', ( #3194, #2406, #1979, #3036 ) ) ;
#5429 = VERTEX_POINT ( 'NONE', #1356 ) ;
#5430 = CARTESIAN_POINT ( 'NONE',  ( 254.7438438631125450, -415.4551529810630086, -29.75778694176204908 ) ) ;
#5431 = CARTESIAN_POINT ( 'NONE',  ( 250.2438438631167230, -394.5051529810505713, -28.25735186167202073 ) ) ;
#5432 = VECTOR ( 'NONE', #2594, 1000.000000000000000 ) ;
#5433 = CARTESIAN_POINT ( 'NONE',  ( 257.3959794868445101, -391.3551529810549710, 0.000000000000000000 ) ) ;
#5434 = ORIENTED_EDGE ( 'NONE', *, *, #312, .F. ) ;
#5435 = DIRECTION ( 'NONE',  ( 0.000000000000000000, 0.000000000000000000, -1.000000000000000000 ) ) ;
#5436 = CARTESIAN_POINT ( 'NONE',  ( 244.7438438631124882, -416.5763751812874602, -29.27266575549294814 ) ) ;
#5437 = AXIS2_PLACEMENT_3D ( 'NONE', #4739, #958, #904 ) ;
#5438 = FACE_OUTER_BOUND ( 'NONE', #1865, .T. ) ;
#5439 = EDGE_CURVE ( 'NONE', #2124, #3691, #4294, .T. ) ;
#5440 = CARTESIAN_POINT ( 'NONE',  ( 274.2638438631130384, -393.4657074765814855, -16.94911424917490095 ) ) ;
#5441 = VECTOR ( 'NONE', #4986, 1000.000000000000000 ) ;
#5442 = DIRECTION ( 'NONE',  ( -5.551115123125546833E-15, 0.000000000000000000, -1.000000000000000000 ) ) ;
#5443 = EDGE_CURVE ( 'NONE', #3978, #4545, #2792, .T. ) ;
#5444 = ORIENTED_EDGE ( 'NONE', *, *, #3082, .T. ) ;
#5445 = VECTOR ( 'NONE', #1412, 1000.000000000000000 ) ;
#5446 = EDGE_CURVE ( 'NONE', #3275, #3105, #4349, .T. ) ;
#5447 = ORIENTED_EDGE ( 'NONE', *, *, #4455, .F. ) ;
#5448 = AXIS2_PLACEMENT_3D ( 'NONE', #5266, #3557, #2314 ) ;
#5449 = B_SPLINE_CURVE_WITH_KNOTS ( 'NONE', 3,
 ( #3753, #1731, #4726, #3330 ),
 .UNSPECIFIED., .F., .F.,
 ( 4, 4 ),
 ( 0.000000000000000000, 1.000000000000000000 ),
 .UNSPECIFIED. ) ;
#5450 = VECTOR ( 'NONE', #4121, 1000.000000000000000 ) ;
#5451 = DIRECTION ( 'NONE',  ( -2.592494858145055258E-28, -1.000000000000000000, -2.775557561562769940E-17 ) ) ;
#5452 = VERTEX_POINT ( 'NONE', #847 ) ;
#5453 = LINE ( 'NONE', #5502, #330 ) ;
#5454 = CARTESIAN_POINT ( 'NONE',  ( 247.7438438631127724, -382.4156914423934950, 0.0001239210058687939303 ) ) ;
#5455 = AXIS2_PLACEMENT_3D ( 'NONE', #4325, #4707, #15 ) ;
#5456 = CARTESIAN_POINT ( 'NONE',  ( 286.2638438631131521, -392.3551529810525267, -28.81927046104644319 ) ) ;
#5457 = ORIENTED_EDGE ( 'NONE', *, *, #634, .T. ) ;
#5458 = VERTEX_POINT ( 'NONE', #3901 ) ;
#5459 = LINE ( 'NONE', #3303, #372 ) ;
#5460 = DIRECTION ( 'NONE',  ( 0.000000000000000000, 1.000000000000000000, 2.305847820374948722E-13 ) ) ;
#5461 = AXIS2_PLACEMENT_3D ( 'NONE', #4820, #3059, #2610 ) ;
#5462 = CARTESIAN_POINT ( 'NONE',  ( 250.2438438631167799, -410.7413194758391910, -28.51832541263067000 ) ) ;
#5463 = AXIS2_PLACEMENT_3D ( 'NONE', #631, #4517, #683 ) ;
#5464 = CARTESIAN_POINT ( 'NONE',  ( 256.7438438631130566, -392.3551529810545162, -28.01927046104704999 ) ) ;
#5465 = ORIENTED_EDGE ( 'NONE', *, *, #1741, .T. ) ;
#5466 = ORIENTED_EDGE ( 'NONE', *, *, #886, .T. ) ;
#5467 = FACE_OUTER_BOUND ( 'NONE', #4789, .T. ) ;
#5468 = DIRECTION ( 'NONE',  ( 1.000000000000000000, 2.591839481958564728E-28, 0.000000000000000000 ) ) ;
#5469 = DIRECTION ( 'NONE',  ( 1.000000000000000000, 2.571686551020499831E-28, 5.390302858155430530E-15 ) ) ;
#5470 = CARTESIAN_POINT ( 'NONE',  ( 252.2438438631200484, -402.6051529810545162, -36.31927046105050039 ) ) ;
#5471 = EDGE_LOOP ( 'NONE', ( #2112, #1403, #503, #2578 ) ) ;
#5472 = EDGE_CURVE ( 'NONE', #3723, #3919, #3377, .T. ) ;
#5473 = EDGE_CURVE ( 'NONE', #1066, #3647, #3448, .T. ) ;
#5474 = VERTEX_POINT ( 'NONE', #4322 ) ;
#5475 = CARTESIAN_POINT ( 'NONE',  ( 247.7438438631124882, -416.9498800180883222, -27.96530097145901550 ) ) ;
#5476 = VECTOR ( 'NONE', #3894, 1000.000000000000000 ) ;
#5477 = VERTEX_POINT ( 'NONE', #2166 ) ;
#5478 = LINE ( 'NONE', #5112, #862 ) ;
#5479 = CARTESIAN_POINT ( 'NONE',  ( 259.5757685621569522, -405.9550530038470129, 3.500000000000405009 ) ) ;
#5480 = EDGE_CURVE ( 'NONE', #3751, #3453, #1409, .T. ) ;
#5481 = EDGE_CURVE ( 'NONE', #3097, #65, #4379, .T. ) ;
#5482 = CARTESIAN_POINT ( 'NONE',  ( 286.2638438631131521, -395.0051529810530155, -28.10372101890359176 ) ) ;
#5483 = ORIENTED_EDGE ( 'NONE', *, *, #4764, .F. ) ;
#5484 = ORIENTED_EDGE ( 'NONE', *, *, #866, .T. ) ;
#5485 = DIRECTION ( 'NONE',  ( -5.390302858161300444E-15, 2.775557561562769940E-17, -1.000000000000000000 ) ) ;
#5486 = LINE ( 'NONE', #1286, #1543 ) ;
#5487 = ORIENTED_EDGE ( 'NONE', *, *, #4893, .F. ) ;
#5488 = CARTESIAN_POINT ( 'NONE',  ( 250.2438438631167230, -393.0051529810500597, -29.75778694175870953 ) ) ;
#5489 = EDGE_CURVE ( 'NONE', #3112, #4143, #1866, .T. ) ;
#5490 = DIRECTION ( 'NONE',  ( 3.512950338856941689E-15, -1.264662121988499134E-13, -1.000000000000000000 ) ) ;
#5491 = ORIENTED_EDGE ( 'NONE', *, *, #1518, .F. ) ;
#5492 = EDGE_LOOP ( 'NONE', ( #5205, #5528 ) ) ;
#5493 = CARTESIAN_POINT ( 'NONE',  ( 247.7438438631126587, -383.7551625365788368, -17.38747234079507464 ) ) ;
#5494 = FACE_BOUND ( 'NONE', #2203, .T. ) ;
#5495 = CARTESIAN_POINT ( 'NONE',  ( 252.2438438631125450, -415.2051529810575516, -51.33259787371939353 ) ) ;
#5496 = CARTESIAN_POINT ( 'NONE',  ( 279.3538438631119902, -387.7551529810500028, 3.191891195797325054E-13 ) ) ;
#5497 = CARTESIAN_POINT ( 'NONE',  ( 231.3088150205684883, -437.4551529810575516, -5.387485081522629393 ) ) ;
#5498 = ORIENTED_EDGE ( 'NONE', *, *, #2088, .F. ) ;
#5499 = ORIENTED_EDGE ( 'NONE', *, *, #3081, .F. ) ;
#5500 = DIRECTION ( 'NONE',  ( 0.000000000000000000, -4.735235271909819258E-13, -1.000000000000000000 ) ) ;
#5501 = ORIENTED_EDGE ( 'NONE', *, *, #699, .T. ) ;
#5502 = CARTESIAN_POINT ( 'NONE',  ( 312.3934261990560799, -417.1651529810640682, 3.500000000000638156 ) ) ;
#5503 = CARTESIAN_POINT ( 'NONE',  ( 248.2438438631166946, -410.7051529810520378, -28.10372101890870411 ) ) ;
#5504 = DIRECTION ( 'NONE',  ( -5.576766167467851153E-15, -1.804112415015785109E-15, -1.000000000000000000 ) ) ;
#5505 = EDGE_CURVE ( 'NONE', #60, #3792, #1467, .T. ) ;
#5506 = VERTEX_POINT ( 'NONE', #5128 ) ;
#5507 = ORIENTED_EDGE ( 'NONE', *, *, #519, .F. ) ;
#5508 = DIRECTION ( 'NONE',  ( 4.738173134916859252E-14, -1.000000000000000000, 0.000000000000000000 ) ) ;
#5509 = CARTESIAN_POINT ( 'NONE',  ( 281.0638438631132203, -416.6267258563112250, -30.25778694176266370 ) ) ;
#5510 = EDGE_CURVE ( 'NONE', #4639, #1461, #931, .T. ) ;
#5511 = AXIS2_PLACEMENT_3D ( 'NONE', #2899, #5082, #5025 ) ;
#5512 = EDGE_LOOP ( 'NONE', ( #1951, #4259, #3589, #2888 ) ) ;
#5513 = LINE ( 'NONE', #4643, #3612 ) ;
#5514 = CARTESIAN_POINT ( 'NONE',  ( 283.0638438631135614, -387.1051529810490024, -20.81927046104912549 ) ) ;
#5515 = VECTOR ( 'NONE', #1558, 1000.000000000000000 ) ;
#5516 = CARTESIAN_POINT ( 'NONE',  ( 247.7438438631126019, -389.5536551087295152, -29.75778694175715344 ) ) ;
#5517 = ORIENTED_EDGE ( 'NONE', *, *, #78, .F. ) ;
#5518 = CIRCLE ( 'NONE', #167, 1.600000000000058042 ) ;
#5519 = ORIENTED_EDGE ( 'NONE', *, *, #390, .F. ) ;
#5520 = CARTESIAN_POINT ( 'NONE',  ( 284.2638438631131521, -394.1767258563065184, -30.25778694175753358 ) ) ;
#5521 = ADVANCED_FACE ( 'NONE', ( #5220 ), #873, .T. ) ;
#5522 = CARTESIAN_POINT ( 'NONE',  ( 252.2438438631130566, 0.000000000000000000, -1.415534356397073983E-12 ) ) ;
#5523 = CARTESIAN_POINT ( 'NONE',  ( 283.0638438631135614, -415.1551625365867721, -17.35762632444433251 ) ) ;
#5524 = DIRECTION ( 'NONE',  ( 1.000000000000000000, 2.591839481958564728E-28, -6.661338147750640264E-15 ) ) ;
#5525 = DIRECTION ( 'NONE',  ( 1.051207744191918588E-27, 1.000000000000000000, 1.954825190608650220E-13 ) ) ;
#5526 = CIRCLE ( 'NONE', #3927, 3.000000000000002665 ) ;
#5527 = ORIENTED_EDGE ( 'NONE', *, *, #4989, .T. ) ;
#5528 = ORIENTED_EDGE ( 'NONE', *, *, #2302, .T. ) ;
#5529 = ORIENTED_EDGE ( 'NONE', *, *, #4354, .T. ) ;
#5530 = CARTESIAN_POINT ( 'NONE',  ( 259.8883451881389988, -405.4082151764919786, 3.500000000000405009 ) ) ;
#5531 = CARTESIAN_POINT ( 'NONE',  ( 250.2438438631167799, -410.7051529810520378, -28.25761577330429475 ) ) ;
#5532 = CARTESIAN_POINT ( 'NONE',  ( 261.5139128718440134, -397.6819530659974475, 3.500000000000380140 ) ) ;
#5533 = CIRCLE ( 'NONE', #4292, 10.00000000000000888 ) ;
#5534 = EDGE_LOOP ( 'NONE', ( #1708, #3750, #4128, #5006 ) ) ;
#5535 = EDGE_LOOP ( 'NONE', ( #360, #3527, #3742, #416 ) ) ;
#5536 = DIRECTION ( 'NONE',  ( 0.000000000000000000, -1.000000000000000000, -1.954825190608649968E-13 ) ) ;
#5537 = PLANE ( 'NONE',  #2259 ) ;
#5538 = ORIENTED_EDGE ( 'NONE', *, *, #1273, .T. ) ;
ENDSEC;
END-ISO-10303-21;
