ISO-10303-21;
HEADER;
FILE_DESCRIPTION (( 'STEP AP214' ),
    '1' );
FILE_NAME ('outer housing.STEP',
    '2026-02-20T02:14:15',
    ( '' ),
    ( '' ),
    'SwSTEP 2.0',
    'SolidWorks 2023',
    '' );
FILE_SCHEMA (( 'AUTOMOTIVE_DESIGN' ));
ENDSEC;

DATA;
#1 = CARTESIAN_POINT ( 'NONE',  ( 35.89933669852248244, 2.690283369110756606, 0.000000000000000000 ) ) ;
#2 = FACE_OUTER_BOUND ( 'NONE', #2910, .T. ) ;
#3 = VERTEX_POINT ( 'NONE', #5356 ) ;
#4 = VECTOR ( 'NONE', #3999, 1000.000000000000000 ) ;
#5 = FACE_BOUND ( 'NONE', #5236, .T. ) ;
#6 = CARTESIAN_POINT ( 'NONE',  ( -15.95769335655780630, -16.99999999999999645, -150.8011557844372987 ) ) ;
#7 = SURFACE_SIDE_STYLE ('',( #4990 ) ) ;
#8 = VECTOR ( 'NONE', #3906, 1000.000000000000000 ) ;
#9 = VERTEX_POINT ( 'NONE', #2115 ) ;
#10 = ADVANCED_FACE ( 'NONE', ( #3702 ), #2442, .F. ) ;
#11 = CIRCLE ( 'NONE', #5187, 36.70000000000000995 ) ;
#12 = DIRECTION ( 'NONE',  ( -0.000000000000000000, -0.000000000000000000, -1.000000000000000000 ) ) ;
#13 = ORIENTED_EDGE ( 'NONE', *, *, #4553, .T. ) ;
#14 = DIRECTION ( 'NONE',  ( -0.9888308262251275238, 0.1490422661761820200, 0.000000000000000000 ) ) ;
#15 = DIRECTION ( 'NONE',  ( 1.000000000000000000, 0.000000000000000000, 0.000000000000000000 ) ) ;
#16 = AXIS2_PLACEMENT_3D ( 'NONE', #3561, #1504, #4448 ) ;
#17 = ADVANCED_FACE ( 'NONE', ( #4552 ), #744, .F. ) ;
#18 = EDGE_LOOP ( 'NONE', ( #4381, #1369 ) ) ;
#19 = ORIENTED_EDGE ( 'NONE', *, *, #1137, .F. ) ;
#20 = CYLINDRICAL_SURFACE ( 'NONE', #1251, 36.69999999999999574 ) ;
#21 = VERTEX_POINT ( 'NONE', #1619 ) ;
#22 = CARTESIAN_POINT ( 'NONE',  ( 40.99999999999997868, -40.99999999999995026, -8.000000000000007105 ) ) ;
#23 = CARTESIAN_POINT ( 'NONE',  ( -31.17691453623986675, -17.99999999999980105, -109.0335419915582236 ) ) ;
#24 = ORIENTED_EDGE ( 'NONE', *, *, #2371, .F. ) ;
#25 = ADVANCED_FACE ( 'NONE', ( #1230 ), #3782, .F. ) ;
#26 = AXIS2_PLACEMENT_3D ( 'NONE', #5172, #558, #2291 ) ;
#27 = ORIENTED_EDGE ( 'NONE', *, *, #48, .T. ) ;
#28 = DIRECTION ( 'NONE',  ( 0.000000000000000000, 0.000000000000000000, 1.000000000000000000 ) ) ;
#29 = CARTESIAN_POINT ( 'NONE',  ( -15.95769335655780630, -47.00000000000000000, 14.00000000000000178 ) ) ;
#30 = AXIS2_PLACEMENT_3D ( 'NONE', #370, #5291, #1942 ) ;
#31 = DIRECTION ( 'NONE',  ( 1.000000000000000000, 0.000000000000000000, 0.000000000000000000 ) ) ;
#32 = AXIS2_PLACEMENT_3D ( 'NONE', #332, #1191, #2021 ) ;
#33 = VECTOR ( 'NONE', #3550, 1000.000000000000000 ) ;
#34 = ORIENTED_EDGE ( 'NONE', *, *, #3440, .F. ) ;
#35 = CARTESIAN_POINT ( 'NONE',  ( -30.00000000000000000, 3.673940397442059967E-15, -8.000000000000000000 ) ) ;
#36 = DIRECTION ( 'NONE',  ( -3.304235192336777977E-16, 1.000000000000000000, 0.000000000000000000 ) ) ;
#37 = DIRECTION ( 'NONE',  ( 1.000000000000000000, 0.000000000000000000, 0.000000000000000000 ) ) ;
#38 = AXIS2_PLACEMENT_3D ( 'NONE', #4840, #1879, #2207 ) ;
#39 = AXIS2_PLACEMENT_3D ( 'NONE', #5237, #1949, #292 ) ;
#40 = CARTESIAN_POINT ( 'NONE',  ( 8.361186278793407922, 34.40062100830075309, 7.071067811865501263 ) ) ;
#41 = DIRECTION ( 'NONE',  ( -0.000000000000000000, -0.000000000000000000, 1.000000000000000000 ) ) ;
#42 = CARTESIAN_POINT ( 'NONE',  ( -2.914335439641035919E-12, -41.99999999998873079, 14.00000000000000178 ) ) ;
#43 = EDGE_CURVE ( 'NONE', #1518, #1290, #4130, .T. ) ;
#44 = VERTEX_POINT ( 'NONE', #2907 ) ;
#45 = DIRECTION ( 'NONE',  ( 1.000000000000000000, 0.000000000000000000, 0.000000000000000000 ) ) ;
#46 = ORIENTED_EDGE ( 'NONE', *, *, #1430, .F. ) ;
#47 = CARTESIAN_POINT ( 'NONE',  ( 31.17691453623972819, -18.00000000000001421, 0.000000000000000000 ) ) ;
#48 = EDGE_CURVE ( 'NONE', #4783, #5239, #4918, .T. ) ;
#49 = CARTESIAN_POINT ( 'NONE',  ( -38.87314781470556824, 36.48975133124804415, 14.00000000000000178 ) ) ;
#50 = DIRECTION ( 'NONE',  ( -0.000000000000000000, -0.000000000000000000, -1.000000000000000000 ) ) ;
#51 = ORIENTED_EDGE ( 'NONE', *, *, #4248, .F. ) ;
#52 = EDGE_CURVE ( 'NONE', #4699, #3472, #791, .T. ) ;
#53 = EDGE_LOOP ( 'NONE', ( #1984, #2822, #4001, #4580 ) ) ;
#54 = CARTESIAN_POINT ( 'NONE',  ( -20.27952209029009012, 29.74459587537596406, 14.00000000000000178 ) ) ;
#55 = CARTESIAN_POINT ( 'NONE',  ( -31.19848480984073547, -29.69848480982491523, 4.000000000000001776 ) ) ;
#56 = EDGE_CURVE ( 'NONE', #655, #4278, #3597, .T. ) ;
#57 = CARTESIAN_POINT ( 'NONE',  ( 35.89933669852248244, 2.690283369110756606, 7.071067811865461294 ) ) ;
#58 = AXIS2_PLACEMENT_3D ( 'NONE', #3220, #624, #4452 ) ;
#59 = ORIENTED_EDGE ( 'NONE', *, *, #2243, .F. ) ;
#60 = DIRECTION ( 'NONE',  ( 1.000000000000000000, 0.000000000000000000, 0.000000000000000000 ) ) ;
#61 = EDGE_CURVE ( 'NONE', #3052, #3030, #1645, .T. ) ;
#62 = CARTESIAN_POINT ( 'NONE',  ( 8.057603353559745329, -35.80453921218233404, 14.00000000000000178 ) ) ;
#63 = DIRECTION ( 'NONE',  ( -1.000000000000000000, 0.000000000000000000, 0.000000000000000000 ) ) ;
#64 = CARTESIAN_POINT ( 'NONE',  ( 0.000000000000000000, 0.000000000000000000, 92.48956697920040426 ) ) ;
#65 = LINE ( 'NONE', #3019, #809 ) ;
#66 = DIRECTION ( 'NONE',  ( 0.000000000000000000, 0.000000000000000000, 1.000000000000000000 ) ) ;
#67 = ORIENTED_EDGE ( 'NONE', *, *, #1434, .F. ) ;
#68 = DIRECTION ( 'NONE',  ( -1.000000000000000000, 0.000000000000000000, 0.000000000000000000 ) ) ;
#69 = ORIENTED_EDGE ( 'NONE', *, *, #4223, .F. ) ;
#70 = CARTESIAN_POINT ( 'NONE',  ( 32.84740483854548643, -8.010753622427833065, -7.000000000000000000 ) ) ;
#71 = DIRECTION ( 'NONE',  ( -0.000000000000000000, 0.000000000000000000, 1.000000000000000000 ) ) ;
#72 = VERTEX_POINT ( 'NONE', #321 ) ;
#73 = ORIENTED_EDGE ( 'NONE', *, *, #5428, .T. ) ;
#74 = CIRCLE ( 'NONE', #4293, 2.700000000000028599 ) ;
#75 = CARTESIAN_POINT ( 'NONE',  ( -28.92691453624011899, -17.99999999999934275, -7.000000000000000000 ) ) ;
#76 = EDGE_CURVE ( 'NONE', #1598, #2153, #2860, .T. ) ;
#77 = CARTESIAN_POINT ( 'NONE',  ( -10.61118627879220000, 34.40062100830112257, -109.0335419915582236 ) ) ;
#78 = CARTESIAN_POINT ( 'NONE',  ( 3.115521582341640894, -35.59790974410469033, -7.000000000000000000 ) ) ;
#79 = EDGE_CURVE ( 'NONE', #3088, #4069, #2545, .T. ) ;
#80 = ORIENTED_EDGE ( 'NONE', *, *, #317, .T. ) ;
#81 = DIRECTION ( 'NONE',  ( -0.000000000000000000, -0.000000000000000000, 1.000000000000000000 ) ) ;
#82 = DIRECTION ( 'NONE',  ( -0.000000000000000000, -0.000000000000000000, -1.000000000000000000 ) ) ;
#83 = LINE ( 'NONE', #3087, #2316 ) ;
#84 = ADVANCED_FACE ( 'NONE', ( #768 ), #2495, .F. ) ;
#85 = DIRECTION ( 'NONE',  ( 0.000000000000000000, -1.000000000000000000, 0.000000000000000000 ) ) ;
#86 = AXIS2_PLACEMENT_3D ( 'NONE', #3035, #5142, #4726 ) ;
#87 = CIRCLE ( 'NONE', #1593, 1.500000000011596279 ) ;
#88 = FACE_OUTER_BOUND ( 'NONE', #3095, .T. ) ;
#89 = LINE ( 'NONE', #505, #2633 ) ;
#90 = AXIS2_PLACEMENT_3D ( 'NONE', #2194, #3842, #3028 ) ;
#91 = VERTEX_POINT ( 'NONE', #4226 ) ;
#92 = CARTESIAN_POINT ( 'NONE',  ( -20.27952209028966735, 29.74459587537625538, 7.071067811865501263 ) ) ;
#93 = ORIENTED_EDGE ( 'NONE', *, *, #3822, .F. ) ;
#94 = CARTESIAN_POINT ( 'NONE',  ( -31.19848480983682393, 29.69848480982882677, 4.000000000000001776 ) ) ;
#95 = AXIS2_PLACEMENT_3D ( 'NONE', #3214, #2357, #4824 ) ;
#96 = CYLINDRICAL_SURFACE ( 'NONE', #4145, 2.700000000000001066 ) ;
#97 = ORIENTED_EDGE ( 'NONE', *, *, #2510, .T. ) ;
#98 = VECTOR ( 'NONE', #1499, 1000.000000000000000 ) ;
#99 = VERTEX_POINT ( 'NONE', #947 ) ;
#100 = VERTEX_POINT ( 'NONE', #483 ) ;
#101 = CARTESIAN_POINT ( 'NONE',  ( 40.99999999999997868, 40.99999999999999289, -8.000000000000007105 ) ) ;
#102 = AXIS2_PLACEMENT_3D ( 'NONE', #2441, #5355, #14 ) ;
#103 = LINE ( 'NONE', #3055, #1841 ) ;
#104 = AXIS2_PLACEMENT_3D ( 'NONE', #3572, #5339, #4958 ) ;
#105 = DIRECTION ( 'NONE',  ( 0.000000000000000000, 0.000000000000000000, -1.000000000000000000 ) ) ;
#106 = EDGE_CURVE ( 'NONE', #429, #2635, #3858, .T. ) ;
#107 = EDGE_LOOP ( 'NONE', ( #3117, #2628, #736, #4489 ) ) ;
#108 = CIRCLE ( 'NONE', #2402, 1.500000000011596279 ) ;
#109 = DIRECTION ( 'NONE',  ( 1.000000000000000000, 0.000000000000000000, 0.000000000000000000 ) ) ;
#110 = CARTESIAN_POINT ( 'NONE',  ( 40.99999999999997868, 40.99999999999999289, -8.000000000000007105 ) ) ;
#111 = EDGE_CURVE ( 'NONE', #2113, #3817, #3253, .T. ) ;
#112 = DIRECTION ( 'NONE',  ( -0.000000000000000000, -0.000000000000000000, 1.000000000000000000 ) ) ;
#113 = CIRCLE ( 'NONE', #4766, 1.500000000011595391 ) ;
#114 = AXIS2_PLACEMENT_3D ( 'NONE', #3911, #141, #2697 ) ;
#115 = EDGE_CURVE ( 'NONE', #1508, #1315, #436, .T. ) ;
#116 = EDGE_LOOP ( 'NONE', ( #3913, #4754 ) ) ;
#117 = CIRCLE ( 'NONE', #998, 36.70000000000000995 ) ;
#118 = CARTESIAN_POINT ( 'NONE',  ( 46.99999999999999289, 15.95769335655781340, 14.00000000000000178 ) ) ;
#119 = AXIS2_PLACEMENT_3D ( 'NONE', #3493, #5169, #1406 ) ;
#120 = EDGE_CURVE ( 'NONE', #5043, #5424, #2195, .T. ) ;
#121 = FACE_OUTER_BOUND ( 'NONE', #5216, .T. ) ;
#122 = DIRECTION ( 'NONE',  ( 1.000000000000000000, 0.000000000000000000, 0.000000000000000000 ) ) ;
#123 = CIRCLE ( 'NONE', #4967, 36.69999999999998153 ) ;
#124 = EDGE_LOOP ( 'NONE', ( #975, #3460, #2211, #4956 ) ) ;
#125 = DIRECTION ( 'NONE',  ( 0.000000000000000000, 0.000000000000000000, 1.000000000000000000 ) ) ;
#126 = ORIENTED_EDGE ( 'NONE', *, *, #4318, .T. ) ;
#127 = CARTESIAN_POINT ( 'NONE',  ( 0.000000000000000000, 0.000000000000000000, -109.0335419915582236 ) ) ;
#128 = EDGE_CURVE ( 'NONE', #3502, #4478, #879, .T. ) ;
#129 = AXIS2_PLACEMENT_3D ( 'NONE', #1282, #3039, #1721 ) ;
#130 = PLANE ( 'NONE',  #5106 ) ;
#131 = ORIENTED_EDGE ( 'NONE', *, *, #3281, .T. ) ;
#132 = ORIENTED_EDGE ( 'NONE', *, *, #4253, .F. ) ;
#133 = ORIENTED_EDGE ( 'NONE', *, *, #3872, .F. ) ;
#134 = DIRECTION ( 'NONE',  ( -0.000000000000000000, -0.000000000000000000, 1.000000000000000000 ) ) ;
#135 = CARTESIAN_POINT ( 'NONE',  ( 10.61118627879293008, 34.40062100830090941, 0.000000000000000000 ) ) ;
#136 = DIRECTION ( 'NONE',  ( 0.000000000000000000, 0.000000000000000000, 1.000000000000000000 ) ) ;
#137 = EDGE_LOOP ( 'NONE', ( #4157, #239, #2174, #3800 ) ) ;
#138 = CARTESIAN_POINT ( 'NONE',  ( 33.51145495119168061, 13.15227687718926575, 0.000000000000000000 ) ) ;
#140 = EDGE_CURVE ( 'NONE', #2524, #3347, #1492, .T. ) ;
#139 = CARTESIAN_POINT ( 'NONE',  ( 33.64933669852247533, 2.690283369110756606, 7.071067811865461294 ) ) ;
#141 = DIRECTION ( 'NONE',  ( 0.000000000000000000, 0.000000000000000000, -1.000000000000000000 ) ) ;
#142 = AXIS2_PLACEMENT_3D ( 'NONE', #1012, #4341, #5140 ) ;
#143 = ORIENTED_EDGE ( 'NONE', *, *, #115, .F. ) ;
#144 = FACE_OUTER_BOUND ( 'NONE', #1825, .T. ) ;
#145 = EDGE_CURVE ( 'NONE', #1673, #3218, #4383, .T. ) ;
#146 = CARTESIAN_POINT ( 'NONE',  ( 0.000000000000000000, 0.000000000000000000, 14.00000000000000178 ) ) ;
#147 = DIRECTION ( 'NONE',  ( -1.000000000000000000, 0.000000000000000000, 0.000000000000000000 ) ) ;
#148 = VERTEX_POINT ( 'NONE', #2142 ) ;
#149 = EDGE_CURVE ( 'NONE', #3030, #5048, #2031, .T. ) ;
#150 = DIRECTION ( 'NONE',  ( -1.000000000000000000, 0.000000000000000000, 0.000000000000000000 ) ) ;
#151 = VERTEX_POINT ( 'NONE', #532 ) ;
#152 = DIRECTION ( 'NONE',  ( 1.000000000000000000, 0.000000000000000000, 0.000000000000000000 ) ) ;
#153 = DIRECTION ( 'NONE',  ( 0.000000000000000000, 0.000000000000000000, 1.000000000000000000 ) ) ;
#154 = VERTEX_POINT ( 'NONE', #1779 ) ;
#155 = EDGE_LOOP ( 'NONE', ( #4126, #4997 ) ) ;
#156 = EDGE_LOOP ( 'NONE', ( #1833, #232, #4584, #3000 ) ) ;
#157 = ADVANCED_FACE ( 'NONE', ( #225 ), #1750, .F. ) ;
#158 = FACE_OUTER_BOUND ( 'NONE', #1860, .T. ) ;
#159 = CARTESIAN_POINT ( 'NONE',  ( 31.19848480983661787, -29.69848480982903283, 14.00001200000000345 ) ) ;
#160 = CARTESIAN_POINT ( 'NONE',  ( -46.99999999999999289, -1.552990540398285378E-14, -8.000000000000062172 ) ) ;
#161 = ORIENTED_EDGE ( 'NONE', *, *, #4999, .F. ) ;
#162 = DIRECTION ( 'NONE',  ( 0.000000000000000000, 0.000000000000000000, 1.000000000000000000 ) ) ;
#163 = CARTESIAN_POINT ( 'NONE',  ( -5.365521582342921647, -35.59790974410449138, 7.071067811865499486 ) ) ;
#164 = EDGE_CURVE ( 'NONE', #2175, #3154, #871, .T. ) ;
#165 = CARTESIAN_POINT ( 'NONE',  ( -35.09740483854577775, -8.010753622426568299, 0.000000000000000000 ) ) ;
#166 = EDGE_LOOP ( 'NONE', ( #2514, #3535, #2033, #951 ) ) ;
#167 = DIRECTION ( 'NONE',  ( -0.000000000000000000, -0.000000000000000000, 1.000000000000000000 ) ) ;
#168 = DIRECTION ( 'NONE',  ( 1.000000000000000000, 0.000000000000000000, 0.000000000000000000 ) ) ;
#169 = CARTESIAN_POINT ( 'NONE',  ( -15.61981460823269252, -32.43487924448676551, 7.071067811865501263 ) ) ;
#170 = ADVANCED_FACE ( 'NONE', ( #1047, #4713 ), #2601, .T. ) ;
#171 = ORIENTED_EDGE ( 'NONE', *, *, #3992, .F. ) ;
#172 = DIRECTION ( 'NONE',  ( 0.000000000000000000, 0.000000000000000000, 1.000000000000000000 ) ) ;
#173 = ORIENTED_EDGE ( 'NONE', *, *, #2536, .F. ) ;
#174 = AXIS2_PLACEMENT_3D ( 'NONE', #197, #464, #4815 ) ;
#175 = CARTESIAN_POINT ( 'NONE',  ( 0.000000000000000000, 0.000000000000000000, -7.000000000000000000 ) ) ;
#176 = CARTESIAN_POINT ( 'NONE',  ( -35.89933669852238296, 2.690283369112054679, 7.071067811865499486 ) ) ;
#177 = EDGE_CURVE ( 'NONE', #4028, #21, #89, .T. ) ;
#178 = ORIENTED_EDGE ( 'NONE', *, *, #662, .F. ) ;
#179 = CIRCLE ( 'NONE', #4662, 53.31625993297229371 ) ;
#180 = ORIENTED_EDGE ( 'NONE', *, *, #5337, .T. ) ;
#181 = ORIENTED_EDGE ( 'NONE', *, *, #4870, .F. ) ;
#182 = DIRECTION ( 'NONE',  ( 0.000000000000000000, 0.000000000000000000, -1.000000000000000000 ) ) ;
#183 = CIRCLE ( 'NONE', #2730, 2.700000000000001066 ) ;
#184 = CARTESIAN_POINT ( 'NONE',  ( 22.79465712222679485, 28.76271208839867910, 14.00000000000000178 ) ) ;
#185 = CARTESIAN_POINT ( 'NONE',  ( -28.19848480981363181, 29.69848480982882677, 4.000000000000001776 ) ) ;
#186 = EDGE_CURVE ( 'NONE', #4028, #2612, #260, .T. ) ;
#187 = CIRCLE ( 'NONE', #3009, 2.250000000000001776 ) ;
#188 = AXIS2_PLACEMENT_3D ( 'NONE', #176, #3948, #5299 ) ;
#189 = EDGE_LOOP ( 'NONE', ( #758, #3169, #180, #3620 ) ) ;
#190 = AXIS2_PLACEMENT_3D ( 'NONE', #4029, #1448, #3585 ) ;
#191 = FACE_OUTER_BOUND ( 'NONE', #1208, .T. ) ;
#192 = FACE_OUTER_BOUND ( 'NONE', #3793, .T. ) ;
#193 = DIRECTION ( 'NONE',  ( 0.000000000000000000, 0.000000000000000000, 1.000000000000000000 ) ) ;
#194 = CIRCLE ( 'NONE', #4679, 36.69999999999998153 ) ;
#195 = EDGE_LOOP ( 'NONE', ( #1679, #3925, #746, #2439 ) ) ;
#196 = CARTESIAN_POINT ( 'NONE',  ( -33.11385923708135692, 15.82284192004594914, -109.0335419915582236 ) ) ;
#197 = CARTESIAN_POINT ( 'NONE',  ( -29.69848480982522787, 29.69848480982882677, 4.000000000000001776 ) ) ;
#198 = CIRCLE ( 'NONE', #2752, 2.250000000000001776 ) ;
#199 = CARTESIAN_POINT ( 'NONE',  ( -22.52952209028966735, 29.74459587537625538, 7.071067811865501263 ) ) ;
#200 = CIRCLE ( 'NONE', #2491, 2.250000000000001332 ) ;
#201 = VERTEX_POINT ( 'NONE', #4404 ) ;
#202 = CARTESIAN_POINT ( 'NONE',  ( -33.51145495119101980, 13.15227687719094618, 0.000000000000000000 ) ) ;
#203 = CIRCLE ( 'NONE', #916, 2.700000000000014833 ) ;
#204 = VERTEX_POINT ( 'NONE', #3066 ) ;
#205 = CARTESIAN_POINT ( 'NONE',  ( -15.61981460823269252, -32.43487924448676551, -7.000000000000000000 ) ) ;
#206 = ADVANCED_FACE ( 'NONE', ( #2320 ), #1288, .F. ) ;
#207 = CYLINDRICAL_SURFACE ( 'NONE', #188, 2.250000000000001776 ) ;
#208 = AXIS2_PLACEMENT_3D ( 'NONE', #3118, #1467, #2651 ) ;
#209 = AXIS2_PLACEMENT_3D ( 'NONE', #4535, #1624, #772 ) ;
#210 = ORIENTED_EDGE ( 'NONE', *, *, #1540, .F. ) ;
#211 = VERTEX_POINT ( 'NONE', #2165 ) ;
#212 = VERTEX_POINT ( 'NONE', #899 ) ;
#213 = DIRECTION ( 'NONE',  ( -0.7330518718298203451, 0.6801727377709257949, 0.000000000000000000 ) ) ;
#214 = EDGE_CURVE ( 'NONE', #151, #2949, #2575, .T. ) ;
#215 = AXIS2_PLACEMENT_3D ( 'NONE', #5045, #1745, #3438 ) ;
#216 = CARTESIAN_POINT ( 'NONE',  ( 33.51145495119148165, 13.15227687718976668, -109.0335419915582236 ) ) ;
#217 = CARTESIAN_POINT ( 'NONE',  ( 31.17691453623947240, -18.00000000000046541, 0.000000000000000000 ) ) ;
#218 = CARTESIAN_POINT ( 'NONE',  ( -17.86981460823269430, -32.43487924448676551, 0.000000000000000000 ) ) ;
#219 = DIRECTION ( 'NONE',  ( -0.000000000000000000, -0.000000000000000000, -1.000000000000000000 ) ) ;
#220 = ORIENTED_EDGE ( 'NONE', *, *, #3846, .F. ) ;
#221 = ADVANCED_FACE ( 'NONE', ( #4690 ), #925, .F. ) ;
#222 = CARTESIAN_POINT ( 'NONE',  ( 0.000000000000000000, 0.000000000000000000, -8.000000000000000000 ) ) ;
#223 = CARTESIAN_POINT ( 'NONE',  ( 36.27327869805024818, -5.580255593929090985, 14.00000000000000178 ) ) ;
#224 = DIRECTION ( 'NONE',  ( 0.000000000000000000, 0.000000000000000000, 1.000000000000000000 ) ) ;
#225 = FACE_OUTER_BOUND ( 'NONE', #1404, .T. ) ;
#226 = ORIENTED_EDGE ( 'NONE', *, *, #4720, .T. ) ;
#227 = EDGE_CURVE ( 'NONE', #1933, #2137, #3673, .T. ) ;
#228 = DIRECTION ( 'NONE',  ( 0.000000000000000000, 0.000000000000000000, 1.000000000000000000 ) ) ;
#229 = FACE_OUTER_BOUND ( 'NONE', #1846, .T. ) ;
#230 = DIRECTION ( 'NONE',  ( 0.000000000000000000, 0.000000000000000000, 1.000000000000000000 ) ) ;
#231 = AXIS2_PLACEMENT_3D ( 'NONE', #5272, #2388, #1988 ) ;
#232 = ORIENTED_EDGE ( 'NONE', *, *, #2980, .T. ) ;
#233 = DIRECTION ( 'NONE',  ( 1.000000000000000000, 0.000000000000000000, 0.000000000000000000 ) ) ;
#234 = VERTEX_POINT ( 'NONE', #4905 ) ;
#235 = CARTESIAN_POINT ( 'NONE',  ( 30.00000000000000000, 0.000000000000000000, -8.000000000000000000 ) ) ;
#236 = CYLINDRICAL_SURFACE ( 'NONE', #3709, 2.700000000000011280 ) ;
#237 = VERTEX_POINT ( 'NONE', #4461 ) ;
#238 = ORIENTED_EDGE ( 'NONE', *, *, #76, .T. ) ;
#239 = ORIENTED_EDGE ( 'NONE', *, *, #607, .T. ) ;
#240 = CARTESIAN_POINT ( 'NONE',  ( -40.99999999999997868, -40.99999999999996447, -140.9360748630709281 ) ) ;
#241 = LINE ( 'NONE', #4099, #1318 ) ;
#242 = DIRECTION ( 'NONE',  ( -0.7330518718298203451, 0.6801727377709257949, 0.000000000000000000 ) ) ;
#243 = PLANE ( 'NONE',  #423 ) ;
#244 = EDGE_CURVE ( 'NONE', #1657, #536, #506, .T. ) ;
#245 = CARTESIAN_POINT ( 'NONE',  ( 41.99999999998872369, -2.765149220707030508E-12, 4.000000000000001776 ) ) ;
#246 = VERTEX_POINT ( 'NONE', #1140 ) ;
#247 = CARTESIAN_POINT ( 'NONE',  ( 18.02952209029115949, 29.74459587537523930, 7.071067811865497710 ) ) ;
#248 = CARTESIAN_POINT ( 'NONE',  ( 15.95769335655780630, 47.00000000000000000, 0.000000000000000000 ) ) ;
#249 = DIRECTION ( 'NONE',  ( -0.000000000000000000, -0.000000000000000000, -1.000000000000000000 ) ) ;
#250 = EDGE_CURVE ( 'NONE', #1858, #3340, #727, .T. ) ;
#251 = DIRECTION ( 'NONE',  ( -0.000000000000000000, -0.000000000000000000, -1.000000000000000000 ) ) ;
#252 = ORIENTED_EDGE ( 'NONE', *, *, #1441, .T. ) ;
#253 = AXIS2_PLACEMENT_3D ( 'NONE', #546, #4703, #3929 ) ;
#254 = DIRECTION ( 'NONE',  ( -0.000000000000000000, -0.000000000000000000, 1.000000000000000000 ) ) ;
#255 = DIRECTION ( 'NONE',  ( 1.000000000000000000, 0.000000000000000000, 0.000000000000000000 ) ) ;
#256 = DIRECTION ( 'NONE',  ( 0.000000000000000000, 0.000000000000000000, 1.000000000000000000 ) ) ;
#257 = EDGE_CURVE ( 'NONE', #3592, #2252, #280, .T. ) ;
#258 = CIRCLE ( 'NONE', #3593, 2.099999999999997868 ) ;
#259 = ORIENTED_EDGE ( 'NONE', *, *, #4325, .F. ) ;
#260 = CIRCLE ( 'NONE', #963, 2.700000000000032152 ) ;
#261 = DIRECTION ( 'NONE',  ( 0.000000000000000000, -1.000000000000000000, 0.000000000000000000 ) ) ;
#262 = ORIENTED_EDGE ( 'NONE', *, *, #1636, .T. ) ;
#263 = LINE ( 'NONE', #2735, #4260 ) ;
#264 = DIRECTION ( 'NONE',  ( -0.000000000000000000, -0.000000000000000000, 1.000000000000000000 ) ) ;
#265 = ORIENTED_EDGE ( 'NONE', *, *, #2676, .F. ) ;
#266 = ORIENTED_EDGE ( 'NONE', *, *, #5034, .F. ) ;
#267 = ORIENTED_EDGE ( 'NONE', *, *, #3374, .F. ) ;
#268 = DIRECTION ( 'NONE',  ( 0.000000000000000000, 0.000000000000000000, 1.000000000000000000 ) ) ;
#269 = DIRECTION ( 'NONE',  ( 0.000000000000000000, 0.000000000000000000, 1.000000000000000000 ) ) ;
#270 = AXIS2_PLACEMENT_3D ( 'NONE', #751, #3249, #690 ) ;
#271 = LINE ( 'NONE', #1574, #4938 ) ;
#272 = CYLINDRICAL_SURFACE ( 'NONE', #970, 2.250000000000001776 ) ;
#273 = DIRECTION ( 'NONE',  ( -0.000000000000000000, -0.000000000000000000, -1.000000000000000000 ) ) ;
#274 = ORIENTED_EDGE ( 'NONE', *, *, #1571, .F. ) ;
#275 = VECTOR ( 'NONE', #1039, 1000.000000000000000 ) ;
#276 = DIRECTION ( 'NONE',  ( 1.000000000000000000, 0.000000000000000000, 0.000000000000000000 ) ) ;
#277 = DIRECTION ( 'NONE',  ( 1.000000000000000000, 0.000000000000000000, 0.000000000000000000 ) ) ;
#278 = EDGE_CURVE ( 'NONE', #3935, #379, #1996, .T. ) ;
#279 = CIRCLE ( 'NONE', #2483, 2.250000000000003997 ) ;
#280 = LINE ( 'NONE', #1080, #4549 ) ;
#281 = AXIS2_PLACEMENT_3D ( 'NONE', #1291, #4950, #2968 ) ;
#282 = ORIENTED_EDGE ( 'NONE', *, *, #382, .T. ) ;
#283 = EDGE_CURVE ( 'NONE', #2467, #4859, #3408, .T. ) ;
#284 = DIRECTION ( 'NONE',  ( 0.000000000000000000, 0.000000000000000000, 1.000000000000000000 ) ) ;
#285 = DIRECTION ( 'NONE',  ( 1.000000000000000000, 0.000000000000000000, 0.000000000000000000 ) ) ;
#286 = CARTESIAN_POINT ( 'NONE',  ( 46.99999999999999289, -25.17188060595130850, 14.00000000000000178 ) ) ;
#287 = ORIENTED_EDGE ( 'NONE', *, *, #865, .T. ) ;
#288 = CYLINDRICAL_SURFACE ( 'NONE', #3180, 1.500000000011595613 ) ;
#289 = ADVANCED_FACE ( 'NONE', ( #671 ), #2372, .F. ) ;
#290 = ORIENTED_EDGE ( 'NONE', *, *, #331, .T. ) ;
#291 = AXIS2_PLACEMENT_3D ( 'NONE', #1145, #2815, #4492 ) ;
#292 = DIRECTION ( 'NONE',  ( -0.7071067811865402453, -0.7071067811865547892, 0.000000000000000000 ) ) ;
#293 = CARTESIAN_POINT ( 'NONE',  ( 35.76145495119168771, 13.15227687718926575, -7.000000000000000000 ) ) ;
#294 = VECTOR ( 'NONE', #2566, 1000.000000000000000 ) ;
#295 = EDGE_LOOP ( 'NONE', ( #1284, #4449, #2273, #133 ) ) ;
#296 = ORIENTED_EDGE ( 'NONE', *, *, #3025, .F. ) ;
#297 = ORIENTED_EDGE ( 'NONE', *, *, #61, .F. ) ;
#298 = CYLINDRICAL_SURFACE ( 'NONE', #4891, 2.099999999999997868 ) ;
#299 = ADVANCED_FACE ( 'NONE', ( #4438 ), #1580, .F. ) ;
#300 = CIRCLE ( 'NONE', #3372, 2.700000000000014833 ) ;
#301 = DIRECTION ( 'NONE',  ( -0.000000000000000000, -0.000000000000000000, -1.000000000000000000 ) ) ;
#302 = VECTOR ( 'NONE', #669, 1000.000000000000000 ) ;
#303 = LINE ( 'NONE', #663, #4491 ) ;
#304 = LINE ( 'NONE', #752, #442 ) ;
#305 = CARTESIAN_POINT ( 'NONE',  ( -38.87314781470553982, -36.48975133124807968, 14.00000000000000178 ) ) ;
#306 = CIRCLE ( 'NONE', #654, 2.700000000000011280 ) ;
#307 = DIRECTION ( 'NONE',  ( 0.000000000000000000, 0.000000000000000000, 1.000000000000000000 ) ) ;
#308 = DIRECTION ( 'NONE',  ( 0.000000000000000000, -0.000000000000000000, -1.000000000000000000 ) ) ;
#309 = DIRECTION ( 'NONE',  ( 0.000000000000000000, -0.000000000000000000, -1.000000000000000000 ) ) ;
#310 = ORIENTED_EDGE ( 'NONE', *, *, #1717, .T. ) ;
#311 = ADVANCED_FACE ( 'NONE', ( #3201 ), #4134, .T. ) ;
#312 = DIRECTION ( 'NONE',  ( 0.000000000000000000, 0.000000000000000000, 1.000000000000000000 ) ) ;
#313 = CARTESIAN_POINT ( 'NONE',  ( -35.89933669852241138, 2.690283369111538647, 0.000000000000000000 ) ) ;
#314 = DIRECTION ( 'NONE',  ( -1.000000000000000000, 0.000000000000000000, 0.000000000000000000 ) ) ;
#315 = VERTEX_POINT ( 'NONE', #4107 ) ;
#316 = DIRECTION ( 'NONE',  ( -0.000000000000000000, -0.000000000000000000, 1.000000000000000000 ) ) ;
#317 = EDGE_CURVE ( 'NONE', #1344, #3435, #5159, .T. ) ;
#318 = EDGE_LOOP ( 'NONE', ( #2649, #861, #2348, #880, #2075, #911, #977, #426 ) ) ;
#319 = DIRECTION ( 'NONE',  ( -0.000000000000000000, -0.000000000000000000, -1.000000000000000000 ) ) ;
#320 = CARTESIAN_POINT ( 'NONE',  ( 38.89999999999998437, 40.99999999999999289, -8.000000000000007105 ) ) ;
#321 = CARTESIAN_POINT ( 'NONE',  ( -38.87314781470556824, 36.48975133124804415, 0.000000000000000000 ) ) ;
#322 = CIRCLE ( 'NONE', #2874, 2.250000000000001776 ) ;
#323 = EDGE_CURVE ( 'NONE', #3843, #5048, #2026, .T. ) ;
#324 = ORIENTED_EDGE ( 'NONE', *, *, #2415, .T. ) ;
#325 = VERTEX_POINT ( 'NONE', #3282 ) ;
#326 = CARTESIAN_POINT ( 'NONE',  ( 36.69983008444884831, 0.1116770906943860414, 14.00000000000000178 ) ) ;
#327 = DIRECTION ( 'NONE',  ( 0.000000000000000000, 0.000000000000000000, -1.000000000000000000 ) ) ;
#328 = FACE_BOUND ( 'NONE', #4644, .T. ) ;
#329 = DIRECTION ( 'NONE',  ( -1.000000000000000000, 0.000000000000000000, 0.000000000000000000 ) ) ;
#330 = CARTESIAN_POINT ( 'NONE',  ( 33.51145495119168061, 13.15227687718926575, 7.071067811865501263 ) ) ;
#331 = EDGE_CURVE ( 'NONE', #4618, #2123, #2785, .T. ) ;
#332 = CARTESIAN_POINT ( 'NONE',  ( 16.99999999999998934, 15.95769335655781340, -150.8011557844372987 ) ) ;
#333 = CARTESIAN_POINT ( 'NONE',  ( 33.51145495119148165, 13.15227687718976668, 14.00000000000000178 ) ) ;
#334 = CARTESIAN_POINT ( 'NONE',  ( -35.09740483854564985, -8.010753622427069232, 0.000000000000000000 ) ) ;
#335 = DIRECTION ( 'NONE',  ( 1.000000000000000000, 0.000000000000000000, 0.000000000000000000 ) ) ;
#336 = AXIS2_PLACEMENT_3D ( 'NONE', #4021, #2456, #5285 ) ;
#337 = EDGE_LOOP ( 'NONE', ( #1016, #5293, #3349, #2981 ) ) ;
#338 = DIRECTION ( 'NONE',  ( 0.000000000000000000, 0.000000000000000000, -1.000000000000000000 ) ) ;
#339 = CARTESIAN_POINT ( 'NONE',  ( -36.69983008444881989, 0.1116770906951975728, 14.00000000000000178 ) ) ;
#340 = VECTOR ( 'NONE', #3848, 1000.000000000000000 ) ;
#341 = EDGE_LOOP ( 'NONE', ( #699, #3179, #1753, #509 ) ) ;
#342 = ORIENTED_EDGE ( 'NONE', *, *, #497, .T. ) ;
#343 = DIRECTION ( 'NONE',  ( 0.000000000000000000, 0.000000000000000000, 1.000000000000000000 ) ) ;
#344 = VECTOR ( 'NONE', #463, 1000.000000000000000 ) ;
#345 = DIRECTION ( 'NONE',  ( 1.000000000000000000, 0.000000000000000000, 0.000000000000000000 ) ) ;
#346 = EDGE_CURVE ( 'NONE', #2147, #2996, #3847, .T. ) ;
#347 = CARTESIAN_POINT ( 'NONE',  ( 0.000000000000000000, 0.000000000000000000, -109.0335419915582236 ) ) ;
#348 = AXIS2_PLACEMENT_3D ( 'NONE', #3447, #66, #2625 ) ;
#349 = ORIENTED_EDGE ( 'NONE', *, *, #5410, .T. ) ;
#350 = EDGE_LOOP ( 'NONE', ( #2557, #694, #2445, #3494 ) ) ;
#351 = DIRECTION ( 'NONE',  ( 1.000000000000000000, 0.000000000000000000, 0.000000000000000000 ) ) ;
#352 = CYLINDRICAL_SURFACE ( 'NONE', #2192, 2.099999999999990763 ) ;
#353 = EDGE_CURVE ( 'NONE', #2966, #2467, #3608, .T. ) ;
#354 = DIRECTION ( 'NONE',  ( 0.000000000000000000, -1.000000000000000000, 0.000000000000000000 ) ) ;
#355 = VERTEX_POINT ( 'NONE', #363 ) ;
#356 = ORIENTED_EDGE ( 'NONE', *, *, #3303, .T. ) ;
#357 = LINE ( 'NONE', #2047, #5395 ) ;
#358 = AXIS2_PLACEMENT_3D ( 'NONE', #2748, #2395, #2339 ) ;
#359 = FACE_OUTER_BOUND ( 'NONE', #3314, .T. ) ;
#360 = ADVANCED_FACE ( 'NONE', ( #2054 ), #5255, .F. ) ;
#361 = VECTOR ( 'NONE', #2600, 1000.000000000000000 ) ;
#362 = DIRECTION ( 'NONE',  ( -1.000000000000000000, 0.000000000000000000, 0.000000000000000000 ) ) ;
#363 = CARTESIAN_POINT ( 'NONE',  ( -7.615521582342924312, -35.59790974410449138, 0.000000000000000000 ) ) ;
#364 = AXIS2_PLACEMENT_3D ( 'NONE', #4162, #1276, #2080 ) ;
#365 = PRODUCT_DEFINITION_FORMATION_WITH_SPECIFIED_SOURCE ( 'ANY', '', #3521, .NOT_KNOWN. ) ;
#366 = ORIENTED_EDGE ( 'NONE', *, *, #806, .F. ) ;
#367 = VECTOR ( 'NONE', #1870, 1000.000000000000000 ) ;
#368 = DIRECTION ( 'NONE',  ( -0.000000000000000000, -0.000000000000000000, -1.000000000000000000 ) ) ;
#369 = AXIS2_PLACEMENT_3D ( 'NONE', #3072, #1813, #2999 ) ;
#370 = CARTESIAN_POINT ( 'NONE',  ( 35.09740483854560011, -8.010753622427328580, 14.00000000000000178 ) ) ;
#371 = AXIS2_PLACEMENT_3D ( 'NONE', #4332, #564, #68 ) ;
#372 = AXIS2_PLACEMENT_3D ( 'NONE', #4973, #816, #1204 ) ;
#373 = ORIENTED_EDGE ( 'NONE', *, *, #1210, .T. ) ;
#374 = ORIENTED_EDGE ( 'NONE', *, *, #418, .F. ) ;
#375 = AXIS2_PLACEMENT_3D ( 'NONE', #4795, #5324, #261 ) ;
#376 = LINE ( 'NONE', #3781, #457 ) ;
#377 = VERTEX_POINT ( 'NONE', #697 ) ;
#378 = VERTEX_POINT ( 'NONE', #5317 ) ;
#379 = VERTEX_POINT ( 'NONE', #3721 ) ;
#380 = CARTESIAN_POINT ( 'NONE',  ( -41.99999999998872369, 2.473715676742926917E-12, 14.00001200000000345 ) ) ;
#381 = AXIS2_PLACEMENT_3D ( 'NONE', #3173, #4849, #2763 ) ;
#382 = EDGE_CURVE ( 'NONE', #1851, #237, #2101, .T. ) ;
#383 = LINE ( 'NONE', #4640, #344 ) ;
#384 = AXIS2_PLACEMENT_3D ( 'NONE', #3795, #2100, #2477 ) ;
#385 = CARTESIAN_POINT ( 'NONE',  ( 2.631216917918023146, 36.60555555555554008, 14.00000000000000178 ) ) ;
#386 = DIRECTION ( 'NONE',  ( 0.000000000000000000, 0.000000000000000000, 1.000000000000000000 ) ) ;
#387 = EDGE_LOOP ( 'NONE', ( #2189, #1622 ) ) ;
#388 = ORIENTED_EDGE ( 'NONE', *, *, #2450, .T. ) ;
#389 = AXIS2_PLACEMENT_3D ( 'NONE', #2618, #3909, #3136 ) ;
#390 = FACE_OUTER_BOUND ( 'NONE', #350, .T. ) ;
#391 = VECTOR ( 'NONE', #2989, 1000.000000000000000 ) ;
#392 = CARTESIAN_POINT ( 'NONE',  ( 46.99999999999999289, 0.000000000000000000, -8.000000000000000000 ) ) ;
#393 = DIRECTION ( 'NONE',  ( 1.000000000000000000, 0.000000000000000000, 0.000000000000000000 ) ) ;
#394 = VECTOR ( 'NONE', #2997, 1000.000000000000000 ) ;
#395 = EDGE_CURVE ( 'NONE', #1344, #4035, #1634, .T. ) ;
#396 = EDGE_LOOP ( 'NONE', ( #2672, #3732, #2297, #905 ) ) ;
#397 = CARTESIAN_POINT ( 'NONE',  ( 2.853946555715711764, -36.58886427667739838, -109.0335419915582236 ) ) ;
#398 = CARTESIAN_POINT ( 'NONE',  ( 33.64933669852247533, 2.690283369110756606, 0.000000000000000000 ) ) ;
#399 = ADVANCED_FACE ( 'NONE', ( #4102 ), #243, .F. ) ;
#400 = EDGE_LOOP ( 'NONE', ( #4346, #2061, #1701, #3668 ) ) ;
#401 = CARTESIAN_POINT ( 'NONE',  ( -16.99999999999998224, -15.95769335655782051, 14.00000000000001243 ) ) ;
#402 = EDGE_LOOP ( 'NONE', ( #4733, #4806 ) ) ;
#403 = CYLINDRICAL_SURFACE ( 'NONE', #3175, 2.250000000000001776 ) ;
#404 = DIRECTION ( 'NONE',  ( -0.000000000000000000, -0.000000000000000000, 1.000000000000000000 ) ) ;
#405 = EDGE_LOOP ( 'NONE', ( #4532, #4550, #1736, #3584 ) ) ;
#406 = ORIENTED_EDGE ( 'NONE', *, *, #4972, .F. ) ;
#407 = CARTESIAN_POINT ( 'NONE',  ( 28.92691453623947240, -18.00000000000046541, 7.071067811865497710 ) ) ;
#408 = ORIENTED_EDGE ( 'NONE', *, *, #4263, .F. ) ;
#409 = EDGE_CURVE ( 'NONE', #5358, #4476, #594, .T. ) ;
#410 = DIRECTION ( 'NONE',  ( 1.000000000000000000, 0.000000000000000000, 0.000000000000000000 ) ) ;
#411 = FACE_OUTER_BOUND ( 'NONE', #1562, .T. ) ;
#412 = DIRECTION ( 'NONE',  ( 0.000000000000000000, 0.000000000000000000, -1.000000000000000000 ) ) ;
#413 = VERTEX_POINT ( 'NONE', #2428 ) ;
#414 = ORIENTED_EDGE ( 'NONE', *, *, #2812, .T. ) ;
#415 = CARTESIAN_POINT ( 'NONE',  ( 18.44663023978732497, 31.72714662235741301, 14.00000000000000178 ) ) ;
#416 = CARTESIAN_POINT ( 'NONE',  ( -41.99999999999994316, -47.00000000000000000, -8.000000000000062172 ) ) ;
#417 = DIRECTION ( 'NONE',  ( -0.000000000000000000, -0.000000000000000000, -1.000000000000000000 ) ) ;
#418 = EDGE_CURVE ( 'NONE', #5424, #4035, #4370, .T. ) ;
#419 = ORIENTED_EDGE ( 'NONE', *, *, #2280, .F. ) ;
#420 = LINE ( 'NONE', #2083, #1527 ) ;
#421 = ADVANCED_FACE ( 'NONE', ( #1458 ), #4042, .F. ) ;
#422 = CARTESIAN_POINT ( 'NONE',  ( 32.84740483854548643, -8.010753622427833065, 7.071067811865501263 ) ) ;
#423 = AXIS2_PLACEMENT_3D ( 'NONE', #5277, #1962, #1108 ) ;
#424 = ORIENTED_EDGE ( 'NONE', *, *, #3187, .T. ) ;
#425 = LINE ( 'NONE', #40, #4867 ) ;
#426 = ORIENTED_EDGE ( 'NONE', *, *, #1024, .T. ) ;
#427 = EDGE_CURVE ( 'NONE', #5380, #2117, #5311, .T. ) ;
#428 = FACE_OUTER_BOUND ( 'NONE', #2359, .T. ) ;
#429 = VERTEX_POINT ( 'NONE', #691 ) ;
#430 = EDGE_LOOP ( 'NONE', ( #2386, #2909, #2927, #4433 ) ) ;
#431 = ORIENTED_EDGE ( 'NONE', *, *, #4288, .F. ) ;
#432 = DIRECTION ( 'NONE',  ( -0.000000000000000000, 0.000000000000000000, 1.000000000000000000 ) ) ;
#433 = VERTEX_POINT ( 'NONE', #218 ) ;
#434 = DIRECTION ( 'NONE',  ( -0.000000000000000000, -0.000000000000000000, -1.000000000000000000 ) ) ;
#435 = DIRECTION ( 'NONE',  ( 1.000000000000000000, -7.105427357601001859E-15, 0.000000000000000000 ) ) ;
#436 = CIRCLE ( 'NONE', #5357, 1.500000000011595613 ) ;
#437 = ORIENTED_EDGE ( 'NONE', *, *, #3533, .F. ) ;
#438 = EDGE_LOOP ( 'NONE', ( #132, #4140, #349, #2725 ) ) ;
#439 = CARTESIAN_POINT ( 'NONE',  ( -38.89999999999999858, 40.99999999999999289, -140.9360748630709281 ) ) ;
#440 = CARTESIAN_POINT ( 'NONE',  ( 22.96928245297783988, -28.62345303409993846, 0.000000000000000000 ) ) ;
#441 = FACE_BOUND ( 'NONE', #4981, .T. ) ;
#442 = VECTOR ( 'NONE', #2312, 1000.000000000000000 ) ;
#443 = ORIENTED_EDGE ( 'NONE', *, *, #1114, .F. ) ;
#444 = CIRCLE ( 'NONE', #4396, 36.70000000000003837 ) ;
#445 = DIRECTION ( 'NONE',  ( 0.000000000000000000, 0.000000000000000000, 1.000000000000000000 ) ) ;
#447 = EDGE_CURVE ( 'NONE', #5407, #3927, #864, .T. ) ;
#446 = FACE_OUTER_BOUND ( 'NONE', #1694, .T. ) ;
#448 = CARTESIAN_POINT ( 'NONE',  ( -28.14593336884852093, 22.44563286691502313, 0.000000000000000000 ) ) ;
#449 = AXIS2_PLACEMENT_3D ( 'NONE', #3605, #308, #5283 ) ;
#450 = ORIENTED_EDGE ( 'NONE', *, *, #2171, .T. ) ;
#451 = EDGE_CURVE ( 'NONE', #5068, #1126, #2267, .T. ) ;
#452 = CIRCLE ( 'NONE', #1857, 2.700000000000028599 ) ;
#453 = DIRECTION ( 'NONE',  ( 0.000000000000000000, 0.000000000000000000, 1.000000000000000000 ) ) ;
#454 = CIRCLE ( 'NONE', #897, 2.250000000000001776 ) ;
#455 = CARTESIAN_POINT ( 'NONE',  ( 0.000000000000000000, 0.000000000000000000, 4.000000000000001776 ) ) ;
#456 = CARTESIAN_POINT ( 'NONE',  ( -35.09740483854564985, -8.010753622427069232, 14.00000000000000178 ) ) ;
#457 = VECTOR ( 'NONE', #1256, 1000.000000000000000 ) ;
#458 = ORIENTED_EDGE ( 'NONE', *, *, #857, .T. ) ;
#459 = ADVANCED_FACE ( 'NONE', ( #4805 ), #272, .F. ) ;
#460 = CIRCLE ( 'NONE', #4675, 2.250000000000001776 ) ;
#461 = CARTESIAN_POINT ( 'NONE',  ( 32.60000000000000142, 3.992348565220371983E-15, -7.000000000000000000 ) ) ;
#462 = ORIENTED_EDGE ( 'NONE', *, *, #1280, .T. ) ;
#463 = DIRECTION ( 'NONE',  ( -0.000000000000000000, -0.000000000000000000, 1.000000000000000000 ) ) ;
#464 = DIRECTION ( 'NONE',  ( 0.000000000000000000, 0.000000000000000000, 1.000000000000000000 ) ) ;
#465 = FACE_BOUND ( 'NONE', #4319, .T. ) ;
#466 = VERTEX_POINT ( 'NONE', #1161 ) ;
#467 = CIRCLE ( 'NONE', #1787, 36.70000000000000995 ) ;
#468 = VERTEX_POINT ( 'NONE', #2838 ) ;
#469 = EDGE_CURVE ( 'NONE', #650, #5433, #1408, .T. ) ;
#470 = CYLINDRICAL_SURFACE ( 'NONE', #1970, 36.70000000000001705 ) ;
#471 = DIRECTION ( 'NONE',  ( 0.000000000000000000, 0.000000000000000000, 1.000000000000000000 ) ) ;
#472 = AXIS2_PLACEMENT_3D ( 'NONE', #3394, #5046, #2569 ) ;
#473 = CARTESIAN_POINT ( 'NONE',  ( -29.69848480982522787, 29.69848480982882677, 14.00000000000000178 ) ) ;
#474 = AXIS2_PLACEMENT_3D ( 'NONE', #4269, #2161, #2106 ) ;
#475 = EDGE_LOOP ( 'NONE', ( #845, #1101, #4949, #297 ) ) ;
#476 = LINE ( 'NONE', #3830, #3021 ) ;
#477 = CARTESIAN_POINT ( 'NONE',  ( 0.000000000000000000, 0.000000000000000000, 0.000000000000000000 ) ) ;
#478 =( LENGTH_UNIT ( ) NAMED_UNIT ( * ) SI_UNIT ( .MILLI., .METRE. ) );
#479 = VECTOR ( 'NONE', #2242, 1000.000000000000000 ) ;
#480 = AXIS2_PLACEMENT_3D ( 'NONE', #2529, #4207, #4335 ) ;
#481 = CYLINDRICAL_SURFACE ( 'NONE', #1000, 2.700000000000021938 ) ;
#482 = DIRECTION ( 'NONE',  ( -0.000000000000000000, -0.000000000000000000, -1.000000000000000000 ) ) ;
#483 = CARTESIAN_POINT ( 'NONE',  ( -47.00000000000000000, 15.95769335655779564, 14.00000000000000178 ) ) ;
#484 = EDGE_CURVE ( 'NONE', #5306, #4331, #2719, .T. ) ;
#485 = EDGE_LOOP ( 'NONE', ( #4993, #3566 ) ) ;
#486 = DIRECTION ( 'NONE',  ( -0.000000000000000000, -0.000000000000000000, -1.000000000000000000 ) ) ;
#487 = ORIENTED_EDGE ( 'NONE', *, *, #447, .F. ) ;
#488 = DIRECTION ( 'NONE',  ( -1.000000000000000000, 0.000000000000000000, 0.000000000000000000 ) ) ;
#489 = DIRECTION ( 'NONE',  ( 1.000000000000000000, 0.000000000000000000, 0.000000000000000000 ) ) ;
#490 = CARTESIAN_POINT ( 'NONE',  ( -22.23621855975358486, -26.38986738587323444, 7.071067811865501263 ) ) ;
#491 = EDGE_CURVE ( 'NONE', #1154, #21, #1589, .T. ) ;
#492 = VERTEX_POINT ( 'NONE', #4397 ) ;
#493 = ORIENTED_EDGE ( 'NONE', *, *, #1210, .F. ) ;
#494 = CARTESIAN_POINT ( 'NONE',  ( -8.361186278791683080, 34.40062100830128600, -7.000000000000000000 ) ) ;
#495 = FACE_OUTER_BOUND ( 'NONE', #847, .T. ) ;
#496 = CARTESIAN_POINT ( 'NONE',  ( 20.27952209029071184, 29.74459587537554839, -109.0335419915582236 ) ) ;
#497 = EDGE_CURVE ( 'NONE', #5161, #377, #1676, .T. ) ;
#498 = VECTOR ( 'NONE', #4802, 1000.000000000000000 ) ;
#499 = EDGE_LOOP ( 'NONE', ( #3785, #1278, #4045, #4671 ) ) ;
#500 = DIRECTION ( 'NONE',  ( -3.491481338843133355E-15, 1.000000000000000000, 0.000000000000000000 ) ) ;
#501 = CYLINDRICAL_SURFACE ( 'NONE', #1631, 30.00000000000000000 ) ;
#502 = LINE ( 'NONE', #1250, #5042 ) ;
#503 = CARTESIAN_POINT ( 'NONE',  ( 0.000000000000000000, 0.000000000000000000, -109.0335419915582236 ) ) ;
#504 = DIRECTION ( 'NONE',  ( 0.000000000000000000, -0.000000000000000000, -1.000000000000000000 ) ) ;
#505 = CARTESIAN_POINT ( 'NONE',  ( 33.01694948971248778, -16.02407708399375963, -109.0335419915582236 ) ) ;
#506 = CIRCLE ( 'NONE', #1132, 2.700000000000025491 ) ;
#507 = ORIENTED_EDGE ( 'NONE', *, *, #934, .F. ) ;
#508 = CARTESIAN_POINT ( 'NONE',  ( -38.14933669852238296, 2.690283369112054679, 7.071067811865499486 ) ) ;
#509 = ORIENTED_EDGE ( 'NONE', *, *, #353, .F. ) ;
#510 = DIRECTION ( 'NONE',  ( -0.000000000000000000, -0.000000000000000000, -1.000000000000000000 ) ) ;
#511 = LINE ( 'NONE', #4261, #3007 ) ;
#512 = ORIENTED_EDGE ( 'NONE', *, *, #621, .F. ) ;
#513 = EDGE_LOOP ( 'NONE', ( #4774, #4113 ) ) ;
#514 = VERTEX_POINT ( 'NONE', #3599 ) ;
#515 = AXIS2_PLACEMENT_3D ( 'NONE', #5065, #883, #4160 ) ;
#516 = DIRECTION ( 'NONE',  ( -1.000000000000000000, 0.000000000000000000, 0.000000000000000000 ) ) ;
#517 = EDGE_CURVE ( 'NONE', #2819, #2890, #4306, .T. ) ;
#518 = DIRECTION ( 'NONE',  ( -0.000000000000000000, -0.000000000000000000, -1.000000000000000000 ) ) ;
#519 = CARTESIAN_POINT ( 'NONE',  ( -16.99999999999999645, 15.95769335655780630, 0.000000000000000000 ) ) ;
#520 = CIRCLE ( 'NONE', #5089, 1.500000000011596279 ) ;
#521 = AXIS2_PLACEMENT_3D ( 'NONE', #1365, #3476, #122 ) ;
#522 = ORIENTED_EDGE ( 'NONE', *, *, #4015, .F. ) ;
#523 = EDGE_CURVE ( 'NONE', #201, #2069, #304, .T. ) ;
#524 = DIRECTION ( 'NONE',  ( 1.000000000000000000, 0.000000000000000000, 0.000000000000000000 ) ) ;
#525 = CARTESIAN_POINT ( 'NONE',  ( -26.97883885176582908, 24.88035880389292842, -109.0335419915582236 ) ) ;
#526 = DIRECTION ( 'NONE',  ( 0.07473009358643495359, 0.9972037971811794632, 0.000000000000000000 ) ) ;
#527 = VERTEX_POINT ( 'NONE', #1484 ) ;
#528 = EDGE_CURVE ( 'NONE', #2113, #536, #3662, .T. ) ;
#529 = VECTOR ( 'NONE', #4014, 1000.000000000000000 ) ;
#530 = DIRECTION ( 'NONE',  ( 0.000000000000000000, 0.000000000000000000, 1.000000000000000000 ) ) ;
#531 = LINE ( 'NONE', #2215, #361 ) ;
#532 = CARTESIAN_POINT ( 'NONE',  ( 8.057603353559745329, -35.80453921218233404, 0.000000000000000000 ) ) ;
#533 = CIRCLE ( 'NONE', #2209, 36.70000000000000995 ) ;
#534 = EDGE_LOOP ( 'NONE', ( #2969, #2253, #3744, #1128 ) ) ;
#535 = DIRECTION ( 'NONE',  ( -0.5000000000000046629, -0.8660254037844360431, 0.000000000000000000 ) ) ;
#536 = VERTEX_POINT ( 'NONE', #1902 ) ;
#537 = DIRECTION ( 'NONE',  ( -0.000000000000000000, 0.000000000000000000, 1.000000000000000000 ) ) ;
#538 = CARTESIAN_POINT ( 'NONE',  ( 0.000000000000000000, 0.000000000000000000, -109.0335419915582236 ) ) ;
#539 = VERTEX_POINT ( 'NONE', #3570 ) ;
#540 = AXIS2_PLACEMENT_3D ( 'NONE', #4768, #1343, #1005 ) ;
#541 = EDGE_LOOP ( 'NONE', ( #2677, #1027, #4334, #2943 ) ) ;
#542 = ORIENTED_EDGE ( 'NONE', *, *, #996, .T. ) ;
#543 = DIRECTION ( 'NONE',  ( -3.304235192336777977E-16, 1.000000000000000000, 0.000000000000000000 ) ) ;
#544 = ADVANCED_FACE ( 'NONE', ( #5247 ), #3160, .F. ) ;
#545 = AXIS2_PLACEMENT_3D ( 'NONE', #2164, #2653, #869 ) ;
#546 = CARTESIAN_POINT ( 'NONE',  ( 0.000000000000000000, 0.000000000000000000, 14.00000000000000178 ) ) ;
#547 = DIRECTION ( 'NONE',  ( 1.000000000000000000, 0.000000000000000000, 0.000000000000000000 ) ) ;
#548 = EDGE_CURVE ( 'NONE', #2412, #3730, #4748, .T. ) ;
#549 = ORIENTED_EDGE ( 'NONE', *, *, #2726, .F. ) ;
#550 = AXIS2_PLACEMENT_3D ( 'NONE', #584, #1884, #1610 ) ;
#551 = DIRECTION ( 'NONE',  ( 1.000000000000000000, 0.000000000000000000, 0.000000000000000000 ) ) ;
#552 = LINE ( 'NONE', #4731, #3110 ) ;
#553 = DIRECTION ( 'NONE',  ( 0.000000000000000000, 0.000000000000000000, -1.000000000000000000 ) ) ;
#554 = ADVANCED_FACE ( 'NONE', ( #2589 ), #3871, .F. ) ;
#555 = CIRCLE ( 'NONE', #3370, 2.700000000000032152 ) ;
#556 = ORIENTED_EDGE ( 'NONE', *, *, #5095, .T. ) ;
#557 = CIRCLE ( 'NONE', #4602, 2.700000000000014833 ) ;
#558 = DIRECTION ( 'NONE',  ( -0.000000000000000000, -0.000000000000000000, 1.000000000000000000 ) ) ;
#559 = CIRCLE ( 'NONE', #3985, 2.250000000000002220 ) ;
#560 = CYLINDRICAL_SURFACE ( 'NONE', #4585, 2.250000000000001776 ) ;
#561 = EDGE_CURVE ( 'NONE', #315, #3730, #3509, .T. ) ;
#562 = AXIS2_PLACEMENT_3D ( 'NONE', #5134, #1756, #3425 ) ;
#563 = ORIENTED_EDGE ( 'NONE', *, *, #4351, .F. ) ;
#564 = DIRECTION ( 'NONE',  ( -0.000000000000000000, -0.000000000000000000, -1.000000000000000000 ) ) ;
#565 = VERTEX_POINT ( 'NONE', #5217 ) ;
#566 = CARTESIAN_POINT ( 'NONE',  ( -29.69848480982913941, -29.69848480982491523, 14.00000000000000178 ) ) ;
#567 = AXIS2_PLACEMENT_3D ( 'NONE', #2856, #82, #4219 ) ;
#568 = CARTESIAN_POINT ( 'NONE',  ( -15.61981460823222001, -32.43487924448698578, -109.0335419915582236 ) ) ;
#569 = ORIENTED_EDGE ( 'NONE', *, *, #447, .T. ) ;
#570 = ORIENTED_EDGE ( 'NONE', *, *, #2806, .F. ) ;
#571 = ORIENTED_EDGE ( 'NONE', *, *, #891, .T. ) ;
#572 = CARTESIAN_POINT ( 'NONE',  ( -10.61118627879168663, 34.40062100830128600, 0.000000000000000000 ) ) ;
#573 = EDGE_CURVE ( 'NONE', #1221, #2225, #912, .T. ) ;
#574 = CARTESIAN_POINT ( 'NONE',  ( -8.057603353559999348, -35.80453921218227009, 0.000000000000000000 ) ) ;
#575 = FACE_OUTER_BOUND ( 'NONE', #5023, .T. ) ;
#576 = VERTEX_POINT ( 'NONE', #1817 ) ;
#577 = DIRECTION ( 'NONE',  ( 0.000000000000000000, 0.000000000000000000, -1.000000000000000000 ) ) ;
#578 = DIRECTION ( 'NONE',  ( 1.000000000000000000, 0.000000000000000000, 0.000000000000000000 ) ) ;
#579 = DIRECTION ( 'NONE',  ( 0.000000000000000000, 0.000000000000000000, 1.000000000000000000 ) ) ;
#580 = EDGE_CURVE ( 'NONE', #4144, #2855, #939, .T. ) ;
#581 = AXIS2_PLACEMENT_3D ( 'NONE', #4921, #1155, #2832 ) ;
#582 = ORIENTED_EDGE ( 'NONE', *, *, #4561, .F. ) ;
#583 = ADVANCED_FACE ( 'NONE', ( #3487 ), #3054, .F. ) ;
#584 = CARTESIAN_POINT ( 'NONE',  ( -33.51145495119119744, 13.15227687719047722, -109.0335419915582236 ) ) ;
#585 = DIRECTION ( 'NONE',  ( -1.000000000000000000, 0.000000000000000000, 0.000000000000000000 ) ) ;
#586 = DIRECTION ( 'NONE',  ( 0.000000000000000000, 0.000000000000000000, -1.000000000000000000 ) ) ;
#587 = VERTEX_POINT ( 'NONE', #4777 ) ;
#588 = DIRECTION ( 'NONE',  ( -0.000000000000000000, -0.000000000000000000, -1.000000000000000000 ) ) ;
#589 = EDGE_CURVE ( 'NONE', #4739, #3269, #2519, .T. ) ;
#590 = VERTEX_POINT ( 'NONE', #985 ) ;
#591 = LINE ( 'NONE', #5156, #4523 ) ;
#592 = CARTESIAN_POINT ( 'NONE',  ( -26.97883885176582908, 24.88035880389292842, 14.00000000000000178 ) ) ;
#593 = ORIENTED_EDGE ( 'NONE', *, *, #2571, .F. ) ;
#594 = CIRCLE ( 'NONE', #3491, 2.250000000000001776 ) ;
#595 = ORIENTED_EDGE ( 'NONE', *, *, #3281, .F. ) ;
#596 = EDGE_LOOP ( 'NONE', ( #173, #1153 ) ) ;
#597 = DIRECTION ( 'NONE',  ( -0.000000000000000000, -0.000000000000000000, -1.000000000000000000 ) ) ;
#598 = CARTESIAN_POINT ( 'NONE',  ( 35.09740483854548643, -8.010753622427833065, 7.071067811865501263 ) ) ;
#599 = CARTESIAN_POINT ( 'NONE',  ( 20.27952209029115949, 29.74459587537523930, 7.071067811865497710 ) ) ;
#600 = AXIS2_PLACEMENT_3D ( 'NONE', #1871, #1429, #4266 ) ;
#601 = ORIENTED_EDGE ( 'NONE', *, *, #278, .F. ) ;
#602 = CARTESIAN_POINT ( 'NONE',  ( 29.69848480982502181, -29.69848480982903283, 14.00001200000000345 ) ) ;
#603 = CIRCLE ( 'NONE', #788, 36.69999999999999574 ) ;
#604 = PLANE ( 'NONE',  #38 ) ;
#605 = AXIS2_PLACEMENT_3D ( 'NONE', #1182, #2881, #817 ) ;
#606 = ORIENTED_EDGE ( 'NONE', *, *, #3813, .F. ) ;
#607 = EDGE_CURVE ( 'NONE', #3586, #355, #2256, .T. ) ;
#608 = CARTESIAN_POINT ( 'NONE',  ( 38.59933669852249949, 2.690283369110756606, 0.000000000000000000 ) ) ;
#609 = CARTESIAN_POINT ( 'NONE',  ( 15.61981460823199264, -32.43487924448709236, -109.0335419915582236 ) ) ;
#610 = CARTESIAN_POINT ( 'NONE',  ( -43.50000000000031974, 2.473715676742926917E-12, 14.00001200000000345 ) ) ;
#611 = ADVANCED_FACE ( 'NONE', ( #158 ), #3461, .F. ) ;
#612 = AXIS2_PLACEMENT_3D ( 'NONE', #1929, #1515, #4900 ) ;
#613 = EDGE_LOOP ( 'NONE', ( #1653, #1985, #1234, #4665 ) ) ;
#614 = LINE ( 'NONE', #1561, #630 ) ;
#615 = EDGE_LOOP ( 'NONE', ( #3302, #4577, #2938, #4206 ) ) ;
#616 = VECTOR ( 'NONE', #2324, 1000.000000000000000 ) ;
#617 = DIRECTION ( 'NONE',  ( -1.000000000000000000, 0.000000000000000000, 0.000000000000000000 ) ) ;
#618 = DIRECTION ( 'NONE',  ( -0.000000000000000000, -0.000000000000000000, -1.000000000000000000 ) ) ;
#619 = ORIENTED_EDGE ( 'NONE', *, *, #1903, .T. ) ;
#620 = VECTOR ( 'NONE', #1079, 1000.000000000000000 ) ;
#621 = EDGE_CURVE ( 'NONE', #4988, #3990, #4191, .T. ) ;
#622 = ORIENTED_EDGE ( 'NONE', *, *, #5337, .F. ) ;
#623 = ORIENTED_EDGE ( 'NONE', *, *, #257, .T. ) ;
#624 = DIRECTION ( 'NONE',  ( 0.000000000000000000, 0.000000000000000000, 1.000000000000000000 ) ) ;
#625 = AXIS2_PLACEMENT_3D ( 'NONE', #5163, #2227, #3903 ) ;
#626 = ORIENTED_EDGE ( 'NONE', *, *, #5095, .F. ) ;
#627 = AXIS2_PLACEMENT_3D ( 'NONE', #2803, #5275, #1070 ) ;
#628 = CARTESIAN_POINT ( 'NONE',  ( -18.25319984466202428, -31.83882371305241676, 14.00000000000000178 ) ) ;
#629 = CARTESIAN_POINT ( 'NONE',  ( 28.14593336884932384, 22.44563286691402482, 14.00000000000000178 ) ) ;
#630 = VECTOR ( 'NONE', #2379, 1000.000000000000000 ) ;
#631 = DIRECTION ( 'NONE',  ( -0.000000000000000000, -0.000000000000000000, -1.000000000000000000 ) ) ;
#632 = EDGE_CURVE ( 'NONE', #1126, #4242, #2637, .T. ) ;
#633 = AXIS2_PLACEMENT_3D ( 'NONE', #4005, #709, #4916 ) ;
#634 = ORIENTED_EDGE ( 'NONE', *, *, #3677, .T. ) ;
#635 = FACE_OUTER_BOUND ( 'NONE', #4747, .T. ) ;
#636 = DIRECTION ( 'NONE',  ( -0.000000000000000000, -0.000000000000000000, 1.000000000000000000 ) ) ;
#637 = CARTESIAN_POINT ( 'NONE',  ( -43.09999999999998010, -40.99999999999996447, -8.000000000000007105 ) ) ;
#638 = DIRECTION ( 'NONE',  ( 1.000000000000000000, 0.000000000000000000, -0.000000000000000000 ) ) ;
#639 = CIRCLE ( 'NONE', #3191, 1.500000000011595169 ) ;
#640 = VERTEX_POINT ( 'NONE', #494 ) ;
#641 = FACE_OUTER_BOUND ( 'NONE', #2326, .T. ) ;
#642 = AXIS2_PLACEMENT_3D ( 'NONE', #5093, #5044, #2515 ) ;
#643 = CARTESIAN_POINT ( 'NONE',  ( 46.99999999999999289, 41.99999999999996447, -140.9360748630709281 ) ) ;
#644 = AXIS2_PLACEMENT_3D ( 'NONE', #3335, #2959, #3804 ) ;
#645 = DIRECTION ( 'NONE',  ( -0.000000000000000000, -0.000000000000000000, 1.000000000000000000 ) ) ;
#646 = CIRCLE ( 'NONE', #3726, 36.70000000000001705 ) ;
#647 = VERTEX_POINT ( 'NONE', #4724 ) ;
#648 = DIRECTION ( 'NONE',  ( 1.000000000000000000, 0.000000000000000000, 0.000000000000000000 ) ) ;
#649 = AXIS2_PLACEMENT_3D ( 'NONE', #163, #2646, #1078 ) ;
#650 = VERTEX_POINT ( 'NONE', #4312 ) ;
#651 = CARTESIAN_POINT ( 'NONE',  ( 37.79740483854563848, -8.010753622427328580, -109.0335419915582236 ) ) ;
#652 = CYLINDRICAL_SURFACE ( 'NONE', #1167, 2.099999999999990763 ) ;
#653 = EDGE_CURVE ( 'NONE', #1802, #775, #2282, .T. ) ;
#654 = AXIS2_PLACEMENT_3D ( 'NONE', #931, #3453, #152 ) ;
#655 = VERTEX_POINT ( 'NONE', #75 ) ;
#656 = VERTEX_POINT ( 'NONE', #1761 ) ;
#657 = VERTEX_POINT ( 'NONE', #3430 ) ;
#658 = CARTESIAN_POINT ( 'NONE',  ( 0.000000000000000000, 0.000000000000000000, -150.8011557844372987 ) ) ;
#659 = ORIENTED_EDGE ( 'NONE', *, *, #1293, .F. ) ;
#660 = CIRCLE ( 'NONE', #215, 2.250000000000001776 ) ;
#661 = CARTESIAN_POINT ( 'NONE',  ( 0.000000000000000000, 0.000000000000000000, 14.00000000000000178 ) ) ;
#662 = EDGE_CURVE ( 'NONE', #793, #4398, #4624, .T. ) ;
#663 = CARTESIAN_POINT ( 'NONE',  ( -1.500000000014509949, -41.99999999998873079, 14.00001200000000345 ) ) ;
#664 = CARTESIAN_POINT ( 'NONE',  ( -10.61118627879220000, 34.40062100830112257, 0.000000000000000000 ) ) ;
#665 = FACE_OUTER_BOUND ( 'NONE', #2586, .T. ) ;
#666 = ORIENTED_EDGE ( 'NONE', *, *, #4625, .F. ) ;
#667 = CYLINDRICAL_SURFACE ( 'NONE', #2411, 2.250000000000001776 ) ;
#668 = ADVANCED_FACE ( 'NONE', ( #1376 ), #3032, .F. ) ;
#669 = DIRECTION ( 'NONE',  ( 0.000000000000000000, 0.000000000000000000, 1.000000000000000000 ) ) ;
#670 = FACE_OUTER_BOUND ( 'NONE', #1924, .T. ) ;
#671 = FACE_OUTER_BOUND ( 'NONE', #124, .T. ) ;
#672 = VERTEX_POINT ( 'NONE', #2199 ) ;
#673 = CARTESIAN_POINT ( 'NONE',  ( 0.000000000000000000, 0.000000000000000000, -109.0335419915582236 ) ) ;
#674 = CARTESIAN_POINT ( 'NONE',  ( 2.619432448724978713E-12, 41.99999999998872369, 14.00000000000000178 ) ) ;
#675 = CARTESIAN_POINT ( 'NONE',  ( -13.30399624507198553, 34.20370862802908363, 0.000000000000000000 ) ) ;
#676 = ORIENTED_EDGE ( 'NONE', *, *, #3749, .F. ) ;
#677 = DIRECTION ( 'NONE',  ( 1.000000000000000000, 0.000000000000000000, 0.000000000000000000 ) ) ;
#678 = PRODUCT_DEFINITION_SHAPE ( 'NONE', 'NONE',  #1021 ) ;
#679 = VERTEX_POINT ( 'NONE', #685 ) ;
#680 = CARTESIAN_POINT ( 'NONE',  ( 24.48621855975301642, -26.38986738587376735, 14.00000000000000178 ) ) ;
#681 = DIRECTION ( 'NONE',  ( 1.000000000000000000, 3.304235192336778470E-16, -0.000000000000000000 ) ) ;
#682 = EDGE_LOOP ( 'NONE', ( #3515, #450, #1536, #3655, #601, #4497, #1719, #3123 ) ) ;
#683 = EDGE_LOOP ( 'NONE', ( #5331, #1681 ) ) ;
#684 = ORIENTED_EDGE ( 'NONE', *, *, #5008, .F. ) ;
#685 = CARTESIAN_POINT ( 'NONE',  ( 31.19848480984073547, 29.69848480982491523, 4.000000000000001776 ) ) ;
#686 = VERTEX_POINT ( 'NONE', #326 ) ;
#687 = EDGE_CURVE ( 'NONE', #527, #4242, #322, .T. ) ;
#688 = DIRECTION ( 'NONE',  ( 1.000000000000000000, 0.000000000000000000, 0.000000000000000000 ) ) ;
#689 = AXIS2_PLACEMENT_3D ( 'NONE', #3667, #251, #4878 ) ;
#690 = DIRECTION ( 'NONE',  ( 1.000000000000000000, 0.000000000000000000, 0.000000000000000000 ) ) ;
#691 = CARTESIAN_POINT ( 'NONE',  ( 32.84740483854548643, -8.010753622427833065, 0.000000000000000000 ) ) ;
#692 = ADVANCED_FACE ( 'NONE', ( #4068 ), #298, .F. ) ;
#693 = CARTESIAN_POINT ( 'NONE',  ( -5.365521582342417162, -35.59790974410456954, 0.000000000000000000 ) ) ;
#694 = ORIENTED_EDGE ( 'NONE', *, *, #1403, .T. ) ;
#695 = CARTESIAN_POINT ( 'NONE',  ( -10.61118627879168663, 34.40062100830128600, 0.000000000000000000 ) ) ;
#696 = FACE_OUTER_BOUND ( 'NONE', #4568, .T. ) ;
#697 = CARTESIAN_POINT ( 'NONE',  ( -8.275357579298990629, 35.75483823113651027, 0.000000000000000000 ) ) ;
#698 = EDGE_CURVE ( 'NONE', #3327, #2904, #3188, .T. ) ;
#699 = ORIENTED_EDGE ( 'NONE', *, *, #4693, .F. ) ;
#700 = CIRCLE ( 'NONE', #4730, 1.500000000011596279 ) ;
#701 = CARTESIAN_POINT ( 'NONE',  ( 0.000000000000000000, 0.000000000000000000, 14.00000000000000178 ) ) ;
#702 = DIRECTION ( 'NONE',  ( 0.000000000000000000, 0.000000000000000000, 1.000000000000000000 ) ) ;
#703 = CARTESIAN_POINT ( 'NONE',  ( 0.000000000000000000, 0.000000000000000000, -109.0335419915582236 ) ) ;
#704 = EDGE_CURVE ( 'NONE', #4217, #5110, #4984, .T. ) ;
#705 = EDGE_LOOP ( 'NONE', ( #2240, #3398, #4184, #2919 ) ) ;
#706 = CARTESIAN_POINT ( 'NONE',  ( 38.89999999999999147, -40.99999999999995026, 0.000000000000000000 ) ) ;
#707 = ORIENTED_EDGE ( 'NONE', *, *, #2166, .T. ) ;
#708 = DIRECTION ( 'NONE',  ( 1.000000000000000000, 0.000000000000000000, 0.000000000000000000 ) ) ;
#709 = DIRECTION ( 'NONE',  ( -0.000000000000000000, -0.000000000000000000, -1.000000000000000000 ) ) ;
#710 = EDGE_LOOP ( 'NONE', ( #2492, #1342 ) ) ;
#711 = ORIENTED_EDGE ( 'NONE', *, *, #227, .F. ) ;
#712 = ORIENTED_EDGE ( 'NONE', *, *, #4720, .F. ) ;
#713 = PLANE ( 'NONE',  #231 ) ;
#714 = VECTOR ( 'NONE', #2679, 1000.000000000000000 ) ;
#715 = ORIENTED_EDGE ( 'NONE', *, *, #3806, .F. ) ;
#716 = FACE_OUTER_BOUND ( 'NONE', #1120, .T. ) ;
#717 = CIRCLE ( 'NONE', #86, 2.250000000000001776 ) ;
#718 = CARTESIAN_POINT ( 'NONE',  ( -31.19848480983682393, 29.69848480982882677, 14.00000000000000178 ) ) ;
#719 = DIRECTION ( 'NONE',  ( 0.000000000000000000, 0.000000000000000000, -1.000000000000000000 ) ) ;
#720 = CARTESIAN_POINT ( 'NONE',  ( -20.27952209029009012, 29.74459587537596406, 0.000000000000000000 ) ) ;
#721 = EDGE_CURVE ( 'NONE', #3127, #2660, #5067, .T. ) ;
#722 = DIRECTION ( 'NONE',  ( 1.000000000000000000, 0.000000000000000000, 0.000000000000000000 ) ) ;
#723 = APPLICATION_CONTEXT ( 'automotive_design' ) ;
#724 = CIRCLE ( 'NONE', #2828, 2.250000000000001776 ) ;
#725 = CYLINDRICAL_SURFACE ( 'NONE', #2365, 2.700000000000028599 ) ;
#726 = CARTESIAN_POINT ( 'NONE',  ( -15.95769335655780630, -47.00000000000000000, 0.000000000000000000 ) ) ;
#727 = LINE ( 'NONE', #2401, #1572 ) ;
#728 = EDGE_CURVE ( 'NONE', #2720, #1379, #1925, .T. ) ;
#729 = CIRCLE ( 'NONE', #281, 36.69999999999997442 ) ;
#730 = ORIENTED_EDGE ( 'NONE', *, *, #3085, .T. ) ;
#731 = DIRECTION ( 'NONE',  ( 1.000000000000000000, 0.000000000000000000, 0.000000000000000000 ) ) ;
#732 = ADVANCED_FACE ( 'NONE', ( #1066 ), #1956, .F. ) ;
#733 = CARTESIAN_POINT ( 'NONE',  ( -3.115521582342919427, -35.59790974410449138, 0.000000000000000000 ) ) ;
#734 = CARTESIAN_POINT ( 'NONE',  ( 2.853946555715711764, -36.58886427667739838, 14.00000000000000178 ) ) ;
#735 = VECTOR ( 'NONE', #761, 1000.000000000000000 ) ;
#736 = ORIENTED_EDGE ( 'NONE', *, *, #3787, .F. ) ;
#737 = CARTESIAN_POINT ( 'NONE',  ( 31.19848480984073547, 29.69848480982491523, 14.00001200000000345 ) ) ;
#738 = ORIENTED_EDGE ( 'NONE', *, *, #2711, .F. ) ;
#739 = STYLED_ITEM ( 'NONE', ( #3364 ), #3783 ) ;
#740 = DIRECTION ( 'NONE',  ( -0.000000000000000000, -0.000000000000000000, -1.000000000000000000 ) ) ;
#741 = EDGE_CURVE ( 'NONE', #4476, #3102, #4038, .T. ) ;
#742 = DIRECTION ( 'NONE',  ( -1.000000000000000000, 0.000000000000000000, 0.000000000000000000 ) ) ;
#743 = CIRCLE ( 'NONE', #4330, 2.099999999999997868 ) ;
#744 = CYLINDRICAL_SURFACE ( 'NONE', #5010, 2.250000000000002220 ) ;
#745 = EDGE_LOOP ( 'NONE', ( #2038, #3074, #2421, #3863 ) ) ;
#746 = ORIENTED_EDGE ( 'NONE', *, *, #986, .F. ) ;
#747 = DIRECTION ( 'NONE',  ( 0.000000000000000000, -1.000000000000000000, 0.000000000000000000 ) ) ;
#748 = CARTESIAN_POINT ( 'NONE',  ( 0.000000000000000000, 47.00000000000000000, -8.000000000000000000 ) ) ;
#749 = AXIS2_PLACEMENT_3D ( 'NONE', #2236, #1381, #5253 ) ;
#750 = CARTESIAN_POINT ( 'NONE',  ( 0.000000000000000000, 0.000000000000000000, 14.00000000000000178 ) ) ;
#751 = CARTESIAN_POINT ( 'NONE',  ( 15.95769335655780630, -16.99999999999999645, 0.000000000000000000 ) ) ;
#752 = CARTESIAN_POINT ( 'NONE',  ( 36.30656791140456363, 5.359396094204004868, -109.0335419915582236 ) ) ;
#753 = CARTESIAN_POINT ( 'NONE',  ( -8.275357579298990629, 35.75483823113651027, -109.0335419915582236 ) ) ;
#754 = CIRCLE ( 'NONE', #5049, 1.500000000011596279 ) ;
#755 = CARTESIAN_POINT ( 'NONE',  ( -38.89999999999998437, -40.99999999999996447, -140.9360748630709281 ) ) ;
#756 = DIRECTION ( 'NONE',  ( 1.000000000000000000, 0.000000000000000000, 0.000000000000000000 ) ) ;
#757 = DIRECTION ( 'NONE',  ( 0.000000000000000000, 0.000000000000000000, 1.000000000000000000 ) ) ;
#758 = ORIENTED_EDGE ( 'NONE', *, *, #1599, .F. ) ;
#759 = CARTESIAN_POINT ( 'NONE',  ( -28.19848480981363181, 29.69848480982882677, 14.00001200000000345 ) ) ;
#760 = EDGE_CURVE ( 'NONE', #212, #4775, #1206, .T. ) ;
#761 = DIRECTION ( 'NONE',  ( -0.000000000000000000, -0.000000000000000000, -1.000000000000000000 ) ) ;
#762 = ORIENTED_EDGE ( 'NONE', *, *, #3444, .F. ) ;
#763 = EDGE_CURVE ( 'NONE', #4836, #656, #2607, .T. ) ;
#764 = ORIENTED_EDGE ( 'NONE', *, *, #164, .T. ) ;
#765 = EDGE_CURVE ( 'NONE', #5419, #2595, #1646, .T. ) ;
#766 = DIRECTION ( 'NONE',  ( -0.000000000000000000, -0.000000000000000000, -1.000000000000000000 ) ) ;
#767 = FACE_OUTER_BOUND ( 'NONE', #107, .T. ) ;
#768 = FACE_OUTER_BOUND ( 'NONE', #4406, .T. ) ;
#769 = ORIENTED_EDGE ( 'NONE', *, *, #1941, .F. ) ;
#770 = ORIENTED_EDGE ( 'NONE', *, *, #1107, .T. ) ;
#771 = FACE_OUTER_BOUND ( 'NONE', #3008, .T. ) ;
#772 = DIRECTION ( 'NONE',  ( 1.000000000000000000, 0.000000000000000000, 0.000000000000000000 ) ) ;
#773 = CARTESIAN_POINT ( 'NONE',  ( 22.96928245297783988, -28.62345303409993846, 14.00000000000000178 ) ) ;
#774 = ORIENTED_EDGE ( 'NONE', *, *, #5166, .F. ) ;
#775 = VERTEX_POINT ( 'NONE', #2799 ) ;
#776 = DIRECTION ( 'NONE',  ( 0.000000000000000000, 0.000000000000000000, 1.000000000000000000 ) ) ;
#777 = LINE ( 'NONE', #755, #829 ) ;
#778 = FACE_BOUND ( 'NONE', #2358, .T. ) ;
#779 = DIRECTION ( 'NONE',  ( -0.000000000000000000, -0.000000000000000000, -1.000000000000000000 ) ) ;
#780 = AXIS2_PLACEMENT_3D ( 'NONE', #2870, #4543, #1553 ) ;
#781 = ORIENTED_EDGE ( 'NONE', *, *, #4418, .T. ) ;
#782 = CARTESIAN_POINT ( 'NONE',  ( 15.61981460823199264, -32.43487924448709236, 14.00000000000000178 ) ) ;
#783 = CARTESIAN_POINT ( 'NONE',  ( -13.30399624507198553, 34.20370862802908363, 14.00000000000000178 ) ) ;
#784 = CIRCLE ( 'NONE', #3588, 2.250000000000001776 ) ;
#785 = ADVANCED_FACE ( 'NONE', ( #3594 ), #713, .T. ) ;
#786 = ORIENTED_EDGE ( 'NONE', *, *, #1699, .F. ) ;
#787 = ORIENTED_EDGE ( 'NONE', *, *, #3619, .T. ) ;
#788 = AXIS2_PLACEMENT_3D ( 'NONE', #661, #2776, #2717 ) ;
#789 = DIRECTION ( 'NONE',  ( 1.000000000000000000, 0.000000000000000000, 0.000000000000000000 ) ) ;
#790 = DIRECTION ( 'NONE',  ( -0.000000000000000000, -0.000000000000000000, 1.000000000000000000 ) ) ;
#791 = CIRCLE ( 'NONE', #605, 2.700000000000032152 ) ;
#792 = ORIENTED_EDGE ( 'NONE', *, *, #4133, .F. ) ;
#793 = VERTEX_POINT ( 'NONE', #3981 ) ;
#794 = CARTESIAN_POINT ( 'NONE',  ( -16.99999999999999645, 15.95769335655780630, -150.8011557844372987 ) ) ;
#795 = CARTESIAN_POINT ( 'NONE',  ( 0.000000000000000000, 0.000000000000000000, 0.000000000000000000 ) ) ;
#796 = DIRECTION ( 'NONE',  ( 0.000000000000000000, 0.000000000000000000, 1.000000000000000000 ) ) ;
#797 = CARTESIAN_POINT ( 'NONE',  ( -28.92691453624011899, -17.99999999999934275, 7.071067811865501263 ) ) ;
#798 = EDGE_CURVE ( 'NONE', #5432, #2537, #5333, .T. ) ;
#799 = ORIENTED_EDGE ( 'NONE', *, *, #1773, .T. ) ;
#800 = EDGE_LOOP ( 'NONE', ( #5162, #2934, #3837, #3679 ) ) ;
#801 = DIRECTION ( 'NONE',  ( -0.000000000000000000, -0.000000000000000000, -1.000000000000000000 ) ) ;
#802 = AXIS2_PLACEMENT_3D ( 'NONE', #859, #417, #3389 ) ;
#803 = DIRECTION ( 'NONE',  ( -0.000000000000000000, -0.000000000000000000, -1.000000000000000000 ) ) ;
#804 = AXIS2_PLACEMENT_3D ( 'NONE', #1025, #1468, #3968 ) ;
#805 = FACE_BOUND ( 'NONE', #116, .T. ) ;
#806 = EDGE_CURVE ( 'NONE', #3026, #3477, #1557, .T. ) ;
#807 = VERTEX_POINT ( 'NONE', #4507 ) ;
#808 = DIRECTION ( 'NONE',  ( 0.000000000000000000, 0.000000000000000000, 1.000000000000000000 ) ) ;
#809 = VECTOR ( 'NONE', #3396, 1000.000000000000000 ) ;
#810 = CYLINDRICAL_SURFACE ( 'NONE', #644, 2.250000000000001776 ) ;
#811 = AXIS2_PLACEMENT_3D ( 'NONE', #2499, #1649, #1623 ) ;
#812 = CIRCLE ( 'NONE', #5288, 1.500000000011596279 ) ;
#813 = ORIENTED_EDGE ( 'NONE', *, *, #589, .T. ) ;
#814 = VERTEX_POINT ( 'NONE', #1898 ) ;
#815 = CIRCLE ( 'NONE', #5114, 2.250000000000000000 ) ;
#816 = DIRECTION ( 'NONE',  ( 0.000000000000000000, 0.000000000000000000, -1.000000000000000000 ) ) ;
#817 = DIRECTION ( 'NONE',  ( 1.000000000000000000, 0.000000000000000000, 0.000000000000000000 ) ) ;
#818 = ORIENTED_EDGE ( 'NONE', *, *, #2884, .T. ) ;
#819 = ORIENTED_EDGE ( 'NONE', *, *, #2706, .F. ) ;
#820 = DIRECTION ( 'NONE',  ( 1.000000000000000000, 0.000000000000000000, 0.000000000000000000 ) ) ;
#821 = ORIENTED_EDGE ( 'NONE', *, *, #484, .F. ) ;
#822 = DIRECTION ( 'NONE',  ( 0.000000000000000000, 0.000000000000000000, -1.000000000000000000 ) ) ;
#823 = VECTOR ( 'NONE', #3768, 1000.000000000000000 ) ;
#824 = EDGE_CURVE ( 'NONE', #1502, #3102, #2961, .T. ) ;
#825 = CARTESIAN_POINT ( 'NONE',  ( -15.61981460823269252, -32.43487924448676551, 0.000000000000000000 ) ) ;
#826 = AXIS2_PLACEMENT_3D ( 'NONE', #165, #1880, #3882 ) ;
#827 = ORIENTED_EDGE ( 'NONE', *, *, #1231, .F. ) ;
#828 = ORIENTED_EDGE ( 'NONE', *, *, #2930, .T. ) ;
#829 = VECTOR ( 'NONE', #4018, 1000.000000000000000 ) ;
#830 = CARTESIAN_POINT ( 'NONE',  ( 26.82691942671749175, -25.04408900464158449, 14.00000000000000178 ) ) ;
#831 = EDGE_CURVE ( 'NONE', #154, #5036, #1296, .T. ) ;
#832 = AXIS2_PLACEMENT_3D ( 'NONE', #110, #1798, #3086 ) ;
#833 = DIRECTION ( 'NONE',  ( 0.000000000000000000, 0.000000000000000000, 1.000000000000000000 ) ) ;
#834 = CARTESIAN_POINT ( 'NONE',  ( -33.01694948971258725, -16.02407708399350028, 0.000000000000000000 ) ) ;
#835 = CIRCLE ( 'NONE', #3904, 2.250000000000001776 ) ;
#836 = EDGE_LOOP ( 'NONE', ( #570, #5234, #4414, #1532 ) ) ;
#837 = ADVANCED_FACE ( 'NONE', ( #4828 ), #2743, .T. ) ;
#838 = LINE ( 'NONE', #397, #3541 ) ;
#839 = CARTESIAN_POINT ( 'NONE',  ( -26.82691942671768004, -25.04408900464137133, 14.00000000000000178 ) ) ;
#840 = ADVANCED_FACE ( 'NONE', ( #2911 ), #2118, .F. ) ;
#841 = ORIENTED_EDGE ( 'NONE', *, *, #1540, .T. ) ;
#842 = FACE_OUTER_BOUND ( 'NONE', #1317, .T. ) ;
#843 = ORIENTED_EDGE ( 'NONE', *, *, #4561, .T. ) ;
#844 = DIRECTION ( 'NONE',  ( 0.000000000000000000, 0.000000000000000000, 1.000000000000000000 ) ) ;
#845 = ORIENTED_EDGE ( 'NONE', *, *, #3950, .T. ) ;
#846 = VERTEX_POINT ( 'NONE', #461 ) ;
#847 = EDGE_LOOP ( 'NONE', ( #69, #4196, #1957, #24 ) ) ;
#848 = DIRECTION ( 'NONE',  ( 1.000000000000000000, 0.000000000000000000, 0.000000000000000000 ) ) ;
#849 = ORIENTED_EDGE ( 'NONE', *, *, #1015, .F. ) ;
#850 = ADVANCED_FACE ( 'NONE', ( #771 ), #4149, .F. ) ;
#851 = DIRECTION ( 'NONE',  ( 1.000000000000000000, 0.000000000000000000, 0.000000000000000000 ) ) ;
#852 = AXIS2_PLACEMENT_3D ( 'NONE', #5360, #1037, #3681 ) ;
#853 = CARTESIAN_POINT ( 'NONE',  ( 29.69848480982502181, -29.69848480982903283, 4.000000000000001776 ) ) ;
#854 = ORIENTED_EDGE ( 'NONE', *, *, #1280, .F. ) ;
#855 = ORIENTED_EDGE ( 'NONE', *, *, #1804, .F. ) ;
#856 = CARTESIAN_POINT ( 'NONE',  ( -22.52952209028966735, 29.74459587537625538, -7.000000000000000000 ) ) ;
#857 = EDGE_CURVE ( 'NONE', #2524, #1751, #3271, .T. ) ;
#858 = CARTESIAN_POINT ( 'NONE',  ( 38.14933669852248244, 2.690283369110757050, 0.000000000000000000 ) ) ;
#859 = CARTESIAN_POINT ( 'NONE',  ( 5.365521582341643558, -35.59790974410469033, 7.071067811865501263 ) ) ;
#860 = ADVANCED_FACE ( 'NONE', ( #4638 ), #20, .F. ) ;
#861 = ORIENTED_EDGE ( 'NONE', *, *, #1723, .T. ) ;
#862 = CYLINDRICAL_SURFACE ( 'NONE', #474, 2.250000000000001776 ) ;
#863 = DIRECTION ( 'NONE',  ( 0.000000000000000000, 0.000000000000000000, 1.000000000000000000 ) ) ;
#864 = CIRCLE ( 'NONE', #4636, 2.250000000000001776 ) ;
#865 = EDGE_CURVE ( 'NONE', #4135, #4991, #729, .T. ) ;
#866 = ORIENTED_EDGE ( 'NONE', *, *, #1403, .F. ) ;
#867 = DIRECTION ( 'NONE',  ( 0.000000000000000000, 0.000000000000000000, 1.000000000000000000 ) ) ;
#868 = ORIENTED_EDGE ( 'NONE', *, *, #1402, .T. ) ;
#869 = DIRECTION ( 'NONE',  ( 1.000000000000000000, 0.000000000000000000, 0.000000000000000000 ) ) ;
#870 = ADVANCED_FACE ( 'NONE', ( #873 ), #3816, .F. ) ;
#871 = LINE ( 'NONE', #5151, #4298 ) ;
#872 = ORIENTED_EDGE ( 'NONE', *, *, #2409, .F. ) ;
#873 = FACE_OUTER_BOUND ( 'NONE', #3002, .T. ) ;
#874 = EDGE_LOOP ( 'NONE', ( #2004, #2751, #3449, #3239 ) ) ;
#875 = CIRCLE ( 'NONE', #3771, 2.700000000000020162 ) ;
#876 = LINE ( 'NONE', #1705, #3291 ) ;
#877 = CARTESIAN_POINT ( 'NONE',  ( -33.42691453624012610, -17.99999999999934275, 0.000000000000000000 ) ) ;
#878 = LINE ( 'NONE', #5391, #4314 ) ;
#879 = CIRCLE ( 'NONE', #3943, 2.700000000000032152 ) ;
#880 = ORIENTED_EDGE ( 'NONE', *, *, #1671, .T. ) ;
#881 = VERTEX_POINT ( 'NONE', #4533 ) ;
#882 = CARTESIAN_POINT ( 'NONE',  ( 36.21145495119149871, 13.15227687718976668, 14.00000000000000178 ) ) ;
#883 = DIRECTION ( 'NONE',  ( 0.000000000000000000, 0.000000000000000000, 1.000000000000000000 ) ) ;
#884 = DIRECTION ( 'NONE',  ( 0.000000000000000000, 0.000000000000000000, 1.000000000000000000 ) ) ;
#885 = ADVANCED_FACE ( 'NONE', ( #2446 ), #5030, .F. ) ;
#886 = VERTEX_POINT ( 'NONE', #3738 ) ;
#887 = VECTOR ( 'NONE', #4409, 1000.000000000000000 ) ;
#888 = LINE ( 'NONE', #3010, #294 ) ;
#889 = DIRECTION ( 'NONE',  ( 1.000000000000000000, 0.000000000000000000, 0.000000000000000000 ) ) ;
#890 = DIRECTION ( 'NONE',  ( 0.000000000000000000, 0.000000000000000000, 1.000000000000000000 ) ) ;
#891 = EDGE_CURVE ( 'NONE', #4144, #1661, #5414, .T. ) ;
#892 = AXIS2_PLACEMENT_3D ( 'NONE', #2843, #1194, #4106 ) ;
#893 =( GEOMETRIC_REPRESENTATION_CONTEXT ( 3 ) GLOBAL_UNCERTAINTY_ASSIGNED_CONTEXT ( ( #2658 ) ) GLOBAL_UNIT_ASSIGNED_CONTEXT ( ( #4153, #3324, #2504 ) ) REPRESENTATION_CONTEXT ( 'NONE', 'WORKASPACE' ) );
#894 = VECTOR ( 'NONE', #5107, 1000.000000000000000 ) ;
#895 = EDGE_CURVE ( 'NONE', #246, #1460, #1424, .T. ) ;
#896 = CARTESIAN_POINT ( 'NONE',  ( -8.057603353559999348, -35.80453921218227009, 14.00000000000000178 ) ) ;
#897 = AXIS2_PLACEMENT_3D ( 'NONE', #3862, #2705, #1121 ) ;
#898 = FACE_OUTER_BOUND ( 'NONE', #1735, .T. ) ;
#899 = CARTESIAN_POINT ( 'NONE',  ( -36.27327869805026239, -5.580255593928802327, 0.000000000000000000 ) ) ;
#900 = VECTOR ( 'NONE', #2710, 1000.000000000000000 ) ;
#901 = ORIENTED_EDGE ( 'NONE', *, *, #4230, .T. ) ;
#902 = CIRCLE ( 'NONE', #4240, 36.69999999999998863 ) ;
#903 = CARTESIAN_POINT ( 'NONE',  ( 0.000000000000000000, 47.00000000000000000, 0.000000000000000000 ) ) ;
#904 = ADVANCED_FACE ( 'NONE', ( #4613 ), #4583, .T. ) ;
#905 = ORIENTED_EDGE ( 'NONE', *, *, #3143, .F. ) ;
#906 = CARTESIAN_POINT ( 'NONE',  ( -18.44663023978664640, 31.72714662235779670, -109.0335419915582236 ) ) ;
#907 = DIRECTION ( 'NONE',  ( 0.000000000000000000, 0.000000000000000000, 1.000000000000000000 ) ) ;
#908 = DIRECTION ( 'NONE',  ( -0.000000000000000000, -0.000000000000000000, -1.000000000000000000 ) ) ;
#909 = ORIENTED_EDGE ( 'NONE', *, *, #4701, .T. ) ;
#910 = CIRCLE ( 'NONE', #30, 2.700000000000035705 ) ;
#911 = ORIENTED_EDGE ( 'NONE', *, *, #1571, .T. ) ;
#912 = LINE ( 'NONE', #3103, #2000 ) ;
#913 = DIRECTION ( 'NONE',  ( -1.000000000000000000, 0.000000000000000000, 0.000000000000000000 ) ) ;
#914 = CIRCLE ( 'NONE', #4333, 2.700000000000014833 ) ;
#915 = CARTESIAN_POINT ( 'NONE',  ( 0.000000000000000000, 0.000000000000000000, 0.000000000000000000 ) ) ;
#916 = AXIS2_PLACEMENT_3D ( 'NONE', #1663, #453, #2186 ) ;
#917 = EDGE_LOOP ( 'NONE', ( #4201, #1225, #1466, #4375 ) ) ;
#918 = FACE_BOUND ( 'NONE', #596, .T. ) ;
#919 = CYLINDRICAL_SURFACE ( 'NONE', #4697, 2.250000000000001776 ) ;
#920 = FILL_AREA_STYLE ('',( #3313 ) ) ;
#921 = AXIS2_PLACEMENT_3D ( 'NONE', #127, #4741, #5179 ) ;
#922 = CIRCLE ( 'NONE', #1803, 1.500000000011596279 ) ;
#923 = CYLINDRICAL_SURFACE ( 'NONE', #2321, 32.60000000000000142 ) ;
#924 = DIRECTION ( 'NONE',  ( 0.000000000000000000, -1.000000000000000000, 0.000000000000000000 ) ) ;
#925 = CYLINDRICAL_SURFACE ( 'NONE', #336, 36.70000000000001705 ) ;
#926 = ADVANCED_FACE ( 'NONE', ( #3298 ), #5000, .T. ) ;
#927 = ORIENTED_EDGE ( 'NONE', *, *, #3708, .T. ) ;
#928 = DIRECTION ( 'NONE',  ( 0.000000000000000000, 0.000000000000000000, 1.000000000000000000 ) ) ;
#929 = ADVANCED_FACE ( 'NONE', ( #3321 ), #4556, .T. ) ;
#930 = EDGE_LOOP ( 'NONE', ( #5287, #2105, #4788, #1187 ) ) ;
#931 = CARTESIAN_POINT ( 'NONE',  ( 15.61981460823199264, -32.43487924448709236, 0.000000000000000000 ) ) ;
#932 = DIRECTION ( 'NONE',  ( 1.000000000000000000, 0.000000000000000000, 0.000000000000000000 ) ) ;
#933 = ORIENTED_EDGE ( 'NONE', *, *, #3651, .F. ) ;
#934 = EDGE_CURVE ( 'NONE', #536, #4544, #5286, .T. ) ;
#935 = ORIENTED_EDGE ( 'NONE', *, *, #4437, .F. ) ;
#936 = CARTESIAN_POINT ( 'NONE',  ( -46.99999999999999289, -1.552990540398285378E-14, 0.000000000000000000 ) ) ;
#937 = FACE_OUTER_BOUND ( 'NONE', #3062, .T. ) ;
#938 = CARTESIAN_POINT ( 'NONE',  ( 30.39593336884964003, 22.44563286691362336, -7.000000000000000000 ) ) ;
#939 = CIRCLE ( 'NONE', #4104, 2.250000000000001776 ) ;
#940 = ORIENTED_EDGE ( 'NONE', *, *, #111, .F. ) ;
#941 = DIRECTION ( 'NONE',  ( 1.000000000000000000, 0.000000000000000000, 0.000000000000000000 ) ) ;
#942 = CARTESIAN_POINT ( 'NONE',  ( -40.99999999999999289, 40.99999999999999289, 0.000000000000000000 ) ) ;
#943 = CARTESIAN_POINT ( 'NONE',  ( -13.36981460823269074, -32.43487924448676551, -7.000000000000000000 ) ) ;
#944 = ORIENTED_EDGE ( 'NONE', *, *, #5181, .F. ) ;
#945 = DIRECTION ( 'NONE',  ( -0.000000000000000000, -0.000000000000000000, -1.000000000000000000 ) ) ;
#946 = CARTESIAN_POINT ( 'NONE',  ( -15.95769335655780630, -47.00000000000000000, 0.000000000000000000 ) ) ;
#947 = CARTESIAN_POINT ( 'NONE',  ( -37.34740483854578486, -8.010753622426568299, 0.000000000000000000 ) ) ;
#948 = EDGE_CURVE ( 'NONE', #3971, #4862, #3964, .T. ) ;
#949 = ORIENTED_EDGE ( 'NONE', *, *, #3209, .T. ) ;
#950 = FACE_OUTER_BOUND ( 'NONE', #3591, .T. ) ;
#951 = ORIENTED_EDGE ( 'NONE', *, *, #4860, .F. ) ;
#952 = DIRECTION ( 'NONE',  ( -0.000000000000000000, -0.000000000000000000, -1.000000000000000000 ) ) ;
#953 = CARTESIAN_POINT ( 'NONE',  ( 24.48621855975301642, -26.38986738587376735, 0.000000000000000000 ) ) ;
#954 = EDGE_LOOP ( 'NONE', ( #843, #4907 ) ) ;
#955 = EDGE_LOOP ( 'NONE', ( #1505, #373, #1259, #5223 ) ) ;
#956 = EDGE_LOOP ( 'NONE', ( #1923, #4017, #4059, #684 ) ) ;
#957 = CIRCLE ( 'NONE', #1485, 1.500000000011596279 ) ;
#958 = CARTESIAN_POINT ( 'NONE',  ( 0.000000000000000000, 0.000000000000000000, -109.0335419915582236 ) ) ;
#959 = CARTESIAN_POINT ( 'NONE',  ( 46.99999999999999289, 15.95769335655781340, -140.9360748630709281 ) ) ;
#960 = EDGE_CURVE ( 'NONE', #2045, #2904, #4582, .T. ) ;
#961 = CARTESIAN_POINT ( 'NONE',  ( 36.69983008444884831, 0.1116770906943860414, 0.000000000000000000 ) ) ;
#962 = AXIS2_PLACEMENT_3D ( 'NONE', #5334, #1595, #1570 ) ;
#963 = AXIS2_PLACEMENT_3D ( 'NONE', #3020, #3812, #1807 ) ;
#964 = ORIENTED_EDGE ( 'NONE', *, *, #1019, .T. ) ;
#965 = DIRECTION ( 'NONE',  ( 1.000000000000000000, 0.000000000000000000, 0.000000000000000000 ) ) ;
#966 = ADVANCED_FACE ( 'NONE', ( #3450 ), #4716, .F. ) ;
#967 = FACE_OUTER_BOUND ( 'NONE', #2037, .T. ) ;
#968 = AXIS2_PLACEMENT_3D ( 'NONE', #2245, #5174, #1414 ) ;
#969 = ORIENTED_EDGE ( 'NONE', *, *, #1202, .F. ) ;
#970 = AXIS2_PLACEMENT_3D ( 'NONE', #3225, #4927, #4481 ) ;
#971 = CARTESIAN_POINT ( 'NONE',  ( -22.96928245297806015, -28.62345303409973596, -109.0335419915582236 ) ) ;
#972 = AXIS2_PLACEMENT_3D ( 'NONE', #915, #3108, #3875 ) ;
#973 = CARTESIAN_POINT ( 'NONE',  ( 0.000000000000000000, 0.000000000000000000, 0.000000000000000000 ) ) ;
#974 = AXIS2_PLACEMENT_3D ( 'NONE', #4041, #2718, #3631 ) ;
#975 = ORIENTED_EDGE ( 'NONE', *, *, #3067, .T. ) ;
#976 = FACE_OUTER_BOUND ( 'NONE', #5084, .T. ) ;
#977 = ORIENTED_EDGE ( 'NONE', *, *, #4200, .F. ) ;
#978 = DIRECTION ( 'NONE',  ( -0.000000000000000000, 0.000000000000000000, 1.000000000000000000 ) ) ;
#979 = VECTOR ( 'NONE', #3049, 1000.000000000000000 ) ;
#980 = DIRECTION ( 'NONE',  ( 1.000000000000000000, 0.000000000000000000, 0.000000000000000000 ) ) ;
#981 = ORIENTED_EDGE ( 'NONE', *, *, #4810, .F. ) ;
#982 = AXIS2_PLACEMENT_3D ( 'NONE', #2272, #928, #45 ) ;
#983 = ORIENTED_EDGE ( 'NONE', *, *, #1142, .T. ) ;
#984 = ORIENTED_EDGE ( 'NONE', *, *, #4778, .F. ) ;
#985 = CARTESIAN_POINT ( 'NONE',  ( 18.44663023978732497, 31.72714662235741301, 0.000000000000000000 ) ) ;
#986 = EDGE_CURVE ( 'NONE', #1661, #640, #2565, .T. ) ;
#987 = CARTESIAN_POINT ( 'NONE',  ( 1.500000000014215074, 41.99999999998872369, 4.000000000000001776 ) ) ;
#988 = CYLINDRICAL_SURFACE ( 'NONE', #1062, 2.700000000000014833 ) ;
#989 = ADVANCED_FACE ( 'NONE', ( #1389, #1316 ), #5103, .T. ) ;
#990 = EDGE_LOOP ( 'NONE', ( #4651, #5383, #4998, #3467 ) ) ;
#991 = CIRCLE ( 'NONE', #4855, 2.099999999999990763 ) ;
#992 = CARTESIAN_POINT ( 'NONE',  ( 28.92691453623947240, -18.00000000000046541, -7.000000000000000000 ) ) ;
#993 = CARTESIAN_POINT ( 'NONE',  ( 30.25991268136590051, 20.76602235663133200, 14.00000000000000178 ) ) ;
#994 = CIRCLE ( 'NONE', #4957, 2.700000000000014833 ) ;
#995 = COLOUR_RGB ( '',0.7921568627450980005, 0.8196078431372548767, 0.9333333333333333481 ) ;
#996 = EDGE_CURVE ( 'NONE', #3792, #5434, #187, .T. ) ;
#997 = ORIENTED_EDGE ( 'NONE', *, *, #4221, .T. ) ;
#998 = AXIS2_PLACEMENT_3D ( 'NONE', #5168, #2645, #2695 ) ;
#999 = FACE_OUTER_BOUND ( 'NONE', #2829, .T. ) ;
#1000 = AXIS2_PLACEMENT_3D ( 'NONE', #5073, #4687, #5022 ) ;
#1001 = DIRECTION ( 'NONE',  ( -0.000000000000000000, 0.000000000000000000, -1.000000000000000000 ) ) ;
#1002 = CARTESIAN_POINT ( 'NONE',  ( -18.25319984466202428, -31.83882371305241676, 0.000000000000000000 ) ) ;
#1003 = CIRCLE ( 'NONE', #1097, 32.60000000000000142 ) ;
#1004 = ORIENTED_EDGE ( 'NONE', *, *, #4230, .F. ) ;
#1005 = DIRECTION ( 'NONE',  ( 1.000000000000000000, 0.000000000000000000, 0.000000000000000000 ) ) ;
#1006 = ORIENTED_EDGE ( 'NONE', *, *, #2925, .F. ) ;
#1007 = DIRECTION ( 'NONE',  ( 1.000000000000000000, 0.000000000000000000, 0.000000000000000000 ) ) ;
#1008 = DIRECTION ( 'NONE',  ( 0.000000000000000000, 1.000000000000000000, -0.000000000000000000 ) ) ;
#1009 = ORIENTED_EDGE ( 'NONE', *, *, #3474, .F. ) ;
#1010 = EDGE_LOOP ( 'NONE', ( #274, #1093, #1347, #2704 ) ) ;
#1011 = ORIENTED_EDGE ( 'NONE', *, *, #4351, .T. ) ;
#1012 = CARTESIAN_POINT ( 'NONE',  ( -5.365521582342921647, -35.59790974410449138, 0.000000000000000000 ) ) ;
#1013 = DIRECTION ( 'NONE',  ( -1.000000000000000000, 0.000000000000000000, 0.000000000000000000 ) ) ;
#1014 = CYLINDRICAL_SURFACE ( 'NONE', #3345, 2.250000000000001776 ) ;
#1015 = EDGE_CURVE ( 'NONE', #5068, #527, #3423, .T. ) ;
#1016 = ORIENTED_EDGE ( 'NONE', *, *, #4553, .F. ) ;
#1017 = FACE_OUTER_BOUND ( 'NONE', #155, .T. ) ;
#1018 = DIRECTION ( 'NONE',  ( -1.000000000000000000, 0.000000000000000000, 0.000000000000000000 ) ) ;
#1019 = EDGE_CURVE ( 'NONE', #3586, #2095, #2168, .T. ) ;
#1020 = FACE_OUTER_BOUND ( 'NONE', #4283, .T. ) ;
#1021 = PRODUCT_DEFINITION ( 'UNKNOWN', '', #365, #1835 ) ;
#1022 = ORIENTED_EDGE ( 'NONE', *, *, #2976, .T. ) ;
#1023 = CARTESIAN_POINT ( 'NONE',  ( -1.500000000008976153, 41.99999999998872369, 4.000000000000001776 ) ) ;
#1024 = EDGE_CURVE ( 'NONE', #315, #1057, #2652, .T. ) ;
#1025 = CARTESIAN_POINT ( 'NONE',  ( 15.61981460823199264, -32.43487924448709236, 0.000000000000000000 ) ) ;
#1026 = DIRECTION ( 'NONE',  ( -0.000000000000000000, -0.000000000000000000, -1.000000000000000000 ) ) ;
#1027 = ORIENTED_EDGE ( 'NONE', *, *, #4685, .T. ) ;
#1028 = CARTESIAN_POINT ( 'NONE',  ( 0.000000000000000000, 0.000000000000000000, 14.00000000000000178 ) ) ;
#1029 = ORIENTED_EDGE ( 'NONE', *, *, #548, .F. ) ;
#1030 = FACE_OUTER_BOUND ( 'NONE', #3958, .T. ) ;
#1031 = ADVANCED_FACE ( 'NONE', ( #1809 ), #3046, .F. ) ;
#1032 = DIRECTION ( 'NONE',  ( -0.000000000000000000, -0.000000000000000000, -1.000000000000000000 ) ) ;
#1033 = ORIENTED_EDGE ( 'NONE', *, *, #2204, .F. ) ;
#1034 = AXIS2_PLACEMENT_3D ( 'NONE', #1522, #3166, #2757 ) ;
#1035 = ORIENTED_EDGE ( 'NONE', *, *, #2178, .F. ) ;
#1036 = ORIENTED_EDGE ( 'NONE', *, *, #1674, .F. ) ;
#1037 = DIRECTION ( 'NONE',  ( 0.000000000000000000, 0.000000000000000000, 1.000000000000000000 ) ) ;
#1038 = LINE ( 'NONE', #1763, #340 ) ;
#1039 = DIRECTION ( 'NONE',  ( -0.000000000000000000, -0.000000000000000000, 1.000000000000000000 ) ) ;
#1040 = DIRECTION ( 'NONE',  ( -0.000000000000000000, -0.000000000000000000, -1.000000000000000000 ) ) ;
#1041 = AXIS2_PLACEMENT_3D ( 'NONE', #3387, #1326, #4239 ) ;
#1042 = ORIENTED_EDGE ( 'NONE', *, *, #5205, .F. ) ;
#1043 = CARTESIAN_POINT ( 'NONE',  ( 10.61118627879340970, 34.40062100830075309, 7.071067811865501263 ) ) ;
#1044 = AXIS2_PLACEMENT_3D ( 'NONE', #4040, #4896, #1927 ) ;
#1045 = CYLINDRICAL_SURFACE ( 'NONE', #3899, 2.700000000000014833 ) ;
#1046 = CARTESIAN_POINT ( 'NONE',  ( -28.92691453624011899, -17.99999999999934275, 0.000000000000000000 ) ) ;
#1047 = FACE_OUTER_BOUND ( 'NONE', #1425, .T. ) ;
#1048 = EDGE_LOOP ( 'NONE', ( #2786, #997, #2468, #2220 ) ) ;
#1049 = DIRECTION ( 'NONE',  ( 0.000000000000000000, 1.000000000000000000, -0.000000000000000000 ) ) ;
#1050 = ADVANCED_FACE ( 'NONE', ( #976 ), #3479, .F. ) ;
#1051 = CARTESIAN_POINT ( 'NONE',  ( 0.000000000000000000, 0.000000000000000000, -150.8011557844372987 ) ) ;
#1052 = CARTESIAN_POINT ( 'NONE',  ( 12.86118627879341147, 34.40062100830075309, 7.071067811865501263 ) ) ;
#1053 = ORIENTED_EDGE ( 'NONE', *, *, #3138, .F. ) ;
#1054 = EDGE_CURVE ( 'NONE', #4388, #3088, #4279, .T. ) ;
#1055 = FACE_OUTER_BOUND ( 'NONE', #705, .T. ) ;
#1056 = CIRCLE ( 'NONE', #2380, 30.00000000000000000 ) ;
#1057 = VERTEX_POINT ( 'NONE', #2578 ) ;
#1058 = VECTOR ( 'NONE', #3300, 1000.000000000000000 ) ;
#1059 = CARTESIAN_POINT ( 'NONE',  ( 10.61118627879340970, 34.40062100830075309, 7.071067811865501263 ) ) ;
#1060 = LINE ( 'NONE', #4387, #4941 ) ;
#1061 = ORIENTED_EDGE ( 'NONE', *, *, #5196, .F. ) ;
#1062 = AXIS2_PLACEMENT_3D ( 'NONE', #496, #1764, #3056 ) ;
#1063 = ORIENTED_EDGE ( 'NONE', *, *, #1899, .T. ) ;
#1064 = ORIENTED_EDGE ( 'NONE', *, *, #2644, .T. ) ;
#1065 = ADVANCED_FACE ( 'NONE', ( #950 ), #2247, .F. ) ;
#1066 = FACE_OUTER_BOUND ( 'NONE', #4965, .T. ) ;
#1067 = EDGE_LOOP ( 'NONE', ( #1098, #3101, #1035, #2334 ) ) ;
#1068 = AXIS2_PLACEMENT_3D ( 'NONE', #538, #1836, #2222 ) ;
#1069 = DIRECTION ( 'NONE',  ( 0.000000000000000000, 0.000000000000000000, -1.000000000000000000 ) ) ;
#1070 = DIRECTION ( 'NONE',  ( 1.000000000000000000, 0.000000000000000000, 0.000000000000000000 ) ) ;
#1071 = CIRCLE ( 'NONE', #2734, 36.70000000000001705 ) ;
#1072 = CARTESIAN_POINT ( 'NONE',  ( -31.17691453624012254, -17.99999999999934275, 0.000000000000000000 ) ) ;
#1073 = VECTOR ( 'NONE', #844, 1000.000000000000000 ) ;
#1074 = LINE ( 'NONE', #3251, #2228 ) ;
#1075 = ORIENTED_EDGE ( 'NONE', *, *, #607, .F. ) ;
#1076 = VECTOR ( 'NONE', #1993, 1000.000000000000000 ) ;
#1077 = LINE ( 'NONE', #1165, #4079 ) ;
#1078 = DIRECTION ( 'NONE',  ( -1.000000000000000000, 0.000000000000000000, 0.000000000000000000 ) ) ;
#1079 = DIRECTION ( 'NONE',  ( -0.000000000000000000, -0.000000000000000000, 1.000000000000000000 ) ) ;
#1080 = CARTESIAN_POINT ( 'NONE',  ( 0.000000000000000000, 47.00000000000000000, 0.000000000000000000 ) ) ;
#1081 = CIRCLE ( 'NONE', #2140, 2.700000000000021938 ) ;
#1082 = ORIENTED_EDGE ( 'NONE', *, *, #1743, .T. ) ;
#1083 = CARTESIAN_POINT ( 'NONE',  ( 29.69848480982913941, 29.69848480982491523, 14.00000000000000178 ) ) ;
#1084 = AXIS2_PLACEMENT_3D ( 'NONE', #4627, #808, #500 ) ;
#1085 = DIRECTION ( 'NONE',  ( 0.000000000000000000, -1.000000000000000000, 0.000000000000000000 ) ) ;
#1086 = CIRCLE ( 'NONE', #3196, 2.250000000000001776 ) ;
#1087 = CARTESIAN_POINT ( 'NONE',  ( 7.615521582341645335, -35.59790974410469033, -7.000000000000000000 ) ) ;
#1088 = AXIS2_PLACEMENT_3D ( 'NONE', #138, #4807, #965 ) ;
#1089 = ADVANCED_FACE ( 'NONE', ( #5177 ), #1417, .F. ) ;
#1090 = ORIENTED_EDGE ( 'NONE', *, *, #960, .F. ) ;
#1091 = CARTESIAN_POINT ( 'NONE',  ( -2.249999999999099831, 35.99999999999995737, -7.000000000000000000 ) ) ;
#1092 = CIRCLE ( 'NONE', #832, 2.099999999999997868 ) ;
#1093 = ORIENTED_EDGE ( 'NONE', *, *, #4813, .T. ) ;
#1094 = CARTESIAN_POINT ( 'NONE',  ( 43.50000000000031974, -2.764965523687156853E-12, 14.00001200000000345 ) ) ;
#1095 = DIRECTION ( 'NONE',  ( -1.000000000000000000, 0.000000000000000000, 0.000000000000000000 ) ) ;
#1096 = EDGE_CURVE ( 'NONE', #2015, #3698, #2214, .T. ) ;
#1097 = AXIS2_PLACEMENT_3D ( 'NONE', #3048, #537, #708 ) ;
#1098 = ORIENTED_EDGE ( 'NONE', *, *, #1337, .F. ) ;
#1099 = EDGE_CURVE ( 'NONE', #4862, #2373, #4358, .T. ) ;
#1100 = ORIENTED_EDGE ( 'NONE', *, *, #2952, .F. ) ;
#1101 = ORIENTED_EDGE ( 'NONE', *, *, #2806, .T. ) ;
#1102 = DIRECTION ( 'NONE',  ( 1.000000000000000000, 0.000000000000000000, 0.000000000000000000 ) ) ;
#1103 = ORIENTED_EDGE ( 'NONE', *, *, #760, .F. ) ;
#1104 = CIRCLE ( 'NONE', #567, 36.70000000000003837 ) ;
#1105 = DIRECTION ( 'NONE',  ( -0.000000000000000000, -0.000000000000000000, -1.000000000000000000 ) ) ;
#1106 = CARTESIAN_POINT ( 'NONE',  ( 41.99999999999995737, 47.00000000000000000, 0.000000000000000000 ) ) ;
#1107 = EDGE_CURVE ( 'NONE', #4544, #3610, #5109, .T. ) ;
#1108 = DIRECTION ( 'NONE',  ( 0.000000000000000000, -1.000000000000000000, 0.000000000000000000 ) ) ;
#1109 = DIRECTION ( 'NONE',  ( -0.000000000000000000, -0.000000000000000000, 1.000000000000000000 ) ) ;
#1110 = ORIENTED_EDGE ( 'NONE', *, *, #4518, .T. ) ;
#1111 = LINE ( 'NONE', #3279, #4032 ) ;
#1112 = CARTESIAN_POINT ( 'NONE',  ( 13.31118627879294891, 34.40062100830090941, 0.000000000000000000 ) ) ;
#1113 = CARTESIAN_POINT ( 'NONE',  ( 15.95769335655780630, -16.99999999999999645, -150.8011557844372987 ) ) ;
#1114 = EDGE_CURVE ( 'NONE', #4836, #3562, #2604, .T. ) ;
#1115 = DIRECTION ( 'NONE',  ( -0.000000000000000000, 1.000000000000000000, 0.000000000000000000 ) ) ;
#1116 = ORIENTED_EDGE ( 'NONE', *, *, #491, .T. ) ;
#1117 = CARTESIAN_POINT ( 'NONE',  ( 30.38573257179488962, -20.58147847156190124, 14.00000000000000178 ) ) ;
#1118 = DIRECTION ( 'NONE',  ( 0.000000000000000000, 0.000000000000000000, 1.000000000000000000 ) ) ;
#1119 = DIRECTION ( 'NONE',  ( -0.4999999999999926725, 0.8660254037844428154, 0.000000000000000000 ) ) ;
#1120 = EDGE_LOOP ( 'NONE', ( #5270, #2742, #1090, #4338 ) ) ;
#1121 = DIRECTION ( 'NONE',  ( 1.000000000000000000, 0.000000000000000000, 0.000000000000000000 ) ) ;
#1122 = ORIENTED_EDGE ( 'NONE', *, *, #4630, .T. ) ;
#1123 = CARTESIAN_POINT ( 'NONE',  ( 38.89999999999999147, -40.99999999999995026, -8.000000000000007105 ) ) ;
#1124 = EDGE_CURVE ( 'NONE', #656, #4836, #454, .T. ) ;
#1125 = CARTESIAN_POINT ( 'NONE',  ( 15.61981460823152190, -32.43487924448731263, -7.000000000000000000 ) ) ;
#1126 = VERTEX_POINT ( 'NONE', #5264 ) ;
#1127 = ORIENTED_EDGE ( 'NONE', *, *, #395, .F. ) ;
#1128 = ORIENTED_EDGE ( 'NONE', *, *, #2638, .T. ) ;
#1129 = DIRECTION ( 'NONE',  ( 0.000000000000000000, 0.000000000000000000, 1.000000000000000000 ) ) ;
#1130 = CARTESIAN_POINT ( 'NONE',  ( 35.89933669852248244, 2.690283369110756606, 14.00000000000000178 ) ) ;
#1131 = ADVANCED_FACE ( 'NONE', ( #1055 ), #288, .F. ) ;
#1132 = AXIS2_PLACEMENT_3D ( 'NONE', #4080, #4961, #4487 ) ;
#1133 = SHAPE_DEFINITION_REPRESENTATION ( #678, #2825 ) ;
#1134 = CARTESIAN_POINT ( 'NONE',  ( -43.09999999999998010, -40.99999999999996447, -140.9360748630709281 ) ) ;
#1135 = DIRECTION ( 'NONE',  ( 1.000000000000000000, 0.000000000000000000, 0.000000000000000000 ) ) ;
#1136 = DIRECTION ( 'NONE',  ( 0.000000000000000000, 0.000000000000000000, 1.000000000000000000 ) ) ;
#1137 = EDGE_CURVE ( 'NONE', #3070, #3815, #1604, .T. ) ;
#1138 = LINE ( 'NONE', #5369, #1712 ) ;
#1139 = DIRECTION ( 'NONE',  ( -0.000000000000000000, -0.000000000000000000, -1.000000000000000000 ) ) ;
#1140 = CARTESIAN_POINT ( 'NONE',  ( 32.60000000000000142, 3.992348565220371983E-15, 0.000000000000000000 ) ) ;
#1141 = ORIENTED_EDGE ( 'NONE', *, *, #5090, .T. ) ;
#1142 = EDGE_CURVE ( 'NONE', #5424, #3435, #614, .T. ) ;
#1143 = AXIS2_PLACEMENT_3D ( 'NONE', #598, #1793, #3542 ) ;
#1144 = FACE_OUTER_BOUND ( 'NONE', #4581, .T. ) ;
#1145 = CARTESIAN_POINT ( 'NONE',  ( 40.99999999999997868, -40.99999999999995026, -8.000000000000007105 ) ) ;
#1146 = FACE_OUTER_BOUND ( 'NONE', #615, .T. ) ;
#1147 = ORIENTED_EDGE ( 'NONE', *, *, #1555, .T. ) ;
#1148 = DIRECTION ( 'NONE',  ( -0.000000000000000000, -0.000000000000000000, 1.000000000000000000 ) ) ;
#1149 = EDGE_LOOP ( 'NONE', ( #769, #4631 ) ) ;
#1150 = CARTESIAN_POINT ( 'NONE',  ( 5.365521582342155149, -35.59790974410460507, 0.000000000000000000 ) ) ;
#1151 = DIRECTION ( 'NONE',  ( -3.304235192336778470E-16, 1.000000000000000000, 0.000000000000000000 ) ) ;
#1152 = EDGE_LOOP ( 'NONE', ( #4165, #5329 ) ) ;
#1153 = ORIENTED_EDGE ( 'NONE', *, *, #4821, .F. ) ;
#1154 = VERTEX_POINT ( 'NONE', #1891 ) ;
#1155 = DIRECTION ( 'NONE',  ( -0.000000000000000000, -0.000000000000000000, -1.000000000000000000 ) ) ;
#1156 = AXIS2_PLACEMENT_3D ( 'NONE', #1051, #3555, #4667 ) ;
#1157 = ORIENTED_EDGE ( 'NONE', *, *, #4050, .T. ) ;
#1158 = DIRECTION ( 'NONE',  ( 1.000000000000000000, 0.000000000000000000, 0.000000000000000000 ) ) ;
#1159 = AXIS2_PLACEMENT_3D ( 'NONE', #473, #5422, #3360 ) ;
#1160 = CARTESIAN_POINT ( 'NONE',  ( 0.000000000000000000, -47.00000000000000000, 0.000000000000000000 ) ) ;
#1161 = CARTESIAN_POINT ( 'NONE',  ( -40.49999999997712763, 2.473899373762800572E-12, 14.00000000000000178 ) ) ;
#1162 = EDGE_CURVE ( 'NONE', #1126, #5068, #1338, .T. ) ;
#1163 = CARTESIAN_POINT ( 'NONE',  ( 24.48621855975263983, -26.38986738587411551, -7.000000000000000000 ) ) ;
#1164 = AXIS2_PLACEMENT_3D ( 'NONE', #4510, #2427, #4395 ) ;
#1165 = CARTESIAN_POINT ( 'NONE',  ( -36.30656791140444994, 5.359396094204798899, -109.0335419915582236 ) ) ;
#1166 = CARTESIAN_POINT ( 'NONE',  ( 36.48975133124805126, -38.87314781470556824, -150.8011557844372987 ) ) ;
#1167 = AXIS2_PLACEMENT_3D ( 'NONE', #3589, #1982, #3242 ) ;
#1168 = EDGE_CURVE ( 'NONE', #647, #3756, #1071, .T. ) ;
#1169 = CARTESIAN_POINT ( 'NONE',  ( 0.000000000000000000, 0.000000000000000000, 4.000000000000001776 ) ) ;
#1170 = CIRCLE ( 'NONE', #4944, 53.31625993297229371 ) ;
#1171 = ORIENTED_EDGE ( 'NONE', *, *, #214, .T. ) ;
#1172 = EDGE_CURVE ( 'NONE', #3111, #234, #4912, .T. ) ;
#1173 = CYLINDRICAL_SURFACE ( 'NONE', #2060, 36.69999999999998863 ) ;
#1174 = DIRECTION ( 'NONE',  ( -0.000000000000000000, -0.000000000000000000, 1.000000000000000000 ) ) ;
#1175 = EDGE_CURVE ( 'NONE', #1478, #234, #4844, .T. ) ;
#1176 = EDGE_LOOP ( 'NONE', ( #2621, #542 ) ) ;
#1177 = ORIENTED_EDGE ( 'NONE', *, *, #2049, .T. ) ;
#1178 = VECTOR ( 'NONE', #2647, 1000.000000000000000 ) ;
#1179 = CARTESIAN_POINT ( 'NONE',  ( -18.44663023978664640, 31.72714662235779670, 0.000000000000000000 ) ) ;
#1180 = FACE_OUTER_BOUND ( 'NONE', #4794, .T. ) ;
#1181 = CIRCLE ( 'NONE', #3367, 4.999999999999997335 ) ;
#1182 = CARTESIAN_POINT ( 'NONE',  ( -28.14593336884884422, 22.44563286691462523, 14.00000000000000178 ) ) ;
#1183 = CIRCLE ( 'NONE', #2671, 30.00000000000000000 ) ;
#1184 = ORIENTED_EDGE ( 'NONE', *, *, #3014, .T. ) ;
#1185 = ORIENTED_EDGE ( 'NONE', *, *, #4749, .T. ) ;
#1186 = CARTESIAN_POINT ( 'NONE',  ( 28.14593336884932384, 22.44563286691402482, -109.0335419915582236 ) ) ;
#1187 = ORIENTED_EDGE ( 'NONE', *, *, #523, .F. ) ;
#1188 = DIRECTION ( 'NONE',  ( 1.000000000000000000, 0.000000000000000000, 0.000000000000000000 ) ) ;
#1189 = LINE ( 'NONE', #5417, #2048 ) ;
#1190 = VERTEX_POINT ( 'NONE', #706 ) ;
#1191 = DIRECTION ( 'NONE',  ( 0.000000000000000000, 0.000000000000000000, 1.000000000000000000 ) ) ;
#1192 = CIRCLE ( 'NONE', #39, 1.500000000011597834 ) ;
#1193 = CARTESIAN_POINT ( 'NONE',  ( 0.000000000000000000, 0.000000000000000000, 14.00000000000000178 ) ) ;
#1194 = DIRECTION ( 'NONE',  ( -0.000000000000000000, -0.000000000000000000, 1.000000000000000000 ) ) ;
#1195 = EDGE_CURVE ( 'NONE', #4919, #4699, #4410, .T. ) ;
#1196 = DIRECTION ( 'NONE',  ( 1.000000000000000000, 0.000000000000000000, 0.000000000000000000 ) ) ;
#1197 = ORIENTED_EDGE ( 'NONE', *, *, #3777, .F. ) ;
#1198 = ADVANCED_FACE ( 'NONE', ( #3529 ), #5208, .F. ) ;
#1199 = DIRECTION ( 'NONE',  ( 1.000000000000000000, 0.000000000000000000, 0.000000000000000000 ) ) ;
#1200 = CARTESIAN_POINT ( 'NONE',  ( 0.000000000000000000, 0.000000000000000000, 14.00000000000000178 ) ) ;
#1201 = VERTEX_POINT ( 'NONE', #1946 ) ;
#1202 = EDGE_CURVE ( 'NONE', #4420, #679, #2820, .T. ) ;
#1203 = ORIENTED_EDGE ( 'NONE', *, *, #1175, .T. ) ;
#1204 = DIRECTION ( 'NONE',  ( 1.000000000000000000, 0.000000000000000000, 0.000000000000000000 ) ) ;
#1205 = DIRECTION ( 'NONE',  ( 1.000000000000000000, 0.000000000000000000, 0.000000000000000000 ) ) ;
#1206 = CIRCLE ( 'NONE', #4273, 36.70000000000000995 ) ;
#1207 = ORIENTED_EDGE ( 'NONE', *, *, #2879, .T. ) ;
#1208 = EDGE_LOOP ( 'NONE', ( #1700, #4468, #3245, #1053 ) ) ;
#1209 = DIRECTION ( 'NONE',  ( -0.000000000000000000, -0.000000000000000000, -1.000000000000000000 ) ) ;
#1210 = EDGE_CURVE ( 'NONE', #2336, #2315, #460, .T. ) ;
#1211 = DIRECTION ( 'NONE',  ( 1.000000000000000000, 0.000000000000000000, 0.000000000000000000 ) ) ;
#1212 = CARTESIAN_POINT ( 'NONE',  ( -26.73621855975358841, -26.38986738587323444, 0.000000000000000000 ) ) ;
#1213 = DIRECTION ( 'NONE',  ( -0.000000000000000000, -0.000000000000000000, -1.000000000000000000 ) ) ;
#1214 = EDGE_LOOP ( 'NONE', ( #2449, #1796, #2576, #443 ) ) ;
#1215 = ORIENTED_EDGE ( 'NONE', *, *, #3374, .T. ) ;
#1216 = DIRECTION ( 'NONE',  ( -0.000000000000000000, -0.000000000000000000, -1.000000000000000000 ) ) ;
#1217 = LINE ( 'NONE', #392, #5001 ) ;
#1218 = FACE_BOUND ( 'NONE', #4296, .T. ) ;
#1219 = CARTESIAN_POINT ( 'NONE',  ( -38.87314781470554692, -36.48975133124807968, -150.8011557844372987 ) ) ;
#1220 = AXIS2_PLACEMENT_3D ( 'NONE', #3256, #4934, #1196 ) ;
#1221 = VERTEX_POINT ( 'NONE', #3178 ) ;
#1222 = FACE_OUTER_BOUND ( 'NONE', #318, .T. ) ;
#1223 = DIRECTION ( 'NONE',  ( 0.000000000000000000, 0.000000000000000000, 1.000000000000000000 ) ) ;
#1224 = VECTOR ( 'NONE', #4315, 1000.000000000000000 ) ;
#1225 = ORIENTED_EDGE ( 'NONE', *, *, #621, .T. ) ;
#1226 = EDGE_CURVE ( 'NONE', #1751, #413, #3969, .T. ) ;
#1227 = ORIENTED_EDGE ( 'NONE', *, *, #1717, .F. ) ;
#1228 = CIRCLE ( 'NONE', #962, 53.31625993297229371 ) ;
#1229 = CARTESIAN_POINT ( 'NONE',  ( 35.10227700601684120, -10.71074922649490979, 14.00000000000000178 ) ) ;
#1230 = FACE_OUTER_BOUND ( 'NONE', #3424, .T. ) ;
#1231 = EDGE_CURVE ( 'NONE', #2303, #4913, #1472, .T. ) ;
#1232 = AXIS2_PLACEMENT_3D ( 'NONE', #4736, #3043, #1911 ) ;
#1233 = ORIENTED_EDGE ( 'NONE', *, *, #4345, .F. ) ;
#1234 = ORIENTED_EDGE ( 'NONE', *, *, #3465, .T. ) ;
#1235 = CARTESIAN_POINT ( 'NONE',  ( 0.000000000000000000, 0.000000000000000000, 14.00000000000000178 ) ) ;
#1236 = DIRECTION ( 'NONE',  ( -1.000000000000000000, 0.000000000000000000, 0.000000000000000000 ) ) ;
#1237 = FACE_BOUND ( 'NONE', #2948, .T. ) ;
#1238 = CARTESIAN_POINT ( 'NONE',  ( -30.39593336884852448, 22.44563286691502313, 0.000000000000000000 ) ) ;
#1239 = ORIENTED_EDGE ( 'NONE', *, *, #3688, .T. ) ;
#1240 = EDGE_CURVE ( 'NONE', #2949, #2123, #3884, .T. ) ;
#1241 = AXIS2_PLACEMENT_3D ( 'NONE', #3174, #1497, #1445 ) ;
#1242 = VERTEX_POINT ( 'NONE', #1091 ) ;
#1243 = CARTESIAN_POINT ( 'NONE',  ( 0.000000000000000000, 0.000000000000000000, -109.0335419915582236 ) ) ;
#1244 = ADVANCED_FACE ( 'NONE', ( #3122 ), #3618, .F. ) ;
#1245 = CARTESIAN_POINT ( 'NONE',  ( -3.115521582342919427, -35.59790974410449138, -7.000000000000000000 ) ) ;
#1246 = CARTESIAN_POINT ( 'NONE',  ( 36.48975133124804415, -38.87314781470556824, 14.00000000000000178 ) ) ;
#1247 = CIRCLE ( 'NONE', #3703, 2.700000000000028599 ) ;
#1248 = ORIENTED_EDGE ( 'NONE', *, *, #2638, .F. ) ;
#1249 = PLANE ( 'NONE',  #2062 ) ;
#1250 = CARTESIAN_POINT ( 'NONE',  ( -15.95769335655780630, 47.00000000000000000, -140.9360748630709281 ) ) ;
#1251 = AXIS2_PLACEMENT_3D ( 'NONE', #1592, #1702, #820 ) ;
#1252 = AXIS2_PLACEMENT_3D ( 'NONE', #3811, #3064, #3420 ) ;
#1253 = ORIENTED_EDGE ( 'NONE', *, *, #895, .F. ) ;
#1254 = DIRECTION ( 'NONE',  ( 1.000000000000000000, 0.000000000000000000, 0.000000000000000000 ) ) ;
#1255 = ORIENTED_EDGE ( 'NONE', *, *, #4940, .F. ) ;
#1256 = DIRECTION ( 'NONE',  ( -0.000000000000000000, -0.000000000000000000, 1.000000000000000000 ) ) ;
#1257 = ORIENTED_EDGE ( 'NONE', *, *, #257, .F. ) ;
#1258 = EDGE_CURVE ( 'NONE', #5393, #587, #815, .T. ) ;
#1259 = ORIENTED_EDGE ( 'NONE', *, *, #3656, .T. ) ;
#1260 = EDGE_LOOP ( 'NONE', ( #4363, #3216 ) ) ;
#1261 = DIRECTION ( 'NONE',  ( 0.000000000000000000, 0.000000000000000000, 1.000000000000000000 ) ) ;
#1262 = AXIS2_PLACEMENT_3D ( 'NONE', #1200, #1118, #2875 ) ;
#1263 = ORIENTED_EDGE ( 'NONE', *, *, #1054, .F. ) ;
#1264 = CARTESIAN_POINT ( 'NONE',  ( 0.000000000000000000, 0.000000000000000000, -109.0335419915582236 ) ) ;
#1265 = EDGE_CURVE ( 'NONE', #886, #3154, #902, .T. ) ;
#1266 = CIRCLE ( 'NONE', #3982, 2.250000000000001776 ) ;
#1267 = CARTESIAN_POINT ( 'NONE',  ( 12.86118627879341147, 34.40062100830075309, 0.000000000000000000 ) ) ;
#1268 = CIRCLE ( 'NONE', #2493, 2.250000000000002665 ) ;
#1269 = ORIENTED_EDGE ( 'NONE', *, *, #1977, .T. ) ;
#1270 = ORIENTED_EDGE ( 'NONE', *, *, #4962, .T. ) ;
#1271 = AXIS2_PLACEMENT_3D ( 'NONE', #222, #4321, #551 ) ;
#1272 = FACE_OUTER_BOUND ( 'NONE', #836, .T. ) ;
#1273 = AXIS2_PLACEMENT_3D ( 'NONE', #3993, #3575, #1018 ) ;
#1274 = CARTESIAN_POINT ( 'NONE',  ( -35.03644220532580533, 10.92418040828992254, 0.000000000000000000 ) ) ;
#1275 = ADVANCED_FACE ( 'NONE', ( #2413 ), #5350, .F. ) ;
#1276 = DIRECTION ( 'NONE',  ( 0.000000000000000000, 0.000000000000000000, 1.000000000000000000 ) ) ;
#1277 = VECTOR ( 'NONE', #4666, 1000.000000000000000 ) ;
#1278 = ORIENTED_EDGE ( 'NONE', *, *, #3513, .T. ) ;
#1279 = FACE_BOUND ( 'NONE', #485, .T. ) ;
#1280 = EDGE_CURVE ( 'NONE', #4290, #5279, #5194, .T. ) ;
#1281 = AXIS2_PLACEMENT_3D ( 'NONE', #4653, #4270, #889 ) ;
#1282 = CARTESIAN_POINT ( 'NONE',  ( 24.48621855975263983, -26.38986738587411551, 7.071067811865501263 ) ) ;
#1283 = FACE_OUTER_BOUND ( 'NONE', #4067, .T. ) ;
#1284 = ORIENTED_EDGE ( 'NONE', *, *, #4940, .T. ) ;
#1285 = DIRECTION ( 'NONE',  ( -0.000000000000000000, 0.000000000000000000, 1.000000000000000000 ) ) ;
#1286 = ORIENTED_EDGE ( 'NONE', *, *, #1367, .F. ) ;
#1287 = CARTESIAN_POINT ( 'NONE',  ( -22.23621855975358486, -26.38986738587323444, -7.000000000000000000 ) ) ;
#1288 = CYLINDRICAL_SURFACE ( 'NONE', #4216, 1.500000000011596279 ) ;
#1289 = ORIENTED_EDGE ( 'NONE', *, *, #4215, .T. ) ;
#1290 = VERTEX_POINT ( 'NONE', #3664 ) ;
#1291 = CARTESIAN_POINT ( 'NONE',  ( 0.000000000000000000, 0.000000000000000000, 0.000000000000000000 ) ) ;
#1292 = EDGE_LOOP ( 'NONE', ( #774, #1157, #1814, #3601 ) ) ;
#1293 = EDGE_CURVE ( 'NONE', #377, #148, #4431, .T. ) ;
#1294 = DIRECTION ( 'NONE',  ( -0.000000000000000000, -0.000000000000000000, -1.000000000000000000 ) ) ;
#1295 = LINE ( 'NONE', #1444, #887 ) ;
#1296 = CIRCLE ( 'NONE', #3312, 2.250000000000003553 ) ;
#1297 = CARTESIAN_POINT ( 'NONE',  ( 0.000000000000000000, 0.000000000000000000, 0.000000000000000000 ) ) ;
#1298 = ORIENTED_EDGE ( 'NONE', *, *, #1865, .F. ) ;
#1299 = ORIENTED_EDGE ( 'NONE', *, *, #4063, .F. ) ;
#1300 = CYLINDRICAL_SURFACE ( 'NONE', #384, 2.700000000000020162 ) ;
#1301 = EDGE_CURVE ( 'NONE', #3154, #4783, #2837, .T. ) ;
#1302 = DIRECTION ( 'NONE',  ( -0.000000000000000000, -0.000000000000000000, 1.000000000000000000 ) ) ;
#1303 = FACE_OUTER_BOUND ( 'NONE', #1507, .T. ) ;
#1304 = ADVANCED_FACE ( 'NONE', ( #665 ), #3635, .T. ) ;
#1305 = ORIENTED_EDGE ( 'NONE', *, *, #409, .T. ) ;
#1306 = FACE_BOUND ( 'NONE', #2306, .T. ) ;
#1307 = CARTESIAN_POINT ( 'NONE',  ( -46.99999999999999289, -1.552990540398285378E-14, 0.000000000000000000 ) ) ;
#1308 = CARTESIAN_POINT ( 'NONE',  ( -47.00000000000000711, 41.99999999999996447, 0.000000000000000000 ) ) ;
#1309 = VECTOR ( 'NONE', #1938, 1000.000000000000000 ) ;
#1310 = EDGE_CURVE ( 'NONE', #2099, #1839, #4075, .T. ) ;
#1311 = CARTESIAN_POINT ( 'NONE',  ( -33.64933669852238296, 2.690283369112055123, -7.000000000000000000 ) ) ;
#1312 = CARTESIAN_POINT ( 'NONE',  ( 15.95769335655780630, -16.99999999999999645, 14.00000000000001243 ) ) ;
#1313 = VECTOR ( 'NONE', #5087, 1000.000000000000000 ) ;
#1314 = DIRECTION ( 'NONE',  ( -0.000000000000000000, -0.000000000000000000, -1.000000000000000000 ) ) ;
#1315 = VERTEX_POINT ( 'NONE', #3226 ) ;
#1316 = FACE_BOUND ( 'NONE', #2475, .T. ) ;
#1317 = EDGE_LOOP ( 'NONE', ( #1840, #3332, #265, #981 ) ) ;
#1318 = VECTOR ( 'NONE', #327, 1000.000000000000000 ) ;
#1319 = LINE ( 'NONE', #1345, #1277 ) ;
#1320 = FACE_OUTER_BOUND ( 'NONE', #534, .T. ) ;
#1321 = CARTESIAN_POINT ( 'NONE',  ( 0.000000000000000000, 0.000000000000000000, -7.000000000000000000 ) ) ;
#1322 = AXIS2_PLACEMENT_3D ( 'NONE', #4300, #2216, #2965 ) ;
#1323 = ORIENTED_EDGE ( 'NONE', *, *, #4839, .F. ) ;
#1324 = ORIENTED_EDGE ( 'NONE', *, *, #1428, .F. ) ;
#1325 = CYLINDRICAL_SURFACE ( 'NONE', #1438, 2.700000000000035705 ) ;
#1326 = DIRECTION ( 'NONE',  ( -0.000000000000000000, -0.000000000000000000, -1.000000000000000000 ) ) ;
#1327 = FACE_BOUND ( 'NONE', #2564, .T. ) ;
#1328 = EDGE_CURVE ( 'NONE', #4862, #3971, #1867, .T. ) ;
#1329 = ORIENTED_EDGE ( 'NONE', *, *, #4761, .T. ) ;
#1330 = AXIS2_PLACEMENT_3D ( 'NONE', #750, #5416, #3685 ) ;
#1331 = CARTESIAN_POINT ( 'NONE',  ( 32.60000000000000142, 3.992348565220371983E-15, 92.48956697920040426 ) ) ;
#1332 = CYLINDRICAL_SURFACE ( 'NONE', #649, 2.250000000000001776 ) ;
#1333 =( NAMED_UNIT ( * ) PLANE_ANGLE_UNIT ( ) SI_UNIT ( $, .RADIAN. ) );
#1334 = AXIS2_PLACEMENT_3D ( 'NONE', #2755, #1490, #277 ) ;
#1335 = AXIS2_PLACEMENT_3D ( 'NONE', #2947, #3742, #3274 ) ;
#1336 = CARTESIAN_POINT ( 'NONE',  ( 9.024898883769338909E-13, 35.99999999999995737, 0.000000000000000000 ) ) ;
#1337 = EDGE_CURVE ( 'NONE', #4069, #2467, #1170, .T. ) ;
#1338 = CIRCLE ( 'NONE', #4405, 2.250000000000001776 ) ;
#1339 = DIRECTION ( 'NONE',  ( 1.000000000000000000, 0.000000000000000000, 0.000000000000000000 ) ) ;
#1340 = DIRECTION ( 'NONE',  ( -0.000000000000000000, -0.000000000000000000, 1.000000000000000000 ) ) ;
#1341 = CIRCLE ( 'NONE', #102, 2.250000000000000444 ) ;
#1342 = ORIENTED_EDGE ( 'NONE', *, *, #3308, .T. ) ;
#1343 = DIRECTION ( 'NONE',  ( 0.000000000000000000, 0.000000000000000000, 1.000000000000000000 ) ) ;
#1344 = VERTEX_POINT ( 'NONE', #305 ) ;
#1345 = CARTESIAN_POINT ( 'NONE',  ( -43.09999999999999432, 40.99999999999999289, -140.9360748630709281 ) ) ;
#1346 = DIRECTION ( 'NONE',  ( 0.000000000000000000, 0.000000000000000000, 1.000000000000000000 ) ) ;
#1347 = ORIENTED_EDGE ( 'NONE', *, *, #2480, .F. ) ;
#1348 = CIRCLE ( 'NONE', #1262, 36.70000000000000995 ) ;
#1349 = ORIENTED_EDGE ( 'NONE', *, *, #2857, .F. ) ;
#1350 = DIRECTION ( 'NONE',  ( 0.000000000000000000, 0.000000000000000000, 1.000000000000000000 ) ) ;
#1351 = AXIS2_PLACEMENT_3D ( 'NONE', #602, #1380, #3059 ) ;
#1352 = DIRECTION ( 'NONE',  ( 0.000000000000000000, 0.000000000000000000, -1.000000000000000000 ) ) ;
#1353 = AXIS2_PLACEMENT_3D ( 'NONE', #4683, #4271, #37 ) ;
#1354 = DIRECTION ( 'NONE',  ( 0.7071067811865473507, 0.7071067811865476838, 0.000000000000000000 ) ) ;
#1355 = VECTOR ( 'NONE', #1435, 1000.000000000000000 ) ;
#1356 = CIRCLE ( 'NONE', #1439, 2.250000000000003553 ) ;
#1357 = ORIENTED_EDGE ( 'NONE', *, *, #3774, .T. ) ;
#1358 = DIRECTION ( 'NONE',  ( 0.000000000000000000, 0.000000000000000000, 1.000000000000000000 ) ) ;
#1360 = EDGE_CURVE ( 'NONE', #2772, #3839, #1600, .T. ) ;
#1359 = CARTESIAN_POINT ( 'NONE',  ( -15.95769335655780630, -16.99999999999999645, 14.00000000000001243 ) ) ;
#1361 = CARTESIAN_POINT ( 'NONE',  ( 0.000000000000000000, 0.000000000000000000, 14.00000000000000178 ) ) ;
#1362 = VECTOR ( 'NONE', #952, 1000.000000000000000 ) ;
#1363 = DIRECTION ( 'NONE',  ( 1.000000000000000000, 0.000000000000000000, 0.000000000000000000 ) ) ;
#1364 = DIRECTION ( 'NONE',  ( 0.000000000000000000, -1.000000000000000000, 0.000000000000000000 ) ) ;
#1365 = CARTESIAN_POINT ( 'NONE',  ( 31.17691453623947240, -18.00000000000046541, 0.000000000000000000 ) ) ;
#1366 = EDGE_LOOP ( 'NONE', ( #909, #2169, #1498, #2543 ) ) ;
#1367 = EDGE_CURVE ( 'NONE', #3927, #5407, #1781, .T. ) ;
#1368 = CARTESIAN_POINT ( 'NONE',  ( -42.00000000000000711, 42.00000000000000000, -8.000000000000117240 ) ) ;
#1369 = ORIENTED_EDGE ( 'NONE', *, *, #3315, .T. ) ;
#1370 = CARTESIAN_POINT ( 'NONE',  ( -18.02952209028966379, 29.74459587537625538, 7.071067811865501263 ) ) ;
#1371 = CARTESIAN_POINT ( 'NONE',  ( 2.250000000000905054, 35.99999999999995737, -7.000000000000000000 ) ) ;
#1372 = ORIENTED_EDGE ( 'NONE', *, *, #4656, .T. ) ;
#1373 = ORIENTED_EDGE ( 'NONE', *, *, #1565, .T. ) ;
#1374 = ORIENTED_EDGE ( 'NONE', *, *, #4518, .F. ) ;
#1375 = EDGE_CURVE ( 'NONE', #3750, #3625, #2485, .T. ) ;
#1376 = FACE_OUTER_BOUND ( 'NONE', #2012, .T. ) ;
#1377 = DIRECTION ( 'NONE',  ( -0.000000000000000000, -0.000000000000000000, 1.000000000000000000 ) ) ;
#1378 = CARTESIAN_POINT ( 'NONE',  ( 29.69848480982913941, 29.69848480982491523, 14.00000000000000178 ) ) ;
#1379 = VERTEX_POINT ( 'NONE', #1904 ) ;
#1380 = DIRECTION ( 'NONE',  ( -0.000000000000000000, 0.000000000000000000, -1.000000000000000000 ) ) ;
#1381 = DIRECTION ( 'NONE',  ( 0.000000000000000000, 0.000000000000000000, 1.000000000000000000 ) ) ;
#1382 = FACE_OUTER_BOUND ( 'NONE', #3058, .T. ) ;
#1383 = ORIENTED_EDGE ( 'NONE', *, *, #948, .F. ) ;
#1384 = CARTESIAN_POINT ( 'NONE',  ( 31.26145495119168061, 13.15227687718926575, -7.000000000000000000 ) ) ;
#1385 = FACE_OUTER_BOUND ( 'NONE', #917, .T. ) ;
#1386 = DIRECTION ( 'NONE',  ( -0.000000000000000000, -0.000000000000000000, 1.000000000000000000 ) ) ;
#1387 = EDGE_CURVE ( 'NONE', #5318, #2095, #3184, .T. ) ;
#1388 = ORIENTED_EDGE ( 'NONE', *, *, #1510, .T. ) ;
#1389 = FACE_OUTER_BOUND ( 'NONE', #1397, .T. ) ;
#1390 = EDGE_LOOP ( 'NONE', ( #5053, #4555, #770, #866 ) ) ;
#1391 = CARTESIAN_POINT ( 'NONE',  ( 20.27952209029115949, 29.74459587537523930, 7.071067811865497710 ) ) ;
#1392 = UNCERTAINTY_MEASURE_WITH_UNIT (LENGTH_MEASURE( 1.000000000000000082E-05 ), #478, 'distance_accuracy_value', 'NONE');
#1393 = FACE_OUTER_BOUND ( 'NONE', #3844, .T. ) ;
#1394 = EDGE_CURVE ( 'NONE', #3477, #2175, #4074, .T. ) ;
#1395 = ORIENTED_EDGE ( 'NONE', *, *, #1172, .F. ) ;
#1396 = ORIENTED_EDGE ( 'NONE', *, *, #4526, .F. ) ;
#1397 = EDGE_LOOP ( 'NONE', ( #4178, #2866, #3427, #2521, #1641, #4412 ) ) ;
#1398 = AXIS2_PLACEMENT_3D ( 'NONE', #3826, #803, #2534 ) ;
#1399 = DIRECTION ( 'NONE',  ( 0.9555728057861446745, 0.2947551744108914962, 0.000000000000000000 ) ) ;
#1400 = CARTESIAN_POINT ( 'NONE',  ( 41.99999999998872369, -2.765149220707030508E-12, 14.00001200000000345 ) ) ;
#1401 = CARTESIAN_POINT ( 'NONE',  ( -13.51191078917818089, -34.12210818260339096, 0.000000000000000000 ) ) ;
#1402 = EDGE_CURVE ( 'NONE', #99, #650, #1074, .T. ) ;
#1403 = EDGE_CURVE ( 'NONE', #4775, #3610, #1486, .T. ) ;
#1404 = EDGE_LOOP ( 'NONE', ( #5271, #3047, #868, #1919 ) ) ;
#1405 = DIRECTION ( 'NONE',  ( -0.000000000000000000, -0.000000000000000000, -1.000000000000000000 ) ) ;
#1406 = DIRECTION ( 'NONE',  ( 1.000000000000000000, 0.000000000000000000, 0.000000000000000000 ) ) ;
#1407 = DIRECTION ( 'NONE',  ( 0.000000000000000000, 0.000000000000000000, 1.000000000000000000 ) ) ;
#1408 = CIRCLE ( 'NONE', #358, 2.250000000000002665 ) ;
#1409 = AXIS2_PLACEMENT_3D ( 'NONE', #2816, #4087, #314 ) ;
#1410 = VERTEX_POINT ( 'NONE', #2867 ) ;
#1411 = CARTESIAN_POINT ( 'NONE',  ( -35.09740483854577775, -8.010753622426568299, -7.000000000000000000 ) ) ;
#1412 = AXIS2_PLACEMENT_3D ( 'NONE', #2023, #4048, #5370 ) ;
#1413 = DIRECTION ( 'NONE',  ( 0.000000000000000000, 0.000000000000000000, 1.000000000000000000 ) ) ;
#1414 = DIRECTION ( 'NONE',  ( 1.000000000000000000, 0.000000000000000000, 0.000000000000000000 ) ) ;
#1415 = CIRCLE ( 'NONE', #2296, 2.250000000000002665 ) ;
#1416 = ORIENTED_EDGE ( 'NONE', *, *, #4541, .F. ) ;
#1417 = CYLINDRICAL_SURFACE ( 'NONE', #3878, 1.500000000011596279 ) ;
#1418 = ORIENTED_EDGE ( 'NONE', *, *, #469, .F. ) ;
#1419 = VECTOR ( 'NONE', #150, 1000.000000000000000 ) ;
#1420 = DIRECTION ( 'NONE',  ( 0.000000000000000000, -1.000000000000000000, 0.000000000000000000 ) ) ;
#1421 = ADVANCED_FACE ( 'NONE', ( #3161 ), #4835, .T. ) ;
#1422 = DIRECTION ( 'NONE',  ( 1.000000000000000000, 0.000000000000000000, 0.000000000000000000 ) ) ;
#1423 = ORIENTED_EDGE ( 'NONE', *, *, #2166, .F. ) ;
#1424 = CIRCLE ( 'NONE', #1961, 32.60000000000000142 ) ;
#1425 = EDGE_LOOP ( 'NONE', ( #1029, #3037, #4982, #3045, #623, #927 ) ) ;
#1426 = VERTEX_POINT ( 'NONE', #4016 ) ;
#1427 = DIRECTION ( 'NONE',  ( 1.000000000000000000, 0.000000000000000000, 0.000000000000000000 ) ) ;
#1428 = EDGE_CURVE ( 'NONE', #1831, #5138, #3104, .T. ) ;
#1429 = DIRECTION ( 'NONE',  ( -0.000000000000000000, -0.000000000000000000, -1.000000000000000000 ) ) ;
#1430 = EDGE_CURVE ( 'NONE', #4389, #3528, #743, .T. ) ;
#1431 = DIRECTION ( 'NONE',  ( 0.000000000000000000, 0.000000000000000000, 1.000000000000000000 ) ) ;
#1432 = AXIS2_PLACEMENT_3D ( 'NONE', #3725, #1969, #1556 ) ;
#1433 = VERTEX_POINT ( 'NONE', #4539 ) ;
#1434 = EDGE_CURVE ( 'NONE', #2855, #640, #4871, .T. ) ;
#1435 = DIRECTION ( 'NONE',  ( -0.000000000000000000, -0.000000000000000000, 1.000000000000000000 ) ) ;
#1436 = LINE ( 'NONE', #4019, #302 ) ;
#1437 = CYLINDRICAL_SURFACE ( 'NONE', #1794, 2.250000000000001776 ) ;
#1438 = AXIS2_PLACEMENT_3D ( 'NONE', #3003, #4158, #3328 ) ;
#1439 = AXIS2_PLACEMENT_3D ( 'NONE', #1462, #4785, #3137 ) ;
#1440 = ORIENTED_EDGE ( 'NONE', *, *, #4063, .T. ) ;
#1441 = EDGE_CURVE ( 'NONE', #44, #2045, #4620, .T. ) ;
#1442 = DIRECTION ( 'NONE',  ( 1.000000000000000000, 0.000000000000000000, 0.000000000000000000 ) ) ;
#1443 = CIRCLE ( 'NONE', #4427, 36.70000000000000995 ) ;
#1444 = CARTESIAN_POINT ( 'NONE',  ( 38.89999999999999147, -40.99999999999995026, -140.9360748630709281 ) ) ;
#1445 = DIRECTION ( 'NONE',  ( 1.000000000000000000, 0.000000000000000000, 0.000000000000000000 ) ) ;
#1446 = CIRCLE ( 'NONE', #3551, 2.700000000000021938 ) ;
#1447 = VERTEX_POINT ( 'NONE', #856 ) ;
#1448 = DIRECTION ( 'NONE',  ( 0.000000000000000000, 0.000000000000000000, 1.000000000000000000 ) ) ;
#1449 = ORIENTED_EDGE ( 'NONE', *, *, #2777, .F. ) ;
#1450 = CYLINDRICAL_SURFACE ( 'NONE', #4085, 2.250000000000001776 ) ;
#1451 = FACE_OUTER_BOUND ( 'NONE', #5185, .T. ) ;
#1452 = VERTEX_POINT ( 'NONE', #415 ) ;
#1453 = ORIENTED_EDGE ( 'NONE', *, *, #3258, .F. ) ;
#1454 = EDGE_LOOP ( 'NONE', ( #1395, #707, #1215, #1203 ) ) ;
#1455 = DIRECTION ( 'NONE',  ( 0.000000000000000000, 0.000000000000000000, 1.000000000000000000 ) ) ;
#1456 = DIRECTION ( 'NONE',  ( 1.000000000000000000, 0.000000000000000000, 0.000000000000000000 ) ) ;
#1457 = LINE ( 'NONE', #3132, #275 ) ;
#1458 = FACE_OUTER_BOUND ( 'NONE', #438, .T. ) ;
#1459 = ADVANCED_FACE ( 'NONE', ( #390 ), #5063, .F. ) ;
#1460 = VERTEX_POINT ( 'NONE', #3305 ) ;
#1461 = DIRECTION ( 'NONE',  ( 1.000000000000000000, 0.000000000000000000, 0.000000000000000000 ) ) ;
#1462 = CARTESIAN_POINT ( 'NONE',  ( 9.024898883769338909E-13, 35.99999999999995737, -7.000000000000000000 ) ) ;
#1463 = LINE ( 'NONE', #4759, #3451 ) ;
#1464 = AXIS2_PLACEMENT_3D ( 'NONE', #101, #4265, #1427 ) ;
#1465 = ADVANCED_FACE ( 'NONE', ( #2126 ), #1300, .F. ) ;
#1466 = ORIENTED_EDGE ( 'NONE', *, *, #1912, .T. ) ;
#1467 = DIRECTION ( 'NONE',  ( 0.000000000000000000, 0.000000000000000000, 1.000000000000000000 ) ) ;
#1468 = DIRECTION ( 'NONE',  ( -0.000000000000000000, -0.000000000000000000, -1.000000000000000000 ) ) ;
#1469 = FACE_OUTER_BOUND ( 'NONE', #3320, .T. ) ;
#1470 = EDGE_CURVE ( 'NONE', #5279, #4290, #200, .T. ) ;
#1471 = ORIENTED_EDGE ( 'NONE', *, *, #317, .F. ) ;
#1472 = LINE ( 'NONE', #3944, #3015 ) ;
#1473 = VERTEX_POINT ( 'NONE', #5009 ) ;
#1474 = DIRECTION ( 'NONE',  ( -0.000000000000000000, -0.000000000000000000, 1.000000000000000000 ) ) ;
#1475 = CARTESIAN_POINT ( 'NONE',  ( -38.14933669852238296, 2.690283369112054679, 0.000000000000000000 ) ) ;
#1476 = ORIENTED_EDGE ( 'NONE', *, *, #2812, .F. ) ;
#1477 = VECTOR ( 'NONE', #779, 1000.000000000000000 ) ;
#1478 = VERTEX_POINT ( 'NONE', #4645 ) ;
#1479 = EDGE_LOOP ( 'NONE', ( #3563, #1895 ) ) ;
#1480 = DIRECTION ( 'NONE',  ( 0.000000000000000000, 0.000000000000000000, -1.000000000000000000 ) ) ;
#1481 = ORIENTED_EDGE ( 'NONE', *, *, #52, .F. ) ;
#1482 = DIRECTION ( 'NONE',  ( -1.000000000000000000, 0.000000000000000000, 0.000000000000000000 ) ) ;
#1483 = LINE ( 'NONE', #3223, #5021 ) ;
#1484 = CARTESIAN_POINT ( 'NONE',  ( 25.89593336884963648, 22.44563286691362336, -7.000000000000000000 ) ) ;
#1485 = AXIS2_PLACEMENT_3D ( 'NONE', #4594, #2102, #3769 ) ;
#1486 = LINE ( 'NONE', #2429, #2406 ) ;
#1487 = ORIENTED_EDGE ( 'NONE', *, *, #491, .F. ) ;
#1488 = FACE_OUTER_BOUND ( 'NONE', #4082, .T. ) ;
#1489 = DIRECTION ( 'NONE',  ( -0.000000000000000000, -0.000000000000000000, 1.000000000000000000 ) ) ;
#1490 = DIRECTION ( 'NONE',  ( -0.000000000000000000, -0.000000000000000000, 1.000000000000000000 ) ) ;
#1491 = DIRECTION ( 'NONE',  ( 1.000000000000000000, 0.000000000000000000, 0.000000000000000000 ) ) ;
#1492 = CIRCLE ( 'NONE', #521, 2.250000000000005329 ) ;
#1493 = ORIENTED_EDGE ( 'NONE', *, *, #4133, .T. ) ;
#1494 = ADVANCED_FACE ( 'NONE', ( #1272 ), #1325, .F. ) ;
#1495 = CARTESIAN_POINT ( 'NONE',  ( 41.99999999999999289, 42.00000000000000000, -140.9360748630709281 ) ) ;
#1496 = CARTESIAN_POINT ( 'NONE',  ( -41.99999999998872369, 2.473715676742926917E-12, 4.000000000000001776 ) ) ;
#1497 = DIRECTION ( 'NONE',  ( 0.000000000000000000, 0.000000000000000000, -1.000000000000000000 ) ) ;
#1498 = ORIENTED_EDGE ( 'NONE', *, *, #3354, .T. ) ;
#1499 = DIRECTION ( 'NONE',  ( -0.000000000000000000, -0.000000000000000000, 1.000000000000000000 ) ) ;
#1500 = AXIS2_PLACEMENT_3D ( 'NONE', #4752, #4316, #1844 ) ;
#1501 = EDGE_CURVE ( 'NONE', #5138, #1831, #113, .T. ) ;
#1502 = VERTEX_POINT ( 'NONE', #1713 ) ;
#1503 = CYLINDRICAL_SURFACE ( 'NONE', #3907, 2.099999999999997868 ) ;
#1504 = DIRECTION ( 'NONE',  ( 0.000000000000000000, 0.000000000000000000, 1.000000000000000000 ) ) ;
#1505 = ORIENTED_EDGE ( 'NONE', *, *, #2930, .F. ) ;
#1506 = AXIS2_PLACEMENT_3D ( 'NONE', #3352, #2097, #4124 ) ;
#1507 = EDGE_LOOP ( 'NONE', ( #5143, #556, #854, #3076 ) ) ;
#1508 = VERTEX_POINT ( 'NONE', #2920 ) ;
#1509 = DIRECTION ( 'NONE',  ( 0.000000000000000000, 0.000000000000000000, 1.000000000000000000 ) ) ;
#1510 = EDGE_CURVE ( 'NONE', #1410, #3485, #2975, .T. ) ;
#1511 = CIRCLE ( 'NONE', #5026, 36.70000000000000995 ) ;
#1512 = CARTESIAN_POINT ( 'NONE',  ( -40.99999999999997868, -40.99999999999996447, -8.000000000000007105 ) ) ;
#1513 = CARTESIAN_POINT ( 'NONE',  ( 0.000000000000000000, 0.000000000000000000, -7.000000000000000000 ) ) ;
#1514 = VECTOR ( 'NONE', #2039, 1000.000000000000000 ) ;
#1515 = DIRECTION ( 'NONE',  ( 0.000000000000000000, 0.000000000000000000, 1.000000000000000000 ) ) ;
#1516 = CIRCLE ( 'NONE', #4323, 30.00000000000000000 ) ;
#1517 = CARTESIAN_POINT ( 'NONE',  ( 15.95769335655780630, 16.99999999999999645, -150.8011557844372987 ) ) ;
#1518 = VERTEX_POINT ( 'NONE', #4593 ) ;
#1519 = FACE_OUTER_BOUND ( 'NONE', #295, .T. ) ;
#1520 = CARTESIAN_POINT ( 'NONE',  ( -29.69848480982913941, -29.69848480982491523, 4.000000000000001776 ) ) ;
#1521 = CYLINDRICAL_SURFACE ( 'NONE', #2146, 30.00000000000000000 ) ;
#1522 = CARTESIAN_POINT ( 'NONE',  ( 35.89933669852248244, 2.690283369110756606, -109.0335419915582236 ) ) ;
#1523 = AXIS2_PLACEMENT_3D ( 'NONE', #2434, #338, #1085 ) ;
#1524 = VERTEX_POINT ( 'NONE', #830 ) ;
#1525 = ADVANCED_FACE ( 'NONE', ( #2508 ), #3406, .F. ) ;
#1526 = CARTESIAN_POINT ( 'NONE',  ( -41.99999999998872369, 2.473715676742926917E-12, 14.00000000000000178 ) ) ;
#1527 = VECTOR ( 'NONE', #3802, 1000.000000000000000 ) ;
#1528 = FACE_OUTER_BOUND ( 'NONE', #710, .T. ) ;
#1529 = CIRCLE ( 'NONE', #4684, 2.250000000000003997 ) ;
#1530 = CARTESIAN_POINT ( 'NONE',  ( -33.51145495119101980, 13.15227687719094618, 0.000000000000000000 ) ) ;
#1531 = CIRCLE ( 'NONE', #2669, 30.00000000000000000 ) ;
#1532 = ORIENTED_EDGE ( 'NONE', *, *, #4190, .T. ) ;
#1533 = DIRECTION ( 'NONE',  ( -0.9009688679024154823, 0.4338837391175656699, 0.000000000000000000 ) ) ;
#1534 = EDGE_CURVE ( 'NONE', #2373, #3951, #4513, .T. ) ;
#1535 = CIRCLE ( 'NONE', #1620, 2.250000000000000000 ) ;
#1536 = ORIENTED_EDGE ( 'NONE', *, *, #3615, .T. ) ;
#1537 = FACE_OUTER_BOUND ( 'NONE', #3590, .T. ) ;
#1538 = LINE ( 'NONE', #2008, #1606 ) ;
#1539 = ORIENTED_EDGE ( 'NONE', *, *, #2976, .F. ) ;
#1540 = EDGE_CURVE ( 'NONE', #91, #793, #5037, .T. ) ;
#1541 = EDGE_LOOP ( 'NONE', ( #3186, #2246 ) ) ;
#1542 = VERTEX_POINT ( 'NONE', #882 ) ;
#1543 = DIRECTION ( 'NONE',  ( 0.000000000000000000, 0.000000000000000000, 1.000000000000000000 ) ) ;
#1544 = ORIENTED_EDGE ( 'NONE', *, *, #1099, .T. ) ;
#1545 = AXIS2_PLACEMENT_3D ( 'NONE', #3622, #3975, #3213 ) ;
#1546 = CARTESIAN_POINT ( 'NONE',  ( 37.79740483854563848, -8.010753622427328580, 0.000000000000000000 ) ) ;
#1547 = DIRECTION ( 'NONE',  ( 0.000000000000000000, 0.000000000000000000, 1.000000000000000000 ) ) ;
#1548 = CARTESIAN_POINT ( 'NONE',  ( 0.000000000000000000, -47.00000000000000000, 14.00000000000000178 ) ) ;
#1549 = ADVANCED_FACE ( 'NONE', ( #2558 ), #470, .F. ) ;
#1550 = DIRECTION ( 'NONE',  ( 1.000000000000000000, 0.000000000000000000, 0.000000000000000000 ) ) ;
#1551 = DIRECTION ( 'NONE',  ( -0.000000000000000000, -0.000000000000000000, -1.000000000000000000 ) ) ;
#1552 = PLANE ( 'NONE',  #4399 ) ;
#1553 = DIRECTION ( 'NONE',  ( 1.000000000000000000, 0.000000000000000000, 0.000000000000000000 ) ) ;
#1554 = ORIENTED_EDGE ( 'NONE', *, *, #1195, .F. ) ;
#1555 = EDGE_CURVE ( 'NONE', #3031, #4919, #3891, .T. ) ;
#1556 = DIRECTION ( 'NONE',  ( 1.000000000000000000, 2.569960705150809621E-15, 0.000000000000000000 ) ) ;
#1557 = CIRCLE ( 'NONE', #581, 36.70000000000000995 ) ;
#1558 = CARTESIAN_POINT ( 'NONE',  ( -35.76145495119101980, 13.15227687719094618, 7.071067811865501263 ) ) ;
#1559 = CARTESIAN_POINT ( 'NONE',  ( -35.09740483854564985, -8.010753622427069232, -109.0335419915582236 ) ) ;
#1560 = ORIENTED_EDGE ( 'NONE', *, *, #418, .T. ) ;
#1561 = CARTESIAN_POINT ( 'NONE',  ( -36.48975133124805126, -38.87314781470556824, -150.8011557844372987 ) ) ;
#1562 = EDGE_LOOP ( 'NONE', ( #2355, #5303, #2226, #949, #80, #4886, #3919, #5325, #1082, #2277, #3564, #3053, #1289, #3714, #3284 ) ) ;
#1563 = CARTESIAN_POINT ( 'NONE',  ( -46.99999999999998579, -15.95769335655783117, 14.00000000000000178 ) ) ;
#1564 = CARTESIAN_POINT ( 'NONE',  ( 35.89933669852248244, 2.690283369110756606, 14.00000000000000178 ) ) ;
#1565 = EDGE_CURVE ( 'NONE', #1839, #5306, #357, .T. ) ;
#1566 = ORIENTED_EDGE ( 'NONE', *, *, #3079, .F. ) ;
#1567 = ORIENTED_EDGE ( 'NONE', *, *, #4682, .F. ) ;
#1568 = ORIENTED_EDGE ( 'NONE', *, *, #2925, .T. ) ;
#1569 = CARTESIAN_POINT ( 'NONE',  ( -31.19848480983682393, 29.69848480982882677, 14.00001200000000345 ) ) ;
#1570 = DIRECTION ( 'NONE',  ( 1.000000000000000000, 0.000000000000000000, 0.000000000000000000 ) ) ;
#1571 = EDGE_CURVE ( 'NONE', #2099, #2694, #5206, .T. ) ;
#1572 = VECTOR ( 'NONE', #309, 1000.000000000000000 ) ;
#1573 = CARTESIAN_POINT ( 'NONE',  ( 9.024898883769338909E-13, 35.99999999999995737, 0.000000000000000000 ) ) ;
#1574 = CARTESIAN_POINT ( 'NONE',  ( 43.09999999999997300, -40.99999999999995026, -140.9360748630709281 ) ) ;
#1575 = DIRECTION ( 'NONE',  ( 0.000000000000000000, 0.000000000000000000, 1.000000000000000000 ) ) ;
#1576 = CARTESIAN_POINT ( 'NONE',  ( -5.365521582342921647, -35.59790974410449138, -7.000000000000000000 ) ) ;
#1577 = CARTESIAN_POINT ( 'NONE',  ( 0.000000000000000000, 0.000000000000000000, -150.8011557844372987 ) ) ;
#1578 = EDGE_CURVE ( 'NONE', #3750, #2813, #1654, .T. ) ;
#1579 = DIRECTION ( 'NONE',  ( -0.000000000000000000, -0.000000000000000000, -1.000000000000000000 ) ) ;
#1580 = CYLINDRICAL_SURFACE ( 'NONE', #1220, 2.700000000000001066 ) ;
#1581 = ORIENTED_EDGE ( 'NONE', *, *, #2111, .T. ) ;
#1582 = DIRECTION ( 'NONE',  ( -0.000000000000000000, -0.000000000000000000, -1.000000000000000000 ) ) ;
#1583 = FACE_OUTER_BOUND ( 'NONE', #475, .T. ) ;
#1584 = VERTEX_POINT ( 'NONE', #4218 ) ;
#1585 = ORIENTED_EDGE ( 'NONE', *, *, #1096, .T. ) ;
#1586 = CARTESIAN_POINT ( 'NONE',  ( 28.14593336884932384, 22.44563286691402482, -109.0335419915582236 ) ) ;
#1587 = CARTESIAN_POINT ( 'NONE',  ( -22.79465712222620510, 28.76271208839917648, 14.00000000000000178 ) ) ;
#1588 = ORIENTED_EDGE ( 'NONE', *, *, #1856, .T. ) ;
#1589 = CIRCLE ( 'NONE', #612, 2.700000000000032152 ) ;
#1590 = ORIENTED_EDGE ( 'NONE', *, *, #451, .F. ) ;
#1591 = ORIENTED_EDGE ( 'NONE', *, *, #1578, .T. ) ;
#1592 = CARTESIAN_POINT ( 'NONE',  ( 0.000000000000000000, 0.000000000000000000, -109.0335419915582236 ) ) ;
#1593 = AXIS2_PLACEMENT_3D ( 'NONE', #4380, #1943, #1888 ) ;
#1594 = ADVANCED_FACE ( 'NONE', ( #1279, #1222, #918, #3773, #5, #1306 ), #1249, .F. ) ;
#1595 = DIRECTION ( 'NONE',  ( 0.000000000000000000, 0.000000000000000000, 1.000000000000000000 ) ) ;
#1596 = CIRCLE ( 'NONE', #5018, 1.500000000011593393 ) ;
#1597 = CARTESIAN_POINT ( 'NONE',  ( 41.99999999999999289, -42.00000000000000000, -140.9360748630709281 ) ) ;
#1598 = VERTEX_POINT ( 'NONE', #2899 ) ;
#1599 = EDGE_CURVE ( 'NONE', #154, #1433, #476, .T. ) ;
#1600 = LINE ( 'NONE', #4901, #1076 ) ;
#1601 = AXIS2_PLACEMENT_3D ( 'NONE', #1513, #3190, #354 ) ;
#1602 = EDGE_CURVE ( 'NONE', #2123, #4643, #2932, .T. ) ;
#1603 = DIRECTION ( 'NONE',  ( 0.000000000000000000, 0.000000000000000000, 1.000000000000000000 ) ) ;
#1604 = CIRCLE ( 'NONE', #5377, 2.250000000000001776 ) ;
#1605 = LINE ( 'NONE', #2399, #620 ) ;
#1606 = VECTOR ( 'NONE', #1697, 1000.000000000000000 ) ;
#1607 = DIRECTION ( 'NONE',  ( -0.000000000000000000, -0.000000000000000000, 1.000000000000000000 ) ) ;
#1608 = EDGE_CURVE ( 'NONE', #246, #846, #4193, .T. ) ;
#1609 = EDGE_LOOP ( 'NONE', ( #5167, #3705, #841, #4095 ) ) ;
#1610 = DIRECTION ( 'NONE',  ( 1.000000000000000000, 0.000000000000000000, 0.000000000000000000 ) ) ;
#1611 = CARTESIAN_POINT ( 'NONE',  ( 0.000000000000000000, 0.000000000000000000, -7.000000000000000000 ) ) ;
#1612 = AXIS2_PLACEMENT_3D ( 'NONE', #3646, #1174, #4969 ) ;
#1613 = ADVANCED_FACE ( 'NONE', ( #2132 ), #862, .F. ) ;
#1614 = ORIENTED_EDGE ( 'NONE', *, *, #3416, .F. ) ;
#1615 = ORIENTED_EDGE ( 'NONE', *, *, #140, .T. ) ;
#1616 = CIRCLE ( 'NONE', #2408, 2.250000000000001776 ) ;
#1617 = LINE ( 'NONE', #4551, #4673 ) ;
#1618 = AXIS2_PLACEMENT_3D ( 'NONE', #2260, #2235, #1461 ) ;
#1619 = CARTESIAN_POINT ( 'NONE',  ( 33.01694948971248778, -16.02407708399375963, 14.00000000000000178 ) ) ;
#1620 = AXIS2_PLACEMENT_3D ( 'NONE', #2261, #3933, #5197 ) ;
#1621 = VERTEX_POINT ( 'NONE', #2928 ) ;
#1622 = ORIENTED_EDGE ( 'NONE', *, *, #3752, .F. ) ;
#1623 = DIRECTION ( 'NONE',  ( 1.000000000000000000, 0.000000000000000000, 0.000000000000000000 ) ) ;
#1624 = DIRECTION ( 'NONE',  ( 0.000000000000000000, 0.000000000000000000, 1.000000000000000000 ) ) ;
#1625 = CIRCLE ( 'NONE', #4691, 53.31625993297229371 ) ;
#1626 = FACE_BOUND ( 'NONE', #4463, .T. ) ;
#1627 = DIRECTION ( 'NONE',  ( 1.000000000000000000, 0.000000000000000000, 0.000000000000000000 ) ) ;
#1628 = EDGE_LOOP ( 'NONE', ( #4917, #4890, #3210, #762 ) ) ;
#1629 = VERTEX_POINT ( 'NONE', #1720 ) ;
#1630 = DIRECTION ( 'NONE',  ( -0.7071067811865513475, 0.7071067811865437980, 0.000000000000000000 ) ) ;
#1631 = AXIS2_PLACEMENT_3D ( 'NONE', #6, #3393, #3363 ) ;
#1632 = CARTESIAN_POINT ( 'NONE',  ( -16.99999999999998224, -15.95769335655782051, -150.8011557844372987 ) ) ;
#1633 = DIRECTION ( 'NONE',  ( 0.000000000000000000, 0.000000000000000000, 1.000000000000000000 ) ) ;
#1634 = LINE ( 'NONE', #1219, #2792 ) ;
#1635 = ADVANCED_FACE ( 'NONE', ( #3362 ), #4569, .T. ) ;
#1636 = EDGE_CURVE ( 'NONE', #3310, #2996, #420, .T. ) ;
#1637 = ORIENTED_EDGE ( 'NONE', *, *, #3016, .F. ) ;
#1638 = DIRECTION ( 'NONE',  ( 1.000000000000000000, 0.000000000000000000, 0.000000000000000000 ) ) ;
#1639 = EDGE_CURVE ( 'NONE', #3026, #5239, #838, .T. ) ;
#1640 = DIRECTION ( 'NONE',  ( 1.000000000000000000, 0.000000000000000000, 0.000000000000000000 ) ) ;
#1641 = ORIENTED_EDGE ( 'NONE', *, *, #5259, .T. ) ;
#1642 = ORIENTED_EDGE ( 'NONE', *, *, #2138, .F. ) ;
#1643 = ADVANCED_FACE ( 'NONE', ( #2538 ), #2487, .T. ) ;
#1644 = DIRECTION ( 'NONE',  ( 0.8262387743160017894, 0.5633200580636119614, 0.000000000000000000 ) ) ;
#1645 = LINE ( 'NONE', #3318, #1758 ) ;
#1646 = CIRCLE ( 'NONE', #3130, 2.250000000000002665 ) ;
#1647 = VERTEX_POINT ( 'NONE', #35 ) ;
#1648 = EDGE_LOOP ( 'NONE', ( #3772, #3978, #3156, #4554 ) ) ;
#1649 = DIRECTION ( 'NONE',  ( 0.000000000000000000, 0.000000000000000000, 1.000000000000000000 ) ) ;
#1650 = FACE_OUTER_BOUND ( 'NONE', #2531, .T. ) ;
#1651 = DIRECTION ( 'NONE',  ( -0.000000000000000000, -0.000000000000000000, -1.000000000000000000 ) ) ;
#1652 = EDGE_LOOP ( 'NONE', ( #4721, #3901, #4204, #1127 ) ) ;
#1653 = ORIENTED_EDGE ( 'NONE', *, *, #5304, .T. ) ;
#1654 = LINE ( 'NONE', #5016, #2849 ) ;
#1655 = FACE_OUTER_BOUND ( 'NONE', #4971, .T. ) ;
#1656 = CARTESIAN_POINT ( 'NONE',  ( 0.000000000000000000, 0.000000000000000000, 0.000000000000000000 ) ) ;
#1657 = VERTEX_POINT ( 'NONE', #3334 ) ;
#1658 = DIRECTION ( 'NONE',  ( -0.000000000000000000, -0.000000000000000000, -1.000000000000000000 ) ) ;
#1659 = EDGE_CURVE ( 'NONE', #3815, #3070, #1266, .T. ) ;
#1660 = AXIS2_PLACEMENT_3D ( 'NONE', #2978, #833, #2128 ) ;
#1661 = VERTEX_POINT ( 'NONE', #4167 ) ;
#1662 = EDGE_CURVE ( 'NONE', #3699, #211, #888, .T. ) ;
#1663 = CARTESIAN_POINT ( 'NONE',  ( 20.27952209029071184, 29.74459587537554839, 14.00000000000000178 ) ) ;
#1664 = ORIENTED_EDGE ( 'NONE', *, *, #5224, .T. ) ;
#1665 = PRODUCT_RELATED_PRODUCT_CATEGORY ( 'part', '', ( #3521 ) ) ;
#1666 = CIRCLE ( 'NONE', #2715, 36.70000000000003126 ) ;
#1667 = DIRECTION ( 'NONE',  ( -1.000000000000000000, 0.000000000000000000, 0.000000000000000000 ) ) ;
#1668 = DIRECTION ( 'NONE',  ( 0.000000000000000000, 0.000000000000000000, 1.000000000000000000 ) ) ;
#1669 = ORIENTED_EDGE ( 'NONE', *, *, #2568, .F. ) ;
#1670 = ORIENTED_EDGE ( 'NONE', *, *, #5322, .F. ) ;
#1671 = EDGE_CURVE ( 'NONE', #468, #1839, #1181, .T. ) ;
#1672 = CARTESIAN_POINT ( 'NONE',  ( 0.000000000000000000, 0.000000000000000000, 0.000000000000000000 ) ) ;
#1673 = VERTEX_POINT ( 'NONE', #3852 ) ;
#1674 = EDGE_CURVE ( 'NONE', #539, #4135, #1881, .T. ) ;
#1675 = CARTESIAN_POINT ( 'NONE',  ( 31.19848480983661787, -29.69848480982903283, 14.00000000000000178 ) ) ;
#1676 = CIRCLE ( 'NONE', #1765, 2.700000000000026823 ) ;
#1677 = FACE_BOUND ( 'NONE', #3480, .T. ) ;
#1678 = CARTESIAN_POINT ( 'NONE',  ( 33.51145495119148165, 13.15227687718976668, 14.00000000000000178 ) ) ;
#1679 = ORIENTED_EDGE ( 'NONE', *, *, #580, .T. ) ;
#1680 = CIRCLE ( 'NONE', #2470, 2.250000000000000000 ) ;
#1681 = ORIENTED_EDGE ( 'NONE', *, *, #4839, .T. ) ;
#1682 = EDGE_CURVE ( 'NONE', #1584, #2772, #994, .T. ) ;
#1683 = CARTESIAN_POINT ( 'NONE',  ( -28.14593336884852093, 22.44563286691502313, 7.071067811865501263 ) ) ;
#1684 = CIRCLE ( 'NONE', #4745, 2.700000000000026823 ) ;
#1685 = DIRECTION ( 'NONE',  ( -0.000000000000000000, -0.000000000000000000, -1.000000000000000000 ) ) ;
#1686 = FACE_BOUND ( 'NONE', #402, .T. ) ;
#1687 = AXIS2_PLACEMENT_3D ( 'NONE', #2972, #3765, #5033 ) ;
#1688 = ORIENTED_EDGE ( 'NONE', *, *, #4548, .T. ) ;
#1689 = CARTESIAN_POINT ( 'NONE',  ( 15.61981460823199264, -32.43487924448709236, 14.00000000000000178 ) ) ;
#1690 = DIRECTION ( 'NONE',  ( 1.000000000000000000, 0.000000000000000000, 0.000000000000000000 ) ) ;
#1691 = AXIS2_PLACEMENT_3D ( 'NONE', #5024, #5382, #3371 ) ;
#1692 = CARTESIAN_POINT ( 'NONE',  ( 35.09740483854548643, -8.010753622427833065, -7.000000000000000000 ) ) ;
#1693 = EDGE_CURVE ( 'NONE', #5029, #378, #2582, .T. ) ;
#1694 = EDGE_LOOP ( 'NONE', ( #4010, #764, #1711, #3942 ) ) ;
#1695 = DIRECTION ( 'NONE',  ( 0.000000000000000000, 0.000000000000000000, 1.000000000000000000 ) ) ;
#1696 = EDGE_LOOP ( 'NONE', ( #3674, #2878 ) ) ;
#1697 = DIRECTION ( 'NONE',  ( -0.000000000000000000, -0.000000000000000000, -1.000000000000000000 ) ) ;
#1698 = DIRECTION ( 'NONE',  ( 0.000000000000000000, 0.000000000000000000, 1.000000000000000000 ) ) ;
#1699 = EDGE_CURVE ( 'NONE', #2290, #2507, #4597, .T. ) ;
#1700 = ORIENTED_EDGE ( 'NONE', *, *, #3941, .T. ) ;
#1701 = ORIENTED_EDGE ( 'NONE', *, *, #934, .T. ) ;
#1702 = DIRECTION ( 'NONE',  ( -0.000000000000000000, -0.000000000000000000, 1.000000000000000000 ) ) ;
#1703 = CIRCLE ( 'NONE', #3445, 30.00000000000000000 ) ;
#1704 = ORIENTED_EDGE ( 'NONE', *, *, #2980, .F. ) ;
#1705 = CARTESIAN_POINT ( 'NONE',  ( 26.82691942671749175, -25.04408900464158449, -109.0335419915582236 ) ) ;
#1706 = VECTOR ( 'NONE', #2533, 1000.000000000000000 ) ;
#1707 = DIRECTION ( 'NONE',  ( 1.000000000000000000, 0.000000000000000000, 0.000000000000000000 ) ) ;
#1708 = ADVANCED_FACE ( 'NONE', ( #2206 ), #4400, .F. ) ;
#1709 = CIRCLE ( 'NONE', #2064, 2.250000000000002220 ) ;
#1710 = ORIENTED_EDGE ( 'NONE', *, *, #4682, .T. ) ;
#1711 = ORIENTED_EDGE ( 'NONE', *, *, #1301, .T. ) ;
#1712 = VECTOR ( 'NONE', #3691, 1000.000000000000000 ) ;
#1713 = CARTESIAN_POINT ( 'NONE',  ( -25.89593336884852093, 22.44563286691502313, -7.000000000000000000 ) ) ;
#1714 = AXIS2_PLACEMENT_3D ( 'NONE', #2163, #3809, #2933 ) ;
#1715 = CARTESIAN_POINT ( 'NONE',  ( -29.69848480982522787, 29.69848480982882677, 4.000000000000001776 ) ) ;
#1716 = CARTESIAN_POINT ( 'NONE',  ( -10.61118627879220000, 34.40062100830112257, 14.00000000000000178 ) ) ;
#1717 = EDGE_CURVE ( 'NONE', #1647, #4626, #4371, .T. ) ;
#1718 = CIRCLE ( 'NONE', #2503, 4.999999999999997335 ) ;
#1719 = ORIENTED_EDGE ( 'NONE', *, *, #2104, .F. ) ;
#1720 = CARTESIAN_POINT ( 'NONE',  ( -36.30656791140444994, 5.359396094204798899, 0.000000000000000000 ) ) ;
#1721 = DIRECTION ( 'NONE',  ( -1.000000000000000000, 0.000000000000000000, 0.000000000000000000 ) ) ;
#1722 = CARTESIAN_POINT ( 'NONE',  ( 2.250000000000905054, 35.99999999999995737, 0.000000000000000000 ) ) ;
#1723 = EDGE_CURVE ( 'NONE', #5256, #492, #4419, .T. ) ;
#1724 = CARTESIAN_POINT ( 'NONE',  ( -33.51145495119101980, 13.15227687719094618, -7.000000000000000000 ) ) ;
#1725 = DIRECTION ( 'NONE',  ( -1.000000000000000000, 0.000000000000000000, 0.000000000000000000 ) ) ;
#1726 = DIRECTION ( 'NONE',  ( 1.000000000000000000, 0.000000000000000000, 0.000000000000000000 ) ) ;
#1727 = EDGE_LOOP ( 'NONE', ( #3404, #2699, #781, #5178 ) ) ;
#1728 = DIRECTION ( 'NONE',  ( -1.000000000000000000, 0.000000000000000000, 0.000000000000000000 ) ) ;
#1729 = ORIENTED_EDGE ( 'NONE', *, *, #798, .T. ) ;
#1730 = CARTESIAN_POINT ( 'NONE',  ( -41.99999999999997868, -42.00000000000000000, 0.000000000000000000 ) ) ;
#1731 = FACE_OUTER_BOUND ( 'NONE', #430, .T. ) ;
#1732 = EDGE_CURVE ( 'NONE', #325, #204, #5123, .T. ) ;
#1733 = AXIS2_PLACEMENT_3D ( 'NONE', #5056, #2942, #2145 ) ;
#1734 = CARTESIAN_POINT ( 'NONE',  ( -40.49999999997712763, 2.473899373762800572E-12, 4.000000000000001776 ) ) ;
#1735 = EDGE_LOOP ( 'NONE', ( #5137, #5147, #1664, #4339 ) ) ;
#1736 = ORIENTED_EDGE ( 'NONE', *, *, #5267, .T. ) ;
#1737 = DIRECTION ( 'NONE',  ( 0.6234898018587320401, -0.7818314824680309139, 0.000000000000000000 ) ) ;
#1738 = EDGE_CURVE ( 'NONE', #2498, #3900, #2232, .T. ) ;
#1739 = CYLINDRICAL_SURFACE ( 'NONE', #515, 2.099999999999997868 ) ;
#1740 = CYLINDRICAL_SURFACE ( 'NONE', #4227, 4.999999999999997335 ) ;
#1741 = APPLICATION_CONTEXT ( 'automotive_design' ) ;
#1742 = ORIENTED_EDGE ( 'NONE', *, *, #2992, .T. ) ;
#1743 = EDGE_CURVE ( 'NONE', #4118, #5130, #5307, .T. ) ;
#1744 = DIRECTION ( 'NONE',  ( -0.000000000000000000, -0.000000000000000000, -1.000000000000000000 ) ) ;
#1745 = DIRECTION ( 'NONE',  ( 0.000000000000000000, 0.000000000000000000, 1.000000000000000000 ) ) ;
#1746 = DIRECTION ( 'NONE',  ( 1.000000000000000000, 0.000000000000000000, 0.000000000000000000 ) ) ;
#1747 = DIRECTION ( 'NONE',  ( -1.000000000000000000, 0.000000000000000000, 0.000000000000000000 ) ) ;
#1748 = CARTESIAN_POINT ( 'NONE',  ( 0.000000000000000000, 0.000000000000000000, -7.000000000000000000 ) ) ;
#1749 = AXIS2_PLACEMENT_3D ( 'NONE', #3197, #4874, #3228 ) ;
#1750 = CYLINDRICAL_SURFACE ( 'NONE', #1232, 2.250000000000001776 ) ;
#1751 = VERTEX_POINT ( 'NONE', #992 ) ;
#1752 = DIRECTION ( 'NONE',  ( -0.000000000000000000, -0.000000000000000000, -1.000000000000000000 ) ) ;
#1753 = ORIENTED_EDGE ( 'NONE', *, *, #283, .F. ) ;
#1754 = ADVANCED_FACE ( 'NONE', ( #1017 ), #3492, .F. ) ;
#1755 = VECTOR ( 'NONE', #1158, 1000.000000000000000 ) ;
#1756 = DIRECTION ( 'NONE',  ( 0.000000000000000000, 0.000000000000000000, 1.000000000000000000 ) ) ;
#1757 = DIRECTION ( 'NONE',  ( 1.000000000000000000, 0.000000000000000000, 0.000000000000000000 ) ) ;
#1758 = VECTOR ( 'NONE', #790, 1000.000000000000000 ) ;
#1759 = EDGE_LOOP ( 'NONE', ( #2882, #2891, #1566, #2131 ) ) ;
#1760 = ORIENTED_EDGE ( 'NONE', *, *, #2488, .F. ) ;
#1761 = CARTESIAN_POINT ( 'NONE',  ( -33.64933669852238296, 2.690283369112055123, 0.000000000000000000 ) ) ;
#1762 = EDGE_CURVE ( 'NONE', #2497, #3699, #117, .T. ) ;
#1763 = CARTESIAN_POINT ( 'NONE',  ( -33.42691453624012610, -17.99999999999934275, 7.071067811865501263 ) ) ;
#1764 = DIRECTION ( 'NONE',  ( -0.000000000000000000, -0.000000000000000000, 1.000000000000000000 ) ) ;
#1765 = AXIS2_PLACEMENT_3D ( 'NONE', #664, #631, #1135 ) ;
#1766 = ORIENTED_EDGE ( 'NONE', *, *, #5363, .T. ) ;
#1767 = AXIS2_PLACEMENT_3D ( 'NONE', #519, #3080, #5190 ) ;
#1768 = AXIS2_PLACEMENT_3D ( 'NONE', #2376, #256, #2789 ) ;
#1769 = CARTESIAN_POINT ( 'NONE',  ( -31.17691453623986675, -17.99999999999980105, 0.000000000000000000 ) ) ;
#1770 = DIRECTION ( 'NONE',  ( 1.000000000000000000, 0.000000000000000000, 0.000000000000000000 ) ) ;
#1771 = LINE ( 'NONE', #3114, #4861 ) ;
#1772 = AXIS2_PLACEMENT_3D ( 'NONE', #4589, #412, #5060 ) ;
#1773 = EDGE_CURVE ( 'NONE', #4035, #4637, #1531, .T. ) ;
#1774 = CIRCLE ( 'NONE', #3613, 2.700000000000014833 ) ;
#1775 = CARTESIAN_POINT ( 'NONE',  ( -46.99999999999999289, -1.552990540398285694E-14, 14.00000000000000178 ) ) ;
#1776 = AXIS2_PLACEMENT_3D ( 'NONE', #4205, #432, #2995 ) ;
#1777 = DIRECTION ( 'NONE',  ( 0.000000000000000000, 0.000000000000000000, 1.000000000000000000 ) ) ;
#1778 = ADVANCED_FACE ( 'NONE', ( #635 ), #3991, .F. ) ;
#1779 = CARTESIAN_POINT ( 'NONE',  ( 17.86981460823152545, -32.43487924448731263, 0.000000000000000000 ) ) ;
#1780 = ORIENTED_EDGE ( 'NONE', *, *, #741, .T. ) ;
#1781 = CIRCLE ( 'NONE', #4850, 2.250000000000001776 ) ;
#1782 = DIRECTION ( 'NONE',  ( -0.000000000000000000, -0.000000000000000000, -1.000000000000000000 ) ) ;
#1783 = ORIENTED_EDGE ( 'NONE', *, *, #2424, .F. ) ;
#1784 = LINE ( 'NONE', #3923, #1362 ) ;
#1785 = CARTESIAN_POINT ( 'NONE',  ( 13.51191078917790378, -34.12210818260349754, 0.000000000000000000 ) ) ;
#1786 = ORIENTED_EDGE ( 'NONE', *, *, #4109, .T. ) ;
#1787 = AXIS2_PLACEMENT_3D ( 'NONE', #5404, #3644, #5346 ) ;
#1788 = ORIENTED_EDGE ( 'NONE', *, *, #2024, .F. ) ;
#1789 = ORIENTED_EDGE ( 'NONE', *, *, #186, .F. ) ;
#1790 = DIRECTION ( 'NONE',  ( 1.000000000000000000, 0.000000000000000000, 0.000000000000000000 ) ) ;
#1791 = EDGE_CURVE ( 'NONE', #3625, #1542, #1797, .T. ) ;
#1792 = AXIS2_PLACEMENT_3D ( 'NONE', #5396, #3356, #4238 ) ;
#1793 = DIRECTION ( 'NONE',  ( -0.000000000000000000, -0.000000000000000000, -1.000000000000000000 ) ) ;
#1794 = AXIS2_PLACEMENT_3D ( 'NONE', #5146, #3855, #4708 ) ;
#1795 = LINE ( 'NONE', #2593, #2466 ) ;
#1796 = ORIENTED_EDGE ( 'NONE', *, *, #3914, .T. ) ;
#1797 = LINE ( 'NONE', #3084, #1355 ) ;
#1798 = DIRECTION ( 'NONE',  ( -0.000000000000000000, -0.000000000000000000, -1.000000000000000000 ) ) ;
#1799 = CARTESIAN_POINT ( 'NONE',  ( -33.11385923708135692, 15.82284192004594914, 0.000000000000000000 ) ) ;
#1800 = EDGE_CURVE ( 'NONE', #1508, #2137, #1877, .T. ) ;
#1801 = AXIS2_PLACEMENT_3D ( 'NONE', #4004, #1981, #2382 ) ;
#1802 = VERTEX_POINT ( 'NONE', #4347 ) ;
#1803 = AXIS2_PLACEMENT_3D ( 'NONE', #5211, #4416, #4797 ) ;
#1804 = EDGE_CURVE ( 'NONE', #5306, #3935, #2937, .T. ) ;
#1805 = DIRECTION ( 'NONE',  ( -0.000000000000000000, -0.000000000000000000, -1.000000000000000000 ) ) ;
#1806 = LINE ( 'NONE', #3446, #5284 ) ;
#1807 = DIRECTION ( 'NONE',  ( 1.000000000000000000, 2.569960705150794633E-15, 0.000000000000000000 ) ) ;
#1808 = ORIENTED_EDGE ( 'NONE', *, *, #4658, .F. ) ;
#1809 = FACE_OUTER_BOUND ( 'NONE', #405, .T. ) ;
#1810 = EDGE_CURVE ( 'NONE', #2772, #1426, #557, .T. ) ;
#1811 = ORIENTED_EDGE ( 'NONE', *, *, #5019, .T. ) ;
#1812 = CARTESIAN_POINT ( 'NONE',  ( 43.09999999999997300, -40.99999999999995026, -8.000000000000007105 ) ) ;
#1813 = DIRECTION ( 'NONE',  ( 0.000000000000000000, 0.000000000000000000, 1.000000000000000000 ) ) ;
#1814 = ORIENTED_EDGE ( 'NONE', *, *, #3611, .F. ) ;
#1815 = ORIENTED_EDGE ( 'NONE', *, *, #948, .T. ) ;
#1816 = ORIENTED_EDGE ( 'NONE', *, *, #2119, .T. ) ;
#1817 = CARTESIAN_POINT ( 'NONE',  ( 27.18621855975304413, -26.38986738587376735, 14.00000000000000178 ) ) ;
#1818 = AXIS2_PLACEMENT_3D ( 'NONE', #5111, #1350, #1790 ) ;
#1819 = DIRECTION ( 'NONE',  ( -1.000000000000000000, 0.000000000000000000, 0.000000000000000000 ) ) ;
#1820 = DIRECTION ( 'NONE',  ( 0.000000000000000000, -1.000000000000000000, 0.000000000000000000 ) ) ;
#1821 = ORIENTED_EDGE ( 'NONE', *, *, #1838, .F. ) ;
#1822 = DIRECTION ( 'NONE',  ( 0.000000000000000000, 0.000000000000000000, 1.000000000000000000 ) ) ;
#1823 = CARTESIAN_POINT ( 'NONE',  ( 36.27327869805024818, -5.580255593929091873, 0.000000000000000000 ) ) ;
#1824 =( NAMED_UNIT ( * ) SI_UNIT ( $, .STERADIAN. ) SOLID_ANGLE_UNIT ( ) );
#1825 = EDGE_LOOP ( 'NONE', ( #2941, #2387, #549, #2198 ) ) ;
#1826 = ADVANCED_FACE ( 'NONE', ( #191 ), #3548, .F. ) ;
#1827 = CARTESIAN_POINT ( 'NONE',  ( 33.42691453623947950, -18.00000000000046541, 0.000000000000000000 ) ) ;
#1828 = CARTESIAN_POINT ( 'NONE',  ( 46.99999999999999289, 0.000000000000000000, 0.000000000000000000 ) ) ;
#1829 = CARTESIAN_POINT ( 'NONE',  ( 8.361186278793407922, 34.40062100830075309, -7.000000000000000000 ) ) ;
#1830 = ADVANCED_FACE ( 'NONE', ( #4706 ), #4291, .F. ) ;
#1831 = VERTEX_POINT ( 'NONE', #2369 ) ;
#1832 = CARTESIAN_POINT ( 'NONE',  ( 0.000000000000000000, 0.000000000000000000, 92.48956697920040426 ) ) ;
#1833 = ORIENTED_EDGE ( 'NONE', *, *, #128, .T. ) ;
#1834 = CARTESIAN_POINT ( 'NONE',  ( 33.87691453623975946, -18.00000000000001421, 0.000000000000000000 ) ) ;
#1835 = PRODUCT_DEFINITION_CONTEXT ( 'detailed design', #723, 'design' ) ;
#1836 = DIRECTION ( 'NONE',  ( -0.000000000000000000, -0.000000000000000000, 1.000000000000000000 ) ) ;
#1837 = ORIENTED_EDGE ( 'NONE', *, *, #1738, .T. ) ;
#1838 = EDGE_CURVE ( 'NONE', #1542, #2813, #300, .T. ) ;
#1839 = VERTEX_POINT ( 'NONE', #1907 ) ;
#1840 = ORIENTED_EDGE ( 'NONE', *, *, #2857, .T. ) ;
#1841 = VECTOR ( 'NONE', #4751, 1000.000000000000000 ) ;
#1842 = DIRECTION ( 'NONE',  ( -1.000000000000000000, 0.000000000000000000, 0.000000000000000000 ) ) ;
#1843 = DIRECTION ( 'NONE',  ( -0.000000000000000000, 0.000000000000000000, -1.000000000000000000 ) ) ;
#1844 = DIRECTION ( 'NONE',  ( -1.000000000000000000, 0.000000000000000000, 0.000000000000000000 ) ) ;
#1845 = EDGE_CURVE ( 'NONE', #1629, #4544, #1077, .T. ) ;
#1846 = EDGE_LOOP ( 'NONE', ( #5427, #4007, #290, #4181 ) ) ;
#1847 = DIRECTION ( 'NONE',  ( 0.000000000000000000, -1.000000000000000000, 0.000000000000000000 ) ) ;
#1848 = CYLINDRICAL_SURFACE ( 'NONE', #3202, 36.70000000000000995 ) ;
#1849 = LINE ( 'NONE', #3519, #33 ) ;
#1850 = VECTOR ( 'NONE', #1001, 1000.000000000000000 ) ;
#1851 = VERTEX_POINT ( 'NONE', #2868 ) ;
#1852 = CARTESIAN_POINT ( 'NONE',  ( 0.000000000000000000, 0.000000000000000000, -7.000000000000000000 ) ) ;
#1853 = AXIS2_PLACEMENT_3D ( 'NONE', #57, #2052, #362 ) ;
#1854 = LINE ( 'NONE', #643, #2912 ) ;
#1855 = FACE_OUTER_BOUND ( 'NONE', #3243, .T. ) ;
#1856 = EDGE_CURVE ( 'NONE', #2384, #325, #777, .T. ) ;
#1857 = AXIS2_PLACEMENT_3D ( 'NONE', #953, #50, #980 ) ;
#1858 = VERTEX_POINT ( 'NONE', #2022 ) ;
#1859 = DIRECTION ( 'NONE',  ( 0.000000000000000000, 0.000000000000000000, 1.000000000000000000 ) ) ;
#1860 = EDGE_LOOP ( 'NONE', ( #1185, #5349 ) ) ;
#1861 = AXIS2_PLACEMENT_3D ( 'NONE', #1368, #4664, #4738 ) ;
#1862 = DIRECTION ( 'NONE',  ( 0.000000000000000000, 0.000000000000000000, -1.000000000000000000 ) ) ;
#1863 = AXIS2_PLACEMENT_3D ( 'NONE', #3654, #3151, #1095 ) ;
#1864 = DIRECTION ( 'NONE',  ( 0.3653410243663922641, -0.9308737486442053566, 0.000000000000000000 ) ) ;
#1865 = EDGE_CURVE ( 'NONE', #3347, #413, #1138, .T. ) ;
#1866 = ORIENTED_EDGE ( 'NONE', *, *, #3513, .F. ) ;
#1867 = CIRCLE ( 'NONE', #3526, 2.250000000000001776 ) ;
#1868 = ORIENTED_EDGE ( 'NONE', *, *, #395, .T. ) ;
#1869 = ORIENTED_EDGE ( 'NONE', *, *, #2982, .T. ) ;
#1870 = DIRECTION ( 'NONE',  ( 0.000000000000000000, 0.000000000000000000, 1.000000000000000000 ) ) ;
#1871 = CARTESIAN_POINT ( 'NONE',  ( 0.000000000000000000, 0.000000000000000000, 0.000000000000000000 ) ) ;
#1872 = ADVANCED_FACE ( 'NONE', ( #1488 ), #667, .F. ) ;
#1873 = CARTESIAN_POINT ( 'NONE',  ( 0.000000000000000000, 0.000000000000000000, -7.000000000000000000 ) ) ;
#1874 = CIRCLE ( 'NONE', #1432, 2.700000000000016609 ) ;
#1875 = ORIENTED_EDGE ( 'NONE', *, *, #1375, .F. ) ;
#1876 = CIRCLE ( 'NONE', #826, 2.250000000000001776 ) ;
#1877 = LINE ( 'NONE', #2673, #1975 ) ;
#1878 = EDGE_CURVE ( 'NONE', #2813, #3050, #646, .T. ) ;
#1879 = DIRECTION ( 'NONE',  ( 0.000000000000000000, 0.000000000000000000, -1.000000000000000000 ) ) ;
#1880 = DIRECTION ( 'NONE',  ( 0.000000000000000000, 0.000000000000000000, 1.000000000000000000 ) ) ;
#1881 = CIRCLE ( 'NONE', #4163, 2.700000000000025491 ) ;
#1882 = AXIS2_PLACEMENT_3D ( 'NONE', #2440, #343, #2034 ) ;
#1883 = ORIENTED_EDGE ( 'NONE', *, *, #5148, .F. ) ;
#1884 = DIRECTION ( 'NONE',  ( -0.000000000000000000, -0.000000000000000000, 1.000000000000000000 ) ) ;
#1885 = CIRCLE ( 'NONE', #208, 2.250000000000000444 ) ;
#1886 = CIRCLE ( 'NONE', #4964, 2.700000000000023714 ) ;
#1887 = CARTESIAN_POINT ( 'NONE',  ( -35.89933669852238296, 2.690283369112054679, 7.071067811865499486 ) ) ;
#1888 = DIRECTION ( 'NONE',  ( 1.000000000000000000, 0.000000000000000000, 0.000000000000000000 ) ) ;
#1889 = AXIS2_PLACEMENT_3D ( 'NONE', #4696, #978, #4771 ) ;
#1890 = ORIENTED_EDGE ( 'NONE', *, *, #3787, .T. ) ;
#1891 = CARTESIAN_POINT ( 'NONE',  ( 33.87691453623975946, -18.00000000000001421, 14.00000000000000178 ) ) ;
#1892 = ORIENTED_EDGE ( 'NONE', *, *, #1534, .F. ) ;
#1893 = FACE_OUTER_BOUND ( 'NONE', #1609, .T. ) ;
#1894 = DIRECTION ( 'NONE',  ( -0.000000000000000000, -0.000000000000000000, 1.000000000000000000 ) ) ;
#1895 = ORIENTED_EDGE ( 'NONE', *, *, #2090, .F. ) ;
#1896 = ORIENTED_EDGE ( 'NONE', *, *, #244, .F. ) ;
#1897 = ORIENTED_EDGE ( 'NONE', *, *, #2330, .T. ) ;
#1898 = CARTESIAN_POINT ( 'NONE',  ( 26.97883885176635133, 24.88035880389233512, 14.00000000000000178 ) ) ;
#1899 = EDGE_CURVE ( 'NONE', #4135, #4826, #3163, .T. ) ;
#1900 = CARTESIAN_POINT ( 'NONE',  ( -2.631216917917196252, 36.60555555555561114, 0.000000000000000000 ) ) ;
#1901 = DIRECTION ( 'NONE',  ( 0.000000000000000000, 0.000000000000000000, 1.000000000000000000 ) ) ;
#1902 = CARTESIAN_POINT ( 'NONE',  ( -35.03644220532580533, 10.92418040828992254, 14.00000000000000178 ) ) ;
#1903 = EDGE_CURVE ( 'NONE', #3472, #1657, #2066, .T. ) ;
#1904 = CARTESIAN_POINT ( 'NONE',  ( 30.00000000000000000, 0.000000000000000000, -7.000000000000000000 ) ) ;
#1905 = ORIENTED_EDGE ( 'NONE', *, *, #2200, .T. ) ;
#1906 = ADVANCED_FACE ( 'NONE', ( #2343 ), #1994, .T. ) ;
#1907 = CARTESIAN_POINT ( 'NONE',  ( 41.99999999999996447, -47.00000000000000000, -8.000000000000076383 ) ) ;
#1908 = CARTESIAN_POINT ( 'NONE',  ( 0.000000000000000000, 0.000000000000000000, -109.0335419915582236 ) ) ;
#1909 = LINE ( 'NONE', #726, #2821 ) ;
#1910 = AXIS2_PLACEMENT_3D ( 'NONE', #5305, #3659, #4894 ) ;
#1911 = DIRECTION ( 'NONE',  ( -1.000000000000000000, 0.000000000000000000, 0.000000000000000000 ) ) ;
#1912 = EDGE_CURVE ( 'NONE', #3990, #3528, #1111, .T. ) ;
#1913 = ORIENTED_EDGE ( 'NONE', *, *, #3465, .F. ) ;
#1914 = FACE_OUTER_BOUND ( 'NONE', #3687, .T. ) ;
#1915 = DIRECTION ( 'NONE',  ( -0.000000000000000000, -0.000000000000000000, 1.000000000000000000 ) ) ;
#1916 = CARTESIAN_POINT ( 'NONE',  ( 0.000000000000000000, 0.000000000000000000, -8.000000000000000000 ) ) ;
#1917 = ORIENTED_EDGE ( 'NONE', *, *, #1804, .T. ) ;
#1918 = DIRECTION ( 'NONE',  ( 0.8262387743159949061, -0.5633200580636221755, 0.000000000000000000 ) ) ;
#1919 = ORIENTED_EDGE ( 'NONE', *, *, #3308, .F. ) ;
#1920 = DIRECTION ( 'NONE',  ( -0.000000000000000000, -0.000000000000000000, -1.000000000000000000 ) ) ;
#1921 = CARTESIAN_POINT ( 'NONE',  ( 15.61981460823199264, -32.43487924448709236, -109.0335419915582236 ) ) ;
#1922 = ORIENTED_EDGE ( 'NONE', *, *, #824, .T. ) ;
#1923 = ORIENTED_EDGE ( 'NONE', *, *, #3478, .T. ) ;
#1924 = EDGE_LOOP ( 'NONE', ( #5345, #2234 ) ) ;
#1925 = LINE ( 'NONE', #2775, #3918 ) ;
#1926 = ORIENTED_EDGE ( 'NONE', *, *, #4221, .F. ) ;
#1927 = DIRECTION ( 'NONE',  ( -1.000000000000000000, 0.000000000000000000, 0.000000000000000000 ) ) ;
#1928 = PLANE ( 'NONE',  #2914 ) ;
#1929 = CARTESIAN_POINT ( 'NONE',  ( 31.17691453623972819, -18.00000000000001421, 14.00000000000000178 ) ) ;
#1930 = CIRCLE ( 'NONE', #5348, 2.250000000000001776 ) ;
#1931 = EDGE_CURVE ( 'NONE', #3971, #3951, #2782, .T. ) ;
#1932 = DIRECTION ( 'NONE',  ( 1.000000000000000000, 0.000000000000000000, 0.000000000000000000 ) ) ;
#1933 = VERTEX_POINT ( 'NONE', #2809 ) ;
#1934 = CARTESIAN_POINT ( 'NONE',  ( -20.27952209029009012, 29.74459587537596406, -109.0335419915582236 ) ) ;
#1935 = AXIS2_PLACEMENT_3D ( 'NONE', #4453, #3983, #3683 ) ;
#1936 = LINE ( 'NONE', #3604, #4604 ) ;
#1937 = DIRECTION ( 'NONE',  ( 0.000000000000000000, -1.000000000000000000, 0.000000000000000000 ) ) ;
#1938 = DIRECTION ( 'NONE',  ( -0.000000000000000000, -0.000000000000000000, 1.000000000000000000 ) ) ;
#1939 = ORIENTED_EDGE ( 'NONE', *, *, #1762, .F. ) ;
#1940 = CARTESIAN_POINT ( 'NONE',  ( 43.09999999999998010, 40.99999999999999289, 0.000000000000000000 ) ) ;
#1941 = EDGE_CURVE ( 'NONE', #433, #3579, #1930, .T. ) ;
#1942 = DIRECTION ( 'NONE',  ( 1.000000000000000000, 0.000000000000000000, 0.000000000000000000 ) ) ;
#1943 = DIRECTION ( 'NONE',  ( 0.000000000000000000, -0.000000000000000000, -1.000000000000000000 ) ) ;
#1944 = CIRCLE ( 'NONE', #2124, 2.249999999999999556 ) ;
#1945 = EDGE_LOOP ( 'NONE', ( #1476, #2663, #4474, #1324 ) ) ;
#1946 = CARTESIAN_POINT ( 'NONE',  ( -22.96928245297806015, -28.62345303409973596, 14.00000000000000178 ) ) ;
#1947 = CIRCLE ( 'NONE', #2643, 1.500000000011596279 ) ;
#1948 = EDGE_LOOP ( 'NONE', ( #1815, #1544, #1453, #4800 ) ) ;
#1949 = DIRECTION ( 'NONE',  ( 0.000000000000000000, 0.000000000000000000, 1.000000000000000000 ) ) ;
#1950 = ADVANCED_FACE ( 'NONE', ( #4540 ), #725, .F. ) ;
#1951 = CARTESIAN_POINT ( 'NONE',  ( -40.99999999999999289, 40.99999999999999289, -8.000000000000007105 ) ) ;
#1952 = ORIENTED_EDGE ( 'NONE', *, *, #4215, .F. ) ;
#1953 = AXIS2_PLACEMENT_3D ( 'NONE', #1297, #1213, #435 ) ;
#1954 = ORIENTED_EDGE ( 'NONE', *, *, #2042, .T. ) ;
#1955 = ORIENTED_EDGE ( 'NONE', *, *, #765, .F. ) ;
#1956 = PLANE ( 'NONE',  #3567 ) ;
#1957 = ORIENTED_EDGE ( 'NONE', *, *, #2262, .F. ) ;
#1958 = CIRCLE ( 'NONE', #372, 30.00000000000000000 ) ;
#1959 = DIRECTION ( 'NONE',  ( 1.000000000000000000, 0.000000000000000000, 0.000000000000000000 ) ) ;
#1960 = DIRECTION ( 'NONE',  ( 1.000000000000000000, 0.000000000000000000, 0.000000000000000000 ) ) ;
#1961 = AXIS2_PLACEMENT_3D ( 'NONE', #1672, #4229, #5386 ) ;
#1962 = DIRECTION ( 'NONE',  ( 0.000000000000000000, 0.000000000000000000, -1.000000000000000000 ) ) ;
#1963 = CARTESIAN_POINT ( 'NONE',  ( -8.361186278791683080, 34.40062100830128600, 7.071067811865501263 ) ) ;
#1964 = CARTESIAN_POINT ( 'NONE',  ( 0.000000000000000000, 0.000000000000000000, 0.000000000000000000 ) ) ;
#1965 = DIRECTION ( 'NONE',  ( 1.000000000000000000, 0.000000000000000000, 0.000000000000000000 ) ) ;
#1966 = CARTESIAN_POINT ( 'NONE',  ( 38.87314781470555403, 36.48975133124805836, -150.8011557844372987 ) ) ;
#1967 = VECTOR ( 'NONE', #3063, 1000.000000000000000 ) ;
#1968 = ORIENTED_EDGE ( 'NONE', *, *, #3688, .F. ) ;
#1969 = DIRECTION ( 'NONE',  ( -0.000000000000000000, -0.000000000000000000, -1.000000000000000000 ) ) ;
#1970 = AXIS2_PLACEMENT_3D ( 'NONE', #2892, #5085, #2156 ) ;
#1971 = ADVANCED_FACE ( 'NONE', ( #1519 ), #4459, .F. ) ;
#1972 = LINE ( 'NONE', #4524, #735 ) ;
#1973 = AXIS2_PLACEMENT_3D ( 'NONE', #5072, #2516, #63 ) ;
#1974 = DIRECTION ( 'NONE',  ( 0.000000000000000000, 0.000000000000000000, 1.000000000000000000 ) ) ;
#1975 = VECTOR ( 'NONE', #3879, 1000.000000000000000 ) ;
#1976 = ORIENTED_EDGE ( 'NONE', *, *, #5205, .T. ) ;
#1977 = EDGE_CURVE ( 'NONE', #2855, #4144, #784, .T. ) ;
#1978 = DIRECTION ( 'NONE',  ( 0.000000000000000000, 0.000000000000000000, -1.000000000000000000 ) ) ;
#1979 = CIRCLE ( 'NONE', #3810, 2.250000000000001776 ) ;
#1980 = EDGE_LOOP ( 'NONE', ( #4531, #2305 ) ) ;
#1981 = DIRECTION ( 'NONE',  ( -0.000000000000000000, -0.000000000000000000, -1.000000000000000000 ) ) ;
#1982 = DIRECTION ( 'NONE',  ( 0.000000000000000000, 0.000000000000000000, 1.000000000000000000 ) ) ;
#1983 = CIRCLE ( 'NONE', #4172, 2.700000000000014833 ) ;
#1984 = ORIENTED_EDGE ( 'NONE', *, *, #2313, .T. ) ;
#1985 = ORIENTED_EDGE ( 'NONE', *, *, #4382, .T. ) ;
#1986 = ORIENTED_EDGE ( 'NONE', *, *, #1732, .T. ) ;
#1987 = EDGE_CURVE ( 'NONE', #1426, #3750, #5257, .T. ) ;
#1988 = DIRECTION ( 'NONE',  ( -0.7071067811865414665, -0.7071067811865536790, 0.000000000000000000 ) ) ;
#1989 = ORIENTED_EDGE ( 'NONE', *, *, #765, .T. ) ;
#1990 = CYLINDRICAL_SURFACE ( 'NONE', #3417, 1.500000000011596279 ) ;
#1991 = DIRECTION ( 'NONE',  ( 0.000000000000000000, 0.000000000000000000, 1.000000000000000000 ) ) ;
#1992 = CARTESIAN_POINT ( 'NONE',  ( 0.000000000000000000, -47.00000000000000000, 0.000000000000000000 ) ) ;
#1993 = DIRECTION ( 'NONE',  ( -0.000000000000000000, -0.000000000000000000, 1.000000000000000000 ) ) ;
#1994 = CYLINDRICAL_SURFACE ( 'NONE', #4214, 53.31625993297229371 ) ;
#1995 = DIRECTION ( 'NONE',  ( 0.000000000000000000, 0.000000000000000000, -1.000000000000000000 ) ) ;
#1996 = LINE ( 'NONE', #2347, #5076 ) ;
#1997 = EDGE_LOOP ( 'NONE', ( #5176, #5051 ) ) ;
#1998 = EDGE_CURVE ( 'NONE', #4257, #2537, #5438, .T. ) ;
#1999 = CARTESIAN_POINT ( 'NONE',  ( 40.99999999999997868, -40.99999999999995026, 0.000000000000000000 ) ) ;
#2000 = VECTOR ( 'NONE', #134, 1000.000000000000000 ) ;
#2001 = PLANE ( 'NONE',  #3018 ) ;
#2002 = DIRECTION ( 'NONE',  ( 1.000000000000000000, 0.000000000000000000, 0.000000000000000000 ) ) ;
#2003 = ADVANCED_FACE ( 'NONE', ( #3005 ), #4566, .T. ) ;
#2004 = ORIENTED_EDGE ( 'NONE', *, *, #1941, .T. ) ;
#2005 = DIRECTION ( 'NONE',  ( 1.000000000000000000, 0.000000000000000000, 0.000000000000000000 ) ) ;
#2006 = EDGE_LOOP ( 'NONE', ( #4976, #262, #4873, #522 ) ) ;
#2007 = CARTESIAN_POINT ( 'NONE',  ( -31.26145495119101625, 13.15227687719094618, 7.071067811865501263 ) ) ;
#2008 = CARTESIAN_POINT ( 'NONE',  ( 3.115521582341640894, -35.59790974410469033, 7.071067811865501263 ) ) ;
#2009 = EDGE_CURVE ( 'NONE', #1584, #814, #4646, .T. ) ;
#2010 = DIRECTION ( 'NONE',  ( 0.000000000000000000, -0.000000000000000000, -1.000000000000000000 ) ) ;
#2011 = ADVANCED_FACE ( 'NONE', ( #4622 ), #1739, .F. ) ;
#2012 = EDGE_LOOP ( 'NONE', ( #1299, #238, #4760, #4390 ) ) ;
#2013 = ORIENTED_EDGE ( 'NONE', *, *, #1310, .T. ) ;
#2014 = DIRECTION ( 'NONE',  ( 0.9555728057861405667, -0.2947551744109050409, 0.000000000000000000 ) ) ;
#2015 = VERTEX_POINT ( 'NONE', #858 ) ;
#2016 = CARTESIAN_POINT ( 'NONE',  ( 22.52952209029116304, 29.74459587537523930, -7.000000000000000000 ) ) ;
#2017 = LINE ( 'NONE', #5335, #4139 ) ;
#2018 = FACE_BOUND ( 'NONE', #3068, .T. ) ;
#2019 = ADVANCED_FACE ( 'NONE', ( #359 ), #2560, .F. ) ;
#2020 = ORIENTED_EDGE ( 'NONE', *, *, #3380, .F. ) ;
#2021 = DIRECTION ( 'NONE',  ( 1.000000000000000000, 0.000000000000000000, 0.000000000000000000 ) ) ;
#2022 = CARTESIAN_POINT ( 'NONE',  ( -1.500000000008976153, 41.99999999998872369, 14.00000000000000178 ) ) ;
#2023 = CARTESIAN_POINT ( 'NONE',  ( 2.619432448724978713E-12, 41.99999999998872369, 4.000000000000001776 ) ) ;
#2024 = EDGE_CURVE ( 'NONE', #1379, #4626, #3065, .T. ) ;
#2025 = AXIS2_PLACEMENT_3D ( 'NONE', #1715, #471, #5421 ) ;
#2026 = LINE ( 'NONE', #3694, #2887 ) ;
#2027 = ORIENTED_EDGE ( 'NONE', *, *, #5436, .F. ) ;
#2028 = CIRCLE ( 'NONE', #2988, 36.69999999999998863 ) ;
#2029 = DIRECTION ( 'NONE',  ( 0.3653410243664056978, 0.9308737486442001385, 0.000000000000000000 ) ) ;
#2030 = DIRECTION ( 'NONE',  ( 1.000000000000000000, 0.000000000000000000, 0.000000000000000000 ) ) ;
#2031 = CIRCLE ( 'NONE', #5091, 36.70000000000003837 ) ;
#2032 = ORIENTED_EDGE ( 'NONE', *, *, #1428, .T. ) ;
#2033 = ORIENTED_EDGE ( 'NONE', *, *, #704, .F. ) ;
#2034 = DIRECTION ( 'NONE',  ( 1.000000000000000000, 0.000000000000000000, 0.000000000000000000 ) ) ;
#2035 = CARTESIAN_POINT ( 'NONE',  ( -2.631216917917196252, 36.60555555555561114, 14.00000000000000178 ) ) ;
#2036 = DIRECTION ( 'NONE',  ( -0.000000000000000000, -0.000000000000000000, 1.000000000000000000 ) ) ;
#2037 = EDGE_LOOP ( 'NONE', ( #4695, #73, #2457, #827 ) ) ;
#2038 = ORIENTED_EDGE ( 'NONE', *, *, #1800, .F. ) ;
#2039 = DIRECTION ( 'NONE',  ( -0.000000000000000000, -0.000000000000000000, -1.000000000000000000 ) ) ;
#2040 = AXIS2_PLACEMENT_3D ( 'NONE', #169, #4467, #5292 ) ;
#2041 = DIRECTION ( 'NONE',  ( 0.000000000000000000, -0.000000000000000000, -1.000000000000000000 ) ) ;
#2042 = EDGE_CURVE ( 'NONE', #4478, #2819, #2805, .T. ) ;
#2043 = VECTOR ( 'NONE', #3410, 1000.000000000000000 ) ;
#2044 = DIRECTION ( 'NONE',  ( 0.000000000000000000, 0.000000000000000000, 1.000000000000000000 ) ) ;
#2045 = VERTEX_POINT ( 'NONE', #55 ) ;
#2046 = ORIENTED_EDGE ( 'NONE', *, *, #3729, .T. ) ;
#2047 = CARTESIAN_POINT ( 'NONE',  ( 41.99999999999995026, -47.00000000000000000, -140.9360748630709281 ) ) ;
#2048 = VECTOR ( 'NONE', #1651, 1000.000000000000000 ) ;
#2049 = EDGE_CURVE ( 'NONE', #433, #5434, #3409, .T. ) ;
#2050 = CARTESIAN_POINT ( 'NONE',  ( 7.615521582341645335, -35.59790974410469033, 0.000000000000000000 ) ) ;
#2051 = AXIS2_PLACEMENT_3D ( 'NONE', #1832, #1752, #3501 ) ;
#2052 = DIRECTION ( 'NONE',  ( -0.000000000000000000, -0.000000000000000000, -1.000000000000000000 ) ) ;
#2053 = AXIS2_PLACEMENT_3D ( 'NONE', #1951, #618, #4888 ) ;
#2054 = FACE_OUTER_BOUND ( 'NONE', #930, .T. ) ;
#2055 = AXIS2_PLACEMENT_3D ( 'NONE', #2354, #1148, #677 ) ;
#2056 = ORIENTED_EDGE ( 'NONE', *, *, #824, .F. ) ;
#2057 = ADVANCED_FACE ( 'NONE', ( #1655 ), #2893, .F. ) ;
#2058 = DIRECTION ( 'NONE',  ( -0.000000000000000000, -0.000000000000000000, -1.000000000000000000 ) ) ;
#2059 = DIRECTION ( 'NONE',  ( 0.7071067811865560104, -0.7071067811865390240, 0.000000000000000000 ) ) ;
#2060 = AXIS2_PLACEMENT_3D ( 'NONE', #673, #254, #2350 ) ;
#2061 = ORIENTED_EDGE ( 'NONE', *, *, #528, .T. ) ;
#2062 = AXIS2_PLACEMENT_3D ( 'NONE', #4600, #445, #60 ) ;
#2063 = ORIENTED_EDGE ( 'NONE', *, *, #3177, .F. ) ;
#2064 = AXIS2_PLACEMENT_3D ( 'NONE', #3061, #4350, #3139 ) ;
#2065 = DIRECTION ( 'NONE',  ( 0.000000000000000000, 0.000000000000000000, -1.000000000000000000 ) ) ;
#2066 = CIRCLE ( 'NONE', #2756, 36.70000000000002416 ) ;
#2067 = CARTESIAN_POINT ( 'NONE',  ( 0.000000000000000000, 0.000000000000000000, -109.0335419915582236 ) ) ;
#2068 = VERTEX_POINT ( 'NONE', #2050 ) ;
#2069 = VERTEX_POINT ( 'NONE', #3718 ) ;
#2070 = DIRECTION ( 'NONE',  ( -0.000000000000000000, -0.000000000000000000, 1.000000000000000000 ) ) ;
#2071 = CARTESIAN_POINT ( 'NONE',  ( -26.82691942671768004, -25.04408900464137133, -109.0335419915582236 ) ) ;
#2072 = AXIS2_PLACEMENT_3D ( 'NONE', #1391, #510, #488 ) ;
#2073 = FACE_BOUND ( 'NONE', #1980, .T. ) ;
#2074 = CYLINDRICAL_SURFACE ( 'NONE', #3351, 2.700000000000025491 ) ;
#2075 = ORIENTED_EDGE ( 'NONE', *, *, #1310, .F. ) ;
#2076 = EDGE_LOOP ( 'NONE', ( #1615, #4722, #4156, #2684 ) ) ;
#2077 = CARTESIAN_POINT ( 'NONE',  ( -31.19848480984073547, -29.69848480982491523, 14.00001200000000345 ) ) ;
#2078 = AXIS2_PLACEMENT_3D ( 'NONE', #680, #4681, #1690 ) ;
#2079 = DIRECTION ( 'NONE',  ( -0.000000000000000000, -1.000000000000000000, -0.000000000000000000 ) ) ;
#2080 = DIRECTION ( 'NONE',  ( 1.000000000000000000, 0.000000000000000000, 0.000000000000000000 ) ) ;
#2081 = EDGE_CURVE ( 'NONE', #3892, #5351, #74, .T. ) ;
#2082 = ORIENTED_EDGE ( 'NONE', *, *, #4200, .T. ) ;
#2083 = CARTESIAN_POINT ( 'NONE',  ( 22.97952209029072890, 29.74459587537554839, -109.0335419915582236 ) ) ;
#2084 = CYLINDRICAL_SURFACE ( 'NONE', #1973, 2.250000000000001776 ) ;
#2085 = ADVANCED_FACE ( 'NONE', ( #2922 ), #4212, .T. ) ;
#2086 = ORIENTED_EDGE ( 'NONE', *, *, #2818, .F. ) ;
#2087 = DIRECTION ( 'NONE',  ( 0.000000000000000000, 0.000000000000000000, 1.000000000000000000 ) ) ;
#2088 = ORIENTED_EDGE ( 'NONE', *, *, #1162, .T. ) ;
#2089 = CARTESIAN_POINT ( 'NONE',  ( 15.61981460823152190, -32.43487924448731263, 7.071067811865497710 ) ) ;
#2090 = EDGE_CURVE ( 'NONE', #4547, #2360, #2709, .T. ) ;
#2091 = DIRECTION ( 'NONE',  ( 1.000000000000000000, 0.000000000000000000, 0.000000000000000000 ) ) ;
#2092 = EDGE_LOOP ( 'NONE', ( #374, #983, #1471, #1868 ) ) ;
#2093 = ORIENTED_EDGE ( 'NONE', *, *, #2266, .F. ) ;
#2094 = DIRECTION ( 'NONE',  ( 1.000000000000000000, 0.000000000000000000, 0.000000000000000000 ) ) ;
#2095 = VERTEX_POINT ( 'NONE', #1245 ) ;
#2096 = CARTESIAN_POINT ( 'NONE',  ( 28.92691453623947240, -18.00000000000046541, 0.000000000000000000 ) ) ;
#2097 = DIRECTION ( 'NONE',  ( -0.000000000000000000, 0.000000000000000000, 1.000000000000000000 ) ) ;
#2098 = ORIENTED_EDGE ( 'NONE', *, *, #115, .T. ) ;
#2099 = VERTEX_POINT ( 'NONE', #416 ) ;
#2100 = DIRECTION ( 'NONE',  ( -0.000000000000000000, -0.000000000000000000, 1.000000000000000000 ) ) ;
#2101 = CIRCLE ( 'NONE', #2977, 1.500000000011596279 ) ;
#2102 = DIRECTION ( 'NONE',  ( 0.000000000000000000, -0.000000000000000000, -1.000000000000000000 ) ) ;
#2103 = FACE_BOUND ( 'NONE', #3429, .T. ) ;
#2104 = EDGE_CURVE ( 'NONE', #492, #468, #1217, .T. ) ;
#2105 = ORIENTED_EDGE ( 'NONE', *, *, #4373, .T. ) ;
#2106 = DIRECTION ( 'NONE',  ( -1.000000000000000000, 0.000000000000000000, 0.000000000000000000 ) ) ;
#2107 = DIRECTION ( 'NONE',  ( -0.000000000000000000, -0.000000000000000000, -1.000000000000000000 ) ) ;
#2108 = EDGE_CURVE ( 'NONE', #3327, #44, #957, .T. ) ;
#2109 = CIRCLE ( 'NONE', #2275, 2.250000000000001776 ) ;
#2110 = ORIENTED_EDGE ( 'NONE', *, *, #4923, .F. ) ;
#2111 = EDGE_CURVE ( 'NONE', #3698, #2015, #2109, .T. ) ;
#2112 = FACE_OUTER_BOUND ( 'NONE', #1390, .T. ) ;
#2113 = VERTEX_POINT ( 'NONE', #1274 ) ;
#2114 = DIRECTION ( 'NONE',  ( 0.000000000000000000, 0.000000000000000000, 1.000000000000000000 ) ) ;
#2115 = CARTESIAN_POINT ( 'NONE',  ( 13.36981460823152013, -32.43487924448731263, -7.000000000000000000 ) ) ;
#2116 = VERTEX_POINT ( 'NONE', #440 ) ;
#2117 = VERTEX_POINT ( 'NONE', #29 ) ;
#2118 = CYLINDRICAL_SURFACE ( 'NONE', #1733, 2.700000000000020162 ) ;
#2119 = EDGE_CURVE ( 'NONE', #4637, #2731, #103, .T. ) ;
#2120 = EDGE_LOOP ( 'NONE', ( #2254, #2098 ) ) ;
#2121 = PLANE ( 'NONE',  #2239 ) ;
#2122 = CARTESIAN_POINT ( 'NONE',  ( -42.00000000000000711, 42.00000000000000000, 0.000000000000000000 ) ) ;
#2123 = VERTEX_POINT ( 'NONE', #3488 ) ;
#2124 = AXIS2_PLACEMENT_3D ( 'NONE', #4275, #5098, #2187 ) ;
#2125 = ORIENTED_EDGE ( 'NONE', *, *, #2650, .F. ) ;
#2126 = FACE_OUTER_BOUND ( 'NONE', #1366, .T. ) ;
#2127 = VECTOR ( 'NONE', #329, 1000.000000000000000 ) ;
#2128 = DIRECTION ( 'NONE',  ( 1.000000000000000000, 0.000000000000000000, 0.000000000000000000 ) ) ;
#2129 = FACE_BOUND ( 'NONE', #3671, .T. ) ;
#2130 = CIRCLE ( 'NONE', #1335, 2.099999999999997868 ) ;
#2131 = ORIENTED_EDGE ( 'NONE', *, *, #5224, .F. ) ;
#2132 = FACE_OUTER_BOUND ( 'NONE', #195, .T. ) ;
#2133 = FACE_OUTER_BOUND ( 'NONE', #2248, .T. ) ;
#2134 = AXIS2_PLACEMENT_3D ( 'NONE', #2770, #4503, #2276 ) ;
#2135 = FACE_OUTER_BOUND ( 'NONE', #2076, .T. ) ;
#2136 = AXIS2_PLACEMENT_3D ( 'NONE', #4090, #316, #3672 ) ;
#2137 = VERTEX_POINT ( 'NONE', #5164 ) ;
#2138 = EDGE_CURVE ( 'NONE', #5407, #4278, #1038, .T. ) ;
#2139 = PLANE ( 'NONE',  #1714 ) ;
#2140 = AXIS2_PLACEMENT_3D ( 'NONE', #313, #5347, #255 ) ;
#2141 = CYLINDRICAL_SURFACE ( 'NONE', #545, 2.099999999999997868 ) ;
#2142 = CARTESIAN_POINT ( 'NONE',  ( -8.275357579298987076, 35.75483823113651027, 13.99999999999999822 ) ) ;
#2143 = ADVANCED_FACE ( 'NONE', ( #2639 ), #2692, .F. ) ;
#2144 = ORIENTED_EDGE ( 'NONE', *, *, #2280, .T. ) ;
#2145 = DIRECTION ( 'NONE',  ( 1.000000000000000000, 0.000000000000000000, 0.000000000000000000 ) ) ;
#2146 = AXIS2_PLACEMENT_3D ( 'NONE', #1113, #3165, #1965 ) ;
#2147 = VERTEX_POINT ( 'NONE', #184 ) ;
#2148 = CARTESIAN_POINT ( 'NONE',  ( -47.00000000000000000, 15.95769335655779564, 0.000000000000000000 ) ) ;
#2149 = VECTOR ( 'NONE', #2596, 1000.000000000000000 ) ;
#2150 = LINE ( 'NONE', #1828, #714 ) ;
#2151 = FACE_OUTER_BOUND ( 'NONE', #4611, .T. ) ;
#2152 = AXIS2_PLACEMENT_3D ( 'NONE', #3857, #2599, #85 ) ;
#2153 = VERTEX_POINT ( 'NONE', #987 ) ;
#2154 = EDGE_CURVE ( 'NONE', #3743, #5432, #700, .T. ) ;
#2155 = ORIENTED_EDGE ( 'NONE', *, *, #1175, .F. ) ;
#2156 = DIRECTION ( 'NONE',  ( 1.000000000000000000, 0.000000000000000000, 0.000000000000000000 ) ) ;
#2157 = AXIS2_PLACEMENT_3D ( 'NONE', #3998, #228, #4789 ) ;
#2158 = DIRECTION ( 'NONE',  ( 0.000000000000000000, 0.000000000000000000, -1.000000000000000000 ) ) ;
#2159 = DIRECTION ( 'NONE',  ( 1.000000000000000000, 0.000000000000000000, 0.000000000000000000 ) ) ;
#2160 = ORIENTED_EDGE ( 'NONE', *, *, #1231, .T. ) ;
#2161 = DIRECTION ( 'NONE',  ( -0.000000000000000000, -0.000000000000000000, -1.000000000000000000 ) ) ;
#2162 = DIRECTION ( 'NONE',  ( 0.000000000000000000, 0.000000000000000000, 1.000000000000000000 ) ) ;
#2163 = CARTESIAN_POINT ( 'NONE',  ( 0.000000000000000000, 0.000000000000000000, 4.000000000000001776 ) ) ;
#2164 = CARTESIAN_POINT ( 'NONE',  ( 40.99999999999997868, 40.99999999999999289, -140.9360748630709281 ) ) ;
#2165 = CARTESIAN_POINT ( 'NONE',  ( 8.275357579299733146, 35.75483823113631843, 14.00000000000000178 ) ) ;
#2166 = EDGE_CURVE ( 'NONE', #3111, #881, #875, .T. ) ;
#2167 = ORIENTED_EDGE ( 'NONE', *, *, #5436, .T. ) ;
#2168 = LINE ( 'NONE', #3399, #4756 ) ;
#2169 = ORIENTED_EDGE ( 'NONE', *, *, #1172, .T. ) ;
#2170 = DIRECTION ( 'NONE',  ( 0.000000000000000000, 0.000000000000000000, 1.000000000000000000 ) ) ;
#2171 = EDGE_CURVE ( 'NONE', #4859, #3369, #4803, .T. ) ;
#2172 = VECTOR ( 'NONE', #3953, 1000.000000000000000 ) ;
#2173 = CARTESIAN_POINT ( 'NONE',  ( 0.000000000000000000, -47.00000000000000000, -140.9360748630709281 ) ) ;
#2174 = ORIENTED_EDGE ( 'NONE', *, *, #4097, .T. ) ;
#2175 = VERTEX_POINT ( 'NONE', #574 ) ;
#2176 = CARTESIAN_POINT ( 'NONE',  ( 28.19848480981342576, -29.69848480982903283, 14.00001200000000345 ) ) ;
#2177 = CARTESIAN_POINT ( 'NONE',  ( 29.69848480982913941, 29.69848480982491523, 14.00001200000000345 ) ) ;
#2178 = EDGE_CURVE ( 'NONE', #2966, #2353, #2624, .T. ) ;
#2179 = DIRECTION ( 'NONE',  ( -0.000000000000000000, -0.000000000000000000, -1.000000000000000000 ) ) ;
#2180 = ORIENTED_EDGE ( 'NONE', *, *, #1226, .T. ) ;
#2181 = DIRECTION ( 'NONE',  ( 1.000000000000000000, -1.387778780781446464E-15, 0.000000000000000000 ) ) ;
#2182 = ADVANCED_FACE ( 'NONE', ( #937 ), #3131, .F. ) ;
#2183 = DIRECTION ( 'NONE',  ( 0.000000000000000000, 0.000000000000000000, 1.000000000000000000 ) ) ;
#2184 = CARTESIAN_POINT ( 'NONE',  ( 36.70000000000003837, 0.000000000000000000, 0.000000000000000000 ) ) ;
#2185 = AXIS2_PLACEMENT_3D ( 'NONE', #3640, #5343, #1491 ) ;
#2186 = DIRECTION ( 'NONE',  ( 1.000000000000000000, 0.000000000000000000, 0.000000000000000000 ) ) ;
#2187 = DIRECTION ( 'NONE',  ( -0.2225209339563042621, 0.9749279121818259508, 0.000000000000000000 ) ) ;
#2188 = DIRECTION ( 'NONE',  ( 1.000000000000000000, 0.000000000000000000, 0.000000000000000000 ) ) ;
#2189 = ORIENTED_EDGE ( 'NONE', *, *, #721, .F. ) ;
#2190 = DIRECTION ( 'NONE',  ( -0.000000000000000000, -0.000000000000000000, -1.000000000000000000 ) ) ;
#2191 = EDGE_LOOP ( 'NONE', ( #3766, #4228, #4505, #4237 ) ) ;
#2192 = AXIS2_PLACEMENT_3D ( 'NONE', #2970, #2886, #3350 ) ;
#2193 = CARTESIAN_POINT ( 'NONE',  ( 37.34740483854549353, -8.010753622427833065, 0.000000000000000000 ) ) ;
#2194 = CARTESIAN_POINT ( 'NONE',  ( 0.000000000000000000, 0.000000000000000000, 14.00000000000000178 ) ) ;
#2195 = CIRCLE ( 'NONE', #1322, 30.00000000000000000 ) ;
#2196 = VERTEX_POINT ( 'NONE', #3954 ) ;
#2197 = ORIENTED_EDGE ( 'NONE', *, *, #3547, .F. ) ;
#2198 = ORIENTED_EDGE ( 'NONE', *, *, #5354, .F. ) ;
#2199 = CARTESIAN_POINT ( 'NONE',  ( 31.19848480983661787, -29.69848480982903283, 4.000000000000001776 ) ) ;
#2200 = EDGE_CURVE ( 'NONE', #2527, #672, #2229, .T. ) ;
#2201 = FACE_OUTER_BOUND ( 'NONE', #541, .T. ) ;
#2202 = CARTESIAN_POINT ( 'NONE',  ( 35.76145495119168771, 13.15227687718926575, 7.071067811865501263 ) ) ;
#2203 = AXIS2_PLACEMENT_3D ( 'NONE', #720, #3192, #4073 ) ;
#2204 = EDGE_CURVE ( 'NONE', #2116, #1221, #3940, .T. ) ;
#2205 = VERTEX_POINT ( 'NONE', #3106 ) ;
#2206 = FACE_OUTER_BOUND ( 'NONE', #3121, .T. ) ;
#2207 = DIRECTION ( 'NONE',  ( 0.000000000000000000, -1.000000000000000000, 0.000000000000000000 ) ) ;
#2208 = CARTESIAN_POINT ( 'NONE',  ( 22.79465712222679485, 28.76271208839867910, -109.0335419915582236 ) ) ;
#2209 = AXIS2_PLACEMENT_3D ( 'NONE', #4480, #2746, #4428 ) ;
#2210 = ADVANCED_FACE ( 'NONE', ( #4780 ), #5141, .F. ) ;
#2211 = ORIENTED_EDGE ( 'NONE', *, *, #1430, .T. ) ;
#2212 = CIRCLE ( 'NONE', #16, 2.250000000000001776 ) ;
#2213 = DIRECTION ( 'NONE',  ( 0.000000000000000000, 0.000000000000000000, 1.000000000000000000 ) ) ;
#2214 = CIRCLE ( 'NONE', #540, 2.250000000000001776 ) ;
#2215 = CARTESIAN_POINT ( 'NONE',  ( 26.73621855975264339, -26.38986738587411551, 7.071067811865501263 ) ) ;
#2216 = DIRECTION ( 'NONE',  ( -0.000000000000000000, -0.000000000000000000, -1.000000000000000000 ) ) ;
#2217 = CIRCLE ( 'NONE', #1252, 2.700000000000014833 ) ;
#2218 = ORIENTED_EDGE ( 'NONE', *, *, #517, .T. ) ;
#2219 = DIRECTION ( 'NONE',  ( 0.000000000000000000, 0.000000000000000000, 1.000000000000000000 ) ) ;
#2220 = ORIENTED_EDGE ( 'NONE', *, *, #2510, .F. ) ;
#2221 = LINE ( 'NONE', #906, #3381 ) ;
#2222 = DIRECTION ( 'NONE',  ( 1.000000000000000000, 0.000000000000000000, 0.000000000000000000 ) ) ;
#2223 = ORIENTED_EDGE ( 'NONE', *, *, #3794, .T. ) ;
#2224 = CIRCLE ( 'NONE', #4508, 2.250000000000001776 ) ;
#2225 = VERTEX_POINT ( 'NONE', #3431 ) ;
#2226 = ORIENTED_EDGE ( 'NONE', *, *, #3252, .F. ) ;
#2227 = DIRECTION ( 'NONE',  ( 0.000000000000000000, 0.000000000000000000, -1.000000000000000000 ) ) ;
#2228 = VECTOR ( 'NONE', #273, 1000.000000000000000 ) ;
#2229 = LINE ( 'NONE', #159, #4915 ) ;
#2230 = CIRCLE ( 'NONE', #3100, 2.700000000000035705 ) ;
#2231 = LINE ( 'NONE', #2285, #8 ) ;
#2232 = CIRCLE ( 'NONE', #1088, 2.250000000000001776 ) ;
#2233 = ADVANCED_FACE ( 'NONE', ( #495 ), #5219, .F. ) ;
#2234 = ORIENTED_EDGE ( 'NONE', *, *, #2577, .T. ) ;
#2235 = DIRECTION ( 'NONE',  ( -0.000000000000000000, -0.000000000000000000, -1.000000000000000000 ) ) ;
#2236 = CARTESIAN_POINT ( 'NONE',  ( -31.17691453623986675, -17.99999999999980105, 14.00000000000000178 ) ) ;
#2237 = ADVANCED_FACE ( 'NONE', ( #4343 ), #3463, .F. ) ;
#2238 = LINE ( 'NONE', #2208, #3024 ) ;
#2239 = AXIS2_PLACEMENT_3D ( 'NONE', #4586, #822, #4182 ) ;
#2240 = ORIENTED_EDGE ( 'NONE', *, *, #76, .F. ) ;
#2241 = CIRCLE ( 'NONE', #4877, 32.60000000000000142 ) ;
#2242 = DIRECTION ( 'NONE',  ( -0.000000000000000000, -0.000000000000000000, 1.000000000000000000 ) ) ;
#2243 = EDGE_CURVE ( 'NONE', #2015, #2205, #2614, .T. ) ;
#2244 = LINE ( 'NONE', #3916, #1850 ) ;
#2245 = CARTESIAN_POINT ( 'NONE',  ( -28.14593336884884422, 22.44563286691462523, -109.0335419915582236 ) ) ;
#2246 = ORIENTED_EDGE ( 'NONE', *, *, #3440, .T. ) ;
#2247 = CYLINDRICAL_SURFACE ( 'NONE', #2051, 32.60000000000000142 ) ;
#2248 = EDGE_LOOP ( 'NONE', ( #626, #3203, #1357, #5361 ) ) ;
#2249 = DIRECTION ( 'NONE',  ( 1.000000000000000000, 0.000000000000000000, 0.000000000000000000 ) ) ;
#2250 = ADVANCED_FACE ( 'NONE', ( #2201 ), #3905, .F. ) ;
#2251 = FACE_OUTER_BOUND ( 'NONE', #4663, .T. ) ;
#2252 = VERTEX_POINT ( 'NONE', #2801 ) ;
#2253 = ORIENTED_EDGE ( 'NONE', *, *, #2609, .T. ) ;
#2254 = ORIENTED_EDGE ( 'NONE', *, *, #3716, .T. ) ;
#2255 = CARTESIAN_POINT ( 'NONE',  ( -29.69848480982913941, -29.69848480982491523, 14.00001200000000345 ) ) ;
#2256 = CIRCLE ( 'NONE', #142, 2.250000000000002220 ) ;
#2257 = CARTESIAN_POINT ( 'NONE',  ( 41.99999999998872369, -2.765149220707030508E-12, 14.00001200000000345 ) ) ;
#2258 = CARTESIAN_POINT ( 'NONE',  ( -33.42691453624012610, -17.99999999999934275, -7.000000000000000000 ) ) ;
#2259 = EDGE_LOOP ( 'NONE', ( #1954, #1869, #2279, #1704 ) ) ;
#2260 = CARTESIAN_POINT ( 'NONE',  ( 35.09740483854560011, -8.010753622427328580, 0.000000000000000000 ) ) ;
#2262 = EDGE_CURVE ( 'NONE', #4285, #679, #4037, .T. ) ;
#2261 = CARTESIAN_POINT ( 'NONE',  ( -20.27952209028966735, 29.74459587537625538, -7.000000000000000000 ) ) ;
#2263 = DIRECTION ( 'NONE',  ( 1.000000000000000000, 0.000000000000000000, 0.000000000000000000 ) ) ;
#2264 = EDGE_LOOP ( 'NONE', ( #2555, #3869 ) ) ;
#2265 = DIRECTION ( 'NONE',  ( -0.000000000000000000, -0.000000000000000000, 1.000000000000000000 ) ) ;
#2266 = EDGE_CURVE ( 'NONE', #1057, #5256, #3222, .T. ) ;
#2267 = CIRCLE ( 'NONE', #5344, 2.250000000000001776 ) ;
#2268 = CYLINDRICAL_SURFACE ( 'NONE', #5097, 2.250000000000001776 ) ;
#2269 = DIRECTION ( 'NONE',  ( -0.000000000000000000, -0.000000000000000000, -1.000000000000000000 ) ) ;
#2270 = ORIENTED_EDGE ( 'NONE', *, *, #497, .F. ) ;
#2271 = ADVANCED_FACE ( 'NONE', ( #4479 ), #4012, .F. ) ;
#2272 = CARTESIAN_POINT ( 'NONE',  ( -35.89933669852241138, 2.690283369111538647, 14.00000000000000178 ) ) ;
#2273 = ORIENTED_EDGE ( 'NONE', *, *, #3533, .T. ) ;
#2274 = CARTESIAN_POINT ( 'NONE',  ( -16.99999999999999645, 15.95769335655780630, 14.00000000000001243 ) ) ;
#2275 = AXIS2_PLACEMENT_3D ( 'NONE', #1, #3358, #5038 ) ;
#2276 = DIRECTION ( 'NONE',  ( 1.000000000000000000, 0.000000000000000000, 0.000000000000000000 ) ) ;
#2277 = ORIENTED_EDGE ( 'NONE', *, *, #3615, .F. ) ;
#2278 = ORIENTED_EDGE ( 'NONE', *, *, #5181, .T. ) ;
#2279 = ORIENTED_EDGE ( 'NONE', *, *, #1195, .T. ) ;
#2280 = EDGE_CURVE ( 'NONE', #686, #4892, #4127, .T. ) ;
#2281 = AXIS2_PLACEMENT_3D ( 'NONE', #1964, #1551, #2397 ) ;
#2282 = LINE ( 'NONE', #2176, #2172 ) ;
#2283 = CARTESIAN_POINT ( 'NONE',  ( -29.69848480982522787, 29.69848480982882677, 14.00000000000000178 ) ) ;
#2284 = AXIS2_PLACEMENT_3D ( 'NONE', #4177, #404, #2091 ) ;
#2285 = CARTESIAN_POINT ( 'NONE',  ( -30.38573257179502818, -20.58147847156165966, -109.0335419915582236 ) ) ;
#2286 = ORIENTED_EDGE ( 'NONE', *, *, #3150, .T. ) ;
#2287 = DIRECTION ( 'NONE',  ( -0.000000000000000000, -0.000000000000000000, -1.000000000000000000 ) ) ;
#2288 = CARTESIAN_POINT ( 'NONE',  ( 38.87314781470555403, 36.48975133124806547, 14.00000000000000178 ) ) ;
#2289 = DIRECTION ( 'NONE',  ( 0.000000000000000000, 0.000000000000000000, 1.000000000000000000 ) ) ;
#2290 = VERTEX_POINT ( 'NONE', #1546 ) ;
#2291 = DIRECTION ( 'NONE',  ( 1.000000000000000000, 0.000000000000000000, 0.000000000000000000 ) ) ;
#2292 = AXIS2_PLACEMENT_3D ( 'NONE', #2784, #4517, #3255 ) ;
#2293 = DIRECTION ( 'NONE',  ( 0.000000000000000000, 0.000000000000000000, 1.000000000000000000 ) ) ;
#2294 = CARTESIAN_POINT ( 'NONE',  ( 0.000000000000000000, 0.000000000000000000, -109.0335419915582236 ) ) ;
#2295 = ADVANCED_FACE ( 'NONE', ( #716 ), #1990, .F. ) ;
#2296 = AXIS2_PLACEMENT_3D ( 'NONE', #2310, #4071, #242 ) ;
#2297 = ORIENTED_EDGE ( 'NONE', *, *, #3177, .T. ) ;
#2298 = CARTESIAN_POINT ( 'NONE',  ( 28.14593336884964003, 22.44563286691362336, 0.000000000000000000 ) ) ;
#2299 = EDGE_LOOP ( 'NONE', ( #5092, #1591, #4203, #161 ) ) ;
#2300 = CARTESIAN_POINT ( 'NONE',  ( -43.50000000000031974, 2.473715676742926917E-12, 14.00000000000000178 ) ) ;
#2301 = CIRCLE ( 'NONE', #3089, 2.700000000000020162 ) ;
#2302 = CARTESIAN_POINT ( 'NONE',  ( -33.01694948971259436, -16.02407708399350383, 14.00000000000000178 ) ) ;
#2303 = VERTEX_POINT ( 'NONE', #1900 ) ;
#2304 = AXIS2_PLACEMENT_3D ( 'NONE', #1163, #2396, #3988 ) ;
#2305 = ORIENTED_EDGE ( 'NONE', *, *, #5086, .T. ) ;
#2306 = EDGE_LOOP ( 'NONE', ( #3458, #512 ) ) ;
#2307 = DIRECTION ( 'NONE',  ( -0.000000000000000000, -0.000000000000000000, -1.000000000000000000 ) ) ;
#2308 = EDGE_LOOP ( 'NONE', ( #2389, #4607, #4268, #1808 ) ) ;
#2309 = CARTESIAN_POINT ( 'NONE',  ( -31.26145495119101625, 13.15227687719094618, 0.000000000000000000 ) ) ;
#2310 = CARTESIAN_POINT ( 'NONE',  ( -28.14593336884852093, 22.44563286691502313, -7.000000000000000000 ) ) ;
#2311 = ADVANCED_FACE ( 'NONE', ( #2391 ), #4394, .F. ) ;
#2312 = DIRECTION ( 'NONE',  ( -0.000000000000000000, -0.000000000000000000, 1.000000000000000000 ) ) ;
#2313 = EDGE_CURVE ( 'NONE', #2384, #4034, #258, .T. ) ;
#2314 = DIRECTION ( 'NONE',  ( 1.000000000000000000, 0.000000000000000000, 0.000000000000000000 ) ) ;
#2315 = VERTEX_POINT ( 'NONE', #4953 ) ;
#2316 = VECTOR ( 'NONE', #553, 1000.000000000000000 ) ;
#2317 = CARTESIAN_POINT ( 'NONE',  ( -30.00000000000000000, 3.673940397442059967E-15, -8.000000000000000000 ) ) ;
#2318 = DIRECTION ( 'NONE',  ( 0.000000000000000000, 0.000000000000000000, 1.000000000000000000 ) ) ;
#2319 = DIRECTION ( 'NONE',  ( -0.000000000000000000, -0.000000000000000000, 1.000000000000000000 ) ) ;
#2320 = FACE_OUTER_BOUND ( 'NONE', #5013, .T. ) ;
#2321 = AXIS2_PLACEMENT_3D ( 'NONE', #64, #945, #1747 ) ;
#2322 = VERTEX_POINT ( 'NONE', #628 ) ;
#2323 = CARTESIAN_POINT ( 'NONE',  ( -5.365521582342921647, -35.59790974410449138, 7.071067811865499486 ) ) ;
#2324 = DIRECTION ( 'NONE',  ( -0.000000000000000000, -0.000000000000000000, -1.000000000000000000 ) ) ;
#2325 = DIRECTION ( 'NONE',  ( 1.000000000000000000, 0.000000000000000000, 0.000000000000000000 ) ) ;
#2326 = EDGE_LOOP ( 'NONE', ( #2940, #964, #3075, #4715 ) ) ;
#2327 = CARTESIAN_POINT ( 'NONE',  ( 0.000000000000000000, 0.000000000000000000, 14.00000000000000178 ) ) ;
#2328 = ORIENTED_EDGE ( 'NONE', *, *, #244, .T. ) ;
#2329 = DIRECTION ( 'NONE',  ( 0.000000000000000000, 0.000000000000000000, 1.000000000000000000 ) ) ;
#2330 = EDGE_CURVE ( 'NONE', #2175, #4236, #2028, .T. ) ;
#2331 = DIRECTION ( 'NONE',  ( -0.9009688679024214775, -0.4338837391175532354, 0.000000000000000000 ) ) ;
#2332 = ORIENTED_EDGE ( 'NONE', *, *, #1328, .T. ) ;
#2333 = ORIENTED_EDGE ( 'NONE', *, *, #4253, .T. ) ;
#2334 = ORIENTED_EDGE ( 'NONE', *, *, #353, .T. ) ;
#2335 = DIRECTION ( 'NONE',  ( 0.000000000000000000, 0.000000000000000000, 1.000000000000000000 ) ) ;
#2336 = VERTEX_POINT ( 'NONE', #2309 ) ;
#2337 = CARTESIAN_POINT ( 'NONE',  ( 0.000000000000000000, 0.000000000000000000, 0.000000000000000000 ) ) ;
#2338 = FACE_OUTER_BOUND ( 'NONE', #3761, .T. ) ;
#2339 = DIRECTION ( 'NONE',  ( -0.9888308262251295222, -0.1490422661761678091, 0.000000000000000000 ) ) ;
#2340 = CARTESIAN_POINT ( 'NONE',  ( 0.000000000000000000, 0.000000000000000000, 0.000000000000000000 ) ) ;
#2341 = ORIENTED_EDGE ( 'NONE', *, *, #2009, .F. ) ;
#2342 = EDGE_CURVE ( 'NONE', #4525, #5302, #1228, .T. ) ;
#2343 = FACE_OUTER_BOUND ( 'NONE', #4942, .T. ) ;
#2344 = CARTESIAN_POINT ( 'NONE',  ( -30.39593336884852448, 22.44563286691502313, -7.000000000000000000 ) ) ;
#2345 = FACE_BOUND ( 'NONE', #2433, .T. ) ;
#2346 = AXIS2_PLACEMENT_3D ( 'NONE', #2423, #4098, #213 ) ;
#2347 = CARTESIAN_POINT ( 'NONE',  ( 46.99999999999999289, 0.000000000000000000, 0.000000000000000000 ) ) ;
#2348 = ORIENTED_EDGE ( 'NONE', *, *, #2104, .T. ) ;
#2349 = ADVANCED_FACE ( 'NONE', ( #3189 ), #2834, .T. ) ;
#2350 = DIRECTION ( 'NONE',  ( 1.000000000000000000, 0.000000000000000000, 0.000000000000000000 ) ) ;
#2351 = LINE ( 'NONE', #4939, #5117 ) ;
#2352 = CYLINDRICAL_SURFACE ( 'NONE', #4572, 2.250000000000001776 ) ;
#2353 = VERTEX_POINT ( 'NONE', #3247 ) ;
#2354 = CARTESIAN_POINT ( 'NONE',  ( 35.89933669852248244, 2.690283369110756606, -109.0335419915582236 ) ) ;
#2355 = ORIENTED_EDGE ( 'NONE', *, *, #2342, .T. ) ;
#2356 = CARTESIAN_POINT ( 'NONE',  ( 30.84593336884933734, 22.44563286691402482, 0.000000000000000000 ) ) ;
#2357 = DIRECTION ( 'NONE',  ( 0.000000000000000000, 0.000000000000000000, 1.000000000000000000 ) ) ;
#2358 = EDGE_LOOP ( 'NONE', ( #1968, #2525 ) ) ;
#2359 = EDGE_LOOP ( 'NONE', ( #3082, #2032 ) ) ;
#2360 = VERTEX_POINT ( 'NONE', #4866 ) ;
#2361 = DIRECTION ( 'NONE',  ( 0.8262387743160017894, 0.5633200580636119614, 0.000000000000000000 ) ) ;
#2362 = FACE_OUTER_BOUND ( 'NONE', #2713, .T. ) ;
#2363 = DIRECTION ( 'NONE',  ( 1.000000000000000000, 0.000000000000000000, 0.000000000000000000 ) ) ;
#2364 = DIRECTION ( 'NONE',  ( 1.000000000000000000, 0.000000000000000000, 0.000000000000000000 ) ) ;
#2365 = AXIS2_PLACEMENT_3D ( 'NONE', #1934, #3602, #4131 ) ;
#2366 = EDGE_CURVE ( 'NONE', #21, #4920, #603, .T. ) ;
#2367 = DIRECTION ( 'NONE',  ( 0.000000000000000000, 0.000000000000000000, 1.000000000000000000 ) ) ;
#2368 = EDGE_LOOP ( 'NONE', ( #1837, #2333, #4210, #4222 ) ) ;
#2369 = CARTESIAN_POINT ( 'NONE',  ( 43.50000000000031974, -2.764965523687156853E-12, 4.000000000000001776 ) ) ;
#2370 = CYLINDRICAL_SURFACE ( 'NONE', #802, 2.250000000000002220 ) ;
#2371 = EDGE_CURVE ( 'NONE', #3405, #4285, #241, .T. ) ;
#2372 = CYLINDRICAL_SURFACE ( 'NONE', #2185, 2.099999999999997868 ) ;
#2373 = VERTEX_POINT ( 'NONE', #2016 ) ;
#2374 = CARTESIAN_POINT ( 'NONE',  ( 35.89933669852248244, 2.690283369110756606, 0.000000000000000000 ) ) ;
#2375 = FACE_OUTER_BOUND ( 'NONE', #4369, .T. ) ;
#2376 = CARTESIAN_POINT ( 'NONE',  ( -41.99999999998872369, 2.473715676742926917E-12, 4.000000000000001776 ) ) ;
#2377 = EDGE_CURVE ( 'NONE', #5036, #154, #3856, .T. ) ;
#2378 = ORIENTED_EDGE ( 'NONE', *, *, #2472, .F. ) ;
#2379 = DIRECTION ( 'NONE',  ( 0.000000000000000000, 0.000000000000000000, 1.000000000000000000 ) ) ;
#2380 = AXIS2_PLACEMENT_3D ( 'NONE', #3512, #4704, #547 ) ;
#2381 = ORIENTED_EDGE ( 'NONE', *, *, #687, .F. ) ;
#2382 = DIRECTION ( 'NONE',  ( 1.000000000000000000, 0.000000000000000000, 0.000000000000000000 ) ) ;
#2383 = DIRECTION ( 'NONE',  ( 0.000000000000000000, 0.000000000000000000, 1.000000000000000000 ) ) ;
#2384 = VERTEX_POINT ( 'NONE', #3596 ) ;
#2385 = CIRCLE ( 'NONE', #4574, 1.500000000011596279 ) ;
#2386 = ORIENTED_EDGE ( 'NONE', *, *, #3914, .F. ) ;
#2387 = ORIENTED_EDGE ( 'NONE', *, *, #4870, .T. ) ;
#2388 = DIRECTION ( 'NONE',  ( 0.000000000000000000, 0.000000000000000000, 1.000000000000000000 ) ) ;
#2389 = ORIENTED_EDGE ( 'NONE', *, *, #3289, .T. ) ;
#2390 = CIRCLE ( 'NONE', #95, 2.250000000000001776 ) ;
#2391 = FACE_OUTER_BOUND ( 'NONE', #4633, .T. ) ;
#2392 = APPLICATION_PROTOCOL_DEFINITION ( 'draft international standard', 'automotive_design', 1998, #1741 ) ;
#2393 = DIRECTION ( 'NONE',  ( 0.000000000000000000, 0.000000000000000000, 1.000000000000000000 ) ) ;
#2394 = VECTOR ( 'NONE', #486, 1000.000000000000000 ) ;
#2395 = DIRECTION ( 'NONE',  ( 0.000000000000000000, 0.000000000000000000, 1.000000000000000000 ) ) ;
#2396 = DIRECTION ( 'NONE',  ( 0.000000000000000000, 0.000000000000000000, 1.000000000000000000 ) ) ;
#2397 = DIRECTION ( 'NONE',  ( 1.000000000000000000, 1.598721155460225418E-14, 0.000000000000000000 ) ) ;
#2398 = CIRCLE ( 'NONE', #381, 2.250000000000000444 ) ;
#2399 = CARTESIAN_POINT ( 'NONE',  ( 18.44663023978732497, 31.72714662235741301, -109.0335419915582236 ) ) ;
#2400 = ADVANCED_FACE ( 'NONE', ( #5362 ), #3273, .F. ) ;
#2401 = CARTESIAN_POINT ( 'NONE',  ( -1.500000000008976153, 41.99999999998872369, 14.00001200000000345 ) ) ;
#2402 = AXIS2_PLACEMENT_3D ( 'NONE', #1526, #4522, #4966 ) ;
#2403 = ORIENTED_EDGE ( 'NONE', *, *, #4701, .F. ) ;
#2404 = ADVANCED_FACE ( 'NONE', ( #2362 ), #352, .F. ) ;
#2405 = DIRECTION ( 'NONE',  ( -1.000000000000000000, 0.000000000000000000, 0.000000000000000000 ) ) ;
#2406 = VECTOR ( 'NONE', #4103, 1000.000000000000000 ) ;
#2407 = CARTESIAN_POINT ( 'NONE',  ( -38.14933669852238296, 2.690283369112054679, -7.000000000000000000 ) ) ;
#2408 = AXIS2_PLACEMENT_3D ( 'NONE', #3471, #3934, #4732 ) ;
#2409 = EDGE_CURVE ( 'NONE', #2773, #2549, #5262, .T. ) ;
#2410 = CYLINDRICAL_SURFACE ( 'NONE', #1409, 2.250000000000001776 ) ;
#2411 = AXIS2_PLACEMENT_3D ( 'NONE', #4516, #4046, #3665 ) ;
#2412 = VERTEX_POINT ( 'NONE', #2148 ) ;
#2413 = FACE_OUTER_BOUND ( 'NONE', #800, .T. ) ;
#2414 = CIRCLE ( 'NONE', #3457, 2.250000000000001776 ) ;
#2415 = EDGE_CURVE ( 'NONE', #237, #1851, #520, .T. ) ;
#2416 = ORIENTED_EDGE ( 'NONE', *, *, #2992, .F. ) ;
#2417 = DIRECTION ( 'NONE',  ( 1.000000000000000000, 0.000000000000000000, 0.000000000000000000 ) ) ;
#2418 = CARTESIAN_POINT ( 'NONE',  ( -40.99999999999999289, 40.99999999999999289, -140.9360748630709281 ) ) ;
#2419 = CIRCLE ( 'NONE', #4872, 2.700000000000001066 ) ;
#2420 = CARTESIAN_POINT ( 'NONE',  ( 5.365521582341643558, -35.59790974410469033, 7.071067811865501263 ) ) ;
#2421 = ORIENTED_EDGE ( 'NONE', *, *, #4447, .T. ) ;
#2422 = ORIENTED_EDGE ( 'NONE', *, *, #4749, .F. ) ;
#2423 = CARTESIAN_POINT ( 'NONE',  ( -28.14593336884852093, 22.44563286691502313, -7.000000000000000000 ) ) ;
#2424 = EDGE_CURVE ( 'NONE', #5437, #4913, #5006, .T. ) ;
#2425 = DIRECTION ( 'NONE',  ( 1.000000000000000000, 0.000000000000000000, 0.000000000000000000 ) ) ;
#2426 = CARTESIAN_POINT ( 'NONE',  ( 2.631216917918023146, 36.60555555555554008, -109.0335419915582236 ) ) ;
#2427 = DIRECTION ( 'NONE',  ( 0.000000000000000000, 0.000000000000000000, -1.000000000000000000 ) ) ;
#2428 = CARTESIAN_POINT ( 'NONE',  ( 33.42691453623947950, -18.00000000000046541, -7.000000000000000000 ) ) ;
#2429 = CARTESIAN_POINT ( 'NONE',  ( -36.69983008444881989, 0.1116770906951975728, -109.0335419915582236 ) ) ;
#2430 = DIRECTION ( 'NONE',  ( 0.000000000000000000, 0.000000000000000000, 1.000000000000000000 ) ) ;
#2431 = CYLINDRICAL_SURFACE ( 'NONE', #892, 36.70000000000000995 ) ;
#2432 = DIRECTION ( 'NONE',  ( 0.7071067811865463515, 0.7071067811865487940, 0.000000000000000000 ) ) ;
#2433 = EDGE_LOOP ( 'NONE', ( #3885, #4303 ) ) ;
#2434 = CARTESIAN_POINT ( 'NONE',  ( 0.000000000000000000, 0.000000000000000000, -7.000000000000000000 ) ) ;
#2435 = AXIS2_PLACEMENT_3D ( 'NONE', #1576, #2367, #5249 ) ;
#2436 = DIRECTION ( 'NONE',  ( 0.000000000000000000, -0.000000000000000000, -1.000000000000000000 ) ) ;
#2437 = EDGE_LOOP ( 'NONE', ( #1897, #1372, #3304, #3162 ) ) ;
#2438 = EDGE_CURVE ( 'NONE', #377, #2303, #1666, .T. ) ;
#2439 = ORIENTED_EDGE ( 'NONE', *, *, #891, .F. ) ;
#2440 = CARTESIAN_POINT ( 'NONE',  ( 28.14593336884932384, 22.44563286691402482, 14.00000000000000178 ) ) ;
#2441 = CARTESIAN_POINT ( 'NONE',  ( -35.89933669852238296, 2.690283369112054679, -7.000000000000000000 ) ) ;
#2442 = CYLINDRICAL_SURFACE ( 'NONE', #3690, 36.69999999999997442 ) ;
#2443 = EDGE_CURVE ( 'NONE', #3502, #3472, #383, .T. ) ;
#2444 = ORIENTED_EDGE ( 'NONE', *, *, #3739, .F. ) ;
#2445 = ORIENTED_EDGE ( 'NONE', *, *, #4587, .T. ) ;
#2446 = FACE_OUTER_BOUND ( 'NONE', #4527, .T. ) ;
#2447 = CARTESIAN_POINT ( 'NONE',  ( 2.631216917918023146, 36.60555555555554008, 0.000000000000000000 ) ) ;
#2448 = DIRECTION ( 'NONE',  ( -0.000000000000000000, -0.000000000000000000, -1.000000000000000000 ) ) ;
#2449 = ORIENTED_EDGE ( 'NONE', *, *, #763, .T. ) ;
#2450 = EDGE_CURVE ( 'NONE', #3892, #1524, #876, .T. ) ;
#2451 = ORIENTED_EDGE ( 'NONE', *, *, #3977, .F. ) ;
#2452 = DIRECTION ( 'NONE',  ( 1.000000000000000000, 0.000000000000000000, 0.000000000000000000 ) ) ;
#2453 = DIRECTION ( 'NONE',  ( -0.000000000000000000, -0.000000000000000000, 1.000000000000000000 ) ) ;
#2454 = FACE_BOUND ( 'NONE', #387, .T. ) ;
#2455 = AXIS2_PLACEMENT_3D ( 'NONE', #1632, #3306, #2479 ) ;
#2456 = DIRECTION ( 'NONE',  ( -0.000000000000000000, -0.000000000000000000, 1.000000000000000000 ) ) ;
#2457 = ORIENTED_EDGE ( 'NONE', *, *, #2424, .T. ) ;
#2458 = AXIS2_PLACEMENT_3D ( 'NONE', #3568, #4070, #3630 ) ;
#2459 = CARTESIAN_POINT ( 'NONE',  ( -41.99999999999996447, 47.00000000000000000, -140.9360748630709281 ) ) ;
#2460 = DIRECTION ( 'NONE',  ( -0.000000000000000000, -0.000000000000000000, -1.000000000000000000 ) ) ;
#2461 = AXIS2_PLACEMENT_3D ( 'NONE', #4974, #1668, #1205 ) ;
#2462 = ORIENTED_EDGE ( 'NONE', *, *, #1293, .T. ) ;
#2463 = ORIENTED_EDGE ( 'NONE', *, *, #2681, .F. ) ;
#2464 = DIRECTION ( 'NONE',  ( -1.000000000000000000, 0.000000000000000000, 0.000000000000000000 ) ) ;
#2465 = CARTESIAN_POINT ( 'NONE',  ( 15.95769335655780630, 16.99999999999999645, 0.000000000000000000 ) ) ;
#2466 = VECTOR ( 'NONE', #2179, 1000.000000000000000 ) ;
#2467 = VERTEX_POINT ( 'NONE', #3379 ) ;
#2468 = ORIENTED_EDGE ( 'NONE', *, *, #1168, .T. ) ;
#2469 = DIRECTION ( 'NONE',  ( 0.000000000000000000, 0.000000000000000000, 1.000000000000000000 ) ) ;
#2470 = AXIS2_PLACEMENT_3D ( 'NONE', #3582, #1974, #1119 ) ;
#2471 = CARTESIAN_POINT ( 'NONE',  ( 35.10227700601684120, -10.71074922649490979, 0.000000000000000000 ) ) ;
#2472 = EDGE_CURVE ( 'NONE', #2612, #1410, #3033, .T. ) ;
#2473 = CIRCLE ( 'NONE', #2563, 36.70000000000003837 ) ;
#2474 = DIRECTION ( 'NONE',  ( -4.625929269235723102E-15, 1.000000000000000000, 0.000000000000000000 ) ) ;
#2475 = EDGE_LOOP ( 'NONE', ( #2110, #46 ) ) ;
#2476 = EDGE_LOOP ( 'NONE', ( #1581, #5241, #5240, #1539 ) ) ;
#2477 = DIRECTION ( 'NONE',  ( 1.000000000000000000, 0.000000000000000000, 0.000000000000000000 ) ) ;
#2478 = AXIS2_PLACEMENT_3D ( 'NONE', #2991, #3042, #924 ) ;
#2479 = DIRECTION ( 'NONE',  ( 1.000000000000000000, 0.000000000000000000, 0.000000000000000000 ) ) ;
#2480 = EDGE_CURVE ( 'NONE', #3292, #3704, #5129, .T. ) ;
#2481 = AXIS2_PLACEMENT_3D ( 'NONE', #4469, #172, #648 ) ;
#2482 = FACE_OUTER_BOUND ( 'NONE', #3390, .T. ) ;
#2483 = AXIS2_PLACEMENT_3D ( 'NONE', #1125, #2737, #1864 ) ;
#2484 = EDGE_CURVE ( 'NONE', #72, #4854, #1625, .T. ) ;
#2485 = CIRCLE ( 'NONE', #104, 2.700000000000014833 ) ;
#2486 = ORIENTED_EDGE ( 'NONE', *, *, #2443, .T. ) ;
#2487 = PLANE ( 'NONE',  #642 ) ;
#2488 = EDGE_CURVE ( 'NONE', #2322, #886, #4779, .T. ) ;
#2489 = LINE ( 'NONE', #422, #5203 ) ;
#2490 = ORIENTED_EDGE ( 'NONE', *, *, #1977, .F. ) ;
#2491 = AXIS2_PLACEMENT_3D ( 'NONE', #3386, #3825, #1737 ) ;
#2492 = ORIENTED_EDGE ( 'NONE', *, *, #469, .T. ) ;
#2493 = AXIS2_PLACEMENT_3D ( 'NONE', #1692, #4402, #4374 ) ;
#2494 = CARTESIAN_POINT ( 'NONE',  ( -35.10227700601689094, -10.71074922649465222, 0.000000000000000000 ) ) ;
#2495 = CYLINDRICAL_SURFACE ( 'NONE', #2284, 2.700000000000028599 ) ;
#2496 = VECTOR ( 'NONE', #3880, 1000.000000000000000 ) ;
#2497 = VERTEX_POINT ( 'NONE', #2447 ) ;
#2498 = VERTEX_POINT ( 'NONE', #4123 ) ;
#2499 = CARTESIAN_POINT ( 'NONE',  ( -15.95769335655780630, 16.99999999999999645, -150.8011557844372987 ) ) ;
#2500 = EDGE_LOOP ( 'NONE', ( #3626, #4128, #4614, #5394 ) ) ;
#2501 = EDGE_CURVE ( 'NONE', #212, #1673, #3299, .T. ) ;
#2502 = DIRECTION ( 'NONE',  ( -0.000000000000000000, -0.000000000000000000, -1.000000000000000000 ) ) ;
#2503 = AXIS2_PLACEMENT_3D ( 'NONE', #3653, #4823, #2417 ) ;
#2504 =( NAMED_UNIT ( * ) SI_UNIT ( $, .STERADIAN. ) SOLID_ANGLE_UNIT ( ) );
#2505 = CARTESIAN_POINT ( 'NONE',  ( -32.84740483854577775, -8.010753622426568299, 0.000000000000000000 ) ) ;
#2506 = ORIENTED_EDGE ( 'NONE', *, *, #5019, .F. ) ;
#2507 = VERTEX_POINT ( 'NONE', #2471 ) ;
#2508 = FACE_OUTER_BOUND ( 'NONE', #2662, .T. ) ;
#2509 = CIRCLE ( 'NONE', #2951, 36.70000000000003837 ) ;
#2510 = EDGE_CURVE ( 'NONE', #1290, #3756, #4151, .T. ) ;
#2511 = DIRECTION ( 'NONE',  ( 1.000000000000000000, 2.569960705150798182E-15, 0.000000000000000000 ) ) ;
#2512 = CARTESIAN_POINT ( 'NONE',  ( -12.86118627879168841, 34.40062100830128600, 0.000000000000000000 ) ) ;
#2513 = ADVANCED_FACE ( 'NONE', ( #1650 ), #3323, .F. ) ;
#2514 = ORIENTED_EDGE ( 'NONE', *, *, #2877, .T. ) ;
#2515 = DIRECTION ( 'NONE',  ( -0.000000000000000000, 0.000000000000000000, -1.000000000000000000 ) ) ;
#2516 = DIRECTION ( 'NONE',  ( -0.000000000000000000, -0.000000000000000000, -1.000000000000000000 ) ) ;
#2517 = ADVANCED_FACE ( 'NONE', ( #2913 ), #2121, .F. ) ;
#2518 = ORIENTED_EDGE ( 'NONE', *, *, #2577, .F. ) ;
#2519 = CIRCLE ( 'NONE', #3833, 2.250000000000000444 ) ;
#2520 = DIRECTION ( 'NONE',  ( 0.000000000000000000, 0.000000000000000000, 1.000000000000000000 ) ) ;
#2521 = ORIENTED_EDGE ( 'NONE', *, *, #283, .T. ) ;
#2522 = CARTESIAN_POINT ( 'NONE',  ( 22.52952209029116304, 29.74459587537523930, 0.000000000000000000 ) ) ;
#2523 = DIRECTION ( 'NONE',  ( 1.000000000000000000, 0.000000000000000000, 0.000000000000000000 ) ) ;
#2524 = VERTEX_POINT ( 'NONE', #2096 ) ;
#2525 = ORIENTED_EDGE ( 'NONE', *, *, #409, .F. ) ;
#2526 = CARTESIAN_POINT ( 'NONE',  ( 0.000000000000000000, 0.000000000000000000, 4.000000000000001776 ) ) ;
#2527 = VERTEX_POINT ( 'NONE', #1675 ) ;
#2528 = ADVANCED_FACE ( 'NONE', ( #3764 ), #5439, .F. ) ;
#2529 = CARTESIAN_POINT ( 'NONE',  ( -40.99999999999999289, 40.99999999999999289, -8.000000000000007105 ) ) ;
#2530 = DIRECTION ( 'NONE',  ( -0.000000000000000000, -0.000000000000000000, 1.000000000000000000 ) ) ;
#2531 = EDGE_LOOP ( 'NONE', ( #1239, #787, #563, #5408 ) ) ;
#2532 = ORIENTED_EDGE ( 'NONE', *, *, #4498, .F. ) ;
#2533 = DIRECTION ( 'NONE',  ( -0.000000000000000000, -0.000000000000000000, -1.000000000000000000 ) ) ;
#2534 = DIRECTION ( 'NONE',  ( 1.000000000000000000, 1.065814103640150279E-14, 0.000000000000000000 ) ) ;
#2535 = LINE ( 'NONE', #4213, #2043 ) ;
#2536 = EDGE_CURVE ( 'NONE', #91, #2196, #3731, .T. ) ;
#2537 = VERTEX_POINT ( 'NONE', #94 ) ;
#2538 = FACE_OUTER_BOUND ( 'NONE', #682, .T. ) ;
#2539 = CARTESIAN_POINT ( 'NONE',  ( -15.61981460823269252, -32.43487924448676551, 7.071067811865501263 ) ) ;
#2540 = EDGE_CURVE ( 'NONE', #44, #3327, #754, .T. ) ;
#2541 = CARTESIAN_POINT ( 'NONE',  ( 0.000000000000000000, 0.000000000000000000, 4.000000000000001776 ) ) ;
#2542 = AXIS2_PLACEMENT_3D ( 'NONE', #77, #2667, #1456 ) ;
#2543 = ORIENTED_EDGE ( 'NONE', *, *, #1662, .F. ) ;
#2544 = DIRECTION ( 'NONE',  ( 1.000000000000000000, 0.000000000000000000, 0.000000000000000000 ) ) ;
#2545 = CIRCLE ( 'NONE', #4650, 30.00000000000000000 ) ;
#2546 = ADVANCED_FACE ( 'NONE', ( #3947 ), #2685, .F. ) ;
#2547 = CARTESIAN_POINT ( 'NONE',  ( 18.31981460823200436, -32.43487924448709236, 0.000000000000000000 ) ) ;
#2548 = CARTESIAN_POINT ( 'NONE',  ( -29.69848480982522787, 29.69848480982882677, 14.00001200000000345 ) ) ;
#2549 = VERTEX_POINT ( 'NONE', #1812 ) ;
#2550 = CARTESIAN_POINT ( 'NONE',  ( -12.86118627879168841, 34.40062100830128600, 7.071067811865501263 ) ) ;
#2551 = ORIENTED_EDGE ( 'NONE', *, *, #517, .F. ) ;
#2552 = DIRECTION ( 'NONE',  ( -0.000000000000000000, -0.000000000000000000, -1.000000000000000000 ) ) ;
#2553 = CARTESIAN_POINT ( 'NONE',  ( 13.36981460823152013, -32.43487924448731263, 7.071067811865497710 ) ) ;
#2554 = FACE_OUTER_BOUND ( 'NONE', #4709, .T. ) ;
#2555 = ORIENTED_EDGE ( 'NONE', *, *, #3984, .T. ) ;
#2556 = CIRCLE ( 'NONE', #174, 1.500000000011596279 ) ;
#2557 = ORIENTED_EDGE ( 'NONE', *, *, #760, .T. ) ;
#2558 = FACE_OUTER_BOUND ( 'NONE', #4120, .T. ) ;
#2559 = VECTOR ( 'NONE', #2615, 1000.000000000000000 ) ;
#2560 = CYLINDRICAL_SURFACE ( 'NONE', #1041, 2.250000000000001776 ) ;
#2561 = FACE_BOUND ( 'NONE', #3850, .T. ) ;
#2562 = EDGE_CURVE ( 'NONE', #2068, #5110, #1784, .T. ) ;
#2563 = AXIS2_PLACEMENT_3D ( 'NONE', #4698, #4362, #2632 ) ;
#2564 = EDGE_LOOP ( 'NONE', ( #3262, #1637 ) ) ;
#2565 = CIRCLE ( 'NONE', #4495, 2.249999999999999556 ) ;
#2566 = DIRECTION ( 'NONE',  ( -0.000000000000000000, -0.000000000000000000, 1.000000000000000000 ) ) ;
#2568 = EDGE_CURVE ( 'NONE', #3310, #4538, #1983, .T. ) ;
#2567 = DIRECTION ( 'NONE',  ( -1.000000000000000000, 0.000000000000000000, 0.000000000000000000 ) ) ;
#2569 = DIRECTION ( 'NONE',  ( 1.000000000000000000, 0.000000000000000000, 0.000000000000000000 ) ) ;
#2570 = AXIS2_PLACEMENT_3D ( 'NONE', #3558, #3650, #1918 ) ;
#2571 = EDGE_CURVE ( 'NONE', #5020, #4618, #306, .T. ) ;
#2572 = DIRECTION ( 'NONE',  ( 1.000000000000000000, 0.000000000000000000, 0.000000000000000000 ) ) ;
#2573 = VECTOR ( 'NONE', #284, 1000.000000000000000 ) ;
#2574 = DIRECTION ( 'NONE',  ( -0.000000000000000000, -0.000000000000000000, -1.000000000000000000 ) ) ;
#2575 = LINE ( 'NONE', #4252, #3500 ) ;
#2576 = ORIENTED_EDGE ( 'NONE', *, *, #4378, .F. ) ;
#2577 = EDGE_CURVE ( 'NONE', #846, #2790, #4432, .T. ) ;
#2578 = CARTESIAN_POINT ( 'NONE',  ( -41.99999999999996447, 47.00000000000000000, -8.000000000000088818 ) ) ;
#2579 = AXIS2_PLACEMENT_3D ( 'NONE', #2541, #4220, #4169 ) ;
#2580 = ORIENTED_EDGE ( 'NONE', *, *, #548, .T. ) ;
#2581 = FACE_OUTER_BOUND ( 'NONE', #4475, .T. ) ;
#2582 = CIRCLE ( 'NONE', #3287, 2.250000000000001776 ) ;
#2583 = CARTESIAN_POINT ( 'NONE',  ( 15.95769335655780630, -47.00000000000000000, 14.00000000000001243 ) ) ;
#2584 = DIRECTION ( 'NONE',  ( 0.000000000000000000, 0.000000000000000000, -1.000000000000000000 ) ) ;
#2585 = CIRCLE ( 'NONE', #2939, 2.099999999999990763 ) ;
#2586 = EDGE_LOOP ( 'NONE', ( #3557, #1374, #1952, #1670 ) ) ;
#2587 = EDGE_LOOP ( 'NONE', ( #2180, #2793 ) ) ;
#2588 = EDGE_CURVE ( 'NONE', #201, #3355, #1446, .T. ) ;
#2589 = FACE_OUTER_BOUND ( 'NONE', #745, .T. ) ;
#2590 = AXIS2_PLACEMENT_3D ( 'NONE', #1411, #530, #4408 ) ;
#2591 = AXIS2_PLACEMENT_3D ( 'NONE', #47, #1294, #3710 ) ;
#2592 = DIRECTION ( 'NONE',  ( 1.000000000000000000, 0.000000000000000000, 0.000000000000000000 ) ) ;
#2593 = CARTESIAN_POINT ( 'NONE',  ( -13.36981460823269074, -32.43487924448676551, 7.071067811865501263 ) ) ;
#2594 = AXIS2_PLACEMENT_3D ( 'NONE', #1359, #4528, #1770 ) ;
#2595 = VERTEX_POINT ( 'NONE', #70 ) ;
#2596 = DIRECTION ( 'NONE',  ( -0.000000000000000000, -0.000000000000000000, -1.000000000000000000 ) ) ;
#2597 = CYLINDRICAL_SURFACE ( 'NONE', #1281, 2.700000000000010392 ) ;
#2598 = DIRECTION ( 'NONE',  ( 0.8262387743159949061, -0.5633200580636221755, 0.000000000000000000 ) ) ;
#2599 = DIRECTION ( 'NONE',  ( 0.000000000000000000, 0.000000000000000000, -1.000000000000000000 ) ) ;
#2600 = DIRECTION ( 'NONE',  ( -0.000000000000000000, -0.000000000000000000, -1.000000000000000000 ) ) ;
#2601 = PLANE ( 'NONE',  #2901 ) ;
#2602 = ADVANCED_FACE ( 'NONE', ( #2581 ), #3481, .F. ) ;
#2603 = ORIENTED_EDGE ( 'NONE', *, *, #4378, .T. ) ;
#2604 = LINE ( 'NONE', #508, #2831 ) ;
#2605 = ORIENTED_EDGE ( 'NONE', *, *, #2982, .F. ) ;
#2606 = DIRECTION ( 'NONE',  ( -0.000000000000000000, -0.000000000000000000, -1.000000000000000000 ) ) ;
#2607 = CIRCLE ( 'NONE', #1910, 2.250000000000001776 ) ;
#2608 = FACE_OUTER_BOUND ( 'NONE', #499, .T. ) ;
#2609 = EDGE_CURVE ( 'NONE', #72, #5302, #591, .T. ) ;
#2610 = ORIENTED_EDGE ( 'NONE', *, *, #4313, .T. ) ;
#2611 = ORIENTED_EDGE ( 'NONE', *, *, #1015, .T. ) ;
#2612 = VERTEX_POINT ( 'NONE', #1834 ) ;
#2613 = DIRECTION ( 'NONE',  ( 0.000000000000000000, -0.000000000000000000, -1.000000000000000000 ) ) ;
#2614 = LINE ( 'NONE', #4287, #4812 ) ;
#2615 = DIRECTION ( 'NONE',  ( 3.304235192336778470E-16, -1.000000000000000000, -0.000000000000000000 ) ) ;
#2616 = EDGE_CURVE ( 'NONE', #5302, #100, #2762, .T. ) ;
#2617 = ORIENTED_EDGE ( 'NONE', *, *, #2330, .F. ) ;
#2618 = CARTESIAN_POINT ( 'NONE',  ( 41.99999999999999289, 42.00000000000000000, -8.000000000000062172 ) ) ;
#2619 = LINE ( 'NONE', #2007, #3995 ) ;
#2620 = CARTESIAN_POINT ( 'NONE',  ( -2.249999999999099831, 35.99999999999995737, 7.071067811865499486 ) ) ;
#2621 = ORIENTED_EDGE ( 'NONE', *, *, #2749, .T. ) ;
#2622 = DIRECTION ( 'NONE',  ( 0.000000000000000000, 0.000000000000000000, 1.000000000000000000 ) ) ;
#2623 = DIRECTION ( 'NONE',  ( 0.000000000000000000, 0.000000000000000000, -1.000000000000000000 ) ) ;
#2624 = CIRCLE ( 'NONE', #253, 53.31625993297229371 ) ;
#2625 = DIRECTION ( 'NONE',  ( 1.000000000000000000, 0.000000000000000000, 0.000000000000000000 ) ) ;
#2626 = EDGE_LOOP ( 'NONE', ( #5442, #4091 ) ) ;
#2627 = DIRECTION ( 'NONE',  ( -1.000000000000000000, 0.000000000000000000, 0.000000000000000000 ) ) ;
#2628 = ORIENTED_EDGE ( 'NONE', *, *, #4578, .T. ) ;
#2629 = AXIS2_PLACEMENT_3D ( 'NONE', #2745, #4426, #4509 ) ;
#2630 = CARTESIAN_POINT ( 'NONE',  ( 20.27952209029071184, 29.74459587537554839, 0.000000000000000000 ) ) ;
#2631 = ADVANCED_FACE ( 'NONE', ( #3503 ), #2657, .F. ) ;
#2632 = DIRECTION ( 'NONE',  ( 1.000000000000000000, 0.000000000000000000, 0.000000000000000000 ) ) ;
#2633 = VECTOR ( 'NONE', #1340, 1000.000000000000000 ) ;
#2634 = ORIENTED_EDGE ( 'NONE', *, *, #4437, .T. ) ;
#2635 = VERTEX_POINT ( 'NONE', #2193 ) ;
#2636 = ORIENTED_EDGE ( 'NONE', *, *, #3025, .T. ) ;
#2637 = LINE ( 'NONE', #4366, #5233 ) ;
#2638 = EDGE_CURVE ( 'NONE', #4525, #4854, #3097, .T. ) ;
#2639 = FACE_OUTER_BOUND ( 'NONE', #1945, .T. ) ;
#2640 = CARTESIAN_POINT ( 'NONE',  ( 15.95769335655780630, 47.00000000000000000, 14.00000000000000178 ) ) ;
#2641 = VECTOR ( 'NONE', #3120, 1000.000000000000000 ) ;
#2642 = ORIENTED_EDGE ( 'NONE', *, *, #3109, .T. ) ;
#2643 = AXIS2_PLACEMENT_3D ( 'NONE', #1378, #4344, #3955 ) ;
#2644 = EDGE_CURVE ( 'NONE', #2196, #4398, #1319, .T. ) ;
#2645 = DIRECTION ( 'NONE',  ( -0.000000000000000000, -0.000000000000000000, -1.000000000000000000 ) ) ;
#2646 = DIRECTION ( 'NONE',  ( -0.000000000000000000, -0.000000000000000000, -1.000000000000000000 ) ) ;
#2647 = DIRECTION ( 'NONE',  ( -0.000000000000000000, -0.000000000000000000, -1.000000000000000000 ) ) ;
#2648 = CIRCLE ( 'NONE', #1506, 30.00000000000000000 ) ;
#2649 = ORIENTED_EDGE ( 'NONE', *, *, #2266, .T. ) ;
#2650 = EDGE_CURVE ( 'NONE', #2890, #3031, #2221, .T. ) ;
#2651 = DIRECTION ( 'NONE',  ( -0.2225209339563184452, -0.9749279121818226201, 0.000000000000000000 ) ) ;
#2652 = CIRCLE ( 'NONE', #1861, 4.999999999999997335 ) ;
#2653 = DIRECTION ( 'NONE',  ( 0.000000000000000000, 0.000000000000000000, 1.000000000000000000 ) ) ;
#2654 = VERTEX_POINT ( 'NONE', #4258 ) ;
#2655 = CARTESIAN_POINT ( 'NONE',  ( 25.89593336884963648, 22.44563286691362336, 7.071067811865501263 ) ) ;
#2656 = ORIENTED_EDGE ( 'NONE', *, *, #2650, .T. ) ;
#2657 = PLANE ( 'NONE',  #3645 ) ;
#2658 = UNCERTAINTY_MEASURE_WITH_UNIT (LENGTH_MEASURE( 1.000000000000000082E-05 ), #4153, 'distance_accuracy_value', 'NONE');
#2659 = FACE_OUTER_BOUND ( 'NONE', #2259, .T. ) ;
#2660 = VERTEX_POINT ( 'NONE', #3840 ) ;
#2661 = VECTOR ( 'NONE', #2265, 1000.000000000000000 ) ;
#2662 = EDGE_LOOP ( 'NONE', ( #3316, #1305, #1780, #2056 ) ) ;
#2663 = ORIENTED_EDGE ( 'NONE', *, *, #2415, .F. ) ;
#2664 = DIRECTION ( 'NONE',  ( 0.000000000000000000, 0.000000000000000000, 1.000000000000000000 ) ) ;
#2665 = EDGE_CURVE ( 'NONE', #2068, #565, #3820, .T. ) ;
#2666 = AXIS2_PLACEMENT_3D ( 'NONE', #693, #4514, #2314 ) ;
#2667 = DIRECTION ( 'NONE',  ( -0.000000000000000000, -0.000000000000000000, 1.000000000000000000 ) ) ;
#2668 = DIRECTION ( 'NONE',  ( -1.000000000000000000, 0.000000000000000000, 0.000000000000000000 ) ) ;
#2669 = AXIS2_PLACEMENT_3D ( 'NONE', #3960, #1405, #5118 ) ;
#2670 = EDGE_CURVE ( 'NONE', #2660, #4023, #5105, .T. ) ;
#2671 = AXIS2_PLACEMENT_3D ( 'NONE', #401, #1285, #4711 ) ;
#2672 = ORIENTED_EDGE ( 'NONE', *, *, #2204, .T. ) ;
#2673 = CARTESIAN_POINT ( 'NONE',  ( 1.500000000008681278, -41.99999999998873079, 14.00001200000000345 ) ) ;
#2674 = LINE ( 'NONE', #139, #4170 ) ;
#2675 = LINE ( 'NONE', #2620, #1178 ) ;
#2676 = EDGE_CURVE ( 'NONE', #2790, #846, #1003, .T. ) ;
#2677 = ORIENTED_EDGE ( 'NONE', *, *, #2081, .T. ) ;
#2678 = CYLINDRICAL_SURFACE ( 'NONE', #550, 2.700000000000025491 ) ;
#2679 = DIRECTION ( 'NONE',  ( -0.000000000000000000, 1.000000000000000000, 0.000000000000000000 ) ) ;
#2680 = DIRECTION ( 'NONE',  ( -0.000000000000000000, -0.000000000000000000, 1.000000000000000000 ) ) ;
#2681 = EDGE_CURVE ( 'NONE', #2507, #4920, #263, .T. ) ;
#2682 = ORIENTED_EDGE ( 'NONE', *, *, #1162, .F. ) ;
#2683 = DIRECTION ( 'NONE',  ( -0.000000000000000000, -0.000000000000000000, 1.000000000000000000 ) ) ;
#2684 = ORIENTED_EDGE ( 'NONE', *, *, #857, .F. ) ;
#2685 = CYLINDRICAL_SURFACE ( 'NONE', #921, 36.70000000000003837 ) ;
#2686 = LINE ( 'NONE', #3504, #979 ) ;
#2687 = ORIENTED_EDGE ( 'NONE', *, *, #4152, .F. ) ;
#2688 = ORIENTED_EDGE ( 'NONE', *, *, #698, .F. ) ;
#2689 = ORIENTED_EDGE ( 'NONE', *, *, #2111, .F. ) ;
#2690 = CARTESIAN_POINT ( 'NONE',  ( 0.000000000000000000, 0.000000000000000000, -7.000000000000000000 ) ) ;
#2691 = AXIS2_PLACEMENT_3D ( 'NONE', #658, #2335, #351 ) ;
#2692 = CYLINDRICAL_SURFACE ( 'NONE', #2895, 1.500000000011596279 ) ;
#2693 = FACE_OUTER_BOUND ( 'NONE', #1948, .T. ) ;
#2694 = VERTEX_POINT ( 'NONE', #2824 ) ;
#2695 = DIRECTION ( 'NONE',  ( 1.000000000000000000, 0.000000000000000000, 0.000000000000000000 ) ) ;
#2696 = DIRECTION ( 'NONE',  ( -0.000000000000000000, -0.000000000000000000, -1.000000000000000000 ) ) ;
#2697 = DIRECTION ( 'NONE',  ( -1.000000000000000000, 0.000000000000000000, 0.000000000000000000 ) ) ;
#2698 = ADVANCED_FACE ( 'NONE', ( #4502 ), #1450, .F. ) ;
#2699 = ORIENTED_EDGE ( 'NONE', *, *, #2409, .T. ) ;
#2700 = EDGE_CURVE ( 'NONE', #2153, #3340, #1192, .T. ) ;
#2701 = CARTESIAN_POINT ( 'NONE',  ( 10.61118627879293008, 34.40062100830090941, 14.00000000000000178 ) ) ;
#2702 = CARTESIAN_POINT ( 'NONE',  ( 36.48975133124805126, 38.87314781470556824, -150.8011557844372987 ) ) ;
#2703 = DIRECTION ( 'NONE',  ( 1.000000000000000000, 0.000000000000000000, 0.000000000000000000 ) ) ;
#2704 = ORIENTED_EDGE ( 'NONE', *, *, #3105, .F. ) ;
#2705 = DIRECTION ( 'NONE',  ( 0.000000000000000000, 0.000000000000000000, 1.000000000000000000 ) ) ;
#2706 = EDGE_CURVE ( 'NONE', #2507, #4028, #3205, .T. ) ;
#2707 = ORIENTED_EDGE ( 'NONE', *, *, #3187, .F. ) ;
#2708 = CYLINDRICAL_SURFACE ( 'NONE', #1545, 2.250000000000002220 ) ;
#2709 = CIRCLE ( 'NONE', #2984, 2.250000000000001776 ) ;
#2710 = DIRECTION ( 'NONE',  ( 0.000000000000000000, 0.000000000000000000, 1.000000000000000000 ) ) ;
#2711 = EDGE_CURVE ( 'NONE', #4236, #5102, #2419, .T. ) ;
#2712 = VERTEX_POINT ( 'NONE', #4471 ) ;
#2713 = EDGE_LOOP ( 'NONE', ( #3375, #3221, #3902, #3776 ) ) ;
#2714 = ORIENTED_EDGE ( 'NONE', *, *, #4050, .F. ) ;
#2715 = AXIS2_PLACEMENT_3D ( 'NONE', #795, #5032, #5415 ) ;
#2716 = CARTESIAN_POINT ( 'NONE',  ( -30.39593336884852448, 22.44563286691502313, 7.071067811865501263 ) ) ;
#2717 = DIRECTION ( 'NONE',  ( 1.000000000000000000, 0.000000000000000000, 0.000000000000000000 ) ) ;
#2718 = DIRECTION ( 'NONE',  ( 0.000000000000000000, 0.000000000000000000, 1.000000000000000000 ) ) ;
#2719 = LINE ( 'NONE', #1992, #529 ) ;
#2720 = VERTEX_POINT ( 'NONE', #235 ) ;
#2721 = DIRECTION ( 'NONE',  ( -1.000000000000000000, 0.000000000000000000, 0.000000000000000000 ) ) ;
#2722 = CARTESIAN_POINT ( 'NONE',  ( 22.97952209029072890, 29.74459587537554839, 14.00000000000000178 ) ) ;
#2723 = CARTESIAN_POINT ( 'NONE',  ( 35.76145495119168771, 13.15227687718926575, 0.000000000000000000 ) ) ;
#2724 = DIRECTION ( 'NONE',  ( 0.000000000000000000, 0.000000000000000000, 1.000000000000000000 ) ) ;
#2725 = ORIENTED_EDGE ( 'NONE', *, *, #589, .F. ) ;
#2726 = EDGE_CURVE ( 'NONE', #1473, #4388, #1718, .T. ) ;
#2727 = LINE ( 'NONE', #196, #479 ) ;
#2728 = CARTESIAN_POINT ( 'NONE',  ( 20.27952209029071184, 29.74459587537554839, -109.0335419915582236 ) ) ;
#2729 = LINE ( 'NONE', #199, #3956 ) ;
#2730 = AXIS2_PLACEMENT_3D ( 'NONE', #4668, #153, #932 ) ;
#2731 = VERTEX_POINT ( 'NONE', #1563 ) ;
#2732 = DIRECTION ( 'NONE',  ( -1.000000000000000000, 0.000000000000000000, 0.000000000000000000 ) ) ;
#2733 = ORIENTED_EDGE ( 'NONE', *, *, #3134, .F. ) ;
#2734 = AXIS2_PLACEMENT_3D ( 'NONE', #3237, #4060, #4885 ) ;
#2735 = CARTESIAN_POINT ( 'NONE',  ( 35.10227700601684120, -10.71074922649490979, -109.0335419915582236 ) ) ;
#2736 = AXIS2_PLACEMENT_3D ( 'NONE', #3266, #2114, #789 ) ;
#2737 = DIRECTION ( 'NONE',  ( 0.000000000000000000, 0.000000000000000000, 1.000000000000000000 ) ) ;
#2738 = EDGE_LOOP ( 'NONE', ( #3767, #2444, #2451, #1248 ) ) ;
#2739 = EDGE_CURVE ( 'NONE', #1201, #2322, #123, .T. ) ;
#2740 = AXIS2_PLACEMENT_3D ( 'NONE', #1517, #4483, #1550 ) ;
#2741 = EDGE_LOOP ( 'NONE', ( #1383, #4006 ) ) ;
#2742 = ORIENTED_EDGE ( 'NONE', *, *, #698, .T. ) ;
#2743 = CYLINDRICAL_SURFACE ( 'NONE', #2691, 53.31625993297229371 ) ;
#2744 = ORIENTED_EDGE ( 'NONE', *, *, #1743, .F. ) ;
#2745 = CARTESIAN_POINT ( 'NONE',  ( 0.000000000000000000, 0.000000000000000000, -150.8011557844372987 ) ) ;
#2746 = DIRECTION ( 'NONE',  ( 0.000000000000000000, 0.000000000000000000, 1.000000000000000000 ) ) ;
#2747 = VECTOR ( 'NONE', #4546, 1000.000000000000000 ) ;
#2748 = CARTESIAN_POINT ( 'NONE',  ( -35.09740483854577775, -8.010753622426568299, -7.000000000000000000 ) ) ;
#2749 = EDGE_CURVE ( 'NONE', #5434, #3792, #835, .T. ) ;
#2750 = CARTESIAN_POINT ( 'NONE',  ( 20.27952209029115949, 29.74459587537523930, 0.000000000000000000 ) ) ;
#2751 = ORIENTED_EDGE ( 'NONE', *, *, #4288, .T. ) ;
#2752 = AXIS2_PLACEMENT_3D ( 'NONE', #4629, #2929, #2986 ) ;
#2753 = DIRECTION ( 'NONE',  ( 0.000000000000000000, 0.000000000000000000, 1.000000000000000000 ) ) ;
#2754 = LINE ( 'NONE', #525, #3728 ) ;
#2755 = CARTESIAN_POINT ( 'NONE',  ( 31.17691453623972819, -18.00000000000001421, -109.0335419915582236 ) ) ;
#2756 = AXIS2_PLACEMENT_3D ( 'NONE', #1193, #4931, #5340 ) ;
#2757 = DIRECTION ( 'NONE',  ( 1.000000000000000000, 0.000000000000000000, 0.000000000000000000 ) ) ;
#2758 = AXIS2_PLACEMENT_3D ( 'NONE', #3495, #3170, #1442 ) ;
#2759 = ORIENTED_EDGE ( 'NONE', *, *, #346, .T. ) ;
#2760 = ADVANCED_FACE ( 'NONE', ( #1537 ), #3124, .F. ) ;
#2761 = DIRECTION ( 'NONE',  ( 1.000000000000000000, 0.000000000000000000, 0.000000000000000000 ) ) ;
#2762 = CIRCLE ( 'NONE', #5313, 30.00000000000000000 ) ;
#2763 = DIRECTION ( 'NONE',  ( 0.9555728057861446745, 0.2947551744108914962, 0.000000000000000000 ) ) ;
#2764 = DIRECTION ( 'NONE',  ( -0.000000000000000000, -0.000000000000000000, -1.000000000000000000 ) ) ;
#2765 = AXIS2_PLACEMENT_3D ( 'NONE', #942, #2162, #2985 ) ;
#2766 = ORIENTED_EDGE ( 'NONE', *, *, #4792, .F. ) ;
#2767 = DIRECTION ( 'NONE',  ( 1.000000000000000000, 0.000000000000000000, 0.000000000000000000 ) ) ;
#2768 = ORIENTED_EDGE ( 'NONE', *, *, #48, .F. ) ;
#2769 = DIRECTION ( 'NONE',  ( -0.000000000000000000, 0.000000000000000000, -1.000000000000000000 ) ) ;
#2770 = CARTESIAN_POINT ( 'NONE',  ( 0.000000000000000000, 0.000000000000000000, 14.00000000000000178 ) ) ;
#2771 = EDGE_CURVE ( 'NONE', #151, #3026, #1886, .T. ) ;
#2772 = VERTEX_POINT ( 'NONE', #2356 ) ;
#2773 = VERTEX_POINT ( 'NONE', #1123 ) ;
#2774 = ORIENTED_EDGE ( 'NONE', *, *, #3936, .T. ) ;
#2775 = CARTESIAN_POINT ( 'NONE',  ( 30.00000000000000000, 0.000000000000000000, -8.000000000000000000 ) ) ;
#2776 = DIRECTION ( 'NONE',  ( 0.000000000000000000, 0.000000000000000000, 1.000000000000000000 ) ) ;
#2777 = EDGE_CURVE ( 'NONE', #1802, #2527, #922, .T. ) ;
#2778 = PLANE ( 'NONE',  #1164 ) ;
#2779 = DIRECTION ( 'NONE',  ( 1.000000000000000000, 0.000000000000000000, 0.000000000000000000 ) ) ;
#2780 = DIRECTION ( 'NONE',  ( 1.000000000000000000, -8.881784197001252323E-15, 0.000000000000000000 ) ) ;
#2781 = ORIENTED_EDGE ( 'NONE', *, *, #3950, .F. ) ;
#2782 = LINE ( 'NONE', #247, #3331 ) ;
#2783 = ADVANCED_FACE ( 'NONE', ( #1030 ), #2708, .F. ) ;
#2784 = CARTESIAN_POINT ( 'NONE',  ( -15.95769335655780630, 16.99999999999999645, 0.000000000000000000 ) ) ;
#2785 = LINE ( 'NONE', #4843, #1309 ) ;
#2786 = ORIENTED_EDGE ( 'NONE', *, *, #4526, .T. ) ;
#2787 = CARTESIAN_POINT ( 'NONE',  ( -36.48975133124804415, -38.87314781470556824, 14.00000000000000178 ) ) ;
#2788 = CYLINDRICAL_SURFACE ( 'NONE', #1612, 2.700000000000035705 ) ;
#2789 = DIRECTION ( 'NONE',  ( 0.7071067811865560104, -0.7071067811865390240, 0.000000000000000000 ) ) ;
#2790 = VERTEX_POINT ( 'NONE', #4386 ) ;
#2791 = DIRECTION ( 'NONE',  ( 0.000000000000000000, -0.000000000000000000, -1.000000000000000000 ) ) ;
#2792 = VECTOR ( 'NONE', #2804, 1000.000000000000000 ) ;
#2793 = ORIENTED_EDGE ( 'NONE', *, *, #3757, .T. ) ;
#2794 = LINE ( 'NONE', #651, #4609 ) ;
#2795 = DIRECTION ( 'NONE',  ( 0.000000000000000000, 0.000000000000000000, 1.000000000000000000 ) ) ;
#2796 = EDGE_LOOP ( 'NONE', ( #431, #2973, #1177, #3326 ) ) ;
#2797 = VERTEX_POINT ( 'NONE', #2300 ) ;
#2798 = EDGE_LOOP ( 'NONE', ( #3829, #4231, #5443, #2341 ) ) ;
#2799 = CARTESIAN_POINT ( 'NONE',  ( 28.19848480981342576, -29.69848480982903283, 4.000000000000001776 ) ) ;
#2800 = ADVANCED_FACE ( 'NONE', ( #1893 ), #1503, .F. ) ;
#2801 = CARTESIAN_POINT ( 'NONE',  ( -41.99999999999996447, 47.00000000000000000, 0.000000000000000000 ) ) ;
#2802 = CARTESIAN_POINT ( 'NONE',  ( -32.84740483854577775, -8.010753622426568299, -7.000000000000000000 ) ) ;
#2803 = CARTESIAN_POINT ( 'NONE',  ( 0.000000000000000000, 0.000000000000000000, -109.0335419915582236 ) ) ;
#2804 = DIRECTION ( 'NONE',  ( -0.000000000000000000, -0.000000000000000000, -1.000000000000000000 ) ) ;
#2805 = CIRCLE ( 'NONE', #1398, 36.70000000000002416 ) ;
#2806 = EDGE_CURVE ( 'NONE', #2290, #657, #2794, .T. ) ;
#2807 = DIRECTION ( 'NONE',  ( 1.000000000000000000, 0.000000000000000000, 0.000000000000000000 ) ) ;
#2808 = CLOSED_SHELL ( 'NONE', ( #3241, #3921, #1708, #2237, #2233, #668, #4714, #1089, #2295, #1465, #5368, #2945, #3073, #360, #1031, #3577, #885, #2250, #4846, #459, #3912, #4195, #1826, #3411, #1613, #966, #2513, #5328, #4742, #2057, #1050, #5175, #2839, #3322, #17, #3723, #4166, #3692, #4880, #2698, #2404, #2011, #289, #4928, #5423, #5342, #837, #1906, #2349, #989, #170, #4464, #1594, #1778, #4125, #4055, #5132, #2003, #4787, #4117, #4677, #4494, #1643, #3344, #3285, #2800, #5027, #692, #4361, #4727, #929, #904, #1304, #1421, #3957, #2850, #2085, #4112, #3248, #2182, #3540, #2019, #1244, #2902, #2517, #4992, #4159, #4084, #1754, #2956, #4349, #5189, #3051, #1872, #399, #4930, #611, #157, #3583, #5290, #4272, #2271, #4521, #1525, #4615, #5064, #2311, #5248, #4458, #2783, #2631, #2760, #3277, #2602, #732, #3663, #5069, #421, #4994, #3044, #1950, #4649, #5099, #5228, #3388, #4027, #3217, #1459, #5242, #10, #4482, #221, #299, #3643, #4601, #3505, #2845, #5218, #1830, #25, #5406, #3384, #84, #2546, #4043, #860, #1494, #583, #1198, #2528, #2400, #3215, #870, #1971, #4187, #1549, #840, #1275, #3057, #4429, #2210, #544, #3684, #850, #3230, #206, #926, #1131, #785, #4968, #5041, #2143, #4935, #2987, #1635, #554, #311, #1065 ) ) ;
#2809 = CARTESIAN_POINT ( 'NONE',  ( -1.500000000014509949, -41.99999999998873079, 4.000000000000001776 ) ) ;
#2810 = FACE_OUTER_BOUND ( 'NONE', #2191, .T. ) ;
#2811 = DIRECTION ( 'NONE',  ( 0.7071067811865473507, 0.7071067811865476838, 0.000000000000000000 ) ) ;
#2812 = EDGE_CURVE ( 'NONE', #1851, #1831, #4856, .T. ) ;
#2813 = VERTEX_POINT ( 'NONE', #4446 ) ;
#2814 = DIRECTION ( 'NONE',  ( 1.000000000000000000, 0.000000000000000000, 0.000000000000000000 ) ) ;
#2815 = DIRECTION ( 'NONE',  ( -0.000000000000000000, -0.000000000000000000, -1.000000000000000000 ) ) ;
#2816 = CARTESIAN_POINT ( 'NONE',  ( -10.61118627879168663, 34.40062100830128600, 7.071067811865501263 ) ) ;
#2817 = VECTOR ( 'NONE', #2764, 1000.000000000000000 ) ;
#2818 = EDGE_CURVE ( 'NONE', #4506, #576, #3208, .T. ) ;
#2819 = VERTEX_POINT ( 'NONE', #5352 ) ;
#2820 = LINE ( 'NONE', #737, #4155 ) ;
#2821 = VECTOR ( 'NONE', #3280, 1000.000000000000000 ) ;
#2822 = ORIENTED_EDGE ( 'NONE', *, *, #4325, .T. ) ;
#2823 = AXIS2_PLACEMENT_3D ( 'NONE', #4536, #4925, #5440 ) ;
#2824 = CARTESIAN_POINT ( 'NONE',  ( -46.99999999999997868, -41.99999999999997868, -8.000000000000076383 ) ) ;
#2825 = ADVANCED_BREP_SHAPE_REPRESENTATION ( 'outer housing', ( #3783, #2823 ), #893 ) ;
#2826 = FACE_OUTER_BOUND ( 'NONE', #1214, .T. ) ;
#2827 = ORIENTED_EDGE ( 'NONE', *, *, #4089, .T. ) ;
#2828 = AXIS2_PLACEMENT_3D ( 'NONE', #825, #3821, #4743 ) ;
#2829 = EDGE_LOOP ( 'NONE', ( #3754, #356, #2328, #4936 ) ) ;
#2830 = ORIENTED_EDGE ( 'NONE', *, *, #2108, .T. ) ;
#2831 = VECTOR ( 'NONE', #2190, 1000.000000000000000 ) ;
#2832 = DIRECTION ( 'NONE',  ( 1.000000000000000000, 0.000000000000000000, 0.000000000000000000 ) ) ;
#2833 = AXIS2_PLACEMENT_3D ( 'NONE', #4093, #3733, #1644 ) ;
#2834 = CYLINDRICAL_SURFACE ( 'NONE', #2629, 53.31625993297229371 ) ;
#2835 = CARTESIAN_POINT ( 'NONE',  ( 37.34740483854549353, -8.010753622427833065, -7.000000000000000000 ) ) ;
#2836 = FACE_OUTER_BOUND ( 'NONE', #18, .T. ) ;
#2837 = CIRCLE ( 'NONE', #3713, 2.700000000000010392 ) ;
#2838 = CARTESIAN_POINT ( 'NONE',  ( 46.99999999999999289, -42.00000000000000711, -8.000000000000060396 ) ) ;
#2839 = ADVANCED_FACE ( 'NONE', ( #3700 ), #919, .F. ) ;
#2840 = DIRECTION ( 'NONE',  ( 0.000000000000000000, 0.000000000000000000, 1.000000000000000000 ) ) ;
#2841 = DIRECTION ( 'NONE',  ( -0.000000000000000000, -0.000000000000000000, 1.000000000000000000 ) ) ;
#2842 = AXIS2_PLACEMENT_3D ( 'NONE', #782, #5289, #4136 ) ;
#2843 = CARTESIAN_POINT ( 'NONE',  ( 0.000000000000000000, 0.000000000000000000, -109.0335419915582236 ) ) ;
#2844 = DIRECTION ( 'NONE',  ( 0.000000000000000000, -0.000000000000000000, 1.000000000000000000 ) ) ;
#2845 = ADVANCED_FACE ( 'NONE', ( #446 ), #2597, .F. ) ;
#2846 = CIRCLE ( 'NONE', #472, 1.500000000011595613 ) ;
#2847 = ORIENTED_EDGE ( 'NONE', *, *, #3822, .T. ) ;
#2848 = CARTESIAN_POINT ( 'NONE',  ( -30.25991268136546708, 20.76602235663197860, 14.00000000000000178 ) ) ;
#2849 = VECTOR ( 'NONE', #81, 1000.000000000000000 ) ;
#2850 = ADVANCED_FACE ( 'NONE', ( #2958 ), #501, .T. ) ;
#2851 = DIRECTION ( 'NONE',  ( 0.000000000000000000, -1.000000000000000000, 0.000000000000000000 ) ) ;
#2852 = AXIS2_PLACEMENT_3D ( 'NONE', #1852, #3967, #4762 ) ;
#2853 = ORIENTED_EDGE ( 'NONE', *, *, #5086, .F. ) ;
#2854 = CIRCLE ( 'NONE', #2157, 2.250000000000001776 ) ;
#2855 = VERTEX_POINT ( 'NONE', #4115 ) ;
#2856 = CARTESIAN_POINT ( 'NONE',  ( 0.000000000000000000, 0.000000000000000000, 0.000000000000000000 ) ) ;
#2857 = EDGE_CURVE ( 'NONE', #1460, #246, #2241, .T. ) ;
#2858 = CYLINDRICAL_SURFACE ( 'NONE', #2921, 2.250000000000001776 ) ;
#2859 = VECTOR ( 'NONE', #4557, 1000.000000000000000 ) ;
#2860 = LINE ( 'NONE', #4530, #2990 ) ;
#2861 = ORIENTED_EDGE ( 'NONE', *, *, #5090, .F. ) ;
#2862 = ORIENTED_EDGE ( 'NONE', *, *, #2366, .F. ) ;
#2863 = DIRECTION ( 'NONE',  ( -0.000000000000000000, -0.000000000000000000, 1.000000000000000000 ) ) ;
#2864 = DIRECTION ( 'NONE',  ( 1.000000000000000000, 0.000000000000000000, 0.000000000000000000 ) ) ;
#2865 = FACE_OUTER_BOUND ( 'NONE', #3952, .T. ) ;
#2866 = ORIENTED_EDGE ( 'NONE', *, *, #79, .T. ) ;
#2867 = CARTESIAN_POINT ( 'NONE',  ( 30.38573257179488962, -20.58147847156190124, 0.000000000000000000 ) ) ;
#2868 = CARTESIAN_POINT ( 'NONE',  ( 43.50000000000031974, -2.764965523687156853E-12, 14.00000000000000178 ) ) ;
#2869 = CARTESIAN_POINT ( 'NONE',  ( 33.01694948971248778, -16.02407708399375963, 0.000000000000000000 ) ) ;
#2870 = CARTESIAN_POINT ( 'NONE',  ( 20.27952209029071184, 29.74459587537554839, 14.00000000000000178 ) ) ;
#2871 = ORIENTED_EDGE ( 'NONE', *, *, #382, .F. ) ;
#2872 = CARTESIAN_POINT ( 'NONE',  ( 28.19848480981754335, 29.69848480982491523, 14.00000000000000178 ) ) ;
#2873 = EDGE_CURVE ( 'NONE', #3435, #2117, #5316, .T. ) ;
#2874 = AXIS2_PLACEMENT_3D ( 'NONE', #4864, #1543, #2361 ) ;
#2875 = DIRECTION ( 'NONE',  ( 1.000000000000000000, 0.000000000000000000, 0.000000000000000000 ) ) ;
#2876 = ORIENTED_EDGE ( 'NONE', *, *, #653, .T. ) ;
#2877 = EDGE_CURVE ( 'NONE', #565, #2068, #660, .T. ) ;
#2878 = ORIENTED_EDGE ( 'NONE', *, *, #5166, .T. ) ;
#2879 = EDGE_CURVE ( 'NONE', #1524, #3485, #2509, .T. ) ;
#2880 = CYLINDRICAL_SURFACE ( 'NONE', #3523, 1.500000000011596279 ) ;
#2881 = DIRECTION ( 'NONE',  ( 0.000000000000000000, 0.000000000000000000, 1.000000000000000000 ) ) ;
#2882 = ORIENTED_EDGE ( 'NONE', *, *, #721, .T. ) ;
#2883 = ORIENTED_EDGE ( 'NONE', *, *, #2438, .F. ) ;
#2884 = EDGE_CURVE ( 'NONE', #3292, #4637, #5071, .T. ) ;
#2885 = DIRECTION ( 'NONE',  ( -1.000000000000000000, 0.000000000000000000, 0.000000000000000000 ) ) ;
#2886 = DIRECTION ( 'NONE',  ( 0.000000000000000000, 0.000000000000000000, 1.000000000000000000 ) ) ;
#2887 = VECTOR ( 'NONE', #1607, 1000.000000000000000 ) ;
#2888 = CARTESIAN_POINT ( 'NONE',  ( -36.48975133124804415, -38.87314781470556824, 0.000000000000000000 ) ) ;
#2889 = CARTESIAN_POINT ( 'NONE',  ( 22.79465712222679485, 28.76271208839867910, 0.000000000000000000 ) ) ;
#2890 = VERTEX_POINT ( 'NONE', #1179 ) ;
#2891 = ORIENTED_EDGE ( 'NONE', *, *, #2670, .T. ) ;
#2892 = CARTESIAN_POINT ( 'NONE',  ( 0.000000000000000000, 0.000000000000000000, -109.0335419915582236 ) ) ;
#2893 = CYLINDRICAL_SURFACE ( 'NONE', #4648, 2.250000000000001776 ) ;
#2894 = FACE_BOUND ( 'NONE', #1479, .T. ) ;
#2895 = AXIS2_PLACEMENT_3D ( 'NONE', #1400, #3034, #1013 ) ;
#2896 = ORIENTED_EDGE ( 'NONE', *, *, #1599, .T. ) ;
#2897 = EDGE_CURVE ( 'NONE', #1410, #3892, #1104, .T. ) ;
#2898 = AXIS2_PLACEMENT_3D ( 'NONE', #22, #2552, #1211 ) ;
#2899 = CARTESIAN_POINT ( 'NONE',  ( 1.500000000014215074, 41.99999999998872369, 14.00000000000000178 ) ) ;
#2900 = DIRECTION ( 'NONE',  ( -0.000000000000000000, -0.000000000000000000, -1.000000000000000000 ) ) ;
#2901 = AXIS2_PLACEMENT_3D ( 'NONE', #3421, #2724, #638 ) ;
#2902 = ADVANCED_FACE ( 'NONE', ( #2133 ), #5119, .F. ) ;
#2903 = EDGE_LOOP ( 'NONE', ( #1493, #2610, #821, #1917, #5379 ) ) ;
#2904 = VERTEX_POINT ( 'NONE', #4628 ) ;
#2905 = AXIS2_PLACEMENT_3D ( 'NONE', #2728, #4259, #489 ) ;
#2906 = CARTESIAN_POINT ( 'NONE',  ( 41.99999999999995737, 47.00000000000000000, -140.9360748630709281 ) ) ;
#2907 = CARTESIAN_POINT ( 'NONE',  ( -31.19848480984073547, -29.69848480982491523, 14.00000000000000178 ) ) ;
#2908 = AXIS2_PLACEMENT_3D ( 'NONE', #2954, #4623, #5066 ) ;
#2909 = ORIENTED_EDGE ( 'NONE', *, *, #1124, .T. ) ;
#2910 = EDGE_LOOP ( 'NONE', ( #901, #4039 ) ) ;
#2911 = FACE_OUTER_BOUND ( 'NONE', #1454, .T. ) ;
#2912 = VECTOR ( 'NONE', #907, 1000.000000000000000 ) ;
#2913 = FACE_OUTER_BOUND ( 'NONE', #4301, .T. ) ;
#2914 = AXIS2_PLACEMENT_3D ( 'NONE', #4804, #1991, #3686 ) ;
#2915 = PLANE ( 'NONE',  #1330 ) ;
#2916 = DIRECTION ( 'NONE',  ( 1.000000000000000000, 0.000000000000000000, 0.000000000000000000 ) ) ;
#2917 = EDGE_CURVE ( 'NONE', #5110, #4217, #3648, .T. ) ;
#2918 = ORIENTED_EDGE ( 'NONE', *, *, #3143, .T. ) ;
#2919 = ORIENTED_EDGE ( 'NONE', *, *, #2700, .F. ) ;
#2920 = CARTESIAN_POINT ( 'NONE',  ( 1.500000000008681278, -41.99999999998873079, 14.00000000000000178 ) ) ;
#2921 = AXIS2_PLACEMENT_3D ( 'NONE', #2936, #4116, #4608 ) ;
#2922 = FACE_OUTER_BOUND ( 'NONE', #1652, .T. ) ;
#2923 = AXIS2_PLACEMENT_3D ( 'NONE', #3069, #3893, #4302 ) ;
#2924 = FACE_BOUND ( 'NONE', #4825, .T. ) ;
#2925 = EDGE_CURVE ( 'NONE', #4398, #793, #3294, .T. ) ;
#2926 = AXIS2_PLACEMENT_3D ( 'NONE', #455, #1777, #1725 ) ;
#2927 = ORIENTED_EDGE ( 'NONE', *, *, #1114, .T. ) ;
#2928 = CARTESIAN_POINT ( 'NONE',  ( 36.48975133124804415, -38.87314781470556824, 0.000000000000000000 ) ) ;
#2929 = DIRECTION ( 'NONE',  ( 0.000000000000000000, 0.000000000000000000, 1.000000000000000000 ) ) ;
#2930 = EDGE_CURVE ( 'NONE', #2336, #5393, #2619, .T. ) ;
#2931 = ORIENTED_EDGE ( 'NONE', *, *, #4658, .T. ) ;
#2932 = CIRCLE ( 'NONE', #3634, 2.700000000000011280 ) ;
#2933 = DIRECTION ( 'NONE',  ( 0.7071067811865561215, -0.7071067811865389130, 0.000000000000000000 ) ) ;
#2934 = ORIENTED_EDGE ( 'NONE', *, *, #1662, .T. ) ;
#2935 = PRESENTATION_LAYER_ASSIGNMENT (  '', '', ( #739 ) ) ;
#2936 = CARTESIAN_POINT ( 'NONE',  ( -31.17691453624012254, -17.99999999999934275, 7.071067811865501263 ) ) ;
#2937 = CIRCLE ( 'NONE', #3897, 4.999999999999997335 ) ;
#2938 = ORIENTED_EDGE ( 'NONE', *, *, #145, .T. ) ;
#2939 = AXIS2_PLACEMENT_3D ( 'NONE', #4435, #1695, #2544 ) ;
#2940 = ORIENTED_EDGE ( 'NONE', *, *, #3841, .T. ) ;
#2941 = ORIENTED_EDGE ( 'NONE', *, *, #1723, .F. ) ;
#2942 = DIRECTION ( 'NONE',  ( -0.000000000000000000, -0.000000000000000000, 1.000000000000000000 ) ) ;
#2943 = ORIENTED_EDGE ( 'NONE', *, *, #2450, .F. ) ;
#2944 = CARTESIAN_POINT ( 'NONE',  ( 0.000000000000000000, 0.000000000000000000, 0.000000000000000000 ) ) ;
#2945 = ADVANCED_FACE ( 'NONE', ( #3831 ), #3675, .F. ) ;
#2946 = AXIS2_PLACEMENT_3D ( 'NONE', #1059, #1920, #4887 ) ;
#2947 = CARTESIAN_POINT ( 'NONE',  ( -40.99999999999997868, -40.99999999999996447, -8.000000000000007105 ) ) ;
#2948 = EDGE_LOOP ( 'NONE', ( #2827, #3385 ) ) ;
#2949 = VERTEX_POINT ( 'NONE', #62 ) ;
#2950 = DIRECTION ( 'NONE',  ( -1.000000000000000000, 0.000000000000000000, 0.000000000000000000 ) ) ;
#2951 = AXIS2_PLACEMENT_3D ( 'NONE', #3414, #2183, #3854 ) ;
#2952 = EDGE_CURVE ( 'NONE', #3839, #814, #3466, .T. ) ;
#2953 = DIRECTION ( 'NONE',  ( 1.000000000000000000, 0.000000000000000000, 0.000000000000000000 ) ) ;
#2954 = CARTESIAN_POINT ( 'NONE',  ( 0.000000000000000000, 0.000000000000000000, -7.000000000000000000 ) ) ;
#2955 = ORIENTED_EDGE ( 'NONE', *, *, #4541, .T. ) ;
#2956 = ADVANCED_FACE ( 'NONE', ( #5094 ), #1332, .F. ) ;
#2957 = DIRECTION ( 'NONE',  ( 0.000000000000000000, 0.000000000000000000, 1.000000000000000000 ) ) ;
#2958 = FACE_OUTER_BOUND ( 'NONE', #3353, .T. ) ;
#2959 = DIRECTION ( 'NONE',  ( -0.000000000000000000, -0.000000000000000000, -1.000000000000000000 ) ) ;
#2960 = ORIENTED_EDGE ( 'NONE', *, *, #1099, .F. ) ;
#2961 = CIRCLE ( 'NONE', #2346, 2.250000000000002665 ) ;
#2962 = FACE_OUTER_BOUND ( 'NONE', #2299, .T. ) ;
#2963 = ORIENTED_EDGE ( 'NONE', *, *, #2200, .F. ) ;
#2964 = FACE_OUTER_BOUND ( 'NONE', #5083, .T. ) ;
#2965 = DIRECTION ( 'NONE',  ( 1.000000000000000000, 9.251858538542971828E-16, 0.000000000000000000 ) ) ;
#2966 = VERTEX_POINT ( 'NONE', #2288 ) ;
#2967 = ORIENTED_EDGE ( 'NONE', *, *, #2081, .F. ) ;
#2968 = DIRECTION ( 'NONE',  ( 1.000000000000000000, -7.105427357601001859E-15, 0.000000000000000000 ) ) ;
#2969 = ORIENTED_EDGE ( 'NONE', *, *, #2484, .F. ) ;
#2970 = CARTESIAN_POINT ( 'NONE',  ( 40.99999999999997868, -40.99999999999995026, -140.9360748630709281 ) ) ;
#2971 = CARTESIAN_POINT ( 'NONE',  ( -31.26145495119101625, 13.15227687719094618, -7.000000000000000000 ) ) ;
#2972 = CARTESIAN_POINT ( 'NONE',  ( 0.000000000000000000, 0.000000000000000000, 0.000000000000000000 ) ) ;
#2973 = ORIENTED_EDGE ( 'NONE', *, *, #4591, .T. ) ;
#2974 = ORIENTED_EDGE ( 'NONE', *, *, #331, .F. ) ;
#2975 = LINE ( 'NONE', #4983, #823 ) ;
#2976 = EDGE_CURVE ( 'NONE', #3698, #807, #2674, .T. ) ;
#2977 = AXIS2_PLACEMENT_3D ( 'NONE', #3309, #4987, #5401 ) ;
#2978 = CARTESIAN_POINT ( 'NONE',  ( -42.00000000000000711, 42.00000000000000000, -140.9360748630709281 ) ) ;
#2979 = FACE_BOUND ( 'NONE', #4822, .T. ) ;
#2980 = EDGE_CURVE ( 'NONE', #4478, #4699, #2754, .T. ) ;
#2981 = ORIENTED_EDGE ( 'NONE', *, *, #56, .F. ) ;
#2982 = EDGE_CURVE ( 'NONE', #2819, #4919, #552, .T. ) ;
#2983 = DIRECTION ( 'NONE',  ( 0.000000000000000000, 0.000000000000000000, 1.000000000000000000 ) ) ;
#2984 = AXIS2_PLACEMENT_3D ( 'NONE', #4985, #5011, #2953 ) ;
#2985 = DIRECTION ( 'NONE',  ( 1.000000000000000000, 0.000000000000000000, 0.000000000000000000 ) ) ;
#2986 = DIRECTION ( 'NONE',  ( 1.000000000000000000, 0.000000000000000000, 0.000000000000000000 ) ) ;
#2987 = ADVANCED_FACE ( 'NONE', ( #192 ), #5145, .F. ) ;
#2988 = AXIS2_PLACEMENT_3D ( 'NONE', #2337, #301, #2425 ) ;
#2989 = DIRECTION ( 'NONE',  ( -0.000000000000000000, -0.000000000000000000, 1.000000000000000000 ) ) ;
#2990 = VECTOR ( 'NONE', #2010, 1000.000000000000000 ) ;
#2991 = CARTESIAN_POINT ( 'NONE',  ( 0.000000000000000000, 0.000000000000000000, -7.000000000000000000 ) ) ;
#2992 = EDGE_CURVE ( 'NONE', #4826, #647, #5047, .T. ) ;
#2993 = DIRECTION ( 'NONE',  ( -1.000000000000000000, 0.000000000000000000, 0.000000000000000000 ) ) ;
#2994 = ORIENTED_EDGE ( 'NONE', *, *, #3757, .F. ) ;
#2995 = DIRECTION ( 'NONE',  ( 1.000000000000000000, 0.000000000000000000, 0.000000000000000000 ) ) ;
#2996 = VERTEX_POINT ( 'NONE', #2722 ) ;
#2997 = DIRECTION ( 'NONE',  ( -0.000000000000000000, -0.000000000000000000, -1.000000000000000000 ) ) ;
#2998 = DIRECTION ( 'NONE',  ( -1.000000000000000000, 0.000000000000000000, 0.000000000000000000 ) ) ;
#2999 = DIRECTION ( 'NONE',  ( -4.625929269235723102E-15, 1.000000000000000000, 0.000000000000000000 ) ) ;
#3000 = ORIENTED_EDGE ( 'NONE', *, *, #2443, .F. ) ;
#3001 = CIRCLE ( 'NONE', #804, 2.700000000000011280 ) ;
#3002 = EDGE_LOOP ( 'NONE', ( #3736, #4895, #4590, #126 ) ) ;
#3003 = CARTESIAN_POINT ( 'NONE',  ( 35.09740483854560011, -8.010753622427328580, -109.0335419915582236 ) ) ;
#3004 = VECTOR ( 'NONE', #1995, 1000.000000000000000 ) ;
#3005 = FACE_OUTER_BOUND ( 'NONE', #1628, .T. ) ;
#3006 = DIRECTION ( 'NONE',  ( 0.000000000000000000, 0.000000000000000000, 1.000000000000000000 ) ) ;
#3007 = VECTOR ( 'NONE', #4336, 1000.000000000000000 ) ;
#3008 = EDGE_LOOP ( 'NONE', ( #2714, #4911, #3779, #944 ) ) ;
#3009 = AXIS2_PLACEMENT_3D ( 'NONE', #5131, #125, #535 ) ;
#3010 = CARTESIAN_POINT ( 'NONE',  ( 8.275357579299733146, 35.75483823113631843, -109.0335419915582236 ) ) ;
#3011 = CARTESIAN_POINT ( 'NONE',  ( 5.365521582341643558, -35.59790974410469033, -7.000000000000000000 ) ) ;
#3012 = AXIS2_PLACEMENT_3D ( 'NONE', #5180, #71, #1422 ) ;
#3013 = CARTESIAN_POINT ( 'NONE',  ( 33.11385923708170509, 15.82284192004523504, 0.000000000000000000 ) ) ;
#3014 = EDGE_CURVE ( 'NONE', #2712, #4311, #4372, .T. ) ;
#3015 = VECTOR ( 'NONE', #3147, 1000.000000000000000 ) ;
#3016 = EDGE_CURVE ( 'NONE', #3, #5430, #2414, .T. ) ;
#3017 = DIRECTION ( 'NONE',  ( -0.9009688679024154823, 0.4338837391175656699, 0.000000000000000000 ) ) ;
#3018 = AXIS2_PLACEMENT_3D ( 'NONE', #1611, #3670, #3234 ) ;
#3019 = CARTESIAN_POINT ( 'NONE',  ( 30.25991268136590051, 20.76602235663133200, -109.0335419915582236 ) ) ;
#3020 = CARTESIAN_POINT ( 'NONE',  ( 31.17691453623972819, -18.00000000000001421, 0.000000000000000000 ) ) ;
#3021 = VECTOR ( 'NONE', #1744, 1000.000000000000000 ) ;
#3022 = EDGE_LOOP ( 'NONE', ( #5418, #5384 ) ) ;
#3023 = CARTESIAN_POINT ( 'NONE',  ( 22.52952209029116304, 29.74459587537523930, 7.071067811865497710 ) ) ;
#3024 = VECTOR ( 'NONE', #112, 1000.000000000000000 ) ;
#3025 = EDGE_CURVE ( 'NONE', #4669, #1242, #1356, .T. ) ;
#3026 = VERTEX_POINT ( 'NONE', #3549 ) ;
#3027 = DIRECTION ( 'NONE',  ( -0.000000000000000000, -0.000000000000000000, -1.000000000000000000 ) ) ;
#3028 = DIRECTION ( 'NONE',  ( 1.000000000000000000, 0.000000000000000000, 0.000000000000000000 ) ) ;
#3029 = AXIS2_PLACEMENT_3D ( 'NONE', #3554, #1049, #4848 ) ;
#3030 = VERTEX_POINT ( 'NONE', #223 ) ;
#3031 = VERTEX_POINT ( 'NONE', #3961 ) ;
#3032 = CYLINDRICAL_SURFACE ( 'NONE', #5330, 1.500000000011595613 ) ;
#3033 = CIRCLE ( 'NONE', #2591, 2.700000000000032152 ) ;
#3034 = DIRECTION ( 'NONE',  ( -0.000000000000000000, 0.000000000000000000, -1.000000000000000000 ) ) ;
#3035 = CARTESIAN_POINT ( 'NONE',  ( -24.48621855975358841, -26.38986738587323444, -7.000000000000000000 ) ) ;
#3036 = VECTOR ( 'NONE', #2769, 1000.000000000000000 ) ;
#3037 = ORIENTED_EDGE ( 'NONE', *, *, #4248, .T. ) ;
#3038 = DIRECTION ( 'NONE',  ( -0.000000000000000000, -0.000000000000000000, -1.000000000000000000 ) ) ;
#3039 = DIRECTION ( 'NONE',  ( -0.000000000000000000, -0.000000000000000000, -1.000000000000000000 ) ) ;
#3040 = CARTESIAN_POINT ( 'NONE',  ( 22.23621855975263983, -26.38986738587411551, 0.000000000000000000 ) ) ;
#3041 = FACE_OUTER_BOUND ( 'NONE', #5104, .T. ) ;
#3042 = DIRECTION ( 'NONE',  ( 0.000000000000000000, 0.000000000000000000, -1.000000000000000000 ) ) ;
#3043 = DIRECTION ( 'NONE',  ( -0.000000000000000000, -0.000000000000000000, -1.000000000000000000 ) ) ;
#3044 = ADVANCED_FACE ( 'NONE', ( #3910 ), #1848, .F. ) ;
#3045 = ORIENTED_EDGE ( 'NONE', *, *, #3977, .T. ) ;
#3046 = CYLINDRICAL_SURFACE ( 'NONE', #3436, 36.70000000000003837 ) ;
#3047 = ORIENTED_EDGE ( 'NONE', *, *, #3846, .T. ) ;
#3048 = CARTESIAN_POINT ( 'NONE',  ( 0.000000000000000000, 0.000000000000000000, -7.000000000000000000 ) ) ;
#3049 = DIRECTION ( 'NONE',  ( -0.000000000000000000, -0.000000000000000000, 1.000000000000000000 ) ) ;
#3050 = VERTEX_POINT ( 'NONE', #993 ) ;
#3051 = ADVANCED_FACE ( 'NONE', ( #3113 ), #604, .F. ) ;
#3052 = VERTEX_POINT ( 'NONE', #1823 ) ;
#3053 = ORIENTED_EDGE ( 'NONE', *, *, #2178, .T. ) ;
#3054 = CYLINDRICAL_SURFACE ( 'NONE', #4011, 36.70000000000003837 ) ;
#3055 = CARTESIAN_POINT ( 'NONE',  ( -46.99999999999998579, -15.95769335655783117, 14.00000000000001243 ) ) ;
#3056 = DIRECTION ( 'NONE',  ( 1.000000000000000000, 0.000000000000000000, 0.000000000000000000 ) ) ;
#3057 = ADVANCED_FACE ( 'NONE', ( #967 ), #3518, .F. ) ;
#3058 = EDGE_LOOP ( 'NONE', ( #143, #3530, #711, #4776 ) ) ;
#3059 = DIRECTION ( 'NONE',  ( -1.000000000000000000, 0.000000000000000000, 0.000000000000000000 ) ) ;
#3060 = DIRECTION ( 'NONE',  ( 1.000000000000000000, 0.000000000000000000, 0.000000000000000000 ) ) ;
#3061 = CARTESIAN_POINT ( 'NONE',  ( -5.365521582342921647, -35.59790974410449138, 0.000000000000000000 ) ) ;
#3062 = EDGE_LOOP ( 'NONE', ( #3219, #4457, #2046, #1955 ) ) ;
#3063 = DIRECTION ( 'NONE',  ( -0.000000000000000000, -0.000000000000000000, 1.000000000000000000 ) ) ;
#3064 = DIRECTION ( 'NONE',  ( -0.000000000000000000, -0.000000000000000000, -1.000000000000000000 ) ) ;
#3065 = CIRCLE ( 'NONE', #4472, 30.00000000000000000 ) ;
#3066 = CARTESIAN_POINT ( 'NONE',  ( -43.09999999999998010, -40.99999999999996447, 0.000000000000000000 ) ) ;
#3067 = EDGE_CURVE ( 'NONE', #3990, #4988, #1092, .T. ) ;
#3068 = EDGE_LOOP ( 'NONE', ( #1009, #5007 ) ) ;
#3069 = CARTESIAN_POINT ( 'NONE',  ( -42.00000000000000711, 42.00000000000000000, 0.000000000000000000 ) ) ;
#3070 = VERTEX_POINT ( 'NONE', #4401 ) ;
#3071 = DIRECTION ( 'NONE',  ( -0.000000000000000000, 0.000000000000000000, 1.000000000000000000 ) ) ;
#3072 = CARTESIAN_POINT ( 'NONE',  ( 29.69848480982502181, -29.69848480982903283, 4.000000000000001776 ) ) ;
#3073 = ADVANCED_FACE ( 'NONE', ( #5226 ), #1045, .F. ) ;
#3074 = ORIENTED_EDGE ( 'NONE', *, *, #3716, .F. ) ;
#3075 = ORIENTED_EDGE ( 'NONE', *, *, #1387, .F. ) ;
#3076 = ORIENTED_EDGE ( 'NONE', *, *, #3774, .F. ) ;
#3077 = CARTESIAN_POINT ( 'NONE',  ( 33.51145495119168061, 13.15227687718926575, -7.000000000000000000 ) ) ;
#3078 = DIRECTION ( 'NONE',  ( -0.000000000000000000, 0.000000000000000000, -1.000000000000000000 ) ) ;
#3079 = EDGE_CURVE ( 'NONE', #1447, #4023, #1535, .T. ) ;
#3080 = DIRECTION ( 'NONE',  ( -0.000000000000000000, -0.000000000000000000, -1.000000000000000000 ) ) ;
#3081 = AXIS2_PLACEMENT_3D ( 'NONE', #1530, #5204, #2703 ) ;
#3082 = ORIENTED_EDGE ( 'NONE', *, *, #1501, .T. ) ;
#3083 = CIRCLE ( 'NONE', #3784, 2.700000000000014833 ) ;
#3084 = CARTESIAN_POINT ( 'NONE',  ( 36.21145495119149871, 13.15227687718976668, -109.0335419915582236 ) ) ;
#3085 = EDGE_CURVE ( 'NONE', #379, #5130, #1436, .T. ) ;
#3086 = DIRECTION ( 'NONE',  ( 1.000000000000000000, 0.000000000000000000, 0.000000000000000000 ) ) ;
#3087 = CARTESIAN_POINT ( 'NONE',  ( -47.00000000000000000, 15.95769335655779564, 0.000000000000000000 ) ) ;
#3088 = VERTEX_POINT ( 'NONE', #248 ) ;
#3089 = AXIS2_PLACEMENT_3D ( 'NONE', #3403, #908, #1757 ) ;
#3090 = LINE ( 'NONE', #5230, #5397 ) ;
#3091 = CYLINDRICAL_SURFACE ( 'NONE', #1156, 53.31625993297229371 ) ;
#3092 = FACE_OUTER_BOUND ( 'NONE', #2796, .T. ) ;
#3093 = ORIENTED_EDGE ( 'NONE', *, *, #3945, .F. ) ;
#3094 = CARTESIAN_POINT ( 'NONE',  ( -41.99999999998872369, 2.473715676742926917E-12, 14.00001200000000345 ) ) ;
#3095 = EDGE_LOOP ( 'NONE', ( #634, #813 ) ) ;
#3096 = CIRCLE ( 'NONE', #3365, 1.500000000011595613 ) ;
#3097 = LINE ( 'NONE', #5080, #394 ) ;
#3098 = CYLINDRICAL_SURFACE ( 'NONE', #1068, 36.70000000000002416 ) ;
#3099 = ORIENTED_EDGE ( 'NONE', *, *, #4630, .F. ) ;
#3100 = AXIS2_PLACEMENT_3D ( 'NONE', #4841, #249, #4485 ) ;
#3101 = ORIENTED_EDGE ( 'NONE', *, *, #5322, .T. ) ;
#3102 = VERTEX_POINT ( 'NONE', #2344 ) ;
#3103 = CARTESIAN_POINT ( 'NONE',  ( 18.25319984466178980, -31.83882371305259795, -109.0335419915582236 ) ) ;
#3104 = CIRCLE ( 'NONE', #4858, 1.500000000011595391 ) ;
#3105 = EDGE_CURVE ( 'NONE', #2694, #3292, #1936, .T. ) ;
#3106 = CARTESIAN_POINT ( 'NONE',  ( 38.14933669852248244, 2.690283369110757050, -7.000000000000000000 ) ) ;
#3107 = CIRCLE ( 'NONE', #3283, 2.250000000000001776 ) ;
#3108 = DIRECTION ( 'NONE',  ( -0.000000000000000000, -0.000000000000000000, -1.000000000000000000 ) ) ;
#3109 = EDGE_CURVE ( 'NONE', #2904, #2045, #5309, .T. ) ;
#3110 = VECTOR ( 'NONE', #636, 1000.000000000000000 ) ;
#3111 = VERTEX_POINT ( 'NONE', #1112 ) ;
#3112 = CARTESIAN_POINT ( 'NONE',  ( 28.14593336884932384, 22.44563286691402482, 0.000000000000000000 ) ) ;
#3113 = FACE_OUTER_BOUND ( 'NONE', #1176, .T. ) ;
#3114 = CARTESIAN_POINT ( 'NONE',  ( -33.64933669852238296, 2.690283369112055123, 7.071067811865499486 ) ) ;
#3115 = AXIS2_PLACEMENT_3D ( 'NONE', #1730, #5388, #2864 ) ;
#3116 = EDGE_CURVE ( 'NONE', #1190, #5171, #2585, .T. ) ;
#3117 = ORIENTED_EDGE ( 'NONE', *, *, #106, .T. ) ;
#3118 = CARTESIAN_POINT ( 'NONE',  ( -5.365521582342921647, -35.59790974410449138, -7.000000000000000000 ) ) ;
#3119 = FACE_OUTER_BOUND ( 'NONE', #4852, .T. ) ;
#3120 = DIRECTION ( 'NONE',  ( -0.000000000000000000, -0.000000000000000000, -1.000000000000000000 ) ) ;
#3121 = EDGE_LOOP ( 'NONE', ( #2853, #1905, #582, #4357 ) ) ;
#3122 = FACE_OUTER_BOUND ( 'NONE', #2587, .T. ) ;
#3123 = ORIENTED_EDGE ( 'NONE', *, *, #5354, .T. ) ;
#3124 = CYLINDRICAL_SURFACE ( 'NONE', #2946, 2.250000000000001776 ) ;
#3125 = CARTESIAN_POINT ( 'NONE',  ( -46.99999999999999289, -1.552990540398285378E-14, -140.9360748630709281 ) ) ;
#3126 = ORIENTED_EDGE ( 'NONE', *, *, #1555, .F. ) ;
#3127 = VERTEX_POINT ( 'NONE', #3368 ) ;
#3128 = ORIENTED_EDGE ( 'NONE', *, *, #986, .T. ) ;
#3129 = CARTESIAN_POINT ( 'NONE',  ( 0.000000000000000000, 0.000000000000000000, -7.000000000000000000 ) ) ;
#3130 = AXIS2_PLACEMENT_3D ( 'NONE', #4392, #1129, #2014 ) ;
#3131 = CYLINDRICAL_SURFACE ( 'NONE', #1143, 2.250000000000001776 ) ;
#3132 = CARTESIAN_POINT ( 'NONE',  ( 18.31981460823200436, -32.43487924448709236, -109.0335419915582236 ) ) ;
#3133 = DIRECTION ( 'NONE',  ( -1.000000000000000000, 0.000000000000000000, 0.000000000000000000 ) ) ;
#3134 = EDGE_CURVE ( 'NONE', #3715, #514, #559, .T. ) ;
#3135 = ORIENTED_EDGE ( 'NONE', *, *, #120, .F. ) ;
#3136 = DIRECTION ( 'NONE',  ( 1.000000000000000000, 2.081668171172169775E-14, 0.000000000000000000 ) ) ;
#3137 = DIRECTION ( 'NONE',  ( 0.07473009358643495359, 0.9972037971811794632, 0.000000000000000000 ) ) ;
#3138 = EDGE_CURVE ( 'NONE', #2360, #5029, #425, .T. ) ;
#3139 = DIRECTION ( 'NONE',  ( 1.000000000000000000, 0.000000000000000000, 0.000000000000000000 ) ) ;
#3140 = ORIENTED_EDGE ( 'NONE', *, *, #2665, .T. ) ;
#3141 = FACE_OUTER_BOUND ( 'NONE', #1541, .T. ) ;
#3142 = AXIS2_PLACEMENT_3D ( 'NONE', #1169, #2844, #2432 ) ;
#3143 = EDGE_CURVE ( 'NONE', #2116, #4506, #4606, .T. ) ;
#3144 = DIRECTION ( 'NONE',  ( -0.000000000000000000, -0.000000000000000000, -1.000000000000000000 ) ) ;
#3145 = CYLINDRICAL_SURFACE ( 'NONE', #3341, 36.70000000000002416 ) ;
#3146 = ORIENTED_EDGE ( 'NONE', *, *, #3872, .T. ) ;
#3147 = DIRECTION ( 'NONE',  ( -0.000000000000000000, -0.000000000000000000, 1.000000000000000000 ) ) ;
#3148 = ORIENTED_EDGE ( 'NONE', *, *, #3138, .T. ) ;
#3149 = DIRECTION ( 'NONE',  ( 1.000000000000000000, 0.000000000000000000, 0.000000000000000000 ) ) ;
#3150 = EDGE_CURVE ( 'NONE', #3817, #3502, #4250, .T. ) ;
#3151 = DIRECTION ( 'NONE',  ( 0.000000000000000000, 0.000000000000000000, -1.000000000000000000 ) ) ;
#3152 = ORIENTED_EDGE ( 'NONE', *, *, #2873, .F. ) ;
#3153 = ORIENTED_EDGE ( 'NONE', *, *, #2540, .F. ) ;
#3154 = VERTEX_POINT ( 'NONE', #896 ) ;
#3155 = DIRECTION ( 'NONE',  ( 1.000000000000000000, 0.000000000000000000, 0.000000000000000000 ) ) ;
#3156 = ORIENTED_EDGE ( 'NONE', *, *, #4903, .T. ) ;
#3157 = CARTESIAN_POINT ( 'NONE',  ( -33.51145495119101980, 13.15227687719094618, 7.071067811865501263 ) ) ;
#3158 = AXIS2_PLACEMENT_3D ( 'NONE', #347, #2036, #2523 ) ;
#3159 = CARTESIAN_POINT ( 'NONE',  ( 38.59933669852249949, 2.690283369110756606, -109.0335419915582236 ) ) ;
#3160 = CYLINDRICAL_SURFACE ( 'NONE', #3606, 1.500000000011596279 ) ;
#3161 = FACE_OUTER_BOUND ( 'NONE', #341, .T. ) ;
#3162 = ORIENTED_EDGE ( 'NONE', *, *, #164, .F. ) ;
#3163 = LINE ( 'NONE', #4902, #4425 ) ;
#3164 = CARTESIAN_POINT ( 'NONE',  ( 0.000000000000000000, 47.00000000000000000, 14.00000000000000178 ) ) ;
#3165 = DIRECTION ( 'NONE',  ( 0.000000000000000000, 0.000000000000000000, 1.000000000000000000 ) ) ;
#3166 = DIRECTION ( 'NONE',  ( -0.000000000000000000, -0.000000000000000000, 1.000000000000000000 ) ) ;
#3167 = CIRCLE ( 'NONE', #270, 30.00000000000000000 ) ;
#3168 = AXIS2_PLACEMENT_3D ( 'NONE', #703, #2680, #4356 ) ;
#3169 = ORIENTED_EDGE ( 'NONE', *, *, #831, .T. ) ;
#3170 = DIRECTION ( 'NONE',  ( 0.000000000000000000, 0.000000000000000000, 1.000000000000000000 ) ) ;
#3171 = EDGE_CURVE ( 'NONE', #587, #5393, #3641, .T. ) ;
#3172 = CIRCLE ( 'NONE', #974, 2.250000000000000444 ) ;
#3173 = CARTESIAN_POINT ( 'NONE',  ( 33.51145495119168061, 13.15227687718926575, -7.000000000000000000 ) ) ;
#3174 = CARTESIAN_POINT ( 'NONE',  ( 0.000000000000000000, 0.000000000000000000, -8.000000000000000000 ) ) ;
#3175 = AXIS2_PLACEMENT_3D ( 'NONE', #2089, #3676, #1667 ) ;
#3176 = ORIENTED_EDGE ( 'NONE', *, *, #2562, .F. ) ;
#3177 = EDGE_CURVE ( 'NONE', #2225, #4506, #1443, .T. ) ;
#3178 = CARTESIAN_POINT ( 'NONE',  ( 18.25319984466178980, -31.83882371305259795, 0.000000000000000000 ) ) ;
#3179 = ORIENTED_EDGE ( 'NONE', *, *, #2171, .F. ) ;
#3180 = AXIS2_PLACEMENT_3D ( 'NONE', #5235, #2791, #2732 ) ;
#3181 = DIRECTION ( 'NONE',  ( -0.000000000000000000, -0.000000000000000000, 1.000000000000000000 ) ) ;
#3182 = DIRECTION ( 'NONE',  ( 1.000000000000000000, 0.000000000000000000, 0.000000000000000000 ) ) ;
#3183 = EDGE_LOOP ( 'NONE', ( #51, #93, #3244, #4262 ) ) ;
#3184 = CIRCLE ( 'NONE', #2435, 2.250000000000000444 ) ;
#3185 = ORIENTED_EDGE ( 'NONE', *, *, #632, .F. ) ;
#3186 = ORIENTED_EDGE ( 'NONE', *, *, #1693, .T. ) ;
#3187 = EDGE_CURVE ( 'NONE', #99, #4470, #1979, .T. ) ;
#3188 = LINE ( 'NONE', #4477, #498 ) ;
#3189 = FACE_OUTER_BOUND ( 'NONE', #2092, .T. ) ;
#3190 = DIRECTION ( 'NONE',  ( 0.000000000000000000, 0.000000000000000000, -1.000000000000000000 ) ) ;
#3191 = AXIS2_PLACEMENT_3D ( 'NONE', #1496, #702, #2059 ) ;
#3192 = DIRECTION ( 'NONE',  ( -0.000000000000000000, -0.000000000000000000, -1.000000000000000000 ) ) ;
#3193 = VECTOR ( 'NONE', #4186, 1000.000000000000000 ) ;
#3194 = DIRECTION ( 'NONE',  ( -0.7071067811865513475, 0.7071067811865437980, 0.000000000000000000 ) ) ;
#3195 = ORIENTED_EDGE ( 'NONE', *, *, #5148, .T. ) ;
#3196 = AXIS2_PLACEMENT_3D ( 'NONE', #3994, #224, #3666 ) ;
#3197 = CARTESIAN_POINT ( 'NONE',  ( 0.000000000000000000, 0.000000000000000000, -109.0335419915582236 ) ) ;
#3198 = DIRECTION ( 'NONE',  ( -0.000000000000000000, 0.000000000000000000, 1.000000000000000000 ) ) ;
#3199 = CARTESIAN_POINT ( 'NONE',  ( -43.50000000000031974, 2.473715676742926917E-12, 4.000000000000001776 ) ) ;
#3200 = AXIS2_PLACEMENT_3D ( 'NONE', #4784, #577, #1847 ) ;
#3201 = FACE_OUTER_BOUND ( 'NONE', #1997, .T. ) ;
#3202 = AXIS2_PLACEMENT_3D ( 'NONE', #1908, #1489, #3469 ) ;
#3203 = ORIENTED_EDGE ( 'NONE', *, *, #1137, .T. ) ;
#3204 = CARTESIAN_POINT ( 'NONE',  ( 0.000000000000000000, 0.000000000000000000, 0.000000000000000000 ) ) ;
#3205 = CIRCLE ( 'NONE', #1801, 36.69999999999999574 ) ;
#3206 = CARTESIAN_POINT ( 'NONE',  ( -26.73621855975358841, -26.38986738587323444, -7.000000000000000000 ) ) ;
#3207 = DIRECTION ( 'NONE',  ( 1.000000000000000000, 0.000000000000000000, 0.000000000000000000 ) ) ;
#3208 = CIRCLE ( 'NONE', #2078, 2.700000000000028599 ) ;
#3209 = EDGE_CURVE ( 'NONE', #2731, #1344, #1183, .T. ) ;
#3210 = ORIENTED_EDGE ( 'NONE', *, *, #3708, .F. ) ;
#3211 = DIRECTION ( 'NONE',  ( 0.000000000000000000, 0.000000000000000000, 1.000000000000000000 ) ) ;
#3212 = ORIENTED_EDGE ( 'NONE', *, *, #960, .T. ) ;
#3213 = DIRECTION ( 'NONE',  ( -1.000000000000000000, 0.000000000000000000, 0.000000000000000000 ) ) ;
#3214 = CARTESIAN_POINT ( 'NONE',  ( -24.48621855975358841, -26.38986738587323444, -7.000000000000000000 ) ) ;
#3215 = ADVANCED_FACE ( 'NONE', ( #2962 ), #4657, .F. ) ;
#3216 = ORIENTED_EDGE ( 'NONE', *, *, #1998, .T. ) ;
#3217 = ADVANCED_FACE ( 'NONE', ( #2112 ), #481, .F. ) ;
#3218 = VERTEX_POINT ( 'NONE', #4249 ) ;
#3219 = ORIENTED_EDGE ( 'NONE', *, *, #4578, .F. ) ;
#3220 = CARTESIAN_POINT ( 'NONE',  ( -20.27952209028966735, 29.74459587537625538, 0.000000000000000000 ) ) ;
#3221 = ORIENTED_EDGE ( 'NONE', *, *, #5400, .T. ) ;
#3222 = LINE ( 'NONE', #748, #1755 ) ;
#3223 = CARTESIAN_POINT ( 'NONE',  ( 46.99999999999999289, -42.00000000000000000, -140.9360748630709281 ) ) ;
#3224 = EDGE_CURVE ( 'NONE', #2996, #1452, #203, .T. ) ;
#3225 = CARTESIAN_POINT ( 'NONE',  ( 33.51145495119168061, 13.15227687718926575, 7.071067811865501263 ) ) ;
#3226 = CARTESIAN_POINT ( 'NONE',  ( -1.500000000014509949, -41.99999999998873079, 14.00000000000000178 ) ) ;
#3227 = VECTOR ( 'NONE', #3246, 1000.000000000000000 ) ;
#3228 = DIRECTION ( 'NONE',  ( 1.000000000000000000, 0.000000000000000000, 0.000000000000000000 ) ) ;
#3229 = CYLINDRICAL_SURFACE ( 'NONE', #1334, 2.700000000000032152 ) ;
#3230 = ADVANCED_FACE ( 'NONE', ( #3041 ), #2139, .T. ) ;
#3231 = CARTESIAN_POINT ( 'NONE',  ( -2.914335439641035919E-12, -41.99999999998873079, 4.000000000000001776 ) ) ;
#3232 = EDGE_LOOP ( 'NONE', ( #178, #1006 ) ) ;
#3233 = LINE ( 'NONE', #2459, #2573 ) ;
#3234 = DIRECTION ( 'NONE',  ( 0.000000000000000000, -1.000000000000000000, 0.000000000000000000 ) ) ;
#3235 = CARTESIAN_POINT ( 'NONE',  ( 41.99999999999997158, 47.00000000000000000, -8.000000000000046185 ) ) ;
#3236 = VERTEX_POINT ( 'NONE', #1311 ) ;
#3237 = CARTESIAN_POINT ( 'NONE',  ( 0.000000000000000000, 0.000000000000000000, 14.00000000000000178 ) ) ;
#3238 = AXIS2_PLACEMENT_3D ( 'NONE', #330, #3544, #3133 ) ;
#3239 = ORIENTED_EDGE ( 'NONE', *, *, #2049, .F. ) ;
#3240 = DIRECTION ( 'NONE',  ( 1.000000000000000000, 0.000000000000000000, 0.000000000000000000 ) ) ;
#3241 = ADVANCED_FACE ( 'NONE', ( #842 ), #923, .F. ) ;
#3242 = DIRECTION ( 'NONE',  ( 1.000000000000000000, 0.000000000000000000, 0.000000000000000000 ) ) ;
#3243 = EDGE_LOOP ( 'NONE', ( #3823, #4450, #27, #4171 ) ) ;
#3244 = ORIENTED_EDGE ( 'NONE', *, *, #2616, .F. ) ;
#3245 = ORIENTED_EDGE ( 'NONE', *, *, #1693, .F. ) ;
#3246 = DIRECTION ( 'NONE',  ( 0.000000000000000000, 0.000000000000000000, -1.000000000000000000 ) ) ;
#3247 = CARTESIAN_POINT ( 'NONE',  ( 36.48975133124804415, 38.87314781470556824, 14.00000000000000178 ) ) ;
#3248 = ADVANCED_FACE ( 'NONE', ( #3418 ), #5096, .F. ) ;
#3249 = DIRECTION ( 'NONE',  ( -0.000000000000000000, -0.000000000000000000, -1.000000000000000000 ) ) ;
#3250 = DIRECTION ( 'NONE',  ( 1.000000000000000000, 0.000000000000000000, 0.000000000000000000 ) ) ;
#3251 = CARTESIAN_POINT ( 'NONE',  ( -37.34740483854578486, -8.010753622426568299, 7.071067811865501263 ) ) ;
#3252 = EDGE_CURVE ( 'NONE', #2731, #100, #4173, .T. ) ;
#3253 = CIRCLE ( 'NONE', #3336, 2.700000000000025491 ) ;
#3254 = CARTESIAN_POINT ( 'NONE',  ( 5.365521582342155149, -35.59790974410460507, -109.0335419915582236 ) ) ;
#3255 = DIRECTION ( 'NONE',  ( 1.000000000000000000, 0.000000000000000000, 0.000000000000000000 ) ) ;
#3256 = CARTESIAN_POINT ( 'NONE',  ( -24.48621855975320472, -26.38986738587357550, -109.0335419915582236 ) ) ;
#3257 = ORIENTED_EDGE ( 'NONE', *, *, #3813, .T. ) ;
#3258 = EDGE_CURVE ( 'NONE', #3951, #2373, #5209, .T. ) ;
#3259 = DIRECTION ( 'NONE',  ( 0.000000000000000000, -0.000000000000000000, -1.000000000000000000 ) ) ;
#3260 = CARTESIAN_POINT ( 'NONE',  ( -13.36981460823269074, -32.43487924448676551, 0.000000000000000000 ) ) ;
#3261 = AXIS2_PLACEMENT_3D ( 'NONE', #1887, #5173, #585 ) ;
#3262 = ORIENTED_EDGE ( 'NONE', *, *, #3289, .F. ) ;
#3263 = CIRCLE ( 'NONE', #972, 36.70000000000001705 ) ;
#3264 = ORIENTED_EDGE ( 'NONE', *, *, #1375, .T. ) ;
#3265 = DIRECTION ( 'NONE',  ( -0.000000000000000000, -0.000000000000000000, 1.000000000000000000 ) ) ;
#3266 = CARTESIAN_POINT ( 'NONE',  ( 40.99999999999997868, 40.99999999999999289, 0.000000000000000000 ) ) ;
#3267 = ORIENTED_EDGE ( 'NONE', *, *, #632, .T. ) ;
#3268 = ORIENTED_EDGE ( 'NONE', *, *, #4548, .F. ) ;
#3269 = VERTEX_POINT ( 'NONE', #1384 ) ;
#3270 = AXIS2_PLACEMENT_3D ( 'NONE', #1235, #3762, #5435 ) ;
#3271 = LINE ( 'NONE', #407, #1514 ) ;
#3272 = VECTOR ( 'NONE', #1032, 1000.000000000000000 ) ;
#3273 = CYLINDRICAL_SURFACE ( 'NONE', #4562, 2.700000000000014833 ) ;
#3274 = DIRECTION ( 'NONE',  ( 1.000000000000000000, 0.000000000000000000, 0.000000000000000000 ) ) ;
#3275 = VECTOR ( 'NONE', #1109, 1000.000000000000000 ) ;
#3276 = ORIENTED_EDGE ( 'NONE', *, *, #2917, .F. ) ;
#3277 = ADVANCED_FACE ( 'NONE', ( #3141 ), #3937, .F. ) ;
#3278 = DIRECTION ( 'NONE',  ( 0.000000000000000000, 0.000000000000000000, 1.000000000000000000 ) ) ;
#3279 = CARTESIAN_POINT ( 'NONE',  ( 43.09999999999998010, 40.99999999999999289, -140.9360748630709281 ) ) ;
#3280 = DIRECTION ( 'NONE',  ( 0.000000000000000000, 0.000000000000000000, -1.000000000000000000 ) ) ;
#3281 = EDGE_CURVE ( 'NONE', #2612, #1154, #3090, .T. ) ;
#3282 = CARTESIAN_POINT ( 'NONE',  ( -38.89999999999998437, -40.99999999999996447, 0.000000000000000000 ) ) ;
#3283 = AXIS2_PLACEMENT_3D ( 'NONE', #448, #5405, #4570 ) ;
#3284 = ORIENTED_EDGE ( 'NONE', *, *, #4534, .T. ) ;
#3285 = ADVANCED_FACE ( 'NONE', ( #1914 ), #4814, .T. ) ;
#3286 = DIRECTION ( 'NONE',  ( 0.000000000000000000, 0.000000000000000000, 1.000000000000000000 ) ) ;
#3287 = AXIS2_PLACEMENT_3D ( 'NONE', #5144, #5225, #4757 ) ;
#3288 = DIRECTION ( 'NONE',  ( -0.000000000000000000, -0.000000000000000000, -1.000000000000000000 ) ) ;
#3289 = EDGE_CURVE ( 'NONE', #5430, #3, #5126, .T. ) ;
#3290 = ORIENTED_EDGE ( 'NONE', *, *, #2262, .T. ) ;
#3291 = VECTOR ( 'NONE', #3401, 1000.000000000000000 ) ;
#3292 = VERTEX_POINT ( 'NONE', #5201 ) ;
#3293 = DIRECTION ( 'NONE',  ( 1.000000000000000000, 0.000000000000000000, 0.000000000000000000 ) ) ;
#3294 = CIRCLE ( 'NONE', #2765, 2.099999999999997868 ) ;
#3295 = ORIENTED_EDGE ( 'NONE', *, *, #2879, .F. ) ;
#3296 = ORIENTED_EDGE ( 'NONE', *, *, #4761, .F. ) ;
#3297 = ORIENTED_EDGE ( 'NONE', *, *, #3486, .T. ) ;
#3298 = FACE_OUTER_BOUND ( 'NONE', #1260, .T. ) ;
#3299 = LINE ( 'NONE', #4978, #2859 ) ;
#3300 = DIRECTION ( 'NONE',  ( -0.000000000000000000, -0.000000000000000000, 1.000000000000000000 ) ) ;
#3301 = DIRECTION ( 'NONE',  ( 0.000000000000000000, 0.000000000000000000, 1.000000000000000000 ) ) ;
#3302 = ORIENTED_EDGE ( 'NONE', *, *, #3945, .T. ) ;
#3303 = EDGE_CURVE ( 'NONE', #3817, #1657, #2727, .T. ) ;
#3304 = ORIENTED_EDGE ( 'NONE', *, *, #1265, .T. ) ;
#3305 = CARTESIAN_POINT ( 'NONE',  ( -32.60000000000000142, 0.000000000000000000, 0.000000000000000000 ) ) ;
#3306 = DIRECTION ( 'NONE',  ( 0.000000000000000000, 0.000000000000000000, 1.000000000000000000 ) ) ;
#3307 = FACE_BOUND ( 'NONE', #1152, .T. ) ;
#3308 = EDGE_CURVE ( 'NONE', #5433, #650, #4963, .T. ) ;
#3309 = CARTESIAN_POINT ( 'NONE',  ( 41.99999999998872369, -2.765149220707030508E-12, 14.00000000000000178 ) ) ;
#3310 = VERTEX_POINT ( 'NONE', #3580 ) ;
#3311 = DIRECTION ( 'NONE',  ( 1.000000000000000000, 0.000000000000000000, 0.000000000000000000 ) ) ;
#3312 = AXIS2_PLACEMENT_3D ( 'NONE', #4009, #5243, #3155 ) ;
#3313 = FILL_AREA_STYLE_COLOUR ( '', #995 ) ;
#3314 = EDGE_LOOP ( 'NONE', ( #1298, #4863, #458, #2994 ) ) ;
#3315 = EDGE_CURVE ( 'NONE', #2095, #5318, #1885, .T. ) ;
#3316 = ORIENTED_EDGE ( 'NONE', *, *, #3619, .F. ) ;
#3317 = FACE_OUTER_BOUND ( 'NONE', #189, .T. ) ;
#3318 = CARTESIAN_POINT ( 'NONE',  ( 36.27327869805024818, -5.580255593929090985, -109.0335419915582236 ) ) ;
#3319 = ORIENTED_EDGE ( 'NONE', *, *, #2706, .T. ) ;
#3320 = EDGE_LOOP ( 'NONE', ( #2286, #2486, #619, #5055 ) ) ;
#3321 = FACE_OUTER_BOUND ( 'NONE', #3183, .T. ) ;
#3322 = ADVANCED_FACE ( 'NONE', ( #641 ), #3915, .F. ) ;
#3323 = CYLINDRICAL_SURFACE ( 'NONE', #4342, 2.250000000000001776 ) ;
#3324 =( NAMED_UNIT ( * ) PLANE_ANGLE_UNIT ( ) SI_UNIT ( $, .RADIAN. ) );
#3325 = CARTESIAN_POINT ( 'NONE',  ( 0.000000000000000000, 0.000000000000000000, 14.00000000000000178 ) ) ;
#3326 = ORIENTED_EDGE ( 'NONE', *, *, #996, .F. ) ;
#3327 = VERTEX_POINT ( 'NONE', #5258 ) ;
#3328 = DIRECTION ( 'NONE',  ( 1.000000000000000000, 0.000000000000000000, 0.000000000000000000 ) ) ;
#3329 = CARTESIAN_POINT ( 'NONE',  ( -35.09740483854577775, -8.010753622426568299, 7.071067811865501263 ) ) ;
#3330 = CARTESIAN_POINT ( 'NONE',  ( 5.365521582342155149, -35.59790974410460507, 14.00000000000000178 ) ) ;
#3331 = VECTOR ( 'NONE', #3637, 1000.000000000000000 ) ;
#3332 = ORIENTED_EDGE ( 'NONE', *, *, #1608, .T. ) ;
#3333 = AXIS2_PLACEMENT_3D ( 'NONE', #3818, #4232, #3790 ) ;
#3334 = CARTESIAN_POINT ( 'NONE',  ( -33.11385923708135692, 15.82284192004594914, 14.00000000000000178 ) ) ;
#3335 = CARTESIAN_POINT ( 'NONE',  ( 31.17691453623947240, -18.00000000000046541, 7.071067811865497710 ) ) ;
#3336 = AXIS2_PLACEMENT_3D ( 'NONE', #3996, #1314, #4635 ) ;
#3337 = ORIENTED_EDGE ( 'NONE', *, *, #5014, .F. ) ;
#3338 = EDGE_CURVE ( 'NONE', #3900, #2498, #2854, .T. ) ;
#3339 = DIRECTION ( 'NONE',  ( 0.000000000000000000, 0.000000000000000000, 1.000000000000000000 ) ) ;
#3340 = VERTEX_POINT ( 'NONE', #1023 ) ;
#3341 = AXIS2_PLACEMENT_3D ( 'NONE', #2294, #645, #2325 ) ;
#3342 = DIRECTION ( 'NONE',  ( 0.000000000000000000, 0.000000000000000000, 1.000000000000000000 ) ) ;
#3343 = DIRECTION ( 'NONE',  ( -0.000000000000000000, -0.000000000000000000, 1.000000000000000000 ) ) ;
#3344 = ADVANCED_FACE ( 'NONE', ( #144 ), #4353, .T. ) ;
#3345 = AXIS2_PLACEMENT_3D ( 'NONE', #599, #3489, #2668 ) ;
#3346 = ORIENTED_EDGE ( 'NONE', *, *, #3470, .F. ) ;
#3347 = VERTEX_POINT ( 'NONE', #1827 ) ;
#3348 = CARTESIAN_POINT ( 'NONE',  ( 20.27952209029115949, 29.74459587537523930, 0.000000000000000000 ) ) ;
#3349 = ORIENTED_EDGE ( 'NONE', *, *, #2138, .T. ) ;
#3350 = DIRECTION ( 'NONE',  ( 1.000000000000000000, 0.000000000000000000, 0.000000000000000000 ) ) ;
#3351 = AXIS2_PLACEMENT_3D ( 'NONE', #23, #2530, #1627 ) ;
#3352 = CARTESIAN_POINT ( 'NONE',  ( -15.95769335655780630, 16.99999999999999645, 14.00000000000001243 ) ) ;
#3353 = EDGE_LOOP ( 'NONE', ( #3135, #171, #3152, #4770 ) ) ;
#3354 = EDGE_CURVE ( 'NONE', #234, #211, #3545, .T. ) ;
#3355 = VERTEX_POINT ( 'NONE', #608 ) ;
#3356 = DIRECTION ( 'NONE',  ( 0.000000000000000000, 0.000000000000000000, 1.000000000000000000 ) ) ;
#3357 = AXIS2_PLACEMENT_3D ( 'NONE', #4529, #4576, #2464 ) ;
#3358 = DIRECTION ( 'NONE',  ( 0.000000000000000000, 0.000000000000000000, 1.000000000000000000 ) ) ;
#3359 = AXIS2_PLACEMENT_3D ( 'NONE', #3348, #1261, #848 ) ;
#3360 = DIRECTION ( 'NONE',  ( 1.000000000000000000, 0.000000000000000000, 0.000000000000000000 ) ) ;
#3361 = ORIENTED_EDGE ( 'NONE', *, *, #4685, .F. ) ;
#3362 = FACE_OUTER_BOUND ( 'NONE', #954, .T. ) ;
#3363 = DIRECTION ( 'NONE',  ( 1.000000000000000000, 0.000000000000000000, 0.000000000000000000 ) ) ;
#3364 = PRESENTATION_STYLE_ASSIGNMENT (( #4655 ) ) ;
#3365 = AXIS2_PLACEMENT_3D ( 'NONE', #674, #2436, #285 ) ;
#3366 = EDGE_LOOP ( 'NONE', ( #4723, #3522, #1786, #4451 ) ) ;
#3367 = AXIS2_PLACEMENT_3D ( 'NONE', #4244, #4680, #2181 ) ;
#3368 = CARTESIAN_POINT ( 'NONE',  ( -22.52952209028966735, 29.74459587537625538, 0.000000000000000000 ) ) ;
#3369 = VERTEX_POINT ( 'NONE', #118 ) ;
#3370 = AXIS2_PLACEMENT_3D ( 'NONE', #3775, #1223, #1746 ) ;
#3371 = DIRECTION ( 'NONE',  ( -0.7071067811865512365, 0.7071067811865439090, 0.000000000000000000 ) ) ;
#3372 = AXIS2_PLACEMENT_3D ( 'NONE', #333, #2753, #4838 ) ;
#3373 = DIRECTION ( 'NONE',  ( -1.000000000000000000, 0.000000000000000000, 0.000000000000000000 ) ) ;
#3374 = EDGE_CURVE ( 'NONE', #881, #1478, #3473, .T. ) ;
#3375 = ORIENTED_EDGE ( 'NONE', *, *, #3547, .T. ) ;
#3376 = ORIENTED_EDGE ( 'NONE', *, *, #4595, .T. ) ;
#3377 = DIRECTION ( 'NONE',  ( 0.000000000000000000, 0.000000000000000000, -1.000000000000000000 ) ) ;
#3378 = EDGE_LOOP ( 'NONE', ( #342, #2462, #4326, #712 ) ) ;
#3379 = CARTESIAN_POINT ( 'NONE',  ( 38.87314781470555403, 36.48975133124806547, 0.000000000000000000 ) ) ;
#3380 = EDGE_CURVE ( 'NONE', #1518, #1201, #4734, .T. ) ;
#3381 = VECTOR ( 'NONE', #3864, 1000.000000000000000 ) ;
#3382 = CARTESIAN_POINT ( 'NONE',  ( 24.48621855975301642, -26.38986738587376735, 14.00000000000000178 ) ) ;
#3383 = ORIENTED_EDGE ( 'NONE', *, *, #4022, .T. ) ;
#3384 = ADVANCED_FACE ( 'NONE', ( #4327 ), #4377, .F. ) ;
#3385 = ORIENTED_EDGE ( 'NONE', *, *, #2154, .T. ) ;
#3386 = CARTESIAN_POINT ( 'NONE',  ( 24.48621855975263983, -26.38986738587411551, -7.000000000000000000 ) ) ;
#3387 = CARTESIAN_POINT ( 'NONE',  ( 31.17691453623947240, -18.00000000000046541, 7.071067811865497710 ) ) ;
#3388 = ADVANCED_FACE ( 'NONE', ( #999 ), #2678, .F. ) ;
#3389 = DIRECTION ( 'NONE',  ( -1.000000000000000000, 0.000000000000000000, 0.000000000000000000 ) ) ;
#3390 = EDGE_LOOP ( 'NONE', ( #2270, #3337, #2551, #3946, #5300, #3624, #940, #3346, #3506, #1103, #3093, #5153, #1036, #1396, #4198, #3870, #738, #2617, #5077, #366, #3760, #4008, #593, #4096, #1033, #5403, #2967, #4147, #2378, #1789, #819, #786, #2781, #666, #4365, #4952, #3979, #1416, #266, #1875, #4737, #5028, #5035, #1255, #1669, #1197, #408, #1423, #2403, #1939, #3926, #2883 ) ) ;
#3391 = DIRECTION ( 'NONE',  ( 1.000000000000000000, 0.000000000000000000, 0.000000000000000000 ) ) ;
#3392 = EDGE_CURVE ( 'NONE', #3355, #4308, #3632, .T. ) ;
#3393 = DIRECTION ( 'NONE',  ( 0.000000000000000000, 0.000000000000000000, 1.000000000000000000 ) ) ;
#3394 = CARTESIAN_POINT ( 'NONE',  ( -2.914335439641035919E-12, -41.99999999998873079, 14.00000000000000178 ) ) ;
#3395 = CARTESIAN_POINT ( 'NONE',  ( 22.96928245297783988, -28.62345303409993846, -109.0335419915582236 ) ) ;
#3396 = DIRECTION ( 'NONE',  ( -0.000000000000000000, -0.000000000000000000, 1.000000000000000000 ) ) ;
#3397 = DIRECTION ( 'NONE',  ( 1.000000000000000000, 0.000000000000000000, 0.000000000000000000 ) ) ;
#3398 = ORIENTED_EDGE ( 'NONE', *, *, #3571, .F. ) ;
#3399 = CARTESIAN_POINT ( 'NONE',  ( -3.115521582342919427, -35.59790974410449138, 7.071067811865499486 ) ) ;
#3400 = ORIENTED_EDGE ( 'NONE', *, *, #3171, .F. ) ;
#3401 = DIRECTION ( 'NONE',  ( -0.000000000000000000, -0.000000000000000000, 1.000000000000000000 ) ) ;
#3402 = CARTESIAN_POINT ( 'NONE',  ( -33.51145495119101980, 13.15227687719094618, 7.071067811865501263 ) ) ;
#3403 = CARTESIAN_POINT ( 'NONE',  ( 10.61118627879293008, 34.40062100830090941, 0.000000000000000000 ) ) ;
#3404 = ORIENTED_EDGE ( 'NONE', *, *, #5400, .F. ) ;
#3405 = VERTEX_POINT ( 'NONE', #2872 ) ;
#3406 = CYLINDRICAL_SURFACE ( 'NONE', #3808, 2.250000000000001776 ) ;
#3407 = EDGE_CURVE ( 'NONE', #2303, #2497, #1874, .T. ) ;
#3408 = CIRCLE ( 'NONE', #689, 29.99999999999999645 ) ;
#3409 = LINE ( 'NONE', #3746, #1313 ) ;
#3410 = DIRECTION ( 'NONE',  ( -0.000000000000000000, -0.000000000000000000, -1.000000000000000000 ) ) ;
#3411 = ADVANCED_FACE ( 'NONE', ( #5374 ), #4545, .F. ) ;
#3412 = ORIENTED_EDGE ( 'NONE', *, *, #177, .F. ) ;
#3413 = DIRECTION ( 'NONE',  ( -0.000000000000000000, -0.000000000000000000, 1.000000000000000000 ) ) ;
#3414 = CARTESIAN_POINT ( 'NONE',  ( 0.000000000000000000, 0.000000000000000000, 14.00000000000000178 ) ) ;
#3415 = CARTESIAN_POINT ( 'NONE',  ( 20.27952209029071184, 29.74459587537554839, 0.000000000000000000 ) ) ;
#3416 = EDGE_CURVE ( 'NONE', #1452, #1478, #5199, .T. ) ;
#3417 = AXIS2_PLACEMENT_3D ( 'NONE', #3660, #1069, #4830 ) ;
#3418 = FACE_OUTER_BOUND ( 'NONE', #3422, .T. ) ;
#3419 = AXIS2_PLACEMENT_3D ( 'NONE', #456, #3860, #5128 ) ;
#3420 = DIRECTION ( 'NONE',  ( 1.000000000000000000, 0.000000000000000000, 0.000000000000000000 ) ) ;
#3421 = CARTESIAN_POINT ( 'NONE',  ( -42.00000000000000711, 42.00000000000000000, 0.000000000000000000 ) ) ;
#3422 = EDGE_LOOP ( 'NONE', ( #3824, #4975 ) ) ;
#3423 = LINE ( 'NONE', #2655, #2394 ) ;
#3424 = EDGE_LOOP ( 'NONE', ( #5079, #1171, #5263, #2974 ) ) ;
#3425 = DIRECTION ( 'NONE',  ( 1.000000000000000000, 0.000000000000000000, 0.000000000000000000 ) ) ;
#3426 = FACE_OUTER_BOUND ( 'NONE', #990, .T. ) ;
#3427 = ORIENTED_EDGE ( 'NONE', *, *, #1337, .T. ) ;
#3428 = AXIS2_PLACEMENT_3D ( 'NONE', #609, #1915, #3581 ) ;
#3429 = EDGE_LOOP ( 'NONE', ( #5323, #984 ) ) ;
#3430 = CARTESIAN_POINT ( 'NONE',  ( 37.79740483854563848, -8.010753622427328580, 14.00000000000000178 ) ) ;
#3431 = CARTESIAN_POINT ( 'NONE',  ( 18.25319984466178980, -31.83882371305259795, 14.00000000000000178 ) ) ;
#3432 = AXIS2_PLACEMENT_3D ( 'NONE', #1573, #796, #4588 ) ;
#3433 = DIRECTION ( 'NONE',  ( -0.000000000000000000, -0.000000000000000000, -1.000000000000000000 ) ) ;
#3434 = CIRCLE ( 'NONE', #90, 36.70000000000003126 ) ;
#3435 = VERTEX_POINT ( 'NONE', #2787 ) ;
#3436 = AXIS2_PLACEMENT_3D ( 'NONE', #3838, #2683, #3920 ) ;
#3437 = DIRECTION ( 'NONE',  ( 1.000000000000000000, 0.000000000000000000, 0.000000000000000000 ) ) ;
#3438 = DIRECTION ( 'NONE',  ( 1.000000000000000000, 0.000000000000000000, 0.000000000000000000 ) ) ;
#3439 = AXIS2_PLACEMENT_3D ( 'NONE', #5268, #2795, #2331 ) ;
#3440 = EDGE_CURVE ( 'NONE', #378, #5029, #2224, .T. ) ;
#3441 = CARTESIAN_POINT ( 'NONE',  ( 46.99999999999999289, -42.00000000000000000, 0.000000000000000000 ) ) ;
#3442 = VECTOR ( 'NONE', #3600, 1000.000000000000000 ) ;
#3443 = CARTESIAN_POINT ( 'NONE',  ( 20.27952209029115949, 29.74459587537523930, -7.000000000000000000 ) ) ;
#3444 = EDGE_CURVE ( 'NONE', #1057, #2252, #3233, .T. ) ;
#3445 = AXIS2_PLACEMENT_3D ( 'NONE', #4440, #3669, #731 ) ;
#3446 = CARTESIAN_POINT ( 'NONE',  ( 2.250000000000905054, 35.99999999999995737, 7.071067811865499486 ) ) ;
#3447 = CARTESIAN_POINT ( 'NONE',  ( 35.09740483854548643, -8.010753622427833065, 0.000000000000000000 ) ) ;
#3448 = VECTOR ( 'NONE', #4129, 1000.000000000000000 ) ;
#3449 = ORIENTED_EDGE ( 'NONE', *, *, #2749, .F. ) ;
#3450 = FACE_OUTER_BOUND ( 'NONE', #1759, .T. ) ;
#3451 = VECTOR ( 'NONE', #2289, 1000.000000000000000 ) ;
#3452 = ORIENTED_EDGE ( 'NONE', *, *, #4810, .T. ) ;
#3453 = DIRECTION ( 'NONE',  ( -0.000000000000000000, -0.000000000000000000, -1.000000000000000000 ) ) ;
#3454 = EDGE_CURVE ( 'NONE', #2797, #466, #108, .T. ) ;
#3455 = AXIS2_PLACEMENT_3D ( 'NONE', #1043, #3038, #2721 ) ;
#3456 = CARTESIAN_POINT ( 'NONE',  ( -46.99999999999998579, -15.95769335655783117, 0.000000000000000000 ) ) ;
#3457 = AXIS2_PLACEMENT_3D ( 'NONE', #4808, #2318, #3060 ) ;
#3458 = ORIENTED_EDGE ( 'NONE', *, *, #3067, .F. ) ;
#3459 = ORIENTED_EDGE ( 'NONE', *, *, #2371, .T. ) ;
#3460 = ORIENTED_EDGE ( 'NONE', *, *, #3828, .T. ) ;
#3461 = PLANE ( 'NONE',  #4793 ) ;
#3462 = VECTOR ( 'NONE', #3027, 1000.000000000000000 ) ;
#3463 = CYLINDRICAL_SURFACE ( 'NONE', #4122, 1.500000000011596279 ) ;
#3464 = CARTESIAN_POINT ( 'NONE',  ( 22.23621855975263983, -26.38986738587411551, -7.000000000000000000 ) ) ;
#3465 = EDGE_CURVE ( 'NONE', #4643, #2225, #3887, .T. ) ;
#3466 = CIRCLE ( 'NONE', #1882, 2.700000000000014833 ) ;
#3467 = ORIENTED_EDGE ( 'NONE', *, *, #4656, .F. ) ;
#3468 = DIRECTION ( 'NONE',  ( 1.000000000000000000, 0.000000000000000000, 0.000000000000000000 ) ) ;
#3470 = EDGE_CURVE ( 'NONE', #1629, #2113, #467, .T. ) ;
#3469 = DIRECTION ( 'NONE',  ( 1.000000000000000000, 0.000000000000000000, 0.000000000000000000 ) ) ;
#3471 = CARTESIAN_POINT ( 'NONE',  ( 35.89933669852248244, 2.690283369110756606, -7.000000000000000000 ) ) ;
#3472 = VERTEX_POINT ( 'NONE', #2848 ) ;
#3473 = LINE ( 'NONE', #5149, #1967 ) ;
#3474 = EDGE_CURVE ( 'NONE', #5171, #1190, #991, .T. ) ;
#3475 = LINE ( 'NONE', #3859, #3876 ) ;
#3476 = DIRECTION ( 'NONE',  ( 0.000000000000000000, 0.000000000000000000, 1.000000000000000000 ) ) ;
#3477 = VERTEX_POINT ( 'NONE', #3696 ) ;
#3478 = EDGE_CURVE ( 'NONE', #5102, #1518, #194, .T. ) ;
#3479 = CYLINDRICAL_SURFACE ( 'NONE', #371, 2.250000000000001776 ) ;
#3480 = EDGE_LOOP ( 'NONE', ( #935, #2687, #1567, #1783, #933, #4744, #2155, #1614, #4592, #3866, #437, #1100, #5385, #5265, #1821, #3877, #3296, #2766, #419, #3759, #4879, #3763, #4599, #2862, #1487, #676, #3295, #2532, #2086, #2063, #1913, #3980, #4422, #5061, #2768, #3490, #4612, #1760, #5054, #3099, #4605, #2416, #5214, #4801, #4520, #4796, #507, #1896, #4970, #1481, #1554, #3126 ) ) ;
#3481 = CYLINDRICAL_SURFACE ( 'NONE', #2072, 2.250000000000001776 ) ;
#3482 = CARTESIAN_POINT ( 'NONE',  ( -26.73621855975358841, -26.38986738587323444, 7.071067811865501263 ) ) ;
#3483 = ORIENTED_EDGE ( 'NONE', *, *, #3749, .T. ) ;
#3484 = EDGE_LOOP ( 'NONE', ( #4280, #2830 ) ) ;
#3485 = VERTEX_POINT ( 'NONE', #1117 ) ;
#3486 = EDGE_CURVE ( 'NONE', #3405, #4420, #3974, .T. ) ;
#3487 = FACE_OUTER_BOUND ( 'NONE', #2500, .T. ) ;
#3488 = CARTESIAN_POINT ( 'NONE',  ( 13.51191078917790378, -34.12210818260349754, 14.00000000000000178 ) ) ;
#3489 = DIRECTION ( 'NONE',  ( -0.000000000000000000, -0.000000000000000000, -1.000000000000000000 ) ) ;
#3490 = ORIENTED_EDGE ( 'NONE', *, *, #1301, .F. ) ;
#3491 = AXIS2_PLACEMENT_3D ( 'NONE', #4834, #5221, #3250 ) ;
#3492 = PLANE ( 'NONE',  #3200 ) ;
#3493 = CARTESIAN_POINT ( 'NONE',  ( 3.989863994746656317E-13, 35.99999999999995737, -109.0335419915582236 ) ) ;
#3494 = ORIENTED_EDGE ( 'NONE', *, *, #2501, .F. ) ;
#3495 = CARTESIAN_POINT ( 'NONE',  ( -24.48621855975358841, -26.38986738587323444, 0.000000000000000000 ) ) ;
#3496 = LINE ( 'NONE', #2702, #3514 ) ;
#3497 = CARTESIAN_POINT ( 'NONE',  ( 29.69848480982502181, -29.69848480982903283, 14.00000000000000178 ) ) ;
#3498 = EDGE_CURVE ( 'NONE', #4626, #1379, #1703, .T. ) ;
#3499 = ORIENTED_EDGE ( 'NONE', *, *, #3498, .F. ) ;
#3500 = VECTOR ( 'NONE', #3836, 1000.000000000000000 ) ;
#3501 = DIRECTION ( 'NONE',  ( -1.000000000000000000, 0.000000000000000000, 0.000000000000000000 ) ) ;
#3502 = VERTEX_POINT ( 'NONE', #4937 ) ;
#3503 = FACE_OUTER_BOUND ( 'NONE', #4264, .T. ) ;
#3504 = CARTESIAN_POINT ( 'NONE',  ( 27.18621855975304413, -26.38986738587376735, -109.0335419915582236 ) ) ;
#3505 = ADVANCED_FACE ( 'NONE', ( #3612 ), #1173, .F. ) ;
#3506 = ORIENTED_EDGE ( 'NONE', *, *, #3607, .F. ) ;
#3507 = EDGE_LOOP ( 'NONE', ( #67, #1269, #571, #2861 ) ) ;
#3508 = ORIENTED_EDGE ( 'NONE', *, *, #1258, .T. ) ;
#3509 = LINE ( 'NONE', #3845, #367 ) ;
#3510 = VECTOR ( 'NONE', #3987, 1000.000000000000000 ) ;
#3511 = DIRECTION ( 'NONE',  ( -1.000000000000000000, 0.000000000000000000, 0.000000000000000000 ) ) ;
#3512 = CARTESIAN_POINT ( 'NONE',  ( 15.95769335655780630, 16.99999999999999645, 14.00000000000001243 ) ) ;
#3513 = EDGE_CURVE ( 'NONE', #3743, #4257, #4465, .T. ) ;
#3514 = VECTOR ( 'NONE', #1413, 1000.000000000000000 ) ;
#3515 = ORIENTED_EDGE ( 'NONE', *, *, #5259, .F. ) ;
#3516 = CIRCLE ( 'NONE', #449, 1.500000000011595613 ) ;
#3517 = DIRECTION ( 'NONE',  ( 0.000000000000000000, 0.000000000000000000, 1.000000000000000000 ) ) ;
#3518 = CYLINDRICAL_SURFACE ( 'NONE', #119, 2.700000000000016609 ) ;
#3519 = CARTESIAN_POINT ( 'NONE',  ( -2.853946555716004418, -36.58886427667737706, -109.0335419915582236 ) ) ;
#3520 = AXIS2_PLACEMENT_3D ( 'NONE', #217, #1901, #2363 ) ;
#3521 = PRODUCT ( 'outer housing', 'outer housing', '', ( #4898 ) ) ;
#3522 = ORIENTED_EDGE ( 'NONE', *, *, #1639, .T. ) ;
#3523 = AXIS2_PLACEMENT_3D ( 'NONE', #4143, #2065, #742 ) ;
#3524 = DIRECTION ( 'NONE',  ( 1.000000000000000000, 0.000000000000000000, 0.000000000000000000 ) ) ;
#3525 = CYLINDRICAL_SURFACE ( 'NONE', #2905, 2.700000000000014833 ) ;
#3526 = AXIS2_PLACEMENT_3D ( 'NONE', #2750, #1136, #722 ) ;
#3527 = CARTESIAN_POINT ( 'NONE',  ( -24.48621855975358841, -26.38986738587323444, 7.071067811865501263 ) ) ;
#3528 = VERTEX_POINT ( 'NONE', #1940 ) ;
#3529 = FACE_OUTER_BOUND ( 'NONE', #5250, .T. ) ;
#3530 = ORIENTED_EDGE ( 'NONE', *, *, #1800, .T. ) ;
#3531 = AXIS2_PLACEMENT_3D ( 'NONE', #1083, #3259, #2761 ) ;
#3532 = DIRECTION ( 'NONE',  ( 1.000000000000000000, 0.000000000000000000, 0.000000000000000000 ) ) ;
#3533 = EDGE_CURVE ( 'NONE', #814, #2147, #5039, .T. ) ;
#3534 = CARTESIAN_POINT ( 'NONE',  ( -36.69983008444881989, 0.1116770906951971426, 0.000000000000000000 ) ) ;
#3535 = ORIENTED_EDGE ( 'NONE', *, *, #2562, .T. ) ;
#3536 = AXIS2_PLACEMENT_3D ( 'NONE', #1361, #193, #5227 ) ;
#3537 = ORIENTED_EDGE ( 'NONE', *, *, #3806, .T. ) ;
#3538 = ORIENTED_EDGE ( 'NONE', *, *, #3486, .F. ) ;
#3539 = DIRECTION ( 'NONE',  ( 1.000000000000000000, 0.000000000000000000, 0.000000000000000000 ) ) ;
#3540 = ADVANCED_FACE ( 'NONE', ( #1144 ), #4490, .F. ) ;
#3541 = VECTOR ( 'NONE', #3413, 1000.000000000000000 ) ;
#3542 = DIRECTION ( 'NONE',  ( -1.000000000000000000, 0.000000000000000000, 0.000000000000000000 ) ) ;
#3543 = CARTESIAN_POINT ( 'NONE',  ( -2.914335439641035919E-12, -41.99999999998873079, 4.000000000000001776 ) ) ;
#3544 = DIRECTION ( 'NONE',  ( -0.000000000000000000, -0.000000000000000000, -1.000000000000000000 ) ) ;
#3545 = CIRCLE ( 'NONE', #4415, 2.700000000000020162 ) ;
#3546 = ORIENTED_EDGE ( 'NONE', *, *, #3258, .T. ) ;
#3547 = EDGE_CURVE ( 'NONE', #2549, #2773, #4161, .T. ) ;
#3548 = CYLINDRICAL_SURFACE ( 'NONE', #3455, 2.250000000000001776 ) ;
#3549 = CARTESIAN_POINT ( 'NONE',  ( 2.853946555715711764, -36.58886427667739838, 0.000000000000000000 ) ) ;
#3550 = DIRECTION ( 'NONE',  ( -0.000000000000000000, -0.000000000000000000, 1.000000000000000000 ) ) ;
#3551 = AXIS2_PLACEMENT_3D ( 'NONE', #4281, #4360, #4305 ) ;
#3552 = ORIENTED_EDGE ( 'NONE', *, *, #4621, .F. ) ;
#3553 = EDGE_CURVE ( 'NONE', #657, #3030, #910, .T. ) ;
#3554 = CARTESIAN_POINT ( 'NONE',  ( 0.000000000000000000, 47.00000000000000000, -140.9360748630709281 ) ) ;
#3555 = DIRECTION ( 'NONE',  ( 0.000000000000000000, 0.000000000000000000, 1.000000000000000000 ) ) ;
#3556 = DIRECTION ( 'NONE',  ( -1.000000000000000000, 0.000000000000000000, 0.000000000000000000 ) ) ;
#3557 = ORIENTED_EDGE ( 'NONE', *, *, #79, .F. ) ;
#3558 = CARTESIAN_POINT ( 'NONE',  ( 31.17691453623947240, -18.00000000000046541, -7.000000000000000000 ) ) ;
#3559 = EDGE_LOOP ( 'NONE', ( #1590, #2682 ) ) ;
#3560 = DIRECTION ( 'NONE',  ( -0.000000000000000000, -0.000000000000000000, -1.000000000000000000 ) ) ;
#3561 = CARTESIAN_POINT ( 'NONE',  ( 35.09740483854548643, -8.010753622427833065, 0.000000000000000000 ) ) ;
#3562 = VERTEX_POINT ( 'NONE', #2407 ) ;
#3563 = ORIENTED_EDGE ( 'NONE', *, *, #3941, .F. ) ;
#3564 = ORIENTED_EDGE ( 'NONE', *, *, #4693, .T. ) ;
#3565 = DIRECTION ( 'NONE',  ( 1.000000000000000000, 8.881784197001252323E-15, 0.000000000000000000 ) ) ;
#3566 = ORIENTED_EDGE ( 'NONE', *, *, #5152, .F. ) ;
#3567 = AXIS2_PLACEMENT_3D ( 'NONE', #3129, #1480, #747 ) ;
#3568 = CARTESIAN_POINT ( 'NONE',  ( 0.000000000000000000, 0.000000000000000000, -7.000000000000000000 ) ) ;
#3569 = LINE ( 'NONE', #1160, #2127 ) ;
#3570 = CARTESIAN_POINT ( 'NONE',  ( -30.38573257179502818, -20.58147847156165966, 0.000000000000000000 ) ) ;
#3571 = EDGE_CURVE ( 'NONE', #1858, #1598, #3096, .T. ) ;
#3572 = CARTESIAN_POINT ( 'NONE',  ( 33.51145495119148165, 13.15227687718976668, 0.000000000000000000 ) ) ;
#3573 = ORIENTED_EDGE ( 'NONE', *, *, #1501, .F. ) ;
#3574 = DIRECTION ( 'NONE',  ( 1.000000000000000000, 0.000000000000000000, 0.000000000000000000 ) ) ;
#3575 = DIRECTION ( 'NONE',  ( -0.000000000000000000, 0.000000000000000000, -1.000000000000000000 ) ) ;
#3576 = CARTESIAN_POINT ( 'NONE',  ( -38.87314781470553982, -36.48975133124807968, 0.000000000000000000 ) ) ;
#3577 = ADVANCED_FACE ( 'NONE', ( #1583 ), #2788, .F. ) ;
#3578 = DIRECTION ( 'NONE',  ( -0.000000000000000000, -0.000000000000000000, -1.000000000000000000 ) ) ;
#3579 = VERTEX_POINT ( 'NONE', #3260 ) ;
#3580 = CARTESIAN_POINT ( 'NONE',  ( 22.97952209029072890, 29.74459587537554839, 0.000000000000000000 ) ) ;
#3581 = DIRECTION ( 'NONE',  ( 1.000000000000000000, 0.000000000000000000, 0.000000000000000000 ) ) ;
#3582 = CARTESIAN_POINT ( 'NONE',  ( -20.27952209028966735, 29.74459587537625538, -7.000000000000000000 ) ) ;
#3583 = ADVANCED_FACE ( 'NONE', ( #1528 ), #2001, .F. ) ;
#3584 = ORIENTED_EDGE ( 'NONE', *, *, #4889, .F. ) ;
#3585 = DIRECTION ( 'NONE',  ( 1.000000000000000000, 0.000000000000000000, 0.000000000000000000 ) ) ;
#3586 = VERTEX_POINT ( 'NONE', #733 ) ;
#3587 = CARTESIAN_POINT ( 'NONE',  ( -40.99999999999999289, 40.99999999999999289, -140.9360748630709281 ) ) ;
#3588 = AXIS2_PLACEMENT_3D ( 'NONE', #695, #307, #276 ) ;
#3589 = CARTESIAN_POINT ( 'NONE',  ( 40.99999999999997868, -40.99999999999995026, -140.9360748630709281 ) ) ;
#3590 = EDGE_LOOP ( 'NONE', ( #1061, #5215, #3148, #34 ) ) ;
#3591 = EDGE_LOOP ( 'NONE', ( #5184, #4884, #3452, #2518 ) ) ;
#3592 = VERTEX_POINT ( 'NONE', #4086 ) ;
#3593 = AXIS2_PLACEMENT_3D ( 'NONE', #1512, #4924, #5308 ) ;
#3594 = FACE_OUTER_BOUND ( 'NONE', #2264, .T. ) ;
#3595 = ORIENTED_EDGE ( 'NONE', *, *, #3992, .T. ) ;
#3596 = CARTESIAN_POINT ( 'NONE',  ( -38.89999999999998437, -40.99999999999996447, -8.000000000000007105 ) ) ;
#3597 = CIRCLE ( 'NONE', #4565, 2.250000000000000444 ) ;
#3598 = CARTESIAN_POINT ( 'NONE',  ( 38.89999999999998437, 40.99999999999999289, 0.000000000000000000 ) ) ;
#3599 = CARTESIAN_POINT ( 'NONE',  ( -2.249999999999099831, 35.99999999999995737, 0.000000000000000000 ) ) ;
#3600 = DIRECTION ( 'NONE',  ( 1.000000000000000000, -0.000000000000000000, 0.000000000000000000 ) ) ;
#3601 = ORIENTED_EDGE ( 'NONE', *, *, #5222, .F. ) ;
#3602 = DIRECTION ( 'NONE',  ( -0.000000000000000000, -0.000000000000000000, 1.000000000000000000 ) ) ;
#3603 = CIRCLE ( 'NONE', #3432, 2.250000000000002220 ) ;
#3604 = CARTESIAN_POINT ( 'NONE',  ( -46.99999999999997868, -41.99999999999996447, -140.9360748630709281 ) ) ;
#3605 = CARTESIAN_POINT ( 'NONE',  ( 2.619432448724978713E-12, 41.99999999998872369, 14.00000000000000178 ) ) ;
#3606 = AXIS2_PLACEMENT_3D ( 'NONE', #2255, #182, #1842 ) ;
#3607 = EDGE_CURVE ( 'NONE', #4775, #1629, #1081, .T. ) ;
#3608 = LINE ( 'NONE', #1966, #1477 ) ;
#3609 = AXIS2_PLACEMENT_3D ( 'NONE', #3930, #1431, #5220 ) ;
#3610 = VERTEX_POINT ( 'NONE', #339 ) ;
#3611 = EDGE_CURVE ( 'NONE', #4066, #4700, #639, .T. ) ;
#3612 = FACE_OUTER_BOUND ( 'NONE', #2437, .T. ) ;
#3613 = AXIS2_PLACEMENT_3D ( 'NONE', #1678, #3301, #4235 ) ;
#3614 = DIRECTION ( 'NONE',  ( -0.000000000000000000, -0.000000000000000000, 1.000000000000000000 ) ) ;
#3615 = EDGE_CURVE ( 'NONE', #3369, #5130, #2351, .T. ) ;
#3616 = CARTESIAN_POINT ( 'NONE',  ( 35.89933669852248244, 2.690283369110756606, -7.000000000000000000 ) ) ;
#3617 = ORIENTED_EDGE ( 'NONE', *, *, #3571, .T. ) ;
#3618 = PLANE ( 'NONE',  #375 ) ;
#3619 = EDGE_CURVE ( 'NONE', #5358, #1502, #1972, .T. ) ;
#3620 = ORIENTED_EDGE ( 'NONE', *, *, #4782, .F. ) ;
#3621 = VECTOR ( 'NONE', #1209, 1000.000000000000000 ) ;
#3622 = CARTESIAN_POINT ( 'NONE',  ( 9.024898883769338909E-13, 35.99999999999995737, 7.071067811865499486 ) ) ;
#3623 = CARTESIAN_POINT ( 'NONE',  ( 46.99999999999999289, 15.95769335655781340, 0.000000000000000000 ) ) ;
#3624 = ORIENTED_EDGE ( 'NONE', *, *, #3150, .F. ) ;
#3625 = VERTEX_POINT ( 'NONE', #4111 ) ;
#3626 = ORIENTED_EDGE ( 'NONE', *, *, #323, .F. ) ;
#3627 = DIRECTION ( 'NONE',  ( -0.000000000000000000, -0.000000000000000000, -1.000000000000000000 ) ) ;
#3628 = VERTEX_POINT ( 'NONE', #3206 ) ;
#3629 = EDGE_CURVE ( 'NONE', #4618, #151, #3719, .T. ) ;
#3630 = DIRECTION ( 'NONE',  ( 0.000000000000000000, -1.000000000000000000, 0.000000000000000000 ) ) ;
#3631 = DIRECTION ( 'NONE',  ( -0.9888308262251275238, 0.1490422661761820200, 0.000000000000000000 ) ) ;
#3632 = CIRCLE ( 'NONE', #4243, 2.700000000000021938 ) ;
#3633 = CARTESIAN_POINT ( 'NONE',  ( 0.000000000000000000, 0.000000000000000000, 0.000000000000000000 ) ) ;
#3634 = AXIS2_PLACEMENT_3D ( 'NONE', #1689, #2957, #3391 ) ;
#3635 = CYLINDRICAL_SURFACE ( 'NONE', #2740, 30.00000000000000000 ) ;
#3636 = MECHANICAL_DESIGN_GEOMETRIC_PRESENTATION_REPRESENTATION (  '', ( #739 ), #4247 ) ;
#3637 = DIRECTION ( 'NONE',  ( -0.000000000000000000, -0.000000000000000000, -1.000000000000000000 ) ) ;
#3638 = CARTESIAN_POINT ( 'NONE',  ( -18.02952209028966379, 29.74459587537625538, -7.000000000000000000 ) ) ;
#3639 = AXIS2_PLACEMENT_3D ( 'NONE', #4729, #3517, #941 ) ;
#3640 = CARTESIAN_POINT ( 'NONE',  ( 40.99999999999997868, 40.99999999999999289, -140.9360748630709281 ) ) ;
#3641 = CIRCLE ( 'NONE', #4337, 2.250000000000000000 ) ;
#3642 = EDGE_LOOP ( 'NONE', ( #487, #1286 ) ) ;
#3643 = ADVANCED_FACE ( 'NONE', ( #3697 ), #5260, .F. ) ;
#3644 = DIRECTION ( 'NONE',  ( -0.000000000000000000, -0.000000000000000000, -1.000000000000000000 ) ) ;
#3645 = AXIS2_PLACEMENT_3D ( 'NONE', #175, #1862, #1420 ) ;
#3646 = CARTESIAN_POINT ( 'NONE',  ( 35.09740483854560011, -8.010753622427328580, -109.0335419915582236 ) ) ;
#3647 = CYLINDRICAL_SURFACE ( 'NONE', #4740, 30.00000000000000000 ) ;
#3648 = CIRCLE ( 'NONE', #5135, 2.250000000000001332 ) ;
#3649 = ORIENTED_EDGE ( 'NONE', *, *, #4889, .T. ) ;
#3650 = DIRECTION ( 'NONE',  ( 0.000000000000000000, 0.000000000000000000, 1.000000000000000000 ) ) ;
#3651 = EDGE_CURVE ( 'NONE', #211, #5437, #1348, .T. ) ;
#3652 = EDGE_LOOP ( 'NONE', ( #1042, #493 ) ) ;
#3653 = CARTESIAN_POINT ( 'NONE',  ( 41.99999999999999289, 42.00000000000000000, 0.000000000000000000 ) ) ;
#3654 = CARTESIAN_POINT ( 'NONE',  ( -29.69848480982522787, 29.69848480982882677, 14.00001200000000345 ) ) ;
#3655 = ORIENTED_EDGE ( 'NONE', *, *, #3085, .F. ) ;
#3656 = EDGE_CURVE ( 'NONE', #2315, #587, #5320, .T. ) ;
#3657 = VERTEX_POINT ( 'NONE', #783 ) ;
#3658 = ORIENTED_EDGE ( 'NONE', *, *, #1470, .T. ) ;
#3659 = DIRECTION ( 'NONE',  ( 0.000000000000000000, 0.000000000000000000, 1.000000000000000000 ) ) ;
#3660 = CARTESIAN_POINT ( 'NONE',  ( -29.69848480982913941, -29.69848480982491523, 14.00001200000000345 ) ) ;
#3661 = LINE ( 'NONE', #3159, #4234 ) ;
#3662 = LINE ( 'NONE', #5338, #3510 ) ;
#3663 = ADVANCED_FACE ( 'NONE', ( #4025 ), #4466, .F. ) ;
#3664 = CARTESIAN_POINT ( 'NONE',  ( -26.82691942671768004, -25.04408900464137133, 0.000000000000000000 ) ) ;
#3665 = DIRECTION ( 'NONE',  ( -1.000000000000000000, 0.000000000000000000, 0.000000000000000000 ) ) ;
#3666 = DIRECTION ( 'NONE',  ( 1.000000000000000000, 0.000000000000000000, 0.000000000000000000 ) ) ;
#3667 = CARTESIAN_POINT ( 'NONE',  ( 16.99999999999998934, 15.95769335655781340, 0.000000000000000000 ) ) ;
#3668 = ORIENTED_EDGE ( 'NONE', *, *, #1845, .F. ) ;
#3669 = DIRECTION ( 'NONE',  ( 0.000000000000000000, 0.000000000000000000, -1.000000000000000000 ) ) ;
#3670 = DIRECTION ( 'NONE',  ( 0.000000000000000000, 0.000000000000000000, -1.000000000000000000 ) ) ;
#3671 = EDGE_LOOP ( 'NONE', ( #4575, #2490 ) ) ;
#3672 = DIRECTION ( 'NONE',  ( 1.000000000000000000, 0.000000000000000000, 0.000000000000000000 ) ) ;
#3673 = CIRCLE ( 'NONE', #4462, 1.500000000011593393 ) ;
#3674 = ORIENTED_EDGE ( 'NONE', *, *, #3454, .T. ) ;
#3675 = CYLINDRICAL_SURFACE ( 'NONE', #4176, 2.700000000000014833 ) ;
#3676 = DIRECTION ( 'NONE',  ( -0.000000000000000000, -0.000000000000000000, -1.000000000000000000 ) ) ;
#3677 = EDGE_CURVE ( 'NONE', #3269, #4739, #2398, .T. ) ;
#3678 = DIRECTION ( 'NONE',  ( -0.000000000000000000, -0.000000000000000000, -1.000000000000000000 ) ) ;
#3679 = ORIENTED_EDGE ( 'NONE', *, *, #5428, .F. ) ;
#3680 = EDGE_LOOP ( 'NONE', ( #259, #1688, #1588, #1986 ) ) ;
#3681 = DIRECTION ( 'NONE',  ( 0.07473009358642106192, -0.9972037971811804624, 0.000000000000000000 ) ) ;
#3682 = ORIENTED_EDGE ( 'NONE', *, *, #5122, .F. ) ;
#3683 = DIRECTION ( 'NONE',  ( 1.000000000000000000, 0.000000000000000000, 0.000000000000000000 ) ) ;
#3684 = ADVANCED_FACE ( 'NONE', ( #2375 ), #4056, .T. ) ;
#3685 = DIRECTION ( 'NONE',  ( 1.000000000000000000, 0.000000000000000000, 0.000000000000000000 ) ) ;
#3686 = DIRECTION ( 'NONE',  ( 1.000000000000000000, 0.000000000000000000, -0.000000000000000000 ) ) ;
#3687 = EDGE_LOOP ( 'NONE', ( #1257, #3895, #1184, #1110, #1263, #181, #2093, #4185 ) ) ;
#3688 = EDGE_CURVE ( 'NONE', #4476, #5358, #3107, .T. ) ;
#3689 = DIRECTION ( 'NONE',  ( 0.000000000000000000, 0.000000000000000000, 1.000000000000000000 ) ) ;
#3690 = AXIS2_PLACEMENT_3D ( 'NONE', #2067, #3343, #4610 ) ;
#3691 = DIRECTION ( 'NONE',  ( -0.000000000000000000, -0.000000000000000000, -1.000000000000000000 ) ) ;
#3692 = ADVANCED_FACE ( 'NONE', ( #2135 ), #810, .F. ) ;
#3693 = CARTESIAN_POINT ( 'NONE',  ( 18.02952209029115949, 29.74459587537523930, -7.000000000000000000 ) ) ;
#3694 = CARTESIAN_POINT ( 'NONE',  ( 36.70000000000003837, 0.000000000000000000, -109.0335419915582236 ) ) ;
#3695 = ORIENTED_EDGE ( 'NONE', *, *, #3611, .T. ) ;
#3696 = CARTESIAN_POINT ( 'NONE',  ( -2.853946555716004418, -36.58886427667737706, 0.000000000000000000 ) ) ;
#3697 = FACE_OUTER_BOUND ( 'NONE', #956, .T. ) ;
#3698 = VERTEX_POINT ( 'NONE', #398 ) ;
#3699 = VERTEX_POINT ( 'NONE', #4194 ) ;
#3700 = FACE_OUTER_BOUND ( 'NONE', #874, .T. ) ;
#3701 = FACE_OUTER_BOUND ( 'NONE', #337, .T. ) ;
#3702 = FACE_OUTER_BOUND ( 'NONE', #4119, .T. ) ;
#3703 = AXIS2_PLACEMENT_3D ( 'NONE', #3382, #3712, #5441 ) ;
#3704 = VERTEX_POINT ( 'NONE', #5017 ) ;
#3705 = ORIENTED_EDGE ( 'NONE', *, *, #4821, .T. ) ;
#3706 = AXIS2_PLACEMENT_3D ( 'NONE', #92, #5078, #1728 ) ;
#3707 = DIRECTION ( 'NONE',  ( 1.000000000000000000, 0.000000000000000000, 0.000000000000000000 ) ) ;
#3708 = EDGE_CURVE ( 'NONE', #2252, #3730, #3805, .T. ) ;
#3709 = AXIS2_PLACEMENT_3D ( 'NONE', #1921, #264, #3182 ) ;
#3710 = DIRECTION ( 'NONE',  ( 1.000000000000000000, 0.000000000000000000, 0.000000000000000000 ) ) ;
#3711 = APPLICATION_PROTOCOL_DEFINITION ( 'draft international standard', 'automotive_design', 1998, #723 ) ;
#3712 = DIRECTION ( 'NONE',  ( 0.000000000000000000, 0.000000000000000000, 1.000000000000000000 ) ) ;
#3713 = AXIS2_PLACEMENT_3D ( 'NONE', #5312, #4929, #2807 ) ;
#3714 = ORIENTED_EDGE ( 'NONE', *, *, #3014, .F. ) ;
#3715 = VERTEX_POINT ( 'NONE', #1722 ) ;
#3716 = EDGE_CURVE ( 'NONE', #1315, #1508, #2846, .T. ) ;
#3717 = DIRECTION ( 'NONE',  ( 0.000000000000000000, 0.000000000000000000, 1.000000000000000000 ) ) ;
#3718 = CARTESIAN_POINT ( 'NONE',  ( 36.30656791140456363, 5.359396094204004868, 14.00000000000000178 ) ) ;
#3719 = CIRCLE ( 'NONE', #5297, 36.69999999999998863 ) ;
#3720 = FACE_OUTER_BOUND ( 'NONE', #4088, .T. ) ;
#3721 = CARTESIAN_POINT ( 'NONE',  ( 46.99999999999999289, -25.17188060595130850, 0.000000000000000000 ) ) ;
#3722 = VECTOR ( 'NONE', #1822, 1000.000000000000000 ) ;
#3723 = ADVANCED_FACE ( 'NONE', ( #1283 ), #2084, .F. ) ;
#3724 = ORIENTED_EDGE ( 'NONE', *, *, #5152, .T. ) ;
#3725 = CARTESIAN_POINT ( 'NONE',  ( 3.989863994746656317E-13, 35.99999999999995737, 0.000000000000000000 ) ) ;
#3726 = AXIS2_PLACEMENT_3D ( 'NONE', #5281, #1603, #4077 ) ;
#3727 = LINE ( 'NONE', #4246, #5392 ) ;
#3728 = VECTOR ( 'NONE', #4322, 1000.000000000000000 ) ;
#3729 = EDGE_CURVE ( 'NONE', #429, #2595, #2489, .T. ) ;
#3730 = VERTEX_POINT ( 'NONE', #1308 ) ;
#3731 = CIRCLE ( 'NONE', #480, 2.099999999999997868 ) ;
#3732 = ORIENTED_EDGE ( 'NONE', *, *, #573, .T. ) ;
#3733 = DIRECTION ( 'NONE',  ( 0.000000000000000000, 0.000000000000000000, 1.000000000000000000 ) ) ;
#3734 = VECTOR ( 'NONE', #36, 1000.000000000000000 ) ;
#3735 = CARTESIAN_POINT ( 'NONE',  ( -24.48621855975320472, -26.38986738587357550, 0.000000000000000000 ) ) ;
#3736 = ORIENTED_EDGE ( 'NONE', *, *, #1360, .F. ) ;
#3737 = ORIENTED_EDGE ( 'NONE', *, *, #1791, .T. ) ;
#3738 = CARTESIAN_POINT ( 'NONE',  ( -13.51191078917818267, -34.12210818260339096, 14.00000000000000178 ) ) ;
#3739 = EDGE_CURVE ( 'NONE', #3592, #2712, #502, .T. ) ;
#3740 = DIRECTION ( 'NONE',  ( -0.000000000000000000, -0.000000000000000000, 1.000000000000000000 ) ) ;
#3741 = FACE_BOUND ( 'NONE', #3484, .T. ) ;
#3742 = DIRECTION ( 'NONE',  ( -0.000000000000000000, -0.000000000000000000, -1.000000000000000000 ) ) ;
#3743 = VERTEX_POINT ( 'NONE', #4603 ) ;
#3744 = ORIENTED_EDGE ( 'NONE', *, *, #2342, .F. ) ;
#3745 = DIRECTION ( 'NONE',  ( -0.000000000000000000, -0.000000000000000000, 1.000000000000000000 ) ) ;
#3746 = CARTESIAN_POINT ( 'NONE',  ( -17.86981460823269430, -32.43487924448676551, 7.071067811865501263 ) ) ;
#3747 = CARTESIAN_POINT ( 'NONE',  ( -41.99999999999997868, -42.00000000000000000, -140.9360748630709281 ) ) ;
#3748 = CYLINDRICAL_SURFACE ( 'NONE', #5276, 2.700000000000028599 ) ;
#3749 = EDGE_CURVE ( 'NONE', #3485, #1154, #555, .T. ) ;
#3750 = VERTEX_POINT ( 'NONE', #3013 ) ;
#3751 = DIRECTION ( 'NONE',  ( 1.000000000000000000, 0.000000000000000000, 0.000000000000000000 ) ) ;
#3752 = EDGE_CURVE ( 'NONE', #2660, #3127, #198, .T. ) ;
#3753 = DIRECTION ( 'NONE',  ( 0.000000000000000000, 0.000000000000000000, 1.000000000000000000 ) ) ;
#3754 = ORIENTED_EDGE ( 'NONE', *, *, #111, .T. ) ;
#3755 = DIRECTION ( 'NONE',  ( 0.6234898018587432533, 0.7818314824680221431, 0.000000000000000000 ) ) ;
#3756 = VERTEX_POINT ( 'NONE', #839 ) ;
#3757 = EDGE_CURVE ( 'NONE', #413, #1751, #1529, .T. ) ;
#3758 = CYLINDRICAL_SURFACE ( 'NONE', #3796, 2.099999999999997868 ) ;
#3759 = ORIENTED_EDGE ( 'NONE', *, *, #5267, .F. ) ;
#3760 = ORIENTED_EDGE ( 'NONE', *, *, #2771, .F. ) ;
#3761 = EDGE_LOOP ( 'NONE', ( #3128, #1141 ) ) ;
#3762 = DIRECTION ( 'NONE',  ( 0.000000000000000000, 0.000000000000000000, 1.000000000000000000 ) ) ;
#3763 = ORIENTED_EDGE ( 'NONE', *, *, #3553, .F. ) ;
#3764 = FACE_OUTER_BOUND ( 'NONE', #4619, .T. ) ;
#3765 = DIRECTION ( 'NONE',  ( -0.000000000000000000, -0.000000000000000000, -1.000000000000000000 ) ) ;
#3766 = ORIENTED_EDGE ( 'NONE', *, *, #5059, .F. ) ;
#3767 = ORIENTED_EDGE ( 'NONE', *, *, #4534, .F. ) ;
#3768 = DIRECTION ( 'NONE',  ( -0.000000000000000000, -0.000000000000000000, 1.000000000000000000 ) ) ;
#3769 = DIRECTION ( 'NONE',  ( 1.000000000000000000, 0.000000000000000000, 0.000000000000000000 ) ) ;
#3770 = DIRECTION ( 'NONE',  ( 1.000000000000000000, 0.000000000000000000, 0.000000000000000000 ) ) ;
#3771 = AXIS2_PLACEMENT_3D ( 'NONE', #135, #5113, #5188 ) ;
#3772 = ORIENTED_EDGE ( 'NONE', *, *, #1791, .F. ) ;
#3773 = FACE_BOUND ( 'NONE', #4573, .T. ) ;
#3774 = EDGE_CURVE ( 'NONE', #3815, #4290, #3727, .T. ) ;
#3775 = CARTESIAN_POINT ( 'NONE',  ( 31.17691453623972819, -18.00000000000001421, 14.00000000000000178 ) ) ;
#3776 = ORIENTED_EDGE ( 'NONE', *, *, #4418, .F. ) ;
#3777 = EDGE_CURVE ( 'NONE', #590, #3310, #914, .T. ) ;
#3778 = DIRECTION ( 'NONE',  ( -0.000000000000000000, -0.000000000000000000, -1.000000000000000000 ) ) ;
#3779 = ORIENTED_EDGE ( 'NONE', *, *, #5222, .T. ) ;
#3780 = AXIS2_PLACEMENT_3D ( 'NONE', #4883, #5261, #5321 ) ;
#3781 = CARTESIAN_POINT ( 'NONE',  ( 35.03644220532603981, 10.92418040828916936, -109.0335419915582236 ) ) ;
#3782 = CYLINDRICAL_SURFACE ( 'NONE', #3158, 36.69999999999998863 ) ;
#3783 = MANIFOLD_SOLID_BREP ( 'Boss-Extrude5', #2808 ) ;
#3784 = AXIS2_PLACEMENT_3D ( 'NONE', #629, #1547, #1960 ) ;
#3785 = ORIENTED_EDGE ( 'NONE', *, *, #2154, .F. ) ;
#3786 = ORIENTED_EDGE ( 'NONE', *, *, #3851, .F. ) ;
#3787 = EDGE_CURVE ( 'NONE', #2595, #5419, #1268, .T. ) ;
#3788 = DIRECTION ( 'NONE',  ( 1.047444401652940007E-14, -1.000000000000000000, 0.000000000000000000 ) ) ;
#3789 = ORIENTED_EDGE ( 'NONE', *, *, #3252, .T. ) ;
#3790 = DIRECTION ( 'NONE',  ( 1.000000000000000000, 0.000000000000000000, 0.000000000000000000 ) ) ;
#3791 = DIRECTION ( 'NONE',  ( 1.000000000000000000, 0.000000000000000000, -0.000000000000000000 ) ) ;
#3792 = VERTEX_POINT ( 'NONE', #943 ) ;
#3793 = EDGE_LOOP ( 'NONE', ( #2963, #1449, #2876, #3552 ) ) ;
#3794 = EDGE_CURVE ( 'NONE', #3218, #4826, #4076, .T. ) ;
#3795 = CARTESIAN_POINT ( 'NONE',  ( 10.61118627879293008, 34.40062100830090941, -109.0335419915582236 ) ) ;
#3796 = AXIS2_PLACEMENT_3D ( 'NONE', #2418, #3342, #345 ) ;
#3797 = DIRECTION ( 'NONE',  ( -0.000000000000000000, -0.000000000000000000, -1.000000000000000000 ) ) ;
#3798 = AXIS2_PLACEMENT_3D ( 'NONE', #1186, #2863, #4977 ) ;
#3799 = DIRECTION ( 'NONE',  ( -0.000000000000000000, -0.000000000000000000, -1.000000000000000000 ) ) ;
#3800 = ORIENTED_EDGE ( 'NONE', *, *, #3315, .F. ) ;
#3801 = AXIS2_PLACEMENT_3D ( 'NONE', #4882, #3614, #5376 ) ;
#3802 = DIRECTION ( 'NONE',  ( -0.000000000000000000, -0.000000000000000000, 1.000000000000000000 ) ) ;
#3803 = DIRECTION ( 'NONE',  ( 1.000000000000000000, 0.000000000000000000, 0.000000000000000000 ) ) ;
#3804 = DIRECTION ( 'NONE',  ( -1.000000000000000000, 0.000000000000000000, 0.000000000000000000 ) ) ;
#3805 = CIRCLE ( 'NONE', #1353, 4.999999999999997335 ) ;
#3806 = EDGE_CURVE ( 'NONE', #1242, #4669, #5301, .T. ) ;
#3807 = EDGE_LOOP ( 'NONE', ( #3319, #5244, #4439, #2463 ) ) ;
#3808 = AXIS2_PLACEMENT_3D ( 'NONE', #1683, #1216, #2950 ) ;
#3809 = DIRECTION ( 'NONE',  ( 0.000000000000000000, 0.000000000000000000, 1.000000000000000000 ) ) ;
#3810 = AXIS2_PLACEMENT_3D ( 'NONE', #4274, #2520, #2572 ) ;
#3811 = CARTESIAN_POINT ( 'NONE',  ( 33.51145495119148165, 13.15227687718976668, 0.000000000000000000 ) ) ;
#3812 = DIRECTION ( 'NONE',  ( -0.000000000000000000, -0.000000000000000000, -1.000000000000000000 ) ) ;
#3813 = EDGE_CURVE ( 'NONE', #514, #1242, #2675, .T. ) ;
#3814 = AXIS2_PLACEMENT_3D ( 'NONE', #1520, #3198, #4875 ) ;
#3815 = VERTEX_POINT ( 'NONE', #3040 ) ;
#3816 = CYLINDRICAL_SURFACE ( 'NONE', #3798, 2.700000000000014833 ) ;
#3817 = VERTEX_POINT ( 'NONE', #1799 ) ;
#3818 = CARTESIAN_POINT ( 'NONE',  ( 3.989863994746656317E-13, 35.99999999999995737, 14.00000000000000178 ) ) ;
#3819 = CARTESIAN_POINT ( 'NONE',  ( 41.99999999999995026, -47.00000000000000000, 0.000000000000000000 ) ) ;
#3820 = CIRCLE ( 'NONE', #562, 2.250000000000001776 ) ;
#3821 = DIRECTION ( 'NONE',  ( 0.000000000000000000, 0.000000000000000000, 1.000000000000000000 ) ) ;
#3822 = EDGE_CURVE ( 'NONE', #100, #2412, #83, .T. ) ;
#3823 = ORIENTED_EDGE ( 'NONE', *, *, #806, .T. ) ;
#3824 = ORIENTED_EDGE ( 'NONE', *, *, #3883, .T. ) ;
#3825 = DIRECTION ( 'NONE',  ( 0.000000000000000000, 0.000000000000000000, 1.000000000000000000 ) ) ;
#3826 = CARTESIAN_POINT ( 'NONE',  ( 0.000000000000000000, 0.000000000000000000, 0.000000000000000000 ) ) ;
#3827 = FACE_BOUND ( 'NONE', #4717, .T. ) ;
#3828 = EDGE_CURVE ( 'NONE', #4988, #4389, #1463, .T. ) ;
#3829 = ORIENTED_EDGE ( 'NONE', *, *, #1682, .T. ) ;
#3830 = CARTESIAN_POINT ( 'NONE',  ( 17.86981460823152545, -32.43487924448731263, 7.071067811865497710 ) ) ;
#3831 = FACE_OUTER_BOUND ( 'NONE', #2798, .T. ) ;
#3832 = CARTESIAN_POINT ( 'NONE',  ( 31.17691453623947240, -18.00000000000046541, -7.000000000000000000 ) ) ;
#3833 = AXIS2_PLACEMENT_3D ( 'NONE', #3077, #1455, #1399 ) ;
#3834 = CARTESIAN_POINT ( 'NONE',  ( 0.000000000000000000, 0.000000000000000000, 0.000000000000000000 ) ) ;
#3835 = PLANE ( 'NONE',  #3881 ) ;
#3836 = DIRECTION ( 'NONE',  ( -0.000000000000000000, -0.000000000000000000, 1.000000000000000000 ) ) ;
#3837 = ORIENTED_EDGE ( 'NONE', *, *, #3651, .T. ) ;
#3838 = CARTESIAN_POINT ( 'NONE',  ( 0.000000000000000000, 0.000000000000000000, -109.0335419915582236 ) ) ;
#3839 = VERTEX_POINT ( 'NONE', #3962 ) ;
#3840 = CARTESIAN_POINT ( 'NONE',  ( -18.02952209028966379, 29.74459587537625538, 0.000000000000000000 ) ) ;
#3841 = EDGE_CURVE ( 'NONE', #355, #3586, #1709, .T. ) ;
#3842 = DIRECTION ( 'NONE',  ( 0.000000000000000000, 0.000000000000000000, 1.000000000000000000 ) ) ;
#3843 = VERTEX_POINT ( 'NONE', #2184 ) ;
#3844 = EDGE_LOOP ( 'NONE', ( #1011, #1922 ) ) ;
#3845 = CARTESIAN_POINT ( 'NONE',  ( -47.00000000000000711, 41.99999999999996447, -140.9360748630709281 ) ) ;
#3846 = EDGE_CURVE ( 'NONE', #4470, #99, #1876, .T. ) ;
#3847 = CIRCLE ( 'NONE', #780, 2.700000000000014833 ) ;
#3848 = DIRECTION ( 'NONE',  ( -0.000000000000000000, -0.000000000000000000, -1.000000000000000000 ) ) ;
#3849 = CYLINDRICAL_SURFACE ( 'NONE', #1500, 2.250000000000001776 ) ;
#3850 = EDGE_LOOP ( 'NONE', ( #2689, #4179 ) ) ;
#3851 = EDGE_CURVE ( 'NONE', #204, #325, #4769, .T. ) ;
#3852 = CARTESIAN_POINT ( 'NONE',  ( -36.27327869805026950, -5.580255593928803215, 14.00000000000000178 ) ) ;
#3853 = VECTOR ( 'NONE', #1302, 1000.000000000000000 ) ;
#3854 = DIRECTION ( 'NONE',  ( 1.000000000000000000, 0.000000000000000000, 0.000000000000000000 ) ) ;
#3855 = DIRECTION ( 'NONE',  ( -0.000000000000000000, -0.000000000000000000, -1.000000000000000000 ) ) ;
#3856 = CIRCLE ( 'NONE', #1935, 2.250000000000003553 ) ;
#3857 = CARTESIAN_POINT ( 'NONE',  ( 0.000000000000000000, 0.000000000000000000, -7.000000000000000000 ) ) ;
#3858 = CIRCLE ( 'NONE', #348, 2.250000000000001776 ) ;
#3859 = CARTESIAN_POINT ( 'NONE',  ( -18.25319984466202428, -31.83882371305241676, -109.0335419915582236 ) ) ;
#3860 = DIRECTION ( 'NONE',  ( 0.000000000000000000, 0.000000000000000000, 1.000000000000000000 ) ) ;
#3861 = EDGE_LOOP ( 'NONE', ( #3297, #4352 ) ) ;
#3862 = CARTESIAN_POINT ( 'NONE',  ( -35.89933669852238296, 2.690283369112054679, 0.000000000000000000 ) ) ;
#3863 = ORIENTED_EDGE ( 'NONE', *, *, #4277, .F. ) ;
#3864 = DIRECTION ( 'NONE',  ( -0.000000000000000000, -0.000000000000000000, 1.000000000000000000 ) ) ;
#3865 = DIRECTION ( 'NONE',  ( 0.000000000000000000, -1.000000000000000000, 0.000000000000000000 ) ) ;
#3866 = ORIENTED_EDGE ( 'NONE', *, *, #346, .F. ) ;
#3867 = CIRCLE ( 'NONE', #1159, 1.500000000011596279 ) ;
#3868 = CIRCLE ( 'NONE', #1768, 1.500000000011595169 ) ;
#3869 = ORIENTED_EDGE ( 'NONE', *, *, #2700, .T. ) ;
#3870 = ORIENTED_EDGE ( 'NONE', *, *, #3478, .F. ) ;
#3871 = CYLINDRICAL_SURFACE ( 'NONE', #625, 1.500000000011595613 ) ;
#3872 = EDGE_CURVE ( 'NONE', #4538, #2147, #2238, .T. ) ;
#3873 = CIRCLE ( 'NONE', #3520, 2.250000000000005329 ) ;
#3874 = CARTESIAN_POINT ( 'NONE',  ( 24.48621855975301642, -26.38986738587376735, -109.0335419915582236 ) ) ;
#3875 = DIRECTION ( 'NONE',  ( 1.000000000000000000, 0.000000000000000000, 0.000000000000000000 ) ) ;
#3876 = VECTOR ( 'NONE', #41, 1000.000000000000000 ) ;
#3877 = ORIENTED_EDGE ( 'NONE', *, *, #4486, .F. ) ;
#3878 = AXIS2_PLACEMENT_3D ( 'NONE', #3094, #4256, #2627 ) ;
#3879 = DIRECTION ( 'NONE',  ( 0.000000000000000000, 0.000000000000000000, -1.000000000000000000 ) ) ;
#3880 = DIRECTION ( 'NONE',  ( 1.000000000000000000, -0.000000000000000000, 0.000000000000000000 ) ) ;
#3881 = AXIS2_PLACEMENT_3D ( 'NONE', #1748, #2623, #1364 ) ;
#3882 = DIRECTION ( 'NONE',  ( 1.000000000000000000, 0.000000000000000000, 0.000000000000000000 ) ) ;
#3883 = EDGE_CURVE ( 'NONE', #807, #2205, #1616, .T. ) ;
#3884 = CIRCLE ( 'NONE', #190, 36.69999999999998863 ) ;
#3885 = ORIENTED_EDGE ( 'NONE', *, *, #2024, .T. ) ;
#3886 = DIRECTION ( 'NONE',  ( 1.000000000000000000, 0.000000000000000000, 0.000000000000000000 ) ) ;
#3887 = CIRCLE ( 'NONE', #2842, 2.700000000000011280 ) ;
#3888 = CYLINDRICAL_SURFACE ( 'NONE', #968, 2.700000000000032152 ) ;
#3889 = EDGE_CURVE ( 'NONE', #3477, #4783, #1849, .T. ) ;
#3890 = DIRECTION ( 'NONE',  ( 0.000000000000000000, -0.000000000000000000, -1.000000000000000000 ) ) ;
#3891 = CIRCLE ( 'NONE', #5121, 2.700000000000028599 ) ;
#3892 = VERTEX_POINT ( 'NONE', #5198 ) ;
#3893 = DIRECTION ( 'NONE',  ( 0.000000000000000000, 0.000000000000000000, 1.000000000000000000 ) ) ;
#3894 = VECTOR ( 'NONE', #2319, 1000.000000000000000 ) ;
#3895 = ORIENTED_EDGE ( 'NONE', *, *, #3739, .T. ) ;
#3896 = DIRECTION ( 'NONE',  ( 0.000000000000000000, -0.000000000000000000, -1.000000000000000000 ) ) ;
#3897 = AXIS2_PLACEMENT_3D ( 'NONE', #3932, #1358, #3468 ) ;
#3898 = LINE ( 'NONE', #3482, #3963 ) ;
#3899 = AXIS2_PLACEMENT_3D ( 'NONE', #4758, #4348, #578 ) ;
#3900 = VERTEX_POINT ( 'NONE', #2723 ) ;
#3901 = ORIENTED_EDGE ( 'NONE', *, *, #2119, .F. ) ;
#3902 = ORIENTED_EDGE ( 'NONE', *, *, #3116, .T. ) ;
#3903 = DIRECTION ( 'NONE',  ( -1.000000000000000000, 0.000000000000000000, 0.000000000000000000 ) ) ;
#3904 = AXIS2_PLACEMENT_3D ( 'NONE', #205, #4031, #4092 ) ;
#3905 = CYLINDRICAL_SURFACE ( 'NONE', #5353, 2.700000000000028599 ) ;
#3906 = DIRECTION ( 'NONE',  ( -0.000000000000000000, -0.000000000000000000, 1.000000000000000000 ) ) ;
#3907 = AXIS2_PLACEMENT_3D ( 'NONE', #3587, #2329, #5298 ) ;
#3908 = EDGE_LOOP ( 'NONE', ( #5133, #97, #1122, #2020 ) ) ;
#3909 = DIRECTION ( 'NONE',  ( -0.000000000000000000, -0.000000000000000000, -1.000000000000000000 ) ) ;
#3910 = FACE_OUTER_BOUND ( 'NONE', #5108, .T. ) ;
#3911 = CARTESIAN_POINT ( 'NONE',  ( -2.914335439641035919E-12, -41.99999999998873079, 14.00001200000000345 ) ) ;
#3912 = ADVANCED_FACE ( 'NONE', ( #1020 ), #1437, .F. ) ;
#3913 = ORIENTED_EDGE ( 'NONE', *, *, #1738, .F. ) ;
#3914 = EDGE_CURVE ( 'NONE', #656, #3236, #1771, .T. ) ;
#3915 = CYLINDRICAL_SURFACE ( 'NONE', #5213, 2.250000000000001776 ) ;
#3916 = CARTESIAN_POINT ( 'NONE',  ( 40.49999999997712763, -2.765149220707030508E-12, 14.00001200000000345 ) ) ;
#3917 = FACE_OUTER_BOUND ( 'NONE', #156, .T. ) ;
#3918 = VECTOR ( 'NONE', #268, 1000.000000000000000 ) ;
#3919 = ORIENTED_EDGE ( 'NONE', *, *, #427, .F. ) ;
#3920 = DIRECTION ( 'NONE',  ( 1.000000000000000000, 0.000000000000000000, 0.000000000000000000 ) ) ;
#3921 = ADVANCED_FACE ( 'NONE', ( #1382 ), #4786, .F. ) ;
#3922 = EDGE_LOOP ( 'NONE', ( #2218, #2656, #1147, #2605 ) ) ;
#3923 = CARTESIAN_POINT ( 'NONE',  ( 7.615521582341645335, -35.59790974410469033, 7.071067811865501263 ) ) ;
#3924 = PLANE ( 'NONE',  #5375 ) ;
#3925 = ORIENTED_EDGE ( 'NONE', *, *, #1434, .T. ) ;
#3926 = ORIENTED_EDGE ( 'NONE', *, *, #3407, .F. ) ;
#3927 = VERTEX_POINT ( 'NONE', #1046 ) ;
#3928 = DIRECTION ( 'NONE',  ( 1.000000000000000000, 0.000000000000000000, 0.000000000000000000 ) ) ;
#3929 = DIRECTION ( 'NONE',  ( 1.000000000000000000, 0.000000000000000000, 0.000000000000000000 ) ) ;
#3930 = CARTESIAN_POINT ( 'NONE',  ( 35.09740483854560011, -8.010753622427328580, 14.00000000000000178 ) ) ;
#3931 = ORIENTED_EDGE ( 'NONE', *, *, #1899, .F. ) ;
#3932 = CARTESIAN_POINT ( 'NONE',  ( 41.99999999999999289, -42.00000000000000000, 0.000000000000000000 ) ) ;
#3933 = DIRECTION ( 'NONE',  ( 0.000000000000000000, 0.000000000000000000, 1.000000000000000000 ) ) ;
#3934 = DIRECTION ( 'NONE',  ( -0.000000000000000000, 0.000000000000000000, 1.000000000000000000 ) ) ;
#3935 = VERTEX_POINT ( 'NONE', #3441 ) ;
#3936 = EDGE_CURVE ( 'NONE', #4991, #3218, #5120, .T. ) ;
#3937 = PLANE ( 'NONE',  #2852 ) ;
#3938 = CARTESIAN_POINT ( 'NONE',  ( -25.89593336884852093, 22.44563286691502313, 0.000000000000000000 ) ) ;
#3939 = CARTESIAN_POINT ( 'NONE',  ( 40.49999999997712763, -2.765149220707030508E-12, 4.000000000000001776 ) ) ;
#3940 = CIRCLE ( 'NONE', #600, 36.70000000000000995 ) ;
#3941 = EDGE_CURVE ( 'NONE', #2360, #4547, #1086, .T. ) ;
#3942 = ORIENTED_EDGE ( 'NONE', *, *, #3889, .F. ) ;
#3943 = AXIS2_PLACEMENT_3D ( 'NONE', #4661, #3578, #1726 ) ;
#3944 = CARTESIAN_POINT ( 'NONE',  ( -2.631216917917196252, 36.60555555555561114, -109.0335419915582236 ) ) ;
#3945 = EDGE_CURVE ( 'NONE', #4991, #212, #4164, .T. ) ;
#3946 = ORIENTED_EDGE ( 'NONE', *, *, #2042, .F. ) ;
#3947 = FACE_OUTER_BOUND ( 'NONE', #4947, .T. ) ;
#3948 = DIRECTION ( 'NONE',  ( -0.000000000000000000, -0.000000000000000000, -1.000000000000000000 ) ) ;
#3949 = EDGE_LOOP ( 'NONE', ( #3264, #3737, #5193, #5207 ) ) ;
#3950 = EDGE_CURVE ( 'NONE', #3052, #2290, #2230, .T. ) ;
#3951 = VERTEX_POINT ( 'NONE', #3693 ) ;
#3952 = EDGE_LOOP ( 'NONE', ( #4052, #1063, #1742, #1926 ) ) ;
#3953 = DIRECTION ( 'NONE',  ( -0.000000000000000000, 0.000000000000000000, -1.000000000000000000 ) ) ;
#3954 = CARTESIAN_POINT ( 'NONE',  ( -43.09999999999999432, 40.99999999999999289, -8.000000000000007105 ) ) ;
#3955 = DIRECTION ( 'NONE',  ( 1.000000000000000000, 0.000000000000000000, 0.000000000000000000 ) ) ;
#3956 = VECTOR ( 'NONE', #2269, 1000.000000000000000 ) ;
#3957 = ADVANCED_FACE ( 'NONE', ( #2810 ), #1521, .T. ) ;
#3958 = EDGE_LOOP ( 'NONE', ( #2506, #5139, #3257, #296 ) ) ;
#3959 = AXIS2_PLACEMENT_3D ( 'NONE', #1873, #105, #1820 ) ;
#3960 = CARTESIAN_POINT ( 'NONE',  ( -16.99999999999998224, -15.95769335655782051, 0.000000000000000000 ) ) ;
#3961 = CARTESIAN_POINT ( 'NONE',  ( -18.44663023978664640, 31.72714662235779670, 14.00000000000000178 ) ) ;
#3962 = CARTESIAN_POINT ( 'NONE',  ( 30.84593336884933734, 22.44563286691402482, 14.00000000000000178 ) ) ;
#3963 = VECTOR ( 'NONE', #5157, 1000.000000000000000 ) ;
#3964 = CIRCLE ( 'NONE', #3359, 2.250000000000001776 ) ;
#3965 = ORIENTED_EDGE ( 'NONE', *, *, #427, .T. ) ;
#3966 = CIRCLE ( 'NONE', #2053, 2.099999999999997868 ) ;
#3967 = DIRECTION ( 'NONE',  ( 0.000000000000000000, 0.000000000000000000, -1.000000000000000000 ) ) ;
#3968 = DIRECTION ( 'NONE',  ( 1.000000000000000000, 2.569960705150814748E-15, 0.000000000000000000 ) ) ;
#3969 = CIRCLE ( 'NONE', #2570, 2.250000000000003997 ) ;
#3970 = DIRECTION ( 'NONE',  ( 1.000000000000000000, 0.000000000000000000, 0.000000000000000000 ) ) ;
#3971 = VERTEX_POINT ( 'NONE', #4933 ) ;
#3972 = DIRECTION ( 'NONE',  ( 1.000000000000000000, 0.000000000000000000, 0.000000000000000000 ) ) ;
#3973 = ORIENTED_EDGE ( 'NONE', *, *, #2438, .T. ) ;
#3974 = CIRCLE ( 'NONE', #3531, 1.500000000011596279 ) ;
#3975 = DIRECTION ( 'NONE',  ( -0.000000000000000000, -0.000000000000000000, -1.000000000000000000 ) ) ;
#3976 = CARTESIAN_POINT ( 'NONE',  ( -41.99999999999994316, -47.00000000000000000, -140.9360748630709281 ) ) ;
#3977 = EDGE_CURVE ( 'NONE', #4854, #3592, #4511, .T. ) ;
#3978 = ORIENTED_EDGE ( 'NONE', *, *, #5034, .T. ) ;
#3979 = ORIENTED_EDGE ( 'NONE', *, *, #2588, .F. ) ;
#3980 = ORIENTED_EDGE ( 'NONE', *, *, #1602, .F. ) ;
#3981 = CARTESIAN_POINT ( 'NONE',  ( -38.89999999999999858, 40.99999999999999289, 0.000000000000000000 ) ) ;
#3982 = AXIS2_PLACEMENT_3D ( 'NONE', #5070, #2983, #4652 ) ;
#3983 = DIRECTION ( 'NONE',  ( 0.000000000000000000, 0.000000000000000000, 1.000000000000000000 ) ) ;
#3984 = EDGE_CURVE ( 'NONE', #3340, #2153, #4571, .T. ) ;
#3985 = AXIS2_PLACEMENT_3D ( 'NONE', #1336, #4197, #1363 ) ;
#3986 = DIRECTION ( 'NONE',  ( 0.000000000000000000, 0.000000000000000000, 1.000000000000000000 ) ) ;
#3987 = DIRECTION ( 'NONE',  ( -0.000000000000000000, -0.000000000000000000, 1.000000000000000000 ) ) ;
#3988 = DIRECTION ( 'NONE',  ( 0.6234898018587320401, -0.7818314824680309139, 0.000000000000000000 ) ) ;
#3989 = VECTOR ( 'NONE', #3740, 1000.000000000000000 ) ;
#3990 = VERTEX_POINT ( 'NONE', #5254 ) ;
#3991 = CYLINDRICAL_SURFACE ( 'NONE', #1271, 30.00000000000000000 ) ;
#3992 = EDGE_CURVE ( 'NONE', #2117, #5043, #1909, .T. ) ;
#3993 = CARTESIAN_POINT ( 'NONE',  ( 29.69848480982502181, -29.69848480982903283, 14.00001200000000345 ) ) ;
#3994 = CARTESIAN_POINT ( 'NONE',  ( 10.61118627879340970, 34.40062100830075309, 0.000000000000000000 ) ) ;
#3995 = VECTOR ( 'NONE', #766, 1000.000000000000000 ) ;
#3996 = CARTESIAN_POINT ( 'NONE',  ( -33.51145495119119744, 13.15227687719047722, 0.000000000000000000 ) ) ;
#3997 = EDGE_LOOP ( 'NONE', ( #595, #4036, #1388, #3483 ) ) ;
#3998 = CARTESIAN_POINT ( 'NONE',  ( 33.51145495119168061, 13.15227687718926575, 0.000000000000000000 ) ) ;
#3999 = DIRECTION ( 'NONE',  ( -0.000000000000000000, -0.000000000000000000, 1.000000000000000000 ) ) ;
#4000 = FACE_OUTER_BOUND ( 'NONE', #4423, .T. ) ;
#4001 = ORIENTED_EDGE ( 'NONE', *, *, #3851, .T. ) ;
#4002 = DIRECTION ( 'NONE',  ( 0.000000000000000000, 0.000000000000000000, 1.000000000000000000 ) ) ;
#4003 = ORIENTED_EDGE ( 'NONE', *, *, #4354, .T. ) ;
#4004 = CARTESIAN_POINT ( 'NONE',  ( 0.000000000000000000, 0.000000000000000000, 0.000000000000000000 ) ) ;
#4005 = CARTESIAN_POINT ( 'NONE',  ( 0.000000000000000000, 0.000000000000000000, 0.000000000000000000 ) ) ;
#4006 = ORIENTED_EDGE ( 'NONE', *, *, #1328, .F. ) ;
#4007 = ORIENTED_EDGE ( 'NONE', *, *, #2571, .T. ) ;
#4008 = ORIENTED_EDGE ( 'NONE', *, *, #3629, .F. ) ;
#4009 = CARTESIAN_POINT ( 'NONE',  ( 15.61981460823152190, -32.43487924448731263, 0.000000000000000000 ) ) ;
#4010 = ORIENTED_EDGE ( 'NONE', *, *, #1394, .T. ) ;
#4011 = AXIS2_PLACEMENT_3D ( 'NONE', #958, #4286, #3928 ) ;
#4012 = CYLINDRICAL_SURFACE ( 'NONE', #4295, 2.250000000000001776 ) ;
#4013 = PLANE ( 'NONE',  #1601 ) ;
#4014 = DIRECTION ( 'NONE',  ( -1.000000000000000000, 0.000000000000000000, 0.000000000000000000 ) ) ;
#4015 = EDGE_CURVE ( 'NONE', #590, #1452, #1605, .T. ) ;
#4016 = CARTESIAN_POINT ( 'NONE',  ( 30.25991268136590051, 20.76602235663133200, 0.000000000000000000 ) ) ;
#4017 = ORIENTED_EDGE ( 'NONE', *, *, #3380, .T. ) ;
#4018 = DIRECTION ( 'NONE',  ( 0.000000000000000000, 0.000000000000000000, 1.000000000000000000 ) ) ;
#4019 = CARTESIAN_POINT ( 'NONE',  ( 46.99999999999999289, -25.17188060595130850, -150.8011557844372987 ) ) ;
#4020 = CARTESIAN_POINT ( 'NONE',  ( 0.000000000000000000, 0.000000000000000000, -7.000000000000000000 ) ) ;
#4021 = CARTESIAN_POINT ( 'NONE',  ( 0.000000000000000000, 0.000000000000000000, -109.0335419915582236 ) ) ;
#4022 = EDGE_CURVE ( 'NONE', #4118, #1621, #5341, .T. ) ;
#4023 = VERTEX_POINT ( 'NONE', #3638 ) ;
#4024 = DIRECTION ( 'NONE',  ( 0.000000000000000000, 0.000000000000000000, -1.000000000000000000 ) ) ;
#4025 = FACE_OUTER_BOUND ( 'NONE', #4174, .T. ) ;
#4026 = DIRECTION ( 'NONE',  ( -0.000000000000000000, 0.000000000000000000, 1.000000000000000000 ) ) ;
#4027 = ADVANCED_FACE ( 'NONE', ( #4960 ), #2431, .F. ) ;
#4028 = VERTEX_POINT ( 'NONE', #2869 ) ;
#4029 = CARTESIAN_POINT ( 'NONE',  ( 0.000000000000000000, 0.000000000000000000, 14.00000000000000178 ) ) ;
#4030 = ORIENTED_EDGE ( 'NONE', *, *, #484, .T. ) ;
#4031 = DIRECTION ( 'NONE',  ( 0.000000000000000000, 0.000000000000000000, 1.000000000000000000 ) ) ;
#4032 = VECTOR ( 'NONE', #4959, 1000.000000000000000 ) ;
#4033 = LINE ( 'NONE', #4798, #3272 ) ;
#4034 = VERTEX_POINT ( 'NONE', #637 ) ;
#4035 = VERTEX_POINT ( 'NONE', #3576 ) ;
#4036 = ORIENTED_EDGE ( 'NONE', *, *, #2472, .T. ) ;
#4037 = CIRCLE ( 'NONE', #1044, 1.500000000011596279 ) ;
#4038 = LINE ( 'NONE', #2716, #4710 ) ;
#4039 = ORIENTED_EDGE ( 'NONE', *, *, #4782, .T. ) ;
#4040 = CARTESIAN_POINT ( 'NONE',  ( 29.69848480982913941, 29.69848480982491523, 4.000000000000001776 ) ) ;
#4041 = CARTESIAN_POINT ( 'NONE',  ( -35.89933669852238296, 2.690283369112054679, -7.000000000000000000 ) ) ;
#4042 = CYLINDRICAL_SURFACE ( 'NONE', #3238, 2.250000000000001776 ) ;
#4043 = ADVANCED_FACE ( 'NONE', ( #4460 ), #3229, .F. ) ;
#4044 = CARTESIAN_POINT ( 'NONE',  ( 0.000000000000000000, -47.00000000000000000, -8.000000000000007105 ) ) ;
#4045 = ORIENTED_EDGE ( 'NONE', *, *, #5294, .F. ) ;
#4046 = DIRECTION ( 'NONE',  ( -0.000000000000000000, -0.000000000000000000, -1.000000000000000000 ) ) ;
#4047 = CIRCLE ( 'NONE', #4833, 2.250000000000001776 ) ;
#4048 = DIRECTION ( 'NONE',  ( 0.000000000000000000, 0.000000000000000000, 1.000000000000000000 ) ) ;
#4049 = CARTESIAN_POINT ( 'NONE',  ( 0.000000000000000000, 0.000000000000000000, 14.00000000000000178 ) ) ;
#4050 = EDGE_CURVE ( 'NONE', #466, #4700, #5315, .T. ) ;
#4051 = AXIS2_PLACEMENT_3D ( 'NONE', #4289, #136, #5165 ) ;
#4052 = ORIENTED_EDGE ( 'NONE', *, *, #1674, .T. ) ;
#4053 = CARTESIAN_POINT ( 'NONE',  ( 9.024898883769338909E-13, 35.99999999999995737, 7.071067811865499486 ) ) ;
#4054 = CIRCLE ( 'NONE', #1953, 36.70000000000001705 ) ;
#4055 = ADVANCED_FACE ( 'NONE', ( #670, #2345 ), #1552, .F. ) ;
#4056 = PLANE ( 'NONE',  #2579 ) ;
#4057 = CYLINDRICAL_SURFACE ( 'NONE', #2040, 2.250000000000001776 ) ;
#4058 = CIRCLE ( 'NONE', #2736, 2.099999999999997868 ) ;
#4059 = ORIENTED_EDGE ( 'NONE', *, *, #2739, .T. ) ;
#4060 = DIRECTION ( 'NONE',  ( 0.000000000000000000, 0.000000000000000000, 1.000000000000000000 ) ) ;
#4061 = ORIENTED_EDGE ( 'NONE', *, *, #451, .T. ) ;
#4062 = CARTESIAN_POINT ( 'NONE',  ( 35.89933669852248244, 2.690283369110756606, 7.071067811865461294 ) ) ;
#4063 = EDGE_CURVE ( 'NONE', #1598, #1858, #3516, .T. ) ;
#4064 = DIRECTION ( 'NONE',  ( 1.000000000000000000, 0.000000000000000000, 0.000000000000000000 ) ) ;
#4065 = ORIENTED_EDGE ( 'NONE', *, *, #5014, .T. ) ;
#4066 = VERTEX_POINT ( 'NONE', #3199 ) ;
#4067 = EDGE_LOOP ( 'NONE', ( #4563, #2896, #1004, #622 ) ) ;
#4068 = FACE_OUTER_BOUND ( 'NONE', #3680, .T. ) ;
#4069 = VERTEX_POINT ( 'NONE', #4876 ) ;
#4070 = DIRECTION ( 'NONE',  ( 0.000000000000000000, 0.000000000000000000, -1.000000000000000000 ) ) ;
#4071 = DIRECTION ( 'NONE',  ( 0.000000000000000000, 0.000000000000000000, 1.000000000000000000 ) ) ;
#4072 = AXIS2_PLACEMENT_3D ( 'NONE', #4053, #368, #2405 ) ;
#4073 = DIRECTION ( 'NONE',  ( 1.000000000000000000, 0.000000000000000000, 0.000000000000000000 ) ) ;
#4074 = CIRCLE ( 'NONE', #2666, 2.700000000000010392 ) ;
#4075 = LINE ( 'NONE', #4044, #3442 ) ;
#4076 = CIRCLE ( 'NONE', #3536, 36.69999999999997442 ) ;
#4077 = DIRECTION ( 'NONE',  ( 1.000000000000000000, 0.000000000000000000, 0.000000000000000000 ) ) ;
#4078 = DIRECTION ( 'NONE',  ( 0.000000000000000000, 0.000000000000000000, -1.000000000000000000 ) ) ;
#4079 = VECTOR ( 'NONE', #5252, 1000.000000000000000 ) ;
#4080 = CARTESIAN_POINT ( 'NONE',  ( -33.51145495119119744, 13.15227687719047722, 14.00000000000000178 ) ) ;
#4081 = AXIS2_PLACEMENT_3D ( 'NONE', #3834, #12, #4632 ) ;
#4082 = EDGE_LOOP ( 'NONE', ( #4114, #4364, #2931, #1323 ) ) ;
#4083 = CARTESIAN_POINT ( 'NONE',  ( 0.000000000000000000, 0.000000000000000000, 14.00000000000000178 ) ) ;
#4084 = ADVANCED_FACE ( 'NONE', ( #696 ), #2370, .F. ) ;
#4085 = AXIS2_PLACEMENT_3D ( 'NONE', #4062, #740, #617 ) ;
#4086 = CARTESIAN_POINT ( 'NONE',  ( -15.95769335655780630, 47.00000000000000000, 0.000000000000000000 ) ) ;
#4087 = DIRECTION ( 'NONE',  ( -0.000000000000000000, -0.000000000000000000, -1.000000000000000000 ) ) ;
#4088 = EDGE_LOOP ( 'NONE', ( #59, #1585, #1022, #3682 ) ) ;
#4089 = EDGE_CURVE ( 'NONE', #5432, #3743, #3867, .T. ) ;
#4090 = CARTESIAN_POINT ( 'NONE',  ( 0.000000000000000000, 0.000000000000000000, -109.0335419915582236 ) ) ;
#4091 = ORIENTED_EDGE ( 'NONE', *, *, #4972, .T. ) ;
#4092 = DIRECTION ( 'NONE',  ( -0.5000000000000046629, -0.8660254037844360431, 0.000000000000000000 ) ) ;
#4093 = CARTESIAN_POINT ( 'NONE',  ( 28.14593336884964003, 22.44563286691362336, -7.000000000000000000 ) ) ;
#4094 = DIRECTION ( 'NONE',  ( -0.000000000000000000, -0.000000000000000000, -1.000000000000000000 ) ) ;
#4095 = ORIENTED_EDGE ( 'NONE', *, *, #662, .T. ) ;
#4096 = ORIENTED_EDGE ( 'NONE', *, *, #5304, .F. ) ;
#4097 = EDGE_CURVE ( 'NONE', #355, #5318, #2535, .T. ) ;
#4098 = DIRECTION ( 'NONE',  ( 0.000000000000000000, 0.000000000000000000, 1.000000000000000000 ) ) ;
#4099 = CARTESIAN_POINT ( 'NONE',  ( 28.19848480981754335, 29.69848480982491523, 14.00001200000000345 ) ) ;
#4100 = FACE_BOUND ( 'NONE', #1696, .T. ) ;
#4101 = FACE_OUTER_BOUND ( 'NONE', #2903, .T. ) ;
#4102 = FACE_OUTER_BOUND ( 'NONE', #683, .T. ) ;
#4103 = DIRECTION ( 'NONE',  ( -0.000000000000000000, -0.000000000000000000, 1.000000000000000000 ) ) ;
#4104 = AXIS2_PLACEMENT_3D ( 'NONE', #572, #2664, #3539 ) ;
#4105 = DIRECTION ( 'NONE',  ( 0.000000000000000000, 0.000000000000000000, 1.000000000000000000 ) ) ;
#4106 = DIRECTION ( 'NONE',  ( 1.000000000000000000, 0.000000000000000000, 0.000000000000000000 ) ) ;
#4107 = CARTESIAN_POINT ( 'NONE',  ( -47.00000000000000711, 41.99999999999996447, -8.000000000000117240 ) ) ;
#4108 = ORIENTED_EDGE ( 'NONE', *, *, #3079, .T. ) ;
#4109 = EDGE_CURVE ( 'NONE', #5239, #2949, #5183, .T. ) ;
#4110 = DIRECTION ( 'NONE',  ( 0.000000000000000000, 0.000000000000000000, 1.000000000000000000 ) ) ;
#4111 = CARTESIAN_POINT ( 'NONE',  ( 36.21145495119149871, 13.15227687718976668, 0.000000000000000000 ) ) ;
#4112 = ADVANCED_FACE ( 'NONE', ( #3720 ), #4241, .F. ) ;
#4113 = ORIENTED_EDGE ( 'NONE', *, *, #831, .F. ) ;
#4114 = ORIENTED_EDGE ( 'NONE', *, *, #4654, .F. ) ;
#4115 = CARTESIAN_POINT ( 'NONE',  ( -8.361186278791683080, 34.40062100830128600, 0.000000000000000000 ) ) ;
#4116 = DIRECTION ( 'NONE',  ( -0.000000000000000000, -0.000000000000000000, -1.000000000000000000 ) ) ;
#4117 = ADVANCED_FACE ( 'NONE', ( #4647 ), #1740, .T. ) ;
#4118 = VERTEX_POINT ( 'NONE', #1246 ) ;
#4119 = EDGE_LOOP ( 'NONE', ( #287, #2774, #2223, #3931 ) ) ;
#4120 = EDGE_LOOP ( 'NONE', ( #4255, #4746, #4829, #267 ) ) ;
#4121 = CARTESIAN_POINT ( 'NONE',  ( 31.17691453623972819, -18.00000000000001421, -109.0335419915582236 ) ) ;
#4122 = AXIS2_PLACEMENT_3D ( 'NONE', #2257, #3078, #3511 ) ;
#4123 = CARTESIAN_POINT ( 'NONE',  ( 31.26145495119168061, 13.15227687718926575, 0.000000000000000000 ) ) ;
#4124 = DIRECTION ( 'NONE',  ( 1.000000000000000000, 0.000000000000000000, 0.000000000000000000 ) ) ;
#4125 = ADVANCED_FACE ( 'NONE', ( #2561, #2103, #5012, #3827, #5088, #3307, #441, #5399, #1327, #4986, #1218, #1686, #4542, #778, #2454, #2129, #2924, #2894, #4567, #4596, #805, #2482, #2979 ), #4132, .T. ) ;
#4126 = ORIENTED_EDGE ( 'NONE', *, *, #704, .T. ) ;
#4127 = CIRCLE ( 'NONE', #4817, 2.700000000000021938 ) ;
#4128 = ORIENTED_EDGE ( 'NONE', *, *, #4625, .T. ) ;
#4129 = DIRECTION ( 'NONE',  ( 0.000000000000000000, 0.000000000000000000, 1.000000000000000000 ) ) ;
#4130 = CIRCLE ( 'NONE', #4819, 2.700000000000001066 ) ;
#4131 = DIRECTION ( 'NONE',  ( 1.000000000000000000, 0.000000000000000000, 0.000000000000000000 ) ) ;
#4132 = PLANE ( 'NONE',  #364 ) ;
#4133 = EDGE_CURVE ( 'NONE', #379, #1621, #179, .T. ) ;
#4134 = PLANE ( 'NONE',  #3142 ) ;
#4135 = VERTEX_POINT ( 'NONE', #834 ) ;
#4136 = DIRECTION ( 'NONE',  ( 1.000000000000000000, 0.000000000000000000, 0.000000000000000000 ) ) ;
#4137 = DIRECTION ( 'NONE',  ( -1.000000000000000000, 0.000000000000000000, 0.000000000000000000 ) ) ;
#4138 = CIRCLE ( 'NONE', #1767, 30.00000000000000000 ) ;
#4139 = VECTOR ( 'NONE', #5390, 1000.000000000000000 ) ;
#4140 = ORIENTED_EDGE ( 'NONE', *, *, #3338, .T. ) ;
#4141 = CIRCLE ( 'NONE', #3609, 2.700000000000035705 ) ;
#4142 = ORIENTED_EDGE ( 'NONE', *, *, #1510, .F. ) ;
#4143 = CARTESIAN_POINT ( 'NONE',  ( 29.69848480982913941, 29.69848480982491523, 14.00001200000000345 ) ) ;
#4144 = VERTEX_POINT ( 'NONE', #2512 ) ;
#4145 = AXIS2_PLACEMENT_3D ( 'NONE', #568, #4772, #5136 ) ;
#4146 = ORIENTED_EDGE ( 'NONE', *, *, #1534, .T. ) ;
#4147 = ORIENTED_EDGE ( 'NONE', *, *, #2897, .F. ) ;
#4148 = AXIS2_PLACEMENT_3D ( 'NONE', #794, #2469, #2094 ) ;
#4149 = CYLINDRICAL_SURFACE ( 'NONE', #4670, 1.500000000011596279 ) ;
#4150 = CIRCLE ( 'NONE', #2833, 2.250000000000001776 ) ;
#4151 = LINE ( 'NONE', #2071, #3989 ) ;
#4152 = EDGE_CURVE ( 'NONE', #148, #3657, #1684, .T. ) ;
#4153 =( LENGTH_UNIT ( ) NAMED_UNIT ( * ) SI_UNIT ( .MILLI., .METRE. ) );
#4154 = CARTESIAN_POINT ( 'NONE',  ( -26.97883885176582908, 24.88035880389292842, 0.000000000000000000 ) ) ;
#4155 = VECTOR ( 'NONE', #1978, 1000.000000000000000 ) ;
#4156 = ORIENTED_EDGE ( 'NONE', *, *, #1226, .F. ) ;
#4157 = ORIENTED_EDGE ( 'NONE', *, *, #1019, .F. ) ;
#4158 = DIRECTION ( 'NONE',  ( -0.000000000000000000, -0.000000000000000000, 1.000000000000000000 ) ) ;
#4159 = ADVANCED_FACE ( 'NONE', ( #2 ), #5040, .F. ) ;
#4160 = DIRECTION ( 'NONE',  ( 1.000000000000000000, 0.000000000000000000, 0.000000000000000000 ) ) ;
#4161 = CIRCLE ( 'NONE', #291, 2.099999999999990763 ) ;
#4162 = CARTESIAN_POINT ( 'NONE',  ( 0.000000000000000000, 0.000000000000000000, 0.000000000000000000 ) ) ;
#4163 = AXIS2_PLACEMENT_3D ( 'NONE', #1769, #4989, #3751 ) ;
#4164 = CIRCLE ( 'NONE', #4598, 2.700000000000028599 ) ;
#4165 = ORIENTED_EDGE ( 'NONE', *, *, #2877, .F. ) ;
#4166 = ADVANCED_FACE ( 'NONE', ( #1303 ), #3849, .F. ) ;
#4167 = CARTESIAN_POINT ( 'NONE',  ( -12.86118627879168841, 34.40062100830128600, -7.000000000000000000 ) ) ;
#4168 = AXIS2_PLACEMENT_3D ( 'NONE', #3254, #2841, #3574 ) ;
#4169 = DIRECTION ( 'NONE',  ( 1.000000000000000000, 0.000000000000000000, 0.000000000000000000 ) ) ;
#4170 = VECTOR ( 'NONE', #2696, 1000.000000000000000 ) ;
#4171 = ORIENTED_EDGE ( 'NONE', *, *, #1639, .F. ) ;
#4172 = AXIS2_PLACEMENT_3D ( 'NONE', #2630, #2606, #1007 ) ;
#4173 = LINE ( 'NONE', #1775, #4688 ) ;
#4174 = EDGE_LOOP ( 'NONE', ( #3185, #2088, #2611, #406 ) ) ;
#4175 = CARTESIAN_POINT ( 'NONE',  ( 0.000000000000000000, 0.000000000000000000, 0.000000000000000000 ) ) ;
#4176 = AXIS2_PLACEMENT_3D ( 'NONE', #1586, #3265, #4945 ) ;
#4177 = CARTESIAN_POINT ( 'NONE',  ( 24.48621855975301642, -26.38986738587376735, -109.0335419915582236 ) ) ;
#4178 = ORIENTED_EDGE ( 'NONE', *, *, #1054, .T. ) ;
#4179 = ORIENTED_EDGE ( 'NONE', *, *, #1096, .F. ) ;
#4180 = DIRECTION ( 'NONE',  ( 0.000000000000000000, 0.000000000000000000, 1.000000000000000000 ) ) ;
#4181 = ORIENTED_EDGE ( 'NONE', *, *, #1602, .T. ) ;
#4182 = DIRECTION ( 'NONE',  ( 0.000000000000000000, -1.000000000000000000, 0.000000000000000000 ) ) ;
#4183 = LINE ( 'NONE', #797, #4750 ) ;
#4184 = ORIENTED_EDGE ( 'NONE', *, *, #250, .T. ) ;
#4185 = ORIENTED_EDGE ( 'NONE', *, *, #3444, .T. ) ;
#4186 = DIRECTION ( 'NONE',  ( 0.000000000000000000, 0.000000000000000000, -1.000000000000000000 ) ) ;
#4187 = ADVANCED_FACE ( 'NONE', ( #4368 ), #988, .F. ) ;
#4188 = CARTESIAN_POINT ( 'NONE',  ( 26.97883885176635133, 24.88035880389233512, -109.0335419915582236 ) ) ;
#4189 = DIRECTION ( 'NONE',  ( 0.000000000000000000, 0.000000000000000000, 1.000000000000000000 ) ) ;
#4190 = EDGE_CURVE ( 'NONE', #4920, #657, #4141, .T. ) ;
#4191 = CIRCLE ( 'NONE', #1464, 2.099999999999997868 ) ;
#4192 = EDGE_LOOP ( 'NONE', ( #1233, #5296, #1560, #799, #4705, #4678 ) ) ;
#4193 = LINE ( 'NONE', #1331, #2149 ) ;
#4194 = CARTESIAN_POINT ( 'NONE',  ( 8.275357579299734923, 35.75483823113631843, 0.000000000000000000 ) ) ;
#4195 = ADVANCED_FACE ( 'NONE', ( #2693 ), #1014, .F. ) ;
#4196 = ORIENTED_EDGE ( 'NONE', *, *, #1202, .T. ) ;
#4197 = DIRECTION ( 'NONE',  ( 0.000000000000000000, 0.000000000000000000, 1.000000000000000000 ) ) ;
#4198 = ORIENTED_EDGE ( 'NONE', *, *, #43, .F. ) ;
#4199 = CYLINDRICAL_SURFACE ( 'NONE', #3357, 2.250000000000001776 ) ;
#4200 = EDGE_CURVE ( 'NONE', #315, #2694, #4676, .T. ) ;
#4201 = ORIENTED_EDGE ( 'NONE', *, *, #3828, .F. ) ;
#4202 = AXIS2_PLACEMENT_3D ( 'NONE', #3633, #1040, #4869 ) ;
#4203 = ORIENTED_EDGE ( 'NONE', *, *, #1878, .T. ) ;
#4204 = ORIENTED_EDGE ( 'NONE', *, *, #1773, .F. ) ;
#4205 = CARTESIAN_POINT ( 'NONE',  ( -29.69848480982913941, -29.69848480982491523, 4.000000000000001776 ) ) ;
#4206 = ORIENTED_EDGE ( 'NONE', *, *, #3936, .F. ) ;
#4207 = DIRECTION ( 'NONE',  ( -0.000000000000000000, -0.000000000000000000, -1.000000000000000000 ) ) ;
#4208 = CARTESIAN_POINT ( 'NONE',  ( -36.48975133124804415, 38.87314781470556824, 14.00000000000000178 ) ) ;
#4209 = ORIENTED_EDGE ( 'NONE', *, *, #1931, .T. ) ;
#4210 = ORIENTED_EDGE ( 'NONE', *, *, #3677, .F. ) ;
#4211 = CARTESIAN_POINT ( 'NONE',  ( 41.99999999998872369, -2.765149220707030508E-12, 4.000000000000001776 ) ) ;
#4212 = CYLINDRICAL_SURFACE ( 'NONE', #2455, 30.00000000000000000 ) ;
#4213 = CARTESIAN_POINT ( 'NONE',  ( -7.615521582342924312, -35.59790974410449138, 7.071067811865499486 ) ) ;
#4214 = AXIS2_PLACEMENT_3D ( 'NONE', #1577, #2430, #4434 ) ;
#4215 = EDGE_CURVE ( 'NONE', #2353, #4311, #1056, .T. ) ;
#4216 = AXIS2_PLACEMENT_3D ( 'NONE', #2548, #5075, #2993 ) ;
#4217 = VERTEX_POINT ( 'NONE', #78 ) ;
#4218 = CARTESIAN_POINT ( 'NONE',  ( 26.97883885176635133, 24.88035880389233867, 0.000000000000000000 ) ) ;
#4219 = DIRECTION ( 'NONE',  ( 1.000000000000000000, 0.000000000000000000, 0.000000000000000000 ) ) ;
#4220 = DIRECTION ( 'NONE',  ( -0.000000000000000000, 0.000000000000000000, 1.000000000000000000 ) ) ;
#4221 = EDGE_CURVE ( 'NONE', #539, #647, #2231, .T. ) ;
#4222 = ORIENTED_EDGE ( 'NONE', *, *, #5410, .F. ) ;
#4223 = EDGE_CURVE ( 'NONE', #4420, #3405, #1947, .T. ) ;
#4224 = DIRECTION ( 'NONE',  ( 1.000000000000000000, 0.000000000000000000, 0.000000000000000000 ) ) ;
#4225 = PLANE ( 'NONE',  #2926 ) ;
#4226 = CARTESIAN_POINT ( 'NONE',  ( -38.89999999999999858, 40.99999999999999289, -8.000000000000007105 ) ) ;
#4227 = AXIS2_PLACEMENT_3D ( 'NONE', #3747, #1633, #2159 ) ;
#4228 = ORIENTED_EDGE ( 'NONE', *, *, #5363, .F. ) ;
#4229 = DIRECTION ( 'NONE',  ( 0.000000000000000000, 0.000000000000000000, 1.000000000000000000 ) ) ;
#4230 = EDGE_CURVE ( 'NONE', #9, #1433, #5274, .T. ) ;
#4231 = ORIENTED_EDGE ( 'NONE', *, *, #1360, .T. ) ;
#4232 = DIRECTION ( 'NONE',  ( 0.000000000000000000, 0.000000000000000000, 1.000000000000000000 ) ) ;
#4233 = CARTESIAN_POINT ( 'NONE',  ( 26.73621855975264339, -26.38986738587411551, -7.000000000000000000 ) ) ;
#4234 = VECTOR ( 'NONE', #5336, 1000.000000000000000 ) ;
#4235 = DIRECTION ( 'NONE',  ( 1.000000000000000000, 0.000000000000000000, 0.000000000000000000 ) ) ;
#4236 = VERTEX_POINT ( 'NONE', #1401 ) ;
#4237 = ORIENTED_EDGE ( 'NONE', *, *, #4022, .F. ) ;
#4238 = DIRECTION ( 'NONE',  ( 0.6234898018587432533, 0.7818314824680221431, 0.000000000000000000 ) ) ;
#4239 = DIRECTION ( 'NONE',  ( -1.000000000000000000, 0.000000000000000000, 0.000000000000000000 ) ) ;
#4240 = AXIS2_PLACEMENT_3D ( 'NONE', #1028, #3211, #2005 ) ;
#4241 = CYLINDRICAL_SURFACE ( 'NONE', #1853, 2.250000000000001776 ) ;
#4242 = VERTEX_POINT ( 'NONE', #938 ) ;
#4243 = AXIS2_PLACEMENT_3D ( 'NONE', #2374, #2058, #1199 ) ;
#4244 = CARTESIAN_POINT ( 'NONE',  ( 41.99999999999999289, -42.00000000000000000, -8.000000000000062172 ) ) ;
#4245 = DIRECTION ( 'NONE',  ( -0.000000000000000000, -0.000000000000000000, -1.000000000000000000 ) ) ;
#4246 = CARTESIAN_POINT ( 'NONE',  ( 22.23621855975263983, -26.38986738587411551, 7.071067811865501263 ) ) ;
#4247 =( GEOMETRIC_REPRESENTATION_CONTEXT ( 3 ) GLOBAL_UNCERTAINTY_ASSIGNED_CONTEXT ( ( #1392 ) ) GLOBAL_UNIT_ASSIGNED_CONTEXT ( ( #478, #1333, #1824 ) ) REPRESENTATION_CONTEXT ( 'NONE', 'WORKASPACE' ) );
#4248 = EDGE_CURVE ( 'NONE', #2412, #72, #4138, .T. ) ;
#4249 = CARTESIAN_POINT ( 'NONE',  ( -35.10227700601689094, -10.71074922649465222, 14.00000000000000178 ) ) ;
#4250 = CIRCLE ( 'NONE', #4081, 36.70000000000002416 ) ;
#4251 = FACE_OUTER_BOUND ( 'NONE', #2626, .T. ) ;
#4252 = CARTESIAN_POINT ( 'NONE',  ( 8.057603353559745329, -35.80453921218233404, -109.0335419915582236 ) ) ;
#4253 = EDGE_CURVE ( 'NONE', #3900, #4739, #4267, .T. ) ;
#4254 = AXIS2_PLACEMENT_3D ( 'NONE', #1495, #2622, #3524 ) ;
#4255 = ORIENTED_EDGE ( 'NONE', *, *, #4263, .T. ) ;
#4256 = DIRECTION ( 'NONE',  ( 0.000000000000000000, 0.000000000000000000, -1.000000000000000000 ) ) ;
#4257 = VERTEX_POINT ( 'NONE', #185 ) ;
#4258 = CARTESIAN_POINT ( 'NONE',  ( 35.03644220532603981, 10.92418040828916936, 14.00000000000000178 ) ) ;
#4259 = DIRECTION ( 'NONE',  ( -0.000000000000000000, -0.000000000000000000, 1.000000000000000000 ) ) ;
#4260 = VECTOR ( 'NONE', #1474, 1000.000000000000000 ) ;
#4261 = CARTESIAN_POINT ( 'NONE',  ( -13.51191078917818267, -34.12210818260339096, -109.0335419915582236 ) ) ;
#4262 = ORIENTED_EDGE ( 'NONE', *, *, #2609, .F. ) ;
#4263 = EDGE_CURVE ( 'NONE', #881, #590, #3263, .T. ) ;
#4264 = EDGE_LOOP ( 'NONE', ( #3537, #2636 ) ) ;
#4265 = DIRECTION ( 'NONE',  ( -0.000000000000000000, -0.000000000000000000, -1.000000000000000000 ) ) ;
#4266 = DIRECTION ( 'NONE',  ( 1.000000000000000000, 8.881784197001252323E-16, 0.000000000000000000 ) ) ;
#4267 = LINE ( 'NONE', #2202, #4831 ) ;
#4268 = ORIENTED_EDGE ( 'NONE', *, *, #4292, .F. ) ;
#4269 = CARTESIAN_POINT ( 'NONE',  ( -10.61118627879168663, 34.40062100830128600, 7.071067811865501263 ) ) ;
#4270 = DIRECTION ( 'NONE',  ( -0.000000000000000000, -0.000000000000000000, 1.000000000000000000 ) ) ;
#4271 = DIRECTION ( 'NONE',  ( 0.000000000000000000, 0.000000000000000000, 1.000000000000000000 ) ) ;
#4272 = ADVANCED_FACE ( 'NONE', ( #575 ), #5115, .F. ) ;
#4273 = AXIS2_PLACEMENT_3D ( 'NONE', #4424, #2307, #3565 ) ;
#4274 = CARTESIAN_POINT ( 'NONE',  ( -35.09740483854577775, -8.010753622426568299, 0.000000000000000000 ) ) ;
#4275 = CARTESIAN_POINT ( 'NONE',  ( -10.61118627879168663, 34.40062100830128600, -7.000000000000000000 ) ) ;
#4276 = DIRECTION ( 'NONE',  ( 0.000000000000000000, 0.000000000000000000, 1.000000000000000000 ) ) ;
#4277 = EDGE_CURVE ( 'NONE', #2137, #1933, #1596, .T. ) ;
#4278 = VERTEX_POINT ( 'NONE', #2258 ) ;
#4279 = LINE ( 'NONE', #903, #1419 ) ;
#4280 = ORIENTED_EDGE ( 'NONE', *, *, #2540, .T. ) ;
#4281 = CARTESIAN_POINT ( 'NONE',  ( 35.89933669852248244, 2.690283369110756606, 0.000000000000000000 ) ) ;
#4282 = LINE ( 'NONE', #490, #894 ) ;
#4283 = EDGE_LOOP ( 'NONE', ( #4061, #3267, #2381, #849 ) ) ;
#4284 = ORIENTED_EDGE ( 'NONE', *, *, #4373, .F. ) ;
#4285 = VERTEX_POINT ( 'NONE', #4781 ) ;
#4286 = DIRECTION ( 'NONE',  ( -0.000000000000000000, -0.000000000000000000, 1.000000000000000000 ) ) ;
#4287 = CARTESIAN_POINT ( 'NONE',  ( 38.14933669852248244, 2.690283369110757050, 7.071067811865461294 ) ) ;
#4288 = EDGE_CURVE ( 'NONE', #3579, #3792, #1795, .T. ) ;
#4289 = CARTESIAN_POINT ( 'NONE',  ( 15.61981460823152190, -32.43487924448731263, -7.000000000000000000 ) ) ;
#4290 = VERTEX_POINT ( 'NONE', #3464 ) ;
#4291 = CYLINDRICAL_SURFACE ( 'NONE', #4168, 2.700000000000023714 ) ;
#4292 = EDGE_CURVE ( 'NONE', #3628, #4893, #717, .T. ) ;
#4293 = AXIS2_PLACEMENT_3D ( 'NONE', #5398, #1685, #2511 ) ;
#4294 = DIRECTION ( 'NONE',  ( 0.07473009358642106192, -0.9972037971811804624, 0.000000000000000000 ) ) ;
#4295 = AXIS2_PLACEMENT_3D ( 'NONE', #3157, #1105, #1482 ) ;
#4296 = EDGE_LOOP ( 'NONE', ( #2707, #220 ) ) ;
#4297 = DIRECTION ( 'NONE',  ( -1.000000000000000000, 0.000000000000000000, 0.000000000000000000 ) ) ;
#4298 = VECTOR ( 'NONE', #1386, 1000.000000000000000 ) ;
#4299 = DIRECTION ( 'NONE',  ( 1.000000000000000000, 0.000000000000000000, 0.000000000000000000 ) ) ;
#4300 = CARTESIAN_POINT ( 'NONE',  ( -15.95769335655780630, -16.99999999999999645, 0.000000000000000000 ) ) ;
#4301 = EDGE_LOOP ( 'NONE', ( #462, #3658 ) ) ;
#4302 = DIRECTION ( 'NONE',  ( 1.000000000000000000, 0.000000000000000000, -0.000000000000000000 ) ) ;
#4303 = ORIENTED_EDGE ( 'NONE', *, *, #3498, .T. ) ;
#4304 = CIRCLE ( 'NONE', #3081, 2.250000000000001776 ) ;
#4305 = DIRECTION ( 'NONE',  ( 1.000000000000000000, 1.766847984791178138E-15, 0.000000000000000000 ) ) ;
#4306 = CIRCLE ( 'NONE', #2203, 2.700000000000028599 ) ;
#4307 = CARTESIAN_POINT ( 'NONE',  ( 18.31981460823200436, -32.43487924448709236, 14.00000000000000178 ) ) ;
#4308 = VERTEX_POINT ( 'NONE', #961 ) ;
#4309 = AXIS2_PLACEMENT_3D ( 'NONE', #3330, #884, #393 ) ;
#4310 = ORIENTED_EDGE ( 'NONE', *, *, #728, .F. ) ;
#4311 = VERTEX_POINT ( 'NONE', #2640 ) ;
#4312 = CARTESIAN_POINT ( 'NONE',  ( -37.34740483854578486, -8.010753622426568299, -7.000000000000000000 ) ) ;
#4313 = EDGE_CURVE ( 'NONE', #1621, #4331, #3167, .T. ) ;
#4314 = VECTOR ( 'NONE', #2448, 1000.000000000000000 ) ;
#4315 = DIRECTION ( 'NONE',  ( 0.000000000000000000, 0.000000000000000000, 1.000000000000000000 ) ) ;
#4316 = DIRECTION ( 'NONE',  ( -0.000000000000000000, -0.000000000000000000, -1.000000000000000000 ) ) ;
#4317 = CIRCLE ( 'NONE', #4407, 36.70000000000000284 ) ;
#4318 = EDGE_CURVE ( 'NONE', #3050, #3839, #3083, .T. ) ;
#4319 = EDGE_LOOP ( 'NONE', ( #4385, #3786 ) ) ;
#4320 = AXIS2_PLACEMENT_3D ( 'NONE', #4121, #2070, #3707 ) ;
#4321 = DIRECTION ( 'NONE',  ( 0.000000000000000000, 0.000000000000000000, 1.000000000000000000 ) ) ;
#4322 = DIRECTION ( 'NONE',  ( -0.000000000000000000, -0.000000000000000000, 1.000000000000000000 ) ) ;
#4323 = AXIS2_PLACEMENT_3D ( 'NONE', #1312, #4660, #1339 ) ;
#4324 = CARTESIAN_POINT ( 'NONE',  ( -40.99999999999997868, -40.99999999999996447, 0.000000000000000000 ) ) ;
#4325 = EDGE_CURVE ( 'NONE', #4034, #204, #4926, .T. ) ;
#4326 = ORIENTED_EDGE ( 'NONE', *, *, #4152, .T. ) ;
#4327 = FACE_OUTER_BOUND ( 'NONE', #396, .T. ) ;
#4328 = AXIS2_PLACEMENT_3D ( 'NONE', #4909, #2460, #4137 ) ;
#4329 = CARTESIAN_POINT ( 'NONE',  ( 36.70000000000003837, 0.000000000000000000, 14.00000000000000178 ) ) ;
#4330 = AXIS2_PLACEMENT_3D ( 'NONE', #5367, #3278, #1932 ) ;
#4331 = VERTEX_POINT ( 'NONE', #4868 ) ;
#4332 = CARTESIAN_POINT ( 'NONE',  ( -31.17691453624012254, -17.99999999999934275, 7.071067811865501263 ) ) ;
#4333 = AXIS2_PLACEMENT_3D ( 'NONE', #3415, #2900, #1640 ) ;
#4334 = ORIENTED_EDGE ( 'NONE', *, *, #4498, .T. ) ;
#4335 = DIRECTION ( 'NONE',  ( 1.000000000000000000, 0.000000000000000000, 0.000000000000000000 ) ) ;
#4336 = DIRECTION ( 'NONE',  ( -0.000000000000000000, -0.000000000000000000, 1.000000000000000000 ) ) ;
#4337 = AXIS2_PLACEMENT_3D ( 'NONE', #1724, #3339, #3017 ) ;
#4338 = ORIENTED_EDGE ( 'NONE', *, *, #1441, .F. ) ;
#4339 = ORIENTED_EDGE ( 'NONE', *, *, #5124, .F. ) ;
#4340 = ORIENTED_EDGE ( 'NONE', *, *, #1659, .F. ) ;
#4341 = DIRECTION ( 'NONE',  ( 0.000000000000000000, 0.000000000000000000, 1.000000000000000000 ) ) ;
#4342 = AXIS2_PLACEMENT_3D ( 'NONE', #5002, #434, #1236 ) ;
#4343 = FACE_OUTER_BOUND ( 'NONE', #5200, .T. ) ;
#4344 = DIRECTION ( 'NONE',  ( 0.000000000000000000, -0.000000000000000000, -1.000000000000000000 ) ) ;
#4345 = EDGE_CURVE ( 'NONE', #5043, #3704, #3569, .T. ) ;
#4346 = ORIENTED_EDGE ( 'NONE', *, *, #3470, .T. ) ;
#4347 = CARTESIAN_POINT ( 'NONE',  ( 28.19848480981342576, -29.69848480982903283, 14.00000000000000178 ) ) ;
#4348 = DIRECTION ( 'NONE',  ( -0.000000000000000000, -0.000000000000000000, 1.000000000000000000 ) ) ;
#4349 = ADVANCED_FACE ( 'NONE', ( #2836 ), #2778, .F. ) ;
#4350 = DIRECTION ( 'NONE',  ( 0.000000000000000000, 0.000000000000000000, 1.000000000000000000 ) ) ;
#4351 = EDGE_CURVE ( 'NONE', #3102, #1502, #1415, .T. ) ;
#4352 = ORIENTED_EDGE ( 'NONE', *, *, #4223, .T. ) ;
#4353 = CYLINDRICAL_SURFACE ( 'NONE', #4254, 4.999999999999997335 ) ;
#4354 = EDGE_CURVE ( 'NONE', #468, #3935, #1483, .T. ) ;
#4355 = CYLINDRICAL_SURFACE ( 'NONE', #3261, 2.250000000000001776 ) ;
#4356 = DIRECTION ( 'NONE',  ( 1.000000000000000000, 0.000000000000000000, 0.000000000000000000 ) ) ;
#4357 = ORIENTED_EDGE ( 'NONE', *, *, #653, .F. ) ;
#4358 = LINE ( 'NONE', #3023, #5191 ) ;
#4359 = ORIENTED_EDGE ( 'NONE', *, *, #4897, .T. ) ;
#4360 = DIRECTION ( 'NONE',  ( -0.000000000000000000, -0.000000000000000000, -1.000000000000000000 ) ) ;
#4361 = ADVANCED_FACE ( 'NONE', ( #4101, #2018 ), #1928, .T. ) ;
#4362 = DIRECTION ( 'NONE',  ( -0.000000000000000000, -0.000000000000000000, -1.000000000000000000 ) ) ;
#4363 = ORIENTED_EDGE ( 'NONE', *, *, #5294, .T. ) ;
#4364 = ORIENTED_EDGE ( 'NONE', *, *, #3016, .T. ) ;
#4365 = ORIENTED_EDGE ( 'NONE', *, *, #4755, .F. ) ;
#4366 = CARTESIAN_POINT ( 'NONE',  ( 30.39593336884964003, 22.44563286691362336, 7.071067811865501263 ) ) ;
#4367 = DIRECTION ( 'NONE',  ( 1.000000000000000000, 0.000000000000000000, 0.000000000000000000 ) ) ;
#4368 = FACE_OUTER_BOUND ( 'NONE', #5413, .T. ) ;
#4369 = EDGE_LOOP ( 'NONE', ( #3212, #2642 ) ) ;
#4370 = CIRCLE ( 'NONE', #4202, 53.31625993297229371 ) ;
#4371 = LINE ( 'NONE', #2317, #3722 ) ;
#4373 = EDGE_CURVE ( 'NONE', #3355, #4892, #3661, .T. ) ;
#4372 = LINE ( 'NONE', #3164, #2496 ) ;
#4374 = DIRECTION ( 'NONE',  ( 0.9555728057861405667, -0.2947551744109050409, 0.000000000000000000 ) ) ;
#4375 = ORIENTED_EDGE ( 'NONE', *, *, #4923, .T. ) ;
#4376 = AXIS2_PLACEMENT_3D ( 'NONE', #2177, #1352, #1819 ) ;
#4377 = CYLINDRICAL_SURFACE ( 'NONE', #26, 36.70000000000000995 ) ;
#4378 = EDGE_CURVE ( 'NONE', #3562, #3236, #3172, .T. ) ;
#4379 = CARTESIAN_POINT ( 'NONE',  ( 27.18621855975304413, -26.38986738587376735, 0.000000000000000000 ) ) ;
#4380 = CARTESIAN_POINT ( 'NONE',  ( -41.99999999998872369, 2.473715676742926917E-12, 14.00000000000000178 ) ) ;
#4381 = ORIENTED_EDGE ( 'NONE', *, *, #1387, .T. ) ;
#4382 = EDGE_CURVE ( 'NONE', #5020, #4643, #1457, .T. ) ;
#4383 = CIRCLE ( 'NONE', #3419, 2.700000000000028599 ) ;
#4384 = CARTESIAN_POINT ( 'NONE',  ( 13.31118627879294891, 34.40062100830090941, -109.0335419915582236 ) ) ;
#4385 = ORIENTED_EDGE ( 'NONE', *, *, #1732, .F. ) ;
#4386 = CARTESIAN_POINT ( 'NONE',  ( -32.60000000000000142, 0.000000000000000000, -7.000000000000000000 ) ) ;
#4387 = CARTESIAN_POINT ( 'NONE',  ( -13.30399624507198553, 34.20370862802908363, -109.0335419915582236 ) ) ;
#4388 = VERTEX_POINT ( 'NONE', #1106 ) ;
#4389 = VERTEX_POINT ( 'NONE', #3598 ) ;
#4390 = ORIENTED_EDGE ( 'NONE', *, *, #250, .F. ) ;
#4391 = EDGE_CURVE ( 'NONE', #3347, #2524, #3873, .T. ) ;
#4392 = CARTESIAN_POINT ( 'NONE',  ( 35.09740483854548643, -8.010753622427833065, -7.000000000000000000 ) ) ;
#4393 = VECTOR ( 'NONE', #543, 1000.000000000000000 ) ;
#4394 = PLANE ( 'NONE',  #2458 ) ;
#4395 = DIRECTION ( 'NONE',  ( 0.000000000000000000, -1.000000000000000000, 0.000000000000000000 ) ) ;
#4396 = AXIS2_PLACEMENT_3D ( 'NONE', #146, #2293, #168 ) ;
#4397 = CARTESIAN_POINT ( 'NONE',  ( 46.99999999999999289, 41.99999999999996447, -8.000000000000060396 ) ) ;
#4398 = VERTEX_POINT ( 'NONE', #5246 ) ;
#4399 = AXIS2_PLACEMENT_3D ( 'NONE', #4020, #4078, #1937 ) ;
#4400 = CYLINDRICAL_SURFACE ( 'NONE', #1351, 1.500000000011596279 ) ;
#4401 = CARTESIAN_POINT ( 'NONE',  ( 26.73621855975264339, -26.38986738587411551, 0.000000000000000000 ) ) ;
#4402 = DIRECTION ( 'NONE',  ( 0.000000000000000000, 0.000000000000000000, 1.000000000000000000 ) ) ;
#4403 = CIRCLE ( 'NONE', #1687, 36.70000000000000995 ) ;
#4404 = CARTESIAN_POINT ( 'NONE',  ( 36.30656791140456363, 5.359396094204004868, 0.000000000000000000 ) ) ;
#4405 = AXIS2_PLACEMENT_3D ( 'NONE', #2298, #4444, #4413 ) ;
#4406 = EDGE_LOOP ( 'NONE', ( #3361, #3376, #2918, #4845 ) ) ;
#4407 = AXIS2_PLACEMENT_3D ( 'NONE', #4175, #5052, #3293 ) ;
#4408 = DIRECTION ( 'NONE',  ( -0.9888308262251295222, -0.1490422661761678091, 0.000000000000000000 ) ) ;
#4409 = DIRECTION ( 'NONE',  ( 0.000000000000000000, 0.000000000000000000, 1.000000000000000000 ) ) ;
#4410 = CIRCLE ( 'NONE', #5381, 36.70000000000002416 ) ;
#4411 = CARTESIAN_POINT ( 'NONE',  ( -32.84740483854577775, -8.010753622426568299, 7.071067811865501263 ) ) ;
#4412 = ORIENTED_EDGE ( 'NONE', *, *, #2726, .T. ) ;
#4413 = DIRECTION ( 'NONE',  ( 1.000000000000000000, 0.000000000000000000, 0.000000000000000000 ) ) ;
#4414 = ORIENTED_EDGE ( 'NONE', *, *, #2681, .T. ) ;
#4415 = AXIS2_PLACEMENT_3D ( 'NONE', #2701, #2213, #3886 ) ;
#4416 = DIRECTION ( 'NONE',  ( 0.000000000000000000, -0.000000000000000000, -1.000000000000000000 ) ) ;
#4417 = FACE_OUTER_BOUND ( 'NONE', #613, .T. ) ;
#4418 = EDGE_CURVE ( 'NONE', #2549, #5171, #271, .T. ) ;
#4419 = CIRCLE ( 'NONE', #389, 4.999999999999997335 ) ;
#4420 = VERTEX_POINT ( 'NONE', #4899 ) ;
#4421 = AXIS2_PLACEMENT_3D ( 'NONE', #5170, #1407, #526 ) ;
#4422 = ORIENTED_EDGE ( 'NONE', *, *, #1240, .F. ) ;
#4423 = EDGE_LOOP ( 'NONE', ( #1227, #3724, #4500, #3499 ) ) ;
#4424 = CARTESIAN_POINT ( 'NONE',  ( 0.000000000000000000, 0.000000000000000000, 0.000000000000000000 ) ) ;
#4425 = VECTOR ( 'NONE', #2453, 1000.000000000000000 ) ;
#4426 = DIRECTION ( 'NONE',  ( 0.000000000000000000, 0.000000000000000000, 1.000000000000000000 ) ) ;
#4427 = AXIS2_PLACEMENT_3D ( 'NONE', #5050, #867, #1254 ) ;
#4428 = DIRECTION ( 'NONE',  ( 1.000000000000000000, 0.000000000000000000, 0.000000000000000000 ) ) ;
#4429 = ADVANCED_FACE ( 'NONE', ( #4454 ), #4832, .F. ) ;
#4430 = DIRECTION ( 'NONE',  ( -1.000000000000000000, 0.000000000000000000, 0.000000000000000000 ) ) ;
#4431 = LINE ( 'NONE', #753, #3275 ) ;
#4432 = CIRCLE ( 'NONE', #1889, 32.60000000000000142 ) ;
#4433 = ORIENTED_EDGE ( 'NONE', *, *, #4897, .F. ) ;
#4434 = DIRECTION ( 'NONE',  ( 1.000000000000000000, 0.000000000000000000, 0.000000000000000000 ) ) ;
#4435 = CARTESIAN_POINT ( 'NONE',  ( 40.99999999999997868, -40.99999999999995026, 0.000000000000000000 ) ) ;
#4436 = CARTESIAN_POINT ( 'NONE',  ( -40.49999999997712763, 2.473899373762800572E-12, 14.00001200000000345 ) ) ;
#4437 = EDGE_CURVE ( 'NONE', #3657, #3031, #533, .T. ) ;
#4438 = FACE_OUTER_BOUND ( 'NONE', #3908, .T. ) ;
#4439 = ORIENTED_EDGE ( 'NONE', *, *, #2366, .T. ) ;
#4440 = CARTESIAN_POINT ( 'NONE',  ( 0.000000000000000000, 0.000000000000000000, -7.000000000000000000 ) ) ;
#4441 = CARTESIAN_POINT ( 'NONE',  ( 0.000000000000000000, 0.000000000000000000, 0.000000000000000000 ) ) ;
#4442 = CARTESIAN_POINT ( 'NONE',  ( 43.09999999999997300, -40.99999999999995026, 0.000000000000000000 ) ) ;
#4443 = ORIENTED_EDGE ( 'NONE', *, *, #5373, .F. ) ;
#4444 = DIRECTION ( 'NONE',  ( 0.000000000000000000, 0.000000000000000000, 1.000000000000000000 ) ) ;
#4445 = ORIENTED_EDGE ( 'NONE', *, *, #3392, .T. ) ;
#4446 = CARTESIAN_POINT ( 'NONE',  ( 33.11385923708170509, 15.82284192004523504, 14.00000000000000178 ) ) ;
#4447 = EDGE_CURVE ( 'NONE', #1315, #1933, #303, .T. ) ;
#4448 = DIRECTION ( 'NONE',  ( 1.000000000000000000, 0.000000000000000000, 0.000000000000000000 ) ) ;
#4449 = ORIENTED_EDGE ( 'NONE', *, *, #2009, .T. ) ;
#4450 = ORIENTED_EDGE ( 'NONE', *, *, #3889, .T. ) ;
#4451 = ORIENTED_EDGE ( 'NONE', *, *, #214, .F. ) ;
#4452 = DIRECTION ( 'NONE',  ( 1.000000000000000000, 0.000000000000000000, 0.000000000000000000 ) ) ;
#4453 = CARTESIAN_POINT ( 'NONE',  ( 15.61981460823152190, -32.43487924448731263, 0.000000000000000000 ) ) ;
#4454 = FACE_OUTER_BOUND ( 'NONE', #5158, .T. ) ;
#4455 = DIRECTION ( 'NONE',  ( 0.000000000000000000, 0.000000000000000000, 1.000000000000000000 ) ) ;
#4456 = DIRECTION ( 'NONE',  ( 1.000000000000000000, 0.000000000000000000, 0.000000000000000000 ) ) ;
#4457 = ORIENTED_EDGE ( 'NONE', *, *, #4778, .T. ) ;
#4458 = ADVANCED_FACE ( 'NONE', ( #2338 ), #4013, .F. ) ;
#4459 = CYLINDRICAL_SURFACE ( 'NONE', #1749, 36.70000000000000284 ) ;
#4460 = FACE_OUTER_BOUND ( 'NONE', #3997, .T. ) ;
#4461 = CARTESIAN_POINT ( 'NONE',  ( 40.49999999997712763, -2.765149220707030508E-12, 14.00000000000000178 ) ) ;
#4462 = AXIS2_PLACEMENT_3D ( 'NONE', #3231, #757, #2811 ) ;
#4463 = EDGE_LOOP ( 'NONE', ( #324, #282 ) ) ;
#4464 = ADVANCED_FACE ( 'NONE', ( #4617, #465 ), #4537, .T. ) ;
#4465 = LINE ( 'NONE', #759, #4764 ) ;
#4466 = CYLINDRICAL_SURFACE ( 'NONE', #4328, 2.250000000000001776 ) ;
#4467 = DIRECTION ( 'NONE',  ( -0.000000000000000000, -0.000000000000000000, -1.000000000000000000 ) ) ;
#4468 = ORIENTED_EDGE ( 'NONE', *, *, #5196, .T. ) ;
#4469 = CARTESIAN_POINT ( 'NONE',  ( 10.61118627879293008, 34.40062100830090941, 14.00000000000000178 ) ) ;
#4470 = VERTEX_POINT ( 'NONE', #2505 ) ;
#4471 = CARTESIAN_POINT ( 'NONE',  ( -15.95769335655780630, 47.00000000000000000, 14.00000000000000178 ) ) ;
#4472 = AXIS2_PLACEMENT_3D ( 'NONE', #4674, #2158, #2592 ) ;
#4473 = FACE_OUTER_BOUND ( 'NONE', #1727, .T. ) ;
#4474 = ORIENTED_EDGE ( 'NONE', *, *, #5373, .T. ) ;
#4475 = EDGE_LOOP ( 'NONE', ( #2960, #2332, #4209, #1892 ) ) ;
#4476 = VERTEX_POINT ( 'NONE', #1238 ) ;
#4477 = CARTESIAN_POINT ( 'NONE',  ( -28.19848480981754335, -29.69848480982491523, 14.00001200000000345 ) ) ;
#4478 = VERTEX_POINT ( 'NONE', #4154 ) ;
#4479 = FACE_OUTER_BOUND ( 'NONE', #955, .T. ) ;
#4480 = CARTESIAN_POINT ( 'NONE',  ( 0.000000000000000000, 0.000000000000000000, 14.00000000000000178 ) ) ;
#4481 = DIRECTION ( 'NONE',  ( -1.000000000000000000, 0.000000000000000000, 0.000000000000000000 ) ) ;
#4482 = ADVANCED_FACE ( 'NONE', ( #2865 ), #2074, .F. ) ;
#4483 = DIRECTION ( 'NONE',  ( 0.000000000000000000, 0.000000000000000000, 1.000000000000000000 ) ) ;
#4484 = DIRECTION ( 'NONE',  ( 1.000000000000000000, 0.000000000000000000, 0.000000000000000000 ) ) ;
#4485 = DIRECTION ( 'NONE',  ( 1.000000000000000000, -1.927470528863093312E-15, 0.000000000000000000 ) ) ;
#4486 = EDGE_CURVE ( 'NONE', #2654, #1542, #1774, .T. ) ;
#4487 = DIRECTION ( 'NONE',  ( 1.000000000000000000, 0.000000000000000000, 0.000000000000000000 ) ) ;
#4488 = VECTOR ( 'NONE', #2393, 1000.000000000000000 ) ;
#4489 = ORIENTED_EDGE ( 'NONE', *, *, #3729, .F. ) ;
#4490 = PLANE ( 'NONE',  #1523 ) ;
#4491 = VECTOR ( 'NONE', #719, 1000.000000000000000 ) ;
#4492 = DIRECTION ( 'NONE',  ( 1.000000000000000000, 0.000000000000000000, 0.000000000000000000 ) ) ;
#4493 = DIRECTION ( 'NONE',  ( -0.000000000000000000, -0.000000000000000000, 1.000000000000000000 ) ) ;
#4494 = ADVANCED_FACE ( 'NONE', ( #2151 ), #5365, .T. ) ;
#4495 = AXIS2_PLACEMENT_3D ( 'NONE', #5154, #2219, #4694 ) ;
#4496 = CIRCLE ( 'NONE', #3439, 2.250000000000000444 ) ;
#4497 = ORIENTED_EDGE ( 'NONE', *, *, #4354, .F. ) ;
#4498 = EDGE_CURVE ( 'NONE', #576, #1524, #1247, .T. ) ;
#4499 = DIRECTION ( 'NONE',  ( 0.000000000000000000, 0.000000000000000000, 1.000000000000000000 ) ) ;
#4500 = ORIENTED_EDGE ( 'NONE', *, *, #728, .T. ) ;
#4501 = AXIS2_PLACEMENT_3D ( 'NONE', #2526, #4180, #3788 ) ;
#4502 = FACE_OUTER_BOUND ( 'NONE', #2476, .T. ) ;
#4503 = DIRECTION ( 'NONE',  ( 0.000000000000000000, 0.000000000000000000, 1.000000000000000000 ) ) ;
#4504 = CARTESIAN_POINT ( 'NONE',  ( -31.17691453624012254, -17.99999999999934275, -7.000000000000000000 ) ) ;
#4505 = ORIENTED_EDGE ( 'NONE', *, *, #4313, .F. ) ;
#4506 = VERTEX_POINT ( 'NONE', #773 ) ;
#4507 = CARTESIAN_POINT ( 'NONE',  ( 33.64933669852247533, 2.690283369110756606, -7.000000000000000000 ) ) ;
#4508 = AXIS2_PLACEMENT_3D ( 'NONE', #4881, #3286, #2029 ) ;
#4509 = DIRECTION ( 'NONE',  ( 1.000000000000000000, 0.000000000000000000, 0.000000000000000000 ) ) ;
#4510 = CARTESIAN_POINT ( 'NONE',  ( 0.000000000000000000, 0.000000000000000000, -7.000000000000000000 ) ) ;
#4511 = CIRCLE ( 'NONE', #2292, 30.00000000000000000 ) ;
#4512 = CARTESIAN_POINT ( 'NONE',  ( 28.14593336884964003, 22.44563286691362336, 0.000000000000000000 ) ) ;
#4513 = CIRCLE ( 'NONE', #1792, 2.250000000000000000 ) ;
#4514 = DIRECTION ( 'NONE',  ( -0.000000000000000000, -0.000000000000000000, -1.000000000000000000 ) ) ;
#4515 = AXIS2_PLACEMENT_3D ( 'NONE', #503, #5125, #4224 ) ;
#4516 = CARTESIAN_POINT ( 'NONE',  ( -24.48621855975358841, -26.38986738587323444, 7.071067811865501263 ) ) ;
#4517 = DIRECTION ( 'NONE',  ( -0.000000000000000000, -0.000000000000000000, -1.000000000000000000 ) ) ;
#4518 = EDGE_CURVE ( 'NONE', #4311, #3088, #878, .T. ) ;
#4519 = DIRECTION ( 'NONE',  ( -1.000000000000000000, 0.000000000000000000, 0.000000000000000000 ) ) ;
#4520 = ORIENTED_EDGE ( 'NONE', *, *, #4587, .F. ) ;
#4521 = ADVANCED_FACE ( 'NONE', ( #2554 ), #4980, .F. ) ;
#4522 = DIRECTION ( 'NONE',  ( 0.000000000000000000, -0.000000000000000000, -1.000000000000000000 ) ) ;
#4523 = VECTOR ( 'NONE', #2170, 1000.000000000000000 ) ;
#4524 = CARTESIAN_POINT ( 'NONE',  ( -25.89593336884852093, 22.44563286691502313, 7.071067811865501263 ) ) ;
#4525 = VERTEX_POINT ( 'NONE', #4208 ) ;
#4526 = EDGE_CURVE ( 'NONE', #1290, #539, #4054, .T. ) ;
#4527 = EDGE_LOOP ( 'NONE', ( #5057, #131, #1116, #3412 ) ) ;
#4528 = DIRECTION ( 'NONE',  ( -0.000000000000000000, 0.000000000000000000, 1.000000000000000000 ) ) ;
#4529 = CARTESIAN_POINT ( 'NONE',  ( 35.09740483854548643, -8.010753622427833065, 7.071067811865501263 ) ) ;
#4530 = CARTESIAN_POINT ( 'NONE',  ( 1.500000000014215074, 41.99999999998872369, 14.00001200000000345 ) ) ;
#4531 = ORIENTED_EDGE ( 'NONE', *, *, #2777, .T. ) ;
#4532 = ORIENTED_EDGE ( 'NONE', *, *, #4755, .T. ) ;
#4533 = CARTESIAN_POINT ( 'NONE',  ( 13.30399624507271561, 34.20370862802880652, 0.000000000000000000 ) ) ;
#4534 = EDGE_CURVE ( 'NONE', #2712, #4525, #2648, .T. ) ;
#4535 = CARTESIAN_POINT ( 'NONE',  ( -15.61981460823222001, -32.43487924448698578, 14.00000000000000178 ) ) ;
#4536 = CARTESIAN_POINT ( 'NONE',  ( 0.000000000000000000, 0.000000000000000000, 0.000000000000000000 ) ) ;
#4537 = PLANE ( 'NONE',  #5280 ) ;
#4538 = VERTEX_POINT ( 'NONE', #2889 ) ;
#4539 = CARTESIAN_POINT ( 'NONE',  ( 17.86981460823152545, -32.43487924448731263, -7.000000000000000000 ) ) ;
#4540 = FACE_OUTER_BOUND ( 'NONE', #3922, .T. ) ;
#4541 = EDGE_CURVE ( 'NONE', #5031, #201, #4403, .T. ) ;
#4542 = FACE_BOUND ( 'NONE', #3652, .T. ) ;
#4543 = DIRECTION ( 'NONE',  ( 0.000000000000000000, 0.000000000000000000, 1.000000000000000000 ) ) ;
#4544 = VERTEX_POINT ( 'NONE', #4559 ) ;
#4545 = CYLINDRICAL_SURFACE ( 'NONE', #4072, 2.250000000000002220 ) ;
#4546 = DIRECTION ( 'NONE',  ( -0.000000000000000000, -0.000000000000000000, -1.000000000000000000 ) ) ;
#4547 = VERTEX_POINT ( 'NONE', #1267 ) ;
#4548 = EDGE_CURVE ( 'NONE', #4034, #2384, #2130, .T. ) ;
#4549 = VECTOR ( 'NONE', #4519, 1000.000000000000000 ) ;
#4550 = ORIENTED_EDGE ( 'NONE', *, *, #323, .T. ) ;
#4551 = CARTESIAN_POINT ( 'NONE',  ( 36.69983008444884831, 0.1116770906943860414, -109.0335419915582236 ) ) ;
#4552 = FACE_OUTER_BOUND ( 'NONE', #166, .T. ) ;
#4553 = EDGE_CURVE ( 'NONE', #3927, #655, #4183, .T. ) ;
#4554 = ORIENTED_EDGE ( 'NONE', *, *, #4486, .T. ) ;
#4555 = ORIENTED_EDGE ( 'NONE', *, *, #1845, .T. ) ;
#4556 = CYLINDRICAL_SURFACE ( 'NONE', #4148, 30.00000000000000000 ) ;
#4557 = DIRECTION ( 'NONE',  ( -0.000000000000000000, -0.000000000000000000, 1.000000000000000000 ) ) ;
#4558 = CARTESIAN_POINT ( 'NONE',  ( -17.86981460823269430, -32.43487924448676551, -7.000000000000000000 ) ) ;
#4559 = CARTESIAN_POINT ( 'NONE',  ( -36.30656791140444994, 5.359396094204798899, 14.00000000000000178 ) ) ;
#4560 = ORIENTED_EDGE ( 'NONE', *, *, #2897, .T. ) ;
#4561 = EDGE_CURVE ( 'NONE', #775, #672, #2385, .T. ) ;
#4562 = AXIS2_PLACEMENT_3D ( 'NONE', #216, #5273, #688 ) ;
#4563 = ORIENTED_EDGE ( 'NONE', *, *, #2377, .T. ) ;
#4564 = CARTESIAN_POINT ( 'NONE',  ( -41.99999999999997868, -42.00000000000000000, -8.000000000000062172 ) ) ;
#4565 = AXIS2_PLACEMENT_3D ( 'NONE', #4504, #1698, #5411 ) ;
#4566 = CYLINDRICAL_SURFACE ( 'NONE', #1660, 4.999999999999997335 ) ;
#4567 = FACE_BOUND ( 'NONE', #2741, .T. ) ;
#4568 = EDGE_LOOP ( 'NONE', ( #3176, #3140, #5182, #3276 ) ) ;
#4569 = PLANE ( 'NONE',  #1084 ) ;
#4570 = DIRECTION ( 'NONE',  ( 1.000000000000000000, 0.000000000000000000, 0.000000000000000000 ) ) ;
#4571 = CIRCLE ( 'NONE', #1412, 1.500000000011597834 ) ;
#4572 = AXIS2_PLACEMENT_3D ( 'NONE', #3527, #1026, #3556 ) ;
#4573 = EDGE_LOOP ( 'NONE', ( #4811, #3268 ) ) ;
#4574 = AXIS2_PLACEMENT_3D ( 'NONE', #853, #4954, #2474 ) ;
#4575 = ORIENTED_EDGE ( 'NONE', *, *, #580, .F. ) ;
#4576 = DIRECTION ( 'NONE',  ( -0.000000000000000000, -0.000000000000000000, -1.000000000000000000 ) ) ;
#4577 = ORIENTED_EDGE ( 'NONE', *, *, #2501, .T. ) ;
#4578 = EDGE_CURVE ( 'NONE', #2635, #5419, #1189, .T. ) ;
#4579 = AXIS2_PLACEMENT_3D ( 'NONE', #3125, #681, #1151 ) ;
#4580 = ORIENTED_EDGE ( 'NONE', *, *, #1856, .F. ) ;
#4581 = EDGE_LOOP ( 'NONE', ( #1890, #1989 ) ) ;
#4582 = CIRCLE ( 'NONE', #1776, 1.500000000011596279 ) ;
#4583 = CYLINDRICAL_SURFACE ( 'NONE', #811, 30.00000000000000000 ) ;
#4584 = ORIENTED_EDGE ( 'NONE', *, *, #52, .T. ) ;
#4585 = AXIS2_PLACEMENT_3D ( 'NONE', #4712, #2574, #147 ) ;
#4586 = CARTESIAN_POINT ( 'NONE',  ( 0.000000000000000000, 0.000000000000000000, -7.000000000000000000 ) ) ;
#4587 = EDGE_CURVE ( 'NONE', #3610, #1673, #11, .T. ) ;
#4588 = DIRECTION ( 'NONE',  ( 1.000000000000000000, 0.000000000000000000, 0.000000000000000000 ) ) ;
#4589 = CARTESIAN_POINT ( 'NONE',  ( 0.000000000000000000, 0.000000000000000000, -7.000000000000000000 ) ) ;
#4590 = ORIENTED_EDGE ( 'NONE', *, *, #4999, .T. ) ;
#4591 = EDGE_CURVE ( 'NONE', #3579, #433, #724, .T. ) ;
#4592 = ORIENTED_EDGE ( 'NONE', *, *, #3224, .F. ) ;
#4593 = CARTESIAN_POINT ( 'NONE',  ( -22.96928245297806015, -28.62345303409973596, 0.000000000000000000 ) ) ;
#4594 = CARTESIAN_POINT ( 'NONE',  ( -29.69848480982913941, -29.69848480982491523, 14.00000000000000178 ) ) ;
#4595 = EDGE_CURVE ( 'NONE', #5351, #2116, #452, .T. ) ;
#4596 = FACE_BOUND ( 'NONE', #3559, .T. ) ;
#4597 = CIRCLE ( 'NONE', #1618, 2.700000000000035705 ) ;
#4598 = AXIS2_PLACEMENT_3D ( 'NONE', #334, #1139, #756 ) ;
#4599 = ORIENTED_EDGE ( 'NONE', *, *, #4190, .F. ) ;
#4600 = CARTESIAN_POINT ( 'NONE',  ( 0.000000000000000000, 0.000000000000000000, -8.000000000000000000 ) ) ;
#4601 = ADVANCED_FACE ( 'NONE', ( #3426 ), #96, .F. ) ;
#4602 = AXIS2_PLACEMENT_3D ( 'NONE', #3112, #2287, #3437 ) ;
#4603 = CARTESIAN_POINT ( 'NONE',  ( -28.19848480981363181, 29.69848480982882677, 14.00000000000000178 ) ) ;
#4604 = VECTOR ( 'NONE', #5282, 1000.000000000000000 ) ;
#4605 = ORIENTED_EDGE ( 'NONE', *, *, #1168, .F. ) ;
#4606 = LINE ( 'NONE', #3395, #391 ) ;
#4607 = ORIENTED_EDGE ( 'NONE', *, *, #4654, .T. ) ;
#4608 = DIRECTION ( 'NONE',  ( -1.000000000000000000, 0.000000000000000000, 0.000000000000000000 ) ) ;
#4609 = VECTOR ( 'NONE', #3181, 1000.000000000000000 ) ;
#4610 = DIRECTION ( 'NONE',  ( 1.000000000000000000, 0.000000000000000000, 0.000000000000000000 ) ) ;
#4611 = EDGE_LOOP ( 'NONE', ( #5269, #4003, #855, #4922 ) ) ;
#4612 = ORIENTED_EDGE ( 'NONE', *, *, #1265, .F. ) ;
#4613 = FACE_OUTER_BOUND ( 'NONE', #2738, .T. ) ;
#4614 = ORIENTED_EDGE ( 'NONE', *, *, #61, .T. ) ;
#4615 = ADVANCED_FACE ( 'NONE', ( #1393 ), #130, .F. ) ;
#4616 = DIRECTION ( 'NONE',  ( -0.000000000000000000, -0.000000000000000000, 1.000000000000000000 ) ) ;
#4617 = FACE_OUTER_BOUND ( 'NONE', #4192, .T. ) ;
#4618 = VERTEX_POINT ( 'NONE', #1785 ) ;
#4619 = EDGE_LOOP ( 'NONE', ( #2955, #5005, #1329, #4639 ) ) ;
#4620 = LINE ( 'NONE', #2077, #3193 ) ;
#4621 = EDGE_CURVE ( 'NONE', #672, #775, #4837, .T. ) ;
#4622 = FACE_OUTER_BOUND ( 'NONE', #53, .T. ) ;
#4623 = DIRECTION ( 'NONE',  ( 0.000000000000000000, 0.000000000000000000, -1.000000000000000000 ) ) ;
#4624 = CIRCLE ( 'NONE', #1818, 2.099999999999997868 ) ;
#4625 = EDGE_CURVE ( 'NONE', #3843, #3052, #2473, .T. ) ;
#4626 = VERTEX_POINT ( 'NONE', #5082 ) ;
#4627 = CARTESIAN_POINT ( 'NONE',  ( 0.000000000000000000, 0.000000000000000000, 4.000000000000001776 ) ) ;
#4628 = CARTESIAN_POINT ( 'NONE',  ( -28.19848480981754335, -29.69848480982491523, 4.000000000000001776 ) ) ;
#4629 = CARTESIAN_POINT ( 'NONE',  ( -20.27952209028966735, 29.74459587537625538, 0.000000000000000000 ) ) ;
#4630 = EDGE_CURVE ( 'NONE', #3756, #1201, #183, .T. ) ;
#4631 = ORIENTED_EDGE ( 'NONE', *, *, #4591, .F. ) ;
#4632 = DIRECTION ( 'NONE',  ( 1.000000000000000000, 0.000000000000000000, 0.000000000000000000 ) ) ;
#4633 = EDGE_LOOP ( 'NONE', ( #4108, #5412 ) ) ;
#4634 = CARTESIAN_POINT ( 'NONE',  ( 13.36981460823152013, -32.43487924448731263, 0.000000000000000000 ) ) ;
#4635 = DIRECTION ( 'NONE',  ( 1.000000000000000000, 0.000000000000000000, 0.000000000000000000 ) ) ;
#4636 = AXIS2_PLACEMENT_3D ( 'NONE', #1072, #1575, #2779 ) ;
#4637 = VERTEX_POINT ( 'NONE', #3456 ) ;
#4638 = FACE_OUTER_BOUND ( 'NONE', #3807, .T. ) ;
#4639 = ORIENTED_EDGE ( 'NONE', *, *, #4903, .F. ) ;
#4640 = CARTESIAN_POINT ( 'NONE',  ( -30.25991268136546708, 20.76602235663197860, -109.0335419915582236 ) ) ;
#4641 = CARTESIAN_POINT ( 'NONE',  ( -7.615521582342924312, -35.59790974410449138, -7.000000000000000000 ) ) ;
#4642 = DIRECTION ( 'NONE',  ( -0.000000000000000000, -0.000000000000000000, -1.000000000000000000 ) ) ;
#4643 = VERTEX_POINT ( 'NONE', #4307 ) ;
#4644 = EDGE_LOOP ( 'NONE', ( #3617, #1440 ) ) ;
#4645 = CARTESIAN_POINT ( 'NONE',  ( 13.30399624507271561, 34.20370862802880652, 14.00000000000000178 ) ) ;
#4646 = LINE ( 'NONE', #4188, #3853 ) ;
#4647 = FACE_OUTER_BOUND ( 'NONE', #1010, .T. ) ;
#4648 = AXIS2_PLACEMENT_3D ( 'NONE', #3329, #3797, #913 ) ;
#4649 = ADVANCED_FACE ( 'NONE', ( #2659 ), #3098, .F. ) ;
#4650 = AXIS2_PLACEMENT_3D ( 'NONE', #2465, #3678, #4996 ) ;
#4651 = ORIENTED_EDGE ( 'NONE', *, *, #2711, .T. ) ;
#4652 = DIRECTION ( 'NONE',  ( 1.000000000000000000, 0.000000000000000000, 0.000000000000000000 ) ) ;
#4653 = CARTESIAN_POINT ( 'NONE',  ( -5.365521582342417162, -35.59790974410456954, -109.0335419915582236 ) ) ;
#4654 = EDGE_CURVE ( 'NONE', #3, #4893, #4282, .T. ) ;
#4655 = SURFACE_STYLE_USAGE ( .BOTH. , #7 ) ;
#4656 = EDGE_CURVE ( 'NONE', #4236, #886, #511, .T. ) ;
#4657 = CYLINDRICAL_SURFACE ( 'NONE', #4515, 36.70000000000001705 ) ;
#4658 = EDGE_CURVE ( 'NONE', #5430, #3628, #3898, .T. ) ;
#4659 = CIRCLE ( 'NONE', #3780, 1.500000000011596279 ) ;
#4660 = DIRECTION ( 'NONE',  ( -0.000000000000000000, 0.000000000000000000, 1.000000000000000000 ) ) ;
#4661 = CARTESIAN_POINT ( 'NONE',  ( -28.14593336884884422, 22.44563286691462523, 0.000000000000000000 ) ) ;
#4662 = AXIS2_PLACEMENT_3D ( 'NONE', #1656, #3799, #31 ) ;
#4663 = EDGE_LOOP ( 'NONE', ( #4030, #1766, #3965, #3595, #4818, #5116, #2013, #1373 ) ) ;
#4664 = DIRECTION ( 'NONE',  ( -0.000000000000000000, -0.000000000000000000, -1.000000000000000000 ) ) ;
#4665 = ORIENTED_EDGE ( 'NONE', *, *, #573, .F. ) ;
#4666 = DIRECTION ( 'NONE',  ( 0.000000000000000000, 0.000000000000000000, 1.000000000000000000 ) ) ;
#4667 = DIRECTION ( 'NONE',  ( 1.000000000000000000, 0.000000000000000000, 0.000000000000000000 ) ) ;
#4668 = CARTESIAN_POINT ( 'NONE',  ( -24.48621855975320472, -26.38986738587357550, 14.00000000000000178 ) ) ;
#4669 = VERTEX_POINT ( 'NONE', #1371 ) ;
#4670 = AXIS2_PLACEMENT_3D ( 'NONE', #380, #3377, #2885 ) ;
#4671 = ORIENTED_EDGE ( 'NONE', *, *, #798, .F. ) ;
#4672 = DIRECTION ( 'NONE',  ( 0.000000000000000000, -1.000000000000000000, 0.000000000000000000 ) ) ;
#4673 = VECTOR ( 'NONE', #4946, 1000.000000000000000 ) ;
#4674 = CARTESIAN_POINT ( 'NONE',  ( 0.000000000000000000, 0.000000000000000000, -7.000000000000000000 ) ) ;
#4675 = AXIS2_PLACEMENT_3D ( 'NONE', #202, #4002, #233 ) ;
#4676 = LINE ( 'NONE', #160, #2559 ) ;
#4677 = ADVANCED_FACE ( 'NONE', ( #2251 ), #3924, .F. ) ;
#4678 = ORIENTED_EDGE ( 'NONE', *, *, #2480, .T. ) ;
#4679 = AXIS2_PLACEMENT_3D ( 'NONE', #3204, #1582, #3311 ) ;
#4680 = DIRECTION ( 'NONE',  ( -0.000000000000000000, -0.000000000000000000, -1.000000000000000000 ) ) ;
#4682 = EDGE_CURVE ( 'NONE', #4913, #148, #3434, .T. ) ;
#4681 = DIRECTION ( 'NONE',  ( 0.000000000000000000, 0.000000000000000000, 1.000000000000000000 ) ) ;
#4683 = CARTESIAN_POINT ( 'NONE',  ( -42.00000000000000711, 42.00000000000000000, 0.000000000000000000 ) ) ;
#4684 = AXIS2_PLACEMENT_3D ( 'NONE', #3832, #890, #2598 ) ;
#4685 = EDGE_CURVE ( 'NONE', #5351, #576, #2686, .T. ) ;
#4686 = AXIS2_PLACEMENT_3D ( 'NONE', #1243, #3745, #5444 ) ;
#4687 = DIRECTION ( 'NONE',  ( -0.000000000000000000, -0.000000000000000000, 1.000000000000000000 ) ) ;
#4688 = VECTOR ( 'NONE', #5429, 1000.000000000000000 ) ;
#4689 = CARTESIAN_POINT ( 'NONE',  ( 35.03644220532603981, 10.92418040828916936, 0.000000000000000000 ) ) ;
#4690 = FACE_OUTER_BOUND ( 'NONE', #1048, .T. ) ;
#4691 = AXIS2_PLACEMENT_3D ( 'NONE', #2944, #2502, #1188 ) ;
#4692 = ORIENTED_EDGE ( 'NONE', *, *, #1636, .F. ) ;
#4693 = EDGE_CURVE ( 'NONE', #3369, #2966, #4847, .T. ) ;
#4694 = DIRECTION ( 'NONE',  ( -0.2225209339563042621, 0.9749279121818259508, 0.000000000000000000 ) ) ;
#4695 = ORIENTED_EDGE ( 'NONE', *, *, #3407, .T. ) ;
#4696 = CARTESIAN_POINT ( 'NONE',  ( 0.000000000000000000, 0.000000000000000000, -7.000000000000000000 ) ) ;
#4697 = AXIS2_PLACEMENT_3D ( 'NONE', #2539, #4245, #2567 ) ;
#4698 = CARTESIAN_POINT ( 'NONE',  ( 0.000000000000000000, 0.000000000000000000, 0.000000000000000000 ) ) ;
#4699 = VERTEX_POINT ( 'NONE', #592 ) ;
#4700 = VERTEX_POINT ( 'NONE', #1734 ) ;
#4701 = EDGE_CURVE ( 'NONE', #3699, #3111, #2301, .T. ) ;
#4702 = CARTESIAN_POINT ( 'NONE',  ( 2.619432448724978713E-12, 41.99999999998872369, 14.00001200000000345 ) ) ;
#4703 = DIRECTION ( 'NONE',  ( 0.000000000000000000, 0.000000000000000000, 1.000000000000000000 ) ) ;
#4704 = DIRECTION ( 'NONE',  ( -0.000000000000000000, 0.000000000000000000, 1.000000000000000000 ) ) ;
#4705 = ORIENTED_EDGE ( 'NONE', *, *, #2884, .F. ) ;
#4706 = FACE_OUTER_BOUND ( 'NONE', #3366, .T. ) ;
#4707 = DIRECTION ( 'NONE',  ( 0.000000000000000000, 0.000000000000000000, 1.000000000000000000 ) ) ;
#4708 = DIRECTION ( 'NONE',  ( -1.000000000000000000, 0.000000000000000000, 0.000000000000000000 ) ) ;
#4709 = EDGE_LOOP ( 'NONE', ( #4799, #3508 ) ) ;
#4710 = VECTOR ( 'NONE', #3627, 1000.000000000000000 ) ;
#4711 = DIRECTION ( 'NONE',  ( 1.000000000000000000, 0.000000000000000000, 0.000000000000000000 ) ) ;
#4712 = CARTESIAN_POINT ( 'NONE',  ( -20.27952209028966735, 29.74459587537625538, 7.071067811865501263 ) ) ;
#4713 = FACE_BOUND ( 'NONE', #3232, .T. ) ;
#4714 = ADVANCED_FACE ( 'NONE', ( #2608 ), #4719, .F. ) ;
#4715 = ORIENTED_EDGE ( 'NONE', *, *, #4097, .F. ) ;
#4716 = CYLINDRICAL_SURFACE ( 'NONE', #3706, 2.250000000000001776 ) ;
#4717 = EDGE_LOOP ( 'NONE', ( #4340, #19 ) ) ;
#4718 = DIRECTION ( 'NONE',  ( 1.000000000000000000, 0.000000000000000000, 0.000000000000000000 ) ) ;
#4719 = CYLINDRICAL_SURFACE ( 'NONE', #1863, 1.500000000011596279 ) ;
#4720 = EDGE_CURVE ( 'NONE', #5161, #3657, #1060, .T. ) ;
#4721 = ORIENTED_EDGE ( 'NONE', *, *, #3209, .F. ) ;
#4722 = ORIENTED_EDGE ( 'NONE', *, *, #1865, .T. ) ;
#4723 = ORIENTED_EDGE ( 'NONE', *, *, #2771, .T. ) ;
#4724 = CARTESIAN_POINT ( 'NONE',  ( -30.38573257179502818, -20.58147847156165966, 14.00000000000000178 ) ) ;
#4725 = DIRECTION ( 'NONE',  ( 0.000000000000000000, -0.000000000000000000, -1.000000000000000000 ) ) ;
#4726 = DIRECTION ( 'NONE',  ( -0.7330518718298298930, -0.6801727377709152478, 0.000000000000000000 ) ) ;
#4727 = ADVANCED_FACE ( 'NONE', ( #4473 ), #652, .F. ) ;
#4728 = ORIENTED_EDGE ( 'NONE', *, *, #1998, .F. ) ;
#4729 = CARTESIAN_POINT ( 'NONE',  ( -40.99999999999997868, -40.99999999999996447, 0.000000000000000000 ) ) ;
#4730 = AXIS2_PLACEMENT_3D ( 'NONE', #2283, #4725, #4367 ) ;
#4731 = CARTESIAN_POINT ( 'NONE',  ( -22.79465712222620510, 28.76271208839917648, -109.0335419915582236 ) ) ;
#4732 = DIRECTION ( 'NONE',  ( 1.000000000000000000, 0.000000000000000000, 0.000000000000000000 ) ) ;
#4733 = ORIENTED_EDGE ( 'NONE', *, *, #763, .F. ) ;
#4734 = LINE ( 'NONE', #971, #2661 ) ;
#4735 = PLANE ( 'NONE',  #2478 ) ;
#4736 = CARTESIAN_POINT ( 'NONE',  ( -35.09740483854577775, -8.010753622426568299, 7.071067811865501263 ) ) ;
#4737 = ORIENTED_EDGE ( 'NONE', *, *, #1987, .F. ) ;
#4738 = DIRECTION ( 'NONE',  ( 1.000000000000000000, 0.000000000000000000, 0.000000000000000000 ) ) ;
#4739 = VERTEX_POINT ( 'NONE', #293 ) ;
#4740 = AXIS2_PLACEMENT_3D ( 'NONE', #1916, #230, #3970 ) ;
#4741 = DIRECTION ( 'NONE',  ( -0.000000000000000000, -0.000000000000000000, 1.000000000000000000 ) ) ;
#4742 = ADVANCED_FACE ( 'NONE', ( #2826 ), #207, .F. ) ;
#4743 = DIRECTION ( 'NONE',  ( 1.000000000000000000, 0.000000000000000000, 0.000000000000000000 ) ) ;
#4744 = ORIENTED_EDGE ( 'NONE', *, *, #3354, .F. ) ;
#4745 = AXIS2_PLACEMENT_3D ( 'NONE', #1716, #4189, #3770 ) ;
#4746 = ORIENTED_EDGE ( 'NONE', *, *, #4015, .T. ) ;
#4747 = EDGE_LOOP ( 'NONE', ( #1270, #310, #1788, #4310 ) ) ;
#4748 = LINE ( 'NONE', #936, #4393 ) ;
#4749 = EDGE_CURVE ( 'NONE', #4278, #655, #4496, .T. ) ;
#4750 = VECTOR ( 'NONE', #4642, 1000.000000000000000 ) ;
#4751 = DIRECTION ( 'NONE',  ( -0.000000000000000000, -0.000000000000000000, 1.000000000000000000 ) ) ;
#4752 = CARTESIAN_POINT ( 'NONE',  ( 24.48621855975263983, -26.38986738587411551, 7.071067811865501263 ) ) ;
#4753 = CIRCLE ( 'NONE', #2134, 36.70000000000000995 ) ;
#4754 = ORIENTED_EDGE ( 'NONE', *, *, #3338, .F. ) ;
#4755 = EDGE_CURVE ( 'NONE', #4308, #3843, #5378, .T. ) ;
#4756 = VECTOR ( 'NONE', #1782, 1000.000000000000000 ) ;
#4757 = DIRECTION ( 'NONE',  ( 0.3653410243664056978, 0.9308737486442001385, 0.000000000000000000 ) ) ;
#4758 = CARTESIAN_POINT ( 'NONE',  ( 33.51145495119148165, 13.15227687718976668, -109.0335419915582236 ) ) ;
#4759 = CARTESIAN_POINT ( 'NONE',  ( 38.89999999999998437, 40.99999999999999289, -140.9360748630709281 ) ) ;
#4760 = ORIENTED_EDGE ( 'NONE', *, *, #3984, .F. ) ;
#4761 = EDGE_CURVE ( 'NONE', #2069, #2654, #4753, .T. ) ;
#4762 = DIRECTION ( 'NONE',  ( 0.000000000000000000, -1.000000000000000000, 0.000000000000000000 ) ) ;
#4763 = FACE_OUTER_BOUND ( 'NONE', #2006, .T. ) ;
#4764 = VECTOR ( 'NONE', #4024, 1000.000000000000000 ) ;
#4765 = LINE ( 'NONE', #1052, #2641 ) ;
#4766 = AXIS2_PLACEMENT_3D ( 'NONE', #4211, #28, #1630 ) ;
#4767 = ORIENTED_EDGE ( 'NONE', *, *, #3841, .F. ) ;
#4768 = CARTESIAN_POINT ( 'NONE',  ( 35.89933669852248244, 2.690283369110756606, 0.000000000000000000 ) ) ;
#4769 = CIRCLE ( 'NONE', #4955, 2.099999999999997868 ) ;
#4770 = ORIENTED_EDGE ( 'NONE', *, *, #1142, .F. ) ;
#4771 = DIRECTION ( 'NONE',  ( 1.000000000000000000, 0.000000000000000000, 0.000000000000000000 ) ) ;
#4772 = DIRECTION ( 'NONE',  ( -0.000000000000000000, -0.000000000000000000, 1.000000000000000000 ) ) ;
#4773 = AXIS2_PLACEMENT_3D ( 'NONE', #3443, #2087, #3755 ) ;
#4774 = ORIENTED_EDGE ( 'NONE', *, *, #2377, .F. ) ;
#4775 = VERTEX_POINT ( 'NONE', #3534 ) ;
#4776 = ORIENTED_EDGE ( 'NONE', *, *, #4447, .F. ) ;
#4777 = CARTESIAN_POINT ( 'NONE',  ( -35.76145495119101980, 13.15227687719094618, -7.000000000000000000 ) ) ;
#4778 = EDGE_CURVE ( 'NONE', #2635, #429, #2212, .T. ) ;
#4779 = CIRCLE ( 'NONE', #209, 2.700000000000001066 ) ;
#4780 = FACE_OUTER_BOUND ( 'NONE', #3378, .T. ) ;
#4781 = CARTESIAN_POINT ( 'NONE',  ( 28.19848480981754335, 29.69848480982491523, 4.000000000000001776 ) ) ;
#4782 = EDGE_CURVE ( 'NONE', #1433, #9, #279, .T. ) ;
#4783 = VERTEX_POINT ( 'NONE', #5327 ) ;
#4784 = CARTESIAN_POINT ( 'NONE',  ( 0.000000000000000000, 0.000000000000000000, -7.000000000000000000 ) ) ;
#4785 = DIRECTION ( 'NONE',  ( 0.000000000000000000, 0.000000000000000000, 1.000000000000000000 ) ) ;
#4786 = CYLINDRICAL_SURFACE ( 'NONE', #114, 1.500000000011595613 ) ;
#4787 = ADVANCED_FACE ( 'NONE', ( #1451 ), #5212, .F. ) ;
#4788 = ORIENTED_EDGE ( 'NONE', *, *, #4792, .T. ) ;
#4789 = DIRECTION ( 'NONE',  ( 1.000000000000000000, 0.000000000000000000, 0.000000000000000000 ) ) ;
#4790 = CYLINDRICAL_SURFACE ( 'NONE', #3428, 2.700000000000011280 ) ;
#4791 = CYLINDRICAL_SURFACE ( 'NONE', #3168, 36.70000000000000995 ) ;
#4792 = EDGE_CURVE ( 'NONE', #4892, #2069, #5112, .T. ) ;
#4793 = AXIS2_PLACEMENT_3D ( 'NONE', #2690, #5186, #4672 ) ;
#4794 = EDGE_LOOP ( 'NONE', ( #5155, #1064, #1568, #210 ) ) ;
#4795 = CARTESIAN_POINT ( 'NONE',  ( 0.000000000000000000, 0.000000000000000000, -7.000000000000000000 ) ) ;
#4796 = ORIENTED_EDGE ( 'NONE', *, *, #1107, .F. ) ;
#4797 = DIRECTION ( 'NONE',  ( 1.000000000000000000, 0.000000000000000000, 0.000000000000000000 ) ) ;
#4798 = CARTESIAN_POINT ( 'NONE',  ( -32.60000000000000142, 0.000000000000000000, 92.48956697920040426 ) ) ;
#4799 = ORIENTED_EDGE ( 'NONE', *, *, #3171, .T. ) ;
#4800 = ORIENTED_EDGE ( 'NONE', *, *, #1931, .F. ) ;
#4801 = ORIENTED_EDGE ( 'NONE', *, *, #145, .F. ) ;
#4802 = DIRECTION ( 'NONE',  ( 0.000000000000000000, 0.000000000000000000, -1.000000000000000000 ) ) ;
#4803 = LINE ( 'NONE', #959, #1224 ) ;
#4804 = CARTESIAN_POINT ( 'NONE',  ( -42.00000000000000711, 42.00000000000000000, 0.000000000000000000 ) ) ;
#4805 = FACE_OUTER_BOUND ( 'NONE', #2368, .T. ) ;
#4806 = ORIENTED_EDGE ( 'NONE', *, *, #1124, .F. ) ;
#4807 = DIRECTION ( 'NONE',  ( 0.000000000000000000, 0.000000000000000000, 1.000000000000000000 ) ) ;
#4808 = CARTESIAN_POINT ( 'NONE',  ( -24.48621855975358841, -26.38986738587323444, 0.000000000000000000 ) ) ;
#4809 = DIRECTION ( 'NONE',  ( -0.000000000000000000, -0.000000000000000000, -1.000000000000000000 ) ) ;
#4810 = EDGE_CURVE ( 'NONE', #1460, #2790, #4033, .T. ) ;
#4811 = ORIENTED_EDGE ( 'NONE', *, *, #2313, .F. ) ;
#4812 = VECTOR ( 'NONE', #518, 1000.000000000000000 ) ;
#4813 = EDGE_CURVE ( 'NONE', #2099, #3704, #5238, .T. ) ;
#4814 = PLANE ( 'NONE',  #3029 ) ;
#4815 = DIRECTION ( 'NONE',  ( 1.156482317308930815E-14, -1.000000000000000000, 0.000000000000000000 ) ) ;
#4816 = FACE_OUTER_BOUND ( 'NONE', #2308, .T. ) ;
#4817 = AXIS2_PLACEMENT_3D ( 'NONE', #1130, #269, #1959 ) ;
#4818 = ORIENTED_EDGE ( 'NONE', *, *, #4345, .T. ) ;
#4819 = AXIS2_PLACEMENT_3D ( 'NONE', #3735, #5025, #15 ) ;
#4820 = CARTESIAN_POINT ( 'NONE',  ( 24.48621855975263983, -26.38986738587411551, 0.000000000000000000 ) ) ;
#4821 = EDGE_CURVE ( 'NONE', #2196, #91, #3966, .T. ) ;
#4822 = EDGE_LOOP ( 'NONE', ( #1349, #1253 ) ) ;
#4823 = DIRECTION ( 'NONE',  ( 0.000000000000000000, 0.000000000000000000, 1.000000000000000000 ) ) ;
#4824 = DIRECTION ( 'NONE',  ( -0.7330518718298298930, -0.6801727377709152478, 0.000000000000000000 ) ) ;
#4825 = EDGE_LOOP ( 'NONE', ( #2027, #2733 ) ) ;
#4826 = VERTEX_POINT ( 'NONE', #2302 ) ;
#4827 = ORIENTED_EDGE ( 'NONE', *, *, #4089, .F. ) ;
#4828 = FACE_OUTER_BOUND ( 'NONE', #1067, .T. ) ;
#4829 = ORIENTED_EDGE ( 'NONE', *, *, #3416, .T. ) ;
#4830 = DIRECTION ( 'NONE',  ( -1.000000000000000000, 0.000000000000000000, 0.000000000000000000 ) ) ;
#4831 = VECTOR ( 'NONE', #3433, 1000.000000000000000 ) ;
#4832 = CYLINDRICAL_SURFACE ( 'NONE', #627, 36.70000000000003126 ) ;
#4833 = AXIS2_PLACEMENT_3D ( 'NONE', #3616, #4026, #3207 ) ;
#4834 = CARTESIAN_POINT ( 'NONE',  ( -28.14593336884852093, 22.44563286691502313, 0.000000000000000000 ) ) ;
#4835 = CYLINDRICAL_SURFACE ( 'NONE', #32, 29.99999999999999645 ) ;
#4836 = VERTEX_POINT ( 'NONE', #1475 ) ;
#4837 = CIRCLE ( 'NONE', #369, 1.500000000011596279 ) ;
#4838 = DIRECTION ( 'NONE',  ( 1.000000000000000000, 0.000000000000000000, 0.000000000000000000 ) ) ;
#4839 = EDGE_CURVE ( 'NONE', #4893, #3628, #2390, .T. ) ;
#4840 = CARTESIAN_POINT ( 'NONE',  ( 0.000000000000000000, 0.000000000000000000, -7.000000000000000000 ) ) ;
#4841 = CARTESIAN_POINT ( 'NONE',  ( 35.09740483854560011, -8.010753622427328580, 0.000000000000000000 ) ) ;
#4842 = AXIS2_PLACEMENT_3D ( 'NONE', #1597, #386, #1707 ) ;
#4843 = CARTESIAN_POINT ( 'NONE',  ( 13.51191078917790378, -34.12210818260349754, -109.0335419915582236 ) ) ;
#4844 = CIRCLE ( 'NONE', #2481, 2.700000000000020162 ) ;
#4845 = ORIENTED_EDGE ( 'NONE', *, *, #2818, .T. ) ;
#4846 = ADVANCED_FACE ( 'NONE', ( #4417 ), #236, .F. ) ;
#4847 = CIRCLE ( 'NONE', #3012, 29.99999999999999645 ) ;
#4848 = DIRECTION ( 'NONE',  ( 0.000000000000000000, 0.000000000000000000, 1.000000000000000000 ) ) ;
#4849 = DIRECTION ( 'NONE',  ( 0.000000000000000000, 0.000000000000000000, 1.000000000000000000 ) ) ;
#4850 = AXIS2_PLACEMENT_3D ( 'NONE', #5278, #2840, #4456 ) ;
#4851 = LINE ( 'NONE', #4411, #2817 ) ;
#4852 = EDGE_LOOP ( 'NONE', ( #1976, #828, #3400, #5229 ) ) ;
#4853 = CARTESIAN_POINT ( 'NONE',  ( -33.51145495119101980, 13.15227687719094618, -7.000000000000000000 ) ) ;
#4854 = VERTEX_POINT ( 'NONE', #4857 ) ;
#4855 = AXIS2_PLACEMENT_3D ( 'NONE', #1999, #4908, #1638 ) ;
#4856 = LINE ( 'NONE', #1094, #3036 ) ;
#4857 = CARTESIAN_POINT ( 'NONE',  ( -36.48975133124804415, 38.87314781470556824, 0.000000000000000000 ) ) ;
#4858 = AXIS2_PLACEMENT_3D ( 'NONE', #245, #3689, #3194 ) ;
#4859 = VERTEX_POINT ( 'NONE', #3623 ) ;
#4860 = EDGE_CURVE ( 'NONE', #565, #4217, #1538, .T. ) ;
#4861 = VECTOR ( 'NONE', #4809, 1000.000000000000000 ) ;
#4862 = VERTEX_POINT ( 'NONE', #2522 ) ;
#4863 = ORIENTED_EDGE ( 'NONE', *, *, #4391, .T. ) ;
#4864 = CARTESIAN_POINT ( 'NONE',  ( 28.14593336884964003, 22.44563286691362336, -7.000000000000000000 ) ) ;
#4865 = AXIS2_PLACEMENT_3D ( 'NONE', #5195, #162, #524 ) ;
#4866 = CARTESIAN_POINT ( 'NONE',  ( 8.361186278793407922, 34.40062100830075309, 0.000000000000000000 ) ) ;
#4867 = VECTOR ( 'NONE', #3778, 1000.000000000000000 ) ;
#4868 = CARTESIAN_POINT ( 'NONE',  ( 15.95769335655780630, -47.00000000000000000, 0.000000000000000000 ) ) ;
#4869 = DIRECTION ( 'NONE',  ( 1.000000000000000000, 0.000000000000000000, 0.000000000000000000 ) ) ;
#4870 = EDGE_CURVE ( 'NONE', #5256, #4388, #5409, .T. ) ;
#4871 = LINE ( 'NONE', #1963, #1706 ) ;
#4872 = AXIS2_PLACEMENT_3D ( 'NONE', #4914, #3560, #3149 ) ;
#4873 = ORIENTED_EDGE ( 'NONE', *, *, #3224, .T. ) ;
#4874 = DIRECTION ( 'NONE',  ( -0.000000000000000000, -0.000000000000000000, 1.000000000000000000 ) ) ;
#4875 = DIRECTION ( 'NONE',  ( 1.000000000000000000, 0.000000000000000000, 0.000000000000000000 ) ) ;
#4876 = CARTESIAN_POINT ( 'NONE',  ( 36.48975133124804415, 38.87314781470556824, 0.000000000000000000 ) ) ;
#4877 = AXIS2_PLACEMENT_3D ( 'NONE', #477, #863, #3803 ) ;
#4878 = DIRECTION ( 'NONE',  ( 1.000000000000000000, -9.251858538542971828E-16, 0.000000000000000000 ) ) ;
#4879 = ORIENTED_EDGE ( 'NONE', *, *, #149, .F. ) ;
#4880 = ADVANCED_FACE ( 'NONE', ( #767 ), #4199, .F. ) ;
#4881 = CARTESIAN_POINT ( 'NONE',  ( 10.61118627879340970, 34.40062100830075309, -7.000000000000000000 ) ) ;
#4882 = CARTESIAN_POINT ( 'NONE',  ( 0.000000000000000000, 0.000000000000000000, -109.0335419915582236 ) ) ;
#4883 = CARTESIAN_POINT ( 'NONE',  ( 29.69848480982913941, 29.69848480982491523, 4.000000000000001776 ) ) ;
#4884 = ORIENTED_EDGE ( 'NONE', *, *, #895, .T. ) ;
#4885 = DIRECTION ( 'NONE',  ( 1.000000000000000000, 0.000000000000000000, 0.000000000000000000 ) ) ;
#4886 = ORIENTED_EDGE ( 'NONE', *, *, #2873, .T. ) ;
#4887 = DIRECTION ( 'NONE',  ( -1.000000000000000000, 0.000000000000000000, 0.000000000000000000 ) ) ;
#4888 = DIRECTION ( 'NONE',  ( 1.000000000000000000, 0.000000000000000000, 0.000000000000000000 ) ) ;
#4889 = EDGE_CURVE ( 'NONE', #4308, #686, #1617, .T. ) ;
#4890 = ORIENTED_EDGE ( 'NONE', *, *, #561, .T. ) ;
#4891 = AXIS2_PLACEMENT_3D ( 'NONE', #240, #1509, #1102 ) ;
#4892 = VERTEX_POINT ( 'NONE', #5431 ) ;
#4893 = VERTEX_POINT ( 'NONE', #1287 ) ;
#4894 = DIRECTION ( 'NONE',  ( 1.000000000000000000, 0.000000000000000000, 0.000000000000000000 ) ) ;
#4895 = ORIENTED_EDGE ( 'NONE', *, *, #1810, .T. ) ;
#4896 = DIRECTION ( 'NONE',  ( 0.000000000000000000, 0.000000000000000000, 1.000000000000000000 ) ) ;
#4897 = EDGE_CURVE ( 'NONE', #3236, #3562, #1341, .T. ) ;
#4898 = PRODUCT_CONTEXT ( 'NONE', #1741, 'mechanical' ) ;
#4899 = CARTESIAN_POINT ( 'NONE',  ( 31.19848480984073547, 29.69848480982491523, 14.00000000000000178 ) ) ;
#4900 = DIRECTION ( 'NONE',  ( 1.000000000000000000, 0.000000000000000000, 0.000000000000000000 ) ) ;
#4901 = CARTESIAN_POINT ( 'NONE',  ( 30.84593336884933734, 22.44563286691402482, -109.0335419915582236 ) ) ;
#4902 = CARTESIAN_POINT ( 'NONE',  ( -33.01694948971259436, -16.02407708399350383, -109.0335419915582236 ) ) ;
#4903 = EDGE_CURVE ( 'NONE', #5031, #2654, #376, .T. ) ;
#4904 = CARTESIAN_POINT ( 'NONE',  ( -35.10227700601689094, -10.71074922649465222, -109.0335419915582236 ) ) ;
#4905 = CARTESIAN_POINT ( 'NONE',  ( 13.31118627879294891, 34.40062100830090941, 14.00000000000000178 ) ) ;
#4906 = VECTOR ( 'NONE', #4430, 1000.000000000000000 ) ;
#4907 = ORIENTED_EDGE ( 'NONE', *, *, #4621, .T. ) ;
#4908 = DIRECTION ( 'NONE',  ( 0.000000000000000000, 0.000000000000000000, 1.000000000000000000 ) ) ;
#4909 = CARTESIAN_POINT ( 'NONE',  ( 28.14593336884964003, 22.44563286691362336, 7.071067811865501263 ) ) ;
#4910 = FACE_OUTER_BOUND ( 'NONE', #3507, .T. ) ;
#4911 = ORIENTED_EDGE ( 'NONE', *, *, #3454, .F. ) ;
#4912 = LINE ( 'NONE', #4384, #98 ) ;
#4913 = VERTEX_POINT ( 'NONE', #2035 ) ;
#4914 = CARTESIAN_POINT ( 'NONE',  ( -15.61981460823222001, -32.43487924448698578, 0.000000000000000000 ) ) ;
#4915 = VECTOR ( 'NONE', #1843, 1000.000000000000000 ) ;
#4916 = DIRECTION ( 'NONE',  ( 1.000000000000000000, 0.000000000000000000, 0.000000000000000000 ) ) ;
#4917 = ORIENTED_EDGE ( 'NONE', *, *, #1024, .F. ) ;
#4918 = CIRCLE ( 'NONE', #2461, 36.70000000000000995 ) ;
#4919 = VERTEX_POINT ( 'NONE', #1587 ) ;
#4920 = VERTEX_POINT ( 'NONE', #1229 ) ;
#4921 = CARTESIAN_POINT ( 'NONE',  ( 0.000000000000000000, 0.000000000000000000, 0.000000000000000000 ) ) ;
#4922 = ORIENTED_EDGE ( 'NONE', *, *, #1565, .F. ) ;
#4923 = EDGE_CURVE ( 'NONE', #3528, #4389, #4058, .T. ) ;
#4924 = DIRECTION ( 'NONE',  ( -0.000000000000000000, -0.000000000000000000, -1.000000000000000000 ) ) ;
#4925 = DIRECTION ( 'NONE',  ( 0.000000000000000000, 0.000000000000000000, 1.000000000000000000 ) ) ;
#4926 = LINE ( 'NONE', #1134, #4488 ) ;
#4927 = DIRECTION ( 'NONE',  ( -0.000000000000000000, -0.000000000000000000, -1.000000000000000000 ) ) ;
#4928 = ADVANCED_FACE ( 'NONE', ( #1180 ), #3758, .F. ) ;
#4929 = DIRECTION ( 'NONE',  ( 0.000000000000000000, 0.000000000000000000, 1.000000000000000000 ) ) ;
#4930 = ADVANCED_FACE ( 'NONE', ( #3701 ), #2858, .F. ) ;
#4931 = DIRECTION ( 'NONE',  ( 0.000000000000000000, 0.000000000000000000, 1.000000000000000000 ) ) ;
#4932 = VECTOR ( 'NONE', #586, 1000.000000000000000 ) ;
#4933 = CARTESIAN_POINT ( 'NONE',  ( 18.02952209029115949, 29.74459587537523930, 0.000000000000000000 ) ) ;
#4934 = DIRECTION ( 'NONE',  ( -0.000000000000000000, -0.000000000000000000, 1.000000000000000000 ) ) ;
#4935 = ADVANCED_FACE ( 'NONE', ( #428 ), #4995, .T. ) ;
#4936 = ORIENTED_EDGE ( 'NONE', *, *, #528, .F. ) ;
#4937 = CARTESIAN_POINT ( 'NONE',  ( -30.25991268136546708, 20.76602235663197860, 0.000000000000000000 ) ) ;
#4938 = VECTOR ( 'NONE', #5310, 1000.000000000000000 ) ;
#4939 = CARTESIAN_POINT ( 'NONE',  ( 46.99999999999999289, 0.000000000000000000, 14.00000000000000178 ) ) ;
#4940 = EDGE_CURVE ( 'NONE', #4538, #1584, #4317, .T. ) ;
#4941 = VECTOR ( 'NONE', #1894, 1000.000000000000000 ) ;
#4942 = EDGE_LOOP ( 'NONE', ( #2744, #3383, #792, #730 ) ) ;
#4943 = EDGE_LOOP ( 'NONE', ( #2688, #3153, #252, #5332 ) ) ;
#4944 = AXIS2_PLACEMENT_3D ( 'NONE', #2340, #219, #2780 ) ;
#4945 = DIRECTION ( 'NONE',  ( 1.000000000000000000, 0.000000000000000000, 0.000000000000000000 ) ) ;
#4946 = DIRECTION ( 'NONE',  ( -0.000000000000000000, -0.000000000000000000, 1.000000000000000000 ) ) ;
#4947 = EDGE_LOOP ( 'NONE', ( #4560, #388, #1207, #4142 ) ) ;
#4948 = ORIENTED_EDGE ( 'NONE', *, *, #561, .F. ) ;
#4949 = ORIENTED_EDGE ( 'NONE', *, *, #3553, .T. ) ;
#4950 = DIRECTION ( 'NONE',  ( -0.000000000000000000, -0.000000000000000000, -1.000000000000000000 ) ) ;
#4951 = AXIS2_PLACEMENT_3D ( 'NONE', #4083, #312, #2814 ) ;
#4952 = ORIENTED_EDGE ( 'NONE', *, *, #3392, .F. ) ;
#4953 = CARTESIAN_POINT ( 'NONE',  ( -35.76145495119101980, 13.15227687719094618, 0.000000000000000000 ) ) ;
#4954 = DIRECTION ( 'NONE',  ( 0.000000000000000000, 0.000000000000000000, 1.000000000000000000 ) ) ;
#4955 = AXIS2_PLACEMENT_3D ( 'NONE', #4324, #579, #2263 ) ;
#4956 = ORIENTED_EDGE ( 'NONE', *, *, #1912, .F. ) ;
#4957 = AXIS2_PLACEMENT_3D ( 'NONE', #5425, #1658, #109 ) ;
#4958 = DIRECTION ( 'NONE',  ( 1.000000000000000000, 6.424901762877027997E-16, 0.000000000000000000 ) ) ;
#4959 = DIRECTION ( 'NONE',  ( 0.000000000000000000, 0.000000000000000000, 1.000000000000000000 ) ) ;
#4960 = FACE_OUTER_BOUND ( 'NONE', #400, .T. ) ;
#4961 = DIRECTION ( 'NONE',  ( 0.000000000000000000, 0.000000000000000000, 1.000000000000000000 ) ) ;
#4962 = EDGE_CURVE ( 'NONE', #2720, #1647, #1958, .T. ) ;
#4963 = CIRCLE ( 'NONE', #2590, 2.250000000000002665 ) ;
#4964 = AXIS2_PLACEMENT_3D ( 'NONE', #1150, #319, #3532 ) ;
#4965 = EDGE_LOOP ( 'NONE', ( #3546, #4146 ) ) ;
#4966 = DIRECTION ( 'NONE',  ( 1.000000000000000000, 0.000000000000000000, 0.000000000000000000 ) ) ;
#4967 = AXIS2_PLACEMENT_3D ( 'NONE', #5326, #5266, #3240 ) ;
#4968 = ADVANCED_FACE ( 'NONE', ( #2964 ), #2880, .F. ) ;
#4969 = DIRECTION ( 'NONE',  ( 1.000000000000000000, 0.000000000000000000, 0.000000000000000000 ) ) ;
#4970 = ORIENTED_EDGE ( 'NONE', *, *, #1903, .F. ) ;
#4971 = EDGE_LOOP ( 'NONE', ( #424, #5366, #1418, #5359 ) ) ;
#4972 = EDGE_CURVE ( 'NONE', #4242, #527, #4150, .T. ) ;
#4973 = CARTESIAN_POINT ( 'NONE',  ( 0.000000000000000000, 0.000000000000000000, -8.000000000000000000 ) ) ;
#4974 = CARTESIAN_POINT ( 'NONE',  ( 0.000000000000000000, 0.000000000000000000, 14.00000000000000178 ) ) ;
#4975 = ORIENTED_EDGE ( 'NONE', *, *, #5122, .T. ) ;
#4976 = ORIENTED_EDGE ( 'NONE', *, *, #3777, .T. ) ;
#4977 = DIRECTION ( 'NONE',  ( 1.000000000000000000, 0.000000000000000000, 0.000000000000000000 ) ) ;
#4978 = CARTESIAN_POINT ( 'NONE',  ( -36.27327869805026950, -5.580255593928803215, -109.0335419915582236 ) ) ;
#4979 = FACE_BOUND ( 'NONE', #3861, .T. ) ;
#4980 = PLANE ( 'NONE',  #1772 ) ;
#4981 = EDGE_LOOP ( 'NONE', ( #4767, #1075 ) ) ;
#4982 = ORIENTED_EDGE ( 'NONE', *, *, #2484, .T. ) ;
#4983 = CARTESIAN_POINT ( 'NONE',  ( 30.38573257179488962, -20.58147847156190124, -109.0335419915582236 ) ) ;
#4984 = CIRCLE ( 'NONE', #852, 2.250000000000001332 ) ;
#4985 = CARTESIAN_POINT ( 'NONE',  ( 10.61118627879340970, 34.40062100830075309, 0.000000000000000000 ) ) ;
#4986 = FACE_BOUND ( 'NONE', #3642, .T. ) ;
#4987 = DIRECTION ( 'NONE',  ( 0.000000000000000000, -0.000000000000000000, -1.000000000000000000 ) ) ;
#4988 = VERTEX_POINT ( 'NONE', #320 ) ;
#4989 = DIRECTION ( 'NONE',  ( -0.000000000000000000, -0.000000000000000000, -1.000000000000000000 ) ) ;
#4990 = SURFACE_STYLE_FILL_AREA ( #920 ) ;
#4991 = VERTEX_POINT ( 'NONE', #2494 ) ;
#4992 = ADVANCED_FACE ( 'NONE', ( #3317 ), #403, .F. ) ;
#4993 = ORIENTED_EDGE ( 'NONE', *, *, #4962, .F. ) ;
#4994 = ADVANCED_FACE ( 'NONE', ( #88 ), #4735, .F. ) ;
#4995 = PLANE ( 'NONE',  #1691 ) ;
#4996 = DIRECTION ( 'NONE',  ( 1.000000000000000000, 9.251858538542971828E-16, 0.000000000000000000 ) ) ;
#4997 = ORIENTED_EDGE ( 'NONE', *, *, #2917, .T. ) ;
#4998 = ORIENTED_EDGE ( 'NONE', *, *, #2488, .T. ) ;
#4999 = EDGE_CURVE ( 'NONE', #1426, #3050, #65, .T. ) ;
#5000 = PLANE ( 'NONE',  #4501 ) ;
#5001 = VECTOR ( 'NONE', #2079, 1000.000000000000000 ) ;
#5002 = CARTESIAN_POINT ( 'NONE',  ( -28.14593336884852093, 22.44563286691502313, 7.071067811865501263 ) ) ;
#5003 = LINE ( 'NONE', #2426, #1058 ) ;
#5004 = DIRECTION ( 'NONE',  ( 0.000000000000000000, 0.000000000000000000, 1.000000000000000000 ) ) ;
#5005 = ORIENTED_EDGE ( 'NONE', *, *, #523, .T. ) ;
#5006 = CIRCLE ( 'NONE', #3333, 2.700000000000016609 ) ;
#5007 = ORIENTED_EDGE ( 'NONE', *, *, #3116, .F. ) ;
#5008 = EDGE_CURVE ( 'NONE', #5102, #2322, #3475, .T. ) ;
#5009 = CARTESIAN_POINT ( 'NONE',  ( 46.99999999999999289, 41.99999999999996447, 0.000000000000000000 ) ) ;
#5010 = AXIS2_PLACEMENT_3D ( 'NONE', #2420, #4094, #3373 ) ;
#5011 = DIRECTION ( 'NONE',  ( 0.000000000000000000, 0.000000000000000000, 1.000000000000000000 ) ) ;
#5012 = FACE_BOUND ( 'NONE', #3022, .T. ) ;
#5013 = EDGE_LOOP ( 'NONE', ( #1866, #4827, #1729, #4728 ) ) ;
#5014 = EDGE_CURVE ( 'NONE', #2890, #5161, #1511, .T. ) ;
#5015 = CIRCLE ( 'NONE', #1241, 30.00000000000000000 ) ;
#5016 = CARTESIAN_POINT ( 'NONE',  ( 33.11385923708170509, 15.82284192004523504, -109.0335419915582236 ) ) ;
#5017 = CARTESIAN_POINT ( 'NONE',  ( -41.99999999999994316, -47.00000000000000000, 0.000000000000000000 ) ) ;
#5018 = AXIS2_PLACEMENT_3D ( 'NONE', #3543, #3006, #1354 ) ;
#5019 = EDGE_CURVE ( 'NONE', #3715, #4669, #1806, .T. ) ;
#5020 = VERTEX_POINT ( 'NONE', #2547 ) ;
#5021 = VECTOR ( 'NONE', #3986, 1000.000000000000000 ) ;
#5022 = DIRECTION ( 'NONE',  ( 1.000000000000000000, 0.000000000000000000, 0.000000000000000000 ) ) ;
#5023 = EDGE_LOOP ( 'NONE', ( #2603, #4359 ) ) ;
#5024 = CARTESIAN_POINT ( 'NONE',  ( 0.000000000000000000, 0.000000000000000000, 4.000000000000001776 ) ) ;
#5025 = DIRECTION ( 'NONE',  ( -0.000000000000000000, -0.000000000000000000, -1.000000000000000000 ) ) ;
#5026 = AXIS2_PLACEMENT_3D ( 'NONE', #973, #482, #5150 ) ;
#5027 = ADVANCED_FACE ( 'NONE', ( #1385 ), #2141, .F. ) ;
#5028 = ORIENTED_EDGE ( 'NONE', *, *, #1810, .F. ) ;
#5029 = VERTEX_POINT ( 'NONE', #1829 ) ;
#5030 = CYLINDRICAL_SURFACE ( 'NONE', #4320, 2.700000000000032152 ) ;
#5031 = VERTEX_POINT ( 'NONE', #4689 ) ;
#5032 = DIRECTION ( 'NONE',  ( -0.000000000000000000, -0.000000000000000000, -1.000000000000000000 ) ) ;
#5033 = DIRECTION ( 'NONE',  ( 1.000000000000000000, -1.776356839400250465E-15, 0.000000000000000000 ) ) ;
#5034 = EDGE_CURVE ( 'NONE', #3625, #5031, #2217, .T. ) ;
#5035 = ORIENTED_EDGE ( 'NONE', *, *, #1682, .F. ) ;
#5036 = VERTEX_POINT ( 'NONE', #4634 ) ;
#5037 = LINE ( 'NONE', #439, #3448 ) ;
#5038 = DIRECTION ( 'NONE',  ( 1.000000000000000000, 0.000000000000000000, 0.000000000000000000 ) ) ;
#5039 = CIRCLE ( 'NONE', #5387, 36.70000000000000284 ) ;
#5040 = PLANE ( 'NONE',  #2908 ) ;
#5041 = ADVANCED_FACE ( 'NONE', ( #121 ), #4225, .T. ) ;
#5042 = VECTOR ( 'NONE', #3753, 1000.000000000000000 ) ;
#5043 = VERTEX_POINT ( 'NONE', #946 ) ;
#5044 = DIRECTION ( 'NONE',  ( 1.000000000000000000, 0.000000000000000000, -0.000000000000000000 ) ) ;
#5045 = CARTESIAN_POINT ( 'NONE',  ( 5.365521582341643558, -35.59790974410469033, 0.000000000000000000 ) ) ;
#5046 = DIRECTION ( 'NONE',  ( 0.000000000000000000, -0.000000000000000000, -1.000000000000000000 ) ) ;
#5047 = CIRCLE ( 'NONE', #749, 2.700000000000025491 ) ;
#5048 = VERTEX_POINT ( 'NONE', #4329 ) ;
#5049 = AXIS2_PLACEMENT_3D ( 'NONE', #566, #3896, #2249 ) ;
#5050 = CARTESIAN_POINT ( 'NONE',  ( 0.000000000000000000, 0.000000000000000000, 14.00000000000000178 ) ) ;
#5051 = ORIENTED_EDGE ( 'NONE', *, *, #4277, .T. ) ;
#5052 = DIRECTION ( 'NONE',  ( -0.000000000000000000, -0.000000000000000000, -1.000000000000000000 ) ) ;
#5053 = ORIENTED_EDGE ( 'NONE', *, *, #3607, .T. ) ;
#5054 = ORIENTED_EDGE ( 'NONE', *, *, #2739, .F. ) ;
#5055 = ORIENTED_EDGE ( 'NONE', *, *, #3303, .F. ) ;
#5056 = CARTESIAN_POINT ( 'NONE',  ( 10.61118627879293008, 34.40062100830090941, -109.0335419915582236 ) ) ;
#5057 = ORIENTED_EDGE ( 'NONE', *, *, #186, .T. ) ;
#5058 = CARTESIAN_POINT ( 'NONE',  ( 41.99999999998872369, -2.765149220707030508E-12, 14.00000000000000178 ) ) ;
#5059 = EDGE_CURVE ( 'NONE', #5380, #4118, #1516, .T. ) ;
#5060 = DIRECTION ( 'NONE',  ( 0.000000000000000000, -1.000000000000000000, 0.000000000000000000 ) ) ;
#5061 = ORIENTED_EDGE ( 'NONE', *, *, #4109, .F. ) ;
#5062 = EDGE_LOOP ( 'NONE', ( #2167, #1811, #715, #606 ) ) ;
#5063 = CYLINDRICAL_SURFACE ( 'NONE', #4686, 36.70000000000000995 ) ;
#5064 = ADVANCED_FACE ( 'NONE', ( #898 ), #560, .F. ) ;
#5065 = CARTESIAN_POINT ( 'NONE',  ( -40.99999999999997868, -40.99999999999996447, -140.9360748630709281 ) ) ;
#5066 = DIRECTION ( 'NONE',  ( 0.000000000000000000, -1.000000000000000000, 0.000000000000000000 ) ) ;
#5067 = CIRCLE ( 'NONE', #58, 2.250000000000001776 ) ;
#5068 = VERTEX_POINT ( 'NONE', #5127 ) ;
#5069 = ADVANCED_FACE ( 'NONE', ( #4251 ), #3835, .F. ) ;
#5070 = CARTESIAN_POINT ( 'NONE',  ( 24.48621855975263983, -26.38986738587411551, 0.000000000000000000 ) ) ;
#5071 = LINE ( 'NONE', #1307, #3734 ) ;
#5072 = CARTESIAN_POINT ( 'NONE',  ( 15.61981460823152190, -32.43487924448731263, 7.071067811865497710 ) ) ;
#5073 = CARTESIAN_POINT ( 'NONE',  ( -35.89933669852241138, 2.690283369111538647, -109.0335419915582236 ) ) ;
#5074 = DIRECTION ( 'NONE',  ( -0.000000000000000000, -0.000000000000000000, -1.000000000000000000 ) ) ;
#5075 = DIRECTION ( 'NONE',  ( 0.000000000000000000, 0.000000000000000000, -1.000000000000000000 ) ) ;
#5076 = VECTOR ( 'NONE', #1115, 1000.000000000000000 ) ;
#5077 = ORIENTED_EDGE ( 'NONE', *, *, #1394, .F. ) ;
#5078 = DIRECTION ( 'NONE',  ( -0.000000000000000000, -0.000000000000000000, -1.000000000000000000 ) ) ;
#5079 = ORIENTED_EDGE ( 'NONE', *, *, #3629, .T. ) ;
#5080 = CARTESIAN_POINT ( 'NONE',  ( -36.48975133124805126, 38.87314781470556824, -150.8011557844372987 ) ) ;
#5081 = LINE ( 'NONE', #2553, #616 ) ;
#5082 = CARTESIAN_POINT ( 'NONE',  ( -30.00000000000000000, 3.673940397442059967E-15, -7.000000000000000000 ) ) ;
#5083 = EDGE_LOOP ( 'NONE', ( #969, #3538, #3459, #1883 ) ) ;
#5084 = EDGE_LOOP ( 'NONE', ( #569, #13, #2422, #1642 ) ) ;
#5085 = DIRECTION ( 'NONE',  ( -0.000000000000000000, -0.000000000000000000, 1.000000000000000000 ) ) ;
#5086 = EDGE_CURVE ( 'NONE', #2527, #1802, #812, .T. ) ;
#5087 = DIRECTION ( 'NONE',  ( -0.000000000000000000, -0.000000000000000000, -1.000000000000000000 ) ) ;
#5088 = FACE_BOUND ( 'NONE', #513, .T. ) ;
#5089 = AXIS2_PLACEMENT_3D ( 'NONE', #5058, #2041, #410 ) ;
#5090 = EDGE_CURVE ( 'NONE', #640, #1661, #1944, .T. ) ;
#5091 = AXIS2_PLACEMENT_3D ( 'NONE', #5100, #4276, #2188 ) ;
#5092 = ORIENTED_EDGE ( 'NONE', *, *, #1987, .T. ) ;
#5093 = CARTESIAN_POINT ( 'NONE',  ( 46.99999999999999289, 0.000000000000000000, -140.9360748630709281 ) ) ;
#5094 = FACE_OUTER_BOUND ( 'NONE', #137, .T. ) ;
#5095 = EDGE_CURVE ( 'NONE', #3070, #5279, #531, .T. ) ;
#5096 = PLANE ( 'NONE',  #2152 ) ;
#5097 = AXIS2_PLACEMENT_3D ( 'NONE', #3402, #3144, #2998 ) ;
#5098 = DIRECTION ( 'NONE',  ( 0.000000000000000000, 0.000000000000000000, 1.000000000000000000 ) ) ;
#5099 = ADVANCED_FACE ( 'NONE', ( #3917 ), #3888, .F. ) ;
#5100 = CARTESIAN_POINT ( 'NONE',  ( 0.000000000000000000, 0.000000000000000000, 14.00000000000000178 ) ) ;
#5101 = VECTOR ( 'NONE', #1579, 1000.000000000000000 ) ;
#5102 = VERTEX_POINT ( 'NONE', #1002 ) ;
#5103 = PLANE ( 'NONE',  #2923 ) ;
#5104 = EDGE_LOOP ( 'NONE', ( #3695, #2278 ) ) ;
#5105 = LINE ( 'NONE', #1370, #3462 ) ;
#5106 = AXIS2_PLACEMENT_3D ( 'NONE', #1321, #2584, #3865 ) ;
#5107 = DIRECTION ( 'NONE',  ( -0.000000000000000000, -0.000000000000000000, -1.000000000000000000 ) ) ;
#5108 = EDGE_LOOP ( 'NONE', ( #4065, #226, #2634, #2125 ) ) ;
#5109 = CIRCLE ( 'NONE', #982, 2.700000000000021938 ) ;
#5110 = VERTEX_POINT ( 'NONE', #1087 ) ;
#5111 = CARTESIAN_POINT ( 'NONE',  ( -40.99999999999999289, 40.99999999999999289, 0.000000000000000000 ) ) ;
#5112 = CIRCLE ( 'NONE', #5192, 2.700000000000021938 ) ;
#5113 = DIRECTION ( 'NONE',  ( -0.000000000000000000, -0.000000000000000000, -1.000000000000000000 ) ) ;
#5114 = AXIS2_PLACEMENT_3D ( 'NONE', #4853, #5295, #1533 ) ;
#5115 = PLANE ( 'NONE',  #3959 ) ;
#5116 = ORIENTED_EDGE ( 'NONE', *, *, #4813, .F. ) ;
#5117 = VECTOR ( 'NONE', #2851, 1000.000000000000000 ) ;
#5118 = DIRECTION ( 'NONE',  ( 1.000000000000000000, 0.000000000000000000, 0.000000000000000000 ) ) ;
#5119 = CYLINDRICAL_SURFACE ( 'NONE', #129, 2.250000000000001776 ) ;
#5120 = LINE ( 'NONE', #4904, #3894 ) ;
#5121 = AXIS2_PLACEMENT_3D ( 'NONE', #54, #776, #2452 ) ;
#5122 = EDGE_CURVE ( 'NONE', #2205, #807, #4047, .T. ) ;
#5123 = CIRCLE ( 'NONE', #3639, 2.099999999999997868 ) ;
#5124 = EDGE_CURVE ( 'NONE', #4023, #1447, #1680, .T. ) ;
#5125 = DIRECTION ( 'NONE',  ( -0.000000000000000000, -0.000000000000000000, 1.000000000000000000 ) ) ;
#5126 = CIRCLE ( 'NONE', #2758, 2.250000000000001776 ) ;
#5127 = CARTESIAN_POINT ( 'NONE',  ( 25.89593336884963648, 22.44563286691362336, 0.000000000000000000 ) ) ;
#5128 = DIRECTION ( 'NONE',  ( 1.000000000000000000, 0.000000000000000000, 0.000000000000000000 ) ) ;
#5129 = CIRCLE ( 'NONE', #3115, 4.999999999999997335 ) ;
#5130 = VERTEX_POINT ( 'NONE', #286 ) ;
#5131 = CARTESIAN_POINT ( 'NONE',  ( -15.61981460823269252, -32.43487924448676551, -7.000000000000000000 ) ) ;
#5132 = ADVANCED_FACE ( 'NONE', ( #4000 ), #3647, .F. ) ;
#5133 = ORIENTED_EDGE ( 'NONE', *, *, #43, .T. ) ;
#5134 = CARTESIAN_POINT ( 'NONE',  ( 5.365521582341643558, -35.59790974410469033, 0.000000000000000000 ) ) ;
#5135 = AXIS2_PLACEMENT_3D ( 'NONE', #3011, #4707, #4294 ) ;
#5136 = DIRECTION ( 'NONE',  ( 1.000000000000000000, 0.000000000000000000, 0.000000000000000000 ) ) ;
#5137 = ORIENTED_EDGE ( 'NONE', *, *, #2670, .F. ) ;
#5138 = VERTEX_POINT ( 'NONE', #3939 ) ;
#5139 = ORIENTED_EDGE ( 'NONE', *, *, #3134, .T. ) ;
#5140 = DIRECTION ( 'NONE',  ( 1.000000000000000000, 0.000000000000000000, 0.000000000000000000 ) ) ;
#5141 = CYLINDRICAL_SURFACE ( 'NONE', #2542, 2.700000000000026823 ) ;
#5142 = DIRECTION ( 'NONE',  ( 0.000000000000000000, 0.000000000000000000, 1.000000000000000000 ) ) ;
#5143 = ORIENTED_EDGE ( 'NONE', *, *, #1659, .T. ) ;
#5144 = CARTESIAN_POINT ( 'NONE',  ( 10.61118627879340970, 34.40062100830075309, -7.000000000000000000 ) ) ;
#5145 = CYLINDRICAL_SURFACE ( 'NONE', #1273, 1.500000000011596279 ) ;
#5146 = CARTESIAN_POINT ( 'NONE',  ( 28.14593336884964003, 22.44563286691362336, 7.071067811865501263 ) ) ;
#5147 = ORIENTED_EDGE ( 'NONE', *, *, #3752, .T. ) ;
#5148 = EDGE_CURVE ( 'NONE', #679, #4285, #4659, .T. ) ;
#5149 = CARTESIAN_POINT ( 'NONE',  ( 13.30399624507271561, 34.20370862802880652, -109.0335419915582236 ) ) ;
#5150 = DIRECTION ( 'NONE',  ( 1.000000000000000000, 7.105427357601001859E-15, 0.000000000000000000 ) ) ;
#5151 = CARTESIAN_POINT ( 'NONE',  ( -8.057603353559999348, -35.80453921218227009, -109.0335419915582236 ) ) ;
#5152 = EDGE_CURVE ( 'NONE', #1647, #2720, #5015, .T. ) ;
#5153 = ORIENTED_EDGE ( 'NONE', *, *, #865, .F. ) ;
#5154 = CARTESIAN_POINT ( 'NONE',  ( -10.61118627879168663, 34.40062100830128600, -7.000000000000000000 ) ) ;
#5155 = ORIENTED_EDGE ( 'NONE', *, *, #2536, .T. ) ;
#5156 = CARTESIAN_POINT ( 'NONE',  ( -38.87314781470556824, 36.48975133124805126, -150.8011557844372987 ) ) ;
#5157 = DIRECTION ( 'NONE',  ( -0.000000000000000000, -0.000000000000000000, -1.000000000000000000 ) ) ;
#5158 = EDGE_LOOP ( 'NONE', ( #3973, #2160, #1710, #659 ) ) ;
#5159 = CIRCLE ( 'NONE', #5251, 53.31625993297229371 ) ;
#5160 = EDGE_CURVE ( 'NONE', #4470, #5433, #4851, .T. ) ;
#5161 = VERTEX_POINT ( 'NONE', #675 ) ;
#5162 = ORIENTED_EDGE ( 'NONE', *, *, #1762, .T. ) ;
#5163 = CARTESIAN_POINT ( 'NONE',  ( -2.914335439641035919E-12, -41.99999999998873079, 14.00001200000000345 ) ) ;
#5164 = CARTESIAN_POINT ( 'NONE',  ( 1.500000000008681278, -41.99999999998873079, 4.000000000000001776 ) ) ;
#5165 = DIRECTION ( 'NONE',  ( 0.3653410243663922641, -0.9308737486442053566, 0.000000000000000000 ) ) ;
#5166 = EDGE_CURVE ( 'NONE', #466, #2797, #87, .T. ) ;
#5167 = ORIENTED_EDGE ( 'NONE', *, *, #2644, .F. ) ;
#5168 = CARTESIAN_POINT ( 'NONE',  ( 0.000000000000000000, 0.000000000000000000, 0.000000000000000000 ) ) ;
#5169 = DIRECTION ( 'NONE',  ( -0.000000000000000000, -0.000000000000000000, 1.000000000000000000 ) ) ;
#5170 = CARTESIAN_POINT ( 'NONE',  ( 9.024898883769338909E-13, 35.99999999999995737, -7.000000000000000000 ) ) ;
#5171 = VERTEX_POINT ( 'NONE', #4442 ) ;
#5172 = CARTESIAN_POINT ( 'NONE',  ( 0.000000000000000000, 0.000000000000000000, -109.0335419915582236 ) ) ;
#5173 = DIRECTION ( 'NONE',  ( -0.000000000000000000, -0.000000000000000000, -1.000000000000000000 ) ) ;
#5174 = DIRECTION ( 'NONE',  ( -0.000000000000000000, -0.000000000000000000, 1.000000000000000000 ) ) ;
#5175 = ADVANCED_FACE ( 'NONE', ( #4816 ), #2352, .F. ) ;
#5176 = ORIENTED_EDGE ( 'NONE', *, *, #227, .T. ) ;
#5177 = FACE_OUTER_BOUND ( 'NONE', #1292, .T. ) ;
#5178 = ORIENTED_EDGE ( 'NONE', *, *, #3474, .T. ) ;
#5179 = DIRECTION ( 'NONE',  ( 1.000000000000000000, 0.000000000000000000, 0.000000000000000000 ) ) ;
#5180 = CARTESIAN_POINT ( 'NONE',  ( 16.99999999999998934, 15.95769335655781340, 14.00000000000001243 ) ) ;
#5181 = EDGE_CURVE ( 'NONE', #4700, #4066, #3868, .T. ) ;
#5182 = ORIENTED_EDGE ( 'NONE', *, *, #4860, .T. ) ;
#5183 = CIRCLE ( 'NONE', #4309, 2.700000000000023714 ) ;
#5184 = ORIENTED_EDGE ( 'NONE', *, *, #1608, .F. ) ;
#5185 = EDGE_LOOP ( 'NONE', ( #3789, #2847, #2580, #4948, #2082, #5210, #818, #1816 ) ) ;
#5186 = DIRECTION ( 'NONE',  ( 0.000000000000000000, 0.000000000000000000, -1.000000000000000000 ) ) ;
#5187 = AXIS2_PLACEMENT_3D ( 'NONE', #3325, #5004, #2916 ) ;
#5188 = DIRECTION ( 'NONE',  ( 1.000000000000000000, 0.000000000000000000, 0.000000000000000000 ) ) ;
#5189 = ADVANCED_FACE ( 'NONE', ( #3092 ), #4057, .F. ) ;
#5190 = DIRECTION ( 'NONE',  ( 1.000000000000000000, 0.000000000000000000, 0.000000000000000000 ) ) ;
#5191 = VECTOR ( 'NONE', #588, 1000.000000000000000 ) ;
#5192 = AXIS2_PLACEMENT_3D ( 'NONE', #1564, #2383, #4064 ) ;
#5193 = ORIENTED_EDGE ( 'NONE', *, *, #1838, .T. ) ;
#5194 = CIRCLE ( 'NONE', #2304, 2.250000000000001332 ) ;
#5195 = CARTESIAN_POINT ( 'NONE',  ( 0.000000000000000000, 0.000000000000000000, 14.00000000000000178 ) ) ;
#5196 = EDGE_CURVE ( 'NONE', #4547, #378, #4765, .T. ) ;
#5197 = DIRECTION ( 'NONE',  ( -0.4999999999999926725, 0.8660254037844428154, 0.000000000000000000 ) ) ;
#5198 = CARTESIAN_POINT ( 'NONE',  ( 26.82691942671749175, -25.04408900464158449, 0.000000000000000000 ) ) ;
#5199 = CIRCLE ( 'NONE', #4951, 36.70000000000001705 ) ;
#5200 = EDGE_LOOP ( 'NONE', ( #2871, #414, #3573, #4443 ) ) ;
#5201 = CARTESIAN_POINT ( 'NONE',  ( -46.99999999999997868, -41.99999999999996447, 0.000000000000000000 ) ) ;
#5202 = CARTESIAN_POINT ( 'NONE',  ( 15.95769335655780630, -47.00000000000000000, 14.00000000000000178 ) ) ;
#5203 = VECTOR ( 'NONE', #2107, 1000.000000000000000 ) ;
#5204 = DIRECTION ( 'NONE',  ( 0.000000000000000000, 0.000000000000000000, 1.000000000000000000 ) ) ;
#5205 = EDGE_CURVE ( 'NONE', #2315, #2336, #4304, .T. ) ;
#5206 = CIRCLE ( 'NONE', #5389, 4.999999999999997335 ) ;
#5207 = ORIENTED_EDGE ( 'NONE', *, *, #1578, .F. ) ;
#5208 = CYLINDRICAL_SURFACE ( 'NONE', #2055, 2.700000000000021938 ) ;
#5209 = CIRCLE ( 'NONE', #4773, 2.250000000000000000 ) ;
#5210 = ORIENTED_EDGE ( 'NONE', *, *, #3105, .T. ) ;
#5211 = CARTESIAN_POINT ( 'NONE',  ( 29.69848480982502181, -29.69848480982903283, 14.00000000000000178 ) ) ;
#5212 = PLANE ( 'NONE',  #4579 ) ;
#5213 = AXIS2_PLACEMENT_3D ( 'NONE', #2323, #1805, #4297 ) ;
#5214 = ORIENTED_EDGE ( 'NONE', *, *, #3794, .F. ) ;
#5215 = ORIENTED_EDGE ( 'NONE', *, *, #2090, .T. ) ;
#5216 = EDGE_LOOP ( 'NONE', ( #3290, #3195 ) ) ;
#5217 = CARTESIAN_POINT ( 'NONE',  ( 3.115521582341640894, -35.59790974410469033, 0.000000000000000000 ) ) ;
#5218 = ADVANCED_FACE ( 'NONE', ( #1855 ), #4791, .F. ) ;
#5219 = CYLINDRICAL_SURFACE ( 'NONE', #4376, 1.500000000011596279 ) ;
#5220 = DIRECTION ( 'NONE',  ( 1.000000000000000000, 0.000000000000000000, 0.000000000000000000 ) ) ;
#5221 = DIRECTION ( 'NONE',  ( 0.000000000000000000, 0.000000000000000000, 1.000000000000000000 ) ) ;
#5222 = EDGE_CURVE ( 'NONE', #2797, #4066, #5232, .T. ) ;
#5223 = ORIENTED_EDGE ( 'NONE', *, *, #1258, .F. ) ;
#5224 = EDGE_CURVE ( 'NONE', #3127, #1447, #2729, .T. ) ;
#5225 = DIRECTION ( 'NONE',  ( 0.000000000000000000, 0.000000000000000000, 1.000000000000000000 ) ) ;
#5226 = FACE_OUTER_BOUND ( 'NONE', #3949, .T. ) ;
#5227 = DIRECTION ( 'NONE',  ( 1.000000000000000000, 0.000000000000000000, 0.000000000000000000 ) ) ;
#5228 = ADVANCED_FACE ( 'NONE', ( #1469 ), #3145, .F. ) ;
#5229 = ORIENTED_EDGE ( 'NONE', *, *, #3656, .F. ) ;
#5230 = CARTESIAN_POINT ( 'NONE',  ( 33.87691453623975946, -18.00000000000001421, -109.0335419915582236 ) ) ;
#5231 = LINE ( 'NONE', #2583, #4 ) ;
#5232 = LINE ( 'NONE', #610, #4932 ) ;
#5233 = VECTOR ( 'NONE', #597, 1000.000000000000000 ) ;
#5234 = ORIENTED_EDGE ( 'NONE', *, *, #1699, .T. ) ;
#5235 = CARTESIAN_POINT ( 'NONE',  ( 2.619432448724978713E-12, 41.99999999998872369, 14.00001200000000345 ) ) ;
#5236 = EDGE_LOOP ( 'NONE', ( #2197, #872 ) ) ;
#5237 = CARTESIAN_POINT ( 'NONE',  ( 2.619432448724978713E-12, 41.99999999998872369, 4.000000000000001776 ) ) ;
#5238 = LINE ( 'NONE', #3976, #900 ) ;
#5239 = VERTEX_POINT ( 'NONE', #734 ) ;
#5240 = ORIENTED_EDGE ( 'NONE', *, *, #3883, .F. ) ;
#5241 = ORIENTED_EDGE ( 'NONE', *, *, #2243, .T. ) ;
#5242 = ADVANCED_FACE ( 'NONE', ( #1146 ), #3748, .F. ) ;
#5243 = DIRECTION ( 'NONE',  ( 0.000000000000000000, 0.000000000000000000, 1.000000000000000000 ) ) ;
#5244 = ORIENTED_EDGE ( 'NONE', *, *, #177, .T. ) ;
#5245 = DIRECTION ( 'NONE',  ( 1.000000000000000000, 0.000000000000000000, 0.000000000000000000 ) ) ;
#5246 = CARTESIAN_POINT ( 'NONE',  ( -43.09999999999999432, 40.99999999999999289, 0.000000000000000000 ) ) ;
#5247 = FACE_OUTER_BOUND ( 'NONE', #4943, .T. ) ;
#5248 = ADVANCED_FACE ( 'NONE', ( #4910 ), #2410, .F. ) ;
#5249 = DIRECTION ( 'NONE',  ( -0.2225209339563184452, -0.9749279121818226201, 0.000000000000000000 ) ) ;
#5250 = EDGE_LOOP ( 'NONE', ( #4284, #4445, #3649, #2144 ) ) ;
#5251 = AXIS2_PLACEMENT_3D ( 'NONE', #4049, #5371, #335 ) ;
#5252 = DIRECTION ( 'NONE',  ( -0.000000000000000000, -0.000000000000000000, 1.000000000000000000 ) ) ;
#5253 = DIRECTION ( 'NONE',  ( 1.000000000000000000, 0.000000000000000000, 0.000000000000000000 ) ) ;
#5254 = CARTESIAN_POINT ( 'NONE',  ( 43.09999999999998010, 40.99999999999999289, -8.000000000000007105 ) ) ;
#5255 = CYLINDRICAL_SURFACE ( 'NONE', #1034, 2.700000000000021938 ) ;
#5256 = VERTEX_POINT ( 'NONE', #3235 ) ;
#5257 = CIRCLE ( 'NONE', #2281, 36.70000000000001705 ) ;
#5258 = CARTESIAN_POINT ( 'NONE',  ( -28.19848480981754335, -29.69848480982491523, 14.00000000000000178 ) ) ;
#5259 = EDGE_CURVE ( 'NONE', #4859, #1473, #2150, .T. ) ;
#5260 = CYLINDRICAL_SURFACE ( 'NONE', #3801, 36.69999999999998153 ) ;
#5261 = DIRECTION ( 'NONE',  ( 0.000000000000000000, 0.000000000000000000, 1.000000000000000000 ) ) ;
#5262 = CIRCLE ( 'NONE', #2898, 2.099999999999990763 ) ;
#5263 = ORIENTED_EDGE ( 'NONE', *, *, #1240, .T. ) ;
#5264 = CARTESIAN_POINT ( 'NONE',  ( 30.39593336884964003, 22.44563286691362336, 0.000000000000000000 ) ) ;
#5265 = ORIENTED_EDGE ( 'NONE', *, *, #1878, .F. ) ;
#5266 = DIRECTION ( 'NONE',  ( 0.000000000000000000, 0.000000000000000000, 1.000000000000000000 ) ) ;
#5267 = EDGE_CURVE ( 'NONE', #5048, #686, #444, .T. ) ;
#5268 = CARTESIAN_POINT ( 'NONE',  ( -31.17691453624012254, -17.99999999999934275, -7.000000000000000000 ) ) ;
#5269 = ORIENTED_EDGE ( 'NONE', *, *, #1671, .F. ) ;
#5270 = ORIENTED_EDGE ( 'NONE', *, *, #2108, .F. ) ;
#5271 = ORIENTED_EDGE ( 'NONE', *, *, #5160, .F. ) ;
#5272 = CARTESIAN_POINT ( 'NONE',  ( 0.000000000000000000, 0.000000000000000000, 4.000000000000001776 ) ) ;
#5273 = DIRECTION ( 'NONE',  ( -0.000000000000000000, -0.000000000000000000, 1.000000000000000000 ) ) ;
#5274 = CIRCLE ( 'NONE', #4051, 2.250000000000003997 ) ;
#5275 = DIRECTION ( 'NONE',  ( -0.000000000000000000, -0.000000000000000000, 1.000000000000000000 ) ) ;
#5276 = AXIS2_PLACEMENT_3D ( 'NONE', #1559, #4493, #2002 ) ;
#5277 = CARTESIAN_POINT ( 'NONE',  ( 0.000000000000000000, 0.000000000000000000, -7.000000000000000000 ) ) ;
#5278 = CARTESIAN_POINT ( 'NONE',  ( -31.17691453624012254, -17.99999999999934275, 0.000000000000000000 ) ) ;
#5279 = VERTEX_POINT ( 'NONE', #4233 ) ;
#5280 = AXIS2_PLACEMENT_3D ( 'NONE', #2122, #2044, #3791 ) ;
#5281 = CARTESIAN_POINT ( 'NONE',  ( 0.000000000000000000, 0.000000000000000000, 14.00000000000000178 ) ) ;
#5282 = DIRECTION ( 'NONE',  ( 0.000000000000000000, 0.000000000000000000, 1.000000000000000000 ) ) ;
#5283 = DIRECTION ( 'NONE',  ( 1.000000000000000000, 0.000000000000000000, 0.000000000000000000 ) ) ;
#5284 = VECTOR ( 'NONE', #5074, 1000.000000000000000 ) ;
#5285 = DIRECTION ( 'NONE',  ( 1.000000000000000000, 0.000000000000000000, 0.000000000000000000 ) ) ;
#5286 = CIRCLE ( 'NONE', #3270, 36.70000000000000995 ) ;
#5287 = ORIENTED_EDGE ( 'NONE', *, *, #2588, .T. ) ;
#5288 = AXIS2_PLACEMENT_3D ( 'NONE', #3497, #504, #4299 ) ;
#5289 = DIRECTION ( 'NONE',  ( 0.000000000000000000, 0.000000000000000000, 1.000000000000000000 ) ) ;
#5290 = ADVANCED_FACE ( 'NONE', ( #1731 ), #4355, .F. ) ;
#5291 = DIRECTION ( 'NONE',  ( 0.000000000000000000, 0.000000000000000000, 1.000000000000000000 ) ) ;
#5292 = DIRECTION ( 'NONE',  ( -1.000000000000000000, 0.000000000000000000, 0.000000000000000000 ) ) ;
#5293 = ORIENTED_EDGE ( 'NONE', *, *, #1367, .T. ) ;
#5294 = EDGE_CURVE ( 'NONE', #2537, #4257, #2556, .T. ) ;
#5295 = DIRECTION ( 'NONE',  ( 0.000000000000000000, 0.000000000000000000, 1.000000000000000000 ) ) ;
#5296 = ORIENTED_EDGE ( 'NONE', *, *, #120, .T. ) ;
#5297 = AXIS2_PLACEMENT_3D ( 'NONE', #4441, #3288, #2030 ) ;
#5298 = DIRECTION ( 'NONE',  ( 1.000000000000000000, 0.000000000000000000, 0.000000000000000000 ) ) ;
#5299 = DIRECTION ( 'NONE',  ( -1.000000000000000000, 0.000000000000000000, 0.000000000000000000 ) ) ;
#5300 = ORIENTED_EDGE ( 'NONE', *, *, #128, .F. ) ;
#5301 = CIRCLE ( 'NONE', #4421, 2.250000000000003553 ) ;
#5302 = VERTEX_POINT ( 'NONE', #49 ) ;
#5303 = ORIENTED_EDGE ( 'NONE', *, *, #2616, .T. ) ;
#5304 = EDGE_CURVE ( 'NONE', #1221, #5020, #3001, .T. ) ;
#5305 = CARTESIAN_POINT ( 'NONE',  ( -35.89933669852238296, 2.690283369112054679, 0.000000000000000000 ) ) ;
#5306 = VERTEX_POINT ( 'NONE', #3819 ) ;
#5307 = CIRCLE ( 'NONE', #4865, 53.31625993297229371 ) ;
#5308 = DIRECTION ( 'NONE',  ( 1.000000000000000000, 0.000000000000000000, 0.000000000000000000 ) ) ;
#5309 = CIRCLE ( 'NONE', #3814, 1.500000000011596279 ) ;
#5310 = DIRECTION ( 'NONE',  ( 0.000000000000000000, 0.000000000000000000, 1.000000000000000000 ) ) ;
#5311 = LINE ( 'NONE', #1548, #4906 ) ;
#5312 = CARTESIAN_POINT ( 'NONE',  ( -5.365521582342417162, -35.59790974410456954, 14.00000000000000178 ) ) ;
#5313 = AXIS2_PLACEMENT_3D ( 'NONE', #2274, #3071, #4718 ) ;
#5314 = CARTESIAN_POINT ( 'NONE',  ( -15.61981460823269252, -32.43487924448676551, 0.000000000000000000 ) ) ;
#5315 = LINE ( 'NONE', #4436, #3004 ) ;
#5316 = CIRCLE ( 'NONE', #2594, 30.00000000000000000 ) ;
#5317 = CARTESIAN_POINT ( 'NONE',  ( 12.86118627879341147, 34.40062100830075309, -7.000000000000000000 ) ) ;
#5318 = VERTEX_POINT ( 'NONE', #4641 ) ;
#5319 = DIRECTION ( 'NONE',  ( 1.000000000000000000, 0.000000000000000000, 0.000000000000000000 ) ) ;
#5320 = LINE ( 'NONE', #1558, #2747 ) ;
#5321 = DIRECTION ( 'NONE',  ( -1.000000000000000000, 0.000000000000000000, 0.000000000000000000 ) ) ;
#5322 = EDGE_CURVE ( 'NONE', #4069, #2353, #3496, .T. ) ;
#5323 = ORIENTED_EDGE ( 'NONE', *, *, #106, .F. ) ;
#5324 = DIRECTION ( 'NONE',  ( 0.000000000000000000, 0.000000000000000000, -1.000000000000000000 ) ) ;
#5325 = ORIENTED_EDGE ( 'NONE', *, *, #5059, .T. ) ;
#5326 = CARTESIAN_POINT ( 'NONE',  ( 0.000000000000000000, 0.000000000000000000, 14.00000000000000178 ) ) ;
#5327 = CARTESIAN_POINT ( 'NONE',  ( -2.853946555716004418, -36.58886427667737706, 14.00000000000000178 ) ) ;
#5328 = ADVANCED_FACE ( 'NONE', ( #3119 ), #2268, .F. ) ;
#5329 = ORIENTED_EDGE ( 'NONE', *, *, #2665, .F. ) ;
#5330 = AXIS2_PLACEMENT_3D ( 'NONE', #4702, #2613, #516 ) ;
#5331 = ORIENTED_EDGE ( 'NONE', *, *, #4292, .T. ) ;
#5332 = ORIENTED_EDGE ( 'NONE', *, *, #3109, .F. ) ;
#5333 = LINE ( 'NONE', #1569, #3227 ) ;
#5334 = CARTESIAN_POINT ( 'NONE',  ( 0.000000000000000000, 0.000000000000000000, 14.00000000000000178 ) ) ;
#5335 = CARTESIAN_POINT ( 'NONE',  ( 31.26145495119168061, 13.15227687718926575, 7.071067811865501263 ) ) ;
#5336 = DIRECTION ( 'NONE',  ( -0.000000000000000000, -0.000000000000000000, 1.000000000000000000 ) ) ;
#5337 = EDGE_CURVE ( 'NONE', #5036, #9, #5081, .T. ) ;
#5338 = CARTESIAN_POINT ( 'NONE',  ( -35.03644220532580533, 10.92418040828992254, -109.0335419915582236 ) ) ;
#5339 = DIRECTION ( 'NONE',  ( -0.000000000000000000, -0.000000000000000000, -1.000000000000000000 ) ) ;
#5340 = DIRECTION ( 'NONE',  ( 1.000000000000000000, 0.000000000000000000, 0.000000000000000000 ) ) ;
#5341 = LINE ( 'NONE', #1166, #5101 ) ;
#5342 = ADVANCED_FACE ( 'NONE', ( #1320 ), #3091, .T. ) ;
#5343 = DIRECTION ( 'NONE',  ( 0.000000000000000000, 0.000000000000000000, 1.000000000000000000 ) ) ;
#5344 = AXIS2_PLACEMENT_3D ( 'NONE', #4512, #4455, #2364 ) ;
#5345 = ORIENTED_EDGE ( 'NONE', *, *, #2676, .T. ) ;
#5346 = DIRECTION ( 'NONE',  ( 1.000000000000000000, 0.000000000000000000, 0.000000000000000000 ) ) ;
#5347 = DIRECTION ( 'NONE',  ( -0.000000000000000000, -0.000000000000000000, -1.000000000000000000 ) ) ;
#5348 = AXIS2_PLACEMENT_3D ( 'NONE', #5314, #4105, #4484 ) ;
#5349 = ORIENTED_EDGE ( 'NONE', *, *, #56, .T. ) ;
#5350 = CYLINDRICAL_SURFACE ( 'NONE', #2136, 36.70000000000000995 ) ;
#5351 = VERTEX_POINT ( 'NONE', #4379 ) ;
#5352 = CARTESIAN_POINT ( 'NONE',  ( -22.79465712222620510, 28.76271208839917648, 0.000000000000000000 ) ) ;
#5353 = AXIS2_PLACEMENT_3D ( 'NONE', #3874, #1377, #5245 ) ;
#5354 = EDGE_CURVE ( 'NONE', #492, #1473, #1854, .T. ) ;
#5355 = DIRECTION ( 'NONE',  ( 0.000000000000000000, 0.000000000000000000, 1.000000000000000000 ) ) ;
#5356 = CARTESIAN_POINT ( 'NONE',  ( -22.23621855975358486, -26.38986738587323444, 0.000000000000000000 ) ) ;
#5357 = AXIS2_PLACEMENT_3D ( 'NONE', #42, #3890, #3397 ) ;
#5358 = VERTEX_POINT ( 'NONE', #3938 ) ;
#5359 = ORIENTED_EDGE ( 'NONE', *, *, #1402, .F. ) ;
#5360 = CARTESIAN_POINT ( 'NONE',  ( 5.365521582341643558, -35.59790974410469033, -7.000000000000000000 ) ) ;
#5361 = ORIENTED_EDGE ( 'NONE', *, *, #1470, .F. ) ;
#5362 = FACE_OUTER_BOUND ( 'NONE', #1648, .T. ) ;
#5363 = EDGE_CURVE ( 'NONE', #4331, #5380, #5231, .T. ) ;
#5364 = FACE_BOUND ( 'NONE', #2120, .T. ) ;
#5365 = CYLINDRICAL_SURFACE ( 'NONE', #4842, 4.999999999999997335 ) ;
#5366 = ORIENTED_EDGE ( 'NONE', *, *, #5160, .T. ) ;
#5367 = CARTESIAN_POINT ( 'NONE',  ( 40.99999999999997868, 40.99999999999999289, 0.000000000000000000 ) ) ;
#5368 = ADVANCED_FACE ( 'NONE', ( #4763 ), #3525, .F. ) ;
#5369 = CARTESIAN_POINT ( 'NONE',  ( 33.42691453623947950, -18.00000000000046541, 7.071067811865497710 ) ) ;
#5370 = DIRECTION ( 'NONE',  ( -0.7071067811865402453, -0.7071067811865547892, 0.000000000000000000 ) ) ;
#5371 = DIRECTION ( 'NONE',  ( 0.000000000000000000, 0.000000000000000000, 1.000000000000000000 ) ) ;
#5372 = ORIENTED_EDGE ( 'NONE', *, *, #2568, .T. ) ;
#5373 = EDGE_CURVE ( 'NONE', #237, #5138, #2244, .T. ) ;
#5374 = FACE_OUTER_BOUND ( 'NONE', #5062, .T. ) ;
#5375 = AXIS2_PLACEMENT_3D ( 'NONE', #2173, #1008, #1346 ) ;
#5376 = DIRECTION ( 'NONE',  ( 1.000000000000000000, 0.000000000000000000, 0.000000000000000000 ) ) ;
#5377 = AXIS2_PLACEMENT_3D ( 'NONE', #4820, #4499, #2767 ) ;
#5378 = CIRCLE ( 'NONE', #633, 36.70000000000003837 ) ;
#5379 = ORIENTED_EDGE ( 'NONE', *, *, #278, .T. ) ;
#5380 = VERTEX_POINT ( 'NONE', #5202 ) ;
#5381 = AXIS2_PLACEMENT_3D ( 'NONE', #2327, #1859, #3972 ) ;
#5382 = DIRECTION ( 'NONE',  ( 0.000000000000000000, 0.000000000000000000, 1.000000000000000000 ) ) ;
#5383 = ORIENTED_EDGE ( 'NONE', *, *, #5008, .T. ) ;
#5384 = ORIENTED_EDGE ( 'NONE', *, *, #4391, .F. ) ;
#5385 = ORIENTED_EDGE ( 'NONE', *, *, #4318, .F. ) ;
#5386 = DIRECTION ( 'NONE',  ( 1.000000000000000000, 0.000000000000000000, 0.000000000000000000 ) ) ;
#5387 = AXIS2_PLACEMENT_3D ( 'NONE', #701, #4110, #5319 ) ;
#5388 = DIRECTION ( 'NONE',  ( 0.000000000000000000, 0.000000000000000000, 1.000000000000000000 ) ) ;
#5389 = AXIS2_PLACEMENT_3D ( 'NONE', #4564, #801, #5420 ) ;
#5390 = DIRECTION ( 'NONE',  ( -0.000000000000000000, -0.000000000000000000, -1.000000000000000000 ) ) ;
#5391 = CARTESIAN_POINT ( 'NONE',  ( 15.95769335655780630, 47.00000000000000000, -140.9360748630709281 ) ) ;
#5392 = VECTOR ( 'NONE', #5426, 1000.000000000000000 ) ;
#5393 = VERTEX_POINT ( 'NONE', #2971 ) ;
#5394 = ORIENTED_EDGE ( 'NONE', *, *, #149, .T. ) ;
#5395 = VECTOR ( 'NONE', #3717, 1000.000000000000000 ) ;
#5396 = CARTESIAN_POINT ( 'NONE',  ( 20.27952209029115949, 29.74459587537523930, -7.000000000000000000 ) ) ;
#5397 = VECTOR ( 'NONE', #167, 1000.000000000000000 ) ;
#5398 = CARTESIAN_POINT ( 'NONE',  ( 24.48621855975301642, -26.38986738587376735, 0.000000000000000000 ) ) ;
#5399 = FACE_BOUND ( 'NONE', #1149, .T. ) ;
#5400 = EDGE_CURVE ( 'NONE', #2773, #1190, #1295, .T. ) ;
#5401 = DIRECTION ( 'NONE',  ( 1.000000000000000000, 0.000000000000000000, 0.000000000000000000 ) ) ;
#5402 = AXIS2_PLACEMENT_3D ( 'NONE', #1264, #4616, #851 ) ;
#5403 = ORIENTED_EDGE ( 'NONE', *, *, #4595, .F. ) ;
#5404 = CARTESIAN_POINT ( 'NONE',  ( 0.000000000000000000, 0.000000000000000000, 0.000000000000000000 ) ) ;
#5405 = DIRECTION ( 'NONE',  ( 0.000000000000000000, 0.000000000000000000, 1.000000000000000000 ) ) ;
#5406 = ADVANCED_FACE ( 'NONE', ( #229 ), #4790, .F. ) ;
#5407 = VERTEX_POINT ( 'NONE', #877 ) ;
#5408 = ORIENTED_EDGE ( 'NONE', *, *, #741, .F. ) ;
#5409 = LINE ( 'NONE', #2906, #1073 ) ;
#5410 = EDGE_CURVE ( 'NONE', #2498, #3269, #2017, .T. ) ;
#5411 = DIRECTION ( 'NONE',  ( -0.9009688679024214775, -0.4338837391175532354, 0.000000000000000000 ) ) ;
#5412 = ORIENTED_EDGE ( 'NONE', *, *, #5124, .T. ) ;
#5413 = EDGE_LOOP ( 'NONE', ( #4692, #5372, #3146, #2759 ) ) ;
#5414 = LINE ( 'NONE', #2550, #3621 ) ;
#5415 = DIRECTION ( 'NONE',  ( 1.000000000000000000, -7.105427357601001859E-15, 0.000000000000000000 ) ) ;
#5416 = DIRECTION ( 'NONE',  ( -0.000000000000000000, 0.000000000000000000, 1.000000000000000000 ) ) ;
#5417 = CARTESIAN_POINT ( 'NONE',  ( 37.34740483854549353, -8.010753622427833065, 7.071067811865501263 ) ) ;
#5418 = ORIENTED_EDGE ( 'NONE', *, *, #140, .F. ) ;
#5419 = VERTEX_POINT ( 'NONE', #2835 ) ;
#5420 = DIRECTION ( 'NONE',  ( 1.000000000000000000, 0.000000000000000000, 0.000000000000000000 ) ) ;
#5421 = DIRECTION ( 'NONE',  ( 1.156482317308930815E-14, -1.000000000000000000, 0.000000000000000000 ) ) ;
#5422 = DIRECTION ( 'NONE',  ( 0.000000000000000000, -0.000000000000000000, -1.000000000000000000 ) ) ;
#5423 = ADVANCED_FACE ( 'NONE', ( #5364, #2073, #1626, #4979, #328, #1237, #4100, #3741, #1677, #411 ), #2915, .T. ) ;
#5424 = VERTEX_POINT ( 'NONE', #2888 ) ;
#5425 = CARTESIAN_POINT ( 'NONE',  ( 28.14593336884932384, 22.44563286691402482, 0.000000000000000000 ) ) ;
#5426 = DIRECTION ( 'NONE',  ( -0.000000000000000000, -0.000000000000000000, -1.000000000000000000 ) ) ;
#5427 = ORIENTED_EDGE ( 'NONE', *, *, #4382, .F. ) ;
#5428 = EDGE_CURVE ( 'NONE', #2497, #5437, #5003, .T. ) ;
#5429 = DIRECTION ( 'NONE',  ( -3.304235192336778470E-16, 1.000000000000000000, 0.000000000000000000 ) ) ;
#5430 = VERTEX_POINT ( 'NONE', #1212 ) ;
#5431 = CARTESIAN_POINT ( 'NONE',  ( 38.59933669852249949, 2.690283369110756606, 14.00000000000000178 ) ) ;
#5432 = VERTEX_POINT ( 'NONE', #718 ) ;
#5433 = VERTEX_POINT ( 'NONE', #2802 ) ;
#5434 = VERTEX_POINT ( 'NONE', #4558 ) ;
#5435 = DIRECTION ( 'NONE',  ( 1.000000000000000000, 0.000000000000000000, 0.000000000000000000 ) ) ;
#5436 = EDGE_CURVE ( 'NONE', #514, #3715, #3603, .T. ) ;
#5437 = VERTEX_POINT ( 'NONE', #385 ) ;
#5438 = CIRCLE ( 'NONE', #2025, 1.500000000011596279 ) ;
#5439 = CYLINDRICAL_SURFACE ( 'NONE', #5402, 36.70000000000000995 ) ;
#5440 = DIRECTION ( 'NONE',  ( 1.000000000000000000, 0.000000000000000000, 0.000000000000000000 ) ) ;
#5441 = DIRECTION ( 'NONE',  ( 1.000000000000000000, 0.000000000000000000, 0.000000000000000000 ) ) ;
#5442 = ORIENTED_EDGE ( 'NONE', *, *, #687, .T. ) ;
#5443 = ORIENTED_EDGE ( 'NONE', *, *, #2952, .T. ) ;
#5444 = DIRECTION ( 'NONE',  ( 1.000000000000000000, 0.000000000000000000, 0.000000000000000000 ) ) ;
ENDSEC;
END-ISO-10303-21;
