ISO-10303-21;
HEADER;
FILE_DESCRIPTION (( 'STEP AP214' ),
    '1' );
FILE_NAME ('pivot mid bigger disc diameter.STEP',
    '2026-02-20T02:08:59',
    ( '' ),
    ( '' ),
    'SwSTEP 2.0',
    'SolidWorks 2023',
    '' );
FILE_SCHEMA (( 'AUTOMOTIVE_DESIGN' ));
ENDSEC;

DATA;
#1 = AXIS2_PLACEMENT_3D ( 'NONE', #1329, #1337, #857 ) ;
#2 = CARTESIAN_POINT ( 'NONE',  ( 114.4007411063561790, 86.92309454577330996, -12.44213350098799964 ) ) ;
#3 = CARTESIAN_POINT ( 'NONE',  ( 126.1991230516169793, 91.03401509175300532, -20.44213350098800319 ) ) ;
#4 = VERTEX_POINT ( 'NONE', #806 ) ;
#5 = DIRECTION ( 'NONE',  ( 0.000000000000000000, 0.000000000000000000, 1.000000000000000000 ) ) ;
#6 = VERTEX_POINT ( 'NONE', #1420 ) ;
#7 = BREP_WITH_VOIDS ( 'NONE', #1333, ( #1397, #1334 ) );
#8 = CARTESIAN_POINT ( 'NONE',  ( 121.4235751310577598, 95.52304559010909202, -16.91172978760386059 ) ) ;
#9 = DIRECTION ( 'NONE',  ( -1.000000000000000000, 0.000000000000000000, 0.000000000000000000 ) ) ;
#10 = ORIENTED_EDGE ( 'NONE', *, *, #1065, .F. ) ;
#11 = ADVANCED_FACE ( 'NONE', ( #438 ), #797, .T. ) ;
#12 = DIRECTION ( 'NONE',  ( 1.000000000000000000, 0.000000000000000000, 0.000000000000000000 ) ) ;
#13 = CARTESIAN_POINT ( 'NONE',  ( 119.6724549940036013, 95.70428781713758326, -16.43086310421565699 ) ) ;
#14 = DIRECTION ( 'NONE',  ( -1.000000000000000000, 0.000000000000000000, 0.000000000000000000 ) ) ;
#15 = DIRECTION ( 'NONE',  ( 1.000000000000000000, 0.000000000000000000, 0.000000000000000000 ) ) ;
#16 = EDGE_LOOP ( 'NONE', ( #494, #801, #94, #795 ) ) ;
#17 = ADVANCED_FACE ( 'NONE', ( #575 ), #1199, .F. ) ;
#18 = CARTESIAN_POINT ( 'NONE',  ( 118.6512310037698512, 95.38342096889881816, -18.35079932208781628 ) ) ;
#19 = ORIENTED_EDGE ( 'NONE', *, *, #1549, .T. ) ;
#20 = CARTESIAN_POINT ( 'NONE',  ( 119.3485834675253159, 95.63912827046229381, -16.58680372784210277 ) ) ;
#21 = CIRCLE ( 'NONE', #452, 1.649999999999998579 ) ;
#22 = AXIS2_PLACEMENT_3D ( 'NONE', #740, #1000, #236 ) ;
#23 = ORIENTED_EDGE ( 'NONE', *, *, #387, .T. ) ;
#24 = DIRECTION ( 'NONE',  ( 0.000000000000000000, 0.000000000000000000, -1.000000000000000000 ) ) ;
#25 = ORIENTED_EDGE ( 'NONE', *, *, #1054, .F. ) ;
#26 = VECTOR ( 'NONE', #1356, 1000.000000000000000 ) ;
#27 = CARTESIAN_POINT ( 'NONE',  ( 118.8432602272147847, 95.47076863042009620, -18.79183327845125007 ) ) ;
#28 = EDGE_LOOP ( 'NONE', ( #229, #615, #356, #25 ) ) ;
#29 = CARTESIAN_POINT ( 'NONE',  ( 121.1005527729520566, 95.62585048744325888, -16.62022144675401236 ) ) ;
#30 = DIRECTION ( 'NONE',  ( 0.000000000000000000, 0.000000000000000000, -1.000000000000000000 ) ) ;
#31 = EDGE_LOOP ( 'NONE', ( #382, #1021, #313, #1256 ) ) ;
#32 = CARTESIAN_POINT ( 'NONE',  ( 118.6876964785850816, 95.40094931843404424, -18.46838222688053932 ) ) ;
#33 = ORIENTED_EDGE ( 'NONE', *, *, #968, .T. ) ;
#34 = ORIENTED_EDGE ( 'NONE', *, *, #1440, .F. ) ;
#35 = EDGE_CURVE ( 'NONE', #649, #732, #112, .T. ) ;
#36 = DIRECTION ( 'NONE',  ( -1.000000000000000000, 0.000000000000000000, 0.000000000000000000 ) ) ;
#37 = ORIENTED_EDGE ( 'NONE', *, *, #305, .F. ) ;
#38 = DIRECTION ( 'NONE',  ( 3.191741072935014463E-15, 2.573868890628963094E-15, 1.000000000000000000 ) ) ;
#39 = ORIENTED_EDGE ( 'NONE', *, *, #113, .T. ) ;
#40 = CARTESIAN_POINT ( 'NONE',  ( 121.0866002711036629, 95.62963195342253186, -19.27345163776561776 ) ) ;
#41 =( NAMED_UNIT ( * ) SI_UNIT ( $, .STERADIAN. ) SOLID_ANGLE_UNIT ( ) );
#42 = DIRECTION ( 'NONE',  ( 1.000000000000000000, 0.000000000000000000, 0.000000000000000000 ) ) ;
#43 = DIRECTION ( 'NONE',  ( 1.000000000000000000, 0.000000000000000000, 0.000000000000000000 ) ) ;
#44 = CARTESIAN_POINT ( 'NONE',  ( 118.8939529258578176, 95.49164033956776620, -17.01659069762047594 ) ) ;
#45 = EDGE_LOOP ( 'NONE', ( #444, #455 ) ) ;
#46 = EDGE_CURVE ( 'NONE', #727, #6, #1020, .T. ) ;
#47 = DIRECTION ( 'NONE',  ( 0.000000000000000000, 0.000000000000000000, -1.000000000000000000 ) ) ;
#48 = VERTEX_POINT ( 'NONE', #568 ) ;
#49 = AXIS2_PLACEMENT_3D ( 'NONE', #730, #1338, #1600 ) ;
#50 = CARTESIAN_POINT ( 'NONE',  ( 114.8782025056375176, 96.79239703701385622, -29.84213350099202344 ) ) ;
#51 = AXIS2_PLACEMENT_3D ( 'NONE', #831, #1088, #1296 ) ;
#52 = CARTESIAN_POINT ( 'NONE',  ( 120.7644335534990176, 95.69806584116784620, -19.43900158074893270 ) ) ;
#53 = VERTEX_POINT ( 'NONE', #1574 ) ;
#54 = DIRECTION ( 'NONE',  ( 0.000000000000000000, 0.000000000000000000, 1.000000000000000000 ) ) ;
#55 = COLOUR_RGB ( '',0.7921568627450980005, 0.8196078431372548767, 0.9333333333333333481 ) ;
#56 = CARTESIAN_POINT ( 'NONE',  ( 118.8728498302992307, 95.48302941006443234, -17.04714597131507148 ) ) ;
#57 = VECTOR ( 'NONE', #54, 1000.000000000000000 ) ;
#58 = ORIENTED_EDGE ( 'NONE', *, *, #130, .F. ) ;
#59 = DIRECTION ( 'NONE',  ( -0.000000000000000000, -0.000000000000000000, -1.000000000000000000 ) ) ;
#60 = FACE_OUTER_BOUND ( 'NONE', #509, .T. ) ;
#61 = CARTESIAN_POINT ( 'NONE',  ( 121.2207274463481781, 95.59159271078968345, -19.17379789056680650 ) ) ;
#62 = EDGE_CURVE ( 'NONE', #1243, #541, #430, .T. ) ;
#63 = EDGE_LOOP ( 'NONE', ( #1160, #1376, #1565, #1455 ) ) ;
#64 = FACE_OUTER_BOUND ( 'NONE', #1516, .T. ) ;
#65 = CARTESIAN_POINT ( 'NONE',  ( 124.7475049968780496, 97.56493563773251765, -29.84213350099208384 ) ) ;
#66 = VERTEX_POINT ( 'NONE', #73 ) ;
#67 = CARTESIAN_POINT ( 'NONE',  ( 121.8491230516169992, 92.24401509175301328, -22.44213350098799964 ) ) ;
#68 = FACE_BOUND ( 'NONE', #1117, .T. ) ;
#69 = VERTEX_POINT ( 'NONE', #961 ) ;
#70 = CARTESIAN_POINT ( 'NONE',  ( 125.5200435975967252, 87.69563314649198560, -29.84213350099206252 ) ) ;
#71 = CARTESIAN_POINT ( 'NONE',  ( 120.6091149109556397, 95.72015346356675991, -19.48966179596366644 ) ) ;
#72 = EDGE_CURVE ( 'NONE', #1467, #1469, #1434, .T. ) ;
#73 = CARTESIAN_POINT ( 'NONE',  ( 118.5491230516169878, 92.24401509175301328, -22.44213350098799964 ) ) ;
#74 = EDGE_CURVE ( 'NONE', #1502, #53, #925, .T. ) ;
#75 = FACE_OUTER_BOUND ( 'NONE', #16, .T. ) ;
#76 = VERTEX_POINT ( 'NONE', #954 ) ;
#77 = FACE_BOUND ( 'NONE', #1474, .T. ) ;
#78 = DIRECTION ( 'NONE',  ( -1.000000000000000000, 0.000000000000000000, 0.000000000000000000 ) ) ;
#79 = CARTESIAN_POINT ( 'NONE',  ( 119.2347560755175380, 95.60847173443811187, -19.21905295131905334 ) ) ;
#80 = AXIS2_PLACEMENT_3D ( 'NONE', #579, #841, #1562 ) ;
#81 = AXIS2_PLACEMENT_3D ( 'NONE', #1267, #1136, #133 ) ;
#82 = AXIS2_PLACEMENT_3D ( 'NONE', #115, #341, #1119 ) ;
#83 = DIRECTION ( 'NONE',  ( 1.000000000000000000, 0.000000000000000000, -0.000000000000000000 ) ) ;
#84 = VECTOR ( 'NONE', #508, 1000.000000000000000 ) ;
#85 = DIRECTION ( 'NONE',  ( -1.000000000000000000, 0.000000000000000000, 0.000000000000000000 ) ) ;
#86 = LINE ( 'NONE', #957, #1148 ) ;
#87 = DIRECTION ( 'NONE',  ( 1.000000000000000000, 0.000000000000000000, 0.000000000000000000 ) ) ;
#88 = LINE ( 'NONE', #715, #1459 ) ;
#89 = CARTESIAN_POINT ( 'NONE',  ( 120.1991230516169935, 92.24401509175301328, -50.66317848867436169 ) ) ;
#90 = VERTEX_POINT ( 'NONE', #469 ) ;
#91 = DIRECTION ( 'NONE',  ( 1.000000000000000000, 0.000000000000000000, 0.000000000000000000 ) ) ;
#92 = EDGE_CURVE ( 'NONE', #578, #372, #182, .T. ) ;
#93 = CARTESIAN_POINT ( 'NONE',  ( 120.1991230516169935, 99.59401509175300760, -17.94213350098799964 ) ) ;
#94 = ORIENTED_EDGE ( 'NONE', *, *, #1219, .T. ) ;
#95 = DIRECTION ( 'NONE',  ( 0.7071067811865540120, 8.659560562355014209E-17, -0.7071067811865410224 ) ) ;
#96 = CARTESIAN_POINT ( 'NONE',  ( 116.1991230516169935, 91.03401509175300532, -40.72640474844988745 ) ) ;
#97 = ORIENTED_EDGE ( 'NONE', *, *, #130, .T. ) ;
#98 = DIRECTION ( 'NONE',  ( 0.000000000000000000, 0.000000000000000000, -1.000000000000000000 ) ) ;
#99 = DIRECTION ( 'NONE',  ( 1.000000000000000000, 0.000000000000000000, 0.000000000000000000 ) ) ;
#100 = PRODUCT_RELATED_PRODUCT_CATEGORY ( 'part', '', ( #978 ) ) ;
#101 = CARTESIAN_POINT ( 'NONE',  ( 114.1991230516169935, 91.03401509175300532, -40.72640474844988745 ) ) ;
#102 = DIRECTION ( 'NONE',  ( -0.000000000000000000, 1.000000000000000000, 0.000000000000000000 ) ) ;
#103 = AXIS2_PLACEMENT_3D ( 'NONE', #700, #1546, #230 ) ;
#104 = AXIS2_PLACEMENT_3D ( 'NONE', #203, #219, #87 ) ;
#105 = AXIS2_PLACEMENT_3D ( 'NONE', #254, #1226, #108 ) ;
#106 = EDGE_LOOP ( 'NONE', ( #1288, #1051, #1595, #570 ) ) ;
#107 = CIRCLE ( 'NONE', #997, 3.400000000000000355 ) ;
#108 = DIRECTION ( 'NONE',  ( -1.000000000000000000, 0.000000000000000000, 0.000000000000000000 ) ) ;
#109 = PRODUCT_DEFINITION_FORMATION_WITH_SPECIFIED_SOURCE ( 'ANY', '', #978, .NOT_KNOWN. ) ;
#110 = LINE ( 'NONE', #868, #1125 ) ;
#111 = DIRECTION ( 'NONE',  ( -0.000000000000000000, -0.000000000000000000, -1.000000000000000000 ) ) ;
#112 = CIRCLE ( 'NONE', #894, 1.600000000000004086 ) ;
#113 = EDGE_CURVE ( 'NONE', #90, #484, #329, .T. ) ;
#114 = LINE ( 'NONE', #1489, #684 ) ;
#115 = CARTESIAN_POINT ( 'NONE',  ( 120.1991230516169935, 91.03401509175300532, -50.66317848867436169 ) ) ;
#116 = DIRECTION ( 'NONE',  ( -1.000000000000000000, 0.000000000000000000, 0.000000000000000000 ) ) ;
#117 = DIRECTION ( 'NONE',  ( 0.000000000000000000, 0.000000000000000000, 1.000000000000000000 ) ) ;
#118 = VERTEX_POINT ( 'NONE', #820 ) ;
#119 = EDGE_CURVE ( 'NONE', #1062, #1502, #566, .T. ) ;
#120 = DIRECTION ( 'NONE',  ( 0.000000000000000000, 0.000000000000000000, -1.000000000000000000 ) ) ;
#121 = FACE_OUTER_BOUND ( 'NONE', #63, .T. ) ;
#122 = APPLICATION_PROTOCOL_DEFINITION ( 'draft international standard', 'automotive_design', 1998, #256 ) ;
#123 = EDGE_LOOP ( 'NONE', ( #188, #567, #1275, #424 ) ) ;
#124 = CARTESIAN_POINT ( 'NONE',  ( 114.4007411063561790, 86.92309454577330996, -29.84213350099200213 ) ) ;
#125 = ORIENTED_EDGE ( 'NONE', *, *, #547, .F. ) ;
#126 = VECTOR ( 'NONE', #1090, 1000.000000000000000 ) ;
#127 = ORIENTED_EDGE ( 'NONE', *, *, #463, .T. ) ;
#128 = AXIS2_PLACEMENT_3D ( 'NONE', #1207, #1323, #1428 ) ;
#129 = CIRCLE ( 'NONE', #972, 12.49999999999999645 ) ;
#130 = EDGE_CURVE ( 'NONE', #550, #1445, #1443, .T. ) ;
#131 = CARTESIAN_POINT ( 'NONE',  ( 121.6858244284001103, 95.41257566739376728, -17.35072147843425583 ) ) ;
#132 = AXIS2_PLACEMENT_3D ( 'NONE', #1519, #164, #671 ) ;
#133 = DIRECTION ( 'NONE',  ( 1.000000000000000000, 0.000000000000000000, 0.000000000000000000 ) ) ;
#134 = DIRECTION ( 'NONE',  ( 0.000000000000000000, 0.000000000000000000, 1.000000000000000000 ) ) ;
#135 = VERTEX_POINT ( 'NONE', #327 ) ;
#136 = CARTESIAN_POINT ( 'NONE',  ( 0.000000000000000000, 100.3940150917530048, -26.54313350098812307 ) ) ;
#137 = EDGE_LOOP ( 'NONE', ( #561, #349, #1285, #882 ) ) ;
#138 = CARTESIAN_POINT ( 'NONE',  ( 121.1221585234429767, 95.62002894453976864, -16.63514998160139413 ) ) ;
#139 = ADVANCED_FACE ( 'NONE', ( #1327 ), #1312, .T. ) ;
#140 = CARTESIAN_POINT ( 'NONE',  ( 120.1991230516169935, 99.59401509175300760, -17.94213350098799964 ) ) ;
#141 = PLANE ( 'NONE',  #248 ) ;
#142 = EDGE_LOOP ( 'NONE', ( #1589, #1038, #1531, #621 ) ) ;
#143 = DIRECTION ( 'NONE',  ( 0.000000000000000000, 0.000000000000000000, 1.000000000000000000 ) ) ;
#144 = EDGE_CURVE ( 'NONE', #48, #1244, #935, .T. ) ;
#145 = LINE ( 'NONE', #124, #350 ) ;
#146 = DIRECTION ( 'NONE',  ( -0.000000000000000000, 0.000000000000000000, 1.000000000000000000 ) ) ;
#147 = CARTESIAN_POINT ( 'NONE',  ( 119.4931991451199025, 95.67238507928659885, -16.50533638494684041 ) ) ;
#148 = DIRECTION ( 'NONE',  ( 1.000000000000000000, 0.000000000000000000, -3.083952846180968390E-15 ) ) ;
#149 = DIRECTION ( 'NONE',  ( 0.000000000000000000, 0.000000000000000000, -1.000000000000000000 ) ) ;
#150 = VERTEX_POINT ( 'NONE', #807 ) ;
#151 = DIRECTION ( 'NONE',  ( -1.000000000000000000, 0.000000000000000000, 0.000000000000000000 ) ) ;
#152 = ORIENTED_EDGE ( 'NONE', *, *, #1458, .T. ) ;
#153 = EDGE_LOOP ( 'NONE', ( #597, #1398 ) ) ;
#154 = DIRECTION ( 'NONE',  ( 1.000000000000000000, 0.000000000000000000, 0.000000000000000000 ) ) ;
#155 = CARTESIAN_POINT ( 'NONE',  ( 121.7899744074941850, 95.36194479289170545, -17.74125396052629000 ) ) ;
#156 = VECTOR ( 'NONE', #1195, 1000.000000000000000 ) ;
#157 = CIRCLE ( 'NONE', #588, 9.999999999999994671 ) ;
#158 = ORIENTED_EDGE ( 'NONE', *, *, #1487, .T. ) ;
#159 = FACE_OUTER_BOUND ( 'NONE', #1104, .T. ) ;
#160 = CARTESIAN_POINT ( 'NONE',  ( 123.2700435975967110, 87.69563314649198560, -30.84213350099202700 ) ) ;
#161 = ORIENTED_EDGE ( 'NONE', *, *, #662, .T. ) ;
#162 = AXIS2_PLACEMENT_3D ( 'NONE', #830, #1321, #36 ) ;
#163 = AXIS2_PLACEMENT_3D ( 'NONE', #1007, #149, #1123 ) ;
#164 = DIRECTION ( 'NONE',  ( -0.000000000000000000, -0.000000000000000000, -1.000000000000000000 ) ) ;
#165 = ORIENTED_EDGE ( 'NONE', *, *, #1008, .T. ) ;
#166 = EDGE_CURVE ( 'NONE', #1513, #1598, #1303, .T. ) ;
#167 = CARTESIAN_POINT ( 'NONE',  ( 121.1091231627302278, 95.62355224867296499, -16.62610659419269510 ) ) ;
#168 = ORIENTED_EDGE ( 'NONE', *, *, #1504, .F. ) ;
#169 = DIRECTION ( 'NONE',  ( -0.000000000000000000, -0.000000000000000000, -1.000000000000000000 ) ) ;
#170 = ORIENTED_EDGE ( 'NONE', *, *, #1613, .T. ) ;
#171 = CARTESIAN_POINT ( 'NONE',  ( 121.6720434549763468, 95.41899776592420324, -18.56707767313751489 ) ) ;
#172 = CYLINDRICAL_SURFACE ( 'NONE', #1224, 2.000000000000001776 ) ;
#173 = ORIENTED_EDGE ( 'NONE', *, *, #602, .F. ) ;
#174 = ADVANCED_FACE ( 'NONE', ( #1192 ), #696, .F. ) ;
#175 = FACE_OUTER_BOUND ( 'NONE', #282, .T. ) ;
#176 = ORIENTED_EDGE ( 'NONE', *, *, #944, .T. ) ;
#177 = ORIENTED_EDGE ( 'NONE', *, *, #1112, .F. ) ;
#178 = CARTESIAN_POINT ( 'NONE',  ( 125.9975049968780354, 97.56493563773251765, -12.44213350098799964 ) ) ;
#179 = ORIENTED_EDGE ( 'NONE', *, *, #1105, .T. ) ;
#180 = CARTESIAN_POINT ( 'NONE',  ( 120.6869472247989563, 95.70986357430463443, -19.46619447850101281 ) ) ;
#181 =( LENGTH_UNIT ( ) NAMED_UNIT ( * ) SI_UNIT ( .MILLI., .METRE. ) );
#182 = LINE ( 'NONE', #1541, #532 ) ;
#183 = CYLINDRICAL_SURFACE ( 'NONE', #759, 12.49999999999999645 ) ;
#184 = ADVANCED_FACE ( 'NONE', ( #64 ), #829, .T. ) ;
#185 = AXIS2_PLACEMENT_3D ( 'NONE', #573, #952, #344 ) ;
#186 = ORIENTED_EDGE ( 'NONE', *, *, #35, .F. ) ;
#187 = DIRECTION ( 'NONE',  ( 0.000000000000000000, 0.000000000000000000, 1.000000000000000000 ) ) ;
#188 = ORIENTED_EDGE ( 'NONE', *, *, #503, .F. ) ;
#189 = CIRCLE ( 'NONE', #1400, 9.900000000000005684 ) ;
#190 = DIRECTION ( 'NONE',  ( 1.000000000000000000, 0.000000000000000000, 0.000000000000000000 ) ) ;
#191 = VECTOR ( 'NONE', #1569, 1000.000000000000000 ) ;
#192 = CARTESIAN_POINT ( 'NONE',  ( 119.5675358376698227, 95.68658160874123553, -19.41226565542912041 ) ) ;
#193 = CARTESIAN_POINT ( 'NONE',  ( 120.1991230516169935, 92.24401509175301328, -50.66317848867436169 ) ) ;
#194 = VECTOR ( 'NONE', #1480, 1000.000000000000000 ) ;
#195 = ORIENTED_EDGE ( 'NONE', *, *, #387, .F. ) ;
#196 = DIRECTION ( 'NONE',  ( -0.7071067811865588970, 0.000000000000000000, -0.7071067811865361374 ) ) ;
#197 = CARTESIAN_POINT ( 'NONE',  ( 118.8729192691067169, 95.48305788581525633, -17.04703753656396259 ) ) ;
#198 = ORIENTED_EDGE ( 'NONE', *, *, #512, .T. ) ;
#199 = AXIS2_PLACEMENT_3D ( 'NONE', #1057, #555, #1046 ) ;
#200 = DIRECTION ( 'NONE',  ( 0.000000000000000000, 0.000000000000000000, 1.000000000000000000 ) ) ;
#201 = VERTEX_POINT ( 'NONE', #744 ) ;
#202 = ADVANCED_FACE ( 'NONE', ( #600 ), #1586, .T. ) ;
#203 = CARTESIAN_POINT ( 'NONE',  ( 114.1991230516169935, 91.03401509175300532, -40.72640474844988745 ) ) ;
#204 = CARTESIAN_POINT ( 'NONE',  ( 121.1600407776750501, 95.60971918449270390, -19.22249593221985364 ) ) ;
#205 = EDGE_CURVE ( 'NONE', #443, #150, #343, .T. ) ;
#206 = CARTESIAN_POINT ( 'NONE',  ( 124.7475049968780496, 97.56493563773251765, -6.442133500988000527 ) ) ;
#207 = PRODUCT_DEFINITION_CONTEXT ( 'detailed design', #256, 'design' ) ;
#208 = CARTESIAN_POINT ( 'NONE',  ( 116.7991230516169878, 92.24401509175301328, -5.442133500988001416 ) ) ;
#209 = CARTESIAN_POINT ( 'NONE',  ( 114.1991230516169935, 91.03401509175300532, -20.44213350098800319 ) ) ;
#210 = DIRECTION ( 'NONE',  ( 1.000000000000000000, 0.000000000000000000, 0.000000000000000000 ) ) ;
#211 = ORIENTED_EDGE ( 'NONE', *, *, #1359, .T. ) ;
#212 = CARTESIAN_POINT ( 'NONE',  ( 120.1991230516169935, 100.3940150917530048, -17.94213350098799964 ) ) ;
#213 = CARTESIAN_POINT ( 'NONE',  ( 121.4732893608178728, 95.50403879210769276, -18.91020794225730128 ) ) ;
#214 = EDGE_CURVE ( 'NONE', #312, #66, #21, .T. ) ;
#215 = CARTESIAN_POINT ( 'NONE',  ( 120.1991230516169935, 91.63901509175300930, -12.44213350098799964 ) ) ;
#216 = CARTESIAN_POINT ( 'NONE',  ( 119.1564288422260631, 95.58510698349535062, -16.72819840105932343 ) ) ;
#217 = LINE ( 'NONE', #1194, #889 ) ;
#218 = CIRCLE ( 'NONE', #1530, 12.49999999999999645 ) ;
#219 = DIRECTION ( 'NONE',  ( 0.000000000000000000, 0.000000000000000000, 1.000000000000000000 ) ) ;
#220 = DIRECTION ( 'NONE',  ( 0.7071067811865588970, 8.659560562355073374E-17, -0.7071067811865361374 ) ) ;
#221 = FACE_OUTER_BOUND ( 'NONE', #1262, .T. ) ;
#222 = AXIS2_PLACEMENT_3D ( 'NONE', #50, #804, #78 ) ;
#223 = ORIENTED_EDGE ( 'NONE', *, *, #503, .T. ) ;
#224 = VECTOR ( 'NONE', #1580, 1000.000000000000000 ) ;
#225 = EDGE_CURVE ( 'NONE', #987, #1205, #1074, .T. ) ;
#226 = DIRECTION ( 'NONE',  ( 0.000000000000000000, 0.000000000000000000, 1.000000000000000000 ) ) ;
#227 = AXIS2_PLACEMENT_3D ( 'NONE', #1582, #493, #1095 ) ;
#228 = DIRECTION ( 'NONE',  ( 0.000000000000000000, 0.000000000000000000, -1.000000000000000000 ) ) ;
#229 = ORIENTED_EDGE ( 'NONE', *, *, #798, .F. ) ;
#230 = DIRECTION ( 'NONE',  ( 1.000000000000000000, 0.000000000000000000, -3.083952846181025582E-15 ) ) ;
#231 = CARTESIAN_POINT ( 'NONE',  ( 125.5200435975967252, 87.69563314649198560, -12.44213350098799964 ) ) ;
#232 = CARTESIAN_POINT ( 'NONE',  ( 120.1991230516169935, 92.24401509175301328, -12.44213350098799964 ) ) ;
#233 = ADVANCED_FACE ( 'NONE', ( #1096 ), #1113, .F. ) ;
#234 = EDGE_CURVE ( 'NONE', #76, #578, #859, .T. ) ;
#235 = CARTESIAN_POINT ( 'NONE',  ( 121.7991230516170020, 96.89401509175300475, -17.94213350098799964 ) ) ;
#236 = DIRECTION ( 'NONE',  ( 1.000000000000000000, 0.000000000000000000, 0.000000000000000000 ) ) ;
#237 = CARTESIAN_POINT ( 'NONE',  ( 125.5200435975967252, 87.69563314649198560, -6.442133500988000527 ) ) ;
#238 = ORIENTED_EDGE ( 'NONE', *, *, #1381, .F. ) ;
#239 = PRODUCT_DEFINITION_SHAPE ( 'NONE', 'NONE',  #760 ) ;
#240 = CARTESIAN_POINT ( 'NONE',  ( 107.6991230516169935, 91.03401509175300532, -14.44213350098800319 ) ) ;
#241 = ADVANCED_FACE ( 'NONE', ( #1106 ), #1120, .F. ) ;
#242 = DIRECTION ( 'NONE',  ( 1.000000000000000000, 0.000000000000000000, 0.000000000000000000 ) ) ;
#243 = FACE_OUTER_BOUND ( 'NONE', #1432, .T. ) ;
#244 = ORIENTED_EDGE ( 'NONE', *, *, #1087, .T. ) ;
#245 = AXIS2_PLACEMENT_3D ( 'NONE', #209, #585, #1080 ) ;
#246 = AXIS2_PLACEMENT_3D ( 'NONE', #1343, #416, #919 ) ;
#247 = AXIS2_PLACEMENT_3D ( 'NONE', #1571, #1438, #802 ) ;
#248 = AXIS2_PLACEMENT_3D ( 'NONE', #1501, #747, #1031 ) ;
#249 = FACE_OUTER_BOUND ( 'NONE', #433, .T. ) ;
#250 = CARTESIAN_POINT ( 'NONE',  ( 114.8782025056375176, 96.79239703701385622, -29.84213350099202344 ) ) ;
#251 = DIRECTION ( 'NONE',  ( 0.000000000000000000, 0.000000000000000000, 1.000000000000000000 ) ) ;
#252 = EDGE_CURVE ( 'NONE', #1302, #506, #265, .T. ) ;
#253 = VERTEX_POINT ( 'NONE', #383 ) ;
#254 = CARTESIAN_POINT ( 'NONE',  ( 120.1991230516169935, 96.89401509175300475, -17.94213350098799964 ) ) ;
#255 = CARTESIAN_POINT ( 'NONE',  ( 125.5200435975967252, 87.69563314649198560, -29.84213350099206252 ) ) ;
#256 = APPLICATION_CONTEXT ( 'automotive_design' ) ;
#257 = VERTEX_POINT ( 'NONE', #258 ) ;
#258 = CARTESIAN_POINT ( 'NONE',  ( 113.6282025056375176, 96.79239703701385622, -12.44213350098799964 ) ) ;
#259 = EDGE_CURVE ( 'NONE', #360, #1513, #114, .T. ) ;
#260 = ORIENTED_EDGE ( 'NONE', *, *, #1412, .F. ) ;
#261 = CARTESIAN_POINT ( 'NONE',  ( 121.6805839097731763, 95.41502331980636598, -17.33771403579767068 ) ) ;
#262 = ORIENTED_EDGE ( 'NONE', *, *, #1545, .F. ) ;
#263 = PLANE ( 'NONE',  #1614 ) ;
#264 = CARTESIAN_POINT ( 'NONE',  ( 119.0061580270074160, 95.53452084288170454, -19.00847684480777389 ) ) ;
#265 = CIRCLE ( 'NONE', #420, 9.999999999999994671 ) ;
#266 = EDGE_CURVE ( 'NONE', #550, #317, #808, .T. ) ;
#267 = VECTOR ( 'NONE', #1214, 1000.000000000000114 ) ;
#268 = CARTESIAN_POINT ( 'NONE',  ( 121.6935416691869136, 95.40896340617202043, -17.37024638351152817 ) ) ;
#269 = AXIS2_PLACEMENT_3D ( 'NONE', #529, #408, #631 ) ;
#270 = DIRECTION ( 'NONE',  ( 3.191741072935014463E-15, 2.573868890628963094E-15, 1.000000000000000000 ) ) ;
#271 = CARTESIAN_POINT ( 'NONE',  ( 120.1991230516169935, 92.24401509175301328, -50.66317848867436169 ) ) ;
#272 = ORIENTED_EDGE ( 'NONE', *, *, #594, .F. ) ;
#273 = STYLED_ITEM ( 'NONE', ( #1055 ), #7 ) ;
#274 = FACE_OUTER_BOUND ( 'NONE', #824, .T. ) ;
#275 = VECTOR ( 'NONE', #196, 1000.000000000000114 ) ;
#276 = ORIENTED_EDGE ( 'NONE', *, *, #1155, .T. ) ;
#277 = CARTESIAN_POINT ( 'NONE',  ( 120.9291308398507709, 95.66705478736498947, -16.51813744328000411 ) ) ;
#278 = CARTESIAN_POINT ( 'NONE',  ( 124.7475049968780496, 97.56493563773251765, -29.84213350099208384 ) ) ;
#279 = ORIENTED_EDGE ( 'NONE', *, *, #428, .T. ) ;
#280 = DIRECTION ( 'NONE',  ( 0.000000000000000000, 0.000000000000000000, 1.000000000000000000 ) ) ;
#281 = EDGE_LOOP ( 'NONE', ( #1306, #1049, #211, #1362 ) ) ;
#282 = EDGE_LOOP ( 'NONE', ( #880, #426, #1272, #530 ) ) ;
#283 = CARTESIAN_POINT ( 'NONE',  ( 121.5284435452514771, 95.48176417156709306, -17.05167857994914726 ) ) ;
#284 = ORIENTED_EDGE ( 'NONE', *, *, #1370, .T. ) ;
#285 = FACE_OUTER_BOUND ( 'NONE', #1142, .T. ) ;
#286 = FACE_OUTER_BOUND ( 'NONE', #1026, .T. ) ;
#287 = ADVANCED_FACE ( 'NONE', ( #869 ), #1344, .F. ) ;
#288 = CARTESIAN_POINT ( 'NONE',  ( 118.6748100122857892, 95.39479070913789371, -18.42917984827507638 ) ) ;
#289 = EDGE_CURVE ( 'NONE', #201, #150, #492, .T. ) ;
#290 = VERTEX_POINT ( 'NONE', #931 ) ;
#291 = CARTESIAN_POINT ( 'NONE',  ( 119.6338125497358078, 95.69806584116764725, -16.44526542122674684 ) ) ;
#292 = AXIS2_PLACEMENT_3D ( 'NONE', #674, #528, #1159 ) ;
#293 = EDGE_LOOP ( 'NONE', ( #1550, #1392, #1521, #839 ) ) ;
#294 = DIRECTION ( 'NONE',  ( -1.000000000000000000, 0.000000000000000000, 0.000000000000000000 ) ) ;
#295 = AXIS2_PLACEMENT_3D ( 'NONE', #939, #1426, #1315 ) ;
#296 = CIRCLE ( 'NONE', #690, 12.49999999999999645 ) ;
#297 = EDGE_CURVE ( 'NONE', #290, #1496, #827, .T. ) ;
#298 = DIRECTION ( 'NONE',  ( 1.000000000000000000, 0.000000000000000000, 0.000000000000000000 ) ) ;
#299 = FILL_AREA_STYLE_COLOUR ( '', #55 ) ;
#300 = CARTESIAN_POINT ( 'NONE',  ( 118.8103468406565355, 95.45687223972466029, -17.14589697645389066 ) ) ;
#301 = CARTESIAN_POINT ( 'NONE',  ( 124.7475049968780496, 97.56493563773251765, -12.44213350098799964 ) ) ;
#302 = ORIENTED_EDGE ( 'NONE', *, *, #1437, .T. ) ;
#303 = CARTESIAN_POINT ( 'NONE',  ( 119.3001705770756899, 95.62651311931797693, -19.26574039513933201 ) ) ;
#304 = ORIENTED_EDGE ( 'NONE', *, *, #835, .F. ) ;
#305 = EDGE_CURVE ( 'NONE', #766, #1423, #88, .T. ) ;
#306 = CARTESIAN_POINT ( 'NONE',  ( 120.1991230516169935, 91.03401509175300532, -5.442133500988001416 ) ) ;
#307 = DIRECTION ( 'NONE',  ( 0.000000000000000000, 0.000000000000000000, 1.000000000000000000 ) ) ;
#308 = ORIENTED_EDGE ( 'NONE', *, *, #769, .F. ) ;
#309 = DIRECTION ( 'NONE',  ( 0.000000000000000000, 0.000000000000000000, -1.000000000000000000 ) ) ;
#310 = CARTESIAN_POINT ( 'NONE',  ( 110.1991230516169935, 91.03401509175300532, -12.44213350098799964 ) ) ;
#311 = CARTESIAN_POINT ( 'NONE',  ( 121.7991230516169878, 95.35689157500767976, -18.13978266841824905 ) ) ;
#312 = VERTEX_POINT ( 'NONE', #67 ) ;
#313 = ORIENTED_EDGE ( 'NONE', *, *, #368, .T. ) ;
#314 = CARTESIAN_POINT ( 'NONE',  ( 123.4975049968780496, 97.56493563773251765, -29.84213350099208384 ) ) ;
#315 = ADVANCED_FACE ( 'NONE', ( #1560 ), #1425, .F. ) ;
#316 = CARTESIAN_POINT ( 'NONE',  ( 118.8860320081762580, 95.48842427901280416, -17.02785105400586474 ) ) ;
#317 = VERTEX_POINT ( 'NONE', #1314 ) ;
#318 = EDGE_CURVE ( 'NONE', #429, #1243, #1347, .T. ) ;
#319 = FACE_BOUND ( 'NONE', #899, .T. ) ;
#320 = ORIENTED_EDGE ( 'NONE', *, *, #1037, .F. ) ;
#321 = CIRCLE ( 'NONE', #49, 2.000000000000001776 ) ;
#322 = FACE_OUTER_BOUND ( 'NONE', #448, .T. ) ;
#323 = AXIS2_PLACEMENT_3D ( 'NONE', #301, #59, #1061 ) ;
#324 = CARTESIAN_POINT ( 'NONE',  ( 120.7901396524340640, 95.69377425300929474, -19.42903947962416211 ) ) ;
#325 = AXIS2_PLACEMENT_3D ( 'NONE', #470, #1201, #85 ) ;
#326 = ORIENTED_EDGE ( 'NONE', *, *, #1549, .F. ) ;
#327 = CARTESIAN_POINT ( 'NONE',  ( 107.6991230516169935, 91.03401509175300532, -12.44213350098799964 ) ) ;
#328 = CARTESIAN_POINT ( 'NONE',  ( 110.1991230516169935, 91.03401509175300532, -5.442133500988001416 ) ) ;
#329 = CIRCLE ( 'NONE', #1232, 9.999999999999994671 ) ;
#330 = DIRECTION ( 'NONE',  ( 1.000000000000000000, 0.000000000000000000, 0.000000000000000000 ) ) ;
#331 = CARTESIAN_POINT ( 'NONE',  ( 112.6282025056375034, 96.79239703701385622, -30.84213350099201278 ) ) ;
#332 = CARTESIAN_POINT ( 'NONE',  ( 119.5031509436541342, 95.67421501917344528, -19.38320507383967595 ) ) ;
#333 = DIRECTION ( 'NONE',  ( -0.7071067811865540120, 0.000000000000000000, -0.7071067811865410224 ) ) ;
#334 = DIRECTION ( 'NONE',  ( -0.000000000000000000, 0.000000000000000000, 1.000000000000000000 ) ) ;
#335 = CARTESIAN_POINT ( 'NONE',  ( 110.2991230516169878, 92.24401509175301328, 13.84213774647389705 ) ) ;
#336 = ORIENTED_EDGE ( 'NONE', *, *, #489, .T. ) ;
#337 = CARTESIAN_POINT ( 'NONE',  ( 116.1991230516169935, 91.03401509175300532, -20.44213350098800319 ) ) ;
#338 = CARTESIAN_POINT ( 'NONE',  ( 121.6657352028136216, 95.42192033439674503, -18.58172892155341316 ) ) ;
#339 = EDGE_CURVE ( 'NONE', #789, #118, #1300, .T. ) ;
#340 = EDGE_LOOP ( 'NONE', ( #1014, #813 ) ) ;
#341 = DIRECTION ( 'NONE',  ( 0.000000000000000000, 0.000000000000000000, 1.000000000000000000 ) ) ;
#342 = VERTEX_POINT ( 'NONE', #410 ) ;
#343 = CIRCLE ( 'NONE', #498, 12.49999999999999645 ) ;
#344 = DIRECTION ( 'NONE',  ( -1.000000000000000000, 0.000000000000000000, 0.000000000000000000 ) ) ;
#345 = CARTESIAN_POINT ( 'NONE',  ( 124.2700435975967252, 87.69563314649198560, -29.84213350099206252 ) ) ;
#346 = AXIS2_PLACEMENT_3D ( 'NONE', #1500, #656, #148 ) ;
#347 = EDGE_CURVE ( 'NONE', #1520, #1029, #1269, .T. ) ;
#348 = AXIS2_PLACEMENT_3D ( 'NONE', #490, #1349, #846 ) ;
#349 = ORIENTED_EDGE ( 'NONE', *, *, #1487, .F. ) ;
#350 = VECTOR ( 'NONE', #905, 1000.000000000000114 ) ;
#351 = CARTESIAN_POINT ( 'NONE',  ( 120.1991230516169935, 91.03401509175300532, -5.442133500988001416 ) ) ;
#352 = EDGE_CURVE ( 'NONE', #1205, #660, #401, .T. ) ;
#353 = CARTESIAN_POINT ( 'NONE',  ( 121.7991230516170020, 96.89401509175300475, -17.94213350098799964 ) ) ;
#354 = DIRECTION ( 'NONE',  ( 0.000000000000000000, 1.000000000000000000, 0.000000000000000000 ) ) ;
#355 = CARTESIAN_POINT ( 'NONE',  ( 114.8782025056375176, 96.79239703701385622, -30.84213350099201989 ) ) ;
#356 = ORIENTED_EDGE ( 'NONE', *, *, #205, .F. ) ;
#357 = ORIENTED_EDGE ( 'NONE', *, *, #1166, .F. ) ;
#358 = DIRECTION ( 'NONE',  ( 0.000000000000000000, 0.000000000000000000, -1.000000000000000000 ) ) ;
#359 = ADVANCED_FACE ( 'NONE', ( #1025 ), #172, .F. ) ;
#360 = VERTEX_POINT ( 'NONE', #396 ) ;
#361 = CARTESIAN_POINT ( 'NONE',  ( 120.1991230516169935, 99.59401509175300760, -19.44213350098799964 ) ) ;
#362 = DIRECTION ( 'NONE',  ( 1.000000000000000000, 0.000000000000000000, 0.000000000000000000 ) ) ;
#363 = CARTESIAN_POINT ( 'NONE',  ( 123.5991230516169992, 92.24401509175301328, -5.442133500988001416 ) ) ;
#364 = EDGE_LOOP ( 'NONE', ( #10, #1216, #782, #320 ) ) ;
#365 = DIRECTION ( 'NONE',  ( -1.000000000000000000, 0.000000000000000000, 0.000000000000000000 ) ) ;
#366 = EDGE_CURVE ( 'NONE', #69, #541, #1146, .T. ) ;
#367 = CARTESIAN_POINT ( 'NONE',  ( 120.1991230516169935, 91.03401509175300532, -14.44213350098800319 ) ) ;
#368 = EDGE_CURVE ( 'NONE', #1205, #987, #1171, .T. ) ;
#369 = DIRECTION ( 'NONE',  ( 0.000000000000000000, 0.000000000000000000, 1.000000000000000000 ) ) ;
#370 = DIRECTION ( 'NONE',  ( 1.000000000000000000, 0.000000000000000000, 0.000000000000000000 ) ) ;
#371 = DIRECTION ( 'NONE',  ( 1.000000000000000000, 0.000000000000000000, 0.000000000000000000 ) ) ;
#372 = VERTEX_POINT ( 'NONE', #738 ) ;
#373 = VECTOR ( 'NONE', #143, 1000.000000000000000 ) ;
#374 = AXIS2_PLACEMENT_3D ( 'NONE', #1479, #1464, #1101 ) ;
#375 = CIRCLE ( 'NONE', #348, 9.999999999999994671 ) ;
#376 = AXIS2_PLACEMENT_3D ( 'NONE', #1332, #251, #720 ) ;
#377 = DIRECTION ( 'NONE',  ( 1.000000000000000000, 0.000000000000000000, 0.000000000000000000 ) ) ;
#378 = CARTESIAN_POINT ( 'NONE',  ( 120.1991230516169935, 92.24401509175301328, -14.44213350098800319 ) ) ;
#379 = DIRECTION ( 'NONE',  ( -0.000000000000000000, 0.000000000000000000, 1.000000000000000000 ) ) ;
#380 = DIRECTION ( 'NONE',  ( 1.000000000000000000, 0.000000000000000000, 0.000000000000000000 ) ) ;
#381 = ORIENTED_EDGE ( 'NONE', *, *, #451, .T. ) ;
#382 = ORIENTED_EDGE ( 'NONE', *, *, #709, .F. ) ;
#383 = CARTESIAN_POINT ( 'NONE',  ( 132.6991230516169935, 91.03401509175300532, -14.44213350098800319 ) ) ;
#384 = CARTESIAN_POINT ( 'NONE',  ( 120.9979613975730928, 95.65185523027400905, -16.55484770850335963 ) ) ;
#385 = FACE_OUTER_BOUND ( 'NONE', #488, .T. ) ;
#386 = CYLINDRICAL_SURFACE ( 'NONE', #163, 1.250000000000001110 ) ;
#387 = EDGE_CURVE ( 'NONE', #1029, #443, #912, .T. ) ;
#388 = LINE ( 'NONE', #1139, #84 ) ;
#389 = VERTEX_POINT ( 'NONE', #1441 ) ;
#390 = CARTESIAN_POINT ( 'NONE',  ( 120.1005187896475945, 95.74408051919110108, -16.34199343939597426 ) ) ;
#391 = CYLINDRICAL_SURFACE ( 'NONE', #633, 1.250000000000001110 ) ;
#392 = ORIENTED_EDGE ( 'NONE', *, *, #512, .F. ) ;
#393 = CARTESIAN_POINT ( 'NONE',  ( 118.7979414908872116, 95.45138290678238491, -18.71502873022160074 ) ) ;
#394 = AXIS2_PLACEMENT_3D ( 'NONE', #1140, #901, #666 ) ;
#395 = VECTOR ( 'NONE', #1092, 1000.000000000000000 ) ;
#396 = CARTESIAN_POINT ( 'NONE',  ( 124.2700435975967252, 87.69563314649198560, -12.44213350098799964 ) ) ;
#397 = CARTESIAN_POINT ( 'NONE',  ( 120.8950951595968633, 95.67421501917087312, -16.50106192814440931 ) ) ;
#398 = AXIS2_PLACEMENT_3D ( 'NONE', #1152, #1013, #884 ) ;
#399 = FACE_OUTER_BOUND ( 'NONE', #611, .T. ) ;
#400 = ORIENTED_EDGE ( 'NONE', *, *, #844, .F. ) ;
#401 = LINE ( 'NONE', #552, #1584 ) ;
#402 = CARTESIAN_POINT ( 'NONE',  ( 118.7208407583943313, 95.41650429739036099, -18.55427248511571747 ) ) ;
#403 = AXIS2_PLACEMENT_3D ( 'NONE', #1566, #582, #42 ) ;
#404 = ORIENTED_EDGE ( 'NONE', *, *, #1585, .F. ) ;
#405 = CARTESIAN_POINT ( 'NONE',  ( 119.5934999011511195, 95.69123786797614173, -16.46113282993256277 ) ) ;
#406 = VERTEX_POINT ( 'NONE', #331 ) ;
#407 = DIRECTION ( 'NONE',  ( 1.000000000000000000, 0.000000000000000000, 0.000000000000000000 ) ) ;
#408 = DIRECTION ( 'NONE',  ( -0.000000000000000000, -0.000000000000000000, 1.000000000000000000 ) ) ;
#409 = ORIENTED_EDGE ( 'NONE', *, *, #144, .T. ) ;
#410 = CARTESIAN_POINT ( 'NONE',  ( 123.4975049968780496, 97.56493563773251765, -12.44213350098799964 ) ) ;
#411 = CARTESIAN_POINT ( 'NONE',  ( 118.5991230516169850, 95.35689157500767976, -17.94213350098799964 ) ) ;
#412 = ORIENTED_EDGE ( 'NONE', *, *, #1370, .F. ) ;
#413 = CARTESIAN_POINT ( 'NONE',  ( 121.3920880762401708, 95.53452084287692969, -16.87579015718335285 ) ) ;
#414 = EDGE_CURVE ( 'NONE', #290, #1513, #1276, .T. ) ;
#415 = ORIENTED_EDGE ( 'NONE', *, *, #563, .F. ) ;
#416 = DIRECTION ( 'NONE',  ( -0.000000000000000000, -0.000000000000000000, -1.000000000000000000 ) ) ;
#417 = ORIENTED_EDGE ( 'NONE', *, *, #1613, .F. ) ;
#418 = CARTESIAN_POINT ( 'NONE',  ( 120.1991230516169935, 92.24401509175301328, -12.44213350098799964 ) ) ;
#419 = ORIENTED_EDGE ( 'NONE', *, *, #1390, .T. ) ;
#420 = AXIS2_PLACEMENT_3D ( 'NONE', #1355, #1238, #1231 ) ;
#421 = CARTESIAN_POINT ( 'NONE',  ( 119.0903246990684181, 95.56373690858148962, -16.78860480346473594 ) ) ;
#422 = AXIS2_PLACEMENT_3D ( 'NONE', #1322, #1179, #210 ) ;
#423 = AXIS2_PLACEMENT_3D ( 'NONE', #278, #30, #14 ) ;
#424 = ORIENTED_EDGE ( 'NONE', *, *, #614, .T. ) ;
#425 = DIRECTION ( 'NONE',  ( 0.000000000000000000, 1.000000000000000000, 0.000000000000000000 ) ) ;
#426 = ORIENTED_EDGE ( 'NONE', *, *, #1065, .T. ) ;
#427 = CARTESIAN_POINT ( 'NONE',  ( 121.3841402682512864, 95.53778636752062425, -19.01984272562305733 ) ) ;
#428 = EDGE_CURVE ( 'NONE', #907, #342, #711, .T. ) ;
#429 = VERTEX_POINT ( 'NONE', #337 ) ;
#430 = LINE ( 'NONE', #1175, #1514 ) ;
#431 = UNCERTAINTY_MEASURE_WITH_UNIT (LENGTH_MEASURE( 1.000000000000000082E-05 ), #181, 'distance_accuracy_value', 'NONE');
#432 = CARTESIAN_POINT ( 'NONE',  ( 128.1991230516169935, 91.03401509175300532, -40.72640474844988745 ) ) ;
#433 = EDGE_LOOP ( 'NONE', ( #165, #1237 ) ) ;
#434 = EDGE_LOOP ( 'NONE', ( #653, #748, #33, #520 ) ) ;
#435 = DIRECTION ( 'NONE',  ( 0.000000000000000000, -1.000000000000000000, 0.000000000000000000 ) ) ;
#436 = LINE ( 'NONE', #1183, #632 ) ;
#437 = CARTESIAN_POINT ( 'NONE',  ( 121.5042931773725883, 95.49164033956901676, -18.86767630436056109 ) ) ;
#438 = FACE_OUTER_BOUND ( 'NONE', #1508, .T. ) ;
#439 = ADVANCED_FACE ( 'NONE', ( #322 ), #1572, .F. ) ;
#440 = ORIENTED_EDGE ( 'NONE', *, *, #610, .F. ) ;
#441 = DIRECTION ( 'NONE',  ( -0.000000000000000000, -0.000000000000000000, 1.000000000000000000 ) ) ;
#442 = CARTESIAN_POINT ( 'NONE',  ( 119.1072130345274331, 95.56934972741085232, -16.77245438230261954 ) ) ;
#443 = VERTEX_POINT ( 'NONE', #705 ) ;
#444 = ORIENTED_EDGE ( 'NONE', *, *, #1078, .T. ) ;
#445 = CYLINDRICAL_SURFACE ( 'NONE', #295, 3.400000000000000355 ) ;
#446 = CYLINDRICAL_SURFACE ( 'NONE', #128, 3.400000000000000355 ) ;
#447 = CARTESIAN_POINT ( 'NONE',  ( 121.3239693480268784, 95.55834317865777905, -19.08003078587890400 ) ) ;
#448 = EDGE_LOOP ( 'NONE', ( #1168, #1265, #996, #466 ) ) ;
#449 = DIRECTION ( 'NONE',  ( 1.000000000000000000, 0.000000000000000000, 0.000000000000000000 ) ) ;
#450 = DIRECTION ( 'NONE',  ( 1.000000000000000000, 0.000000000000000000, 0.000000000000000000 ) ) ;
#451 = EDGE_CURVE ( 'NONE', #1598, #1496, #1015, .T. ) ;
#452 = AXIS2_PLACEMENT_3D ( 'NONE', #1611, #1360, #737 ) ;
#453 = DIRECTION ( 'NONE',  ( 0.000000000000000000, 0.000000000000000000, 1.000000000000000000 ) ) ;
#454 = FACE_OUTER_BOUND ( 'NONE', #364, .T. ) ;
#455 = ORIENTED_EDGE ( 'NONE', *, *, #1402, .T. ) ;
#456 = CIRCLE ( 'NONE', #810, 2.249999999999988010 ) ;
#457 = CYLINDRICAL_SURFACE ( 'NONE', #185, 1.250000000000001110 ) ;
#458 = AXIS2_PLACEMENT_3D ( 'NONE', #814, #465, #1561 ) ;
#459 = CARTESIAN_POINT ( 'NONE',  ( 120.2977273135882541, 95.74408051919157003, -19.54227356258002146 ) ) ;
#460 = AXIS2_PLACEMENT_3D ( 'NONE', #418, #5, #298 ) ;
#461 = DIRECTION ( 'NONE',  ( 0.000000000000000000, 0.000000000000000000, -1.000000000000000000 ) ) ;
#462 = CARTESIAN_POINT ( 'NONE',  ( 119.1237857856809796, 95.57471303845480293, -16.75728660169120232 ) ) ;
#463 = EDGE_CURVE ( 'NONE', #1156, #1131, #436, .T. ) ;
#464 = CARTESIAN_POINT ( 'NONE',  ( 120.1991230516169935, 91.63901509175300930, -12.44213350098799964 ) ) ;
#465 = DIRECTION ( 'NONE',  ( 0.000000000000000000, 0.000000000000000000, -1.000000000000000000 ) ) ;
#466 = ORIENTED_EDGE ( 'NONE', *, *, #1402, .F. ) ;
#467 = DIRECTION ( 'NONE',  ( 0.000000000000000000, 1.000000000000000000, 0.000000000000000000 ) ) ;
#468 = CARTESIAN_POINT ( 'NONE',  ( 119.2760875798098823, 95.62002894454541035, -19.24911702038783901 ) ) ;
#469 = CARTESIAN_POINT ( 'NONE',  ( 110.1991230516169935, 91.03401509175300532, -5.442133500988001416 ) ) ;
#470 = CARTESIAN_POINT ( 'NONE',  ( 125.5200435975967252, 87.69563314649198560, -29.84213350099206252 ) ) ;
#471 = DIRECTION ( 'NONE',  ( 0.7071067811865540120, 8.659560562355012977E-17, -0.7071067811865410224 ) ) ;
#472 = VERTEX_POINT ( 'NONE', #1418 ) ;
#473 = ADVANCED_FACE ( 'NONE', ( #60 ), #826, .F. ) ;
#474 = DIRECTION ( 'NONE',  ( 1.000000000000000000, 0.000000000000000000, -3.083952846181025582E-15 ) ) ;
#475 = DIRECTION ( 'NONE',  ( 0.000000000000000000, 0.000000000000000000, 1.000000000000000000 ) ) ;
#476 = ORIENTED_EDGE ( 'NONE', *, *, #214, .T. ) ;
#477 = DIRECTION ( 'NONE',  ( 0.000000000000000000, 0.000000000000000000, 1.000000000000000000 ) ) ;
#478 = CARTESIAN_POINT ( 'NONE',  ( 125.9975049968780354, 97.56493563773251765, -29.84213350099208384 ) ) ;
#479 = DIRECTION ( 'NONE',  ( 0.000000000000000000, 0.000000000000000000, 1.000000000000000000 ) ) ;
#480 = AXIS2_PLACEMENT_3D ( 'NONE', #1228, #1364, #1094 ) ;
#481 = AXIS2_PLACEMENT_3D ( 'NONE', #1471, #867, #99 ) ;
#482 = ADVANCED_FACE ( 'NONE', ( #1317 ), #457, .F. ) ;
#483 = AXIS2_PLACEMENT_3D ( 'NONE', #231, #111, #371 ) ;
#484 = VERTEX_POINT ( 'NONE', #940 ) ;
#485 = LINE ( 'NONE', #1607, #1350 ) ;
#486 = DIRECTION ( 'NONE',  ( 1.000000000000000000, 0.000000000000000000, 0.000000000000000000 ) ) ;
#487 = CARTESIAN_POINT ( 'NONE',  ( 120.1991230516169935, 91.03401509175300532, -14.44213350098800319 ) ) ;
#488 = EDGE_LOOP ( 'NONE', ( #415, #1178, #1145, #534 ) ) ;
#489 = EDGE_CURVE ( 'NONE', #732, #649, #886, .T. ) ;
#490 = CARTESIAN_POINT ( 'NONE',  ( 120.1991230516169935, 91.03401509175300532, -5.442133500988001416 ) ) ;
#491 = CARTESIAN_POINT ( 'NONE',  ( 117.1282025056375460, 96.79239703701385622, -30.84213350099202700 ) ) ;
#492 = LINE ( 'NONE', #1593, #126 ) ;
#493 = DIRECTION ( 'NONE',  ( 0.000000000000000000, -1.000000000000000000, 0.000000000000000000 ) ) ;
#494 = ORIENTED_EDGE ( 'NONE', *, *, #1210, .F. ) ;
#495 = DIRECTION ( 'NONE',  ( -1.000000000000000000, 0.000000000000000000, 0.000000000000000000 ) ) ;
#496 = DIRECTION ( 'NONE',  ( -1.000000000000000000, 0.000000000000000000, 0.000000000000000000 ) ) ;
#497 = CYLINDRICAL_SURFACE ( 'NONE', #951, 1.250000000000001110 ) ;
#498 = AXIS2_PLACEMENT_3D ( 'NONE', #232, #1482, #91 ) ;
#499 = AXIS2_PLACEMENT_3D ( 'NONE', #140, #425, #1507 ) ;
#500 = VECTOR ( 'NONE', #471, 1000.000000000000114 ) ;
#501 = CIRCLE ( 'NONE', #1378, 12.49999999999999645 ) ;
#502 = CARTESIAN_POINT ( 'NONE',  ( 121.5355308415931574, 95.47884754059663237, -17.06234526981548427 ) ) ;
#503 = EDGE_CURVE ( 'NONE', #472, #290, #1555, .T. ) ;
#504 = DIRECTION ( 'NONE',  ( 0.000000000000000000, 0.000000000000000000, 1.000000000000000000 ) ) ;
#505 = DIRECTION ( 'NONE',  ( 1.000000000000000000, 0.000000000000000000, 0.000000000000000000 ) ) ;
#506 = VERTEX_POINT ( 'NONE', #310 ) ;
#507 = ADVANCED_FACE ( 'NONE', ( #1169 ), #729, .F. ) ;
#508 = DIRECTION ( 'NONE',  ( 0.000000000000000000, 0.000000000000000000, -1.000000000000000000 ) ) ;
#509 = EDGE_LOOP ( 'NONE', ( #419, #1070 ) ) ;
#510 = CARTESIAN_POINT ( 'NONE',  ( 120.8307102655650596, 95.68658160874116447, -16.47200134654725545 ) ) ;
#511 = CYLINDRICAL_SURFACE ( 'NONE', #81, 1.649999999999998579 ) ;
#512 = EDGE_CURVE ( 'NONE', #1408, #1520, #218, .T. ) ;
#513 = CARTESIAN_POINT ( 'NONE',  ( 120.1991230516169935, 92.24401509175301328, -5.442133500988001416 ) ) ;
#514 = ADVANCED_FACE ( 'NONE', ( #1298 ), #446, .F. ) ;
#515 = VERTEX_POINT ( 'NONE', #1310 ) ;
#516 = CARTESIAN_POINT ( 'NONE',  ( 121.7470150994651590, 95.38342096889883237, -17.53346767989194888 ) ) ;
#517 = DIRECTION ( 'NONE',  ( 1.000000000000000000, 0.000000000000000000, -3.154042683594192853E-15 ) ) ;
#518 = DIRECTION ( 'NONE',  ( -0.000000000000000000, 0.000000000000000000, 1.000000000000000000 ) ) ;
#519 = CARTESIAN_POINT ( 'NONE',  ( 130.1991230516169935, 91.03401509175300532, -12.44213350098799964 ) ) ;
#520 = ORIENTED_EDGE ( 'NONE', *, *, #610, .T. ) ;
#521 = ADVANCED_FACE ( 'NONE', ( #589 ), #598, .F. ) ;
#522 = AXIS2_PLACEMENT_3D ( 'NONE', #892, #146, #154 ) ;
#523 = CIRCLE ( 'NONE', #22, 1.250000000000001110 ) ;
#524 = AXIS2_PLACEMENT_3D ( 'NONE', #1447, #47, #435 ) ;
#525 = CARTESIAN_POINT ( 'NONE',  ( 121.4896651625045365, 95.49771098468565356, -16.99494523691936365 ) ) ;
#526 = VECTOR ( 'NONE', #1324, 1000.000000000000000 ) ;
#527 = ORIENTED_EDGE ( 'NONE', *, *, #1093, .T. ) ;
#528 = DIRECTION ( 'NONE',  ( 0.000000000000000000, 0.000000000000000000, -1.000000000000000000 ) ) ;
#529 = CARTESIAN_POINT ( 'NONE',  ( 120.1991230516169935, 92.24401509175301328, -22.44213350098799964 ) ) ;
#530 = ORIENTED_EDGE ( 'NONE', *, *, #74, .F. ) ;
#531 = CARTESIAN_POINT ( 'NONE',  ( 118.5991230516169708, 95.35689157500769397, -18.04079755006523911 ) ) ;
#532 = VECTOR ( 'NONE', #799, 1000.000000000000000 ) ;
#533 = DIRECTION ( 'NONE',  ( 0.7071067811865540120, 8.659560562355012977E-17, -0.7071067811865410224 ) ) ;
#534 = ORIENTED_EDGE ( 'NONE', *, *, #1437, .F. ) ;
#535 = EDGE_CURVE ( 'NONE', #1496, #1598, #1431, .T. ) ;
#536 = ORIENTED_EDGE ( 'NONE', *, *, #74, .T. ) ;
#537 = CARTESIAN_POINT ( 'NONE',  ( 120.8617765680302796, 95.68071593086723681, -16.48575584078344392 ) ) ;
#538 = ORIENTED_EDGE ( 'NONE', *, *, #535, .T. ) ;
#539 = CARTESIAN_POINT ( 'NONE',  ( 120.1991230516169935, 91.03401509175300532, -12.44213350098799964 ) ) ;
#540 = DIRECTION ( 'NONE',  ( 0.000000000000000000, 0.000000000000000000, 1.000000000000000000 ) ) ;
#541 = VERTEX_POINT ( 'NONE', #991 ) ;
#542 = CARTESIAN_POINT ( 'NONE',  ( 118.8627152616421085, 95.47884754059707291, -18.82192173216244768 ) ) ;
#543 = ORIENTED_EDGE ( 'NONE', *, *, #1319, .T. ) ;
#544 = CARTESIAN_POINT ( 'NONE',  ( 126.1991230516169793, 91.03401509175300532, -40.72640474844988745 ) ) ;
#545 = FACE_OUTER_BOUND ( 'NONE', #106, .T. ) ;
#546 = VERTEX_POINT ( 'NONE', #2 ) ;
#547 = EDGE_CURVE ( 'NONE', #620, #644, #110, .T. ) ;
#548 = ORIENTED_EDGE ( 'NONE', *, *, #835, .T. ) ;
#549 = CARTESIAN_POINT ( 'NONE',  ( 124.7475049968780496, 97.56493563773251765, -30.84213350099205542 ) ) ;
#550 = VERTEX_POINT ( 'NONE', #1109 ) ;
#551 = CARTESIAN_POINT ( 'NONE',  ( 121.1230565716659129, 95.62002922271021532, -19.24898843611352817 ) ) ;
#552 = CARTESIAN_POINT ( 'NONE',  ( 116.9007411063561790, 86.92309454577330996, -29.84213350099200213 ) ) ;
#553 = SURFACE_STYLE_FILL_AREA ( #923 ) ;
#554 = VERTEX_POINT ( 'NONE', #603 ) ;
#555 = DIRECTION ( 'NONE',  ( 0.000000000000000000, 0.000000000000000000, -1.000000000000000000 ) ) ;
#556 = VECTOR ( 'NONE', #220, 1000.000000000000114 ) ;
#557 = CARTESIAN_POINT ( 'NONE',  ( 118.7279216620200657, 95.41979519773468610, -17.31316611288757201 ) ) ;
#558 = CIRCLE ( 'NONE', #686, 2.250000000000001776 ) ;
#559 = CIRCLE ( 'NONE', #1433, 1.250000000000001110 ) ;
#560 = FACE_BOUND ( 'NONE', #878, .T. ) ;
#561 = ORIENTED_EDGE ( 'NONE', *, *, #1181, .F. ) ;
#562 = AXIS2_PLACEMENT_3D ( 'NONE', #1235, #117, #1466 ) ;
#563 = EDGE_CURVE ( 'NONE', #1243, #429, #321, .T. ) ;
#564 = DIRECTION ( 'NONE',  ( -0.000000000000000000, -0.000000000000000000, -1.000000000000000000 ) ) ;
#565 = CARTESIAN_POINT ( 'NONE',  ( 121.4869165259277395, 95.49863187757544836, -18.89186089328606144 ) ) ;
#566 = CIRCLE ( 'NONE', #1182, 12.49999999999999645 ) ;
#567 = ORIENTED_EDGE ( 'NONE', *, *, #1390, .F. ) ;
#568 = CARTESIAN_POINT ( 'NONE',  ( 123.4975049968780496, 97.56493563773251765, -29.84213350099208384 ) ) ;
#569 = DIRECTION ( 'NONE',  ( 0.000000000000000000, 0.000000000000000000, -1.000000000000000000 ) ) ;
#570 = ORIENTED_EDGE ( 'NONE', *, *, #535, .F. ) ;
#571 = VERTEX_POINT ( 'NONE', #491 ) ;
#572 = FACE_BOUND ( 'NONE', #1290, .T. ) ;
#573 = CARTESIAN_POINT ( 'NONE',  ( 115.6507411063561790, 86.92309454577330996, -6.442133500988000527 ) ) ;
#574 = CARTESIAN_POINT ( 'NONE',  ( 119.1550085251990367, 95.58482023647907511, -19.15559770452697208 ) ) ;
#575 = FACE_OUTER_BOUND ( 'NONE', #1498, .T. ) ;
#576 = CARTESIAN_POINT ( 'NONE',  ( 122.4975049968780638, 97.56493563773251765, -30.84213350099204831 ) ) ;
#577 = DIRECTION ( 'NONE',  ( 0.6277353315829695690, -0.7784268452991708331, 1.467281283711082182E-28 ) ) ;
#578 = VERTEX_POINT ( 'NONE', #724 ) ;
#579 = CARTESIAN_POINT ( 'NONE',  ( 120.1991230516169935, 96.89401509175300475, -17.94213350098799964 ) ) ;
#580 = CARTESIAN_POINT ( 'NONE',  ( 119.7841730043789426, 95.72550140633281046, -19.50312751320192817 ) ) ;
#581 = ADVANCED_FACE ( 'NONE', ( #121 ), #733, .F. ) ;
#582 = DIRECTION ( 'NONE',  ( 0.000000000000000000, 0.000000000000000000, -1.000000000000000000 ) ) ;
#583 = CARTESIAN_POINT ( 'NONE',  ( 119.0141058349783663, 95.53778636751934528, -16.86442427635731534 ) ) ;
#584 = ORIENTED_EDGE ( 'NONE', *, *, #1067, .T. ) ;
#585 = DIRECTION ( 'NONE',  ( -0.000000000000000000, 0.000000000000000000, 1.000000000000000000 ) ) ;
#586 = PLANE ( 'NONE',  #422 ) ;
#587 = ORIENTED_EDGE ( 'NONE', *, *, #225, .T. ) ;
#588 = AXIS2_PLACEMENT_3D ( 'NONE', #539, #24, #294 ) ;
#589 = FACE_OUTER_BOUND ( 'NONE', #792, .T. ) ;
#590 = CIRCLE ( 'NONE', #948, 1.249999999999987121 ) ;
#591 = CARTESIAN_POINT ( 'NONE',  ( 121.5253268341270712, 95.48305788581532738, -18.83722946541241328 ) ) ;
#592 = AXIS2_PLACEMENT_3D ( 'NONE', #3, #518, #15 ) ;
#593 = DIRECTION ( 'NONE',  ( -1.000000000000000000, 0.000000000000000000, 0.000000000000000000 ) ) ;
#594 = EDGE_CURVE ( 'NONE', #620, #48, #1535, .T. ) ;
#595 = DIRECTION ( 'NONE',  ( 3.191741072935014463E-15, 2.573868890628963094E-15, 1.000000000000000000 ) ) ;
#596 = DIRECTION ( 'NONE',  ( 0.000000000000000000, 0.000000000000000000, 1.000000000000000000 ) ) ;
#597 = ORIENTED_EDGE ( 'NONE', *, *, #791, .T. ) ;
#598 = CYLINDRICAL_SURFACE ( 'NONE', #104, 2.000000000000001776 ) ;
#599 = DIRECTION ( 'NONE',  ( 1.000000000000000000, 0.000000000000000000, -3.083952846180968390E-15 ) ) ;
#600 = FACE_OUTER_BOUND ( 'NONE', #929, .T. ) ;
#601 = DIRECTION ( 'NONE',  ( 1.000000000000000000, 0.000000000000000000, 0.000000000000000000 ) ) ;
#602 = EDGE_CURVE ( 'NONE', #472, #360, #523, .T. ) ;
#603 = CARTESIAN_POINT ( 'NONE',  ( 121.7991230516170020, 99.59401509175300760, -17.94213350098799964 ) ) ;
#604 = LINE ( 'NONE', #1103, #1206 ) ;
#605 = DIRECTION ( 'NONE',  ( 0.000000000000000000, 0.000000000000000000, -1.000000000000000000 ) ) ;
#606 = LINE ( 'NONE', #1591, #26 ) ;
#607 = CARTESIAN_POINT ( 'NONE',  ( 118.5991230516169850, 100.3940150917530048, -17.94213350098799964 ) ) ;
#608 = DIRECTION ( 'NONE',  ( 1.000000000000000000, 0.000000000000000000, -0.000000000000000000 ) ) ;
#609 = CARTESIAN_POINT ( 'NONE',  ( 127.7700435975967252, 87.69563314649198560, -30.84213350099204121 ) ) ;
#610 = EDGE_CURVE ( 'NONE', #4, #372, #862, .T. ) ;
#611 = EDGE_LOOP ( 'NONE', ( #170, #1023 ) ) ;
#612 = AXIS2_PLACEMENT_3D ( 'NONE', #101, #369, #242 ) ;
#613 = VECTOR ( 'NONE', #945, 1000.000000000000000 ) ;
#614 = EDGE_CURVE ( 'NONE', #1513, #290, #970, .T. ) ;
#615 = ORIENTED_EDGE ( 'NONE', *, *, #289, .T. ) ;
#616 = CARTESIAN_POINT ( 'NONE',  ( 132.6991230516169935, 92.24401509175301328, -50.66317848867436169 ) ) ;
#617 = VECTOR ( 'NONE', #333, 1000.000000000000114 ) ;
#618 = CARTESIAN_POINT ( 'NONE',  ( 126.9975049968780354, 97.56493563773251765, -30.84213350099206252 ) ) ;
#619 = DIRECTION ( 'NONE',  ( 0.000000000000000000, 0.000000000000000000, -1.000000000000000000 ) ) ;
#620 = VERTEX_POINT ( 'NONE', #478 ) ;
#621 = ORIENTED_EDGE ( 'NONE', *, *, #968, .F. ) ;
#622 = CARTESIAN_POINT ( 'NONE',  ( 132.6844734672040431, 91.63901509175303772, -12.44213350098799964 ) ) ;
#623 = CARTESIAN_POINT ( 'NONE',  ( 118.5491230516169878, 92.24401509175301328, -33.51320131285349646 ) ) ;
#624 = CARTESIAN_POINT ( 'NONE',  ( 118.5991230516169850, 96.89401509175300475, -17.94213350098799964 ) ) ;
#625 = ORIENTED_EDGE ( 'NONE', *, *, #650, .T. ) ;
#626 = EDGE_LOOP ( 'NONE', ( #548, #19 ) ) ;
#627 = ADVANCED_FACE ( 'NONE', ( #1493 ), #973, .F. ) ;
#628 = CARTESIAN_POINT ( 'NONE',  ( 124.7475049968780496, 97.56493563773251765, -30.84213350099205542 ) ) ;
#629 = ADVANCED_FACE ( 'NONE', ( #746 ), #1608, .F. ) ;
#630 = LINE ( 'NONE', #623, #1278 ) ;
#631 = DIRECTION ( 'NONE',  ( -1.000000000000000000, 0.000000000000000000, 0.000000000000000000 ) ) ;
#632 = VECTOR ( 'NONE', #467, 1000.000000000000000 ) ;
#633 = AXIS2_PLACEMENT_3D ( 'NONE', #1283, #1006, #9 ) ;
#634 = CARTESIAN_POINT ( 'NONE',  ( 118.8860541890588394, 95.48842901180844933, -18.85679360676363459 ) ) ;
#635 = EDGE_LOOP ( 'NONE', ( #543, #815, #1173, #23, #1527, #1138 ) ) ;
#636 = CONICAL_SURFACE ( 'NONE', #325, 1.250000000000001110, 0.7853981633974644883 ) ;
#637 = VECTOR ( 'NONE', #569, 1000.000000000000000 ) ;
#638 = AXIS2_PLACEMENT_3D ( 'NONE', #271, #1268, #648 ) ;
#639 = ADVANCED_FACE ( 'NONE', ( #385 ), #1220, .F. ) ;
#640 = CARTESIAN_POINT ( 'NONE',  ( 121.5806199519284121, 95.45994188584404583, -17.13416757341867225 ) ) ;
#641 = ORIENTED_EDGE ( 'NONE', *, *, #1087, .F. ) ;
#642 = CARTESIAN_POINT ( 'NONE',  ( 120.1991230516169935, 92.24401509175301328, -22.44213350098799964 ) ) ;
#643 = CARTESIAN_POINT ( 'NONE',  ( 0.000000000000000000, 0.000000000000000000, 0.000000000000000000 ) ) ;
#644 = VERTEX_POINT ( 'NONE', #618 ) ;
#645 = DIRECTION ( 'NONE',  ( 0.000000000000000000, -0.000000000000000000, -1.000000000000000000 ) ) ;
#646 = CARTESIAN_POINT ( 'NONE',  ( 121.7234360909490789, 95.39479070913790792, -17.45508715370362296 ) ) ;
#647 = CARTESIAN_POINT ( 'NONE',  ( 121.7991230516170020, 100.3940150917530048, -17.94213350098799964 ) ) ;
#648 = DIRECTION ( 'NONE',  ( 1.000000000000000000, 0.000000000000000000, 0.000000000000000000 ) ) ;
#649 = VERTEX_POINT ( 'NONE', #607 ) ;
#650 = EDGE_CURVE ( 'NONE', #342, #48, #860, .T. ) ;
#651 = CARTESIAN_POINT ( 'NONE',  ( 118.6082716957403420, 95.36194479289171966, -18.14301304145396188 ) ) ;
#652 = ORIENTED_EDGE ( 'NONE', *, *, #707, .F. ) ;
#653 = ORIENTED_EDGE ( 'NONE', *, *, #92, .F. ) ;
#654 = CARTESIAN_POINT ( 'NONE',  ( 120.8397378799411825, 95.68490335641827471, -16.47592812189236611 ) ) ;
#655 = ORIENTED_EDGE ( 'NONE', *, *, #266, .F. ) ;
#656 = DIRECTION ( 'NONE',  ( 3.191741072935014463E-15, 2.573868890628963094E-15, 1.000000000000000000 ) ) ;
#657 = ORIENTED_EDGE ( 'NONE', *, *, #144, .F. ) ;
#658 = EDGE_CURVE ( 'NONE', #118, #66, #630, .T. ) ;
#659 = PLANE ( 'NONE',  #1083 ) ;
#660 = VERTEX_POINT ( 'NONE', #1592 ) ;
#661 = AXIS2_PLACEMENT_3D ( 'NONE', #1476, #998, #856 ) ;
#662 = EDGE_CURVE ( 'NONE', #1403, #1222, #1115, .T. ) ;
#663 = EDGE_LOOP ( 'NONE', ( #39, #909 ) ) ;
#664 = AXIS2_PLACEMENT_3D ( 'NONE', #937, #334, #450 ) ;
#665 = CARTESIAN_POINT ( 'NONE',  ( 121.5121919141865163, 95.48842901180373133, -17.02747339522923298 ) ) ;
#666 = DIRECTION ( 'NONE',  ( 1.000000000000000000, 0.000000000000000000, 0.000000000000000000 ) ) ;
#667 = AXIS2_PLACEMENT_3D ( 'NONE', #731, #102, #992 ) ;
#668 = CYLINDRICAL_SURFACE ( 'NONE', #247, 1.250000000000001110 ) ;
#669 = EDGE_LOOP ( 'NONE', ( #326, #161, #152, #1309 ) ) ;
#670 = CLOSED_SHELL ( 'NONE', ( #1495, #439, #1341, #184 ) ) ;
#671 = DIRECTION ( 'NONE',  ( 1.000000000000000000, 0.000000000000000000, 0.000000000000000000 ) ) ;
#672 = CARTESIAN_POINT ( 'NONE',  ( 119.3193159202343310, 95.63163543900941477, -16.60572477585528972 ) ) ;
#673 = EDGE_LOOP ( 'NONE', ( #381, #538 ) ) ;
#674 = CARTESIAN_POINT ( 'NONE',  ( 115.6507411063561790, 86.92309454577330996, -29.84213350099200213 ) ) ;
#675 = EDGE_LOOP ( 'NONE', ( #776, #304, #1413, #1384 ) ) ;
#676 = CARTESIAN_POINT ( 'NONE',  ( 121.7619960421064178, 95.37717114755184866, -18.35244380057605085 ) ) ;
#677 = EDGE_CURVE ( 'NONE', #578, #76, #1373, .T. ) ;
#678 = DIRECTION ( 'NONE',  ( 1.000000000000000000, 0.000000000000000000, 0.000000000000000000 ) ) ;
#679 = DIRECTION ( 'NONE',  ( 0.000000000000000000, 0.000000000000000000, -1.000000000000000000 ) ) ;
#680 = EDGE_LOOP ( 'NONE', ( #993, #1525 ) ) ;
#681 = CARTESIAN_POINT ( 'NONE',  ( 121.6412545488331034, 95.43316841057973932, -18.63587984466448688 ) ) ;
#682 = ORIENTED_EDGE ( 'NONE', *, *, #1367, .F. ) ;
#683 = DIRECTION ( 'NONE',  ( 1.000000000000000000, 0.000000000000000000, 0.000000000000000000 ) ) ;
#684 = VECTOR ( 'NONE', #975, 1000.000000000000000 ) ;
#685 = DIRECTION ( 'NONE',  ( -1.000000000000000000, 0.000000000000000000, 0.000000000000000000 ) ) ;
#686 = AXIS2_PLACEMENT_3D ( 'NONE', #788, #270, #910 ) ;
#687 = EDGE_LOOP ( 'NONE', ( #1406, #279 ) ) ;
#688 = CARTESIAN_POINT ( 'NONE',  ( 116.1282025056375176, 96.79239703701385622, -29.84213350099202344 ) ) ;
#689 = VERTEX_POINT ( 'NONE', #980 ) ;
#690 = AXIS2_PLACEMENT_3D ( 'NONE', #887, #1379, #1391 ) ;
#691 = CARTESIAN_POINT ( 'NONE',  ( 124.7475049968780496, 97.56493563773251765, -12.44213350098799964 ) ) ;
#692 = CARTESIAN_POINT ( 'NONE',  ( 120.9050469581235916, 95.67238507928435354, -19.37893061702451192 ) ) ;
#693 = DIRECTION ( 'NONE',  ( 0.000000000000000000, 0.000000000000000000, 1.000000000000000000 ) ) ;
#694 = VECTOR ( 'NONE', #441, 1000.000000000000000 ) ;
#695 = EDGE_LOOP ( 'NONE', ( #1427, #1386 ) ) ;
#696 = CYLINDRICAL_SURFACE ( 'NONE', #1612, 1.250000000000001110 ) ;
#697 = LINE ( 'NONE', #1048, #191 ) ;
#698 = CYLINDRICAL_SURFACE ( 'NONE', #1377, 12.49999999999999645 ) ;
#699 = ORIENTED_EDGE ( 'NONE', *, *, #259, .F. ) ;
#700 = CARTESIAN_POINT ( 'NONE',  ( 125.5200435975967252, 87.69563314649198560, -30.84213350099203410 ) ) ;
#701 = CARTESIAN_POINT ( 'NONE',  ( 119.4691152634023297, 95.66705478736801638, -19.36612955870579711 ) ) ;
#702 = CARTESIAN_POINT ( 'NONE',  ( 124.2700435975967252, 87.69563314649198560, -29.84213350099206252 ) ) ;
#703 = CARTESIAN_POINT ( 'NONE',  ( 119.0790030810427282, 95.55993958318735793, -16.79959532038096270 ) ) ;
#704 = FACE_OUTER_BOUND ( 'NONE', #663, .T. ) ;
#705 = CARTESIAN_POINT ( 'NONE',  ( 132.6991230516169935, 92.24401509175301328, -12.44213350098799964 ) ) ;
#706 = CARTESIAN_POINT ( 'NONE',  ( 121.5233495265816970, 95.48386833987636635, -18.84014662943168261 ) ) ;
#707 = EDGE_CURVE ( 'NONE', #727, #406, #875, .T. ) ;
#708 = CARTESIAN_POINT ( 'NONE',  ( 120.1991230516169935, 100.3940150917530048, -17.94213350098799964 ) ) ;
#709 = EDGE_CURVE ( 'NONE', #689, #546, #946, .T. ) ;
#710 = FACE_OUTER_BOUND ( 'NONE', #434, .T. ) ;
#711 = CIRCLE ( 'NONE', #783, 1.249999999999987121 ) ;
#712 = FACE_BOUND ( 'NONE', #855, .T. ) ;
#713 = DIRECTION ( 'NONE',  ( 1.000000000000000000, 0.000000000000000000, -0.000000000000000000 ) ) ;
#714 = AXIS2_PLACEMENT_3D ( 'NONE', #367, #971, #377 ) ;
#715 = CARTESIAN_POINT ( 'NONE',  ( 118.5991230516169850, 96.89401509175300475, -17.94213350098799964 ) ) ;
#716 = CYLINDRICAL_SURFACE ( 'NONE', #1405, 2.000000000000001776 ) ;
#717 = DIRECTION ( 'NONE',  ( 0.000000000000000000, 1.000000000000000000, 0.000000000000000000 ) ) ;
#718 = DIRECTION ( 'NONE',  ( 0.000000000000000000, 1.000000000000000000, 0.000000000000000000 ) ) ;
#719 = CARTESIAN_POINT ( 'NONE',  ( 120.1991230516169935, 96.89401509175300475, -17.94213350098799964 ) ) ;
#720 = DIRECTION ( 'NONE',  ( 1.000000000000000000, 0.000000000000000000, 0.000000000000000000 ) ) ;
#721 = ORIENTED_EDGE ( 'NONE', *, *, #1198, .F. ) ;
#722 = ADVANCED_FACE ( 'NONE', ( #1250 ), #391, .F. ) ;
#723 = PLANE ( 'NONE',  #1126 ) ;
#724 = CARTESIAN_POINT ( 'NONE',  ( 130.0991230516169708, 92.24401509175301328, -14.44213350098800319 ) ) ;
#725 = FACE_OUTER_BOUND ( 'NONE', #45, .T. ) ;
#726 = ORIENTED_EDGE ( 'NONE', *, *, #352, .F. ) ;
#727 = VERTEX_POINT ( 'NONE', #1374 ) ;
#728 = LINE ( 'NONE', #1477, #785 ) ;
#729 = CONICAL_SURFACE ( 'NONE', #222, 1.250000000000001110, 0.7853981633974576049 ) ;
#730 = CARTESIAN_POINT ( 'NONE',  ( 114.1991230516169935, 91.03401509175300532, -20.44213350098800319 ) ) ;
#731 = CARTESIAN_POINT ( 'NONE',  ( 120.1991230516169935, 96.89401509175300475, -19.44213350098799964 ) ) ;
#732 = VERTEX_POINT ( 'NONE', #647 ) ;
#733 = CONICAL_SURFACE ( 'NONE', #1225, 1.250000000000001110, 0.7853981633974576049 ) ;
#734 = ADVANCED_FACE ( 'NONE', ( #285 ), #511, .F. ) ;
#735 = CIRCLE ( 'NONE', #481, 2.000000000000001776 ) ;
#736 = AXIS2_PLACEMENT_3D ( 'NONE', #1086, #595, #1575 ) ;
#737 = DIRECTION ( 'NONE',  ( -1.000000000000000000, 0.000000000000000000, 0.000000000000000000 ) ) ;
#738 = CARTESIAN_POINT ( 'NONE',  ( 130.0991230516169992, 92.24401509175301328, -30.84213350099205897 ) ) ;
#739 = CARTESIAN_POINT ( 'NONE',  ( 114.8782025056375176, 96.79239703701385622, -12.44213350098799964 ) ) ;
#740 = CARTESIAN_POINT ( 'NONE',  ( 125.5200435975967252, 87.69563314649198560, -12.44213350098799964 ) ) ;
#741 = DIRECTION ( 'NONE',  ( -1.000000000000000000, 0.000000000000000000, 0.000000000000000000 ) ) ;
#742 = ORIENTED_EDGE ( 'NONE', *, *, #1230, .F. ) ;
#743 = EDGE_CURVE ( 'NONE', #571, #406, #1506, .T. ) ;
#744 = CARTESIAN_POINT ( 'NONE',  ( 107.6991230516169935, 92.24401509175301328, -14.44213350098800319 ) ) ;
#745 = FACE_OUTER_BOUND ( 'NONE', #281, .T. ) ;
#746 = FACE_OUTER_BOUND ( 'NONE', #1610, .T. ) ;
#747 = DIRECTION ( 'NONE',  ( 0.000000000000000000, 0.000000000000000000, 1.000000000000000000 ) ) ;
#748 = ORIENTED_EDGE ( 'NONE', *, *, #677, .T. ) ;
#749 = EDGE_CURVE ( 'NONE', #660, #1162, #558, .T. ) ;
#750 = ORIENTED_EDGE ( 'NONE', *, *, #297, .T. ) ;
#751 = CARTESIAN_POINT ( 'NONE',  ( 121.4418627163568516, 95.51614771711493290, -16.93403416928839533 ) ) ;
#752 = DIRECTION ( 'NONE',  ( 1.000000000000000000, 0.000000000000000000, 0.000000000000000000 ) ) ;
#753 =( NAMED_UNIT ( * ) PLANE_ANGLE_UNIT ( ) SI_UNIT ( $, .RADIAN. ) );
#754 = ORIENTED_EDGE ( 'NONE', *, *, #1412, .T. ) ;
#755 = AXIS2_PLACEMENT_3D ( 'NONE', #1066, #1320, #1217 ) ;
#756 = AXIS2_PLACEMENT_3D ( 'NONE', #1260, #1151, #1396 ) ;
#757 = CARTESIAN_POINT ( 'NONE',  ( 119.0229165555728059, 95.54054058008362915, -19.02706500978752757 ) ) ;
#758 = ORIENTED_EDGE ( 'NONE', *, *, #289, .F. ) ;
#759 = AXIS2_PLACEMENT_3D ( 'NONE', #1313, #307, #678 ) ;
#760 = PRODUCT_DEFINITION ( 'UNKNOWN', '', #109, #207 ) ;
#761 = AXIS2_PLACEMENT_3D ( 'NONE', #355, #1091, #599 ) ;
#762 = EDGE_CURVE ( 'NONE', #644, #1244, #456, .T. ) ;
#763 = CARTESIAN_POINT ( 'NONE',  ( 121.7598073288484670, 95.37710444654379671, -17.58568610883793681 ) ) ;
#764 = AXIS2_PLACEMENT_3D ( 'NONE', #193, #693, #449 ) ;
#765 = DIRECTION ( 'NONE',  ( 3.191741072935014463E-15, 2.573868890628963094E-15, 1.000000000000000000 ) ) ;
#766 = VERTEX_POINT ( 'NONE', #1030 ) ;
#767 = CARTESIAN_POINT ( 'NONE',  ( 119.0615508018402835, 95.55399457154521770, -19.06729651404348047 ) ) ;
#768 = CARTESIAN_POINT ( 'NONE',  ( 121.3443104130634111, 95.55137278940605938, -16.82471296105128289 ) ) ;
#769 = EDGE_CURVE ( 'NONE', #6, #727, #1348, .T. ) ;
#770 = PLANE ( 'NONE',  #915 ) ;
#771 = APPLICATION_PROTOCOL_DEFINITION ( 'draft international standard', 'automotive_design', 1998, #866 ) ;
#772 = ORIENTED_EDGE ( 'NONE', *, *, #366, .F. ) ;
#773 = ADVANCED_FACE ( 'NONE', ( #1143 ), #1564, .F. ) ;
#774 = FACE_OUTER_BOUND ( 'NONE', #1579, .T. ) ;
#775 = CARTESIAN_POINT ( 'NONE',  ( 121.1828777735671139, 95.60286264384944843, -16.68003434623519610 ) ) ;
#776 = ORIENTED_EDGE ( 'NONE', *, *, #662, .F. ) ;
#777 = CARTESIAN_POINT ( 'NONE',  ( 121.8491230516169992, 92.24401509175301328, -30.84213350099203410 ) ) ;
#778 = FACE_BOUND ( 'NONE', #153, .T. ) ;
#779 = ORIENTED_EDGE ( 'NONE', *, *, #1210, .T. ) ;
#780 = CARTESIAN_POINT ( 'NONE',  ( 132.6844734672040431, 91.63901509175303772, -50.66317848867436169 ) ) ;
#781 = CARTESIAN_POINT ( 'NONE',  ( 118.7406926236826479, 95.42573732742098969, -18.60173326215347700 ) ) ;
#782 = ORIENTED_EDGE ( 'NONE', *, *, #1181, .T. ) ;
#783 = AXIS2_PLACEMENT_3D ( 'NONE', #691, #1456, #1052 ) ;
#784 = AXIS2_PLACEMENT_3D ( 'NONE', #719, #354, #496 ) ;
#785 = VECTOR ( 'NONE', #979, 1000.000000000000000 ) ;
#786 = CARTESIAN_POINT ( 'NONE',  ( 119.6081064508003351, 95.69377425300912421, -16.45522752235166308 ) ) ;
#787 = AXIS2_PLACEMENT_3D ( 'NONE', #1137, #134, #1001 ) ;
#788 = CARTESIAN_POINT ( 'NONE',  ( 115.6507411063561790, 86.92309454577330996, -30.84213350099199857 ) ) ;
#789 = VERTEX_POINT ( 'NONE', #777 ) ;
#790 = CARTESIAN_POINT ( 'NONE',  ( 118.8698025579818420, 95.48176417156675200, -18.83258842202580396 ) ) ;
#791 = EDGE_CURVE ( 'NONE', #506, #1302, #157, .T. ) ;
#792 = EDGE_LOOP ( 'NONE', ( #950, #1059, #302, #913 ) ) ;
#793 = CARTESIAN_POINT ( 'NONE',  ( 118.7395404989709817, 95.42516827095951726, -17.28649622888595516 ) ) ;
#794 = FACE_OUTER_BOUND ( 'NONE', #669, .T. ) ;
#795 = ORIENTED_EDGE ( 'NONE', *, *, #252, .F. ) ;
#796 = CARTESIAN_POINT ( 'NONE',  ( 121.0496626357132612, 95.63912827046110010, -19.29746327413102236 ) ) ;
#797 = CYLINDRICAL_SURFACE ( 'NONE', #764, 12.49999999999999645 ) ;
#798 = EDGE_CURVE ( 'NONE', #201, #1408, #1172, .T. ) ;
#799 = DIRECTION ( 'NONE',  ( 0.000000000000000000, 0.000000000000000000, -1.000000000000000000 ) ) ;
#800 = LINE ( 'NONE', #328, #637 ) ;
#801 = ORIENTED_EDGE ( 'NONE', *, *, #113, .F. ) ;
#802 = DIRECTION ( 'NONE',  ( -1.000000000000000000, 0.000000000000000000, 0.000000000000000000 ) ) ;
#803 = ORIENTED_EDGE ( 'NONE', *, *, #762, .T. ) ;
#804 = DIRECTION ( 'NONE',  ( 0.000000000000000000, 0.000000000000000000, -1.000000000000000000 ) ) ;
#805 = CARTESIAN_POINT ( 'NONE',  ( 120.9740309223094386, 95.65720951047445908, -19.34220364942555292 ) ) ;
#806 = CARTESIAN_POINT ( 'NONE',  ( 110.2991230516169878, 92.24401509175301328, -30.84213350099199502 ) ) ;
#807 = CARTESIAN_POINT ( 'NONE',  ( 107.6991230516169935, 92.24401509175301328, -12.44213350098799964 ) ) ;
#808 = CIRCLE ( 'NONE', #943, 2.000000000000001776 ) ;
#809 = CARTESIAN_POINT ( 'NONE',  ( 118.7325109004217438, 95.42192033439739873, -17.30253808041949526 ) ) ;
#810 = AXIS2_PLACEMENT_3D ( 'NONE', #549, #765, #1039 ) ;
#811 = CIRCLE ( 'NONE', #664, 2.000000000000001776 ) ;
#812 = ADVANCED_FACE ( 'NONE', ( #1532 ), #994, .F. ) ;
#813 = ORIENTED_EDGE ( 'NONE', *, *, #749, .T. ) ;
#814 = CARTESIAN_POINT ( 'NONE',  ( 115.6507411063561790, 86.92309454577330996, -29.84213350099200213 ) ) ;
#815 = ORIENTED_EDGE ( 'NONE', *, *, #1037, .T. ) ;
#816 = CIRCLE ( 'NONE', #1539, 2.000000000000001776 ) ;
#817 = CARTESIAN_POINT ( 'NONE',  ( 126.7700435975967252, 87.69563314649198560, -6.442133500988000527 ) ) ;
#818 = CARTESIAN_POINT ( 'NONE',  ( 119.2153683297025424, 95.60286264386051869, -19.20423265576857474 ) ) ;
#819 = MECHANICAL_DESIGN_GEOMETRIC_PRESENTATION_REPRESENTATION (  '', ( #273 ), #1380 ) ;
#820 = CARTESIAN_POINT ( 'NONE',  ( 118.5491230516169878, 92.24401509175301328, -30.84213350099201989 ) ) ;
#821 = CARTESIAN_POINT ( 'NONE',  ( 119.2382053255699077, 95.60971918449570239, -16.66177106974794597 ) ) ;
#822 = DIRECTION ( 'NONE',  ( 1.000000000000000000, 0.000000000000000000, -0.000000000000000000 ) ) ;
#823 = FACE_BOUND ( 'NONE', #673, .T. ) ;
#824 = EDGE_LOOP ( 'NONE', ( #1540, #872 ) ) ;
#825 = EDGE_CURVE ( 'NONE', #372, #4, #189, .T. ) ;
#826 = PLANE ( 'NONE',  #1247 ) ;
#827 = LINE ( 'NONE', #965, #556 ) ;
#828 = CARTESIAN_POINT ( 'NONE',  ( 121.0789301830010913, 95.63163543900900265, -19.27854222611976454 ) ) ;
#829 = CYLINDRICAL_SURFACE ( 'NONE', #755, 3.500000000000003109 ) ;
#830 = CARTESIAN_POINT ( 'NONE',  ( 120.1991230516169935, 92.24401509175301328, 13.84213774647389705 ) ) ;
#831 = CARTESIAN_POINT ( 'NONE',  ( 115.6507411063561790, 86.92309454577330996, -30.84213350099199857 ) ) ;
#832 = ORIENTED_EDGE ( 'NONE', *, *, #1504, .T. ) ;
#833 = CARTESIAN_POINT ( 'NONE',  ( 120.1991230516169935, 92.24401509175301328, -14.44213350098800319 ) ) ;
#834 = CARTESIAN_POINT ( 'NONE',  ( 125.9975049968780354, 97.56493563773251765, -6.442133500988000527 ) ) ;
#835 = EDGE_CURVE ( 'NONE', #1467, #1403, #1121, .T. ) ;
#836 = DIRECTION ( 'NONE',  ( -0.000000000000000000, -0.000000000000000000, -1.000000000000000000 ) ) ;
#837 = VECTOR ( 'NONE', #1351, 1000.000000000000000 ) ;
#838 = CARTESIAN_POINT ( 'NONE',  ( 120.1991230516169935, 91.03401509175300532, -12.44213350098799964 ) ) ;
#839 = ORIENTED_EDGE ( 'NONE', *, *, #944, .F. ) ;
#840 = AXIS2_PLACEMENT_3D ( 'NONE', #1436, #955, #685 ) ;
#841 = DIRECTION ( 'NONE',  ( 0.000000000000000000, 1.000000000000000000, 0.000000000000000000 ) ) ;
#842 = DIRECTION ( 'NONE',  ( 0.000000000000000000, 1.000000000000000000, 0.000000000000000000 ) ) ;
#843 = CIRCLE ( 'NONE', #269, 3.400000000000000355 ) ;
#844 = EDGE_CURVE ( 'NONE', #389, #554, #1202, .T. ) ;
#845 = CARTESIAN_POINT ( 'NONE',  ( 115.6507411063561790, 86.92309454577330996, -29.84213350099200213 ) ) ;
#846 = DIRECTION ( 'NONE',  ( -1.000000000000000000, 0.000000000000000000, 0.000000000000000000 ) ) ;
#847 = DIRECTION ( 'NONE',  ( -0.000000000000000000, -0.000000000000000000, 1.000000000000000000 ) ) ;
#848 = DIRECTION ( 'NONE',  ( 0.000000000000000000, 0.000000000000000000, 1.000000000000000000 ) ) ;
#849 = CARTESIAN_POINT ( 'NONE',  ( 118.5991230516169850, 96.89401509175300475, -17.94213350098799964 ) ) ;
#850 = DIRECTION ( 'NONE',  ( -0.000000000000000000, -0.000000000000000000, -1.000000000000000000 ) ) ;
#851 = DIRECTION ( 'NONE',  ( -0.000000000000000000, -0.000000000000000000, -1.000000000000000000 ) ) ;
#852 = CARTESIAN_POINT ( 'NONE',  ( 113.6282025056375176, 96.79239703701385622, -29.84213350099202344 ) ) ;
#853 = CARTESIAN_POINT ( 'NONE',  ( 116.7991230516169878, 92.24401509175301328, -22.44213350098799964 ) ) ;
#854 = ORIENTED_EDGE ( 'NONE', *, *, #1470, .T. ) ;
#855 = EDGE_LOOP ( 'NONE', ( #244, #803 ) ) ;
#856 = DIRECTION ( 'NONE',  ( -1.000000000000000000, 0.000000000000000000, 0.000000000000000000 ) ) ;
#857 = DIRECTION ( 'NONE',  ( 1.000000000000000000, 0.000000000000000000, 0.000000000000000000 ) ) ;
#858 = ADVANCED_FACE ( 'NONE', ( #399 ), #263, .T. ) ;
#859 = CIRCLE ( 'NONE', #1200, 9.899999999999979039 ) ;
#860 = LINE ( 'NONE', #1234, #837 ) ;
#861 = DIRECTION ( 'NONE',  ( 1.000000000000000000, 0.000000000000000000, 0.000000000000000000 ) ) ;
#862 = CIRCLE ( 'NONE', #480, 9.900000000000005684 ) ;
#863 = ADVANCED_FACE ( 'NONE', ( #159, #883 ), #770, .F. ) ;
#864 = CIRCLE ( 'NONE', #714, 12.49999999999999645 ) ;
#865 = CIRCLE ( 'NONE', #376, 3.400000000000000355 ) ;
#866 = APPLICATION_CONTEXT ( 'automotive_design' ) ;
#867 = DIRECTION ( 'NONE',  ( -0.000000000000000000, 0.000000000000000000, 1.000000000000000000 ) ) ;
#868 = CARTESIAN_POINT ( 'NONE',  ( 125.9975049968780354, 97.56493563773251765, -29.84213350099208384 ) ) ;
#869 = FACE_OUTER_BOUND ( 'NONE', #680, .T. ) ;
#870 = PRODUCT_CONTEXT ( 'NONE', #866, 'mechanical' ) ;
#871 = ADVANCED_FACE ( 'NONE', ( #903 ), #668, .F. ) ;
#872 = ORIENTED_EDGE ( 'NONE', *, *, #563, .T. ) ;
#873 = ADVANCED_FACE ( 'NONE', ( #319, #704, #560, #928 ), #586, .T. ) ;
#874 = CARTESIAN_POINT ( 'NONE',  ( 119.7112988784368497, 95.70986357430415126, -16.41807252347440027 ) ) ;
#875 = LINE ( 'NONE', #852, #267 ) ;
#876 = DIRECTION ( 'NONE',  ( -0.000000000000000000, 0.000000000000000000, 1.000000000000000000 ) ) ;
#877 = CARTESIAN_POINT ( 'NONE',  ( 120.1991230516169935, 96.89401509175300475, -17.94213350098799964 ) ) ;
#878 = EDGE_LOOP ( 'NONE', ( #262, #357 ) ) ;
#879 = EDGE_CURVE ( 'NONE', #515, #1029, #129, .T. ) ;
#880 = ORIENTED_EDGE ( 'NONE', *, *, #119, .F. ) ;
#881 = CARTESIAN_POINT ( 'NONE',  ( 121.6575534795550908, 95.42573732741908543, -17.28253373983140762 ) ) ;
#882 = ORIENTED_EDGE ( 'NONE', *, *, #879, .F. ) ;
#883 = FACE_BOUND ( 'NONE', #695, .T. ) ;
#884 = DIRECTION ( 'NONE',  ( -1.000000000000000000, 0.000000000000000000, 0.000000000000000000 ) ) ;
#885 = EDGE_LOOP ( 'NONE', ( #772, #1369 ) ) ;
#886 = CIRCLE ( 'NONE', #1097, 1.600000000000004086 ) ;
#887 = CARTESIAN_POINT ( 'NONE',  ( 120.1991230516169935, 91.03401509175300532, -12.44213350098799964 ) ) ;
#888 = ORIENTED_EDGE ( 'NONE', *, *, #547, .T. ) ;
#889 = VECTOR ( 'NONE', #679, 1000.000000000000000 ) ;
#890 = CIRCLE ( 'NONE', #132, 12.49999999999999645 ) ;
#891 = ADVANCED_FACE ( 'NONE', ( #77, #1081 ), #1188, .F. ) ;
#892 = CARTESIAN_POINT ( 'NONE',  ( 114.1991230516169935, 91.03401509175300532, -5.442133500988001416 ) ) ;
#893 = CARTESIAN_POINT ( 'NONE',  ( 119.8412101454840695, 95.72586455631262936, -16.38178069556414940 ) ) ;
#894 = AXIS2_PLACEMENT_3D ( 'NONE', #708, #717, #593 ) ;
#895 = DIRECTION ( 'NONE',  ( -0.000000000000000000, 0.000000000000000000, 1.000000000000000000 ) ) ;
#896 =( LENGTH_UNIT ( ) NAMED_UNIT ( * ) SI_UNIT ( .MILLI., .METRE. ) );
#897 = ORIENTED_EDGE ( 'NONE', *, *, #1078, .F. ) ;
#898 = FACE_OUTER_BOUND ( 'NONE', #1481, .T. ) ;
#899 = EDGE_LOOP ( 'NONE', ( #1287, #1165 ) ) ;
#900 = CARTESIAN_POINT ( 'NONE',  ( 119.3116458321294147, 95.62963195342227607, -16.61081536421101390 ) ) ;
#901 = DIRECTION ( 'NONE',  ( 0.000000000000000000, 0.000000000000000000, -1.000000000000000000 ) ) ;
#902 = EDGE_LOOP ( 'NONE', ( #125, #742, #409, #1475 ) ) ;
#903 = FACE_OUTER_BOUND ( 'NONE', #123, .T. ) ;
#904 = EDGE_LOOP ( 'NONE', ( #963, #34, #584, #587 ) ) ;
#905 = DIRECTION ( 'NONE',  ( -0.7071067811865540120, 0.000000000000000000, -0.7071067811865410224 ) ) ;
#906 = EDGE_LOOP ( 'NONE', ( #272, #888, #641, #657 ) ) ;
#907 = VERTEX_POINT ( 'NONE', #178 ) ;
#908 = CARTESIAN_POINT ( 'NONE',  ( 119.9970962168663533, 95.73955133426743203, -16.35141188451227023 ) ) ;
#909 = ORIENTED_EDGE ( 'NONE', *, *, #1112, .T. ) ;
#910 = DIRECTION ( 'NONE',  ( 1.000000000000000000, 0.000000000000000000, -3.083952846180988111E-15 ) ) ;
#911 = CARTESIAN_POINT ( 'NONE',  ( 118.8667112521651461, 95.48049436946459423, -18.82796187573114821 ) ) ;
#912 = CIRCLE ( 'NONE', #1430, 12.49999999999999645 ) ;
#913 = ORIENTED_EDGE ( 'NONE', *, *, #366, .T. ) ;
#914 = AXIS2_PLACEMENT_3D ( 'NONE', #351, #98, #1335 ) ;
#915 = AXIS2_PLACEMENT_3D ( 'NONE', #1383, #1517, #407 ) ;
#916 = CIRCLE ( 'NONE', #51, 2.250000000000001776 ) ;
#917 = CARTESIAN_POINT ( 'NONE',  ( 118.9113295773012027, 95.49863187757368621, -16.99240610869678747 ) ) ;
#918 = CIRCLE ( 'NONE', #1280, 1.250000000000001110 ) ;
#919 = DIRECTION ( 'NONE',  ( 1.000000000000000000, 0.000000000000000000, 0.000000000000000000 ) ) ;
#920 = ORIENTED_EDGE ( 'NONE', *, *, #119, .T. ) ;
#921 = ADVANCED_FACE ( 'NONE', ( #1544 ), #1227, .F. ) ;
#922 = CARTESIAN_POINT ( 'NONE',  ( 121.5122140950550573, 95.48842427901378471, -18.85641594797401766 ) ) ;
#923 = FILL_AREA_STYLE ('',( #299 ) ) ;
#924 = ORIENTED_EDGE ( 'NONE', *, *, #1093, .F. ) ;
#925 = LINE ( 'NONE', #1414, #1107 ) ;
#926 = CARTESIAN_POINT ( 'NONE',  ( 112.1991230516169793, 91.03401509175300532, -20.44213350098800319 ) ) ;
#927 = ORIENTED_EDGE ( 'NONE', *, *, #825, .F. ) ;
#928 = FACE_BOUND ( 'NONE', #885, .T. ) ;
#929 = EDGE_LOOP ( 'NONE', ( #177, #779, #1372, #1060 ) ) ;
#930 = DIRECTION ( 'NONE',  ( 0.000000000000000000, 1.000000000000000000, 0.000000000000000000 ) ) ;
#931 = CARTESIAN_POINT ( 'NONE',  ( 126.7700435975967252, 87.69563314649198560, -29.84213350099206252 ) ) ;
#932 = CARTESIAN_POINT ( 'NONE',  ( 121.6587056042653359, 95.42516827095847987, -18.59777077308493176 ) ) ;
#933 = SURFACE_SIDE_STYLE ('',( #553 ) ) ;
#934 = EDGE_CURVE ( 'NONE', #1554, #6, #217, .T. ) ;
#935 = LINE ( 'NONE', #314, #617 ) ;
#936 = UNCERTAINTY_MEASURE_WITH_UNIT (LENGTH_MEASURE( 1.000000000000000082E-05 ), #896, 'distance_accuracy_value', 'NONE');
#937 = CARTESIAN_POINT ( 'NONE',  ( 114.1991230516169935, 91.03401509175300532, -5.442133500988001416 ) ) ;
#938 = ORIENTED_EDGE ( 'NONE', *, *, #798, .T. ) ;
#939 = CARTESIAN_POINT ( 'NONE',  ( 120.1991230516169935, 92.24401509175301328, -32.05878572512504832 ) ) ;
#940 = CARTESIAN_POINT ( 'NONE',  ( 130.1991230516169935, 91.03401509175300532, -5.442133500988001416 ) ) ;
#941 = CARTESIAN_POINT ( 'NONE',  ( 121.5598390566836713, 95.46890637170510274, -18.78584320900644400 ) ) ;
#942 = DIRECTION ( 'NONE',  ( 0.000000000000000000, 0.000000000000000000, 1.000000000000000000 ) ) ;
#943 = AXIS2_PLACEMENT_3D ( 'NONE', #1601, #379, #370 ) ;
#944 = EDGE_CURVE ( 'NONE', #789, #312, #86, .T. ) ;
#945 = DIRECTION ( 'NONE',  ( 0.000000000000000000, 0.000000000000000000, 1.000000000000000000 ) ) ;
#946 = CIRCLE ( 'NONE', #246, 1.250000000000001110 ) ;
#947 = ORIENTED_EDGE ( 'NONE', *, *, #1239, .F. ) ;
#948 = AXIS2_PLACEMENT_3D ( 'NONE', #65, #1193, #1058 ) ;
#949 = CARTESIAN_POINT ( 'NONE',  ( 114.4007411063561790, 86.92309454577330996, -29.84213350099200213 ) ) ;
#950 = ORIENTED_EDGE ( 'NONE', *, *, #62, .F. ) ;
#951 = AXIS2_PLACEMENT_3D ( 'NONE', #237, #619, #741 ) ;
#952 = DIRECTION ( 'NONE',  ( 0.000000000000000000, 0.000000000000000000, -1.000000000000000000 ) ) ;
#953 = CARTESIAN_POINT ( 'NONE',  ( 121.2910330687116556, 95.56934972740931755, -19.11181261966859424 ) ) ;
#954 = CARTESIAN_POINT ( 'NONE',  ( 110.2991230516170020, 92.24401509175301328, -14.44213350098800319 ) ) ;
#955 = DIRECTION ( 'NONE',  ( 0.000000000000000000, 0.000000000000000000, -1.000000000000000000 ) ) ;
#956 = ORIENTED_EDGE ( 'NONE', *, *, #1325, .T. ) ;
#957 = CARTESIAN_POINT ( 'NONE',  ( 121.8491230516169992, 92.24401509175301328, -33.51320131285349646 ) ) ;
#958 = ADVANCED_FACE ( 'NONE', ( #454 ), #698, .T. ) ;
#959 = DIRECTION ( 'NONE',  ( 0.000000000000000000, 0.000000000000000000, 1.000000000000000000 ) ) ;
#960 = CARTESIAN_POINT ( 'NONE',  ( 121.5253962729343300, 95.48302941006460287, -18.83712103066155663 ) ) ;
#961 = CARTESIAN_POINT ( 'NONE',  ( 116.1991230516169935, 91.03401509175300532, -5.442133500988001416 ) ) ;
#962 = DIRECTION ( 'NONE',  ( -1.000000000000000000, 0.000000000000000000, 0.000000000000000000 ) ) ;
#963 = ORIENTED_EDGE ( 'NONE', *, *, #1388, .F. ) ;
#964 = CARTESIAN_POINT ( 'NONE',  ( 120.1991230516169935, 91.63901509175300930, -12.44213350098799964 ) ) ;
#965 = CARTESIAN_POINT ( 'NONE',  ( 126.7700435975967252, 87.69563314649198560, -29.84213350099206252 ) ) ;
#966 = DIRECTION ( 'NONE',  ( 1.000000000000000000, 0.000000000000000000, 0.000000000000000000 ) ) ;
#967 = ADVANCED_FACE ( 'NONE', ( #68, #1553, #823, #712, #572, #1409 ), #1307, .F. ) ;
#968 = EDGE_CURVE ( 'NONE', #76, #4, #1069, .T. ) ;
#969 = AXIS2_PLACEMENT_3D ( 'NONE', #1605, #358, #365 ) ;
#970 = CIRCLE ( 'NONE', #1301, 1.250000000000001110 ) ;
#971 = DIRECTION ( 'NONE',  ( -0.000000000000000000, -0.000000000000000000, -1.000000000000000000 ) ) ;
#972 = AXIS2_PLACEMENT_3D ( 'NONE', #1289, #200, #1050 ) ;
#973 = CYLINDRICAL_SURFACE ( 'NONE', #374, 1.600000000000004086 ) ;
#974 = AXIS2_PLACEMENT_3D ( 'NONE', #1526, #1024, #1279 ) ;
#975 = DIRECTION ( 'NONE',  ( 0.000000000000000000, 0.000000000000000000, -1.000000000000000000 ) ) ;
#976 = CYLINDRICAL_SURFACE ( 'NONE', #562, 1.649999999999998579 ) ;
#977 = EDGE_CURVE ( 'NONE', #1162, #660, #916, .T. ) ;
#978 = PRODUCT ( 'pivot mid bigger disc diameter', 'pivot mid bigger disc diameter', '', ( #870 ) ) ;
#979 = DIRECTION ( 'NONE',  ( 0.000000000000000000, 0.000000000000000000, -1.000000000000000000 ) ) ;
#980 = CARTESIAN_POINT ( 'NONE',  ( 116.9007411063561790, 86.92309454577330996, -12.44213350098799964 ) ) ;
#981 = FACE_OUTER_BOUND ( 'NONE', #293, .T. ) ;
#982 = EDGE_CURVE ( 'NONE', #6, #571, #1576, .T. ) ;
#983 = LINE ( 'NONE', #353, #395 ) ;
#984 = DIRECTION ( 'NONE',  ( 0.000000000000000000, 0.000000000000000000, -1.000000000000000000 ) ) ;
#985 = LINE ( 'NONE', #849, #1254 ) ;
#986 = ORIENTED_EDGE ( 'NONE', *, *, #988, .F. ) ;
#987 = VERTEX_POINT ( 'NONE', #949 ) ;
#988 = EDGE_CURVE ( 'NONE', #342, #907, #1079, .T. ) ;
#989 = CARTESIAN_POINT ( 'NONE',  ( 113.4007411063561648, 86.92309454577330996, -30.84213350099199147 ) ) ;
#990 = AXIS2_PLACEMENT_3D ( 'NONE', #464, #453, #822 ) ;
#991 = CARTESIAN_POINT ( 'NONE',  ( 112.1991230516169793, 91.03401509175300532, -5.442133500988001416 ) ) ;
#992 = DIRECTION ( 'NONE',  ( 1.000000000000000000, 0.000000000000000000, 0.000000000000000000 ) ) ;
#993 = ORIENTED_EDGE ( 'NONE', *, *, #1440, .T. ) ;
#994 = CONICAL_SURFACE ( 'NONE', #292, 1.250000000000001110, 0.7853981633974576049 ) ;
#995 = AXIS2_PLACEMENT_3D ( 'NONE', #1204, #1167, #577 ) ;
#996 = ORIENTED_EDGE ( 'NONE', *, *, #305, .T. ) ;
#997 = AXIS2_PLACEMENT_3D ( 'NONE', #513, #280, #12 ) ;
#998 = DIRECTION ( 'NONE',  ( 0.000000000000000000, 0.000000000000000000, -1.000000000000000000 ) ) ;
#999 = CARTESIAN_POINT ( 'NONE',  ( 121.2864396484848584, 95.57117178401938418, -16.76665993666524912 ) ) ;
#1000 = DIRECTION ( 'NONE',  ( -0.000000000000000000, -0.000000000000000000, -1.000000000000000000 ) ) ;
#1001 = DIRECTION ( 'NONE',  ( -1.000000000000000000, 0.000000000000000000, 0.000000000000000000 ) ) ;
#1002 = ADVANCED_FACE ( 'NONE', ( #794 ), #445, .F. ) ;
#1003 = CARTESIAN_POINT ( 'NONE',  ( 118.9085809407475125, 95.49771098469283004, -18.88932176508121330 ) ) ;
#1004 = ORIENTED_EDGE ( 'NONE', *, *, #214, .F. ) ;
#1005 = CARTESIAN_POINT ( 'NONE',  ( 121.6003046123537388, 95.45138290677952853, -17.16923827176704265 ) ) ;
#1006 = DIRECTION ( 'NONE',  ( 0.000000000000000000, 0.000000000000000000, -1.000000000000000000 ) ) ;
#1007 = CARTESIAN_POINT ( 'NONE',  ( 115.6507411063561790, 86.92309454577330996, -6.442133500988000527 ) ) ;
#1008 = EDGE_CURVE ( 'NONE', #554, #389, #1404, .T. ) ;
#1009 = DIRECTION ( 'NONE',  ( 0.000000000000000000, 1.000000000000000000, 0.000000000000000000 ) ) ;
#1010 = VERTEX_POINT ( 'NONE', #1099 ) ;
#1011 = CARTESIAN_POINT ( 'NONE',  ( 121.0980755261568191, 95.62651311931823273, -16.61852660683566540 ) ) ;
#1012 = CARTESIAN_POINT ( 'NONE',  ( 120.1991230516169935, 92.24401509175301328, -30.84213350099202700 ) ) ;
#1013 = DIRECTION ( 'NONE',  ( 0.000000000000000000, 0.000000000000000000, -1.000000000000000000 ) ) ;
#1014 = ORIENTED_EDGE ( 'NONE', *, *, #977, .T. ) ;
#1015 = CIRCLE ( 'NONE', #103, 2.249999999999974243 ) ;
#1016 = AXIS2_PLACEMENT_3D ( 'NONE', #1089, #1577, #474 ) ;
#1017 = CYLINDRICAL_SURFACE ( 'NONE', #1590, 1.600000000000004086 ) ;
#1018 = ORIENTED_EDGE ( 'NONE', *, *, #1277, .T. ) ;
#1019 = CARTESIAN_POINT ( 'NONE',  ( 119.5384455845656078, 95.68138482100975750, -16.48412681606463082 ) ) ;
#1020 = CIRCLE ( 'NONE', #403, 1.250000000000001110 ) ;
#1021 = ORIENTED_EDGE ( 'NONE', *, *, #1388, .T. ) ;
#1022 = DIRECTION ( 'NONE',  ( -0.000000000000000000, -0.000000000000000000, 1.000000000000000000 ) ) ;
#1023 = ORIENTED_EDGE ( 'NONE', *, *, #266, .T. ) ;
#1024 = DIRECTION ( 'NONE',  ( -0.000000000000000000, 0.000000000000000000, 1.000000000000000000 ) ) ;
#1025 = FACE_OUTER_BOUND ( 'NONE', #1036, .T. ) ;
#1026 = EDGE_LOOP ( 'NONE', ( #1281, #750, #1082, #1236 ) ) ;
#1027 = ADVANCED_FACE ( 'NONE', ( #1485 ), #1599, .T. ) ;
#1028 = CARTESIAN_POINT ( 'NONE',  ( 121.1634900277495035, 95.60847173442797953, -16.66521405068180428 ) ) ;
#1029 = VERTEX_POINT ( 'NONE', #622 ) ;
#1030 = CARTESIAN_POINT ( 'NONE',  ( 118.5991230516169850, 95.35689157500767976, -17.94213350098799964 ) ) ;
#1031 = DIRECTION ( 'NONE',  ( 1.000000000000000000, 0.000000000000000000, 0.000000000000000000 ) ) ;
#1032 = ORIENTED_EDGE ( 'NONE', *, *, #1470, .F. ) ;
#1033 = CARTESIAN_POINT ( 'NONE',  ( 118.7124216748341752, 95.41257566739375306, -18.53354552354236517 ) ) ;
#1034 = DIRECTION ( 'NONE',  ( 0.000000000000000000, 0.000000000000000000, 1.000000000000000000 ) ) ;
#1035 = CARTESIAN_POINT ( 'NONE',  ( 119.1775186568963676, 95.59159271079272457, -16.71046911140047087 ) ) ;
#1036 = EDGE_LOOP ( 'NONE', ( #58, #417, #1223, #1295 ) ) ;
#1037 = EDGE_CURVE ( 'NONE', #135, #515, #1045, .T. ) ;
#1038 = ORIENTED_EDGE ( 'NONE', *, *, #92, .T. ) ;
#1039 = DIRECTION ( 'NONE',  ( 1.000000000000000000, 0.000000000000000000, -3.083952846181006649E-15 ) ) ;
#1040 = ORIENTED_EDGE ( 'NONE', *, *, #1381, .T. ) ;
#1041 = CARTESIAN_POINT ( 'NONE',  ( 120.8598005186748168, 95.68138482100827957, -19.40014018590866485 ) ) ;
#1042 = AXIS2_PLACEMENT_3D ( 'NONE', #1465, #848, #608 ) ;
#1043 =( NAMED_UNIT ( * ) PLANE_ANGLE_UNIT ( ) SI_UNIT ( $, .RADIAN. ) );
#1044 = AXIS2_PLACEMENT_3D ( 'NONE', #378, #1122, #486 ) ;
#1045 = CIRCLE ( 'NONE', #1174, 12.49999999999999645 ) ;
#1046 = DIRECTION ( 'NONE',  ( -1.000000000000000000, 0.000000000000000000, 0.000000000000000000 ) ) ;
#1047 = CONICAL_SURFACE ( 'NONE', #398, 1.250000000000001110, 0.7853981633974644883 ) ;
#1048 = CARTESIAN_POINT ( 'NONE',  ( 130.1991230516169935, 91.03401509175300532, -5.442133500988001416 ) ) ;
#1049 = ORIENTED_EDGE ( 'NONE', *, *, #1130, .F. ) ;
#1050 = DIRECTION ( 'NONE',  ( 1.000000000000000000, 0.000000000000000000, 0.000000000000000000 ) ) ;
#1051 = ORIENTED_EDGE ( 'NONE', *, *, #614, .F. ) ;
#1052 = DIRECTION ( 'NONE',  ( 1.000000000000000000, 0.000000000000000000, 0.000000000000000000 ) ) ;
#1053 = CARTESIAN_POINT ( 'NONE',  ( 119.9951732289027859, 95.74388207282289898, -19.54184864393608123 ) ) ;
#1054 = EDGE_CURVE ( 'NONE', #1408, #443, #1462, .T. ) ;
#1055 = PRESENTATION_STYLE_ASSIGNMENT (( #1548 ) ) ;
#1056 = EDGE_LOOP ( 'NONE', ( #1603, #832, #1354, #1393 ) ) ;
#1057 = CARTESIAN_POINT ( 'NONE',  ( 120.1991230516169935, 92.24401509175301328, 13.84213774647389705 ) ) ;
#1058 = DIRECTION ( 'NONE',  ( 1.000000000000000000, 0.000000000000000000, 0.000000000000000000 ) ) ;
#1059 = ORIENTED_EDGE ( 'NONE', *, *, #318, .F. ) ;
#1060 = ORIENTED_EDGE ( 'NONE', *, *, #1219, .F. ) ;
#1061 = DIRECTION ( 'NONE',  ( 1.000000000000000000, 0.000000000000000000, 0.000000000000000000 ) ) ;
#1062 = VERTEX_POINT ( 'NONE', #240 ) ;
#1063 = DIRECTION ( 'NONE',  ( -1.000000000000000000, 0.000000000000000000, 0.000000000000000000 ) ) ;
#1064 = CARTESIAN_POINT ( 'NONE',  ( 119.3533755952863231, 95.64055006757632782, -19.30153042269829911 ) ) ;
#1065 = EDGE_CURVE ( 'NONE', #1062, #135, #485, .T. ) ;
#1066 = CARTESIAN_POINT ( 'NONE',  ( 120.1991230516169935, 92.24401509175301328, -10.44213350098801740 ) ) ;
#1067 = EDGE_CURVE ( 'NONE', #546, #987, #728, .T. ) ;
#1068 = CARTESIAN_POINT ( 'NONE',  ( 118.5991230516169850, 95.35689157500767976, -17.94213350098799964 ) ) ;
#1069 = LINE ( 'NONE', #335, #1253 ) ;
#1070 = ORIENTED_EDGE ( 'NONE', *, *, #602, .T. ) ;
#1071 = CARTESIAN_POINT ( 'NONE',  ( 120.1991230516169935, 92.24401509175301328, -12.44213350098799964 ) ) ;
#1072 = CARTESIAN_POINT ( 'NONE',  ( 121.0672188766921380, 95.63465352104269357, -19.28617907593319458 ) ) ;
#1073 = DIRECTION ( 'NONE',  ( -1.000000000000000000, 0.000000000000000000, 0.000000000000000000 ) ) ;
#1074 = CIRCLE ( 'NONE', #1326, 1.250000000000001110 ) ;
#1075 = CARTESIAN_POINT ( 'NONE',  ( 118.8748965766514516, 95.48386833987603950, -17.04412037254553880 ) ) ;
#1076 = AXIS2_PLACEMENT_3D ( 'NONE', #1357, #1472, #362 ) ;
#1077 = ORIENTED_EDGE ( 'NONE', *, *, #225, .F. ) ;
#1078 = EDGE_CURVE ( 'NONE', #1423, #1131, #1203, .T. ) ;
#1079 = CIRCLE ( 'NONE', #323, 1.249999999999987121 ) ;
#1080 = DIRECTION ( 'NONE',  ( 1.000000000000000000, 0.000000000000000000, 0.000000000000000000 ) ) ;
#1081 = FACE_OUTER_BOUND ( 'NONE', #626, .T. ) ;
#1082 = ORIENTED_EDGE ( 'NONE', *, *, #451, .F. ) ;
#1083 = AXIS2_PLACEMENT_3D ( 'NONE', #136, #1154, #645 ) ;
#1084 = DIRECTION ( 'NONE',  ( 0.000000000000000000, 0.000000000000000000, -1.000000000000000000 ) ) ;
#1085 = CARTESIAN_POINT ( 'NONE',  ( 121.5878992625828943, 95.45687223972252866, -18.73837002551259445 ) ) ;
#1086 = CARTESIAN_POINT ( 'NONE',  ( 120.1991230516169935, 92.24401509175301328, -30.84213350099202700 ) ) ;
#1087 = EDGE_CURVE ( 'NONE', #1244, #644, #1588, .T. ) ;
#1088 = DIRECTION ( 'NONE',  ( 3.191741072935014463E-15, 2.573868890628963094E-15, 1.000000000000000000 ) ) ;
#1089 = CARTESIAN_POINT ( 'NONE',  ( 125.5200435975967252, 87.69563314649198560, -30.84213350099203410 ) ) ;
#1090 = DIRECTION ( 'NONE',  ( 0.000000000000000000, 0.000000000000000000, 1.000000000000000000 ) ) ;
#1091 = DIRECTION ( 'NONE',  ( 3.191741072935014463E-15, 2.573868890628963094E-15, 1.000000000000000000 ) ) ;
#1092 = DIRECTION ( 'NONE',  ( 0.000000000000000000, 1.000000000000000000, 0.000000000000000000 ) ) ;
#1093 = EDGE_CURVE ( 'NONE', #554, #732, #983, .T. ) ;
#1094 = DIRECTION ( 'NONE',  ( 1.000000000000000000, 0.000000000000000000, -3.154042683594192853E-15 ) ) ;
#1095 = DIRECTION ( 'NONE',  ( -1.000000000000000000, 0.000000000000000000, 0.000000000000000000 ) ) ;
#1096 = FACE_OUTER_BOUND ( 'NONE', #1056, .T. ) ;
#1097 = AXIS2_PLACEMENT_3D ( 'NONE', #212, #930, #1063 ) ;
#1098 = VECTOR ( 'NONE', #847, 1000.000000000000000 ) ;
#1099 = CARTESIAN_POINT ( 'NONE',  ( 128.1991230516169935, 91.03401509175300532, -5.442133500988001416 ) ) ;
#1100 = AXIS2_PLACEMENT_3D ( 'NONE', #628, #1212, #1108 ) ;
#1101 = DIRECTION ( 'NONE',  ( -1.000000000000000000, 0.000000000000000000, 0.000000000000000000 ) ) ;
#1102 = CIRCLE ( 'NONE', #761, 2.250000000000015987 ) ;
#1103 = CARTESIAN_POINT ( 'NONE',  ( 116.9007411063561790, 86.92309454577330996, -6.442133500988000527 ) ) ;
#1104 = EDGE_LOOP ( 'NONE', ( #158, #179, #920, #284, #938, #198 ) ) ;
#1105 = EDGE_CURVE ( 'NONE', #253, #1062, #864, .T. ) ;
#1106 = FACE_OUTER_BOUND ( 'NONE', #906, .T. ) ;
#1107 = VECTOR ( 'NONE', #1421, 1000.000000000000000 ) ;
#1108 = DIRECTION ( 'NONE',  ( 1.000000000000000000, 0.000000000000000000, -3.083952846181006649E-15 ) ) ;
#1109 = CARTESIAN_POINT ( 'NONE',  ( 124.1991230516169793, 91.03401509175300532, -20.44213350098800319 ) ) ;
#1110 = DIRECTION ( 'NONE',  ( 1.000000000000000000, 4.218847493575596116E-14, 0.000000000000000000 ) ) ;
#1111 = ORIENTED_EDGE ( 'NONE', *, *, #1325, .F. ) ;
#1112 = EDGE_CURVE ( 'NONE', #484, #90, #375, .T. ) ;
#1113 = CYLINDRICAL_SURFACE ( 'NONE', #969, 1.250000000000001110 ) ;
#1114 = DIRECTION ( 'NONE',  ( 1.000000000000000000, 0.000000000000000000, 0.000000000000000000 ) ) ;
#1115 = LINE ( 'NONE', #1242, #1098 ) ;
#1116 = DIRECTION ( 'NONE',  ( -0.000000000000000000, -0.000000000000000000, -1.000000000000000000 ) ) ;
#1117 = EDGE_LOOP ( 'NONE', ( #854, #1448 ) ) ;
#1118 = CARTESIAN_POINT ( 'NONE',  ( 120.1991230516169935, 92.24401509175301328, -14.44213350098800319 ) ) ;
#1119 = DIRECTION ( 'NONE',  ( 1.000000000000000000, 0.000000000000000000, 0.000000000000000000 ) ) ;
#1120 = CONICAL_SURFACE ( 'NONE', #661, 1.250000000000001110, 0.7853981633974576049 ) ;
#1121 = CIRCLE ( 'NONE', #1484, 3.400000000000000355 ) ;
#1122 = DIRECTION ( 'NONE',  ( -0.000000000000000000, -0.000000000000000000, -1.000000000000000000 ) ) ;
#1123 = DIRECTION ( 'NONE',  ( -1.000000000000000000, 0.000000000000000000, 0.000000000000000000 ) ) ;
#1124 = ORIENTED_EDGE ( 'NONE', *, *, #1155, .F. ) ;
#1125 = VECTOR ( 'NONE', #95, 1000.000000000000114 ) ;
#1126 = AXIS2_PLACEMENT_3D ( 'NONE', #361, #1218, #228 ) ;
#1127 = CARTESIAN_POINT ( 'NONE',  ( 118.9563833868963911, 95.51614771712208096, -18.95023283271128989 ) ) ;
#1128 =( GEOMETRIC_REPRESENTATION_CONTEXT ( 3 ) GLOBAL_UNCERTAINTY_ASSIGNED_CONTEXT ( ( #936 ) ) GLOBAL_UNIT_ASSIGNED_CONTEXT ( ( #896, #753, #1375 ) ) REPRESENTATION_CONTEXT ( 'NONE', 'WORKASPACE' ) );
#1129 = CARTESIAN_POINT ( 'NONE',  ( 121.5549858760231956, 95.47076863041861827, -17.09243372353098422 ) ) ;
#1130 = EDGE_CURVE ( 'NONE', #257, #1554, #1509, .T. ) ;
#1131 = VERTEX_POINT ( 'NONE', #235 ) ;
#1132 = CARTESIAN_POINT ( 'NONE',  ( 0.000000000000000000, 0.000000000000000000, -20.44213350098800319 ) ) ;
#1133 = CARTESIAN_POINT ( 'NONE',  ( 116.1282025056375176, 96.79239703701385622, -12.44213350098799964 ) ) ;
#1134 = CARTESIAN_POINT ( 'NONE',  ( 119.0539356901740575, 95.55137278940721046, -19.05955404092823002 ) ) ;
#1135 = CARTESIAN_POINT ( 'NONE',  ( 119.7891311922809194, 95.72015346356619148, -16.39460520601164362 ) ) ;
#1136 = DIRECTION ( 'NONE',  ( 0.000000000000000000, 0.000000000000000000, 1.000000000000000000 ) ) ;
#1137 = CARTESIAN_POINT ( 'NONE',  ( 120.1991230516169935, 92.24401509175301328, -22.44213350098799964 ) ) ;
#1138 = ORIENTED_EDGE ( 'NONE', *, *, #1367, .T. ) ;
#1139 = CARTESIAN_POINT ( 'NONE',  ( 113.6282025056375176, 96.79239703701385622, -6.442133500988000527 ) ) ;
#1140 = CARTESIAN_POINT ( 'NONE',  ( 115.6507411063561790, 86.92309454577330996, -29.84213350099200213 ) ) ;
#1141 = CARTESIAN_POINT ( 'NONE',  ( 119.3894473626561989, 95.64920273701548581, -16.56165461322825294 ) ) ;
#1142 = EDGE_LOOP ( 'NONE', ( #1424, #1330, #176, #476 ) ) ;
#1143 = FACE_OUTER_BOUND ( 'NONE', #902, .T. ) ;
#1144 = SHAPE_DEFINITION_REPRESENTATION ( #239, #1197 ) ;
#1145 = ORIENTED_EDGE ( 'NONE', *, *, #1248, .T. ) ;
#1146 = CIRCLE ( 'NONE', #522, 2.000000000000001776 ) ;
#1147 = CARTESIAN_POINT ( 'NONE',  ( 118.8176261513119556, 95.45994188584657536, -18.75009942856819833 ) ) ;
#1148 = VECTOR ( 'NONE', #596, 1000.000000000000000 ) ;
#1149 = ADVANCED_FACE ( 'NONE', ( #249 ), #723, .F. ) ;
#1150 = CARTESIAN_POINT ( 'NONE',  ( 121.3753295476717398, 95.54054058007996275, -16.85720199219985105 ) ) ;
#1151 = DIRECTION ( 'NONE',  ( 0.000000000000000000, 0.000000000000000000, -1.000000000000000000 ) ) ;
#1152 = CARTESIAN_POINT ( 'NONE',  ( 125.5200435975967252, 87.69563314649198560, -29.84213350099206252 ) ) ;
#1153 = ORIENTED_EDGE ( 'NONE', *, *, #982, .T. ) ;
#1154 = DIRECTION ( 'NONE',  ( 0.000000000000000000, -1.000000000000000000, 0.000000000000000000 ) ) ;
#1155 = EDGE_CURVE ( 'NONE', #1554, #257, #559, .T. ) ;
#1156 = VERTEX_POINT ( 'NONE', #1233 ) ;
#1157 = CARTESIAN_POINT ( 'NONE',  ( 121.0448705079596294, 95.64055006757432409, -16.58273657928570799 ) ) ;
#1158 = EDGE_LOOP ( 'NONE', ( #758, #412, #536, #682 ) ) ;
#1159 = DIRECTION ( 'NONE',  ( -1.000000000000000000, 0.000000000000000000, 0.000000000000000000 ) ) ;
#1160 = ORIENTED_EDGE ( 'NONE', *, *, #982, .F. ) ;
#1161 = CARTESIAN_POINT ( 'NONE',  ( 121.7991230516170020, 95.35689157500767976, -17.94213350098800319 ) ) ;
#1162 = VERTEX_POINT ( 'NONE', #989 ) ;
#1163 = B_SPLINE_CURVE_WITH_KNOTS ( 'NONE', 3,
 ( #1454, #1258, #155, #763, #516, #646, #1271, #268, #131, #261, #1505, #881, #1492, #1005, #640, #1129, #1387, #502, #1246, #283, #665, #525, #751, #8, #413, #1150, #1394, #768, #1266, #999, #1382, #775, #1028, #1371, #138, #167, #29, #1011, #1157, #384, #277, #397, #537, #654, #510, #1522, #1499, #390, #908, #893, #1135, #874, #13, #291, #786, #405, #1019, #147, #1282, #1141, #20, #1515, #672, #900, #1363, #821, #1035, #216, #462, #442, #421, #703, #1529, #583, #1415, #1177, #917, #44, #316, #1407, #1075, #56, #197, #1164, #300, #1552, #1444, #793, #809, #557, #1305, #1187, #1286, #1068 ),
 .UNSPECIFIED., .F., .F.,
 ( 4, 2, 2, 1, 1, 2, 2, 2, 1, 1, 1, 2, 2, 2, 2, 1, 2, 2, 2, 2, 1, 2, 2, 2, 1, 2, 2, 2, 2, 2, 1, 2, 2, 2, 1, 1, 2, 2, 2, 2, 1, 2, 2, 2, 2, 1, 1, 2, 2, 2, 1, 1, 2, 2, 4 ),
 ( 0.000000000000000000, 0.06250000000011809997, 0.09375000000017576218, 0.1093750000002030737, 0.1171875000002161327, 0.1210937500002221695, 0.1250000000002282063, 0.1562500000002401690, 0.1718750000002488565, 0.1796875000002531864, 0.1835937500002545741, 0.1855468750002533806, 0.1875000000002521872, 0.2187500000002261247, 0.2343750000002106371, 0.2421875000002056133, 0.2460937500002058076, 0.2500000000002060019, 0.2812500000001976197, 0.2968750000001925127, 0.3046875000001892930, 0.3085937500001866285, 0.3125000000001839084, 0.3437500000001754152, 0.3593750000001675882, 0.3671875000001675327, 0.3750000000001674771, 0.5000000000002287059, 0.5625000000002593481, 0.5937500000002708944, 0.6093750000002758904, 0.6171875000002751133, 0.6250000000002742251, 0.6562500000002481348, 0.6718750000002391420, 0.6796875000002345901, 0.6835937500002310374, 0.6875000000002273737, 0.7187500000002063905, 0.7343750000001965095, 0.7421875000001921796, 0.7460937500001884048, 0.7500000000001845191, 0.7812500000001685319, 0.7968750000001570966, 0.8046875000001483258, 0.8085937500001438849, 0.8105468750001439959, 0.8125000000001439959, 0.8437500000001018075, 0.8593750000000798250, 0.8671875000000670575, 0.8710937500000642819, 0.8750000000000615064, 1.000000000000000000 ),
 .UNSPECIFIED. ) ;
#1164 = CARTESIAN_POINT ( 'NONE',  ( 118.8384070465543800, 95.46890637170652383, -17.09842379296347659 ) ) ;
#1165 = ORIENTED_EDGE ( 'NONE', *, *, #1458, .F. ) ;
#1166 = EDGE_CURVE ( 'NONE', #1445, #1010, #735, .T. ) ;
#1167 = DIRECTION ( 'NONE',  ( 3.191741072935007758E-15, 2.573868890628971772E-15, 1.000000000000000000 ) ) ;
#1168 = ORIENTED_EDGE ( 'NONE', *, *, #463, .F. ) ;
#1169 = FACE_OUTER_BOUND ( 'NONE', #1213, .T. ) ;
#1170 = CARTESIAN_POINT ( 'NONE',  ( 120.8047462020812759, 95.69123786797651121, -19.42313417204410797 ) ) ;
#1171 = CIRCLE ( 'NONE', #394, 1.250000000000001110 ) ;
#1172 = CIRCLE ( 'NONE', #1587, 12.49999999999999645 ) ;
#1173 = ORIENTED_EDGE ( 'NONE', *, *, #879, .T. ) ;
#1174 = AXIS2_PLACEMENT_3D ( 'NONE', #838, #1342, #601 ) ;
#1175 = CARTESIAN_POINT ( 'NONE',  ( 112.1991230516169793, 91.03401509175300532, -40.72640474844988745 ) ) ;
#1176 = CIRCLE ( 'NONE', #460, 12.49999999999999645 ) ;
#1177 = CARTESIAN_POINT ( 'NONE',  ( 118.9249567424105010, 95.50403879210578850, -16.97405905972607343 ) ) ;
#1178 = ORIENTED_EDGE ( 'NONE', *, *, #62, .T. ) ;
#1179 = DIRECTION ( 'NONE',  ( 0.000000000000000000, 0.000000000000000000, 1.000000000000000000 ) ) ;
#1180 = EDGE_LOOP ( 'NONE', ( #168, #986, #625, #1346 ) ) ;
#1181 = EDGE_CURVE ( 'NONE', #253, #515, #606, .T. ) ;
#1182 = AXIS2_PLACEMENT_3D ( 'NONE', #1453, #836, #683 ) ;
#1183 = CARTESIAN_POINT ( 'NONE',  ( 121.7991230516170020, 96.89401509175300475, -17.94213350098799964 ) ) ;
#1184 = CARTESIAN_POINT ( 'NONE',  ( 119.2891229405151705, 95.62355224867638981, -19.25816040779119120 ) ) ;
#1185 = ADVANCED_FACE ( 'NONE', ( #745 ), #1615, .F. ) ;
#1186 = DIRECTION ( 'NONE',  ( -1.000000000000000000, 0.000000000000000000, 0.000000000000000000 ) ) ;
#1187 = CARTESIAN_POINT ( 'NONE',  ( 118.6362500611285355, 95.37717114755184866, -17.53182320139762140 ) ) ;
#1188 = PLANE ( 'NONE',  #524 ) ;
#1189 = ORIENTED_EDGE ( 'NONE', *, *, #1008, .F. ) ;
#1190 = DIRECTION ( 'NONE',  ( 0.000000000000000000, 0.000000000000000000, 1.000000000000000000 ) ) ;
#1191 = CARTESIAN_POINT ( 'NONE',  ( 119.2625282170343723, 95.61627780248038277, -19.23940828014599447 ) ) ;
#1192 = FACE_OUTER_BOUND ( 'NONE', #1180, .T. ) ;
#1193 = DIRECTION ( 'NONE',  ( 0.000000000000000000, 0.000000000000000000, -1.000000000000000000 ) ) ;
#1194 = CARTESIAN_POINT ( 'NONE',  ( 116.1282025056375176, 96.79239703701385622, -6.442133500988000527 ) ) ;
#1195 = DIRECTION ( 'NONE',  ( 0.000000000000000000, 0.000000000000000000, -1.000000000000000000 ) ) ;
#1196 = CARTESIAN_POINT ( 'NONE',  ( 120.4011498863704759, 95.73955133426808572, -19.53285511746337022 ) ) ;
#1197 = ADVANCED_BREP_SHAPE_REPRESENTATION ( 'pivot mid bigger disc diameter', ( #7, #1538 ), #1128 ) ;
#1198 = EDGE_CURVE ( 'NONE', #1156, #766, #1163, .T. ) ;
#1199 = PLANE ( 'NONE',  #1596 ) ;
#1200 = AXIS2_PLACEMENT_3D ( 'NONE', #1118, #850, #1340 ) ;
#1201 = DIRECTION ( 'NONE',  ( 0.000000000000000000, 0.000000000000000000, -1.000000000000000000 ) ) ;
#1202 = CIRCLE ( 'NONE', #499, 1.600000000000004086 ) ;
#1203 = CIRCLE ( 'NONE', #105, 1.600000000000004086 ) ;
#1204 = CARTESIAN_POINT ( 'NONE',  ( 120.1991230516154303, 92.24401509175045533, -30.84213350099202700 ) ) ;
#1205 = VERTEX_POINT ( 'NONE', #1422 ) ;
#1206 = VECTOR ( 'NONE', #1457, 1000.000000000000000 ) ;
#1207 = CARTESIAN_POINT ( 'NONE',  ( 120.1991230516169935, 92.24401509175301328, -32.05878572512504832 ) ) ;
#1208 = DIRECTION ( 'NONE',  ( 0.000000000000000000, 1.000000000000000000, 0.000000000000000000 ) ) ;
#1209 = DIRECTION ( 'NONE',  ( -0.000000000000000000, -0.000000000000000000, -1.000000000000000000 ) ) ;
#1210 = EDGE_CURVE ( 'NONE', #484, #1302, #697, .T. ) ;
#1211 = ADVANCED_FACE ( 'NONE', ( #175 ), #183, .T. ) ;
#1212 = DIRECTION ( 'NONE',  ( 3.191741072935014463E-15, 2.573868890628963094E-15, 1.000000000000000000 ) ) ;
#1213 = EDGE_LOOP ( 'NONE', ( #308, #1153, #1032, #652 ) ) ;
#1214 = DIRECTION ( 'NONE',  ( -0.7071067811865540120, 0.000000000000000000, -0.7071067811865410224 ) ) ;
#1215 = CARTESIAN_POINT ( 'NONE',  ( 123.5991230516169992, 92.24401509175301328, -22.44213350098799964 ) ) ;
#1216 = ORIENTED_EDGE ( 'NONE', *, *, #1105, .F. ) ;
#1217 = DIRECTION ( 'NONE',  ( -1.000000000000000000, 0.000000000000000000, 0.000000000000000000 ) ) ;
#1218 = DIRECTION ( 'NONE',  ( 0.000000000000000000, -1.000000000000000000, 0.000000000000000000 ) ) ;
#1219 = EDGE_CURVE ( 'NONE', #90, #506, #800, .T. ) ;
#1220 = CYLINDRICAL_SURFACE ( 'NONE', #612, 2.000000000000001776 ) ;
#1221 = CARTESIAN_POINT ( 'NONE',  ( 115.6507411063561790, 86.92309454577330996, -12.44213350098799964 ) ) ;
#1222 = VERTEX_POINT ( 'NONE', #208 ) ;
#1223 = ORIENTED_EDGE ( 'NONE', *, *, #1239, .T. ) ;
#1224 = AXIS2_PLACEMENT_3D ( 'NONE', #544, #1034, #43 ) ;
#1225 = AXIS2_PLACEMENT_3D ( 'NONE', #250, #1581, #116 ) ;
#1226 = DIRECTION ( 'NONE',  ( 0.000000000000000000, -1.000000000000000000, 0.000000000000000000 ) ) ;
#1227 = CONICAL_SURFACE ( 'NONE', #458, 1.250000000000001110, 0.7853981633974576049 ) ;
#1228 = CARTESIAN_POINT ( 'NONE',  ( 120.1991230516169935, 92.24401509175301328, -30.84213350099202700 ) ) ;
#1229 = LINE ( 'NONE', #834, #526 ) ;
#1230 = EDGE_CURVE ( 'NONE', #48, #620, #590, .T. ) ;
#1231 = DIRECTION ( 'NONE',  ( -1.000000000000000000, 0.000000000000000000, 0.000000000000000000 ) ) ;
#1232 = AXIS2_PLACEMENT_3D ( 'NONE', #306, #1292, #1073 ) ;
#1233 = CARTESIAN_POINT ( 'NONE',  ( 121.7991230516170020, 95.35689157500767976, -17.94213350098800319 ) ) ;
#1234 = CARTESIAN_POINT ( 'NONE',  ( 123.4975049968780496, 97.56493563773251765, -6.442133500988000527 ) ) ;
#1235 = CARTESIAN_POINT ( 'NONE',  ( 120.1991230516169935, 92.24401509175301328, -33.51320131285349646 ) ) ;
#1236 = ORIENTED_EDGE ( 'NONE', *, *, #166, .F. ) ;
#1237 = ORIENTED_EDGE ( 'NONE', *, *, #844, .T. ) ;
#1238 = DIRECTION ( 'NONE',  ( 0.000000000000000000, 0.000000000000000000, -1.000000000000000000 ) ) ;
#1239 = EDGE_CURVE ( 'NONE', #317, #1010, #1542, .T. ) ;
#1240 = ORIENTED_EDGE ( 'NONE', *, *, #1166, .T. ) ;
#1241 = CARTESIAN_POINT ( 'NONE',  ( 114.8782025056375176, 96.79239703701385622, -6.442133500988000527 ) ) ;
#1242 = CARTESIAN_POINT ( 'NONE',  ( 116.7991230516169878, 92.24401509175301328, -32.05878572512504832 ) ) ;
#1243 = VERTEX_POINT ( 'NONE', #926 ) ;
#1244 = VERTEX_POINT ( 'NONE', #576 ) ;
#1245 = ADVANCED_FACE ( 'NONE', ( #75 ), #1294, .T. ) ;
#1246 = CARTESIAN_POINT ( 'NONE',  ( 121.5315348510695515, 95.48049436946436686, -17.05630512624583872 ) ) ;
#1247 = AXIS2_PLACEMENT_3D ( 'NONE', #964, #959, #713 ) ;
#1248 = EDGE_CURVE ( 'NONE', #541, #69, #811, .T. ) ;
#1249 = EDGE_LOOP ( 'NONE', ( #726, #1077, #956, #1316 ) ) ;
#1250 = FACE_OUTER_BOUND ( 'NONE', #1511, .T. ) ;
#1251 = FACE_OUTER_BOUND ( 'NONE', #635, .T. ) ;
#1252 = ORIENTED_EDGE ( 'NONE', *, *, #339, .T. ) ;
#1253 = VECTOR ( 'NONE', #309, 1000.000000000000000 ) ;
#1254 = VECTOR ( 'NONE', #842, 1000.000000000000000 ) ;
#1255 = CARTESIAN_POINT ( 'NONE',  ( 119.0413036332006129, 95.54698348351401194, -19.04645997003009938 ) ) ;
#1256 = ORIENTED_EDGE ( 'NONE', *, *, #1067, .F. ) ;
#1257 = ADVANCED_FACE ( 'NONE', ( #710 ), #1559, .T. ) ;
#1258 = CARTESIAN_POINT ( 'NONE',  ( 121.7991230516170162, 95.35689157500769397, -17.84346945191360234 ) ) ;
#1259 = ADVANCED_FACE ( 'NONE', ( #545 ), #636, .F. ) ;
#1260 = CARTESIAN_POINT ( 'NONE',  ( 114.8782025056375176, 96.79239703701385622, -29.84213350099202344 ) ) ;
#1261 = CARTESIAN_POINT ( 'NONE',  ( 132.6844734672040431, 91.63901509175303772, -14.44213350098800319 ) ) ;
#1262 = EDGE_LOOP ( 'NONE', ( #655, #97, #1240, #947 ) ) ;
#1263 = DIRECTION ( 'NONE',  ( 1.000000000000000000, 0.000000000000000000, -4.205390244792263185E-15 ) ) ;
#1264 = CARTESIAN_POINT ( 'NONE',  ( 119.1118064547703739, 95.57117178402680224, -19.11760706533204512 ) ) ;
#1265 = ORIENTED_EDGE ( 'NONE', *, *, #1198, .T. ) ;
#1266 = CARTESIAN_POINT ( 'NONE',  ( 121.3366953013910745, 95.55399457154618403, -16.81697048792986138 ) ) ;
#1267 = CARTESIAN_POINT ( 'NONE',  ( 120.1991230516169935, 92.24401509175301328, -33.51320131285349646 ) ) ;
#1268 = DIRECTION ( 'NONE',  ( 0.000000000000000000, 0.000000000000000000, 1.000000000000000000 ) ) ;
#1269 = LINE ( 'NONE', #780, #373 ) ;
#1270 = CARTESIAN_POINT ( 'NONE',  ( 118.7613615036352428, 95.43522639893821236, -18.64608586951133162 ) ) ;
#1271 = CARTESIAN_POINT ( 'NONE',  ( 121.7105496246496728, 95.40094931843404424, -17.41588477509751698 ) ) ;
#1272 = ORIENTED_EDGE ( 'NONE', *, *, #1319, .F. ) ;
#1273 = DIRECTION ( 'NONE',  ( 1.000000000000000000, 0.000000000000000000, 0.000000000000000000 ) ) ;
#1274 = FACE_OUTER_BOUND ( 'NONE', #1158, .T. ) ;
#1275 = ORIENTED_EDGE ( 'NONE', *, *, #259, .T. ) ;
#1276 = CIRCLE ( 'NONE', #1483, 1.250000000000001110 ) ;
#1277 = EDGE_CURVE ( 'NONE', #118, #789, #1486, .T. ) ;
#1278 = VECTOR ( 'NONE', #504, 1000.000000000000000 ) ;
#1279 = DIRECTION ( 'NONE',  ( 1.000000000000000000, 0.000000000000000000, 0.000000000000000000 ) ) ;
#1280 = AXIS2_PLACEMENT_3D ( 'NONE', #1221, #1209, #861 ) ;
#1281 = ORIENTED_EDGE ( 'NONE', *, *, #414, .F. ) ;
#1282 = CARTESIAN_POINT ( 'NONE',  ( 119.4242151809337571, 95.65720951047667597, -16.54206335254534110 ) ) ;
#1283 = CARTESIAN_POINT ( 'NONE',  ( 114.8782025056375176, 96.79239703701385622, -6.442133500988000527 ) ) ;
#1284 = CARTESIAN_POINT ( 'NONE',  ( 121.6703244412146177, 95.41979519773440188, -18.57110088908679302 ) ) ;
#1285 = ORIENTED_EDGE ( 'NONE', *, *, #347, .T. ) ;
#1286 = CARTESIAN_POINT ( 'NONE',  ( 118.5991230516169708, 95.35689157500766555, -17.74448433355522070 ) ) ;
#1287 = ORIENTED_EDGE ( 'NONE', *, *, #1293, .F. ) ;
#1288 = ORIENTED_EDGE ( 'NONE', *, *, #297, .F. ) ;
#1289 = CARTESIAN_POINT ( 'NONE',  ( 120.1991230516169935, 91.03401509175300532, -12.44213350098799964 ) ) ;
#1290 = EDGE_LOOP ( 'NONE', ( #1252, #1018 ) ) ;
#1291 = CARTESIAN_POINT ( 'NONE',  ( 121.4253942699082671, 95.52249720328835281, -18.97117700276827179 ) ) ;
#1292 = DIRECTION ( 'NONE',  ( 0.000000000000000000, 0.000000000000000000, 1.000000000000000000 ) ) ;
#1293 = EDGE_CURVE ( 'NONE', #1469, #1222, #107, .T. ) ;
#1294 = CYLINDRICAL_SURFACE ( 'NONE', #840, 9.999999999999994671 ) ;
#1295 = ORIENTED_EDGE ( 'NONE', *, *, #1545, .T. ) ;
#1296 = DIRECTION ( 'NONE',  ( 1.000000000000000000, 0.000000000000000000, -3.083952846180988111E-15 ) ) ;
#1297 = EDGE_LOOP ( 'NONE', ( #1543, #1523, #1528, #1111 ) ) ;
#1298 = FACE_OUTER_BOUND ( 'NONE', #675, .T. ) ;
#1299 = CARTESIAN_POINT ( 'NONE',  ( 119.2976933302879274, 95.62585048744499261, -19.26404555522608675 ) ) ;
#1300 = CIRCLE ( 'NONE', #1399, 1.649999999999998579 ) ;
#1301 = AXIS2_PLACEMENT_3D ( 'NONE', #255, #984, #1488 ) ;
#1302 = VERTEX_POINT ( 'NONE', #519 ) ;
#1303 = LINE ( 'NONE', #702, #275 ) ;
#1304 = CIRCLE ( 'NONE', #227, 1.600000000000004086 ) ;
#1305 = CARTESIAN_POINT ( 'NONE',  ( 118.7262026482575976, 95.41899776592420324, -17.31718932883855544 ) ) ;
#1306 = ORIENTED_EDGE ( 'NONE', *, *, #934, .F. ) ;
#1307 = PLANE ( 'NONE',  #995 ) ;
#1308 = PRESENTATION_LAYER_ASSIGNMENT (  '', '', ( #273 ) ) ;
#1309 = ORIENTED_EDGE ( 'NONE', *, *, #72, .F. ) ;
#1310 = CARTESIAN_POINT ( 'NONE',  ( 132.6991230516169935, 91.03401509175300532, -12.44213350098799964 ) ) ;
#1311 = CARTESIAN_POINT ( 'NONE',  ( 121.0087987405856467, 95.64920273701353892, -19.32261238874303544 ) ) ;
#1312 = CYLINDRICAL_SURFACE ( 'NONE', #199, 9.900000000000005684 ) ;
#1313 = CARTESIAN_POINT ( 'NONE',  ( 120.1991230516169935, 91.03401509175300532, -50.66317848867436169 ) ) ;
#1314 = CARTESIAN_POINT ( 'NONE',  ( 128.1991230516169935, 91.03401509175300532, -20.44213350098800319 ) ) ;
#1315 = DIRECTION ( 'NONE',  ( 1.000000000000000000, 0.000000000000000000, 0.000000000000000000 ) ) ;
#1316 = ORIENTED_EDGE ( 'NONE', *, *, #749, .F. ) ;
#1317 = FACE_OUTER_BOUND ( 'NONE', #904, .T. ) ;
#1318 = CARTESIAN_POINT ( 'NONE',  ( 121.3079214041685816, 95.56373690858053749, -19.09566219850835722 ) ) ;
#1319 = EDGE_CURVE ( 'NONE', #53, #135, #296, .T. ) ;
#1320 = DIRECTION ( 'NONE',  ( -0.000000000000000000, -0.000000000000000000, -1.000000000000000000 ) ) ;
#1321 = DIRECTION ( 'NONE',  ( 0.000000000000000000, 0.000000000000000000, -1.000000000000000000 ) ) ;
#1322 = CARTESIAN_POINT ( 'NONE',  ( 120.1991230516169935, 91.03401509175300532, -5.442133500988001416 ) ) ;
#1323 = DIRECTION ( 'NONE',  ( -0.000000000000000000, -0.000000000000000000, 1.000000000000000000 ) ) ;
#1324 = DIRECTION ( 'NONE',  ( 0.000000000000000000, 0.000000000000000000, -1.000000000000000000 ) ) ;
#1325 = EDGE_CURVE ( 'NONE', #987, #1162, #145, .T. ) ;
#1326 = AXIS2_PLACEMENT_3D ( 'NONE', #845, #605, #1597 ) ;
#1327 = FACE_OUTER_BOUND ( 'NONE', #142, .T. ) ;
#1328 = AXIS2_PLACEMENT_3D ( 'NONE', #93, #718, #495 ) ;
#1329 = CARTESIAN_POINT ( 'NONE',  ( 114.8782025056375176, 96.79239703701385622, -12.44213350098799964 ) ) ;
#1330 = ORIENTED_EDGE ( 'NONE', *, *, #339, .F. ) ;
#1331 = DIRECTION ( 'NONE',  ( 1.000000000000000000, 0.000000000000000000, 0.000000000000000000 ) ) ;
#1332 = CARTESIAN_POINT ( 'NONE',  ( 120.1991230516169935, 92.24401509175301328, -5.442133500988001416 ) ) ;
#1333 = CLOSED_SHELL ( 'NONE', ( #639, #1512, #241, #1534, #812, #507, #1002, #1468, #139, #1211, #958, #1449, #11, #202, #233, #1606, #1452, #722, #1185, #871, #482, #174, #891, #873, #1568, #1245, #1583, #1027, #863, #1257, #734, #514, #967, #581, #921, #1259, #773, #315, #287, #473, #359, #17, #521, #858, #1361 ) ) ;
#1334 = ORIENTED_CLOSED_SHELL ( 'NONE', *, #1463, .F. );
#1335 = DIRECTION ( 'NONE',  ( -1.000000000000000000, 0.000000000000000000, 0.000000000000000000 ) ) ;
#1336 = ADVANCED_FACE ( 'NONE', ( #898 ), #659, .T. ) ;
#1337 = DIRECTION ( 'NONE',  ( -0.000000000000000000, -0.000000000000000000, -1.000000000000000000 ) ) ;
#1338 = DIRECTION ( 'NONE',  ( -0.000000000000000000, 0.000000000000000000, 1.000000000000000000 ) ) ;
#1339 = LINE ( 'NONE', #96, #194 ) ;
#1340 = DIRECTION ( 'NONE',  ( 1.000000000000000000, 0.000000000000000000, 0.000000000000000000 ) ) ;
#1341 = ADVANCED_FACE ( 'NONE', ( #774 ), #1017, .F. ) ;
#1342 = DIRECTION ( 'NONE',  ( 0.000000000000000000, 0.000000000000000000, 1.000000000000000000 ) ) ;
#1343 = CARTESIAN_POINT ( 'NONE',  ( 115.6507411063561790, 86.92309454577330996, -12.44213350098799964 ) ) ;
#1344 = PLANE ( 'NONE',  #1042 ) ;
#1345 = CARTESIAN_POINT ( 'NONE',  ( 124.1991230516169793, 91.03401509175300532, -5.442133500988001416 ) ) ;
#1346 = ORIENTED_EDGE ( 'NONE', *, *, #1230, .T. ) ;
#1347 = CIRCLE ( 'NONE', #245, 2.000000000000001776 ) ;
#1348 = CIRCLE ( 'NONE', #756, 1.250000000000001110 ) ;
#1349 = DIRECTION ( 'NONE',  ( 0.000000000000000000, 0.000000000000000000, 1.000000000000000000 ) ) ;
#1350 = VECTOR ( 'NONE', #477, 1000.000000000000000 ) ;
#1351 = DIRECTION ( 'NONE',  ( 0.000000000000000000, 0.000000000000000000, -1.000000000000000000 ) ) ;
#1352 = CIRCLE ( 'NONE', #483, 1.250000000000001110 ) ;
#1353 = CYLINDRICAL_SURFACE ( 'NONE', #1461, 12.49999999999999645 ) ;
#1354 = ORIENTED_EDGE ( 'NONE', *, *, #594, .T. ) ;
#1355 = CARTESIAN_POINT ( 'NONE',  ( 120.1991230516169935, 91.03401509175300532, -12.44213350098799964 ) ) ;
#1356 = DIRECTION ( 'NONE',  ( 0.000000000000000000, 0.000000000000000000, 1.000000000000000000 ) ) ;
#1357 = CARTESIAN_POINT ( 'NONE',  ( 124.7475049968780496, 97.56493563773251765, -29.84213350099208384 ) ) ;
#1358 = CARTESIAN_POINT ( 'NONE',  ( 126.1991230516169793, 91.03401509175300532, -5.442133500988001416 ) ) ;
#1359 = EDGE_CURVE ( 'NONE', #257, #727, #388, .T. ) ;
#1360 = DIRECTION ( 'NONE',  ( 0.000000000000000000, 0.000000000000000000, 1.000000000000000000 ) ) ;
#1361 = ADVANCED_FACE ( 'NONE', ( #274 ), #1385, .T. ) ;
#1362 = ORIENTED_EDGE ( 'NONE', *, *, #46, .T. ) ;
#1363 = CARTESIAN_POINT ( 'NONE',  ( 119.2751895315756059, 95.62002922271224747, -16.63527856585738718 ) ) ;
#1364 = DIRECTION ( 'NONE',  ( 3.191741072935014463E-15, 2.573868890628963094E-15, 1.000000000000000000 ) ) ;
#1365 = FACE_OUTER_BOUND ( 'NONE', #31, .T. ) ;
#1366 = CARTESIAN_POINT ( 'NONE',  ( 118.8567724064822499, 95.47639231995655962, -18.81287196189448352 ) ) ;
#1367 = EDGE_CURVE ( 'NONE', #150, #53, #1176, .T. ) ;
#1368 = ORIENTED_EDGE ( 'NONE', *, *, #489, .F. ) ;
#1369 = ORIENTED_EDGE ( 'NONE', *, *, #1248, .F. ) ;
#1370 = EDGE_CURVE ( 'NONE', #1502, #201, #890, .T. ) ;
#1371 = CARTESIAN_POINT ( 'NONE',  ( 121.1357178862240289, 95.61627780247296471, -16.64485872184760851 ) ) ;
#1372 = ORIENTED_EDGE ( 'NONE', *, *, #791, .F. ) ;
#1373 = CIRCLE ( 'NONE', #1044, 9.899999999999979039 ) ;
#1374 = CARTESIAN_POINT ( 'NONE',  ( 113.6282025056375176, 96.79239703701385622, -29.84213350099202344 ) ) ;
#1375 =( NAMED_UNIT ( * ) SI_UNIT ( $, .STERADIAN. ) SOLID_ANGLE_UNIT ( ) );
#1376 = ORIENTED_EDGE ( 'NONE', *, *, #46, .F. ) ;
#1377 = AXIS2_PLACEMENT_3D ( 'NONE', #1416, #187, #330 ) ;
#1378 = AXIS2_PLACEMENT_3D ( 'NONE', #487, #1116, #1110 ) ;
#1379 = DIRECTION ( 'NONE',  ( 0.000000000000000000, 0.000000000000000000, 1.000000000000000000 ) ) ;
#1380 =( GEOMETRIC_REPRESENTATION_CONTEXT ( 3 ) GLOBAL_UNCERTAINTY_ASSIGNED_CONTEXT ( ( #431 ) ) GLOBAL_UNIT_ASSIGNED_CONTEXT ( ( #181, #1043, #41 ) ) REPRESENTATION_CONTEXT ( 'NONE', 'WORKASPACE' ) );
#1381 = EDGE_CURVE ( 'NONE', #766, #1156, #1478, .T. ) ;
#1382 = CARTESIAN_POINT ( 'NONE',  ( 121.2432375780692269, 95.58482023646799064, -16.72866929747848630 ) ) ;
#1383 = CARTESIAN_POINT ( 'NONE',  ( 120.1991230516169935, 92.24401509175301328, -14.44213350098799964 ) ) ;
#1384 = ORIENTED_EDGE ( 'NONE', *, *, #1293, .T. ) ;
#1385 = PLANE ( 'NONE',  #974 ) ;
#1386 = ORIENTED_EDGE ( 'NONE', *, *, #677, .F. ) ;
#1387 = CARTESIAN_POINT ( 'NONE',  ( 121.5414736967538687, 95.47639231995579223, -17.07139504008483399 ) ) ;
#1388 = EDGE_CURVE ( 'NONE', #689, #1205, #604, .T. ) ;
#1389 = DIRECTION ( 'NONE',  ( -1.000000000000000000, 0.000000000000000000, 0.000000000000000000 ) ) ;
#1390 = EDGE_CURVE ( 'NONE', #360, #472, #1352, .T. ) ;
#1391 = DIRECTION ( 'NONE',  ( 1.000000000000000000, 0.000000000000000000, 0.000000000000000000 ) ) ;
#1392 = ORIENTED_EDGE ( 'NONE', *, *, #658, .T. ) ;
#1393 = ORIENTED_EDGE ( 'NONE', *, *, #650, .F. ) ;
#1394 = CARTESIAN_POINT ( 'NONE',  ( 121.3569424700398542, 95.54698348351179504, -16.83780703195266426 ) ) ;
#1395 = EDGE_LOOP ( 'NONE', ( #1189, #527, #336, #260 ) ) ;
#1396 = DIRECTION ( 'NONE',  ( 1.000000000000000000, 0.000000000000000000, 0.000000000000000000 ) ) ;
#1397 = ORIENTED_CLOSED_SHELL ( 'NONE', *, #670, .F. );
#1398 = ORIENTED_EDGE ( 'NONE', *, *, #252, .T. ) ;
#1399 = AXIS2_PLACEMENT_3D ( 'NONE', #1446, #1570, #1263 ) ;
#1400 = AXIS2_PLACEMENT_3D ( 'NONE', #1012, #38, #517 ) ;
#1401 = CARTESIAN_POINT ( 'NONE',  ( 118.6384387743864153, 95.37710444654375408, -18.29858089314221559 ) ) ;
#1402 = EDGE_CURVE ( 'NONE', #1131, #1423, #1304, .T. ) ;
#1403 = VERTEX_POINT ( 'NONE', #853 ) ;
#1404 = CIRCLE ( 'NONE', #1328, 1.600000000000004086 ) ;
#1405 = AXIS2_PLACEMENT_3D ( 'NONE', #1578, #475, #966 ) ;
#1406 = ORIENTED_EDGE ( 'NONE', *, *, #988, .T. ) ;
#1407 = CARTESIAN_POINT ( 'NONE',  ( 118.8780531425789775, 95.48516169814945442, -17.03947094049171085 ) ) ;
#1408 = VERTEX_POINT ( 'NONE', #1594 ) ;
#1409 = FACE_OUTER_BOUND ( 'NONE', #1537, .T. ) ;
#1410 = ORIENTED_EDGE ( 'NONE', *, *, #934, .T. ) ;
#1411 = CARTESIAN_POINT ( 'NONE',  ( 121.5201929606535884, 95.48516169814998023, -18.84479606148637743 ) ) ;
#1412 = EDGE_CURVE ( 'NONE', #389, #649, #985, .T. ) ;
#1413 = ORIENTED_EDGE ( 'NONE', *, *, #72, .T. ) ;
#1414 = CARTESIAN_POINT ( 'NONE',  ( 107.7137726360299297, 91.63901509175305193, -50.66317848867436169 ) ) ;
#1415 = CARTESIAN_POINT ( 'NONE',  ( 118.9728518333197798, 95.52249720328640592, -16.91308999921482936 ) ) ;
#1416 = CARTESIAN_POINT ( 'NONE',  ( 120.1991230516169935, 91.03401509175300532, -50.66317848867436169 ) ) ;
#1417 = ORIENTED_EDGE ( 'NONE', *, *, #414, .T. ) ;
#1418 = CARTESIAN_POINT ( 'NONE',  ( 126.7700435975967252, 87.69563314649198560, -12.44213350098799964 ) ) ;
#1419 = CARTESIAN_POINT ( 'NONE',  ( 119.5364695352146924, 95.68071593086894211, -19.39851116119754337 ) ) ;
#1420 = CARTESIAN_POINT ( 'NONE',  ( 116.1282025056375176, 96.79239703701385622, -29.84213350099202344 ) ) ;
#1421 = DIRECTION ( 'NONE',  ( 0.000000000000000000, 0.000000000000000000, 1.000000000000000000 ) ) ;
#1422 = CARTESIAN_POINT ( 'NONE',  ( 116.9007411063561790, 86.92309454577330996, -29.84213350099200213 ) ) ;
#1423 = VERTEX_POINT ( 'NONE', #624 ) ;
#1424 = ORIENTED_EDGE ( 'NONE', *, *, #658, .F. ) ;
#1425 = PLANE ( 'NONE',  #990 ) ;
#1426 = DIRECTION ( 'NONE',  ( -0.000000000000000000, -0.000000000000000000, 1.000000000000000000 ) ) ;
#1427 = ORIENTED_EDGE ( 'NONE', *, *, #234, .F. ) ;
#1428 = DIRECTION ( 'NONE',  ( 1.000000000000000000, 0.000000000000000000, 0.000000000000000000 ) ) ;
#1429 = CARTESIAN_POINT ( 'NONE',  ( 119.5585082232989578, 95.68490335641922684, -19.40833888008630481 ) ) ;
#1430 = AXIS2_PLACEMENT_3D ( 'NONE', #1071, #1190, #190 ) ;
#1431 = CIRCLE ( 'NONE', #1016, 2.249999999999974243 ) ;
#1432 = EDGE_LOOP ( 'NONE', ( #173, #223, #1417, #699 ) ) ;
#1433 = AXIS2_PLACEMENT_3D ( 'NONE', #739, #851, #1114 ) ;
#1434 = LINE ( 'NONE', #1551, #694 ) ;
#1435 = CIRCLE ( 'NONE', #787, 1.649999999999998579 ) ;
#1436 = CARTESIAN_POINT ( 'NONE',  ( 120.1991230516169935, 91.03401509175300532, -5.442133500988001416 ) ) ;
#1437 = EDGE_CURVE ( 'NONE', #429, #69, #1339, .T. ) ;
#1438 = DIRECTION ( 'NONE',  ( 0.000000000000000000, 0.000000000000000000, -1.000000000000000000 ) ) ;
#1439 = ORIENTED_EDGE ( 'NONE', *, *, #347, .F. ) ;
#1440 = EDGE_CURVE ( 'NONE', #546, #689, #918, .T. ) ;
#1441 = CARTESIAN_POINT ( 'NONE',  ( 118.5991230516169850, 99.59401509175300760, -17.94213350098799964 ) ) ;
#1442 = CARTESIAN_POINT ( 'NONE',  ( 120.7257911092317926, 95.70428781713793853, -19.45340389775984846 ) ) ;
#1443 = LINE ( 'NONE', #1558, #57 ) ;
#1444 = CARTESIAN_POINT ( 'NONE',  ( 118.7569915544050474, 95.43316841058158673, -17.24838715730284022 ) ) ;
#1445 = VERTEX_POINT ( 'NONE', #1345 ) ;
#1446 = CARTESIAN_POINT ( 'NONE',  ( 120.1991230516169935, 92.24401509175301328, -30.84213350099202700 ) ) ;
#1447 = CARTESIAN_POINT ( 'NONE',  ( 120.1991230516169935, 92.24401509175301328, -22.44213350098799964 ) ) ;
#1448 = ORIENTED_EDGE ( 'NONE', *, *, #743, .T. ) ;
#1449 = ADVANCED_FACE ( 'NONE', ( #1473 ), #1353, .T. ) ;
#1450 = DIRECTION ( 'NONE',  ( 1.000000000000000000, 0.000000000000000000, 0.000000000000000000 ) ) ;
#1451 = CARTESIAN_POINT ( 'NONE',  ( 121.6244003960999436, 95.44074845193040346, -18.66963434846971737 ) ) ;
#1452 = ADVANCED_FACE ( 'NONE', ( #243 ), #497, .F. ) ;
#1453 = CARTESIAN_POINT ( 'NONE',  ( 120.1991230516169935, 91.03401509175300532, -14.44213350098800319 ) ) ;
#1454 = CARTESIAN_POINT ( 'NONE',  ( 121.7991230516170020, 95.35689157500767976, -17.94213350098800319 ) ) ;
#1455 = ORIENTED_EDGE ( 'NONE', *, *, #743, .F. ) ;
#1456 = DIRECTION ( 'NONE',  ( -0.000000000000000000, -0.000000000000000000, -1.000000000000000000 ) ) ;
#1457 = DIRECTION ( 'NONE',  ( 0.000000000000000000, 0.000000000000000000, -1.000000000000000000 ) ) ;
#1458 = EDGE_CURVE ( 'NONE', #1222, #1469, #865, .T. ) ;
#1459 = VECTOR ( 'NONE', #1208, 1000.000000000000000 ) ;
#1460 = AXIS2_PLACEMENT_3D ( 'NONE', #1241, #120, #962 ) ;
#1461 = AXIS2_PLACEMENT_3D ( 'NONE', #89, #479, #1602 ) ;
#1462 = LINE ( 'NONE', #616, #224 ) ;
#1463 = CLOSED_SHELL ( 'NONE', ( #1149, #629, #627, #1336 ) ) ;
#1464 = DIRECTION ( 'NONE',  ( 0.000000000000000000, 1.000000000000000000, 0.000000000000000000 ) ) ;
#1465 = CARTESIAN_POINT ( 'NONE',  ( 120.1991230516169935, 91.63901509175300930, -12.44213350098799964 ) ) ;
#1466 = DIRECTION ( 'NONE',  ( 1.000000000000000000, 0.000000000000000000, 0.000000000000000000 ) ) ;
#1467 = VERTEX_POINT ( 'NONE', #1215 ) ;
#1468 = ADVANCED_FACE ( 'NONE', ( #981 ), #976, .F. ) ;
#1469 = VERTEX_POINT ( 'NONE', #363 ) ;
#1470 = EDGE_CURVE ( 'NONE', #406, #571, #1102, .T. ) ;
#1471 = CARTESIAN_POINT ( 'NONE',  ( 126.1991230516169793, 91.03401509175300532, -5.442133500988001416 ) ) ;
#1472 = DIRECTION ( 'NONE',  ( 0.000000000000000000, 0.000000000000000000, -1.000000000000000000 ) ) ;
#1473 = FACE_OUTER_BOUND ( 'NONE', #28, .T. ) ;
#1474 = EDGE_LOOP ( 'NONE', ( #1004, #404 ) ) ;
#1475 = ORIENTED_EDGE ( 'NONE', *, *, #762, .F. ) ;
#1476 = CARTESIAN_POINT ( 'NONE',  ( 124.7475049968780496, 97.56493563773251765, -29.84213350099208384 ) ) ;
#1477 = CARTESIAN_POINT ( 'NONE',  ( 114.4007411063561790, 86.92309454577330996, -6.442133500988000527 ) ) ;
#1478 = B_SPLINE_CURVE_WITH_KNOTS ( 'NONE', 3,
 ( #411, #531, #651, #1401, #18, #288, #32, #1503, #1033, #1510, #402, #781, #1270, #393, #1147, #27, #1366, #542, #911, #790, #634, #1003, #1127, #1497, #264, #757, #1255, #1134, #767, #1264, #574, #818, #79, #1191, #468, #1184, #1299, #303, #1064, #1573, #701, #332, #1419, #1429, #192, #580, #1053, #459, #1196, #1547, #71, #180, #1442, #52, #324, #1170, #1041, #692, #805, #1311, #796, #1072, #828, #40, #551, #204, #61, #1556, #1563, #953, #1318, #1536, #447, #427, #1291, #213, #565, #437, #922, #1411, #706, #960, #591, #941, #1085, #1451, #681, #932, #338, #1284, #171, #676, #311, #1161 ),
 .UNSPECIFIED., .F., .F.,
 ( 4, 2, 2, 1, 1, 2, 2, 2, 1, 1, 1, 2, 2, 2, 2, 1, 2, 2, 2, 2, 1, 2, 2, 2, 1, 2, 2, 2, 2, 2, 1, 2, 2, 2, 1, 1, 2, 2, 2, 2, 1, 2, 2, 2, 2, 1, 1, 2, 2, 2, 1, 1, 2, 2, 4 ),
 ( 0.000000000000000000, 0.06249999999989133692, 0.09374999999983761600, 0.1093749999998112898, 0.1171874999997988137, 0.1210937499997903205, 0.1249999999997818412, 0.1562499999997026545, 0.1718749999996622146, 0.1796874999996419808, 0.1835937499996330713, 0.1855468749996293243, 0.1874999999996256050, 0.2187499999995804190, 0.2343749999995610456, 0.2421874999995513589, 0.2460937499995465294, 0.2499999999995416722, 0.2812499999994831357, 0.2968749999994523270, 0.3046874999994379496, 0.3085937499994340083, 0.3124999999994300670, 0.3437499999993782751, 0.3593749999993523514, 0.3671874999993437472, 0.3749999999993350874, 0.4999999999992357225, 0.5624999999991816546, 0.5937499999991504573, 0.6093749999991305843, 0.6171874999991207034, 0.6249999999991107114, 0.6562499999990621946, 0.6718749999990414334, 0.6796874999990336619, 0.6835937499990305533, 0.6874999999990274446, 0.7187499999989944710, 0.7343749999989805932, 0.7421874999989729327, 0.7460937499989716004, 0.7499999999989702681, 0.7812499999989368504, 0.7968749999989243049, 0.8046874999989188648, 0.8085937499989195310, 0.8105468749989266364, 0.8124999999989336308, 0.8437499999991059374, 0.8593749999991909805, 0.8671874999992336130, 0.8710937499992549293, 0.8749999999992761346, 1.000000000000000000 ),
 .UNSPECIFIED. ) ;
#1479 = CARTESIAN_POINT ( 'NONE',  ( 120.1991230516169935, 96.89401509175300475, -17.94213350098799964 ) ) ;
#1480 = DIRECTION ( 'NONE',  ( 0.000000000000000000, 0.000000000000000000, 1.000000000000000000 ) ) ;
#1481 = EDGE_LOOP ( 'NONE', ( #1368, #186 ) ) ;
#1482 = DIRECTION ( 'NONE',  ( 0.000000000000000000, 0.000000000000000000, 1.000000000000000000 ) ) ;
#1483 = AXIS2_PLACEMENT_3D ( 'NONE', #70, #1084, #1450 ) ;
#1484 = AXIS2_PLACEMENT_3D ( 'NONE', #642, #1022, #1389 ) ;
#1485 = FACE_OUTER_BOUND ( 'NONE', #137, .T. ) ;
#1486 = CIRCLE ( 'NONE', #736, 1.649999999999998579 ) ;
#1487 = EDGE_CURVE ( 'NONE', #1520, #253, #501, .T. ) ;
#1488 = DIRECTION ( 'NONE',  ( 1.000000000000000000, 0.000000000000000000, 0.000000000000000000 ) ) ;
#1489 = CARTESIAN_POINT ( 'NONE',  ( 124.2700435975967252, 87.69563314649198560, -6.442133500988000527 ) ) ;
#1490 = CARTESIAN_POINT ( 'NONE',  ( 107.7137726360299297, 91.63901509175305193, -14.44213350098800319 ) ) ;
#1491 = ORIENTED_EDGE ( 'NONE', *, *, #769, .T. ) ;
#1492 = CARTESIAN_POINT ( 'NONE',  ( 121.6368845996051391, 95.43522639893532755, -17.23818113247764572 ) ) ;
#1493 = FACE_OUTER_BOUND ( 'NONE', #1395, .T. ) ;
#1494 = CYLINDRICAL_SURFACE ( 'NONE', #638, 12.49999999999999645 ) ;
#1495 = ADVANCED_FACE ( 'NONE', ( #725 ), #1609, .F. ) ;
#1496 = VERTEX_POINT ( 'NONE', #609 ) ;
#1497 = CARTESIAN_POINT ( 'NONE',  ( 118.9746709721943176, 95.52304559011562901, -18.97253721439344432 ) ) ;
#1498 = EDGE_LOOP ( 'NONE', ( #1604, #276 ) ) ;
#1499 = CARTESIAN_POINT ( 'NONE',  ( 120.4030728743274210, 95.74388207282376584, -16.34241835803991805 ) ) ;
#1500 = CARTESIAN_POINT ( 'NONE',  ( 114.8782025056375176, 96.79239703701385622, -30.84213350099201989 ) ) ;
#1501 = CARTESIAN_POINT ( 'NONE',  ( 120.1991230516169935, 91.03401509175300532, -12.44213350098799964 ) ) ;
#1502 = VERTEX_POINT ( 'NONE', #1490 ) ;
#1503 = CARTESIAN_POINT ( 'NONE',  ( 118.7047044340474855, 95.40896340617197779, -18.51402061846554403 ) ) ;
#1504 = EDGE_CURVE ( 'NONE', #907, #620, #1229, .T. ) ;
#1505 = CARTESIAN_POINT ( 'NONE',  ( 121.6774053448391868, 95.41650429739061678, -17.32999451685915560 ) ) ;
#1506 = CIRCLE ( 'NONE', #346, 2.250000000000015987 ) ;
#1507 = DIRECTION ( 'NONE',  ( -1.000000000000000000, 0.000000000000000000, 0.000000000000000000 ) ) ;
#1508 = EDGE_LOOP ( 'NONE', ( #392, #1557, #195, #1439 ) ) ;
#1509 = CIRCLE ( 'NONE', #1, 1.250000000000001110 ) ;
#1510 = CARTESIAN_POINT ( 'NONE',  ( 118.7176621934609102, 95.41502331980636598, -18.54655296617864124 ) ) ;
#1511 = EDGE_LOOP ( 'NONE', ( #1124, #1410, #1491, #1533 ) ) ;
#1512 = ADVANCED_FACE ( 'NONE', ( #221 ), #716, .F. ) ;
#1513 = VERTEX_POINT ( 'NONE', #345 ) ;
#1514 = VECTOR ( 'NONE', #942, 1000.000000000000000 ) ;
#1515 = CARTESIAN_POINT ( 'NONE',  ( 119.3310272265445917, 95.63465352104334727, -16.59808792604104610 ) ) ;
#1516 = EDGE_LOOP ( 'NONE', ( #721, #238 ) ) ;
#1517 = DIRECTION ( 'NONE',  ( 0.000000000000000000, 0.000000000000000000, 1.000000000000000000 ) ) ;
#1518 = ORIENTED_EDGE ( 'NONE', *, *, #35, .T. ) ;
#1519 = CARTESIAN_POINT ( 'NONE',  ( 120.1991230516169935, 92.24401509175301328, -14.44213350098800319 ) ) ;
#1520 = VERTEX_POINT ( 'NONE', #1261 ) ;
#1521 = ORIENTED_EDGE ( 'NONE', *, *, #1585, .T. ) ;
#1522 = CARTESIAN_POINT ( 'NONE',  ( 120.6140730988403220, 95.72550140633367732, -16.38113948876790715 ) ) ;
#1523 = ORIENTED_EDGE ( 'NONE', *, *, #352, .T. ) ;
#1524 = CARTESIAN_POINT ( 'NONE',  ( 120.1991230516169935, 92.24401509175301328, -14.44213350098800319 ) ) ;
#1525 = ORIENTED_EDGE ( 'NONE', *, *, #709, .T. ) ;
#1526 = CARTESIAN_POINT ( 'NONE',  ( 0.000000000000000000, 0.000000000000000000, -20.44213350098800319 ) ) ;
#1527 = ORIENTED_EDGE ( 'NONE', *, *, #205, .T. ) ;
#1528 = ORIENTED_EDGE ( 'NONE', *, *, #977, .F. ) ;
#1529 = CARTESIAN_POINT ( 'NONE',  ( 119.0742767552076629, 95.55834317865790695, -16.80423621609654816 ) ) ;
#1530 = AXIS2_PLACEMENT_3D ( 'NONE', #833, #564, #1331 ) ;
#1531 = ORIENTED_EDGE ( 'NONE', *, *, #825, .T. ) ;
#1532 = FACE_OUTER_BOUND ( 'NONE', #1297, .T. ) ;
#1533 = ORIENTED_EDGE ( 'NONE', *, *, #1359, .F. ) ;
#1534 = ADVANCED_FACE ( 'NONE', ( #286 ), #1047, .F. ) ;
#1535 = CIRCLE ( 'NONE', #1076, 1.249999999999987121 ) ;
#1536 = CARTESIAN_POINT ( 'NONE',  ( 121.3192430221928788, 95.55993958318690318, -19.08467168159349470 ) ) ;
#1537 = EDGE_LOOP ( 'NONE', ( #440, #927 ) ) ;
#1538 = AXIS2_PLACEMENT_3D ( 'NONE', #643, #540, #380 ) ;
#1539 = AXIS2_PLACEMENT_3D ( 'NONE', #1358, #876, #505 ) ;
#1540 = ORIENTED_EDGE ( 'NONE', *, *, #318, .T. ) ;
#1541 = CARTESIAN_POINT ( 'NONE',  ( 130.0991230516169992, 92.24401509175301328, 13.84213774647389705 ) ) ;
#1542 = LINE ( 'NONE', #432, #613 ) ;
#1543 = ORIENTED_EDGE ( 'NONE', *, *, #368, .F. ) ;
#1544 = FACE_OUTER_BOUND ( 'NONE', #1249, .T. ) ;
#1545 = EDGE_CURVE ( 'NONE', #1010, #1445, #816, .T. ) ;
#1546 = DIRECTION ( 'NONE',  ( 3.191741072935014463E-15, 2.573868890628963094E-15, 1.000000000000000000 ) ) ;
#1547 = CARTESIAN_POINT ( 'NONE',  ( 120.5570359577527455, 95.72586455631329727, -19.50248630641120684 ) ) ;
#1548 = SURFACE_STYLE_USAGE ( .BOTH. , #933 ) ;
#1549 = EDGE_CURVE ( 'NONE', #1403, #1467, #843, .T. ) ;
#1550 = ORIENTED_EDGE ( 'NONE', *, *, #1277, .F. ) ;
#1551 = CARTESIAN_POINT ( 'NONE',  ( 123.5991230516169992, 92.24401509175301328, -32.05878572512504832 ) ) ;
#1552 = CARTESIAN_POINT ( 'NONE',  ( 118.7738457071390883, 95.44074845193250667, -17.21463265349652261 ) ) ;
#1553 = FACE_BOUND ( 'NONE', #340, .T. ) ;
#1554 = VERTEX_POINT ( 'NONE', #1133 ) ;
#1555 = LINE ( 'NONE', #817, #156 ) ;
#1556 = CARTESIAN_POINT ( 'NONE',  ( 121.2418172610174310, 95.58510698349257950, -19.15606860090849395 ) ) ;
#1557 = ORIENTED_EDGE ( 'NONE', *, *, #1054, .T. ) ;
#1558 = CARTESIAN_POINT ( 'NONE',  ( 124.1991230516169793, 91.03401509175300532, -40.72640474844988745 ) ) ;
#1559 = CYLINDRICAL_SURFACE ( 'NONE', #162, 9.900000000000005684 ) ;
#1560 = FACE_OUTER_BOUND ( 'NONE', #687, .T. ) ;
#1561 = DIRECTION ( 'NONE',  ( -1.000000000000000000, 0.000000000000000000, 0.000000000000000000 ) ) ;
#1562 = DIRECTION ( 'NONE',  ( -1.000000000000000000, 0.000000000000000000, 0.000000000000000000 ) ) ;
#1563 = CARTESIAN_POINT ( 'NONE',  ( 121.2744603175597859, 95.57471303845272814, -19.12698040027866497 ) ) ;
#1564 = CONICAL_SURFACE ( 'NONE', #423, 1.250000000000001110, 0.7853981633974576049 ) ;
#1565 = ORIENTED_EDGE ( 'NONE', *, *, #707, .T. ) ;
#1566 = CARTESIAN_POINT ( 'NONE',  ( 114.8782025056375176, 96.79239703701385622, -29.84213350099202344 ) ) ;
#1567 = CIRCLE ( 'NONE', #592, 2.000000000000001776 ) ;
#1568 = ADVANCED_FACE ( 'NONE', ( #778, #1251 ), #141, .T. ) ;
#1569 = DIRECTION ( 'NONE',  ( 0.000000000000000000, 0.000000000000000000, -1.000000000000000000 ) ) ;
#1570 = DIRECTION ( 'NONE',  ( 3.191741072935014463E-15, 2.573868890628963094E-15, 1.000000000000000000 ) ) ;
#1571 = CARTESIAN_POINT ( 'NONE',  ( 125.5200435975967252, 87.69563314649198560, -6.442133500988000527 ) ) ;
#1572 = CYLINDRICAL_SURFACE ( 'NONE', #80, 1.600000000000004086 ) ;
#1573 = CARTESIAN_POINT ( 'NONE',  ( 119.4002847056795389, 95.65185523027700754, -19.32941929348338661 ) ) ;
#1574 = CARTESIAN_POINT ( 'NONE',  ( 107.7137726360299297, 91.63901509175305193, -12.44213350098799964 ) ) ;
#1575 = DIRECTION ( 'NONE',  ( 1.000000000000000000, 0.000000000000000000, -4.205390244792263185E-15 ) ) ;
#1576 = LINE ( 'NONE', #688, #500 ) ;
#1577 = DIRECTION ( 'NONE',  ( 3.191741072935014463E-15, 2.573868890628963094E-15, 1.000000000000000000 ) ) ;
#1578 = CARTESIAN_POINT ( 'NONE',  ( 126.1991230516169793, 91.03401509175300532, -40.72640474844988745 ) ) ;
#1579 = EDGE_LOOP ( 'NONE', ( #37, #1040, #127, #897 ) ) ;
#1580 = DIRECTION ( 'NONE',  ( 0.000000000000000000, 0.000000000000000000, 1.000000000000000000 ) ) ;
#1581 = DIRECTION ( 'NONE',  ( 0.000000000000000000, 0.000000000000000000, -1.000000000000000000 ) ) ;
#1582 = CARTESIAN_POINT ( 'NONE',  ( 120.1991230516169935, 96.89401509175300475, -17.94213350098799964 ) ) ;
#1583 = ADVANCED_FACE ( 'NONE', ( #1274 ), #1494, .T. ) ;
#1584 = VECTOR ( 'NONE', #533, 1000.000000000000114 ) ;
#1585 = EDGE_CURVE ( 'NONE', #66, #312, #1435, .T. ) ;
#1586 = CYLINDRICAL_SURFACE ( 'NONE', #914, 9.999999999999994671 ) ;
#1587 = AXIS2_PLACEMENT_3D ( 'NONE', #1524, #169, #1273 ) ;
#1588 = CIRCLE ( 'NONE', #1100, 2.249999999999988010 ) ;
#1589 = ORIENTED_EDGE ( 'NONE', *, *, #234, .T. ) ;
#1590 = AXIS2_PLACEMENT_3D ( 'NONE', #877, #1009, #151 ) ;
#1591 = CARTESIAN_POINT ( 'NONE',  ( 132.6991230516169935, 91.03401509175300532, -50.66317848867436169 ) ) ;
#1592 = CARTESIAN_POINT ( 'NONE',  ( 117.9007411063562074, 86.92309454577330996, -30.84213350099200568 ) ) ;
#1593 = CARTESIAN_POINT ( 'NONE',  ( 107.6991230516169935, 92.24401509175301328, -50.66317848867436169 ) ) ;
#1594 = CARTESIAN_POINT ( 'NONE',  ( 132.6991230516169935, 92.24401509175301328, -14.44213350098800319 ) ) ;
#1595 = ORIENTED_EDGE ( 'NONE', *, *, #166, .T. ) ;
#1596 = AXIS2_PLACEMENT_3D ( 'NONE', #215, #226, #83 ) ;
#1597 = DIRECTION ( 'NONE',  ( 1.000000000000000000, 0.000000000000000000, 0.000000000000000000 ) ) ;
#1598 = VERTEX_POINT ( 'NONE', #160 ) ;
#1599 = CYLINDRICAL_SURFACE ( 'NONE', #82, 12.49999999999999645 ) ;
#1600 = DIRECTION ( 'NONE',  ( 1.000000000000000000, 0.000000000000000000, 0.000000000000000000 ) ) ;
#1601 = CARTESIAN_POINT ( 'NONE',  ( 126.1991230516169793, 91.03401509175300532, -20.44213350098800319 ) ) ;
#1602 = DIRECTION ( 'NONE',  ( 1.000000000000000000, 0.000000000000000000, 0.000000000000000000 ) ) ;
#1603 = ORIENTED_EDGE ( 'NONE', *, *, #428, .F. ) ;
#1604 = ORIENTED_EDGE ( 'NONE', *, *, #1130, .T. ) ;
#1605 = CARTESIAN_POINT ( 'NONE',  ( 124.7475049968780496, 97.56493563773251765, -6.442133500988000527 ) ) ;
#1606 = ADVANCED_FACE ( 'NONE', ( #1365 ), #386, .F. ) ;
#1607 = CARTESIAN_POINT ( 'NONE',  ( 107.6991230516169935, 91.03401509175300532, -50.66317848867436169 ) ) ;
#1608 = CYLINDRICAL_SURFACE ( 'NONE', #784, 1.600000000000004086 ) ;
#1609 = PLANE ( 'NONE',  #667 ) ;
#1610 = EDGE_LOOP ( 'NONE', ( #924, #400, #754, #1518 ) ) ;
#1611 = CARTESIAN_POINT ( 'NONE',  ( 120.1991230516169935, 92.24401509175301328, -22.44213350098799964 ) ) ;
#1612 = AXIS2_PLACEMENT_3D ( 'NONE', #206, #461, #1186 ) ;
#1613 = EDGE_CURVE ( 'NONE', #317, #550, #1567, .T. ) ;
#1614 = AXIS2_PLACEMENT_3D ( 'NONE', #1132, #895, #752 ) ;
#1615 = CYLINDRICAL_SURFACE ( 'NONE', #1460, 1.250000000000001110 ) ;
ENDSEC;
END-ISO-10303-21;
