ISO-10303-21;
HEADER;
FILE_DESCRIPTION (( 'STEP AP214' ),
    '1' );
FILE_NAME ('pivot mid bigger disc diameter with motor shaft.STEP',
    '2026-02-20T15:47:32',
    ( '' ),
    ( '' ),
    'SwSTEP 2.0',
    'SolidWorks 2023',
    '' );
FILE_SCHEMA (( 'AUTOMOTIVE_DESIGN' ));
ENDSEC;

DATA;
#1 = CARTESIAN_POINT ( 'NONE',  ( 120.1991230516170077, 92.24401509175299907, -12.44213350098799964 ) ) ;
#2 = DIRECTION ( 'NONE',  ( 1.000000000000000000, 0.000000000000000000, 0.000000000000000000 ) ) ;
#3 = ADVANCED_FACE ( 'NONE', ( #1720 ), #1069, .F. ) ;
#4 = PLANE ( 'NONE',  #827 ) ;
#5 = CARTESIAN_POINT ( 'NONE',  ( 119.0613321674755838, 95.55391985345332273, -19.06707764084659829 ) ) ;
#6 = ORIENTED_EDGE ( 'NONE', *, *, #203, .T. ) ;
#7 = VECTOR ( 'NONE', #1035, 1000.000000000000000 ) ;
#8 = VERTEX_POINT ( 'NONE', #255 ) ;
#9 = CYLINDRICAL_SURFACE ( 'NONE', #1214, 3.199999999999994404 ) ;
#10 = CIRCLE ( 'NONE', #1454, 12.50000000000001066 ) ;
#11 = CIRCLE ( 'NONE', #1347, 12.50000000000001066 ) ;
#12 = CARTESIAN_POINT ( 'NONE',  ( 120.1991230516170646, 92.24401509175302749, -12.14558228953274721 ) ) ;
#13 = CARTESIAN_POINT ( 'NONE',  ( 120.8815734986954880, 95.67680800125465623, -16.49472077032483597 ) ) ;
#14 = DIRECTION ( 'NONE',  ( -0.000000000000000000, -0.000000000000000000, -1.000000000000000000 ) ) ;
#15 = VECTOR ( 'NONE', #646, 1000.000000000000000 ) ;
#16 = ADVANCED_FACE ( 'NONE', ( #1302 ), #248, .T. ) ;
#17 = CARTESIAN_POINT ( 'NONE',  ( 118.8667118704792216, 95.48049460165658786, -18.82796280359238850 ) ) ;
#18 = ORIENTED_EDGE ( 'NONE', *, *, #909, .F. ) ;
#19 = ORIENTED_EDGE ( 'NONE', *, *, #289, .F. ) ;
#20 = AXIS2_PLACEMENT_3D ( 'NONE', #292, #1150, #1227 ) ;
#21 = CARTESIAN_POINT ( 'NONE',  ( 123.9200435975964183, 87.69563314649211350, -12.44213350098799964 ) ) ;
#22 = DIRECTION ( 'NONE',  ( 0.000000000000000000, 0.000000000000000000, -1.000000000000000000 ) ) ;
#23 = CARTESIAN_POINT ( 'NONE',  ( 118.5991230516169992, 95.35689157500769397, -17.94213350098799964 ) ) ;
#24 = VERTEX_POINT ( 'NONE', #366 ) ;
#25 = FACE_OUTER_BOUND ( 'NONE', #1249, .T. ) ;
#26 = EDGE_CURVE ( 'NONE', #513, #1414, #852, .T. ) ;
#27 = ORIENTED_EDGE ( 'NONE', *, *, #834, .T. ) ;
#28 = CARTESIAN_POINT ( 'NONE',  ( 117.2507411063561733, 86.92309454577330996, -28.09213350099200213 ) ) ;
#29 = CONICAL_SURFACE ( 'NONE', #394, 2.250000000000015987, 0.7853981633974506105 ) ;
#30 = CARTESIAN_POINT ( 'NONE',  ( 121.7899737338634480, 95.36194479289167703, -17.74124862582703344 ) ) ;
#31 = CARTESIAN_POINT ( 'NONE',  ( 126.3475049968780297, 97.56493563773247502, -12.44213350098799964 ) ) ;
#32 = CARTESIAN_POINT ( 'NONE',  ( 110.1991230516169935, 91.03401509175299111, -5.442133500987999639 ) ) ;
#33 = ORIENTED_EDGE ( 'NONE', *, *, #1149, .T. ) ;
#34 = AXIS2_PLACEMENT_3D ( 'NONE', #744, #979, #855 ) ;
#35 = ADVANCED_FACE ( 'NONE', ( #1425 ), #792, .F. ) ;
#36 =( GEOMETRIC_REPRESENTATION_CONTEXT ( 3 ) GLOBAL_UNCERTAINTY_ASSIGNED_CONTEXT ( ( #937 ) ) GLOBAL_UNIT_ASSIGNED_CONTEXT ( ( #1672, #245, #1298 ) ) REPRESENTATION_CONTEXT ( 'NONE', 'WORKASPACE' ) );
#37 = AXIS2_PLACEMENT_3D ( 'NONE', #1695, #1028, #752 ) ;
#38 = AXIS2_PLACEMENT_3D ( 'NONE', #140, #444, #290 ) ;
#39 = ORIENTED_EDGE ( 'NONE', *, *, #1546, .T. ) ;
#40 = EDGE_CURVE ( 'NONE', #960, #54, #1368, .T. ) ;
#41 = DIRECTION ( 'NONE',  ( 0.000000000000000000, 0.000000000000000000, 1.000000000000000000 ) ) ;
#42 = CARTESIAN_POINT ( 'NONE',  ( 126.9975049968780070, 97.56493563773250344, -28.74213350099208242 ) ) ;
#43 = CARTESIAN_POINT ( 'NONE',  ( 123.9200435975964467, 87.69563314649214192, -7.916650101394086647 ) ) ;
#44 = AXIS2_PLACEMENT_3D ( 'NONE', #755, #112, #361 ) ;
#45 = CARTESIAN_POINT ( 'NONE',  ( 121.4235757573058123, 95.52304548813584972, -16.91173052634619367 ) ) ;
#46 = DIRECTION ( 'NONE',  ( 0.000000000000000000, 0.000000000000000000, -1.000000000000000000 ) ) ;
#47 = CARTESIAN_POINT ( 'NONE',  ( 126.1991230516169793, 91.03401509175299111, -5.442133500987999639 ) ) ;
#48 = DIRECTION ( 'NONE',  ( -0.000000000000000000, -0.000000000000000000, -1.000000000000000000 ) ) ;
#49 = EDGE_CURVE ( 'NONE', #1017, #871, #1190, .T. ) ;
#50 = CARTESIAN_POINT ( 'NONE',  ( 121.3369139357300241, 95.55391985346084027, -16.81718936110096863 ) ) ;
#51 = DIRECTION ( 'NONE',  ( -1.000000000000000000, 0.000000000000000000, 3.133897229209509317E-15 ) ) ;
#52 = CARTESIAN_POINT ( 'NONE',  ( 124.7475049968780070, 97.56493563773250344, -28.74213350099207887 ) ) ;
#53 = ORIENTED_EDGE ( 'NONE', *, *, #275, .F. ) ;
#54 = VERTEX_POINT ( 'NONE', #147 ) ;
#55 = CARTESIAN_POINT ( 'NONE',  ( 125.5200435975964126, 87.69563314649212771, -12.44213350098799964 ) ) ;
#56 = DIRECTION ( 'NONE',  ( 0.000000000000000000, 0.000000000000000000, 1.000000000000000000 ) ) ;
#57 = FACE_OUTER_BOUND ( 'NONE', #1694, .T. ) ;
#58 = EDGE_CURVE ( 'NONE', #1126, #612, #201, .T. ) ;
#59 = ORIENTED_EDGE ( 'NONE', *, *, #266, .F. ) ;
#60 = DIRECTION ( 'NONE',  ( 1.000000000000000000, 0.000000000000000000, 0.000000000000000000 ) ) ;
#61 = EDGE_LOOP ( 'NONE', ( #784, #423, #1033, #1314 ) ) ;
#62 = FACE_OUTER_BOUND ( 'NONE', #1603, .T. ) ;
#63 = VECTOR ( 'NONE', #448, 999.9999999999998863 ) ;
#64 = DIRECTION ( 'NONE',  ( 0.000000000000000000, 0.000000000000000000, -1.000000000000000000 ) ) ;
#65 = CARTESIAN_POINT ( 'NONE',  ( 118.7395371568708811, 95.42516654722379599, -17.28650373385151795 ) ) ;
#66 = CIRCLE ( 'NONE', #660, 4.099999999999978328 ) ;
#67 = VECTOR ( 'NONE', #163, 999.9999999999998863 ) ;
#68 = FACE_BOUND ( 'NONE', #1283, .T. ) ;
#69 = AXIS2_PLACEMENT_3D ( 'NONE', #382, #502, #1011 ) ;
#70 = ORIENTED_EDGE ( 'NONE', *, *, #633, .F. ) ;
#71 = ADVANCED_FACE ( 'NONE', ( #296 ), #1216, .F. ) ;
#72 = DIRECTION ( 'NONE',  ( 1.000000000000000000, 0.000000000000000000, 0.000000000000000000 ) ) ;
#73 = LINE ( 'NONE', #1163, #632 ) ;
#74 = ORIENTED_EDGE ( 'NONE', *, *, #834, .F. ) ;
#75 = CARTESIAN_POINT ( 'NONE',  ( 116.4782025056375971, 96.79239703701408359, -7.916650101394083094 ) ) ;
#76 = DIRECTION ( 'NONE',  ( 0.000000000000000000, 0.000000000000000000, 1.000000000000000000 ) ) ;
#77 = CARTESIAN_POINT ( 'NONE',  ( 126.1991230516169793, 91.03401509175299111, -5.442133500987999639 ) ) ;
#78 = DIRECTION ( 'NONE',  ( -1.000000000000000000, 0.000000000000000000, 3.384826294588909689E-15 ) ) ;
#79 = DIRECTION ( 'NONE',  ( -3.191741072935010124E-15, -2.573868890628970194E-15, -1.000000000000000000 ) ) ;
#80 = DIRECTION ( 'NONE',  ( 0.000000000000000000, 1.000000000000000000, 0.000000000000000000 ) ) ;
#81 = ORIENTED_EDGE ( 'NONE', *, *, #1637, .T. ) ;
#82 = EDGE_CURVE ( 'NONE', #970, #1487, #340, .T. ) ;
#83 = ORIENTED_EDGE ( 'NONE', *, *, #961, .T. ) ;
#84 = DIRECTION ( 'NONE',  ( -0.000000000000000000, 0.000000000000000000, 1.000000000000000000 ) ) ;
#85 = DIRECTION ( 'NONE',  ( 1.000000000000000000, 0.000000000000000000, 0.000000000000000000 ) ) ;
#86 = DIRECTION ( 'NONE',  ( -1.000000000000000000, 0.000000000000000000, 0.000000000000000000 ) ) ;
#87 = DIRECTION ( 'NONE',  ( 1.000000000000000000, 0.000000000000000000, 0.000000000000000000 ) ) ;
#88 = CARTESIAN_POINT ( 'NONE',  ( 118.6876973989102737, 95.40094931843412951, -18.46838480678452399 ) ) ;
#89 = ORIENTED_EDGE ( 'NONE', *, *, #1711, .F. ) ;
#90 = EDGE_CURVE ( 'NONE', #1487, #513, #714, .T. ) ;
#91 = DIRECTION ( 'NONE',  ( -0.000000000000000000, -0.000000000000000000, -1.000000000000000000 ) ) ;
#92 = CYLINDRICAL_SURFACE ( 'NONE', #693, 1.599999999999990319 ) ;
#93 = EDGE_CURVE ( 'NONE', #1430, #1005, #599, .T. ) ;
#94 = CARTESIAN_POINT ( 'NONE',  ( 110.1991230516169935, 91.03401509175299111, -5.442133500987999639 ) ) ;
#95 = CARTESIAN_POINT ( 'NONE',  ( 121.2382698076047802, 95.58763590668935706, -16.71843747592955509 ) ) ;
#96 = AXIS2_PLACEMENT_3D ( 'NONE', #510, #332, #874 ) ;
#97 = ORIENTED_EDGE ( 'NONE', *, *, #815, .F. ) ;
#98 = VECTOR ( 'NONE', #584, 1000.000000000000000 ) ;
#99 = CIRCLE ( 'NONE', #283, 1.600000000000004086 ) ;
#100 = CARTESIAN_POINT ( 'NONE',  ( 116.2991230516170020, 91.03401509175299111, -20.44213350098800319 ) ) ;
#101 = VERTEX_POINT ( 'NONE', #839 ) ;
#102 = VERTEX_POINT ( 'NONE', #31 ) ;
#103 = DIRECTION ( 'NONE',  ( -3.133897229209509317E-15, -2.507117783367607769E-15, -1.000000000000000000 ) ) ;
#104 = DIRECTION ( 'NONE',  ( -1.000000000000000000, 0.000000000000000000, 3.083952846180968390E-15 ) ) ;
#105 = CARTESIAN_POINT ( 'NONE',  ( 122.4975049968779928, 97.56493563773250344, -28.74213350099207176 ) ) ;
#106 = CARTESIAN_POINT ( 'NONE',  ( 127.1200435975964069, 87.69563314649211350, -12.44213350098799964 ) ) ;
#107 = EDGE_CURVE ( 'NONE', #461, #1435, #419, .T. ) ;
#108 = ORIENTED_EDGE ( 'NONE', *, *, #955, .F. ) ;
#109 = CIRCLE ( 'NONE', #732, 3.199999999999994404 ) ;
#110 = CARTESIAN_POINT ( 'NONE',  ( 120.1991230516170077, 92.24401509175299907, -28.74213350099205044 ) ) ;
#111 = ORIENTED_EDGE ( 'NONE', *, *, #547, .F. ) ;
#112 = DIRECTION ( 'NONE',  ( -0.000000000000000000, 0.000000000000000000, 1.000000000000000000 ) ) ;
#113 = CARTESIAN_POINT ( 'NONE',  ( 117.2507411063560454, 86.92309454577367944, -7.916650101394062666 ) ) ;
#114 = CARTESIAN_POINT ( 'NONE',  ( 114.8782025056375886, 96.79239703701406938, -12.44213350098799964 ) ) ;
#115 = EDGE_CURVE ( 'NONE', #1055, #1461, #549, .T. ) ;
#116 = ORIENTED_EDGE ( 'NONE', *, *, #1398, .T. ) ;
#117 = DIRECTION ( 'NONE',  ( 1.000000000000000000, 0.000000000000000000, 0.000000000000000000 ) ) ;
#118 = DIRECTION ( 'NONE',  ( -1.000000000000000000, 0.000000000000000000, 0.000000000000000000 ) ) ;
#119 = CARTESIAN_POINT ( 'NONE',  ( 120.2977362348568704, 95.74407968599172136, -19.54227357510917429 ) ) ;
#120 = FACE_BOUND ( 'NONE', #884, .T. ) ;
#121 = CARTESIAN_POINT ( 'NONE',  ( 120.1005098672360418, 95.74407968591643225, -16.34199342686492429 ) ) ;
#122 = SURFACE_STYLE_USAGE ( .BOTH. , #228 ) ;
#123 = DIRECTION ( 'NONE',  ( 1.000000000000000000, 0.000000000000000000, 0.000000000000000000 ) ) ;
#124 = AXIS2_PLACEMENT_3D ( 'NONE', #55, #733, #1518 ) ;
#125 = CIRCLE ( 'NONE', #256, 2.100000000000004530 ) ;
#126 = CARTESIAN_POINT ( 'NONE',  ( 121.3841468905283278, 95.53778413023594851, -19.01983610145910220 ) ) ;
#127 = ORIENTED_EDGE ( 'NONE', *, *, #1559, .T. ) ;
#128 = CIRCLE ( 'NONE', #343, 1.600000000000004086 ) ;
#129 = ADVANCED_FACE ( 'NONE', ( #412 ), #4, .F. ) ;
#130 = DIRECTION ( 'NONE',  ( 0.000000000000000000, 1.000000000000000000, 0.000000000000000000 ) ) ;
#131 = LINE ( 'NONE', #1712, #15 ) ;
#132 = EDGE_LOOP ( 'NONE', ( #493, #1164 ) ) ;
#133 = CARTESIAN_POINT ( 'NONE',  ( 119.5166726050340884, 95.67680800135866548, -19.38954623188140047 ) ) ;
#134 = ORIENTED_EDGE ( 'NONE', *, *, #203, .F. ) ;
#135 = DIRECTION ( 'NONE',  ( -1.000000000000000000, 0.000000000000000000, 0.000000000000000000 ) ) ;
#136 = ORIENTED_EDGE ( 'NONE', *, *, #1650, .T. ) ;
#137 = EDGE_CURVE ( 'NONE', #642, #101, #1049, .T. ) ;
#138 = DIRECTION ( 'NONE',  ( -3.133897229209509317E-15, -2.507117783367607769E-15, -1.000000000000000000 ) ) ;
#139 = CARTESIAN_POINT ( 'NONE',  ( 118.8780509779783188, 95.48516078018738540, -17.03947411612124441 ) ) ;
#140 = CARTESIAN_POINT ( 'NONE',  ( 125.5200435975966116, 87.69563314649201402, -28.74213350099205755 ) ) ;
#141 = CARTESIAN_POINT ( 'NONE',  ( 118.7124219933059948, 95.41257566739390938, -18.53354632163669180 ) ) ;
#142 = ORIENTED_EDGE ( 'NONE', *, *, #137, .F. ) ;
#143 = CYLINDRICAL_SURFACE ( 'NONE', #336, 1.599999999999990319 ) ;
#144 = CARTESIAN_POINT ( 'NONE',  ( 119.2535632067471312, 95.61367191224029227, -16.65008563202920655 ) ) ;
#145 = EDGE_CURVE ( 'NONE', #1121, #102, #403, .T. ) ;
#146 = DIRECTION ( 'NONE',  ( 0.000000000000000000, 2.573868890628970194E-15, 1.000000000000000000 ) ) ;
#147 = CARTESIAN_POINT ( 'NONE',  ( 127.1200435975966059, 87.69563314649201402, -28.09213350099204476 ) ) ;
#148 = CIRCLE ( 'NONE', #482, 3.199999999999994404 ) ;
#149 = CARTESIAN_POINT ( 'NONE',  ( 120.9674169489274362, 95.65927555404384464, -19.34944836535037993 ) ) ;
#150 = ORIENTED_EDGE ( 'NONE', *, *, #1497, .T. ) ;
#151 = CIRCLE ( 'NONE', #719, 9.999999999999994671 ) ;
#152 = VECTOR ( 'NONE', #173, 1000.000000000000000 ) ;
#153 = ORIENTED_EDGE ( 'NONE', *, *, #1248, .T. ) ;
#154 = DIRECTION ( 'NONE',  ( -1.000000000000000000, 0.000000000000000000, 0.000000000000000000 ) ) ;
#155 = CARTESIAN_POINT ( 'NONE',  ( 121.0128073509651756, 95.64782490397583103, -16.56350904911699118 ) ) ;
#156 = DIRECTION ( 'NONE',  ( 0.000000000000000000, -1.000000000000000000, 0.000000000000000000 ) ) ;
#157 = ADVANCED_FACE ( 'NONE', ( #974 ), #1289, .F. ) ;
#158 = DIRECTION ( 'NONE',  ( -1.000000000000000000, 0.000000000000000000, 0.000000000000000000 ) ) ;
#159 = ORIENTED_EDGE ( 'NONE', *, *, #667, .F. ) ;
#160 = DIRECTION ( 'NONE',  ( -1.000000000000000000, 0.000000000000000000, 0.000000000000000000 ) ) ;
#161 = VERTEX_POINT ( 'NONE', #556 ) ;
#162 = FACE_OUTER_BOUND ( 'NONE', #416, .T. ) ;
#163 = DIRECTION ( 'NONE',  ( 0.7071067811865489050, 0.000000000000000000, 0.7071067811865462405 ) ) ;
#164 = EDGE_CURVE ( 'NONE', #561, #440, #708, .T. ) ;
#165 = DIRECTION ( 'NONE',  ( -1.000000000000000000, 0.000000000000000000, 0.000000000000000000 ) ) ;
#166 = ORIENTED_EDGE ( 'NONE', *, *, #266, .T. ) ;
#167 = ADVANCED_FACE ( 'NONE', ( #1234 ), #1088, .T. ) ;
#168 = DIRECTION ( 'NONE',  ( -0.000000000000000000, -0.000000000000000000, 1.000000000000000000 ) ) ;
#169 = CARTESIAN_POINT ( 'NONE',  ( 121.6858241099234306, 95.41257566739355411, -17.35072068032778247 ) ) ;
#170 = CARTESIAN_POINT ( 'NONE',  ( 120.1991230516170077, 92.24401509175299907, 13.84213774647389883 ) ) ;
#171 = DIRECTION ( 'NONE',  ( -0.000000000000000000, 0.000000000000000000, 1.000000000000000000 ) ) ;
#172 = ORIENTED_EDGE ( 'NONE', *, *, #26, .T. ) ;
#173 = DIRECTION ( 'NONE',  ( 0.000000000000000000, 0.000000000000000000, -1.000000000000000000 ) ) ;
#174 = ADVANCED_FACE ( 'NONE', ( #1608 ), #1495, .F. ) ;
#175 = AXIS2_PLACEMENT_3D ( 'NONE', #379, #1306, #658 ) ;
#176 = VECTOR ( 'NONE', #883, 1000.000000000000000 ) ;
#177 = CARTESIAN_POINT ( 'NONE',  ( 120.1991230516170077, 92.24401509175299907, -14.44213350098799964 ) ) ;
#178 =( GEOMETRIC_REPRESENTATION_CONTEXT ( 3 ) GLOBAL_UNCERTAINTY_ASSIGNED_CONTEXT ( ( #1058 ) ) GLOBAL_UNIT_ASSIGNED_CONTEXT ( ( #1173, #1679, #1025 ) ) REPRESENTATION_CONTEXT ( 'NONE', 'WORKASPACE' ) );
#179 = CIRCLE ( 'NONE', #1075, 1.599999999999990319 ) ;
#180 = CARTESIAN_POINT ( 'NONE',  ( -8.995342046850334365E-14, -7.191973670701266858E-14, -28.74213350099144293 ) ) ;
#181 = CARTESIAN_POINT ( 'NONE',  ( 121.5879072713821927, 95.45686886289873030, -18.73835605659850501 ) ) ;
#182 = ORIENTED_EDGE ( 'NONE', *, *, #1098, .F. ) ;
#183 = CARTESIAN_POINT ( 'NONE',  ( 126.5051283062562959, 88.95642976639734911, -12.94213350098800142 ) ) ;
#184 = CARTESIAN_POINT ( 'NONE',  ( 120.1991230516170077, 92.24401509175299907, -50.66317848867440432 ) ) ;
#185 = LINE ( 'NONE', #985, #848 ) ;
#186 = CARTESIAN_POINT ( 'NONE',  ( -3.154455883379265250E-14, -2.481793600850250796E-14, -10.44213350099144222 ) ) ;
#187 = DIRECTION ( 'NONE',  ( -1.000000000000000000, 0.000000000000000000, 0.000000000000000000 ) ) ;
#188 = VERTEX_POINT ( 'NONE', #1203 ) ;
#189 = ORIENTED_EDGE ( 'NONE', *, *, #462, .F. ) ;
#190 = LINE ( 'NONE', #630, #906 ) ;
#191 = DIRECTION ( 'NONE',  ( -3.133897229209509317E-15, -2.507117783367607769E-15, -1.000000000000000000 ) ) ;
#192 = CARTESIAN_POINT ( 'NONE',  ( 115.6507411063560369, 86.92309454577366523, -12.44213350098799964 ) ) ;
#193 = EDGE_LOOP ( 'NONE', ( #378, #1573, #1667, #601 ) ) ;
#194 = CARTESIAN_POINT ( 'NONE',  ( 114.1991230516170077, 91.03401509175299111, -26.38183046295501555 ) ) ;
#195 = EDGE_LOOP ( 'NONE', ( #777, #243, #393, #954 ) ) ;
#196 = ORIENTED_EDGE ( 'NONE', *, *, #1440, .T. ) ;
#197 = AXIS2_PLACEMENT_3D ( 'NONE', #1345, #1463, #154 ) ;
#198 = CARTESIAN_POINT ( 'NONE',  ( 112.0991230516169992, 91.03401509175299111, -26.38183046295501555 ) ) ;
#199 = DIRECTION ( 'NONE',  ( 0.000000000000000000, 1.000000000000000000, 0.000000000000000000 ) ) ;
#200 = AXIS2_PLACEMENT_3D ( 'NONE', #330, #1697, #236 ) ;
#201 = CIRCLE ( 'NONE', #229, 9.899999999999991473 ) ;
#202 = AXIS2_PLACEMENT_3D ( 'NONE', #1301, #1142, #785 ) ;
#203 = EDGE_CURVE ( 'NONE', #496, #1525, #1392, .T. ) ;
#204 = ORIENTED_EDGE ( 'NONE', *, *, #1407, .T. ) ;
#205 = LINE ( 'NONE', #1287, #176 ) ;
#206 = EDGE_LOOP ( 'NONE', ( #111, #1114 ) ) ;
#207 = ORIENTED_EDGE ( 'NONE', *, *, #1417, .T. ) ;
#208 = LINE ( 'NONE', #221, #799 ) ;
#209 = DIRECTION ( 'NONE',  ( 0.000000000000000000, 1.000000000000000000, 0.000000000000000000 ) ) ;
#210 = DIRECTION ( 'NONE',  ( -0.000000000000000000, -0.000000000000000000, -1.000000000000000000 ) ) ;
#211 = VERTEX_POINT ( 'NONE', #1123 ) ;
#212 = CARTESIAN_POINT ( 'NONE',  ( 126.3475049968780297, 97.56493563773251765, -7.916650101394117733 ) ) ;
#213 = ORIENTED_EDGE ( 'NONE', *, *, #1398, .F. ) ;
#214 = EDGE_CURVE ( 'NONE', #1569, #1605, #519, .T. ) ;
#215 = CARTESIAN_POINT ( 'NONE',  ( 126.7700435975966116, 87.69563314649201402, -27.74213350099205044 ) ) ;
#216 = ORIENTED_EDGE ( 'NONE', *, *, #1278, .T. ) ;
#217 = CARTESIAN_POINT ( 'NONE',  ( 128.2991230516169878, 91.03401509175299111, -20.44213350098800319 ) ) ;
#218 = VERTEX_POINT ( 'NONE', #1406 ) ;
#219 = DIRECTION ( 'NONE',  ( -0.000000000000000000, -0.000000000000000000, 1.000000000000000000 ) ) ;
#220 = ORIENTED_EDGE ( 'NONE', *, *, #669, .F. ) ;
#221 = CARTESIAN_POINT ( 'NONE',  ( -7.399471510382888665E-14, 89.33401509175303090, -23.74213350099167030 ) ) ;
#222 = ADVANCED_FACE ( 'NONE', ( #341, #624, #68, #1677, #1505, #1658 ), #1545, .T. ) ;
#223 = DIRECTION ( 'NONE',  ( -0.000000000000000000, -0.000000000000000000, -1.000000000000000000 ) ) ;
#224 = CIRCLE ( 'NONE', #1015, 9.900000000000005684 ) ;
#225 = CARTESIAN_POINT ( 'NONE',  ( -7.399471510382830605E-14, -5.905039225386782471E-14, -23.74213350099144648 ) ) ;
#226 = CONICAL_SURFACE ( 'NONE', #737, 2.250000000000015987, 0.7853981633974576049 ) ;
#227 = ORIENTED_EDGE ( 'NONE', *, *, #1637, .F. ) ;
#228 = SURFACE_SIDE_STYLE ('',( #365 ) ) ;
#229 = AXIS2_PLACEMENT_3D ( 'NONE', #1466, #277, #1623 ) ;
#230 = EDGE_LOOP ( 'NONE', ( #1560, #457, #472, #1516 ) ) ;
#231 = AXIS2_PLACEMENT_3D ( 'NONE', #582, #1110, #980 ) ;
#232 = FACE_BOUND ( 'NONE', #731, .T. ) ;
#233 = ORIENTED_EDGE ( 'NONE', *, *, #791, .F. ) ;
#234 = LINE ( 'NONE', #1411, #741 ) ;
#235 = ADVANCED_FACE ( 'NONE', ( #1376 ), #1186, .F. ) ;
#236 = DIRECTION ( 'NONE',  ( -1.000000000000000000, 0.000000000000000000, 0.000000000000000000 ) ) ;
#237 = DIRECTION ( 'NONE',  ( -1.000000000000000000, 0.000000000000000000, 3.384826294588909689E-15 ) ) ;
#238 = AXIS2_PLACEMENT_3D ( 'NONE', #225, #1412, #1159 ) ;
#239 = ORIENTED_EDGE ( 'NONE', *, *, #1372, .T. ) ;
#240 = DIRECTION ( 'NONE',  ( 0.000000000000000000, 0.000000000000000000, -1.000000000000000000 ) ) ;
#241 = CARTESIAN_POINT ( 'NONE',  ( 120.1991230516170077, 91.03401509175299111, -5.442133500987999639 ) ) ;
#242 = CARTESIAN_POINT ( 'NONE',  ( 118.9746703415822395, 95.52304548654124972, -18.97253647050319003 ) ) ;
#243 = ORIENTED_EDGE ( 'NONE', *, *, #1674, .T. ) ;
#244 = CARTESIAN_POINT ( 'NONE',  ( 126.5051283062562959, 88.95642976639734911, -12.44213350098799964 ) ) ;
#245 =( NAMED_UNIT ( * ) PLANE_ANGLE_UNIT ( ) SI_UNIT ( $, .RADIAN. ) );
#246 = DIRECTION ( 'NONE',  ( 0.000000000000000000, 0.000000000000000000, 1.000000000000000000 ) ) ;
#247 = CARTESIAN_POINT ( 'NONE',  ( 120.8492050346493869, 95.68310122416259844, -16.48009214728403649 ) ) ;
#248 = CYLINDRICAL_SURFACE ( 'NONE', #1597, 9.999999999999994671 ) ;
#249 = CARTESIAN_POINT ( 'NONE',  ( 120.8029576714090183, 95.69153860379506682, -19.42383236333538576 ) ) ;
#250 = VERTEX_POINT ( 'NONE', #1247 ) ;
#251 = FACE_OUTER_BOUND ( 'NONE', #710, .T. ) ;
#252 = DIRECTION ( 'NONE',  ( 1.000000000000000000, 0.000000000000000000, 0.000000000000000000 ) ) ;
#253 = CIRCLE ( 'NONE', #715, 9.899999999999991473 ) ;
#254 = DIRECTION ( 'NONE',  ( 1.000000000000000000, 0.000000000000000000, 0.000000000000000000 ) ) ;
#255 = CARTESIAN_POINT ( 'NONE',  ( 132.6844734672039863, 91.63901509175299509, -12.44213350098799964 ) ) ;
#256 = AXIS2_PLACEMENT_3D ( 'NONE', #1027, #1682, #1547 ) ;
#257 = ADVANCED_FACE ( 'NONE', ( #57 ), #1647, .F. ) ;
#258 = AXIS2_PLACEMENT_3D ( 'NONE', #304, #847, #683 ) ;
#259 = CARTESIAN_POINT ( 'NONE',  ( 119.0413034072739720, 95.54698344879349747, -19.04645973379853174 ) ) ;
#260 = CIRCLE ( 'NONE', #831, 2.250000000000015987 ) ;
#261 = FACE_OUTER_BOUND ( 'NONE', #641, .T. ) ;
#262 = CARTESIAN_POINT ( 'NONE',  ( 118.8728491858947223, 95.48302913467594522, -17.04714692737277915 ) ) ;
#263 = EDGE_LOOP ( 'NONE', ( #182, #358 ) ) ;
#264 = CARTESIAN_POINT ( 'NONE',  ( 119.0061575537188219, 95.53452076755506539, -19.00847631664291626 ) ) ;
#265 = ORIENTED_EDGE ( 'NONE', *, *, #1023, .F. ) ;
#266 = EDGE_CURVE ( 'NONE', #161, #218, #432, .T. ) ;
#267 = ORIENTED_EDGE ( 'NONE', *, *, #90, .T. ) ;
#268 = DIRECTION ( 'NONE',  ( 0.000000000000000000, 0.000000000000000000, -1.000000000000000000 ) ) ;
#269 = CARTESIAN_POINT ( 'NONE',  ( 120.1991230516170077, 91.03401509175299111, -5.442133500987999639 ) ) ;
#270 = PLANE ( 'NONE',  #1706 ) ;
#271 = DIRECTION ( 'NONE',  ( 1.000000000000000000, 1.734723475976802677E-14, 0.000000000000000000 ) ) ;
#272 = CARTESIAN_POINT ( 'NONE',  ( 118.7047049640524392, 95.40896340617207727, -18.51402198653697440 ) ) ;
#273 = ORIENTED_EDGE ( 'NONE', *, *, #1582, .T. ) ;
#274 = ORIENTED_EDGE ( 'NONE', *, *, #1217, .T. ) ;
#275 = EDGE_CURVE ( 'NONE', #102, #1121, #489, .T. ) ;
#276 = DIRECTION ( 'NONE',  ( -1.000000000000000000, 0.000000000000000000, 3.083952846180988111E-15 ) ) ;
#277 = DIRECTION ( 'NONE',  ( 0.000000000000000000, 0.000000000000000000, -1.000000000000000000 ) ) ;
#278 = AXIS2_PLACEMENT_3D ( 'NONE', #939, #679, #1456 ) ;
#279 = VECTOR ( 'NONE', #1296, 1000.000000000000000 ) ;
#280 = CARTESIAN_POINT ( 'NONE',  ( 121.6720433473334424, 95.41899776592346427, -18.56707792998188467 ) ) ;
#281 = ORIENTED_EDGE ( 'NONE', *, *, #982, .T. ) ;
#282 = AXIS2_PLACEMENT_3D ( 'NONE', #1358, #14, #1353 ) ;
#283 = AXIS2_PLACEMENT_3D ( 'NONE', #1167, #199, #1158 ) ;
#284 = AXIS2_PLACEMENT_3D ( 'NONE', #325, #865, #72 ) ;
#285 = ORIENTED_EDGE ( 'NONE', *, *, #1546, .F. ) ;
#286 = DIRECTION ( 'NONE',  ( 0.000000000000000000, 0.000000000000000000, 1.000000000000000000 ) ) ;
#287 = DIRECTION ( 'NONE',  ( 0.7071067811865439090, 0.000000000000000000, -0.7071067811865512365 ) ) ;
#288 = DIRECTION ( 'NONE',  ( 1.000000000000000000, 0.000000000000000000, 0.000000000000000000 ) ) ;
#289 = EDGE_CURVE ( 'NONE', #463, #8, #10, .T. ) ;
#290 = DIRECTION ( 'NONE',  ( -1.000000000000000000, 0.000000000000000000, 3.083952846180988111E-15 ) ) ;
#291 = EDGE_CURVE ( 'NONE', #1499, #960, #802, .T. ) ;
#292 = CARTESIAN_POINT ( 'NONE',  ( 120.1991230516170077, 92.24401509175299907, -50.66317848867440432 ) ) ;
#293 = EDGE_LOOP ( 'NONE', ( #285, #216, #1538, #1181 ) ) ;
#294 = CARTESIAN_POINT ( 'NONE',  ( 113.2782025056373953, 96.79239703701379938, -28.09213350099203410 ) ) ;
#295 = CARTESIAN_POINT ( 'NONE',  ( 118.7325089272321890, 95.42191929663813710, -17.30254261564333618 ) ) ;
#296 = FACE_OUTER_BOUND ( 'NONE', #866, .T. ) ;
#297 = EDGE_CURVE ( 'NONE', #1341, #364, #151, .T. ) ;
#298 = DIRECTION ( 'NONE',  ( -0.000000000000000000, -0.000000000000000000, -1.000000000000000000 ) ) ;
#299 = EDGE_LOOP ( 'NONE', ( #742, #59, #33, #239 ) ) ;
#300 = DIRECTION ( 'NONE',  ( -0.000000000000000000, -0.000000000000000000, -1.000000000000000000 ) ) ;
#301 = ORIENTED_EDGE ( 'NONE', *, *, #579, .F. ) ;
#302 = LINE ( 'NONE', #878, #1208 ) ;
#303 = CARTESIAN_POINT ( 'NONE',  ( 118.6362466164273144, 95.37717114755184866, -17.53183142072279566 ) ) ;
#304 = CARTESIAN_POINT ( 'NONE',  ( 114.1991230516170077, 91.03401509175299111, -26.38183046295501555 ) ) ;
#305 = CARTESIAN_POINT ( 'NONE',  ( 120.1991230516170077, 91.03401509175299111, -12.44213350098799964 ) ) ;
#306 = VERTEX_POINT ( 'NONE', #244 ) ;
#307 = ADVANCED_FACE ( 'NONE', ( #820, #1325, #1073 ), #1207, .T. ) ;
#308 = AXIS2_PLACEMENT_3D ( 'NONE', #603, #723, #1364 ) ;
#309 = AXIS2_PLACEMENT_3D ( 'NONE', #1562, #932, #500 ) ;
#310 = AXIS2_PLACEMENT_3D ( 'NONE', #184, #1639, #608 ) ;
#311 = AXIS2_PLACEMENT_3D ( 'NONE', #564, #1094, #1483 ) ;
#312 = ORIENTED_EDGE ( 'NONE', *, *, #1202, .T. ) ;
#313 = DIRECTION ( 'NONE',  ( -0.000000000000000000, -0.000000000000000000, 1.000000000000000000 ) ) ;
#314 = CARTESIAN_POINT ( 'NONE',  ( 124.7475049968780070, 97.56493563773250344, -28.74213350099207887 ) ) ;
#315 = MECHANICAL_DESIGN_GEOMETRIC_PRESENTATION_REPRESENTATION (  '', ( #1235 ), #178 ) ;
#316 = CARTESIAN_POINT ( 'NONE',  ( 121.3569426944049923, 95.54698344932739928, -16.83780726655142956 ) ) ;
#317 = DIRECTION ( 'NONE',  ( -3.133897229209509317E-15, -2.507117783367607769E-15, -1.000000000000000000 ) ) ;
#318 = LINE ( 'NONE', #1350, #1237 ) ;
#319 = EDGE_LOOP ( 'NONE', ( #1003, #1699, #1594, #521 ) ) ;
#320 = ADVANCED_FACE ( 'NONE', ( #797 ), #9, .F. ) ;
#321 = DIRECTION ( 'NONE',  ( 1.000000000000000000, 0.000000000000000000, 0.000000000000000000 ) ) ;
#322 = CARTESIAN_POINT ( 'NONE',  ( 124.0991230516169992, 91.03401509175299111, -5.442133500987999639 ) ) ;
#323 = CARTESIAN_POINT ( 'NONE',  ( 121.5414716670660482, 95.47639309407259134, -17.07139192556476459 ) ) ;
#324 = ORIENTED_EDGE ( 'NONE', *, *, #1097, .T. ) ;
#325 = CARTESIAN_POINT ( 'NONE',  ( 126.1991230516169793, 91.03401509175299111, -26.38183046295501555 ) ) ;
#326 = ORIENTED_EDGE ( 'NONE', *, *, #1079, .F. ) ;
#327 = CARTESIAN_POINT ( 'NONE',  ( 120.1991230516170788, 92.24401509175304170, -10.44213350099204973 ) ) ;
#328 = CARTESIAN_POINT ( 'NONE',  ( 120.1991230516170077, 100.3940150917529905, -17.94213350098799964 ) ) ;
#329 = EDGE_CURVE ( 'NONE', #1693, #1435, #921, .T. ) ;
#330 = CARTESIAN_POINT ( 'NONE',  ( 120.1991230516170077, 92.24401509175299907, -10.44213350098802096 ) ) ;
#331 = DIRECTION ( 'NONE',  ( 1.000000000000000000, 0.000000000000000000, 0.000000000000000000 ) ) ;
#332 = DIRECTION ( 'NONE',  ( 0.000000000000000000, 0.000000000000000000, 1.000000000000000000 ) ) ;
#333 = EDGE_LOOP ( 'NONE', ( #1651, #1362 ) ) ;
#334 = VERTEX_POINT ( 'NONE', #217 ) ;
#335 = CARTESIAN_POINT ( 'NONE',  ( 115.6507411063560511, 86.92309454577367944, -7.916650101394057337 ) ) ;
#336 = AXIS2_PLACEMENT_3D ( 'NONE', #1099, #537, #963 ) ;
#337 = FACE_OUTER_BOUND ( 'NONE', #830, .T. ) ;
#338 = DIRECTION ( 'NONE',  ( -1.000000000000000000, 0.000000000000000000, 0.000000000000000000 ) ) ;
#339 = CONICAL_SURFACE ( 'NONE', #1316, 2.250000000000001776, 0.7853981633974506105 ) ;
#340 = CIRCLE ( 'NONE', #1078, 1.599999999999990319 ) ;
#341 = FACE_BOUND ( 'NONE', #532, .T. ) ;
#342 = PRODUCT_RELATED_PRODUCT_CATEGORY ( 'part', '', ( #753 ) ) ;
#343 = AXIS2_PLACEMENT_3D ( 'NONE', #1029, #209, #911 ) ;
#344 = DIRECTION ( 'NONE',  ( -1.000000000000000000, 0.000000000000000000, 0.000000000000000000 ) ) ;
#345 = EDGE_LOOP ( 'NONE', ( #1625, #204, #1585, #220 ) ) ;
#346 = ADVANCED_FACE ( 'NONE', ( #1535 ), #902, .F. ) ;
#347 = CARTESIAN_POINT ( 'NONE',  ( 113.4007411063561790, 86.92309454577330996, -28.74213350099201492 ) ) ;
#348 = ORIENTED_EDGE ( 'NONE', *, *, #1059, .T. ) ;
#349 = ORIENTED_EDGE ( 'NONE', *, *, #1346, .T. ) ;
#350 = DIRECTION ( 'NONE',  ( -3.133897229209509317E-15, -2.507117783367607769E-15, -1.000000000000000000 ) ) ;
#351 = DIRECTION ( 'NONE',  ( -1.000000000000000000, 0.000000000000000000, 0.000000000000000000 ) ) ;
#352 = CARTESIAN_POINT ( 'NONE',  ( 120.1991230516170077, 92.24401509175299907, -14.44213350098799964 ) ) ;
#353 = CARTESIAN_POINT ( 'NONE',  ( 120.1991230516170077, 91.03401509175299111, -12.44213350098799964 ) ) ;
#354 = CARTESIAN_POINT ( 'NONE',  ( 0.000000000000000000, 0.000000000000000000, -20.44213350098800319 ) ) ;
#355 = ORIENTED_EDGE ( 'NONE', *, *, #390, .F. ) ;
#356 = EDGE_CURVE ( 'NONE', #1126, #1670, #1690, .T. ) ;
#357 = DIRECTION ( 'NONE',  ( -1.000000000000000000, 0.000000000000000000, 3.154042683594192853E-15 ) ) ;
#358 = ORIENTED_EDGE ( 'NONE', *, *, #424, .F. ) ;
#359 = ORIENTED_EDGE ( 'NONE', *, *, #854, .F. ) ;
#360 = DIRECTION ( 'NONE',  ( -0.000000000000000000, -0.000000000000000000, -1.000000000000000000 ) ) ;
#361 = DIRECTION ( 'NONE',  ( 1.000000000000000000, 0.000000000000000000, 0.000000000000000000 ) ) ;
#362 = DIRECTION ( 'NONE',  ( 0.000000000000000000, 0.000000000000000000, -1.000000000000000000 ) ) ;
#363 = DIRECTION ( 'NONE',  ( 0.7071067811865439090, 0.000000000000000000, -0.7071067811865512365 ) ) ;
#364 = VERTEX_POINT ( 'NONE', #881 ) ;
#365 = SURFACE_STYLE_FILL_AREA ( #625 ) ;
#366 = CARTESIAN_POINT ( 'NONE',  ( 121.7991230516170020, 95.35689157500769397, -17.94213350098799964 ) ) ;
#367 = FACE_OUTER_BOUND ( 'NONE', #819, .T. ) ;
#368 = EDGE_CURVE ( 'NONE', #1423, #907, #941, .T. ) ;
#369 = ORIENTED_EDGE ( 'NONE', *, *, #1023, .T. ) ;
#370 = FACE_OUTER_BOUND ( 'NONE', #1243, .T. ) ;
#371 = CIRCLE ( 'NONE', #572, 2.100000000000004530 ) ;
#372 = AXIS2_PLACEMENT_3D ( 'NONE', #738, #80, #1268 ) ;
#373 = CYLINDRICAL_SURFACE ( 'NONE', #309, 12.50000000000001066 ) ;
#374 = AXIS2_PLACEMENT_3D ( 'NONE', #951, #22, #1601 ) ;
#375 = VECTOR ( 'NONE', #645, 1000.000000000000000 ) ;
#376 = CARTESIAN_POINT ( 'NONE',  ( 125.5200435975966116, 87.69563314649201402, -28.09213350099204121 ) ) ;
#377 = CARTESIAN_POINT ( 'NONE',  ( 125.1057923349517012, 89.24107673698556198, -20.44213350098800319 ) ) ;
#378 = ORIENTED_EDGE ( 'NONE', *, *, #49, .F. ) ;
#379 = CARTESIAN_POINT ( 'NONE',  ( 0.000000000000000000, 0.000000000000000000, 0.000000000000000000 ) ) ;
#380 = ADVANCED_FACE ( 'NONE', ( #1434 ), #1310, .F. ) ;
#381 = CARTESIAN_POINT ( 'NONE',  ( 124.0991230516169992, 91.03401509175299111, -26.38183046295501555 ) ) ;
#382 = CARTESIAN_POINT ( 'NONE',  ( 120.1991230516170077, 92.24401509175299907, -14.44213350098799964 ) ) ;
#383 = CIRCLE ( 'NONE', #530, 12.50000000000001066 ) ;
#384 = CARTESIAN_POINT ( 'NONE',  ( 121.2723286898868906, 95.57533907163146125, -19.12892449671408457 ) ) ;
#385 = EDGE_LOOP ( 'NONE', ( #1492, #355, #348, #1478 ) ) ;
#386 = CARTESIAN_POINT ( 'NONE',  ( 120.1991230516170788, 92.24401509175304170, -10.44213350099204973 ) ) ;
#387 = LINE ( 'NONE', #800, #454 ) ;
#388 = CARTESIAN_POINT ( 'NONE',  ( 120.1991230516170077, 92.24401509175299907, -28.74213350099205044 ) ) ;
#389 = CARTESIAN_POINT ( 'NONE',  ( 119.9970829108538766, 95.73955008435541458, -16.35141357447581711 ) ) ;
#390 = EDGE_CURVE ( 'NONE', #590, #947, #520, .T. ) ;
#391 = BREP_WITH_VOIDS ( 'NONE', #1210, ( #973, #1515 ) );
#392 = CARTESIAN_POINT ( 'NONE',  ( 118.7406961203899982, 95.42573921444024165, -18.60174162189416336 ) ) ;
#393 = ORIENTED_EDGE ( 'NONE', *, *, #115, .F. ) ;
#394 = AXIS2_PLACEMENT_3D ( 'NONE', #1614, #298, #165 ) ;
#395 = ORIENTED_EDGE ( 'NONE', *, *, #58, .F. ) ;
#396 = PLANE ( 'NONE',  #1427 ) ;
#397 = DIRECTION ( 'NONE',  ( -1.000000000000000000, 0.000000000000000000, 3.252606517456518824E-15 ) ) ;
#398 = CARTESIAN_POINT ( 'NONE',  ( 118.8748953137776994, 95.48386780221262882, -17.04412223592157005 ) ) ;
#399 = DIRECTION ( 'NONE',  ( -0.000000000000000000, -0.000000000000000000, -1.000000000000000000 ) ) ;
#400 = AXIS2_PLACEMENT_3D ( 'NONE', #542, #1330, #1195 ) ;
#401 = EDGE_CURVE ( 'NONE', #947, #942, #11, .T. ) ;
#402 = DIRECTION ( 'NONE',  ( -0.000000000000000000, -0.000000000000000000, -1.000000000000000000 ) ) ;
#403 = CIRCLE ( 'NONE', #634, 1.600000000000004086 ) ;
#404 = EDGE_CURVE ( 'NONE', #334, #813, #1567, .T. ) ;
#405 = CARTESIAN_POINT ( 'NONE',  ( 119.0539355699115873, 95.55137277116453731, -19.05955391830877588 ) ) ;
#406 = ORIENTED_EDGE ( 'NONE', *, *, #40, .F. ) ;
#407 = CIRCLE ( 'NONE', #876, 1.600000000000004086 ) ;
#408 = AXIS2_PLACEMENT_3D ( 'NONE', #445, #1491, #1113 ) ;
#409 = ORIENTED_EDGE ( 'NONE', *, *, #1009, .T. ) ;
#410 = CARTESIAN_POINT ( 'NONE',  ( 116.1282025056373897, 96.79239703701379938, -27.74213350099204334 ) ) ;
#411 = CARTESIAN_POINT ( 'NONE',  ( 118.9113219533881391, 95.49862880021473188, -16.99241649547975186 ) ) ;
#412 = FACE_OUTER_BOUND ( 'NONE', #929, .T. ) ;
#413 = CARTESIAN_POINT ( 'NONE',  ( 119.2541336398434879, 95.61458293970657962, -19.23741149618633628 ) ) ;
#414 = ORIENTED_EDGE ( 'NONE', *, *, #1059, .F. ) ;
#415 = ADVANCED_FACE ( 'NONE', ( #1062 ), #682, .T. ) ;
#416 = EDGE_LOOP ( 'NONE', ( #1053, #712, #894, #359 ) ) ;
#417 = CARTESIAN_POINT ( 'NONE',  ( 123.3991230516170248, 92.24401509175302749, -23.74213350099206110 ) ) ;
#418 = CARTESIAN_POINT ( 'NONE',  ( 119.6724485589562335, 95.70428717916178130, -16.43086540120147987 ) ) ;
#419 = LINE ( 'NONE', #570, #67 ) ;
#420 = CARTESIAN_POINT ( 'NONE',  ( 120.1991230516170077, 91.03401509175299111, -12.44213350098799964 ) ) ;
#421 = CARTESIAN_POINT ( 'NONE',  ( 120.1991230516170077, 92.24401509175299907, -50.66317848867440432 ) ) ;
#422 = EDGE_CURVE ( 'NONE', #1147, #334, #993, .T. ) ;
#423 = ORIENTED_EDGE ( 'NONE', *, *, #669, .T. ) ;
#424 = EDGE_CURVE ( 'NONE', #24, #1161, #529, .T. ) ;
#425 = CARTESIAN_POINT ( 'NONE',  ( 132.6991230516169935, 92.24401509175299907, -14.44213350098799964 ) ) ;
#426 = FACE_OUTER_BOUND ( 'NONE', #1709, .T. ) ;
#427 = CARTESIAN_POINT ( 'NONE',  ( 120.1991230516170077, 91.63901509175299509, -12.44213350098799964 ) ) ;
#428 = AXIS2_PLACEMENT_3D ( 'NONE', #1051, #652, #1698 ) ;
#429 = VECTOR ( 'NONE', #1671, 1000.000000000000000 ) ;
#430 = CARTESIAN_POINT ( 'NONE',  ( 128.2991230516169878, 91.03401509175299111, -5.442133500987999639 ) ) ;
#431 = ORIENTED_EDGE ( 'NONE', *, *, #1417, .F. ) ;
#432 = CIRCLE ( 'NONE', #912, 3.199999999999994404 ) ;
#433 = CIRCLE ( 'NONE', #1429, 2.099999999999990763 ) ;
#434 = ORIENTED_EDGE ( 'NONE', *, *, #297, .F. ) ;
#435 = CARTESIAN_POINT ( 'NONE',  ( 115.6507411063561932, 86.92309454577330996, -28.74213350099202202 ) ) ;
#436 = CARTESIAN_POINT ( 'NONE',  ( 107.7137726360299865, 91.63901509175299509, -50.66317848867440432 ) ) ;
#437 = EDGE_CURVE ( 'NONE', #496, #161, #1622, .T. ) ;
#438 = DIRECTION ( 'NONE',  ( -3.133897229209509317E-15, -2.507117783367607769E-15, -1.000000000000000000 ) ) ;
#439 = FACE_OUTER_BOUND ( 'NONE', #553, .T. ) ;
#440 = VERTEX_POINT ( 'NONE', #42 ) ;
#441 = DIRECTION ( 'NONE',  ( -1.000000000000000000, 0.000000000000000000, 0.000000000000000000 ) ) ;
#442 = CARTESIAN_POINT ( 'NONE',  ( 116.2991230516170020, 91.03401509175299111, -26.38183046295501555 ) ) ;
#443 = CARTESIAN_POINT ( 'NONE',  ( 121.5355296433259866, 95.47884799400787870, -17.06234345182310008 ) ) ;
#444 = DIRECTION ( 'NONE',  ( 3.133897229209509317E-15, 2.507117783367607769E-15, 1.000000000000000000 ) ) ;
#445 = CARTESIAN_POINT ( 'NONE',  ( 120.1991230516170077, 91.03401509175299111, -50.66317848867440432 ) ) ;
#446 = ORIENTED_EDGE ( 'NONE', *, *, #424, .T. ) ;
#447 = VERTEX_POINT ( 'NONE', #322 ) ;
#448 = DIRECTION ( 'NONE',  ( 0.7071067811865439090, 0.000000000000000000, 0.7071067811865512365 ) ) ;
#449 = CARTESIAN_POINT ( 'NONE',  ( 118.7262027559046658, 95.41899776592423166, -17.31718907198432689 ) ) ;
#450 = CARTESIAN_POINT ( 'NONE',  ( 118.8679957098499642, 89.33401509175305932, -10.44213350099203907 ) ) ;
#451 = FACE_OUTER_BOUND ( 'NONE', #1716, .T. ) ;
#452 = ORIENTED_EDGE ( 'NONE', *, *, #655, .T. ) ;
#453 = EDGE_CURVE ( 'NONE', #1057, #1206, #604, .T. ) ;
#454 = VECTOR ( 'NONE', #130, 1000.000000000000000 ) ;
#455 = AXIS2_PLACEMENT_3D ( 'NONE', #665, #1311, #123 ) ;
#456 = AXIS2_PLACEMENT_3D ( 'NONE', #376, #917, #118 ) ;
#457 = ORIENTED_EDGE ( 'NONE', *, *, #107, .F. ) ;
#458 = FACE_OUTER_BOUND ( 'NONE', #686, .T. ) ;
#459 = CARTESIAN_POINT ( 'NONE',  ( 118.7569855176534617, 95.43316545560595898, -17.24839988410933955 ) ) ;
#460 = CIRCLE ( 'NONE', #913, 1.599999999999990319 ) ;
#461 = VERTEX_POINT ( 'NONE', #1380 ) ;
#462 = EDGE_CURVE ( 'NONE', #440, #1360, #1598, .T. ) ;
#463 = VERTEX_POINT ( 'NONE', #972 ) ;
#464 = DIRECTION ( 'NONE',  ( -3.191741072935010124E-15, -2.573868890628970194E-15, -1.000000000000000000 ) ) ;
#465 = DIRECTION ( 'NONE',  ( -1.000000000000000000, 0.000000000000000000, 0.000000000000000000 ) ) ;
#466 = CARTESIAN_POINT ( 'NONE',  ( 121.4418633819341693, 95.51614760587143849, -16.93403498978288013 ) ) ;
#467 = CARTESIAN_POINT ( 'NONE',  ( 120.1991230516170077, 96.89401509175299054, -17.94213350098799964 ) ) ;
#468 = ORIENTED_EDGE ( 'NONE', *, *, #547, .T. ) ;
#469 = ORIENTED_EDGE ( 'NONE', *, *, #690, .F. ) ;
#470 = CARTESIAN_POINT ( 'NONE',  ( 114.1991230516170077, 91.03401509175299111, -5.442133500987999639 ) ) ;
#471 = LINE ( 'NONE', #1660, #7 ) ;
#472 = ORIENTED_EDGE ( 'NONE', *, *, #492, .F. ) ;
#473 = ADVANCED_FACE ( 'NONE', ( #426 ), #964, .T. ) ;
#474 = DIRECTION ( 'NONE',  ( 1.000000000000000000, 0.000000000000000000, 0.000000000000000000 ) ) ;
#475 = CARTESIAN_POINT ( 'NONE',  ( 114.1991230516170077, 91.03401509175299111, -20.44213350098800319 ) ) ;
#476 = DIRECTION ( 'NONE',  ( 0.000000000000000000, 0.000000000000000000, -1.000000000000000000 ) ) ;
#477 = EDGE_CURVE ( 'NONE', #942, #1055, #1621, .T. ) ;
#478 = VERTEX_POINT ( 'NONE', #838 ) ;
#479 = PRODUCT_DEFINITION_SHAPE ( 'NONE', 'NONE',  #1068 ) ;
#480 = CARTESIAN_POINT ( 'NONE',  ( 118.6082723693594403, 95.36194479289170545, -18.14301837606098999 ) ) ;
#481 = ORIENTED_EDGE ( 'NONE', *, *, #982, .F. ) ;
#482 = AXIS2_PLACEMENT_3D ( 'NONE', #832, #1611, #397 ) ;
#483 = AXIS2_PLACEMENT_3D ( 'NONE', #1433, #246, #1544 ) ;
#484 = ORIENTED_EDGE ( 'NONE', *, *, #1044, .F. ) ;
#485 = CARTESIAN_POINT ( 'NONE',  ( 125.5200435975966116, 87.69563314649201402, -28.74213350099205755 ) ) ;
#486 = CARTESIAN_POINT ( 'NONE',  ( 113.2782025056375943, 96.79239703701405517, -12.44213350098799964 ) ) ;
#487 = CARTESIAN_POINT ( 'NONE',  ( 114.8782025056373897, 96.79239703701379938, -28.74213350099204689 ) ) ;
#488 = VECTOR ( 'NONE', #1004, 1000.000000000000000 ) ;
#489 = CIRCLE ( 'NONE', #772, 1.600000000000004086 ) ;
#490 = LINE ( 'NONE', #215, #1459 ) ;
#491 = VECTOR ( 'NONE', #1131, 1000.000000000000000 ) ;
#492 = EDGE_CURVE ( 'NONE', #1437, #461, #636, .T. ) ;
#493 = ORIENTED_EDGE ( 'NONE', *, *, #214, .T. ) ;
#494 = VECTOR ( 'NONE', #565, 1000.000000000000000 ) ;
#495 = DIRECTION ( 'NONE',  ( -3.133897229209509317E-15, -2.507117783367607769E-15, -1.000000000000000000 ) ) ;
#496 = VERTEX_POINT ( 'NONE', #1240 ) ;
#497 = VERTEX_POINT ( 'NONE', #846 ) ;
#498 = LINE ( 'NONE', #1021, #375 ) ;
#499 = DIRECTION ( 'NONE',  ( 0.000000000000000000, 0.000000000000000000, -1.000000000000000000 ) ) ;
#500 = DIRECTION ( 'NONE',  ( 1.000000000000000000, 0.000000000000000000, 0.000000000000000000 ) ) ;
#501 = VECTOR ( 'NONE', #574, 1000.000000000000000 ) ;
#502 = DIRECTION ( 'NONE',  ( 0.000000000000000000, 0.000000000000000000, -1.000000000000000000 ) ) ;
#503 = CARTESIAN_POINT ( 'NONE',  ( 117.2507411063560312, 86.92309454577365102, -12.44213350098799964 ) ) ;
#504 = ORIENTED_EDGE ( 'NONE', *, *, #1312, .F. ) ;
#505 = ORIENTED_EDGE ( 'NONE', *, *, #1328, .F. ) ;
#506 = DIRECTION ( 'NONE',  ( 1.000000000000000000, 0.000000000000000000, 0.000000000000000000 ) ) ;
#507 = FACE_OUTER_BOUND ( 'NONE', #877, .T. ) ;
#508 = CARTESIAN_POINT ( 'NONE',  ( 120.1991230516170077, 91.03401509175299111, -14.44213350098799964 ) ) ;
#509 = DIRECTION ( 'NONE',  ( 0.000000000000000000, 0.000000000000000000, -1.000000000000000000 ) ) ;
#510 = CARTESIAN_POINT ( 'NONE',  ( 120.1991230516170077, 92.24401509175299907, -14.44213350098799964 ) ) ;
#511 = VERTEX_POINT ( 'NONE', #1365 ) ;
#512 = EDGE_CURVE ( 'NONE', #1487, #970, #460, .T. ) ;
#513 = VERTEX_POINT ( 'NONE', #1502 ) ;
#514 = LINE ( 'NONE', #1048, #1500 ) ;
#515 = AXIS2_PLACEMENT_3D ( 'NONE', #562, #1239, #1373 ) ;
#516 = AXIS2_PLACEMENT_3D ( 'NONE', #1550, #360, #1251 ) ;
#517 = DIRECTION ( 'NONE',  ( -3.133897229209509317E-15, -2.507117783367607769E-15, -1.000000000000000000 ) ) ;
#518 = LINE ( 'NONE', #381, #736 ) ;
#519 = CIRCLE ( 'NONE', #992, 1.600000000000004086 ) ;
#520 = CIRCLE ( 'NONE', #664, 12.50000000000001066 ) ;
#521 = ORIENTED_EDGE ( 'NONE', *, *, #453, .F. ) ;
#522 = AXIS2_PLACEMENT_3D ( 'NONE', #47, #171, #585 ) ;
#523 = CARTESIAN_POINT ( 'NONE',  ( 119.3854387531875147, 95.64782490417900362, -19.32075795340119839 ) ) ;
#524 = ORIENTED_EDGE ( 'NONE', *, *, #557, .T. ) ;
#525 = ADVANCED_FACE ( 'NONE', ( #1374 ), #1245, .T. ) ;
#526 = ADVANCED_FACE ( 'NONE', ( #1264 ), #92, .F. ) ;
#527 = PLANE ( 'NONE',  #483 ) ;
#528 = CARTESIAN_POINT ( 'NONE',  ( 120.9706281640624894, 95.65770912800854830, -16.53970787826732902 ) ) ;
#529 = B_SPLINE_CURVE_WITH_KNOTS ( 'NONE', 3,
 ( #545, #1646, #30, #1246, #1494, #1241, #1375, #1512, #169, #1382, #1233, #707, #1657, #1117, #594, #569, #323, #443, #987, #1521, #605, #1132, #466, #45, #1504, #1367, #316, #583, #50, #95, #616, #155, #528, #1580, #13, #247, #555, #700, #1077, #1189, #1612, #121, #389, #1457, #672, #1713, #418, #1196, #1309, #1061, #1600, #563, #689, #1719, #144, #1589, #1093, #1201, #790, #957, #1213, #1338, #926, #662, #933, #411, #1085, #1447, #139, #398, #262, #680, #817, #949, #862, #459, #65, #295, #1629, #449, #303, #729, #724 ),
 .UNSPECIFIED., .F., .F.,
 ( 4, 2, 2, 1, 1, 2, 2, 2, 1, 1, 1, 2, 2, 2, 2, 1, 2, 2, 2, 2, 1, 1, 2, 2, 2, 2, 2, 1, 1, 2, 2, 2, 2, 2, 1, 2, 2, 2, 2, 1, 1, 2, 2, 2, 1, 1, 2, 2, 4 ),
 ( 0.000000000000000000, 0.06249999999978853027, 0.09374999999968162967, 0.1093749999996287414, 0.1171874999996044692, 0.1210937499995900779, 0.1249999999995757005, 0.1562499999994734490, 0.1718749999994222954, 0.1796874999993977873, 0.1835937499993867128, 0.1855468749993838817, 0.1874999999993810507, 0.2187499999993856026, 0.2343749999993879063, 0.2421874999993896271, 0.2460937499993910427, 0.2499999999993924860, 0.3124999999993769983, 0.3437499999993659516, 0.3593749999993567368, 0.3671874999993564037, 0.3710937499993556821, 0.3749999999993549604, 0.4999999999994343414, 0.5624999999994783062, 0.5937499999994964028, 0.6093749999995049516, 0.6171874999995128341, 0.6210937499995173861, 0.6249999999995218269, 0.6874999999996296296, 0.7187499999996820321, 0.7343749999997082334, 0.7421874999997225553, 0.7460937499997291056, 0.7499999999997356559, 0.7812499999997645217, 0.7968749999997812861, 0.8046874999997867262, 0.8085937499997916111, 0.8105468749997888356, 0.8124999999997859490, 0.8437499999998041567, 0.8593749999998131495, 0.8671874999998177014, 0.8710937499998218092, 0.8749999999998258060, 1.000000000000000000 ),
 .UNSPECIFIED. ) ;
#530 = AXIS2_PLACEMENT_3D ( 'NONE', #420, #1473, #835 ) ;
#531 = CARTESIAN_POINT ( 'NONE',  ( 121.4869241470844941, 95.49862880130991982, -18.89185051025851791 ) ) ;
#532 = EDGE_LOOP ( 'NONE', ( #1012, #1384 ) ) ;
#533 = ORIENTED_EDGE ( 'NONE', *, *, #275, .T. ) ;
#534 = CARTESIAN_POINT ( 'NONE',  ( 120.1991230516170077, 91.03401509175299111, -5.442133500987999639 ) ) ;
#535 = EDGE_CURVE ( 'NONE', #8, #962, #853, .T. ) ;
#536 = DIRECTION ( 'NONE',  ( 3.133897229209509317E-15, 2.507117783367607769E-15, 1.000000000000000000 ) ) ;
#537 = DIRECTION ( 'NONE',  ( -3.133897229209509317E-15, -2.507117783367607769E-15, -1.000000000000000000 ) ) ;
#538 = EDGE_CURVE ( 'NONE', #1576, #250, #99, .T. ) ;
#539 = CARTESIAN_POINT ( 'NONE',  ( 121.2898476558742402, 95.56971269721915974, -19.11293285982596757 ) ) ;
#540 = ORIENTED_EDGE ( 'NONE', *, *, #356, .T. ) ;
#541 = CARTESIAN_POINT ( 'NONE',  ( 121.5302503933841933, 89.33401509175305932, -10.44213350099204973 ) ) ;
#542 = CARTESIAN_POINT ( 'NONE',  ( 120.1991230516170077, 91.03401509175299111, -5.442133500987999639 ) ) ;
#543 = AXIS2_PLACEMENT_3D ( 'NONE', #354, #1321, #914 ) ;
#544 = AXIS2_PLACEMENT_3D ( 'NONE', #1702, #1279, #1175 ) ;
#545 = CARTESIAN_POINT ( 'NONE',  ( 121.7991230516170020, 95.35689157500769397, -17.94213350098799964 ) ) ;
#546 = DIRECTION ( 'NONE',  ( 0.7071067811865402453, 0.000000000000000000, -0.7071067811865549002 ) ) ;
#547 = EDGE_CURVE ( 'NONE', #1192, #447, #433, .T. ) ;
#548 = CIRCLE ( 'NONE', #37, 1.599999999999990319 ) ;
#549 = CIRCLE ( 'NONE', #311, 12.50000000000001066 ) ;
#550 = CARTESIAN_POINT ( 'NONE',  ( 119.5714773693001121, 95.68727858147099141, -19.41389587870311573 ) ) ;
#551 = AXIS2_PLACEMENT_3D ( 'NONE', #1636, #56, #288 ) ;
#552 = DIRECTION ( 'NONE',  ( -1.000000000000000000, 0.000000000000000000, 3.252606517456518824E-15 ) ) ;
#553 = EDGE_LOOP ( 'NONE', ( #1288, #1198, #189, #1334 ) ) ;
#554 = DIRECTION ( 'NONE',  ( -1.000000000000000000, 0.000000000000000000, 2.961723007765296076E-15 ) ) ;
#555 = CARTESIAN_POINT ( 'NONE',  ( 120.8356941345895166, 95.68563007161456824, -16.47420950591457967 ) ) ;
#556 = CARTESIAN_POINT ( 'NONE',  ( 116.9991230516170759, 92.24401509175302749, -10.44213350099203907 ) ) ;
#557 = EDGE_CURVE ( 'NONE', #364, #1341, #1455, .T. ) ;
#558 = CARTESIAN_POINT ( 'NONE',  ( 118.7208403213063690, 95.41650406151310904, -18.55427144014913310 ) ) ;
#559 = ORIENTED_EDGE ( 'NONE', *, *, #589, .T. ) ;
#560 = CYLINDRICAL_SURFACE ( 'NONE', #1348, 12.50000000000001066 ) ;
#561 = VERTEX_POINT ( 'NONE', #1519 ) ;
#562 = CARTESIAN_POINT ( 'NONE',  ( 120.1991230516170077, 91.03401509175299111, -14.44213350098799964 ) ) ;
#563 = CARTESIAN_POINT ( 'NONE',  ( 119.5121219009908060, 95.67667324262286854, -16.49512116587407462 ) ) ;
#564 = CARTESIAN_POINT ( 'NONE',  ( 120.1991230516170077, 91.03401509175299111, -12.44213350098799964 ) ) ;
#565 = DIRECTION ( 'NONE',  ( -3.191741072935010124E-15, -2.573868890628970194E-15, -1.000000000000000000 ) ) ;
#566 = ADVANCED_FACE ( 'NONE', ( #370 ), #651, .F. ) ;
#567 = FACE_OUTER_BOUND ( 'NONE', #1172, .T. ) ;
#568 = DIRECTION ( 'NONE',  ( 3.133897229209509317E-15, 2.507117783367607769E-15, 1.000000000000000000 ) ) ;
#569 = CARTESIAN_POINT ( 'NONE',  ( 121.5549821680134386, 95.47077007543681759, -17.09242785756629956 ) ) ;
#570 = CARTESIAN_POINT ( 'NONE',  ( 112.6282025056373897, 96.79239703701379938, -28.74213350099203979 ) ) ;
#571 = AXIS2_PLACEMENT_3D ( 'NONE', #435, #1599, #948 ) ;
#572 = AXIS2_PLACEMENT_3D ( 'NONE', #475, #48, #321 ) ;
#573 = AXIS2_PLACEMENT_3D ( 'NONE', #1267, #300, #1552 ) ;
#574 = DIRECTION ( 'NONE',  ( 0.000000000000000000, 0.000000000000000000, -1.000000000000000000 ) ) ;
#575 = EDGE_LOOP ( 'NONE', ( #977, #598, #1413, #116, #1046, #1401 ) ) ;
#576 = CLOSED_SHELL ( 'NONE', ( #783, #991, #380, #35 ) ) ;
#577 = AXIS2_PLACEMENT_3D ( 'NONE', #114, #789, #671 ) ;
#578 = AXIS2_PLACEMENT_3D ( 'NONE', #706, #1232, #1225 ) ;
#579 = EDGE_CURVE ( 'NONE', #1634, #757, #1105, .T. ) ;
#580 = ORIENTED_EDGE ( 'NONE', *, *, #164, .T. ) ;
#581 = CARTESIAN_POINT ( 'NONE',  ( 118.5991230516169992, 99.59401509175299338, -17.94213350098799964 ) ) ;
#582 = CARTESIAN_POINT ( 'NONE',  ( 114.8782025056373897, 96.79239703701379938, -28.74213350099204689 ) ) ;
#583 = CARTESIAN_POINT ( 'NONE',  ( 121.3443105324959959, 95.55137277144461905, -16.82471308282458011 ) ) ;
#584 = DIRECTION ( 'NONE',  ( -3.133897229209509317E-15, -2.507117783367607769E-15, -1.000000000000000000 ) ) ;
#585 = DIRECTION ( 'NONE',  ( 1.000000000000000000, 0.000000000000000000, 0.000000000000000000 ) ) ;
#586 = EDGE_LOOP ( 'NONE', ( #505, #1566, #892, #864 ) ) ;
#587 = CARTESIAN_POINT ( 'NONE',  ( 125.5200435975964410, 87.69563314649214192, -7.916650101394091976 ) ) ;
#588 = DIRECTION ( 'NONE',  ( -0.000000000000000000, -0.000000000000000000, -1.000000000000000000 ) ) ;
#589 = EDGE_CURVE ( 'NONE', #334, #1192, #498, .T. ) ;
#590 = VERTEX_POINT ( 'NONE', #1665 ) ;
#591 = LINE ( 'NONE', #32, #501 ) ;
#592 = DIRECTION ( 'NONE',  ( -0.000000000000000000, -0.000000000000000000, 1.000000000000000000 ) ) ;
#593 = DIRECTION ( 'NONE',  ( 0.000000000000000000, 0.000000000000000000, 1.000000000000000000 ) ) ;
#594 = CARTESIAN_POINT ( 'NONE',  ( 121.5806138819912263, 95.45994436301826624, -17.13415733913609529 ) ) ;
#595 = EDGE_CURVE ( 'NONE', #612, #945, #234, .T. ) ;
#596 = ORIENTED_EDGE ( 'NONE', *, *, #1578, .F. ) ;
#597 = CIRCLE ( 'NONE', #571, 2.250000000000015987 ) ;
#598 = ORIENTED_EDGE ( 'NONE', *, *, #390, .T. ) ;
#599 = CIRCLE ( 'NONE', #374, 9.999999999999994671 ) ;
#600 = AXIS2_PLACEMENT_3D ( 'NONE', #638, #1274, #1162 ) ;
#601 = ORIENTED_EDGE ( 'NONE', *, *, #791, .T. ) ;
#602 = DIRECTION ( 'NONE',  ( 1.000000000000000000, -1.357715188866290734E-30, -3.133897229209509317E-15 ) ) ;
#603 = CARTESIAN_POINT ( 'NONE',  ( 125.5200435975964126, 87.69563314649212771, -12.44213350098799964 ) ) ;
#604 = LINE ( 'NONE', #442, #491 ) ;
#605 = CARTESIAN_POINT ( 'NONE',  ( 121.5121923067500944, 95.48842893764137330, -17.02747397991355882 ) ) ;
#606 = CARTESIAN_POINT ( 'NONE',  ( 115.6507411063561932, 86.92309454577330996, -28.74213350099202202 ) ) ;
#607 = ORIENTED_EDGE ( 'NONE', *, *, #1026, .F. ) ;
#608 = DIRECTION ( 'NONE',  ( 1.000000000000000000, 0.000000000000000000, 0.000000000000000000 ) ) ;
#609 = CARTESIAN_POINT ( 'NONE',  ( 124.2991230516170020, 92.24401509175301328, -23.74213350099206465 ) ) ;
#610 = VERTEX_POINT ( 'NONE', #1696 ) ;
#611 = EDGE_CURVE ( 'NONE', #1064, #1147, #1215, .T. ) ;
#612 = VERTEX_POINT ( 'NONE', #1655 ) ;
#613 = FACE_OUTER_BOUND ( 'NONE', #704, .T. ) ;
#614 = DIRECTION ( 'NONE',  ( 1.000000000000000000, 0.000000000000000000, 0.000000000000000000 ) ) ;
#615 = FACE_OUTER_BOUND ( 'NONE', #1539, .T. ) ;
#616 = CARTESIAN_POINT ( 'NONE',  ( 121.1441124642535954, 95.61458293950340703, -16.64685550641930689 ) ) ;
#617 = EDGE_LOOP ( 'NONE', ( #233, #504 ) ) ;
#618 = ORIENTED_EDGE ( 'NONE', *, *, #512, .T. ) ;
#619 = CARTESIAN_POINT ( 'NONE',  ( 118.5991230516169992, 95.35689157500769397, -17.94213350098799964 ) ) ;
#620 = ORIENTED_EDGE ( 'NONE', *, *, #145, .T. ) ;
#621 = ADVANCED_FACE ( 'NONE', ( #1529 ), #1187, .F. ) ;
#622 = DIRECTION ( 'NONE',  ( 0.000000000000000000, 1.000000000000000000, 0.000000000000000000 ) ) ;
#623 = CARTESIAN_POINT ( 'NONE',  ( 123.1475049968780269, 97.56493563773247502, -12.44213350098799964 ) ) ;
#624 = FACE_BOUND ( 'NONE', #687, .T. ) ;
#625 = FILL_AREA_STYLE ('',( #764 ) ) ;
#626 = DIRECTION ( 'NONE',  ( -3.133897229209509317E-15, -2.507117783367607769E-15, -1.000000000000000000 ) ) ;
#627 = ORIENTED_EDGE ( 'NONE', *, *, #535, .T. ) ;
#628 = AXIS2_PLACEMENT_3D ( 'NONE', #327, #464, #1140 ) ;
#629 = ORIENTED_EDGE ( 'NONE', *, *, #595, .F. ) ;
#630 = CARTESIAN_POINT ( 'NONE',  ( 116.0991230516170845, 92.24401509175302749, -12.14558228953273478 ) ) ;
#631 = DIRECTION ( 'NONE',  ( -1.000000000000000000, 0.000000000000000000, 3.252606517456533024E-15 ) ) ;
#632 = VECTOR ( 'NONE', #1557, 1000.000000000000000 ) ;
#633 = EDGE_CURVE ( 'NONE', #250, #1576, #407, .T. ) ;
#634 = AXIS2_PLACEMENT_3D ( 'NONE', #833, #958, #271 ) ;
#635 = LINE ( 'NONE', #1579, #988 ) ;
#636 = CIRCLE ( 'NONE', #231, 2.250000000000001776 ) ;
#637 = EDGE_LOOP ( 'NONE', ( #1684, #851, #1336, #83 ) ) ;
#638 = CARTESIAN_POINT ( 'NONE',  ( 120.1991230516170077, 91.63901509175299509, -12.44213350098799964 ) ) ;
#639 = ORIENTED_EDGE ( 'NONE', *, *, #807, .T. ) ;
#640 = CARTESIAN_POINT ( 'NONE',  ( 118.5991230516169850, 95.35689157500763713, -18.04080112692275151 ) ) ;
#641 = EDGE_LOOP ( 'NONE', ( #484, #1072, #1199, #685 ) ) ;
#642 = VERTEX_POINT ( 'NONE', #1148 ) ;
#643 = CARTESIAN_POINT ( 'NONE',  ( 115.6507411063560511, 86.92309454577367944, -7.916650101394057337 ) ) ;
#644 = APPLICATION_PROTOCOL_DEFINITION ( 'draft international standard', 'automotive_design', 1998, #923 ) ;
#645 = DIRECTION ( 'NONE',  ( -0.000000000000000000, -0.000000000000000000, 1.000000000000000000 ) ) ;
#646 = DIRECTION ( 'NONE',  ( -3.191741072935010124E-15, -2.573868890628970194E-15, -1.000000000000000000 ) ) ;
#647 = EDGE_CURVE ( 'NONE', #1605, #1569, #128, .T. ) ;
#648 = CARTESIAN_POINT ( 'NONE',  ( 123.1475049968780411, 97.56493563773251765, -7.916650101394107075 ) ) ;
#649 = EDGE_LOOP ( 'NONE', ( #875, #814 ) ) ;
#650 = ORIENTED_EDGE ( 'NONE', *, *, #26, .F. ) ;
#651 = CYLINDRICAL_SURFACE ( 'NONE', #1155, 1.599999999999990319 ) ;
#652 = DIRECTION ( 'NONE',  ( 3.133897229209509317E-15, 2.507117783367607769E-15, 1.000000000000000000 ) ) ;
#653 = CARTESIAN_POINT ( 'NONE',  ( 120.1991230516170077, 91.03401509175299111, -12.44213350098799964 ) ) ;
#654 = ORIENTED_EDGE ( 'NONE', *, *, #538, .T. ) ;
#655 = EDGE_CURVE ( 'NONE', #1206, #1610, #803, .T. ) ;
#656 = CARTESIAN_POINT ( 'NONE',  ( 121.2373232352243519, 95.58636664828708263, -19.15996485916567593 ) ) ;
#657 = ORIENTED_EDGE ( 'NONE', *, *, #1700, .T. ) ;
#658 = DIRECTION ( 'NONE',  ( 1.000000000000000000, 0.000000000000000000, 0.000000000000000000 ) ) ;
#659 = AXIS2_PLACEMENT_3D ( 'NONE', #956, #705, #276 ) ;
#660 = AXIS2_PLACEMENT_3D ( 'NONE', #1391, #1265, #78 ) ;
#661 = DIRECTION ( 'NONE',  ( 1.000000000000000000, 0.000000000000000000, 0.000000000000000000 ) ) ;
#662 = CARTESIAN_POINT ( 'NONE',  ( 118.9728427938307220, 95.52249384616753503, -16.91310077131934975 ) ) ;
#663 = AXIS2_PLACEMENT_3D ( 'NONE', #467, #996, #1688 ) ;
#664 = AXIS2_PLACEMENT_3D ( 'NONE', #1424, #1555, #87 ) ;
#665 = CARTESIAN_POINT ( 'NONE',  ( 120.1991230516170077, 96.89401509175299054, -19.44213350098799964 ) ) ;
#666 = CARTESIAN_POINT ( 'NONE',  ( 121.4254033061290556, 95.52249384736229842, -18.97116623455847062 ) ) ;
#667 = EDGE_CURVE ( 'NONE', #461, #1437, #260, .T. ) ;
#668 = ORIENTED_EDGE ( 'NONE', *, *, #1361, .F. ) ;
#669 = EDGE_CURVE ( 'NONE', #1423, #962, #1542, .T. ) ;
#670 = CARTESIAN_POINT ( 'NONE',  ( 120.1991230516170219, 92.24401509175301328, -23.74213350099205044 ) ) ;
#671 = DIRECTION ( 'NONE',  ( 1.000000000000000000, -8.673617379884087537E-15, 0.000000000000000000 ) ) ;
#672 = CARTESIAN_POINT ( 'NONE',  ( 119.7891193481131467, 95.72015231781357159, -16.39460842209103220 ) ) ;
#673 = DIRECTION ( 'NONE',  ( -1.000000000000000000, 0.000000000000000000, 3.252606517456518824E-15 ) ) ;
#674 = ORIENTED_EDGE ( 'NONE', *, *, #82, .F. ) ;
#675 = CARTESIAN_POINT ( 'NONE',  ( 118.9085803110271087, 95.49771087170238104, -18.88932090708781431 ) ) ;
#676 = EDGE_LOOP ( 'NONE', ( #698, #524 ) ) ;
#677 = EDGE_CURVE ( 'NONE', #1138, #1423, #1052, .T. ) ;
#678 = DIRECTION ( 'NONE',  ( -1.000000000000000000, 0.000000000000000000, 3.384826294588909689E-15 ) ) ;
#679 = DIRECTION ( 'NONE',  ( -3.133897229209509317E-15, -2.507117783367607769E-15, -1.000000000000000000 ) ) ;
#680 = CARTESIAN_POINT ( 'NONE',  ( 118.8729196430114712, 95.48305802652853913, -17.04703697984620803 ) ) ;
#681 = CARTESIAN_POINT ( 'NONE',  ( 107.7137726360299865, 91.63901509175299509, -14.44213350098799964 ) ) ;
#682 = PLANE ( 'NONE',  #828 ) ;
#683 = DIRECTION ( 'NONE',  ( 1.000000000000000000, 0.000000000000000000, 0.000000000000000000 ) ) ;
#684 = CARTESIAN_POINT ( 'NONE',  ( 118.9563827166806078, 95.51614760413174565, -18.95023200649877282 ) ) ;
#685 = ORIENTED_EDGE ( 'NONE', *, *, #1490, .T. ) ;
#686 = EDGE_LOOP ( 'NONE', ( #1470, #1526, #6, #207 ) ) ;
#687 = EDGE_LOOP ( 'NONE', ( #1118, #1683 ) ) ;
#688 = DIRECTION ( 'NONE',  ( -1.000000000000000000, 0.000000000000000000, 3.252606517456533024E-15 ) ) ;
#689 = CARTESIAN_POINT ( 'NONE',  ( 119.4308291536598574, 95.65927555380514491, -16.53481863697876264 ) ) ;
#690 = EDGE_CURVE ( 'NONE', #306, #813, #696, .T. ) ;
#691 = DIRECTION ( 'NONE',  ( 1.000000000000000000, -8.673617379884087537E-15, 0.000000000000000000 ) ) ;
#692 = CLOSED_SHELL ( 'NONE', ( #1570, #257, #1691, #943 ) ) ;
#693 = AXIS2_PLACEMENT_3D ( 'NONE', #1686, #1673, #631 ) ;
#694 = CARTESIAN_POINT ( 'NONE',  ( 118.8698025826886635, 95.48176417627495027, -18.83258845882413013 ) ) ;
#695 = ORIENTED_EDGE ( 'NONE', *, *, #1335, .T. ) ;
#696 = LINE ( 'NONE', #183, #152 ) ;
#697 = AXIS2_PLACEMENT_3D ( 'NONE', #314, #568, #1100 ) ;
#698 = ORIENTED_EDGE ( 'NONE', *, *, #297, .T. ) ;
#699 = DIRECTION ( 'NONE',  ( -0.000000000000000000, -0.000000000000000000, -1.000000000000000000 ) ) ;
#700 = CARTESIAN_POINT ( 'NONE',  ( 120.8267687340181311, 95.68727858145366838, -16.47037112330865938 ) ) ;
#701 = CARTESIAN_POINT ( 'NONE',  ( 115.6507411063560369, 86.92309454577366523, -12.44213350098799964 ) ) ;
#702 = ADVANCED_FACE ( 'NONE', ( #25 ), #1626, .T. ) ;
#703 = CARTESIAN_POINT ( 'NONE',  ( 116.4782025056375829, 96.79239703701405517, -12.44213350098799964 ) ) ;
#704 = EDGE_LOOP ( 'NONE', ( #654, #1583, #760, #1166 ) ) ;
#705 = DIRECTION ( 'NONE',  ( 3.133897229209509317E-15, 2.507117783367607769E-15, 1.000000000000000000 ) ) ;
#706 = CARTESIAN_POINT ( 'NONE',  ( 120.1991230516170788, 92.24401509175304170, -10.44213350099204973 ) ) ;
#707 = CARTESIAN_POINT ( 'NONE',  ( 121.6575499821017559, 95.42573921478980026, -17.28252537830709912 ) ) ;
#708 = LINE ( 'NONE', #1472, #1257 ) ;
#709 = CARTESIAN_POINT ( 'NONE',  ( 126.1991230516169793, 91.03401509175299111, -26.38183046295501555 ) ) ;
#710 = EDGE_LOOP ( 'NONE', ( #620, #533 ) ) ;
#711 = ADVANCED_FACE ( 'NONE', ( #1219 ), #560, .T. ) ;
#712 = ORIENTED_EDGE ( 'NONE', *, *, #49, .T. ) ;
#713 = DIRECTION ( 'NONE',  ( 0.000000000000000000, 0.000000000000000000, -1.000000000000000000 ) ) ;
#714 = LINE ( 'NONE', #1226, #1319 ) ;
#715 = AXIS2_PLACEMENT_3D ( 'NONE', #177, #64, #1654 ) ;
#716 = CIRCLE ( 'NONE', #966, 4.099999999999978328 ) ;
#717 = CARTESIAN_POINT ( 'NONE',  ( 121.6703254587683176, 95.41979465251745296, -18.57109849814962743 ) ) ;
#718 = DIRECTION ( 'NONE',  ( 0.000000000000000000, 0.000000000000000000, 1.000000000000000000 ) ) ;
#719 = AXIS2_PLACEMENT_3D ( 'NONE', #269, #904, #1082 ) ;
#720 = ADVANCED_FACE ( 'NONE', ( #1514 ), #1120, .F. ) ;
#721 = AXIS2_PLACEMENT_3D ( 'NONE', #52, #210, #158 ) ;
#722 = ADVANCED_FACE ( 'NONE', ( #1523 ), #1498, .T. ) ;
#723 = DIRECTION ( 'NONE',  ( -0.000000000000000000, -0.000000000000000000, -1.000000000000000000 ) ) ;
#724 = CARTESIAN_POINT ( 'NONE',  ( 118.5991230516169992, 95.35689157500769397, -17.94213350098799964 ) ) ;
#725 = CARTESIAN_POINT ( 'NONE',  ( 121.7991230516170020, 95.35689157500767976, -18.13977375664737934 ) ) ;
#726 = DIRECTION ( 'NONE',  ( 0.000000000000000000, 0.000000000000000000, -1.000000000000000000 ) ) ;
#727 = ORIENTED_EDGE ( 'NONE', *, *, #1097, .F. ) ;
#728 = LINE ( 'NONE', #1244, #1124 ) ;
#729 = CARTESIAN_POINT ( 'NONE',  ( 118.5991230516169566, 95.35689157500765134, -17.74449324552892193 ) ) ;
#730 = EDGE_CURVE ( 'NONE', #1610, #1206, #1102, .T. ) ;
#731 = EDGE_LOOP ( 'NONE', ( #227, #395 ) ) ;
#732 = AXIS2_PLACEMENT_3D ( 'NONE', #1687, #1422, #1169 ) ;
#733 = DIRECTION ( 'NONE',  ( -0.000000000000000000, -0.000000000000000000, -1.000000000000000000 ) ) ;
#734 = EDGE_CURVE ( 'NONE', #1435, #478, #1394, .T. ) ;
#735 = EDGE_LOOP ( 'NONE', ( #1402, #213, #1010, #74 ) ) ;
#736 = VECTOR ( 'NONE', #168, 1000.000000000000000 ) ;
#737 = AXIS2_PLACEMENT_3D ( 'NONE', #1517, #769, #1388 ) ;
#738 = CARTESIAN_POINT ( 'NONE',  ( 120.1991230516170077, 96.89401509175299054, -17.94213350098799964 ) ) ;
#739 = ORIENTED_EDGE ( 'NONE', *, *, #840, .T. ) ;
#740 = AXIS2_PLACEMENT_3D ( 'NONE', #180, #317, #51 ) ;
#741 = VECTOR ( 'NONE', #476, 1000.000000000000000 ) ;
#742 = ORIENTED_EDGE ( 'NONE', *, *, #840, .F. ) ;
#743 = CYLINDRICAL_SURFACE ( 'NONE', #1533, 1.599999999999990319 ) ;
#744 = CARTESIAN_POINT ( 'NONE',  ( 120.1991230516170077, 96.89401509175299054, -17.94213350098799964 ) ) ;
#745 = CARTESIAN_POINT ( 'NONE',  ( 114.8782025056376028, 96.79239703701408359, -7.916650101394077765 ) ) ;
#746 = ORIENTED_EDGE ( 'NONE', *, *, #291, .T. ) ;
#747 = ORIENTED_EDGE ( 'NONE', *, *, #329, .T. ) ;
#748 = EDGE_CURVE ( 'NONE', #101, #642, #1343, .T. ) ;
#749 = CARTESIAN_POINT ( 'NONE',  ( 121.7991230516170020, 96.89401509175299054, -17.94213350098799964 ) ) ;
#750 = ORIENTED_EDGE ( 'NONE', *, *, #1223, .T. ) ;
#751 = ORIENTED_EDGE ( 'NONE', *, *, #579, .T. ) ;
#752 = DIRECTION ( 'NONE',  ( -1.000000000000000000, 0.000000000000000000, 0.000000000000000000 ) ) ;
#753 = PRODUCT ( 'pivot mid bigger disc diameter with motor shaft', 'pivot mid bigger disc diameter with motor shaft', '', ( #1541 ) ) ;
#754 = DIRECTION ( 'NONE',  ( 0.000000000000000000, 0.000000000000000000, 1.000000000000000000 ) ) ;
#755 = CARTESIAN_POINT ( 'NONE',  ( 114.1991230516170077, 91.03401509175299111, -5.442133500987999639 ) ) ;
#756 = CYLINDRICAL_SURFACE ( 'NONE', #20, 12.50000000000001066 ) ;
#757 = VERTEX_POINT ( 'NONE', #774 ) ;
#758 = CARTESIAN_POINT ( 'NONE',  ( 118.6748111084002488, 95.39479070913796477, -18.42918325373470623 ) ) ;
#759 = ORIENTED_EDGE ( 'NONE', *, *, #934, .F. ) ;
#760 = ORIENTED_EDGE ( 'NONE', *, *, #214, .F. ) ;
#761 = DIRECTION ( 'NONE',  ( -3.133897229209509317E-15, -2.507117783367607769E-15, -1.000000000000000000 ) ) ;
#762 = CARTESIAN_POINT ( 'NONE',  ( 126.1991230516169793, 91.03401509175299111, -12.44213350098799964 ) ) ;
#763 = EDGE_LOOP ( 'NONE', ( #727, #1277, #166, #997 ) ) ;
#764 = FILL_AREA_STYLE_COLOUR ( '', #1536 ) ;
#765 = CYLINDRICAL_SURFACE ( 'NONE', #1152, 2.100000000000004530 ) ;
#766 = ORIENTED_EDGE ( 'NONE', *, *, #773, .T. ) ;
#767 = AXIS2_PLACEMENT_3D ( 'NONE', #1308, #1572, #889 ) ;
#768 = AXIS2_PLACEMENT_3D ( 'NONE', #386, #103, #931 ) ;
#769 = DIRECTION ( 'NONE',  ( -0.000000000000000000, -0.000000000000000000, -1.000000000000000000 ) ) ;
#770 = CARTESIAN_POINT ( 'NONE',  ( 132.6991230516169935, 92.24401509175299907, -50.66317848867440432 ) ) ;
#771 = AXIS2_PLACEMENT_3D ( 'NONE', #1662, #399, #1331 ) ;
#772 = AXIS2_PLACEMENT_3D ( 'NONE', #1170, #1040, #915 ) ;
#773 = EDGE_CURVE ( 'NONE', #1360, #1205, #1293, .T. ) ;
#774 = CARTESIAN_POINT ( 'NONE',  ( 121.7991230516170020, 96.89401509175299054, -17.94213350098799964 ) ) ;
#775 = PLANE ( 'NONE',  #543 ) ;
#776 = AXIS2_PLACEMENT_3D ( 'NONE', #709, #829, #85 ) ;
#777 = ORIENTED_EDGE ( 'NONE', *, *, #401, .F. ) ;
#778 = CARTESIAN_POINT ( 'NONE',  ( 132.6991230516169935, 91.03401509175299111, -50.66317848867440432 ) ) ;
#779 = ORIENTED_EDGE ( 'NONE', *, *, #107, .T. ) ;
#780 = CARTESIAN_POINT ( 'NONE',  ( 114.8782025056373897, 96.79239703701379938, -28.74213350099204689 ) ) ;
#781 = CYLINDRICAL_SURFACE ( 'NONE', #200, 3.500000000000003109 ) ;
#782 = PLANE ( 'NONE',  #238 ) ;
#783 = ADVANCED_FACE ( 'NONE', ( #1168 ), #781, .T. ) ;
#784 = ORIENTED_EDGE ( 'NONE', *, *, #368, .F. ) ;
#785 = DIRECTION ( 'NONE',  ( 1.000000000000000000, 0.000000000000000000, 0.000000000000000000 ) ) ;
#786 = DIRECTION ( 'NONE',  ( -1.000000000000000000, 0.000000000000000000, 0.000000000000000000 ) ) ;
#787 = CARTESIAN_POINT ( 'NONE',  ( 119.5625519688045841, 95.68563007164773637, -19.41005749613070108 ) ) ;
#788 = ORIENTED_EDGE ( 'NONE', *, *, #1650, .F. ) ;
#789 = DIRECTION ( 'NONE',  ( -0.000000000000000000, -0.000000000000000000, -1.000000000000000000 ) ) ;
#790 = CARTESIAN_POINT ( 'NONE',  ( 119.1083984472182777, 95.56971269715553774, -16.77133414228317676 ) ) ;
#791 = EDGE_CURVE ( 'NONE', #211, #871, #66, .T. ) ;
#792 = PLANE ( 'NONE',  #455 ) ;
#793 = ADVANCED_FACE ( 'NONE', ( #615 ), #396, .T. ) ;
#794 = CARTESIAN_POINT ( 'NONE',  ( 121.3073501950775182, 95.56391744368018237, -19.09621260212924199 ) ) ;
#795 = ORIENTED_EDGE ( 'NONE', *, *, #975, .F. ) ;
#796 = ORIENTED_EDGE ( 'NONE', *, *, #748, .F. ) ;
#797 = FACE_OUTER_BOUND ( 'NONE', #299, .T. ) ;
#798 = AXIS2_PLACEMENT_3D ( 'NONE', #1252, #41, #1116 ) ;
#799 = VECTOR ( 'NONE', #602, 1000.000000000000000 ) ;
#800 = CARTESIAN_POINT ( 'NONE',  ( 118.5991230516169992, 96.89401509175299054, -17.94213350098799964 ) ) ;
#801 = DIRECTION ( 'NONE',  ( -3.133897229209509317E-15, -2.507117783367607769E-15, -1.000000000000000000 ) ) ;
#802 = LINE ( 'NONE', #43, #1396 ) ;
#803 = CIRCLE ( 'NONE', #44, 2.100000000000004530 ) ;
#804 = B_SPLINE_CURVE_WITH_KNOTS ( 'NONE', 3,
 ( #619, #640, #480, #1144, #1537, #758, #88, #272, #141, #1602, #558, #392, #1609, #1204, #1442, #1584, #1708, #1089, #17, #694, #918, #675, #684, #242, #264, #1714, #259, #405, #5, #1180, #413, #523, #1436, #1218, #133, #1593, #787, #550, #1191, #1323, #1304, #119, #1080, #952, #1340, #1197, #935, #1721, #930, #249, #1070, #944, #149, #1056, #1575, #1467, #656, #384, #539, #794, #1313, #812, #126, #666, #1452, #531, #1063, #818, #805, #1458, #1332, #1236, #1378, #181, #1484, #1369, #1106, #856, #717, #280, #1119, #725, #850 ),
 .UNSPECIFIED., .F., .F.,
 ( 4, 2, 2, 1, 1, 2, 2, 2, 1, 1, 1, 2, 2, 2, 2, 1, 2, 2, 2, 2, 1, 1, 2, 2, 2, 2, 2, 1, 1, 2, 2, 2, 2, 2, 1, 2, 2, 2, 2, 1, 1, 2, 2, 2, 1, 1, 2, 2, 4 ),
 ( 0.000000000000000000, 0.06249999999994546029, 0.09374999999991780186, 0.1093749999999039796, 0.1171874999998961525, 0.1210937499998902545, 0.1249999999998843425, 0.1562499999998295530, 0.1718749999998012423, 0.1796874999997863098, 0.1835937499997780664, 0.1855468749997712108, 0.1874999999997643829, 0.2187499999997553346, 0.2343749999997517264, 0.2421874999997505606, 0.2460937499997525035, 0.2499999999997544464, 0.3124999999997710720, 0.3437499999997799538, 0.3593749999997817302, 0.3671874999997831179, 0.3710937499997886135, 0.3749999999997941647, 0.4999999999999382716, 0.5625000000000059952, 0.5937500000000399680, 0.6093750000000607292, 0.6171875000000748290, 0.6210937500000776046, 0.6250000000000803801, 0.6875000000000218714, 0.7187499999999946709, 0.7343749999999796829, 0.7421874999999745759, 0.7460937499999719114, 0.7499999999999691358, 0.7812499999999631406, 0.7968749999999594769, 0.8046874999999544809, 0.8085937499999540368, 0.8105468749999539257, 0.8124999999999538147, 0.8437499999999777955, 0.8593749999999906741, 0.8671874999999962252, 0.8710937499999971134, 0.8749999999999980016, 1.000000000000000000 ),
 .UNSPECIFIED. ) ;
#805 = CARTESIAN_POINT ( 'NONE',  ( 121.5201951244742844, 95.48516078051299871, -18.84479288700111610 ) ) ;
#806 = ORIENTED_EDGE ( 'NONE', *, *, #1632, .T. ) ;
#807 = EDGE_CURVE ( 'NONE', #970, #1414, #822, .T. ) ;
#808 = ORIENTED_EDGE ( 'NONE', *, *, #1098, .T. ) ;
#809 = CARTESIAN_POINT ( 'NONE',  ( 107.6991230516169935, 92.24401509175299907, -12.44213350098799964 ) ) ;
#810 = DIRECTION ( 'NONE',  ( -3.133897229209509317E-15, -2.507117783367607769E-15, -1.000000000000000000 ) ) ;
#811 = ORIENTED_EDGE ( 'NONE', *, *, #1335, .F. ) ;
#812 = CARTESIAN_POINT ( 'NONE',  ( 121.3239685202482292, 95.55834345831631538, -19.08003161389344626 ) ) ;
#813 = VERTEX_POINT ( 'NONE', #1329 ) ;
#814 = ORIENTED_EDGE ( 'NONE', *, *, #955, .T. ) ;
#815 = EDGE_CURVE ( 'NONE', #1569, #1576, #387, .T. ) ;
#816 = CARTESIAN_POINT ( 'NONE',  ( 110.1991230516169935, 91.03401509175299111, -12.44213350098799964 ) ) ;
#817 = CARTESIAN_POINT ( 'NONE',  ( 118.8384010640856019, 95.46890412029665640, -17.09843270043603525 ) ) ;
#818 = CARTESIAN_POINT ( 'NONE',  ( 121.5122181793289542, 95.48842256609262336, -18.85641005317007313 ) ) ;
#819 = EDGE_LOOP ( 'NONE', ( #301, #1669, #808, #369 ) ) ;
#820 = FACE_BOUND ( 'NONE', #206, .T. ) ;
#821 = VERTEX_POINT ( 'NONE', #541 ) ;
#822 = LINE ( 'NONE', #113, #873 ) ;
#823 = CARTESIAN_POINT ( 'NONE',  ( 114.0507411063560426, 86.92309454577365102, -12.44213350098799964 ) ) ;
#824 = EDGE_CURVE ( 'NONE', #1017, #511, #1286, .T. ) ;
#825 = CIRCLE ( 'NONE', #34, 1.600000000000004086 ) ;
#826 = AXIS2_PLACEMENT_3D ( 'NONE', #888, #899, #1421 ) ;
#827 = AXIS2_PLACEMENT_3D ( 'NONE', #427, #1339, #1613 ) ;
#828 = AXIS2_PLACEMENT_3D ( 'NONE', #950, #1482, #146 ) ;
#829 = DIRECTION ( 'NONE',  ( -0.000000000000000000, -0.000000000000000000, 1.000000000000000000 ) ) ;
#830 = EDGE_LOOP ( 'NONE', ( #150, #1178 ) ) ;
#831 = AXIS2_PLACEMENT_3D ( 'NONE', #487, #898, #104 ) ;
#832 = CARTESIAN_POINT ( 'NONE',  ( 120.1991230516170361, 92.24401509175302749, -23.74213350099205044 ) ) ;
#833 = CARTESIAN_POINT ( 'NONE',  ( 124.7475049968780212, 97.56493563773250344, -12.44213350098799964 ) ) ;
#834 = EDGE_CURVE ( 'NONE', #1383, #1055, #1595, .T. ) ;
#835 = DIRECTION ( 'NONE',  ( 1.000000000000000000, 0.000000000000000000, 0.000000000000000000 ) ) ;
#836 = EDGE_LOOP ( 'NONE', ( #596, #1704, #1586, #452 ) ) ;
#837 = CARTESIAN_POINT ( 'NONE',  ( 117.1282025056373897, 96.79239703701379938, -28.74213350099205400 ) ) ;
#838 = CARTESIAN_POINT ( 'NONE',  ( 116.4782025056373840, 96.79239703701379938, -28.09213350099203410 ) ) ;
#839 = CARTESIAN_POINT ( 'NONE',  ( 127.7700435975966116, 87.69563314649201402, -28.74213350099206465 ) ) ;
#840 = EDGE_CURVE ( 'NONE', #218, #1468, #860, .T. ) ;
#841 = FACE_OUTER_BOUND ( 'NONE', #1522, .T. ) ;
#842 = ORIENTED_EDGE ( 'NONE', *, *, #512, .F. ) ;
#843 = ADVANCED_FACE ( 'NONE', ( #1685 ), #339, .F. ) ;
#844 = ORIENTED_EDGE ( 'NONE', *, *, #1278, .F. ) ;
#845 = CARTESIAN_POINT ( 'NONE',  ( 118.5991230516169992, 96.89401509175299054, -17.94213350098799964 ) ) ;
#846 = CARTESIAN_POINT ( 'NONE',  ( 116.9991230516170475, 92.24401509175302749, -23.74213350099204334 ) ) ;
#847 = DIRECTION ( 'NONE',  ( -0.000000000000000000, -0.000000000000000000, 1.000000000000000000 ) ) ;
#848 = VECTOR ( 'NONE', #313, 1000.000000000000000 ) ;
#849 = AXIS2_PLACEMENT_3D ( 'NONE', #353, #362, #135 ) ;
#850 = CARTESIAN_POINT ( 'NONE',  ( 121.7991230516170020, 95.35689157500769397, -17.94213350098799964 ) ) ;
#851 = ORIENTED_EDGE ( 'NONE', *, *, #1238, .T. ) ;
#852 = CIRCLE ( 'NONE', #1104, 1.599999999999990319 ) ;
#853 = CIRCLE ( 'NONE', #1127, 12.50000000000001066 ) ;
#854 = EDGE_CURVE ( 'NONE', #511, #211, #190, .T. ) ;
#855 = DIRECTION ( 'NONE',  ( -1.000000000000000000, 0.000000000000000000, 0.000000000000000000 ) ) ;
#856 = CARTESIAN_POINT ( 'NONE',  ( 121.6657371758130637, 95.42191929672650019, -18.58172438676650984 ) ) ;
#857 = ORIENTED_EDGE ( 'NONE', *, *, #633, .T. ) ;
#858 = ORIENTED_EDGE ( 'NONE', *, *, #690, .T. ) ;
#859 = ADVANCED_FACE ( 'NONE', ( #1410 ), #743, .F. ) ;
#860 = LINE ( 'NONE', #886, #429 ) ;
#861 = CYLINDRICAL_SURFACE ( 'NONE', #628, 3.199999999999994404 ) ;
#862 = CARTESIAN_POINT ( 'NONE',  ( 118.7738383890038705, 95.44074507481751368, -17.21464699093937156 ) ) ;
#863 = APPLICATION_CONTEXT ( 'automotive_design' ) ;
#864 = ORIENTED_EDGE ( 'NONE', *, *, #329, .F. ) ;
#865 = DIRECTION ( 'NONE',  ( -0.000000000000000000, -0.000000000000000000, 1.000000000000000000 ) ) ;
#866 = EDGE_LOOP ( 'NONE', ( #53, #1558, #1351, #607 ) ) ;
#867 = EDGE_LOOP ( 'NONE', ( #795, #434, #274, #108 ) ) ;
#868 = CARTESIAN_POINT ( 'NONE',  ( 0.000000000000000000, 100.3940150917529905, -26.54313350098815150 ) ) ;
#869 = DIRECTION ( 'NONE',  ( 0.7071067811865500152, 0.000000000000000000, 0.7071067811865451302 ) ) ;
#870 = EDGE_CURVE ( 'NONE', #54, #960, #548, .T. ) ;
#871 = VERTEX_POINT ( 'NONE', #1271 ) ;
#872 = AXIS2_PLACEMENT_3D ( 'NONE', #868, #1130, #713 ) ;
#873 = VECTOR ( 'NONE', #517, 1000.000000000000000 ) ;
#874 = DIRECTION ( 'NONE',  ( 1.000000000000000000, 0.000000000000000000, 0.000000000000000000 ) ) ;
#875 = ORIENTED_EDGE ( 'NONE', *, *, #93, .T. ) ;
#876 = AXIS2_PLACEMENT_3D ( 'NONE', #328, #622, #338 ) ;
#877 = EDGE_LOOP ( 'NONE', ( #326, #1418 ) ) ;
#878 = CARTESIAN_POINT ( 'NONE',  ( 121.7991230516170020, 96.89401509175299054, -17.94213350098799964 ) ) ;
#879 = DIRECTION ( 'NONE',  ( 0.000000000000000000, -1.000000000000000000, 0.000000000000000000 ) ) ;
#880 = EDGE_CURVE ( 'NONE', #561, #1205, #1503, .T. ) ;
#881 = CARTESIAN_POINT ( 'NONE',  ( 130.1991230516169935, 91.03401509175299111, -5.442133500987999639 ) ) ;
#882 = ORIENTED_EDGE ( 'NONE', *, *, #1238, .F. ) ;
#883 = DIRECTION ( 'NONE',  ( 1.000000000000000000, -1.357715188866292135E-30, -3.133897229209509317E-15 ) ) ;
#884 = EDGE_LOOP ( 'NONE', ( #431, #891, #1416, #1327 ) ) ;
#885 = ORIENTED_EDGE ( 'NONE', *, *, #1632, .F. ) ;
#886 = CARTESIAN_POINT ( 'NONE',  ( 123.3991230516170674, 92.24401509175304170, -10.44213350099206039 ) ) ;
#887 = DIRECTION ( 'NONE',  ( 0.000000000000000000, 0.000000000000000000, -1.000000000000000000 ) ) ;
#888 = CARTESIAN_POINT ( 'NONE',  ( 125.5200435975966116, 87.69563314649201402, -28.74213350099205755 ) ) ;
#889 = DIRECTION ( 'NONE',  ( 1.000000000000000000, 0.000000000000000000, 0.000000000000000000 ) ) ;
#890 = AXIS2_PLACEMENT_3D ( 'NONE', #762, #1188, #900 ) ;
#891 = ORIENTED_EDGE ( 'NONE', *, *, #909, .T. ) ;
#892 = ORIENTED_EDGE ( 'NONE', *, *, #934, .T. ) ;
#893 = CARTESIAN_POINT ( 'NONE',  ( 120.1991230516170219, 92.24401509175301328, -23.74213350099205044 ) ) ;
#894 = ORIENTED_EDGE ( 'NONE', *, *, #1312, .T. ) ;
#895 = ADVANCED_FACE ( 'NONE', ( #1527 ), #897, .F. ) ;
#896 = EDGE_LOOP ( 'NONE', ( #984, #1096, #1395, #1290, #1661, #469, #920, #1154 ) ) ;
#897 = CYLINDRICAL_SURFACE ( 'NONE', #1366, 1.599999999999990319 ) ;
#898 = DIRECTION ( 'NONE',  ( 3.133897229209509317E-15, 2.507117783367607769E-15, 1.000000000000000000 ) ) ;
#899 = DIRECTION ( 'NONE',  ( 3.133897229209509317E-15, 2.507117783367607769E-15, 1.000000000000000000 ) ) ;
#900 = DIRECTION ( 'NONE',  ( 1.000000000000000000, 0.000000000000000000, 0.000000000000000000 ) ) ;
#901 = EDGE_LOOP ( 'NONE', ( #885, #265, #446, #1680 ) ) ;
#902 = PLANE ( 'NONE',  #600 ) ;
#903 = CARTESIAN_POINT ( 'NONE',  ( 130.1991230516169935, 91.03401509175299111, -12.44213350098799964 ) ) ;
#904 = DIRECTION ( 'NONE',  ( 0.000000000000000000, 0.000000000000000000, 1.000000000000000000 ) ) ;
#905 = CIRCLE ( 'NONE', #428, 2.250000000000029754 ) ;
#906 = VECTOR ( 'NONE', #350, 1000.000000000000000 ) ;
#907 = VERTEX_POINT ( 'NONE', #1419 ) ;
#908 = DIRECTION ( 'NONE',  ( 1.000000000000000000, 0.000000000000000000, 0.000000000000000000 ) ) ;
#909 = EDGE_CURVE ( 'NONE', #1525, #1107, #208, .T. ) ;
#910 = FACE_OUTER_BOUND ( 'NONE', #1037, .T. ) ;
#911 = DIRECTION ( 'NONE',  ( -1.000000000000000000, 0.000000000000000000, 0.000000000000000000 ) ) ;
#912 = AXIS2_PLACEMENT_3D ( 'NONE', #1177, #1581, #673 ) ;
#913 = AXIS2_PLACEMENT_3D ( 'NONE', #192, #588, #986 ) ;
#914 = DIRECTION ( 'NONE',  ( 1.000000000000000000, 0.000000000000000000, 0.000000000000000000 ) ) ;
#915 = DIRECTION ( 'NONE',  ( 1.000000000000000000, -1.734723475976802677E-14, 0.000000000000000000 ) ) ;
#916 = VECTOR ( 'NONE', #1561, 1000.000000000000000 ) ;
#917 = DIRECTION ( 'NONE',  ( -0.000000000000000000, -0.000000000000000000, -1.000000000000000000 ) ) ;
#918 = CARTESIAN_POINT ( 'NONE',  ( 118.8860537937595154, 95.48842893648156860, -18.85679301800466590 ) ) ;
#919 = PRODUCT_DEFINITION_CONTEXT ( 'detailed design', #923, 'design' ) ;
#920 = ORIENTED_EDGE ( 'NONE', *, *, #1223, .F. ) ;
#921 = LINE ( 'NONE', #1438, #940 ) ;
#922 = SHAPE_DEFINITION_REPRESENTATION ( #479, #1619 ) ;
#923 = APPLICATION_CONTEXT ( 'automotive_design' ) ;
#924 = ADVANCED_FACE ( 'NONE', ( #62 ), #226, .F. ) ;
#925 = DIRECTION ( 'NONE',  ( 1.000000000000000000, 0.000000000000000000, 0.000000000000000000 ) ) ;
#926 = CARTESIAN_POINT ( 'NONE',  ( 119.0140992103080180, 95.53778412944022591, -16.86443090291468394 ) ) ;
#927 = EDGE_CURVE ( 'NONE', #1136, #478, #1262, .T. ) ;
#928 = PRESENTATION_STYLE_ASSIGNMENT (( #122 ) ) ;
#929 = EDGE_LOOP ( 'NONE', ( #127, #39, #936, #750 ) ) ;
#930 = CARTESIAN_POINT ( 'NONE',  ( 120.7901347050262331, 95.69375610232303586, -19.42899361285978799 ) ) ;
#931 = DIRECTION ( 'NONE',  ( -1.000000000000000000, 0.000000000000000000, 3.252606517456518824E-15 ) ) ;
#932 = DIRECTION ( 'NONE',  ( 0.000000000000000000, 0.000000000000000000, 1.000000000000000000 ) ) ;
#933 = CARTESIAN_POINT ( 'NONE',  ( 118.9249482385002636, 95.50403543498690340, -16.97407025255831670 ) ) ;
#934 = EDGE_CURVE ( 'NONE', #478, #1435, #1678, .T. ) ;
#935 = CARTESIAN_POINT ( 'NONE',  ( 120.7257975434562525, 95.70428717921879525, -19.45340160106782790 ) ) ;
#936 = ORIENTED_EDGE ( 'NONE', *, *, #1326, .T. ) ;
#937 = UNCERTAINTY_MEASURE_WITH_UNIT (LENGTH_MEASURE( 1.000000000000000082E-05 ), #1672, 'distance_accuracy_value', 'NONE');
#938 = DIRECTION ( 'NONE',  ( 0.000000000000000000, 0.000000000000000000, 1.000000000000000000 ) ) ;
#939 = CARTESIAN_POINT ( 'NONE',  ( 120.1991230516170361, 92.24401509175302749, -23.74213350099205044 ) ) ;
#940 = VECTOR ( 'NONE', #1587, 1000.000000000000000 ) ;
#941 = CIRCLE ( 'NONE', #69, 12.50000000000001066 ) ;
#942 = VERTEX_POINT ( 'NONE', #681 ) ;
#943 = ADVANCED_FACE ( 'NONE', ( #1464 ), #270, .F. ) ;
#944 = CARTESIAN_POINT ( 'NONE',  ( 120.8861242017922137, 95.67667324278176011, -19.38914583629001953 ) ) ;
#945 = VERTEX_POINT ( 'NONE', #1030 ) ;
#946 = ORIENTED_EDGE ( 'NONE', *, *, #807, .F. ) ;
#947 = VERTEX_POINT ( 'NONE', #1543 ) ;
#948 = DIRECTION ( 'NONE',  ( -1.000000000000000000, 0.000000000000000000, 3.083952846180968390E-15 ) ) ;
#949 = CARTESIAN_POINT ( 'NONE',  ( 118.8103388310813244, 95.45686886260975257, -17.14591094672134020 ) ) ;
#950 = CARTESIAN_POINT ( 'NONE',  ( -3.154455883379323310E-14, 89.33401509175305932, -10.44213350099166782 ) ) ;
#951 = CARTESIAN_POINT ( 'NONE',  ( 120.1991230516170077, 91.03401509175299111, -12.44213350098799964 ) ) ;
#952 = CARTESIAN_POINT ( 'NONE',  ( 120.5570490080574473, 95.72586330651324715, -19.50248331288173631 ) ) ;
#953 = ORIENTED_EDGE ( 'NONE', *, *, #1663, .T. ) ;
#954 = ORIENTED_EDGE ( 'NONE', *, *, #477, .F. ) ;
#955 = EDGE_CURVE ( 'NONE', #1005, #1430, #1209, .T. ) ;
#956 = CARTESIAN_POINT ( 'NONE',  ( 124.7475049968780070, 97.56493563773250344, -28.74213350099207887 ) ) ;
#957 = CARTESIAN_POINT ( 'NONE',  ( 119.0908959080772007, 95.56391744364375995, -16.78805439992315129 ) ) ;
#958 = DIRECTION ( 'NONE',  ( -0.000000000000000000, -0.000000000000000000, -1.000000000000000000 ) ) ;
#959 = DIRECTION ( 'NONE',  ( 0.000000000000000000, 1.000000000000000000, 0.000000000000000000 ) ) ;
#960 = VERTEX_POINT ( 'NONE', #1445 ) ;
#961 = EDGE_CURVE ( 'NONE', #998, #513, #73, .T. ) ;
#962 = VERTEX_POINT ( 'NONE', #1692 ) ;
#963 = DIRECTION ( 'NONE',  ( -1.000000000000000000, 0.000000000000000000, 3.252606517456533024E-15 ) ) ;
#964 = CYLINDRICAL_SURFACE ( 'NONE', #551, 12.50000000000001066 ) ;
#965 = AXIS2_PLACEMENT_3D ( 'NONE', #12, #1076, #554 ) ;
#966 = AXIS2_PLACEMENT_3D ( 'NONE', #893, #1385, #1415 ) ;
#967 = DIRECTION ( 'NONE',  ( -0.000000000000000000, -0.000000000000000000, -1.000000000000000000 ) ) ;
#968 = AXIS2_PLACEMENT_3D ( 'NONE', #1607, #967, #254 ) ;
#969 = FACE_OUTER_BOUND ( 'NONE', #345, .T. ) ;
#970 = VERTEX_POINT ( 'NONE', #503 ) ;
#971 = FACE_OUTER_BOUND ( 'NONE', #1371, .T. ) ;
#972 = CARTESIAN_POINT ( 'NONE',  ( 132.6991230516169935, 91.03401509175299111, -12.44213350098799964 ) ) ;
#973 = ORIENTED_CLOSED_SHELL ( 'NONE', *, #576, .F. );
#974 = FACE_OUTER_BOUND ( 'NONE', #1462, .T. ) ;
#975 = EDGE_CURVE ( 'NONE', #364, #1005, #471, .T. ) ;
#976 = CYLINDRICAL_SURFACE ( 'NONE', #408, 12.50000000000001066 ) ;
#977 = ORIENTED_EDGE ( 'NONE', *, *, #1509, .T. ) ;
#978 = AXIS2_PLACEMENT_3D ( 'NONE', #305, #1022, #1439 ) ;
#979 = DIRECTION ( 'NONE',  ( 0.000000000000000000, -1.000000000000000000, 0.000000000000000000 ) ) ;
#980 = DIRECTION ( 'NONE',  ( -1.000000000000000000, 0.000000000000000000, 3.083952846180988111E-15 ) ) ;
#981 = DIRECTION ( 'NONE',  ( -1.000000000000000000, 0.000000000000000000, 0.000000000000000000 ) ) ;
#982 = EDGE_CURVE ( 'NONE', #945, #1670, #224, .T. ) ;
#983 = FACE_OUTER_BOUND ( 'NONE', #195, .T. ) ;
#984 = ORIENTED_EDGE ( 'NONE', *, *, #611, .T. ) ;
#985 = CARTESIAN_POINT ( 'NONE',  ( 125.1057923349517012, 89.24107673698556198, -12.94213350098800142 ) ) ;
#986 = DIRECTION ( 'NONE',  ( 1.000000000000000000, 8.673617379884087537E-15, 0.000000000000000000 ) ) ;
#987 = CARTESIAN_POINT ( 'NONE',  ( 121.5315342326243808, 95.48049460169929148, -17.05630419818784560 ) ) ;
#988 = VECTOR ( 'NONE', #801, 1000.000000000000000 ) ;
#989 = VECTOR ( 'NONE', #1701, 1000.000000000000000 ) ;
#990 = CARTESIAN_POINT ( 'NONE',  ( 123.1475049968779985, 97.56493563773250344, -28.09213350099206608 ) ) ;
#991 = ADVANCED_FACE ( 'NONE', ( #367 ), #1153, .F. ) ;
#992 = AXIS2_PLACEMENT_3D ( 'NONE', #1253, #1666, #86 ) ;
#993 = CIRCLE ( 'NONE', #968, 2.099999999999990763 ) ;
#994 = ORIENTED_EDGE ( 'NONE', *, *, #975, .T. ) ;
#995 = CARTESIAN_POINT ( 'NONE',  ( 130.0991230516169992, 92.24401509175299907, -28.74213350099201492 ) ) ;
#996 = DIRECTION ( 'NONE',  ( 0.000000000000000000, 1.000000000000000000, 0.000000000000000000 ) ) ;
#997 = ORIENTED_EDGE ( 'NONE', *, *, #1711, .T. ) ;
#998 = VERTEX_POINT ( 'NONE', #347 ) ;
#999 = DIRECTION ( 'NONE',  ( -3.133897229209509317E-15, -2.507117783367607769E-15, -1.000000000000000000 ) ) ;
#1000 = EDGE_CURVE ( 'NONE', #1057, #1689, #125, .T. ) ;
#1001 = DIRECTION ( 'NONE',  ( -1.000000000000000000, 0.000000000000000000, 3.252606517456533024E-15 ) ) ;
#1002 = CARTESIAN_POINT ( 'NONE',  ( 126.1991230516169793, 91.03401509175299111, -20.44213350098800319 ) ) ;
#1003 = ORIENTED_EDGE ( 'NONE', *, *, #1000, .T. ) ;
#1004 = DIRECTION ( 'NONE',  ( -3.133897229209509317E-15, -2.507117783367607769E-15, -1.000000000000000000 ) ) ;
#1005 = VERTEX_POINT ( 'NONE', #903 ) ;
#1006 = ORIENTED_EDGE ( 'NONE', *, *, #462, .T. ) ;
#1007 = CYLINDRICAL_SURFACE ( 'NONE', #1615, 1.599999999999990319 ) ;
#1008 = DIRECTION ( 'NONE',  ( -1.000000000000000000, 0.000000000000000000, 3.133897229209509317E-15 ) ) ;
#1009 = EDGE_CURVE ( 'NONE', #1670, #945, #1184, .T. ) ;
#1010 = ORIENTED_EDGE ( 'NONE', *, *, #477, .T. ) ;
#1011 = DIRECTION ( 'NONE',  ( 1.000000000000000000, 0.000000000000000000, 0.000000000000000000 ) ) ;
#1012 = ORIENTED_EDGE ( 'NONE', *, *, #748, .T. ) ;
#1013 = VECTOR ( 'NONE', #287, 1000.000000000000000 ) ;
#1014 = PRODUCT_DEFINITION_FORMATION_WITH_SPECIFIED_SOURCE ( 'ANY', '', #753, .NOT_KNOWN. ) ;
#1015 = AXIS2_PLACEMENT_3D ( 'NONE', #1174, #626, #357 ) ;
#1016 = FACE_OUTER_BOUND ( 'NONE', #319, .T. ) ;
#1017 = VERTEX_POINT ( 'NONE', #609 ) ;
#1018 = AXIS2_PLACEMENT_3D ( 'NONE', #1032, #1041, #344 ) ;
#1019 = EDGE_LOOP ( 'NONE', ( #618, #1443 ) ) ;
#1020 = DIRECTION ( 'NONE',  ( -0.000000000000000000, -0.000000000000000000, -1.000000000000000000 ) ) ;
#1021 = CARTESIAN_POINT ( 'NONE',  ( 128.2991230516169878, 91.03401509175299111, -26.38183046295501555 ) ) ;
#1022 = DIRECTION ( 'NONE',  ( 0.000000000000000000, 0.000000000000000000, 1.000000000000000000 ) ) ;
#1023 = EDGE_CURVE ( 'NONE', #24, #757, #1275, .T. ) ;
#1024 = ORIENTED_EDGE ( 'NONE', *, *, #667, .T. ) ;
#1025 =( NAMED_UNIT ( * ) SI_UNIT ( $, .STERADIAN. ) SOLID_ANGLE_UNIT ( ) );
#1026 = EDGE_CURVE ( 'NONE', #1121, #1205, #1408, .T. ) ;
#1027 = CARTESIAN_POINT ( 'NONE',  ( 114.1991230516170077, 91.03401509175299111, -20.44213350098800319 ) ) ;
#1028 = DIRECTION ( 'NONE',  ( -0.000000000000000000, -0.000000000000000000, -1.000000000000000000 ) ) ;
#1029 = CARTESIAN_POINT ( 'NONE',  ( 120.1991230516170077, 99.59401509175299338, -17.94213350098799964 ) ) ;
#1030 = CARTESIAN_POINT ( 'NONE',  ( 110.2991230516170020, 92.24401509175299907, -28.74213350099201847 ) ) ;
#1031 = DIRECTION ( 'NONE',  ( -3.165348537919006545E-15, -2.532278830335205157E-15, -1.000000000000000000 ) ) ;
#1032 = CARTESIAN_POINT ( 'NONE',  ( 120.1991230516170077, 96.89401509175299054, -17.94213350098799964 ) ) ;
#1033 = ORIENTED_EDGE ( 'NONE', *, *, #535, .F. ) ;
#1034 = ADVANCED_FACE ( 'NONE', ( #1428, #232 ), #1524, .F. ) ;
#1035 = DIRECTION ( 'NONE',  ( 0.000000000000000000, 0.000000000000000000, -1.000000000000000000 ) ) ;
#1036 = EDGE_LOOP ( 'NONE', ( #281, #409 ) ) ;
#1037 = EDGE_LOOP ( 'NONE', ( #406, #788, #796, #811 ) ) ;
#1038 = DIRECTION ( 'NONE',  ( -1.000000000000000000, 0.000000000000000000, 0.000000000000000000 ) ) ;
#1039 = FACE_OUTER_BOUND ( 'NONE', #385, .T. ) ;
#1040 = DIRECTION ( 'NONE',  ( -0.000000000000000000, -0.000000000000000000, -1.000000000000000000 ) ) ;
#1041 = DIRECTION ( 'NONE',  ( 0.000000000000000000, 1.000000000000000000, 0.000000000000000000 ) ) ;
#1042 = LINE ( 'NONE', #212, #1453 ) ;
#1043 = ORIENTED_EDGE ( 'NONE', *, *, #289, .T. ) ;
#1044 = EDGE_CURVE ( 'NONE', #102, #561, #1042, .T. ) ;
#1045 = AXIS2_PLACEMENT_3D ( 'NONE', #110, #495, #1258 ) ;
#1046 = ORIENTED_EDGE ( 'NONE', *, *, #677, .T. ) ;
#1047 = DIRECTION ( 'NONE',  ( -3.191741072935010124E-15, -2.573868890628970194E-15, -1.000000000000000000 ) ) ;
#1048 = CARTESIAN_POINT ( 'NONE',  ( 132.6844734672039863, 91.63901509175299509, -50.66317848867440432 ) ) ;
#1049 = CIRCLE ( 'NONE', #38, 2.250000000000001776 ) ;
#1050 = VECTOR ( 'NONE', #593, 1000.000000000000000 ) ;
#1051 = CARTESIAN_POINT ( 'NONE',  ( 115.6507411063561932, 86.92309454577330996, -28.74213350099202202 ) ) ;
#1052 = CIRCLE ( 'NONE', #1568, 12.50000000000001066 ) ;
#1053 = ORIENTED_EDGE ( 'NONE', *, *, #1079, .T. ) ;
#1054 = CARTESIAN_POINT ( 'NONE',  ( 130.0991230516169992, 92.24401509175299907, 13.84213774647389883 ) ) ;
#1055 = VERTEX_POINT ( 'NONE', #1135 ) ;
#1056 = CARTESIAN_POINT ( 'NONE',  ( 121.0991731022049578, 95.62597351153068814, -19.26599624555844770 ) ) ;
#1057 = VERTEX_POINT ( 'NONE', #100 ) ;
#1058 = UNCERTAINTY_MEASURE_WITH_UNIT (LENGTH_MEASURE( 1.000000000000000082E-05 ), #1173, 'distance_accuracy_value', 'NONE');
#1059 = EDGE_CURVE ( 'NONE', #590, #463, #1400, .T. ) ;
#1060 = DIRECTION ( 'NONE',  ( 0.000000000000000000, 0.000000000000000000, 1.000000000000000000 ) ) ;
#1061 = CARTESIAN_POINT ( 'NONE',  ( 119.5952884316994442, 95.69153860378665399, -16.46043463869210655 ) ) ;
#1062 = FACE_OUTER_BOUND ( 'NONE', #1534, .T. ) ;
#1063 = CARTESIAN_POINT ( 'NONE',  ( 121.5042985897221257, 95.49163810228465366, -18.86766865943868154 ) ) ;
#1064 = VERTEX_POINT ( 'NONE', #377 ) ;
#1065 = ORIENTED_EDGE ( 'NONE', *, *, #1217, .F. ) ;
#1066 = CARTESIAN_POINT ( 'NONE',  ( 120.1991230516170788, 92.24401509175304170, -10.44213350099204973 ) ) ;
#1067 = DIRECTION ( 'NONE',  ( -3.133897229209509317E-15, -2.507117783367607769E-15, -1.000000000000000000 ) ) ;
#1068 = PRODUCT_DEFINITION ( 'UNKNOWN', '', #1014, #919 ) ;
#1069 = CYLINDRICAL_SURFACE ( 'NONE', #1125, 3.199999999999994404 ) ;
#1070 = CARTESIAN_POINT ( 'NONE',  ( 120.8113591193794605, 95.69005438456967738, -19.42037222097330584 ) ) ;
#1071 = ORIENTED_EDGE ( 'NONE', *, *, #1326, .F. ) ;
#1072 = ORIENTED_EDGE ( 'NONE', *, *, #145, .F. ) ;
#1073 = FACE_OUTER_BOUND ( 'NONE', #676, .T. ) ;
#1074 = CIRCLE ( 'NONE', #278, 3.199999999999994404 ) ;
#1075 = AXIS2_PLACEMENT_3D ( 'NONE', #1280, #1300, #661 ) ;
#1076 = DIRECTION ( 'NONE',  ( -3.133897229209509317E-15, -2.507117783367607769E-15, -1.000000000000000000 ) ) ;
#1077 = CARTESIAN_POINT ( 'NONE',  ( 120.8243391365855786, 95.68772625602147741, -16.46932917065065993 ) ) ;
#1078 = AXIS2_PLACEMENT_3D ( 'NONE', #701, #1631, #691 ) ;
#1079 = EDGE_CURVE ( 'NONE', #511, #1017, #716, .T. ) ;
#1080 = CARTESIAN_POINT ( 'NONE',  ( 120.4011631906760584, 95.73955008446823456, -19.53285342771663124 ) ) ;
#1081 = ORIENTED_EDGE ( 'NONE', *, *, #90, .F. ) ;
#1082 = DIRECTION ( 'NONE',  ( -1.000000000000000000, 0.000000000000000000, 0.000000000000000000 ) ) ;
#1083 = EDGE_LOOP ( 'NONE', ( #668, #1640, #559, #468 ) ) ;
#1084 = CARTESIAN_POINT ( 'NONE',  ( 107.6991230516169935, 91.03401509175299111, -12.44213350098799964 ) ) ;
#1085 = CARTESIAN_POINT ( 'NONE',  ( 118.8939475115518434, 95.49163810148853315, -17.01659834530597237 ) ) ;
#1086 = CARTESIAN_POINT ( 'NONE',  ( 120.1991230516170077, 99.59401509175299338, -19.44213350098799964 ) ) ;
#1087 = AXIS2_PLACEMENT_3D ( 'NONE', #1294, #1060, #925 ) ;
#1088 = CYLINDRICAL_SURFACE ( 'NONE', #1477, 9.900000000000005684 ) ;
#1089 = CARTESIAN_POINT ( 'NONE',  ( 118.8627164596544077, 95.47884799392417676, -18.82192354976807991 ) ) ;
#1090 = ADVANCED_FACE ( 'NONE', ( #1016 ), #765, .F. ) ;
#1091 = ORIENTED_EDGE ( 'NONE', *, *, #492, .T. ) ;
#1092 = CYLINDRICAL_SURFACE ( 'NONE', #1183, 1.599999999999990319 ) ;
#1093 = CARTESIAN_POINT ( 'NONE',  ( 119.1609228676995258, 95.58636664815396955, -16.72430214307708241 ) ) ;
#1094 = DIRECTION ( 'NONE',  ( 0.000000000000000000, 0.000000000000000000, 1.000000000000000000 ) ) ;
#1095 = CARTESIAN_POINT ( 'NONE',  ( 107.6991230516169935, 92.24401509175299907, -14.44213350098799964 ) ) ;
#1096 = ORIENTED_EDGE ( 'NONE', *, *, #1361, .T. ) ;
#1097 = EDGE_CURVE ( 'NONE', #496, #821, #205, .T. ) ;
#1098 = EDGE_CURVE ( 'NONE', #1161, #24, #804, .T. ) ;
#1099 = CARTESIAN_POINT ( 'NONE',  ( 125.5200435975964410, 87.69563314649214192, -7.916650101394091976 ) ) ;
#1100 = DIRECTION ( 'NONE',  ( -1.000000000000000000, 0.000000000000000000, 3.083952846180968390E-15 ) ) ;
#1101 = CIRCLE ( 'NONE', #659, 2.250000000000001776 ) ;
#1102 = CIRCLE ( 'NONE', #1616, 2.100000000000004530 ) ;
#1103 = CARTESIAN_POINT ( 'NONE',  ( 124.7475049968780354, 97.56493563773251765, -7.916650101394112404 ) ) ;
#1104 = AXIS2_PLACEMENT_3D ( 'NONE', #1179, #402, #1563 ) ;
#1105 = CIRCLE ( 'NONE', #1507, 1.600000000000004086 ) ;
#1106 = CARTESIAN_POINT ( 'NONE',  ( 121.6587089460422959, 95.42516654737109150, -18.59776326884496811 ) ) ;
#1107 = VERTEX_POINT ( 'NONE', #1359 ) ;
#1108 = DIRECTION ( 'NONE',  ( 1.000000000000000000, 0.000000000000000000, 0.000000000000000000 ) ) ;
#1109 = LINE ( 'NONE', #198, #1315 ) ;
#1110 = DIRECTION ( 'NONE',  ( 3.133897229209509317E-15, 2.507117783367607769E-15, 1.000000000000000000 ) ) ;
#1111 = ADVANCED_FACE ( 'NONE', ( #1242 ), #1273, .F. ) ;
#1112 = DIRECTION ( 'NONE',  ( -1.000000000000000000, 0.000000000000000000, 3.252606517456533024E-15 ) ) ;
#1113 = DIRECTION ( 'NONE',  ( 1.000000000000000000, 0.000000000000000000, 0.000000000000000000 ) ) ;
#1114 = ORIENTED_EDGE ( 'NONE', *, *, #1137, .F. ) ;
#1115 = ORIENTED_EDGE ( 'NONE', *, *, #1317, .T. ) ;
#1116 = DIRECTION ( 'NONE',  ( 1.000000000000000000, 0.000000000000000000, 0.000000000000000000 ) ) ;
#1117 = CARTESIAN_POINT ( 'NONE',  ( 121.6002980449785014, 95.45138573783576419, -17.16922636589379891 ) ) ;
#1118 = ORIENTED_EDGE ( 'NONE', *, *, #1481, .T. ) ;
#1119 = CARTESIAN_POINT ( 'NONE',  ( 121.7619994867293514, 95.37717114755160708, -18.35243558143639575 ) ) ;
#1120 = CYLINDRICAL_SURFACE ( 'NONE', #284, 2.099999999999990763 ) ;
#1121 = VERTEX_POINT ( 'NONE', #623 ) ;
#1122 = PLANE ( 'NONE',  #872 ) ;
#1123 = CARTESIAN_POINT ( 'NONE',  ( 116.0991230516170276, 92.24401509175299907, -28.74213350099203623 ) ) ;
#1124 = VECTOR ( 'NONE', #76, 1000.000000000000000 ) ;
#1125 = AXIS2_PLACEMENT_3D ( 'NONE', #1441, #1556, #1590 ) ;
#1126 = VERTEX_POINT ( 'NONE', #1624 ) ;
#1127 = AXIS2_PLACEMENT_3D ( 'NONE', #1551, #1390, #614 ) ;
#1128 = EDGE_LOOP ( 'NONE', ( #1652, #695, #142, #136 ) ) ;
#1129 = EDGE_LOOP ( 'NONE', ( #1715, #70 ) ) ;
#1130 = DIRECTION ( 'NONE',  ( 0.000000000000000000, -1.000000000000000000, 0.000000000000000000 ) ) ;
#1131 = DIRECTION ( 'NONE',  ( -0.000000000000000000, -0.000000000000000000, 1.000000000000000000 ) ) ;
#1132 = CARTESIAN_POINT ( 'NONE',  ( 121.4896657878664712, 95.49771087344217335, -16.99494608897434489 ) ) ;
#1133 = DIRECTION ( 'NONE',  ( -0.000000000000000000, -0.000000000000000000, -1.000000000000000000 ) ) ;
#1134 = ORIENTED_EDGE ( 'NONE', *, *, #880, .F. ) ;
#1135 = CARTESIAN_POINT ( 'NONE',  ( 107.7137726360299865, 91.63901509175299509, -12.44213350098799964 ) ) ;
#1136 = VERTEX_POINT ( 'NONE', #703 ) ;
#1137 = EDGE_CURVE ( 'NONE', #447, #1192, #1260, .T. ) ;
#1138 = VERTEX_POINT ( 'NONE', #1095 ) ;
#1139 = DIRECTION ( 'NONE',  ( -3.133897229209509317E-15, -2.507117783367607769E-15, -1.000000000000000000 ) ) ;
#1140 = DIRECTION ( 'NONE',  ( -1.000000000000000000, 0.000000000000000000, 3.252606517456518824E-15 ) ) ;
#1141 = CARTESIAN_POINT ( 'NONE',  ( 120.1991230516170077, 96.89401509175299054, -17.94213350098799964 ) ) ;
#1142 = DIRECTION ( 'NONE',  ( -0.000000000000000000, -0.000000000000000000, -1.000000000000000000 ) ) ;
#1143 = EDGE_LOOP ( 'NONE', ( #1229, #1356 ) ) ;
#1144 = CARTESIAN_POINT ( 'NONE',  ( 118.6384399696717225, 95.37710444654381092, -18.29858612658923178 ) ) ;
#1145 = ORIENTED_EDGE ( 'NONE', *, *, #1469, .T. ) ;
#1146 = EDGE_CURVE ( 'NONE', #1161, #1634, #318, .T. ) ;
#1147 = VERTEX_POINT ( 'NONE', #1638 ) ;
#1148 = CARTESIAN_POINT ( 'NONE',  ( 123.2700435975966258, 87.69563314649201402, -28.74213350099205044 ) ) ;
#1149 = EDGE_CURVE ( 'NONE', #161, #497, #1222, .T. ) ;
#1150 = DIRECTION ( 'NONE',  ( 0.000000000000000000, 0.000000000000000000, 1.000000000000000000 ) ) ;
#1151 = CIRCLE ( 'NONE', #197, 1.599999999999990319 ) ;
#1152 = AXIS2_PLACEMENT_3D ( 'NONE', #194, #219, #1668 ) ;
#1153 = CYLINDRICAL_SURFACE ( 'NONE', #372, 1.600000000000004086 ) ;
#1154 = ORIENTED_EDGE ( 'NONE', *, *, #1663, .F. ) ;
#1155 = AXIS2_PLACEMENT_3D ( 'NONE', #745, #761, #1291 ) ;
#1156 = EDGE_LOOP ( 'NONE', ( #1006, #1145 ) ) ;
#1157 = DIRECTION ( 'NONE',  ( -3.133897229209509317E-15, -2.507117783367607769E-15, -1.000000000000000000 ) ) ;
#1158 = DIRECTION ( 'NONE',  ( -1.000000000000000000, 0.000000000000000000, 0.000000000000000000 ) ) ;
#1159 = DIRECTION ( 'NONE',  ( -1.000000000000000000, 0.000000000000000000, 3.133897229209509317E-15 ) ) ;
#1160 = ADVANCED_FACE ( 'NONE', ( #439 ), #1322, .F. ) ;
#1161 = VERTEX_POINT ( 'NONE', #23 ) ;
#1162 = DIRECTION ( 'NONE',  ( 1.000000000000000000, 0.000000000000000000, 0.000000000000000000 ) ) ;
#1163 = CARTESIAN_POINT ( 'NONE',  ( 113.4007411063561790, 86.92309454577330996, -28.74213350099201492 ) ) ;
#1164 = ORIENTED_EDGE ( 'NONE', *, *, #647, .T. ) ;
#1165 = CIRCLE ( 'NONE', #577, 1.599999999999990319 ) ;
#1166 = ORIENTED_EDGE ( 'NONE', *, *, #815, .T. ) ;
#1167 = CARTESIAN_POINT ( 'NONE',  ( 120.1991230516170077, 100.3940150917529905, -17.94213350098799964 ) ) ;
#1168 = FACE_OUTER_BOUND ( 'NONE', #263, .T. ) ;
#1169 = DIRECTION ( 'NONE',  ( -1.000000000000000000, 0.000000000000000000, 3.252606517456518824E-15 ) ) ;
#1170 = CARTESIAN_POINT ( 'NONE',  ( 124.7475049968780212, 97.56493563773250344, -12.44213350098799964 ) ) ;
#1171 = ADVANCED_FACE ( 'NONE', ( #983 ), #976, .T. ) ;
#1172 = EDGE_LOOP ( 'NONE', ( #844, #1513, #858, #153, #953, #1071, #746, #1284 ) ) ;
#1173 =( LENGTH_UNIT ( ) NAMED_UNIT ( * ) SI_UNIT ( .MILLI., .METRE. ) );
#1174 = CARTESIAN_POINT ( 'NONE',  ( 120.1991230516170077, 92.24401509175299907, -28.74213350099205044 ) ) ;
#1175 = DIRECTION ( 'NONE',  ( -1.000000000000000000, 0.000000000000000000, 0.000000000000000000 ) ) ;
#1176 = CARTESIAN_POINT ( 'NONE',  ( 122.4975049968779928, 97.56493563773250344, -28.74213350099207176 ) ) ;
#1177 = CARTESIAN_POINT ( 'NONE',  ( 120.1991230516170788, 92.24401509175304170, -10.44213350099204973 ) ) ;
#1178 = ORIENTED_EDGE ( 'NONE', *, *, #1328, .T. ) ;
#1179 = CARTESIAN_POINT ( 'NONE',  ( 115.6507411063561932, 86.92309454577330996, -28.09213350099199502 ) ) ;
#1180 = CARTESIAN_POINT ( 'NONE',  ( 119.1599762961326832, 95.58763590682509914, -19.16582952654996674 ) ) ;
#1181 = ORIENTED_EDGE ( 'NONE', *, *, #291, .F. ) ;
#1182 = ADVANCED_FACE ( 'NONE', ( #451 ), #29, .F. ) ;
#1183 = AXIS2_PLACEMENT_3D ( 'NONE', #1200, #138, #688 ) ;
#1184 = CIRCLE ( 'NONE', #1045, 9.900000000000005684 ) ;
#1185 = CYLINDRICAL_SURFACE ( 'NONE', #544, 1.600000000000004086 ) ;
#1186 = CONICAL_SURFACE ( 'NONE', #1506, 2.250000000000015987, 0.7853981633974540522 ) ;
#1187 = CONICAL_SURFACE ( 'NONE', #1399, 2.250000000000015987, 0.7853981633974540522 ) ;
#1188 = DIRECTION ( 'NONE',  ( 0.000000000000000000, 0.000000000000000000, 1.000000000000000000 ) ) ;
#1189 = CARTESIAN_POINT ( 'NONE',  ( 120.6140554222347561, 95.72550309109202260, -16.38113207485423217 ) ) ;
#1190 = LINE ( 'NONE', #1489, #98 ) ;
#1191 = CARTESIAN_POINT ( 'NONE',  ( 119.5739069666700374, 95.68772625602696280, -19.41493783133441653 ) ) ;
#1192 = VERTEX_POINT ( 'NONE', #430 ) ;
#1193 = EDGE_LOOP ( 'NONE', ( #806, #751 ) ) ;
#1194 = ADVANCED_FACE ( 'NONE', ( #969 ), #756, .T. ) ;
#1195 = DIRECTION ( 'NONE',  ( -1.000000000000000000, 0.000000000000000000, 0.000000000000000000 ) ) ;
#1196 = CARTESIAN_POINT ( 'NONE',  ( 119.6273687392514375, 95.69702850339997724, -16.44766711745374721 ) ) ;
#1197 = CARTESIAN_POINT ( 'NONE',  ( 120.6869557171961986, 95.70986274110428838, -19.46619174038605848 ) ) ;
#1198 = ORIENTED_EDGE ( 'NONE', *, *, #773, .F. ) ;
#1199 = ORIENTED_EDGE ( 'NONE', *, *, #1026, .T. ) ;
#1200 = CARTESIAN_POINT ( 'NONE',  ( 124.7475049968780354, 97.56493563773251765, -7.916650101394112404 ) ) ;
#1201 = CARTESIAN_POINT ( 'NONE',  ( 119.1259174131473770, 95.57533907154345343, -16.75534250544316706 ) ) ;
#1202 = EDGE_CURVE ( 'NONE', #1461, #463, #383, .T. ) ;
#1203 = CARTESIAN_POINT ( 'NONE',  ( 117.9007411063562074, 86.92309454577330996, -28.74213350099202913 ) ) ;
#1204 = CARTESIAN_POINT ( 'NONE',  ( 118.7979480568610882, 95.45138573731122733, -18.71504063355429182 ) ) ;
#1205 = VERTEX_POINT ( 'NONE', #990 ) ;
#1206 = VERTEX_POINT ( 'NONE', #1355 ) ;
#1207 = PLANE ( 'NONE',  #1618 ) ;
#1208 = VECTOR ( 'NONE', #1501, 1000.000000000000000 ) ;
#1209 = CIRCLE ( 'NONE', #849, 9.999999999999994671 ) ;
#1210 = CLOSED_SHELL ( 'NONE', ( #1090, #720, #1531, #895, #526, #71, #3, #320, #1460, #167, #702, #1171, #1256, #1194, #722, #1393, #307, #1221, #16, #711, #473, #1034, #793, #222, #1450, #525, #415, #1520, #1228, #1717, #843, #1182, #235, #621, #924, #1160, #157, #1381, #566, #859, #1432, #1617, #129, #346, #1266, #1111, #174, #1303 ) ) ;
#1211 = CARTESIAN_POINT ( 'NONE',  ( 0.000000000000000000, 0.000000000000000000, -20.44213350098800319 ) ) ;
#1212 = LINE ( 'NONE', #1337, #1254 ) ;
#1213 = CARTESIAN_POINT ( 'NONE',  ( 119.0792359799568345, 95.56001641260839108, -16.79936540556290581 ) ) ;
#1214 = AXIS2_PLACEMENT_3D ( 'NONE', #1066, #1047, #552 ) ;
#1215 = CIRCLE ( 'NONE', #1681, 2.099999999999990763 ) ;
#1216 = CYLINDRICAL_SURFACE ( 'NONE', #1707, 1.599999999999990319 ) ;
#1217 = EDGE_CURVE ( 'NONE', #1341, #1430, #591, .T. ) ;
#1218 = CARTESIAN_POINT ( 'NONE',  ( 119.4875419017698022, 95.67074081800613783, -19.37536645784687295 ) ) ;
#1219 = FACE_OUTER_BOUND ( 'NONE', #735, .T. ) ;
#1220 = DIRECTION ( 'NONE',  ( 1.000000000000000000, 8.673617379884087537E-15, 0.000000000000000000 ) ) ;
#1221 = ADVANCED_FACE ( 'NONE', ( #841, #1633 ), #1496, .T. ) ;
#1222 = LINE ( 'NONE', #1508, #494 ) ;
#1223 = EDGE_CURVE ( 'NONE', #610, #306, #1465, .T. ) ;
#1224 = FACE_OUTER_BOUND ( 'NONE', #193, .T. ) ;
#1225 = DIRECTION ( 'NONE',  ( -1.000000000000000000, 0.000000000000000000, 3.252606517456518824E-15 ) ) ;
#1226 = CARTESIAN_POINT ( 'NONE',  ( 114.0507411063560568, 86.92309454577367944, -7.916650101394052008 ) ) ;
#1227 = DIRECTION ( 'NONE',  ( 1.000000000000000000, 0.000000000000000000, 0.000000000000000000 ) ) ;
#1228 = ADVANCED_FACE ( 'NONE', ( #120, #507 ), #782, .T. ) ;
#1229 = ORIENTED_EDGE ( 'NONE', *, *, #655, .F. ) ;
#1230 = CIRCLE ( 'NONE', #308, 1.599999999999990319 ) ;
#1231 = CARTESIAN_POINT ( 'NONE',  ( 112.0991230516169992, 91.03401509175299111, -5.442133500987999639 ) ) ;
#1232 = DIRECTION ( 'NONE',  ( -3.133897229209509317E-15, -2.507117783367607769E-15, -1.000000000000000000 ) ) ;
#1233 = CARTESIAN_POINT ( 'NONE',  ( 121.6774057820213244, 95.41650406146905539, -17.32999556205073333 ) ) ;
#1234 = FACE_OUTER_BOUND ( 'NONE', #1474, .T. ) ;
#1235 = STYLED_ITEM ( 'NONE', ( #928 ), #391 ) ;
#1236 = CARTESIAN_POINT ( 'NONE',  ( 121.5253264602624910, 95.48305802651492513, -18.83723002207038277 ) ) ;
#1237 = VECTOR ( 'NONE', #959, 1000.000000000000000 ) ;
#1238 = EDGE_CURVE ( 'NONE', #1414, #188, #1553, .T. ) ;
#1239 = DIRECTION ( 'NONE',  ( 0.000000000000000000, 0.000000000000000000, -1.000000000000000000 ) ) ;
#1240 = CARTESIAN_POINT ( 'NONE',  ( 118.8679957098499642, 89.33401509175305932, -10.44213350099203907 ) ) ;
#1241 = CARTESIAN_POINT ( 'NONE',  ( 121.7234349948160457, 95.39479070913776582, -17.45508374818619757 ) ) ;
#1242 = FACE_OUTER_BOUND ( 'NONE', #1083, .T. ) ;
#1243 = EDGE_LOOP ( 'NONE', ( #1333, #1344, #747, #1295 ) ) ;
#1244 = CARTESIAN_POINT ( 'NONE',  ( 107.6991230516169935, 91.03401509175299111, -50.66317848867440432 ) ) ;
#1245 = PLANE ( 'NONE',  #1320 ) ;
#1246 = CARTESIAN_POINT ( 'NONE',  ( 121.7598061335426394, 95.37710444654371145, -17.58568087530093749 ) ) ;
#1247 = CARTESIAN_POINT ( 'NONE',  ( 121.7991230516170020, 100.3940150917529905, -17.94213350098799964 ) ) ;
#1248 = EDGE_CURVE ( 'NONE', #813, #1064, #1604, .T. ) ;
#1249 = EDGE_LOOP ( 'NONE', ( #1444, #1387, #1485, #1324 ) ) ;
#1250 = ORIENTED_EDGE ( 'NONE', *, *, #1469, .F. ) ;
#1251 = DIRECTION ( 'NONE',  ( -1.000000000000000000, 0.000000000000000000, 0.000000000000000000 ) ) ;
#1252 = CARTESIAN_POINT ( 'NONE',  ( 120.1991230516170077, 91.63901509175299509, -12.44213350098799964 ) ) ;
#1253 = CARTESIAN_POINT ( 'NONE',  ( 120.1991230516170077, 99.59401509175299338, -17.94213350098799964 ) ) ;
#1254 = VECTOR ( 'NONE', #1479, 1000.000000000000000 ) ;
#1255 = VECTOR ( 'NONE', #1139, 1000.000000000000000 ) ;
#1256 = ADVANCED_FACE ( 'NONE', ( #1039 ), #373, .T. ) ;
#1257 = VECTOR ( 'NONE', #546, 1000.000000000000114 ) ;
#1258 = DIRECTION ( 'NONE',  ( -1.000000000000000000, 0.000000000000000000, 3.154042683594192853E-15 ) ) ;
#1259 = EDGE_LOOP ( 'NONE', ( #674, #639, #1409, #1081 ) ) ;
#1260 = CIRCLE ( 'NONE', #522, 2.099999999999990763 ) ;
#1261 = CIRCLE ( 'NONE', #1281, 4.099999999999978328 ) ;
#1262 = LINE ( 'NONE', #75, #1255 ) ;
#1263 = LINE ( 'NONE', #1635, #63 ) ;
#1264 = FACE_OUTER_BOUND ( 'NONE', #586, .T. ) ;
#1265 = DIRECTION ( 'NONE',  ( -3.165348537919006545E-15, -2.532278830335205157E-15, -1.000000000000000000 ) ) ;
#1266 = ADVANCED_FACE ( 'NONE', ( #251 ), #527, .F. ) ;
#1267 = CARTESIAN_POINT ( 'NONE',  ( 114.8782025056373897, 96.79239703701379938, -28.09213350099203055 ) ) ;
#1268 = DIRECTION ( 'NONE',  ( -1.000000000000000000, 0.000000000000000000, 0.000000000000000000 ) ) ;
#1269 = ORIENTED_EDGE ( 'NONE', *, *, #93, .F. ) ;
#1270 = ORIENTED_EDGE ( 'NONE', *, *, #1292, .T. ) ;
#1271 = CARTESIAN_POINT ( 'NONE',  ( 124.2991230516169878, 92.24401509175301328, -28.74213350099206465 ) ) ;
#1272 = DIRECTION ( 'NONE',  ( 0.000000000000000000, 0.000000000000000000, 1.000000000000000000 ) ) ;
#1273 = CYLINDRICAL_SURFACE ( 'NONE', #776, 2.099999999999990763 ) ;
#1274 = DIRECTION ( 'NONE',  ( 0.000000000000000000, 0.000000000000000000, 1.000000000000000000 ) ) ;
#1275 = LINE ( 'NONE', #749, #989 ) ;
#1276 = VERTEX_POINT ( 'NONE', #106 ) ;
#1277 = ORIENTED_EDGE ( 'NONE', *, *, #437, .T. ) ;
#1278 = EDGE_CURVE ( 'NONE', #1276, #54, #635, .T. ) ;
#1279 = DIRECTION ( 'NONE',  ( 0.000000000000000000, 1.000000000000000000, 0.000000000000000000 ) ) ;
#1280 = CARTESIAN_POINT ( 'NONE',  ( 125.5200435975964126, 87.69563314649212771, -12.44213350098799964 ) ) ;
#1281 = AXIS2_PLACEMENT_3D ( 'NONE', #388, #1031, #237 ) ;
#1282 = CIRCLE ( 'NONE', #767, 12.50000000000001066 ) ;
#1283 = EDGE_LOOP ( 'NONE', ( #1091, #1024 ) ) ;
#1284 = ORIENTED_EDGE ( 'NONE', *, *, #40, .T. ) ;
#1285 = CIRCLE ( 'NONE', #124, 1.599999999999990319 ) ;
#1286 = CIRCLE ( 'NONE', #1644, 4.099999999999978328 ) ;
#1287 = CARTESIAN_POINT ( 'NONE',  ( -3.154455883379323310E-14, 89.33401509175305932, -10.44213350099166782 ) ) ;
#1288 = ORIENTED_EDGE ( 'NONE', *, *, #1490, .F. ) ;
#1289 = CONICAL_SURFACE ( 'NONE', #282, 2.250000000000001776, 0.7853981633974453924 ) ;
#1290 = ORIENTED_EDGE ( 'NONE', *, *, #589, .F. ) ;
#1291 = DIRECTION ( 'NONE',  ( -1.000000000000000000, 0.000000000000000000, 3.252606517456533024E-15 ) ) ;
#1292 = EDGE_CURVE ( 'NONE', #962, #1383, #1282, .T. ) ;
#1293 = LINE ( 'NONE', #105, #1476 ) ;
#1294 = CARTESIAN_POINT ( 'NONE',  ( 125.5200435975964126, 87.69563314649211350, -20.44213350098800319 ) ) ;
#1295 = ORIENTED_EDGE ( 'NONE', *, *, #734, .T. ) ;
#1296 = DIRECTION ( 'NONE',  ( 0.000000000000000000, 0.000000000000000000, 1.000000000000000000 ) ) ;
#1297 = ORIENTED_EDGE ( 'NONE', *, *, #422, .F. ) ;
#1298 =( NAMED_UNIT ( * ) SI_UNIT ( $, .STERADIAN. ) SOLID_ANGLE_UNIT ( ) );
#1299 = DIRECTION ( 'NONE',  ( -1.000000000000000000, 0.000000000000000000, 0.000000000000000000 ) ) ;
#1300 = DIRECTION ( 'NONE',  ( -0.000000000000000000, -0.000000000000000000, -1.000000000000000000 ) ) ;
#1301 = CARTESIAN_POINT ( 'NONE',  ( 126.1991230516169793, 91.03401509175299111, -20.44213350098800319 ) ) ;
#1302 = FACE_OUTER_BOUND ( 'NONE', #867, .T. ) ;
#1303 = ADVANCED_FACE ( 'NONE', ( #1676 ), #775, .T. ) ;
#1304 = CARTESIAN_POINT ( 'NONE',  ( 119.9951553863766804, 95.74388373922259632, -19.54184861887781466 ) ) ;
#1305 = EDGE_LOOP ( 'NONE', ( #946, #842, #267, #172 ) ) ;
#1306 = DIRECTION ( 'NONE',  ( 0.000000000000000000, 0.000000000000000000, 1.000000000000000000 ) ) ;
#1307 = DIRECTION ( 'NONE',  ( 1.000000000000000000, 0.000000000000000000, 0.000000000000000000 ) ) ;
#1308 = CARTESIAN_POINT ( 'NONE',  ( 120.1991230516170077, 92.24401509175299907, -12.44213350098799964 ) ) ;
#1309 = CARTESIAN_POINT ( 'NONE',  ( 119.6081113979569466, 95.69375610230575546, -16.45527338921621663 ) ) ;
#1310 = CYLINDRICAL_SURFACE ( 'NONE', #1018, 1.600000000000004086 ) ;
#1311 = DIRECTION ( 'NONE',  ( -0.000000000000000000, 1.000000000000000000, 0.000000000000000000 ) ) ;
#1312 = EDGE_CURVE ( 'NONE', #871, #211, #1261, .T. ) ;
#1313 = CARTESIAN_POINT ( 'NONE',  ( 121.3190101232400337, 95.56001641262596991, -19.08490159644966511 ) ) ;
#1314 = ORIENTED_EDGE ( 'NONE', *, *, #1700, .F. ) ;
#1315 = VECTOR ( 'NONE', #592, 1000.000000000000000 ) ;
#1316 = AXIS2_PLACEMENT_3D ( 'NONE', #485, #1020, #1540 ) ;
#1317 = EDGE_CURVE ( 'NONE', #821, #1107, #131, .T. ) ;
#1318 = ORIENTED_EDGE ( 'NONE', *, *, #1481, .F. ) ;
#1319 = VECTOR ( 'NONE', #438, 1000.000000000000000 ) ;
#1320 = AXIS2_PLACEMENT_3D ( 'NONE', #186, #1643, #1008 ) ;
#1321 = DIRECTION ( 'NONE',  ( 0.000000000000000000, 0.000000000000000000, 1.000000000000000000 ) ) ;
#1322 = CONICAL_SURFACE ( 'NONE', #721, 2.250000000000015987, 0.7853981633974488341 ) ;
#1323 = CARTESIAN_POINT ( 'NONE',  ( 119.7841906804413981, 95.72550309094053489, -19.50313492688712103 ) ) ;
#1324 = ORIENTED_EDGE ( 'NONE', *, *, #58, .T. ) ;
#1325 = FACE_BOUND ( 'NONE', #1143, .T. ) ;
#1326 = EDGE_CURVE ( 'NONE', #1499, #610, #179, .T. ) ;
#1327 = ORIENTED_EDGE ( 'NONE', *, *, #1372, .F. ) ;
#1328 = EDGE_CURVE ( 'NONE', #1136, #1693, #1165, .T. ) ;
#1329 = CARTESIAN_POINT ( 'NONE',  ( 126.5051283062562959, 88.95642976639734911, -20.44213350098800319 ) ) ;
#1330 = DIRECTION ( 'NONE',  ( 0.000000000000000000, 0.000000000000000000, -1.000000000000000000 ) ) ;
#1331 = DIRECTION ( 'NONE',  ( -1.000000000000000000, 0.000000000000000000, 0.000000000000000000 ) ) ;
#1332 = CARTESIAN_POINT ( 'NONE',  ( 121.5253969171093473, 95.48302913477259324, -18.83712007494440499 ) ) ;
#1333 = ORIENTED_EDGE ( 'NONE', *, *, #927, .F. ) ;
#1334 = ORIENTED_EDGE ( 'NONE', *, *, #164, .F. ) ;
#1335 = EDGE_CURVE ( 'NONE', #54, #101, #490, .T. ) ;
#1336 = ORIENTED_EDGE ( 'NONE', *, *, #1354, .F. ) ;
#1337 = CARTESIAN_POINT ( 'NONE',  ( 107.6991230516169935, 92.24401509175299907, -50.66317848867440432 ) ) ;
#1338 = CARTESIAN_POINT ( 'NONE',  ( 119.0742775832925417, 95.55834345841810773, -16.80423538777580106 ) ) ;
#1339 = DIRECTION ( 'NONE',  ( 0.000000000000000000, 0.000000000000000000, 1.000000000000000000 ) ) ;
#1340 = CARTESIAN_POINT ( 'NONE',  ( 120.6091267536045279, 95.72015231791662870, -19.48965858029671949 ) ) ;
#1341 = VERTEX_POINT ( 'NONE', #94 ) ;
#1342 = CIRCLE ( 'NONE', #768, 3.199999999999994404 ) ;
#1343 = CIRCLE ( 'NONE', #826, 2.249999999999988010 ) ;
#1344 = ORIENTED_EDGE ( 'NONE', *, *, #1497, .F. ) ;
#1345 = CARTESIAN_POINT ( 'NONE',  ( 124.7475049968780070, 97.56493563773250344, -28.09213350099205542 ) ) ;
#1346 = EDGE_CURVE ( 'NONE', #1468, #1107, #109, .T. ) ;
#1347 = AXIS2_PLACEMENT_3D ( 'NONE', #508, #240, #117 ) ;
#1348 = AXIS2_PLACEMENT_3D ( 'NONE', #421, #718, #60 ) ;
#1349 = DIRECTION ( 'NONE',  ( -3.133897229209509317E-15, -2.507117783367607769E-15, -1.000000000000000000 ) ) ;
#1350 = CARTESIAN_POINT ( 'NONE',  ( 118.5991230516169992, 96.89401509175299054, -17.94213350098799964 ) ) ;
#1351 = ORIENTED_EDGE ( 'NONE', *, *, #880, .T. ) ;
#1352 = DIRECTION ( 'NONE',  ( -1.000000000000000000, 0.000000000000000000, 2.961723007765296076E-15 ) ) ;
#1353 = DIRECTION ( 'NONE',  ( -1.000000000000000000, 0.000000000000000000, 0.000000000000000000 ) ) ;
#1354 = EDGE_CURVE ( 'NONE', #998, #188, #905, .T. ) ;
#1355 = CARTESIAN_POINT ( 'NONE',  ( 116.2991230516170020, 91.03401509175299111, -5.442133500987999639 ) ) ;
#1356 = ORIENTED_EDGE ( 'NONE', *, *, #730, .F. ) ;
#1357 = CARTESIAN_POINT ( 'NONE',  ( 120.1991230516170646, 92.24401509175302749, -12.14558228953274721 ) ) ;
#1358 = CARTESIAN_POINT ( 'NONE',  ( 124.7475049968780070, 97.56493563773250344, -28.74213350099207887 ) ) ;
#1359 = CARTESIAN_POINT ( 'NONE',  ( 121.5302503933841507, 89.33401509175303090, -23.74213350099204334 ) ) ;
#1360 = VERTEX_POINT ( 'NONE', #1176 ) ;
#1361 = EDGE_CURVE ( 'NONE', #1147, #447, #518, .T. ) ;
#1362 = ORIENTED_EDGE ( 'NONE', *, *, #1591, .F. ) ;
#1363 = AXIS2_PLACEMENT_3D ( 'NONE', #1488, #699, #1220 ) ;
#1364 = DIRECTION ( 'NONE',  ( 1.000000000000000000, -8.673617379884087537E-15, 0.000000000000000000 ) ) ;
#1365 = CARTESIAN_POINT ( 'NONE',  ( 116.0991230516170418, 92.24401509175301328, -23.74213350099203979 ) ) ;
#1366 = AXIS2_PLACEMENT_3D ( 'NONE', #335, #999, #1403 ) ;
#1367 = CARTESIAN_POINT ( 'NONE',  ( 121.3753299151739782, 95.54054052329931324, -16.85720238681295413 ) ) ;
#1368 = CIRCLE ( 'NONE', #456, 1.599999999999990319 ) ;
#1369 = CARTESIAN_POINT ( 'NONE',  ( 121.6412605849998414, 95.43316545585901167, -18.63586711909109894 ) ) ;
#1370 = ORIENTED_EDGE ( 'NONE', *, *, #1509, .F. ) ;
#1371 = EDGE_LOOP ( 'NONE', ( #1659, #994, #1269, #1065 ) ) ;
#1372 = EDGE_CURVE ( 'NONE', #497, #1468, #1074, .T. ) ;
#1373 = DIRECTION ( 'NONE',  ( 1.000000000000000000, 4.218847493575591067E-14, 0.000000000000000000 ) ) ;
#1374 = FACE_OUTER_BOUND ( 'NONE', #763, .T. ) ;
#1375 = CARTESIAN_POINT ( 'NONE',  ( 121.7105487043089624, 95.40094931843385950, -17.41588219515018565 ) ) ;
#1376 = FACE_OUTER_BOUND ( 'NONE', #637, .T. ) ;
#1377 = ORIENTED_EDGE ( 'NONE', *, *, #1317, .F. ) ;
#1378 = CARTESIAN_POINT ( 'NONE',  ( 121.5598450385741387, 95.46890412048875874, -18.78583430239467944 ) ) ;
#1379 = CARTESIAN_POINT ( 'NONE',  ( 118.5991230516169992, 100.3940150917529905, -17.94213350098799964 ) ) ;
#1380 = CARTESIAN_POINT ( 'NONE',  ( 112.6282025056373897, 96.79239703701379938, -28.74213350099203979 ) ) ;
#1381 = ADVANCED_FACE ( 'NONE', ( #261 ), #1092, .F. ) ;
#1382 = CARTESIAN_POINT ( 'NONE',  ( 121.6805837426576744, 95.41502331980616702, -17.33771362862085397 ) ) ;
#1383 = VERTEX_POINT ( 'NONE', #809 ) ;
#1384 = ORIENTED_EDGE ( 'NONE', *, *, #137, .T. ) ;
#1385 = DIRECTION ( 'NONE',  ( 3.133897229209509317E-15, 2.507117783367607769E-15, 1.000000000000000000 ) ) ;
#1386 = ORIENTED_EDGE ( 'NONE', *, *, #611, .F. ) ;
#1387 = ORIENTED_EDGE ( 'NONE', *, *, #1009, .F. ) ;
#1388 = DIRECTION ( 'NONE',  ( -1.000000000000000000, 0.000000000000000000, 0.000000000000000000 ) ) ;
#1389 = CARTESIAN_POINT ( 'NONE',  ( 121.7991230516170020, 99.59401509175299338, -17.94213350098799964 ) ) ;
#1390 = DIRECTION ( 'NONE',  ( 0.000000000000000000, 0.000000000000000000, 1.000000000000000000 ) ) ;
#1391 = CARTESIAN_POINT ( 'NONE',  ( 120.1991230516170077, 92.24401509175299907, -28.74213350099205044 ) ) ;
#1392 = LINE ( 'NONE', #450, #1645 ) ;
#1393 = ADVANCED_FACE ( 'NONE', ( #971 ), #1471, .T. ) ;
#1394 = CIRCLE ( 'NONE', #573, 1.599999999999990319 ) ;
#1395 = ORIENTED_EDGE ( 'NONE', *, *, #1137, .T. ) ;
#1396 = VECTOR ( 'NONE', #810, 1000.000000000000000 ) ;
#1397 = ORIENTED_EDGE ( 'NONE', *, *, #115, .T. ) ;
#1398 = EDGE_CURVE ( 'NONE', #942, #1138, #1705, .T. ) ;
#1399 = AXIS2_PLACEMENT_3D ( 'NONE', #780, #1431, #1299 ) ;
#1400 = LINE ( 'NONE', #778, #279 ) ;
#1401 = ORIENTED_EDGE ( 'NONE', *, *, #368, .T. ) ;
#1402 = ORIENTED_EDGE ( 'NONE', *, *, #1407, .F. ) ;
#1403 = DIRECTION ( 'NONE',  ( -1.000000000000000000, 0.000000000000000000, 3.252606517456533024E-15 ) ) ;
#1404 = CARTESIAN_POINT ( 'NONE',  ( 118.8679957098499358, 89.33401509175303090, -23.74213350099204334 ) ) ;
#1405 = CARTESIAN_POINT ( 'NONE',  ( 120.1991230516170077, 91.03401509175299111, -5.442133500987999639 ) ) ;
#1406 = CARTESIAN_POINT ( 'NONE',  ( 123.3991230516170674, 92.24401509175302749, -10.44213350099206039 ) ) ;
#1407 = EDGE_CURVE ( 'NONE', #1138, #1383, #1212, .T. ) ;
#1408 = LINE ( 'NONE', #648, #488 ) ;
#1409 = ORIENTED_EDGE ( 'NONE', *, *, #1630, .T. ) ;
#1410 = FACE_OUTER_BOUND ( 'NONE', #1305, .T. ) ;
#1411 = CARTESIAN_POINT ( 'NONE',  ( 110.2991230516170020, 92.24401509175299907, 13.84213774647389883 ) ) ;
#1412 = DIRECTION ( 'NONE',  ( -3.133897229209509317E-15, -2.507117783367607769E-15, -1.000000000000000000 ) ) ;
#1413 = ORIENTED_EDGE ( 'NONE', *, *, #401, .T. ) ;
#1414 = VERTEX_POINT ( 'NONE', #28 ) ;
#1415 = DIRECTION ( 'NONE',  ( -1.000000000000000000, 0.000000000000000000, 3.384826294588909689E-15 ) ) ;
#1416 = ORIENTED_EDGE ( 'NONE', *, *, #1346, .F. ) ;
#1417 = EDGE_CURVE ( 'NONE', #1525, #497, #148, .T. ) ;
#1418 = ORIENTED_EDGE ( 'NONE', *, *, #824, .F. ) ;
#1419 = CARTESIAN_POINT ( 'NONE',  ( 132.6844734672039863, 91.63901509175299509, -14.44213350098799964 ) ) ;
#1420 = DIRECTION ( 'NONE',  ( 1.000000000000000000, 0.000000000000000000, 0.000000000000000000 ) ) ;
#1421 = DIRECTION ( 'NONE',  ( -1.000000000000000000, 0.000000000000000000, 3.083952846181006649E-15 ) ) ;
#1422 = DIRECTION ( 'NONE',  ( -3.133897229209509317E-15, -2.507117783367607769E-15, -1.000000000000000000 ) ) ;
#1423 = VERTEX_POINT ( 'NONE', #425 ) ;
#1424 = CARTESIAN_POINT ( 'NONE',  ( 120.1991230516170077, 91.03401509175299111, -14.44213350098799964 ) ) ;
#1425 = FACE_OUTER_BOUND ( 'NONE', #1193, .T. ) ;
#1426 = CONICAL_SURFACE ( 'NONE', #1641, 2.250000000000001776, 0.7853981633974471688 ) ;
#1427 = AXIS2_PLACEMENT_3D ( 'NONE', #1211, #938, #1307 ) ;
#1428 = FACE_OUTER_BOUND ( 'NONE', #575, .T. ) ;
#1429 = AXIS2_PLACEMENT_3D ( 'NONE', #77, #84, #1420 ) ;
#1430 = VERTEX_POINT ( 'NONE', #816 ) ;
#1431 = DIRECTION ( 'NONE',  ( -0.000000000000000000, -0.000000000000000000, -1.000000000000000000 ) ) ;
#1432 = ADVANCED_FACE ( 'NONE', ( #567 ), #143, .F. ) ;
#1433 = CARTESIAN_POINT ( 'NONE',  ( 120.1991230516170077, 91.63901509175299509, -12.44213350098799964 ) ) ;
#1434 = FACE_OUTER_BOUND ( 'NONE', #901, .T. ) ;
#1435 = VERTEX_POINT ( 'NONE', #294 ) ;
#1436 = CARTESIAN_POINT ( 'NONE',  ( 119.4276179400307711, 95.65770912819483840, -19.34455912417568513 ) ) ;
#1437 = VERTEX_POINT ( 'NONE', #837 ) ;
#1438 = CARTESIAN_POINT ( 'NONE',  ( 113.2782025056376085, 96.79239703701408359, -7.916650101394072436 ) ) ;
#1439 = DIRECTION ( 'NONE',  ( 1.000000000000000000, 0.000000000000000000, 0.000000000000000000 ) ) ;
#1440 = EDGE_CURVE ( 'NONE', #478, #1437, #1718, .T. ) ;
#1441 = CARTESIAN_POINT ( 'NONE',  ( 120.1991230516170788, 92.24401509175304170, -10.44213350099204973 ) ) ;
#1442 = CARTESIAN_POINT ( 'NONE',  ( 118.8176322199540778, 95.45994436255936932, -18.75010966066708207 ) ) ;
#1443 = ORIENTED_EDGE ( 'NONE', *, *, #82, .T. ) ;
#1444 = ORIENTED_EDGE ( 'NONE', *, *, #595, .T. ) ;
#1445 = CARTESIAN_POINT ( 'NONE',  ( 123.9200435975966172, 87.69563314649201402, -28.09213350099204476 ) ) ;
#1446 = CARTESIAN_POINT ( 'NONE',  ( 116.9007411063561932, 86.92309454577330996, -27.74213350099201136 ) ) ;
#1447 = CARTESIAN_POINT ( 'NONE',  ( 118.8860279224267913, 95.48842256548343244, -17.02785695093948704 ) ) ;
#1448 = DIRECTION ( 'NONE',  ( 0.000000000000000000, 0.000000000000000000, 1.000000000000000000 ) ) ;
#1449 = EDGE_LOOP ( 'NONE', ( #89, #739, #349, #1377 ) ) ;
#1450 = ADVANCED_FACE ( 'NONE', ( #1224 ), #1620, .F. ) ;
#1451 = AXIS2_PLACEMENT_3D ( 'NONE', #1493, #1642, #441 ) ;
#1452 = CARTESIAN_POINT ( 'NONE',  ( 121.4732978616532506, 95.50403543618176627, -18.91019675347232010 ) ) ;
#1453 = VECTOR ( 'NONE', #1565, 1000.000000000000000 ) ;
#1454 = AXIS2_PLACEMENT_3D ( 'NONE', #653, #1448, #252 ) ;
#1455 = CIRCLE ( 'NONE', #1480, 9.999999999999994671 ) ;
#1456 = DIRECTION ( 'NONE',  ( -1.000000000000000000, 0.000000000000000000, 3.252606517456518824E-15 ) ) ;
#1457 = CARTESIAN_POINT ( 'NONE',  ( 119.8411970935051869, 95.72586330640068297, -16.38178368947766472 ) ) ;
#1458 = CARTESIAN_POINT ( 'NONE',  ( 121.5233507890021087, 95.48386780240275584, -18.84014476672476590 ) ) ;
#1459 = VECTOR ( 'NONE', #363, 1000.000000000000000 ) ;
#1460 = ADVANCED_FACE ( 'NONE', ( #162 ), #1606, .F. ) ;
#1461 = VERTEX_POINT ( 'NONE', #1084 ) ;
#1462 = EDGE_LOOP ( 'NONE', ( #1134, #580, #1250, #766 ) ) ;
#1463 = DIRECTION ( 'NONE',  ( -0.000000000000000000, -0.000000000000000000, -1.000000000000000000 ) ) ;
#1464 = FACE_OUTER_BOUND ( 'NONE', #132, .T. ) ;
#1465 = CIRCLE ( 'NONE', #890, 2.099999999999990763 ) ;
#1466 = CARTESIAN_POINT ( 'NONE',  ( 120.1991230516170077, 92.24401509175299907, -14.44213350098799964 ) ) ;
#1467 = CARTESIAN_POINT ( 'NONE',  ( 121.2140305971225160, 95.59341813649891151, -19.17940083388637618 ) ) ;
#1468 = VERTEX_POINT ( 'NONE', #417 ) ;
#1469 = EDGE_CURVE ( 'NONE', #1360, #440, #1101, .T. ) ;
#1470 = ORIENTED_EDGE ( 'NONE', *, *, #1149, .F. ) ;
#1471 = CYLINDRICAL_SURFACE ( 'NONE', #400, 9.999999999999994671 ) ;
#1472 = CARTESIAN_POINT ( 'NONE',  ( 125.9975049968780070, 97.56493563773250344, -27.74213350099206110 ) ) ;
#1473 = DIRECTION ( 'NONE',  ( 0.000000000000000000, 0.000000000000000000, 1.000000000000000000 ) ) ;
#1474 = EDGE_LOOP ( 'NONE', ( #540, #481, #629, #81 ) ) ;
#1475 = CIRCLE ( 'NONE', #1363, 1.599999999999990319 ) ;
#1476 = VECTOR ( 'NONE', #869, 1000.000000000000114 ) ;
#1477 = AXIS2_PLACEMENT_3D ( 'NONE', #170, #46, #981 ) ;
#1478 = ORIENTED_EDGE ( 'NONE', *, *, #1202, .F. ) ;
#1479 = DIRECTION ( 'NONE',  ( 0.000000000000000000, 0.000000000000000000, 1.000000000000000000 ) ) ;
#1480 = AXIS2_PLACEMENT_3D ( 'NONE', #1405, #1272, #1038 ) ;
#1481 = EDGE_CURVE ( 'NONE', #188, #998, #597, .T. ) ;
#1482 = DIRECTION ( 'NONE',  ( -6.708525395824392203E-30, 1.000000000000000000, -2.573868890628970194E-15 ) ) ;
#1483 = DIRECTION ( 'NONE',  ( 1.000000000000000000, 0.000000000000000000, 0.000000000000000000 ) ) ;
#1484 = CARTESIAN_POINT ( 'NONE',  ( 121.6244077135258692, 95.44074507510669036, -18.66962001241636315 ) ) ;
#1485 = ORIENTED_EDGE ( 'NONE', *, *, #356, .F. ) ;
#1486 = CARTESIAN_POINT ( 'NONE',  ( 120.1991230516170077, 92.24401509175299907, 13.84213774647389883 ) ) ;
#1487 = VERTEX_POINT ( 'NONE', #823 ) ;
#1488 = CARTESIAN_POINT ( 'NONE',  ( 114.8782025056375886, 96.79239703701406938, -12.44213350098799964 ) ) ;
#1489 = CARTESIAN_POINT ( 'NONE',  ( 124.2991230516170447, 92.24401509175302749, -12.14558228953275965 ) ) ;
#1490 = EDGE_CURVE ( 'NONE', #1205, #561, #1151, .T. ) ;
#1491 = DIRECTION ( 'NONE',  ( 0.000000000000000000, 0.000000000000000000, 1.000000000000000000 ) ) ;
#1492 = ORIENTED_EDGE ( 'NONE', *, *, #1674, .F. ) ;
#1493 = CARTESIAN_POINT ( 'NONE',  ( 115.6507411063561932, 86.92309454577330996, -28.09213350099200213 ) ) ;
#1494 = CARTESIAN_POINT ( 'NONE',  ( 121.7470138140499216, 95.38342096889876132, -17.53346293059093242 ) ) ;
#1495 = CYLINDRICAL_SURFACE ( 'NONE', #258, 2.100000000000004530 ) ;
#1496 = PLANE ( 'NONE',  #978 ) ;
#1497 = EDGE_CURVE ( 'NONE', #1693, #1136, #1475, .T. ) ;
#1498 = CYLINDRICAL_SURFACE ( 'NONE', #310, 12.50000000000001066 ) ;
#1499 = VERTEX_POINT ( 'NONE', #21 ) ;
#1500 = VECTOR ( 'NONE', #754, 1000.000000000000000 ) ;
#1501 = DIRECTION ( 'NONE',  ( 0.000000000000000000, 1.000000000000000000, 0.000000000000000000 ) ) ;
#1502 = CARTESIAN_POINT ( 'NONE',  ( 114.0507411063561847, 86.92309454577330996, -28.09213350099200213 ) ) ;
#1503 = CIRCLE ( 'NONE', #516, 1.599999999999990319 ) ;
#1504 = CARTESIAN_POINT ( 'NONE',  ( 121.3920885462542572, 95.53452076871450060, -16.87579068169403484 ) ) ;
#1505 = FACE_BOUND ( 'NONE', #617, .T. ) ;
#1506 = AXIS2_PLACEMENT_3D ( 'NONE', #606, #1133, #187 ) ;
#1507 = AXIS2_PLACEMENT_3D ( 'NONE', #1141, #879, #465 ) ;
#1508 = CARTESIAN_POINT ( 'NONE',  ( 116.9991230516170759, 92.24401509175304170, -10.44213350099203907 ) ) ;
#1509 = EDGE_CURVE ( 'NONE', #907, #590, #1532, .T. ) ;
#1510 = ORIENTED_EDGE ( 'NONE', *, *, #1248, .F. ) ;
#1511 = CARTESIAN_POINT ( 'NONE',  ( 112.0991230516169992, 91.03401509175299111, -20.44213350098800319 ) ) ;
#1512 = CARTESIAN_POINT ( 'NONE',  ( 121.6935411391733908, 95.40896340617177884, -17.37024501541799282 ) ) ;
#1513 = ORIENTED_EDGE ( 'NONE', *, *, #1559, .F. ) ;
#1514 = FACE_OUTER_BOUND ( 'NONE', #896, .T. ) ;
#1515 = ORIENTED_CLOSED_SHELL ( 'NONE', *, #692, .F. );
#1516 = ORIENTED_EDGE ( 'NONE', *, *, #1440, .F. ) ;
#1517 = CARTESIAN_POINT ( 'NONE',  ( 114.8782025056373897, 96.79239703701379938, -28.74213350099204689 ) ) ;
#1518 = DIRECTION ( 'NONE',  ( 1.000000000000000000, 5.204170427930452838E-14, 0.000000000000000000 ) ) ;
#1519 = CARTESIAN_POINT ( 'NONE',  ( 126.3475049968780013, 97.56493563773250344, -28.09213350099206608 ) ) ;
#1520 = ADVANCED_FACE ( 'NONE', ( #458 ), #861, .F. ) ;
#1521 = CARTESIAN_POINT ( 'NONE',  ( 121.5284435207166496, 95.48176417620200596, -17.05167854340696465 ) ) ;
#1522 = EDGE_LOOP ( 'NONE', ( #1397, #312, #1043, #627, #1270, #27 ) ) ;
#1523 = FACE_OUTER_BOUND ( 'NONE', #61, .T. ) ;
#1524 = PLANE ( 'NONE',  #96 ) ;
#1525 = VERTEX_POINT ( 'NONE', #1404 ) ;
#1526 = ORIENTED_EDGE ( 'NONE', *, *, #437, .F. ) ;
#1527 = FACE_OUTER_BOUND ( 'NONE', #1259, .T. ) ;
#1528 = FACE_OUTER_BOUND ( 'NONE', #1129, .T. ) ;
#1529 = FACE_OUTER_BOUND ( 'NONE', #230, .T. ) ;
#1530 = AXIS2_PLACEMENT_3D ( 'NONE', #1588, #268, #2 ) ;
#1531 = ADVANCED_FACE ( 'NONE', ( #1664 ), #1007, .F. ) ;
#1532 = CIRCLE ( 'NONE', #515, 12.50000000000001066 ) ;
#1533 = AXIS2_PLACEMENT_3D ( 'NONE', #643, #1157, #1653 ) ;
#1534 = EDGE_LOOP ( 'NONE', ( #134, #324, #1115, #18 ) ) ;
#1535 = FACE_OUTER_BOUND ( 'NONE', #1019, .T. ) ;
#1536 = COLOUR_RGB ( '',0.7921568627450980005, 0.8196078431372548767, 0.9333333333333333481 ) ;
#1537 = CARTESIAN_POINT ( 'NONE',  ( 118.6512322891630902, 95.38342096889884658, -18.35080407130742586 ) ) ;
#1538 = ORIENTED_EDGE ( 'NONE', *, *, #870, .T. ) ;
#1539 = EDGE_LOOP ( 'NONE', ( #1386, #1510, #1548, #1297 ) ) ;
#1540 = DIRECTION ( 'NONE',  ( -1.000000000000000000, 0.000000000000000000, 0.000000000000000000 ) ) ;
#1541 = PRODUCT_CONTEXT ( 'NONE', #863, 'mechanical' ) ;
#1542 = LINE ( 'NONE', #770, #916 ) ;
#1543 = CARTESIAN_POINT ( 'NONE',  ( 107.6991230516169935, 91.03401509175299111, -14.44213350098799964 ) ) ;
#1544 = DIRECTION ( 'NONE',  ( 1.000000000000000000, 0.000000000000000000, 0.000000000000000000 ) ) ;
#1545 = PLANE ( 'NONE',  #740 ) ;
#1546 = EDGE_CURVE ( 'NONE', #1276, #1499, #1230, .T. ) ;
#1547 = DIRECTION ( 'NONE',  ( 1.000000000000000000, 0.000000000000000000, 0.000000000000000000 ) ) ;
#1548 = ORIENTED_EDGE ( 'NONE', *, *, #404, .F. ) ;
#1549 = ORIENTED_EDGE ( 'NONE', *, *, #961, .F. ) ;
#1550 = CARTESIAN_POINT ( 'NONE',  ( 124.7475049968780070, 97.56493563773250344, -28.09213350099206608 ) ) ;
#1551 = CARTESIAN_POINT ( 'NONE',  ( 120.1991230516170077, 92.24401509175299907, -12.44213350098799964 ) ) ;
#1552 = DIRECTION ( 'NONE',  ( -1.000000000000000000, 0.000000000000000000, 0.000000000000000000 ) ) ;
#1553 = LINE ( 'NONE', #1446, #1656 ) ;
#1554 = ORIENTED_EDGE ( 'NONE', *, *, #647, .F. ) ;
#1555 = DIRECTION ( 'NONE',  ( 0.000000000000000000, 0.000000000000000000, -1.000000000000000000 ) ) ;
#1556 = DIRECTION ( 'NONE',  ( -3.191741072935010124E-15, -2.573868890628970194E-15, -1.000000000000000000 ) ) ;
#1557 = DIRECTION ( 'NONE',  ( 0.7071067811865512365, 0.000000000000000000, 0.7071067811865439090 ) ) ;
#1558 = ORIENTED_EDGE ( 'NONE', *, *, #1044, .T. ) ;
#1559 = EDGE_CURVE ( 'NONE', #306, #1276, #1285, .T. ) ;
#1560 = ORIENTED_EDGE ( 'NONE', *, *, #734, .F. ) ;
#1561 = DIRECTION ( 'NONE',  ( 0.000000000000000000, 0.000000000000000000, 1.000000000000000000 ) ) ;
#1562 = CARTESIAN_POINT ( 'NONE',  ( 120.1991230516170077, 91.03401509175299111, -50.66317848867440432 ) ) ;
#1563 = DIRECTION ( 'NONE',  ( -1.000000000000000000, 0.000000000000000000, 0.000000000000000000 ) ) ;
#1564 = AXIS2_PLACEMENT_3D ( 'NONE', #1, #286, #474 ) ;
#1565 = DIRECTION ( 'NONE',  ( -3.133897229209509317E-15, -2.507117783367607769E-15, -1.000000000000000000 ) ) ;
#1566 = ORIENTED_EDGE ( 'NONE', *, *, #927, .T. ) ;
#1567 = CIRCLE ( 'NONE', #202, 2.099999999999990763 ) ;
#1568 = AXIS2_PLACEMENT_3D ( 'NONE', #352, #887, #1108 ) ;
#1569 = VERTEX_POINT ( 'NONE', #581 ) ;
#1570 = ADVANCED_FACE ( 'NONE', ( #1528 ), #1122, .T. ) ;
#1571 = CARTESIAN_POINT ( 'NONE',  ( 125.5200435975966116, 87.69563314649201402, -28.74213350099205755 ) ) ;
#1572 = DIRECTION ( 'NONE',  ( 0.000000000000000000, 0.000000000000000000, 1.000000000000000000 ) ) ;
#1573 = ORIENTED_EDGE ( 'NONE', *, *, #824, .T. ) ;
#1574 = DIRECTION ( 'NONE',  ( 0.000000000000000000, 0.000000000000000000, -1.000000000000000000 ) ) ;
#1575 = CARTESIAN_POINT ( 'NONE',  ( 121.1446828959467439, 95.61367191245858521, -19.23418137034771647 ) ) ;
#1576 = VERTEX_POINT ( 'NONE', #1379 ) ;
#1577 = APPLICATION_PROTOCOL_DEFINITION ( 'draft international standard', 'automotive_design', 1998, #863 ) ;
#1578 = EDGE_CURVE ( 'NONE', #1689, #1610, #1109, .T. ) ;
#1579 = CARTESIAN_POINT ( 'NONE',  ( 127.1200435975964353, 87.69563314649214192, -7.916650101394097305 ) ) ;
#1580 = CARTESIAN_POINT ( 'NONE',  ( 120.9107042021027922, 95.67074081787046680, -16.50890054444479205 ) ) ;
#1581 = DIRECTION ( 'NONE',  ( -3.133897229209509317E-15, -2.507117783367607769E-15, -1.000000000000000000 ) ) ;
#1582 = EDGE_CURVE ( 'NONE', #1605, #250, #302, .T. ) ;
#1583 = ORIENTED_EDGE ( 'NONE', *, *, #1582, .F. ) ;
#1584 = CARTESIAN_POINT ( 'NONE',  ( 118.8432639344336650, 95.47077007516931246, -18.79183914316488924 ) ) ;
#1585 = ORIENTED_EDGE ( 'NONE', *, *, #1292, .F. ) ;
#1586 = ORIENTED_EDGE ( 'NONE', *, *, #453, .T. ) ;
#1587 = DIRECTION ( 'NONE',  ( -3.133897229209509317E-15, -2.507117783367607769E-15, -1.000000000000000000 ) ) ;
#1588 = CARTESIAN_POINT ( 'NONE',  ( 120.1991230516170077, 92.24401509175299907, -14.44213350098799964 ) ) ;
#1589 = CARTESIAN_POINT ( 'NONE',  ( 119.1842155057360344, 95.59341813634074470, -16.70486616839908578 ) ) ;
#1590 = DIRECTION ( 'NONE',  ( -1.000000000000000000, 0.000000000000000000, 3.252606517456518824E-15 ) ) ;
#1591 = EDGE_CURVE ( 'NONE', #1689, #1057, #371, .T. ) ;
#1592 = AXIS2_PLACEMENT_3D ( 'NONE', #1357, #1067, #1352 ) ;
#1593 = CARTESIAN_POINT ( 'NONE',  ( 119.5490410688542511, 95.68310122421873132, -19.40417485481093252 ) ) ;
#1594 = ORIENTED_EDGE ( 'NONE', *, *, #730, .T. ) ;
#1595 = CIRCLE ( 'NONE', #1564, 12.50000000000001066 ) ;
#1596 = DIRECTION ( 'NONE',  ( 0.000000000000000000, 0.000000000000000000, 1.000000000000000000 ) ) ;
#1597 = AXIS2_PLACEMENT_3D ( 'NONE', #241, #509, #786 ) ;
#1598 = CIRCLE ( 'NONE', #697, 2.250000000000015987 ) ;
#1599 = DIRECTION ( 'NONE',  ( 3.133897229209509317E-15, 2.507117783367607769E-15, 1.000000000000000000 ) ) ;
#1600 = CARTESIAN_POINT ( 'NONE',  ( 119.5868869838879505, 95.69005438458061974, -16.46389478098877390 ) ) ;
#1601 = DIRECTION ( 'NONE',  ( -1.000000000000000000, 0.000000000000000000, 0.000000000000000000 ) ) ;
#1602 = CARTESIAN_POINT ( 'NONE',  ( 118.7176623605743515, 95.41502331980650808, -18.54655337335015730 ) ) ;
#1603 = EDGE_LOOP ( 'NONE', ( #759, #196, #159, #779 ) ) ;
#1604 = CIRCLE ( 'NONE', #1087, 1.599999999999990319 ) ;
#1605 = VERTEX_POINT ( 'NONE', #1389 ) ;
#1606 = CYLINDRICAL_SURFACE ( 'NONE', #965, 4.099999999999978328 ) ;
#1607 = CARTESIAN_POINT ( 'NONE',  ( 126.1991230516169793, 91.03401509175299111, -20.44213350098800319 ) ) ;
#1608 = FACE_OUTER_BOUND ( 'NONE', #836, .T. ) ;
#1609 = CARTESIAN_POINT ( 'NONE',  ( 118.7613674839248858, 95.43522922946702636, -18.64609808360193455 ) ) ;
#1610 = VERTEX_POINT ( 'NONE', #1231 ) ;
#1611 = DIRECTION ( 'NONE',  ( -3.133897229209509317E-15, -2.507117783367607769E-15, -1.000000000000000000 ) ) ;
#1612 = CARTESIAN_POINT ( 'NONE',  ( 120.4030907191539512, 95.74388373937310348, -16.34241838310202155 ) ) ;
#1613 = DIRECTION ( 'NONE',  ( 1.000000000000000000, 0.000000000000000000, 0.000000000000000000 ) ) ;
#1614 = CARTESIAN_POINT ( 'NONE',  ( 115.6507411063561932, 86.92309454577330996, -28.74213350099202202 ) ) ;
#1615 = AXIS2_PLACEMENT_3D ( 'NONE', #587, #191, #1001 ) ;
#1616 = AXIS2_PLACEMENT_3D ( 'NONE', #470, #1627, #331 ) ;
#1617 = ADVANCED_FACE ( 'NONE', ( #337 ), #1628, .F. ) ;
#1618 = AXIS2_PLACEMENT_3D ( 'NONE', #534, #1596, #908 ) ;
#1619 = ADVANCED_BREP_SHAPE_REPRESENTATION ( 'pivot mid bigger disc diameter with motor shaft', ( #391, #175 ), #36 ) ;
#1620 = CYLINDRICAL_SURFACE ( 'NONE', #1592, 4.099999999999978328 ) ;
#1621 = LINE ( 'NONE', #436, #1050 ) ;
#1622 = CIRCLE ( 'NONE', #578, 3.199999999999994404 ) ;
#1623 = DIRECTION ( 'NONE',  ( 1.000000000000000000, 0.000000000000000000, 0.000000000000000000 ) ) ;
#1624 = CARTESIAN_POINT ( 'NONE',  ( 130.0991230516169992, 92.24401509175299907, -14.44213350098799964 ) ) ;
#1625 = ORIENTED_EDGE ( 'NONE', *, *, #677, .F. ) ;
#1626 = CYLINDRICAL_SURFACE ( 'NONE', #1649, 9.900000000000005684 ) ;
#1627 = DIRECTION ( 'NONE',  ( -0.000000000000000000, 0.000000000000000000, 1.000000000000000000 ) ) ;
#1628 = PLANE ( 'NONE',  #798 ) ;
#1629 = CARTESIAN_POINT ( 'NONE',  ( 118.7279206443691351, 95.41979465247140979, -17.31316850405325525 ) ) ;
#1630 = EDGE_CURVE ( 'NONE', #1414, #513, #1675, .T. ) ;
#1631 = DIRECTION ( 'NONE',  ( -0.000000000000000000, -0.000000000000000000, -1.000000000000000000 ) ) ;
#1632 = EDGE_CURVE ( 'NONE', #757, #1634, #825, .T. ) ;
#1633 = FACE_BOUND ( 'NONE', #649, .T. ) ;
#1634 = VERTEX_POINT ( 'NONE', #845 ) ;
#1635 = CARTESIAN_POINT ( 'NONE',  ( 123.2700435975966258, 87.69563314649201402, -28.74213350099205044 ) ) ;
#1636 = CARTESIAN_POINT ( 'NONE',  ( 120.1991230516170077, 91.03401509175299111, -50.66317848867440432 ) ) ;
#1637 = EDGE_CURVE ( 'NONE', #612, #1126, #253, .T. ) ;
#1638 = CARTESIAN_POINT ( 'NONE',  ( 124.0991230516169992, 91.03401509175299111, -20.44213350098800319 ) ) ;
#1639 = DIRECTION ( 'NONE',  ( 0.000000000000000000, 0.000000000000000000, 1.000000000000000000 ) ) ;
#1640 = ORIENTED_EDGE ( 'NONE', *, *, #422, .T. ) ;
#1641 = AXIS2_PLACEMENT_3D ( 'NONE', #1571, #91, #351 ) ;
#1642 = DIRECTION ( 'NONE',  ( -0.000000000000000000, -0.000000000000000000, -1.000000000000000000 ) ) ;
#1643 = DIRECTION ( 'NONE',  ( -3.133897229209509317E-15, -2.507117783367607769E-15, -1.000000000000000000 ) ) ;
#1644 = AXIS2_PLACEMENT_3D ( 'NONE', #670, #536, #678 ) ;
#1645 = VECTOR ( 'NONE', #79, 1000.000000000000000 ) ;
#1646 = CARTESIAN_POINT ( 'NONE',  ( 121.7991230516170162, 95.35689157500767976, -17.84346587499415193 ) ) ;
#1647 = CYLINDRICAL_SURFACE ( 'NONE', #663, 1.600000000000004086 ) ;
#1648 = PRESENTATION_LAYER_ASSIGNMENT (  '', '', ( #1235 ) ) ;
#1649 = AXIS2_PLACEMENT_3D ( 'NONE', #1486, #726, #160 ) ;
#1650 = EDGE_CURVE ( 'NONE', #642, #960, #1263, .T. ) ;
#1651 = ORIENTED_EDGE ( 'NONE', *, *, #1000, .F. ) ;
#1652 = ORIENTED_EDGE ( 'NONE', *, *, #870, .F. ) ;
#1653 = DIRECTION ( 'NONE',  ( -1.000000000000000000, 0.000000000000000000, 3.252606517456533024E-15 ) ) ;
#1654 = DIRECTION ( 'NONE',  ( 1.000000000000000000, 0.000000000000000000, 0.000000000000000000 ) ) ;
#1655 = CARTESIAN_POINT ( 'NONE',  ( 110.2991230516170020, 92.24401509175299907, -14.44213350098799964 ) ) ;
#1656 = VECTOR ( 'NONE', #1703, 1000.000000000000000 ) ;
#1657 = CARTESIAN_POINT ( 'NONE',  ( 121.6368786180390913, 95.43522922999154900, -17.23816891578022492 ) ) ;
#1658 = FACE_OUTER_BOUND ( 'NONE', #1036, .T. ) ;
#1659 = ORIENTED_EDGE ( 'NONE', *, *, #557, .F. ) ;
#1660 = CARTESIAN_POINT ( 'NONE',  ( 130.1991230516169935, 91.03401509175299111, -5.442133500987999639 ) ) ;
#1661 = ORIENTED_EDGE ( 'NONE', *, *, #404, .T. ) ;
#1662 = CARTESIAN_POINT ( 'NONE',  ( 114.8782025056373897, 96.79239703701379938, -28.09213350099203410 ) ) ;
#1663 = EDGE_CURVE ( 'NONE', #1064, #610, #185, .T. ) ;
#1664 = FACE_OUTER_BOUND ( 'NONE', #293, .T. ) ;
#1665 = CARTESIAN_POINT ( 'NONE',  ( 132.6991230516169935, 91.03401509175299111, -14.44213350098799964 ) ) ;
#1666 = DIRECTION ( 'NONE',  ( 0.000000000000000000, 1.000000000000000000, 0.000000000000000000 ) ) ;
#1667 = ORIENTED_EDGE ( 'NONE', *, *, #854, .T. ) ;
#1668 = DIRECTION ( 'NONE',  ( 1.000000000000000000, 0.000000000000000000, 0.000000000000000000 ) ) ;
#1669 = ORIENTED_EDGE ( 'NONE', *, *, #1146, .F. ) ;
#1670 = VERTEX_POINT ( 'NONE', #995 ) ;
#1671 = DIRECTION ( 'NONE',  ( -3.191741072935010124E-15, -2.573868890628970194E-15, -1.000000000000000000 ) ) ;
#1672 =( LENGTH_UNIT ( ) NAMED_UNIT ( * ) SI_UNIT ( .MILLI., .METRE. ) );
#1673 = DIRECTION ( 'NONE',  ( -3.133897229209509317E-15, -2.507117783367607769E-15, -1.000000000000000000 ) ) ;
#1674 = EDGE_CURVE ( 'NONE', #947, #1461, #728, .T. ) ;
#1675 = CIRCLE ( 'NONE', #1451, 1.599999999999990319 ) ;
#1676 = FACE_OUTER_BOUND ( 'NONE', #333, .T. ) ;
#1677 = FACE_BOUND ( 'NONE', #1156, .T. ) ;
#1678 = CIRCLE ( 'NONE', #771, 1.599999999999990319 ) ;
#1679 =( NAMED_UNIT ( * ) PLANE_ANGLE_UNIT ( ) SI_UNIT ( $, .RADIAN. ) );
#1680 = ORIENTED_EDGE ( 'NONE', *, *, #1146, .T. ) ;
#1681 = AXIS2_PLACEMENT_3D ( 'NONE', #1002, #223, #506 ) ;
#1682 = DIRECTION ( 'NONE',  ( -0.000000000000000000, -0.000000000000000000, -1.000000000000000000 ) ) ;
#1683 = ORIENTED_EDGE ( 'NONE', *, *, #1354, .T. ) ;
#1684 = ORIENTED_EDGE ( 'NONE', *, *, #1630, .F. ) ;
#1685 = FACE_OUTER_BOUND ( 'NONE', #1128, .T. ) ;
#1686 = CARTESIAN_POINT ( 'NONE',  ( 114.8782025056376028, 96.79239703701408359, -7.916650101394077765 ) ) ;
#1687 = CARTESIAN_POINT ( 'NONE',  ( 120.1991230516170361, 92.24401509175302749, -23.74213350099205044 ) ) ;
#1688 = DIRECTION ( 'NONE',  ( -1.000000000000000000, 0.000000000000000000, 0.000000000000000000 ) ) ;
#1689 = VERTEX_POINT ( 'NONE', #1511 ) ;
#1690 = LINE ( 'NONE', #1054, #1710 ) ;
#1691 = ADVANCED_FACE ( 'NONE', ( #613 ), #1185, .F. ) ;
#1692 = CARTESIAN_POINT ( 'NONE',  ( 132.6991230516169935, 92.24401509175299907, -12.44213350098799964 ) ) ;
#1693 = VERTEX_POINT ( 'NONE', #486 ) ;
#1694 = EDGE_LOOP ( 'NONE', ( #97, #1554, #273, #857 ) ) ;
#1695 = CARTESIAN_POINT ( 'NONE',  ( 125.5200435975966116, 87.69563314649201402, -28.09213350099204476 ) ) ;
#1696 = CARTESIAN_POINT ( 'NONE',  ( 125.1057923349517012, 89.24107673698556198, -12.44213350098799964 ) ) ;
#1697 = DIRECTION ( 'NONE',  ( 0.000000000000000000, 0.000000000000000000, -1.000000000000000000 ) ) ;
#1698 = DIRECTION ( 'NONE',  ( -1.000000000000000000, 0.000000000000000000, 3.083952846180949457E-15 ) ) ;
#1699 = ORIENTED_EDGE ( 'NONE', *, *, #1578, .T. ) ;
#1700 = EDGE_CURVE ( 'NONE', #907, #8, #514, .T. ) ;
#1701 = DIRECTION ( 'NONE',  ( 0.000000000000000000, 1.000000000000000000, 0.000000000000000000 ) ) ;
#1702 = CARTESIAN_POINT ( 'NONE',  ( 120.1991230516170077, 96.89401509175299054, -17.94213350098799964 ) ) ;
#1703 = DIRECTION ( 'NONE',  ( 0.7071067811865463515, 0.000000000000000000, -0.7071067811865487940 ) ) ;
#1704 = ORIENTED_EDGE ( 'NONE', *, *, #1591, .T. ) ;
#1705 = CIRCLE ( 'NONE', #1530, 12.50000000000001066 ) ;
#1706 = AXIS2_PLACEMENT_3D ( 'NONE', #1086, #156, #499 ) ;
#1707 = AXIS2_PLACEMENT_3D ( 'NONE', #1103, #1349, #1112 ) ;
#1708 = CARTESIAN_POINT ( 'NONE',  ( 118.8567744357376199, 95.47639309392947382, -18.81287507575095574 ) ) ;
#1709 = EDGE_LOOP ( 'NONE', ( #414, #1370, #657, #19 ) ) ;
#1710 = VECTOR ( 'NONE', #1574, 1000.000000000000000 ) ;
#1711 = EDGE_CURVE ( 'NONE', #218, #821, #1342, .T. ) ;
#1712 = CARTESIAN_POINT ( 'NONE',  ( 121.5302503933841933, 89.33401509175305932, -10.44213350099204973 ) ) ;
#1713 = CARTESIAN_POINT ( 'NONE',  ( 119.7112903849518375, 95.70986274102959612, -16.41807526194009270 ) ) ;
#1714 = CARTESIAN_POINT ( 'NONE',  ( 119.0229161855109226, 95.54054052241183115, -19.02706461242595637 ) ) ;
#1715 = ORIENTED_EDGE ( 'NONE', *, *, #538, .F. ) ;
#1716 = EDGE_LOOP ( 'NONE', ( #650, #1549, #1318, #882 ) ) ;
#1717 = ADVANCED_FACE ( 'NONE', ( #910 ), #1426, .F. ) ;
#1718 = LINE ( 'NONE', #410, #1013 ) ;
#1719 = CARTESIAN_POINT ( 'NONE',  ( 119.2990730004213304, 95.62597351129227263, -16.61827075683071797 ) ) ;
#1720 = FACE_OUTER_BOUND ( 'NONE', #1449, .T. ) ;
#1721 = CARTESIAN_POINT ( 'NONE',  ( 120.7708773635491610, 95.69702850343007583, -19.43659988469013555 ) ) ;
ENDSEC;
END-ISO-10303-21;
