ISO-10303-21;
HEADER;
FILE_DESCRIPTION (( 'STEP AP214' ),
    '1' );
FILE_NAME ('shoulder yaw plate.STEP',
    '2026-02-20T16:39:22',
    ( '' ),
    ( '' ),
    'SwSTEP 2.0',
    'SolidWorks 2023',
    '' );
FILE_SCHEMA (( 'AUTOMOTIVE_DESIGN' ));
ENDSEC;

DATA;
#1 = EDGE_CURVE ( 'NONE', #2516, #135, #719, .T. ) ;
#2 = CARTESIAN_POINT ( 'NONE',  ( 51.99999999999999289, -20.15396173909610766, 27.22297571913288650 ) ) ;
#3 = CARTESIAN_POINT ( 'NONE',  ( 36.82815916991512495, 38.23655759179666092, 7.580875456840373339 ) ) ;
#4 = ORIENTED_EDGE ( 'NONE', *, *, #992, .T. ) ;
#5 = CARTESIAN_POINT ( 'NONE',  ( 20.73957307132238270, -14.48998971462590468, 0.000000000000000000 ) ) ;
#6 = DIRECTION ( 'NONE',  ( 0.000000000000000000, -1.000000000000000000, 0.000000000000000000 ) ) ;
#7 = UNCERTAINTY_MEASURE_WITH_UNIT (LENGTH_MEASURE( 1.000000000000000082E-05 ), #2345, 'distance_accuracy_value', 'NONE');
#8 = ORIENTED_EDGE ( 'NONE', *, *, #710, .F. ) ;
#9 = DIRECTION ( 'NONE',  ( 3.304235192336776991E-16, 1.000000000000000000, -0.000000000000000000 ) ) ;
#10 = CYLINDRICAL_SURFACE ( 'NONE', #2405, 20.00000000000000000 ) ;
#11 = ADVANCED_FACE ( 'NONE', ( #549 ), #1627, .F. ) ;
#12 = DIRECTION ( 'NONE',  ( -0.000000000000000000, 0.000000000000000000, 1.000000000000000000 ) ) ;
#13 = DIRECTION ( 'NONE',  ( -1.000000000000000000, 3.258052255514228297E-16, 2.465190328815661892E-32 ) ) ;
#14 = CARTESIAN_POINT ( 'NONE',  ( 45.97354226394595855, 40.47673017057663714, 18.67495343643744121 ) ) ;
#15 = EDGE_LOOP ( 'NONE', ( #2674, #1995 ) ) ;
#16 = AXIS2_PLACEMENT_3D ( 'NONE', #1113, #1142, #2021 ) ;
#17 = DIRECTION ( 'NONE',  ( 1.000000000000000000, 1.107270303814983170E-16, -0.000000000000000000 ) ) ;
#18 = CARTESIAN_POINT ( 'NONE',  ( 36.21262590462331588, -42.45787942229267742, 7.248068978148135777 ) ) ;
#19 = ORIENTED_EDGE ( 'NONE', *, *, #258, .T. ) ;
#20 = DIRECTION ( 'NONE',  ( 3.304235192336776991E-16, 1.000000000000000000, 0.000000000000000000 ) ) ;
#21 = CARTESIAN_POINT ( 'NONE',  ( 41.44469241955684424, 21.77616179560437359, 11.16441863713360050 ) ) ;
#22 = CIRCLE ( 'NONE', #2212, 1.999999999999991340 ) ;
#23 = CARTESIAN_POINT ( 'NONE',  ( 46.33945387465221444, -26.02805535884349553, 19.90203052105453807 ) ) ;
#24 = ADVANCED_FACE ( 'NONE', ( #337 ), #1874, .F. ) ;
#25 = ADVANCED_FACE ( 'NONE', ( #503 ), #2403, .T. ) ;
#26 = CIRCLE ( 'NONE', #1917, 20.00000000000000000 ) ;
#27 = CARTESIAN_POINT ( 'NONE',  ( 51.91837533982439368, -19.14287388499010945, 25.35654852736960763 ) ) ;
#28 = CARTESIAN_POINT ( 'NONE',  ( 23.00000000000176570, -25.00000000000000000, 5.000000000000000000 ) ) ;
#29 = EDGE_LOOP ( 'NONE', ( #2584, #2500, #933, #2174 ) ) ;
#30 = CYLINDRICAL_SURFACE ( 'NONE', #2394, 1.999999999999647837 ) ;
#31 = CARTESIAN_POINT ( 'NONE',  ( 38.03724832382447829, -45.03191388853510801, 8.320274559719287311 ) ) ;
#32 = ORIENTED_EDGE ( 'NONE', *, *, #1184, .F. ) ;
#33 = DIRECTION ( 'NONE',  ( 1.107270303814983170E-16, -1.000000000000000000, 0.000000000000000000 ) ) ;
#34 = PLANE ( 'NONE',  #1260 ) ;
#35 = CARTESIAN_POINT ( 'NONE',  ( 40.81399762464366177, -27.26026839819441605, 10.53679201869484494 ) ) ;
#36 = CIRCLE ( 'NONE', #1541, 1.999999999999998224 ) ;
#37 = CARTESIAN_POINT ( 'NONE',  ( 43.36585431588035533, -46.82133404130919985, 13.49104773426156534 ) ) ;
#38 = CARTESIAN_POINT ( 'NONE',  ( 50.64679196113421256, -15.13995630549222327, 20.57404810709720877 ) ) ;
#39 = VECTOR ( 'NONE', #1969, 1000.000000000000000 ) ;
#40 = EDGE_CURVE ( 'NONE', #1421, #246, #1671, .T. ) ;
#41 = DIRECTION ( 'NONE',  ( -1.000000000000000000, 3.304235192336776991E-16, -0.000000000000000000 ) ) ;
#42 = ORIENTED_EDGE ( 'NONE', *, *, #1815, .T. ) ;
#43 = DIRECTION ( 'NONE',  ( 1.000000000000000000, -2.837621154675666483E-16, 2.465190328815661892E-32 ) ) ;
#44 = DIRECTION ( 'NONE',  ( -1.000000000000000000, 3.304235192336777484E-16, -0.000000000000000000 ) ) ;
#45 = VERTEX_POINT ( 'NONE', #599 ) ;
#46 = CARTESIAN_POINT ( 'NONE',  ( 50.18232758565572738, 13.94078467704002122, 19.55810147371577301 ) ) ;
#47 = CARTESIAN_POINT ( 'NONE',  ( 44.32050807568893447, 29.99999999999957367, 15.00000000000027534 ) ) ;
#48 = EDGE_LOOP ( 'NONE', ( #355, #2036, #1052, #2028 ) ) ;
#49 = CARTESIAN_POINT ( 'NONE',  ( 45.36687678127658785, -29.54837457592388006, 17.08279415623043462 ) ) ;
#50 = ORIENTED_EDGE ( 'NONE', *, *, #1915, .F. ) ;
#51 = DIRECTION ( 'NONE',  ( -1.000000000000000000, 3.304235192336777484E-16, -0.000000000000000000 ) ) ;
#52 = AXIS2_PLACEMENT_3D ( 'NONE', #738, #2271, #1632 ) ;
#53 = CARTESIAN_POINT ( 'NONE',  ( 46.34084133434305386, -13.48287454336460911, 19.15994327928594387 ) ) ;
#54 = VERTEX_POINT ( 'NONE', #2373 ) ;
#55 = CARTESIAN_POINT ( 'NONE',  ( 47.00000000000000000, 29.99999999999957012, 15.00000000000027356 ) ) ;
#56 = EDGE_LOOP ( 'NONE', ( #1753, #2784, #2749, #2449, #2085 ) ) ;
#57 = CARTESIAN_POINT ( 'NONE',  ( 27.00000000000000355, 25.00000000000000000, 0.000000000000000000 ) ) ;
#58 = CARTESIAN_POINT ( 'NONE',  ( 45.60779820992195255, -42.94680269489620628, 17.66672906758300599 ) ) ;
#59 = CARTESIAN_POINT ( 'NONE',  ( 47.00000000000000711, 32.98612181134004118, 25.00000000000000000 ) ) ;
#60 = CARTESIAN_POINT ( 'NONE',  ( 50.49324831920835521, -14.74149982263615577, 20.22053215836922035 ) ) ;
#61 = ADVANCED_FACE ( 'NONE', ( #852 ), #384, .F. ) ;
#62 = FACE_OUTER_BOUND ( 'NONE', #1560, .T. ) ;
#63 = ORIENTED_EDGE ( 'NONE', *, *, #807, .T. ) ;
#64 = CARTESIAN_POINT ( 'NONE',  ( 44.98000949932023929, 44.03848640050841112, 16.23364323952864297 ) ) ;
#65 = CARTESIAN_POINT ( 'NONE',  ( 42.26887838584926982, -29.06908227850227533, 12.07813216983078597 ) ) ;
#66 = VECTOR ( 'NONE', #1327, 1000.000000000000000 ) ;
#67 = AXIS2_PLACEMENT_3D ( 'NONE', #925, #1140, #465 ) ;
#68 = CARTESIAN_POINT ( 'NONE',  ( 24.99999999999999645, 25.00000000000000000, 5.000000000000000000 ) ) ;
#69 = CARTESIAN_POINT ( 'NONE',  ( 48.10702590174924609, 8.179454082362703105, 16.25932217168860561 ) ) ;
#70 = EDGE_LOOP ( 'NONE', ( #1253, #1606, #1026, #211 ) ) ;
#71 = CARTESIAN_POINT ( 'NONE',  ( 52.00000000000000000, 22.49999999999997868, 37.22636645523086685 ) ) ;
#72 = DIRECTION ( 'NONE',  ( 1.000000000000000000, -3.304235192336776991E-16, 0.000000000000000000 ) ) ;
#73 = DIRECTION ( 'NONE',  ( -1.000000000000000000, 0.000000000000000000, 0.000000000000000000 ) ) ;
#74 = CIRCLE ( 'NONE', #1168, 5.000000000000001776 ) ;
#75 = ORIENTED_EDGE ( 'NONE', *, *, #1122, .T. ) ;
#76 = CARTESIAN_POINT ( 'NONE',  ( 46.79099091406735056, 0.4929157030360519220, 14.72548799466771818 ) ) ;
#77 = CARTESIAN_POINT ( 'NONE',  ( 40.24092089036568609, 25.37571018415665947, 10.01070419709902914 ) ) ;
#78 = ORIENTED_EDGE ( 'NONE', *, *, #1965, .F. ) ;
#79 =( BOUNDED_SURFACE ( )  B_SPLINE_SURFACE ( 3, 2, ( 
 ( #2, #230, #871 ),
 ( #1099, #1321, #680 ),
 ( #27, #666, #1539 ),
 ( #1768, #1981, #2202 ),
 ( #240, #1109, #2230 ),
 ( #896, #1552, #269 ),
 ( #463, #255, #2004 ),
 ( #38, #909, #1782 ),
 ( #2666, #2611, #692 ),
 ( #1566, #481, #1350 ),
 ( #2017, #53, #922 ),
 ( #646, #1515, #1600 ),
 ( #1583, #1817, #2494 ),
 ( #2465, #1186, #956 ),
 ( #2069, #1401, #1201 ),
 ( #1153, #1169, #776 ),
 ( #2084, #972, #300 ),
 ( #2697, #105, #1654 ),
 ( #2526, #2243, #2050 ),
 ( #134, #544, #2510 ),
 ( #1834, #1848, #2732 ),
 ( #1637, #759, #333 ),
 ( #1417, #1618, #1431 ),
 ( #559, #2307, #349 ),
 ( #2714, #120, #1216 ),
 ( #1796, #318, #988 ),
 ( #2293, #2100, #1870 ),
 ( #2680, #712, #1379 ),
 ( #497, #527, #1365 ),
 ( #2275, #282, #2746 ),
 ( #2035, #742, #88 ),
 ( #69, #941, #728 ),
 ( #2477, #510, #2258 ),
 ( #1667, #2542, #1885 ),
 ( #1003, #2760, #790 ),
 ( #1647, #370, #769 ),
 ( #2519, #1860, #2286 ),
 ( #536, #980, #997 ),
 ( #2268, #796, #1195 ),
 ( #2299, #2532, #2551 ),
 ( #2740, #1878, #127 ),
 ( #310, #2487, #566 ),
 ( #751, #552, #950 ),
 ( #2061, #340, #1207 ),
 ( #1424, #1177, #326 ),
 ( #964, #2092, #1610 ),
 ( #1842, #97, #2077 ),
 ( #737, #2753, #2723 ) ),
 .UNSPECIFIED., .F., .F., .F. ) 
 B_SPLINE_SURFACE_WITH_KNOTS ( ( 4, 2, 2, 2, 2, 2, 2, 2, 2, 2, 2, 2, 2, 2, 2, 2, 2, 2, 2, 2, 2, 2, 2, 4 ),
 ( 3, 3 ),
 ( 0.000000000000000000, 0.003855293407929602945, 0.007710586815859205891, 0.009638233519824008014, 0.01156588022378880927, 0.01542117363171841178, 0.01734882033568321477, 0.01927646703964801603, 0.02313176044757761854, 0.02505940715154241979, 0.02698705385550722105, 0.03084234726343682356, 0.03276999396740162829, 0.03469764067136642954, 0.03855293407929603205, 0.04048058078326083331, 0.04240822748722563457, 0.04626352089515523708, 0.04819116759912003833, 0.05011881430308483959, 0.05397410771101444210, 0.05782940111894404461, 0.05975704782290884587, 0.06168469452687364712 ),
 ( 0.000000000000000000, 1.000000000000000000 ),
 .UNSPECIFIED. ) 
 GEOMETRIC_REPRESENTATION_ITEM ( )  RATIONAL_B_SPLINE_SURFACE ( (
 ( 1.000000000000000000, 0.7071067811865471286, 1.000000000000000000),
 ( 1.000000000000000000, 0.7144789248365472911, 1.000000000000000000),
 ( 1.000000000000000000, 0.7234358439483035141, 1.000000000000000000),
 ( 1.000000000000000000, 0.7431718816054184718, 1.000000000000000000),
 ( 1.000000000000000000, 0.7539490937911222934, 1.000000000000000000),
 ( 1.000000000000000000, 0.7706559443724598779, 1.000000000000000000),
 ( 1.000000000000000000, 0.7763132692538904367, 1.000000000000000000),
 ( 1.000000000000000000, 0.7875159696569743462, 1.000000000000000000),
 ( 1.000000000000000000, 0.7930840013295487045, 1.000000000000000000),
 ( 1.000000000000000000, 0.8095445657895136149, 1.000000000000000000),
 ( 1.000000000000000000, 0.8201905154917840113, 1.000000000000000000),
 ( 1.000000000000000000, 0.8351941390168672319, 1.000000000000000000),
 ( 1.000000000000000000, 0.8400496311357196211, 1.000000000000000000),
 ( 1.000000000000000000, 0.8492587060496287199, 1.000000000000000000),
 ( 1.000000000000000000, 0.8536220196815635930, 1.000000000000000000),
 ( 1.000000000000000000, 0.8659203442573626397, 1.000000000000000000),
 ( 1.000000000000000000, 0.8730658924328195125, 1.000000000000000000),
 ( 1.000000000000000000, 0.8819214814488331999, 1.000000000000000000),
 ( 1.000000000000000000, 0.8845625274932082949, 1.000000000000000000),
 ( 1.000000000000000000, 0.8891669667698829382, 1.000000000000000000),
 ( 1.000000000000000000, 0.8911349954441519783, 1.000000000000000000),
 ( 1.000000000000000000, 0.8958505293239339418, 1.000000000000000000),
 ( 1.000000000000000000, 0.8974511908788028736, 1.000000000000000000),
 ( 1.000000000000000000, 0.8974957136622062626, 1.000000000000000000),
 ( 1.000000000000000000, 0.8971174517815222460, 1.000000000000000000),
 ( 1.000000000000000000, 0.8955632158891820849, 1.000000000000000000),
 ( 1.000000000000000000, 0.8943804169236119206, 1.000000000000000000),
 ( 1.000000000000000000, 0.8897267038202972822, 1.000000000000000000),
 ( 1.000000000000000000, 0.8851462788527294512, 1.000000000000000000),
 ( 1.000000000000000000, 0.8763088540027171858, 1.000000000000000000),
 ( 1.000000000000000000, 0.8730344492993769023, 1.000000000000000000),
 ( 1.000000000000000000, 0.8658635669778562693, 1.000000000000000000),
 ( 1.000000000000000000, 0.8619716098524272674, 1.000000000000000000),
 ( 1.000000000000000000, 0.8495981354711937827, 1.000000000000000000),
 ( 1.000000000000000000, 0.8403723328053485098, 1.000000000000000000),
 ( 1.000000000000000000, 0.8254312806538144365, 1.000000000000000000),
 ( 1.000000000000000000, 0.8202671568870378849, 1.000000000000000000),
 ( 1.000000000000000000, 0.8096376470101724898, 1.000000000000000000),
 ( 1.000000000000000000, 0.8041571094242003781, 1.000000000000000000),
 ( 1.000000000000000000, 0.7876143718745769462, 1.000000000000000000),
 ( 1.000000000000000000, 0.7763854186290662929, 1.000000000000000000),
 ( 1.000000000000000000, 0.7543827668236632311, 1.000000000000000000),
 ( 1.000000000000000000, 0.7436031836205797552, 1.000000000000000000),
 ( 1.000000000000000000, 0.7286215653433922856, 1.000000000000000000),
 ( 1.000000000000000000, 0.7238137097791460528, 1.000000000000000000),
 ( 1.000000000000000000, 0.7149060601593738573, 1.000000000000000000),
 ( 1.000000000000000000, 0.7107944322695490813, 1.000000000000000000),
 ( 1.000000000000000000, 0.7071067811865480168, 1.000000000000000000) ) ) 
 REPRESENTATION_ITEM ( '' )  SURFACE ( )  );
#80 = EDGE_CURVE ( 'NONE', #421, #1859, #860, .T. ) ;
#81 = CARTESIAN_POINT ( 'NONE',  ( 45.81691911334630873, 42.35220268820908984, 18.22215186903235917 ) ) ;
#82 = ADVANCED_FACE ( 'NONE', ( #815, #168 ), #864, .T. ) ;
#83 = CARTESIAN_POINT ( 'NONE',  ( 45.10733405822126230, -20.22016474372523476, 16.50120023286716986 ) ) ;
#84 = EDGE_CURVE ( 'NONE', #1340, #2577, #1232, .T. ) ;
#85 = EDGE_CURVE ( 'NONE', #1202, #2436, #1498, .T. ) ;
#86 = CARTESIAN_POINT ( 'NONE',  ( 47.66987298107778059, -41.99999999999997868, 55.00000000000000711 ) ) ;
#87 = VECTOR ( 'NONE', #1625, 1000.000000000000000 ) ;
#88 = CARTESIAN_POINT ( 'NONE',  ( 43.65986003347741473, 8.802527067238667513, 13.93238909920546575 ) ) ;
#89 = VERTEX_POINT ( 'NONE', #2590 ) ;
#90 = B_SPLINE_CURVE_WITH_KNOTS ( 'NONE', 3,
 ( #504, #1372, #262, #931, #2075, #2250, #916, #1607, #1390, #46, #1407, #2517, #488, #1590, #1130, #1193, #1858, #324, #2703, #767, #1358, #2237, #1160, #978, #76, #2041, #292, #720, #1789, #2672, #1644, #1628, #276, #1422, #2264, #701, #1146, #947, #550, #60, #1804, #2689, #2471, #517, #307, #1175, #2284, #2059 ),
 .UNSPECIFIED., .F., .F.,
 ( 4, 2, 2, 2, 2, 2, 2, 2, 2, 2, 2, 2, 2, 2, 2, 2, 2, 2, 2, 2, 2, 2, 2, 4 ),
 ( 0.000000000000000000, 0.001619386546893610912, 0.003238773093787221825, 0.006477546187574452323, 0.009716319281361683255, 0.01133570582825529742, 0.01295509237514890985, 0.01619386546893612430, 0.01781325201582973153, 0.01943263856272333528, 0.02267141165651054627, 0.02429079820340414655, 0.02591018475029774684, 0.02914895784408494742, 0.03076834439097855117, 0.03238773093787215146, 0.03562650403165934510, 0.03724589057855295232, 0.03886527712544654567, 0.04210405021923373237, 0.04372343676612733265, 0.04534282331302091906, 0.04858159640680811964, 0.05182036950059532021 ),
 .UNSPECIFIED. ) ;
#91 = CARTESIAN_POINT ( 'NONE',  ( -23.00000000000002132, -20.00000000000049383, 15.00000000000052758 ) ) ;
#92 = CYLINDRICAL_SURFACE ( 'NONE', #2774, 4.999999999999997335 ) ;
#93 = CARTESIAN_POINT ( 'NONE',  ( 22.99999999999999289, 25.00000000000000000, 5.000000000000000000 ) ) ;
#94 = VERTEX_POINT ( 'NONE', #2567 ) ;
#95 = CARTESIAN_POINT ( 'NONE',  ( 52.00000000000000711, 42.00000000000000000, 57.50000000000000711 ) ) ;
#96 = EDGE_LOOP ( 'NONE', ( #1285, #334 ) ) ;
#97 = CARTESIAN_POINT ( 'NONE',  ( 47.05187476168524086, 19.96350961888981246, 26.83926934882989102 ) ) ;
#98 = CARTESIAN_POINT ( 'NONE',  ( 47.34023123755508067, -40.51693825864846588, 27.58399477941255640 ) ) ;
#99 = CARTESIAN_POINT ( 'NONE',  ( 40.73957307132238270, 27.00000000000000000, 0.000000000000000000 ) ) ;
#100 = CIRCLE ( 'NONE', #1743, 19.99999999999999645 ) ;
#101 = CARTESIAN_POINT ( 'NONE',  ( 46.99999999999998579, -26.84324998696018127, 31.25226148983535523 ) ) ;
#102 = DIRECTION ( 'NONE',  ( 1.000000000000000000, -2.837621154675666483E-16, 2.465190328815661892E-32 ) ) ;
#103 = EDGE_CURVE ( 'NONE', #2070, #1380, #2056, .T. ) ;
#104 = CARTESIAN_POINT ( 'NONE',  ( 47.55975414143461677, -41.99999999999997158, 55.19073142513245500 ) ) ;
#105 = CARTESIAN_POINT ( 'NONE',  ( 44.83182596590636138, -6.219510702958815251, 15.59084180698119759 ) ) ;
#106 = EDGE_LOOP ( 'NONE', ( #873, #1924, #604, #2362, #121 ) ) ;
#107 = DIRECTION ( 'NONE',  ( -0.000000000000000000, 0.000000000000000000, 1.000000000000000000 ) ) ;
#108 = CARTESIAN_POINT ( 'NONE',  ( 37.18295376666002028, 46.68341144340524096, 7.783058230107346098 ) ) ;
#109 = EDGE_LOOP ( 'NONE', ( #394, #2616, #2314, #1702, #1055, #2429, #2012, #270, #2357, #1371, #640, #1949, #1204, #1797 ) ) ;
#110 = FACE_BOUND ( 'NONE', #2822, .T. ) ;
#111 = EDGE_LOOP ( 'NONE', ( #424, #2239, #2244, #2698 ) ) ;
#112 = CARTESIAN_POINT ( 'NONE',  ( 46.47485760494736695, -20.82888802730201760, 20.37709242262105036 ) ) ;
#113 = CARTESIAN_POINT ( 'NONE',  ( 46.99999999999998579, -33.74515280699372966, 24.63510331053527480 ) ) ;
#114 = DIRECTION ( 'NONE',  ( 5.551115123125784674E-16, 1.000000000000000000, 0.000000000000000000 ) ) ;
#115 = CARTESIAN_POINT ( 'NONE',  ( 41.32290137193511015, 45.99872589437256920, 11.03452616825260968 ) ) ;
#116 = DIRECTION ( 'NONE',  ( 5.551115123125784674E-16, 1.000000000000000000, 0.000000000000000000 ) ) ;
#117 = AXIS2_PLACEMENT_3D ( 'NONE', #2605, #446, #1092 ) ;
#118 = DIRECTION ( 'NONE',  ( 2.837621154675666483E-16, 1.000000000000000000, 0.000000000000000000 ) ) ;
#119 = AXIS2_PLACEMENT_3D ( 'NONE', #761, #1419, #2734 ) ;
#120 = CARTESIAN_POINT ( 'NONE',  ( 44.34692191358584523, 1.113722380448981086, 14.74646477743226392 ) ) ;
#121 = ORIENTED_EDGE ( 'NONE', *, *, #2390, .F. ) ;
#122 = ADVANCED_FACE ( 'NONE', ( #1762 ), #698, .F. ) ;
#123 = CARTESIAN_POINT ( 'NONE',  ( 45.99999999999999289, 40.99999999999999289, 5.000000000000000000 ) ) ;
#124 = ORIENTED_EDGE ( 'NONE', *, *, #1354, .F. ) ;
#125 = CARTESIAN_POINT ( 'NONE',  ( 46.94461288067934390, -42.74538150611299869, 23.34337849053727254 ) ) ;
#126 = ORIENTED_EDGE ( 'NONE', *, *, #1597, .F. ) ;
#127 = CARTESIAN_POINT ( 'NONE',  ( 46.14862052103010370, 19.42503262674271625, 19.17585919828294294 ) ) ;
#128 = CARTESIAN_POINT ( 'NONE',  ( 47.13867994546563978, -36.59345689218120157, 28.71273572965000298 ) ) ;
#129 = AXIS2_PLACEMENT_3D ( 'NONE', #2049, #2003, #679 ) ;
#130 = DIRECTION ( 'NONE',  ( 1.000000000000000000, 0.000000000000000000, 0.000000000000000000 ) ) ;
#131 = CARTESIAN_POINT ( 'NONE',  ( 36.82215100723956169, 43.77774370175436758, 7.576535815966964016 ) ) ;
#132 = DIRECTION ( 'NONE',  ( 0.000000000000000000, 0.4445951438265766664, -0.8957316328487152646 ) ) ;
#133 = DIRECTION ( 'NONE',  ( -1.000000000000000000, 3.304235192336776991E-16, 0.000000000000000000 ) ) ;
#134 = CARTESIAN_POINT ( 'NONE',  ( 47.15580505989017013, -4.229879540319051223, 15.12131259077291290 ) ) ;
#135 = VERTEX_POINT ( 'NONE', #900 ) ;
#136 = CARTESIAN_POINT ( 'NONE',  ( 35.07955474234088911, 46.19265378021322022, 6.692210979271384197 ) ) ;
#137 = ADVANCED_FACE ( 'NONE', ( #468 ), #1532, .F. ) ;
#138 = CARTESIAN_POINT ( 'NONE',  ( 47.00000000000000711, 33.74515280699183961, 24.63510331053028324 ) ) ;
#139 = CARTESIAN_POINT ( 'NONE',  ( 26.99999999999999289, -8.921435019309295657E-15, 5.000000000000000000 ) ) ;
#140 = ORIENTED_EDGE ( 'NONE', *, *, #2382, .F. ) ;
#141 = CARTESIAN_POINT ( 'NONE',  ( 43.22901701896115867, -6.029907362160148665, 13.31098291263730715 ) ) ;
#142 = CARTESIAN_POINT ( 'NONE',  ( 46.92945854920846926, -38.25616491508075967, 23.31959139900947875 ) ) ;
#143 = FACE_OUTER_BOUND ( 'NONE', #2751, .T. ) ;
#144 = FACE_OUTER_BOUND ( 'NONE', #2368, .T. ) ;
#145 = DIRECTION ( 'NONE',  ( 1.000000000000000000, -3.304235192336776991E-16, 0.000000000000000000 ) ) ;
#146 = PLANE ( 'NONE',  #2788 ) ;
#147 = ORIENTED_EDGE ( 'NONE', *, *, #710, .T. ) ;
#148 = DIRECTION ( 'NONE',  ( 0.000000000000000000, -1.000000000000000000, 0.000000000000000000 ) ) ;
#149 = ADVANCED_BREP_SHAPE_REPRESENTATION ( 'shoulder yaw plate', ( #886, #1615 ), #239 ) ;
#150 = CARTESIAN_POINT ( 'NONE',  ( 47.13867994546564688, 36.59345689218416453, 28.71273572965918675 ) ) ;
#151 = CARTESIAN_POINT ( 'NONE',  ( 0.000000000000000000, -47.00000000000000000, 0.000000000000000000 ) ) ;
#152 = ORIENTED_EDGE ( 'NONE', *, *, #2198, .F. ) ;
#153 = CARTESIAN_POINT ( 'NONE',  ( 46.46795392684956028, 20.79858374298647306, 20.35029039119162064 ) ) ;
#154 = CARTESIAN_POINT ( 'NONE',  ( 51.91182318662357176, -39.32583208218398596, 27.78534946332895572 ) ) ;
#155 = PLANE ( 'NONE',  #575 ) ;
#156 = EDGE_CURVE ( 'NONE', #242, #1737, #2469, .T. ) ;
#157 = EDGE_LOOP ( 'NONE', ( #1678, #1317, #235, #1609 ) ) ;
#158 = CARTESIAN_POINT ( 'NONE',  ( 45.66226566193643066, -39.18654893387694216, 17.80678235007485455 ) ) ;
#159 = CARTESIAN_POINT ( 'NONE',  ( 40.73957307132238270, -47.00000000000000000, 0.000000000000000000 ) ) ;
#160 = CARTESIAN_POINT ( 'NONE',  ( 51.99999999999997868, -41.99999999999997868, 40.00000000000000711 ) ) ;
#161 = VERTEX_POINT ( 'NONE', #2670 ) ;
#162 = CIRCLE ( 'NONE', #1333, 22.49999999999999645 ) ;
#163 = CARTESIAN_POINT ( 'NONE',  ( 41.99999999999996447, 47.00000000000000000, 0.000000000000000000 ) ) ;
#164 = CARTESIAN_POINT ( 'NONE',  ( 47.30744075327175580, 39.24354665858243152, 27.80326339933856872 ) ) ;
#165 = FACE_OUTER_BOUND ( 'NONE', #1835, .T. ) ;
#166 = VERTEX_POINT ( 'NONE', #244 ) ;
#167 = CARTESIAN_POINT ( 'NONE',  ( 43.47943812918455109, 7.746146533840930992, 13.66634235392557706 ) ) ;
#168 = FACE_BOUND ( 'NONE', #996, .T. ) ;
#169 = ORIENTED_EDGE ( 'NONE', *, *, #173, .F. ) ;
#170 = DIRECTION ( 'NONE',  ( 1.000000000000000000, -3.304235192336776991E-16, -0.000000000000000000 ) ) ;
#171 = CARTESIAN_POINT ( 'NONE',  ( 51.99999999999999289, -1.718202300015123818E-14, 37.22636645523086685 ) ) ;
#172 = CIRCLE ( 'NONE', #2270, 17.49999999999999645 ) ;
#173 = EDGE_CURVE ( 'NONE', #135, #2331, #2228, .T. ) ;
#174 = DIRECTION ( 'NONE',  ( -1.000000000000000000, 0.000000000000000000, 0.000000000000000000 ) ) ;
#175 = ORIENTED_EDGE ( 'NONE', *, *, #2478, .T. ) ;
#176 = LINE ( 'NONE', #1020, #2728 ) ;
#177 = ADVANCED_FACE ( 'NONE', ( #287 ), #1786, .T. ) ;
#178 = CARTESIAN_POINT ( 'NONE',  ( 46.95634205397703909, -42.66502443377309817, 23.40733843567790728 ) ) ;
#179 = ORIENTED_EDGE ( 'NONE', *, *, #2638, .F. ) ;
#180 = AXIS2_PLACEMENT_3D ( 'NONE', #780, #1589, #2236 ) ;
#181 = VECTOR ( 'NONE', #192, 1000.000000000000000 ) ;
#182 = CARTESIAN_POINT ( 'NONE',  ( 44.89036040654128357, 14.44685371969936227, 16.05490969274384483 ) ) ;
#183 = DIRECTION ( 'NONE',  ( -1.000000000000000000, 3.258052255514228297E-16, 2.465190328815661892E-32 ) ) ;
#184 = SHAPE_DEFINITION_REPRESENTATION ( #2619, #149 ) ;
#185 = ORIENTED_EDGE ( 'NONE', *, *, #2326, .T. ) ;
#186 = CARTESIAN_POINT ( 'NONE',  ( 43.19277708322513831, -36.49885732429902419, 13.25457434933791312 ) ) ;
#187 = CARTESIAN_POINT ( 'NONE',  ( 42.00000000000000711, 42.00000000000000000, 0.000000000000000000 ) ) ;
#188 = AXIS2_PLACEMENT_3D ( 'NONE', #433, #12, #2166 ) ;
#189 = CARTESIAN_POINT ( 'NONE',  ( 24.99999999999999645, 25.00000000000000000, 5.000000000000000000 ) ) ;
#190 = B_SPLINE_CURVE_WITH_KNOTS ( 'NONE', 3,
 ( #47, #2027, #892, #237, #277, #2238, #1328, #263, #1536, #1988, #2647, #1147, #2441, #932, #1825, #77, #1359, #1575, #1805, #1373, #2690, #1591, #447, #674, #472, #293, #2418, #688, #1131, #21, #2210, #2458, #721, #489, #1766, #2197, #458, #1342, #2431, #2472 ),
 .UNSPECIFIED., .F., .F.,
 ( 4, 2, 2, 2, 2, 2, 2, 2, 2, 2, 2, 2, 2, 2, 2, 2, 2, 2, 2, 4 ),
 ( 1.734723475976807094E-18, 0.002222857346508731822, 0.003334286019763092745, 0.004445714693017454103, 0.005557143366271815460, 0.006668572039526175950, 0.007780000712780537307, 0.008335715049407719721, 0.008891429386034901267, 0.009447143722662082813, 0.01000285805928926783, 0.01055857239591644937, 0.01111428673254363265, 0.01167000106917081420, 0.01222571540579799575, 0.01333714407905237272, 0.01444857275230675142, 0.01556000142556112666, 0.01667143009881550536, 0.01778285877206987886 ),
 .UNSPECIFIED. ) ;
#191 = EDGE_LOOP ( 'NONE', ( #2195, #1262, #126, #1125 ) ) ;
#192 = DIRECTION ( 'NONE',  ( -1.000000000000000000, 3.304235192336777484E-16, -0.000000000000000000 ) ) ;
#193 = DIRECTION ( 'NONE',  ( -1.000000000000000000, 3.258052255514228297E-16, 2.465190328815661892E-32 ) ) ;
#194 = ORIENTED_EDGE ( 'NONE', *, *, #597, .T. ) ;
#195 = CARTESIAN_POINT ( 'NONE',  ( 52.00000000000002842, 26.99999999999955591, 15.00000000000027356 ) ) ;
#196 = CARTESIAN_POINT ( 'NONE',  ( 45.30362007700361460, 20.38799011783476800, 16.93753402044617573 ) ) ;
#197 = ORIENTED_EDGE ( 'NONE', *, *, #1642, .F. ) ;
#198 = DIRECTION ( 'NONE',  ( -0.000000000000000000, -0.000000000000000000, -1.000000000000000000 ) ) ;
#199 = DIRECTION ( 'NONE',  ( 1.000000000000000000, -3.304235192336776991E-16, 0.000000000000000000 ) ) ;
#200 = CARTESIAN_POINT ( 'NONE',  ( 46.99999999999998579, -25.00000000000051870, 15.00000000000052758 ) ) ;
#201 = LINE ( 'NONE', #1259, #2354 ) ;
#202 = EDGE_CURVE ( 'NONE', #1655, #1437, #464, .T. ) ;
#203 = EDGE_CURVE ( 'NONE', #2331, #1941, #1641, .T. ) ;
#204 = CARTESIAN_POINT ( 'NONE',  ( 39.45995544030333235, 36.23035705202759971, 9.350247153432077241 ) ) ;
#205 = ORIENTED_EDGE ( 'NONE', *, *, #1911, .F. ) ;
#206 = CARTESIAN_POINT ( 'NONE',  ( 44.32050807568906237, -20.00000000000051514, 15.00000000000052758 ) ) ;
#207 = CARTESIAN_POINT ( 'NONE',  ( 45.80814431436208878, 28.86090060421490477, 18.19422401310094273 ) ) ;
#208 = VECTOR ( 'NONE', #1414, 1000.000000000000000 ) ;
#209 = CARTESIAN_POINT ( 'NONE',  ( 0.000000000000000000, 0.000000000000000000, 0.000000000000000000 ) ) ;
#210 = ADVANCED_FACE ( 'NONE', ( #764 ), #2514, .T. ) ;
#211 = ORIENTED_EDGE ( 'NONE', *, *, #2291, .F. ) ;
#212 = CARTESIAN_POINT ( 'NONE',  ( 40.99999999999997868, -40.99999999999996447, 5.000000000000000000 ) ) ;
#213 = FACE_OUTER_BOUND ( 'NONE', #2252, .T. ) ;
#214 = CARTESIAN_POINT ( 'NONE',  ( 42.26958174834555848, -20.93040955095868227, 12.07900961777529680 ) ) ;
#215 = CIRCLE ( 'NONE', #530, 4.999999999999997335 ) ;
#216 = AXIS2_PLACEMENT_3D ( 'NONE', #2571, #133, #2323 ) ;
#217 = PRODUCT ( 'shoulder yaw plate', 'shoulder yaw plate', '', ( #1909 ) ) ;
#218 = CARTESIAN_POINT ( 'NONE',  ( 43.36585431588033401, 46.82133404130917143, 13.49104773426153869 ) ) ;
#219 = CARTESIAN_POINT ( 'NONE',  ( 41.32732104151136809, 36.00153314717394437, 11.03903690564638396 ) ) ;
#220 = ORIENTED_EDGE ( 'NONE', *, *, #404, .T. ) ;
#221 = CARTESIAN_POINT ( 'NONE',  ( 28.03393162162187124, -42.46086999841219978, 5.019252975893288671 ) ) ;
#222 = CARTESIAN_POINT ( 'NONE',  ( 46.29149485396756347, 26.67880145192651398, 19.72194149246209349 ) ) ;
#223 = EDGE_CURVE ( 'NONE', #1138, #535, #1405, .T. ) ;
#224 = VERTEX_POINT ( 'NONE', #1821 ) ;
#225 = CARTESIAN_POINT ( 'NONE',  ( 52.00000000000000711, 41.99999999999996447, 55.00000000000000711 ) ) ;
#226 = LINE ( 'NONE', #1716, #1807 ) ;
#227 = AXIS2_PLACEMENT_3D ( 'NONE', #2249, #994, #2074 ) ;
#228 = CARTESIAN_POINT ( 'NONE',  ( 40.32286763716020772, -24.07238322668683850, 10.08340339164223742 ) ) ;
#229 = EDGE_CURVE ( 'NONE', #911, #2452, #1385, .T. ) ;
#230 = CARTESIAN_POINT ( 'NONE',  ( 46.99999999999998579, -20.15396173909609701, 27.22297571913288294 ) ) ;
#231 = CARTESIAN_POINT ( 'NONE',  ( 45.77029964166987952, 39.49356808126384522, 18.09362394636931626 ) ) ;
#232 = ORIENTED_EDGE ( 'NONE', *, *, #836, .T. ) ;
#233 = PLANE ( 'NONE',  #2032 ) ;
#234 = CARTESIAN_POINT ( 'NONE',  ( 22.99999999999999289, 25.00000000000000000, 5.000000000000000000 ) ) ;
#235 = ORIENTED_EDGE ( 'NONE', *, *, #2717, .F. ) ;
#236 = DIRECTION ( 'NONE',  ( -1.000000000000000000, 3.258052255514228297E-16, 2.465190328815661892E-32 ) ) ;
#237 = CARTESIAN_POINT ( 'NONE',  ( 42.90903873586950112, 29.53622219003094784, 12.87443082241808590 ) ) ;
#238 = CYLINDRICAL_SURFACE ( 'NONE', #2013, 5.000000000000000888 ) ;
#239 =( GEOMETRIC_REPRESENTATION_CONTEXT ( 3 ) GLOBAL_UNCERTAINTY_ASSIGNED_CONTEXT ( ( #1520 ) ) GLOBAL_UNIT_ASSIGNED_CONTEXT ( ( #400, #1953, #1927 ) ) REPRESENTATION_CONTEXT ( 'NONE', 'WORKASPACE' ) );
#240 = CARTESIAN_POINT ( 'NONE',  ( 51.43271327752912470, -17.31268775551833627, 22.81765735377958748 ) ) ;
#241 = CARTESIAN_POINT ( 'NONE',  ( 45.90086151399282244, 39.99372798589670452, 18.45989586657255899 ) ) ;
#242 = VERTEX_POINT ( 'NONE', #93 ) ;
#243 = DIRECTION ( 'NONE',  ( -1.000000000000000000, 0.000000000000000000, 0.000000000000000000 ) ) ;
#244 = CARTESIAN_POINT ( 'NONE',  ( 38.89999999999999858, 40.99999999999999289, 0.000000000000000000 ) ) ;
#245 = VECTOR ( 'NONE', #1658, 1000.000000000000000 ) ;
#246 = VERTEX_POINT ( 'NONE', #1173 ) ;
#247 = CARTESIAN_POINT ( 'NONE',  ( 47.00000000000000000, 19.99999999999956657, 15.00000000000027356 ) ) ;
#248 = CARTESIAN_POINT ( 'NONE',  ( 51.99999999999998579, -21.99999999999998224, 75.00000000000001421 ) ) ;
#249 = CIRCLE ( 'NONE', #1568, 22.49999999999999645 ) ;
#250 = DIRECTION ( 'NONE',  ( 1.000000000000000000, -3.304235192336776991E-16, 0.000000000000000000 ) ) ;
#251 = EDGE_CURVE ( 'NONE', #1115, #89, #322, .T. ) ;
#252 = AXIS2_PLACEMENT_3D ( 'NONE', #1913, #102, #116 ) ;
#253 = DIRECTION ( 'NONE',  ( 0.000000000000000000, -1.000000000000000000, 0.000000000000000000 ) ) ;
#254 = AXIS2_PLACEMENT_3D ( 'NONE', #1634, #985, #1428 ) ;
#255 = CARTESIAN_POINT ( 'NONE',  ( 46.95973733581104881, -16.49524842199595653, 21.89217905879176840 ) ) ;
#256 = LINE ( 'NONE', #1171, #1990 ) ;
#257 = ORIENTED_EDGE ( 'NONE', *, *, #1873, .F. ) ;
#258 = EDGE_CURVE ( 'NONE', #2192, #246, #2719, .T. ) ;
#259 = FACE_OUTER_BOUND ( 'NONE', #29, .T. ) ;
#260 = CARTESIAN_POINT ( 'NONE',  ( 25.00000000000141398, -25.00000000000000000, 5.000000000000000000 ) ) ;
#261 = ORIENTED_EDGE ( 'NONE', *, *, #1211, .T. ) ;
#262 = CARTESIAN_POINT ( 'NONE',  ( 51.97897210847227711, 19.65615221393279199, 26.26389666194465633 ) ) ;
#263 = CARTESIAN_POINT ( 'NONE',  ( 41.64628717727089935, 28.46010966638513295, 11.37717636312230951 ) ) ;
#264 = ORIENTED_EDGE ( 'NONE', *, *, #622, .F. ) ;
#265 = AXIS2_PLACEMENT_3D ( 'NONE', #2615, #1053, #1276 ) ;
#266 = CARTESIAN_POINT ( 'NONE',  ( 46.99999999999998579, -25.00000000000007816, 65.00000000000061107 ) ) ;
#267 = VERTEX_POINT ( 'NONE', #1191 ) ;
#268 = CYLINDRICAL_SURFACE ( 'NONE', #2557, 2.099999999999997868 ) ;
#269 = CARTESIAN_POINT ( 'NONE',  ( 46.25052449731941806, -19.86862198612000796, 19.56226379697259787 ) ) ;
#270 = ORIENTED_EDGE ( 'NONE', *, *, #418, .F. ) ;
#271 = CIRCLE ( 'NONE', #416, 4.999999999999997335 ) ;
#272 = CARTESIAN_POINT ( 'NONE',  ( 51.99999999999999289, 24.63261990333964846, 25.00000000000000000 ) ) ;
#273 = ORIENTED_EDGE ( 'NONE', *, *, #2305, .T. ) ;
#274 = DIRECTION ( 'NONE',  ( 1.000000000000000000, 0.000000000000000000, 0.000000000000000000 ) ) ;
#275 = CARTESIAN_POINT ( 'NONE',  ( 44.81588040815113771, -44.24122192253396690, 15.90411630958894484 ) ) ;
#276 = CARTESIAN_POINT ( 'NONE',  ( 48.11866520664820968, -8.242320192743354923, 16.26568733899313202 ) ) ;
#277 = CARTESIAN_POINT ( 'NONE',  ( 42.69355198755658165, 29.39559474328808264, 12.59739764239733972 ) ) ;
#278 = ORIENTED_EDGE ( 'NONE', *, *, #2119, .T. ) ;
#279 = DIRECTION ( 'NONE',  ( 0.000000000000000000, 0.000000000000000000, -1.000000000000000000 ) ) ;
#280 = CARTESIAN_POINT ( 'NONE',  ( 42.90736465359235297, -29.53513932817547172, 12.87227094533351845 ) ) ;
#281 = FACE_OUTER_BOUND ( 'NONE', #715, .T. ) ;
#282 = CARTESIAN_POINT ( 'NONE',  ( 44.99847520277570112, 7.230482403395732227, 15.90550756997191328 ) ) ;
#283 = ORIENTED_EDGE ( 'NONE', *, *, #2478, .F. ) ;
#284 = ADVANCED_FACE ( 'NONE', ( #2073 ), #539, .T. ) ;
#285 = CARTESIAN_POINT ( 'NONE',  ( 51.99999999999997868, -41.99999999999997868, 1.158639454543360914E-30 ) ) ;
#286 = DIRECTION ( 'NONE',  ( -1.000000000000000000, 3.258052255514228297E-16, 2.465190328815661892E-32 ) ) ;
#287 = FACE_OUTER_BOUND ( 'NONE', #2702, .T. ) ;
#288 = ADVANCED_FACE ( 'NONE', ( #553 ), #2287, .F. ) ;
#289 = ADVANCED_FACE ( 'NONE', ( #1879, #1611, #965 ), #770, .F. ) ;
#290 = EDGE_CURVE ( 'NONE', #1115, #516, #2281, .T. ) ;
#291 = ORIENTED_EDGE ( 'NONE', *, *, #881, .F. ) ;
#292 = CARTESIAN_POINT ( 'NONE',  ( 46.86695270525220280, -2.159233613335528545, 14.80498268301509235 ) ) ;
#293 = CARTESIAN_POINT ( 'NONE',  ( 40.81399762464342729, 22.73973160180566211, 10.53679201869459803 ) ) ;
#294 = EDGE_LOOP ( 'NONE', ( #1170, #2129, #264, #2656 ) ) ;
#295 = EDGE_CURVE ( 'NONE', #1279, #1919, #537, .T. ) ;
#296 = CARTESIAN_POINT ( 'NONE',  ( 37.05735767586272544, 44.09964182803354760, 7.709981597628332572 ) ) ;
#297 = CARTESIAN_POINT ( 'NONE',  ( 40.41165383636407427, -26.27996898442863127, 10.16318274625162132 ) ) ;
#298 = AXIS2_PLACEMENT_3D ( 'NONE', #1687, #2356, #781 ) ;
#299 = CARTESIAN_POINT ( 'NONE',  ( 51.96227260378846324, -37.56433779819434449, 28.25945235647357734 ) ) ;
#300 = CARTESIAN_POINT ( 'NONE',  ( 43.66045148182285374, -8.861096859184289798, 13.92995166225089854 ) ) ;
#301 = ORIENTED_EDGE ( 'NONE', *, *, #309, .F. ) ;
#302 = DIRECTION ( 'NONE',  ( 1.000000000000000000, 0.000000000000000000, 0.000000000000000000 ) ) ;
#303 = VECTOR ( 'NONE', #642, 1000.000000000000000 ) ;
#304 = CARTESIAN_POINT ( 'NONE',  ( 38.89999999999999858, 40.99999999999999289, 5.000000000000000000 ) ) ;
#305 = CARTESIAN_POINT ( 'NONE',  ( 40.73957307132238270, 27.00000000000000000, 5.000000000000000000 ) ) ;
#306 = ORIENTED_EDGE ( 'NONE', *, *, #644, .T. ) ;
#307 = CARTESIAN_POINT ( 'NONE',  ( 51.63072008878024377, -17.94533830613277203, 23.61331829484209521 ) ) ;
#308 = ORIENTED_EDGE ( 'NONE', *, *, #2245, .T. ) ;
#309 = EDGE_CURVE ( 'NONE', #1279, #2060, #967, .T. ) ;
#310 = CARTESIAN_POINT ( 'NONE',  ( 51.42374649868499148, 17.28585051878236101, 22.78642861641438344 ) ) ;
#311 = DIRECTION ( 'NONE',  ( -0.000000000000000000, 0.000000000000000000, 1.000000000000000000 ) ) ;
#312 = CYLINDRICAL_SURFACE ( 'NONE', #757, 20.00000000000000000 ) ;
#313 = CARTESIAN_POINT ( 'NONE',  ( 46.99999999999997868, -41.84322329798259688, 57.49929773064349803 ) ) ;
#314 = CARTESIAN_POINT ( 'NONE',  ( 20.73957307132238626, -27.00000000000000355, 5.000000000000000000 ) ) ;
#315 = CYLINDRICAL_SURFACE ( 'NONE', #129, 12.49999999999999645 ) ;
#316 = AXIS2_PLACEMENT_3D ( 'NONE', #2754, #43, #2643 ) ;
#317 = AXIS2_PLACEMENT_3D ( 'NONE', #2130, #1685, #2561 ) ;
#318 = CARTESIAN_POINT ( 'NONE',  ( 44.39864453751806650, 2.261878578192996869, 14.83228949498240645 ) ) ;
#319 = ORIENTED_EDGE ( 'NONE', *, *, #869, .T. ) ;
#320 = CARTESIAN_POINT ( 'NONE',  ( 46.99999999999998579, -25.82451217096018325, 46.67859217893900592 ) ) ;
#321 = DIRECTION ( 'NONE',  ( 0.000000000000000000, -1.000000000000000000, 0.000000000000000000 ) ) ;
#322 = LINE ( 'NONE', #960, #1970 ) ;
#323 = VERTEX_POINT ( 'NONE', #1439 ) ;
#324 = CARTESIAN_POINT ( 'NONE',  ( 47.83048318272156507, 7.222576815281285256, 15.91080230495852810 ) ) ;
#325 = ORIENTED_EDGE ( 'NONE', *, *, #765, .T. ) ;
#326 = CARTESIAN_POINT ( 'NONE',  ( 46.92138060035416913, 23.36863887000940920, 23.17193074691988741 ) ) ;
#327 = CARTESIAN_POINT ( 'NONE',  ( 51.89086499995209323, -40.25662455054399658, 27.61818086909560677 ) ) ;
#328 = DIRECTION ( 'NONE',  ( 2.837621154675666483E-16, 1.000000000000000000, 0.000000000000000000 ) ) ;
#329 = DIRECTION ( 'NONE',  ( 1.000000000000000000, -2.837621154675666483E-16, 2.465190328815661892E-32 ) ) ;
#330 = LINE ( 'NONE', #2081, #2556 ) ;
#331 = EDGE_CURVE ( 'NONE', #990, #421, #1648, .T. ) ;
#332 = CARTESIAN_POINT ( 'NONE',  ( 47.00000000000000711, 42.00000000000000000, 40.00000000000000711 ) ) ;
#333 = CARTESIAN_POINT ( 'NONE',  ( 42.89210461604827174, -2.611001705815917617, 12.85609549942761021 ) ) ;
#334 = ORIENTED_EDGE ( 'NONE', *, *, #2378, .T. ) ;
#335 = CARTESIAN_POINT ( 'NONE',  ( 0.000000000000000000, 0.000000000000000000, 5.000000000000000000 ) ) ;
#336 = CIRCLE ( 'NONE', #1898, 20.00000000000000000 ) ;
#337 = FACE_OUTER_BOUND ( 'NONE', #1265, .T. ) ;
#338 = DIRECTION ( 'NONE',  ( 2.837621154675666483E-16, 1.000000000000000000, 0.000000000000000000 ) ) ;
#339 = ORIENTED_EDGE ( 'NONE', *, *, #1514, .T. ) ;
#340 = CARTESIAN_POINT ( 'NONE',  ( 47.16542022737288420, 19.07873783110930077, 25.28211001484786635 ) ) ;
#341 = CARTESIAN_POINT ( 'NONE',  ( 51.88551405197957678, -40.56711128490163532, 27.57847522241886296 ) ) ;
#342 = DIRECTION ( 'NONE',  ( -0.000000000000000000, 0.000000000000000000, 1.000000000000000000 ) ) ;
#343 = CARTESIAN_POINT ( 'NONE',  ( 36.01372545335863151, 41.42731013406852725, 7.146325648911749262 ) ) ;
#344 = AXIS2_PLACEMENT_3D ( 'NONE', #335, #514, #1203 ) ;
#345 = CARTESIAN_POINT ( 'NONE',  ( 51.99999999999998579, -21.99999999999998224, 55.00000000000000711 ) ) ;
#346 = AXIS2_PLACEMENT_3D ( 'NONE', #409, #1273, #1336 ) ;
#347 = CARTESIAN_POINT ( 'NONE',  ( 52.00000000000001421, -23.00000000000052935, 15.00000000000052758 ) ) ;
#348 = EDGE_CURVE ( 'NONE', #669, #224, #1540, .T. ) ;
#349 = CARTESIAN_POINT ( 'NONE',  ( 42.83294187247357598, 0.6084800150510473182, 12.78042748654081429 ) ) ;
#350 = ORIENTED_EDGE ( 'NONE', *, *, #2325, .T. ) ;
#351 = FACE_BOUND ( 'NONE', #2218, .T. ) ;
#352 = CARTESIAN_POINT ( 'NONE',  ( 47.35427701488085006, 42.12903928861823033, 27.48392150826041913 ) ) ;
#353 = AXIS2_PLACEMENT_3D ( 'NONE', #187, #1483, #878 ) ;
#354 = CYLINDRICAL_SURFACE ( 'NONE', #469, 1.999999999999994893 ) ;
#355 = ORIENTED_EDGE ( 'NONE', *, *, #2408, .F. ) ;
#356 = CARTESIAN_POINT ( 'NONE',  ( 44.25423703733999758, -11.74630040743119608, 14.88292232102204160 ) ) ;
#357 = CARTESIAN_POINT ( 'NONE',  ( 51.93703008204848715, -38.40975174015095206, 28.01018913513017239 ) ) ;
#358 = CIRCLE ( 'NONE', #1449, 27.49999999999999645 ) ;
#359 = CARTESIAN_POINT ( 'NONE',  ( 52.00000000000001421, -27.00000000000051159, 15.00000000000052758 ) ) ;
#360 = CARTESIAN_POINT ( 'NONE',  ( 36.10912255483975741, -39.94017706266083678, 7.194735904587495234 ) ) ;
#361 = DIRECTION ( 'NONE',  ( -0.000000000000000000, 0.000000000000000000, 1.000000000000000000 ) ) ;
#362 = CARTESIAN_POINT ( 'NONE',  ( 47.03899737781950563, 26.55341295305903770, 33.23820629254716152 ) ) ;
#363 = EDGE_LOOP ( 'NONE', ( #1521, #2374, #1466 ) ) ;
#364 = VECTOR ( 'NONE', #1605, 1000.000000000000000 ) ;
#365 = EDGE_CURVE ( 'NONE', #1826, #1340, #1863, .T. ) ;
#366 = CARTESIAN_POINT ( 'NONE',  ( 51.99999999999998579, -29.49999999999998579, 40.00000000000000711 ) ) ;
#367 = CARTESIAN_POINT ( 'NONE',  ( 46.89921915826997889, 41.29976255359044757, 22.99374633795488876 ) ) ;
#368 = DIRECTION ( 'NONE',  ( 0.000000000000000000, 1.000000000000000000, 0.000000000000000000 ) ) ;
#369 = ORIENTED_EDGE ( 'NONE', *, *, #365, .F. ) ;
#370 = CARTESIAN_POINT ( 'NONE',  ( 46.23265286303358579, 13.01490765728798138, 18.84436453610349815 ) ) ;
#371 = DIRECTION ( 'NONE',  ( -1.000000000000000000, 3.304235192336777484E-16, -0.000000000000000000 ) ) ;
#372 = DIRECTION ( 'NONE',  ( -0.000000000000000000, 0.000000000000000000, 1.000000000000000000 ) ) ;
#373 = ORIENTED_EDGE ( 'NONE', *, *, #494, .F. ) ;
#374 = CARTESIAN_POINT ( 'NONE',  ( 35.99999999999998579, -40.78533697092348831, 7.139428900508257847 ) ) ;
#375 = LINE ( 'NONE', #314, #2451 ) ;
#376 = FACE_BOUND ( 'NONE', #887, .T. ) ;
#377 = ORIENTED_EDGE ( 'NONE', *, *, #202, .T. ) ;
#378 = LINE ( 'NONE', #1960, #750 ) ;
#379 = CARTESIAN_POINT ( 'NONE',  ( 51.98779509658071163, 36.66335100580157302, 28.67927016743167812 ) ) ;
#380 = CARTESIAN_POINT ( 'NONE',  ( 20.73957307132237915, 26.99999999999999645, 0.000000000000000000 ) ) ;
#381 = EDGE_LOOP ( 'NONE', ( #2344, #2531 ) ) ;
#382 = EDGE_CURVE ( 'NONE', #2416, #866, #1048, .T. ) ;
#383 =( NAMED_UNIT ( * ) PLANE_ANGLE_UNIT ( ) SI_UNIT ( $, .RADIAN. ) );
#384 = CYLINDRICAL_SURFACE ( 'NONE', #2420, 1.999999999999991340 ) ;
#385 = ADVANCED_FACE ( 'NONE', ( #467 ), #683, .F. ) ;
#386 = DIRECTION ( 'NONE',  ( 1.000000000000000000, 0.000000000000000000, 0.000000000000000000 ) ) ;
#387 = ORIENTED_EDGE ( 'NONE', *, *, #2803, .T. ) ;
#388 = CARTESIAN_POINT ( 'NONE',  ( 45.98312293086662095, -40.57630590080029975, 18.70385042711807344 ) ) ;
#389 = CARTESIAN_POINT ( 'NONE',  ( 46.92186595629044632, 42.88321945025990800, 23.19575175004042222 ) ) ;
#390 = ADVANCED_FACE ( 'NONE', ( #259 ), #30, .F. ) ;
#391 = DIRECTION ( 'NONE',  ( 1.000000000000000000, 0.000000000000000000, 0.000000000000000000 ) ) ;
#392 = AXIS2_PLACEMENT_3D ( 'NONE', #944, #1656, #1604 ) ;
#393 = VECTOR ( 'NONE', #2549, 1000.000000000000000 ) ;
#394 = ORIENTED_EDGE ( 'NONE', *, *, #258, .F. ) ;
#395 = DIRECTION ( 'NONE',  ( -1.000000000000000000, 3.304235192336777484E-16, -0.000000000000000000 ) ) ;
#396 = FACE_OUTER_BOUND ( 'NONE', #1935, .T. ) ;
#397 = ORIENTED_EDGE ( 'NONE', *, *, #1096, .F. ) ;
#398 = CARTESIAN_POINT ( 'NONE',  ( 43.21493701016433420, 5.992919731833885599, 13.28801790794680571 ) ) ;
#399 = CARTESIAN_POINT ( 'NONE',  ( 44.96235044326796526, 29.86381379003697134, 16.19844289547403804 ) ) ;
#400 =( LENGTH_UNIT ( ) NAMED_UNIT ( * ) SI_UNIT ( .MILLI., .METRE. ) );
#401 = VERTEX_POINT ( 'NONE', #1531 ) ;
#402 = CARTESIAN_POINT ( 'NONE',  ( 45.90028709179595978, -39.99086756444027912, 18.45822516037358341 ) ) ;
#403 = DIRECTION ( 'NONE',  ( 1.000000000000000000, -3.304235192336776991E-16, 0.000000000000000000 ) ) ;
#404 = EDGE_CURVE ( 'NONE', #963, #2516, #686, .T. ) ;
#405 = VECTOR ( 'NONE', #1608, 1000.000000000000000 ) ;
#406 = CARTESIAN_POINT ( 'NONE',  ( 43.09999999999998010, -40.99999999999996447, 5.000000000000000000 ) ) ;
#407 = ORIENTED_EDGE ( 'NONE', *, *, #725, .T. ) ;
#408 = DIRECTION ( 'NONE',  ( 1.000000000000000000, 0.000000000000000000, 0.000000000000000000 ) ) ;
#409 = CARTESIAN_POINT ( 'NONE',  ( 18.03440716348291417, 12.60000986845644633, 5.000000000000000000 ) ) ;
#410 = ORIENTED_EDGE ( 'NONE', *, *, #1, .F. ) ;
#411 = CARTESIAN_POINT ( 'NONE',  ( 41.99999999999997868, -42.00000000000000000, 5.000000000000000000 ) ) ;
#412 = CARTESIAN_POINT ( 'NONE',  ( 44.32050807568892736, 19.99999999999956657, 15.00000000000027711 ) ) ;
#413 = ORIENTED_EDGE ( 'NONE', *, *, #2118, .F. ) ;
#414 = CARTESIAN_POINT ( 'NONE',  ( 44.81430763723012234, -37.75689030722995199, 15.90100501205949435 ) ) ;
#415 = DIRECTION ( 'NONE',  ( -1.000000000000000000, 0.000000000000000000, 0.000000000000000000 ) ) ;
#416 = AXIS2_PLACEMENT_3D ( 'NONE', #1269, #2825, #2636 ) ;
#417 = CARTESIAN_POINT ( 'NONE',  ( 47.19415330669032471, -26.12020379751044885, 37.22636645523086685 ) ) ;
#418 = EDGE_CURVE ( 'NONE', #2452, #2018, #1902, .T. ) ;
#419 = DIRECTION ( 'NONE',  ( 0.000000000000000000, 0.000000000000000000, -1.000000000000000000 ) ) ;
#420 = CARTESIAN_POINT ( 'NONE',  ( 35.99999999999999289, 40.57167281345171972, 7.139428900508250742 ) ) ;
#421 = VERTEX_POINT ( 'NONE', #5 ) ;
#422 = CARTESIAN_POINT ( 'NONE',  ( 45.80506954287361054, 21.13215336648709197, 18.18573179316119237 ) ) ;
#423 = CARTESIAN_POINT ( 'NONE',  ( 40.99999999999999289, 40.99999999999999289, 5.000000000000000000 ) ) ;
#424 = ORIENTED_EDGE ( 'NONE', *, *, #103, .F. ) ;
#425 = DIRECTION ( 'NONE',  ( 0.000000000000000000, -0.000000000000000000, 1.000000000000000000 ) ) ;
#426 = CARTESIAN_POINT ( 'NONE',  ( 47.00000000000000711, 41.99999999999996447, 23.61240150423304129 ) ) ;
#427 = CARTESIAN_POINT ( 'NONE',  ( 47.20766832217671549, -25.92602843230126197, 40.00000000000000711 ) ) ;
#428 = EDGE_CURVE ( 'NONE', #2527, #1711, #1028, .T. ) ;
#429 = CARTESIAN_POINT ( 'NONE',  ( 44.50888405009419557, 46.33472862184543573, 15.31928927631171078 ) ) ;
#430 = CIRCLE ( 'NONE', #2586, 17.49999999999999645 ) ;
#431 = CARTESIAN_POINT ( 'NONE',  ( 46.90196794338090314, 42.98524630527907675, 23.02220527338167244 ) ) ;
#432 = ORIENTED_EDGE ( 'NONE', *, *, #348, .T. ) ;
#433 = CARTESIAN_POINT ( 'NONE',  ( 40.99999999999999289, 40.99999999999999289, 0.000000000000000000 ) ) ;
#434 = CARTESIAN_POINT ( 'NONE',  ( 20.73957307132238270, 14.49000389255160393, 5.000000000000000000 ) ) ;
#435 = VERTEX_POINT ( 'NONE', #443 ) ;
#436 = DIRECTION ( 'NONE',  ( 3.965082230804131206E-16, 1.000000000000000000, 0.000000000000000000 ) ) ;
#437 = CARTESIAN_POINT ( 'NONE',  ( -23.00000000000002132, -25.00000000000049383, 15.00000000000052758 ) ) ;
#438 = CARTESIAN_POINT ( 'NONE',  ( 40.89238074686557667, -22.58036583770395467, 10.61088933379113008 ) ) ;
#439 = VECTOR ( 'NONE', #1846, 1000.000000000000000 ) ;
#440 = DIRECTION ( 'NONE',  ( 4.046521051925273194E-32, 1.224646799147353207E-16, 1.000000000000000000 ) ) ;
#441 = CARTESIAN_POINT ( 'NONE',  ( 37.45605031831745180, 37.46747807454725177, 7.950220327404139198 ) ) ;
#442 = ORIENTED_EDGE ( 'NONE', *, *, #1946, .T. ) ;
#443 = CARTESIAN_POINT ( 'NONE',  ( 52.00000000000002842, 26.99999999999998934, 65.00000000000000000 ) ) ;
#444 = CARTESIAN_POINT ( 'NONE',  ( 45.81789999276051617, -42.34865362694127811, 18.22488613308428285 ) ) ;
#445 = VERTEX_POINT ( 'NONE', #57 ) ;
#446 = DIRECTION ( 'NONE',  ( -1.000000000000000000, 3.304235192336776991E-16, 0.000000000000000000 ) ) ;
#447 = CARTESIAN_POINT ( 'NONE',  ( 40.46675294976945736, 23.54514137897475834, 10.21305272095918681 ) ) ;
#448 = AXIS2_PLACEMENT_3D ( 'NONE', #624, #1252, #1478 ) ;
#449 = AXIS2_PLACEMENT_3D ( 'NONE', #2358, #623, #828 ) ;
#450 = LINE ( 'NONE', #1282, #1217 ) ;
#451 = CARTESIAN_POINT ( 'NONE',  ( 45.21457769728777976, 45.83952226149926190, 16.72391544598577084 ) ) ;
#452 = CARTESIAN_POINT ( 'NONE',  ( 39.77983256654815847, 36.14059574212875248, 9.610080807376128575 ) ) ;
#453 = VERTEX_POINT ( 'NONE', #1984 ) ;
#454 = CARTESIAN_POINT ( 'NONE',  ( 46.90196794338087471, -42.98524630527905543, 23.02220527338173639 ) ) ;
#455 = CARTESIAN_POINT ( 'NONE',  ( 37.19081555546715379, -44.24475027816178141, 7.790373233050704727 ) ) ;
#456 = VERTEX_POINT ( 'NONE', #927 ) ;
#457 = CARTESIAN_POINT ( 'NONE',  ( 20.73957307132238270, 2.296431337567617883E-15, 5.000000000000000000 ) ) ;
#458 = CARTESIAN_POINT ( 'NONE',  ( 43.53785568570648934, 20.14940353514267812, 13.74675725422086536 ) ) ;
#459 = ADVANCED_FACE ( 'NONE', ( #1089 ), #233, .F. ) ;
#460 = CARTESIAN_POINT ( 'NONE',  ( 42.05518040540101765, -28.87952768125705560, 11.83049952602088872 ) ) ;
#461 = B_SPLINE_CURVE_WITH_KNOTS ( 'NONE', 3,
 ( #2460, #524, #1133, #1989, #1831, #2648, #49, #1118, #919, #677, #1331, #1550, #2432, #492, #905, #1780, #1398, #1362, #23, #2710, #2211, #2664, #937, #1150, #2241, #2031, #508, #1811, #2693, #2255, #724, #1594, #2475, #1165, #83, #2047, #1651, #2337, #1471 ),
 .UNSPECIFIED., .F., .F.,
 ( 4, 2, 2, 2, 2, 2, 2, 2, 2, 1, 2, 2, 2, 2, 2, 2, 2, 2, 2, 4 ),
 ( 0.01778285877206973314, 0.01879902602852396090, 0.01981519328497818866, 0.02032327691320529733, 0.02083136054143240601, 0.02184752779788663377, 0.02286369505434085805, 0.02387986231079508234, 0.02438794593902219449, 0.02489602956724930316, 0.02540411319547641184, 0.02591219682370352051, 0.02692836408015774480, 0.02794453133661196215, 0.02896069859306618297, 0.02997686584952040031, 0.03099303310597462113, 0.03200920036242883848, 0.03302536761888306277, 0.03404153487533728012 ),
 .UNSPECIFIED. ) ;
#462 = CYLINDRICAL_SURFACE ( 'NONE', #2322, 2.000000000000005329 ) ;
#463 = CARTESIAN_POINT ( 'NONE',  ( 50.92887793372935334, -15.88979052754048027, 21.28796815770148498 ) ) ;
#464 = B_SPLINE_CURVE_WITH_KNOTS ( 'NONE', 3,
 ( #2454, #1114, #875, #18, #1774, #1572, #2008, #1985, #1587, #2248, #455, #1325, #502, #1370, #31, #1157, #1339, #659, #2207, #1752, #486, #1103, #2658, #1556, #2438, #1127, #2414, #1356, #2235, #275, #1143, #2022, #928, #58, #2686, #717, #444, #1315, #2194, #2055, #2736, #2701, #1855, #2482 ),
 .UNSPECIFIED., .F., .F.,
 ( 4, 2, 2, 2, 2, 2, 2, 2, 2, 2, 2, 2, 2, 2, 2, 2, 2, 2, 2, 2, 2, 4 ),
 ( 0.000000000000000000, 0.001266210937194992437, 0.001899316405792488439, 0.002532421874389984874, 0.003165527342987480876, 0.003798632811584976877, 0.004431738280182472879, 0.005064843748779969748, 0.006331054685974964354, 0.007597265623169958092, 0.008863476560364952697, 0.01012968749755994817, 0.01139589843475494191, 0.01266210937194993738, 0.01519453124633991445, 0.01646074218353490992, 0.01772695312072990192, 0.01836005858932740140, 0.01899316405792490434, 0.01962626952652240381, 0.01994282226082115181, 0.02025937499511989981 ),
 .UNSPECIFIED. ) ;
#465 = DIRECTION ( 'NONE',  ( -1.000000000000000000, 0.000000000000000000, 0.000000000000000000 ) ) ;
#466 = ORIENTED_EDGE ( 'NONE', *, *, #1329, .F. ) ;
#467 = FACE_OUTER_BOUND ( 'NONE', #1659, .T. ) ;
#468 = FACE_OUTER_BOUND ( 'NONE', #70, .T. ) ;
#469 = AXIS2_PLACEMENT_3D ( 'NONE', #2313, #1700, #812 ) ;
#470 = ORIENTED_EDGE ( 'NONE', *, *, #202, .F. ) ;
#471 = CARTESIAN_POINT ( 'NONE',  ( 47.19415330669033892, 26.12020379751044175, 37.22636645523086685 ) ) ;
#472 = CARTESIAN_POINT ( 'NONE',  ( 40.66214029707803945, 23.04884901702697064, 10.39326052854002747 ) ) ;
#473 = ORIENTED_EDGE ( 'NONE', *, *, #786, .T. ) ;
#474 = CARTESIAN_POINT ( 'NONE',  ( 44.13528383530879040, -30.00000000000052580, 14.67918220486853720 ) ) ;
#475 = PRODUCT_RELATED_PRODUCT_CATEGORY ( 'part', '', ( #217 ) ) ;
#476 = AXIS2_PLACEMENT_3D ( 'NONE', #2599, #1735, #2158 ) ;
#477 = EDGE_LOOP ( 'NONE', ( #733, #2106, #1928, #2006 ) ) ;
#478 = AXIS2_PLACEMENT_3D ( 'NONE', #2594, #1255, #1523 ) ;
#479 = FACE_OUTER_BOUND ( 'NONE', #1976, .T. ) ;
#480 = CIRCLE ( 'NONE', #1220, 2.000000000000005329 ) ;
#481 = CARTESIAN_POINT ( 'NONE',  ( 46.52867614498821069, -14.30073734587321788, 19.80326436053827521 ) ) ;
#482 = ORIENTED_EDGE ( 'NONE', *, *, #836, .F. ) ;
#483 = DIRECTION ( 'NONE',  ( -1.000000000000000000, 3.304235192336776991E-16, 0.000000000000000000 ) ) ;
#484 = VERTEX_POINT ( 'NONE', #1544 ) ;
#485 = CARTESIAN_POINT ( 'NONE',  ( 18.03441104734529432, -12.59999013154871683, 5.000000000000000000 ) ) ;
#486 = CARTESIAN_POINT ( 'NONE',  ( 40.72132509966582603, -46.00141482412131211, 10.44301348981463917 ) ) ;
#487 = ORIENTED_EDGE ( 'NONE', *, *, #1088, .T. ) ;
#488 = CARTESIAN_POINT ( 'NONE',  ( 49.53679454664722925, 12.27744101121918341, 18.36442669109639070 ) ) ;
#489 = CARTESIAN_POINT ( 'NONE',  ( 42.69508709225715393, 20.60325759676742763, 12.59929209485681412 ) ) ;
#490 = ORIENTED_EDGE ( 'NONE', *, *, #592, .T. ) ;
#491 = CARTESIAN_POINT ( 'NONE',  ( 43.87998269250211081, 45.12067064757955137, 14.24312323070313369 ) ) ;
#492 = CARTESIAN_POINT ( 'NONE',  ( 46.16544303354143608, -27.60793809099100926, 19.27924333571444038 ) ) ;
#493 = CARTESIAN_POINT ( 'NONE',  ( 41.99999999999994316, -47.00000000000000000, 11.77124344467700290 ) ) ;
#494 = EDGE_CURVE ( 'NONE', #2117, #1300, #2629, .T. ) ;
#495 = B_SPLINE_CURVE_WITH_KNOTS ( 'NONE', 3,
 ( #602, #2727, #788, #1213, #1001, #2065, #2786, #586 ),
 .UNSPECIFIED., .F., .F.,
 ( 4, 2, 2, 4 ),
 ( 0.000000000000000000, 0.001694618631990790813, 0.003389237263981581625, 0.006778474527963160648 ),
 .UNSPECIFIED. ) ;
#496 = EDGE_CURVE ( 'NONE', #2393, #45, #1617, .T. ) ;
#497 = CARTESIAN_POINT ( 'NONE',  ( 47.32951668212712093, 5.209509521133939280, 15.31309683551019418 ) ) ;
#498 = ORIENTED_EDGE ( 'NONE', *, *, #629, .T. ) ;
#499 = DIRECTION ( 'NONE',  ( -0.000000000000000000, 0.000000000000000000, 1.000000000000000000 ) ) ;
#500 = EDGE_CURVE ( 'NONE', #516, #1115, #2171, .T. ) ;
#501 = DIRECTION ( 'NONE',  ( -0.000000000000000000, -0.000000000000000000, -1.000000000000000000 ) ) ;
#502 = CARTESIAN_POINT ( 'NONE',  ( 37.59535598272194079, -44.66676256368035069, 8.036270142994187182 ) ) ;
#503 = FACE_OUTER_BOUND ( 'NONE', #708, .T. ) ;
#504 = CARTESIAN_POINT ( 'NONE',  ( 52.00000000000000000, 20.15396173909607214, 27.22297571913288650 ) ) ;
#505 = CARTESIAN_POINT ( 'NONE',  ( 44.32050807568906237, -30.00000000000051870, 15.00000000000053113 ) ) ;
#506 = ORIENTED_EDGE ( 'NONE', *, *, #802, .F. ) ;
#507 = CARTESIAN_POINT ( 'NONE',  ( 42.43659469329177369, 45.79688264768178385, 12.27672409089075423 ) ) ;
#508 = CARTESIAN_POINT ( 'NONE',  ( 46.21556611483060095, -22.69871398784329131, 19.45187471336275919 ) ) ;
#509 = DIRECTION ( 'NONE',  ( -1.000000000000000000, 0.000000000000000000, 0.000000000000000000 ) ) ;
#510 = CARTESIAN_POINT ( 'NONE',  ( 45.39675104579033871, 9.294558870792343441, 16.71732645969883535 ) ) ;
#511 = ORIENTED_EDGE ( 'NONE', *, *, #1075, .T. ) ;
#512 = ADVANCED_FACE ( 'NONE', ( #1172 ), #92, .F. ) ;
#513 = LINE ( 'NONE', #1189, #2355 ) ;
#514 = DIRECTION ( 'NONE',  ( -0.000000000000000000, 0.000000000000000000, 1.000000000000000000 ) ) ;
#515 = DIRECTION ( 'NONE',  ( -0.000000000000000000, -0.000000000000000000, -1.000000000000000000 ) ) ;
#516 = VERTEX_POINT ( 'NONE', #304 ) ;
#517 = CARTESIAN_POINT ( 'NONE',  ( 51.42727537168674701, -17.29603414121744365, 22.79771851236345270 ) ) ;
#518 = DIRECTION ( 'NONE',  ( -0.000000000000000000, -0.000000000000000000, -1.000000000000000000 ) ) ;
#519 = ORIENTED_EDGE ( 'NONE', *, *, #2712, .F. ) ;
#520 = CARTESIAN_POINT ( 'NONE',  ( 44.63375264016310240, -13.39084309984261090, 15.55905399301082603 ) ) ;
#521 = CARTESIAN_POINT ( 'NONE',  ( 52.00000000000000711, 41.99999999999996447, 55.00000000000000711 ) ) ;
#522 = CARTESIAN_POINT ( 'NONE',  ( 51.99999999999999289, -1.498893702314401766E-14, 0.000000000000000000 ) ) ;
#523 = LINE ( 'NONE', #2474, #1718 ) ;
#524 = CARTESIAN_POINT ( 'NONE',  ( 44.48985660223455341, -30.00000000000052580, 15.29332025216427304 ) ) ;
#525 = AXIS2_PLACEMENT_3D ( 'NONE', #212, #1116, #2000 ) ;
#526 = CARTESIAN_POINT ( 'NONE',  ( 46.90196794338087471, -42.98524630527905543, 23.02220527338173639 ) ) ;
#527 = CARTESIAN_POINT ( 'NONE',  ( 44.73669428917109769, 5.637499280168400517, 15.41175737040758875 ) ) ;
#528 = VERTEX_POINT ( 'NONE', #2497 ) ;
#529 = CARTESIAN_POINT ( 'NONE',  ( 47.19001343809173932, -25.86669717469644070, 41.11234066997398884 ) ) ;
#530 = AXIS2_PLACEMENT_3D ( 'NONE', #1319, #1559, #1549 ) ;
#531 = CARTESIAN_POINT ( 'NONE',  ( 38.89999999999998437, -40.99999999999996447, 0.000000000000000000 ) ) ;
#532 = CARTESIAN_POINT ( 'NONE',  ( 46.99999999999998579, -35.56151557952859577, 29.28571428571429891 ) ) ;
#533 = ORIENTED_EDGE ( 'NONE', *, *, #418, .T. ) ;
#534 = FACE_OUTER_BOUND ( 'NONE', #109, .T. ) ;
#535 = VERTEX_POINT ( 'NONE', #531 ) ;
#536 = CARTESIAN_POINT ( 'NONE',  ( 50.02844899246441912, 13.54728675660242843, 19.25455285862916810 ) ) ;
#537 = LINE ( 'NONE', #521, #1460 ) ;
#538 = DIRECTION ( 'NONE',  ( 1.000000000000000000, -3.304235192336776991E-16, 0.000000000000000000 ) ) ;
#539 =( BOUNDED_SURFACE ( )  B_SPLINE_SURFACE ( 3, 2, ( 
 ( #2498, #532, #976 ),
 ( #113, #1011, #2504 ),
 ( #582, #128, #1455 ),
 ( #981, #797, #2782 ),
 ( #2316, #1843, #357 ),
 ( #142, #1025, #154 ),
 ( #1661, #1892, #784 ),
 ( #1425, #1240, #327 ),
 ( #2300, #98, #341 ),
 ( #2767, #2121, #752 ),
 ( #998, #1675, #1907 ),
 ( #2533, #2552, #2333 ) ),
 .UNSPECIFIED., .F., .F., .T. ) 
 B_SPLINE_SURFACE_WITH_KNOTS ( ( 4, 2, 2, 2, 2, 4 ),
 ( 3, 3 ),
 ( 0.000000000000000000, 0.002618670204536086444, 0.005237340409072172888, 0.006546675511340216760, 0.007856010613608259766, 0.01047468081814434578 ),
 ( 0.000000000000000000, 1.000000000000000000 ),
 .UNSPECIFIED. ) 
 GEOMETRIC_REPRESENTATION_ITEM ( )  RATIONAL_B_SPLINE_SURFACE ( (
 ( 1.000000000000000000, 0.7071067811865467956, 1.000000000000000000),
 ( 1.000000000000000000, 0.7126386714017559632, 1.000000000000000000),
 ( 1.000000000000000000, 0.7178252136867216970, 1.000000000000000000),
 ( 1.000000000000000000, 0.7269560651194614254, 1.000000000000000000),
 ( 1.000000000000000000, 0.7309010205284126593, 1.000000000000000000),
 ( 1.000000000000000000, 0.7355549144082926816, 1.000000000000000000),
 ( 1.000000000000000000, 0.7368979298874269723, 1.000000000000000000),
 ( 1.000000000000000000, 0.7390837026265555387, 1.000000000000000000),
 ( 1.000000000000000000, 0.7399332336976691682, 1.000000000000000000),
 ( 1.000000000000000000, 0.7417365817907077830, 1.000000000000000000),
 ( 1.000000000000000000, 0.7419444378893161884, 1.000000000000000000),
 ( 1.000000000000000000, 0.7411365475783779910, 1.000000000000000000) ) ) 
 REPRESENTATION_ITEM ( '' )  SURFACE ( )  );
#540 = CARTESIAN_POINT ( 'NONE',  ( 36.21494608629015488, 42.46532108596623090, 7.249272920433869061 ) ) ;
#541 = CARTESIAN_POINT ( 'NONE',  ( 51.99999999999997868, -41.99999999999997868, 1.158639454543360914E-30 ) ) ;
#542 = PLANE ( 'NONE',  #216 ) ;
#543 = COLOUR_RGB ( '',0.7921568627450980005, 0.8196078431372548767, 0.9333333333333333481 ) ;
#544 = CARTESIAN_POINT ( 'NONE',  ( 44.60673394744239317, -4.577212630214573252, 15.18686430029357126 ) ) ;
#545 = ORIENTED_EDGE ( 'NONE', *, *, #1734, .T. ) ;
#546 = CARTESIAN_POINT ( 'NONE',  ( 40.73957307132238270, -47.00000000000000000, 5.000000000000000000 ) ) ;
#547 = CARTESIAN_POINT ( 'NONE',  ( 29.09695279981385596, 43.31890405377949804, 5.075477613848832448 ) ) ;
#548 = AXIS2_PLACEMENT_3D ( 'NONE', #2200, #1525, #2419 ) ;
#549 = FACE_OUTER_BOUND ( 'NONE', #477, .T. ) ;
#550 = CARTESIAN_POINT ( 'NONE',  ( 50.03555680992774768, -13.56271679630754790, 19.24460954119304290 ) ) ;
#551 = VERTEX_POINT ( 'NONE', #123 ) ;
#552 = CARTESIAN_POINT ( 'NONE',  ( 47.17691096353151892, 18.32804923954620691, 24.12814910427458770 ) ) ;
#553 = FACE_OUTER_BOUND ( 'NONE', #930, .T. ) ;
#554 = DIRECTION ( 'NONE',  ( -1.000000000000000000, 3.304235192336776991E-16, 0.000000000000000000 ) ) ;
#555 = CARTESIAN_POINT ( 'NONE',  ( 45.76815011985895865, 42.51329782468077667, 18.08775862152328173 ) ) ;
#556 = DIRECTION ( 'NONE',  ( 0.000000000000000000, 0.000000000000000000, -1.000000000000000000 ) ) ;
#557 = ADVANCED_FACE ( 'NONE', ( #1670 ), #2295, .F. ) ;
#558 = LINE ( 'NONE', #2082, #940 ) ;
#559 = CARTESIAN_POINT ( 'NONE',  ( 46.79117734059202149, 0.4978472850417340889, 14.72568564852686279 ) ) ;
#560 = VERTEX_POINT ( 'NONE', #1404 ) ;
#561 = B_SPLINE_CURVE_WITH_KNOTS ( 'NONE', 3,
 ( #526, #921, #955, #2033, #2256, #2274, #1564, #2463, #1596, #2695, #37, #1582, #1400, #493 ),
 .UNSPECIFIED., .F., .F.,
 ( 4, 2, 2, 2, 2, 2, 4 ),
 ( 0.002178546622356473169, 0.005477240588689655590, 0.008775934555022839312, 0.01042528153818942684, 0.01207462852135600742, 0.01372397550452259148, 0.01537332248768917206 ),
 .UNSPECIFIED. ) ;
#562 = CARTESIAN_POINT ( 'NONE',  ( 30.83791673987792947, 44.39027058356817435, 5.362883461720090672 ) ) ;
#563 = ORIENTED_EDGE ( 'NONE', *, *, #1098, .F. ) ;
#564 = CARTESIAN_POINT ( 'NONE',  ( 46.92208700139433120, -42.88195786755396455, 23.19729143886930700 ) ) ;
#565 = VERTEX_POINT ( 'NONE', #1854 ) ;
#566 = CARTESIAN_POINT ( 'NONE',  ( 46.53899719925822609, 21.12715063401708449, 20.66204283285096110 ) ) ;
#567 = CARTESIAN_POINT ( 'NONE',  ( 47.66987298107780902, 41.99999999999996447, 55.00000000000000711 ) ) ;
#568 = CARTESIAN_POINT ( 'NONE',  ( 51.87468592766551723, -41.99999999999997868, 27.50000000000001421 ) ) ;
#569 = CARTESIAN_POINT ( 'NONE',  ( 45.76815011985892312, -39.48670217531918070, 18.08775862152331015 ) ) ;
#570 = AXIS2_PLACEMENT_3D ( 'NONE', #485, #501, #1785 ) ;
#571 = CARTESIAN_POINT ( 'NONE',  ( 52.00000000000002842, 26.99999999999955591, 15.00000000000027356 ) ) ;
#572 = VECTOR ( 'NONE', #338, 1000.000000000000000 ) ;
#573 = DIRECTION ( 'NONE',  ( 1.000000000000000000, -2.837621154675666483E-16, 2.465190328815661892E-32 ) ) ;
#574 = EDGE_CURVE ( 'NONE', #1380, #2070, #924, .T. ) ;
#575 = AXIS2_PLACEMENT_3D ( 'NONE', #1844, #372, #1662 ) ;
#576 = ORIENTED_EDGE ( 'NONE', *, *, #821, .F. ) ;
#577 = DIRECTION ( 'NONE',  ( 1.107270303814983170E-16, -1.000000000000000000, 0.000000000000000000 ) ) ;
#578 = CARTESIAN_POINT ( 'NONE',  ( 51.91182318662360018, 39.32583208218261461, 27.78534946332929323 ) ) ;
#579 = LINE ( 'NONE', #139, #393 ) ;
#580 = EDGE_LOOP ( 'NONE', ( #2124, #2495, #1101, #2486 ) ) ;
#581 = CARTESIAN_POINT ( 'NONE',  ( 42.88422172273848787, -2.435566512501544434, 12.84610090412103567 ) ) ;
#582 = CARTESIAN_POINT ( 'NONE',  ( 46.99023607754448051, -34.52869140813191251, 24.32078258752771660 ) ) ;
#583 = FACE_OUTER_BOUND ( 'NONE', #1876, .T. ) ;
#584 = VERTEX_POINT ( 'NONE', #2735 ) ;
#585 = CARTESIAN_POINT ( 'NONE',  ( 45.60496776349451409, -39.04660931821728553, 17.65957683344291240 ) ) ;
#586 = CARTESIAN_POINT ( 'NONE',  ( 52.00000000000000711, 35.56151557952860287, 29.28571428571428825 ) ) ;
#587 = DIRECTION ( 'NONE',  ( 3.083952846180990774E-16, 1.000000000000000000, 0.000000000000000000 ) ) ;
#588 = EDGE_CURVE ( 'NONE', #1402, #660, #763, .T. ) ;
#589 = ORIENTED_EDGE ( 'NONE', *, *, #1409, .T. ) ;
#590 = AXIS2_PLACEMENT_3D ( 'NONE', #1126, #1801, #1338 ) ;
#591 = ADVANCED_FACE ( 'NONE', ( #351, #1156 ), #2513, .T. ) ;
#592 = EDGE_CURVE ( 'NONE', #1557, #1704, #2087, .T. ) ;
#593 = ADVANCED_FACE ( 'NONE', ( #1872 ), #778, .F. ) ;
#594 = DIRECTION ( 'NONE',  ( -2.465190328815661892E-32, 8.145568640280981085E-48, 1.000000000000000000 ) ) ;
#595 = CARTESIAN_POINT ( 'NONE',  ( 51.99999999901996972, 36.10366463676018611, 28.95992324824879915 ) ) ;
#596 = CARTESIAN_POINT ( 'NONE',  ( 47.00000000000000000, 24.99999999999998934, 65.00000000000000000 ) ) ;
#597 = EDGE_CURVE ( 'NONE', #2577, #1047, #678, .T. ) ;
#598 = ORIENTED_EDGE ( 'NONE', *, *, #40, .F. ) ;
#599 = CARTESIAN_POINT ( 'NONE',  ( 40.73957307132238270, 47.00000000000000000, 10.46644806601658217 ) ) ;
#600 = VERTEX_POINT ( 'NONE', #366 ) ;
#601 = CARTESIAN_POINT ( 'NONE',  ( 36.21494608629013356, -39.53467891403372647, 7.249272920433875278 ) ) ;
#602 = CARTESIAN_POINT ( 'NONE',  ( 51.87468592766554565, 41.99999999999996447, 27.50000000000001066 ) ) ;
#603 = CARTESIAN_POINT ( 'NONE',  ( 25.00000000000141398, -25.00000000000000000, 5.000000000000000000 ) ) ;
#604 = ORIENTED_EDGE ( 'NONE', *, *, #1701, .T. ) ;
#605 = CARTESIAN_POINT ( 'NONE',  ( 51.99999999999997868, -41.99999999999997868, 27.50000000000001066 ) ) ;
#606 = ADVANCED_FACE ( 'NONE', ( #1501 ), #2381, .F. ) ;
#607 = DIRECTION ( 'NONE',  ( 1.000000000000000000, -3.304235192336776991E-16, 0.000000000000000000 ) ) ;
#608 = ORIENTED_EDGE ( 'NONE', *, *, #2772, .T. ) ;
#609 = CARTESIAN_POINT ( 'NONE',  ( 45.97252656218747546, 21.58489344473300520, 18.66690221501848512 ) ) ;
#610 = VECTOR ( 'NONE', #785, 1000.000000000000000 ) ;
#611 = LINE ( 'NONE', #1940, #2534 ) ;
#612 = EDGE_LOOP ( 'NONE', ( #651, #2572 ) ) ;
#613 = CARTESIAN_POINT ( 'NONE',  ( 46.99999999999998579, 25.80853183327258193, 45.89001857269720830 ) ) ;
#614 = DIRECTION ( 'NONE',  ( 3.304235192336776991E-16, 1.000000000000000000, 0.000000000000000000 ) ) ;
#615 = DIRECTION ( 'NONE',  ( 1.000000000000000000, -3.304235192336776991E-16, 0.000000000000000000 ) ) ;
#616 = AXIS2_PLACEMENT_3D ( 'NONE', #1403, #499, #1585 ) ;
#617 = VERTEX_POINT ( 'NONE', #1463 ) ;
#618 = AXIS2_PLACEMENT_3D ( 'NONE', #1862, #1210, #2535 ) ;
#619 = CARTESIAN_POINT ( 'NONE',  ( 47.19415330669032471, -26.12020379751044885, 37.22636645523086685 ) ) ;
#620 = CARTESIAN_POINT ( 'NONE',  ( 52.00000000000002842, 26.99999999999998934, 65.00000000000000000 ) ) ;
#621 = ORIENTED_EDGE ( 'NONE', *, *, #1851, .T. ) ;
#622 = EDGE_CURVE ( 'NONE', #990, #768, #378, .T. ) ;
#623 = DIRECTION ( 'NONE',  ( 1.000000000000000000, -3.304235192336776991E-16, 0.000000000000000000 ) ) ;
#624 = CARTESIAN_POINT ( 'NONE',  ( 46.99999999999998579, -25.00000000000051870, 15.00000000000052758 ) ) ;
#625 = AXIS2_PLACEMENT_3D ( 'NONE', #1882, #2757, #1742 ) ;
#626 = ORIENTED_EDGE ( 'NONE', *, *, #2712, .T. ) ;
#627 = CARTESIAN_POINT ( 'NONE',  ( -23.00000000000000711, 19.99999999999959144, 15.00000000000027356 ) ) ;
#628 = FACE_OUTER_BOUND ( 'NONE', #1543, .T. ) ;
#629 = EDGE_CURVE ( 'NONE', #669, #453, #201, .T. ) ;
#630 = AXIS2_PLACEMENT_3D ( 'NONE', #727, #51, #2711 ) ;
#631 = DIRECTION ( 'NONE',  ( 1.000000000000000000, -3.304235192336776991E-16, 0.000000000000000000 ) ) ;
#632 = EDGE_CURVE ( 'NONE', #2436, #2518, #2585, .T. ) ;
#633 = LINE ( 'NONE', #1921, #1311 ) ;
#634 = AXIS2_PLACEMENT_3D ( 'NONE', #2644, #684, #6 ) ;
#635 = CARTESIAN_POINT ( 'NONE',  ( 36.52120731868305370, 38.76791169934011805, 7.411388387712610104 ) ) ;
#636 = ORIENTED_EDGE ( 'NONE', *, *, #1934, .F. ) ;
#637 = DIRECTION ( 'NONE',  ( -3.304235192336776991E-16, -1.000000000000000000, 0.000000000000000000 ) ) ;
#638 = CARTESIAN_POINT ( 'NONE',  ( 46.36487172818152658, 24.82301784940625922, 19.99982570478195498 ) ) ;
#639 = DIRECTION ( 'NONE',  ( -1.000000000000000000, 0.000000000000000000, 0.000000000000000000 ) ) ;
#640 = ORIENTED_EDGE ( 'NONE', *, *, #2029, .F. ) ;
#641 = DIRECTION ( 'NONE',  ( 0.000000000000000000, -1.000000000000000000, 0.000000000000000000 ) ) ;
#642 = DIRECTION ( 'NONE',  ( -1.000000000000000000, 0.000000000000000000, 0.000000000000000000 ) ) ;
#643 =( GEOMETRIC_REPRESENTATION_CONTEXT ( 3 ) GLOBAL_UNCERTAINTY_ASSIGNED_CONTEXT ( ( #7 ) ) GLOBAL_UNIT_ASSIGNED_CONTEXT ( ( #2345, #383, #1263 ) ) REPRESENTATION_CONTEXT ( 'NONE', 'WORKASPACE' ) );
#644 = EDGE_CURVE ( 'NONE', #1380, #2527, #1060, .T. ) ;
#645 = DIRECTION ( 'NONE',  ( 0.000000000000000000, -1.000000000000000000, 0.000000000000000000 ) ) ;
#646 = CARTESIAN_POINT ( 'NONE',  ( 49.21791479275370307, -11.43260313377529158, 17.84056998678749295 ) ) ;
#647 = CARTESIAN_POINT ( 'NONE',  ( 37.06487864333161752, 37.90877212691907516, 7.716573533749163438 ) ) ;
#648 = ORIENTED_EDGE ( 'NONE', *, *, #223, .T. ) ;
#649 = SURFACE_STYLE_USAGE ( .BOTH. , #2372 ) ;
#650 = CARTESIAN_POINT ( 'NONE',  ( 45.71075053177764858, 29.06507884607955461, 17.92926090619143409 ) ) ;
#651 = ORIENTED_EDGE ( 'NONE', *, *, #500, .F. ) ;
#652 = CARTESIAN_POINT ( 'NONE',  ( 52.00000000000001421, -27.00000000000007105, 65.00000000000061107 ) ) ;
#653 = CARTESIAN_POINT ( 'NONE',  ( 43.54172142013085534, -20.12316111093317517, 13.73593244082475628 ) ) ;
#654 = CARTESIAN_POINT ( 'NONE',  ( 42.36861318736187343, 47.00000000000000711, 12.18921151199347008 ) ) ;
#655 = CIRCLE ( 'NONE', #117, 5.000000000000000888 ) ;
#656 = CARTESIAN_POINT ( 'NONE',  ( 45.66537032816813024, 39.19461486154582985, 17.81486747898300393 ) ) ;
#657 = ORIENTED_EDGE ( 'NONE', *, *, #2621, .F. ) ;
#658 = CARTESIAN_POINT ( 'NONE',  ( 34.48375849858224029, -46.00745389145469488, 6.441657281377142219 ) ) ;
#659 = CARTESIAN_POINT ( 'NONE',  ( 39.45995544030331814, -45.76964294797237187, 9.350247153432091451 ) ) ;
#660 = VERTEX_POINT ( 'NONE', #163 ) ;
#661 = DIRECTION ( 'NONE',  ( -1.000000000000000000, 3.304235192336776991E-16, 0.000000000000000000 ) ) ;
#662 = CARTESIAN_POINT ( 'NONE',  ( 47.00000000000000711, 42.00000000000000000, 40.00000000000000711 ) ) ;
#663 = CYLINDRICAL_SURFACE ( 'NONE', #548, 2.099999999999997868 ) ;
#664 = CIRCLE ( 'NONE', #625, 5.000000000000000888 ) ;
#665 = CARTESIAN_POINT ( 'NONE',  ( 36.52300036826370189, 43.23585439310554079, 7.412350849776016659 ) ) ;
#666 = CARTESIAN_POINT ( 'NONE',  ( 47.16029470663318079, -19.34500560200000052, 25.69362165650844432 ) ) ;
#667 = EDGE_CURVE ( 'NONE', #700, #1859, #176, .T. ) ;
#668 = CARTESIAN_POINT ( 'NONE',  ( 45.99664431908186657, 40.78904642132546599, 18.74476639260839406 ) ) ;
#669 = VERTEX_POINT ( 'NONE', #605 ) ;
#670 = DIRECTION ( 'NONE',  ( -1.107270303814983170E-16, 1.000000000000000000, 0.000000000000000000 ) ) ;
#671 = DIRECTION ( 'NONE',  ( -0.000000000000000000, -0.000000000000000000, -1.000000000000000000 ) ) ;
#672 = ORIENTED_EDGE ( 'NONE', *, *, #2803, .F. ) ;
#673 = FACE_OUTER_BOUND ( 'NONE', #1104, .T. ) ;
#674 = CARTESIAN_POINT ( 'NONE',  ( 40.59212439068357980, 23.20950755599909598, 10.32821076380111869 ) ) ;
#675 = AXIS2_PLACEMENT_3D ( 'NONE', #1489, #2369, #408 ) ;
#676 = EDGE_CURVE ( 'NONE', #1206, #2192, #1283, .T. ) ;
#677 = CARTESIAN_POINT ( 'NONE',  ( 45.70982007531044644, -29.06693344931719025, 17.92676506130874259 ) ) ;
#678 = B_SPLINE_CURVE_WITH_KNOTS ( 'NONE', 3,
 ( #2481, #2528, #1384, #2054, #2168, #619 ),
 .UNSPECIFIED., .F., .F.,
 ( 4, 2, 4 ),
 ( -1.719944631533406852E-05, 0.002993655828812914581, 0.006004511103941162671 ),
 .UNSPECIFIED. ) ;
#679 = DIRECTION ( 'NONE',  ( 0.000000000000000000, -1.000000000000000000, 0.000000000000000000 ) ) ;
#680 = CARTESIAN_POINT ( 'NONE',  ( 46.99999999999998579, -24.05106569580746267, 24.06266812547113432 ) ) ;
#681 = CARTESIAN_POINT ( 'NONE',  ( 41.99999999999994316, -47.00000000000000000, 0.000000000000000000 ) ) ;
#682 = ORIENTED_EDGE ( 'NONE', *, *, #2044, .F. ) ;
#683 = CYLINDRICAL_SURFACE ( 'NONE', #570, 3.299999999999966072 ) ;
#684 = DIRECTION ( 'NONE',  ( -1.000000000000000000, 3.304235192336777484E-16, -0.000000000000000000 ) ) ;
#685 = ORIENTED_EDGE ( 'NONE', *, *, #1527, .T. ) ;
#686 = B_SPLINE_CURVE_WITH_KNOTS ( 'NONE', 3,
 ( #2007, #1773, #2685, #888, #2234, #2657, #658, #1555, #2206, #2453, #716, #1314, #2185, #2437, #1355, #221, #2669, #1586 ),
 .UNSPECIFIED., .F., .F.,
 ( 4, 2, 2, 2, 2, 2, 2, 2, 4 ),
 ( 0.000000000000000000, 0.004111969839705007825, 0.006167954759557519109, 0.008223939679410031262, 0.01027992459926254168, 0.01130791705918879515, 0.01233590951911504516, 0.01439189443896756078, 0.01644787935882007293 ),
 .UNSPECIFIED. ) ;
#687 = LINE ( 'NONE', #457, #66 ) ;
#688 = CARTESIAN_POINT ( 'NONE',  ( 41.06942317825313893, 22.30528809192999873, 10.78500564161644526 ) ) ;
#689 = ORIENTED_EDGE ( 'NONE', *, *, #821, .T. ) ;
#690 = CARTESIAN_POINT ( 'NONE',  ( 40.28760489198648287, -25.74357369247092464, 10.05207224965697854 ) ) ;
#691 = DIRECTION ( 'NONE',  ( 0.000000000000000000, -1.000000000000000000, 0.000000000000000000 ) ) ;
#692 = CARTESIAN_POINT ( 'NONE',  ( 45.79879871191454299, -18.03398496834812903, 18.16460195880825523 ) ) ;
#693 = ORIENTED_EDGE ( 'NONE', *, *, #1918, .T. ) ;
#694 = VECTOR ( 'NONE', #419, 1000.000000000000000 ) ;
#695 = DIRECTION ( 'NONE',  ( -0.000000000000000000, 0.000000000000000000, 1.000000000000000000 ) ) ;
#696 = EDGE_LOOP ( 'NONE', ( #685, #319 ) ) ;
#697 = CARTESIAN_POINT ( 'NONE',  ( 41.99999999999997868, -42.00000000000000000, 0.000000000000000000 ) ) ;
#698 = CYLINDRICAL_SURFACE ( 'NONE', #634, 1.999999999999994893 ) ;
#699 = CIRCLE ( 'NONE', #1256, 4.999999999999997335 ) ;
#700 = VERTEX_POINT ( 'NONE', #1901 ) ;
#701 = CARTESIAN_POINT ( 'NONE',  ( 49.05629860799314201, -10.99574613068306306, 17.58956209972572893 ) ) ;
#702 = CARTESIAN_POINT ( 'NONE',  ( 46.99999999999998579, -23.00000000000052935, 15.00000000000052758 ) ) ;
#703 = EDGE_LOOP ( 'NONE', ( #261, #1080 ) ) ;
#704 = AXIS2_PLACEMENT_3D ( 'NONE', #2288, #1612, #2489 ) ;
#705 = EDGE_CURVE ( 'NONE', #161, #2060, #100, .T. ) ;
#706 = CARTESIAN_POINT ( 'NONE',  ( 40.59212439068384981, -26.79049244400098928, 10.32821076380136560 ) ) ;
#707 = EDGE_CURVE ( 'NONE', #242, #584, #1829, .T. ) ;
#708 = EDGE_LOOP ( 'NONE', ( #2645, #808, #1226, #2806, #2802 ) ) ;
#709 = CIRCLE ( 'NONE', #1867, 27.49999999999999645 ) ;
#710 = EDGE_CURVE ( 'NONE', #1655, #1300, #633, .T. ) ;
#711 = FACE_OUTER_BOUND ( 'NONE', #157, .T. ) ;
#712 = CARTESIAN_POINT ( 'NONE',  ( 44.58955671244559937, 4.536137582567627113, 15.15594066020654829 ) ) ;
#713 = VERTEX_POINT ( 'NONE', #1234 ) ;
#714 = DIRECTION ( 'NONE',  ( 1.000000000000000000, -3.304235192336776991E-16, 0.000000000000000000 ) ) ;
#715 = EDGE_LOOP ( 'NONE', ( #1406, #78, #325, #205 ) ) ;
#716 = CARTESIAN_POINT ( 'NONE',  ( 31.44618751511994859, -44.71293904495908578, 5.498099309255047196 ) ) ;
#717 = CARTESIAN_POINT ( 'NONE',  ( 45.77029964166987952, -42.50643191873615478, 18.09362394636936600 ) ) ;
#718 = B_SPLINE_CURVE_WITH_KNOTS ( 'NONE', 3,
 ( #2580, #613, #1481, #2188, #1730, #1535, #2196, #856, #2209, #471 ),
 .UNSPECIFIED., .F., .F.,
 ( 4, 2, 2, 2, 4 ),
 ( -1.719944631532065491E-05, 0.002349007021259792716, 0.004715213488834905931, 0.007081419956410019145, 0.009447626423985132360 ),
 .UNSPECIFIED. ) ;
#719 = LINE ( 'NONE', #766, #2650 ) ;
#720 = CARTESIAN_POINT ( 'NONE',  ( 47.07548674386687537, -3.737944056052060926, 15.03266331113367649 ) ) ;
#721 = CARTESIAN_POINT ( 'NONE',  ( 42.26887838584908508, 20.93091772149779928, 12.07813216983054438 ) ) ;
#722 = EDGE_LOOP ( 'NONE', ( #576, #2511, #920, #397, #194 ) ) ;
#723 = CARTESIAN_POINT ( 'NONE',  ( 42.94815125555870594, 45.61287265528647339, 12.92412830831228554 ) ) ;
#724 = CARTESIAN_POINT ( 'NONE',  ( 45.80814431436215983, -21.13909939578520536, 18.19422401310120208 ) ) ;
#725 = EDGE_CURVE ( 'NONE', #838, #1673, #2421, .T. ) ;
#726 = EDGE_LOOP ( 'NONE', ( #339, #942, #636, #1112 ) ) ;
#727 = CARTESIAN_POINT ( 'NONE',  ( 52.00000000000002842, 24.99999999999956302, 15.00000000000027356 ) ) ;
#728 = CARTESIAN_POINT ( 'NONE',  ( 43.88562072152193139, 9.997110545102325219, 14.27998319799108451 ) ) ;
#729 = EDGE_LOOP ( 'NONE', ( #1714, #1270 ) ) ;
#730 = CARTESIAN_POINT ( 'NONE',  ( 46.90196794338090314, 42.98524630527907675, 23.02220527338167244 ) ) ;
#731 = DIRECTION ( 'NONE',  ( -1.000000000000000000, 0.000000000000000000, 0.000000000000000000 ) ) ;
#732 = DIRECTION ( 'NONE',  ( -0.000000000000000000, -0.000000000000000000, -1.000000000000000000 ) ) ;
#733 = ORIENTED_EDGE ( 'NONE', *, *, #2330, .T. ) ;
#734 = CARTESIAN_POINT ( 'NONE',  ( 52.00000000000000711, 41.99999999999996447, 1.158639454543360914E-30 ) ) ;
#735 = DIRECTION ( 'NONE',  ( 1.000000000000000000, -3.304235192336776991E-16, -0.000000000000000000 ) ) ;
#736 = EDGE_LOOP ( 'NONE', ( #2560, #498, #1871, #473, #179, #2809, #1392, #2425, #2009, #1792, #2208, #760, #672 ) ) ;
#737 = CARTESIAN_POINT ( 'NONE',  ( 52.00000000000000711, 20.15396173909607214, 27.22297571913288294 ) ) ;
#738 = CARTESIAN_POINT ( 'NONE',  ( 47.00000000000000000, 24.99999999999998934, 65.00000000000000000 ) ) ;
#739 = CARTESIAN_POINT ( 'NONE',  ( 37.58586378618109336, 44.67367416514640155, 8.028415876088491387 ) ) ;
#740 = CARTESIAN_POINT ( 'NONE',  ( 42.69508709225734577, -29.39674240323266829, 12.59929209485706103 ) ) ;
#741 = CARTESIAN_POINT ( 'NONE',  ( 51.90040196722554811, -39.74844258832736443, 27.69147294273790649 ) ) ;
#742 = CARTESIAN_POINT ( 'NONE',  ( 45.09328918996496327, 7.755383282396007161, 16.08999917912493061 ) ) ;
#743 = ORIENTED_EDGE ( 'NONE', *, *, #1810, .T. ) ;
#744 = FACE_OUTER_BOUND ( 'NONE', #580, .T. ) ;
#745 = CARTESIAN_POINT ( 'NONE',  ( 40.73957307132238270, 47.00000000000000000, 10.46644806601658217 ) ) ;
#746 = CARTESIAN_POINT ( 'NONE',  ( 20.73957307132238270, 2.296431337567617883E-15, 0.000000000000000000 ) ) ;
#747 = ORIENTED_EDGE ( 'NONE', *, *, #1221, .F. ) ;
#748 = FACE_BOUND ( 'NONE', #96, .T. ) ;
#749 = EDGE_LOOP ( 'NONE', ( #563, #1141 ) ) ;
#750 = VECTOR ( 'NONE', #577, 1000.000000000000000 ) ;
#751 = CARTESIAN_POINT ( 'NONE',  ( 51.62769258129888783, 17.93428528185985371, 23.59824712108283151 ) ) ;
#752 = CARTESIAN_POINT ( 'NONE',  ( 51.87402394792554361, -41.49983039542710372, 27.49441637322209786 ) ) ;
#753 = VECTOR ( 'NONE', #33, 1000.000000000000000 ) ;
#754 = FACE_OUTER_BOUND ( 'NONE', #1326, .T. ) ;
#755 = DIRECTION ( 'NONE',  ( 3.083952846180990774E-16, 1.000000000000000000, 0.000000000000000000 ) ) ;
#756 = DIRECTION ( 'NONE',  ( 1.000000000000000000, 0.000000000000000000, 0.000000000000000000 ) ) ;
#757 = AXIS2_PLACEMENT_3D ( 'NONE', #1677, #983, #2506 ) ;
#758 = CARTESIAN_POINT ( 'NONE',  ( 47.16927675058873604, 26.20684914025448009, 36.22672071146019590 ) ) ;
#759 = CARTESIAN_POINT ( 'NONE',  ( 44.39044563217844086, -2.320243615085101130, 14.81677080095172983 ) ) ;
#760 = ORIENTED_EDGE ( 'NONE', *, *, #1235, .F. ) ;
#761 = CARTESIAN_POINT ( 'NONE',  ( 52.00000000000002842, 24.99999999999956302, 15.00000000000027356 ) ) ;
#762 = TOROIDAL_SURFACE ( 'NONE', #811, 27.49999999999999645, 5.000000000000000000 ) ;
#763 = LINE ( 'NONE', #1640, #1524 ) ;
#764 = FACE_OUTER_BOUND ( 'NONE', #2133, .T. ) ;
#765 = EDGE_CURVE ( 'NONE', #1668, #1423, #848, .T. ) ;
#766 = CARTESIAN_POINT ( 'NONE',  ( 26.99999999999999289, -8.921435019309295657E-15, 5.000000000000000000 ) ) ;
#767 = CARTESIAN_POINT ( 'NONE',  ( 47.33431453848741199, 5.232298979029512687, 15.31855293920855310 ) ) ;
#768 = VERTEX_POINT ( 'NONE', #2791 ) ;
#769 = CARTESIAN_POINT ( 'NONE',  ( 45.03162696653061658, 15.01456054567217890, 16.34279987089607289 ) ) ;
#770 = PLANE ( 'NONE',  #2696 ) ;
#771 = FACE_OUTER_BOUND ( 'NONE', #15, .T. ) ;
#772 = CARTESIAN_POINT ( 'NONE',  ( 36.00000000000000000, 41.21466302907649037, 7.139428900508251630 ) ) ;
#773 = CARTESIAN_POINT ( 'NONE',  ( 35.99999999999998579, -40.99999999999996447, 5.000000000000000000 ) ) ;
#774 = EDGE_CURVE ( 'NONE', #768, #2516, #2057, .T. ) ;
#775 = FACE_BOUND ( 'NONE', #729, .T. ) ;
#776 = CARTESIAN_POINT ( 'NONE',  ( 43.88749035267258591, -10.03724238602775998, 14.27440983497433180 ) ) ;
#777 = ORIENTED_EDGE ( 'NONE', *, *, #203, .F. ) ;
#778 = CYLINDRICAL_SURFACE ( 'NONE', #392, 12.49999999999999645 ) ;
#779 = VECTOR ( 'NONE', #637, 1000.000000000000000 ) ;
#780 = CARTESIAN_POINT ( 'NONE',  ( 40.99999999999997868, -40.99999999999996447, 109.0000000000000426 ) ) ;
#781 = DIRECTION ( 'NONE',  ( -1.107270303814983170E-16, 1.000000000000000000, 0.000000000000000000 ) ) ;
#782 = ORIENTED_EDGE ( 'NONE', *, *, #1808, .F. ) ;
#783 = CARTESIAN_POINT ( 'NONE',  ( 47.00000000000000000, -23.98726451890621192, 23.95983527432897731 ) ) ;
#784 = CARTESIAN_POINT ( 'NONE',  ( 51.90400214403074131, -39.63650639302524326, 27.72145363172067434 ) ) ;
#785 = DIRECTION ( 'NONE',  ( 1.107270303814983170E-16, -1.000000000000000000, 0.000000000000000000 ) ) ;
#786 = EDGE_CURVE ( 'NONE', #2089, #1740, #2353, .T. ) ;
#787 = CARTESIAN_POINT ( 'NONE',  ( 41.61290760542716782, -36.02964690217732624, 11.33848859735744874 ) ) ;
#788 = CARTESIAN_POINT ( 'NONE',  ( 51.88027904870143203, 40.86826457997018025, 27.53851838518145101 ) ) ;
#789 = DIRECTION ( 'NONE',  ( 3.965082230804131206E-16, 1.000000000000000000, 0.000000000000000000 ) ) ;
#790 = CARTESIAN_POINT ( 'NONE',  ( 44.63765695182657822, 13.41951659763502036, 15.55225964626623814 ) ) ;
#791 = ORIENTED_EDGE ( 'NONE', *, *, #2066, .F. ) ;
#792 = CARTESIAN_POINT ( 'NONE',  ( 38.05205449335856116, 46.82730822900045808, 8.317235937559043890 ) ) ;
#793 = CARTESIAN_POINT ( 'NONE',  ( 46.90225748997149680, 43.04788387037576314, 23.02512106627424515 ) ) ;
#794 = CARTESIAN_POINT ( 'NONE',  ( 0.000000000000000000, 0.000000000000000000, 0.000000000000000000 ) ) ;
#795 = ORIENTED_EDGE ( 'NONE', *, *, #2539, .F. ) ;
#796 = CARTESIAN_POINT ( 'NONE',  ( 46.60452782999565358, 14.66545465201695109, 20.13131588774883340 ) ) ;
#797 = CARTESIAN_POINT ( 'NONE',  ( 47.23422900700264648, -37.71972689924293576, 28.23958919141972856 ) ) ;
#798 = FACE_OUTER_BOUND ( 'NONE', #2398, .T. ) ;
#799 = ORIENTED_EDGE ( 'NONE', *, *, #2198, .T. ) ;
#800 = CARTESIAN_POINT ( 'NONE',  ( 42.16976033123047074, -36.13053119762478360, 11.95958842741880268 ) ) ;
#801 = CARTESIAN_POINT ( 'NONE',  ( 40.99999999999997868, -40.99999999999996447, 5.000000000000000000 ) ) ;
#802 = EDGE_CURVE ( 'NONE', #2070, #1711, #1945, .T. ) ;
#803 = EDGE_CURVE ( 'NONE', #2089, #560, #2145, .T. ) ;
#804 = AXIS2_PLACEMENT_3D ( 'NONE', #1067, #902, #641 ) ;
#805 = EDGE_CURVE ( 'NONE', #1941, #94, #1271, .T. ) ;
#806 = DIRECTION ( 'NONE',  ( 0.000000000000000000, -0.5150787536377124942, -0.8571428571428573173 ) ) ;
#807 = EDGE_CURVE ( 'NONE', #2393, #1206, #1413, .T. ) ;
#808 = ORIENTED_EDGE ( 'NONE', *, *, #2325, .F. ) ;
#809 = CARTESIAN_POINT ( 'NONE',  ( 52.00000000000002842, 22.99999999999957367, 15.00000000000027356 ) ) ;
#810 = CARTESIAN_POINT ( 'NONE',  ( 51.88551405197809174, 40.56711128490172769, 27.57847522241885230 ) ) ;
#811 = AXIS2_PLACEMENT_3D ( 'NONE', #2350, #199, #614 ) ;
#812 = DIRECTION ( 'NONE',  ( 0.000000000000000000, -1.000000000000000000, 0.000000000000000000 ) ) ;
#813 = VERTEX_POINT ( 'NONE', #2391 ) ;
#814 = FILL_AREA_STYLE ('',( #1024 ) ) ;
#815 = FACE_OUTER_BOUND ( 'NONE', #1462, .T. ) ;
#816 = CARTESIAN_POINT ( 'NONE',  ( 51.99999999999997868, -41.99999999999997868, 1.158639454543360914E-30 ) ) ;
#817 = ORIENTED_EDGE ( 'NONE', *, *, #2772, .F. ) ;
#818 = DIRECTION ( 'NONE',  ( 3.304235192336776991E-16, 1.000000000000000000, 0.000000000000000000 ) ) ;
#819 = CARTESIAN_POINT ( 'NONE',  ( 18.03440716348291417, 12.60000986845644633, 0.000000000000000000 ) ) ;
#820 = CYLINDRICAL_SURFACE ( 'NONE', #1579, 1.999999999999647837 ) ;
#821 = EDGE_CURVE ( 'NONE', #528, #1047, #2282, .T. ) ;
#822 = ORIENTED_EDGE ( 'NONE', *, *, #1386, .T. ) ;
#823 = VECTOR ( 'NONE', #671, 1000.000000000000000 ) ;
#824 = VECTOR ( 'NONE', #1709, 1000.000000000000000 ) ;
#825 = CARTESIAN_POINT ( 'NONE',  ( 52.00000000000002842, 24.99999999999956302, 15.00000000000027356 ) ) ;
#826 = CARTESIAN_POINT ( 'NONE',  ( 43.09999999999998010, -40.99999999999996447, 0.000000000000000000 ) ) ;
#827 = ORIENTED_EDGE ( 'NONE', *, *, #1790, .F. ) ;
#828 = DIRECTION ( 'NONE',  ( 2.523234146875355998E-16, 1.000000000000000000, 0.000000000000000000 ) ) ;
#829 = CARTESIAN_POINT ( 'NONE',  ( 46.36500480446500205, 25.33898061238334876, 20.00034110673738397 ) ) ;
#830 = EDGE_LOOP ( 'NONE', ( #32, #2386, #545, #1905 ) ) ;
#831 = CARTESIAN_POINT ( 'NONE',  ( 36.82215100723954748, -38.22225629824557558, 7.576535815966971121 ) ) ;
#832 = CYLINDRICAL_SURFACE ( 'NONE', #478, 2.000000000000005329 ) ;
#833 = CARTESIAN_POINT ( 'NONE',  ( 25.00000000000141398, -25.00000000000000000, 5.000000000000000000 ) ) ;
#834 = EDGE_LOOP ( 'NONE', ( #511, #2613, #2790, #777 ) ) ;
#835 = CARTESIAN_POINT ( 'NONE',  ( 52.00000000000000711, 41.99999999999996447, 1.158639454543360914E-30 ) ) ;
#836 = EDGE_CURVE ( 'NONE', #1408, #45, #1334, .T. ) ;
#837 = CARTESIAN_POINT ( 'NONE',  ( 20.73957307132238270, -10.70999054847152721, 5.000000000000000000 ) ) ;
#838 = VERTEX_POINT ( 'NONE', #2626 ) ;
#839 = CARTESIAN_POINT ( 'NONE',  ( 41.99999999999994316, -47.00000000000000000, 11.77124344467700290 ) ) ;
#840 = DIRECTION ( 'NONE',  ( 3.965082230804131206E-16, 1.000000000000000000, 0.000000000000000000 ) ) ;
#841 = ORIENTED_EDGE ( 'NONE', *, *, #1235, .T. ) ;
#842 = CARTESIAN_POINT ( 'NONE',  ( 36.01372545335861020, -40.57268986593143012, 7.146325648911756367 ) ) ;
#843 = DIRECTION ( 'NONE',  ( 1.000000000000000000, 0.000000000000000000, 0.000000000000000000 ) ) ;
#844 = FACE_OUTER_BOUND ( 'NONE', #2184, .T. ) ;
#845 = CIRCLE ( 'NONE', #804, 1.999999999999991340 ) ;
#846 = B_SPLINE_CURVE_WITH_KNOTS ( 'NONE', 3,
 ( #1719, #880, #2610, #427 ),
 .UNSPECIFIED., .F., .F.,
 ( 4, 4 ),
 ( 0.006004511103941162671, 0.008785020965527407313 ),
 .UNSPECIFIED. ) ;
#847 = VECTOR ( 'NONE', #279, 1000.000000000000000 ) ;
#848 = LINE ( 'NONE', #809, #181 ) ;
#849 = CARTESIAN_POINT ( 'NONE',  ( 37.59535598272196211, 37.33323743631963509, 8.036270142994181853 ) ) ;
#850 = ORIENTED_EDGE ( 'NONE', *, *, #1095, .T. ) ;
#851 = CARTESIAN_POINT ( 'NONE',  ( 47.00000000000000000, 24.63261990333964846, 25.00000000000000000 ) ) ;
#852 = FACE_OUTER_BOUND ( 'NONE', #48, .T. ) ;
#853 = EDGE_CURVE ( 'NONE', #1402, #2462, #1794, .T. ) ;
#854 = AXIS2_PLACEMENT_3D ( 'NONE', #437, #1281, #2364 ) ;
#855 = EDGE_LOOP ( 'NONE', ( #2601, #4 ) ) ;
#856 = CARTESIAN_POINT ( 'NONE',  ( 47.22071015675833650, 25.99502827853972065, 38.79883302536942580 ) ) ;
#857 = CARTESIAN_POINT ( 'NONE',  ( 47.00000000000000000, 22.99999999999957367, 15.00000000000027356 ) ) ;
#858 = CARTESIAN_POINT ( 'NONE',  ( 47.00000000000000711, 41.99999999999996447, 5.000000000000000000 ) ) ;
#859 = DIRECTION ( 'NONE',  ( 0.000000000000000000, 0.000000000000000000, -1.000000000000000000 ) ) ;
#860 = CIRCLE ( 'NONE', #265, 3.299999999999966072 ) ;
#861 = CARTESIAN_POINT ( 'NONE',  ( 45.28481441803653240, 38.40895797912119036, 16.88854303374440491 ) ) ;
#862 = ORIENTED_EDGE ( 'NONE', *, *, #676, .T. ) ;
#863 = CARTESIAN_POINT ( 'NONE',  ( 43.57640129731574063, 8.326432195378128398, 13.80809703237327035 ) ) ;
#864 = PLANE ( 'NONE',  #448 ) ;
#865 = PRODUCT_DEFINITION_CONTEXT ( 'detailed design', #2608, 'design' ) ;
#866 = VERTEX_POINT ( 'NONE', #2215 ) ;
#867 = DIRECTION ( 'NONE',  ( 3.304235192336776991E-16, 1.000000000000000000, -0.000000000000000000 ) ) ;
#868 = CARTESIAN_POINT ( 'NONE',  ( 46.95617218805271875, 42.66628352694492321, 23.40643439315551433 ) ) ;
#869 = EDGE_CURVE ( 'NONE', #435, #617, #36, .T. ) ;
#870 = CARTESIAN_POINT ( 'NONE',  ( 42.05922661016175113, -21.11662762284466055, 11.83509415816584287 ) ) ;
#871 = CARTESIAN_POINT ( 'NONE',  ( 46.99999999999998579, -24.63261990333968399, 25.00000000000000000 ) ) ;
#872 = CARTESIAN_POINT ( 'NONE',  ( 43.19453595808684554, 36.49967884154060016, 13.25696741905899145 ) ) ;
#873 = ORIENTED_EDGE ( 'NONE', *, *, #2102, .T. ) ;
#874 = CARTESIAN_POINT ( 'NONE',  ( 46.89939225545985835, -41.26522941030535208, 22.99547390054801355 ) ) ;
#875 = CARTESIAN_POINT ( 'NONE',  ( 36.05415304407225818, -41.84619763923821978, 7.166423888994898128 ) ) ;
#876 = ORIENTED_EDGE ( 'NONE', *, *, #404, .F. ) ;
#877 = DIRECTION ( 'NONE',  ( -3.304235192336776991E-16, -1.000000000000000000, 0.000000000000000000 ) ) ;
#878 = DIRECTION ( 'NONE',  ( 1.000000000000000000, 0.000000000000000000, 0.000000000000000000 ) ) ;
#879 = ADVANCED_FACE ( 'NONE', ( #883 ), #79, .T. ) ;
#880 = CARTESIAN_POINT ( 'NONE',  ( 47.21712668594161499, -26.04018724252221162, 38.14953446509778701 ) ) ;
#881 = EDGE_CURVE ( 'NONE', #2604, #2544, #2318, .T. ) ;
#882 = EDGE_CURVE ( 'NONE', #2544, #713, #1932, .T. ) ;
#883 = FACE_OUTER_BOUND ( 'NONE', #2058, .T. ) ;
#884 = AXIS2_PLACEMENT_3D ( 'NONE', #272, #2052, #958 ) ;
#885 = CARTESIAN_POINT ( 'NONE',  ( 45.98343847543333140, 40.58012284494233057, 18.70480290076760710 ) ) ;
#886 = MANIFOLD_SOLID_BREP ( 'Fillet4', #1128 ) ;
#887 = EDGE_LOOP ( 'NONE', ( #185, #1033 ) ) ;
#888 = CARTESIAN_POINT ( 'NONE',  ( 36.90165633144444257, -46.63711653827990489, 7.609729416431838978 ) ) ;
#889 = DIRECTION ( 'NONE',  ( -0.000000000000000000, -0.000000000000000000, -1.000000000000000000 ) ) ;
#890 = ORIENTED_EDGE ( 'NONE', *, *, #588, .T. ) ;
#891 = CARTESIAN_POINT ( 'NONE',  ( 51.99999999999997868, -41.99999999999997868, 1.158639454543360914E-30 ) ) ;
#892 = CARTESIAN_POINT ( 'NONE',  ( 43.54172142013069191, 29.87683888906691010, 13.73593244082449871 ) ) ;
#893 = CARTESIAN_POINT ( 'NONE',  ( 40.46675294976969184, -26.45485862102530561, 10.21305272095943018 ) ) ;
#894 = CIRCLE ( 'NONE', #938, 1.999999999999998224 ) ;
#895 = ADVANCED_FACE ( 'NONE', ( #2819 ), #2134, .T. ) ;
#896 = CARTESIAN_POINT ( 'NONE',  ( 51.06315562180677148, -16.25614526138794247, 21.66165460234921980 ) ) ;
#897 = CARTESIAN_POINT ( 'NONE',  ( 36.00000000000000000, 40.99999999999998579, 7.139428900508245412 ) ) ;
#898 = EDGE_LOOP ( 'NONE', ( #1360, #1784 ) ) ;
#899 = DIRECTION ( 'NONE',  ( -0.000000000000000000, -0.000000000000000000, -1.000000000000000000 ) ) ;
#900 = CARTESIAN_POINT ( 'NONE',  ( 26.99999999999998579, -25.00000000000000000, 5.000000000000000000 ) ) ;
#901 = ORIENTED_EDGE ( 'NONE', *, *, #1580, .F. ) ;
#902 = DIRECTION ( 'NONE',  ( -1.000000000000000000, 3.258052255514228297E-16, 2.465190328815661892E-32 ) ) ;
#903 = CARTESIAN_POINT ( 'NONE',  ( 0.000000000000000000, 0.000000000000000000, 5.000000000000000000 ) ) ;
#904 = PRESENTATION_LAYER_ASSIGNMENT (  '', '', ( #2154 ) ) ;
#905 = CARTESIAN_POINT ( 'NONE',  ( 46.21367393788420230, -27.31429383349860274, 19.44528306631240611 ) ) ;
#906 = AXIS2_PLACEMENT_3D ( 'NONE', #1504, #1286, #2831 ) ;
#907 = ORIENTED_EDGE ( 'NONE', *, *, #1046, .T. ) ;
#908 = CYLINDRICAL_SURFACE ( 'NONE', #2098, 5.000000000000000888 ) ;
#909 = CARTESIAN_POINT ( 'NONE',  ( 46.83527179472030610, -15.79581392837113540, 21.17113535149657366 ) ) ;
#910 = CARTESIAN_POINT ( 'NONE',  ( 47.04781893750919153, -25.79728170589458358, 44.45111938898937609 ) ) ;
#911 = VERTEX_POINT ( 'NONE', #839 ) ;
#912 = CARTESIAN_POINT ( 'NONE',  ( 46.90853152546596050, -39.98201198837841019, 23.08914763664555636 ) ) ;
#913 = DIRECTION ( 'NONE',  ( 0.000000000000000000, -1.000000000000000000, 0.000000000000000000 ) ) ;
#914 = ADVANCED_FACE ( 'NONE', ( #2614 ), #2380, .T. ) ;
#915 = ORIENTED_EDGE ( 'NONE', *, *, #290, .T. ) ;
#916 = CARTESIAN_POINT ( 'NONE',  ( 51.41624390182373361, 17.26296849746827178, 22.75915309724442182 ) ) ;
#917 = CARTESIAN_POINT ( 'NONE',  ( 52.00000000000002842, 24.99999999999998934, 65.00000000000000000 ) ) ;
#918 = ORIENTED_EDGE ( 'NONE', *, *, #1211, .F. ) ;
#919 = CARTESIAN_POINT ( 'NONE',  ( 45.54629323336946101, -29.32572826370361696, 17.51287690504712913 ) ) ;
#920 = ORIENTED_EDGE ( 'NONE', *, *, #1298, .F. ) ;
#921 = CARTESIAN_POINT ( 'NONE',  ( 46.80437475545570436, -43.47080882516700484, 22.04015366234305873 ) ) ;
#922 = CARTESIAN_POINT ( 'NONE',  ( 45.16953843069771324, -15.57225910538382685, 16.62039970601077243 ) ) ;
#923 = VERTEX_POINT ( 'NONE', #195 ) ;
#924 = CIRCLE ( 'NONE', #1620, 1.999999999999994893 ) ;
#925 = CARTESIAN_POINT ( 'NONE',  ( 40.99999999999999289, 40.99999999999999289, 109.0000000000000426 ) ) ;
#926 = ORIENTED_EDGE ( 'NONE', *, *, #1219, .T. ) ;
#927 = CARTESIAN_POINT ( 'NONE',  ( 51.99999999999997868, -41.99999999999997868, 52.50000000000000711 ) ) ;
#928 = CARTESIAN_POINT ( 'NONE',  ( 45.42323715919162197, -43.34996879519427893, 17.20946730102566491 ) ) ;
#929 = AXIS2_PLACEMENT_3D ( 'NONE', #95, #962, #1840 ) ;
#930 = EDGE_LOOP ( 'NONE', ( #1629, #2720, #257, #657 ) ) ;
#931 = CARTESIAN_POINT ( 'NONE',  ( 51.89987932427832362, 19.10913035112512404, 25.33598374273098131 ) ) ;
#932 = CARTESIAN_POINT ( 'NONE',  ( 40.32286763715993771, 25.92761677331325387, 10.08340339164198340 ) ) ;
#933 = ORIENTED_EDGE ( 'NONE', *, *, #203, .T. ) ;
#934 = CIRCLE ( 'NONE', #1798, 20.00000000000000355 ) ;
#935 = EDGE_CURVE ( 'NONE', #2324, #2544, #1951, .T. ) ;
#936 = CARTESIAN_POINT ( 'NONE',  ( 44.81430763723013655, 44.24310969277001249, 15.90100501205946060 ) ) ;
#937 = CARTESIAN_POINT ( 'NONE',  ( 46.36500480446505179, -24.66101938761673296, 20.00034110673763976 ) ) ;
#938 = AXIS2_PLACEMENT_3D ( 'NONE', #917, #1117, #1791 ) ;
#939 = CARTESIAN_POINT ( 'NONE',  ( -23.00000000000000711, 24.99999999999959144, 15.00000000000027356 ) ) ;
#940 = VECTOR ( 'NONE', #1666, 1000.000000000000000 ) ;
#941 = CARTESIAN_POINT ( 'NONE',  ( 45.29241311326545372, 8.787677918821138690, 16.49575000204889719 ) ) ;
#942 = ORIENTED_EDGE ( 'NONE', *, *, #1832, .T. ) ;
#943 = DIRECTION ( 'NONE',  ( 1.000000000000000000, 0.000000000000000000, 0.000000000000000000 ) ) ;
#944 = CARTESIAN_POINT ( 'NONE',  ( 151.0000000000000568, 41.99999999999996447, 40.00000000000000711 ) ) ;
#945 = CARTESIAN_POINT ( 'NONE',  ( 38.89999999999998437, -40.99999999999996447, 5.000000000000000000 ) ) ;
#946 = ORIENTED_EDGE ( 'NONE', *, *, #1914, .T. ) ;
#947 = CARTESIAN_POINT ( 'NONE',  ( 49.71121841143691000, -12.73894587986344540, 18.65198335522417850 ) ) ;
#948 = DIRECTION ( 'NONE',  ( -1.000000000000000000, 0.000000000000000000, 0.000000000000000000 ) ) ;
#949 = ORIENTED_EDGE ( 'NONE', *, *, #1330, .T. ) ;
#950 = CARTESIAN_POINT ( 'NONE',  ( 46.70215406462367014, 21.91968201134172745, 21.45582092630981563 ) ) ;
#951 = AXIS2_PLACEMENT_3D ( 'NONE', #2741, #311, #2108 ) ;
#952 = CYLINDRICAL_SURFACE ( 'NONE', #2678, 20.00000000000000355 ) ;
#953 = DIRECTION ( 'NONE',  ( 0.000000000000000000, 1.000000000000000000, 0.000000000000000000 ) ) ;
#954 = EDGE_CURVE ( 'NONE', #911, #963, #1884, .T. ) ;
#955 = CARTESIAN_POINT ( 'NONE',  ( 46.63447474035784523, -43.94652624546413477, 21.06214528174015754 ) ) ;
#956 = CARTESIAN_POINT ( 'NONE',  ( 44.38214294811744054, -12.31486098932030337, 15.10387636628624008 ) ) ;
#957 = VERTEX_POINT ( 'NONE', #206 ) ;
#958 = DIRECTION ( 'NONE',  ( 0.000000000000000000, 0.8957316328487152646, -0.4445951438265766664 ) ) ;
#959 = DIRECTION ( 'NONE',  ( -0.000000000000000000, -0.000000000000000000, -1.000000000000000000 ) ) ;
#960 = CARTESIAN_POINT ( 'NONE',  ( 43.09999999999999432, 40.99999999999999289, 5.000000000000000000 ) ) ;
#961 = ORIENTED_EDGE ( 'NONE', *, *, #1815, .F. ) ;
#962 = DIRECTION ( 'NONE',  ( 3.304235192336776991E-16, 1.000000000000000000, -0.000000000000000000 ) ) ;
#963 = VERTEX_POINT ( 'NONE', #1738 ) ;
#964 = CARTESIAN_POINT ( 'NONE',  ( 51.97939804585568879, 19.66126545865743225, 26.27330689004294584 ) ) ;
#965 = FACE_OUTER_BOUND ( 'NONE', #2348, .T. ) ;
#966 = CARTESIAN_POINT ( 'NONE',  ( 52.00000000000000711, 42.00000000000000000, 40.00000000000000711 ) ) ;
#967 = B_SPLINE_CURVE_WITH_KNOTS ( 'NONE', 3,
 ( #567, #1394, #1208, #1178, #2078, #2724, #1411, #1861 ),
 .UNSPECIFIED., .F., .F.,
 ( 4, 2, 2, 4 ),
 ( 0.000000000000000000, 0.001302630865850801147, 0.001953946298776191529, 0.002605261731701581478 ),
 .UNSPECIFIED. ) ;
#968 = CARTESIAN_POINT ( 'NONE',  ( 45.99999999999999289, 40.99999999999999289, 18.75500200160155373 ) ) ;
#969 = LINE ( 'NONE', #541, #1303 ) ;
#970 = CARTESIAN_POINT ( 'NONE',  ( 51.87468592766549591, -41.43212261276931230, 27.50000000000001776 ) ) ;
#971 = AXIS2_PLACEMENT_3D ( 'NONE', #423, #1507, #639 ) ;
#972 = CARTESIAN_POINT ( 'NONE',  ( 45.09539923955895802, -7.813500324781173845, 16.08906866582782769 ) ) ;
#973 = ORIENTED_EDGE ( 'NONE', *, *, #1354, .T. ) ;
#974 = CARTESIAN_POINT ( 'NONE',  ( 52.00000000000002842, 22.99999999999999289, 65.00000000000000000 ) ) ;
#975 = DIRECTION ( 'NONE',  ( 0.000000000000000000, 0.000000000000000000, -1.000000000000000000 ) ) ;
#976 = CARTESIAN_POINT ( 'NONE',  ( 51.99999999999999289, -35.56151557952858866, 29.28571428571428825 ) ) ;
#977 = ORIENTED_EDGE ( 'NONE', *, *, #676, .F. ) ;
#978 = CARTESIAN_POINT ( 'NONE',  ( 46.80793423058720037, 1.025761289890471994, 14.74338252111302872 ) ) ;
#979 = ORIENTED_EDGE ( 'NONE', *, *, #1094, .T. ) ;
#980 = CARTESIAN_POINT ( 'NONE',  ( 46.51678244742941359, 14.26540729418945475, 19.79572853352562234 ) ) ;
#981 = CARTESIAN_POINT ( 'NONE',  ( 46.96507418775314591, -36.14293866244766207, 23.78893129555783048 ) ) ;
#982 = CIRCLE ( 'NONE', #1387, 1.999999999999991340 ) ;
#983 = DIRECTION ( 'NONE',  ( -0.000000000000000000, 0.000000000000000000, -1.000000000000000000 ) ) ;
#984 = CARTESIAN_POINT ( 'NONE',  ( 38.80887619924657628, 45.50778148887162189, 8.853318846306525103 ) ) ;
#985 = DIRECTION ( 'NONE',  ( -3.304235192336776991E-16, -1.000000000000000000, 0.000000000000000000 ) ) ;
#986 = AXIS2_PLACEMENT_3D ( 'NONE', #2260, #2667, #302 ) ;
#987 = DIRECTION ( 'NONE',  ( 1.000000000000000000, -3.304235192336776991E-16, 0.000000000000000000 ) ) ;
#988 = CARTESIAN_POINT ( 'NONE',  ( 42.90154019871605584, 2.550327890023432076, 12.86974569786253042 ) ) ;
#989 = CIRCLE ( 'NONE', #1763, 20.00000000000000000 ) ;
#990 = VERTEX_POINT ( 'NONE', #2395 ) ;
#991 = AXIS2_PLACEMENT_3D ( 'NONE', #2338, #1032, #1916 ) ;
#992 = EDGE_CURVE ( 'NONE', #89, #166, #1134, .T. ) ;
#993 = CARTESIAN_POINT ( 'NONE',  ( 27.00000000000000711, 41.53355193398341072, 5.000000000000000000 ) ) ;
#994 = DIRECTION ( 'NONE',  ( 0.000000000000000000, 0.000000000000000000, -1.000000000000000000 ) ) ;
#995 = LINE ( 'NONE', #2116, #2309 ) ;
#996 = EDGE_LOOP ( 'NONE', ( #1353, #926 ) ) ;
#997 = CARTESIAN_POINT ( 'NONE',  ( 45.42275919412649188, 16.55779492470543346, 17.20865320302984003 ) ) ;
#998 = CARTESIAN_POINT ( 'NONE',  ( 46.89808968966048752, -42.17265085190637564, 22.98311918274638899 ) ) ;
#999 = CARTESIAN_POINT ( 'NONE',  ( 20.73957307132238270, 2.296431337567617883E-15, 5.000000000000000000 ) ) ;
#1000 = LINE ( 'NONE', #2422, #847 ) ;
#1001 = CARTESIAN_POINT ( 'NONE',  ( 51.91503304697571508, 39.18999319883855748, 27.80695889812404076 ) ) ;
#1002 = CARTESIAN_POINT ( 'NONE',  ( 47.19415330669033892, 26.12020379751044175, 37.22636645523086685 ) ) ;
#1003 = CARTESIAN_POINT ( 'NONE',  ( 49.04707119013789907, 10.97960448895950769, 17.56051399360189080 ) ) ;
#1004 = ORIENTED_EDGE ( 'NONE', *, *, #1479, .F. ) ;
#1005 = CARTESIAN_POINT ( 'NONE',  ( 36.29338555620242346, 46.50190069074495369, 7.287060955040899124 ) ) ;
#1006 = CARTESIAN_POINT ( 'NONE',  ( 47.34868031720260717, 42.77535114750278211, 27.52404092674018798 ) ) ;
#1007 = PLANE ( 'NONE',  #1908 ) ;
#1008 = VERTEX_POINT ( 'NONE', #1733 ) ;
#1009 = EDGE_CURVE ( 'NONE', #1704, #1954, #1506, .T. ) ;
#1010 = CARTESIAN_POINT ( 'NONE',  ( 46.99999999999998579, -24.63261990333968399, 25.00000000000000000 ) ) ;
#1011 = CARTESIAN_POINT ( 'NONE',  ( 47.07758081631585156, -36.05948152768069548, 28.98647399182820905 ) ) ;
#1012 = ADVANCED_FACE ( 'NONE', ( #1944 ), #238, .F. ) ;
#1013 = CARTESIAN_POINT ( 'NONE',  ( 46.99999999999998579, -27.00000000000051159, 15.00000000000052758 ) ) ;
#1014 = VERTEX_POINT ( 'NONE', #2801 ) ;
#1015 = CARTESIAN_POINT ( 'NONE',  ( 44.98000949932023929, -37.96151359949155335, 16.23364323952867849 ) ) ;
#1016 = CARTESIAN_POINT ( 'NONE',  ( 47.66987298107780902, 41.99999999999996447, 55.00000000000000711 ) ) ;
#1017 = ADVANCED_FACE ( 'NONE', ( #844 ), #663, .F. ) ;
#1018 = DIRECTION ( 'NONE',  ( 3.304235192336777484E-16, 1.000000000000000000, 0.000000000000000000 ) ) ;
#1019 = ORIENTED_EDGE ( 'NONE', *, *, #1366, .T. ) ;
#1020 = CARTESIAN_POINT ( 'NONE',  ( 20.73957307132238270, 2.296431337567617883E-15, 0.000000000000000000 ) ) ;
#1021 = CARTESIAN_POINT ( 'NONE',  ( 47.26923304227949529, 38.31315445369340011, 28.03849054918074657 ) ) ;
#1022 = DIRECTION ( 'NONE',  ( 1.000000000000000000, 0.000000000000000000, 0.000000000000000000 ) ) ;
#1023 = ORIENTED_EDGE ( 'NONE', *, *, #1329, .T. ) ;
#1024 = FILL_AREA_STYLE_COLOUR ( '', #543 ) ;
#1025 = CARTESIAN_POINT ( 'NONE',  ( 47.30744075327326215, -39.24354665858383129, 27.80326339933631985 ) ) ;
#1026 = ORIENTED_EDGE ( 'NONE', *, *, #2461, .T. ) ;
#1027 = CARTESIAN_POINT ( 'NONE',  ( 39.45449708603216976, -36.23213483783789712, 9.345915175195075975 ) ) ;
#1028 = CIRCLE ( 'NONE', #16, 1.999999999999994893 ) ;
#1029 = DIRECTION ( 'NONE',  ( 0.000000000000000000, -1.000000000000000000, 0.000000000000000000 ) ) ;
#1030 = EDGE_CURVE ( 'NONE', #600, #2170, #271, .T. ) ;
#1031 = AXIS2_PLACEMENT_3D ( 'NONE', #2277, #107, #943 ) ;
#1032 = DIRECTION ( 'NONE',  ( 0.000000000000000000, 0.8571428571428578724, 0.5150787536377114950 ) ) ;
#1033 = ORIENTED_EDGE ( 'NONE', *, *, #1979, .T. ) ;
#1034 = EDGE_CURVE ( 'NONE', #323, #560, #1707, .T. ) ;
#1035 = CARTESIAN_POINT ( 'NONE',  ( 47.00000000000000000, 21.99999999999997158, 55.00000000000000711 ) ) ;
#1036 = CARTESIAN_POINT ( 'NONE',  ( 47.33416234882250961, 40.19677569609351764, 27.62641099733407657 ) ) ;
#1037 = AXIS2_PLACEMENT_3D ( 'NONE', #2303, #2537, #1231 ) ;
#1038 = CARTESIAN_POINT ( 'NONE',  ( 51.99999999999999289, -1.475563000431346255E-14, 75.00000000000001421 ) ) ;
#1039 = EDGE_LOOP ( 'NONE', ( #1495, #822, #2296 ) ) ;
#1040 = CARTESIAN_POINT ( 'NONE',  ( 45.02161540284926389, 14.97346977059015316, 16.32136321011683933 ) ) ;
#1041 = CARTESIAN_POINT ( 'NONE',  ( 45.10558177713639338, 20.21920647651263181, 16.49756676648161502 ) ) ;
#1042 = EDGE_LOOP ( 'NONE', ( #747, #1192, #2459 ) ) ;
#1043 = DIRECTION ( 'NONE',  ( 0.000000000000000000, -1.000000000000000000, 0.000000000000000000 ) ) ;
#1044 = CARTESIAN_POINT ( 'NONE',  ( 46.91103437731150905, 42.94013741397920825, 23.11343813744950637 ) ) ;
#1045 = FACE_BOUND ( 'NONE', #696, .T. ) ;
#1046 = EDGE_CURVE ( 'NONE', #1047, #2170, #846, .T. ) ;
#1047 = VERTEX_POINT ( 'NONE', #417 ) ;
#1048 = CIRCLE ( 'NONE', #590, 4.999999999999997335 ) ;
#1049 = VECTOR ( 'NONE', #1123, 1000.000000000000000 ) ;
#1050 = DIRECTION ( 'NONE',  ( -1.000000000000000000, 3.304235192336777484E-16, -0.000000000000000000 ) ) ;
#1051 = LINE ( 'NONE', #2750, #245 ) ;
#1052 = ORIENTED_EDGE ( 'NONE', *, *, #2621, .T. ) ;
#1053 = DIRECTION ( 'NONE',  ( -0.000000000000000000, 0.000000000000000000, 1.000000000000000000 ) ) ;
#1054 = AXIS2_PLACEMENT_3D ( 'NONE', #1933, #645, #1320 ) ;
#1055 = ORIENTED_EDGE ( 'NONE', *, *, #803, .F. ) ;
#1056 = CARTESIAN_POINT ( 'NONE',  ( 45.99651943945481491, -40.78593383038040798, 18.74438613412631938 ) ) ;
#1057 = CARTESIAN_POINT ( 'NONE',  ( 46.99999999999999289, -1.552990540398285062E-14, 37.22636645523086685 ) ) ;
#1058 = ORIENTED_EDGE ( 'NONE', *, *, #622, .T. ) ;
#1059 = ADVANCED_FACE ( 'NONE', ( #2155 ), #1537, .F. ) ;
#1060 = LINE ( 'NONE', #1474, #1482 ) ;
#1061 = CARTESIAN_POINT ( 'NONE',  ( 46.89939225545987256, 41.26522941030536629, 22.99547390054800999 ) ) ;
#1062 = ORIENTED_EDGE ( 'NONE', *, *, #1120, .T. ) ;
#1063 = CARTESIAN_POINT ( 'NONE',  ( 45.79896679184736996, 18.03234182261683216, 18.13949675888695268 ) ) ;
#1064 = DIRECTION ( 'NONE',  ( 0.000000000000000000, -1.000000000000000000, 0.000000000000000000 ) ) ;
#1065 = LINE ( 'NONE', #816, #2582 ) ;
#1066 = ORIENTED_EDGE ( 'NONE', *, *, #2675, .F. ) ;
#1067 = CARTESIAN_POINT ( 'NONE',  ( 52.00000000000002842, 24.99999999999956302, 15.00000000000027356 ) ) ;
#1068 = DIRECTION ( 'NONE',  ( 1.000000000000000000, -2.837621154675666483E-16, 2.465190328815661892E-32 ) ) ;
#1069 = DIRECTION ( 'NONE',  ( 0.000000000000000000, 1.000000000000000000, 0.000000000000000000 ) ) ;
#1070 = CIRCLE ( 'NONE', #616, 1.999999999999647837 ) ;
#1071 = AXIS2_PLACEMENT_3D ( 'NONE', #1395, #342, #130 ) ;
#1072 = DIRECTION ( 'NONE',  ( 3.469446951953614682E-16, 1.000000000000000000, 1.040834085586084454E-15 ) ) ;
#1073 = CARTESIAN_POINT ( 'NONE',  ( 42.17358317598650785, 36.13146637212221179, 11.96404662882987679 ) ) ;
#1074 = ORIENTED_EDGE ( 'NONE', *, *, #331, .F. ) ;
#1075 = EDGE_CURVE ( 'NONE', #2331, #135, #2524, .T. ) ;
#1076 = CARTESIAN_POINT ( 'NONE',  ( 45.41457915725806060, 16.52466557029048744, 17.18845797862845259 ) ) ;
#1077 = CARTESIAN_POINT ( 'NONE',  ( 46.21556611483053700, 27.30128601215679751, 19.45187471336251051 ) ) ;
#1078 = APPLICATION_PROTOCOL_DEFINITION ( 'draft international standard', 'automotive_design', 1998, #1920 ) ;
#1079 = CIRCLE ( 'NONE', #2683, 4.999999999999997335 ) ;
#1080 = ORIENTED_EDGE ( 'NONE', *, *, #494, .T. ) ;
#1081 = CARTESIAN_POINT ( 'NONE',  ( 51.87468592766551012, 41.99999999999996447, 22.50000000000001066 ) ) ;
#1082 = CARTESIAN_POINT ( 'NONE',  ( 41.99999999999996447, 47.00000000000000000, 11.77124344467699224 ) ) ;
#1083 = DIRECTION ( 'NONE',  ( -0.000000000000000000, 0.000000000000000000, 1.000000000000000000 ) ) ;
#1084 = CARTESIAN_POINT ( 'NONE',  ( 44.24267614270387838, 46.47960687726872209, 14.85205992853287782 ) ) ;
#1085 = AXIS2_PLACEMENT_3D ( 'NONE', #1631, #371, #2062 ) ;
#1086 = CARTESIAN_POINT ( 'NONE',  ( 46.91274872642922134, 39.55502720311213949, 23.13300216273940180 ) ) ;
#1087 = ORIENTED_EDGE ( 'NONE', *, *, #251, .T. ) ;
#1088 = EDGE_CURVE ( 'NONE', #1999, #2225, #2583, .T. ) ;
#1089 = FACE_OUTER_BOUND ( 'NONE', #294, .T. ) ;
#1090 = DIRECTION ( 'NONE',  ( -1.000000000000000000, 3.304235192336777484E-16, -0.000000000000000000 ) ) ;
#1091 = EDGE_LOOP ( 'NONE', ( #387, #2147, #1374, #1363, #2308, #743 ) ) ;
#1092 = DIRECTION ( 'NONE',  ( 0.000000000000000000, -1.000000000000000000, 0.000000000000000000 ) ) ;
#1093 = FACE_BOUND ( 'NONE', #749, .T. ) ;
#1094 = EDGE_CURVE ( 'NONE', #1437, #2117, #450, .T. ) ;
#1095 = EDGE_CURVE ( 'NONE', #584, #242, #1635, .T. ) ;
#1096 = EDGE_CURVE ( 'NONE', #2577, #2604, #709, .T. ) ;
#1097 = CARTESIAN_POINT ( 'NONE',  ( 40.28765291021169759, -24.25658324826499168, 10.05211537275159372 ) ) ;
#1098 = EDGE_CURVE ( 'NONE', #957, #1557, #2278, .T. ) ;
#1099 = CARTESIAN_POINT ( 'NONE',  ( 51.99999999887000968, -19.67816102122536037, 26.26437380940262756 ) ) ;
#1100 = CARTESIAN_POINT ( 'NONE',  ( 45.81789999276050196, 39.65134637305869347, 18.22488613308423311 ) ) ;
#1101 = ORIENTED_EDGE ( 'NONE', *, *, #2559, .T. ) ;
#1102 = CARTESIAN_POINT ( 'NONE',  ( 20.73957307132238270, 2.296431337567617883E-15, 5.000000000000000000 ) ) ;
#1103 = CARTESIAN_POINT ( 'NONE',  ( 41.32732104151134678, -45.99846685282602010, 11.03903690564639817 ) ) ;
#1104 = EDGE_LOOP ( 'NONE', ( #2775, #2470, #2335, #273 ) ) ;
#1105 = LINE ( 'NONE', #2417, #1526 ) ;
#1106 = DIRECTION ( 'NONE',  ( 3.469446951953614189E-16, 1.000000000000000000, -1.040834085586084257E-15 ) ) ;
#1107 = EDGE_CURVE ( 'NONE', #1711, #2527, #2826, .T. ) ;
#1108 = CARTESIAN_POINT ( 'NONE',  ( 43.32780355672402806, -29.76185172826700409, 13.44452972576230287 ) ) ;
#1109 = CARTESIAN_POINT ( 'NONE',  ( 47.13967533167782875, -17.79130254340019590, 23.39700836569932463 ) ) ;
#1110 = AXIS2_PLACEMENT_3D ( 'NONE', #1241, #2334, #2109 ) ;
#1111 = CARTESIAN_POINT ( 'NONE',  ( 45.99999999999997868, 40.89417409998608122, 18.75500200160155373 ) ) ;
#1112 = ORIENTED_EDGE ( 'NONE', *, *, #632, .F. ) ;
#1113 = CARTESIAN_POINT ( 'NONE',  ( 46.99999999999998579, -25.00000000000007816, 65.00000000000061107 ) ) ;
#1114 = CARTESIAN_POINT ( 'NONE',  ( 35.99999999999999289, -41.42832718654824475, 7.139428900508259623 ) ) ;
#1115 = VERTEX_POINT ( 'NONE', #1793 ) ;
#1116 = DIRECTION ( 'NONE',  ( -0.000000000000000000, 0.000000000000000000, 1.000000000000000000 ) ) ;
#1117 = DIRECTION ( 'NONE',  ( -1.000000000000000000, 3.258052255514228297E-16, 2.465190328815661892E-32 ) ) ;
#1118 = CARTESIAN_POINT ( 'NONE',  ( 45.48808195898286044, -29.40548465059236349, 17.37011556121923306 ) ) ;
#1119 = CIRCLE ( 'NONE', #1490, 1.999999999999991340 ) ;
#1120 = EDGE_CURVE ( 'NONE', #1557, #957, #461, .T. ) ;
#1121 = CARTESIAN_POINT ( 'NONE',  ( 51.99999999999999289, -36.53522766862860038, 28.70058614158274324 ) ) ;
#1122 = EDGE_CURVE ( 'NONE', #45, #1402, #1488, .T. ) ;
#1123 = DIRECTION ( 'NONE',  ( -0.000000000000000000, -0.000000000000000000, 1.000000000000000000 ) ) ;
#1124 = DIRECTION ( 'NONE',  ( -1.000000000000000000, 3.304235192336777484E-16, -0.000000000000000000 ) ) ;
#1125 = ORIENTED_EDGE ( 'NONE', *, *, #765, .F. ) ;
#1126 = CARTESIAN_POINT ( 'NONE',  ( 52.00000000000000000, 27.49999999999997868, 37.22636645523086685 ) ) ;
#1127 = CARTESIAN_POINT ( 'NONE',  ( 42.94974328701805177, -45.61215216633229375, 12.92627233695986178 ) ) ;
#1128 = CLOSED_SHELL ( 'NONE', ( #2818, #1388, #1770, #11, #24, #1225, #1396, #1665, #122, #1381, #1813, #606, #288, #1017, #2836, #2713, #289, #2023, #1268, #1429, #1513, #1697, #61, #1646, #2053, #895, #177, #1059, #2201, #2341, #2265, #385, #390, #1599, #459, #1546, #2122, #210, #2659, #2428, #2253, #1732, #557, #2415, #2229, #137, #2609, #2573, #82, #1012, #1698, #1603, #512, #591, #2443, #2649, #2410, #593, #1621, #25, #284, #1894, #914, #2024, #879 ) ) ;
#1129 = ORIENTED_EDGE ( 'NONE', *, *, #803, .T. ) ;
#1130 = CARTESIAN_POINT ( 'NONE',  ( 48.72217483476605082, 10.08319303946069390, 17.08606364134479350 ) ) ;
#1131 = CARTESIAN_POINT ( 'NONE',  ( 41.16151333374203602, 22.16733289476359658, 10.87662742882312372 ) ) ;
#1132 = ORIENTED_EDGE ( 'NONE', *, *, #85, .T. ) ;
#1133 = CARTESIAN_POINT ( 'NONE',  ( 44.65232160944152184, -29.97440491669998863, 15.59193707243039206 ) ) ;
#1134 = CIRCLE ( 'NONE', #188, 2.099999999999997868 ) ;
#1135 = ORIENTED_EDGE ( 'NONE', *, *, #1808, .T. ) ;
#1136 = CARTESIAN_POINT ( 'NONE',  ( 40.99999999999997868, -40.99999999999996447, 5.000000000000000000 ) ) ;
#1137 = CARTESIAN_POINT ( 'NONE',  ( 52.00000000000002842, 24.99999999999998934, 65.00000000000000000 ) ) ;
#1138 = VERTEX_POINT ( 'NONE', #1693 ) ;
#1139 = EDGE_CURVE ( 'NONE', #813, #768, #375, .T. ) ;
#1140 = DIRECTION ( 'NONE',  ( 0.000000000000000000, 0.000000000000000000, -1.000000000000000000 ) ) ;
#1141 = ORIENTED_EDGE ( 'NONE', *, *, #1120, .F. ) ;
#1142 = DIRECTION ( 'NONE',  ( 1.000000000000000000, -3.304235192336776991E-16, 0.000000000000000000 ) ) ;
#1143 = CARTESIAN_POINT ( 'NONE',  ( 44.98035598501799370, -44.03807497990169395, 16.23432997030574754 ) ) ;
#1144 = B_SPLINE_CURVE_WITH_KNOTS ( 'NONE', 3,
 ( #1349, #1121, #299, #1167, #741, #1616, #970, #2433 ),
 .UNSPECIFIED., .F., .F.,
 ( 4, 2, 2, 4 ),
 ( 0.000000000000000000, 0.003358929382107072627, 0.005038394073160618047, 0.006717858764214163468 ),
 .UNSPECIFIED. ) ;
#1145 = CARTESIAN_POINT ( 'NONE',  ( 52.00000000000001421, 35.56151557952860287, 29.28571428571428825 ) ) ;
#1146 = CARTESIAN_POINT ( 'NONE',  ( 49.22088754021300616, -11.44053930167655153, 17.84535324885359131 ) ) ;
#1147 = CARTESIAN_POINT ( 'NONE',  ( 40.58492158524155258, 26.79415475155649062, 10.32026382719614155 ) ) ;
#1148 = EDGE_LOOP ( 'NONE', ( #1135, #1218 ) ) ;
#1149 = CARTESIAN_POINT ( 'NONE',  ( 45.66226566193643777, 42.81345106612303653, 17.80678235007481902 ) ) ;
#1150 = CARTESIAN_POINT ( 'NONE',  ( 46.35612312576897409, -24.32176175490488745, 19.96555639853604802 ) ) ;
#1151 = CIRCLE ( 'NONE', #2623, 12.49999999999999645 ) ;
#1152 = CARTESIAN_POINT ( 'NONE',  ( 52.00000000000002842, 24.99999999999998934, 65.00000000000000000 ) ) ;
#1153 = CARTESIAN_POINT ( 'NONE',  ( 48.10936294116471146, -8.212289224926502484, 16.25362214112047354 ) ) ;
#1154 = ORIENTED_EDGE ( 'NONE', *, *, #2102, .F. ) ;
#1155 = CARTESIAN_POINT ( 'NONE',  ( 46.99999999999998579, -21.99999999999998224, 75.00000000000001421 ) ) ;
#1156 = FACE_OUTER_BOUND ( 'NONE', #703, .T. ) ;
#1157 = CARTESIAN_POINT ( 'NONE',  ( 38.49634471656224832, -45.34380232269925415, 8.630197818616476724 ) ) ;
#1158 = CIRCLE ( 'NONE', #929, 4.999999999999997335 ) ;
#1159 = ORIENTED_EDGE ( 'NONE', *, *, #1701, .F. ) ;
#1160 = CARTESIAN_POINT ( 'NONE',  ( 46.87748824483134769, 2.094170225746530001, 14.81763592734876589 ) ) ;
#1161 = EDGE_CURVE ( 'NONE', #923, #565, #1183, .T. ) ;
#1162 = CYLINDRICAL_SURFACE ( 'NONE', #2143, 2.099999999999997868 ) ;
#1163 = ORIENTED_EDGE ( 'NONE', *, *, #229, .T. ) ;
#1164 = CARTESIAN_POINT ( 'NONE',  ( 45.28402053390678361, 43.59230462828331554, 16.88677958125240153 ) ) ;
#1165 = CARTESIAN_POINT ( 'NONE',  ( 45.37332633228940182, -20.44794543577648227, 17.09266013977913801 ) ) ;
#1166 = AXIS2_PLACEMENT_3D ( 'NONE', #801, #361, #756 ) ;
#1167 = CARTESIAN_POINT ( 'NONE',  ( 51.91503304697567955, -39.18999319883857169, 27.80695889812403720 ) ) ;
#1168 = AXIS2_PLACEMENT_3D ( 'NONE', #1899, #1245, #806 ) ;
#1169 = CARTESIAN_POINT ( 'NONE',  ( 45.29765014593407102, -8.832582361143320071, 16.49448973164572863 ) ) ;
#1170 = ORIENTED_EDGE ( 'NONE', *, *, #2029, .T. ) ;
#1171 = CARTESIAN_POINT ( 'NONE',  ( 52.00000000000000711, 41.99999999999996447, 1.158639454543360914E-30 ) ) ;
#1172 = FACE_OUTER_BOUND ( 'NONE', #2564, .T. ) ;
#1173 = CARTESIAN_POINT ( 'NONE',  ( 20.73957307132238270, 14.49000389255160393, 0.000000000000000000 ) ) ;
#1174 = VERTEX_POINT ( 'NONE', #1664 ) ;
#1175 = CARTESIAN_POINT ( 'NONE',  ( 51.91687503726906527, -19.13400511094390666, 25.34191882174814836 ) ) ;
#1176 = VERTEX_POINT ( 'NONE', #159 ) ;
#1177 = CARTESIAN_POINT ( 'NONE',  ( 47.14910530679424028, 19.31622299958043598, 25.67375042526239426 ) ) ;
#1178 = CARTESIAN_POINT ( 'NONE',  ( 47.11449543382992999, 41.95106709487937025, 56.41397751256273807 ) ) ;
#1179 = PLANE ( 'NONE',  #2213 ) ;
#1180 = VECTOR ( 'NONE', #515, 1000.000000000000000 ) ;
#1181 = AXIS2_PLACEMENT_3D ( 'NONE', #1272, #1721, #2423 ) ;
#1182 = CARTESIAN_POINT ( 'NONE',  ( -7.269317423140897054E-15, -21.99999999999996447, 55.00000000000000711 ) ) ;
#1183 = LINE ( 'NONE', #571, #439 ) ;
#1184 = EDGE_CURVE ( 'NONE', #700, #246, #2639, .T. ) ;
#1185 = CARTESIAN_POINT ( 'NONE',  ( 47.05643480513744237, -41.93765459133074103, 56.63332308578910101 ) ) ;
#1186 = CARTESIAN_POINT ( 'NONE',  ( 45.71622744495255830, -10.76606803263714340, 17.44712575689464273 ) ) ;
#1187 = EDGE_LOOP ( 'NONE', ( #2051, #278, #1487 ) ) ;
#1188 = EDGE_CURVE ( 'NONE', #2157, #1673, #495, .T. ) ;
#1189 = CARTESIAN_POINT ( 'NONE',  ( 52.00000000000001421, -23.00000000000052935, 15.00000000000052758 ) ) ;
#1190 = CARTESIAN_POINT ( 'NONE',  ( 39.70564144970050791, 46.98074702410672643, 9.539130001587793117 ) ) ;
#1191 = CARTESIAN_POINT ( 'NONE',  ( 36.00000000000000000, 40.99999999999998579, 7.139428900508245412 ) ) ;
#1192 = ORIENTED_EDGE ( 'NONE', *, *, #1188, .T. ) ;
#1193 = CARTESIAN_POINT ( 'NONE',  ( 48.26165041739783845, 8.677136034830274625, 16.46051816869164952 ) ) ;
#1194 = ORIENTED_EDGE ( 'NONE', *, *, #496, .T. ) ;
#1195 = CARTESIAN_POINT ( 'NONE',  ( 45.55124836048349835, 17.05981920207358016, 17.51870206098272220 ) ) ;
#1196 = DIRECTION ( 'NONE',  ( 1.000000000000000000, -3.304235192336776991E-16, 0.000000000000000000 ) ) ;
#1197 = DIRECTION ( 'NONE',  ( 1.000000000000000000, -2.837621154675666483E-16, 2.465190328815661892E-32 ) ) ;
#1198 = CARTESIAN_POINT ( 'NONE',  ( 46.00000000000000000, 41.10607268912720258, 18.75500200160155018 ) ) ;
#1199 = CARTESIAN_POINT ( 'NONE',  ( 27.00000000000000711, 47.00000000000000000, 25.00000000000000000 ) ) ;
#1200 = DIRECTION ( 'NONE',  ( 2.523234146875355998E-16, 1.000000000000000000, 0.000000000000000000 ) ) ;
#1201 = CARTESIAN_POINT ( 'NONE',  ( 44.25508577353832607, -11.75170691511270782, 14.88474327326480839 ) ) ;
#1202 = VERTEX_POINT ( 'NONE', #2771 ) ;
#1203 = DIRECTION ( 'NONE',  ( 1.000000000000000000, 0.000000000000000000, 0.000000000000000000 ) ) ;
#1204 = ORIENTED_EDGE ( 'NONE', *, *, #667, .F. ) ;
#1205 = CARTESIAN_POINT ( 'NONE',  ( 46.97649465994806661, -42.49202129328394761, 23.50886778508275299 ) ) ;
#1206 = VERTEX_POINT ( 'NONE', #1244 ) ;
#1207 = CARTESIAN_POINT ( 'NONE',  ( 46.87550612493136271, 23.01704592920989256, 22.73101866447659347 ) ) ;
#1208 = CARTESIAN_POINT ( 'NONE',  ( 47.28392647772257362, 41.98911445685374133, 55.78290852112340303 ) ) ;
#1209 = VECTOR ( 'NONE', #867, 1000.000000000000000 ) ;
#1210 = DIRECTION ( 'NONE',  ( -0.000000000000000000, 0.000000000000000000, 1.000000000000000000 ) ) ;
#1211 = EDGE_CURVE ( 'NONE', #1300, #2117, #1533, .T. ) ;
#1212 = CARTESIAN_POINT ( 'NONE',  ( 36.28005321686305962, 42.66283446137657620, 7.283110424676398686 ) ) ;
#1213 = CARTESIAN_POINT ( 'NONE',  ( 51.90040196722559784, 39.74844258832738575, 27.69147294273792070 ) ) ;
#1214 = CIRCLE ( 'NONE', #1991, 20.00000000000000355 ) ;
#1215 = CARTESIAN_POINT ( 'NONE',  ( 24.99999999999999645, 25.00000000000000000, 0.000000000000000000 ) ) ;
#1216 = CARTESIAN_POINT ( 'NONE',  ( 42.84645373140516966, 1.254839091414823748, 12.79787091265043308 ) ) ;
#1217 = VECTOR ( 'NONE', #1511, 1000.000000000000000 ) ;
#1218 = ORIENTED_EDGE ( 'NONE', *, *, #2118, .T. ) ;
#1219 = EDGE_CURVE ( 'NONE', #1554, #2722, #2787, .T. ) ;
#1220 = AXIS2_PLACEMENT_3D ( 'NONE', #1215, #2540, #1695 ) ;
#1221 = EDGE_CURVE ( 'NONE', #2157, #1740, #330, .T. ) ;
#1222 = CARTESIAN_POINT ( 'NONE',  ( 31.44102367190047786, 44.71967160944781483, 5.489313811210335459 ) ) ;
#1223 = CARTESIAN_POINT ( 'NONE',  ( 46.89808968966036673, 42.17265085190658880, 22.98311918274488619 ) ) ;
#1224 = CARTESIAN_POINT ( 'NONE',  ( 51.87468592766554565, 41.99999999999996447, 27.50000000000001066 ) ) ;
#1225 = ADVANCED_FACE ( 'NONE', ( #1680 ), #1443, .F. ) ;
#1226 = ORIENTED_EDGE ( 'NONE', *, *, #1779, .F. ) ;
#1227 = CARTESIAN_POINT ( 'NONE',  ( 43.57410590129624239, -8.367861355174140314, 13.80203883851405067 ) ) ;
#1228 = DIRECTION ( 'NONE',  ( 3.304235192336776991E-16, 1.000000000000000000, 0.000000000000000000 ) ) ;
#1229 = LINE ( 'NONE', #522, #2446 ) ;
#1230 = CARTESIAN_POINT ( 'NONE',  ( 20.73957307132238270, -10.70999054847152721, 0.000000000000000000 ) ) ;
#1231 = DIRECTION ( 'NONE',  ( 0.000000000000000000, 1.000000000000000000, 0.000000000000000000 ) ) ;
#1232 = CIRCLE ( 'NONE', #1877, 17.49999999999999645 ) ;
#1233 = EDGE_LOOP ( 'NONE', ( #2298, #1062, #2384, #1973 ) ) ;
#1234 = CARTESIAN_POINT ( 'NONE',  ( 47.00000000000000000, 26.84324998696015996, 31.25226148983541208 ) ) ;
#1235 = EDGE_CURVE ( 'NONE', #600, #456, #2217, .T. ) ;
#1236 = CARTESIAN_POINT ( 'NONE',  ( 51.87261212570739133, 42.12332368655400927, 27.48492794049618837 ) ) ;
#1237 = LINE ( 'NONE', #151, #2776 ) ;
#1238 = ORIENTED_EDGE ( 'NONE', *, *, #2575, .F. ) ;
#1239 = CARTESIAN_POINT ( 'NONE',  ( 46.92021439201613475, -23.26410411207301010, 22.99884072212342190 ) ) ;
#1240 = CARTESIAN_POINT ( 'NONE',  ( 47.33416234882707840, -40.19677569609341106, 27.62641099733409078 ) ) ;
#1241 = CARTESIAN_POINT ( 'NONE',  ( 18.03441104734529432, -12.59999013154871683, 5.000000000000000000 ) ) ;
#1242 = ORIENTED_EDGE ( 'NONE', *, *, #1851, .F. ) ;
#1243 = CARTESIAN_POINT ( 'NONE',  ( 46.99999999999998579, -25.00000000000052225, 15.00000000000052758 ) ) ;
#1244 = CARTESIAN_POINT ( 'NONE',  ( 20.73957307132237915, 26.99999999999999645, 5.000000000000000000 ) ) ;
#1245 = DIRECTION ( 'NONE',  ( -1.189524669241240052E-15, -0.8571428571428574283, 0.5150787536377126052 ) ) ;
#1246 = EDGE_LOOP ( 'NONE', ( #1288, #693, #2473, #1313, #1129 ) ) ;
#1247 = DIRECTION ( 'NONE',  ( 1.107270303814983170E-16, -1.000000000000000000, 0.000000000000000000 ) ) ;
#1248 = B_SPLINE_CURVE_WITH_KNOTS ( 'NONE', 3,
 ( #1516, #1529, #2600, #2816, #1322, #1736, #2169, #1086, #1759, #1061, #1502, #431 ),
 .UNSPECIFIED., .F., .F.,
 ( 4, 2, 2, 2, 2, 4 ),
 ( 0.000000000000000000, 0.002562476780777360897, 0.005124953561554721794, 0.006406191951943393352, 0.007687430342332064043, 0.01024990712310940542 ),
 .UNSPECIFIED. ) ;
#1249 = CARTESIAN_POINT ( 'NONE',  ( 51.93703008204851557, 38.40975174015388660, 28.01018913512944764 ) ) ;
#1250 = PLANE ( 'NONE',  #1623 ) ;
#1251 = ORIENTED_EDGE ( 'NONE', *, *, #807, .F. ) ;
#1252 = DIRECTION ( 'NONE',  ( -1.000000000000000000, 3.304235192336776991E-16, 0.000000000000000000 ) ) ;
#1253 = ORIENTED_EDGE ( 'NONE', *, *, #2127, .F. ) ;
#1254 = CARTESIAN_POINT ( 'NONE',  ( 47.00000000000000000, 24.99999999999956302, 15.00000000000027356 ) ) ;
#1255 = DIRECTION ( 'NONE',  ( -0.000000000000000000, -0.000000000000000000, -1.000000000000000000 ) ) ;
#1256 = AXIS2_PLACEMENT_3D ( 'NONE', #2661, #2223, #1977 ) ;
#1257 = CARTESIAN_POINT ( 'NONE',  ( 47.00000000000000000, 26.84324998696015996, 31.25226148983541208 ) ) ;
#1258 = ORIENTED_EDGE ( 'NONE', *, *, #2543, .T. ) ;
#1259 = CARTESIAN_POINT ( 'NONE',  ( 51.99999999999997868, -41.99999999999997868, 1.158639454543360914E-30 ) ) ;
#1260 = AXIS2_PLACEMENT_3D ( 'NONE', #903, #2662, #2673 ) ;
#1261 = CARTESIAN_POINT ( 'NONE',  ( 20.73957307132238270, 2.296431337567617883E-15, 5.000000000000000000 ) ) ;
#1262 = ORIENTED_EDGE ( 'NONE', *, *, #1161, .T. ) ;
#1263 =( NAMED_UNIT ( * ) SI_UNIT ( $, .STERADIAN. ) SOLID_ANGLE_UNIT ( ) );
#1264 = CARTESIAN_POINT ( 'NONE',  ( 44.32050807568893447, 29.99999999999957367, 15.00000000000027534 ) ) ;
#1265 = EDGE_LOOP ( 'NONE', ( #377, #979, #918, #8 ) ) ;
#1266 = CARTESIAN_POINT ( 'NONE',  ( 45.93569129255920558, -40.17587353425165730, 18.56215811998027476 ) ) ;
#1267 = LINE ( 'NONE', #1943, #303 ) ;
#1268 = ADVANCED_FACE ( 'NONE', ( #2555 ), #2111, .F. ) ;
#1269 = CARTESIAN_POINT ( 'NONE',  ( 51.99999999999998579, -24.49999999999998579, 40.00000000000000711 ) ) ;
#1270 = ORIENTED_EDGE ( 'NONE', *, *, #2538, .T. ) ;
#1271 = CIRCLE ( 'NONE', #675, 1.999999999999647837 ) ;
#1272 = CARTESIAN_POINT ( 'NONE',  ( 40.73957307132238270, 27.00000000000000000, 5.000000000000000000 ) ) ;
#1273 = DIRECTION ( 'NONE',  ( -0.000000000000000000, -0.000000000000000000, -1.000000000000000000 ) ) ;
#1274 = VERTEX_POINT ( 'NONE', #1459 ) ;
#1275 = DIRECTION ( 'NONE',  ( -0.000000000000000000, -0.000000000000000000, -1.000000000000000000 ) ) ;
#1276 = DIRECTION ( 'NONE',  ( 1.000000000000000000, 0.000000000000000000, 0.000000000000000000 ) ) ;
#1277 = AXIS2_PLACEMENT_3D ( 'NONE', #200, #2389, #1486 ) ;
#1278 = DIRECTION ( 'NONE',  ( -0.000000000000000000, -0.000000000000000000, -1.000000000000000000 ) ) ;
#1279 = VERTEX_POINT ( 'NONE', #1016 ) ;
#1280 = CARTESIAN_POINT ( 'NONE',  ( 45.42155763803623358, -38.64719718473460830, 17.20559398236759208 ) ) ;
#1281 = DIRECTION ( 'NONE',  ( 1.000000000000000000, -3.304235192336776991E-16, 0.000000000000000000 ) ) ;
#1282 = CARTESIAN_POINT ( 'NONE',  ( 45.99999999999997868, -40.99999999999996447, 109.0000000000000426 ) ) ;
#1283 = LINE ( 'NONE', #2574, #694 ) ;
#1284 = CARTESIAN_POINT ( 'NONE',  ( 37.88610404511855734, 37.08331765840421923, 8.221369609502522380 ) ) ;
#1285 = ORIENTED_EDGE ( 'NONE', *, *, #1790, .T. ) ;
#1286 = DIRECTION ( 'NONE',  ( 0.000000000000000000, 1.000000000000000000, 0.000000000000000000 ) ) ;
#1287 = CARTESIAN_POINT ( 'NONE',  ( 46.27135137765536399, 23.15487204664031751, 19.65022872637319651 ) ) ;
#1288 = ORIENTED_EDGE ( 'NONE', *, *, #1034, .F. ) ;
#1289 = DIRECTION ( 'NONE',  ( 1.000000000000000000, -3.304235192336776991E-16, 0.000000000000000000 ) ) ;
#1290 = CARTESIAN_POINT ( 'NONE',  ( 46.98645417851054873, 42.40691609606410850, 23.55913952151255231 ) ) ;
#1291 = AXIS2_PLACEMENT_3D ( 'NONE', #697, #1974, #274 ) ;
#1292 = CARTESIAN_POINT ( 'NONE',  ( 42.90903873586963613, -20.46377780996913032, 12.87443082241833281 ) ) ;
#1293 = AXIS2_PLACEMENT_3D ( 'NONE', #1261, #1937, #2805 ) ;
#1294 = CIRCLE ( 'NONE', #2731, 5.000000000000000888 ) ;
#1295 = CARTESIAN_POINT ( 'NONE',  ( 46.13810572212213401, 44.85366458712931603, 19.10489970562428397 ) ) ;
#1296 = EDGE_CURVE ( 'NONE', #453, #2018, #969, .T. ) ;
#1297 = EDGE_CURVE ( 'NONE', #1517, #2015, #989, .T. ) ;
#1298 = EDGE_CURVE ( 'NONE', #2604, #1008, #2180, .T. ) ;
#1299 = CARTESIAN_POINT ( 'NONE',  ( 36.05415304407227239, 40.15380236076172338, 7.166423888994893687 ) ) ;
#1300 = VERTEX_POINT ( 'NONE', #773 ) ;
#1301 = CARTESIAN_POINT ( 'NONE',  ( 46.97977491011812390, 23.96526978568842026, 23.97599528422723125 ) ) ;
#1302 = CARTESIAN_POINT ( 'NONE',  ( 44.96255762801078504, 20.13603271346116586, 16.19871431479137058 ) ) ;
#1303 = VECTOR ( 'NONE', #1415, 1000.000000000000000 ) ;
#1304 = EDGE_CURVE ( 'NONE', #1938, #2518, #664, .T. ) ;
#1305 = ORIENTED_EDGE ( 'NONE', *, *, #1094, .F. ) ;
#1306 = CARTESIAN_POINT ( 'NONE',  ( 0.000000000000000000, -47.00000000000000000, 5.000000000000000000 ) ) ;
#1307 = DIRECTION ( 'NONE',  ( 1.000000000000000000, -3.304235192336777484E-16, 0.000000000000000000 ) ) ;
#1308 = AXIS2_PLACEMENT_3D ( 'NONE', #2525, #1444, #391 ) ;
#1309 = CARTESIAN_POINT ( 'NONE',  ( 40.58492158524177995, -23.20584524844361596, 10.32026382719638669 ) ) ;
#1310 = CARTESIAN_POINT ( 'NONE',  ( 41.99999999999996447, 47.00000000000000000, 11.77124344467699224 ) ) ;
#1311 = VECTOR ( 'NONE', #859, 1000.000000000000000 ) ;
#1312 = CARTESIAN_POINT ( 'NONE',  ( 41.61733174787484302, 36.03020939376705911, 11.34323174149633040 ) ) ;
#1313 = ORIENTED_EDGE ( 'NONE', *, *, #786, .F. ) ;
#1314 = CARTESIAN_POINT ( 'NONE',  ( 30.85045170971239870, -44.38736620083725626, 5.371787253994321887 ) ) ;
#1315 = CARTESIAN_POINT ( 'NONE',  ( 45.90086151399282244, -42.00627201410325284, 18.45989586657260517 ) ) ;
#1316 = EDGE_CURVE ( 'NONE', #2456, #1517, #226, .T. ) ;
#1317 = ORIENTED_EDGE ( 'NONE', *, *, #2127, .T. ) ;
#1318 = CARTESIAN_POINT ( 'NONE',  ( 52.00000000000001421, -25.00000000000052225, 15.00000000000052758 ) ) ;
#1319 = CARTESIAN_POINT ( 'NONE',  ( 40.99999999999999289, 40.99999999999999289, 5.000000000000000000 ) ) ;
#1320 = DIRECTION ( 'NONE',  ( 0.000000000000000000, -0.000000000000000000, -1.000000000000000000 ) ) ;
#1321 = CARTESIAN_POINT ( 'NONE',  ( 47.10305402418480725, -19.77561094214433979, 26.46070743465413955 ) ) ;
#1322 = CARTESIAN_POINT ( 'NONE',  ( 46.94898960634832719, 37.01117451788648083, 23.56297109113518573 ) ) ;
#1323 = ORIENTED_EDGE ( 'NONE', *, *, #2717, .T. ) ;
#1324 = CARTESIAN_POINT ( 'NONE',  ( 46.89810566971585359, -42.12371369649314090, 22.98334034688777905 ) ) ;
#1325 = CARTESIAN_POINT ( 'NONE',  ( 37.45605031831745180, -44.53252192545271271, 7.950220327404148080 ) ) ;
#1326 = EDGE_LOOP ( 'NONE', ( #1806, #2101, #1238, #795, #220 ) ) ;
#1327 = DIRECTION ( 'NONE',  ( 1.107270303814983170E-16, -1.000000000000000000, 0.000000000000000000 ) ) ;
#1328 = CARTESIAN_POINT ( 'NONE',  ( 42.05922661016153796, 28.88337237715543182, 11.83509415816558530 ) ) ;
#1329 = EDGE_CURVE ( 'NONE', #2416, #528, #2321, .T. ) ;
#1330 = EDGE_CURVE ( 'NONE', #560, #660, #2597, .T. ) ;
#1331 = CARTESIAN_POINT ( 'NONE',  ( 45.80506954287368160, -28.86784663351298974, 18.18573179316144817 ) ) ;
#1332 = CARTESIAN_POINT ( 'NONE',  ( 47.46291951237768103, -41.99727403041647733, 55.38743147804778744 ) ) ;
#1333 = AXIS2_PLACEMENT_3D ( 'NONE', #1824, #2738, #2457 ) ;
#1334 = LINE ( 'NONE', #1758, #1049 ) ;
#1335 = CIRCLE ( 'NONE', #119, 1.999999999999991340 ) ;
#1336 = DIRECTION ( 'NONE',  ( -1.000000000000000000, 0.000000000000000000, 0.000000000000000000 ) ) ;
#1337 = ORIENTED_EDGE ( 'NONE', *, *, #1911, .T. ) ;
#1338 = DIRECTION ( 'NONE',  ( -1.000000000000000000, 0.000000000000000000, 0.000000000000000000 ) ) ;
#1339 = CARTESIAN_POINT ( 'NONE',  ( 38.81374258536029487, -45.51015627378107098, 8.856867098984503528 ) ) ;
#1340 = VERTEX_POINT ( 'NONE', #2140 ) ;
#1341 = CARTESIAN_POINT ( 'NONE',  ( 46.99999999999997868, -41.99999999999997868, 40.00000000000000711 ) ) ;
#1342 = CARTESIAN_POINT ( 'NONE',  ( 43.94167785124714953, 20.03060027944364307, 14.36441376504112810 ) ) ;
#1343 = ORIENTED_EDGE ( 'NONE', *, *, #632, .T. ) ;
#1344 = AXIS2_PLACEMENT_3D ( 'NONE', #1930, #2800, #415 ) ;
#1345 = CARTESIAN_POINT ( 'NONE',  ( 40.32233208753123677, -25.92493944549099183, 10.08292680861555368 ) ) ;
#1346 = CIRCLE ( 'NONE', #1308, 3.299999999999917666 ) ;
#1347 = EDGE_CURVE ( 'NONE', #1014, #161, #2634, .T. ) ;
#1348 = ORIENTED_EDGE ( 'NONE', *, *, #707, .F. ) ;
#1349 = CARTESIAN_POINT ( 'NONE',  ( 51.99999999999997868, -35.56151557952858866, 29.28571428571428825 ) ) ;
#1350 = CARTESIAN_POINT ( 'NONE',  ( 45.43088287910006784, -16.58610773170281050, 17.20432466893795720 ) ) ;
#1351 = EDGE_LOOP ( 'NONE', ( #799, #442, #1258, #2593, #1788 ) ) ;
#1352 = LINE ( 'NONE', #974, #2088 ) ;
#1353 = ORIENTED_EDGE ( 'NONE', *, *, #1873, .T. ) ;
#1354 = EDGE_CURVE ( 'NONE', #2060, #1274, #172, .T. ) ;
#1355 = CARTESIAN_POINT ( 'NONE',  ( 29.12461990118264765, -43.29615563903373499, 5.105647622628239901 ) ) ;
#1356 = CARTESIAN_POINT ( 'NONE',  ( 43.88315827771909028, -45.11860568009048222, 14.24796749685334873 ) ) ;
#1357 = ORIENTED_EDGE ( 'NONE', *, *, #1726, .T. ) ;
#1358 = CARTESIAN_POINT ( 'NONE',  ( 47.13552758216175675, 4.209315794662142451, 15.09807195399306678 ) ) ;
#1359 = CARTESIAN_POINT ( 'NONE',  ( 40.22892803524397465, 25.19054040095182501, 10.00015123111216120 ) ) ;
#1360 = ORIENTED_EDGE ( 'NONE', *, *, #574, .T. ) ;
#1361 = DIRECTION ( 'NONE',  ( 1.000000000000000000, 8.673617379884033500E-16, 0.000000000000000000 ) ) ;
#1362 = CARTESIAN_POINT ( 'NONE',  ( 46.31633524510731803, -26.35758029499647748, 19.81520546692567208 ) ) ;
#1363 = ORIENTED_EDGE ( 'NONE', *, *, #597, .F. ) ;
#1364 = FACE_OUTER_BOUND ( 'NONE', #1432, .T. ) ;
#1365 = CARTESIAN_POINT ( 'NONE',  ( 43.26361334549169158, 6.367178303601390255, 13.35478509173324113 ) ) ;
#1366 = EDGE_CURVE ( 'NONE', #2462, #323, #2377, .T. ) ;
#1367 = ORIENTED_EDGE ( 'NONE', *, *, #1779, .T. ) ;
#1368 = DIRECTION ( 'NONE',  ( 1.000000000000000000, 0.000000000000000000, 0.000000000000000000 ) ) ;
#1369 = DIRECTION ( 'NONE',  ( 3.304235192336776991E-16, 1.000000000000000000, 0.000000000000000000 ) ) ;
#1370 = CARTESIAN_POINT ( 'NONE',  ( 37.88610404511855023, -44.91668234159575235, 8.221369609502527709 ) ) ;
#1371 = ORIENTED_EDGE ( 'NONE', *, *, #2575, .T. ) ;
#1372 = CARTESIAN_POINT ( 'NONE',  ( 52.00000000000002842, 19.91332210688348425, 26.73815591468182618 ) ) ;
#1373 = CARTESIAN_POINT ( 'NONE',  ( 40.28760489198623418, 24.25642630752916773, 10.05207224965672808 ) ) ;
#1374 = ORIENTED_EDGE ( 'NONE', *, *, #1046, .F. ) ;
#1375 = CARTESIAN_POINT ( 'NONE',  ( 38.49168206321981955, 45.34098423970495872, 8.626963421211501171 ) ) ;
#1376 = CARTESIAN_POINT ( 'NONE',  ( 40.89585110447016802, -27.40871647274780898, 10.61528397012865810 ) ) ;
#1377 = B_SPLINE_CURVE_WITH_KNOTS ( 'NONE', 3,
 ( #897, #420, #1299, #1948, #1542, #2424, #635, #2655, #3, #647, #2411, #441, #849, #1284, #2612, #2392, #1491, #204, #452, #2183, #2159, #219, #1312, #1073, #1723, #2204, #872, #1962, #1749, #2641, #2829, #861, #2627, #2191, #656, #231, #1100, #241, #1982, #14, #885, #668, #1111, #1994 ),
 .UNSPECIFIED., .F., .F.,
 ( 4, 2, 2, 2, 2, 2, 2, 2, 2, 2, 2, 2, 2, 2, 2, 2, 2, 2, 2, 2, 2, 4 ),
 ( 6.992893892674702526E-18, 0.001266210937194996557, 0.001899316405792491258, 0.002532421874389985741, 0.003165527342987480876, 0.003798632811584975576, 0.004431738280182470277, 0.005064843748779965411, 0.006331054685974956547, 0.007597265623169946816, 0.008863476560364938819, 0.01012968749755993082, 0.01139589843475492283, 0.01266210937194991483, 0.01519453124633990924, 0.01646074218353490298, 0.01772695312072989846, 0.01836005858932739793, 0.01899316405792489393, 0.01962626952652238993, 0.01994282226082113793, 0.02025937499511988246 ),
 .UNSPECIFIED. ) ;
#1378 = DIRECTION ( 'NONE',  ( -1.000000000000000000, 3.304235192336777484E-16, -0.000000000000000000 ) ) ;
#1379 = CARTESIAN_POINT ( 'NONE',  ( 43.10574177922690353, 5.119033111469453168, 13.14092661355362779 ) ) ;
#1380 = VERTEX_POINT ( 'NONE', #652 ) ;
#1381 = ADVANCED_FACE ( 'NONE', ( #1755 ), #832, .F. ) ;
#1382 = AXIS2_PLACEMENT_3D ( 'NONE', #825, #1050, #148 ) ;
#1383 = PLANE ( 'NONE',  #2677 ) ;
#1384 = CARTESIAN_POINT ( 'NONE',  ( 47.03899735323041398, -26.55341303190354196, 33.23820568607484205 ) ) ;
#1385 = LINE ( 'NONE', #2280, #1931 ) ;
#1386 = EDGE_CURVE ( 'NONE', #54, #456, #2097, .T. ) ;
#1387 = AXIS2_PLACEMENT_3D ( 'NONE', #1254, #170, #1043 ) ;
#1388 = ADVANCED_FACE ( 'NONE', ( #2176 ), #762, .T. ) ;
#1389 = EDGE_LOOP ( 'NONE', ( #1708, #1337 ) ) ;
#1390 = CARTESIAN_POINT ( 'NONE',  ( 50.64285987977227421, 15.12670630953239836, 20.53849613875070190 ) ) ;
#1391 = LINE ( 'NONE', #2485, #2367 ) ;
#1392 = ORIENTED_EDGE ( 'NONE', *, *, #2404, .T. ) ;
#1393 = CARTESIAN_POINT ( 'NONE',  ( 43.78471734553247074, -9.510346334061567930, 14.11568272319055950 ) ) ;
#1394 = CARTESIAN_POINT ( 'NONE',  ( 47.44964920601220371, 41.99999999999996447, 55.38143876744825889 ) ) ;
#1395 = CARTESIAN_POINT ( 'NONE',  ( 40.99999999999997868, -40.99999999999996447, 0.000000000000000000 ) ) ;
#1396 = ADVANCED_FACE ( 'NONE', ( #628 ), #1956, .F. ) ;
#1397 = CARTESIAN_POINT ( 'NONE',  ( 45.93569129255919137, 41.82412646574831427, 18.56215811998022858 ) ) ;
#1398 = CARTESIAN_POINT ( 'NONE',  ( 46.28812628083613134, -26.68331166229147300, 19.71123017837882330 ) ) ;
#1399 = VECTOR ( 'NONE', #1497, 1000.000000000000000 ) ;
#1400 = CARTESIAN_POINT ( 'NONE',  ( 42.36861318736185922, -47.00000000000000711, 12.18921151199348429 ) ) ;
#1401 = CARTESIAN_POINT ( 'NONE',  ( 45.60973171217209199, -10.28867864900866991, 17.19542238513461641 ) ) ;
#1402 = VERTEX_POINT ( 'NONE', #1082 ) ;
#1403 = CARTESIAN_POINT ( 'NONE',  ( 25.00000000000141398, -25.00000000000000000, 0.000000000000000000 ) ) ;
#1404 = CARTESIAN_POINT ( 'NONE',  ( 47.00000000000000711, 41.99999999999996447, 1.158639454543360914E-30 ) ) ;
#1405 = LINE ( 'NONE', #945, #364 ) ;
#1406 = ORIENTED_EDGE ( 'NONE', *, *, #1161, .F. ) ;
#1407 = CARTESIAN_POINT ( 'NONE',  ( 50.02258913152692799, 13.53224985132153080, 19.24332369874655413 ) ) ;
#1408 = VERTEX_POINT ( 'NONE', #2165 ) ;
#1409 = EDGE_CURVE ( 'NONE', #660, #1408, #1267, .T. ) ;
#1410 = CARTESIAN_POINT ( 'NONE',  ( 44.50453649376044041, -12.84537883503941380, 15.32244046043642349 ) ) ;
#1411 = CARTESIAN_POINT ( 'NONE',  ( 47.00000000000000711, 41.87074526325965707, 57.28078654812365045 ) ) ;
#1412 = DIRECTION ( 'NONE',  ( 3.469446951953614189E-16, 1.000000000000000000, 0.000000000000000000 ) ) ;
#1413 = CIRCLE ( 'NONE', #1181, 20.00000000000000355 ) ;
#1414 = DIRECTION ( 'NONE',  ( -0.000000000000000000, 0.000000000000000000, -1.000000000000000000 ) ) ;
#1415 = DIRECTION ( 'NONE',  ( -1.000000000000000000, 3.304235192336776991E-16, -0.000000000000000000 ) ) ;
#1416 = CARTESIAN_POINT ( 'NONE',  ( 51.99999999999999289, -1.498893702314401766E-14, 1.158639454543360914E-30 ) ) ;
#1417 = CARTESIAN_POINT ( 'NONE',  ( 46.79315987207795047, -1.085312132572830102, 14.72778755983180865 ) ) ;
#1418 = ORIENTED_EDGE ( 'NONE', *, *, #1479, .T. ) ;
#1419 = DIRECTION ( 'NONE',  ( -1.000000000000000000, 3.258052255514228297E-16, 2.465190328815661892E-32 ) ) ;
#1420 = CARTESIAN_POINT ( 'NONE',  ( 40.99999999999999289, 40.99999999999999289, 5.000000000000000000 ) ) ;
#1421 = VERTEX_POINT ( 'NONE', #2824 ) ;
#1422 = CARTESIAN_POINT ( 'NONE',  ( 48.57614000458946890, -9.636416886489904243, 16.88801727484825932 ) ) ;
#1423 = VERTEX_POINT ( 'NONE', #857 ) ;
#1424 = CARTESIAN_POINT ( 'NONE',  ( 51.90172575063213856, 19.11979543909463430, 25.35335943756568966 ) ) ;
#1425 = CARTESIAN_POINT ( 'NONE',  ( 46.91269199989376659, -39.55927437074691966, 23.13236257331976020 ) ) ;
#1426 = DIRECTION ( 'NONE',  ( 0.000000000000000000, -1.000000000000000000, 0.000000000000000000 ) ) ;
#1427 = CARTESIAN_POINT ( 'NONE',  ( 45.90028709179596689, 42.00913243555969245, 18.45822516037353722 ) ) ;
#1428 = DIRECTION ( 'NONE',  ( 1.000000000000000000, -3.304235192336776991E-16, 0.000000000000000000 ) ) ;
#1429 = ADVANCED_FACE ( 'NONE', ( #1510, #1093, #213, #1731, #2835 ), #10, .F. ) ;
#1430 = CARTESIAN_POINT ( 'NONE',  ( 47.00000000000000000, 26.69113143264138799, 32.24433868030936168 ) ) ;
#1431 = CARTESIAN_POINT ( 'NONE',  ( 42.83452789766241864, -1.326492606477967406, 12.78248268863887382 ) ) ;
#1432 = EDGE_LOOP ( 'NONE', ( #961, #850, #2694, #2371 ) ) ;
#1433 = CARTESIAN_POINT ( 'NONE',  ( 40.99999999999997868, -40.99999999999996447, 109.0000000000000426 ) ) ;
#1434 = AXIS2_PLACEMENT_3D ( 'NONE', #1420, #1837, #2261 ) ;
#1435 = CARTESIAN_POINT ( 'NONE',  ( 51.90400214403229029, 39.63650639302681356, 27.72145363172041144 ) ) ;
#1436 = CARTESIAN_POINT ( 'NONE',  ( 46.98512498049569786, -42.39765339671741629, 23.54778627763129606 ) ) ;
#1437 = VERTEX_POINT ( 'NONE', #2153 ) ;
#1438 = CARTESIAN_POINT ( 'NONE',  ( 45.29030687797460786, -16.03721443402542235, 16.88052588633125950 ) ) ;
#1439 = CARTESIAN_POINT ( 'NONE',  ( 47.00000000000000711, 41.99999999999996447, 23.61240150423304129 ) ) ;
#1440 = AXIS2_PLACEMENT_3D ( 'NONE', #1306, #1548, #425 ) ;
#1441 = DIRECTION ( 'NONE',  ( 1.000000000000000000, -2.837621154675666483E-16, 2.465190328815661892E-32 ) ) ;
#1442 = CARTESIAN_POINT ( 'NONE',  ( 36.52300036826366636, -38.76414560689441657, 7.412350849776021100 ) ) ;
#1443 = CYLINDRICAL_SURFACE ( 'NONE', #1037, 5.000000000000000888 ) ;
#1444 = DIRECTION ( 'NONE',  ( -0.000000000000000000, 0.000000000000000000, 1.000000000000000000 ) ) ;
#1445 = B_SPLINE_CURVE_WITH_KNOTS ( 'NONE', 3,
 ( #968, #1198, #2030, #1593, #2302, #1397, #1427, #81, #555, #1149, #1830, #2692, #1164, #64, #936, #1809, #491, #2709, #723, #507, #2095, #2272, #115, #1865, #1845, #2637, #2080, #984, #1375, #2254, #739, #296, #131, #665, #1633, #1212, #540, #2289, #2743, #343, #772, #1650 ),
 .UNSPECIFIED., .F., .F.,
 ( 4, 2, 2, 2, 2, 2, 2, 2, 2, 2, 2, 2, 2, 2, 2, 2, 2, 2, 2, 2, 4 ),
 ( 0.02025937499511988246, 0.02057666593971118132, 0.02089395688430247672, 0.02152853877348505016, 0.02216312066266762013, 0.02279770255185019009, 0.02406686633021531962, 0.02533603010858044569, 0.02787435766531070128, 0.02914352144367583081, 0.03041268522204096034, 0.03168184900040608987, 0.03295101277877122287, 0.03422017655713635587, 0.03548934033550148193, 0.03675850411386661493, 0.03802766789223174793, 0.03866224978141429014, 0.03929683167059684623, 0.03993141355977939538, 0.04056599544896194454 ),
 .UNSPECIFIED. ) ;
#1446 = EDGE_CURVE ( 'NONE', #484, #551, #1079, .T. ) ;
#1447 = AXIS2_PLACEMENT_3D ( 'NONE', #1199, #2126, #556 ) ;
#1448 = ORIENTED_EDGE ( 'NONE', *, *, #2382, .T. ) ;
#1449 = AXIS2_PLACEMENT_3D ( 'NONE', #2773, #987, #1200 ) ;
#1450 = DIRECTION ( 'NONE',  ( 2.465190328815661892E-32, -8.145568640280981085E-48, -1.000000000000000000 ) ) ;
#1451 = CARTESIAN_POINT ( 'NONE',  ( 46.91269199989376659, 39.55927437074550568, 23.13236257331946888 ) ) ;
#1452 = DIRECTION ( 'NONE',  ( 1.000000000000000000, -3.304235192336776991E-16, 0.000000000000000000 ) ) ;
#1453 = ORIENTED_EDGE ( 'NONE', *, *, #1744, .F. ) ;
#1454 = CARTESIAN_POINT ( 'NONE',  ( 42.83409758956625524, -1.231044876021718082, 12.78192508587306975 ) ) ;
#1455 = CARTESIAN_POINT ( 'NONE',  ( 51.98779509658069031, -36.66335100580313622, 28.67927016743103508 ) ) ;
#1456 = FACE_BOUND ( 'NONE', #612, .T. ) ;
#1457 = EDGE_LOOP ( 'NONE', ( #1323, #2632 ) ) ;
#1458 = CARTESIAN_POINT ( 'NONE',  ( 37.88235646918798949, -37.07366559547883611, 8.215799061915513235 ) ) ;
#1459 = CARTESIAN_POINT ( 'NONE',  ( 47.00000000000000000, 25.82451217096017615, 46.67859217893894908 ) ) ;
#1460 = VECTOR ( 'NONE', #2269, 1000.000000000000000 ) ;
#1461 = CARTESIAN_POINT ( 'NONE',  ( 47.12388319246853996, 26.31132111148116692, 35.22923828252902467 ) ) ;
#1462 = EDGE_LOOP ( 'NONE', ( #2285, #1775 ) ) ;
#1463 = CARTESIAN_POINT ( 'NONE',  ( 52.00000000000002842, 22.99999999999999289, 65.00000000000000000 ) ) ;
#1464 = CARTESIAN_POINT ( 'NONE',  ( 46.99023607754456577, 34.52869140813194804, 24.32078258752907374 ) ) ;
#1465 = CARTESIAN_POINT ( 'NONE',  ( 47.00000000000000711, 32.98612181134004118, 25.00000000000000000 ) ) ;
#1466 = ORIENTED_EDGE ( 'NONE', *, *, #1096, .T. ) ;
#1467 = CARTESIAN_POINT ( 'NONE',  ( 43.89709186914479488, 10.05247202891309044, 14.29777166907074282 ) ) ;
#1468 = CARTESIAN_POINT ( 'NONE',  ( 45.54629323336938995, 20.67427173629647186, 17.51287690504686267 ) ) ;
#1469 = ORIENTED_EDGE ( 'NONE', *, *, #2407, .T. ) ;
#1470 = CARTESIAN_POINT ( 'NONE',  ( 45.99999999999997868, -40.99999999999996447, 18.75500200160159636 ) ) ;
#1471 = CARTESIAN_POINT ( 'NONE',  ( 44.32050807568906237, -20.00000000000051514, 15.00000000000052758 ) ) ;
#1472 = CARTESIAN_POINT ( 'NONE',  ( 46.99999999999998579, -23.00000000000008171, 65.00000000000061107 ) ) ;
#1473 = EDGE_LOOP ( 'NONE', ( #1492, #1534, #2043, #169, #308, #1348, #2020, #2283, #63, #1966, #2187, #608, #2747, #1058 ) ) ;
#1474 = CARTESIAN_POINT ( 'NONE',  ( 52.00000000000001421, -27.00000000000007105, 65.00000000000061107 ) ) ;
#1475 = LINE ( 'NONE', #1038, #572 ) ;
#1476 = ORIENTED_EDGE ( 'NONE', *, *, #1107, .F. ) ;
#1477 = CARTESIAN_POINT ( 'NONE',  ( 46.85167395916105448, 22.84894078414537688, 22.52640059525881000 ) ) ;
#1478 = DIRECTION ( 'NONE',  ( -3.304235192336776991E-16, -1.000000000000000000, 0.000000000000000000 ) ) ;
#1479 = EDGE_CURVE ( 'NONE', #2553, #2456, #26, .T. ) ;
#1480 = ORIENTED_EDGE ( 'NONE', *, *, #1030, .F. ) ;
#1481 = CARTESIAN_POINT ( 'NONE',  ( 47.02426830395987878, 25.80147286417822627, 45.10139868548465358 ) ) ;
#1482 = VECTOR ( 'NONE', #2114, 1000.000000000000000 ) ;
#1483 = DIRECTION ( 'NONE',  ( -0.000000000000000000, 0.000000000000000000, 1.000000000000000000 ) ) ;
#1484 = CIRCLE ( 'NONE', #2635, 4.999999999999997335 ) ;
#1485 = AXIS2_PLACEMENT_3D ( 'NONE', #966, #1197, #114 ) ;
#1486 = DIRECTION ( 'NONE',  ( 0.000000000000000000, -1.000000000000000000, 0.000000000000000000 ) ) ;
#1487 = ORIENTED_EDGE ( 'NONE', *, *, #295, .T. ) ;
#1488 = CIRCLE ( 'NONE', #1447, 20.00000000000000000 ) ;
#1489 = CARTESIAN_POINT ( 'NONE',  ( 25.00000000000141398, -25.00000000000000000, 0.000000000000000000 ) ) ;
#1490 = AXIS2_PLACEMENT_3D ( 'NONE', #2266, #735, #691 ) ;
#1491 = CARTESIAN_POINT ( 'NONE',  ( 38.81374258536030908, 36.48984372621887928, 8.856867098984492870 ) ) ;
#1492 = ORIENTED_EDGE ( 'NONE', *, *, #774, .T. ) ;
#1493 = SURFACE_STYLE_FILL_AREA ( #814 ) ;
#1494 = DIRECTION ( 'NONE',  ( -0.000000000000000000, -0.000000000000000000, -1.000000000000000000 ) ) ;
#1495 = ORIENTED_EDGE ( 'NONE', *, *, #1747, .T. ) ;
#1496 = CARTESIAN_POINT ( 'NONE',  ( 40.40514573337974014, -36.02516231706869121, 10.15156423506883421 ) ) ;
#1497 = DIRECTION ( 'NONE',  ( -1.000000000000000000, 3.304235192336776991E-16, -0.000000000000000000 ) ) ;
#1498 = B_SPLINE_CURVE_WITH_KNOTS ( 'NONE', 3,
 ( #412, #1505, #2162, #1302, #1041, #196, #2832, #1926, #1468, #1739, #422, #609, #1952, #1690, #2396, #1287, #2820, #1728, #2346, #2603, #2797, #638, #829, #2186, #2173, #222, #1077, #2359, #2135, #1713, #207, #650, #1519, #1964, #1703, #399, #2578, #1975, #1264 ),
 .UNSPECIFIED., .F., .F.,
 ( 4, 2, 2, 2, 2, 2, 2, 2, 2, 1, 2, 2, 2, 2, 2, 2, 2, 2, 2, 4 ),
 ( 0.01778285877206988233, 0.01879902602852410662, 0.01981519328497832397, 0.02032327691320543611, 0.02083136054143254826, 0.02184752779788677254, 0.02286369505434100030, 0.02387986231079522459, 0.02438794593902234020, 0.02489602956724944888, 0.02540411319547656449, 0.02591219682370368010, 0.02692836408015790439, 0.02794453133661212868, 0.02896069859306635991, 0.02997686584952058420, 0.03099303310597481195, 0.03200920036242903971, 0.03302536761888326400, 0.03404153487533748829 ),
 .UNSPECIFIED. ) ;
#1499 = DIRECTION ( 'NONE',  ( 2.523234146875355998E-16, 1.000000000000000000, 0.000000000000000000 ) ) ;
#1500 = VECTOR ( 'NONE', #1494, 1000.000000000000000 ) ;
#1501 = FACE_OUTER_BOUND ( 'NONE', #191, .T. ) ;
#1502 = CARTESIAN_POINT ( 'NONE',  ( 46.89810566971588202, 42.12371369649329722, 22.98334034688777905 ) ) ;
#1503 = EDGE_LOOP ( 'NONE', ( #2442, #2276 ) ) ;
#1504 = CARTESIAN_POINT ( 'NONE',  ( 26.99999999999997868, -47.00000000000000000, 25.00000000000000000 ) ) ;
#1505 = CARTESIAN_POINT ( 'NONE',  ( 44.48985660223443972, 19.99999999999956657, 15.29332025216401547 ) ) ;
#1506 = CIRCLE ( 'NONE', #1277, 5.000000000000000888 ) ;
#1507 = DIRECTION ( 'NONE',  ( -0.000000000000000000, -0.000000000000000000, -1.000000000000000000 ) ) ;
#1508 = ORIENTED_EDGE ( 'NONE', *, *, #1304, .T. ) ;
#1509 = LINE ( 'NONE', #1967, #753 ) ;
#1510 = FACE_BOUND ( 'NONE', #1503, .T. ) ;
#1511 = DIRECTION ( 'NONE',  ( 0.000000000000000000, 0.000000000000000000, -1.000000000000000000 ) ) ;
#1512 = EDGE_CURVE ( 'NONE', #551, #484, #215, .T. ) ;
#1513 = ADVANCED_FACE ( 'NONE', ( #62 ), #1162, .F. ) ;
#1514 = EDGE_CURVE ( 'NONE', #2436, #1202, #190, .T. ) ;
#1515 = CARTESIAN_POINT ( 'NONE',  ( 46.03402027587824819, -12.15578587581771330, 18.26684927875565378 ) ) ;
#1516 = CARTESIAN_POINT ( 'NONE',  ( 47.00000000000000711, 32.98612181134004118, 25.00000000000000000 ) ) ;
#1517 = VERTEX_POINT ( 'NONE', #248 ) ;
#1518 = CARTESIAN_POINT ( 'NONE',  ( 51.99999999999997868, -41.99999999999997868, 40.00000000000000711 ) ) ;
#1519 = CARTESIAN_POINT ( 'NONE',  ( 45.49340944450452184, 29.40979886760613127, 17.37888827578010620 ) ) ;
#1520 = UNCERTAINTY_MEASURE_WITH_UNIT (LENGTH_MEASURE( 1.000000000000000082E-05 ), #400, 'distance_accuracy_value', 'NONE');
#1521 = ORIENTED_EDGE ( 'NONE', *, *, #1992, .T. ) ;
#1522 = CARTESIAN_POINT ( 'NONE',  ( 51.99999999999997868, -41.99999999999997868, 55.00000000000000711 ) ) ;
#1523 = DIRECTION ( 'NONE',  ( -1.000000000000000000, 0.000000000000000000, 0.000000000000000000 ) ) ;
#1524 = VECTOR ( 'NONE', #959, 1000.000000000000000 ) ;
#1525 = DIRECTION ( 'NONE',  ( -0.000000000000000000, -0.000000000000000000, -1.000000000000000000 ) ) ;
#1526 = VECTOR ( 'NONE', #877, 1000.000000000000000 ) ;
#1527 = EDGE_CURVE ( 'NONE', #617, #435, #894, .T. ) ;
#1528 = CARTESIAN_POINT ( 'NONE',  ( 44.99395198427259857, 46.01504955358382176, 16.25386526612643934 ) ) ;
#1529 = CARTESIAN_POINT ( 'NONE',  ( 47.00000000000001421, 33.76417836950909646, 24.62595695790806971 ) ) ;
#1530 = EDGE_LOOP ( 'NONE', ( #589, #232, #75, #890 ) ) ;
#1531 = CARTESIAN_POINT ( 'NONE',  ( 20.73957307132238270, -10.70999054847152721, 5.000000000000000000 ) ) ;
#1532 = CYLINDRICAL_SURFACE ( 'NONE', #2607, 1.999999999999998224 ) ;
#1533 = CIRCLE ( 'NONE', #1166, 4.999999999999997335 ) ;
#1534 = ORIENTED_EDGE ( 'NONE', *, *, #1, .T. ) ;
#1535 = CARTESIAN_POINT ( 'NONE',  ( 47.18290413435379804, 25.86849476710379037, 41.16146091492838366 ) ) ;
#1536 = CARTESIAN_POINT ( 'NONE',  ( 41.44342051703375063, 28.22213745871665580, 11.16311578408480365 ) ) ;
#1537 = PLANE ( 'NONE',  #1054 ) ;
#1538 = CARTESIAN_POINT ( 'NONE',  ( 46.99999999999998579, -24.63261990333968399, 25.00000000000000000 ) ) ;
#1539 = CARTESIAN_POINT ( 'NONE',  ( 46.93470027218639018, -23.39684585937274974, 23.17504896804216585 ) ) ;
#1540 = CIRCLE ( 'NONE', #316, 12.49999999999999645 ) ;
#1541 = AXIS2_PLACEMENT_3D ( 'NONE', #1137, #13, #1971 ) ;
#1542 = CARTESIAN_POINT ( 'NONE',  ( 36.27893791976079996, 39.34023523928312471, 7.282525181237639700 ) ) ;
#1543 = EDGE_LOOP ( 'NONE', ( #2579, #490, #2739, #1638 ) ) ;
#1544 = CARTESIAN_POINT ( 'NONE',  ( 36.00000000000000000, 40.99999999999999289, 5.000000000000000000 ) ) ;
#1545 = CARTESIAN_POINT ( 'NONE',  ( 42.00000000000000711, 42.00000000000000000, 5.000000000000000000 ) ) ;
#1546 = ADVANCED_FACE ( 'NONE', ( #2001 ), #34, .T. ) ;
#1547 = ORIENTED_EDGE ( 'NONE', *, *, #1642, .T. ) ;
#1548 = DIRECTION ( 'NONE',  ( 0.000000000000000000, 1.000000000000000000, 0.000000000000000000 ) ) ;
#1549 = DIRECTION ( 'NONE',  ( 1.000000000000000000, 0.000000000000000000, 0.000000000000000000 ) ) ;
#1550 = CARTESIAN_POINT ( 'NONE',  ( 45.97252656218753941, -28.41510655526707296, 18.66690221501874802 ) ) ;
#1551 = CARTESIAN_POINT ( 'NONE',  ( 35.99999999999998579, -40.99999999999996447, 7.139428900508254294 ) ) ;
#1552 = CARTESIAN_POINT ( 'NONE',  ( 47.01276633084548706, -16.83111355281832999, 22.26351219301772133 ) ) ;
#1553 = CARTESIAN_POINT ( 'NONE',  ( 52.00000000000001421, -27.00000000000051159, 15.00000000000052758 ) ) ;
#1554 = VERTEX_POINT ( 'NONE', #702 ) ;
#1555 = CARTESIAN_POINT ( 'NONE',  ( 33.26847029839464653, -45.56343564000574275, 5.996710657228099706 ) ) ;
#1556 = CARTESIAN_POINT ( 'NONE',  ( 42.17358317598652206, -45.86853362787774557, 11.96404662882989811 ) ) ;
#1557 = VERTEX_POINT ( 'NONE', #505 ) ;
#1558 = CARTESIAN_POINT ( 'NONE',  ( 52.00000000000001421, -23.00000000000008171, 65.00000000000061107 ) ) ;
#1559 = DIRECTION ( 'NONE',  ( -0.000000000000000000, 0.000000000000000000, 1.000000000000000000 ) ) ;
#1560 = EDGE_LOOP ( 'NONE', ( #2681, #915, #2233, #2588 ) ) ;
#1561 = CIRCLE ( 'NONE', #52, 1.999999999999998224 ) ;
#1562 = EDGE_CURVE ( 'NONE', #161, #2456, #2251, .T. ) ;
#1563 = CARTESIAN_POINT ( 'NONE',  ( 41.16151333374227050, -27.83266710523648868, 10.87662742882337064 ) ) ;
#1564 = CARTESIAN_POINT ( 'NONE',  ( 44.99395198427257014, -46.01504955358379334, 16.25386526612646776 ) ) ;
#1565 = CIRCLE ( 'NONE', #884, 5.000000000000000888 ) ;
#1566 = CARTESIAN_POINT ( 'NONE',  ( 50.03860359925512569, -13.57045178044925748, 19.25012594865285820 ) ) ;
#1567 = EDGE_LOOP ( 'NONE', ( #470, #1242 ) ) ;
#1568 = AXIS2_PLACEMENT_3D ( 'NONE', #2726, #329, #755 ) ;
#1569 = CARTESIAN_POINT ( 'NONE',  ( 26.99999999999997868, -41.53355193398338940, 5.000000000000000000 ) ) ;
#1570 = ORIENTED_EDGE ( 'NONE', *, *, #1832, .F. ) ;
#1571 = CARTESIAN_POINT ( 'NONE',  ( 46.92916567843079889, -38.27627185537477317, 23.31620519022132854 ) ) ;
#1572 = CARTESIAN_POINT ( 'NONE',  ( 36.43306880593673469, -43.04606590682746514, 7.364104338743771017 ) ) ;
#1573 = ORIENTED_EDGE ( 'NONE', *, *, #382, .F. ) ;
#1574 = CARTESIAN_POINT ( 'NONE',  ( 45.99999999999997868, -40.99999999999996447, 5.000000000000000000 ) ) ;
#1575 = CARTESIAN_POINT ( 'NONE',  ( 40.22858872327828550, 24.81748097533659703, 9.999851986012782135 ) ) ;
#1576 = ORIENTED_EDGE ( 'NONE', *, *, #1122, .F. ) ;
#1577 = AXIS2_PLACEMENT_3D ( 'NONE', #819, #2320, #1897 ) ;
#1578 = CARTESIAN_POINT ( 'NONE',  ( 40.24055923027321313, -25.37232505715162389, 10.01038429229604709 ) ) ;
#1579 = AXIS2_PLACEMENT_3D ( 'NONE', #603, #2351, #174 ) ;
#1580 = EDGE_CURVE ( 'NONE', #516, #166, #1391, .T. ) ;
#1581 = ORIENTED_EDGE ( 'NONE', *, *, #2675, .T. ) ;
#1582 = CARTESIAN_POINT ( 'NONE',  ( 42.71463023250126412, -46.95985116519548086, 12.61664155410891475 ) ) ;
#1583 = CARTESIAN_POINT ( 'NONE',  ( 49.05206769644306064, -10.98424835497058183, 17.58303494472271211 ) ) ;
#1584 = EDGE_LOOP ( 'NONE', ( #2113, #1469 ) ) ;
#1585 = DIRECTION ( 'NONE',  ( 1.000000000000000000, 0.000000000000000000, 0.000000000000000000 ) ) ;
#1586 = CARTESIAN_POINT ( 'NONE',  ( 26.99999999999997868, -41.53355193398338940, 5.000000000000000000 ) ) ;
#1587 = CARTESIAN_POINT ( 'NONE',  ( 36.82815916991511784, -43.76344240820331066, 7.580875456840383997 ) ) ;
#1588 = AXIS2_PLACEMENT_3D ( 'NONE', #260, #1997, #2220 ) ;
#1589 = DIRECTION ( 'NONE',  ( 0.000000000000000000, 0.000000000000000000, -1.000000000000000000 ) ) ;
#1590 = CARTESIAN_POINT ( 'NONE',  ( 49.04766890531915635, 10.98106875449911790, 17.56169135473198040 ) ) ;
#1591 = CARTESIAN_POINT ( 'NONE',  ( 40.41165383636381137, 23.72003101557145399, 10.16318274625137086 ) ) ;
#1592 = ORIENTED_EDGE ( 'NONE', *, *, #954, .F. ) ;
#1593 = CARTESIAN_POINT ( 'NONE',  ( 45.98312293086664226, 41.42369409919964340, 18.70385042711803081 ) ) ;
#1594 = CARTESIAN_POINT ( 'NONE',  ( 45.71075053177774805, -20.93492115392053421, 17.92926090619169344 ) ) ;
#1595 = ORIENTED_EDGE ( 'NONE', *, *, #1562, .T. ) ;
#1596 = CARTESIAN_POINT ( 'NONE',  ( 44.24267614270388549, -46.47960687726870788, 14.85205992853292045 ) ) ;
#1597 = EDGE_CURVE ( 'NONE', #1423, #565, #1119, .T. ) ;
#1598 = EDGE_CURVE ( 'NONE', #1826, #911, #561, .T. ) ;
#1599 = ADVANCED_FACE ( 'NONE', ( #1364 ), #462, .F. ) ;
#1600 = CARTESIAN_POINT ( 'NONE',  ( 44.77433183407731576, -13.97318160792833019, 15.82609217290625914 ) ) ;
#1601 = ORIENTED_EDGE ( 'NONE', *, *, #1744, .T. ) ;
#1602 = CARTESIAN_POINT ( 'NONE',  ( 47.14329314987538311, -25.82967807842791785, 42.22522205362898973 ) ) ;
#1603 = ADVANCED_FACE ( 'NONE', ( #2016 ), #908, .F. ) ;
#1604 = DIRECTION ( 'NONE',  ( 0.000000000000000000, -1.000000000000000000, 0.000000000000000000 ) ) ;
#1605 = DIRECTION ( 'NONE',  ( -0.000000000000000000, -0.000000000000000000, -1.000000000000000000 ) ) ;
#1606 = ORIENTED_EDGE ( 'NONE', *, *, #1527, .F. ) ;
#1607 = CARTESIAN_POINT ( 'NONE',  ( 50.92688880314286592, 15.86936619280424843, 21.24282616126705037 ) ) ;
#1608 = DIRECTION ( 'NONE',  ( -3.304235192336776991E-16, -1.000000000000000000, 0.000000000000000000 ) ) ;
#1609 = ORIENTED_EDGE ( 'NONE', *, *, #2461, .F. ) ;
#1610 = CARTESIAN_POINT ( 'NONE',  ( 46.98351843683609985, 24.03043556057645702, 24.07143492265980456 ) ) ;
#1611 = FACE_BOUND ( 'NONE', #1457, .T. ) ;
#1612 = DIRECTION ( 'NONE',  ( 1.000000000000000000, -3.304235192336776991E-16, 0.000000000000000000 ) ) ;
#1613 = FACE_OUTER_BOUND ( 'NONE', #1619, .T. ) ;
#1614 = CARTESIAN_POINT ( 'NONE',  ( 41.64398820211066976, -28.45744585081503075, 11.37473635815620199 ) ) ;
#1615 = AXIS2_PLACEMENT_3D ( 'NONE', #209, #2137, #386 ) ;
#1616 = CARTESIAN_POINT ( 'NONE',  ( 51.88027904870140361, -40.86826457997020867, 27.53851838518144746 ) ) ;
#1617 = B_SPLINE_CURVE_WITH_KNOTS ( 'NONE', 3,
 ( #993, #1887, #547, #562, #1222, #2103, #2748, #1624, #136, #2072, #1005, #2546, #108, #792, #2700, #1190, #2279, #745 ),
 .UNSPECIFIED., .F., .F.,
 ( 4, 2, 2, 2, 2, 2, 2, 2, 4 ),
 ( 0.000000000000000000, 0.004111969839705001753, 0.006167954759557497425, 0.008223939679409993098, 0.01027992459926249137, 0.01130791705918874658, 0.01233590951911500005, 0.01439189443896751394, 0.01644787935882002783 ),
 .UNSPECIFIED. ) ;
#1618 = CARTESIAN_POINT ( 'NONE',  ( 44.33566032197722961, -1.176816413190931332, 14.72802714626613430 ) ) ;
#1619 = EDGE_LOOP ( 'NONE', ( #1004, #1547, #2479, #1895, #1683 ) ) ;
#1620 = AXIS2_PLACEMENT_3D ( 'NONE', #2247, #286, #321 ) ;
#1621 = ADVANCED_FACE ( 'NONE', ( #1847 ), #315, .F. ) ;
#1622 = DIRECTION ( 'NONE',  ( -2.465190328815661892E-32, 8.145568640280981085E-48, 1.000000000000000000 ) ) ;
#1623 = AXIS2_PLACEMENT_3D ( 'NONE', #794, #2530, #2297 ) ;
#1624 = CARTESIAN_POINT ( 'NONE',  ( 34.47110277292772906, 46.00328934277190740, 6.436564359994257245 ) ) ;
#1625 = DIRECTION ( 'NONE',  ( 1.107270303814983170E-16, -1.000000000000000000, 0.000000000000000000 ) ) ;
#1626 = AXIS2_PLACEMENT_3D ( 'NONE', #2834, #2823, #2399 ) ;
#1627 = CYLINDRICAL_SURFACE ( 'NONE', #227, 4.999999999999997335 ) ;
#1628 = CARTESIAN_POINT ( 'NONE',  ( 47.83519993885906985, -7.284539671156073481, 15.91316237720900162 ) ) ;
#1629 = ORIENTED_EDGE ( 'NONE', *, *, #1979, .F. ) ;
#1630 = CARTESIAN_POINT ( 'NONE',  ( 46.65795446245081735, -21.68503499404487300, 21.20732202375033637 ) ) ;
#1631 = CARTESIAN_POINT ( 'NONE',  ( 52.00000000000001421, -25.00000000000052225, 15.00000000000052758 ) ) ;
#1632 = DIRECTION ( 'NONE',  ( 0.000000000000000000, 1.000000000000000000, 0.000000000000000000 ) ) ;
#1633 = CARTESIAN_POINT ( 'NONE',  ( 36.43378466925429393, 43.04758238780500079, 7.364488361656102988 ) ) ;
#1634 = CARTESIAN_POINT ( 'NONE',  ( 52.00000000000000711, 41.99999999999996447, 1.158639454543360914E-30 ) ) ;
#1635 = CIRCLE ( 'NONE', #1682, 2.000000000000005329 ) ;
#1636 = FACE_BOUND ( 'NONE', #1764, .T. ) ;
#1637 = CARTESIAN_POINT ( 'NONE',  ( 46.86513077022077312, -2.136274122931900443, 14.80307338896171387 ) ) ;
#1638 = ORIENTED_EDGE ( 'NONE', *, *, #2365, .F. ) ;
#1639 = LINE ( 'NONE', #546, #208 ) ;
#1640 = CARTESIAN_POINT ( 'NONE',  ( 41.99999999999996447, 47.00000000000000000, 5.000000000000000000 ) ) ;
#1641 = LINE ( 'NONE', #2262, #1180 ) ;
#1642 = EDGE_CURVE ( 'NONE', #2553, #54, #1724, .T. ) ;
#1643 = ORIENTED_EDGE ( 'NONE', *, *, #935, .F. ) ;
#1644 = CARTESIAN_POINT ( 'NONE',  ( 47.47054902477675853, -5.796805658077905932, 15.47978417811225071 ) ) ;
#1645 = ORIENTED_EDGE ( 'NONE', *, *, #2141, .T. ) ;
#1646 = ADVANCED_FACE ( 'NONE', ( #281 ), #1833, .F. ) ;
#1647 = CARTESIAN_POINT ( 'NONE',  ( 49.53953370798595301, 12.28464044646635145, 18.36902104170096095 ) ) ;
#1648 = LINE ( 'NONE', #2520, #1822 ) ;
#1649 = CARTESIAN_POINT ( 'NONE',  ( 52.00000000000000000, 21.99999999999996803, 55.00000000000000711 ) ) ;
#1650 = CARTESIAN_POINT ( 'NONE',  ( 36.00000000000000000, 40.99999999999998579, 7.139428900508245412 ) ) ;
#1651 = CARTESIAN_POINT ( 'NONE',  ( 44.65580389380030368, -20.02660986913672403, 15.59861553947156665 ) ) ;
#1652 = FACE_OUTER_BOUND ( 'NONE', #736, .T. ) ;
#1653 = VECTOR ( 'NONE', #2812, 1000.000000000000000 ) ;
#1654 = CARTESIAN_POINT ( 'NONE',  ( 43.36972927947784484, -7.040090186379506676, 13.50821524909319216 ) ) ;
#1655 = VERTEX_POINT ( 'NONE', #1551 ) ;
#1656 = DIRECTION ( 'NONE',  ( -1.000000000000000000, 3.304235192336776991E-16, -0.000000000000000000 ) ) ;
#1657 = VERTEX_POINT ( 'NONE', #2476 ) ;
#1658 = DIRECTION ( 'NONE',  ( -0.000000000000000000, -0.000000000000000000, -1.000000000000000000 ) ) ;
#1659 = EDGE_LOOP ( 'NONE', ( #2660, #1074, #1691, #1645 ) ) ;
#1660 = CARTESIAN_POINT ( 'NONE',  ( 46.04287554351628842, -18.99213611013090741, 18.83475513575384852 ) ) ;
#1661 = CARTESIAN_POINT ( 'NONE',  ( 46.92320171529248540, -38.69110895025004027, 23.24802806759447193 ) ) ;
#1662 = DIRECTION ( 'NONE',  ( 1.000000000000000000, 0.000000000000000000, 0.000000000000000000 ) ) ;
#1663 = CARTESIAN_POINT ( 'NONE',  ( 36.43378466925427261, -38.95241761219494236, 7.364488361656113646 ) ) ;
#1664 = CARTESIAN_POINT ( 'NONE',  ( 46.99999999999998579, -25.82451217096018325, 46.67859217893900592 ) ) ;
#1665 = ADVANCED_FACE ( 'NONE', ( #711 ), #2492, .F. ) ;
#1666 = DIRECTION ( 'NONE',  ( -1.000000000000000000, 3.304235192336776991E-16, -0.000000000000000000 ) ) ;
#1667 = CARTESIAN_POINT ( 'NONE',  ( 48.71937030397069179, 10.07550631312049561, 17.08195066036412868 ) ) ;
#1668 = VERTEX_POINT ( 'NONE', #2214 ) ;
#1669 = EDGE_CURVE ( 'NONE', #224, #2663, #1144, .T. ) ;
#1670 = FACE_OUTER_BOUND ( 'NONE', #363, .T. ) ;
#1671 = LINE ( 'NONE', #434, #1500 ) ;
#1672 = CARTESIAN_POINT ( 'NONE',  ( 46.99687636790412171, -42.20205409910339256, 23.59950041341733851 ) ) ;
#1673 = VERTEX_POINT ( 'NONE', #1781 ) ;
#1674 = CARTESIAN_POINT ( 'NONE',  ( 44.13283777543839648, -11.19140794186698962, 14.67940677584717690 ) ) ;
#1675 = CARTESIAN_POINT ( 'NONE',  ( 47.35427701488991659, -42.12903928862075276, 27.48392150825601732 ) ) ;
#1676 = AXIS2_PLACEMENT_3D ( 'NONE', #596, #1452, #368 ) ;
#1677 = CARTESIAN_POINT ( 'NONE',  ( 40.73957307132238270, -27.00000000000000000, 5.000000000000000000 ) ) ;
#1678 = ORIENTED_EDGE ( 'NONE', *, *, #869, .F. ) ;
#1679 = LINE ( 'NONE', #1692, #1812 ) ;
#1680 = FACE_OUTER_BOUND ( 'NONE', #726, .T. ) ;
#1681 = CARTESIAN_POINT ( 'NONE',  ( 51.99999999999999289, -1.718202300015123818E-14, 37.22636645523086685 ) ) ;
#1682 = AXIS2_PLACEMENT_3D ( 'NONE', #189, #1959, #2596 ) ;
#1683 = ORIENTED_EDGE ( 'NONE', *, *, #1316, .F. ) ;
#1684 = CIRCLE ( 'NONE', #2455, 17.49999999999999645 ) ;
#1685 = DIRECTION ( 'NONE',  ( -0.000000000000000000, 0.000000000000000000, 1.000000000000000000 ) ) ;
#1686 = CARTESIAN_POINT ( 'NONE',  ( 47.34023123755207507, 40.51693825864706611, 27.58399477941103228 ) ) ;
#1687 = CARTESIAN_POINT ( 'NONE',  ( 20.73957307132238270, 2.296431337567617883E-15, 5.000000000000000000 ) ) ;
#1688 = VERTEX_POINT ( 'NONE', #2447 ) ;
#1689 = CARTESIAN_POINT ( 'NONE',  ( 43.07393345506706339, 4.807634500759297325, 13.09814992432113812 ) ) ;
#1690 = CARTESIAN_POINT ( 'NONE',  ( 46.16544303354137924, 22.39206190900907245, 19.27924333571418103 ) ) ;
#1691 = ORIENTED_EDGE ( 'NONE', *, *, #2704, .T. ) ;
#1692 = CARTESIAN_POINT ( 'NONE',  ( 27.00000000000000355, 25.00000000000000000, 5.000000000000000000 ) ) ;
#1693 = CARTESIAN_POINT ( 'NONE',  ( 38.89999999999998437, -40.99999999999996447, 5.000000000000000000 ) ) ;
#1694 = VECTOR ( 'NONE', #395, 1000.000000000000000 ) ;
#1695 = DIRECTION ( 'NONE',  ( 1.000000000000000000, 0.000000000000000000, 0.000000000000000000 ) ) ;
#1696 = ORIENTED_EDGE ( 'NONE', *, *, #1088, .F. ) ;
#1697 = ADVANCED_FACE ( 'NONE', ( #479 ), #268, .F. ) ;
#1698 = ADVANCED_FACE ( 'NONE', ( #2730, #2099 ), #542, .T. ) ;
#1699 = CARTESIAN_POINT ( 'NONE',  ( 52.00000000000001421, -23.00000000000008171, 65.00000000000061107 ) ) ;
#1700 = DIRECTION ( 'NONE',  ( -1.000000000000000000, 3.304235192336777484E-16, -0.000000000000000000 ) ) ;
#1701 = EDGE_CURVE ( 'NONE', #866, #713, #1947, .T. ) ;
#1702 = ORIENTED_EDGE ( 'NONE', *, *, #1330, .F. ) ;
#1703 = CARTESIAN_POINT ( 'NONE',  ( 45.10733405822116282, 29.77983525627485761, 16.50120023286691406 ) ) ;
#1704 = VERTEX_POINT ( 'NONE', #1883 ) ;
#1705 = CARTESIAN_POINT ( 'NONE',  ( 44.28263685303150510, -37.19328117479059870, 14.90665917824987829 ) ) ;
#1706 = CARTESIAN_POINT ( 'NONE',  ( 46.94453642511847846, 42.74592267004353374, 23.34298741581731207 ) ) ;
#1707 = LINE ( 'NONE', #858, #1653 ) ;
#1708 = ORIENTED_EDGE ( 'NONE', *, *, #1597, .T. ) ;
#1709 = DIRECTION ( 'NONE',  ( -1.000000000000000000, 3.304235192336776991E-16, -0.000000000000000000 ) ) ;
#1710 = CARTESIAN_POINT ( 'NONE',  ( 47.00000000000000000, 26.99999999999998934, 65.00000000000000000 ) ) ;
#1711 = VERTEX_POINT ( 'NONE', #1472 ) ;
#1712 = CARTESIAN_POINT ( 'NONE',  ( 46.04174242431589192, 18.98828672481646151, 18.83290384458042155 ) ) ;
#1713 = CARTESIAN_POINT ( 'NONE',  ( 45.97536868349170902, 28.40600639592190646, 18.67542391465764595 ) ) ;
#1714 = ORIENTED_EDGE ( 'NONE', *, *, #1965, .T. ) ;
#1715 = CARTESIAN_POINT ( 'NONE',  ( 42.94815125555872015, -36.38712734471348398, 12.92412830831231751 ) ) ;
#1716 = CARTESIAN_POINT ( 'NONE',  ( 51.99999999999998579, -21.99999999999998224, 75.00000000000001421 ) ) ;
#1717 = AXIS2_PLACEMENT_3D ( 'NONE', #2383, #193, #1972 ) ;
#1718 = VECTOR ( 'NONE', #2490, 1000.000000000000000 ) ;
#1719 = CARTESIAN_POINT ( 'NONE',  ( 47.19415330669032471, -26.12020379751044885, 37.22636645523086685 ) ) ;
#1720 = AXIS2_PLACEMENT_3D ( 'NONE', #2290, #132, #2744 ) ;
#1721 = DIRECTION ( 'NONE',  ( -0.000000000000000000, 0.000000000000000000, 1.000000000000000000 ) ) ;
#1722 = AXIS2_PLACEMENT_3D ( 'NONE', #160, #2304, #1018 ) ;
#1723 = CARTESIAN_POINT ( 'NONE',  ( 42.43980927373922185, 36.20412721749934803, 12.28066431791364721 ) ) ;
#1724 = B_SPLINE_CURVE_WITH_KNOTS ( 'NONE', 3,
 ( #2242, #2665, #1185, #2068, #1795, #1332, #104, #86 ),
 .UNSPECIFIED., .F., .F.,
 ( 4, 2, 2, 4 ),
 ( 0.000000000000000000, 0.001302619356954019814, 0.001953929035431027118, 0.002605238713908034423 ),
 .UNSPECIFIED. ) ;
#1725 = ORIENTED_EDGE ( 'NONE', *, *, #1669, .T. ) ;
#1726 = EDGE_CURVE ( 'NONE', #1274, #1174, #358, .T. ) ;
#1727 = CARTESIAN_POINT ( 'NONE',  ( 47.00000000000001421, 24.30987895171773872, 24.47981567752578869 ) ) ;
#1728 = CARTESIAN_POINT ( 'NONE',  ( 46.31633524510726119, 23.64241970500360424, 19.81520546692541274 ) ) ;
#1729 = VERTEX_POINT ( 'NONE', #2142 ) ;
#1730 = CARTESIAN_POINT ( 'NONE',  ( 47.12308485624296139, 25.82068109904656694, 42.73716211121774933 ) ) ;
#1731 = FACE_BOUND ( 'NONE', #2163, .T. ) ;
#1732 = ADVANCED_FACE ( 'NONE', ( #1652, #1636, #775, #1045, #2759, #376 ), #146, .T. ) ;
#1733 = CARTESIAN_POINT ( 'NONE',  ( 51.99999999999998579, -20.15396173909610411, 27.22297571913288650 ) ) ;
#1734 = EDGE_CURVE ( 'NONE', #1688, #1421, #1346, .T. ) ;
#1735 = DIRECTION ( 'NONE',  ( -0.000000000000000000, 0.000000000000000000, 1.000000000000000000 ) ) ;
#1736 = CARTESIAN_POINT ( 'NONE',  ( 46.92916567843084863, 38.27627185537477317, 23.31620519022132498 ) ) ;
#1737 = VERTEX_POINT ( 'NONE', #2292 ) ;
#1738 = CARTESIAN_POINT ( 'NONE',  ( 40.73957307132238270, -47.00000000000000000, 10.46644806601661415 ) ) ;
#1739 = CARTESIAN_POINT ( 'NONE',  ( 45.70982007531035407, 20.93306655068288080, 17.92676506130847258 ) ) ;
#1740 = VERTEX_POINT ( 'NONE', #2128 ) ;
#1741 = CARTESIAN_POINT ( 'NONE',  ( 46.99999999999998579, -20.00000000000051870, 15.00000000000052758 ) ) ;
#1742 = DIRECTION ( 'NONE',  ( 0.000000000000000000, -1.000000000000000000, 0.000000000000000000 ) ) ;
#1743 = AXIS2_PLACEMENT_3D ( 'NONE', #1035, #2340, #1072 ) ;
#1744 = EDGE_CURVE ( 'NONE', #713, #2324, #1684, .T. ) ;
#1745 = CARTESIAN_POINT ( 'NONE',  ( 41.64628717727111251, -21.53989033361495586, 11.37717636312255998 ) ) ;
#1746 = DIRECTION ( 'NONE',  ( 0.000000000000000000, -1.000000000000000000, 0.000000000000000000 ) ) ;
#1747 = EDGE_CURVE ( 'NONE', #2015, #54, #558, .T. ) ;
#1748 = TOROIDAL_SURFACE ( 'NONE', #1787, 27.49999999999999645, 5.000000000000000000 ) ;
#1749 = CARTESIAN_POINT ( 'NONE',  ( 44.28549697754135650, 37.19587579431562574, 14.91167141952996467 ) ) ;
#1750 = ORIENTED_EDGE ( 'NONE', *, *, #1562, .F. ) ;
#1751 = CARTESIAN_POINT ( 'NONE',  ( 46.98982528889935395, -34.55990401657890487, 24.30885634775354731 ) ) ;
#1752 = CARTESIAN_POINT ( 'NONE',  ( 40.40992952698051965, -45.97538291430355173, 10.15589264166036543 ) ) ;
#1753 = ORIENTED_EDGE ( 'NONE', *, *, #295, .F. ) ;
#1754 = FACE_OUTER_BOUND ( 'NONE', #1351, .T. ) ;
#1755 = FACE_OUTER_BOUND ( 'NONE', #1910, .T. ) ;
#1756 = CARTESIAN_POINT ( 'NONE',  ( -23.00000000000002132, -25.00000000000049383, 15.00000000000052758 ) ) ;
#1757 = VECTOR ( 'NONE', #1904, 1000.000000000000000 ) ;
#1758 = CARTESIAN_POINT ( 'NONE',  ( 40.73957307132238270, 47.00000000000000000, 5.000000000000000000 ) ) ;
#1759 = CARTESIAN_POINT ( 'NONE',  ( 46.90853152546599603, 39.98201198837844572, 23.08914763664556702 ) ) ;
#1760 = ORIENTED_EDGE ( 'NONE', *, *, #2245, .F. ) ;
#1761 = CARTESIAN_POINT ( 'NONE',  ( 46.99999999999997868, -33.76417836950907514, 24.62595695790804839 ) ) ;
#1762 = FACE_OUTER_BOUND ( 'NONE', #111, .T. ) ;
#1763 = AXIS2_PLACEMENT_3D ( 'NONE', #345, #1866, #2523 ) ;
#1764 = EDGE_LOOP ( 'NONE', ( #782, #1963, #466, #1154 ) ) ;
#1765 = FACE_OUTER_BOUND ( 'NONE', #722, .T. ) ;
#1766 = CARTESIAN_POINT ( 'NONE',  ( 42.90736465359217533, 20.46486067182462776, 12.87227094533326621 ) ) ;
#1767 = CARTESIAN_POINT ( 'NONE',  ( 41.06942317825335920, -27.69471190807008298, 10.78500564161669217 ) ) ;
#1768 = CARTESIAN_POINT ( 'NONE',  ( 51.63491158317717833, -17.96016508797928068, 23.63318183095156755 ) ) ;
#1769 = AXIS2_PLACEMENT_3D ( 'NONE', #2804, #2327, #2777 ) ;
#1770 = ADVANCED_FACE ( 'NONE', ( #2745 ), #2409, .T. ) ;
#1771 = FACE_OUTER_BOUND ( 'NONE', #830, .T. ) ;
#1772 = VERTEX_POINT ( 'NONE', #347 ) ;
#1773 = CARTESIAN_POINT ( 'NONE',  ( 39.73094223874635844, -47.00000000000000711, 9.512919493709180330 ) ) ;
#1774 = CARTESIAN_POINT ( 'NONE',  ( 36.27893791976078575, -42.65976476071682555, 7.282525181237644141 ) ) ;
#1775 = ORIENTED_EDGE ( 'NONE', *, *, #1009, .T. ) ;
#1776 = PLANE ( 'NONE',  #1440 ) ;
#1777 = CARTESIAN_POINT ( 'NONE',  ( 46.99999999999998579, -21.99999999999997868, 55.00000000000000711 ) ) ;
#1778 = AXIS2_PLACEMENT_3D ( 'NONE', #411, #1275, #2807 ) ;
#1779 = EDGE_CURVE ( 'NONE', #1673, #2324, #74, .T. ) ;
#1780 = CARTESIAN_POINT ( 'NONE',  ( 46.27135137765540662, -26.84512795335976065, 19.65022872637344875 ) ) ;
#1781 = CARTESIAN_POINT ( 'NONE',  ( 52.00000000000000711, 35.56151557952860287, 29.28571428571428825 ) ) ;
#1782 = CARTESIAN_POINT ( 'NONE',  ( 45.91743356873645610, -18.50439104009487679, 18.49882633491245798 ) ) ;
#1783 = DIRECTION ( 'NONE',  ( -0.000000000000000000, 0.000000000000000000, 1.000000000000000000 ) ) ;
#1784 = ORIENTED_EDGE ( 'NONE', *, *, #103, .T. ) ;
#1785 = DIRECTION ( 'NONE',  ( -1.000000000000000000, 0.000000000000000000, 0.000000000000000000 ) ) ;
#1786 = CYLINDRICAL_SURFACE ( 'NONE', #2464, 4.999999999999997335 ) ;
#1787 = AXIS2_PLACEMENT_3D ( 'NONE', #2708, #2361, #2150 ) ;
#1788 = ORIENTED_EDGE ( 'NONE', *, *, #629, .F. ) ;
#1789 = CARTESIAN_POINT ( 'NONE',  ( 47.16172347883847493, -4.264319927847078695, 15.12789904931477381 ) ) ;
#1790 = EDGE_CURVE ( 'NONE', #1737, #445, #480, .T. ) ;
#1791 = DIRECTION ( 'NONE',  ( 0.000000000000000000, -1.000000000000000000, 0.000000000000000000 ) ) ;
#1792 = ORIENTED_EDGE ( 'NONE', *, *, #1297, .T. ) ;
#1793 = CARTESIAN_POINT ( 'NONE',  ( 43.09999999999999432, 40.99999999999999289, 5.000000000000000000 ) ) ;
#1794 = B_SPLINE_CURVE_WITH_KNOTS ( 'NONE', 3,
 ( #1310, #654, #2448, #218, #2406, #1084, #429, #1528, #451, #2653, #1295, #1993, #2640, #2434 ),
 .UNSPECIFIED., .F., .F.,
 ( 4, 2, 2, 2, 2, 2, 4 ),
 ( 0.000000000000000000, 0.001648281853830581680, 0.003296563707661163359, 0.004944845561491744389, 0.006593127415322326719, 0.009889691122983495716, 0.01318625483064466732 ),
 .UNSPECIFIED. ) ;
#1795 = CARTESIAN_POINT ( 'NONE',  ( 47.29545106507038099, -41.98531688283558339, 55.79257863357460678 ) ) ;
#1796 = CARTESIAN_POINT ( 'NONE',  ( 46.87692524835331653, 2.086631910022333614, 14.81703381920086748 ) ) ;
#1797 = ORIENTED_EDGE ( 'NONE', *, *, #1184, .T. ) ;
#1798 = AXIS2_PLACEMENT_3D ( 'NONE', #2046, #2522, #1361 ) ;
#1799 = CARTESIAN_POINT ( 'NONE',  ( 151.0000000000000284, -4.989395140428534277E-14, 37.22636645523086685 ) ) ;
#1800 = ORIENTED_EDGE ( 'NONE', *, *, #574, .F. ) ;
#1801 = DIRECTION ( 'NONE',  ( 0.000000000000000000, 0.000000000000000000, -1.000000000000000000 ) ) ;
#1802 = DIRECTION ( 'NONE',  ( -1.000000000000000000, 0.000000000000000000, 0.000000000000000000 ) ) ;
#1803 = ORIENTED_EDGE ( 'NONE', *, *, #1298, .T. ) ;
#1804 = CARTESIAN_POINT ( 'NONE',  ( 50.64102081304170611, -15.12488475990222092, 20.56041322936066251 ) ) ;
#1805 = CARTESIAN_POINT ( 'NONE',  ( 40.24055923027295734, 24.62767494284846492, 10.01038429229580018 ) ) ;
#1806 = ORIENTED_EDGE ( 'NONE', *, *, #774, .F. ) ;
#1807 = VECTOR ( 'NONE', #403, 1000.000000000000000 ) ;
#1808 = EDGE_CURVE ( 'NONE', #1008, #1729, #2827, .T. ) ;
#1809 = CARTESIAN_POINT ( 'NONE',  ( 44.28263685303151931, 44.80671882520935867, 14.90665917824984277 ) ) ;
#1810 = EDGE_CURVE ( 'NONE', #1340, #224, #2221, .T. ) ;
#1811 = CARTESIAN_POINT ( 'NONE',  ( 46.16763061430354753, -22.40349808023177047, 19.28651067143175268 ) ) ;
#1812 = VECTOR ( 'NONE', #198, 1000.000000000000000 ) ;
#1813 = ADVANCED_FACE ( 'NONE', ( #2789 ), #820, .F. ) ;
#1814 = ORIENTED_EDGE ( 'NONE', *, *, #2067, .F. ) ;
#1815 = EDGE_CURVE ( 'NONE', #584, #445, #1679, .T. ) ;
#1816 = DIRECTION ( 'NONE',  ( 1.000000000000000000, -3.304235192336776991E-16, 0.000000000000000000 ) ) ;
#1817 = CARTESIAN_POINT ( 'NONE',  ( 45.92825044548620639, -11.69918503890728623, 17.98223756452898670 ) ) ;
#1818 = EDGE_LOOP ( 'NONE', ( #1570, #1132, #1343, #1983 ) ) ;
#1819 = PLANE ( 'NONE',  #2493 ) ;
#1820 = DIRECTION ( 'NONE',  ( -0.000000000000000000, 0.000000000000000000, 1.000000000000000000 ) ) ;
#1821 = CARTESIAN_POINT ( 'NONE',  ( 51.99999999999997868, -35.56151557952858866, 29.28571428571428825 ) ) ;
#1822 = VECTOR ( 'NONE', #2093, 1000.000000000000000 ) ;
#1823 = ORIENTED_EDGE ( 'NONE', *, *, #365, .T. ) ;
#1824 = CARTESIAN_POINT ( 'NONE',  ( 51.99999999999999289, -1.718202300015123818E-14, 37.22636645523086685 ) ) ;
#1825 = CARTESIAN_POINT ( 'NONE',  ( 40.28765291021142758, 25.74341675173510779, 10.05211537275134148 ) ) ;
#1826 = VERTEX_POINT ( 'NONE', #2139 ) ;
#1827 = CARTESIAN_POINT ( 'NONE',  ( 42.89359235675181026, 2.395577549060600830, 12.85935309317473063 ) ) ;
#1828 = FACE_OUTER_BOUND ( 'NONE', #56, .T. ) ;
#1829 = CIRCLE ( 'NONE', #476, 2.000000000000005329 ) ;
#1830 = CARTESIAN_POINT ( 'NONE',  ( 45.60496776349452830, 42.95339068178268604, 17.65957683344287332 ) ) ;
#1831 = CARTESIAN_POINT ( 'NONE',  ( 45.10558177713649997, -29.78079352348745346, 16.49756676648187792 ) ) ;
#1832 = EDGE_CURVE ( 'NONE', #1202, #1938, #2770, .T. ) ;
#1833 = CYLINDRICAL_SURFACE ( 'NONE', #630, 1.999999999999991340 ) ;
#1834 = CARTESIAN_POINT ( 'NONE',  ( 47.07070949087435707, -3.706174240456331592, 15.02740910887327885 ) ) ;
#1835 = EDGE_LOOP ( 'NONE', ( #791, #862, #19, #598 ) ) ;
#1836 = DIRECTION ( 'NONE',  ( 3.304235192336776991E-16, 1.000000000000000000, 0.000000000000000000 ) ) ;
#1837 = DIRECTION ( 'NONE',  ( -0.000000000000000000, 0.000000000000000000, 1.000000000000000000 ) ) ;
#1838 = DIRECTION ( 'NONE',  ( -0.000000000000000000, -0.000000000000000000, -1.000000000000000000 ) ) ;
#1839 = DIRECTION ( 'NONE',  ( 3.304235192336776991E-16, 1.000000000000000000, -0.000000000000000000 ) ) ;
#1840 = DIRECTION ( 'NONE',  ( 1.000000000000000000, 0.000000000000000000, 0.000000000000000000 ) ) ;
#1841 = ORIENTED_EDGE ( 'NONE', *, *, #2067, .T. ) ;
#1842 = CARTESIAN_POINT ( 'NONE',  ( 51.99999999954795982, 19.91579088665043784, 26.74312979746596852 ) ) ;
#1843 = CARTESIAN_POINT ( 'NONE',  ( 47.26923304227639733, -38.31315445369007477, 28.03849054918541484 ) ) ;
#1844 = CARTESIAN_POINT ( 'NONE',  ( 0.000000000000000000, 0.000000000000000000, 5.000000000000000000 ) ) ;
#1845 = CARTESIAN_POINT ( 'NONE',  ( 40.40514573337974014, 45.97483768293127326, 10.15156423506881467 ) ) ;
#1846 = DIRECTION ( 'NONE',  ( -1.000000000000000000, 3.304235192336777484E-16, -0.000000000000000000 ) ) ;
#1847 = FACE_OUTER_BOUND ( 'NONE', #2737, .T. ) ;
#1848 = CARTESIAN_POINT ( 'NONE',  ( 44.54344320592694828, -4.012470177310870412, 15.07750726418392517 ) ) ;
#1849 = PRODUCT_DEFINITION ( 'UNKNOWN', '', #2203, #865 ) ;
#1850 = ORIENTED_EDGE ( 'NONE', *, *, #1598, .T. ) ;
#1851 = EDGE_CURVE ( 'NONE', #1437, #1655, #2595, .T. ) ;
#1852 = DIRECTION ( 'NONE',  ( -1.000000000000000000, 3.304235192336777484E-16, -0.000000000000000000 ) ) ;
#1853 = CIRCLE ( 'NONE', #1676, 1.999999999999998224 ) ;
#1854 = CARTESIAN_POINT ( 'NONE',  ( 47.00000000000000000, 26.99999999999955591, 15.00000000000027356 ) ) ;
#1855 = CARTESIAN_POINT ( 'NONE',  ( 45.99999999999997868, -41.10582590001388326, 18.75500200160159636 ) ) ;
#1856 = CIRCLE ( 'NONE', #2591, 2.099999999999997868 ) ;
#1857 = ORIENTED_EDGE ( 'NONE', *, *, #1598, .F. ) ;
#1858 = CARTESIAN_POINT ( 'NONE',  ( 48.11233309888604026, 8.196886430157201531, 16.26616741638300567 ) ) ;
#1859 = VERTEX_POINT ( 'NONE', #1230 ) ;
#1860 = CARTESIAN_POINT ( 'NONE',  ( 46.33088611216084729, 13.44053743276476176, 19.15299327118402317 ) ) ;
#1861 = CARTESIAN_POINT ( 'NONE',  ( 47.00000000000000711, 41.84322329798259688, 57.49929773064349803 ) ) ;
#1862 = CARTESIAN_POINT ( 'NONE',  ( 40.99999999999997868, -40.99999999999996447, 5.000000000000000000 ) ) ;
#1863 = B_SPLINE_CURVE_WITH_KNOTS ( 'NONE', 3,
 ( #454, #1324, #874, #912, #2468, #2193, #1571, #1996, #2413, #1751, #1761, #2219 ),
 .UNSPECIFIED., .F., .F.,
 ( 4, 2, 2, 2, 2, 4 ),
 ( 0.000000000000000000, 0.002573083182266403673, 0.003859624773399605944, 0.005146166364532808214, 0.007719249546799215357, 0.01029233272906562337 ),
 .UNSPECIFIED. ) ;
#1864 = B_SPLINE_CURVE_WITH_KNOTS ( 'NONE', 3,
 ( #2480, #529, #1602, #910, #2450, #320 ),
 .UNSPECIFIED., .F., .F.,
 ( 4, 2, 4 ),
 ( 0.008785020965527407313, 0.01212692686798678282, 0.01546883277044616006 ),
 .UNSPECIFIED. ) ;
#1865 = CARTESIAN_POINT ( 'NONE',  ( 40.71784156083764117, 46.00119110595442606, 10.43975323124098509 ) ) ;
#1866 = DIRECTION ( 'NONE',  ( 1.000000000000000000, -2.837621154675666483E-16, 2.465190328815661892E-32 ) ) ;
#1867 = AXIS2_PLACEMENT_3D ( 'NONE', #1057, #631, #1499 ) ;
#1868 = AXIS2_PLACEMENT_3D ( 'NONE', #1681, #2558, #587 ) ;
#1869 = DIRECTION ( 'NONE',  ( 1.000000000000000000, -3.304235192336776991E-16, 0.000000000000000000 ) ) ;
#1870 = CARTESIAN_POINT ( 'NONE',  ( 42.94334707268244955, 3.200596196491682477, 12.92449507966429856 ) ) ;
#1871 = ORIENTED_EDGE ( 'NONE', *, *, #2624, .T. ) ;
#1872 = FACE_OUTER_BOUND ( 'NONE', #1042, .T. ) ;
#1873 = EDGE_CURVE ( 'NONE', #2722, #1554, #2182, .T. ) ;
#1874 = CYLINDRICAL_SURFACE ( 'NONE', #180, 4.999999999999997335 ) ;
#1875 = DIRECTION ( 'NONE',  ( -1.000000000000000000, 3.304235192336776991E-16, -0.000000000000000000 ) ) ;
#1876 = EDGE_LOOP ( 'NONE', ( #2691, #1087, #2830, #901 ) ) ;
#1877 = AXIS2_PLACEMENT_3D ( 'NONE', #1939, #2808, #840 ) ;
#1878 = CARTESIAN_POINT ( 'NONE',  ( 46.96970858838891871, 16.50992827334946966, 21.88612962922404037 ) ) ;
#1879 = FACE_BOUND ( 'NONE', #381, .T. ) ;
#1880 = DIRECTION ( 'NONE',  ( 0.000000000000000000, -0.000000000000000000, -1.000000000000000000 ) ) ;
#1881 = CARTESIAN_POINT ( 'NONE',  ( 45.97330748042094939, -40.47438517245339540, 18.67424657031182278 ) ) ;
#1882 = CARTESIAN_POINT ( 'NONE',  ( 47.00000000000000000, 24.99999999999956657, 15.00000000000027356 ) ) ;
#1883 = CARTESIAN_POINT ( 'NONE',  ( 46.99999999999998579, -30.00000000000051870, 15.00000000000052758 ) ) ;
#1884 = CIRCLE ( 'NONE', #906, 19.99999999999999645 ) ;
#1885 = CARTESIAN_POINT ( 'NONE',  ( 44.37549624341678367, 12.31450771608429662, 15.08433105341813452 ) ) ;
#1886 = ORIENTED_EDGE ( 'NONE', *, *, #2837, .T. ) ;
#1887 = CARTESIAN_POINT ( 'NONE',  ( 28.00863083257602781, 42.48708050629083033, 4.999999999999999112 ) ) ;
#1888 = CARTESIAN_POINT ( 'NONE',  ( 46.96507418775311038, 36.14293866244771891, 23.78893129555644492 ) ) ;
#1889 = CARTESIAN_POINT ( 'NONE',  ( 52.00000000000000711, 41.99999999999996447, 1.158639454543360914E-30 ) ) ;
#1890 = ORIENTED_EDGE ( 'NONE', *, *, #1946, .F. ) ;
#1891 = CARTESIAN_POINT ( 'NONE',  ( 43.08900904757532402, -4.839629320009706248, 13.11901091081101178 ) ) ;
#1892 = CARTESIAN_POINT ( 'NONE',  ( 47.31780808127265203, -39.56079635472827505, 27.73580425856885512 ) ) ;
#1893 = CARTESIAN_POINT ( 'NONE',  ( 45.99999999999999289, 40.99999999999999289, 18.75500200160155373 ) ) ;
#1894 = ADVANCED_FACE ( 'NONE', ( #144 ), #2136, .T. ) ;
#1895 = ORIENTED_EDGE ( 'NONE', *, *, #1297, .F. ) ;
#1896 = CARTESIAN_POINT ( 'NONE',  ( 41.32290137193511015, -36.00127410562741659, 11.03452616825263100 ) ) ;
#1897 = DIRECTION ( 'NONE',  ( 1.000000000000000000, 0.000000000000000000, 0.000000000000000000 ) ) ;
#1898 = AXIS2_PLACEMENT_3D ( 'NONE', #1649, #2755, #1412 ) ;
#1899 = CARTESIAN_POINT ( 'NONE',  ( 52.00000000000000711, 32.98612181134003407, 25.00000000000000000 ) ) ;
#1900 = EDGE_LOOP ( 'NONE', ( #2267, #2439, #1850, #1163, #533 ) ) ;
#1901 = CARTESIAN_POINT ( 'NONE',  ( 20.73957307132238270, 10.71001584437527754, 0.000000000000000000 ) ) ;
#1902 = CIRCLE ( 'NONE', #1291, 4.999999999999997335 ) ;
#1903 = CARTESIAN_POINT ( 'NONE',  ( 47.31780808127725635, 39.56079635472837452, 27.73580425856884801 ) ) ;
#1904 = DIRECTION ( 'NONE',  ( -1.000000000000000000, 3.304235192336777484E-16, -0.000000000000000000 ) ) ;
#1905 = ORIENTED_EDGE ( 'NONE', *, *, #40, .T. ) ;
#1906 = DIRECTION ( 'NONE',  ( 3.304235192336777484E-16, 1.000000000000000000, 0.000000000000000000 ) ) ;
#1907 = CARTESIAN_POINT ( 'NONE',  ( 51.87261212570746238, -42.12332368655392401, 27.48492794049618837 ) ) ;
#1908 = AXIS2_PLACEMENT_3D ( 'NONE', #1889, #2576, #607 ) ;
#1909 = PRODUCT_CONTEXT ( 'NONE', #1920, 'mechanical' ) ;
#1910 = EDGE_LOOP ( 'NONE', ( #2529, #42, #827, #2352 ) ) ;
#1911 = EDGE_CURVE ( 'NONE', #565, #1423, #982, .T. ) ;
#1912 = CARTESIAN_POINT ( 'NONE',  ( 40.71784156083764117, -35.99880889404553130, 10.43975323124100463 ) ) ;
#1913 = CARTESIAN_POINT ( 'NONE',  ( 51.99999999999997868, -41.99999999999997868, 40.00000000000000711 ) ) ;
#1914 = EDGE_CURVE ( 'NONE', #1274, #866, #718, .T. ) ;
#1915 = EDGE_CURVE ( 'NONE', #1174, #2553, #430, .T. ) ;
#1916 = DIRECTION ( 'NONE',  ( 0.000000000000000000, -0.5150787536377114950, 0.8571428571428579835 ) ) ;
#1917 = AXIS2_PLACEMENT_3D ( 'NONE', #1777, #2011, #1106 ) ;
#1918 = EDGE_CURVE ( 'NONE', #323, #2157, #1484, .T. ) ;
#1919 = VERTEX_POINT ( 'NONE', #225 ) ;
#1920 = APPLICATION_CONTEXT ( 'automotive_design' ) ;
#1921 = CARTESIAN_POINT ( 'NONE',  ( 35.99999999999998579, -40.99999999999996447, 109.0000000000000426 ) ) ;
#1922 = CARTESIAN_POINT ( 'NONE',  ( 46.92945854920848348, 38.25616491507931727, 23.31959139900933664 ) ) ;
#1923 = PLANE ( 'NONE',  #298 ) ;
#1924 = ORIENTED_EDGE ( 'NONE', *, *, #382, .T. ) ;
#1925 = CARTESIAN_POINT ( 'NONE',  ( 45.28357217675500124, 16.01178907759683412, 16.88776561505286722 ) ) ;
#1926 = CARTESIAN_POINT ( 'NONE',  ( 45.48808195898277518, 20.59451534940771111, 17.37011556121897726 ) ) ;
#1927 =( NAMED_UNIT ( * ) SI_UNIT ( $, .STERADIAN. ) SOLID_ANGLE_UNIT ( ) );
#1928 = ORIENTED_EDGE ( 'NONE', *, *, #1446, .F. ) ;
#1929 = CARTESIAN_POINT ( 'NONE',  ( 43.87998269250208949, -36.87932935242039889, 14.24312323070315500 ) ) ;
#1930 = CARTESIAN_POINT ( 'NONE',  ( 51.99999999999997868, -41.99999999999997868, 57.50000000000000000 ) ) ;
#1931 = VECTOR ( 'NONE', #732, 1000.000000000000000 ) ;
#1932 = CIRCLE ( 'NONE', #449, 27.49999999999999645 ) ;
#1933 = CARTESIAN_POINT ( 'NONE',  ( 0.000000000000000000, 47.00000000000000000, 5.000000000000000000 ) ) ;
#1934 = EDGE_CURVE ( 'NONE', #2518, #1938, #655, .T. ) ;
#1935 = EDGE_LOOP ( 'NONE', ( #2642, #2412, #817, #1886 ) ) ;
#1936 = DIRECTION ( 'NONE',  ( 1.000000000000000000, -3.304235192336776991E-16, 0.000000000000000000 ) ) ;
#1937 = DIRECTION ( 'NONE',  ( 1.000000000000000000, 1.107270303814983170E-16, -0.000000000000000000 ) ) ;
#1938 = VERTEX_POINT ( 'NONE', #247 ) ;
#1939 = CARTESIAN_POINT ( 'NONE',  ( 46.99999999999997868, -41.99999999999997868, 40.00000000000000711 ) ) ;
#1940 = CARTESIAN_POINT ( 'NONE',  ( 20.73957307132238270, 10.71001584437527754, 5.000000000000000000 ) ) ;
#1941 = VERTEX_POINT ( 'NONE', #2440 ) ;
#1942 = CARTESIAN_POINT ( 'NONE',  ( 37.05735767586269702, -37.90035817196643109, 7.709981597628338790 ) ) ;
#1943 = CARTESIAN_POINT ( 'NONE',  ( 0.000000000000000000, 47.00000000000000000, 0.000000000000000000 ) ) ;
#1944 = FACE_OUTER_BOUND ( 'NONE', #1233, .T. ) ;
#1945 = LINE ( 'NONE', #1699, #1694 ) ;
#1946 = EDGE_CURVE ( 'NONE', #2663, #2466, #699, .T. ) ;
#1947 = B_SPLINE_CURVE_WITH_KNOTS ( 'NONE', 3,
 ( #1002, #758, #1461, #362, #1430, #1257 ),
 .UNSPECIFIED., .F., .F.,
 ( 4, 2, 4 ),
 ( 0.009447626423985132360, 0.01245864193295059819, 0.01546965744191606575 ),
 .UNSPECIFIED. ) ;
#1948 = CARTESIAN_POINT ( 'NONE',  ( 36.21262590462333009, 39.54212057770727995, 7.248068978148127783 ) ) ;
#1949 = ORIENTED_EDGE ( 'NONE', *, *, #80, .T. ) ;
#1950 = VECTOR ( 'NONE', #1936, 1000.000000000000000 ) ;
#1951 = LINE ( 'NONE', #2602, #779 ) ;
#1952 = CARTESIAN_POINT ( 'NONE',  ( 46.04529315766299646, 21.84211599541657023, 18.89114806018634951 ) ) ;
#1953 =( NAMED_UNIT ( * ) PLANE_ANGLE_UNIT ( ) SI_UNIT ( $, .RADIAN. ) );
#1954 = VERTEX_POINT ( 'NONE', #1741 ) ;
#1955 = CARTESIAN_POINT ( 'NONE',  ( 43.09999999999998010, -40.99999999999996447, 5.000000000000000000 ) ) ;
#1956 = CYLINDRICAL_SURFACE ( 'NONE', #854, 5.000000000000000888 ) ;
#1957 = AXIS2_PLACEMENT_3D ( 'NONE', #1799, #41, #2467 ) ;
#1958 = VECTOR ( 'NONE', #2521, 1000.000000000000000 ) ;
#1959 = DIRECTION ( 'NONE',  ( -0.000000000000000000, 0.000000000000000000, 1.000000000000000000 ) ) ;
#1960 = CARTESIAN_POINT ( 'NONE',  ( 20.73957307132238270, 2.296431337567617883E-15, 5.000000000000000000 ) ) ;
#1961 = VECTOR ( 'NONE', #2125, 1000.000000000000000 ) ;
#1962 = CARTESIAN_POINT ( 'NONE',  ( 43.88315827771910449, 36.88139431990944672, 14.24796749685333452 ) ) ;
#1963 = ORIENTED_EDGE ( 'NONE', *, *, #2592, .F. ) ;
#1964 = CARTESIAN_POINT ( 'NONE',  ( 45.37332633228930945, 29.55205456422360299, 17.09266013977887511 ) ) ;
#1965 = EDGE_CURVE ( 'NONE', #1668, #923, #845, .T. ) ;
#1966 = ORIENTED_EDGE ( 'NONE', *, *, #2066, .T. ) ;
#1967 = CARTESIAN_POINT ( 'NONE',  ( 20.73957307132238270, 2.296431337567617883E-15, 0.000000000000000000 ) ) ;
#1968 = CARTESIAN_POINT ( 'NONE',  ( 26.99999999999999289, -8.921435019309295657E-15, 25.00000000000000000 ) ) ;
#1969 = DIRECTION ( 'NONE',  ( -0.000000000000000000, -0.000000000000000000, -1.000000000000000000 ) ) ;
#1970 = VECTOR ( 'NONE', #1838, 1000.000000000000000 ) ;
#1971 = DIRECTION ( 'NONE',  ( 0.000000000000000000, -1.000000000000000000, 0.000000000000000000 ) ) ;
#1972 = DIRECTION ( 'NONE',  ( 0.000000000000000000, -1.000000000000000000, 0.000000000000000000 ) ) ;
#1973 = ORIENTED_EDGE ( 'NONE', *, *, #1009, .F. ) ;
#1974 = DIRECTION ( 'NONE',  ( -0.000000000000000000, 0.000000000000000000, 1.000000000000000000 ) ) ;
#1975 = CARTESIAN_POINT ( 'NONE',  ( 44.49299383139298669, 29.99999999999956657, 15.29875409246162477 ) ) ;
#1976 = EDGE_LOOP ( 'NONE', ( #1696, #626, #648, #283 ) ) ;
#1977 = DIRECTION ( 'NONE',  ( -1.000000000000000000, 0.000000000000000000, 2.081668171172169697E-15 ) ) ;
#1978 = DIRECTION ( 'NONE',  ( 3.083952846180990774E-16, 1.000000000000000000, 0.000000000000000000 ) ) ;
#1979 = EDGE_CURVE ( 'NONE', #1772, #2483, #22, .T. ) ;
#1980 = CARTESIAN_POINT ( 'NONE',  ( 40.24092089036594899, -24.62428981584344356, 10.01070419709928494 ) ) ;
#1981 = CARTESIAN_POINT ( 'NONE',  ( 47.17756498213736904, -18.35000941427428600, 24.15982758043373124 ) ) ;
#1982 = CARTESIAN_POINT ( 'NONE',  ( 45.93633585177352785, 40.18004620797183435, 18.56406457453553926 ) ) ;
#1983 = ORIENTED_EDGE ( 'NONE', *, *, #1304, .F. ) ;
#1984 = CARTESIAN_POINT ( 'NONE',  ( 51.99999999999997868, -41.99999999999997868, 1.158639454543360914E-30 ) ) ;
#1985 = CARTESIAN_POINT ( 'NONE',  ( 36.71840053717266272, -43.59031042619947982, 7.519572709675663269 ) ) ;
#1986 = ORIENTED_EDGE ( 'NONE', *, *, #882, .T. ) ;
#1987 = DIRECTION ( 'NONE',  ( 1.000000000000000000, 0.000000000000000000, 0.000000000000000000 ) ) ;
#1988 = CARTESIAN_POINT ( 'NONE',  ( 41.06763963837023823, 27.70293780583982013, 10.78123507327485697 ) ) ;
#1989 = CARTESIAN_POINT ( 'NONE',  ( 44.96255762801087741, -29.86396728653891230, 16.19871431479162638 ) ) ;
#1990 = VECTOR ( 'NONE', #1622, 1000.000000000000000 ) ;
#1991 = AXIS2_PLACEMENT_3D ( 'NONE', #99, #1880, #2317 ) ;
#1992 = EDGE_CURVE ( 'NONE', #2604, #1340, #1105, .T. ) ;
#1993 = CARTESIAN_POINT ( 'NONE',  ( 46.63447474035785945, 43.94652624546416320, 21.06214528174010781 ) ) ;
#1994 = CARTESIAN_POINT ( 'NONE',  ( 45.99999999999999289, 40.99999999999999289, 18.75500200160155373 ) ) ;
#1995 = ORIENTED_EDGE ( 'NONE', *, *, #1512, .T. ) ;
#1996 = CARTESIAN_POINT ( 'NONE',  ( 46.94898960634829876, -37.01117451788646662, 23.56297109113518573 ) ) ;
#1997 = DIRECTION ( 'NONE',  ( -0.000000000000000000, 0.000000000000000000, 1.000000000000000000 ) ) ;
#1998 = AXIS2_PLACEMENT_3D ( 'NONE', #171, #1068, #1978 ) ;
#1999 = VERTEX_POINT ( 'NONE', #1955 ) ;
#2000 = DIRECTION ( 'NONE',  ( 1.000000000000000000, 0.000000000000000000, 0.000000000000000000 ) ) ;
#2001 = FACE_OUTER_BOUND ( 'NONE', #1473, .T. ) ;
#2002 = CARTESIAN_POINT ( 'NONE',  ( 40.66214029707830235, -26.95115098297310752, 10.39326052854027793 ) ) ;
#2003 = DIRECTION ( 'NONE',  ( -1.000000000000000000, 3.304235192336776991E-16, -0.000000000000000000 ) ) ;
#2004 = CARTESIAN_POINT ( 'NONE',  ( 46.14310234715438241, -19.42085508916731840, 19.19688149547528866 ) ) ;
#2005 = FACE_OUTER_BOUND ( 'NONE', #1148, .T. ) ;
#2006 = ORIENTED_EDGE ( 'NONE', *, *, #2559, .F. ) ;
#2007 = CARTESIAN_POINT ( 'NONE',  ( 40.73957307132238270, -47.00000000000000000, 10.46644806601661415 ) ) ;
#2008 = CARTESIAN_POINT ( 'NONE',  ( 36.52120731868303949, -43.23208830065987485, 7.411388387712620762 ) ) ;
#2009 = ORIENTED_EDGE ( 'NONE', *, *, #2156, .F. ) ;
#2010 = DIRECTION ( 'NONE',  ( 0.000000000000000000, 0.000000000000000000, -1.000000000000000000 ) ) ;
#2011 = DIRECTION ( 'NONE',  ( -1.000000000000000000, 3.304235192336776991E-16, -0.000000000000000000 ) ) ;
#2012 = ORIENTED_EDGE ( 'NONE', *, *, #1296, .T. ) ;
#2013 = AXIS2_PLACEMENT_3D ( 'NONE', #1756, #615, #1069 ) ;
#2014 = CARTESIAN_POINT ( 'NONE',  ( 40.22892803524425887, -24.80945959904825671, 10.00015123111241699 ) ) ;
#2015 = VERTEX_POINT ( 'NONE', #1522 ) ;
#2016 = FACE_OUTER_BOUND ( 'NONE', #1818, .T. ) ;
#2017 = CARTESIAN_POINT ( 'NONE',  ( 49.71192303805805324, -12.74093926800982679, 18.65292996409748483 ) ) ;
#2018 = VERTEX_POINT ( 'NONE', #2175 ) ;
#2019 = FACE_OUTER_BOUND ( 'NONE', #1039, .T. ) ;
#2020 = ORIENTED_EDGE ( 'NONE', *, *, #1095, .F. ) ;
#2021 = DIRECTION ( 'NONE',  ( 0.000000000000000000, 1.000000000000000000, 0.000000000000000000 ) ) ;
#2022 = CARTESIAN_POINT ( 'NONE',  ( 45.28481441803651819, -43.59104202087875279, 16.88854303374444044 ) ) ;
#2023 = ADVANCED_FACE ( 'NONE', ( #1754 ), #2633, .F. ) ;
#2024 = ADVANCED_FACE ( 'NONE', ( #1765 ), #2177, .T. ) ;
#2025 = CARTESIAN_POINT ( 'NONE',  ( 47.00000000000000711, 35.56151557952860287, 29.28571428571429180 ) ) ;
#2026 = CARTESIAN_POINT ( 'NONE',  ( 45.99999999999999289, 40.99999999999999289, 109.0000000000000426 ) ) ;
#2027 = CARTESIAN_POINT ( 'NONE',  ( 43.94319693246952596, 29.99999999999957723, 14.34647792968233482 ) ) ;
#2028 = ORIENTED_EDGE ( 'NONE', *, *, #1219, .F. ) ;
#2029 = EDGE_CURVE ( 'NONE', #421, #813, #1509, .T. ) ;
#2030 = CARTESIAN_POINT ( 'NONE',  ( 45.99651943945482202, 41.21406616961957070, 18.74438613412627319 ) ) ;
#2031 = CARTESIAN_POINT ( 'NONE',  ( 46.29149485396759900, -23.32119854807358195, 19.72194149246235639 ) ) ;
#2032 = AXIS2_PLACEMENT_3D ( 'NONE', #1102, #17, #670 ) ;
#2033 = CARTESIAN_POINT ( 'NONE',  ( 46.13810572212211980, -44.85366458712928761, 19.10489970562432305 ) ) ;
#2034 = VECTOR ( 'NONE', #714, 1000.000000000000000 ) ;
#2035 = CARTESIAN_POINT ( 'NONE',  ( 47.82482504199995077, 7.202067600461734997, 15.90382820689182175 ) ) ;
#2036 = ORIENTED_EDGE ( 'NONE', *, *, #2326, .F. ) ;
#2037 = CARTESIAN_POINT ( 'NONE',  ( 27.00000000000000711, 41.53355193398341072, 5.000000000000000000 ) ) ;
#2038 = CARTESIAN_POINT ( 'NONE',  ( -23.00000000000002132, -30.00000000000049383, 15.00000000000052758 ) ) ;
#2039 = DIRECTION ( 'NONE',  ( 0.000000000000000000, 0.000000000000000000, -1.000000000000000000 ) ) ;
#2040 = EDGE_LOOP ( 'NONE', ( #1480, #841, #2668, #197, #50, #140 ) ) ;
#2041 = CARTESIAN_POINT ( 'NONE',  ( 46.79357024536918885, -1.101596450471878263, 14.72822264713761520 ) ) ;
#2042 = CARTESIAN_POINT ( 'NONE',  ( 46.99999999999999289, -1.552990540398285062E-14, 75.00000000000001421 ) ) ;
#2043 = ORIENTED_EDGE ( 'NONE', *, *, #1075, .F. ) ;
#2044 = EDGE_CURVE ( 'NONE', #584, #2393, #2387, .T. ) ;
#2045 = AXIS2_PLACEMENT_3D ( 'NONE', #2508, #2096, #1029 ) ;
#2046 = CARTESIAN_POINT ( 'NONE',  ( 40.73957307132238270, -27.00000000000000000, 0.000000000000000000 ) ) ;
#2047 = CARTESIAN_POINT ( 'NONE',  ( 44.96235044326805763, -20.13618620996310682, 16.19844289547428673 ) ) ;
#2048 = AXIS2_PLACEMENT_3D ( 'NONE', #1243, #2536, #2110 ) ;
#2049 = CARTESIAN_POINT ( 'NONE',  ( 151.0000000000000284, -42.00000000000001421, 40.00000000000000711 ) ) ;
#2050 = CARTESIAN_POINT ( 'NONE',  ( 43.28114538134164491, -6.423582628928101279, 13.38354088803061792 ) ) ;
#2051 = ORIENTED_EDGE ( 'NONE', *, *, #2404, .F. ) ;
#2052 = DIRECTION ( 'NONE',  ( -0.000000000000000000, -0.4445951438265767774, -0.8957316328487153756 ) ) ;
#2053 = ADVANCED_FACE ( 'NONE', ( #673 ), #1776, .F. ) ;
#2054 = CARTESIAN_POINT ( 'NONE',  ( 47.12388317823948114, -26.31132114334480931, 35.22923797850626926 ) ) ;
#2055 = CARTESIAN_POINT ( 'NONE',  ( 45.97354226394593724, -41.52326982942333444, 18.67495343643747674 ) ) ;
#2056 = CIRCLE ( 'NONE', #2565, 1.999999999999994893 ) ;
#2057 = CIRCLE ( 'NONE', #317, 20.00000000000000355 ) ;
#2058 = EDGE_LOOP ( 'NONE', ( #1803, #413, #2706, #291 ) ) ;
#2059 = CARTESIAN_POINT ( 'NONE',  ( 51.99999999999998579, -20.15396173909610411, 27.22297571913288650 ) ) ;
#2060 = VERTEX_POINT ( 'NONE', #2430 ) ;
#2061 = CARTESIAN_POINT ( 'NONE',  ( 51.84438265590455330, 18.83212848760886970, 24.90242662596285328 ) ) ;
#2062 = DIRECTION ( 'NONE',  ( 0.000000000000000000, -1.000000000000000000, 0.000000000000000000 ) ) ;
#2063 = CARTESIAN_POINT ( 'NONE',  ( 46.99999999999998579, -25.00000000000051870, 15.00000000000052758 ) ) ;
#2064 = DIRECTION ( 'NONE',  ( -3.304235192336776005E-16, -1.000000000000000000, 0.000000000000000000 ) ) ;
#2065 = CARTESIAN_POINT ( 'NONE',  ( 51.96227260378849167, 37.56433779819434449, 28.25945235647358444 ) ) ;
#2066 = EDGE_CURVE ( 'NONE', #1206, #1421, #687, .T. ) ;
#2067 = EDGE_CURVE ( 'NONE', #1138, #1999, #2401, .T. ) ;
#2068 = CARTESIAN_POINT ( 'NONE',  ( 47.22471163106465042, -41.97599860456413978, 56.00196480821296063 ) ) ;
#2069 = CARTESIAN_POINT ( 'NONE',  ( 48.56885721676092516, -9.615032930549419987, 16.87782679413543008 ) ) ;
#2070 = VERTEX_POINT ( 'NONE', #1558 ) ;
#2071 = CYLINDRICAL_SURFACE ( 'NONE', #1957, 22.49999999999999645 ) ;
#2072 = CARTESIAN_POINT ( 'NONE',  ( 35.99028208352952163, 46.43045745128389967, 7.131356683450566614 ) ) ;
#2073 = FACE_OUTER_BOUND ( 'NONE', #2817, .T. ) ;
#2074 = DIRECTION ( 'NONE',  ( -1.000000000000000000, 0.000000000000000000, 0.000000000000000000 ) ) ;
#2075 = CARTESIAN_POINT ( 'NONE',  ( 51.84151165098674596, 18.81852132357399299, 24.88152947687606442 ) ) ;
#2076 = ORIENTED_EDGE ( 'NONE', *, *, #1914, .F. ) ;
#2077 = CARTESIAN_POINT ( 'NONE',  ( 47.00000000000000711, 24.34152111453976985, 24.53081558004896578 ) ) ;
#2078 = CARTESIAN_POINT ( 'NONE',  ( 47.07135157803514858, 41.93462668882244060, 56.63031512475957641 ) ) ;
#2079 = CYLINDRICAL_SURFACE ( 'NONE', #704, 19.99999999999999645 ) ;
#2080 = CARTESIAN_POINT ( 'NONE',  ( 39.45449708603216976, 45.76786516216206735, 9.345915175195052882 ) ) ;
#2081 = CARTESIAN_POINT ( 'NONE',  ( 151.0000000000000568, 41.99999999999993605, 27.50000000000001066 ) ) ;
#2082 = CARTESIAN_POINT ( 'NONE',  ( 46.99999999999997868, -41.99999999999997868, 55.00000000000000711 ) ) ;
#2083 = EDGE_CURVE ( 'NONE', #2793, #551, #2484, .T. ) ;
#2084 = CARTESIAN_POINT ( 'NONE',  ( 47.82556435202575784, -7.249988339301474127, 15.90133537395598395 ) ) ;
#2085 = ORIENTED_EDGE ( 'NONE', *, *, #2752, .F. ) ;
#2086 = CIRCLE ( 'NONE', #1031, 2.000000000000005329 ) ;
#2087 = LINE ( 'NONE', #2038, #2541 ) ;
#2088 = VECTOR ( 'NONE', #1852, 1000.000000000000000 ) ;
#2089 = VERTEX_POINT ( 'NONE', #734 ) ;
#2090 = CARTESIAN_POINT ( 'NONE',  ( 46.99999999999997868, -41.99999999999997868, 23.61240150423304485 ) ) ;
#2091 = EDGE_LOOP ( 'NONE', ( #2769, #2733, #1595, #2144 ) ) ;
#2092 = CARTESIAN_POINT ( 'NONE',  ( 47.09240514855324733, 19.75866399347532720, 26.45228711391251508 ) ) ;
#2093 = DIRECTION ( 'NONE',  ( -0.000000000000000000, -0.000000000000000000, -1.000000000000000000 ) ) ;
#2094 = LINE ( 'NONE', #999, #610 ) ;
#2095 = CARTESIAN_POINT ( 'NONE',  ( 42.16976033123048495, 45.86946880237517377, 11.95958842741877071 ) ) ;
#2096 = DIRECTION ( 'NONE',  ( 1.000000000000000000, -3.304235192336776991E-16, -0.000000000000000000 ) ) ;
#2097 = CIRCLE ( 'NONE', #1344, 4.999999999999997335 ) ;
#2098 = AXIS2_PLACEMENT_3D ( 'NONE', #939, #1816, #2227 ) ;
#2099 = FACE_BOUND ( 'NONE', #1389, .T. ) ;
#2100 = CARTESIAN_POINT ( 'NONE',  ( 44.43791489353188240, 2.838090757276873877, 14.89774779759355994 ) ) ;
#2101 = ORIENTED_EDGE ( 'NONE', *, *, #1139, .F. ) ;
#2102 = EDGE_CURVE ( 'NONE', #1729, #2416, #162, .T. ) ;
#2103 = CARTESIAN_POINT ( 'NONE',  ( 32.64896195155326097, 45.30278106159903473, 5.804198488166437464 ) ) ;
#2104 = CARTESIAN_POINT ( 'NONE',  ( 51.87782186246437277, 42.74848847883983183, 27.52242952345915228 ) ) ;
#2105 = CARTESIAN_POINT ( 'NONE',  ( 47.20766832217671549, -25.92602843230126197, 40.00000000000000711 ) ) ;
#2106 = ORIENTED_EDGE ( 'NONE', *, *, #2083, .T. ) ;
#2107 = CARTESIAN_POINT ( 'NONE',  ( 43.30894995616943532, -6.618823007747397291, 13.42234991556822976 ) ) ;
#2108 = DIRECTION ( 'NONE',  ( 1.000000000000000000, 0.000000000000000000, 0.000000000000000000 ) ) ;
#2109 = DIRECTION ( 'NONE',  ( 1.000000000000000000, 0.000000000000000000, 0.000000000000000000 ) ) ;
#2110 = DIRECTION ( 'NONE',  ( 0.000000000000000000, -1.000000000000000000, 0.000000000000000000 ) ) ;
#2111 = PLANE ( 'NONE',  #254 ) ;
#2112 = DIRECTION ( 'NONE',  ( -0.000000000000000000, -0.000000000000000000, -1.000000000000000000 ) ) ;
#2113 = ORIENTED_EDGE ( 'NONE', *, *, #805, .T. ) ;
#2114 = DIRECTION ( 'NONE',  ( -1.000000000000000000, 3.304235192336777484E-16, -0.000000000000000000 ) ) ;
#2115 = CARTESIAN_POINT ( 'NONE',  ( 51.87402394792859894, 41.49983039542721031, 27.49441637322209075 ) ) ;
#2116 = CARTESIAN_POINT ( 'NONE',  ( 151.0000000000000284, -42.00000000000001421, 27.50000000000001421 ) ) ;
#2117 = VERTEX_POINT ( 'NONE', #1574 ) ;
#2118 = EDGE_CURVE ( 'NONE', #1729, #1008, #90, .T. ) ;
#2119 = EDGE_CURVE ( 'NONE', #838, #1279, #1158, .T. ) ;
#2120 = CARTESIAN_POINT ( 'NONE',  ( 42.84512729160326217, 1.184905252266849285, 12.79616755147404383 ) ) ;
#2121 = CARTESIAN_POINT ( 'NONE',  ( 47.35292412345356183, -41.47980612137082801, 27.49423016938881759 ) ) ;
#2122 = ADVANCED_FACE ( 'NONE', ( #110, #2721, #748, #2501, #534 ), #1250, .F. ) ;
#2123 = CARTESIAN_POINT ( 'NONE',  ( 51.99999999999997868, -41.99999999999997868, 40.00000000000000711 ) ) ;
#2124 = ORIENTED_EDGE ( 'NONE', *, *, #2083, .F. ) ;
#2125 = DIRECTION ( 'NONE',  ( 1.000000000000000000, -3.304235192336776991E-16, 0.000000000000000000 ) ) ;
#2126 = DIRECTION ( 'NONE',  ( 0.000000000000000000, -1.000000000000000000, 0.000000000000000000 ) ) ;
#2127 = EDGE_CURVE ( 'NONE', #435, #2138, #2132, .T. ) ;
#2128 = CARTESIAN_POINT ( 'NONE',  ( 52.00000000000000711, 41.99999999999996447, 27.50000000000001066 ) ) ;
#2129 = ORIENTED_EDGE ( 'NONE', *, *, #1139, .T. ) ;
#2130 = CARTESIAN_POINT ( 'NONE',  ( 40.73957307132238270, -27.00000000000000000, 5.000000000000000000 ) ) ;
#2131 = CARTESIAN_POINT ( 'NONE',  ( 46.94962406581959158, 36.97365243616810915, 23.57141183118390515 ) ) ;
#2132 = LINE ( 'NONE', #620, #1757 ) ;
#2133 = EDGE_LOOP ( 'NONE', ( #1251, #1194, #482, #2151, #977 ) ) ;
#2134 = CYLINDRICAL_SURFACE ( 'NONE', #1778, 4.999999999999997335 ) ;
#2135 = CARTESIAN_POINT ( 'NONE',  ( 46.04649118634157645, 28.15378451184517061, 18.89482210229192205 ) ) ;
#2136 = TOROIDAL_SURFACE ( 'NONE', #2729, 17.49999999999999645, 5.000000000000000000 ) ;
#2137 = DIRECTION ( 'NONE',  ( 0.000000000000000000, 0.000000000000000000, 1.000000000000000000 ) ) ;
#2138 = VERTEX_POINT ( 'NONE', #1710 ) ;
#2139 = CARTESIAN_POINT ( 'NONE',  ( 46.90196794338087471, -42.98524630527905543, 23.02220527338173639 ) ) ;
#2140 = CARTESIAN_POINT ( 'NONE',  ( 46.99999999999997868, -32.98612181134002697, 25.00000000000000000 ) ) ;
#2141 = EDGE_CURVE ( 'NONE', #401, #1859, #2329, .T. ) ;
#2142 = CARTESIAN_POINT ( 'NONE',  ( 52.00000000000000000, 20.15396173909607214, 27.22297571913288650 ) ) ;
#2143 = AXIS2_PLACEMENT_3D ( 'NONE', #2705, #2224, #948 ) ;
#2144 = ORIENTED_EDGE ( 'NONE', *, *, #1316, .T. ) ;
#2145 = LINE ( 'NONE', #2814, #824 ) ;
#2146 = FACE_OUTER_BOUND ( 'NONE', #2339, .T. ) ;
#2147 = ORIENTED_EDGE ( 'NONE', *, *, #1030, .T. ) ;
#2148 = PRESENTATION_STYLE_ASSIGNMENT (( #649 ) ) ;
#2149 = CARTESIAN_POINT ( 'NONE',  ( 52.00000000000001421, -25.00000000000007816, 65.00000000000061107 ) ) ;
#2150 = DIRECTION ( 'NONE',  ( 3.304235192336776991E-16, 1.000000000000000000, 0.000000000000000000 ) ) ;
#2151 = ORIENTED_EDGE ( 'NONE', *, *, #2625, .F. ) ;
#2152 = CARTESIAN_POINT ( 'NONE',  ( 45.99999999999997868, -40.89392731087277610, 18.75500200160158215 ) ) ;
#2153 = CARTESIAN_POINT ( 'NONE',  ( 45.99999999999997868, -40.99999999999996447, 18.75500200160159636 ) ) ;
#2154 = STYLED_ITEM ( 'NONE', ( #2148 ), #886 ) ;
#2155 = FACE_OUTER_BOUND ( 'NONE', #1530, .T. ) ;
#2156 = EDGE_CURVE ( 'NONE', #1517, #1014, #1475, .T. ) ;
#2157 = VERTEX_POINT ( 'NONE', #1224 ) ;
#2158 = DIRECTION ( 'NONE',  ( 1.000000000000000000, 0.000000000000000000, 0.000000000000000000 ) ) ;
#2159 = CARTESIAN_POINT ( 'NONE',  ( 40.72132509966584735, 35.99858517587865236, 10.44301348981463029 ) ) ;
#2160 = ORIENTED_EDGE ( 'NONE', *, *, #1034, .T. ) ;
#2161 = DIRECTION ( 'NONE',  ( 1.000000000000000000, -3.304235192336776991E-16, 0.000000000000000000 ) ) ;
#2162 = CARTESIAN_POINT ( 'NONE',  ( 44.65232160944140105, 20.02559508330008953, 15.59193707243014160 ) ) ;
#2163 = EDGE_LOOP ( 'NONE', ( #2550, #2765 ) ) ;
#2164 = CARTESIAN_POINT ( 'NONE',  ( 39.77442307251435949, -36.14193219841008897, 9.605582441584594733 ) ) ;
#2165 = CARTESIAN_POINT ( 'NONE',  ( 40.73957307132238270, 47.00000000000000000, 0.000000000000000000 ) ) ;
#2166 = DIRECTION ( 'NONE',  ( 1.000000000000000000, 0.000000000000000000, 0.000000000000000000 ) ) ;
#2167 = EDGE_CURVE ( 'NONE', #2466, #1826, #2652, .T. ) ;
#2168 = CARTESIAN_POINT ( 'NONE',  ( 47.16927674679675420, -26.20684915346206978, 36.22672055908152089 ) ) ;
#2169 = CARTESIAN_POINT ( 'NONE',  ( 46.92305745454835630, 38.70259067530305686, 23.24642524282282707 ) ) ;
#2170 = VERTEX_POINT ( 'NONE', #2105 ) ;
#2171 = CIRCLE ( 'NONE', #1434, 2.099999999999997868 ) ;
#2172 = CARTESIAN_POINT ( 'NONE',  ( 46.90567967057646825, 23.23476747043634205, 22.99902324618493310 ) ) ;
#2173 = CARTESIAN_POINT ( 'NONE',  ( 46.31958705352868577, 26.34746570729603832, 19.82712063572168404 ) ) ;
#2174 = ORIENTED_EDGE ( 'NONE', *, *, #2407, .F. ) ;
#2175 = CARTESIAN_POINT ( 'NONE',  ( 46.99999999999997868, -41.99999999999997868, 0.000000000000000000 ) ) ;
#2176 = FACE_OUTER_BOUND ( 'NONE', #106, .T. ) ;
#2177 = TOROIDAL_SURFACE ( 'NONE', #1626, 27.49999999999999645, 5.000000000000000000 ) ;
#2178 = CIRCLE ( 'NONE', #1110, 3.299999999999966072 ) ;
#2179 = CARTESIAN_POINT ( 'NONE',  ( 42.69355198755674508, -20.60440525671199907, 12.59739764239758841 ) ) ;
#2180 = CIRCLE ( 'NONE', #1720, 5.000000000000000888 ) ;
#2181 = CARTESIAN_POINT ( 'NONE',  ( 51.99999999999998579, -27.50000000000001421, 37.22636645523086685 ) ) ;
#2182 = CIRCLE ( 'NONE', #2048, 1.999999999999991340 ) ;
#2183 = CARTESIAN_POINT ( 'NONE',  ( 40.40992952698053386, 36.02461708569641274, 10.15589264166034766 ) ) ;
#2184 = EDGE_LOOP ( 'NONE', ( #1841, #487, #1066, #2688 ) ) ;
#2185 = CARTESIAN_POINT ( 'NONE',  ( 30.55661930466236953, -44.21694176989265657, 5.316588556594790127 ) ) ;
#2186 = CARTESIAN_POINT ( 'NONE',  ( 46.35612312576892435, 25.67823824509520492, 19.96555639853578867 ) ) ;
#2187 = ORIENTED_EDGE ( 'NONE', *, *, #1734, .F. ) ;
#2188 = CARTESIAN_POINT ( 'NONE',  ( 47.08586115991020193, 25.80757870065563253, 43.52504223342631917 ) ) ;
#2189 = CARTESIAN_POINT ( 'NONE',  ( 47.00000000000002132, 42.20418079205213502, 23.61240150423297379 ) ) ;
#2190 = CARTESIAN_POINT ( 'NONE',  ( 40.45779894266659937, -23.53772991805658421, 10.20465365617257447 ) ) ;
#2191 = CARTESIAN_POINT ( 'NONE',  ( 45.60779820992196676, 39.05319730510375109, 17.66672906758297046 ) ) ;
#2192 = VERTEX_POINT ( 'NONE', #380 ) ;
#2193 = CARTESIAN_POINT ( 'NONE',  ( 46.92305745454832078, -38.70259067530303554, 23.24642524282281286 ) ) ;
#2194 = CARTESIAN_POINT ( 'NONE',  ( 45.93633585177350653, -41.81995379202812302, 18.56406457453557834 ) ) ;
#2195 = ORIENTED_EDGE ( 'NONE', *, *, #2538, .F. ) ;
#2196 = CARTESIAN_POINT ( 'NONE',  ( 47.20526991237444037, 25.90322121800800304, 40.37360140005623776 ) ) ;
#2197 = CARTESIAN_POINT ( 'NONE',  ( 43.32780355672384331, 20.23814827173308117, 13.44452972576204708 ) ) ;
#2198 = EDGE_CURVE ( 'NONE', #669, #2663, #995, .T. ) ;
#2199 = EDGE_CURVE ( 'NONE', #135, #94, #1051, .T. ) ;
#2200 = CARTESIAN_POINT ( 'NONE',  ( 40.99999999999997868, -40.99999999999996447, 5.000000000000000000 ) ) ;
#2201 = ADVANCED_FACE ( 'NONE', ( #165 ), #1923, .F. ) ;
#2202 = CARTESIAN_POINT ( 'NONE',  ( 46.70792926621485464, -21.95131288536761005, 21.48997930934533684 ) ) ;
#2203 = PRODUCT_DEFINITION_FORMATION_WITH_SPECIFIED_SOURCE ( 'ANY', '', #217, .NOT_KNOWN. ) ;
#2204 = CARTESIAN_POINT ( 'NONE',  ( 42.94974328701805177, 36.38784783366767073, 12.92627233695983691 ) ) ;
#2205 = EDGE_LOOP ( 'NONE', ( #2294, #1508 ) ) ;
#2206 = CARTESIAN_POINT ( 'NONE',  ( 32.66001832898146517, -45.30778902072859893, 5.807346219786783337 ) ) ;
#2207 = CARTESIAN_POINT ( 'NONE',  ( 39.77983256654815136, -45.85940425787120489, 9.610080807376141010 ) ) ;
#2208 = ORIENTED_EDGE ( 'NONE', *, *, #2839, .T. ) ;
#2209 = CARTESIAN_POINT ( 'NONE',  ( 47.21370254772317310, 26.05211355693360886, 38.01193803968503460 ) ) ;
#2210 = CARTESIAN_POINT ( 'NONE',  ( 41.64398820211042818, 21.54255414918505451, 11.37473635815594797 ) ) ;
#2211 = CARTESIAN_POINT ( 'NONE',  ( 46.36251006461550617, -25.35031065115559912, 19.99065435975207805 ) ) ;
#2212 = AXIS2_PLACEMENT_3D ( 'NONE', #1318, #236, #2617 ) ;
#2213 = AXIS2_PLACEMENT_3D ( 'NONE', #2742, #538, #2725 ) ;
#2214 = CARTESIAN_POINT ( 'NONE',  ( 52.00000000000002842, 22.99999999999957367, 15.00000000000027356 ) ) ;
#2215 = CARTESIAN_POINT ( 'NONE',  ( 47.19415330669033892, 26.12020379751044175, 37.22636645523086685 ) ) ;
#2216 = LINE ( 'NONE', #91, #2034 ) ;
#2217 = CIRCLE ( 'NONE', #252, 12.49999999999999645 ) ;
#2218 = EDGE_LOOP ( 'NONE', ( #1814, #519 ) ) ;
#2219 = CARTESIAN_POINT ( 'NONE',  ( 46.99999999999997868, -32.98612181134002697, 25.00000000000000000 ) ) ;
#2220 = DIRECTION ( 'NONE',  ( 1.000000000000000000, 0.000000000000000000, 0.000000000000000000 ) ) ;
#2221 = CIRCLE ( 'NONE', #991, 4.999999999999998224 ) ;
#2222 = ORIENTED_EDGE ( 'NONE', *, *, #1992, .F. ) ;
#2223 = DIRECTION ( 'NONE',  ( -3.304235192336776991E-16, -1.000000000000000000, -0.000000000000000000 ) ) ;
#2224 = DIRECTION ( 'NONE',  ( -0.000000000000000000, -0.000000000000000000, -1.000000000000000000 ) ) ;
#2225 = VERTEX_POINT ( 'NONE', #826 ) ;
#2226 = CARTESIAN_POINT ( 'NONE',  ( 41.44469241955709293, -28.22383820439570101, 11.16441863713385096 ) ) ;
#2227 = DIRECTION ( 'NONE',  ( 0.000000000000000000, 1.000000000000000000, 0.000000000000000000 ) ) ;
#2228 = CIRCLE ( 'NONE', #1588, 1.999999999999647837 ) ;
#2229 = ADVANCED_FACE ( 'NONE', ( #2146 ), #354, .F. ) ;
#2230 = CARTESIAN_POINT ( 'NONE',  ( 46.54617062227526247, -21.15995170123069968, 20.69257759822129827 ) ) ;
#2231 = ORIENTED_EDGE ( 'NONE', *, *, #935, .T. ) ;
#2232 = CARTESIAN_POINT ( 'NONE',  ( 46.99999999999997868, -41.99999999999997868, 23.61240150423304485 ) ) ;
#2233 = ORIENTED_EDGE ( 'NONE', *, *, #1580, .T. ) ;
#2234 = CARTESIAN_POINT ( 'NONE',  ( 36.29854939942190128, -46.51068618878966276, 7.280328390552216256 ) ) ;
#2235 = CARTESIAN_POINT ( 'NONE',  ( 44.28549697754134939, -44.80412420568433163, 14.91167141952998598 ) ) ;
#2236 = DIRECTION ( 'NONE',  ( -1.000000000000000000, 0.000000000000000000, 0.000000000000000000 ) ) ;
#2237 = CARTESIAN_POINT ( 'NONE',  ( 46.93043495173074575, 2.630736846228612702, 14.87437184861754425 ) ) ;
#2238 = CARTESIAN_POINT ( 'NONE',  ( 42.26958174834536663, 29.06959044904139944, 12.07900961777504634 ) ) ;
#2239 = ORIENTED_EDGE ( 'NONE', *, *, #802, .T. ) ;
#2240 = CARTESIAN_POINT ( 'NONE',  ( 47.00000000000000000, 24.63261990333964846, 25.00000000000000000 ) ) ;
#2241 = CARTESIAN_POINT ( 'NONE',  ( 46.31958705352875683, -23.65253429270404339, 19.82712063572193273 ) ) ;
#2242 = CARTESIAN_POINT ( 'NONE',  ( 46.99999999999997868, -41.84322329798259688, 57.49929773064349803 ) ) ;
#2243 = CARTESIAN_POINT ( 'NONE',  ( 44.75075092848038594, -5.679083499872958463, 15.44320532613424568 ) ) ;
#2244 = ORIENTED_EDGE ( 'NONE', *, *, #428, .F. ) ;
#2245 = EDGE_CURVE ( 'NONE', #135, #584, #579, .T. ) ;
#2246 = CYLINDRICAL_SURFACE ( 'NONE', #67, 4.999999999999997335 ) ;
#2247 = CARTESIAN_POINT ( 'NONE',  ( 52.00000000000001421, -25.00000000000007816, 65.00000000000061107 ) ) ;
#2248 = CARTESIAN_POINT ( 'NONE',  ( 37.06487864333160331, -44.09122787308088220, 7.716573533749174096 ) ) ;
#2249 = CARTESIAN_POINT ( 'NONE',  ( 40.99999999999999289, 40.99999999999999289, 109.0000000000000426 ) ) ;
#2250 = CARTESIAN_POINT ( 'NONE',  ( 51.62191942864900085, 17.91392602473407436, 23.57102926817404054 ) ) ;
#2251 = LINE ( 'NONE', #2042, #405 ) ;
#2252 = EDGE_LOOP ( 'NONE', ( #2222, #2761, #1643, #350, #2502, #1576, #2780, #682, #1760, #410, #876, #1592, #1857, #1823 ) ) ;
#2253 = ADVANCED_FACE ( 'NONE', ( #2563 ), #1007, .F. ) ;
#2254 = CARTESIAN_POINT ( 'NONE',  ( 37.88235646918800370, 44.92633440452110705, 8.215799061915500801 ) ) ;
#2255 = CARTESIAN_POINT ( 'NONE',  ( 45.97536868349178008, -21.59399360407818591, 18.67542391465790885 ) ) ;
#2256 = CARTESIAN_POINT ( 'NONE',  ( 45.81641015642833281, -45.27670221285124796, 18.14431813982265496 ) ) ;
#2257 = CIRCLE ( 'NONE', #1717, 1.999999999999991340 ) ;
#2258 = CARTESIAN_POINT ( 'NONE',  ( 44.00544743345033538, 10.58677690328569376, 14.47042984358066242 ) ) ;
#2259 = ORIENTED_EDGE ( 'NONE', *, *, #705, .T. ) ;
#2260 = CARTESIAN_POINT ( 'NONE',  ( 40.99999999999997868, -40.99999999999996447, 0.000000000000000000 ) ) ;
#2261 = DIRECTION ( 'NONE',  ( 1.000000000000000000, 0.000000000000000000, 0.000000000000000000 ) ) ;
#2262 = CARTESIAN_POINT ( 'NONE',  ( 23.00000000000176570, -25.00000000000000000, 5.000000000000000000 ) ) ;
#2263 = ORIENTED_EDGE ( 'NONE', *, *, #1669, .F. ) ;
#2264 = CARTESIAN_POINT ( 'NONE',  ( 48.73404935813996985, -10.09397599896557196, 17.11114418951567728 ) ) ;
#2265 = ADVANCED_FACE ( 'NONE', ( #396 ), #2764, .F. ) ;
#2266 = CARTESIAN_POINT ( 'NONE',  ( 47.00000000000000000, 24.99999999999956302, 15.00000000000027356 ) ) ;
#2267 = ORIENTED_EDGE ( 'NONE', *, *, #2543, .F. ) ;
#2268 = CARTESIAN_POINT ( 'NONE',  ( 50.18906045076133893, 13.95803389262381700, 19.57164828143122293 ) ) ;
#2269 = DIRECTION ( 'NONE',  ( 1.000000000000000000, -3.304235192336776991E-16, -0.000000000000000000 ) ) ;
#2270 = AXIS2_PLACEMENT_3D ( 'NONE', #662, #2606, #2376 ) ;
#2271 = DIRECTION ( 'NONE',  ( 1.000000000000000000, -3.304235192336776991E-16, 0.000000000000000000 ) ) ;
#2272 = CARTESIAN_POINT ( 'NONE',  ( 41.61290760542716782, 45.97035309782263823, 11.33848859735742032 ) ) ;
#2273 = CARTESIAN_POINT ( 'NONE',  ( 44.32050807568906237, -30.00000000000051870, 15.00000000000053113 ) ) ;
#2274 = CARTESIAN_POINT ( 'NONE',  ( 45.21457769728774423, -45.83952226149925480, 16.72391544598580992 ) ) ;
#2275 = CARTESIAN_POINT ( 'NONE',  ( 47.69262861963964184, 6.708094533415749794, 15.74331356579969743 ) ) ;
#2276 = ORIENTED_EDGE ( 'NONE', *, *, #2598, .F. ) ;
#2277 = CARTESIAN_POINT ( 'NONE',  ( 24.99999999999999645, 25.00000000000000000, 0.000000000000000000 ) ) ;
#2278 = B_SPLINE_CURVE_WITH_KNOTS ( 'NONE', 3,
 ( #2379, #2838, #653, #1292, #2179, #214, #870, #1745, #2620, #2402, #438, #1309, #2190, #228, #1097, #1980, #2014, #2444, #1578, #690, #1345, #297, #893, #706, #2002, #35, #1376, #1767, #1563, #2226, #1614, #460, #65, #740, #280, #1108, #2676, #2491, #474, #2273 ),
 .UNSPECIFIED., .F., .F.,
 ( 4, 2, 2, 2, 2, 2, 2, 2, 2, 2, 2, 2, 2, 2, 2, 2, 2, 2, 2, 4 ),
 ( 1.734723475976807094E-18, 0.002222857346508688454, 0.003334286019763037234, 0.004445714693017386449, 0.005557143366271735663, 0.006668572039526084877, 0.007780000712780434091, 0.008335715049407613902, 0.008891429386034793714, 0.009447143722661971790, 0.01000285805928915160, 0.01055857239591633315, 0.01111428673254351122, 0.01167000106917069104, 0.01222571540579787085, 0.01333714407905224261, 0.01444857275230661611, 0.01556000142556098788, 0.01667143009881535964, 0.01778285877206973314 ),
 .UNSPECIFIED. ) ;
#2279 = CARTESIAN_POINT ( 'NONE',  ( 40.23509373263840416, 47.00000000000000000, 9.989528812670577906 ) ) ;
#2280 = CARTESIAN_POINT ( 'NONE',  ( 41.99999999999994316, -47.00000000000000000, 5.000000000000000000 ) ) ;
#2281 = CIRCLE ( 'NONE', #951, 2.099999999999997868 ) ;
#2282 = CIRCLE ( 'NONE', #2795, 5.000000000000000888 ) ;
#2283 = ORIENTED_EDGE ( 'NONE', *, *, #2044, .T. ) ;
#2284 = CARTESIAN_POINT ( 'NONE',  ( 51.99999999999999289, -19.67341671871058395, 26.25481540127042734 ) ) ;
#2285 = ORIENTED_EDGE ( 'NONE', *, *, #2622, .T. ) ;
#2286 = CARTESIAN_POINT ( 'NONE',  ( 45.16310156805677423, 15.53576555560189476, 16.62116459978577154 ) ) ;
#2287 = CYLINDRICAL_SURFACE ( 'NONE', #1085, 1.999999999999991340 ) ;
#2288 = CARTESIAN_POINT ( 'NONE',  ( 7.269317423140904943E-15, 21.99999999999998579, 55.00000000000000711 ) ) ;
#2289 = CARTESIAN_POINT ( 'NONE',  ( 36.10912255483976452, 42.05982293733912059, 7.194735904587487241 ) ) ;
#2290 = CARTESIAN_POINT ( 'NONE',  ( 51.99999999999998579, -24.63261990333968399, 25.00000000000000000 ) ) ;
#2291 = EDGE_CURVE ( 'NONE', #2138, #1657, #1853, .T. ) ;
#2292 = CARTESIAN_POINT ( 'NONE',  ( 22.99999999999999289, 25.00000000000000000, 0.000000000000000000 ) ) ;
#2293 = CARTESIAN_POINT ( 'NONE',  ( 46.92918384092907758, 2.618669615321270072, 14.87302750503572391 ) ) ;
#2294 = ORIENTED_EDGE ( 'NONE', *, *, #1934, .T. ) ;
#2295 = PLANE ( 'NONE',  #2306 ) ;
#2296 = ORIENTED_EDGE ( 'NONE', *, *, #2839, .F. ) ;
#2297 = DIRECTION ( 'NONE',  ( 1.000000000000000000, 0.000000000000000000, 0.000000000000000000 ) ) ;
#2298 = ORIENTED_EDGE ( 'NONE', *, *, #592, .F. ) ;
#2299 = CARTESIAN_POINT ( 'NONE',  ( 50.65144273903793248, 15.14899189343730868, 20.55839776110745021 ) ) ;
#2300 = CARTESIAN_POINT ( 'NONE',  ( 46.90841124161889297, -39.99395579886611785, 23.08789224913619265 ) ) ;
#2301 = LINE ( 'NONE', #359, #1958 ) ;
#2302 = CARTESIAN_POINT ( 'NONE',  ( 45.97330748042095649, 41.52561482754657618, 18.67424657031179436 ) ) ;
#2303 = CARTESIAN_POINT ( 'NONE',  ( -23.00000000000000711, 24.99999999999959144, 15.00000000000027356 ) ) ;
#2304 = DIRECTION ( 'NONE',  ( 1.000000000000000000, -3.304235192336776991E-16, 0.000000000000000000 ) ) ;
#2305 = EDGE_CURVE ( 'NONE', #1176, #2452, #1237, .T. ) ;
#2306 = AXIS2_PLACEMENT_3D ( 'NONE', #2310, #2762, #1369 ) ;
#2307 = CARTESIAN_POINT ( 'NONE',  ( 44.33416769262105817, 0.5397946954984068624, 14.72557090966000715 ) ) ;
#2308 = ORIENTED_EDGE ( 'NONE', *, *, #84, .F. ) ;
#2309 = VECTOR ( 'NONE', #1875, 1000.000000000000000 ) ;
#2310 = CARTESIAN_POINT ( 'NONE',  ( 46.99999999999999289, -1.552990540398285062E-14, 75.00000000000001421 ) ) ;
#2311 = CIRCLE ( 'NONE', #1071, 2.099999999999997868 ) ;
#2312 = CARTESIAN_POINT ( 'NONE',  ( 47.35292412345965118, 41.47980612137408940, 27.49423016939181963 ) ) ;
#2313 = CARTESIAN_POINT ( 'NONE',  ( 52.00000000000001421, -25.00000000000007816, 65.00000000000061107 ) ) ;
#2314 = ORIENTED_EDGE ( 'NONE', *, *, #1409, .F. ) ;
#2315 = CARTESIAN_POINT ( 'NONE',  ( 45.02527989894008442, -15.00169989401868698, 16.31598829513443150 ) ) ;
#2316 = CARTESIAN_POINT ( 'NONE',  ( 46.94962406581954895, -36.97365243616498987, 23.57141183118367778 ) ) ;
#2317 = DIRECTION ( 'NONE',  ( 1.000000000000000000, 0.000000000000000000, 0.000000000000000000 ) ) ;
#2318 = B_SPLINE_CURVE_WITH_KNOTS ( 'NONE', 3,
 ( #1010, #783, #1239, #1630, #112, #1660, #2503, #1438, #2315, #520, #1410, #356, #1674, #1393, #1227, #2107, #141, #1891, #2766, #581, #1454, #2332, #2120, #1827, #2707, #1689, #398, #167, #863, #2566, #1467, #2589, #2781, #182, #1040, #1925, #1076, #1063, #1712, #153, #2796, #1477, #2172, #1301, #1727, #851 ),
 .UNSPECIFIED., .F., .F.,
 ( 4, 2, 2, 2, 2, 2, 2, 2, 2, 2, 2, 2, 2, 2, 2, 2, 2, 2, 2, 2, 2, 2, 4 ),
 ( 0.000000000000000000, 0.003603596290942656395, 0.007207192581885312789, 0.01081078887282796788, 0.01441438516377062558, 0.01621618330924195009, 0.01801798145471327633, 0.02162157774565591842, 0.02342337589112724813, 0.02522517403659857091, 0.02882877032754122340, 0.03063056847301254965, 0.03243236661848387936, 0.03603596290942653879, 0.03783776105489786157, 0.03963955920036919128, 0.04324315549131184377, 0.04504495363678318043, 0.04684675178225449627, 0.05045034807319715570, 0.05405394436413981513, 0.05585574250961113790, 0.05765754065508246068 ),
 .UNSPECIFIED. ) ;
#2319 = CARTESIAN_POINT ( 'NONE',  ( 38.49168206321983376, -36.65901576029500575, 8.626963421211517158 ) ) ;
#2320 = DIRECTION ( 'NONE',  ( -0.000000000000000000, 0.000000000000000000, 1.000000000000000000 ) ) ;
#2321 = CIRCLE ( 'NONE', #1998, 22.49999999999999645 ) ;
#2322 = AXIS2_PLACEMENT_3D ( 'NONE', #68, #2679, #509 ) ;
#2323 = DIRECTION ( 'NONE',  ( -3.304235192336776991E-16, -1.000000000000000000, 0.000000000000000000 ) ) ;
#2324 = VERTEX_POINT ( 'NONE', #1465 ) ;
#2325 = EDGE_CURVE ( 'NONE', #2324, #2462, #1248, .T. ) ;
#2326 = EDGE_CURVE ( 'NONE', #2483, #1772, #2257, .T. ) ;
#2327 = DIRECTION ( 'NONE',  ( 1.000000000000000000, -2.837621154675666483E-16, 2.465190328815661892E-32 ) ) ;
#2328 = CARTESIAN_POINT ( 'NONE',  ( 46.92320171529252093, 38.69110895025167451, 23.24802806759473484 ) ) ;
#2329 = LINE ( 'NONE', #837, #2545 ) ;
#2330 = EDGE_CURVE ( 'NONE', #267, #2793, #1377, .T. ) ;
#2331 = VERTEX_POINT ( 'NONE', #28 ) ;
#2332 = CARTESIAN_POINT ( 'NONE',  ( 42.83314384326230595, 0.5803421631442942097, 12.78068920481409876 ) ) ;
#2333 = CARTESIAN_POINT ( 'NONE',  ( 51.87782186246434435, -42.74848847883971104, 27.52242952345914517 ) ) ;
#2334 = DIRECTION ( 'NONE',  ( -0.000000000000000000, 0.000000000000000000, 1.000000000000000000 ) ) ;
#2335 = ORIENTED_EDGE ( 'NONE', *, *, #2539, .T. ) ;
#2336 = CARTESIAN_POINT ( 'NONE',  ( 36.28005321686303120, -39.33716553862335985, 7.283110424676405792 ) ) ;
#2337 = CARTESIAN_POINT ( 'NONE',  ( 44.49299383139310748, -20.00000000000051159, 15.29875409246187701 ) ) ;
#2338 = CARTESIAN_POINT ( 'NONE',  ( 51.99999999999997868, -32.98612181134002697, 25.00000000000000000 ) ) ;
#2339 = EDGE_LOOP ( 'NONE', ( #506, #1800, #306, #1476 ) ) ;
#2340 = DIRECTION ( 'NONE',  ( -1.000000000000000000, 3.304235192336776991E-16, -0.000000000000000000 ) ) ;
#2341 = ADVANCED_FACE ( 'NONE', ( #1771 ), #2370, .F. ) ;
#2342 = CARTESIAN_POINT ( 'NONE',  ( 47.23422900700266780, 37.71972689923986621, 28.23958919141072599 ) ) ;
#2343 = CARTESIAN_POINT ( 'NONE',  ( 46.91103683625286180, -42.94012517982835675, 23.11346288105487545 ) ) ;
#2344 = ORIENTED_EDGE ( 'NONE', *, *, #428, .T. ) ;
#2345 =( LENGTH_UNIT ( ) NAMED_UNIT ( * ) SI_UNIT ( .MILLI., .METRE. ) );
#2346 = CARTESIAN_POINT ( 'NONE',  ( 46.33945387465215759, 23.97194464115658974, 19.90203052105428938 ) ) ;
#2347 = DIRECTION ( 'NONE',  ( 2.465190328815661892E-32, -8.145568640280981085E-48, -1.000000000000000000 ) ) ;
#2348 = EDGE_LOOP ( 'NONE', ( #1357, #2833, #1418, #1750, #2259, #973 ) ) ;
#2349 = DIRECTION ( 'NONE',  ( 1.000000000000000000, -3.304235192336776991E-16, 0.000000000000000000 ) ) ;
#2350 = CARTESIAN_POINT ( 'NONE',  ( 51.99999999999999289, -1.718202300015123818E-14, 37.22636645523086685 ) ) ;
#2351 = DIRECTION ( 'NONE',  ( -0.000000000000000000, -0.000000000000000000, -1.000000000000000000 ) ) ;
#2352 = ORIENTED_EDGE ( 'NONE', *, *, #156, .F. ) ;
#2353 = LINE ( 'NONE', #835, #2651 ) ;
#2354 = VECTOR ( 'NONE', #1450, 1000.000000000000000 ) ;
#2355 = VECTOR ( 'NONE', #1124, 1000.000000000000000 ) ;
#2356 = DIRECTION ( 'NONE',  ( 1.000000000000000000, 1.107270303814983170E-16, -0.000000000000000000 ) ) ;
#2357 = ORIENTED_EDGE ( 'NONE', *, *, #2305, .F. ) ;
#2358 = CARTESIAN_POINT ( 'NONE',  ( 46.99999999999999289, -1.552990540398285062E-14, 37.22636645523086685 ) ) ;
#2359 = CARTESIAN_POINT ( 'NONE',  ( 46.16763061430348358, 27.59650191976832190, 19.28651067143150755 ) ) ;
#2360 = CIRCLE ( 'NONE', #986, 2.099999999999997868 ) ;
#2361 = DIRECTION ( 'NONE',  ( 1.000000000000000000, -3.304235192336776991E-16, 0.000000000000000000 ) ) ;
#2362 = ORIENTED_EDGE ( 'NONE', *, *, #882, .F. ) ;
#2363 = CARTESIAN_POINT ( 'NONE',  ( 42.43659469329178791, -36.20311735231817352, 12.27672409089078798 ) ) ;
#2364 = DIRECTION ( 'NONE',  ( 0.000000000000000000, 1.000000000000000000, 0.000000000000000000 ) ) ;
#2365 = EDGE_CURVE ( 'NONE', #957, #1954, #2216, .T. ) ;
#2366 = DIRECTION ( 'NONE',  ( 1.000000000000000000, 0.000000000000000000, 0.000000000000000000 ) ) ;
#2367 = VECTOR ( 'NONE', #518, 1000.000000000000000 ) ;
#2368 = EDGE_LOOP ( 'NONE', ( #1367, #1453, #1159, #2076, #124, #301, #2671, #407 ) ) ;
#2369 = DIRECTION ( 'NONE',  ( -0.000000000000000000, 0.000000000000000000, 1.000000000000000000 ) ) ;
#2370 = CYLINDRICAL_SURFACE ( 'NONE', #346, 3.299999999999917666 ) ;
#2371 = ORIENTED_EDGE ( 'NONE', *, *, #2378, .F. ) ;
#2372 = SURFACE_SIDE_STYLE ('',( #1493 ) ) ;
#2373 = CARTESIAN_POINT ( 'NONE',  ( 47.66987298107778059, -41.99999999999997868, 55.00000000000000711 ) ) ;
#2374 = ORIENTED_EDGE ( 'NONE', *, *, #84, .T. ) ;
#2375 = CARTESIAN_POINT ( 'NONE',  ( 52.00000000000000711, 42.00000000000000000, 40.00000000000000711 ) ) ;
#2376 = DIRECTION ( 'NONE',  ( 3.965082230804131206E-16, 1.000000000000000000, 0.000000000000000000 ) ) ;
#2377 = B_SPLINE_CURVE_WITH_KNOTS ( 'NONE', 3,
 ( #2618, #1044, #389, #1706, #868, #1290, #2189, #426 ),
 .UNSPECIFIED., .F., .F.,
 ( 4, 2, 2, 4 ),
 ( 2.797157557069881010E-17, 0.0003018522028529321746, 0.0006037044057058363767, 0.001207408811411650202 ),
 .UNSPECIFIED. ) ;
#2378 = EDGE_CURVE ( 'NONE', #445, #1737, #2086, .T. ) ;
#2379 = CARTESIAN_POINT ( 'NONE',  ( 44.32050807568906237, -20.00000000000051514, 15.00000000000052758 ) ) ;
#2380 = TOROIDAL_SURFACE ( 'NONE', #2758, 17.49999999999999645, 5.000000000000000000 ) ;
#2381 = CYLINDRICAL_SURFACE ( 'NONE', #1382, 1.999999999999991340 ) ;
#2382 = EDGE_CURVE ( 'NONE', #2170, #1174, #1864, .T. ) ;
#2383 = CARTESIAN_POINT ( 'NONE',  ( 52.00000000000001421, -25.00000000000052225, 15.00000000000052758 ) ) ;
#2384 = ORIENTED_EDGE ( 'NONE', *, *, #2365, .T. ) ;
#2385 = CARTESIAN_POINT ( 'NONE',  ( 52.00000000000001421, -25.00000000000052225, 15.00000000000052758 ) ) ;
#2386 = ORIENTED_EDGE ( 'NONE', *, *, #2837, .F. ) ;
#2387 = LINE ( 'NONE', #2646, #1209 ) ;
#2388 = DIRECTION ( 'NONE',  ( -0.000000000000000000, 0.000000000000000000, 1.000000000000000000 ) ) ;
#2389 = DIRECTION ( 'NONE',  ( -1.000000000000000000, 3.304235192336776991E-16, 0.000000000000000000 ) ) ;
#2390 = EDGE_CURVE ( 'NONE', #1729, #2544, #1565, .T. ) ;
#2391 = CARTESIAN_POINT ( 'NONE',  ( 20.73957307132238626, -27.00000000000000355, 0.000000000000000000 ) ) ;
#2392 = CARTESIAN_POINT ( 'NONE',  ( 38.49634471656224832, 36.65619767730071743, 8.630197818616466066 ) ) ;
#2393 = VERTEX_POINT ( 'NONE', #2037 ) ;
#2394 = AXIS2_PLACEMENT_3D ( 'NONE', #2630, #899, #243 ) ;
#2395 = CARTESIAN_POINT ( 'NONE',  ( 20.73957307132238270, -14.48998971462590468, 5.000000000000000000 ) ) ;
#2396 = CARTESIAN_POINT ( 'NONE',  ( 46.21367393788415256, 22.68570616650147898, 19.44528306631214676 ) ) ;
#2397 = CYLINDRICAL_SURFACE ( 'NONE', #971, 2.099999999999997868 ) ;
#2398 = EDGE_LOOP ( 'NONE', ( #1023, #689, #907, #1448, #2798, #946, #1573 ) ) ;
#2399 = DIRECTION ( 'NONE',  ( 3.304235192336776991E-16, 1.000000000000000000, 0.000000000000000000 ) ) ;
#2400 = DIRECTION ( 'NONE',  ( -3.304235192336776991E-16, -1.000000000000000000, 0.000000000000000000 ) ) ;
#2401 = CIRCLE ( 'NONE', #525, 2.099999999999997868 ) ;
#2402 = CARTESIAN_POINT ( 'NONE',  ( 41.06763963837045850, -22.29706219416027579, 10.78123507327510211 ) ) ;
#2403 =( BOUNDED_SURFACE ( )  B_SPLINE_SURFACE ( 3, 2, ( 
 ( #1145, #2025, #59 ),
 ( #595, #2763, #138 ),
 ( #379, #150, #1464 ),
 ( #2548, #2342, #1888 ),
 ( #1249, #1021, #2131 ),
 ( #578, #164, #1922 ),
 ( #1435, #1903, #2328 ),
 ( #2778, #1036, #1451 ),
 ( #810, #1686, #2562 ),
 ( #2115, #2312, #367 ),
 ( #1236, #352, #1223 ),
 ( #2104, #1006, #793 ) ),
 .UNSPECIFIED., .F., .F., .F. ) 
 B_SPLINE_SURFACE_WITH_KNOTS ( ( 4, 2, 2, 2, 2, 4 ),
 ( 3, 3 ),
 ( -2.602085213965210642E-18, 0.002618670204536121138, 0.005237340409072244879, 0.006546675511340306966, 0.007856010613608369053, 0.01047468081814449149 ),
 ( 0.000000000000000000, 1.000000000000000000 ),
 .UNSPECIFIED. ) 
 GEOMETRIC_REPRESENTATION_ITEM ( )  RATIONAL_B_SPLINE_SURFACE ( (
 ( 1.000000000000000000, 0.7071067811865473507, 1.000000000000000000),
 ( 1.000000000000000000, 0.7126386714018652091, 1.000000000000000000),
 ( 1.000000000000000000, 0.7178252136865764799, 1.000000000000000000),
 ( 1.000000000000000000, 0.7269560651196070866, 1.000000000000000000),
 ( 1.000000000000000000, 0.7309010205286572415, 1.000000000000000000),
 ( 1.000000000000000000, 0.7355549144081706681, 1.000000000000000000),
 ( 1.000000000000000000, 0.7368979298874756001, 1.000000000000000000),
 ( 1.000000000000000000, 0.7390837026265064669, 1.000000000000000000),
 ( 1.000000000000000000, 0.7399332336977421098, 1.000000000000000000),
 ( 1.000000000000000000, 0.7417365817905624548, 1.000000000000000000),
 ( 1.000000000000000000, 0.7419444378894256564, 1.000000000000000000),
 ( 1.000000000000000000, 0.7411365475783779910, 1.000000000000000000) ) ) 
 REPRESENTATION_ITEM ( '' )  SURFACE ( )  );
#2404 = EDGE_CURVE ( 'NONE', #838, #1919, #256, .T. ) ;
#2405 = AXIS2_PLACEMENT_3D ( 'NONE', #1968, #2400, #1307 ) ;
#2406 = CARTESIAN_POINT ( 'NONE',  ( 43.67102207877382369, 46.72272794772011650, 13.93801143079178217 ) ) ;
#2407 = EDGE_CURVE ( 'NONE', #94, #1941, #1070, .T. ) ;
#2408 = EDGE_CURVE ( 'NONE', #1772, #1554, #513, .T. ) ;
#2409 = TOROIDAL_SURFACE ( 'NONE', #1722, 17.49999999999999645, 5.000000000000000000 ) ;
#2410 = ADVANCED_FACE ( 'NONE', ( #2005 ), #2071, .F. ) ;
#2411 = CARTESIAN_POINT ( 'NONE',  ( 37.19081555546717510, 37.75524972183816175, 7.790373233050697621 ) ) ;
#2412 = ORIENTED_EDGE ( 'NONE', *, *, #2141, .F. ) ;
#2413 = CARTESIAN_POINT ( 'NONE',  ( 46.96436449492590270, -36.18338929410160176, 23.77732058882826038 ) ) ;
#2414 = CARTESIAN_POINT ( 'NONE',  ( 43.19453595808683133, -45.50032115845935721, 13.25696741905901277 ) ) ;
#2415 = ADVANCED_FACE ( 'NONE', ( #2496 ), #1383, .T. ) ;
#2416 = VERTEX_POINT ( 'NONE', #71 ) ;
#2417 = CARTESIAN_POINT ( 'NONE',  ( 46.99999999999999289, -1.552990540398285062E-14, 25.00000000000000000 ) ) ;
#2418 = CARTESIAN_POINT ( 'NONE',  ( 40.89585110446992644, 22.59128352725227984, 10.61528397012840763 ) ) ;
#2419 = DIRECTION ( 'NONE',  ( -1.000000000000000000, 0.000000000000000000, 0.000000000000000000 ) ) ;
#2420 = AXIS2_PLACEMENT_3D ( 'NONE', #2385, #1090, #1064 ) ;
#2421 = CIRCLE ( 'NONE', #1769, 12.49999999999999645 ) ;
#2422 = CARTESIAN_POINT ( 'NONE',  ( 36.00000000000000000, 40.99999999999999289, 109.0000000000000426 ) ) ;
#2423 = DIRECTION ( 'NONE',  ( 1.000000000000000000, 0.000000000000000000, 0.000000000000000000 ) ) ;
#2424 = CARTESIAN_POINT ( 'NONE',  ( 36.43306880593673469, 38.95393409317248512, 7.364104338743765688 ) ) ;
#2425 = ORIENTED_EDGE ( 'NONE', *, *, #2752, .T. ) ;
#2426 = CARTESIAN_POINT ( 'NONE',  ( 40.99999999999997868, -40.99999999999996447, 5.000000000000000000 ) ) ;
#2427 = CARTESIAN_POINT ( 'NONE',  ( 52.00000000000002842, 24.99999999999998934, 65.00000000000000000 ) ) ;
#2428 = ADVANCED_FACE ( 'NONE', ( #2019 ), #1819, .F. ) ;
#2429 = ORIENTED_EDGE ( 'NONE', *, *, #2624, .F. ) ;
#2430 = CARTESIAN_POINT ( 'NONE',  ( 47.00000000000000711, 41.84322329798259688, 57.49929773064349803 ) ) ;
#2431 = CARTESIAN_POINT ( 'NONE',  ( 44.13528383530865540, 19.99999999999955946, 14.67918220486827074 ) ) ;
#2432 = CARTESIAN_POINT ( 'NONE',  ( 46.04529315766307462, -28.15788400458351859, 18.89114806018661241 ) ) ;
#2433 = CARTESIAN_POINT ( 'NONE',  ( 51.87468592766551723, -41.99999999999997868, 27.50000000000001421 ) ) ;
#2434 = CARTESIAN_POINT ( 'NONE',  ( 46.90196794338090314, 42.98524630527907675, 23.02220527338167244 ) ) ;
#2435 = CARTESIAN_POINT ( 'NONE',  ( 40.99999999999999289, 40.99999999999999289, 0.000000000000000000 ) ) ;
#2436 = VERTEX_POINT ( 'NONE', #2716 ) ;
#2437 = CARTESIAN_POINT ( 'NONE',  ( 29.68751857796381088, -43.68276406244095256, 5.172691770999545469 ) ) ;
#2438 = CARTESIAN_POINT ( 'NONE',  ( 42.43980927373921475, -45.79587278250062354, 12.28066431791366675 ) ) ;
#2439 = ORIENTED_EDGE ( 'NONE', *, *, #2167, .T. ) ;
#2440 = CARTESIAN_POINT ( 'NONE',  ( 23.00000000000176570, -25.00000000000000000, 0.000000000000000000 ) ) ;
#2441 = CARTESIAN_POINT ( 'NONE',  ( 40.45779894266634358, 26.46227008194351171, 10.20465365617232223 ) ) ;
#2442 = ORIENTED_EDGE ( 'NONE', *, *, #2330, .F. ) ;
#2443 = ADVANCED_FACE ( 'NONE', ( #744 ), #2246, .F. ) ;
#2444 = CARTESIAN_POINT ( 'NONE',  ( 40.22858872327854840, -25.18251902466349890, 9.999851986013032601 ) ) ;
#2445 = AXIS2_PLACEMENT_3D ( 'NONE', #891, #20, #661 ) ;
#2446 = VECTOR ( 'NONE', #328, 1000.000000000000000 ) ;
#2447 = CARTESIAN_POINT ( 'NONE',  ( 20.73957307132238270, 10.71001584437527754, 5.000000000000000000 ) ) ;
#2448 = CARTESIAN_POINT ( 'NONE',  ( 42.71463023250127122, 46.95985116519547375, 12.61664155410889165 ) ) ;
#2449 = ORIENTED_EDGE ( 'NONE', *, *, #1347, .F. ) ;
#2450 = CARTESIAN_POINT ( 'NONE',  ( 46.99999999999997868, -25.80194238023550213, 45.56485217977282076 ) ) ;
#2451 = VECTOR ( 'NONE', #2570, 1000.000000000000000 ) ;
#2452 = VERTEX_POINT ( 'NONE', #681 ) ;
#2453 = CARTESIAN_POINT ( 'NONE',  ( 31.74929098779284686, -44.86864331654941651, 5.569542548716094998 ) ) ;
#2454 = CARTESIAN_POINT ( 'NONE',  ( 35.99999999999998579, -40.99999999999996447, 7.139428900508254294 ) ) ;
#2455 = AXIS2_PLACEMENT_3D ( 'NONE', #332, #1869, #789 ) ;
#2456 = VERTEX_POINT ( 'NONE', #1155 ) ;
#2457 = DIRECTION ( 'NONE',  ( 3.083952846180990774E-16, 1.000000000000000000, 0.000000000000000000 ) ) ;
#2458 = CARTESIAN_POINT ( 'NONE',  ( 42.05518040540081159, 21.12047231874302966, 11.83049952602063826 ) ) ;
#2459 = ORIENTED_EDGE ( 'NONE', *, *, #2638, .T. ) ;
#2460 = CARTESIAN_POINT ( 'NONE',  ( 44.32050807568906237, -30.00000000000051870, 15.00000000000053113 ) ) ;
#2461 = EDGE_CURVE ( 'NONE', #617, #1657, #1352, .T. ) ;
#2462 = VERTEX_POINT ( 'NONE', #730 ) ;
#2463 = CARTESIAN_POINT ( 'NONE',  ( 44.50888405009419557, -46.33472862184544994, 15.31928927631174275 ) ) ;
#2464 = AXIS2_PLACEMENT_3D ( 'NONE', #1545, #889, #1802 ) ;
#2465 = CARTESIAN_POINT ( 'NONE',  ( 48.72767868532656621, -10.07579535488152089, 17.10194018460281029 ) ) ;
#2466 = VERTEX_POINT ( 'NONE', #2232 ) ;
#2467 = DIRECTION ( 'NONE',  ( 0.000000000000000000, -1.000000000000000000, 0.000000000000000000 ) ) ;
#2468 = CARTESIAN_POINT ( 'NONE',  ( 46.91274872642915739, -39.55502720311210396, 23.13300216273939469 ) ) ;
#2469 = LINE ( 'NONE', #234, #823 ) ;
#2470 = ORIENTED_EDGE ( 'NONE', *, *, #954, .T. ) ;
#2471 = CARTESIAN_POINT ( 'NONE',  ( 51.05690923237096968, -16.23886110085187440, 21.64363371140242620 ) ) ;
#2472 = CARTESIAN_POINT ( 'NONE',  ( 44.32050807568892736, 19.99999999999956657, 15.00000000000027711 ) ) ;
#2473 = ORIENTED_EDGE ( 'NONE', *, *, #1221, .T. ) ;
#2474 = CARTESIAN_POINT ( 'NONE',  ( 46.99999999999997868, -41.99999999999997868, 5.000000000000000000 ) ) ;
#2475 = CARTESIAN_POINT ( 'NONE',  ( 45.49340944450461421, -20.59020113239396110, 17.37888827578035844 ) ) ;
#2476 = CARTESIAN_POINT ( 'NONE',  ( 47.00000000000000000, 22.99999999999999289, 65.00000000000000000 ) ) ;
#2477 = CARTESIAN_POINT ( 'NONE',  ( 48.25680929196308000, 8.661908375435251273, 16.45409714994993777 ) ) ;
#2478 = EDGE_CURVE ( 'NONE', #2225, #535, #2360, .T. ) ;
#2479 = ORIENTED_EDGE ( 'NONE', *, *, #1747, .F. ) ;
#2480 = CARTESIAN_POINT ( 'NONE',  ( 47.20766832217671549, -25.92602843230126197, 40.00000000000000711 ) ) ;
#2481 = CARTESIAN_POINT ( 'NONE',  ( 46.99999999999998579, -26.84324998696018127, 31.25226148983535523 ) ) ;
#2482 = CARTESIAN_POINT ( 'NONE',  ( 45.99999999999997868, -40.99999999999996447, 18.75500200160159636 ) ) ;
#2483 = VERTEX_POINT ( 'NONE', #1553 ) ;
#2484 = LINE ( 'NONE', #2026, #2815 ) ;
#2485 = CARTESIAN_POINT ( 'NONE',  ( 38.89999999999999858, 40.99999999999999289, 5.000000000000000000 ) ) ;
#2486 = ORIENTED_EDGE ( 'NONE', *, *, #1512, .F. ) ;
#2487 = CARTESIAN_POINT ( 'NONE',  ( 47.13710446437649892, 17.76725543226735127, 23.36684347934976458 ) ) ;
#2488 = CARTESIAN_POINT ( 'NONE',  ( 46.99999999999999289, -1.552990540398285062E-14, 75.00000000000001421 ) ) ;
#2489 = DIRECTION ( 'NONE',  ( 3.304235192336777977E-16, 1.000000000000000000, 0.000000000000000000 ) ) ;
#2490 = DIRECTION ( 'NONE',  ( -0.000000000000000000, -0.000000000000000000, -1.000000000000000000 ) ) ;
#2491 = CARTESIAN_POINT ( 'NONE',  ( 43.94167785124731296, -29.96939972055644219, 14.36441376504138923 ) ) ;
#2492 = CYLINDRICAL_SURFACE ( 'NONE', #2687, 1.999999999999998224 ) ;
#2493 = AXIS2_PLACEMENT_3D ( 'NONE', #285, #1836, #483 ) ;
#2494 = CARTESIAN_POINT ( 'NONE',  ( 44.64165415729825526, -13.42519243383225991, 15.57428013163885261 ) ) ;
#2495 = ORIENTED_EDGE ( 'NONE', *, *, #2598, .T. ) ;
#2496 = FACE_OUTER_BOUND ( 'NONE', #2091, .T. ) ;
#2497 = CARTESIAN_POINT ( 'NONE',  ( 51.99999999999998579, -22.50000000000001421, 37.22636645523086685 ) ) ;
#2498 = CARTESIAN_POINT ( 'NONE',  ( 46.99999999999998579, -32.98612181134002697, 25.00000000000000000 ) ) ;
#2499 = EDGE_CURVE ( 'NONE', #166, #89, #1856, .T. ) ;
#2500 = ORIENTED_EDGE ( 'NONE', *, *, #173, .T. ) ;
#2501 = FACE_BOUND ( 'NONE', #1584, .T. ) ;
#2502 = ORIENTED_EDGE ( 'NONE', *, *, #853, .F. ) ;
#2503 = CARTESIAN_POINT ( 'NONE',  ( 45.79894303620696405, -18.03226915627661597, 18.13990333198811200 ) ) ;
#2504 = CARTESIAN_POINT ( 'NONE',  ( 51.99999999901994840, -36.10366463675908477, 28.95992324824945285 ) ) ;
#2505 = AXIS2_PLACEMENT_3D ( 'NONE', #266, #250, #953 ) ;
#2506 = DIRECTION ( 'NONE',  ( -1.000000000000000000, 0.000000000000000000, 0.000000000000000000 ) ) ;
#2507 = DIRECTION ( 'NONE',  ( -1.000000000000000000, 3.304235192336776991E-16, -0.000000000000000000 ) ) ;
#2508 = CARTESIAN_POINT ( 'NONE',  ( 46.99999999999998579, -25.00000000000052225, 15.00000000000052758 ) ) ;
#2509 = DIRECTION ( 'NONE',  ( -1.000000000000000000, 0.000000000000000000, 0.000000000000000000 ) ) ;
#2510 = CARTESIAN_POINT ( 'NONE',  ( 43.12464404782807748, -5.169852771478480769, 13.16726271907968737 ) ) ;
#2511 = ORIENTED_EDGE ( 'NONE', *, *, #2592, .T. ) ;
#2512 = CARTESIAN_POINT ( 'NONE',  ( 46.99999999999998579, -27.00000000000007105, 65.00000000000061107 ) ) ;
#2513 = PLANE ( 'NONE',  #344 ) ;
#2514 = CYLINDRICAL_SURFACE ( 'NONE', #2794, 20.00000000000000000 ) ;
#2515 = MECHANICAL_DESIGN_GEOMETRIC_PRESENTATION_REPRESENTATION (  '', ( #2154 ), #643 ) ;
#2516 = VERTEX_POINT ( 'NONE', #1569 ) ;
#2517 = CARTESIAN_POINT ( 'NONE',  ( 49.70002484725315384, 12.70109469921479395, 18.64697447751231607 ) ) ;
#2518 = VERTEX_POINT ( 'NONE', #55 ) ;
#2519 = CARTESIAN_POINT ( 'NONE',  ( 49.70387696026467950, 12.71108090910355948, 18.65371224160711350 ) ) ;
#2520 = CARTESIAN_POINT ( 'NONE',  ( 20.73957307132238270, -14.48998971462590468, 5.000000000000000000 ) ) ;
#2521 = DIRECTION ( 'NONE',  ( -1.000000000000000000, 3.304235192336777484E-16, -0.000000000000000000 ) ) ;
#2522 = DIRECTION ( 'NONE',  ( 0.000000000000000000, -0.000000000000000000, -1.000000000000000000 ) ) ;
#2523 = DIRECTION ( 'NONE',  ( 3.469446951953614189E-16, 1.000000000000000000, 0.000000000000000000 ) ) ;
#2524 = CIRCLE ( 'NONE', #2654, 1.999999999999647837 ) ;
#2525 = CARTESIAN_POINT ( 'NONE',  ( 18.03440716348291417, 12.60000986845644633, 5.000000000000000000 ) ) ;
#2526 = CARTESIAN_POINT ( 'NONE',  ( 47.35143172657199528, -5.255658514559069516, 15.34250617294657459 ) ) ;
#2527 = VERTEX_POINT ( 'NONE', #2512 ) ;
#2528 = CARTESIAN_POINT ( 'NONE',  ( 46.99999999999997158, -26.69113952778618426, 32.24428588605287871 ) ) ;
#2529 = ORIENTED_EDGE ( 'NONE', *, *, #707, .T. ) ;
#2530 = DIRECTION ( 'NONE',  ( -0.000000000000000000, 0.000000000000000000, 1.000000000000000000 ) ) ;
#2531 = ORIENTED_EDGE ( 'NONE', *, *, #1107, .T. ) ;
#2532 = CARTESIAN_POINT ( 'NONE',  ( 46.84448265263188205, 15.81807584963620350, 21.16677744236982761 ) ) ;
#2533 = CARTESIAN_POINT ( 'NONE',  ( 46.90225748997146837, -43.04788387037559971, 23.02512106627424160 ) ) ;
#2534 = VECTOR ( 'NONE', #1278, 1000.000000000000000 ) ;
#2535 = DIRECTION ( 'NONE',  ( 1.000000000000000000, 0.000000000000000000, 0.000000000000000000 ) ) ;
#2536 = DIRECTION ( 'NONE',  ( 1.000000000000000000, -3.304235192336776991E-16, -0.000000000000000000 ) ) ;
#2537 = DIRECTION ( 'NONE',  ( 1.000000000000000000, -3.304235192336776991E-16, 0.000000000000000000 ) ) ;
#2538 = EDGE_CURVE ( 'NONE', #923, #1668, #1335, .T. ) ;
#2539 = EDGE_CURVE ( 'NONE', #963, #1176, #1639, .T. ) ;
#2540 = DIRECTION ( 'NONE',  ( -0.000000000000000000, 0.000000000000000000, 1.000000000000000000 ) ) ;
#2541 = VECTOR ( 'NONE', #72, 1000.000000000000000 ) ;
#2542 = CARTESIAN_POINT ( 'NONE',  ( 45.71406374699929387, 10.77626788261827961, 17.42924170367711056 ) ) ;
#2543 = EDGE_CURVE ( 'NONE', #2466, #2018, #523, .T. ) ;
#2544 = VERTEX_POINT ( 'NONE', #2240 ) ;
#2545 = VECTOR ( 'NONE', #2587, 1000.000000000000000 ) ;
#2546 = CARTESIAN_POINT ( 'NONE',  ( 36.88912136160996624, 46.62821274600567989, 7.612633799162742854 ) ) ;
#2547 = CIRCLE ( 'NONE', #618, 2.099999999999997868 ) ;
#2548 = CARTESIAN_POINT ( 'NONE',  ( 51.95634273504138179, 37.81638475889819517, 28.20440294246611401 ) ) ;
#2549 = DIRECTION ( 'NONE',  ( 3.304235192336776991E-16, 1.000000000000000000, -0.000000000000000000 ) ) ;
#2550 = ORIENTED_EDGE ( 'NONE', *, *, #1514, .F. ) ;
#2551 = CARTESIAN_POINT ( 'NONE',  ( 45.92115419148147026, 18.51543453646777593, 18.48352377423754689 ) ) ;
#2552 = CARTESIAN_POINT ( 'NONE',  ( 47.34868031720257875, -42.77535114750266132, 27.52404092674017733 ) ) ;
#2553 = VERTEX_POINT ( 'NONE', #313 ) ;
#2554 = CARTESIAN_POINT ( 'NONE',  ( 45.81691911334628742, -39.64779731179088884, 18.22215186903239825 ) ) ;
#2555 = FACE_OUTER_BOUND ( 'NONE', #1187, .T. ) ;
#2556 = VECTOR ( 'NONE', #145, 1000.000000000000000 ) ;
#2557 = AXIS2_PLACEMENT_3D ( 'NONE', #1136, #2112, #2509 ) ;
#2558 = DIRECTION ( 'NONE',  ( 1.000000000000000000, -2.837621154675666483E-16, 2.465190328815661892E-32 ) ) ;
#2559 = EDGE_CURVE ( 'NONE', #267, #484, #1000, .T. ) ;
#2560 = ORIENTED_EDGE ( 'NONE', *, *, #348, .F. ) ;
#2561 = DIRECTION ( 'NONE',  ( 1.000000000000000000, 0.000000000000000000, 0.000000000000000000 ) ) ;
#2562 = CARTESIAN_POINT ( 'NONE',  ( 46.90841124161890718, 39.99395579886623864, 23.08789224913603633 ) ) ;
#2563 = FACE_OUTER_BOUND ( 'NONE', #1246, .T. ) ;
#2564 = EDGE_LOOP ( 'NONE', ( #1305, #621, #147, #373 ) ) ;
#2565 = AXIS2_PLACEMENT_3D ( 'NONE', #2149, #183, #913 ) ;
#2566 = CARTESIAN_POINT ( 'NONE',  ( 43.78509571120031296, 9.478999614388671446, 14.12358818487143530 ) ) ;
#2567 = CARTESIAN_POINT ( 'NONE',  ( 27.00000000000106226, -25.00000000000000000, 0.000000000000000000 ) ) ;
#2568 = ORIENTED_EDGE ( 'NONE', *, *, #2167, .F. ) ;
#2569 = CARTESIAN_POINT ( 'NONE',  ( 38.80887619924659049, -36.49221851112835679, 8.853318846306544643 ) ) ;
#2570 = DIRECTION ( 'NONE',  ( 0.000000000000000000, -0.000000000000000000, 1.000000000000000000 ) ) ;
#2571 = CARTESIAN_POINT ( 'NONE',  ( 47.00000000000000000, 24.99999999999956657, 15.00000000000027356 ) ) ;
#2572 = ORIENTED_EDGE ( 'NONE', *, *, #290, .F. ) ;
#2573 = ADVANCED_FACE ( 'NONE', ( #1613 ), #952, .T. ) ;
#2574 = CARTESIAN_POINT ( 'NONE',  ( 20.73957307132237915, 26.99999999999999645, 5.000000000000000000 ) ) ;
#2575 = EDGE_CURVE ( 'NONE', #1176, #813, #934, .T. ) ;
#2576 = DIRECTION ( 'NONE',  ( -3.304235192336776991E-16, -1.000000000000000000, 0.000000000000000000 ) ) ;
#2577 = VERTEX_POINT ( 'NONE', #101 ) ;
#2578 = CARTESIAN_POINT ( 'NONE',  ( 44.65580389380018289, 29.97339013086335413, 15.59861553947131796 ) ) ;
#2579 = ORIENTED_EDGE ( 'NONE', *, *, #1098, .T. ) ;
#2580 = CARTESIAN_POINT ( 'NONE',  ( 47.00000000000000000, 25.82451217096017615, 46.67859217893894908 ) ) ;
#2581 = CARTESIAN_POINT ( 'NONE',  ( 47.00000000000000000, 21.99999999999997158, 75.00000000000001421 ) ) ;
#2582 = VECTOR ( 'NONE', #2347, 1000.000000000000000 ) ;
#2583 = LINE ( 'NONE', #406, #39 ) ;
#2584 = ORIENTED_EDGE ( 'NONE', *, *, #2199, .F. ) ;
#2585 = LINE ( 'NONE', #2828, #1950 ) ;
#2586 = AXIS2_PLACEMENT_3D ( 'NONE', #1341, #1289, #436 ) ;
#2587 = DIRECTION ( 'NONE',  ( -0.000000000000000000, -0.000000000000000000, -1.000000000000000000 ) ) ;
#2588 = ORIENTED_EDGE ( 'NONE', *, *, #992, .F. ) ;
#2589 = CARTESIAN_POINT ( 'NONE',  ( 44.24760858249937456, 11.74666712703287708, 14.86502996000724686 ) ) ;
#2590 = CARTESIAN_POINT ( 'NONE',  ( 43.09999999999999432, 40.99999999999999289, 0.000000000000000000 ) ) ;
#2591 = AXIS2_PLACEMENT_3D ( 'NONE', #2435, #695, #2682 ) ;
#2592 = EDGE_CURVE ( 'NONE', #528, #1008, #249, .T. ) ;
#2593 = ORIENTED_EDGE ( 'NONE', *, *, #1296, .F. ) ;
#2594 = CARTESIAN_POINT ( 'NONE',  ( 24.99999999999999645, 25.00000000000000000, 5.000000000000000000 ) ) ;
#2595 = B_SPLINE_CURVE_WITH_KNOTS ( 'NONE', 3,
 ( #1470, #2152, #1056, #388, #1881, #1266, #402, #2554, #569, #158, #585, #1280, #2756, #1015, #414, #1705, #1929, #186, #1715, #2363, #800, #787, #1896, #1912, #1496, #2164, #1027, #2569, #2319, #1458, #2799, #1942, #831, #1442, #1663, #2336, #601, #360, #2810, #842, #374, #2785 ),
 .UNSPECIFIED., .F., .F.,
 ( 4, 2, 2, 2, 2, 2, 2, 2, 2, 2, 2, 2, 2, 2, 2, 2, 2, 2, 2, 2, 4 ),
 ( 0.02025937499511989981, 0.02057666593971117786, 0.02089395688430245937, 0.02152853877348501893, 0.02216312066266757502, 0.02279770255185013458, 0.02406686633021526064, 0.02533603010858038670, 0.02787435766531064230, 0.02914352144367577183, 0.03041268522204090136, 0.03168184900040603436, 0.03295101277877116042, 0.03422017655713628648, 0.03548934033550141948, 0.03675850411386655248, 0.03802766789223167854, 0.03866224978141424851, 0.03929683167059681154, 0.03993141355977937457, 0.04056599544896193760 ),
 .UNSPECIFIED. ) ;
#2596 = DIRECTION ( 'NONE',  ( 1.000000000000000000, 0.000000000000000000, 0.000000000000000000 ) ) ;
#2597 = CIRCLE ( 'NONE', #353, 4.999999999999997335 ) ;
#2598 = EDGE_CURVE ( 'NONE', #2793, #267, #1445, .T. ) ;
#2599 = CARTESIAN_POINT ( 'NONE',  ( 24.99999999999999645, 25.00000000000000000, 5.000000000000000000 ) ) ;
#2600 = CARTESIAN_POINT ( 'NONE',  ( 46.98982528889936816, 34.55990401657891908, 24.30885634775355797 ) ) ;
#2601 = ORIENTED_EDGE ( 'NONE', *, *, #2499, .T. ) ;
#2602 = CARTESIAN_POINT ( 'NONE',  ( 46.99999999999999289, -1.552990540398285062E-14, 25.00000000000000000 ) ) ;
#2603 = CARTESIAN_POINT ( 'NONE',  ( 46.35324385732344865, 24.30892426459245570, 19.95497354369870635 ) ) ;
#2604 = VERTEX_POINT ( 'NONE', #1538 ) ;
#2605 = CARTESIAN_POINT ( 'NONE',  ( 47.00000000000000000, 24.99999999999956657, 15.00000000000027356 ) ) ;
#2606 = DIRECTION ( 'NONE',  ( 1.000000000000000000, -3.304235192336776991E-16, 0.000000000000000000 ) ) ;
#2607 = AXIS2_PLACEMENT_3D ( 'NONE', #2427, #44, #2631 ) ;
#2608 = APPLICATION_CONTEXT ( 'automotive_design' ) ;
#2609 = ADVANCED_FACE ( 'NONE', ( #1828 ), #2079, .T. ) ;
#2610 = CARTESIAN_POINT ( 'NONE',  ( 47.22235741897841166, -25.97539282246830439, 39.07451786717574294 ) ) ;
#2611 = CARTESIAN_POINT ( 'NONE',  ( 46.76394581551019058, -15.43140552261294118, 20.81962016362600920 ) ) ;
#2612 = CARTESIAN_POINT ( 'NONE',  ( 38.03724832382448540, 36.96808611146484935, 8.320274559719271323 ) ) ;
#2613 = ORIENTED_EDGE ( 'NONE', *, *, #2199, .T. ) ;
#2614 = FACE_OUTER_BOUND ( 'NONE', #2040, .T. ) ;
#2615 = CARTESIAN_POINT ( 'NONE',  ( 18.03441104734529432, -12.59999013154871683, 0.000000000000000000 ) ) ;
#2616 = ORIENTED_EDGE ( 'NONE', *, *, #2625, .T. ) ;
#2617 = DIRECTION ( 'NONE',  ( 0.000000000000000000, -1.000000000000000000, 0.000000000000000000 ) ) ;
#2618 = CARTESIAN_POINT ( 'NONE',  ( 46.90196794338090314, 42.98524630527907675, 23.02220527338167244 ) ) ;
#2619 = PRODUCT_DEFINITION_SHAPE ( 'NONE', 'NONE',  #1849 ) ;
#2620 = CARTESIAN_POINT ( 'NONE',  ( 41.44342051703395668, -21.77786254128344368, 11.16311578408504879 ) ) ;
#2621 = EDGE_CURVE ( 'NONE', #2483, #2722, #2301, .T. ) ;
#2622 = EDGE_CURVE ( 'NONE', #1954, #1704, #1294, .T. ) ;
#2623 = AXIS2_PLACEMENT_3D ( 'NONE', #2123, #1441, #2768 ) ;
#2624 = EDGE_CURVE ( 'NONE', #453, #2089, #1229, .T. ) ;
#2625 = EDGE_CURVE ( 'NONE', #2192, #1408, #1214, .T. ) ;
#2626 = CARTESIAN_POINT ( 'NONE',  ( 52.00000000000000711, 41.99999999999996447, 52.50000000000000711 ) ) ;
#2627 = CARTESIAN_POINT ( 'NONE',  ( 45.42323715919163618, 38.65003120480568555, 17.20946730102564004 ) ) ;
#2628 = ORIENTED_EDGE ( 'NONE', *, *, #1810, .F. ) ;
#2629 = CIRCLE ( 'NONE', #2813, 4.999999999999997335 ) ;
#2630 = CARTESIAN_POINT ( 'NONE',  ( 25.00000000000141398, -25.00000000000000000, 5.000000000000000000 ) ) ;
#2631 = DIRECTION ( 'NONE',  ( 0.000000000000000000, -1.000000000000000000, 0.000000000000000000 ) ) ;
#2632 = ORIENTED_EDGE ( 'NONE', *, *, #2291, .T. ) ;
#2633 = PLANE ( 'NONE',  #2445 ) ;
#2634 = LINE ( 'NONE', #2581, #1399 ) ;
#2635 = AXIS2_PLACEMENT_3D ( 'NONE', #1081, #9, #1987 ) ;
#2636 = DIRECTION ( 'NONE',  ( -1.000000000000000000, 0.000000000000000000, 0.000000000000000000 ) ) ;
#2637 = CARTESIAN_POINT ( 'NONE',  ( 39.77442307251436659, 45.85806780158986129, 9.605582441584573417 ) ) ;
#2638 = EDGE_CURVE ( 'NONE', #1673, #1740, #2821, .T. ) ;
#2639 = CIRCLE ( 'NONE', #1577, 3.299999999999917666 ) ;
#2640 = CARTESIAN_POINT ( 'NONE',  ( 46.80437475545572568, 43.47080882516701905, 22.04015366234300188 ) ) ;
#2641 = CARTESIAN_POINT ( 'NONE',  ( 44.81588040815114482, 37.75877807746599757, 15.90411630958891998 ) ) ;
#2642 = ORIENTED_EDGE ( 'NONE', *, *, #667, .T. ) ;
#2643 = DIRECTION ( 'NONE',  ( 5.551115123125784674E-16, 1.000000000000000000, 0.000000000000000000 ) ) ;
#2644 = CARTESIAN_POINT ( 'NONE',  ( 52.00000000000001421, -25.00000000000007816, 65.00000000000061107 ) ) ;
#2645 = ORIENTED_EDGE ( 'NONE', *, *, #1366, .F. ) ;
#2646 = CARTESIAN_POINT ( 'NONE',  ( 26.99999999999999289, -8.921435019309295657E-15, 5.000000000000000000 ) ) ;
#2647 = CARTESIAN_POINT ( 'NONE',  ( 40.89238074686533508, 27.41963416229614836, 10.61088933379087962 ) ) ;
#2648 = CARTESIAN_POINT ( 'NONE',  ( 45.30362007700371407, -29.61200988216531726, 16.93753402044643508 ) ) ;
#2649 = ADVANCED_FACE ( 'NONE', ( #1456, #771 ), #155, .T. ) ;
#2650 = VECTOR ( 'NONE', #1839, 1000.000000000000000 ) ;
#2651 = VECTOR ( 'NONE', #594, 1000.000000000000000 ) ;
#2652 = B_SPLINE_CURVE_WITH_KNOTS ( 'NONE', 3,
 ( #2090, #2779, #1672, #1436, #1205, #178, #125, #564, #2343, #2792 ),
 .UNSPECIFIED., .F., .F.,
 ( 4, 2, 2, 2, 4 ),
 ( 0.000000000000000000, 0.0003023547968230115026, 0.0006047095936460230052, 0.0009070643904690344535, 0.001209419187292046010 ),
 .UNSPECIFIED. ) ;
#2653 = CARTESIAN_POINT ( 'NONE',  ( 45.81641015642832571, 45.27670221285126217, 18.14431813982261588 ) ) ;
#2654 = AXIS2_PLACEMENT_3D ( 'NONE', #833, #1083, #2366 ) ;
#2655 = CARTESIAN_POINT ( 'NONE',  ( 36.71840053717266983, 38.40968957380050597, 7.519572709675649946 ) ) ;
#2656 = ORIENTED_EDGE ( 'NONE', *, *, #331, .T. ) ;
#2657 = CARTESIAN_POINT ( 'NONE',  ( 35.09061111976911462, -46.19580151183355099, 6.697218938400981258 ) ) ;
#2658 = CARTESIAN_POINT ( 'NONE',  ( 41.61733174787482881, -45.96979060623289826, 11.34323174149634994 ) ) ;
#2659 = ADVANCED_FACE ( 'NONE', ( #754 ), #312, .T. ) ;
#2660 = ORIENTED_EDGE ( 'NONE', *, *, #80, .F. ) ;
#2661 = CARTESIAN_POINT ( 'NONE',  ( 51.87468592766546038, -42.00000000000000711, 22.49999999999981881 ) ) ;
#2662 = DIRECTION ( 'NONE',  ( -0.000000000000000000, 0.000000000000000000, 1.000000000000000000 ) ) ;
#2663 = VERTEX_POINT ( 'NONE', #568 ) ;
#2664 = CARTESIAN_POINT ( 'NONE',  ( 46.36487172818156210, -25.17698215059382605, 19.99982570478220367 ) ) ;
#2665 = CARTESIAN_POINT ( 'NONE',  ( 46.99999999999998579, -41.89826450794077317, 57.06229696582887811 ) ) ;
#2666 = CARTESIAN_POINT ( 'NONE',  ( 50.49849838970317251, -14.75507861048408564, 20.23222772249734192 ) ) ;
#2667 = DIRECTION ( 'NONE',  ( -0.000000000000000000, 0.000000000000000000, 1.000000000000000000 ) ) ;
#2668 = ORIENTED_EDGE ( 'NONE', *, *, #1386, .F. ) ;
#2669 = CARTESIAN_POINT ( 'NONE',  ( 27.50447933868395367, -42.01047118732940078, 5.000000000000000000 ) ) ;
#2670 = CARTESIAN_POINT ( 'NONE',  ( 47.00000000000000000, 21.99999999999997158, 75.00000000000001421 ) ) ;
#2671 = ORIENTED_EDGE ( 'NONE', *, *, #2119, .F. ) ;
#2672 = CARTESIAN_POINT ( 'NONE',  ( 47.35912391996534154, -5.292341873899281346, 15.35131665809573498 ) ) ;
#2673 = DIRECTION ( 'NONE',  ( 1.000000000000000000, 0.000000000000000000, 0.000000000000000000 ) ) ;
#2674 = ORIENTED_EDGE ( 'NONE', *, *, #1446, .T. ) ;
#2675 = EDGE_CURVE ( 'NONE', #535, #2225, #2311, .T. ) ;
#2676 = CARTESIAN_POINT ( 'NONE',  ( 43.53785568570663145, -29.85059646485739648, 13.74675725422111761 ) ) ;
#2677 = AXIS2_PLACEMENT_3D ( 'NONE', #2699, #1783, #1368 ) ;
#2678 = AXIS2_PLACEMENT_3D ( 'NONE', #1182, #2507, #2064 ) ;
#2679 = DIRECTION ( 'NONE',  ( -0.000000000000000000, -0.000000000000000000, -1.000000000000000000 ) ) ;
#2680 = CARTESIAN_POINT ( 'NONE',  ( 47.13217722388162656, 4.188299818455207379, 15.09437793777494186 ) ) ;
#2681 = ORIENTED_EDGE ( 'NONE', *, *, #251, .F. ) ;
#2682 = DIRECTION ( 'NONE',  ( 1.000000000000000000, 0.000000000000000000, 0.000000000000000000 ) ) ;
#2683 = AXIS2_PLACEMENT_3D ( 'NONE', #2811, #2388, #843 ) ;
#2684 = ORIENTED_EDGE ( 'NONE', *, *, #853, .T. ) ;
#2685 = CARTESIAN_POINT ( 'NONE',  ( 38.64262027150854095, -46.92452238615116755, 8.681095946220521498 ) ) ;
#2686 = CARTESIAN_POINT ( 'NONE',  ( 45.66537032816814445, -42.80538513845412751, 17.81486747898306433 ) ) ;
#2687 = AXIS2_PLACEMENT_3D ( 'NONE', #1152, #1378, #253 ) ;
#2688 = ORIENTED_EDGE ( 'NONE', *, *, #223, .F. ) ;
#2689 = CARTESIAN_POINT ( 'NONE',  ( 50.92259389954438120, -15.87282858295433563, 21.27113381188268448 ) ) ;
#2690 = CARTESIAN_POINT ( 'NONE',  ( 40.32233208753095965, 24.07506055450908633, 10.08292680861530144 ) ) ;
#2691 = ORIENTED_EDGE ( 'NONE', *, *, #500, .T. ) ;
#2692 = CARTESIAN_POINT ( 'NONE',  ( 45.42155763803624069, 43.35280281526534907, 17.20559398236756010 ) ) ;
#2693 = CARTESIAN_POINT ( 'NONE',  ( 46.04649118634165461, -21.84621548815493597, 18.89482210229217429 ) ) ;
#2694 = ORIENTED_EDGE ( 'NONE', *, *, #156, .T. ) ;
#2695 = CARTESIAN_POINT ( 'NONE',  ( 43.67102207877383080, -46.72272794772011650, 13.93801143079181415 ) ) ;
#2696 = AXIS2_PLACEMENT_3D ( 'NONE', #2488, #1196, #1228 ) ;
#2697 = CARTESIAN_POINT ( 'NONE',  ( 47.46216159947373114, -5.760073788871529210, 15.47001404194494611 ) ) ;
#2698 = ORIENTED_EDGE ( 'NONE', *, *, #644, .F. ) ;
#2699 = CARTESIAN_POINT ( 'NONE',  ( 0.000000000000000000, 0.000000000000000000, 75.00000000000001421 ) ) ;
#2700 = CARTESIAN_POINT ( 'NONE',  ( 38.61495317013973505, 46.89435237737179563, 8.703844360966261462 ) ) ;
#2701 = CARTESIAN_POINT ( 'NONE',  ( 45.99664431908184525, -41.21095357867448428, 18.74476639260843669 ) ) ;
#2702 = EDGE_LOOP ( 'NONE', ( #2684, #1019, #2160, #949, #2715 ) ) ;
#2703 = CARTESIAN_POINT ( 'NONE',  ( 47.69822883519830725, 6.729662852290018371, 15.75006674347422653 ) ) ;
#2704 = EDGE_CURVE ( 'NONE', #990, #401, #2178, .T. ) ;
#2705 = CARTESIAN_POINT ( 'NONE',  ( 40.99999999999999289, 40.99999999999999289, 5.000000000000000000 ) ) ;
#2706 = ORIENTED_EDGE ( 'NONE', *, *, #2390, .T. ) ;
#2707 = CARTESIAN_POINT ( 'NONE',  ( 42.93022860890710746, 3.002974969391337901, 12.90726832128393120 ) ) ;
#2708 = CARTESIAN_POINT ( 'NONE',  ( 51.99999999999999289, -1.718202300015123818E-14, 37.22636645523086685 ) ) ;
#2709 = CARTESIAN_POINT ( 'NONE',  ( 43.19277708322511700, 45.50114267570095450, 13.25457434933787937 ) ) ;
#2710 = CARTESIAN_POINT ( 'NONE',  ( 46.35324385732350549, -25.69107573540762957, 19.95497354369895859 ) ) ;
#2711 = DIRECTION ( 'NONE',  ( 0.000000000000000000, -1.000000000000000000, 0.000000000000000000 ) ) ;
#2712 = EDGE_CURVE ( 'NONE', #1999, #1138, #2547, .T. ) ;
#2713 = ADVANCED_FACE ( 'NONE', ( #143 ), #1179, .F. ) ;
#2714 = CARTESIAN_POINT ( 'NONE',  ( 46.80806716429822956, 1.026686529336231724, 14.74352551618043172 ) ) ;
#2715 = ORIENTED_EDGE ( 'NONE', *, *, #588, .F. ) ;
#2716 = CARTESIAN_POINT ( 'NONE',  ( 44.32050807568893447, 29.99999999999957367, 15.00000000000027534 ) ) ;
#2717 = EDGE_CURVE ( 'NONE', #1657, #2138, #1561, .T. ) ;
#2718 = DIRECTION ( 'NONE',  ( 1.000000000000000000, 0.000000000000000000, 0.000000000000000000 ) ) ;
#2719 = LINE ( 'NONE', #746, #87 ) ;
#2720 = ORIENTED_EDGE ( 'NONE', *, *, #2408, .T. ) ;
#2721 = FACE_BOUND ( 'NONE', #855, .T. ) ;
#2722 = VERTEX_POINT ( 'NONE', #1013 ) ;
#2723 = CARTESIAN_POINT ( 'NONE',  ( 47.00000000000000711, 24.63261990333964491, 24.99999999999999645 ) ) ;
#2724 = CARTESIAN_POINT ( 'NONE',  ( 47.01429267625660202, 41.89447477002910603, 57.06328433653904852 ) ) ;
#2725 = DIRECTION ( 'NONE',  ( 3.304235192336776991E-16, 1.000000000000000000, 0.000000000000000000 ) ) ;
#2726 = CARTESIAN_POINT ( 'NONE',  ( 51.99999999999999289, -1.718202300015123818E-14, 37.22636645523086685 ) ) ;
#2727 = CARTESIAN_POINT ( 'NONE',  ( 51.87468592766552433, 41.43212261276930519, 27.50000000000001066 ) ) ;
#2728 = VECTOR ( 'NONE', #1247, 1000.000000000000000 ) ;
#2729 = AXIS2_PLACEMENT_3D ( 'NONE', #2375, #2349, #818 ) ;
#2730 = FACE_OUTER_BOUND ( 'NONE', #2205, .T. ) ;
#2731 = AXIS2_PLACEMENT_3D ( 'NONE', #2063, #554, #1426 ) ;
#2732 = CARTESIAN_POINT ( 'NONE',  ( 43.05656759276364909, -4.529768516108156007, 13.07544598105978118 ) ) ;
#2733 = ORIENTED_EDGE ( 'NONE', *, *, #1347, .T. ) ;
#2734 = DIRECTION ( 'NONE',  ( 0.000000000000000000, -1.000000000000000000, 0.000000000000000000 ) ) ;
#2735 = CARTESIAN_POINT ( 'NONE',  ( 27.00000000000000000, 25.00000000000000000, 5.000000000000000000 ) ) ;
#2736 = CARTESIAN_POINT ( 'NONE',  ( 45.98343847543332430, -41.41987715505761969, 18.70480290076764263 ) ) ;
#2737 = EDGE_LOOP ( 'NONE', ( #432, #1725, #152 ) ) ;
#2738 = DIRECTION ( 'NONE',  ( 1.000000000000000000, -2.837621154675666483E-16, 2.465190328815661892E-32 ) ) ;
#2739 = ORIENTED_EDGE ( 'NONE', *, *, #2622, .F. ) ;
#2740 = CARTESIAN_POINT ( 'NONE',  ( 50.93577565167543497, 15.89320851274837665, 21.26646808096560548 ) ) ;
#2741 = CARTESIAN_POINT ( 'NONE',  ( 40.99999999999999289, 40.99999999999999289, 5.000000000000000000 ) ) ;
#2742 = CARTESIAN_POINT ( 'NONE',  ( 46.99999999999999289, -1.552990540398285062E-14, 75.00000000000001421 ) ) ;
#2743 = CARTESIAN_POINT ( 'NONE',  ( 36.06825775997735661, 41.85055645499747357, 7.173961865242128866 ) ) ;
#2744 = DIRECTION ( 'NONE',  ( 0.000000000000000000, 0.8957316328487152646, 0.4445951438265766664 ) ) ;
#2745 = FACE_OUTER_BOUND ( 'NONE', #1091, .T. ) ;
#2746 = CARTESIAN_POINT ( 'NONE',  ( 43.55410289581670469, 8.198782207511525755, 13.77544144999205677 ) ) ;
#2747 = ORIENTED_EDGE ( 'NONE', *, *, #2704, .F. ) ;
#2748 = CARTESIAN_POINT ( 'NONE',  ( 33.25581457274014952, 45.55834271862287466, 5.992546108545316663 ) ) ;
#2749 = ORIENTED_EDGE ( 'NONE', *, *, #705, .F. ) ;
#2750 = CARTESIAN_POINT ( 'NONE',  ( 27.00000000000106226, -25.00000000000000000, 5.000000000000000000 ) ) ;
#2751 = EDGE_LOOP ( 'NONE', ( #1986, #1601, #2231 ) ) ;
#2752 = EDGE_CURVE ( 'NONE', #1919, #1014, #336, .T. ) ;
#2753 = CARTESIAN_POINT ( 'NONE',  ( 47.00000000000000711, 20.15396173909607569, 27.22297571913287939 ) ) ;
#2754 = CARTESIAN_POINT ( 'NONE',  ( 51.99999999999997868, -41.99999999999997868, 40.00000000000000711 ) ) ;
#2755 = DIRECTION ( 'NONE',  ( 1.000000000000000000, -2.837621154675666483E-16, 2.465190328815661892E-32 ) ) ;
#2756 = CARTESIAN_POINT ( 'NONE',  ( 45.28402053390676940, -38.40769537171667736, 16.88677958125243705 ) ) ;
#2757 = DIRECTION ( 'NONE',  ( -1.000000000000000000, 3.304235192336776991E-16, 0.000000000000000000 ) ) ;
#2758 = AXIS2_PLACEMENT_3D ( 'NONE', #1518, #2161, #1906 ) ;
#2759 = FACE_BOUND ( 'NONE', #898, .T. ) ;
#2760 = CARTESIAN_POINT ( 'NONE',  ( 45.93015920750371350, 11.70659951194731718, 17.96587904058968377 ) ) ;
#2761 = ORIENTED_EDGE ( 'NONE', *, *, #881, .T. ) ;
#2762 = DIRECTION ( 'NONE',  ( 1.000000000000000000, -3.304235192336776991E-16, 0.000000000000000000 ) ) ;
#2763 = CARTESIAN_POINT ( 'NONE',  ( 47.07758081631762082, 36.05948152769185810, 28.98647399184436324 ) ) ;
#2764 = PLANE ( 'NONE',  #1293 ) ;
#2765 = ORIENTED_EDGE ( 'NONE', *, *, #85, .F. ) ;
#2766 = CARTESIAN_POINT ( 'NONE',  ( 43.02898808990799751, -4.237817787001786130, 13.03847912863634484 ) ) ;
#2767 = CARTESIAN_POINT ( 'NONE',  ( 46.89921915826992205, -41.29976255359031256, 22.99374633795460454 ) ) ;
#2768 = DIRECTION ( 'NONE',  ( 5.551115123125784674E-16, 1.000000000000000000, 0.000000000000000000 ) ) ;
#2769 = ORIENTED_EDGE ( 'NONE', *, *, #2156, .T. ) ;
#2770 = LINE ( 'NONE', #627, #1961 ) ;
#2771 = CARTESIAN_POINT ( 'NONE',  ( 44.32050807568892736, 19.99999999999956657, 15.00000000000027711 ) ) ;
#2772 = EDGE_CURVE ( 'NONE', #1688, #401, #2094, .T. ) ;
#2773 = CARTESIAN_POINT ( 'NONE',  ( 46.99999999999999289, -1.552990540398285062E-14, 37.22636645523086685 ) ) ;
#2774 = AXIS2_PLACEMENT_3D ( 'NONE', #1433, #975, #731 ) ;
#2775 = ORIENTED_EDGE ( 'NONE', *, *, #229, .F. ) ;
#2776 = VECTOR ( 'NONE', #1022, 1000.000000000000000 ) ;
#2777 = DIRECTION ( 'NONE',  ( 5.551115123125784674E-16, 1.000000000000000000, 0.000000000000000000 ) ) ;
#2778 = CARTESIAN_POINT ( 'NONE',  ( 51.89086499995058688, 40.25662455054259681, 27.61818086909584480 ) ) ;
#2779 = CARTESIAN_POINT ( 'NONE',  ( 46.99999999999997158, -42.10210445857850914, 23.61240150423304840 ) ) ;
#2780 = ORIENTED_EDGE ( 'NONE', *, *, #496, .F. ) ;
#2781 = CARTESIAN_POINT ( 'NONE',  ( 44.50110864824411294, 12.84459287927681359, 15.30310666213204485 ) ) ;
#2782 = CARTESIAN_POINT ( 'NONE',  ( 51.95634273504136047, -37.81638475889654671, 28.20440294246678903 ) ) ;
#2783 = APPLICATION_PROTOCOL_DEFINITION ( 'draft international standard', 'automotive_design', 1998, #2608 ) ;
#2784 = ORIENTED_EDGE ( 'NONE', *, *, #309, .T. ) ;
#2785 = CARTESIAN_POINT ( 'NONE',  ( 35.99999999999998579, -40.99999999999996447, 7.139428900508254294 ) ) ;
#2786 = CARTESIAN_POINT ( 'NONE',  ( 52.00000000000000711, 36.53522766862861459, 28.70058614158275390 ) ) ;
#2787 = CIRCLE ( 'NONE', #2045, 1.999999999999991340 ) ;
#2788 = AXIS2_PLACEMENT_3D ( 'NONE', #1416, #573, #118 ) ;
#2789 = FACE_OUTER_BOUND ( 'NONE', #834, .T. ) ;
#2790 = ORIENTED_EDGE ( 'NONE', *, *, #805, .F. ) ;
#2791 = CARTESIAN_POINT ( 'NONE',  ( 20.73957307132238626, -27.00000000000000355, 5.000000000000000000 ) ) ;
#2792 = CARTESIAN_POINT ( 'NONE',  ( 46.90196794338087471, -42.98524630527905543, 23.02220527338173639 ) ) ;
#2793 = VERTEX_POINT ( 'NONE', #1893 ) ;
#2794 = AXIS2_PLACEMENT_3D ( 'NONE', #305, #2039, #73 ) ;
#2795 = AXIS2_PLACEMENT_3D ( 'NONE', #2181, #440, #1746 ) ;
#2796 = CARTESIAN_POINT ( 'NONE',  ( 46.65178176074767435, 21.65306472466050280, 21.17402488091984125 ) ) ;
#2797 = CARTESIAN_POINT ( 'NONE',  ( 46.36251006461544932, 24.64968934884450036, 19.99065435975182936 ) ) ;
#2798 = ORIENTED_EDGE ( 'NONE', *, *, #1726, .F. ) ;
#2799 = CARTESIAN_POINT ( 'NONE',  ( 37.58586378618107915, -37.32632583485354871, 8.028415876088496717 ) ) ;
#2800 = DIRECTION ( 'NONE',  ( -3.304235192336776991E-16, -1.000000000000000000, -0.000000000000000000 ) ) ;
#2801 = CARTESIAN_POINT ( 'NONE',  ( 52.00000000000000000, 21.99999999999997158, 75.00000000000001421 ) ) ;
#2802 = ORIENTED_EDGE ( 'NONE', *, *, #1918, .F. ) ;
#2803 = EDGE_CURVE ( 'NONE', #224, #600, #1151, .T. ) ;
#2804 = CARTESIAN_POINT ( 'NONE',  ( 52.00000000000000711, 42.00000000000000000, 40.00000000000000711 ) ) ;
#2805 = DIRECTION ( 'NONE',  ( -1.107270303814983170E-16, 1.000000000000000000, 0.000000000000000000 ) ) ;
#2806 = ORIENTED_EDGE ( 'NONE', *, *, #1188, .F. ) ;
#2807 = DIRECTION ( 'NONE',  ( -1.000000000000000000, 0.000000000000000000, 0.000000000000000000 ) ) ;
#2808 = DIRECTION ( 'NONE',  ( 1.000000000000000000, -3.304235192336776991E-16, 0.000000000000000000 ) ) ;
#2809 = ORIENTED_EDGE ( 'NONE', *, *, #725, .F. ) ;
#2810 = CARTESIAN_POINT ( 'NONE',  ( 36.06825775997734951, -40.14944354500249801, 7.173961865242137748 ) ) ;
#2811 = CARTESIAN_POINT ( 'NONE',  ( 40.99999999999999289, 40.99999999999999289, 5.000000000000000000 ) ) ;
#2812 = DIRECTION ( 'NONE',  ( -0.000000000000000000, -0.000000000000000000, -1.000000000000000000 ) ) ;
#2813 = AXIS2_PLACEMENT_3D ( 'NONE', #2426, #1820, #2718 ) ;
#2814 = CARTESIAN_POINT ( 'NONE',  ( 52.00000000000000711, 41.99999999999996447, 1.158639454543360914E-30 ) ) ;
#2815 = VECTOR ( 'NONE', #2010, 1000.000000000000000 ) ;
#2816 = CARTESIAN_POINT ( 'NONE',  ( 46.96436449492590981, 36.18338929410159466, 23.77732058882826038 ) ) ;
#2817 = EDGE_LOOP ( 'NONE', ( #1890, #2263, #2628, #369, #2568 ) ) ;
#2818 = ADVANCED_FACE ( 'NONE', ( #798 ), #1748, .T. ) ;
#2819 = FACE_OUTER_BOUND ( 'NONE', #1900, .T. ) ;
#2820 = CARTESIAN_POINT ( 'NONE',  ( 46.28812628083608871, 23.31668833770861582, 19.71123017837855684 ) ) ;
#2821 = CIRCLE ( 'NONE', #1485, 12.49999999999999645 ) ;
#2822 = EDGE_LOOP ( 'NONE', ( #1581, #175 ) ) ;
#2823 = DIRECTION ( 'NONE',  ( 1.000000000000000000, -3.304235192336776991E-16, 0.000000000000000000 ) ) ;
#2824 = CARTESIAN_POINT ( 'NONE',  ( 20.73957307132238270, 14.49000389255160393, 5.000000000000000000 ) ) ;
#2825 = DIRECTION ( 'NONE',  ( 0.000000000000000000, 0.000000000000000000, -1.000000000000000000 ) ) ;
#2826 = CIRCLE ( 'NONE', #2505, 1.999999999999994893 ) ;
#2827 = CIRCLE ( 'NONE', #1868, 22.49999999999999645 ) ;
#2828 = CARTESIAN_POINT ( 'NONE',  ( -23.00000000000000711, 29.99999999999959144, 15.00000000000027356 ) ) ;
#2829 = CARTESIAN_POINT ( 'NONE',  ( 44.98035598501800081, 37.96192502009829184, 16.23432997030571912 ) ) ;
#2830 = ORIENTED_EDGE ( 'NONE', *, *, #2499, .F. ) ;
#2831 = DIRECTION ( 'NONE',  ( 0.000000000000000000, 0.000000000000000000, 1.000000000000000000 ) ) ;
#2832 = CARTESIAN_POINT ( 'NONE',  ( 45.36687678127650258, 20.45162542407619810, 17.08279415623016817 ) ) ;
#2833 = ORIENTED_EDGE ( 'NONE', *, *, #1915, .T. ) ;
#2834 = CARTESIAN_POINT ( 'NONE',  ( 51.99999999999999289, -1.718202300015123818E-14, 37.22636645523086685 ) ) ;
#2835 = FACE_BOUND ( 'NONE', #1567, .T. ) ;
#2836 = ADVANCED_FACE ( 'NONE', ( #583 ), #2397, .F. ) ;
#2837 = EDGE_CURVE ( 'NONE', #1688, #700, #611, .T. ) ;
#2838 = CARTESIAN_POINT ( 'NONE',  ( 43.94319693246967518, -20.00000000000052225, 14.34647792968258706 ) ) ;
#2839 = EDGE_CURVE ( 'NONE', #2015, #456, #1065, .T. ) ;
ENDSEC;
END-ISO-10303-21;
